take,actor,sex,interior,note,armour,t0,dur,n_rows,limb,site,side,cover,mass,limb_radius,v_first,v_peak,n_first,frame,tan_first,tan_peak,phase,body_speed,ang,layer,material,material_source,self_hit,cross_actor,hit_limb,nz,manifold_first,v_ms,ke,p
Lennald_the_Brash_Whiterun_Guard_impacts_log_1,Lennald_the_Brash_Whiterun_Guard,male,True,requested-capture two-actors (7/13): shoved into a second recorded actor - limb on another body,heavy,837.934,197.77400000000011,1,NPC R Foot [Rft ],foot,R,heavy,3.09,10.311,8.651,8.651,8.651,-1,52.214,52.214,ragdoll,69.738,12.005,Static,Wood,shape,False,False,,1.0,1.0,0.1236033719102729,0.023604191031025377,0.38193441920274324
Lennald_the_Brash_Whiterun_Guard_impacts_log_1,Lennald_the_Brash_Whiterun_Guard,male,True,requested-capture two-actors (7/13): shoved into a second recorded actor - limb on another body,heavy,837.936,419.78100000000006,2,NPC R Forearm [RLar],arm,R,heavy,6.18,12.007,16.766,16.766,16.766,-1,15.606,15.606,ragdoll,71.771,1.408,DeadBip,Skin,shape,True,False,NPC Spine [Spn0],0.1367,1.0,0.23954850692956137,0.17731497536204271,1.4804097728246892
Lennald_the_Brash_Whiterun_Guard_impacts_log_1,Lennald_the_Brash_Whiterun_Guard,male,True,requested-capture two-actors (7/13): shoved into a second recorded actor - limb on another body,heavy,837.937,477.67500000000007,2,NPC R Forearm [RLar],arm,R,heavy,6.18,12.007,15.453,15.453,15.453,-1,11.552,11.552,ragdoll,71.771,1.408,DeadBip,Skin,shape,True,False,NPC Spine1 [Spn1],-0.177,1.0,0.22078868409772825,0.1506302169491239,1.3644740677239606
Lennald_the_Brash_Whiterun_Guard_impacts_log_1,Lennald_the_Brash_Whiterun_Guard,male,True,requested-capture two-actors (7/13): shoved into a second recorded actor - limb on another body,heavy,1196.468,40.82600000000002,2,NPC R Hand [RHnd],hand,R,heavy,4.12,8.584,35.091,35.091,35.091,-1,118.594,118.594,ragdoll,82.473,4.842,DeadBip,-,-,True,False,NPC COM [COM ],-0.0202,1.0,0.5013716245177883,0.5178294220955085,2.0656510930132876
Lennald_the_Brash_Whiterun_Guard_impacts_log_1,Lennald_the_Brash_Whiterun_Guard,male,True,requested-capture two-actors (7/13): shoved into a second recorded actor - limb on another body,heavy,1094.94,200.99800000000005,2,NPC L Forearm [LLar],arm,L,heavy,2.06,12.007,14.863,14.863,14.863,-1,25.442,25.442,ragdoll,141.65,2.555,DeadBip,-,-,True,False,NPC COM [COM ],0.4499,1.0,0.21235890841548793,0.04644919516292012,0.43745935133590513
Lennald_the_Brash_Whiterun_Guard_impacts_log_1,Lennald_the_Brash_Whiterun_Guard,male,True,requested-capture two-actors (7/13): shoved into a second recorded actor - limb on another body,heavy,1036.066,374.635,2,NPC L Hand [LHnd],hand,L,heavy,4.12,8.584,17.529,17.529,17.529,-1,28.728,28.728,ragdoll,137.503,2.756,DeadBip,-,-,True,False,NPC COM [COM ],0.197,1.0,0.2504500642948993,0.12921398349295754,1.031854264894985
Lennald_the_Brash_Whiterun_Guard_impacts_log_1,Lennald_the_Brash_Whiterun_Guard,male,True,requested-capture two-actors (7/13): shoved into a second recorded actor - limb on another body,heavy,858.049,118.64499999999998,1,NPC R Calf [RClf],leg,R,heavy,6.18,20.265,50.105,50.105,50.105,-1,122.806,122.806,ragdoll,106.64,2.185,Static,Carpet,shape,False,False,,1.0,1.0,0.7158879839977139,1.5836114214038413,4.424187741105872
Lennald_the_Brash_Whiterun_Guard_impacts_log_1,Lennald_the_Brash_Whiterun_Guard,male,True,requested-capture two-actors (7/13): shoved into a second recorded actor - limb on another body,heavy,858.494,1714.1979999999999,1,NPC L Foot [Lft ],foot,L,heavy,3.09,10.311,58.7,58.7,58.7,-1,50.328,50.328,ragdoll,51.456,8.619,Static,Wood,shape,False,False,,1.0,1.0,0.8386912416059438,1.0867576330633726,2.591555936562366
Lennald_the_Brash_Whiterun_Guard_impacts_log_1,Lennald_the_Brash_Whiterun_Guard,male,True,requested-capture two-actors (7/13): shoved into a second recorded actor - limb on another body,heavy,878.347,79.053,1,NPC R Calf [RClf],leg,R,heavy,6.18,20.265,73.578,73.578,73.578,-1,76.676,76.676,ragdoll,95.308,2.82,Static,Wood,shape,False,False,,1.0,1.0,1.051264466352336,3.414935062684541,6.496814402057437
Lennald_the_Brash_Whiterun_Guard_impacts_log_1,Lennald_the_Brash_Whiterun_Guard,male,True,requested-capture two-actors (7/13): shoved into a second recorded actor - limb on another body,heavy,878.684,98.00800000000004,1,NPC L Calf [LClf],leg,L,heavy,6.18,20.265,19.863,19.863,19.863,-1,132.135,132.135,ragdoll,57.444,4.841,Static,Carpet,shape,False,False,,1.0,1.0,0.28379768538362626,0.24887208004793046,1.7538696956708102
Lennald_the_Brash_Whiterun_Guard_impacts_log_1,Lennald_the_Brash_Whiterun_Guard,male,True,requested-capture two-actors (7/13): shoved into a second recorded actor - limb on another body,heavy,878.688,176.75599999999997,2,NPC R Forearm [RLar],arm,R,heavy,6.18,12.007,5.538,5.538,5.538,-1,51.5,51.5,ragdoll,90.162,2.813,DeadBip,-,-,True,False,NPC COM [COM ],0.2134,1.0,0.07912558936991,0.019346053979789047,0.48899614230604377
Lennald_the_Brash_Whiterun_Guard_impacts_log_1,Lennald_the_Brash_Whiterun_Guard,male,True,requested-capture two-actors (7/13): shoved into a second recorded actor - limb on another body,heavy,1196.134,41.15899999999988,2,NPC R Forearm [RLar],arm,R,heavy,6.18,12.007,13.248,13.248,13.248,-1,94.819,94.819,ragdoll,78.035,2.288,DeadBip,-,-,True,False,NPC COM [COM ],0.2766,1.0,0.18928418345477926,0.11071007150798041,1.1697762537505358
Lennald_the_Brash_Whiterun_Guard_impacts_log_1,Lennald_the_Brash_Whiterun_Guard,male,True,requested-capture two-actors (7/13): shoved into a second recorded actor - limb on another body,heavy,878.689,475.21400000000006,2,NPC R Forearm [RLar],arm,R,heavy,6.18,12.007,24.819,24.819,24.819,-1,52.217,52.217,ragdoll,90.162,2.813,DeadBip,Skin,shape,True,False,NPC R Thigh [RThg],0.437,1.0,0.35460780111444495,0.38855728016867525,2.1914762108872696
Lennald_the_Brash_Whiterun_Guard_impacts_log_1,Lennald_the_Brash_Whiterun_Guard,male,True,requested-capture two-actors (7/13): shoved into a second recorded actor - limb on another body,heavy,996.024,452.55499999999995,2,NPC L Hand [LHnd],hand,L,heavy,4.12,8.584,10.218,10.218,10.218,-1,18.743,18.743,ragdoll,110.595,2.585,DeadBip,Skin,shape,True,False,NPC Spine [Spn0],-0.1793,1.0,0.14599228461208746,0.043906319162488903,0.6014882126018004
Lennald_the_Brash_Whiterun_Guard_impacts_log_1,Lennald_the_Brash_Whiterun_Guard,male,True,requested-capture two-actors (7/13): shoved into a second recorded actor - limb on another body,heavy,1094.613,101.856,2,NPC L Forearm [LLar],arm,L,heavy,2.06,12.007,19.08,19.08,19.08,-1,51.757,51.757,ragdoll,149.102,1.493,DeadBip,Skin,shape,True,False,NPC L Thigh [LThg],0.63,1.0,0.2726103729104158,0.07654590788090664,0.5615773681954566
Lennald_the_Brash_Whiterun_Guard_impacts_log_1,Lennald_the_Brash_Whiterun_Guard,male,True,requested-capture two-actors (7/13): shoved into a second recorded actor - limb on another body,heavy,1237.296,59.00199999999995,2,NPC L Forearm [LLar],arm,L,heavy,2.06,12.007,15.065,15.065,15.065,-1,113.783,113.783,ragdoll,166.03,2.501,DeadBip,Skin,shape,True,False,NPC L Thigh [LThg],0.5601,1.0,0.21524503500500072,0.04772033784713311,0.4434047721103015
Lennald_the_Brash_Whiterun_Guard_impacts_log_1,Lennald_the_Brash_Whiterun_Guard,male,True,requested-capture two-actors (7/13): shoved into a second recorded actor - limb on another body,heavy,1175.991,101.13699999999994,2,NPC L Hand [LHnd],hand,L,heavy,4.12,8.584,10.73,10.73,10.73,-1,65.41,65.41,ragdoll,169.507,4.781,DeadBip,Skin,shape,True,False,NPC Spine1 [Spn1],-0.6476,1.0,0.15330761537362483,0.04841664335898742,0.6316273753393343
Lennald_the_Brash_Whiterun_Guard_impacts_log_1,Lennald_the_Brash_Whiterun_Guard,male,True,requested-capture two-actors (7/13): shoved into a second recorded actor - limb on another body,heavy,1353.494,37.90499999999997,2,NPC L Hand [LHnd],hand,L,heavy,4.12,8.584,83.194,83.194,83.194,-1,182.354,182.354,ragdoll,82.52,12.458,DeadBip,Skin,shape,True,False,NPC Spine1 [Spn1],-0.8792,1.0,1.1886555222174597,2.910578018026008,4.897260751535934
Lennald_the_Brash_Whiterun_Guard_impacts_log_1,Lennald_the_Brash_Whiterun_Guard,male,True,requested-capture two-actors (7/13): shoved into a second recorded actor - limb on another body,heavy,1176.324,139.289,2,NPC R Forearm [RLar],arm,R,heavy,6.18,12.007,45.913,45.913,45.913,-1,38.457,38.457,ragdoll,76.677,1.145,DeadBip,Skin,shape,True,False,NPC Spine2 [Spn2],-0.5712,1.0,0.6559937133876268,1.3297127536926314,4.054041148735533
Lennald_the_Brash_Whiterun_Guard_impacts_log_1,Lennald_the_Brash_Whiterun_Guard,male,True,requested-capture two-actors (7/13): shoved into a second recorded actor - limb on another body,heavy,1216.842,311.2099999999998,1,NPC L Thigh [LThg],leg,L,heavy,6.18,21.102,123.709,123.709,123.709,-1,189.984,189.984,ragdoll,144.517,5.784,Static,Carpet,shape,False,False,,1.0,1.0,1.7675239319902845,9.653595226989443,10.923297899699957
Lennald_the_Brash_Whiterun_Guard_impacts_log_1,Lennald_the_Brash_Whiterun_Guard,male,True,requested-capture two-actors (7/13): shoved into a second recorded actor - limb on another body,heavy,1237.29,475.43600000000015,1,NPC R Thigh [RThg],leg,R,heavy,6.18,21.101,71.5,71.5,71.5,-1,219.365,219.365,ragdoll,155.558,6.87,Static,Carpet,shape,False,False,,1.0,1.0,1.0215745106443779,3.224768745666747,6.313330475782255
Lennald_the_Brash_Whiterun_Guard_impacts_log_1,Lennald_the_Brash_Whiterun_Guard,male,True,requested-capture two-actors (7/13): shoved into a second recorded actor - limb on another body,heavy,1276.765,514.8399999999999,4,NPC R Hand [RHnd],hand,R,heavy,4.12,8.584,68.426,68.426,68.426,-1,72.387,72.391,ragdoll,128.163,6.924,DeadBip,Skin,shape,True,False,NPC R Calf [RClf],0.9198,1.0,0.9776539505643664,1.9689629289314723,4.0279342763251895
Lennald_the_Brash_Whiterun_Guard_impacts_log_1,Lennald_the_Brash_Whiterun_Guard,male,True,requested-capture two-actors (7/13): shoved into a second recorded actor - limb on another body,heavy,1848.045,259.2289999999998,2,NPC R Hand [RHnd],hand,R,heavy,4.12,8.584,22.175,22.175,22.175,-1,84.156,84.156,ragdoll,73.047,3.885,DeadBip,Skin,shape,True,False,NPC R Calf [RClf],0.7963,1.0,0.3168309758536934,0.20678664655643153,1.3053436205172169
Lennald_the_Brash_Whiterun_Guard_impacts_log_1,Lennald_the_Brash_Whiterun_Guard,male,True,requested-capture two-actors (7/13): shoved into a second recorded actor - limb on another body,heavy,1295.936,232.11400000000003,1,NPC R Thigh [RThg],leg,R,heavy,6.18,21.101,21.612,21.612,21.612,-1,92.627,92.627,ragdoll,51.185,3.671,Static,Wood,shape,False,False,,1.0,1.0,0.308786969567081,0.29462962305496215,1.9083034719245606
Lennald_the_Brash_Whiterun_Guard_impacts_log_1,Lennald_the_Brash_Whiterun_Guard,male,True,requested-capture two-actors (7/13): shoved into a second recorded actor - limb on another body,heavy,1410.28,157.81600000000003,1,NPC L Hand [LHnd],hand,L,heavy,4.12,8.584,24.619,24.619,24.619,-1,39.587,39.587,ragdoll,64.149,6.455,Static,Wood,shape,False,False,,1.0,1.0,0.3517502500357194,0.2548801711043937,1.4492110301471641
Lennald_the_Brash_Whiterun_Guard_impacts_log_1,Lennald_the_Brash_Whiterun_Guard,male,True,requested-capture two-actors (7/13): shoved into a second recorded actor - limb on another body,heavy,1732.9,431.9870000000001,1,NPC Head [Head],head,-,heavy,4.12,15.561,151.805,151.805,151.805,-1,14.81,14.81,ragdoll,153.846,2.921,Static,Carpet,shape,False,False,,1.0,1.0,2.1689527075296473,9.690973045850388,8.936085155022147
Lennald_the_Brash_Whiterun_Guard_impacts_log_1,Lennald_the_Brash_Whiterun_Guard,male,True,requested-capture two-actors (7/13): shoved into a second recorded actor - limb on another body,heavy,1828.845,569.0350000000001,2,NPC R Foot [Rft ],foot,R,heavy,3.09,10.311,81.207,81.207,81.207,-1,78.805,78.805,ragdoll,33.185,2.091,DeadBip,Skin,shape,True,False,NPC R Hand [RHnd],-0.9915,1.0,1.1602657522503215,2.0799046714805316,3.585221174453493
Lennald_the_Brash_Whiterun_Guard_impacts_log_2,Lennald_the_Brash_Whiterun_Guard,male,True,"requested-capture stack-both (8/13): dropped onto a second actor, both ragdolled - limp on limp",heavy,851.235,328.20500000000004,6,NPC R Thigh [RThg],leg,R,heavy,6.18,21.101,382.682,382.682,382.682,-1,1350.05,1478.454,ragdoll,2217.636,97.186,DeadBip,Skin,shape,True,False,NPC L Thigh [LThg],0.5692,1.0,5.467666809544221,92.37672525119167,33.790180882983286
Lennald_the_Brash_Whiterun_Guard_impacts_log_2,Lennald_the_Brash_Whiterun_Guard,male,True,"requested-capture stack-both (8/13): dropped onto a second actor, both ragdolled - limp on limp",heavy,851.236,0.45299999999997453,2,NPC R Thigh [RThg],leg,R,heavy,6.18,21.101,397.944,397.944,397.944,-1,1719.654,1719.654,ragdoll,2217.636,97.186,DeadBip,Skin,shape,True,False,NPC L Calf [LClf],0.8121,1.0,5.685726532361767,99.89193236047991,35.137789969995715
Lennald_the_Brash_Whiterun_Guard_impacts_log_2,Lennald_the_Brash_Whiterun_Guard,male,True,"requested-capture stack-both (8/13): dropped onto a second actor, both ragdolled - limp on limp",heavy,1306.119,21.569000000000187,2,NPC R Thigh [RThg],leg,R,heavy,6.18,21.101,124.814,124.814,124.814,-1,244.806,244.806,ragdoll,475.682,33.75,DeadBip,Skin,shape,True,False,NPC L Calf [LClf],0.3727,1.0,1.783311901700243,9.826822136724328,11.020867552507502
Lennald_the_Brash_Whiterun_Guard_impacts_log_2,Lennald_the_Brash_Whiterun_Guard,male,True,"requested-capture stack-both (8/13): dropped onto a second actor, both ragdolled - limp on limp",heavy,3065.675,181.98199999999997,2,NPC R Thigh [RThg],leg,R,heavy,6.18,21.101,97.7,97.7,97.7,-1,55.436,55.436,ragdoll,70.127,4.015,DeadBip,Skin,shape,True,False,NPC L Calf [LClf],0.4284,1.0,1.3959137019574226,6.021096945635551,8.626746678096872
Lennald_the_Brash_Whiterun_Guard_impacts_log_2,Lennald_the_Brash_Whiterun_Guard,male,True,"requested-capture stack-both (8/13): dropped onto a second actor, both ragdolled - limp on limp",heavy,1242.097,105.86300000000006,2,NPC R Calf [RClf],leg,R,heavy,6.18,20.265,658.146,658.146,658.146,-1,1402.607,1402.607,ragdoll,143.873,87.927,DeadBip,Skin,shape,True,False,NPC L Thigh [LThg],0.4475,1.0,9.40342906129447,273.231637362364,58.11319159879983
Lennald_the_Brash_Whiterun_Guard_impacts_log_2,Lennald_the_Brash_Whiterun_Guard,male,True,"requested-capture stack-both (8/13): dropped onto a second actor, both ragdolled - limp on limp",heavy,3104.651,101.57500000000027,2,NPC R Calf [RClf],leg,R,heavy,6.18,20.265,65.078,65.078,65.078,-1,45.438,45.438,ragdoll,77.996,5.211,DeadBip,Skin,shape,True,False,NPC L Thigh [LThg],0.3551,1.0,0.929818545506501,2.6714982101845792,5.746278611230176
Lennald_the_Brash_Whiterun_Guard_impacts_log_2,Lennald_the_Brash_Whiterun_Guard,male,True,"requested-capture stack-both (8/13): dropped onto a second actor, both ragdolled - limp on limp",heavy,1263.309,0.51299999999992,2,NPC L Calf [LClf],leg,L,heavy,6.18,20.265,638.727,638.727,638.727,-1,973.036,973.036,ragdoll,1290.658,57.214,DeadBip,Skin,shape,True,False,NPC R Calf [RClf],-0.1415,1.0,9.125975139305615,257.3457747315626,56.3985263609087
Lennald_the_Brash_Whiterun_Guard_impacts_log_2,Lennald_the_Brash_Whiterun_Guard,male,True,"requested-capture stack-both (8/13): dropped onto a second actor, both ragdolled - limp on limp",heavy,1284.56,43.12900000000013,2,NPC L Calf [LClf],leg,L,heavy,6.18,20.265,126.904,126.904,126.904,-1,246.56,246.56,ragdoll,1249.86,25.549,DeadBip,Skin,shape,True,False,NPC R Calf [RClf],-0.0435,1.0,1.8131733104729248,10.158676132277058,11.205411058722675
Lennald_the_Brash_Whiterun_Guard_impacts_log_2,Lennald_the_Brash_Whiterun_Guard,male,True,"requested-capture stack-both (8/13): dropped onto a second actor, both ragdolled - limp on limp",heavy,1347.949,21.656999999999925,2,NPC L Calf [LClf],leg,L,heavy,6.18,20.265,129.455,129.455,129.455,-1,490.891,490.891,ragdoll,277.164,9.159,DeadBip,Skin,shape,True,False,NPC R Calf [RClf],0.6317,1.0,1.849621374482069,10.5711966174275,11.430660094299187
Lennald_the_Brash_Whiterun_Guard_impacts_log_2,Lennald_the_Brash_Whiterun_Guard,male,True,"requested-capture stack-both (8/13): dropped onto a second actor, both ragdolled - limp on limp",heavy,1447.06,36.86200000000008,2,NPC L Calf [LClf],leg,L,heavy,6.18,20.265,95.147,95.147,95.147,-1,224.576,224.576,ragdoll,435.567,13.214,DeadBip,Skin,shape,True,False,NPC R Calf [RClf],0.7488,1.0,1.3594370624374912,5.710533601591607,8.401321045863694
Lennald_the_Brash_Whiterun_Guard_impacts_log_2,Lennald_the_Brash_Whiterun_Guard,male,True,"requested-capture stack-both (8/13): dropped onto a second actor, both ragdolled - limp on limp",heavy,3105.007,80.53200000000015,2,NPC L Calf [LClf],leg,L,heavy,6.18,20.265,10.054,10.054,10.054,-1,10.882,10.882,ragdoll,40.548,0.618,DeadBip,Skin,shape,True,False,NPC R Calf [RClf],-0.3038,1.0,0.1436490927275325,0.06376234109005958,0.8877513930561509
Lennald_the_Brash_Whiterun_Guard_impacts_log_2,Lennald_the_Brash_Whiterun_Guard,male,True,"requested-capture stack-both (8/13): dropped onto a second actor, both ragdolled - limp on limp",heavy,1263.315,42.809999999999945,2,NPC L Thigh [LThg],leg,L,heavy,6.18,21.102,234.802,234.802,234.802,-1,925.979,925.979,ragdoll,676.905,21.304,DeadBip,Skin,shape,True,False,NPC R Foot [Rft ],0.4442,1.0,3.354793541934562,34.776836700828056,20.732624089155593
Lennald_the_Brash_Whiterun_Guard_impacts_log_2,Lennald_the_Brash_Whiterun_Guard,male,True,"requested-capture stack-both (8/13): dropped onto a second actor, both ragdolled - limp on limp",heavy,3308.66,98.43499999999995,2,NPC R Forearm [RLar],arm,R,heavy,6.18,12.007,9.182,9.182,9.182,-1,75.001,75.001,ragdoll,35.99,3.17,DeadBip,Skin,shape,True,False,NPC Spine1 [Spn1],-0.3918,1.0,0.1311901700242892,0.05318155959699589,0.8107552507501072
Lennald_the_Brash_Whiterun_Guard_impacts_log_2,Lennald_the_Brash_Whiterun_Guard,male,True,"requested-capture stack-both (8/13): dropped onto a second actor, both ragdolled - limp on limp",heavy,1284.135,21.990999999999985,2,NPC R Forearm [RLar],arm,R,heavy,6.18,12.007,296.369,296.369,296.369,-1,364.656,364.656,ragdoll,1396.893,41.544,DeadBip,Skin,shape,True,False,NPC Spine2 [Spn2],0.0846,1.0,4.234447778254037,55.40539327909009,26.168887269609947
Lennald_the_Brash_Whiterun_Guard_impacts_log_2,Lennald_the_Brash_Whiterun_Guard,male,True,"requested-capture stack-both (8/13): dropped onto a second actor, both ragdolled - limp on limp",heavy,3025.227,19.83600000000024,2,NPC Spine1 [Spn1],torso,-,heavy,4.12,19.445,57.215,57.215,57.215,-1,126.79,126.79,ragdoll,55.52,3.208,DeadBip,Skin,shape,True,False,NPC R Hand [RHnd],0.2145,1.0,0.8174739248464067,1.3766230526758043,3.367992570367196
Lennald_the_Brash_Whiterun_Guard_impacts_log_2,Lennald_the_Brash_Whiterun_Guard,male,True,"requested-capture stack-both (8/13): dropped onto a second actor, both ragdolled - limp on limp",heavy,851.245,0.4500000000000455,2,NPC L Forearm [LLar],arm,L,heavy,2.06,12.007,468.678,468.678,468.678,-1,1060.943,1060.943,ragdoll,3480.735,70.4,DeadBip,-,-,True,False,NPC COM [COM ],-0.1077,1.0,6.696356622374625,46.186427774441114,13.79449464209173
Lennald_the_Brash_Whiterun_Guard_impacts_log_2,Lennald_the_Brash_Whiterun_Guard,male,True,"requested-capture stack-both (8/13): dropped onto a second actor, both ragdolled - limp on limp",heavy,1118.335,103.49399999999991,2,NPC L Forearm [LLar],arm,L,heavy,2.06,12.007,269.475,269.475,269.475,-1,523.104,523.104,ragdoll,2315.97,10.33,DeadBip,-,-,True,False,NPC COM [COM ],-0.7242,1.0,3.8501928846978144,15.26870480685901,7.9313973424774975
Lennald_the_Brash_Whiterun_Guard_impacts_log_2,Lennald_the_Brash_Whiterun_Guard,male,True,"requested-capture stack-both (8/13): dropped onto a second actor, both ragdolled - limp on limp",heavy,1537.555,18.398999999999887,2,NPC COM [COM ],torso,-,heavy,51.5,18.217,138.819,138.819,138.819,-1,195.92,195.92,ragdoll,502.947,2.502,DeadBip,Skin,shape,True,False,NPC L Forearm [LLar],0.3759,1.0,1.9834119159879984,101.29851283344196,102.14571367338192
Lennald_the_Brash_Whiterun_Guard_impacts_log_2,Lennald_the_Brash_Whiterun_Guard,male,True,"requested-capture stack-both (8/13): dropped onto a second actor, both ragdolled - limp on limp",heavy,2927.579,479.51800000000003,2,NPC COM [COM ],torso,-,heavy,51.5,18.217,41.468,41.468,41.468,-1,13.079,13.079,ragdoll,82.082,1.173,DeadBip,Skin,shape,True,False,NPC L Forearm [LLar],0.942,1.0,0.5924846406629519,9.03922977260381,30.512958994142025
Lennald_the_Brash_Whiterun_Guard_impacts_log_2,Lennald_the_Brash_Whiterun_Guard,male,True,"requested-capture stack-both (8/13): dropped onto a second actor, both ragdolled - limp on limp",heavy,851.246,0.4490000000000691,2,NPC L Forearm [LLar],arm,L,heavy,2.06,12.007,514.952,514.952,514.952,-1,1451.637,1451.637,ragdoll,3480.735,70.4,DeadBip,Skin,shape,True,False,NPC L Thigh [LThg],0.0318,1.0,7.357508215459352,55.75691495476841,15.156466923846265
Lennald_the_Brash_Whiterun_Guard_impacts_log_2,Lennald_the_Brash_Whiterun_Guard,male,True,"requested-capture stack-both (8/13): dropped onto a second actor, both ragdolled - limp on limp",heavy,871.358,20.512000000000057,2,NPC L Forearm [LLar],arm,L,heavy,2.06,12.007,1261.938,1261.938,1261.938,-1,1474.48,1474.48,ragdoll,2836.338,58.428,DeadBip,Skin,shape,True,False,NPC L Thigh [LThg],0.7255,1.0,18.030261465923708,334.84303838546055,37.14233861980284
Lennald_the_Brash_Whiterun_Guard_impacts_log_2,Lennald_the_Brash_Whiterun_Guard,male,True,"requested-capture stack-both (8/13): dropped onto a second actor, both ragdolled - limp on limp",heavy,1179.45,20.326999999999998,2,NPC L Forearm [LLar],arm,L,heavy,2.06,12.007,91.668,91.668,91.668,-1,1226.138,1226.138,ragdoll,2278.467,60.605,DeadBip,Skin,shape,True,False,NPC L Thigh [LThg],0.9984,1.0,1.3097299614230606,1.7668543490047295,2.698043720531505
Lennald_the_Brash_Whiterun_Guard_impacts_log_2,Lennald_the_Brash_Whiterun_Guard,male,True,"requested-capture stack-both (8/13): dropped onto a second actor, both ragdolled - limp on limp",heavy,1200.414,21.41599999999994,2,NPC L Forearm [LLar],arm,L,heavy,2.06,12.007,1294.051,1294.051,1294.051,-1,1686.351,1686.351,ragdoll,904.195,175.387,DeadBip,Skin,shape,True,False,NPC L Thigh [LThg],0.7649,1.0,18.48908415487927,352.1016198727939,38.08751335905129
Lennald_the_Brash_Whiterun_Guard_impacts_log_2,Lennald_the_Brash_Whiterun_Guard,male,True,"requested-capture stack-both (8/13): dropped onto a second actor, both ragdolled - limp on limp",heavy,1222.331,19.7650000000001,2,NPC L Forearm [LLar],arm,L,heavy,2.06,12.007,568.054,568.054,568.054,-1,1480.792,1480.792,ragdoll,1526.681,83.303,DeadBip,Skin,shape,True,False,NPC L Thigh [LThg],0.8219,1.0,8.116216602371768,67.84916109471358,16.719406200885842
Lennald_the_Brash_Whiterun_Guard_impacts_log_2,Lennald_the_Brash_Whiterun_Guard,male,True,"requested-capture stack-both (8/13): dropped onto a second actor, both ragdolled - limp on limp",heavy,1537.552,37.348000000000184,2,NPC L Thigh [LThg],leg,L,heavy,6.18,21.102,178.351,178.351,178.351,-1,112.945,112.945,ragdoll,435.25,7.903,DeadBip,Skin,shape,True,False,NPC L Forearm [LLar],0.3139,1.0,2.548235462208887,20.06492726995413,15.748095156450923
Lennald_the_Brash_Whiterun_Guard_impacts_log_2,Lennald_the_Brash_Whiterun_Guard,male,True,"requested-capture stack-both (8/13): dropped onto a second actor, both ragdolled - limp on limp",heavy,2907.852,461.21900000000005,2,NPC L Thigh [LThg],leg,L,heavy,6.18,21.102,46.257,46.257,46.257,-1,19.854,19.854,ragdoll,76.813,1.431,DeadBip,Skin,shape,True,False,NPC L Forearm [LLar],0.9553,1.0,0.6609087012430347,1.3497129621603525,4.084415773681954
Lennald_the_Brash_Whiterun_Guard_impacts_log_2,Lennald_the_Brash_Whiterun_Guard,male,True,"requested-capture stack-both (8/13): dropped onto a second actor, both ragdolled - limp on limp",heavy,851.248,0.4479999999999791,2,NPC L Hand [LHnd],hand,L,heavy,4.12,8.584,412.601,412.601,412.601,-1,928.559,928.559,ragdoll,3190.362,87.253,DeadBip,-,-,True,False,NPC COM [COM ],-0.4477,1.0,5.895142163166167,71.59056431531532,24.28798571224461
Lennald_the_Brash_Whiterun_Guard_impacts_log_2,Lennald_the_Brash_Whiterun_Guard,male,True,"requested-capture stack-both (8/13): dropped onto a second actor, both ragdolled - limp on limp",heavy,1537.928,56.15299999999979,2,NPC L Hand [LHnd],hand,L,heavy,4.12,8.584,211.36,211.36,211.36,-1,153.655,153.655,ragdoll,605.022,29.697,DeadBip,-,-,True,False,NPC COM [COM ],-0.892,1.0,3.019859979997143,18.78628185550399,12.441823117588228
Lennald_the_Brash_Whiterun_Guard_impacts_log_2,Lennald_the_Brash_Whiterun_Guard,male,True,"requested-capture stack-both (8/13): dropped onto a second actor, both ragdolled - limp on limp",heavy,2966.351,459.8689999999997,2,NPC COM [COM ],torso,-,heavy,51.5,18.217,49.356,49.356,49.356,-1,11.52,11.52,ragdoll,82.198,1.032,DeadBip,Skin,shape,True,False,NPC L Hand [LHnd],0.9116,1.0,0.7051864552078869,12.805164367673127,36.317102443206174
Lennald_the_Brash_Whiterun_Guard_impacts_log_2,Lennald_the_Brash_Whiterun_Guard,male,True,"requested-capture stack-both (8/13): dropped onto a second actor, both ragdolled - limp on limp",heavy,851.248,0.4479999999999791,2,NPC L Hand [LHnd],hand,L,heavy,4.12,8.584,355.223,355.223,355.223,-1,1149.767,1149.767,ragdoll,3190.362,87.253,DeadBip,Skin,shape,True,False,NPC L Thigh [LThg],-0.2819,1.0,5.075339334190599,53.06368287579549,20.91039805686527
Lennald_the_Brash_Whiterun_Guard_impacts_log_2,Lennald_the_Brash_Whiterun_Guard,male,True,"requested-capture stack-both (8/13): dropped onto a second actor, both ragdolled - limp on limp",heavy,1537.927,95.9670000000001,2,NPC L Hand [LHnd],hand,L,heavy,4.12,8.584,287.298,287.298,287.298,-1,145.145,145.145,ragdoll,605.022,29.697,DeadBip,Skin,shape,True,False,NPC L Thigh [LThg],-0.6954,1.0,4.10484354907844,34.710465558566426,16.911955422203174
Lennald_the_Brash_Whiterun_Guard_impacts_log_2,Lennald_the_Brash_Whiterun_Guard,male,True,"requested-capture stack-both (8/13): dropped onto a second actor, both ragdolled - limp on limp",heavy,2927.13,499.44000000000005,2,NPC L Hand [LHnd],hand,L,heavy,4.12,8.584,28.026,28.026,28.026,-1,17.758,17.758,ragdoll,60.508,5.84,DeadBip,Skin,shape,True,False,NPC L Thigh [LThg],-0.9918,1.0,0.40042863266180884,0.3303067651021361,1.6497659665666524
Lennald_the_Brash_Whiterun_Guard_impacts_log_2,Lennald_the_Brash_Whiterun_Guard,male,True,"requested-capture stack-both (8/13): dropped onto a second actor, both ragdolled - limp on limp",heavy,851.692,19.660999999999945,2,NPC R Forearm [RLar],arm,R,heavy,6.18,12.007,1024.809,1024.809,1024.809,-1,3372.802,3372.802,ragdoll,3785.322,149.72,DeadBip,Skin,shape,True,False,NPC R Thigh [RThg],0.878,1.0,14.64222031718817,662.4793628747711,90.48892156022289
Lennald_the_Brash_Whiterun_Guard_impacts_log_2,Lennald_the_Brash_Whiterun_Guard,male,True,"requested-capture stack-both (8/13): dropped onto a second actor, both ragdolled - limp on limp",heavy,911.782,0.42799999999999727,2,NPC L Hand [LHnd],hand,L,heavy,4.12,8.584,1378.729,1378.729,1378.729,-1,672.148,672.148,ragdoll,3470.333,37.291,DeadBip,Skin,shape,True,False,NPC L Foot [Lft ],0.1343,1.0,19.698942706100873,799.3795881007843,81.1596439491356
Lennald_the_Brash_Whiterun_Guard_impacts_log_2,Lennald_the_Brash_Whiterun_Guard,male,True,"requested-capture stack-both (8/13): dropped onto a second actor, both ragdolled - limp on limp",heavy,911.785,0.42799999999999727,2,NPC L Hand [LHnd],hand,L,heavy,4.12,8.584,541.413,541.413,541.413,-1,1618.912,1618.912,ragdoll,3470.333,37.291,DeadBip,Skin,shape,True,False,NPC L Calf [LClf],-0.4429,1.0,7.735576510930134,123.2686365502953,31.87057522503215
Lennald_the_Brash_Whiterun_Guard_impacts_log_2,Lennald_the_Brash_Whiterun_Guard,male,True,"requested-capture stack-both (8/13): dropped onto a second actor, both ragdolled - limp on limp",heavy,912.216,19.458999999999946,2,NPC L Forearm [LLar],arm,L,heavy,2.06,12.007,512.717,512.717,512.717,-1,1241.381,1241.381,ragdoll,3086.92,16.057,DeadBip,Skin,shape,True,False,NPC Spine2 [Spn2],0.1362,1.0,7.325575082154594,55.273971792812816,15.090684669238463
Lennald_the_Brash_Whiterun_Guard_impacts_log_2,Lennald_the_Brash_Whiterun_Guard,male,True,"requested-capture stack-both (8/13): dropped onto a second actor, both ragdolled - limp on limp",heavy,932.012,19.246000000000095,2,NPC L Forearm [LLar],arm,L,heavy,2.06,12.007,259.399,259.399,259.399,-1,147.595,147.595,ragdoll,2592.875,35.255,DeadBip,Skin,shape,True,False,NPC Spine2 [Spn2],-0.0861,1.0,3.706229461351622,14.148220924796455,7.634832690384341
Lennald_the_Brash_Whiterun_Guard_impacts_log_2,Lennald_the_Brash_Whiterun_Guard,male,True,"requested-capture stack-both (8/13): dropped onto a second actor, both ragdolled - limp on limp",heavy,951.586,187.18499999999995,2,NPC L Forearm [LLar],arm,L,heavy,2.06,12.007,231.438,231.438,231.438,-1,76.632,76.632,ragdoll,2403.238,50.371,DeadBip,Skin,shape,True,False,NPC Spine2 [Spn2],-0.4553,1.0,3.3067295327903987,11.262494009119056,6.8118628375482215
Lennald_the_Brash_Whiterun_Guard_impacts_log_2,Lennald_the_Brash_Whiterun_Guard,male,True,"requested-capture stack-both (8/13): dropped onto a second actor, both ragdolled - limp on limp",heavy,1179.447,20.322000000000116,2,NPC L Forearm [LLar],arm,L,heavy,2.06,12.007,111.389,111.389,111.389,-1,471.535,471.535,ragdoll,2278.467,60.605,DeadBip,Skin,shape,True,False,NPC Spine2 [Spn2],0.9855,1.0,1.5914987855407916,2.6088544359091492,3.2784874982140306
Lennald_the_Brash_Whiterun_Guard_impacts_log_2,Lennald_the_Brash_Whiterun_Guard,male,True,"requested-capture stack-both (8/13): dropped onto a second actor, both ragdolled - limp on limp",heavy,968.706,36.52800000000002,2,NPC L Forearm [LLar],arm,L,heavy,2.06,12.007,594.656,594.656,594.656,-1,710.905,710.905,ragdoll,2030.078,49.33,DeadBip,Skin,shape,True,False,NPC R Forearm [RLar],-0.1152,1.0,8.49629947135305,74.35271784812154,17.502376910987284
Lennald_the_Brash_Whiterun_Guard_impacts_log_2,Lennald_the_Brash_Whiterun_Guard,male,True,"requested-capture stack-both (8/13): dropped onto a second actor, both ragdolled - limp on limp",heavy,968.708,36.83699999999999,2,NPC L Forearm [LLar],arm,L,heavy,2.06,12.007,582.04,582.04,582.04,-1,373.107,373.107,ragdoll,2030.078,49.33,DeadBip,Skin,shape,True,False,NPC R UpperArm [RUar],-0.5626,1.0,8.316045149307044,71.23130513307261,17.13105300757251
Lennald_the_Brash_Whiterun_Guard_impacts_log_2,Lennald_the_Brash_Whiterun_Guard,male,True,"requested-capture stack-both (8/13): dropped onto a second actor, both ragdolled - limp on limp",heavy,968.708,18.19900000000007,2,NPC L Hand [LHnd],hand,L,heavy,4.12,8.584,663.58,663.58,663.58,-1,1502.453,1502.453,ragdoll,2280.419,95.51,DeadBip,Skin,shape,True,False,NPC R Hand [RHnd],0.6342,1.0,9.481068724103444,185.17476815141538,39.06200314330619
Lennald_the_Brash_Whiterun_Guard_impacts_log_2,Lennald_the_Brash_Whiterun_Guard,male,True,"requested-capture stack-both (8/13): dropped onto a second actor, both ragdolled - limp on limp",heavy,987.243,18.301999999999907,2,NPC L Hand [LHnd],hand,L,heavy,4.12,8.584,162.197,162.197,162.197,-1,516.914,516.914,ragdoll,1888.08,25.013,DeadBip,Skin,shape,True,False,NPC R Hand [RHnd],0.7868,1.0,2.317431061580226,11.063202653864316,9.54781597371053
Lennald_the_Brash_Whiterun_Guard_impacts_log_2,Lennald_the_Brash_Whiterun_Guard,male,True,"requested-capture stack-both (8/13): dropped onto a second actor, both ragdolled - limp on limp",heavy,968.709,36.8370000000001,2,NPC L Hand [LHnd],hand,L,heavy,4.12,8.584,446.664,446.664,446.664,-1,315.897,315.897,ragdoll,2280.419,95.51,DeadBip,Skin,shape,True,False,NPC R UpperArm [RUar],-0.4225,1.0,6.381825975139306,83.89906772054329,26.293123017573944
Lennald_the_Brash_Whiterun_Guard_impacts_log_2,Lennald_the_Brash_Whiterun_Guard,male,True,"requested-capture stack-both (8/13): dropped onto a second actor, both ragdolled - limp on limp",heavy,968.711,72.68200000000002,2,NPC L Hand [LHnd],hand,L,heavy,4.12,8.584,986.376,986.376,986.376,-1,269.337,269.337,ragdoll,2280.419,95.51,DeadBip,Skin,shape,True,False,NPC R Forearm [RLar],0.2609,1.0,14.093099014144878,409.1478060343322,58.0635679382769
Lennald_the_Brash_Whiterun_Guard_impacts_log_2,Lennald_the_Brash_Whiterun_Guard,male,True,"requested-capture stack-both (8/13): dropped onto a second actor, both ragdolled - limp on limp",heavy,987.245,17.993000000000052,2,NPC L Forearm [LLar],arm,L,heavy,2.06,12.007,136.242,136.242,136.242,-1,277.627,277.627,ragdoll,2073.379,34.86,DeadBip,Skin,shape,True,False,NPC Head [Head],-0.2464,1.0,1.9465923703386199,3.9028985119483424,4.0099802828975575
Lennald_the_Brash_Whiterun_Guard_impacts_log_2,Lennald_the_Brash_Whiterun_Guard,male,True,"requested-capture stack-both (8/13): dropped onto a second actor, both ragdolled - limp on limp",heavy,1060.363,78.07999999999993,4,NPC L Forearm [LLar],arm,L,heavy,2.06,12.007,246.853,246.853,246.853,-1,275.11,299.85,ragdoll,2246.652,37.626,DeadBip,Skin,shape,True,False,NPC Head [Head],-0.1477,1.0,3.5269752821831695,12.81274128036498,7.265569081297329
Lennald_the_Brash_Whiterun_Guard_impacts_log_2,Lennald_the_Brash_Whiterun_Guard,male,True,"requested-capture stack-both (8/13): dropped onto a second actor, both ragdolled - limp on limp",heavy,1023.184,37.174999999999955,1,NPC R Hand [RHnd],hand,R,heavy,4.12,8.584,51.234,51.234,51.234,-1,1420.482,1420.482,ragdoll,1784.002,60.42,Static,Carpet,shape,False,False,,1.0,1.0,0.7320188598371197,1.1038543189839076,3.015917702528933
Lennald_the_Brash_Whiterun_Guard_impacts_log_2,Lennald_the_Brash_Whiterun_Guard,male,True,"requested-capture stack-both (8/13): dropped onto a second actor, both ragdolled - limp on limp",heavy,1059.976,78.46499999999992,2,NPC L Forearm [LLar],arm,L,heavy,2.06,12.007,653.695,653.695,653.695,-1,177.219,177.219,ragdoll,2039.118,20.112,DeadBip,Skin,shape,True,False,NPC R Thigh [RThg],-0.5334,1.0,9.339834262037435,89.84947916359822,19.240058579797118
Lennald_the_Brash_Whiterun_Guard_impacts_log_2,Lennald_the_Brash_Whiterun_Guard,male,True,"requested-capture stack-both (8/13): dropped onto a second actor, both ragdolled - limp on limp",heavy,1138.769,20.589999999999918,2,NPC L Forearm [LLar],arm,L,heavy,2.06,12.007,46.343,46.343,46.343,-1,708.984,708.984,ragdoll,2443.939,29.332,DeadBip,Skin,shape,True,False,NPC R Thigh [RThg],-0.374,1.0,0.6621374482068868,0.45157878032746557,1.3640031433061868
Lennald_the_Brash_Whiterun_Guard_impacts_log_2,Lennald_the_Brash_Whiterun_Guard,male,True,"requested-capture stack-both (8/13): dropped onto a second actor, both ragdolled - limp on limp",heavy,1222.318,19.76299999999992,2,NPC L Forearm [LLar],arm,L,heavy,2.06,12.007,209.338,209.338,209.338,-1,1274.275,1274.275,ragdoll,1526.681,83.303,DeadBip,Skin,shape,True,False,NPC R Thigh [RThg],0.8023,1.0,2.9909701385912273,9.214279441042759,6.161398485497928
Lennald_the_Brash_Whiterun_Guard_impacts_log_2,Lennald_the_Brash_Whiterun_Guard,male,True,"requested-capture stack-both (8/13): dropped onto a second actor, both ragdolled - limp on limp",heavy,1242.578,21.239000000000033,2,NPC L Forearm [LLar],arm,L,heavy,2.06,12.007,529.85,529.85,529.85,-1,790.522,790.522,ragdoll,473.794,70.687,DeadBip,Skin,shape,True,False,NPC R Thigh [RThg],0.5083,1.0,7.570367195313617,59.029773256036975,15.594956422346051
Lennald_the_Brash_Whiterun_Guard_impacts_log_2,Lennald_the_Brash_Whiterun_Guard,male,True,"requested-capture stack-both (8/13): dropped onto a second actor, both ragdolled - limp on limp",heavy,1059.98,0.38400000000001455,2,NPC R Calf [RClf],leg,R,heavy,6.18,20.265,295.875,295.875,295.875,-1,1251.267,1251.267,ragdoll,3132.65,24.457,DeadBip,Skin,shape,True,False,NPC L Hand [LHnd],0.6529,1.0,4.227389627089584,55.22084325300406,26.12526789541363
Lennald_the_Brash_Whiterun_Guard_impacts_log_2,Lennald_the_Brash_Whiterun_Guard,male,True,"requested-capture stack-both (8/13): dropped onto a second actor, both ragdolled - limp on limp",heavy,1222.357,19.769999999999982,2,NPC L Hand [LHnd],hand,L,heavy,4.12,8.584,387.798,387.798,387.798,-1,2228.588,2228.588,ragdoll,1579.318,291.21,DeadBip,Skin,shape,True,False,NPC R Calf [RClf],0.8573,1.0,5.54076296613802,63.242111748668776,22.827943420488644
Lennald_the_Brash_Whiterun_Guard_impacts_log_2,Lennald_the_Brash_Whiterun_Guard,male,True,"requested-capture stack-both (8/13): dropped onto a second actor, both ragdolled - limp on limp",heavy,1060.361,18.8929999999998,2,NPC R Forearm [RLar],arm,R,heavy,6.18,12.007,33.813,33.813,33.813,-1,192.088,192.088,ragdoll,2011.305,18.044,DeadBip,Skin,shape,True,False,NPC Head [Head],-0.8018,1.0,0.4831118731247322,0.7211969832381299,2.985631375910845
Lennald_the_Brash_Whiterun_Guard_impacts_log_2,Lennald_the_Brash_Whiterun_Guard,male,True,"requested-capture stack-both (8/13): dropped onto a second actor, both ragdolled - limp on limp",heavy,1118.333,40.613999999999805,2,NPC R Forearm [RLar],arm,R,heavy,6.18,12.007,159.396,159.396,159.396,-1,376.372,376.372,ragdoll,2173.709,17.017,DeadBip,Skin,shape,True,False,NPC Head [Head],-0.9901,1.0,2.2774110587226746,16.026597492912313,14.074400342906129
Lennald_the_Brash_Whiterun_Guard_impacts_log_2,Lennald_the_Brash_Whiterun_Guard,male,True,"requested-capture stack-both (8/13): dropped onto a second actor, both ragdolled - limp on limp",heavy,1306.122,21.567000000000007,2,NPC R Forearm [RLar],arm,R,heavy,6.18,12.007,141.298,141.298,141.298,-1,165.828,165.828,ragdoll,1390.992,23.026,DeadBip,Skin,shape,True,False,NPC Head [Head],0.1942,1.0,2.0188312616088013,12.593850158203361,12.476377196742392
Lennald_the_Brash_Whiterun_Guard_impacts_log_2,Lennald_the_Brash_Whiterun_Guard,male,True,"requested-capture stack-both (8/13): dropped onto a second actor, both ragdolled - limp on limp",heavy,1347.948,60.748999999999796,2,NPC R Forearm [RLar],arm,R,heavy,6.18,12.007,202.576,202.576,202.576,-1,110.1,110.1,ragdoll,1209.622,41.941,DeadBip,Skin,shape,True,False,NPC Head [Head],0.8037,1.0,2.8943563366195173,25.885852684288317,17.887122160308618
Lennald_the_Brash_Whiterun_Guard_impacts_log_2,Lennald_the_Brash_Whiterun_Guard,male,True,"requested-capture stack-both (8/13): dropped onto a second actor, both ragdolled - limp on limp",heavy,1098.633,20.039999999999964,2,NPC L Hand [LHnd],hand,L,heavy,4.12,8.584,17.479,17.479,17.479,-1,565.198,565.198,ragdoll,2271.906,8.389,DeadBip,Skin,shape,True,False,NPC Head [Head],0.2782,1.0,0.2497356765252179,0.12847789074678703,1.0289109872838977
Lennald_the_Brash_Whiterun_Guard_impacts_log_2,Lennald_the_Brash_Whiterun_Guard,male,True,"requested-capture stack-both (8/13): dropped onto a second actor, both ragdolled - limp on limp",heavy,1305.697,0.41600000000016735,2,NPC Head [Head],head,-,heavy,4.12,15.561,435.518,435.518,435.518,-1,380.812,380.812,ragdoll,1014.108,15.429,DeadBip,Skin,shape,True,False,NPC L Hand [LHnd],-0.2493,1.0,6.2225746535219315,79.76409675642638,25.63700757251036
Lennald_the_Brash_Whiterun_Guard_impacts_log_2,Lennald_the_Brash_Whiterun_Guard,male,True,"requested-capture stack-both (8/13): dropped onto a second actor, both ragdolled - limp on limp",heavy,1118.674,20.097999999999956,2,NPC R Hand [RHnd],hand,R,heavy,4.12,8.584,134.823,134.823,134.823,-1,379.839,379.839,ragdoll,2232.004,24.339,DeadBip,Skin,shape,True,False,NPC Head [Head],-0.8852,1.0,1.9263180454350624,7.644044497067643,7.9364303471924575
Lennald_the_Brash_Whiterun_Guard_impacts_log_2,Lennald_the_Brash_Whiterun_Guard,male,True,"requested-capture stack-both (8/13): dropped onto a second actor, both ragdolled - limp on limp",heavy,1306.124,21.56600000000003,2,NPC R Hand [RHnd],hand,R,heavy,4.12,8.584,105.796,105.796,105.796,-1,73.319,73.319,ragdoll,1227.52,30.39,DeadBip,Skin,shape,True,False,NPC Head [Head],0.2407,1.0,1.5115873696242323,4.706886534575462,6.227739962851837
Lennald_the_Brash_Whiterun_Guard_impacts_log_2,Lennald_the_Brash_Whiterun_Guard,male,True,"requested-capture stack-both (8/13): dropped onto a second actor, both ragdolled - limp on limp",heavy,1159.371,19.67899999999986,1,NPC Spine1 [Spn1],torso,-,heavy,4.12,19.445,1490.706,1490.706,1490.706,-1,1827.476,1827.476,ragdoll,2388.945,16.724,Static,Wood,shape,False,False,,0.0156,1.0,21.298842691813118,934.4998420218382,87.75123189027005
Lennald_the_Brash_Whiterun_Guard_impacts_log_2,Lennald_the_Brash_Whiterun_Guard,male,True,"requested-capture stack-both (8/13): dropped onto a second actor, both ragdolled - limp on limp",heavy,1179.036,0.4099999999998545,2,NPC R UpperArm [RUar],arm,R,heavy,2.06,14.897,1394.206,1394.206,1394.206,-1,1694.776,1810.248,ragdoll,1983.107,24.852,Static,Wood,shape,False,False,,0.0191,1.0,19.920074296328046,408.71364077036617,41.03535305043577
Lennald_the_Brash_Whiterun_Guard_impacts_log_2,Lennald_the_Brash_Whiterun_Guard,male,True,"requested-capture stack-both (8/13): dropped onto a second actor, both ragdolled - limp on limp",heavy,1179.041,0.41000000000008185,2,NPC L Forearm [LLar],arm,L,heavy,2.06,12.007,637.972,637.972,637.972,-1,479.681,479.681,ragdoll,2524.569,64.644,DeadBip,Skin,shape,True,False,NPC Spine1 [Spn1],0.888,1.0,9.115187883983426,85.57924966512779,18.777287041005856
Lennald_the_Brash_Whiterun_Guard_impacts_log_2,Lennald_the_Brash_Whiterun_Guard,male,True,"requested-capture stack-both (8/13): dropped onto a second actor, both ragdolled - limp on limp",heavy,1179.044,0.4089999999998781,2,NPC L Thigh [LThg],leg,L,heavy,6.18,21.102,1113.62,1113.62,1113.62,-1,1917.675,1917.675,ragdoll,2154.39,26.343,Static,Wood,shape,False,False,,-0.0053,1.0,15.911130161451636,782.2769547152869,98.33078439777111
Lennald_the_Brash_Whiterun_Guard_impacts_log_2,Lennald_the_Brash_Whiterun_Guard,male,True,"requested-capture stack-both (8/13): dropped onto a second actor, both ragdolled - limp on limp",heavy,1179.061,0.41000000000008185,1,NPC Spine2 [Spn2],torso,-,heavy,7.21,23.744,577.608,577.608,577.608,-1,2204.035,2204.035,ragdoll,1772.596,50.141,Static,Wood,shape,False,False,,0.0156,1.0,8.252721817402486,245.52723971052876,59.50212430347192
Lennald_the_Brash_Whiterun_Guard_impacts_log_2,Lennald_the_Brash_Whiterun_Guard,male,True,"requested-capture stack-both (8/13): dropped onto a second actor, both ragdolled - limp on limp",heavy,1179.069,20.75500000000011,2,NPC L Calf [LClf],leg,L,heavy,6.18,20.265,1888.512,1888.512,1983.479,-1,864.484,864.484,ragdoll,2090.766,19.618,Static,Wood,shape,False,False,,0.0392,0.0,26.982597513930564,2249.707156970205,166.75245263609088
Lennald_the_Brash_Whiterun_Guard_impacts_log_2,Lennald_the_Brash_Whiterun_Guard,male,True,"requested-capture stack-both (8/13): dropped onto a second actor, both ragdolled - limp on limp",heavy,1179.076,0.41599999999994,3,NPC L Foot [Lft ],foot,L,heavy,3.09,10.311,2171.046,2171.046,2158.925,-1,354.485,2684.726,ragdoll,2117.969,39.902,Static,Wood,shape,False,False,,0.0196,0.0,31.01937419631376,1486.601434195296,95.84986626660951
Lennald_the_Brash_Whiterun_Guard_impacts_log_2,Lennald_the_Brash_Whiterun_Guard,male,True,"requested-capture stack-both (8/13): dropped onto a second actor, both ragdolled - limp on limp",heavy,1179.448,20.322999999999865,1,NPC R Hand [RHnd],hand,R,heavy,4.12,8.584,534.979,534.979,822.706,-1,2337.619,2337.619,ragdoll,2376.969,86.985,Static,Wood,shape,False,False,,1.0,0.0,7.643649092727534,120.35626519267419,31.49183426203744
Lennald_the_Brash_Whiterun_Guard_impacts_log_2,Lennald_the_Brash_Whiterun_Guard,male,True,"requested-capture stack-both (8/13): dropped onto a second actor, both ragdolled - limp on limp",heavy,1179.451,42.37999999999988,2,NPC Spine [Spn0],torso,-,heavy,4.12,17.816,34.013,34.013,34.013,-1,314.476,314.476,ragdoll,1707.819,49.071,DeadBip,Skin,shape,True,False,NPC L Forearm [LLar],-0.9639,0.0,0.4859694242034576,0.48650253939691873,2.0021940277182453
Lennald_the_Brash_Whiterun_Guard_impacts_log_2,Lennald_the_Brash_Whiterun_Guard,male,True,"requested-capture stack-both (8/13): dropped onto a second actor, both ragdolled - limp on limp",heavy,2946.791,557.5069999999996,2,NPC Spine [Spn0],torso,-,heavy,4.12,17.816,54.292,54.292,54.292,-1,35.395,35.395,ragdoll,76.708,0.982,DeadBip,Skin,shape,True,False,NPC L Forearm [LLar],0.7816,1.0,0.775710815830833,1.2395581757816894,3.195928561223032
Lennald_the_Brash_Whiterun_Guard_impacts_log_2,Lennald_the_Brash_Whiterun_Guard,male,True,"requested-capture stack-both (8/13): dropped onto a second actor, both ragdolled - limp on limp",heavy,1179.462,20.968000000000075,1,NPC R Forearm [RLar],arm,R,heavy,6.18,12.007,536.702,536.702,536.702,-1,1955.614,1955.614,ragdoll,1516.019,99.661,Static,Wood,shape,False,False,,1.0,1.0,7.668266895270754,181.69916007725558,47.38988941277326
Lennald_the_Brash_Whiterun_Guard_impacts_log_2,Lennald_the_Brash_Whiterun_Guard,male,True,"requested-capture stack-both (8/13): dropped onto a second actor, both ragdolled - limp on limp",heavy,1179.477,20.343999999999824,2,NPC Spine [Spn0],torso,-,heavy,4.12,17.816,1205.903,1205.903,1205.903,-1,1235.783,1235.783,ragdoll,1986.167,43.091,Static,WoodStairs,shape,False,False,,0.9464,1.0,17.22964709244178,611.5331221959802,70.98614602086013
Lennald_the_Brash_Whiterun_Guard_impacts_log_2,Lennald_the_Brash_Whiterun_Guard,male,True,"requested-capture stack-both (8/13): dropped onto a second actor, both ragdolled - limp on limp",heavy,1200.448,21.9079999999999,3,NPC Spine [Spn0],torso,-,heavy,4.12,17.816,576.016,576.016,576.016,-1,1700.5,1700.5,ragdoll,1003.99,84.788,Static,WoodStairs,shape,False,False,,0.0,1.0,8.22997571081583,139.52895041327417,33.90749992856122
Lennald_the_Brash_Whiterun_Guard_impacts_log_2,Lennald_the_Brash_Whiterun_Guard,male,True,"requested-capture stack-both (8/13): dropped onto a second actor, both ragdolled - limp on limp",heavy,1179.494,42.37000000000012,4,NPC Spine2 [Spn2],torso,-,heavy,7.21,23.744,289.949,1213.832,289.949,-1,1858.907,1858.907,ragdoll,1624.654,68.314,Static,WoodStairs,shape,False,False,,1.0,1.0,17.342934704957855,1084.302469970456,125.04255922274614
Lennald_the_Brash_Whiterun_Guard_impacts_log_2,Lennald_the_Brash_Whiterun_Guard,male,True,"requested-capture stack-both (8/13): dropped onto a second actor, both ragdolled - limp on limp",heavy,1179.5,62.58899999999994,5,NPC R Forearm [RLar],arm,R,heavy,6.18,12.007,241.95,473.651,241.95,-1,1048.716,1048.716,ragdoll,1516.019,99.661,Static,Wood,shape,False,False,,0.0156,1.0,6.767409629947136,141.5153042774588,41.8225915130733
Lennald_the_Brash_Whiterun_Guard_impacts_log_2,Lennald_the_Brash_Whiterun_Guard,male,True,"requested-capture stack-both (8/13): dropped onto a second actor, both ragdolled - limp on limp",heavy,1179.502,20.97199999999998,3,NPC R UpperArm [RUar],arm,R,heavy,2.06,14.897,1230.465,1230.465,1230.465,-1,373.184,953.724,ragdoll,1397.999,105.748,Static,WoodStairs,shape,False,False,,0.0,1.0,17.58058294042006,318.3492034207386,36.21600085726533
Lennald_the_Brash_Whiterun_Guard_impacts_log_2,Lennald_the_Brash_Whiterun_Guard,male,True,"requested-capture stack-both (8/13): dropped onto a second actor, both ragdolled - limp on limp",heavy,1199.76,0.6359999999999673,2,NPC Spine [Spn0],torso,-,heavy,4.12,17.816,894.074,894.074,894.074,-1,497.662,497.662,ragdoll,1707.819,49.071,DeadBip,Skin,shape,True,False,NPC L Hand [LHnd],-0.6792,1.0,12.774310615802257,336.1570041205364,52.6301597371053
Lennald_the_Brash_Whiterun_Guard_impacts_log_2,Lennald_the_Brash_Whiterun_Guard,male,True,"requested-capture stack-both (8/13): dropped onto a second actor, both ragdolled - limp on limp",heavy,3045.07,362.02,2,NPC Spine [Spn0],torso,-,heavy,4.12,17.816,60.231,60.231,60.231,-1,158.41,158.41,ragdoll,85.766,3.52,DeadBip,Skin,shape,True,False,NPC L Hand [LHnd],0.6426,1.0,0.8605657951135878,1.525581384702132,3.5455310758679817
Lennald_the_Brash_Whiterun_Guard_impacts_log_2,Lennald_the_Brash_Whiterun_Guard,male,True,"requested-capture stack-both (8/13): dropped onto a second actor, both ragdolled - limp on limp",heavy,1199.775,22.051999999999907,1,NPC R Hand [RHnd],hand,R,heavy,4.12,8.584,1797.513,1797.513,1614.222,-1,532.725,532.725,ragdoll,1669.422,77.903,Static,WoodStairs,shape,False,False,,-0.0,0.0,25.68242606086584,1358.7492372459922,105.81159537076726
Lennald_the_Brash_Whiterun_Guard_impacts_log_2,Lennald_the_Brash_Whiterun_Guard,male,True,"requested-capture stack-both (8/13): dropped onto a second actor, both ragdolled - limp on limp",heavy,1199.782,84.7840000000001,10,NPC R Calf [RClf],leg,R,heavy,6.18,20.265,1920.216,1920.216,1993.567,-1,1457.528,1506.277,ragdoll,2335.34,83.607,Static,WoodStairs,shape,False,False,,0.404,0.0,27.435576510930133,2325.876552725143,169.5518628375482
Lennald_the_Brash_Whiterun_Guard_impacts_log_2,Lennald_the_Brash_Whiterun_Guard,male,True,"requested-capture stack-both (8/13): dropped onto a second actor, both ragdolled - limp on limp",heavy,1199.795,22.54599999999982,5,NPC R Foot [Rft ],foot,R,heavy,3.09,10.311,1211.021,2389.8,1041.751,-1,2156.363,2156.363,ragdoll,2416.911,20.148,Static,Stone,shape,False,False,,-0.0,0.0,34.14487783969139,1801.2732947521072,105.5076725246464
Lennald_the_Brash_Whiterun_Guard_impacts_log_2,Lennald_the_Brash_Whiterun_Guard,male,True,"requested-capture stack-both (8/13): dropped onto a second actor, both ragdolled - limp on limp",heavy,1222.342,62.225999999999885,4,NPC R Foot [Rft ],foot,R,heavy,3.09,10.311,998.87,998.87,998.87,-1,861.821,1247.965,ragdoll,1307.814,89.057,Static,WoodStairs,shape,False,False,,0.6807,1.0,14.271610230032863,314.683836472077,44.09927561080154
Lennald_the_Brash_Whiterun_Guard_impacts_log_2,Lennald_the_Brash_Whiterun_Guard,male,True,"requested-capture stack-both (8/13): dropped onto a second actor, both ragdolled - limp on limp",heavy,1199.802,0.6320000000000618,4,NPC R Thigh [RThg],leg,R,heavy,6.18,21.101,1071.221,1734.987,1071.221,-1,1415.537,1746.905,ragdoll,2025.383,53.403,Static,WoodStairs,shape,False,False,,0.8968,1.0,24.789069867123878,1898.7987732703905,153.19645177882555
Lennald_the_Brash_Whiterun_Guard_impacts_log_2,Lennald_the_Brash_Whiterun_Guard,male,True,"requested-capture stack-both (8/13): dropped onto a second actor, both ragdolled - limp on limp",heavy,1199.806,22.541999999999916,3,NPC R Forearm [RLar],arm,R,heavy,6.18,12.007,1248.35,1248.35,1248.35,-1,806.212,896.227,ragdoll,1122.035,80.979,Static,WoodStairs,shape,False,False,,0.0,1.0,17.83611944563509,983.0129147559933,110.22721817402486
Lennald_the_Brash_Whiterun_Guard_impacts_log_2,Lennald_the_Brash_Whiterun_Guard,male,True,"requested-capture stack-both (8/13): dropped onto a second actor, both ragdolled - limp on limp",heavy,1199.817,22.036000000000058,2,NPC L Thigh [LThg],leg,L,heavy,6.18,21.102,84.784,1976.006,84.784,-1,2050.423,2050.423,ragdoll,1964.577,18.176,Static,WoodStairs,shape,False,False,,0.9945,1.0,28.232690384340625,2462.9920515845424,174.47802657522504
Lennald_the_Brash_Whiterun_Guard_impacts_log_2,Lennald_the_Brash_Whiterun_Guard,male,True,"requested-capture stack-both (8/13): dropped onto a second actor, both ragdolled - limp on limp",heavy,1199.826,22.537000000000035,2,NPC Spine1 [Spn1],torso,-,heavy,4.12,19.445,1419.338,1419.338,1113.259,-1,782.634,782.634,ragdoll,1427.623,25.863,Static,WoodStairs,shape,False,False,,0.3465,0.0,20.279154164880698,847.1628329045762,83.55011515930848
Lennald_the_Brash_Whiterun_Guard_impacts_log_2,Lennald_the_Brash_Whiterun_Guard,male,True,"requested-capture stack-both (8/13): dropped onto a second actor, both ragdolled - limp on limp",heavy,1200.413,21.414999999999964,1,NPC R Foot [Rft ],foot,R,heavy,3.09,10.311,541.599,541.599,541.599,-1,1418.983,1418.983,ragdoll,507.259,162.888,Static,Wood,shape,False,False,,-0.0,1.0,7.738234033433349,92.51501090230761,23.911143163309045
Lennald_the_Brash_Whiterun_Guard_impacts_log_2,Lennald_the_Brash_Whiterun_Guard,male,True,"requested-capture stack-both (8/13): dropped onto a second actor, both ragdolled - limp on limp",heavy,1222.325,19.769000000000005,2,NPC L Hand [LHnd],hand,L,heavy,4.12,8.584,428.186,428.186,428.186,-1,996.264,996.264,ragdoll,1579.318,291.21,DeadBip,Skin,shape,True,False,NPC R Thigh [RThg],0.9659,1.0,6.117816830975854,77.10102652138517,25.20540534362052
Lennald_the_Brash_Whiterun_Guard_impacts_log_2,Lennald_the_Brash_Whiterun_Guard,male,True,"requested-capture stack-both (8/13): dropped onto a second actor, both ragdolled - limp on limp",heavy,1242.608,21.232999999999947,2,NPC L Calf [LClf],leg,L,heavy,6.18,20.265,542.568,542.568,542.568,-1,2380.523,2380.53,ragdoll,1622.533,79.912,Static,WoodStairs,shape,False,False,,0.896,1.0,7.7520788684097734,185.69270575652016,47.9078474067724
Lennald_the_Brash_Whiterun_Guard_impacts_log_2,Lennald_the_Brash_Whiterun_Guard,male,True,"requested-capture stack-both (8/13): dropped onto a second actor, both ragdolled - limp on limp",heavy,1284.568,21.564000000000078,2,NPC R Hand [RHnd],hand,R,heavy,4.12,8.584,262.671,262.671,262.671,-1,663.194,663.194,ragdoll,1501.316,87.634,DeadBip,Skin,shape,True,False,NPC Spine2 [Spn2],0.3705,1.0,3.7529789969995715,29.014793784955014,15.462273467638235
Lennald_the_Brash_Whiterun_Guard_impacts_log_2,Lennald_the_Brash_Whiterun_Guard,male,True,"requested-capture stack-both (8/13): dropped onto a second actor, both ragdolled - limp on limp",heavy,3025.671,139.92000000000007,2,NPC R Hand [RHnd],hand,R,heavy,4.12,8.584,92.53,92.53,92.53,-1,70.489,70.489,ragdoll,215.786,9.768,DeadBip,Skin,shape,True,False,NPC Spine2 [Spn2],0.1027,1.0,1.3220460065723676,3.600479625597526,5.4468295470781545
Lennald_the_Brash_Whiterun_Guard_impacts_log_2,Lennald_the_Brash_Whiterun_Guard,male,True,"requested-capture stack-both (8/13): dropped onto a second actor, both ragdolled - limp on limp",heavy,1306.13,82.51099999999997,1,NPC L Calf [LClf],leg,L,heavy,6.18,20.265,1131.4,1131.4,1131.4,-1,273.923,273.923,ragdoll,1026.6,20.369,Static,Wood,shape,False,False,,0.0,1.0,16.165166452350338,807.4559538754758,99.90072867552509
Lennald_the_Brash_Whiterun_Guard_impacts_log_2,Lennald_the_Brash_Whiterun_Guard,male,True,"requested-capture stack-both (8/13): dropped onto a second actor, both ragdolled - limp on limp",heavy,1306.133,82.51299999999992,1,NPC L Foot [Lft ],foot,L,heavy,3.09,10.311,1119.184,1119.184,1058.195,-1,204.972,204.972,ragdoll,1107.649,19.885,Static,Wood,shape,False,False,,-0.0,0.0,15.990627232461781,395.05674609926217,49.4110381483069
Lennald_the_Brash_Whiterun_Guard_impacts_log_2,Lennald_the_Brash_Whiterun_Guard,male,True,"requested-capture stack-both (8/13): dropped onto a second actor, both ragdolled - limp on limp",heavy,1306.142,82.50499999999988,3,NPC R Calf [RClf],leg,R,heavy,6.18,20.265,691.992,691.992,691.992,-1,209.375,254.354,ragdoll,657.699,32.76,Static,Wood,shape,False,False,,-0.0,1.0,9.887012430347193,302.0568157253253,61.10173681954565
Lennald_the_Brash_Whiterun_Guard_impacts_log_2,Lennald_the_Brash_Whiterun_Guard,male,True,"requested-capture stack-both (8/13): dropped onto a second actor, both ragdolled - limp on limp",heavy,1327.249,21.075000000000045,1,NPC R Thigh [RThg],leg,R,heavy,6.18,21.101,92.121,92.121,92.121,-1,200.576,200.576,ragdoll,199.136,18.675,Static,Wood,shape,False,False,,-0.0,1.0,1.3162023146163737,5.353080566974634,8.134130304329188
Lennald_the_Brash_Whiterun_Guard_impacts_log_2,Lennald_the_Brash_Whiterun_Guard,male,True,"requested-capture stack-both (8/13): dropped onto a second actor, both ragdolled - limp on limp",heavy,1369.253,19.381000000000085,2,NPC R Foot [Rft ],foot,R,heavy,3.09,10.311,400.582,400.582,400.582,-1,1037.527,1037.527,ragdoll,751.06,120.886,DeadBip,Skin,shape,True,False,NPC L Calf [LClf],-0.8781,1.0,5.723417631090156,50.61035199190478,17.68536048006858
Lennald_the_Brash_Whiterun_Guard_impacts_log_2,Lennald_the_Brash_Whiterun_Guard,male,True,"requested-capture stack-both (8/13): dropped onto a second actor, both ragdolled - limp on limp",heavy,1447.054,19.054999999999836,2,NPC R Foot [Rft ],foot,R,heavy,3.09,10.311,39.683,39.683,39.683,-1,287.116,287.116,ragdoll,336.383,29.316,DeadBip,Skin,shape,True,False,NPC L Calf [LClf],-0.8559,1.0,0.5669809972853265,0.49666721223171495,1.7519712816116588
Lennald_the_Brash_Whiterun_Guard_impacts_log_2,Lennald_the_Brash_Whiterun_Guard,male,True,"requested-capture stack-both (8/13): dropped onto a second actor, both ragdolled - limp on limp",heavy,2533.099,58.22699999999986,2,NPC R Foot [Rft ],foot,R,heavy,3.09,10.311,508.631,508.631,509.313,-1,160.411,160.411,ragdoll,527.248,3.5,Static,WoodStairs,shape,False,False,,1.0,0.0,7.267195313616231,81.59473733704961,22.45563351907415
Lennald_the_Brash_Whiterun_Guard_impacts_log_2,Lennald_the_Brash_Whiterun_Guard,male,True,"requested-capture stack-both (8/13): dropped onto a second actor, both ragdolled - limp on limp",heavy,2552.506,58.83899999999994,4,NPC R Calf [RClf],leg,R,heavy,6.18,20.265,54.682,277.133,54.682,-1,303.688,303.688,ragdoll,233.719,16.921,Static,WoodStairs,shape,False,False,,1.0,0.0,3.9596085155022145,48.44656375175634,24.470380625803685
Lennald_the_Brash_Whiterun_Guard_impacts_log_2,Lennald_the_Brash_Whiterun_Guard,male,True,"requested-capture stack-both (8/13): dropped onto a second actor, both ragdolled - limp on limp",heavy,2630.877,952.3490000000002,5,NPC L UpperArm [LUar],arm,L,heavy,2.06,14.897,367.008,367.008,367.008,-1,264.383,333.418,ragdoll,456.27,2.349,Static,WoodStairs,shape,False,False,,0.9814,1.0,5.243720531504501,28.321503162897496,10.802064294899271
Lennald_the_Brash_Whiterun_Guard_impacts_log_2,Lennald_the_Brash_Whiterun_Guard,male,True,"requested-capture stack-both (8/13): dropped onto a second actor, both ragdolled - limp on limp",heavy,2630.882,952.3490000000002,5,NPC L Hand [LHnd],hand,L,heavy,4.12,8.584,297.383,297.383,302.196,-1,389.685,410.754,ragdoll,485.603,3.296,Static,WoodStairs,shape,False,False,,0.0711,0.0,4.248935562223175,37.19011402856502,17.505614516359483
Lennald_the_Brash_Whiterun_Guard_impacts_log_2,Lennald_the_Brash_Whiterun_Guard,male,True,"requested-capture stack-both (8/13): dropped onto a second actor, both ragdolled - limp on limp",heavy,2651.464,60.38500000000022,1,NPC Spine [Spn0],torso,-,heavy,4.12,17.816,340.479,340.479,340.479,-1,252.631,252.631,ragdoll,433.203,4.326,Static,WoodStairs,shape,False,False,,1.0,1.0,4.864680668666953,48.750143096690024,20.042484354907845
Lennald_the_Brash_Whiterun_Guard_impacts_log_2,Lennald_the_Brash_Whiterun_Guard,male,True,"requested-capture stack-both (8/13): dropped onto a second actor, both ragdolled - limp on limp",heavy,2651.477,59.99200000000019,1,NPC COM [COM ],torso,-,heavy,51.5,18.217,371.239,371.239,371.239,-1,173.521,173.521,ragdoll,437.27,7.453,Static,WoodStairs,shape,False,False,,1.0,1.0,5.30417202457494,724.456702306798,273.1648592656094
Lennald_the_Brash_Whiterun_Guard_impacts_log_2,Lennald_the_Brash_Whiterun_Guard,male,True,"requested-capture stack-both (8/13): dropped onto a second actor, both ragdolled - limp on limp",heavy,2651.842,119.98299999999972,2,NPC L Forearm [LLar],arm,L,heavy,2.06,12.007,42.759,59.477,42.759,-1,243.957,243.957,ragdoll,147.596,23.051,Static,WoodStairs,shape,False,False,,0.0,1.0,0.8497928275467924,0.7438122852424717,1.7505732247463923
Lennald_the_Brash_Whiterun_Guard_impacts_log_2,Lennald_the_Brash_Whiterun_Guard,male,True,"requested-capture stack-both (8/13): dropped onto a second actor, both ragdolled - limp on limp",heavy,2651.847,99.85299999999961,2,NPC Spine1 [Spn1],torso,-,heavy,4.12,19.445,48.032,48.032,48.032,-1,301.353,301.353,ragdoll,252.276,10.657,Static,WoodStairs,shape,False,False,,0.9235,1.0,0.6862694670667239,0.9701895097417731,2.8274302043149024
Lennald_the_Brash_Whiterun_Guard_impacts_log_2,Lennald_the_Brash_Whiterun_Guard,male,True,"requested-capture stack-both (8/13): dropped onto a second actor, both ragdolled - limp on limp",heavy,2671.559,912.0439999999999,2,NPC L Calf [LClf],leg,L,heavy,6.18,20.265,230.76,230.76,230.76,-1,92.586,92.586,ragdoll,160.01,8.207,Static,WoodStairs,shape,False,False,,0.949,1.0,3.297042434633519,33.58981044074204,20.37572224603515
Lennald_the_Brash_Whiterun_Guard_impacts_log_2,Lennald_the_Brash_Whiterun_Guard,male,True,"requested-capture stack-both (8/13): dropped onto a second actor, both ragdolled - limp on limp",heavy,2671.106,658.2889999999998,2,NPC Spine2 [Spn2],torso,-,heavy,7.21,23.744,180.222,180.222,180.222,-1,295.98,295.98,ragdoll,247.637,13.532,Static,WoodStairs,shape,False,False,,0.607,1.0,2.5749678525503645,23.90280628721255,18.56551821688813
Lennald_the_Brash_Whiterun_Guard_impacts_log_2,Lennald_the_Brash_Whiterun_Guard,male,True,"requested-capture stack-both (8/13): dropped onto a second actor, both ragdolled - limp on limp",heavy,2671.541,19.827999999999975,1,NPC Head [Head],head,-,heavy,4.12,15.561,179.781,179.781,179.781,-1,438.58,438.58,ragdoll,387.9,12.419,Static,WoodStairs,shape,False,False,,1.0,1.0,2.5686669524217747,13.59198281967536,10.582907843977711
Lennald_the_Brash_Whiterun_Guard_impacts_log_2,Lennald_the_Brash_Whiterun_Guard,male,True,"requested-capture stack-both (8/13): dropped onto a second actor, both ragdolled - limp on limp",heavy,2691.37,100.43000000000029,2,NPC Head [Head],head,-,heavy,4.12,15.561,131.57,131.57,131.57,-1,195.791,208.621,ragdoll,143.569,18.168,Static,WoodStairs,shape,False,False,,-0.0,0.0,1.8798399771395915,7.279624579683491,7.744940705815117
Lennald_the_Brash_Whiterun_Guard_impacts_log_2,Lennald_the_Brash_Whiterun_Guard,male,True,"requested-capture stack-both (8/13): dropped onto a second actor, both ragdolled - limp on limp",heavy,2965.938,282.1479999999997,1,NPC Head [Head],head,-,heavy,4.12,15.561,31.182,31.182,31.182,-1,30.511,30.511,ragdoll,44.99,2.324,Static,WoodStairs,shape,False,False,,1.0,1.0,0.4455207886840977,0.4088868726883829,1.8355456493784827
Lennald_the_Brash_Whiterun_Guard_impacts_log_2,Lennald_the_Brash_Whiterun_Guard,male,True,"requested-capture stack-both (8/13): dropped onto a second actor, both ragdolled - limp on limp",heavy,2671.546,60.889000000000124,2,NPC L Foot [Lft ],foot,L,heavy,3.09,10.311,530.833,530.833,530.833,-1,352.406,352.406,ragdoll,456.038,35.163,Static,Wood,shape,False,False,,1.0,1.0,7.584412058865552,88.87350820053773,23.435833261894555
Proventus_Avenicci_impacts_log_1,Proventus_Avenicci,male,True,"requested-capture repeat-1 (1/13): identical scripted knockdown, 1 of 3 - run-to-run variance",naked,891.212,82.94299999999998,1,NPC L Foot [Lft ],foot,L,bare,3.0,10.011,30.15,30.15,30.15,-1,40.884,40.884,ragdoll,153.019,19.455,Static,Wood,shape,False,False,,1.0,1.0,0.430775825117874,0.2783517172589777,1.292327475353622
Proventus_Avenicci_impacts_log_1,Proventus_Avenicci,male,True,"requested-capture repeat-1 (1/13): identical scripted knockdown, 1 of 3 - run-to-run variance",naked,891.215,62.24199999999996,1,NPC L Foot [Lft ],foot,L,bare,3.0,10.011,30.15,30.15,30.15,-1,70.729,70.729,ragdoll,153.019,19.455,Static,Carpet,shape,False,False,,1.0,1.0,0.430775825117874,0.2783517172589777,1.292327475353622
Proventus_Avenicci_impacts_log_1,Proventus_Avenicci,male,True,"requested-capture repeat-1 (1/13): identical scripted knockdown, 1 of 3 - run-to-run variance",naked,1450.98,348.183,2,NPC R Thigh [RThg],leg,R,bare,6.0,20.487,73.615,73.615,73.615,-1,104.021,104.021,ragdoll,157.268,5.722,DeadBip,Skin,shape,True,False,NPC L Calf [LClf],-0.026,1.0,1.0517931133019003,3.3188062595679124,6.310758679811402
Proventus_Avenicci_impacts_log_1,Proventus_Avenicci,male,True,"requested-capture repeat-1 (1/13): identical scripted knockdown, 1 of 3 - run-to-run variance",naked,1450.616,19.704999999999927,2,NPC R Calf [RClf],leg,R,bare,6.0,19.675,77.352,77.352,77.352,-1,153.594,153.594,ragdoll,245.37,7.224,DeadBip,Skin,shape,True,False,NPC L Thigh [LThg],0.08,1.0,1.105186455207887,3.664311302324924,6.631118731247321
Proventus_Avenicci_impacts_log_1,Proventus_Avenicci,male,True,"requested-capture repeat-1 (1/13): identical scripted knockdown, 1 of 3 - run-to-run variance",naked,1470.682,211.12999999999988,2,NPC R Calf [RClf],leg,R,bare,6.0,19.675,37.667,37.667,37.667,-1,82.112,82.112,ragdoll,154.799,5.238,DeadBip,Skin,shape,True,False,NPC L Thigh [LThg],0.2006,1.0,0.5381768824117732,0.8689030702873666,3.229061294470639
Proventus_Avenicci_impacts_log_1,Proventus_Avenicci,male,True,"requested-capture repeat-1 (1/13): identical scripted knockdown, 1 of 3 - run-to-run variance",naked,891.221,103.66499999999996,1,NPC R Foot [Rft ],foot,R,bare,3.0,10.011,31.983,31.983,31.983,-1,47.327,47.327,ragdoll,151.817,18.518,Static,Wood,shape,False,False,,1.0,1.0,0.4569652807543935,0.31322590172241255,1.3708958422631805
Proventus_Avenicci_impacts_log_1,Proventus_Avenicci,male,True,"requested-capture repeat-1 (1/13): identical scripted knockdown, 1 of 3 - run-to-run variance",naked,891.222,0.34600000000000364,1,NPC R Foot [Rft ],foot,R,bare,3.0,10.011,31.983,31.983,31.983,-1,76.755,76.755,ragdoll,151.817,18.518,Static,Carpet,shape,False,False,,1.0,1.0,0.4569652807543935,0.31322590172241255,1.3708958422631805
Proventus_Avenicci_impacts_log_1,Proventus_Avenicci,male,True,"requested-capture repeat-1 (1/13): identical scripted knockdown, 1 of 3 - run-to-run variance",naked,891.223,20.165000000000077,1,NPC R Foot [Rft ],foot,R,bare,3.0,10.011,85.556,85.556,85.556,-1,44.764,44.764,ragdoll,151.817,18.518,Static,Carpet,shape,False,False,,0.9098,1.0,1.2224032004572083,2.2414043767320386,3.667209601371625
Proventus_Avenicci_impacts_log_1,Proventus_Avenicci,male,True,"requested-capture repeat-1 (1/13): identical scripted knockdown, 1 of 3 - run-to-run variance",naked,1759.627,271.60900000000015,1,NPC R Foot [Rft ],foot,R,bare,3.0,10.011,176.415,176.415,176.415,-1,180.005,180.005,ragdoll,246.79,2.08,Static,Carpet,shape,False,False,,1.0,1.0,2.520574367766824,9.529942715164687,7.561723103300472
Proventus_Avenicci_impacts_log_1,Proventus_Avenicci,male,True,"requested-capture repeat-1 (1/13): identical scripted knockdown, 1 of 3 - run-to-run variance",naked,891.223,164.13699999999994,2,NPC R Forearm [RLar],arm,R,bare,6.0,11.658,33.327,33.327,33.327,-1,203.97,203.97,ragdoll,312.354,9.039,DeadBip,-,-,True,False,NPC COM [COM ],0.8481,1.0,0.47616802400342906,0.6802079612499906,2.8570081440205746
Proventus_Avenicci_impacts_log_1,Proventus_Avenicci,male,True,"requested-capture repeat-1 (1/13): identical scripted knockdown, 1 of 3 - run-to-run variance",naked,891.224,0.34600000000000364,2,NPC R Forearm [RLar],arm,R,bare,6.0,11.658,39.869,39.869,39.869,-1,246.306,246.306,ragdoll,312.354,9.039,DeadBip,Skin,shape,True,False,NPC R Thigh [RThg],0.9595,1.0,0.5696385197885413,0.973464129680641,3.4178311187312476
Proventus_Avenicci_impacts_log_1,Proventus_Avenicci,male,True,"requested-capture repeat-1 (1/13): identical scripted knockdown, 1 of 3 - run-to-run variance",naked,891.225,277.6349999999999,2,NPC R Forearm [RLar],arm,R,bare,6.0,11.658,67.943,67.943,67.943,-1,121.181,121.181,ragdoll,312.354,9.039,DeadBip,Skin,shape,True,False,NPC Spine [Spn0],0.5244,1.0,0.9707529647092442,2.8270839554753615,5.8245177882554655
Proventus_Avenicci_impacts_log_1,Proventus_Avenicci,male,True,"requested-capture repeat-1 (1/13): identical scripted knockdown, 1 of 3 - run-to-run variance",naked,891.227,144.2500000000001,2,NPC R Hand [RHnd],hand,R,bare,4.0,8.334,112.23,112.23,112.23,-1,164.93,164.93,ragdoll,237.491,8.6,DeadBip,-,-,True,False,NPC COM [COM ],0.7744,1.0,1.6035147878268325,5.142519349558664,6.41405915130733
Proventus_Avenicci_impacts_log_1,Proventus_Avenicci,male,True,"requested-capture repeat-1 (1/13): identical scripted knockdown, 1 of 3 - run-to-run variance",naked,891.228,83.24300000000005,2,NPC R Hand [RHnd],hand,R,bare,4.0,8.334,102.761,102.761,102.761,-1,193.303,193.303,ragdoll,237.491,8.6,DeadBip,Skin,shape,True,False,NPC R Thigh [RThg],0.8908,1.0,1.468224032004572,4.311363616311525,5.872896128018288
Proventus_Avenicci_impacts_log_1,Proventus_Avenicci,male,True,"requested-capture repeat-1 (1/13): identical scripted knockdown, 1 of 3 - run-to-run variance",naked,891.228,258.40600000000006,2,NPC R Hand [RHnd],hand,R,bare,4.0,8.334,158.726,158.726,158.726,-1,55.389,55.389,ragdoll,237.491,8.6,DeadBip,Skin,shape,True,False,NPC Spine [Spn0],0.2404,1.0,2.267838262608944,10.28618077070631,9.071353050435777
Proventus_Avenicci_impacts_log_1,Proventus_Avenicci,male,True,"requested-capture repeat-1 (1/13): identical scripted knockdown, 1 of 3 - run-to-run variance",naked,891.229,437.54999999999995,2,NPC R Hand [RHnd],hand,R,bare,4.0,8.334,31.673,31.673,31.673,-1,157.735,157.735,ragdoll,237.491,8.6,DeadBip,Skin,shape,True,False,NPC Spine1 [Spn1],-0.7409,1.0,0.45253607658236894,0.4095778012171274,1.8101443063294758
Proventus_Avenicci_impacts_log_1,Proventus_Avenicci,male,True,"requested-capture repeat-1 (1/13): identical scripted knockdown, 1 of 3 - run-to-run variance",naked,891.231,183.51199999999994,2,NPC L Forearm [LLar],arm,L,bare,2.0,11.658,8.05,8.05,8.05,-1,161.191,161.191,ragdoll,305.528,10.336,DeadBip,Skin,shape,True,False,NPC Spine [Spn0],0.4669,1.0,0.11501643091870269,0.013228779381276708,0.23003286183740537
Proventus_Avenicci_impacts_log_1,Proventus_Avenicci,male,True,"requested-capture repeat-1 (1/13): identical scripted knockdown, 1 of 3 - run-to-run variance",naked,1431.711,96.22499999999991,2,NPC L Forearm [LLar],arm,L,bare,2.0,11.658,11.142,11.142,11.142,-1,11.927,11.927,ragdoll,439.433,3.224,DeadBip,Skin,shape,True,False,NPC Spine1 [Spn1],0.0986,1.0,0.1591941705957994,0.025342783951684485,0.3183883411915988
Proventus_Avenicci_impacts_log_1,Proventus_Avenicci,male,True,"requested-capture repeat-1 (1/13): identical scripted knockdown, 1 of 3 - run-to-run variance",naked,1470.318,39.06400000000008,2,NPC L Forearm [LLar],arm,L,bare,2.0,11.658,89.187,89.187,89.187,-1,168.87,168.87,ragdoll,478.741,14.956,DeadBip,Skin,shape,True,False,NPC Spine2 [Spn2],-0.2441,1.0,1.2742820402914703,1.6237947182093924,2.5485640805829406
Proventus_Avenicci_impacts_log_1,Proventus_Avenicci,male,True,"requested-capture repeat-1 (1/13): identical scripted knockdown, 1 of 3 - run-to-run variance",naked,891.233,144.24099999999999,2,NPC L Hand [LHnd],hand,L,bare,4.0,8.334,79.944,79.944,79.944,-1,171.613,171.613,ragdoll,238.07,4.317,DeadBip,-,-,True,False,NPC COM [COM ],0.7509,1.0,1.14222031718817,2.6093345059948874,4.56888126875268
Proventus_Avenicci_impacts_log_1,Proventus_Avenicci,male,True,"requested-capture repeat-1 (1/13): identical scripted knockdown, 1 of 3 - run-to-run variance",naked,891.234,124.54099999999994,2,NPC L Hand [LHnd],hand,L,bare,4.0,8.334,99.127,99.127,99.127,-1,175.567,175.567,ragdoll,238.07,4.317,DeadBip,Skin,shape,True,False,NPC L Thigh [LThg],0.8905,1.0,1.4163023289041292,4.0118245737185205,5.665209315616517
Proventus_Avenicci_impacts_log_1,Proventus_Avenicci,male,True,"requested-capture repeat-1 (1/13): identical scripted knockdown, 1 of 3 - run-to-run variance",naked,891.235,202.159,2,NPC L Hand [LHnd],hand,L,bare,4.0,8.334,101.173,101.173,101.173,-1,136.649,136.649,ragdoll,238.07,4.317,DeadBip,Skin,shape,True,False,NPC Spine [Spn0],0.2234,1.0,1.4455350764394914,4.179143314433853,5.782140305757966
Proventus_Avenicci_impacts_log_1,Proventus_Avenicci,male,True,"requested-capture repeat-1 (1/13): identical scripted knockdown, 1 of 3 - run-to-run variance",naked,1490.432,37.830999999999904,2,NPC L Hand [LHnd],hand,L,bare,4.0,8.334,64.42,64.42,64.42,-1,169.895,169.895,ragdoll,256.132,16.109,DeadBip,Skin,shape,True,False,NPC Spine1 [Spn1],-0.3965,1.0,0.920417202457494,1.6943356531593592,3.681668809829976
Proventus_Avenicci_impacts_log_1,Proventus_Avenicci,male,True,"requested-capture repeat-1 (1/13): identical scripted knockdown, 1 of 3 - run-to-run variance",naked,1168.857,531.654,4,NPC R Calf [RClf],leg,R,bare,6.0,19.675,21.158,60.527,21.158,-1,12.477,27.564,ragdoll,267.016,4.555,DeadBip,Skin,shape,True,False,NPC L Calf [LClf],-0.0727,1.0,0.8647949707101015,2.243611024096456,5.188769824260609
Proventus_Avenicci_impacts_log_1,Proventus_Avenicci,male,True,"requested-capture repeat-1 (1/13): identical scripted knockdown, 1 of 3 - run-to-run variance",naked,1207.353,435.12300000000005,2,NPC R Calf [RClf],leg,R,bare,6.0,19.675,31.142,31.142,31.142,-1,2.662,2.662,ragdoll,276.78,4.491,DeadBip,Skin,shape,True,False,NPC L Foot [Lft ],-0.0496,1.0,0.44494927846835264,0.5939395812285229,2.669695670810116
Proventus_Avenicci_impacts_log_1,Proventus_Avenicci,male,True,"requested-capture repeat-1 (1/13): identical scripted knockdown, 1 of 3 - run-to-run variance",naked,1267.496,279.23199999999997,2,NPC R Foot [Rft ],foot,R,bare,3.0,10.011,20.821,20.821,20.821,-1,31.946,31.946,ragdoll,299.72,6.173,DeadBip,Skin,shape,True,False,NPC L Calf [LClf],0.0327,1.0,0.2974853550507216,0.13274630470448084,0.8924560651521648
Proventus_Avenicci_impacts_log_1,Proventus_Avenicci,male,True,"requested-capture repeat-1 (1/13): identical scripted knockdown, 1 of 3 - run-to-run variance",naked,1308.153,201.231,2,NPC R Hand [RHnd],hand,R,bare,4.0,8.334,17.888,17.888,17.888,-1,71.417,71.417,ragdoll,388.968,3.421,DeadBip,Skin,shape,True,False,NPC Spine2 [Spn2],-0.5122,1.0,0.25557936848121166,0.13064162718650993,1.0223174739248466
Proventus_Avenicci_impacts_log_1,Proventus_Avenicci,male,True,"requested-capture repeat-1 (1/13): identical scripted knockdown, 1 of 3 - run-to-run variance",naked,1391.282,174.3130000000001,2,NPC R Thigh [RThg],leg,R,bare,6.0,20.487,202.719,240.36,202.719,-1,247.979,247.979,ragdoll,355.182,1.936,Static,Carpet,shape,False,False,,1.0,1.0,3.434204886412345,35.38128960557529,20.60522931847407
Proventus_Avenicci_impacts_log_1,Proventus_Avenicci,male,True,"requested-capture repeat-1 (1/13): identical scripted knockdown, 1 of 3 - run-to-run variance",naked,1391.284,118.10199999999986,2,NPC L Thigh [LThg],leg,L,bare,6.0,20.487,203.265,270.949,203.265,-1,248.808,248.808,ragdoll,359.024,2.071,Static,Carpet,shape,False,False,,1.0,1.0,3.8712530361480217,44.95980020965583,23.22751821688813
Proventus_Avenicci_impacts_log_1,Proventus_Avenicci,male,True,"requested-capture repeat-1 (1/13): identical scripted knockdown, 1 of 3 - run-to-run variance",naked,1431.72,96.54700000000003,1,NPC L Thigh [LThg],leg,L,bare,6.0,20.487,270.949,270.949,270.949,-1,139.211,139.211,ragdoll,312.804,13.268,Static,Wood,shape,False,False,,1.0,0.0,3.8712530361480217,44.95980020965583,23.22751821688813
Proventus_Avenicci_impacts_log_1,Proventus_Avenicci,male,True,"requested-capture repeat-1 (1/13): identical scripted knockdown, 1 of 3 - run-to-run variance",naked,1450.626,172.41000000000008,1,NPC COM [COM ],torso,-,bare,50.0,17.687,194.166,194.166,194.166,-1,284.86,284.86,ragdoll,355.064,12.147,Static,Carpet,shape,False,False,,1.0,1.0,2.774196313759109,192.4041296818657,138.70981568795543
Proventus_Avenicci_impacts_log_1,Proventus_Avenicci,male,True,"requested-capture repeat-1 (1/13): identical scripted knockdown, 1 of 3 - run-to-run variance",naked,1779.111,252.13699999999994,1,NPC COM [COM ],torso,-,bare,50.0,17.687,64.086,64.086,64.086,-1,176.961,176.961,ragdoll,170.838,1.855,Static,Carpet,shape,False,False,,1.0,1.0,0.9156450921560223,20.960148369735265,45.782254607801114
Proventus_Avenicci_impacts_log_1,Proventus_Avenicci,male,True,"requested-capture repeat-1 (1/13): identical scripted knockdown, 1 of 3 - run-to-run variance",naked,1450.627,96.47000000000003,1,NPC COM [COM ],torso,-,bare,50.0,17.687,194.166,194.166,194.166,-1,292.089,292.089,ragdoll,355.064,12.147,Static,Wood,shape,False,False,,1.0,1.0,2.774196313759109,192.4041296818657,138.70981568795543
Proventus_Avenicci_impacts_log_1,Proventus_Avenicci,male,True,"requested-capture repeat-1 (1/13): identical scripted knockdown, 1 of 3 - run-to-run variance",naked,1470.328,19.732999999999947,1,NPC Spine [Spn0],torso,-,bare,4.0,17.297,132.558,132.558,132.558,-1,43.754,43.754,ragdoll,221.403,15.423,Static,Carpet,shape,False,False,,1.0,1.0,1.8939562794684954,7.174140777076291,7.575825117873982
Proventus_Avenicci_impacts_log_1,Proventus_Avenicci,male,True,"requested-capture repeat-1 (1/13): identical scripted knockdown, 1 of 3 - run-to-run variance",naked,1490.063,113.827,1,NPC Spine [Spn0],torso,-,bare,4.0,17.297,6.738,6.738,6.738,-1,20.293,20.293,ragdoll,116.338,8.759,Static,Carpet,shape,False,False,,1.0,1.0,0.0962708958422632,0.01853617077254378,0.3850835833690528
Proventus_Avenicci_impacts_log_1,Proventus_Avenicci,male,True,"requested-capture repeat-1 (1/13): identical scripted knockdown, 1 of 3 - run-to-run variance",naked,1838.898,77.71000000000004,1,NPC Spine [Spn0],torso,-,bare,4.0,17.297,64.355,64.355,64.355,-1,81.115,81.115,ragdoll,127.1,2.522,Static,Carpet,shape,False,False,,1.0,1.0,0.9194884983569083,1.6909181972212841,3.677953993427633
Proventus_Avenicci_impacts_log_1,Proventus_Avenicci,male,True,"requested-capture repeat-1 (1/13): identical scripted knockdown, 1 of 3 - run-to-run variance",naked,1916.608,270.41700000000014,1,NPC Spine [Spn0],torso,-,bare,4.0,17.297,39.916,39.916,39.916,-1,73.445,73.445,ragdoll,113.78,3.493,Static,Carpet,shape,False,False,,0.9993,1.0,0.5703100442920417,0.650507093240781,2.2812401771681667
Proventus_Avenicci_impacts_log_1,Proventus_Avenicci,male,True,"requested-capture repeat-1 (1/13): identical scripted knockdown, 1 of 3 - run-to-run variance",naked,1470.331,95.26800000000003,2,NPC Spine [Spn0],torso,-,bare,4.0,17.297,132.558,132.558,132.558,-1,55.252,97.004,ragdoll,221.403,15.423,Static,Wood,shape,False,False,,1.0,1.0,1.8939562794684954,7.174140777076291,7.575825117873982
Proventus_Avenicci_impacts_log_1,Proventus_Avenicci,male,True,"requested-capture repeat-1 (1/13): identical scripted knockdown, 1 of 3 - run-to-run variance",naked,1490.066,309.1009999999999,2,NPC L Hand [LHnd],hand,L,bare,4.0,8.334,207.041,207.041,207.041,-1,156.729,156.729,ragdoll,340.16,26.474,Static,Carpet,shape,False,False,,1.0,1.0,2.958151164452065,17.501316623498216,11.83260465780826
Proventus_Avenicci_impacts_log_1,Proventus_Avenicci,male,True,"requested-capture repeat-1 (1/13): identical scripted knockdown, 1 of 3 - run-to-run variance",naked,1527.94,270.87300000000005,2,NPC R Forearm [RLar],arm,R,bare,6.0,11.658,315.733,315.733,315.733,-1,318.198,420.808,ragdoll,444.817,3.869,Static,Carpet,shape,False,False,,1.0,1.0,4.511115873696243,61.050499277742645,27.066695242177456
Proventus_Avenicci_impacts_log_1,Proventus_Avenicci,male,True,"requested-capture repeat-1 (1/13): identical scripted knockdown, 1 of 3 - run-to-run variance",naked,1527.948,75.62999999999988,1,NPC Spine1 [Spn1],torso,-,bare,4.0,18.878,133.837,133.837,133.837,-1,34.576,34.576,ragdoll,176.963,9.859,Static,Carpet,shape,False,False,,1.0,1.0,1.9122303186169454,7.313249582875729,7.6489212744677815
Proventus_Avenicci_impacts_log_1,Proventus_Avenicci,male,True,"requested-capture repeat-1 (1/13): identical scripted knockdown, 1 of 3 - run-to-run variance",naked,1528.266,270.55099999999993,1,NPC R Hand [RHnd],hand,R,bare,4.0,8.334,73.121,73.121,73.121,-1,367.461,367.461,ragdoll,253.675,69.723,Static,Carpet,shape,False,False,,1.0,1.0,1.0447349621374482,2.182942282224671,4.178939848549793
Proventus_Avenicci_impacts_log_1,Proventus_Avenicci,male,True,"requested-capture repeat-1 (1/13): identical scripted knockdown, 1 of 3 - run-to-run variance",naked,1546.734,212.53500000000008,2,NPC Spine2 [Spn2],torso,-,bare,7.0,23.052,166.851,166.851,166.851,-1,161.744,161.744,ragdoll,286.509,16.749,Static,Carpet,shape,False,False,,1.0,1.0,2.3839262751821693,19.89086569926376,16.687483926275185
Proventus_Avenicci_impacts_log_1,Proventus_Avenicci,male,True,"requested-capture repeat-1 (1/13): identical scripted knockdown, 1 of 3 - run-to-run variance",naked,1584.965,135.50700000000006,1,NPC R Hand [RHnd],hand,R,bare,4.0,8.334,83.873,83.873,83.873,-1,67.638,67.638,ragdoll,126.092,28.433,Static,Wood,shape,False,False,,1.0,1.0,1.198356908129733,2.8721185585245066,4.793427632518932
Proventus_Avenicci_impacts_log_1,Proventus_Avenicci,male,True,"requested-capture repeat-1 (1/13): identical scripted knockdown, 1 of 3 - run-to-run variance",naked,1565.923,57.11500000000001,1,NPC R Forearm [RLar],arm,R,bare,6.0,11.658,20.556,20.556,20.556,-1,208.657,208.657,ragdoll,116.079,24.729,Static,Wood,shape,False,False,,1.0,1.0,0.29369909987141024,0.2587774837958298,1.7621945992284616
Proventus_Avenicci_impacts_log_1,Proventus_Avenicci,male,True,"requested-capture repeat-1 (1/13): identical scripted knockdown, 1 of 3 - run-to-run variance",naked,1565.59,19.695000000000164,1,NPC Head [Head],head,-,bare,4.0,15.108,537.842,537.842,537.842,-1,445.709,445.709,ragdoll,554.169,37.111,Static,Carpet,shape,False,False,,1.0,1.0,7.684554936419489,118.10476914169827,30.738219745677956
Proventus_Avenicci_impacts_log_1,Proventus_Avenicci,male,True,"requested-capture repeat-1 (1/13): identical scripted knockdown, 1 of 3 - run-to-run variance",naked,1565.92,213.19299999999998,1,NPC L Forearm [LLar],arm,L,bare,2.0,11.658,98.587,98.587,98.587,-1,250.162,250.162,ragdoll,300.149,6.974,Static,Carpet,shape,False,False,,1.0,1.0,1.4085869409915703,1.9841171703319898,2.8171738819831407
Proventus_Avenicci_impacts_log_1,Proventus_Avenicci,male,True,"requested-capture repeat-1 (1/13): identical scripted knockdown, 1 of 3 - run-to-run variance",naked,1585.286,37.743999999999915,2,NPC L Hand [LHnd],hand,L,bare,4.0,8.334,14.311,14.311,14.311,-1,79.621,79.621,ragdoll,172.631,13.052,DeadBip,Skin,shape,True,False,NPC Spine2 [Spn2],-0.4558,1.0,0.20447206743820548,0.08361765272490809,0.8178882697528219
Proventus_Avenicci_impacts_log_1,Proventus_Avenicci,male,True,"requested-capture repeat-1 (1/13): identical scripted knockdown, 1 of 3 - run-to-run variance",naked,1700.521,0.3300000000001546,1,NPC L UpperArm [LUar],arm,L,bare,2.0,14.463,64.83,64.83,64.83,-1,150.576,150.576,ragdoll,154.49,1.955,Static,Carpet,shape,False,False,,1.0,1.0,0.9262751821688813,0.8579857131019942,1.8525503643377625
Proventus_Avenicci_impacts_log_1,Proventus_Avenicci,male,True,"requested-capture repeat-1 (1/13): identical scripted knockdown, 1 of 3 - run-to-run variance",naked,1700.853,58.781999999999925,1,NPC L Forearm [LLar],arm,L,bare,2.0,11.658,58.747,58.747,58.747,-1,138.735,138.735,ragdoll,134.479,3.371,Static,Carpet,shape,False,False,,0.9466,1.0,0.8393627661094443,0.7045298531308977,1.6787255322188885
Proventus_Avenicci_impacts_log_1,Proventus_Avenicci,male,True,"requested-capture repeat-1 (1/13): identical scripted knockdown, 1 of 3 - run-to-run variance",naked,1759.635,19.86200000000008,1,NPC L Forearm [LLar],arm,L,bare,2.0,11.658,53.284,53.284,53.284,-1,122.66,122.66,ragdoll,143.224,2.08,Static,Carpet,shape,False,False,,0.9598,1.0,0.7613087583940563,0.5795910256074996,1.5226175167881126
Proventus_Avenicci_impacts_log_1,Proventus_Avenicci,male,True,"requested-capture repeat-1 (1/13): identical scripted knockdown, 1 of 3 - run-to-run variance",naked,1739.541,467.6879999999999,1,NPC L UpperArm [LUar],arm,L,bare,2.0,14.463,33.879,33.879,33.879,-1,133.233,133.233,ragdoll,141.911,2.304,Static,Carpet,shape,False,False,,1.0,1.0,0.48405486498071154,0.23430911231149487,0.9681097299614231
Proventus_Avenicci_impacts_log_1,Proventus_Avenicci,male,True,"requested-capture repeat-1 (1/13): identical scripted knockdown, 1 of 3 - run-to-run variance",naked,1759.28,99.55400000000009,1,NPC L Foot [Lft ],foot,L,bare,3.0,10.011,206.047,206.047,206.047,-1,230.538,230.538,ragdoll,262.873,7.396,Static,Carpet,shape,False,False,,1.0,1.0,2.943949135590799,13.000254769418717,8.831847406772397
Proventus_Avenicci_impacts_log_1,Proventus_Avenicci,male,True,"requested-capture repeat-1 (1/13): identical scripted knockdown, 1 of 3 - run-to-run variance",naked,1799.171,19.39300000000003,1,NPC R Hand [RHnd],hand,R,bare,4.0,8.334,5.224,5.224,5.224,-1,61.342,61.342,ragdoll,69.797,3.098,Static,Carpet,shape,False,False,,0.9998,1.0,0.07463923417631091,0.011142030556852357,0.29855693670524364
Proventus_Avenicci_impacts_log_1,Proventus_Avenicci,male,True,"requested-capture repeat-1 (1/13): identical scripted knockdown, 1 of 3 - run-to-run variance",naked,1975.315,131.91600000000017,1,NPC R Thigh [RThg],leg,R,bare,6.0,20.487,8.364,8.364,8.364,-1,72.587,72.587,ragdoll,85.263,1.645,Static,Wood,shape,False,False,,1.0,1.0,0.11950278611230178,0.042842747665807646,0.7170167166738106
Proventus_Avenicci_impacts_log_2,Proventus_Avenicci,male,True,"requested-capture repeat-2 (2/13): identical scripted knockdown, 2 of 3 - run-to-run variance",naked,846.491,0.43100000000004,2,NPC L Thigh [LThg],leg,L,bare,6.0,20.487,49.318,49.318,49.318,-1,149.441,149.441,ragdoll,453.401,2.888,DeadBip,Skin,shape,True,False,NPC R Calf [RClf],0.2861,1.0,0.704643520502929,1.4895674729602852,4.227861123017574
Proventus_Avenicci_impacts_log_2,Proventus_Avenicci,male,True,"requested-capture repeat-2 (2/13): identical scripted knockdown, 2 of 3 - run-to-run variance",naked,867.827,40.64200000000005,2,NPC L Thigh [LThg],leg,L,bare,6.0,20.487,79.974,79.974,79.974,-1,4.77,4.77,ragdoll,353.663,2.2,DeadBip,Skin,shape,True,False,NPC R Calf [RClf],0.2911,1.0,1.1426489498499788,3.916939867779778,6.855893699099873
Proventus_Avenicci_impacts_log_2,Proventus_Avenicci,male,True,"requested-capture repeat-2 (2/13): identical scripted knockdown, 2 of 3 - run-to-run variance",naked,846.492,704.4200000000001,2,NPC Spine2 [Spn2],torso,-,bare,7.0,23.052,71.555,71.555,71.555,-1,315.139,315.139,ragdoll,419.898,5.852,DeadBip,Skin,shape,True,False,NPC R Forearm [RLar],0.8501,1.0,1.0223603371910275,3.6582723067147294,7.156522360337192
Proventus_Avenicci_impacts_log_2,Proventus_Avenicci,male,True,"requested-capture repeat-2 (2/13): identical scripted knockdown, 2 of 3 - run-to-run variance",naked,1629.544,196.5949999999998,2,NPC L Forearm [LLar],arm,L,bare,2.0,11.658,78.456,78.456,78.456,-1,95.761,95.761,ragdoll,122.927,7.485,DeadBip,Skin,shape,True,False,NPC Spine [Spn0],-0.4011,1.0,1.1209601371624518,1.2565516291072627,2.2419202743249036
Proventus_Avenicci_impacts_log_2,Proventus_Avenicci,male,True,"requested-capture repeat-2 (2/13): identical scripted knockdown, 2 of 3 - run-to-run variance",naked,846.495,101.58600000000001,2,NPC COM [COM ],torso,-,bare,50.0,17.687,24.537,24.537,24.537,-1,365.565,365.565,ragdoll,380.573,13.677,DeadBip,Skin,shape,True,False,NPC L Hand [LHnd],-0.7193,1.0,0.3505786540934419,3.0726348176492295,17.528932704672094
Proventus_Avenicci_impacts_log_2,Proventus_Avenicci,male,True,"requested-capture repeat-2 (2/13): identical scripted knockdown, 2 of 3 - run-to-run variance",naked,1455.136,20.480999999999995,2,NPC COM [COM ],torso,-,bare,50.0,17.687,8.268,8.268,8.268,-1,216.939,216.939,ragdoll,241.439,22.45,DeadBip,Skin,shape,True,False,NPC R Forearm [RLar],-0.3012,1.0,0.11813116159451352,0.3488742834917266,5.906558079725676
Proventus_Avenicci_impacts_log_2,Proventus_Avenicci,male,True,"requested-capture repeat-2 (2/13): identical scripted knockdown, 2 of 3 - run-to-run variance",naked,846.496,141.19299999999998,2,NPC COM [COM ],torso,-,bare,50.0,17.687,109.048,109.048,109.048,-1,265.707,265.707,ragdoll,380.573,13.677,DeadBip,Skin,shape,True,False,NPC R Hand [RHnd],0.0109,1.0,1.5580511501643093,60.68808466320817,77.90255750821547
Proventus_Avenicci_impacts_log_2,Proventus_Avenicci,male,True,"requested-capture repeat-2 (2/13): identical scripted knockdown, 2 of 3 - run-to-run variance",naked,846.497,180.76100000000008,2,NPC Spine [Spn0],torso,-,bare,4.0,17.297,111.952,111.952,111.952,-1,133.405,133.405,ragdoll,369.111,2.847,DeadBip,Skin,shape,True,False,NPC L Hand [LHnd],-0.3159,1.0,1.599542791827404,5.117074285774012,6.398171167309616
Proventus_Avenicci_impacts_log_2,Proventus_Avenicci,male,True,"requested-capture repeat-2 (2/13): identical scripted knockdown, 2 of 3 - run-to-run variance",naked,846.498,81.50299999999993,2,NPC Spine [Spn0],torso,-,bare,4.0,17.297,194.775,194.775,194.775,-1,176.661,176.661,ragdoll,369.111,2.847,DeadBip,Skin,shape,True,False,NPC R Hand [RHnd],0.5712,1.0,2.782897556793828,15.489037623218115,11.131590227175312
Proventus_Avenicci_impacts_log_2,Proventus_Avenicci,male,True,"requested-capture repeat-2 (2/13): identical scripted knockdown, 2 of 3 - run-to-run variance",naked,1864.916,39.27999999999997,2,NPC R Hand [RHnd],hand,R,bare,4.0,8.334,31.267,31.267,31.267,-1,95.815,95.815,ragdoll,150.1,7.256,DeadBip,Skin,shape,True,False,NPC Spine [Spn0],-0.3139,1.0,0.4467352478925561,0.3991447634192471,1.7869409915702243
Proventus_Avenicci_impacts_log_2,Proventus_Avenicci,male,True,"requested-capture repeat-2 (2/13): identical scripted knockdown, 2 of 3 - run-to-run variance",naked,846.499,20.920999999999935,2,NPC L Calf [LClf],leg,L,bare,6.0,19.675,32.458,32.458,32.458,-1,163.853,163.853,ragdoll,557.549,7.027,DeadBip,Skin,shape,True,False,NPC R Thigh [RThg],-0.2543,1.0,0.46375196456636664,0.6451976539174937,2.7825117873982
Proventus_Avenicci_impacts_log_2,Proventus_Avenicci,male,True,"requested-capture repeat-2 (2/13): identical scripted knockdown, 2 of 3 - run-to-run variance",naked,867.83,40.644000000000005,2,NPC L Calf [LClf],leg,L,bare,6.0,19.675,82.425,82.425,82.425,-1,30.669,30.669,ragdoll,337.81,5.092,DeadBip,Skin,shape,True,False,NPC R Thigh [RThg],-0.2774,1.0,1.17766823831976,4.160707438641501,7.0660094299185605
Proventus_Avenicci_impacts_log_2,Proventus_Avenicci,male,True,"requested-capture repeat-2 (2/13): identical scripted knockdown, 2 of 3 - run-to-run variance",naked,1436.308,39.31099999999992,2,NPC L Calf [LClf],leg,L,bare,6.0,19.675,63.181,63.181,63.181,-1,222.483,222.483,ragdoll,376.803,2.178,DeadBip,Skin,shape,True,False,NPC R Thigh [RThg],0.0701,1.0,0.9027146735247893,2.444681345390901,5.416288041148736
Proventus_Avenicci_impacts_log_2,Proventus_Avenicci,male,True,"requested-capture repeat-2 (2/13): identical scripted knockdown, 2 of 3 - run-to-run variance",naked,1531.935,38.62699999999995,2,NPC L Calf [LClf],leg,L,bare,6.0,19.675,32.443,32.443,32.443,-1,90.009,90.009,ragdoll,285.587,1.808,DeadBip,Skin,shape,True,False,NPC R Thigh [RThg],0.0567,1.0,0.46353764823546223,0.6446014539949894,2.7812258894127733
Proventus_Avenicci_impacts_log_2,Proventus_Avenicci,male,True,"requested-capture repeat-2 (2/13): identical scripted knockdown, 2 of 3 - run-to-run variance",naked,846.5,160.66700000000003,2,NPC Spine1 [Spn1],torso,-,bare,4.0,18.878,141.208,141.208,141.208,-1,32.318,32.318,ragdoll,299.976,4.512,DeadBip,Skin,shape,True,False,NPC L Hand [LHnd],0.4691,1.0,2.017545363623375,8.140978588556354,8.0701814544935
Proventus_Avenicci_impacts_log_2,Proventus_Avenicci,male,True,"requested-capture repeat-2 (2/13): identical scripted knockdown, 2 of 3 - run-to-run variance",naked,846.5,763.453,2,NPC Spine1 [Spn1],torso,-,bare,4.0,18.878,26.405,26.405,26.405,-1,377.073,377.073,ragdoll,299.976,4.512,DeadBip,Skin,shape,True,False,NPC R Forearm [RLar],0.3001,1.0,0.37726818116873845,0.2846625610447361,1.5090727246749538
Proventus_Avenicci_impacts_log_2,Proventus_Avenicci,male,True,"requested-capture repeat-2 (2/13): identical scripted knockdown, 2 of 3 - run-to-run variance",naked,1943.06,208.86400000000003,2,NPC Spine1 [Spn1],torso,-,bare,4.0,18.878,15.926,15.926,15.926,-1,3.448,3.448,ragdoll,80.98,1.183,DeadBip,Skin,shape,True,False,NPC R Forearm [RLar],0.1233,1.0,0.22754679239891415,0.10355508546206907,0.9101871695956566
Proventus_Avenicci_impacts_log_2,Proventus_Avenicci,male,True,"requested-capture repeat-2 (2/13): identical scripted knockdown, 2 of 3 - run-to-run variance",naked,846.502,276.18000000000006,2,NPC R Thigh [RThg],leg,R,bare,6.0,20.487,100.821,100.821,100.821,-1,171.588,171.588,ragdoll,403.396,4.422,DeadBip,Skin,shape,True,False,NPC R Forearm [RLar],-0.7319,1.0,1.4405057865409345,6.22517076317375,8.643034719245607
Proventus_Avenicci_impacts_log_2,Proventus_Avenicci,male,True,"requested-capture repeat-2 (2/13): identical scripted knockdown, 2 of 3 - run-to-run variance",naked,846.502,161.0390000000001,2,NPC R Thigh [RThg],leg,R,bare,6.0,20.487,100.643,100.643,100.643,-1,215.469,215.469,ragdoll,403.396,4.422,DeadBip,Skin,shape,True,False,NPC R Hand [RHnd],-0.347,1.0,1.4379625660808688,6.203209024349631,8.627775396485212
Proventus_Avenicci_impacts_log_2,Proventus_Avenicci,male,True,"requested-capture repeat-2 (2/13): identical scripted knockdown, 2 of 3 - run-to-run variance",naked,1806.62,116.64900000000011,2,NPC R Thigh [RThg],leg,R,bare,6.0,20.487,52.507,52.507,52.507,-1,138.639,138.639,ragdoll,126.932,1.067,DeadBip,Skin,shape,True,False,NPC R Hand [RHnd],0.3299,1.0,0.7502071724532077,1.6884324048007107,4.501243034719246
Proventus_Avenicci_impacts_log_2,Proventus_Avenicci,male,True,"requested-capture repeat-2 (2/13): identical scripted knockdown, 2 of 3 - run-to-run variance",naked,1300.234,175.77700000000004,2,NPC L Calf [LClf],leg,L,bare,6.0,19.675,15.3,15.3,15.3,-1,16.673,16.673,ragdoll,314.508,2.84,DeadBip,Skin,shape,True,False,NPC R Calf [RClf],0.3787,1.0,0.21860265752250324,0.14336136562770252,1.3116159451350193
Proventus_Avenicci_impacts_log_2,Proventus_Avenicci,male,True,"requested-capture repeat-2 (2/13): identical scripted knockdown, 2 of 3 - run-to-run variance",naked,1340.026,115.10699999999997,2,NPC R Foot [Rft ],foot,R,bare,3.0,10.011,17.848,17.848,17.848,-1,38.66,38.66,ragdoll,326.419,4.264,DeadBip,Skin,shape,True,False,NPC L Calf [LClf],-0.4095,1.0,0.2550078582654665,0.09754351166571038,0.7650235747963996
Proventus_Avenicci_impacts_log_2,Proventus_Avenicci,male,True,"requested-capture repeat-2 (2/13): identical scripted knockdown, 2 of 3 - run-to-run variance",naked,1398.625,211.70100000000002,1,NPC R Thigh [RThg],leg,R,bare,6.0,20.487,205.698,205.698,205.698,-1,234.696,234.696,ragdoll,356.029,2.363,Static,Carpet,shape,False,False,,1.0,1.0,2.938962708958423,25.9125054139447,17.63377625375054
Proventus_Avenicci_impacts_log_2,Proventus_Avenicci,male,True,"requested-capture repeat-2 (2/13): identical scripted knockdown, 2 of 3 - run-to-run variance",naked,1629.549,600.3699999999999,1,NPC R Thigh [RThg],leg,R,bare,6.0,20.487,16.897,16.897,16.897,-1,217.393,217.393,ragdoll,214.364,1.541,Static,Carpet,shape,False,False,,1.0,1.0,0.2414202028861266,0.17485114308473557,1.4485212173167596
Proventus_Avenicci_impacts_log_2,Proventus_Avenicci,male,True,"requested-capture repeat-2 (2/13): identical scripted knockdown, 2 of 3 - run-to-run variance",naked,1609.955,313.693,1,NPC R Thigh [RThg],leg,R,bare,6.0,20.487,34.92,34.92,34.92,-1,255.45,255.45,ragdoll,229.526,2.449,Static,Wood,shape,False,False,,1.0,1.0,0.49892841834547796,0.7467886998981609,2.9935705100728676
Proventus_Avenicci_impacts_log_2,Proventus_Avenicci,male,True,"requested-capture repeat-2 (2/13): identical scripted knockdown, 2 of 3 - run-to-run variance",naked,1436.309,39.31099999999992,2,NPC L Foot [Lft ],foot,L,bare,3.0,10.011,103.529,103.529,103.529,-1,257.804,257.804,ragdoll,394.779,1.645,DeadBip,Skin,shape,True,False,NPC R Calf [RClf],0.5865,1.0,1.4791970281468783,3.282035772117835,4.437591084440635
Proventus_Avenicci_impacts_log_2,Proventus_Avenicci,male,True,"requested-capture repeat-2 (2/13): identical scripted knockdown, 2 of 3 - run-to-run variance",naked,1436.311,389.83400000000006,1,NPC COM [COM ],torso,-,bare,50.0,17.687,285.925,285.925,285.925,-1,249.944,249.944,ragdoll,402.625,2.742,Static,Carpet,shape,False,False,,1.0,1.0,4.085226460922989,417.22688092563425,204.26132304614947
Proventus_Avenicci_impacts_log_2,Proventus_Avenicci,male,True,"requested-capture repeat-2 (2/13): identical scripted knockdown, 2 of 3 - run-to-run variance",naked,1826.146,135.35400000000004,1,NPC COM [COM ],torso,-,bare,50.0,17.687,5.455,5.455,5.455,-1,95.67,95.67,ragdoll,121.24,2.516,Static,Carpet,shape,False,False,,0.9979,1.0,0.0779397056722389,0.15186494300688072,3.896985283611945
Proventus_Avenicci_impacts_log_2,Proventus_Avenicci,male,True,"requested-capture repeat-2 (2/13): identical scripted knockdown, 2 of 3 - run-to-run variance",naked,1455.14,174.76599999999985,1,NPC R Calf [RClf],leg,R,bare,6.0,19.675,31.045,31.045,31.045,-1,221.236,221.236,ragdoll,201.762,5.591,Static,Carpet,shape,False,False,,1.0,1.0,0.4435633661951708,0.5902453794911735,2.6613801971710247
Proventus_Avenicci_impacts_log_2,Proventus_Avenicci,male,True,"requested-capture repeat-2 (2/13): identical scripted knockdown, 2 of 3 - run-to-run variance",naked,1455.143,657.6750000000002,1,NPC L Thigh [LThg],leg,L,bare,6.0,20.487,24.87,24.87,24.87,-1,276.388,276.388,ragdoll,256.979,2.136,Static,Carpet,shape,False,False,,1.0,0.0,0.35533647663951995,0.3787920348917644,2.1320188598371197
Proventus_Avenicci_impacts_log_2,Proventus_Avenicci,male,True,"requested-capture repeat-2 (2/13): identical scripted knockdown, 2 of 3 - run-to-run variance",naked,1455.561,95.78700000000003,1,NPC L Calf [LClf],leg,L,bare,6.0,19.675,246.546,246.546,246.546,-1,85.839,85.839,ragdoll,334.258,9.142,Static,Carpet,shape,False,False,,1.0,1.0,3.5225889412773257,37.22589854762793,21.135533647663955
Proventus_Avenicci_impacts_log_2,Proventus_Avenicci,male,True,"requested-capture repeat-2 (2/13): identical scripted knockdown, 2 of 3 - run-to-run variance",naked,1609.95,254.971,1,NPC L Calf [LClf],leg,L,bare,6.0,19.675,62.82,62.82,62.82,-1,252.238,252.238,ragdoll,266.095,1.039,Static,Carpet,shape,False,False,,1.0,1.0,0.8975567938276897,2.4168245944387254,5.3853407629661385
Proventus_Avenicci_impacts_log_2,Proventus_Avenicci,male,True,"requested-capture repeat-2 (2/13): identical scripted knockdown, 2 of 3 - run-to-run variance",naked,2037.938,172.36400000000003,1,NPC L Calf [LClf],leg,L,bare,6.0,19.675,99.129,99.129,99.129,-1,104.879,104.879,ragdoll,135.45,2.908,Static,Carpet,shape,False,False,,1.0,1.0,1.4163309044149166,6.017979692402326,8.4979854264895
Proventus_Avenicci_impacts_log_2,Proventus_Avenicci,male,True,"requested-capture repeat-2 (2/13): identical scripted knockdown, 2 of 3 - run-to-run variance",naked,1455.563,311.08399999999983,2,NPC Spine [Spn0],torso,-,bare,4.0,17.297,143.774,143.774,143.774,-1,94.574,94.574,ragdoll,257.833,16.28,Static,Carpet,shape,False,False,,1.0,1.0,2.0542077439634236,8.439538910718598,8.216830975853695
Proventus_Avenicci_impacts_log_2,Proventus_Avenicci,male,True,"requested-capture repeat-2 (2/13): identical scripted knockdown, 2 of 3 - run-to-run variance",naked,1455.566,95.35400000000004,1,NPC COM [COM ],torso,-,bare,50.0,17.687,10.521,10.521,10.521,-1,28.22,28.22,ragdoll,186.108,16.167,Static,Wood,shape,False,False,,1.0,1.0,0.15032147449635663,0.5649136423689699,7.516073724817832
Proventus_Avenicci_impacts_log_2,Proventus_Avenicci,male,True,"requested-capture repeat-2 (2/13): identical scripted knockdown, 2 of 3 - run-to-run variance",naked,1688.288,215.57899999999995,1,NPC L Thigh [LThg],leg,L,bare,6.0,20.487,17.609,17.609,17.609,-1,197.992,197.992,ragdoll,207.213,1.657,Static,Wood,shape,False,False,,1.0,1.0,0.2515930847263895,0.18989724084642068,1.5095585083583372
Proventus_Avenicci_impacts_log_2,Proventus_Avenicci,male,True,"requested-capture repeat-2 (2/13): identical scripted knockdown, 2 of 3 - run-to-run variance",naked,1475.627,75.2940000000001,1,NPC R Hand [RHnd],hand,R,bare,4.0,8.334,280.226,280.226,280.226,-1,285.981,285.981,ragdoll,423.828,12.137,Static,Carpet,shape,False,False,,1.0,1.0,4.003800542934705,32.06083757520848,16.01520217173882
Proventus_Avenicci_impacts_log_2,Proventus_Avenicci,male,True,"requested-capture repeat-2 (2/13): identical scripted knockdown, 2 of 3 - run-to-run variance",naked,1476.014,114.29500000000007,1,NPC L Hand [LHnd],hand,L,bare,4.0,8.334,337.859,337.859,337.859,-1,299.855,299.855,ragdoll,448.913,4.389,Static,Carpet,shape,False,False,,1.0,1.0,4.827246749535648,46.604622361804964,19.308986998142593
Proventus_Avenicci_impacts_log_2,Proventus_Avenicci,male,True,"requested-capture repeat-2 (2/13): identical scripted knockdown, 2 of 3 - run-to-run variance",naked,1476.016,36.21499999999992,1,NPC L Hand [LHnd],hand,L,bare,4.0,8.334,337.859,337.859,337.859,-1,302.027,302.027,ragdoll,448.913,4.389,Static,Wood,shape,False,False,,1.0,1.0,4.827246749535648,46.604622361804964,19.308986998142593
Proventus_Avenicci_impacts_log_2,Proventus_Avenicci,male,True,"requested-capture repeat-2 (2/13): identical scripted knockdown, 2 of 3 - run-to-run variance",naked,1493.37,273.2710000000002,1,NPC R Hand [RHnd],hand,R,bare,4.0,8.334,102.787,102.787,102.787,-1,101.936,101.936,ragdoll,193.207,40.749,Static,Wood,shape,False,False,,1.0,1.0,1.4685955136448066,4.313545565395306,5.874382054579226
Proventus_Avenicci_impacts_log_2,Proventus_Avenicci,male,True,"requested-capture repeat-2 (2/13): identical scripted knockdown, 2 of 3 - run-to-run variance",naked,1669.197,136.99300000000017,1,NPC L Calf [LClf],leg,L,bare,6.0,19.675,16.759,16.759,16.759,-1,182.529,182.529,ragdoll,250.521,3.333,Static,Wood,shape,False,False,,1.0,1.0,0.23944849264180598,0.17200674188529902,1.4366909558508358
Proventus_Avenicci_impacts_log_2,Proventus_Avenicci,male,True,"requested-capture repeat-2 (2/13): identical scripted knockdown, 2 of 3 - run-to-run variance",naked,1493.376,0.4210000000000491,1,NPC R Forearm [RLar],arm,R,bare,6.0,11.658,47.877,47.877,47.877,-1,216.954,216.954,ragdoll,341.957,9.041,Static,Carpet,shape,False,False,,1.0,1.0,0.6840548649807117,1.403793174911339,4.10432918988427
Proventus_Avenicci_impacts_log_2,Proventus_Avenicci,male,True,"requested-capture repeat-2 (2/13): identical scripted knockdown, 2 of 3 - run-to-run variance",naked,1512.588,313.08799999999997,1,NPC R Forearm [RLar],arm,R,bare,6.0,11.658,59.03,59.03,59.03,-1,137.962,137.962,ragdoll,177.397,4.55,Static,Carpet,shape,False,False,,1.0,1.0,0.843406200885841,2.1340020590780626,5.060437205315045
Proventus_Avenicci_impacts_log_2,Proventus_Avenicci,male,True,"requested-capture repeat-2 (2/13): identical scripted knockdown, 2 of 3 - run-to-run variance",naked,1493.377,234.05999999999995,1,NPC L Forearm [LLar],arm,L,bare,2.0,11.658,29.192,29.192,29.192,-1,174.715,174.715,ragdoll,197.936,11.335,Static,Carpet,shape,False,False,,1.0,0.0,0.4170881554507787,0.17396252941733295,0.8341763109015574
Proventus_Avenicci_impacts_log_2,Proventus_Avenicci,male,True,"requested-capture repeat-2 (2/13): identical scripted knockdown, 2 of 3 - run-to-run variance",naked,1531.933,97.96900000000005,2,NPC L Forearm [LLar],arm,L,bare,2.0,11.658,109.258,109.258,109.258,-1,251.019,251.019,ragdoll,262.171,17.232,Static,Wood,shape,False,False,,1.0,1.0,1.561051578796971,2.4368820316645157,3.122103157593942
Proventus_Avenicci_impacts_log_2,Proventus_Avenicci,male,True,"requested-capture repeat-2 (2/13): identical scripted knockdown, 2 of 3 - run-to-run variance",naked,1512.589,97.36800000000017,1,NPC Spine1 [Spn1],torso,-,bare,4.0,18.878,20.527,20.527,20.527,-1,67.779,67.779,ragdoll,135.959,4.815,Static,Carpet,shape,False,False,,1.0,1.0,0.293284754964995,0.17203189498975432,1.17313901985998
Proventus_Avenicci_impacts_log_2,Proventus_Avenicci,male,True,"requested-capture repeat-2 (2/13): identical scripted knockdown, 2 of 3 - run-to-run variance",naked,1531.942,137.60400000000004,1,NPC L Forearm [LLar],arm,L,bare,2.0,11.658,94.917,94.917,94.917,-1,256.955,256.955,ragdoll,262.171,17.232,Static,Wood,shape,False,False,,1.0,1.0,1.356150878696957,1.8391452057905284,2.712301757393914
Proventus_Avenicci_impacts_log_2,Proventus_Avenicci,male,True,"requested-capture repeat-2 (2/13): identical scripted knockdown, 2 of 3 - run-to-run variance",naked,1550.926,137.36599999999999,1,NPC L UpperArm [LUar],arm,L,bare,2.0,14.463,23.764,23.764,23.764,-1,131.573,131.573,ragdoll,222.286,9.937,Static,Carpet,shape,False,False,,1.0,1.0,0.33953421917416776,0.11528348599021179,0.6790684383483355
Proventus_Avenicci_impacts_log_2,Proventus_Avenicci,male,True,"requested-capture repeat-2 (2/13): identical scripted knockdown, 2 of 3 - run-to-run variance",naked,1551.356,98.64100000000008,1,NPC Spine2 [Spn2],torso,-,bare,7.0,23.052,194.925,194.925,194.925,-1,141.291,141.291,ragdoll,308.191,12.714,Static,Carpet,shape,False,False,,1.0,1.0,2.7850407201028724,27.14758134420894,19.495285040720105
Proventus_Avenicci_impacts_log_2,Proventus_Avenicci,male,True,"requested-capture repeat-2 (2/13): identical scripted knockdown, 2 of 3 - run-to-run variance",naked,1551.361,39.355999999999995,1,NPC Head [Head],head,-,bare,4.0,15.108,543.471,543.471,543.471,-1,332.634,332.634,ragdoll,571.08,30.955,Static,Wood,shape,False,False,,1.0,1.0,7.764980711530219,120.5898509008727,31.059922846120877
Proventus_Avenicci_impacts_log_2,Proventus_Avenicci,male,True,"requested-capture repeat-2 (2/13): identical scripted knockdown, 2 of 3 - run-to-run variance",naked,1570.966,19.748000000000047,1,NPC L Hand [LHnd],hand,L,bare,4.0,8.334,30.254,30.254,30.254,-1,157.385,157.385,ragdoll,172.946,13.229,Static,Carpet,shape,False,False,,0.9616,1.0,0.4322617516788113,0.37370044392886864,1.7290470067152452
Proventus_Avenicci_impacts_log_2,Proventus_Avenicci,male,True,"requested-capture repeat-2 (2/13): identical scripted knockdown, 2 of 3 - run-to-run variance",naked,1590.316,39.23900000000003,1,NPC L UpperArm [LUar],arm,L,bare,2.0,14.463,20.88,20.88,20.88,-1,94.612,94.612,ragdoll,172.168,6.403,Static,Wood,shape,False,False,,1.0,1.0,0.2983283326189456,0.08899979404320024,0.5966566652378912
Proventus_Avenicci_impacts_log_2,Proventus_Avenicci,male,True,"requested-capture repeat-2 (2/13): identical scripted knockdown, 2 of 3 - run-to-run variance",naked,1649.6,215.6880000000001,1,NPC R Foot [Rft ],foot,R,bare,3.0,10.011,210.835,210.835,210.835,-1,208.563,208.563,ragdoll,254.822,6.351,Static,Carpet,shape,False,False,,1.0,1.0,3.0123589084154885,13.61145928966523,9.037076725246465
Proventus_Avenicci_impacts_log_2,Proventus_Avenicci,male,True,"requested-capture repeat-2 (2/13): identical scripted knockdown, 2 of 3 - run-to-run variance",naked,1649.999,38.299999999999955,1,NPC L UpperArm [LUar],arm,L,bare,2.0,14.463,27.083,27.083,27.083,-1,160.359,160.359,ragdoll,179.524,3.852,Static,Carpet,shape,False,False,,0.9682,1.0,0.38695527932561796,0.14973438819796703,0.7739105586512359
Proventus_Avenicci_impacts_log_2,Proventus_Avenicci,male,True,"requested-capture repeat-2 (2/13): identical scripted knockdown, 2 of 3 - run-to-run variance",naked,1727.847,137.07400000000007,1,NPC R Forearm [RLar],arm,R,bare,6.0,11.658,29.839,29.839,29.839,-1,179.392,179.392,ragdoll,195.599,1.807,Static,Wood,shape,False,False,,1.0,1.0,0.42633233319045577,0.5452777749708534,2.5579939991427345
Proventus_Avenicci_impacts_log_2,Proventus_Avenicci,male,True,"requested-capture repeat-2 (2/13): identical scripted knockdown, 2 of 3 - run-to-run variance",naked,1747.402,156.80099999999993,1,NPC R Thigh [RThg],leg,R,bare,6.0,20.487,42.702,42.702,42.702,-1,140.696,140.696,ragdoll,160.449,2.293,Static,Wood,shape,False,False,,1.0,1.0,0.6101157308186884,1.1167236149772668,3.6606943849121305
Proventus_Avenicci_impacts_log_2,Proventus_Avenicci,male,True,"requested-capture repeat-2 (2/13): identical scripted knockdown, 2 of 3 - run-to-run variance",naked,1786.143,20.49000000000001,1,NPC R Forearm [RLar],arm,R,bare,6.0,11.658,60.489,60.489,60.489,-1,180.515,180.515,ragdoll,188.078,2.257,Static,Carpet,shape,False,False,,0.9557,1.0,0.8642520360051437,2.2407947452171086,5.185512216030862
Proventus_Avenicci_impacts_log_2,Proventus_Avenicci,male,True,"requested-capture repeat-2 (2/13): identical scripted knockdown, 2 of 3 - run-to-run variance",naked,1923.644,267.7610000000002,1,NPC R Thigh [RThg],leg,R,bare,6.0,20.487,20.45,20.45,20.45,-1,103.596,103.596,ragdoll,100.432,1.139,Static,Carpet,shape,False,False,,0.9634,1.0,0.2921845977996857,0.2561155175740923,1.753107586798114
Proventus_Avenicci_impacts_log_2,Proventus_Avenicci,male,True,"requested-capture repeat-2 (2/13): identical scripted knockdown, 2 of 3 - run-to-run variance",naked,2151.917,58.38099999999986,1,NPC L Calf [LClf],leg,L,bare,6.0,19.675,41.771,41.771,41.771,-1,11.293,11.293,ragdoll,105.937,5.006,Static,Carpet,shape,False,False,,0.9674,1.0,0.596813830547221,1.0685602449973413,3.580882983283326
Proventus_Avenicci_impacts_log_3,Proventus_Avenicci,male,True,"requested-capture repeat-3 (3/13): identical scripted knockdown, 3 of 3 - run-to-run variance",naked,871.848,592.673,2,NPC Spine2 [Spn2],torso,-,bare,7.0,23.052,75.12,75.12,75.12,-1,295.839,295.839,ragdoll,382.101,6.077,DeadBip,Skin,shape,True,False,NPC R Forearm [RLar],0.8301,1.0,1.0732961851693101,4.031876453846479,7.513073296185171
Proventus_Avenicci_impacts_log_3,Proventus_Avenicci,male,True,"requested-capture repeat-3 (3/13): identical scripted knockdown, 3 of 3 - run-to-run variance",naked,871.853,647.3260000000001,2,NPC Spine1 [Spn1],torso,-,bare,4.0,18.878,52.017,52.017,52.017,-1,404.55,404.55,ragdoll,270.596,6.004,DeadBip,Skin,shape,True,False,NPC R Forearm [RLar],0.2833,1.0,0.7432061723103301,1.1047108291203442,2.9728246892413206
Proventus_Avenicci_impacts_log_3,Proventus_Avenicci,male,True,"requested-capture repeat-3 (3/13): identical scripted knockdown, 3 of 3 - run-to-run variance",naked,871.853,0.4420000000000073,2,NPC L Thigh [LThg],leg,L,bare,6.0,20.487,15.328,15.328,15.328,-1,136.287,136.287,ragdoll,446.684,2.758,DeadBip,Skin,shape,True,False,NPC R Calf [RClf],0.2865,1.0,0.2190027146735248,0.14388656710311995,1.3140162880411488
Proventus_Avenicci_impacts_log_3,Proventus_Avenicci,male,True,"requested-capture repeat-3 (3/13): identical scripted knockdown, 3 of 3 - run-to-run variance",naked,892.692,39.71899999999994,2,NPC L Thigh [LThg],leg,L,bare,6.0,20.487,92.091,92.091,92.091,-1,64.922,64.922,ragdoll,354.394,3.154,DeadBip,Skin,shape,True,False,NPC R Calf [RClf],0.3164,1.0,1.315773681954565,5.193781146372817,7.894642091727389
Proventus_Avenicci_impacts_log_3,Proventus_Avenicci,male,True,"requested-capture repeat-3 (3/13): identical scripted knockdown, 3 of 3 - run-to-run variance",naked,871.855,136.39,2,NPC Spine2 [Spn2],torso,-,bare,7.0,23.052,51.89,51.89,51.89,-1,633.582,633.582,ragdoll,382.101,6.077,DeadBip,Skin,shape,True,False,NPC L Forearm [LLar],0.7431,1.0,0.7413916273753394,1.9238154079978893,5.189741391627376
Proventus_Avenicci_impacts_log_3,Proventus_Avenicci,male,True,"requested-capture repeat-3 (3/13): identical scripted knockdown, 3 of 3 - run-to-run variance",naked,871.857,20.504999999999995,2,NPC Spine [Spn0],torso,-,bare,4.0,17.297,69.043,69.043,69.043,-1,281.999,281.999,ragdoll,363.726,3.746,DeadBip,Skin,shape,True,False,NPC L Hand [LHnd],0.4747,1.0,0.9864694956422347,1.9462441316652899,3.945877982568939
Proventus_Avenicci_impacts_log_3,Proventus_Avenicci,male,True,"requested-capture repeat-3 (3/13): identical scripted knockdown, 3 of 3 - run-to-run variance",naked,871.861,20.503000000000043,2,NPC R Thigh [RThg],leg,R,bare,6.0,20.487,26.484,26.484,26.484,-1,178.038,178.038,ragdoll,386.231,3.555,DeadBip,Skin,shape,True,False,NPC L Calf [LClf],0.2567,1.0,0.37839691384483504,0.4295526732218865,2.27038148306901
Proventus_Avenicci_impacts_log_3,Proventus_Avenicci,male,True,"requested-capture repeat-3 (3/13): identical scripted knockdown, 3 of 3 - run-to-run variance",naked,892.695,58.865999999999985,2,NPC R Thigh [RThg],leg,R,bare,6.0,20.487,102.49,102.49,102.49,-1,25.896,25.896,ragdoll,342.557,3.365,DeadBip,Skin,shape,True,False,NPC L Calf [LClf],0.2543,1.0,1.464352050292899,6.432980781591052,8.786112301757395
Proventus_Avenicci_impacts_log_3,Proventus_Avenicci,male,True,"requested-capture repeat-3 (3/13): identical scripted knockdown, 3 of 3 - run-to-run variance",naked,1536.914,71.00800000000004,2,NPC R Thigh [RThg],leg,R,bare,6.0,20.487,50.473,50.473,50.473,-1,35.118,35.118,ragdoll,288.937,3.293,DeadBip,Skin,shape,True,False,NPC L Calf [LClf],-0.1931,1.0,0.721145877982569,1.5601541319937509,4.326875267895414
Proventus_Avenicci_impacts_log_3,Proventus_Avenicci,male,True,"requested-capture repeat-3 (3/13): identical scripted knockdown, 3 of 3 - run-to-run variance",naked,871.861,79.70100000000002,2,NPC R Thigh [RThg],leg,R,bare,6.0,20.487,39.617,39.617,39.617,-1,130.913,130.913,ragdoll,386.231,3.555,DeadBip,Skin,shape,True,False,NPC R Forearm [RLar],-0.6123,1.0,0.566038005429347,0.9611970707713005,3.396228032576082
Proventus_Avenicci_impacts_log_3,Proventus_Avenicci,male,True,"requested-capture repeat-3 (3/13): identical scripted knockdown, 3 of 3 - run-to-run variance",naked,871.865,60.54899999999998,2,NPC COM [COM ],torso,-,bare,50.0,17.687,78.73,78.73,78.73,-1,254.792,254.792,ragdoll,378.89,13.599,DeadBip,Skin,shape,True,False,NPC R Hand [RHnd],0.0969,1.0,1.124874982140306,31.63359313612884,56.2437491070153
Proventus_Avenicci_impacts_log_3,Proventus_Avenicci,male,True,"requested-capture repeat-3 (3/13): identical scripted knockdown, 3 of 3 - run-to-run variance",naked,871.866,40.337999999999965,2,NPC Spine [Spn0],torso,-,bare,4.0,17.297,196.684,196.684,196.684,-1,206.671,206.671,ragdoll,363.726,3.746,DeadBip,Skin,shape,True,False,NPC R Hand [RHnd],0.575,1.0,2.810172881840263,15.794143251660818,11.240691527361053
Proventus_Avenicci_impacts_log_3,Proventus_Avenicci,male,True,"requested-capture repeat-3 (3/13): identical scripted knockdown, 3 of 3 - run-to-run variance",naked,871.866,60.92500000000007,2,NPC R Thigh [RThg],leg,R,bare,6.0,20.487,10.33,10.33,10.33,-1,204.049,204.049,ragdoll,386.231,3.555,DeadBip,Skin,shape,True,False,NPC R Hand [RHnd],-0.1881,1.0,0.14759251321617375,0.06535064987239927,0.8855550792970426
Proventus_Avenicci_impacts_log_3,Proventus_Avenicci,male,True,"requested-capture repeat-3 (3/13): identical scripted knockdown, 3 of 3 - run-to-run variance",naked,1349.315,97.60299999999984,2,NPC L Calf [LClf],leg,L,bare,6.0,19.675,12.494,12.494,12.494,-1,2.939,2.939,ragdoll,324.449,3.221,DeadBip,Skin,shape,True,False,NPC R Foot [Rft ],0.2415,1.0,0.17851121588798402,0.09559876259341932,1.0710672953279041
Proventus_Avenicci_impacts_log_3,Proventus_Avenicci,male,True,"requested-capture repeat-3 (3/13): identical scripted knockdown, 3 of 3 - run-to-run variance",naked,1369.096,95.78800000000001,2,NPC R Calf [RClf],leg,R,bare,6.0,19.675,8.174,8.174,8.174,-1,0.941,0.941,ragdoll,311.86,3.059,DeadBip,Skin,shape,True,False,NPC L Calf [LClf],-0.3118,1.0,0.1167881125875125,0.04091838972526048,0.700728675525075
Proventus_Avenicci_impacts_log_3,Proventus_Avenicci,male,True,"requested-capture repeat-3 (3/13): identical scripted knockdown, 3 of 3 - run-to-run variance",naked,1427.564,180.35899999999992,1,NPC R Thigh [RThg],leg,R,bare,6.0,20.487,202.85,202.85,202.85,-1,234.343,234.343,ragdoll,353.025,2.453,Static,Carpet,shape,False,False,,1.0,1.0,2.898271181597371,25.199927526233466,17.389627089584227
Proventus_Avenicci_impacts_log_3,Proventus_Avenicci,male,True,"requested-capture repeat-3 (3/13): identical scripted knockdown, 3 of 3 - run-to-run variance",naked,1607.924,412.71399999999994,1,NPC R Thigh [RThg],leg,R,bare,6.0,20.487,17.622,17.622,17.622,-1,276.568,276.568,ragdoll,244.883,4.162,Static,Carpet,shape,False,False,,1.0,1.0,0.25177882554650666,0.1901777309807347,1.51067295327904
Proventus_Avenicci_impacts_log_3,Proventus_Avenicci,male,True,"requested-capture repeat-3 (3/13): identical scripted knockdown, 3 of 3 - run-to-run variance",naked,1626.658,709.5640000000003,3,NPC R Calf [RClf],leg,R,bare,6.0,19.675,8.669,15.01,8.669,-1,275.286,275.286,ragdoll,215.45,6.328,Static,Carpet,shape,False,False,,1.0,1.0,0.2144592084583512,0.13797825627774762,1.2867552507501072
Proventus_Avenicci_impacts_log_3,Proventus_Avenicci,male,True,"requested-capture repeat-3 (3/13): identical scripted knockdown, 3 of 3 - run-to-run variance",naked,1446.586,17.93399999999997,2,NPC R Calf [RClf],leg,R,bare,6.0,19.675,102.425,102.425,102.425,-1,257.212,257.212,ragdoll,218.909,2.803,DeadBip,Skin,shape,True,False,NPC L Foot [Lft ],-0.4075,1.0,1.4634233461923132,6.424823670542121,8.78054007715388
Proventus_Avenicci_impacts_log_3,Proventus_Avenicci,male,True,"requested-capture repeat-3 (3/13): identical scripted knockdown, 3 of 3 - run-to-run variance",naked,1446.591,445.9150000000002,3,NPC L Thigh [LThg],leg,L,bare,6.0,20.487,216.337,216.337,216.337,-1,252.718,264.636,ragdoll,372.008,2.5,Static,Carpet,shape,False,False,,1.0,1.0,3.0909701385912274,28.662289192988016,18.545820831547363
Proventus_Avenicci_impacts_log_3,Proventus_Avenicci,male,True,"requested-capture repeat-3 (3/13): identical scripted knockdown, 3 of 3 - run-to-run variance",naked,1572.099,205.788,1,NPC L Calf [LClf],leg,L,bare,6.0,19.675,80.188,80.188,80.188,-1,239.89,239.89,ragdoll,262.239,3.318,Static,Carpet,shape,False,False,,1.0,1.0,1.145706529504215,3.9379303552457783,6.87423917702529
Proventus_Avenicci_impacts_log_3,Proventus_Avenicci,male,True,"requested-capture repeat-3 (3/13): identical scripted knockdown, 3 of 3 - run-to-run variance",naked,1446.92,54.052999999999884,1,NPC COM [COM ],torso,-,bare,50.0,17.687,284.085,284.085,284.085,-1,238.248,238.248,ragdoll,394.882,3.677,Static,Carpet,shape,False,False,,1.0,1.0,4.058936990998714,411.8742374224424,202.9468495499357
Proventus_Avenicci_impacts_log_3,Proventus_Avenicci,male,True,"requested-capture repeat-3 (3/13): identical scripted knockdown, 3 of 3 - run-to-run variance",naked,1500.976,372.80899999999997,1,NPC COM [COM ],torso,-,bare,50.0,17.687,10.819,10.819,10.819,-1,88.04,88.04,ragdoll,178.508,9.464,Static,Carpet,shape,False,False,,1.0,1.0,0.1545792256036577,0.5973684247056626,7.728961280182885
Proventus_Avenicci_impacts_log_3,Proventus_Avenicci,male,True,"requested-capture repeat-3 (3/13): identical scripted knockdown, 3 of 3 - run-to-run variance",naked,1892.143,90.80899999999997,1,NPC R Thigh [RThg],leg,R,bare,6.0,20.487,10.977,10.977,10.977,-1,142.972,142.972,ragdoll,134.703,1.757,Static,Wood,shape,False,False,,1.0,1.0,0.15683669095585084,0.0737932428899432,0.9410201457351051
Proventus_Avenicci_impacts_log_3,Proventus_Avenicci,male,True,"requested-capture repeat-3 (3/13): identical scripted knockdown, 3 of 3 - run-to-run variance",naked,1464.886,332.905,2,NPC Spine [Spn0],torso,-,bare,4.0,17.297,124.309,124.309,124.309,-1,124.786,170.69,ragdoll,231.536,16.677,Static,Carpet,shape,False,False,,1.0,1.0,1.776096585226461,6.309038160106191,7.104386340905844
Proventus_Avenicci_impacts_log_3,Proventus_Avenicci,male,True,"requested-capture repeat-3 (3/13): identical scripted knockdown, 3 of 3 - run-to-run variance",naked,1464.889,89.28600000000006,1,NPC COM [COM ],torso,-,bare,50.0,17.687,7.044,7.044,7.044,-1,35.22,35.22,ragdoll,205.571,16.421,Static,Wood,shape,False,False,,1.0,0.0,0.10064294899271324,0.253225079548747,5.032147449635662
Proventus_Avenicci_impacts_log_3,Proventus_Avenicci,male,True,"requested-capture repeat-3 (3/13): identical scripted knockdown, 3 of 3 - run-to-run variance",naked,1500.978,88.2639999999999,1,NPC R Hand [RHnd],hand,R,bare,4.0,8.334,283.761,283.761,283.761,-1,317.859,317.859,ragdoll,440.677,21.132,Static,Carpet,shape,False,False,,1.0,1.0,4.05430775825118,32.87482279723141,16.21723103300472
Proventus_Avenicci_impacts_log_3,Proventus_Avenicci,male,True,"requested-capture repeat-3 (3/13): identical scripted knockdown, 3 of 3 - run-to-run variance",naked,1501.372,237.90599999999995,2,NPC Spine1 [Spn1],torso,-,bare,4.0,18.878,212.226,212.226,212.226,-1,18.342,18.342,ragdoll,334.182,16.075,Static,Carpet,shape,False,False,,1.0,1.0,3.0322331761680243,18.38887606930805,12.128932704672097
Proventus_Avenicci_impacts_log_3,Proventus_Avenicci,male,True,"requested-capture repeat-3 (3/13): identical scripted knockdown, 3 of 3 - run-to-run variance",naked,1501.373,35.200000000000045,1,NPC R Forearm [RLar],arm,R,bare,6.0,11.658,67.58,67.58,67.58,-1,234.577,234.577,ragdoll,358.324,30.739,Static,Carpet,shape,False,False,,1.0,1.0,0.9655665095013574,2.7969560528119044,5.793399057008144
Proventus_Avenicci_impacts_log_3,Proventus_Avenicci,male,True,"requested-capture repeat-3 (3/13): identical scripted knockdown, 3 of 3 - run-to-run variance",naked,1554.702,242.712,1,NPC R Forearm [RLar],arm,R,bare,6.0,11.658,13.518,13.518,13.518,-1,200.454,200.454,ragdoll,161.152,9.134,Static,Carpet,shape,False,False,,1.0,1.0,0.19314187741105876,0.11191135442960534,1.1588512644663527
Proventus_Avenicci_impacts_log_3,Proventus_Avenicci,male,True,"requested-capture repeat-3 (3/13): identical scripted knockdown, 3 of 3 - run-to-run variance",naked,1644.859,57.327999999999975,1,NPC R Forearm [RLar],arm,R,bare,6.0,11.658,35.762,35.762,35.762,-1,212.993,212.993,ragdoll,201.495,8.812,Static,Wood,shape,False,False,,1.0,1.0,0.5109587083869125,0.7832364050292657,3.065752250321475
Proventus_Avenicci_impacts_log_3,Proventus_Avenicci,male,True,"requested-capture repeat-3 (3/13): identical scripted knockdown, 3 of 3 - run-to-run variance",naked,1519.184,163.663,2,NPC Spine2 [Spn2],torso,-,bare,7.0,23.052,284.353,284.353,284.353,-1,162.286,162.286,ragdoll,385.066,5.935,Static,Carpet,shape,False,False,,1.0,1.0,4.0627661094442065,57.77123961016945,28.439362766109447
Proventus_Avenicci_impacts_log_3,Proventus_Avenicci,male,True,"requested-capture repeat-3 (3/13): identical scripted knockdown, 3 of 3 - run-to-run variance",naked,1554.183,224.08300000000008,2,NPC L Hand [LHnd],hand,L,bare,4.0,8.334,354.876,354.876,354.876,-1,400.504,400.504,ragdoll,470.996,17.959,Static,Carpet,shape,False,False,,1.0,1.0,5.07038148306901,51.41753676769819,20.28152593227604
Proventus_Avenicci_impacts_log_3,Proventus_Avenicci,male,True,"requested-capture repeat-3 (3/13): identical scripted knockdown, 3 of 3 - run-to-run variance",naked,1554.689,523.0959999999998,1,NPC R Calf [RClf],leg,R,bare,6.0,19.675,30.009,30.009,30.009,-1,329.433,329.433,ragdoll,240.468,5.041,Static,Wood,shape,False,False,,1.0,1.0,0.4287612516073725,0.5515086326397618,2.572567509644235
Proventus_Avenicci_impacts_log_3,Proventus_Avenicci,male,True,"requested-capture repeat-3 (3/13): identical scripted knockdown, 3 of 3 - run-to-run variance",naked,1571.369,17.879000000000133,1,NPC Spine2 [Spn2],torso,-,bare,7.0,23.052,67.675,67.675,67.675,-1,32.842,32.842,ragdoll,195.528,13.33,Static,Wood,shape,False,False,,1.0,1.0,0.9669238462637519,3.2722960356572073,6.768466923846264
Proventus_Avenicci_impacts_log_3,Proventus_Avenicci,male,True,"requested-capture repeat-3 (3/13): identical scripted knockdown, 3 of 3 - run-to-run variance",naked,1571.371,73.49099999999999,1,NPC L UpperArm [LUar],arm,L,bare,2.0,14.463,124.0,124.0,124.0,-1,49.639,49.639,ragdoll,240.668,17.543,Static,Carpet,shape,False,False,,1.0,1.0,1.77168166880983,3.1388559355967844,3.54336333761966
Proventus_Avenicci_impacts_log_3,Proventus_Avenicci,male,True,"requested-capture repeat-3 (3/13): identical scripted knockdown, 3 of 3 - run-to-run variance",naked,1644.863,56.89499999999998,1,NPC L UpperArm [LUar],arm,L,bare,2.0,14.463,39.724,39.724,39.724,-1,199.779,199.779,ragdoll,213.151,2.375,Static,Carpet,shape,False,False,,0.9995,1.0,0.5675667952564653,0.3221320670776944,1.1351335905129305
Proventus_Avenicci_impacts_log_3,Proventus_Avenicci,male,True,"requested-capture repeat-3 (3/13): identical scripted knockdown, 3 of 3 - run-to-run variance",naked,1571.372,168.33299999999986,1,NPC L Forearm [LLar],arm,L,bare,2.0,11.658,55.045,55.045,55.045,-1,155.86,155.86,ragdoll,299.704,12.962,Static,Carpet,shape,False,False,,1.0,1.0,0.7864694956422347,0.618534267575751,1.5729389912844693
Proventus_Avenicci_impacts_log_3,Proventus_Avenicci,male,True,"requested-capture repeat-3 (3/13): identical scripted knockdown, 3 of 3 - run-to-run variance",naked,1571.374,0.7390000000000327,1,NPC Head [Head],head,-,bare,4.0,15.108,35.727,35.727,35.727,-1,26.795,26.795,ragdoll,236.252,18.297,Static,Wood,shape,False,False,,1.0,1.0,0.5104586369481354,0.5211360400698967,2.0418345477925417
Proventus_Avenicci_impacts_log_3,Proventus_Avenicci,male,True,"requested-capture repeat-3 (3/13): identical scripted knockdown, 3 of 3 - run-to-run variance",naked,1572.103,206.1579999999999,1,NPC L Thigh [LThg],leg,L,bare,6.0,20.487,63.521,63.521,63.521,-1,270.102,270.102,ragdoll,238.901,4.369,Static,Wood,shape,False,False,,1.0,1.0,0.9075725103586227,2.471063584675957,5.445435062151736
Proventus_Avenicci_impacts_log_3,Proventus_Avenicci,male,True,"requested-capture repeat-3 (3/13): identical scripted knockdown, 3 of 3 - run-to-run variance",naked,1682.855,209.29099999999994,1,NPC R Foot [Rft ],foot,R,bare,3.0,10.011,168.992,168.992,168.992,-1,336.593,336.593,ragdoll,270.27,10.941,Static,Carpet,shape,False,False,,1.0,1.0,2.4145163594799257,8.74483387529429,7.243549078439777
Proventus_Avenicci_impacts_log_3,Proventus_Avenicci,male,True,"requested-capture repeat-3 (3/13): identical scripted knockdown, 3 of 3 - run-to-run variance",naked,1701.766,56.98900000000003,1,NPC L Forearm [LLar],arm,L,bare,2.0,11.658,71.514,71.514,71.514,-1,221.258,221.258,ragdoll,231.418,2.497,Static,Carpet,shape,False,False,,0.9971,1.0,1.0217745392198885,1.0440232089980155,2.043549078439777
Proventus_Avenicci_impacts_log_3,Proventus_Avenicci,male,True,"requested-capture repeat-3 (3/13): identical scripted knockdown, 3 of 3 - run-to-run variance",naked,1873.78,18.351000000000113,1,NPC R Thigh [RThg],leg,R,bare,6.0,20.487,24.768,24.768,24.768,-1,157.233,157.233,ragdoll,140.39,1.89,Static,Wood,shape,False,False,,1.0,1.0,0.35387912558936996,0.37569130658369126,2.1232747535362195
Proventus_Avenicci_impacts_log_3,Proventus_Avenicci,male,True,"requested-capture repeat-3 (3/13): identical scripted knockdown, 3 of 3 - run-to-run variance",naked,1928.83,91.36400000000003,1,NPC R Thigh [RThg],leg,R,bare,6.0,20.487,37.713,37.713,37.713,-1,104.267,104.267,ragdoll,118.466,1.513,Static,Carpet,shape,False,False,,0.9674,1.0,0.53883411915988,0.8710266239124111,3.23300471495928
Proventus_Avenicci_impacts_log_3,Proventus_Avenicci,male,True,"requested-capture repeat-3 (3/13): identical scripted knockdown, 3 of 3 - run-to-run variance",naked,2020.197,19.06600000000003,1,NPC R Thigh [RThg],leg,R,bare,6.0,20.487,22.146,22.146,22.146,-1,102.885,102.885,ragdoll,95.054,2.3,Static,Carpet,shape,False,False,,0.9797,1.0,0.31641663094727823,0.30035845302007824,1.8984997856836694
Proventus_Avenicci_impacts_log_3,Proventus_Avenicci,male,True,"requested-capture repeat-3 (3/13): identical scripted knockdown, 3 of 3 - run-to-run variance",naked,2335.839,0.38400000000001455,1,NPC R Foot [Rft ],foot,R,bare,3.0,10.011,6.398,6.398,6.398,-1,40.803,40.803,ragdoll,37.047,1.06,Static,Carpet,shape,False,False,,0.9994,1.0,0.09141305900842978,0.012534521035917994,0.2742391770252893
Proventus_Avenicci_impacts_log_4,Proventus_Avenicci,male,True,requested-capture slide (4/13): flat shove along the floor - scrape rather than thud,naked,955.861,21.408000000000015,1,NPC L Foot [Lft ],foot,L,bare,3.0,10.011,18.926,18.926,18.926,-1,54.194,54.194,ragdoll,338.56,47.016,Static,Wood,shape,False,False,,1.0,1.0,0.2704100585797971,0.10968239967169396,0.8112301757393914
Proventus_Avenicci_impacts_log_4,Proventus_Avenicci,male,True,requested-capture slide (4/13): flat shove along the floor - scrape rather than thud,naked,955.863,21.406999999999925,1,NPC L Foot [Lft ],foot,L,bare,3.0,10.011,18.926,18.926,18.926,-1,109.539,109.539,ragdoll,338.56,47.016,Static,Carpet,shape,False,False,,1.0,1.0,0.2704100585797971,0.10968239967169396,0.8112301757393914
Proventus_Avenicci_impacts_log_4,Proventus_Avenicci,male,True,requested-capture slide (4/13): flat shove along the floor - scrape rather than thud,naked,955.865,1144.5669999999998,4,NPC R Thigh [RThg],leg,R,bare,6.0,20.487,5.264,5.264,5.264,-1,33.998,33.998,ragdoll,795.959,10.148,DeadBip,Skin,shape,True,False,NPC L Thigh [LThg],-0.0217,1.0,0.07521074439205602,0.016969968216021557,0.45126446635233614
Proventus_Avenicci_impacts_log_4,Proventus_Avenicci,male,True,requested-capture slide (4/13): flat shove along the floor - scrape rather than thud,naked,1721.058,107.84400000000005,2,NPC R Thigh [RThg],leg,R,bare,6.0,20.487,18.337,18.337,18.337,-1,27.415,27.415,ragdoll,804.379,2.932,DeadBip,Skin,shape,True,False,NPC L Calf [LClf],-0.2199,1.0,0.26199457065295045,0.20592346515487156,1.5719674239177026
Proventus_Avenicci_impacts_log_4,Proventus_Avenicci,male,True,requested-capture slide (4/13): flat shove along the floor - scrape rather than thud,naked,1973.352,41.67099999999982,2,NPC R Thigh [RThg],leg,R,bare,6.0,20.487,133.108,133.108,133.108,-1,622.496,622.496,ragdoll,478.759,12.374,DeadBip,Skin,shape,True,False,NPC L Calf [LClf],0.2874,1.0,1.9018145449349908,10.850695689978858,11.410887269609944
Proventus_Avenicci_impacts_log_4,Proventus_Avenicci,male,True,requested-capture slide (4/13): flat shove along the floor - scrape rather than thud,naked,955.87,42.58899999999994,1,NPC R Foot [Rft ],foot,R,bare,3.0,10.011,24.829,24.829,24.829,-1,85.027,85.027,ragdoll,331.288,39.945,Static,Wood,shape,False,False,,1.0,1.0,0.3547506786683812,0.1887720660235156,1.0642520360051437
Proventus_Avenicci_impacts_log_4,Proventus_Avenicci,male,True,requested-capture slide (4/13): flat shove along the floor - scrape rather than thud,naked,955.872,42.59000000000003,1,NPC R Foot [Rft ],foot,R,bare,3.0,10.011,24.829,24.829,24.829,-1,148.572,148.572,ragdoll,331.288,39.945,Static,Carpet,shape,False,False,,1.0,1.0,0.3547506786683812,0.1887720660235156,1.0642520360051437
Proventus_Avenicci_impacts_log_4,Proventus_Avenicci,male,True,requested-capture slide (4/13): flat shove along the floor - scrape rather than thud,naked,1490.22,610.211,2,NPC R Forearm [RLar],arm,R,bare,6.0,11.658,9.584,9.584,9.584,-1,17.158,17.158,ragdoll,748.06,7.043,DeadBip,Skin,shape,True,False,NPC Spine1 [Spn1],0.2871,1.0,0.1369338476925275,0.056252635931640954,0.8216030861551651
Proventus_Avenicci_impacts_log_4,Proventus_Avenicci,male,True,requested-capture slide (4/13): flat shove along the floor - scrape rather than thud,naked,1932.64,41.113999999999805,2,NPC R Hand [RHnd],hand,R,bare,4.0,8.334,98.793,98.793,98.793,-1,323.729,323.729,ragdoll,552.28,29.394,DeadBip,Skin,shape,True,False,NPC Spine [Spn0],-0.6768,1.0,1.4115302186026577,3.9848351160569333,5.646120874410631
Proventus_Avenicci_impacts_log_4,Proventus_Avenicci,male,True,requested-capture slide (4/13): flat shove along the floor - scrape rather than thud,naked,2015.414,42.67800000000011,2,NPC R Hand [RHnd],hand,R,bare,4.0,8.334,55.045,55.045,55.045,-1,221.972,221.972,ragdoll,274.499,27.571,DeadBip,Skin,shape,True,False,NPC Spine [Spn0],-0.7631,1.0,0.7864694956422347,1.237068535151502,3.1458779825689387
Proventus_Avenicci_impacts_log_4,Proventus_Avenicci,male,True,requested-capture slide (4/13): flat shove along the floor - scrape rather than thud,naked,1911.891,20.38799999999992,2,NPC Spine1 [Spn1],torso,-,bare,4.0,18.878,123.017,123.017,123.017,-1,267.533,267.533,ragdoll,618.633,16.005,DeadBip,Skin,shape,True,False,NPC L Forearm [LLar],0.6553,1.0,1.7576368052578941,6.178574278394353,7.0305472210315765
Proventus_Avenicci_impacts_log_4,Proventus_Avenicci,male,True,requested-capture slide (4/13): flat shove along the floor - scrape rather than thud,naked,1891.494,40.787000000000035,2,NPC L Forearm [LLar],arm,L,bare,2.0,11.658,89.121,89.121,89.121,-1,160.472,160.472,ragdoll,415.958,20.335,DeadBip,Skin,shape,True,False,NPC Spine2 [Spn2],-0.3892,1.0,1.2733390484354907,1.621392332270601,2.5466780968709815
Proventus_Avenicci_impacts_log_4,Proventus_Avenicci,male,True,requested-capture slide (4/13): flat shove along the floor - scrape rather than thud,naked,1932.655,20.44600000000014,2,NPC L Hand [LHnd],hand,L,bare,4.0,8.334,132.946,132.946,132.946,-1,336.198,336.198,ragdoll,369.457,18.902,DeadBip,Skin,shape,True,False,NPC L Thigh [LThg],-0.7409,1.0,1.899499928561223,7.216199957208183,7.597999714244892
Proventus_Avenicci_impacts_log_4,Proventus_Avenicci,male,True,requested-capture slide (4/13): flat shove along the floor - scrape rather than thud,naked,1086.208,85.91899999999987,2,NPC R Calf [RClf],leg,R,bare,6.0,19.675,11.541,11.541,11.541,-1,25.61,25.61,ragdoll,753.36,8.343,DeadBip,Skin,shape,True,False,NPC L Thigh [LThg],-0.2789,1.0,0.16489498499785685,0.0815710682323303,0.9893699099871411
Proventus_Avenicci_impacts_log_4,Proventus_Avenicci,male,True,requested-capture slide (4/13): flat shove along the floor - scrape rather than thud,naked,1721.061,107.84300000000007,2,NPC R Calf [RClf],leg,R,bare,6.0,19.675,18.397,18.397,18.397,-1,16.832,16.832,ragdoll,854.716,3.032,DeadBip,Skin,shape,True,False,NPC L Thigh [LThg],-0.272,1.0,0.2628518359765681,0.20727326302875793,1.5771110158594084
Proventus_Avenicci_impacts_log_4,Proventus_Avenicci,male,True,requested-capture slide (4/13): flat shove along the floor - scrape rather than thud,naked,1107.679,211.452,2,NPC R Calf [RClf],leg,R,bare,6.0,19.675,44.421,44.421,44.421,-1,28.557,28.557,ragdoll,769.698,7.108,DeadBip,Skin,shape,True,False,NPC L Calf [LClf],-0.3431,1.0,0.6346763823403344,1.208442330901843,3.8080582940420067
Proventus_Avenicci_impacts_log_4,Proventus_Avenicci,male,True,requested-capture slide (4/13): flat shove along the floor - scrape rather than thud,naked,1677.714,214.19600000000014,2,NPC R Calf [RClf],leg,R,bare,6.0,19.675,20.662,20.662,20.662,-1,11.836,11.836,ragdoll,854.397,3.14,DeadBip,Skin,shape,True,False,NPC L Calf [LClf],0.1764,1.0,0.29521360194313473,0.2614532123167188,1.7712816116588084
Proventus_Avenicci_impacts_log_4,Proventus_Avenicci,male,True,requested-capture slide (4/13): flat shove along the floor - scrape rather than thud,naked,1510.572,146.05000000000018,2,NPC L Hand [LHnd],hand,L,bare,4.0,8.334,97.97,97.97,97.97,-1,101.236,101.236,ragdoll,926.136,9.814,DeadBip,Skin,shape,True,False,NPC L Foot [Lft ],0.3677,1.0,1.3997713959137021,3.9187199216363884,5.599085583654809
Proventus_Avenicci_impacts_log_4,Proventus_Avenicci,male,True,requested-capture slide (4/13): flat shove along the floor - scrape rather than thud,naked,2036.48,42.139000000000124,2,NPC L Hand [LHnd],hand,L,bare,4.0,8.334,701.816,701.816,701.816,-1,1096.312,1096.312,ragdoll,199.231,58.73,DeadBip,Skin,shape,True,False,NPC L Foot [Lft ],-0.5931,1.0,10.027375339334192,201.096512391775,40.10950135733677
Proventus_Avenicci_impacts_log_4,Proventus_Avenicci,male,True,requested-capture slide (4/13): flat shove along the floor - scrape rather than thud,naked,1785.407,146.87599999999998,2,NPC Head [Head],head,-,bare,4.0,15.108,241.422,241.422,241.422,-1,445.344,445.344,ragdoll,557.722,5.348,Static,Carpet,shape,False,False,,1.0,1.0,3.4493784826403773,23.796423833004862,13.797513930561509
Proventus_Avenicci_impacts_log_4,Proventus_Avenicci,male,True,requested-capture slide (4/13): flat shove along the floor - scrape rather than thud,naked,1807.325,42.952,2,NPC R Hand [RHnd],hand,R,bare,4.0,8.334,17.177,17.177,17.177,-1,56.889,56.889,ragdoll,689.82,13.915,DeadBip,Skin,shape,True,False,NPC Spine2 [Spn2],-0.1143,1.0,0.24542077439634236,0.12046271301060074,0.9816830975853694
Proventus_Avenicci_impacts_log_4,Proventus_Avenicci,male,True,requested-capture slide (4/13): flat shove along the floor - scrape rather than thud,naked,1871.826,20.083000000000084,2,NPC R Hand [RHnd],hand,R,bare,4.0,8.334,59.969,59.969,59.969,-1,494.323,494.323,ragdoll,610.018,25.176,DeadBip,Skin,shape,True,False,NPC Spine2 [Spn2],-0.4339,1.0,0.8568224032004573,1.468289261252414,3.4272896128018293
Proventus_Avenicci_impacts_log_4,Proventus_Avenicci,male,True,requested-capture slide (4/13): flat shove along the floor - scrape rather than thud,naked,2058.09,41.98199999999997,2,NPC R Hand [RHnd],hand,R,bare,4.0,8.334,199.13,199.13,199.13,-1,489.065,489.065,ragdoll,96.678,38.76,DeadBip,Skin,shape,True,False,NPC Spine2 [Spn2],-0.6949,1.0,2.8451207315330764,16.189423953998617,11.380482926132306
Proventus_Avenicci_impacts_log_4,Proventus_Avenicci,male,True,requested-capture slide (4/13): flat shove along the floor - scrape rather than thud,naked,1807.333,84.16699999999992,2,NPC Head [Head],head,-,bare,4.0,15.108,151.953,151.953,151.953,-1,9.527,73.965,ragdoll,382.628,32.748,Static,Wood,shape,False,False,,1.0,1.0,2.171067295327904,9.427066401684842,8.684269181311617
Proventus_Avenicci_impacts_log_4,Proventus_Avenicci,male,True,requested-capture slide (4/13): flat shove along the floor - scrape rather than thud,naked,1829.289,20.659000000000106,1,NPC L UpperArm [LUar],arm,L,bare,2.0,14.463,374.96,374.96,374.96,-1,476.72,476.72,ragdoll,650.659,7.675,Static,Carpet,shape,False,False,,1.0,1.0,5.3573367623946275,28.70105718570495,10.714673524789255
Proventus_Avenicci_impacts_log_4,Proventus_Avenicci,male,True,requested-capture slide (4/13): flat shove along the floor - scrape rather than thud,naked,1850.281,164.7460000000001,1,NPC L UpperArm [LUar],arm,L,bare,2.0,14.463,100.441,100.441,100.441,-1,505.451,505.451,ragdoll,456.335,13.485,Static,Carpet,shape,False,False,,1.0,0.0,1.435076439491356,2.0594443871831873,2.870152878982712
Proventus_Avenicci_impacts_log_4,Proventus_Avenicci,male,True,requested-capture slide (4/13): flat shove along the floor - scrape rather than thud,naked,1829.291,102.99400000000014,1,NPC L Hand [LHnd],hand,L,bare,4.0,8.334,551.076,551.076,551.076,-1,472.476,472.476,ragdoll,742.42,8.968,Static,Carpet,shape,False,False,,1.0,1.0,7.873639091298758,123.98838508005585,31.49455636519503
Proventus_Avenicci_impacts_log_4,Proventus_Avenicci,male,True,requested-capture slide (4/13): flat shove along the floor - scrape rather than thud,naked,1829.292,144.06500000000005,2,NPC L Forearm [LLar],arm,L,bare,2.0,11.658,499.362,499.362,499.362,-1,485.204,522.081,ragdoll,692.065,7.012,Static,Carpet,shape,False,False,,1.0,1.0,7.134762108872697,50.90483035020557,14.269524217745394
Proventus_Avenicci_impacts_log_4,Proventus_Avenicci,male,True,requested-capture slide (4/13): flat shove along the floor - scrape rather than thud,naked,1829.293,249.70399999999995,1,NPC L Hand [LHnd],hand,L,bare,4.0,8.334,551.076,551.076,551.076,-1,457.721,457.721,ragdoll,742.42,8.968,Static,Wood,shape,False,False,,1.0,1.0,7.873639091298758,123.98838508005585,31.49455636519503
Proventus_Avenicci_impacts_log_4,Proventus_Avenicci,male,True,requested-capture slide (4/13): flat shove along the floor - scrape rather than thud,naked,1871.403,186.68500000000017,2,NPC L Forearm [LLar],arm,L,bare,2.0,11.658,23.255,31.047,23.255,-1,453.945,469.918,ragdoll,455.37,20.139,Static,Wood,shape,False,False,,1.0,1.0,0.44359194170595806,0.19677381074646208,0.8871838834119161
Proventus_Avenicci_impacts_log_4,Proventus_Avenicci,male,True,requested-capture slide (4/13): flat shove along the floor - scrape rather than thud,naked,1871.412,20.501999999999953,1,NPC R Hand [RHnd],hand,R,bare,4.0,8.334,332.407,332.407,332.407,-1,526.885,526.885,ragdoll,646.619,5.623,Static,Carpet,shape,False,False,,1.0,1.0,4.74934990712959,45.11264908070368,18.99739962851836
Proventus_Avenicci_impacts_log_4,Proventus_Avenicci,male,True,requested-capture slide (4/13): flat shove along the floor - scrape rather than thud,naked,1871.828,19.673000000000002,1,NPC Spine2 [Spn2],torso,-,bare,7.0,23.052,112.57,112.57,112.57,-1,494.334,494.334,ragdoll,562.745,9.775,Static,Carpet,shape,False,False,,1.0,1.0,1.6083726246606658,9.054018749152435,11.25860837262466
Proventus_Avenicci_impacts_log_4,Proventus_Avenicci,male,True,requested-capture slide (4/13): flat shove along the floor - scrape rather than thud,naked,1891.498,102.44100000000003,2,NPC R Hand [RHnd],hand,R,bare,4.0,8.334,90.379,90.379,90.379,-1,442.404,442.404,ragdoll,552.824,38.464,DeadBip,Skin,shape,True,False,NPC Spine1 [Spn1],-0.8258,1.0,1.2913130447206747,3.334978758931558,5.165252178882699
Proventus_Avenicci_impacts_log_4,Proventus_Avenicci,male,True,requested-capture slide (4/13): flat shove along the floor - scrape rather than thud,naked,2015.026,85.40800000000013,2,NPC R Hand [RHnd],hand,R,bare,4.0,8.334,63.97,63.97,63.97,-1,112.735,112.735,ragdoll,352.201,17.798,DeadBip,Skin,shape,True,False,NPC Spine1 [Spn1],-0.9373,1.0,0.9139877125303615,1.6707470773129653,3.655950850121446
Proventus_Avenicci_impacts_log_4,Proventus_Avenicci,male,True,requested-capture slide (4/13): flat shove along the floor - scrape rather than thud,naked,1891.504,20.399000000000115,1,NPC R Forearm [RLar],arm,R,bare,6.0,11.658,40.398,40.398,40.398,-1,623.468,623.468,ragdoll,559.537,6.221,Static,Carpet,shape,False,False,,1.0,1.0,0.5771967423917703,0.999468238283015,3.463180454350622
Proventus_Avenicci_impacts_log_4,Proventus_Avenicci,male,True,requested-capture slide (4/13): flat shove along the floor - scrape rather than thud,naked,1952.687,41.256000000000085,1,NPC R Forearm [RLar],arm,R,bare,6.0,11.658,51.962,51.962,51.962,-1,474.912,474.912,ragdoll,510.18,5.469,Static,Carpet,shape,False,False,,1.0,1.0,0.7424203457636807,1.6535639094115893,4.4545220745820835
Proventus_Avenicci_impacts_log_4,Proventus_Avenicci,male,True,requested-capture slide (4/13): flat shove along the floor - scrape rather than thud,naked,1891.505,61.585999999999785,2,NPC Spine2 [Spn2],torso,-,bare,7.0,23.052,45.222,45.222,45.222,-1,552.623,552.623,ragdoll,543.969,12.491,Static,Wood,shape,False,False,,1.0,1.0,0.6461208744106302,1.4611526452220505,4.522846120874411
Proventus_Avenicci_impacts_log_4,Proventus_Avenicci,male,True,requested-capture slide (4/13): flat shove along the floor - scrape rather than thud,naked,1891.506,144.98000000000002,1,NPC R Hand [RHnd],hand,R,bare,4.0,8.334,19.465,19.465,19.465,-1,359.402,359.402,ragdoll,552.824,38.464,Static,Wood,shape,False,False,,1.0,1.0,0.27811115873696246,0.15469163322803187,1.1124446349478498
Proventus_Avenicci_impacts_log_4,Proventus_Avenicci,male,True,requested-capture slide (4/13): flat shove along the floor - scrape rather than thud,naked,2122.149,172.80000000000018,1,NPC R Hand [RHnd],hand,R,bare,4.0,8.334,39.091,39.091,39.091,-1,93.186,93.186,ragdoll,191.424,34.501,Static,Wood,shape,False,False,,1.0,1.0,0.558522646092299,0.6238950923958869,2.234090584369196
Proventus_Avenicci_impacts_log_4,Proventus_Avenicci,male,True,requested-capture slide (4/13): flat shove along the floor - scrape rather than thud,naked,1911.909,20.383999999999787,2,NPC R Foot [Rft ],foot,R,bare,3.0,10.011,736.537,736.537,736.537,-1,434.215,434.215,ragdoll,895.871,8.868,Static,WoodStairs,shape,False,False,,0.9182,1.0,10.523460494356337,166.11483116441778,31.570381483069013
Proventus_Avenicci_impacts_log_4,Proventus_Avenicci,male,True,requested-capture slide (4/13): flat shove along the floor - scrape rather than thud,naked,1952.693,21.06899999999996,2,NPC R Foot [Rft ],foot,R,bare,3.0,10.011,49.035,49.035,49.035,-1,758.267,758.267,ragdoll,686.496,21.15,Static,WoodStairs,shape,False,False,,0.861,1.0,0.7006000857265323,0.7362607201800366,2.101800257179597
Proventus_Avenicci_impacts_log_4,Proventus_Avenicci,male,True,requested-capture slide (4/13): flat shove along the floor - scrape rather than thud,naked,1912.31,166.31600000000026,6,NPC L Foot [Lft ],foot,L,bare,3.0,10.011,794.145,794.145,760.191,-1,421.115,712.204,ragdoll,873.487,3.902,Static,WoodStairs,shape,False,False,,-0.0,0.0,11.346549507072439,193.11627857466868,34.039648521217316
Proventus_Avenicci_impacts_log_4,Proventus_Avenicci,male,True,requested-capture slide (4/13): flat shove along the floor - scrape rather than thud,naked,1932.288,41.07199999999989,1,NPC L Foot [Lft ],foot,L,bare,3.0,10.011,469.643,469.643,469.643,-1,139.406,139.406,ragdoll,555.577,25.443,Static,Wood,shape,False,False,,1.0,1.0,6.710144306329476,67.53905491764883,20.13043291898843
Proventus_Avenicci_impacts_log_4,Proventus_Avenicci,male,True,requested-capture slide (4/13): flat shove along the floor - scrape rather than thud,naked,1932.3,61.652000000000044,1,NPC L Calf [LClf],leg,L,bare,6.0,19.675,434.261,434.261,434.261,-1,176.624,176.624,ragdoll,629.97,24.85,Static,Wood,shape,False,False,,1.0,1.0,6.204614944992143,115.49173984685956,37.22768966995285
Proventus_Avenicci_impacts_log_4,Proventus_Avenicci,male,True,requested-capture slide (4/13): flat shove along the floor - scrape rather than thud,naked,1932.303,146.32500000000005,3,NPC L Calf [LClf],leg,L,bare,6.0,19.675,217.004,444.145,217.004,-1,616.619,616.619,ragdoll,629.97,24.85,Static,WoodStairs,shape,False,False,,0.0,1.0,6.345835119302758,120.80887008412874,38.075010715816546
Proventus_Avenicci_impacts_log_4,Proventus_Avenicci,male,True,requested-capture slide (4/13): flat shove along the floor - scrape rather than thud,naked,1932.645,41.115999999999985,1,NPC Spine1 [Spn1],torso,-,bare,4.0,18.878,132.826,132.826,132.826,-1,379.001,379.001,ragdoll,607.305,14.776,Static,Carpet,shape,False,False,,1.0,1.0,1.8977853979139878,7.203178833071106,7.591141591655951
Proventus_Avenicci_impacts_log_4,Proventus_Avenicci,male,True,requested-capture slide (4/13): flat shove along the floor - scrape rather than thud,naked,1952.691,0.40200000000004366,2,NPC L Calf [LClf],leg,L,bare,6.0,19.675,328.733,328.733,328.733,-1,674.154,674.154,ragdoll,200.195,15.583,DeadBip,Skin,shape,True,False,NPC L Hand [LHnd],0.0263,1.0,4.696856693813403,66.1813884066593,28.181140162880418
Proventus_Avenicci_impacts_log_4,Proventus_Avenicci,male,True,requested-capture slide (4/13): flat shove along the floor - scrape rather than thud,naked,1973.362,20.583999999999833,2,NPC L Calf [LClf],leg,L,bare,6.0,19.675,210.798,210.798,210.798,-1,733.592,733.592,ragdoll,162.752,19.985,DeadBip,Skin,shape,True,False,NPC L Hand [LHnd],0.2801,1.0,3.011830261465924,27.213364571645688,18.070981568795542
Proventus_Avenicci_impacts_log_4,Proventus_Avenicci,male,True,requested-capture slide (4/13): flat shove along the floor - scrape rather than thud,naked,2036.491,21.179000000000087,2,NPC L Calf [LClf],leg,L,bare,6.0,19.675,304.084,304.084,304.084,-1,570.318,570.318,ragdoll,381.982,25.552,DeadBip,Skin,shape,True,False,NPC L Hand [LHnd],0.5535,1.0,4.344677811115874,56.628675847207866,26.068066866695244
Proventus_Avenicci_impacts_log_4,Proventus_Avenicci,male,True,requested-capture slide (4/13): flat shove along the floor - scrape rather than thud,naked,1953.096,41.396999999999935,1,NPC COM [COM ],torso,-,bare,50.0,17.687,323.37,323.37,323.37,-1,468.37,468.37,ragdoll,633.586,32.964,Static,Wood,shape,False,False,,1.0,1.0,4.620231461637377,533.6634689775963,231.01157308186885
Proventus_Avenicci_impacts_log_4,Proventus_Avenicci,male,True,requested-capture slide (4/13): flat shove along the floor - scrape rather than thud,naked,1953.104,83.36899999999991,2,NPC R Thigh [RThg],leg,R,bare,6.0,20.487,395.55,395.55,395.55,-1,753.41,753.41,ragdoll,712.229,21.547,Static,WoodStairs,shape,False,False,,0.867,1.0,5.651521645949422,95.81909074390458,33.90912987569653
Proventus_Avenicci_impacts_log_4,Proventus_Avenicci,male,True,requested-capture slide (4/13): flat shove along the floor - scrape rather than thud,naked,1973.345,42.06400000000008,2,NPC L Foot [Lft ],foot,L,bare,3.0,10.011,248.106,248.106,248.106,-1,861.037,861.037,ragdoll,82.578,38.198,DeadBip,Skin,shape,True,False,NPC R Thigh [RThg],-0.1629,1.0,3.5448778396913845,18.849238347502585,10.634633519074153
Proventus_Avenicci_impacts_log_4,Proventus_Avenicci,male,True,requested-capture slide (4/13): flat shove along the floor - scrape rather than thud,naked,1994.482,63.17399999999998,1,NPC L Hand [LHnd],hand,L,bare,4.0,8.334,317.293,317.293,318.642,-1,442.485,442.485,ragdoll,439.563,43.604,Static,WoodStairs,shape,False,False,,0.0,0.0,4.533404772110302,41.103517655584916,18.133619088441208
Proventus_Avenicci_impacts_log_4,Proventus_Avenicci,male,True,requested-capture slide (4/13): flat shove along the floor - scrape rather than thud,naked,2100.439,235.45600000000013,2,NPC R Hand [RHnd],hand,R,bare,4.0,8.334,180.989,180.989,180.989,-1,255.273,255.273,ragdoll,248.842,12.267,Static,WoodStairs,shape,False,False,,0.0,1.0,2.585926560937277,13.374032357121783,10.343706243749107
Proventus_Avenicci_impacts_log_4,Proventus_Avenicci,male,True,requested-capture slide (4/13): flat shove along the floor - scrape rather than thud,naked,2335.898,61.98299999999972,1,NPC R Hand [RHnd],hand,R,bare,4.0,8.334,90.304,90.304,90.304,-1,81.348,81.348,ragdoll,102.793,19.568,Static,WoodStairs,shape,False,False,,0.0502,1.0,1.2902414630661525,3.3294460660301715,5.16096585226461
Proventus_Avenicci_impacts_log_4,Proventus_Avenicci,male,True,requested-capture slide (4/13): flat shove along the floor - scrape rather than thud,naked,2397.883,212.56600000000026,1,NPC R Hand [RHnd],hand,R,bare,4.0,8.334,18.82,18.82,18.82,-1,61.454,61.454,ragdoll,63.214,18.155,Static,WoodStairs,shape,False,False,,0.0,1.0,0.2688955565080726,0.14460964061957216,1.0755822260322905
Proventus_Avenicci_impacts_log_4,Proventus_Avenicci,male,True,requested-capture slide (4/13): flat shove along the floor - scrape rather than thud,naked,2144.026,21.834000000000287,2,NPC R Forearm [RLar],arm,R,bare,6.0,11.658,81.569,104.39,81.569,-1,434.181,497.616,ragdoll,213.953,31.168,Static,WoodStairs,shape,False,False,,0.0,1.0,1.4914987855407917,6.673705881808971,8.94899271324475
Proventus_Avenicci_impacts_log_4,Proventus_Avenicci,male,True,requested-capture slide (4/13): flat shove along the floor - scrape rather than thud,naked,2165.524,0.3320000000003347,1,NPC R Forearm [RLar],arm,R,bare,6.0,11.658,19.383,19.383,19.383,-1,287.189,287.189,ragdoll,150.78,17.417,Static,Wood,shape,False,False,,1.0,1.0,0.27693956279468496,0.23008656432273378,1.6616373767681099
Proventus_Avenicci_impacts_log_4,Proventus_Avenicci,male,True,requested-capture slide (4/13): flat shove along the floor - scrape rather than thud,naked,2568.265,192.79600000000028,1,NPC R UpperArm [RUar],arm,R,bare,2.0,14.463,16.018,16.018,16.018,-1,73.191,73.191,ragdoll,56.868,3.195,Static,WoodStairs,shape,False,False,,1.0,1.0,0.2288612658951279,0.05237747902712043,0.4577225317902558
Proventus_Avenicci_impacts_log_4,Proventus_Avenicci,male,True,requested-capture slide (4/13): flat shove along the floor - scrape rather than thud,naked,3014.426,54.902000000000044,2,NPC L Hand [LHnd],hand,L,bare,4.0,8.334,96.199,96.199,96.199,-1,106.23,106.23,ragdoll,199.79,11.302,DeadBip,Skin,shape,True,False,NPC Spine2 [Spn2],0.3568,1.0,1.3744677811115875,3.7783233626276216,5.49787112444635
Proventus_Avenicci_impacts_log_4,Proventus_Avenicci,male,True,requested-capture slide (4/13): flat shove along the floor - scrape rather than thud,naked,3592.393,2218.0240000000003,2,NPC L Hand [LHnd],hand,L,bare,4.0,8.334,12.612,12.612,12.612,-1,10.85,10.85,ragdoll,15.746,1.573,DeadBip,Skin,shape,True,False,NPC R Thigh [RThg],-0.5948,1.0,0.18019717102443208,0.06494204089041686,0.7207886840977283
Proventus_Avenicci_impacts_log_7,Proventus_Avenicci,male,True,requested-capture two-actors (7/13): shoved into a second recorded actor - limb on another body,naked,837.912,20.57299999999998,2,NPC Spine2 [Spn2],torso,-,bare,7.0,23.052,142.991,142.991,142.991,-1,328.324,328.324,ragdoll,374.017,5.869,DeadBip,Skin,shape,True,False,NPC L Forearm [LLar],0.7473,1.0,2.043020431490213,14.608763692202599,14.301143020431493
Proventus_Avenicci_impacts_log_7,Proventus_Avenicci,male,True,requested-capture two-actors (7/13): shoved into a second recorded actor - limb on another body,naked,1468.601,559.4159999999999,2,NPC Spine2 [Spn2],torso,-,bare,7.0,23.052,101.239,101.239,101.239,-1,271.438,271.438,ragdoll,408.255,11.562,DeadBip,Skin,shape,True,False,NPC L Forearm [LLar],-0.1528,1.0,1.446478068295471,7.32304580720929,10.125346478068296
Proventus_Avenicci_impacts_log_7,Proventus_Avenicci,male,True,requested-capture two-actors (7/13): shoved into a second recorded actor - limb on another body,naked,837.913,709.529,2,NPC Spine1 [Spn1],torso,-,bare,4.0,18.878,32.047,32.047,32.047,-1,195.061,195.061,ragdoll,415.419,4.842,DeadBip,Skin,shape,True,False,NPC R Forearm [RLar],0.4524,1.0,0.45787969709958565,0.4193076340320166,1.8315187883983426
Proventus_Avenicci_impacts_log_7,Proventus_Avenicci,male,True,requested-capture two-actors (7/13): shoved into a second recorded actor - limb on another body,naked,837.914,157.77300000000002,2,NPC L Thigh [LThg],leg,L,bare,6.0,20.487,134.682,134.682,134.682,-1,124.222,124.222,ragdoll,594.773,3.527,DeadBip,Skin,shape,True,False,NPC R Calf [RClf],0.2551,1.0,1.9243034719245606,11.108831556182754,11.545820831547363
Proventus_Avenicci_impacts_log_7,Proventus_Avenicci,male,True,requested-capture two-actors (7/13): shoved into a second recorded actor - limb on another body,naked,837.914,0.51400000000001,2,NPC COM [COM ],torso,-,bare,50.0,17.687,53.998,53.998,53.998,-1,383.372,383.372,ragdoll,351.174,10.675,DeadBip,Skin,shape,True,False,NPC L Hand [LHnd],0.265,1.0,0.7715102157451065,14.880700324976518,38.575510787255325
Proventus_Avenicci_impacts_log_7,Proventus_Avenicci,male,True,requested-capture two-actors (7/13): shoved into a second recorded actor - limb on another body,naked,1692.032,80.17600000000016,2,NPC L Hand [LHnd],hand,L,bare,4.0,8.334,38.002,38.002,38.002,-1,118.113,118.113,ragdoll,191.343,8.841,DeadBip,-,-,True,False,NPC COM [COM ],0.8399,1.0,0.5429632804686384,0.5896182478745305,2.1718531218745536
Proventus_Avenicci_impacts_log_7,Proventus_Avenicci,male,True,requested-capture two-actors (7/13): shoved into a second recorded actor - limb on another body,naked,1468.208,59.442999999999984,2,NPC Spine [Spn0],torso,-,bare,4.0,17.297,120.746,120.746,120.746,-1,295.21,295.21,ragdoll,266.468,16.608,DeadBip,Skin,shape,True,False,NPC R Forearm [RLar],-0.6694,1.0,1.7251893127589657,5.952556329715505,6.900757251035863
Proventus_Avenicci_impacts_log_7,Proventus_Avenicci,male,True,requested-capture two-actors (7/13): shoved into a second recorded actor - limb on another body,naked,1468.602,360.6859999999999,2,NPC Spine [Spn0],torso,-,bare,4.0,17.297,252.211,252.211,252.211,-1,111.18,111.18,ragdoll,218.935,11.324,DeadBip,Skin,shape,True,False,NPC L Forearm [LLar],-0.7563,1.0,3.6035290755822267,25.970843597132994,14.414116302328907
Proventus_Avenicci_impacts_log_7,Proventus_Avenicci,male,True,requested-capture two-actors (7/13): shoved into a second recorded actor - limb on another body,naked,1468.6,619.2660000000001,2,NPC Spine1 [Spn1],torso,-,bare,4.0,18.878,269.978,269.978,269.978,-1,59.763,59.763,ragdoll,293.505,19.248,DeadBip,Skin,shape,True,False,NPC L Forearm [LLar],-0.4808,1.0,3.8573796256608093,29.758755152926252,15.429518502643237
Proventus_Avenicci_impacts_log_7,Proventus_Avenicci,male,True,requested-capture two-actors (7/13): shoved into a second recorded actor - limb on another body,naked,837.92,0.5120000000000573,2,NPC R Thigh [RThg],leg,R,bare,6.0,20.487,125.416,125.416,125.416,-1,198.688,198.688,ragdoll,526.338,2.244,DeadBip,Skin,shape,True,False,NPC L Calf [LClf],0.2949,1.0,1.791913130447207,9.632858001207326,10.751478782683241
Proventus_Avenicci_impacts_log_7,Proventus_Avenicci,male,True,requested-capture two-actors (7/13): shoved into a second recorded actor - limb on another body,naked,858.488,58.809999999999945,2,NPC R Thigh [RThg],leg,R,bare,6.0,20.487,78.648,78.648,78.648,-1,37.561,37.561,ragdoll,340.819,4.182,DeadBip,Skin,shape,True,False,NPC L Calf [LClf],0.3097,1.0,1.1237033861980283,3.788127900458746,6.7422203171881705
Proventus_Avenicci_impacts_log_7,Proventus_Avenicci,male,True,requested-capture two-actors (7/13): shoved into a second recorded actor - limb on another body,naked,837.921,20.118999999999915,2,NPC R Thigh [RThg],leg,R,bare,6.0,20.487,30.275,30.275,30.275,-1,286.096,286.096,ragdoll,526.338,2.244,DeadBip,Skin,shape,True,False,NPC R Forearm [RLar],-0.8263,1.0,0.43256179454207744,0.5613291182923872,2.5953707672524646
Proventus_Avenicci_impacts_log_7,Proventus_Avenicci,male,True,requested-capture two-actors (7/13): shoved into a second recorded actor - limb on another body,naked,1391.407,400.20900000000006,1,NPC L Foot [Lft ],foot,L,bare,3.0,10.011,194.717,194.717,194.717,-1,271.481,271.481,ragdoll,336.351,0.665,Static,Carpet,shape,False,False,,1.0,1.0,2.782068866980998,11.6098607709374,8.346206600942994
Proventus_Avenicci_impacts_log_7,Proventus_Avenicci,male,True,requested-capture two-actors (7/13): shoved into a second recorded actor - limb on another body,naked,1428.968,180.23599999999988,1,NPC R Calf [RClf],leg,R,bare,6.0,19.675,188.034,188.034,188.034,-1,267.043,267.043,ragdoll,354.071,1.966,Static,Carpet,shape,False,False,,1.0,1.0,2.6865837976853837,21.653197505956854,16.119502786112303
Proventus_Avenicci_impacts_log_7,Proventus_Avenicci,male,True,requested-capture two-actors (7/13): shoved into a second recorded actor - limb on another body,naked,1429.397,159.25700000000006,1,NPC L Thigh [LThg],leg,L,bare,6.0,20.487,159.028,159.028,159.028,-1,330.018,330.018,ragdoll,303.835,5.697,Static,Carpet,shape,False,False,,1.0,1.0,2.2721531647378197,15.48804001208427,13.632918988426919
Proventus_Avenicci_impacts_log_7,Proventus_Avenicci,male,True,requested-capture two-actors (7/13): shoved into a second recorded actor - limb on another body,naked,1448.953,180.81200000000013,1,NPC R Foot [Rft ],foot,R,bare,3.0,10.011,73.956,73.956,73.956,-1,175.909,175.909,ragdoll,193.282,9.149,Static,Carpet,shape,False,False,,1.0,1.0,1.0566652378911274,1.6748121374512694,3.1699957136733823
Proventus_Avenicci_impacts_log_7,Proventus_Avenicci,male,True,requested-capture two-actors (7/13): shoved into a second recorded actor - limb on another body,naked,1692.028,193.9770000000001,1,NPC Spine [Spn0],torso,-,bare,4.0,17.297,39.38,39.38,39.38,-1,73.274,73.274,ragdoll,182.675,9.301,Static,Wood,shape,False,False,,1.0,1.0,0.5626518074010574,0.6331541127433531,2.2506072296042294
Proventus_Avenicci_impacts_log_7,Proventus_Avenicci,male,True,requested-capture two-actors (7/13): shoved into a second recorded actor - limb on another body,naked,1468.214,100.27700000000004,1,NPC Spine1 [Spn1],torso,-,bare,4.0,18.878,169.827,169.827,169.827,-1,77.625,77.625,ragdoll,410.169,17.316,Static,Carpet,shape,False,False,,1.0,1.0,2.426446635233605,11.775286547272968,9.70578654093442
Proventus_Avenicci_impacts_log_7,Proventus_Avenicci,male,True,requested-capture two-actors (7/13): shoved into a second recorded actor - limb on another body,naked,1487.698,20.559999999999945,1,NPC Spine1 [Spn1],torso,-,bare,4.0,18.878,100.771,100.771,100.771,-1,113.194,113.194,ragdoll,294.743,11.588,Static,Wood,shape,False,False,,1.0,1.0,1.4397913987712532,4.145998543951364,5.759165595085013
Proventus_Avenicci_impacts_log_7,Proventus_Avenicci,male,True,requested-capture two-actors (7/13): shoved into a second recorded actor - limb on another body,naked,1712.743,78.87699999999995,1,NPC Spine1 [Spn1],torso,-,bare,4.0,18.878,27.748,27.748,27.748,-1,173.909,173.909,ragdoll,102.064,6.097,Static,Wood,shape,False,False,,1.0,1.0,0.3964566366623804,0.3143557295072934,1.5858265466495216
Proventus_Avenicci_impacts_log_7,Proventus_Avenicci,male,True,requested-capture two-actors (7/13): shoved into a second recorded actor - limb on another body,naked,1508.249,19.399999999999864,2,NPC L Hand [LHnd],hand,L,bare,4.0,8.334,221.936,221.936,221.936,-1,303.945,303.945,ragdoll,477.13,19.701,DeadBip,Skin,shape,True,False,NPC Spine2 [Spn2],0.6131,1.0,3.170967281040149,20.11006699485431,12.683869124160596
Proventus_Avenicci_impacts_log_7,Proventus_Avenicci,male,True,requested-capture two-actors (7/13): shoved into a second recorded actor - limb on another body,naked,1508.712,376.847,2,NPC L Hand [LHnd],hand,L,bare,4.0,8.334,173.779,173.779,173.779,-1,294.807,294.807,ragdoll,300.036,27.997,DeadBip,Skin,shape,True,False,NPC Spine1 [Spn1],0.9339,1.0,2.4829118445492213,12.329702455605632,9.931647378196885
Proventus_Avenicci_impacts_log_7,Proventus_Avenicci,male,True,requested-capture two-actors (7/13): shoved into a second recorded actor - limb on another body,naked,1527.658,358.34900000000016,1,NPC R UpperArm [RUar],arm,R,bare,2.0,14.463,192.258,192.258,192.258,-1,393.022,393.022,ragdoll,326.443,9.291,Static,Carpet,shape,False,False,,1.0,1.0,2.7469352764680672,7.545653413104697,5.4938705529361345
Proventus_Avenicci_impacts_log_7,Proventus_Avenicci,male,True,requested-capture two-actors (7/13): shoved into a second recorded actor - limb on another body,naked,1528.055,520.242,2,NPC R Forearm [RLar],arm,R,bare,6.0,11.658,53.406,57.736,53.406,-1,472.963,472.963,ragdoll,331.756,15.424,Static,Carpet,shape,False,False,,1.0,1.0,0.8249178454064866,2.0414683550102404,4.949507072438919
Proventus_Avenicci_impacts_log_7,Proventus_Avenicci,male,True,requested-capture two-actors (7/13): shoved into a second recorded actor - limb on another body,naked,1528.059,338.6020000000001,2,NPC L Hand [LHnd],hand,L,bare,4.0,8.334,26.951,26.951,26.951,-1,116.425,116.425,ragdoll,191.812,13.571,DeadBip,Skin,shape,True,False,NPC Spine [Spn0],0.9893,1.0,0.38506929561365916,0.29655672484879925,1.5402771824546366
Proventus_Avenicci_impacts_log_7,Proventus_Avenicci,male,True,requested-capture two-actors (7/13): shoved into a second recorded actor - limb on another body,naked,1547.45,124.49699999999984,1,NPC Spine2 [Spn2],torso,-,bare,7.0,23.052,124.534,124.534,124.534,-1,102.579,102.579,ragdoll,311.615,10.694,Static,Wood,shape,False,False,,1.0,1.0,1.7793113301900274,11.080820834099116,12.455179311330191
Proventus_Avenicci_impacts_log_7,Proventus_Avenicci,male,True,requested-capture two-actors (7/13): shoved into a second recorded actor - limb on another body,naked,1568.108,439.75300000000016,1,NPC R Hand [RHnd],hand,R,bare,4.0,8.334,235.134,235.134,235.134,-1,232.144,232.144,ragdoll,300.358,23.975,Static,Carpet,shape,False,False,,1.0,1.0,3.3595370767252466,22.57297873978323,13.438148306900986
Proventus_Avenicci_impacts_log_7,Proventus_Avenicci,male,True,requested-capture two-actors (7/13): shoved into a second recorded actor - limb on another body,naked,1588.659,240.20799999999986,2,NPC R Forearm [RLar],arm,R,bare,6.0,11.658,47.308,57.736,47.308,-1,152.28,188.278,ragdoll,195.808,11.349,Static,Wood,shape,False,False,,1.0,1.0,0.8249178454064866,2.0414683550102404,4.949507072438919
Proventus_Avenicci_impacts_log_7,Proventus_Avenicci,male,True,requested-capture two-actors (7/13): shoved into a second recorded actor - limb on another body,naked,1588.661,41.11500000000001,1,NPC Neck [Neck],head,-,bare,6.0,8.431,202.954,202.954,202.954,-1,60.776,60.776,ragdoll,309.03,21.21,Static,Carpet,shape,False,False,,1.0,1.0,2.8997571081583087,25.22577385894391,17.398542648949853
Proventus_Avenicci_impacts_log_7,Proventus_Avenicci,male,True,requested-capture two-actors (7/13): shoved into a second recorded actor - limb on another body,naked,1588.663,20.548999999999978,1,NPC Head [Head],head,-,bare,4.0,15.108,368.795,368.795,368.795,-1,131.618,131.618,ragdoll,444.779,22.367,Static,Carpet,shape,False,False,,1.0,1.0,5.269252750392914,55.53004909504657,21.077011001571655
Proventus_Avenicci_impacts_log_7,Proventus_Avenicci,male,True,requested-capture two-actors (7/13): shoved into a second recorded actor - limb on another body,naked,1609.213,83.23399999999992,1,NPC Head [Head],head,-,bare,4.0,15.108,23.171,23.171,23.171,-1,29.108,29.108,ragdoll,167.861,15.954,Static,Carpet,shape,False,False,,0.9938,1.0,0.33106158022574655,0.21920353980313684,1.3242463209029862
Proventus_Avenicci_impacts_log_7,Proventus_Avenicci,male,True,requested-capture two-actors (7/13): shoved into a second recorded actor - limb on another body,naked,1588.664,316.65200000000004,1,NPC Head [Head],head,-,bare,4.0,15.108,368.795,368.795,368.795,-1,134.733,134.733,ragdoll,444.779,22.367,Static,Wood,shape,False,False,,1.0,1.0,5.269252750392914,55.53004909504657,21.077011001571655
Proventus_Avenicci_impacts_log_7,Proventus_Avenicci,male,True,requested-capture two-actors (7/13): shoved into a second recorded actor - limb on another body,naked,1651.256,81.64699999999993,1,NPC L UpperArm [LUar],arm,L,bare,2.0,14.463,5.491,5.491,5.491,-1,257.176,257.176,ragdoll,204.319,4.859,Static,Carpet,shape,False,False,,1.0,1.0,0.07845406486640949,0.006155040294062788,0.15690812973281898
Proventus_Avenicci_impacts_log_7,Proventus_Avenicci,male,True,requested-capture two-actors (7/13): shoved into a second recorded actor - limb on another body,naked,1753.126,75.73000000000002,1,NPC L UpperArm [LUar],arm,L,bare,2.0,14.463,80.605,80.605,80.605,-1,109.959,109.959,ragdoll,98.738,6.42,Static,Carpet,shape,False,False,,1.0,1.0,1.1516645235033578,1.326331174696216,2.3033290470067156
Proventus_Avenicci_impacts_log_7,Proventus_Avenicci,male,True,requested-capture two-actors (7/13): shoved into a second recorded actor - limb on another body,naked,1752.674,113.99199999999996,1,NPC R Hand [RHnd],hand,R,bare,4.0,8.334,5.0,5.0,5.0,-1,242.526,242.526,ragdoll,142.314,17.453,Static,Wood,shape,False,False,,1.0,1.0,0.07143877696813832,0.010206997709406819,0.28575510787255326
Proventus_Avenicci_impacts_log_7,Proventus_Avenicci,male,True,requested-capture two-actors (7/13): shoved into a second recorded actor - limb on another body,naked,1791.611,19.07199999999989,1,NPC L UpperArm [LUar],arm,L,bare,2.0,14.463,39.906,39.906,39.906,-1,107.954,107.954,ragdoll,99.305,3.43,Static,Carpet,shape,False,False,,0.9777,1.0,0.5701671667381054,0.3250905980261585,1.1403343334762108
Proventus_Avenicci_impacts_log_7,Proventus_Avenicci,male,True,requested-capture two-actors (7/13): shoved into a second recorded actor - limb on another body,naked,1791.629,93.94200000000001,1,NPC L Forearm [LLar],arm,L,bare,2.0,11.658,54.166,54.166,54.166,-1,101.513,101.513,ragdoll,116.44,4.688,Static,Carpet,shape,False,False,,1.0,1.0,0.7739105586512359,0.5989375527918681,1.5478211173024718
Proventus_Avenicci_impacts_log_7,Proventus_Avenicci,male,True,requested-capture two-actors (7/13): shoved into a second recorded actor - limb on another body,naked,1828.871,18.853999999999814,1,NPC R UpperArm [RUar],arm,R,bare,2.0,14.463,68.03,68.03,68.03,-1,91.9,91.9,ragdoll,106.686,1.335,Static,Carpet,shape,False,False,,0.8394,1.0,0.9719959994284899,0.944776222904989,1.9439919988569798
Proventus_Avenicci_impacts_log_7,Proventus_Avenicci,male,True,requested-capture two-actors (7/13): shoved into a second recorded actor - limb on another body,naked,1966.89,81.8889999999999,1,NPC R Forearm [RLar],arm,R,bare,6.0,11.658,19.219,19.219,19.219,-1,48.434,48.434,ragdoll,61.275,3.307,Static,Carpet,shape,False,False,,0.9991,1.0,0.27459637091013006,0.22620950075104118,1.6475782254607805
Proventus_Avenicci_impacts_log_7,Proventus_Avenicci,male,True,requested-capture two-actors (7/13): shoved into a second recorded actor - limb on another body,naked,2068.545,114.94499999999971,1,NPC L Hand [LHnd],hand,L,bare,4.0,8.334,128.538,128.538,128.538,-1,85.513,85.513,ragdoll,149.789,13.444,Static,Carpet,shape,False,False,,1.0,1.0,1.8365195027861125,6.7456077682275,7.34607801114445
Proventus_Avenicci_impacts_log_7,Proventus_Avenicci,male,True,requested-capture two-actors (7/13): shoved into a second recorded actor - limb on another body,naked,2221.082,136.75800000000027,1,NPC L Hand [LHnd],hand,L,bare,4.0,8.334,41.644,41.644,41.644,-1,22.65,22.65,ragdoll,43.706,2.038,Static,Carpet,shape,False,False,,0.9981,1.0,0.5949992856122304,0.708048299758129,2.3799971424489215
Proventus_Avenicci_impacts_log_10,Proventus_Avenicci,male,True,"requested-capture light-armour (10/13): light armour, all four pieces",light,839.731,346.93100000000004,2,NPC R Forearm [RLar],arm,R,light,6.0,11.658,22.081,22.081,22.081,-1,156.099,156.099,ragdoll,286.129,5.094,DeadBip,Skin,shape,True,False,NPC Spine2 [Spn2],-0.6986,1.0,0.3154879268466924,0.29859789595807185,1.8929275610801546
Proventus_Avenicci_impacts_log_10,Proventus_Avenicci,male,True,"requested-capture light-armour (10/13): light armour, all four pieces",light,1434.506,0.35599999999999454,2,NPC R Hand [RHnd],hand,R,light,4.0,8.334,98.05,98.05,98.05,-1,372.016,372.016,ragdoll,492.264,7.536,DeadBip,Skin,shape,True,False,NPC R Thigh [RThg],0.5022,1.0,1.4009144163451923,3.9251224038475816,5.603657665380769
Proventus_Avenicci_impacts_log_10,Proventus_Avenicci,male,True,"requested-capture light-armour (10/13): light armour, all four pieces",light,1783.502,796.3820000000001,2,NPC L Forearm [LLar],arm,L,light,2.0,11.658,24.223,24.223,24.223,-1,20.565,20.565,ragdoll,96.542,3.37,DeadBip,-,-,True,False,NPC COM [COM ],0.3795,1.0,0.34609229889984283,0.11977987935777815,0.6921845977996857
Proventus_Avenicci_impacts_log_10,Proventus_Avenicci,male,True,"requested-capture light-armour (10/13): light armour, all four pieces",light,1397.354,18.580999999999904,2,NPC L Forearm [LLar],arm,L,light,2.0,11.658,52.758,52.758,52.758,-1,223.871,223.871,ragdoll,472.625,3.545,DeadBip,Skin,shape,True,False,NPC Spine1 [Spn1],0.2425,1.0,0.7537933990570083,0.5682044884619181,1.5075867981140165
Proventus_Avenicci_impacts_log_10,Proventus_Avenicci,male,True,"requested-capture light-armour (10/13): light armour, all four pieces",light,839.736,240.77599999999995,2,NPC L Forearm [LLar],arm,L,light,2.0,11.658,48.321,48.321,48.321,-1,191.787,191.787,ragdoll,270.274,6.144,DeadBip,Skin,shape,True,False,NPC Spine2 [Spn2],-0.66,1.0,0.6903986283754823,0.4766502660627473,1.3807972567509645
Proventus_Avenicci_impacts_log_10,Proventus_Avenicci,male,True,"requested-capture light-armour (10/13): light armour, all four pieces",light,1925.599,468.2070000000001,2,NPC L Forearm [LLar],arm,L,light,2.0,11.658,12.496,12.496,12.496,-1,16.418,16.418,ragdoll,50.389,1.191,DeadBip,Skin,shape,True,False,NPC Spine2 [Spn2],-0.3055,1.0,0.17853979139877127,0.031876457112716756,0.35707958279754254
Proventus_Avenicci_impacts_log_10,Proventus_Avenicci,male,True,"requested-capture light-armour (10/13): light armour, all four pieces",light,1718.996,881.8800000000001,2,NPC L Hand [LHnd],hand,L,light,4.0,8.334,34.034,34.034,34.034,-1,110.527,110.527,ragdoll,136.008,6.344,DeadBip,-,-,True,False,NPC COM [COM ],0.6961,1.0,0.48626946706672386,0.4729159892027113,1.9450778682668954
Proventus_Avenicci_impacts_log_10,Proventus_Avenicci,male,True,"requested-capture light-armour (10/13): light armour, all four pieces",light,1397.352,37.15099999999984,2,NPC L Hand [LHnd],hand,L,light,4.0,8.334,299.685,299.685,299.685,-1,109.591,109.591,ragdoll,482.237,5.044,DeadBip,Skin,shape,True,False,NPC L Thigh [LThg],0.8373,1.0,4.281825975139306,36.66806736275533,17.127303900557223
Proventus_Avenicci_impacts_log_10,Proventus_Avenicci,male,True,"requested-capture light-armour (10/13): light armour, all four pieces",light,1633.143,883.8670000000002,2,NPC L Hand [LHnd],hand,L,light,4.0,8.334,93.874,93.874,93.874,-1,180.336,180.336,ragdoll,197.121,20.331,DeadBip,Skin,shape,True,False,NPC Spine [Spn0],0.4799,1.0,1.3412487498214032,3.597896417794954,5.364994999285613
Proventus_Avenicci_impacts_log_10,Proventus_Avenicci,male,True,"requested-capture light-armour (10/13): light armour, all four pieces",light,1825.326,528.9580000000001,2,NPC L Hand [LHnd],hand,L,light,4.0,8.334,20.468,20.468,20.468,-1,27.247,27.247,ragdoll,95.04,4.699,DeadBip,Skin,shape,True,False,NPC Spine1 [Spn1],0.5485,1.0,0.29244177739677096,0.17104438633396507,1.1697671095870839
Proventus_Avenicci_impacts_log_10,Proventus_Avenicci,male,True,"requested-capture light-armour (10/13): light armour, all four pieces",light,1415.941,489.28700000000003,2,NPC L Foot [Lft ],foot,L,light,3.0,10.011,13.766,70.257,13.766,-1,253.816,253.816,ragdoll,209.684,9.005,Static,Wood,shape,False,False,,1.0,1.0,1.0038148306900987,1.5114663214700872,3.011444492070296
Proventus_Avenicci_impacts_log_10,Proventus_Avenicci,male,True,"requested-capture light-armour (10/13): light armour, all four pieces",light,879.529,0.3849999999999909,1,NPC R Foot [Rft ],foot,R,light,3.0,10.011,81.72,81.72,81.72,-1,268.72,268.72,ragdoll,205.552,11.889,Static,Carpet,shape,False,False,,0.8552,1.0,1.1675953707672526,2.044918424755677,3.5027861123017576
Proventus_Avenicci_impacts_log_10,Proventus_Avenicci,male,True,"requested-capture light-armour (10/13): light armour, all four pieces",light,899.186,0.38799999999991996,1,NPC L Foot [Lft ],foot,L,light,3.0,10.011,42.126,42.126,42.126,-1,196.666,196.666,ragdoll,212.823,4.922,Static,Carpet,shape,False,False,,0.7895,1.0,0.6018859837119589,0.5434001060833686,1.8056579511358768
Proventus_Avenicci_impacts_log_10,Proventus_Avenicci,male,True,"requested-capture light-armour (10/13): light armour, all four pieces",light,1315.332,82.029,2,NPC L Calf [LClf],leg,L,light,6.0,19.675,38.198,38.198,38.198,-1,184.889,214.709,ragdoll,240.741,3.863,Static,Wood,shape,False,False,,1.0,0.0,0.5457636805257895,0.8935739849431681,3.274582083154737
Proventus_Avenicci_impacts_log_10,Proventus_Avenicci,male,True,"requested-capture light-armour (10/13): light armour, all four pieces",light,1377.241,114.36799999999994,1,NPC R Thigh [RThg],leg,R,light,6.0,20.487,242.401,242.401,242.401,-1,207.699,207.699,ragdoll,333.59,6.523,Static,Carpet,shape,False,False,,1.0,1.0,3.4633661951707393,35.984716205554335,20.780197171024437
Proventus_Avenicci_impacts_log_10,Proventus_Avenicci,male,True,"requested-capture light-armour (10/13): light armour, all four pieces",light,1377.242,341.74199999999996,2,NPC COM [COM ],torso,-,light,50.0,17.687,260.429,260.429,260.429,-1,202.151,228.847,ragdoll,374.436,5.714,Static,Carpet,shape,False,False,,1.0,1.0,3.720945849407058,346.1359503554903,186.0472924703529
Proventus_Avenicci_impacts_log_10,Proventus_Avenicci,male,True,"requested-capture light-armour (10/13): light armour, all four pieces",light,1718.984,288.78700000000003,1,NPC COM [COM ],torso,-,light,50.0,17.687,6.808,6.808,6.808,-1,88.748,88.748,ragdoll,132.269,4.699,Static,Carpet,shape,False,False,,1.0,1.0,0.09727103871981713,0.23654137434080408,4.863551935990857
Proventus_Avenicci_impacts_log_10,Proventus_Avenicci,male,True,"requested-capture light-armour (10/13): light armour, all four pieces",light,1397.347,18.585000000000036,2,NPC L Forearm [LLar],arm,L,light,2.0,11.658,262.004,262.004,262.004,-1,218.43,218.43,ragdoll,472.625,3.545,DeadBip,Skin,shape,True,False,NPC L Thigh [LThg],0.7821,1.0,3.7434490641520224,14.013410895900652,7.486898128304045
Proventus_Avenicci_impacts_log_10,Proventus_Avenicci,male,True,"requested-capture light-armour (10/13): light armour, all four pieces",light,1397.367,113.26099999999997,1,NPC COM [COM ],torso,-,light,50.0,17.687,15.496,15.496,15.496,-1,24.207,24.207,ragdoll,223.722,16.206,Static,Wood,shape,False,False,,1.0,1.0,0.22140305757965426,1.2254828476404924,11.070152878982713
Proventus_Avenicci_impacts_log_10,Proventus_Avenicci,male,True,"requested-capture light-armour (10/13): light armour, all four pieces",light,1551.357,19.13000000000011,1,NPC COM [COM ],torso,-,light,50.0,17.687,15.561,15.561,15.561,-1,326.173,326.173,ragdoll,218.436,7.82,Static,Wood,shape,False,False,,1.0,1.0,0.22233176168024005,1.2357853062959765,11.116588084012003
Proventus_Avenicci_impacts_log_10,Proventus_Avenicci,male,True,"requested-capture light-armour (10/13): light armour, all four pieces",light,1654.067,108.35200000000009,1,NPC COM [COM ],torso,-,light,50.0,17.687,20.561,20.561,20.561,-1,191.987,191.987,ragdoll,187.731,2.526,Static,Wood,shape,False,False,,1.0,1.0,0.2937705386483784,2.1575282344439595,14.688526932418918
Proventus_Avenicci_impacts_log_10,Proventus_Avenicci,male,True,"requested-capture light-armour (10/13): light armour, all four pieces",light,1434.867,115.76600000000008,1,NPC Spine [Spn0],torso,-,light,4.0,17.297,119.777,119.777,119.777,-1,145.402,145.402,ragdoll,270.463,8.533,Static,Carpet,shape,False,False,,1.0,1.0,1.7113444777825404,5.857399843273591,6.845377911130162
Proventus_Avenicci_impacts_log_10,Proventus_Avenicci,male,True,"requested-capture light-armour (10/13): light armour, all four pieces",light,1676.42,169.16099999999983,1,NPC Spine [Spn0],torso,-,light,4.0,17.297,53.347,53.347,53.347,-1,68.825,68.825,ragdoll,148.324,5.885,Static,Carpet,shape,False,False,,1.0,1.0,0.7622088869838549,1.1619247747943338,3.0488355479354197
Proventus_Avenicci_impacts_log_10,Proventus_Avenicci,male,True,"requested-capture light-armour (10/13): light armour, all four pieces",light,1453.526,76.46199999999999,1,NPC Spine1 [Spn1],torso,-,light,4.0,18.878,123.743,123.743,123.743,-1,128.194,128.194,ragdoll,305.166,10.669,Static,Carpet,shape,False,False,,1.0,1.0,1.7680097156736678,6.2517167094329675,7.072038862694671
Proventus_Avenicci_impacts_log_10,Proventus_Avenicci,male,True,"requested-capture light-armour (10/13): light armour, all four pieces",light,1676.422,85.47800000000007,1,NPC Spine1 [Spn1],torso,-,light,4.0,18.878,39.068,39.068,39.068,-1,144.654,144.654,ragdoll,117.37,3.712,Static,Carpet,shape,False,False,,1.0,1.0,0.5581940277182454,0.6231611451606347,2.232776110872982
Proventus_Avenicci_impacts_log_10,Proventus_Avenicci,male,True,"requested-capture light-armour (10/13): light armour, all four pieces",light,1472.045,19.56899999999996,1,NPC Spine1 [Spn1],torso,-,light,4.0,18.878,108.433,108.433,108.433,-1,55.021,55.021,ragdoll,269.195,13.129,Static,Wood,shape,False,False,,1.0,1.0,1.5492641805972285,4.800439002563204,6.197056722388914
Proventus_Avenicci_impacts_log_10,Proventus_Avenicci,male,True,"requested-capture light-armour (10/13): light armour, all four pieces",light,1472.047,0.4420000000000073,1,NPC Spine2 [Spn2],torso,-,light,7.0,23.052,273.041,273.041,273.041,-1,129.027,129.027,ragdoll,408.633,11.546,Static,Carpet,shape,False,False,,1.0,1.0,3.9011430204314905,53.266209030514666,27.308001143020434
Proventus_Avenicci_impacts_log_10,Proventus_Avenicci,male,True,"requested-capture light-armour (10/13): light armour, all four pieces",light,1472.49,160.65899999999988,1,NPC Spine2 [Spn2],torso,-,light,7.0,23.052,77.688,77.688,77.688,-1,175.499,175.499,ragdoll,245.034,16.064,Static,Carpet,shape,False,False,,1.0,0.0,1.1099871410201458,4.31225008630527,7.769909987141021
Proventus_Avenicci_impacts_log_10,Proventus_Avenicci,male,True,"requested-capture light-armour (10/13): light armour, all four pieces",light,1633.15,128.75099999999998,1,NPC Spine2 [Spn2],torso,-,light,7.0,23.052,18.012,18.012,18.012,-1,189.425,189.425,ragdoll,186.98,1.835,Static,Carpet,shape,False,False,,0.9939,1.0,0.25735105015002147,0.23180347054661604,1.8014573510501504
Proventus_Avenicci_impacts_log_10,Proventus_Avenicci,male,True,"requested-capture light-armour (10/13): light armour, all four pieces",light,1472.485,18.77800000000002,1,NPC R Forearm [RLar],arm,R,light,6.0,11.658,302.923,302.923,302.923,-1,396.155,396.155,ragdoll,460.935,8.563,Static,Carpet,shape,False,False,,1.0,1.0,4.3280897271038725,56.197082057586215,25.968538362623235
Proventus_Avenicci_impacts_log_10,Proventus_Avenicci,male,True,"requested-capture light-armour (10/13): light armour, all four pieces",light,1491.612,162.82299999999987,1,NPC R Forearm [RLar],arm,R,light,6.0,11.658,6.265,6.265,6.265,-1,312.422,312.422,ragdoll,280.051,5.275,Static,Carpet,shape,False,False,,1.0,1.0,0.0895127875410773,0.02403761740012213,0.5370767252464639
Proventus_Avenicci_impacts_log_10,Proventus_Avenicci,male,True,"requested-capture light-armour (10/13): light armour, all four pieces",light,1472.492,19.124000000000024,1,NPC R Hand [RHnd],hand,R,light,4.0,8.334,296.49,296.49,296.49,-1,348.489,348.489,ragdoll,499.056,9.991,Static,Carpet,shape,False,False,,1.0,1.0,4.236176596656666,35.8903843161233,16.944706386626663
Proventus_Avenicci_impacts_log_10,Proventus_Avenicci,male,True,"requested-capture light-armour (10/13): light armour, all four pieces",light,1472.494,139.89499999999998,1,NPC R UpperArm [RUar],arm,R,light,2.0,14.463,144.88,144.88,144.88,-1,488.374,488.374,ragdoll,290.122,17.575,Static,Carpet,shape,False,False,,1.0,1.0,2.0700100014287757,4.28494140601516,4.140020002857551
Proventus_Avenicci_impacts_log_10,Proventus_Avenicci,male,True,"requested-capture light-armour (10/13): light armour, all four pieces",light,1510.632,40.00199999999995,1,NPC R Forearm [RLar],arm,R,light,6.0,11.658,9.582,9.582,9.582,-1,323.184,323.184,ragdoll,292.823,16.613,Static,Wood,shape,False,False,,1.0,1.0,0.13690527218174026,0.056229160653469154,0.8214316330904415
Proventus_Avenicci_impacts_log_10,Proventus_Avenicci,male,True,"requested-capture light-armour (10/13): light armour, all four pieces",light,1591.187,41.600000000000136,1,NPC R Hand [RHnd],hand,R,light,4.0,8.334,32.08,32.08,32.08,-1,421.997,421.997,ragdoll,277.812,18.511,Static,Wood,shape,False,False,,1.0,1.0,0.4583511930275754,0.4201716322996033,1.8334047721103015
Proventus_Avenicci_impacts_log_10,Proventus_Avenicci,male,True,"requested-capture light-armour (10/13): light armour, all four pieces",light,1510.646,122.50700000000006,2,NPC L UpperArm [LUar],arm,L,light,2.0,14.463,136.397,136.397,136.397,-1,267.152,267.152,ragdoll,259.068,18.452,Static,Carpet,shape,False,False,,1.0,1.0,1.9488069724246322,3.797848615770861,3.8976139448492644
Proventus_Avenicci_impacts_log_10,Proventus_Avenicci,male,True,"requested-capture light-armour (10/13): light armour, all four pieces",light,1633.153,85.46100000000001,1,NPC L UpperArm [LUar],arm,L,light,2.0,14.463,5.265,5.265,5.265,-1,141.014,141.014,ragdoll,167.858,3.468,Static,Carpet,shape,False,False,,0.967,1.0,0.07522503214744963,0.0056588054615848305,0.15045006429489927
Proventus_Avenicci_impacts_log_10,Proventus_Avenicci,male,True,"requested-capture light-armour (10/13): light armour, all four pieces",light,1718.615,21.44100000000003,1,NPC L UpperArm [LUar],arm,L,light,2.0,14.463,9.783,9.783,9.783,-1,121.556,121.556,ragdoll,78.445,5.425,Static,Carpet,shape,False,False,,0.9951,1.0,0.1397771110158594,0.019537640763939886,0.2795542220317188
Proventus_Avenicci_impacts_log_10,Proventus_Avenicci,male,True,"requested-capture light-armour (10/13): light armour, all four pieces",light,1510.649,0.35700000000019827,2,NPC L Forearm [LLar],arm,L,light,2.0,11.658,203.618,203.618,203.618,-1,351.284,351.284,ragdoll,382.732,9.327,Static,Stone,shape,False,False,,0.0,1.0,2.9092441777396774,8.463701685712211,5.818488355479355
Proventus_Avenicci_impacts_log_10,Proventus_Avenicci,male,True,"requested-capture light-armour (10/13): light armour, all four pieces",light,1529.99,40.950000000000045,1,NPC L Forearm [LLar],arm,L,light,2.0,11.658,19.821,19.821,19.821,-1,170.357,170.357,ragdoll,144.331,15.293,Static,Carpet,shape,False,False,,1.0,1.0,0.2831975996570939,0.08020088045153963,0.5663951993141878
Proventus_Avenicci_impacts_log_10,Proventus_Avenicci,male,True,"requested-capture light-armour (10/13): light armour, all four pieces",light,1718.987,21.062999999999874,1,NPC L Forearm [LLar],arm,L,light,2.0,11.658,50.74,50.74,50.74,-1,69.845,69.845,ragdoll,120.329,4.099,Static,Carpet,shape,False,False,,1.0,1.0,0.7249607086726676,0.5255680291191764,1.4499214173453352
Proventus_Avenicci_impacts_log_10,Proventus_Avenicci,male,True,"requested-capture light-armour (10/13): light armour, all four pieces",light,1530.004,102.79100000000017,1,NPC Head [Head],head,-,light,4.0,15.108,372.624,372.624,372.624,-1,484.484,484.484,ragdoll,476.427,50.264,Static,Carpet,shape,False,False,,1.0,1.0,5.323960565795114,56.689112212282865,21.295842263180457
Proventus_Avenicci_impacts_log_10,Proventus_Avenicci,male,True,"requested-capture light-armour (10/13): light armour, all four pieces",light,1530.425,61.15000000000009,2,NPC L Hand [LHnd],hand,L,light,4.0,8.334,180.576,180.576,180.576,-1,261.732,261.732,ragdoll,310.196,10.059,Static,Stone,shape,False,False,,0.9324,1.0,2.5800257179597086,13.31306541066702,10.320102871838834
Proventus_Avenicci_impacts_log_10,Proventus_Avenicci,male,True,"requested-capture light-armour (10/13): light armour, all four pieces",light,2620.932,303.8710000000001,1,NPC L Hand [LHnd],hand,L,light,4.0,8.334,15.852,15.852,15.852,-1,69.775,69.775,ragdoll,69.612,6.411,Static,Stone,shape,False,False,,-0.0,1.0,0.2264894984997857,0.10259498586136885,0.9059579939991428
Proventus_Avenicci_impacts_log_10,Proventus_Avenicci,male,True,"requested-capture light-armour (10/13): light armour, all four pieces",light,1570.496,416.52499999999986,2,NPC L UpperArm [LUar],arm,L,light,2.0,14.463,81.156,81.156,81.156,-1,217.208,217.208,ragdoll,182.723,23.374,Static,Stone,shape,False,False,,0.0,1.0,1.1595370767252466,1.3445262323005305,2.3190741534504933
Proventus_Avenicci_impacts_log_10,Proventus_Avenicci,male,True,"requested-capture light-armour (10/13): light armour, all four pieces",light,1570.509,41.51999999999998,1,NPC L UpperArm [LUar],arm,L,light,2.0,14.463,28.384,28.384,28.384,-1,125.04,125.04,ragdoll,182.723,23.374,Static,Wood,shape,False,False,,1.0,1.0,0.40554364909272755,0.16446565131944535,0.8110872981854551
Proventus_Avenicci_impacts_log_10,Proventus_Avenicci,male,True,"requested-capture light-armour (10/13): light armour, all four pieces",light,1612.379,212.42100000000005,1,NPC R UpperArm [RUar],arm,R,light,2.0,14.463,41.245,41.245,41.245,-1,235.58,235.58,ragdoll,241.498,3.749,Static,Carpet,shape,False,False,,1.0,1.0,0.5892984712101729,0.34727268817064694,1.1785969424203457
Proventus_Avenicci_impacts_log_10,Proventus_Avenicci,male,True,"requested-capture light-armour (10/13): light armour, all four pieces",light,1654.064,539.2679999999998,1,NPC L Thigh [LThg],leg,L,light,6.0,20.487,42.18,42.18,42.18,-1,192.497,192.497,ragdoll,207.439,1.966,Static,Wood,shape,False,False,,1.0,1.0,0.6026575225032148,1.0895882682891387,3.615945135019289
Proventus_Avenicci_impacts_log_10,Proventus_Avenicci,male,True,"requested-capture light-armour (10/13): light armour, all four pieces",light,1676.433,208.80700000000002,2,NPC R Forearm [RLar],arm,R,light,6.0,11.658,34.289,67.484,34.289,-1,322.444,322.444,ragdoll,259.228,9.351,Static,Carpet,shape,False,False,,1.0,1.0,0.9641948849835691,2.7890153286854344,5.7851693099014145
Proventus_Avenicci_impacts_log_10,Proventus_Avenicci,male,True,"requested-capture light-armour (10/13): light armour, all four pieces",light,1824.795,80.05299999999988,1,NPC L Forearm [LLar],arm,L,light,2.0,11.658,19.271,19.271,19.271,-1,89.17,89.17,ragdoll,92.437,0.281,Static,Carpet,shape,False,False,,1.0,1.0,0.2753393341905987,0.0758117489525222,0.5506786683811974
Proventus_Avenicci_impacts_log_11,Proventus_Avenicci,male,True,"requested-capture light-armour-fall (11/13): light armour, dropped from 3m",light,900.987,42.999000000000024,2,NPC R Forearm [RLar],arm,R,light,6.0,11.658,18.214,18.214,18.214,-1,498.037,498.037,ragdoll,134.87,17.051,DeadBip,Skin,shape,True,False,NPC Spine [Spn0],0.0944,1.0,0.2602371767395342,0.20317016447209074,1.5614230604372055
Proventus_Avenicci_impacts_log_11,Proventus_Avenicci,male,True,"requested-capture light-armour-fall (11/13): light armour, dropped from 3m",light,1724.84,42.21199999999999,2,NPC R Forearm [RLar],arm,R,light,6.0,11.658,241.999,241.999,241.999,-1,323.685,323.685,ragdoll,407.99,30.286,DeadBip,Skin,shape,True,False,NPC Spine1 [Spn1],0.1786,1.0,3.4576225175025006,35.86546042062099,20.745735105015005
Proventus_Avenicci_impacts_log_11,Proventus_Avenicci,male,True,"requested-capture light-armour-fall (11/13): light armour, dropped from 3m",light,1894.827,84.87400000000002,2,NPC R Forearm [RLar],arm,R,light,6.0,11.658,15.583,15.583,15.583,-1,31.193,31.193,ragdoll,83.374,5.052,DeadBip,Skin,shape,True,False,NPC Spine1 [Spn1],-0.1504,1.0,0.22264609229889987,0.1487138472479107,1.3358765537933992
Proventus_Avenicci_impacts_log_11,Proventus_Avenicci,male,True,"requested-capture light-armour-fall (11/13): light armour, dropped from 3m",light,900.989,148.45399999999995,2,NPC R Forearm [RLar],arm,R,light,6.0,11.658,154.276,154.276,154.276,-1,470.118,470.118,ragdoll,134.87,17.051,DeadBip,Skin,shape,True,False,NPC Spine2 [Spn2],-0.6979,1.0,2.2042577511073014,14.576256699949852,13.22554650664381
Proventus_Avenicci_impacts_log_11,Proventus_Avenicci,male,True,"requested-capture light-armour-fall (11/13): light armour, dropped from 3m",light,1766.706,42.307000000000016,2,NPC R Forearm [RLar],arm,R,light,6.0,11.658,65.072,65.072,65.072,-1,334.169,334.169,ragdoll,227.327,25.406,DeadBip,Skin,shape,True,False,NPC Spine2 [Spn2],-0.5315,1.0,0.9297328189741393,2.593209344032799,5.578396913844836
Proventus_Avenicci_impacts_log_11,Proventus_Avenicci,male,True,"requested-capture light-armour-fall (11/13): light armour, dropped from 3m",light,1767.059,85.25500000000011,2,NPC R Hand [RHnd],hand,R,light,4.0,8.334,368.423,368.423,368.423,-1,448.016,448.016,ragdoll,357.614,59.989,DeadBip,Skin,shape,True,False,NPC R Thigh [RThg],-0.0203,1.0,5.263937705386484,55.41808033237904,21.055750821545935
Proventus_Avenicci_impacts_log_11,Proventus_Avenicci,male,True,"requested-capture light-armour-fall (11/13): light armour, dropped from 3m",light,1873.328,147.6690000000001,2,NPC R Hand [RHnd],hand,R,light,4.0,8.334,27.471,27.471,27.471,-1,132.924,132.924,ragdoll,136.117,7.77,DeadBip,Skin,shape,True,False,NPC R Thigh [RThg],-0.0278,1.0,0.3924989284183455,0.308110817619099,1.569995713673382
Proventus_Avenicci_impacts_log_11,Proventus_Avenicci,male,True,"requested-capture light-armour-fall (11/13): light armour, dropped from 3m",light,900.99,22.224000000000046,2,NPC R Hand [RHnd],hand,R,light,4.0,8.334,47.976,47.976,47.976,-1,393.648,393.648,ragdoll,139.874,12.779,DeadBip,-,-,True,False,NPC COM [COM ],0.062,1.0,0.6854693527646807,0.9397364671592605,2.7418774110587227
Proventus_Avenicci_impacts_log_11,Proventus_Avenicci,male,True,"requested-capture light-armour-fall (11/13): light armour, dropped from 3m",light,900.991,21.860000000000014,2,NPC R Hand [RHnd],hand,R,light,4.0,8.334,273.449,273.449,273.449,-1,273.699,273.699,ragdoll,139.874,12.779,DeadBip,Skin,shape,True,False,NPC Spine [Spn0],-0.4331,1.0,3.906972424632091,30.528867053671117,15.627889698528364
Proventus_Avenicci_impacts_log_11,Proventus_Avenicci,male,True,"requested-capture light-armour-fall (11/13): light armour, dropped from 3m",light,900.995,21.85699999999997,2,NPC COM [COM ],torso,-,light,50.0,17.687,8.891,8.891,8.891,-1,350.037,350.037,ragdoll,305.589,25.918,DeadBip,Skin,shape,True,False,NPC L Hand [LHnd],-0.0608,1.0,0.12703243320474356,0.4034309771479408,6.351621660237178
Proventus_Avenicci_impacts_log_11,Proventus_Avenicci,male,True,"requested-capture light-armour-fall (11/13): light armour, dropped from 3m",light,900.996,21.85699999999997,2,NPC Spine [Spn0],torso,-,light,4.0,17.297,259.222,259.222,259.222,-1,468.956,468.956,ragdoll,357.854,5.741,DeadBip,Skin,shape,True,False,NPC L Hand [LHnd],0.3871,1.0,3.7037005286469498,27.43479521179939,14.814802114587799
Proventus_Avenicci_impacts_log_11,Proventus_Avenicci,male,True,"requested-capture light-armour-fall (11/13): light armour, dropped from 3m",light,900.996,64.65200000000004,2,NPC Spine1 [Spn1],torso,-,light,4.0,18.878,37.363,37.363,37.363,-1,896.208,896.208,ragdoll,340.67,5.115,DeadBip,Skin,shape,True,False,NPC L Forearm [LLar],-0.0052,1.0,0.5338334047721104,0.5699562081011676,2.1353336190884415
Proventus_Avenicci_impacts_log_11,Proventus_Avenicci,male,True,"requested-capture light-armour-fall (11/13): light armour, dropped from 3m",light,1809.37,190.7460000000001,2,NPC Spine1 [Spn1],torso,-,light,4.0,18.878,132.486,132.486,132.486,-1,267.008,267.008,ragdoll,67.06,9.483,DeadBip,Skin,shape,True,False,NPC L Forearm [LLar],-0.0441,1.0,1.8929275610801544,7.166349502993723,7.5717102443206175
Proventus_Avenicci_impacts_log_11,Proventus_Avenicci,male,True,"requested-capture light-armour-fall (11/13): light armour, dropped from 3m",light,900.997,64.65200000000004,2,NPC Spine2 [Spn2],torso,-,light,7.0,23.052,152.87,152.87,152.87,-1,874.772,874.772,ragdoll,172.682,11.694,DeadBip,Skin,shape,True,False,NPC L Forearm [LLar],0.6705,1.0,2.1841691670238608,16.69708232562197,15.289184169167026
Proventus_Avenicci_impacts_log_11,Proventus_Avenicci,male,True,"requested-capture light-armour-fall (11/13): light armour, dropped from 3m",light,1787.732,294.4960000000001,2,NPC L Forearm [LLar],arm,L,light,2.0,11.658,230.766,230.766,230.766,-1,181.939,181.939,ragdoll,332.041,14.788,DeadBip,Skin,shape,True,False,NPC Spine2 [Spn2],-0.5008,1.0,3.297128161165881,10.871054111153104,6.594256322331762
Proventus_Avenicci_impacts_log_11,Proventus_Avenicci,male,True,"requested-capture light-armour-fall (11/13): light armour, dropped from 3m",light,2082.595,533.5980000000004,2,NPC L Forearm [LLar],arm,L,light,2.0,11.658,12.139,12.139,12.139,-1,95.565,95.565,ragdoll,83.537,8.866,DeadBip,Skin,shape,True,False,NPC Spine2 [Spn2],0.3176,1.0,0.1734390627232462,0.030081108478318127,0.3468781254464924
Proventus_Avenicci_impacts_log_11,Proventus_Avenicci,male,True,"requested-capture light-armour-fall (11/13): light armour, dropped from 3m",light,1787.73,21.63799999999992,2,NPC L Thigh [LThg],leg,L,light,6.0,20.487,22.535,22.535,22.535,-1,341.877,341.877,ragdoll,31.861,4.641,DeadBip,Skin,shape,True,False,NPC L Forearm [LLar],-0.7093,1.0,0.32197456779539935,0.3110028669211026,1.931847406772396
Proventus_Avenicci_impacts_log_11,Proventus_Avenicci,male,True,"requested-capture light-armour-fall (11/13): light armour, dropped from 3m",light,1766.723,63.611000000000104,4,NPC L Hand [LHnd],hand,L,light,4.0,8.334,854.577,854.577,854.577,-1,571.503,571.503,ragdoll,824.637,52.533,DeadBip,Skin,shape,True,False,NPC L Thigh [LThg],0.3418,1.0,12.209987141020147,298.16757196775467,48.839948564080586
Proventus_Avenicci_impacts_log_11,Proventus_Avenicci,male,True,"requested-capture light-armour-fall (11/13): light armour, dropped from 3m",light,965.646,63.39499999999998,2,NPC R Foot [Rft ],foot,R,light,3.0,10.011,16.819,16.819,16.819,-1,262.585,262.585,ragdoll,224.982,14.305,DeadBip,Skin,shape,True,False,NPC L Calf [LClf],0.0556,1.0,0.24030575796542364,0.08662028596700515,0.7209172738962709
Proventus_Avenicci_impacts_log_11,Proventus_Avenicci,male,True,"requested-capture light-armour-fall (11/13): light armour, dropped from 3m",light,1049.45,0.375,2,NPC R Foot [Rft ],foot,R,light,3.0,10.011,85.64,85.64,85.64,-1,449.975,449.975,ragdoll,176.239,27.848,DeadBip,Skin,shape,True,False,NPC L Calf [LClf],0.3623,1.0,1.223603371910273,2.245807817625285,3.670810115730819
Proventus_Avenicci_impacts_log_11,Proventus_Avenicci,male,True,"requested-capture light-armour-fall (11/13): light armour, dropped from 3m",light,1049.448,20.998999999999796,2,NPC R Calf [RClf],leg,R,light,6.0,19.675,139.99,139.99,139.99,-1,145.879,145.879,ragdoll,195.154,7.749,DeadBip,Skin,shape,True,False,NPC L Calf [LClf],0.2674,1.0,2.0001428775539365,12.001714591889225,12.000857265323619
Proventus_Avenicci_impacts_log_11,Proventus_Avenicci,male,True,"requested-capture light-armour-fall (11/13): light armour, dropped from 3m",light,1049.449,20.621999999999844,2,NPC R Calf [RClf],leg,R,light,6.0,19.675,150.459,150.459,150.459,-1,247.679,247.679,ragdoll,195.154,7.749,DeadBip,Skin,shape,True,False,NPC L Foot [Lft ],0.1979,1.0,2.1497213887698243,13.863906148003386,12.898328332618945
Proventus_Avenicci_impacts_log_11,Proventus_Avenicci,male,True,"requested-capture light-armour-fall (11/13): light armour, dropped from 3m",light,1663.93,166.39699999999993,3,NPC R Foot [Rft ],foot,R,light,3.0,10.011,536.545,536.545,543.184,-1,7.436,230.45,ragdoll,543.303,3.006,Static,Carpet,shape,False,False,,0.9995,0.0,7.666023717673953,88.15187945990937,22.99807115302186
Proventus_Avenicci_impacts_log_11,Proventus_Avenicci,male,True,"requested-capture light-armour-fall (11/13): light armour, dropped from 3m",light,1725.241,105.47499999999991,1,NPC R Foot [Rft ],foot,R,light,3.0,10.011,45.726,45.726,45.726,-1,89.793,89.793,ragdoll,28.756,17.751,Static,Carpet,shape,False,False,,1.0,1.0,0.6533219031290185,0.6402442636621839,1.9599657093870555
Proventus_Avenicci_impacts_log_11,Proventus_Avenicci,male,True,"requested-capture light-armour-fall (11/13): light armour, dropped from 3m",light,1663.933,145.43200000000002,1,NPC R Foot [Rft ],foot,R,light,3.0,10.011,242.969,242.969,242.969,-1,186.458,186.458,ragdoll,253.031,29.129,Static,Wood,shape,False,False,,1.0,0.0,3.471481640234319,18.07677716772594,10.414444920702957
Proventus_Avenicci_impacts_log_11,Proventus_Avenicci,male,True,"requested-capture light-armour-fall (11/13): light armour, dropped from 3m",light,1684.769,40.07999999999993,1,NPC L Thigh [LThg],leg,L,light,6.0,20.487,95.925,95.925,95.925,-1,231.422,231.422,ragdoll,213.408,16.09,Static,Carpet,shape,False,False,,1.0,1.0,1.3705529361337334,5.635246052234393,8.223317616802401
Proventus_Avenicci_impacts_log_11,Proventus_Avenicci,male,True,"requested-capture light-armour-fall (11/13): light armour, dropped from 3m",light,1684.77,40.07999999999993,1,NPC R Calf [RClf],leg,R,light,6.0,19.675,256.565,256.565,256.565,-1,64.919,64.919,ragdoll,393.398,16.952,Static,Carpet,shape,False,False,,1.0,1.0,3.665737962566081,40.31290443059437,21.99442777539649
Proventus_Avenicci_impacts_log_11,Proventus_Avenicci,male,True,"requested-capture light-armour-fall (11/13): light armour, dropped from 3m",light,1684.771,124.24900000000002,2,NPC R Calf [RClf],leg,R,light,6.0,19.675,267.633,537.546,267.633,-1,104.768,136.842,ragdoll,393.398,16.952,Static,Carpet,shape,False,False,,0.9813,1.0,7.680325760822976,176.9622113770831,46.08195456493786
Proventus_Avenicci_impacts_log_11,Proventus_Avenicci,male,True,"requested-capture light-armour-fall (11/13): light armour, dropped from 3m",light,1684.775,61.11199999999985,2,NPC R Calf [RClf],leg,R,light,6.0,19.675,256.565,537.546,256.565,-1,91.758,149.808,ragdoll,393.398,16.952,Static,Wood,shape,False,False,,1.0,1.0,7.680325760822976,176.9622113770831,46.08195456493786
Proventus_Avenicci_impacts_log_11,Proventus_Avenicci,male,True,"requested-capture light-armour-fall (11/13): light armour, dropped from 3m",light,1766.72,212.54600000000005,1,NPC R Hand [RHnd],hand,R,light,4.0,8.334,149.849,149.849,149.849,-1,702.253,702.253,ragdoll,386.436,38.4,Static,Carpet,shape,False,False,,1.0,1.0,2.1410058579797115,9.167812167806881,8.564023431918846
Proventus_Avenicci_impacts_log_11,Proventus_Avenicci,male,True,"requested-capture light-armour-fall (11/13): light armour, dropped from 3m",light,1766.722,0.33799999999996544,2,NPC L Hand [LHnd],hand,L,light,4.0,8.334,733.108,733.108,733.108,-1,777.117,777.117,ragdoll,824.637,52.533,DeadBip,Skin,shape,True,False,NPC L Calf [LClf],0.4121,1.0,10.474467781111587,219.42895059508936,41.89787112444635
Proventus_Avenicci_impacts_log_11,Proventus_Avenicci,male,True,"requested-capture light-armour-fall (11/13): light armour, dropped from 3m",light,1809.368,42.945000000000164,1,NPC R Hand [RHnd],hand,R,light,4.0,8.334,26.012,26.012,26.012,-1,278.117,278.117,ragdoll,68.396,48.271,Static,Wood,shape,False,False,,1.0,1.0,0.3716530932990428,0.276252043517494,1.4866123731961711
Proventus_Avenicci_impacts_log_11,Proventus_Avenicci,male,True,"requested-capture light-armour-fall (11/13): light armour, dropped from 3m",light,2164.948,287.83899999999994,2,NPC L Hand [LHnd],hand,L,light,4.0,8.334,91.451,91.451,91.451,-1,119.325,119.325,ragdoll,117.668,9.751,DeadBip,Skin,shape,True,False,NPC Spine2 [Spn2],0.7243,1.0,1.3066295185026433,3.414561397244899,5.226518074010573
Proventus_Avenicci_impacts_log_11,Proventus_Avenicci,male,True,"requested-capture light-armour-fall (11/13): light armour, dropped from 3m",light,2269.621,733.098,1,NPC R UpperArm [RUar],arm,R,light,2.0,14.463,91.47,91.47,91.47,-1,18.731,18.731,ragdoll,95.24,2.714,Static,Carpet,shape,False,False,,1.0,1.0,1.3069009858551222,1.70799018682909,2.6138019717102443
Proventus_Avenicci_impacts_log_12,Proventus_Avenicci,male,True,requested-capture heavy-armour (12/13): heavy armour with gauntlets and boots - forearms and calves covered,heavy,1474.905,37.11799999999994,2,NPC R Forearm [RLar],arm,R,heavy,6.0,11.658,61.926,61.926,61.926,-1,172.125,172.125,ragdoll,468.95,3.029,DeadBip,Skin,shape,True,False,NPC Spine1 [Spn1],0.4516,1.0,0.8847835405057867,2.348525740649865,5.3087012430347205
Proventus_Avenicci_impacts_log_12,Proventus_Avenicci,male,True,requested-capture heavy-armour (12/13): heavy armour with gauntlets and boots - forearms and calves covered,heavy,1530.146,0.5,2,NPC R Forearm [RLar],arm,R,heavy,6.0,11.658,42.143,42.143,42.143,-1,570.277,570.277,ragdoll,446.014,7.84,DeadBip,Skin,shape,True,False,NPC Spine1 [Spn1],0.2217,1.0,0.6021288755536506,1.0876775483265109,3.6127732533219037
Proventus_Avenicci_impacts_log_12,Proventus_Avenicci,male,True,requested-capture heavy-armour (12/13): heavy armour with gauntlets and boots - forearms and calves covered,heavy,1455.635,129.43499999999995,2,NPC R Forearm [RLar],arm,R,heavy,6.0,11.658,57.814,57.814,57.814,-1,97.252,97.252,ragdoll,483.894,2.702,DeadBip,Skin,shape,True,False,NPC Spine2 [Spn2],0.0997,1.0,0.8260322903271896,2.0469880339895474,4.956193741963138
Proventus_Avenicci_impacts_log_12,Proventus_Avenicci,male,True,requested-capture heavy-armour (12/13): heavy armour with gauntlets and boots - forearms and calves covered,heavy,879.121,78.49599999999998,2,NPC R Hand [RHnd],hand,R,heavy,4.0,8.334,5.845,5.845,5.845,-1,110.496,110.496,ragdoll,279.229,4.44,DeadBip,Skin,shape,True,False,NPC Spine [Spn0],-0.4777,1.0,0.08351193027575368,0.013948484996764689,0.3340477211030147
Proventus_Avenicci_impacts_log_12,Proventus_Avenicci,male,True,requested-capture heavy-armour (12/13): heavy armour with gauntlets and boots - forearms and calves covered,heavy,1720.228,21.374000000000024,2,NPC L Forearm [LLar],arm,L,heavy,2.0,11.658,26.379,26.379,26.379,-1,54.923,54.923,ragdoll,166.133,1.277,DeadBip,-,-,True,False,NPC COM [COM ],-0.2121,1.0,0.37689669952850413,0.14205112211547952,0.7537933990570083
Proventus_Avenicci_impacts_log_12,Proventus_Avenicci,male,True,requested-capture heavy-armour (12/13): heavy armour with gauntlets and boots - forearms and calves covered,heavy,1437.081,37.82100000000014,2,NPC L Forearm [LLar],arm,L,heavy,2.0,11.658,120.37,120.37,120.37,-1,92.956,92.956,ragdoll,501.666,3.207,DeadBip,Skin,shape,True,False,NPC Spine [Spn0],0.5444,1.0,1.7198171167309617,2.9577709150007983,3.4396342334619234
Proventus_Avenicci_impacts_log_12,Proventus_Avenicci,male,True,requested-capture heavy-armour (12/13): heavy armour with gauntlets and boots - forearms and calves covered,heavy,1585.491,275.5160000000001,2,NPC L Forearm [LLar],arm,L,heavy,2.0,11.658,152.928,152.928,152.928,-1,70.91,70.91,ragdoll,114.856,14.243,DeadBip,Skin,shape,True,False,NPC Spine [Spn0],-0.4975,1.0,2.184997856836691,4.7742156343809325,4.369995713673382
Proventus_Avenicci_impacts_log_12,Proventus_Avenicci,male,True,requested-capture heavy-armour (12/13): heavy armour with gauntlets and boots - forearms and calves covered,heavy,879.126,78.15100000000007,2,NPC L Hand [LHnd],hand,L,heavy,4.0,8.334,6.513,6.513,6.513,-1,134.221,134.221,ragdoll,263.246,4.901,DeadBip,Skin,shape,True,False,NPC Spine [Spn0],-0.4906,1.0,0.09305615087869697,0.017318894432717627,0.37222460351478787
Proventus_Avenicci_impacts_log_12,Proventus_Avenicci,male,True,requested-capture heavy-armour (12/13): heavy armour with gauntlets and boots - forearms and calves covered,heavy,1437.084,167.23599999999988,1,NPC L Foot [Lft ],foot,L,heavy,3.0,10.011,22.627,22.627,22.627,-1,255.432,255.432,ragdoll,185.882,9.552,Static,Wood,shape,False,False,,1.0,1.0,0.3232890412916131,0.1567737063288755,0.9698671238748393
Proventus_Avenicci_impacts_log_12,Proventus_Avenicci,male,True,requested-capture heavy-armour (12/13): heavy armour with gauntlets and boots - forearms and calves covered,heavy,1604.321,236.46000000000004,1,NPC L Foot [Lft ],foot,L,heavy,3.0,10.011,10.55,10.55,10.55,-1,214.296,214.296,ragdoll,230.969,7.624,Static,Wood,shape,False,False,,1.0,0.0,0.15073581940277184,0.034081930876537575,0.45220745820831554
Proventus_Avenicci_impacts_log_12,Proventus_Avenicci,male,True,requested-capture heavy-armour (12/13): heavy armour with gauntlets and boots - forearms and calves covered,heavy,918.332,20.182000000000016,1,NPC R Foot [Rft ],foot,R,heavy,3.0,10.011,19.69,19.69,19.69,-1,311.102,311.102,ragdoll,198.836,12.186,Static,Carpet,shape,False,False,,0.7792,1.0,0.2813259037005287,0.1187163961393787,0.843977711101586
Proventus_Avenicci_impacts_log_12,Proventus_Avenicci,male,True,requested-capture heavy-armour (12/13): heavy armour with gauntlets and boots - forearms and calves covered,heavy,1417.595,573.4939999999999,2,NPC COM [COM ],torso,-,heavy,50.0,17.687,248.896,248.896,248.896,-1,229.656,229.656,ragdoll,367.073,3.744,Static,Carpet,shape,False,False,,1.0,1.0,3.5561651664523506,316.15776727722687,177.80825832261752
Proventus_Avenicci_impacts_log_12,Proventus_Avenicci,male,True,requested-capture heavy-armour (12/13): heavy armour with gauntlets and boots - forearms and calves covered,heavy,1417.978,93.61199999999985,1,NPC R Calf [RClf],leg,R,heavy,6.0,19.675,228.764,228.764,228.764,-1,292.696,292.696,ragdoll,332.481,2.83,Static,Carpet,shape,False,False,,1.0,1.0,3.268524074867839,32.049748883971986,19.611144449207032
Proventus_Avenicci_impacts_log_12,Proventus_Avenicci,male,True,requested-capture heavy-armour (12/13): heavy armour with gauntlets and boots - forearms and calves covered,heavy,1436.699,18.94100000000003,1,NPC COM [COM ],torso,-,heavy,50.0,17.687,15.275,15.275,15.275,-1,25.356,25.356,ragdoll,220.126,16.131,Static,Wood,shape,False,False,,1.0,1.0,0.21824546363766253,1.190777059960457,10.912273181883126
Proventus_Avenicci_impacts_log_12,Proventus_Avenicci,male,True,requested-capture heavy-armour (12/13): heavy armour with gauntlets and boots - forearms and calves covered,heavy,1474.914,55.738000000000056,1,NPC Spine [Spn0],torso,-,heavy,4.0,17.297,97.369,97.369,97.369,-1,36.507,36.507,ragdoll,208.182,13.24,Static,Carpet,shape,False,False,,1.0,1.0,1.391184454922132,3.8707883752339787,5.564737819688528
Proventus_Avenicci_impacts_log_12,Proventus_Avenicci,male,True,requested-capture heavy-armour (12/13): heavy armour with gauntlets and boots - forearms and calves covered,heavy,1741.193,139.27199999999993,1,NPC Spine [Spn0],torso,-,heavy,4.0,17.297,62.467,62.467,62.467,-1,185.391,185.391,ragdoll,168.521,2.112,Static,Carpet,shape,False,False,,1.0,1.0,0.8925132161737391,1.5931596820895833,3.5700528646949565
Proventus_Avenicci_impacts_log_12,Proventus_Avenicci,male,True,requested-capture heavy-armour (12/13): heavy armour with gauntlets and boots - forearms and calves covered,heavy,1475.29,55.365999999999985,2,NPC Spine1 [Spn1],torso,-,heavy,4.0,18.878,145.795,145.795,145.795,-1,82.355,82.355,ragdoll,296.136,12.553,Static,Carpet,shape,False,False,,1.0,1.0,2.083083297613945,8.678472049596373,8.33233319045578
Proventus_Avenicci_impacts_log_12,Proventus_Avenicci,male,True,requested-capture heavy-armour (12/13): heavy armour with gauntlets and boots - forearms and calves covered,heavy,1780.412,119.50999999999999,1,NPC Spine1 [Spn1],torso,-,heavy,4.0,18.878,40.922,40.922,40.922,-1,131.378,131.378,ragdoll,112.935,2.269,Static,Carpet,shape,False,False,,1.0,1.0,0.5846835262180311,0.6837096516615021,2.3387341048721244
Proventus_Avenicci_impacts_log_12,Proventus_Avenicci,male,True,requested-capture heavy-armour (12/13): heavy armour with gauntlets and boots - forearms and calves covered,heavy,1493.709,18.322999999999865,1,NPC Spine1 [Spn1],torso,-,heavy,4.0,18.878,144.356,144.356,144.356,-1,29.717,29.717,ragdoll,270.448,15.493,Static,Wood,shape,False,False,,1.0,1.0,2.062523217602515,8.508004046298861,8.25009287041006
Proventus_Avenicci_impacts_log_12,Proventus_Avenicci,male,True,requested-capture heavy-armour (12/13): heavy armour with gauntlets and boots - forearms and calves covered,heavy,1493.711,129.5809999999999,2,NPC Spine2 [Spn2],torso,-,heavy,7.0,23.052,295.885,295.885,295.885,-1,118.991,118.991,ragdoll,407.753,11.757,Static,Carpet,shape,False,False,,1.0,1.0,4.227532504643521,62.55210877236132,29.592727532504647
Proventus_Avenicci_impacts_log_12,Proventus_Avenicci,male,True,requested-capture heavy-armour (12/13): heavy armour with gauntlets and boots - forearms and calves covered,heavy,1493.714,148.83400000000006,2,NPC Spine2 [Spn2],torso,-,heavy,7.0,23.052,295.885,295.885,295.885,-1,102.702,102.702,ragdoll,407.753,11.757,Static,Wood,shape,False,False,,1.0,1.0,4.227532504643521,62.55210877236132,29.592727532504647
Proventus_Avenicci_impacts_log_12,Proventus_Avenicci,male,True,requested-capture heavy-armour (12/13): heavy armour with gauntlets and boots - forearms and calves covered,heavy,1530.145,18.28800000000001,2,NPC R Hand [RHnd],hand,R,heavy,4.0,8.334,225.044,225.044,225.044,-1,370.86,370.86,ragdoll,485.97,7.87,DeadBip,Skin,shape,True,False,NPC Spine2 [Spn2],0.5353,1.0,3.2153736248035436,20.677255094164558,12.861494499214174
Proventus_Avenicci_impacts_log_12,Proventus_Avenicci,male,True,requested-capture heavy-armour (12/13): heavy armour with gauntlets and boots - forearms and calves covered,heavy,1530.169,211.442,2,NPC L UpperArm [LUar],arm,L,heavy,2.0,14.463,146.036,146.036,146.036,-1,317.473,317.473,ragdoll,289.091,10.698,Static,Carpet,shape,False,False,,1.0,1.0,2.0865266466638093,4.35359344723812,4.1730532933276185
Proventus_Avenicci_impacts_log_12,Proventus_Avenicci,male,True,requested-capture heavy-armour (12/13): heavy armour with gauntlets and boots - forearms and calves covered,heavy,1530.17,18.783999999999878,1,NPC R UpperArm [RUar],arm,R,heavy,2.0,14.463,221.478,221.478,221.478,-1,391.487,391.487,ragdoll,339.571,11.641,Static,Carpet,shape,False,False,,1.0,1.0,3.1644234890698675,10.013576018177114,6.328846978139735
Proventus_Avenicci_impacts_log_12,Proventus_Avenicci,male,True,requested-capture heavy-armour (12/13): heavy armour with gauntlets and boots - forearms and calves covered,heavy,1566.484,153.7550000000001,1,NPC R UpperArm [RUar],arm,R,heavy,2.0,14.463,16.054,16.054,16.054,-1,148.488,148.488,ragdoll,217.773,7.068,Static,Carpet,shape,False,False,,1.0,1.0,0.22937562508929846,0.0526131773851064,0.4587512501785969
Proventus_Avenicci_impacts_log_12,Proventus_Avenicci,male,True,requested-capture heavy-armour (12/13): heavy armour with gauntlets and boots - forearms and calves covered,heavy,1780.418,80.19500000000016,1,NPC L Forearm [LLar],arm,L,heavy,2.0,11.658,9.589,9.589,9.589,-1,133.898,133.898,ragdoll,134.321,4.485,Static,Carpet,shape,False,False,,1.0,1.0,0.13700528646949567,0.018770448520588574,0.27401057293899134
Proventus_Avenicci_impacts_log_12,Proventus_Avenicci,male,True,requested-capture heavy-armour (12/13): heavy armour with gauntlets and boots - forearms and calves covered,heavy,1530.672,169.644,2,NPC L UpperArm [LUar],arm,L,heavy,2.0,14.463,11.894,55.555,11.894,-1,69.44,119.613,ragdoll,238.255,31.462,Static,Wood,shape,False,False,,1.0,1.0,0.7937562508929847,0.6300489858316869,1.5875125017859695
Proventus_Avenicci_impacts_log_12,Proventus_Avenicci,male,True,requested-capture heavy-armour (12/13): heavy armour with gauntlets and boots - forearms and calves covered,heavy,1530.673,35.819999999999936,1,NPC R Forearm [RLar],arm,R,heavy,6.0,11.658,86.326,86.326,86.326,-1,244.39,244.39,ragdoll,334.768,11.101,Static,Carpet,shape,False,False,,1.0,1.0,1.2334047721103014,4.563861995593394,7.400428632661809
Proventus_Avenicci_impacts_log_12,Proventus_Avenicci,male,True,requested-capture heavy-armour (12/13): heavy armour with gauntlets and boots - forearms and calves covered,heavy,1548.461,312.15599999999995,3,NPC L Hand [LHnd],hand,L,heavy,4.0,8.334,276.739,276.739,205.708,-1,284.968,365.23,ragdoll,420.96,46.076,Static,Stone,shape,False,False,,0.4532,0.0,3.9539791398771253,31.267902077166905,15.815916559508501
Proventus_Avenicci_impacts_log_12,Proventus_Avenicci,male,True,requested-capture heavy-armour (12/13): heavy armour with gauntlets and boots - forearms and calves covered,heavy,1548.963,55.36900000000014,1,NPC Head [Head],head,-,heavy,4.0,15.108,398.135,398.135,398.135,-1,140.938,140.938,ragdoll,522.618,36.788,Static,Carpet,shape,False,False,,1.0,1.0,5.688455493641949,64.71705180629054,22.753821974567796
Proventus_Avenicci_impacts_log_12,Proventus_Avenicci,male,True,requested-capture heavy-armour (12/13): heavy armour with gauntlets and boots - forearms and calves covered,heavy,1760.364,599.0389999999998,1,NPC Head [Head],head,-,heavy,4.0,15.108,35.855,35.855,35.855,-1,84.233,84.233,ragdoll,154.549,6.484,Static,Wood,shape,False,False,,1.0,1.0,0.5122874696385198,0.5248769030972746,2.049149878554079
Proventus_Avenicci_impacts_log_12,Proventus_Avenicci,male,True,requested-capture heavy-armour (12/13): heavy armour with gauntlets and boots - forearms and calves covered,heavy,1603.932,76.39699999999993,2,NPC L Hand [LHnd],hand,L,heavy,4.0,8.334,65.738,65.738,65.738,-1,177.441,177.441,ragdoll,114.955,18.792,DeadBip,Skin,shape,True,False,NPC Spine1 [Spn1],-0.1852,1.0,0.9392484640662953,1.7643753545017895,3.756993856265181
Proventus_Avenicci_impacts_log_12,Proventus_Avenicci,male,True,requested-capture heavy-armour (12/13): heavy armour with gauntlets and boots - forearms and calves covered,heavy,1603.952,57.041999999999916,1,NPC Neck [Neck],head,-,heavy,6.0,8.431,13.902,13.902,13.902,-1,156.234,156.234,ragdoll,189.29,5.195,Static,Carpet,shape,False,False,,1.0,1.0,0.19862837548221174,0.11835969464010748,1.1917702528932703
Proventus_Avenicci_impacts_log_12,Proventus_Avenicci,male,True,requested-capture heavy-armour (12/13): heavy armour with gauntlets and boots - forearms and calves covered,heavy,1699.798,140.99399999999991,1,NPC R Hand [RHnd],hand,R,heavy,4.0,8.334,105.204,105.204,105.204,-1,132.351,132.351,ragdoll,264.979,15.284,Static,Carpet,shape,False,False,,1.0,1.0,1.5031290184312045,4.518793692099913,6.012516073724818
Proventus_Avenicci_impacts_log_12,Proventus_Avenicci,male,True,requested-capture heavy-armour (12/13): heavy armour with gauntlets and boots - forearms and calves covered,heavy,1700.323,19.923999999999978,1,NPC R UpperArm [RUar],arm,R,heavy,2.0,14.463,48.473,48.473,48.473,-1,199.526,199.526,ragdoll,216.231,8.818,Static,Carpet,shape,False,False,,0.9955,1.0,0.6925703671953136,0.47965371351705155,1.3851407343906272
Proventus_Avenicci_impacts_log_12,Proventus_Avenicci,male,True,requested-capture heavy-armour (12/13): heavy armour with gauntlets and boots - forearms and calves covered,heavy,1741.211,0.4079999999999018,1,NPC Spine2 [Spn2],torso,-,heavy,7.0,23.052,28.911,28.911,28.911,-1,172.862,172.862,ragdoll,146.27,2.612,Static,Carpet,shape,False,False,,0.9798,1.0,0.41307329618516936,0.5972034180744823,2.8915130732961853
Proventus_Avenicci_impacts_log_12,Proventus_Avenicci,male,True,requested-capture heavy-armour (12/13): heavy armour with gauntlets and boots - forearms and calves covered,heavy,1760.34,60.00200000000018,1,NPC L UpperArm [LUar],arm,L,heavy,2.0,14.463,20.558,20.558,20.558,-1,199.997,199.997,ragdoll,182.504,2.978,Static,Carpet,shape,False,False,,0.9806,1.0,0.29372767538219746,0.08627594728542957,0.5874553507643949
Proventus_Avenicci_impacts_log_12,Proventus_Avenicci,male,True,requested-capture heavy-armour (12/13): heavy armour with gauntlets and boots - forearms and calves covered,heavy,1760.36,60.001000000000204,1,NPC L Forearm [LLar],arm,L,heavy,2.0,11.658,12.869,12.869,12.869,-1,209.127,209.127,ragdoll,177.179,3.853,Static,Wood,shape,False,False,,1.0,1.0,0.1838691241605944,0.03380785481958408,0.3677382483211888
Proventus_Avenicci_impacts_log_12,Proventus_Avenicci,male,True,requested-capture heavy-armour (12/13): heavy armour with gauntlets and boots - forearms and calves covered,heavy,1780.425,40.315000000000055,1,NPC L Forearm [LLar],arm,L,heavy,2.0,11.658,93.48,93.48,93.48,-1,101.5,101.5,ragdoll,134.321,4.485,Static,Carpet,shape,False,False,,0.7635,1.0,1.3356193741963138,1.783879112728553,2.6712387483926276
Proventus_Avenicci_impacts_log_13,Proventus_Avenicci,male,True,"requested-capture heavy-armour-fall (13/13): heavy armour, dropped from 3m",heavy,840.415,959.1100000000001,2,NPC R Forearm [RLar],arm,R,heavy,6.0,11.658,131.72,131.72,131.72,-1,305.396,305.396,ragdoll,70.816,15.508,DeadBip,Skin,shape,True,False,NPC Spine2 [Spn2],-0.677,1.0,1.8819831404486356,10.625581622798727,11.291898842691813
Proventus_Avenicci_impacts_log_13,Proventus_Avenicci,male,True,"requested-capture heavy-armour-fall (13/13): heavy armour, dropped from 3m",heavy,1645.211,0.4089999999998781,2,NPC Spine [Spn0],torso,-,heavy,4.0,17.297,272.983,272.983,272.983,-1,746.389,746.389,ragdoll,326.138,29.667,DeadBip,Skin,shape,True,False,NPC R Hand [RHnd],-0.742,1.0,3.9003143306186603,30.424903755258576,15.601257322474641
Proventus_Avenicci_impacts_log_13,Proventus_Avenicci,male,True,"requested-capture heavy-armour-fall (13/13): heavy armour, dropped from 3m",heavy,840.419,39.18799999999999,2,NPC Spine [Spn0],torso,-,heavy,4.0,17.297,207.104,207.104,207.104,-1,366.669,366.669,ragdoll,315.939,2.379,DeadBip,Skin,shape,True,False,NPC L Hand [LHnd],0.4274,1.0,2.9590512930418633,17.511969109705447,11.836205172167453
Proventus_Avenicci_impacts_log_13,Proventus_Avenicci,male,True,"requested-capture heavy-armour-fall (13/13): heavy armour, dropped from 3m",heavy,840.421,136.19299999999998,2,NPC Spine2 [Spn2],torso,-,heavy,7.0,23.052,137.585,137.585,137.585,-1,901.884,901.884,ragdoll,109.348,12.966,DeadBip,Skin,shape,True,False,NPC L Forearm [LLar],0.7219,1.0,1.965780825832262,13.525029893234194,13.760465780825834
Proventus_Avenicci_impacts_log_13,Proventus_Avenicci,male,True,"requested-capture heavy-armour-fall (13/13): heavy armour, dropped from 3m",heavy,1682.859,38.45900000000006,2,NPC L Thigh [LThg],leg,L,heavy,6.0,20.487,325.16,325.16,325.16,-1,224.492,224.492,ragdoll,109.63,7.966,DeadBip,Skin,shape,True,False,NPC L Forearm [LLar],-0.541,1.0,4.645806543791971,64.75055532702089,27.874839262751827
Proventus_Avenicci_impacts_log_13,Proventus_Avenicci,male,True,"requested-capture heavy-armour-fall (13/13): heavy armour, dropped from 3m",heavy,1683.246,38.08600000000001,2,NPC L Thigh [LThg],leg,L,heavy,6.0,20.487,518.227,518.227,518.227,-1,223.313,223.313,ragdoll,125.23,10.827,DeadBip,Skin,shape,True,False,NPC L Hand [LHnd],0.0737,1.0,7.404300614373482,164.47100276403458,44.42580368624089
Proventus_Avenicci_impacts_log_13,Proventus_Avenicci,male,True,"requested-capture heavy-armour-fall (13/13): heavy armour, dropped from 3m",heavy,918.153,214.79500000000007,2,NPC Spine2 [Spn2],torso,-,heavy,7.0,23.052,39.61,39.61,39.61,-1,45.067,45.067,ragdoll,161.187,0.604,DeadBip,Skin,shape,True,False,NPC R Hand [RHnd],0.496,1.0,0.5659379911415917,1.1210003343608312,3.961565937991142
Proventus_Avenicci_impacts_log_13,Proventus_Avenicci,male,True,"requested-capture heavy-armour-fall (13/13): heavy armour, dropped from 3m",heavy,1388.474,257.14599999999996,2,NPC Spine2 [Spn2],torso,-,heavy,7.0,23.052,7.699,7.699,7.699,-1,14.444,14.444,ragdoll,415.316,0.151,DeadBip,Skin,shape,True,False,NPC R Hand [RHnd],0.2825,1.0,0.11000142877553937,0.04235110016431021,0.7700100014287756
Proventus_Avenicci_impacts_log_13,Proventus_Avenicci,male,True,"requested-capture heavy-armour-fall (13/13): heavy armour, dropped from 3m",heavy,995.898,137.35599999999988,2,NPC R Thigh [RThg],leg,R,heavy,6.0,20.487,28.317,28.317,28.317,-1,45.673,45.673,ragdoll,162.306,4.414,DeadBip,Skin,shape,True,False,NPC R Forearm [RLar],-0.9652,1.0,0.4045863694813545,0.4910703911103093,2.427518216888127
Proventus_Avenicci_impacts_log_13,Proventus_Avenicci,male,True,"requested-capture heavy-armour-fall (13/13): heavy armour, dropped from 3m",heavy,996.251,39.57999999999993,2,NPC R Calf [RClf],leg,R,heavy,6.0,19.675,127.74,127.74,127.74,-1,150.708,150.708,ragdoll,226.498,4.772,DeadBip,Skin,shape,True,False,NPC L Calf [LClf],0.4229,1.0,1.8251178739819975,9.9931657617857,10.950707243891985
Proventus_Avenicci_impacts_log_13,Proventus_Avenicci,male,True,"requested-capture heavy-armour-fall (13/13): heavy armour, dropped from 3m",heavy,1566.457,39.500999999999976,1,NPC L Calf [LClf],leg,L,heavy,6.0,19.675,352.342,352.342,352.342,-1,347.876,347.876,ragdoll,467.756,14.631,Static,Wood,shape,False,False,,1.0,1.0,5.034176310901557,76.02879338772723,30.205057865409344
Proventus_Avenicci_impacts_log_13,Proventus_Avenicci,male,True,"requested-capture heavy-armour-fall (13/13): heavy armour, dropped from 3m",heavy,1605.55,20.035000000000082,1,NPC R Foot [Rft ],foot,R,heavy,3.0,10.011,544.849,544.849,544.849,-1,44.27,44.27,ragdoll,544.352,3.548,Static,Carpet,shape,False,False,,1.0,1.0,7.784669238462639,90.90161272839973,23.354007715387915
Proventus_Avenicci_impacts_log_13,Proventus_Avenicci,male,True,"requested-capture heavy-armour-fall (13/13): heavy armour, dropped from 3m",heavy,1625.585,38.235999999999876,1,NPC R Foot [Rft ],foot,R,heavy,3.0,10.011,22.323,22.323,22.323,-1,445.912,445.912,ragdoll,245.809,32.989,Static,Carpet,shape,False,False,,0.9922,1.0,0.3189455636519503,0.15258940885989045,0.956836690955851
Proventus_Avenicci_impacts_log_13,Proventus_Avenicci,male,True,"requested-capture heavy-armour-fall (13/13): heavy armour, dropped from 3m",heavy,1605.962,19.62200000000007,1,NPC R Foot [Rft ],foot,R,heavy,3.0,10.011,139.562,139.562,139.562,-1,340.85,340.85,ragdoll,134.831,39.383,Static,Carpet,shape,False,False,,0.9884,1.0,1.994027718245464,5.964219811696817,5.982083154736392
Proventus_Avenicci_impacts_log_13,Proventus_Avenicci,male,True,"requested-capture heavy-armour-fall (13/13): heavy armour, dropped from 3m",heavy,1625.584,19.63499999999999,1,NPC R Foot [Rft ],foot,R,heavy,3.0,10.011,81.002,81.002,81.002,-1,440.484,440.484,ragdoll,245.809,32.989,Static,Carpet,shape,False,False,,0.9976,1.0,1.1573367623946278,2.0091425723851186,3.4720102871838834
Proventus_Avenicci_impacts_log_13,Proventus_Avenicci,male,True,"requested-capture heavy-armour-fall (13/13): heavy armour, dropped from 3m",heavy,1605.964,19.23700000000008,1,NPC R Calf [RClf],leg,R,heavy,6.0,19.675,335.426,335.426,335.426,-1,93.154,93.154,ragdoll,435.424,16.985,Static,Carpet,shape,False,False,,1.0,1.0,4.792484640662952,68.90372709297091,28.754907843977712
Proventus_Avenicci_impacts_log_13,Proventus_Avenicci,male,True,"requested-capture heavy-armour-fall (13/13): heavy armour, dropped from 3m",heavy,1625.195,20.432999999999993,1,NPC R Calf [RClf],leg,R,heavy,6.0,19.675,600.087,600.087,600.087,-1,277.303,277.303,ragdoll,305.194,27.338,Static,Wood,shape,False,False,,1.0,0.0,8.573896270895842,220.53509179224488,51.44337762537505
Proventus_Avenicci_impacts_log_13,Proventus_Avenicci,male,True,"requested-capture heavy-armour-fall (13/13): heavy armour, dropped from 3m",heavy,1625.586,57.6579999999999,2,NPC R Calf [RClf],leg,R,heavy,6.0,19.675,11.721,11.721,11.721,-1,256.841,256.841,ragdoll,305.194,27.338,Static,Carpet,shape,False,False,,0.9973,1.0,0.16746678096870982,0.08413536818406549,1.004800685812259
Proventus_Avenicci_impacts_log_13,Proventus_Avenicci,male,True,"requested-capture heavy-armour-fall (13/13): heavy armour, dropped from 3m",heavy,1645.615,37.24700000000007,2,NPC R Forearm [RLar],arm,R,heavy,6.0,11.658,180.816,180.816,180.816,-1,137.328,137.328,ragdoll,392.684,13.391,DeadBip,-,-,True,False,NPC COM [COM ],0.8508,1.0,2.5834547792541795,20.022715789353786,15.500728675525078
Proventus_Avenicci_impacts_log_13,Proventus_Avenicci,male,True,"requested-capture heavy-armour-fall (13/13): heavy armour, dropped from 3m",heavy,1645.621,18.190999999999804,2,NPC R Forearm [RLar],arm,R,heavy,6.0,11.658,194.297,194.297,194.297,-1,125.144,125.144,ragdoll,392.684,13.391,DeadBip,Skin,shape,True,False,NPC L Thigh [LThg],0.7648,1.0,2.776068009715674,23.119660783700233,16.656408058294044
Proventus_Avenicci_impacts_log_13,Proventus_Avenicci,male,True,"requested-capture heavy-armour-fall (13/13): heavy armour, dropped from 3m",heavy,1645.633,18.605000000000018,2,NPC R Hand [RHnd],hand,R,heavy,4.0,8.334,66.067,66.067,66.067,-1,493.374,493.374,ragdoll,428.351,54.768,DeadBip,Skin,shape,True,False,NPC L Thigh [LThg],0.8459,1.0,0.9439491355907986,1.782079941165232,3.7757965423631945
Proventus_Avenicci_impacts_log_13,Proventus_Avenicci,male,True,"requested-capture heavy-armour-fall (13/13): heavy armour, dropped from 3m",heavy,1682.868,76.65499999999997,1,NPC L Hand [LHnd],hand,L,heavy,4.0,8.334,168.321,168.321,168.321,-1,639.566,639.566,ragdoll,508.102,35.449,Static,Carpet,shape,False,False,,1.0,1.0,2.404929275610802,11.567369641379791,9.619717102443207
Proventus_Avenicci_impacts_log_13,Proventus_Avenicci,male,True,"requested-capture heavy-armour-fall (13/13): heavy armour, dropped from 3m",heavy,2330.314,78.85600000000022,1,NPC L Hand [LHnd],hand,L,heavy,4.0,8.334,174.431,174.431,174.431,-1,87.017,87.017,ragdoll,182.363,9.959,Static,Carpet,shape,False,False,,1.0,1.0,2.492227461065867,12.422395435381635,9.968909844263468
Proventus_Avenicci_impacts_log_13,Proventus_Avenicci,male,True,"requested-capture heavy-armour-fall (13/13): heavy armour, dropped from 3m",heavy,1683.245,56.8280000000002,2,NPC L Calf [LClf],leg,L,heavy,6.0,19.675,525.653,525.653,525.653,-1,277.134,277.134,ragdoll,137.929,9.368,DeadBip,Skin,shape,True,False,NPC L Hand [LHnd],-0.0368,1.0,7.510401485926562,169.21839143942373,45.062408915559374
Proventus_Avenicci_impacts_log_13,Proventus_Avenicci,male,True,"requested-capture heavy-armour-fall (13/13): heavy armour, dropped from 3m",heavy,1702.256,19.074999999999818,1,NPC Spine [Spn0],torso,-,heavy,4.0,17.297,114.588,114.588,114.588,-1,259.442,259.442,ragdoll,230.659,11.903,Static,Carpet,shape,False,False,,1.0,1.0,1.6372053150450065,5.360882487223238,6.548821260180026
Proventus_Avenicci_impacts_log_13,Proventus_Avenicci,male,True,"requested-capture heavy-armour-fall (13/13): heavy armour, dropped from 3m",heavy,2054.946,173.97800000000007,1,NPC Spine [Spn0],torso,-,heavy,4.0,17.297,21.586,21.586,21.586,-1,13.784,13.784,ragdoll,42.777,2.976,Static,Carpet,shape,False,False,,1.0,1.0,0.3084154879268467,0.19024022638630983,1.2336619517073868
Proventus_Avenicci_impacts_log_13,Proventus_Avenicci,male,True,"requested-capture heavy-armour-fall (13/13): heavy armour, dropped from 3m",heavy,2369.968,59.225000000000364,1,NPC L Forearm [LLar],arm,L,heavy,2.0,11.658,19.926,19.926,19.926,-1,3.86,3.86,ragdoll,23.791,4.706,Static,Carpet,shape,False,False,,1.0,1.0,0.28469781397342475,0.08105284528124676,0.5693956279468495
Vayne_impacts_log_2,Vayne,female,True,,light,8047.707,351.875,1,NPC R UpperArm [RUar],arm,R,light,2.0,14.463,19.377,19.377,19.377,-1,227.413,227.413,ragdoll,212.8,2.232,Static,Stone,shape,False,False,,0.3189,0.0,0.2768538362623232,0.07664804665316526,0.5537076725246464
Vayne_impacts_log_2,Vayne,female,True,,light,8065.025,92.44500000000062,2,NPC L Forearm [LLar],arm,L,light,2.0,11.658,49.979,49.979,49.979,-1,58.12,58.12,ragdoll,14.899,6.551,DeadBip,Skin,shape,True,False,NPC Spine1 [Spn1],-0.0726,1.0,0.7140877268181169,0.5099212815922656,1.4281754536362339
Vayne_impacts_log_2,Vayne,female,True,,light,8563.235,1440.3729999999996,2,NPC L Forearm [LLar],arm,L,light,2.0,11.658,139.079,139.079,139.079,-1,141.45,141.45,ragdoll,113.839,15.029,DeadBip,Skin,shape,True,False,NPC Spine1 [Spn1],-0.9349,1.0,1.9871267323903417,3.9486726505803165,3.9742534647806833
Vayne_impacts_log_2,Vayne,female,True,,light,11528.945,221.9320000000007,2,NPC L Forearm [LLar],arm,L,light,2.0,11.658,55.472,55.472,55.472,-1,93.144,93.144,getup,61.052,1.971,DeadBip,Skin,shape,True,False,NPC Spine1 [Spn1],0.4971,1.0,0.7925703671953137,0.6281677869561144,1.5851407343906274
Vayne_impacts_log_2,Vayne,female,True,,light,12418.743,360.8760000000002,2,NPC L Forearm [LLar],arm,L,light,2.0,11.658,30.404,30.404,30.404,-1,41.81,41.81,getup,60.727,0.913,DeadBip,Skin,shape,True,False,NPC Spine1 [Spn1],-0.0111,1.0,0.43440491498785544,0.1887076301656059,0.8688098299757109
Vayne_impacts_log_2,Vayne,female,True,,light,13741.774,414.1280000000006,2,NPC L Forearm [LLar],arm,L,light,2.0,11.658,21.243,21.243,21.243,-1,141.52,141.52,ragdoll,246.196,16.915,DeadBip,Skin,shape,True,False,NPC Spine1 [Spn1],-0.2472,1.0,0.3035147878268324,0.09212122642956708,0.6070295756536648
Vayne_impacts_log_2,Vayne,female,True,,light,16974.407,232.1110000000008,2,NPC L Forearm [LLar],arm,L,light,2.0,11.658,20.038,20.038,20.038,-1,50.376,50.376,getup,83.013,9.205,DeadBip,Skin,shape,True,False,NPC Spine1 [Spn1],0.4951,1.0,0.2862980425775111,0.08196656918371437,0.5725960851550222
Vayne_impacts_log_2,Vayne,female,True,,light,17845.052,358.89600000000064,2,NPC L Forearm [LLar],arm,L,light,2.0,11.658,30.109,30.109,30.109,-1,42.12,42.12,getup,60.523,0.937,DeadBip,Skin,shape,True,False,NPC Spine1 [Spn1],-0.0106,1.0,0.4301900271467353,0.18506345945650887,0.8603800542934706
Vayne_impacts_log_2,Vayne,female,True,,light,18890.284,135.53700000000026,2,NPC L Forearm [LLar],arm,L,light,2.0,11.658,23.872,23.872,23.872,-1,144.023,144.023,ragdoll,130.381,13.036,DeadBip,Skin,shape,True,False,NPC Spine1 [Spn1],0.2833,1.0,0.3410772967566795,0.11633372236284403,0.682154593513359
Vayne_impacts_log_2,Vayne,female,True,,light,19342.457,810.5450000000019,2,NPC L Forearm [LLar],arm,L,light,2.0,11.658,90.331,90.331,90.331,-1,179.006,179.006,ragdoll,118.341,10.56,DeadBip,Skin,shape,True,False,NPC Spine1 [Spn1],0.8662,1.0,1.2906272324617805,1.6657186531719548,2.581254464923561
Vayne_impacts_log_2,Vayne,female,True,,light,20620.828,0.2809999999990396,2,NPC L Forearm [LLar],arm,L,light,2.0,11.658,236.342,236.342,236.342,-1,396.523,396.523,getup,308.879,17.172,DeadBip,Skin,shape,True,False,NPC Spine1 [Spn1],0.8769,1.0,3.376796685240749,11.402755853452911,6.753593370481498
Vayne_impacts_log_2,Vayne,female,True,,light,20637.674,99.74599999999919,2,NPC L Forearm [LLar],arm,L,light,2.0,11.658,60.447,60.447,60.447,-1,139.642,139.642,getup,180.521,6.962,DeadBip,Skin,shape,True,False,NPC Spine1 [Spn1],0.8004,1.0,0.8636519502786113,0.7458946912200489,1.7273039005572226
Vayne_impacts_log_2,Vayne,female,True,,light,23623.757,304.8169999999991,2,NPC Spine1 [Spn1],torso,-,light,4.0,18.878,69.788,69.788,69.788,-1,128.166,128.166,ragdoll,135.956,0.948,DeadBip,Skin,shape,True,False,NPC L Forearm [LLar],-0.0288,1.0,0.9971138734104872,1.9884721530953302,3.9884554936419487
Vayne_impacts_log_2,Vayne,female,True,,light,24178.578,1226.5020000000004,2,NPC Spine1 [Spn1],torso,-,light,4.0,18.878,24.6,24.6,24.6,-1,52.919,52.919,ragdoll,399.945,3.456,DeadBip,Skin,shape,True,False,NPC L Forearm [LLar],0.4202,1.0,0.3514787826832405,0.24707466935298522,1.405915130732962
Vayne_impacts_log_2,Vayne,female,True,,light,27317.337,236.57600000000093,2,NPC L Forearm [LLar],arm,L,light,2.0,11.658,54.695,54.695,54.695,-1,99.561,99.561,getup,61.957,2.264,DeadBip,Skin,shape,True,False,NPC Spine1 [Spn1],0.5197,1.0,0.781468781254465,0.6106934560753388,1.56293756250893
Vayne_impacts_log_2,Vayne,female,True,,light,28178.935,382.52000000000044,2,NPC L Forearm [LLar],arm,L,light,2.0,11.658,16.696,16.696,16.696,-1,22.915,22.915,getup,54.715,1.645,DeadBip,Skin,shape,True,False,NPC Spine1 [Spn1],-0.0116,1.0,0.23854836405200747,0.056905321991889087,0.47709672810401493
Vayne_impacts_log_2,Vayne,female,True,,light,33801.586,156.73500000000058,2,NPC L Forearm [LLar],arm,L,light,2.0,11.658,84.548,84.548,84.548,-1,56.18,56.18,ragdoll,299.532,4.684,DeadBip,Skin,shape,True,False,NPC Spine1 [Spn1],0.4697,1.0,1.2080011430204316,1.4592667615386692,2.416002286040863
Vayne_impacts_log_2,Vayne,female,True,,light,37010.316,252.59000000000378,2,NPC L Forearm [LLar],arm,L,light,2.0,11.658,21.863,21.863,21.863,-1,39.895,39.895,getup,81.86,8.96,DeadBip,Skin,shape,True,False,NPC Spine1 [Spn1],0.4992,1.0,0.31237319617088155,0.09757701368601204,0.6247463923417631
Vayne_impacts_log_2,Vayne,female,True,,light,37905.247,356.3580000000002,2,NPC L Forearm [LLar],arm,L,light,2.0,11.658,29.725,29.725,29.725,-1,42.728,42.728,getup,60.874,0.924,DeadBip,Skin,shape,True,False,NPC Spine1 [Spn1],-0.0076,1.0,0.4247035290755823,0.18037308760925397,0.8494070581511646
Vayne_impacts_log_2,Vayne,female,True,,light,39396.334,1368.1499999999942,2,NPC L Forearm [LLar],arm,L,light,2.0,11.658,23.822,23.822,23.822,-1,32.369,32.369,ragdoll,138.364,2.702,DeadBip,Skin,shape,True,False,NPC Spine1 [Spn1],0.0761,1.0,0.34036290898699817,0.1158469098140916,0.6807258179739963
Vayne_impacts_log_2,Vayne,female,True,,light,43276.103,828.0,2,NPC Spine1 [Spn1],torso,-,light,4.0,18.878,34.738,34.738,34.738,-1,75.994,75.994,ragdoll,41.184,3.569,DeadBip,Skin,shape,True,False,NPC L Forearm [LLar],-0.4385,1.0,0.49632804686383775,0.4926830602073438,1.985312187455351
Vayne_impacts_log_2,Vayne,female,True,,light,46102.761,244.20100000000093,2,NPC L Forearm [LLar],arm,L,light,2.0,11.658,55.995,55.995,55.995,-1,98.95,98.95,getup,61.748,2.302,DeadBip,Skin,shape,True,False,NPC Spine1 [Spn1],0.5016,1.0,0.8000428632661809,0.6400685830631491,1.6000857265323618
Vayne_impacts_log_2,Vayne,female,True,,light,46990.096,358.3380000000034,2,NPC L Forearm [LLar],arm,L,light,2.0,11.658,30.081,30.081,30.081,-1,42.429,42.429,getup,61.384,0.842,DeadBip,Skin,shape,True,False,NPC Spine1 [Spn1],-0.0064,1.0,0.42978996999571367,0.18471941830891647,0.8595799399914273
Vayne_impacts_log_2,Vayne,female,True,,light,48790.323,422.80800000000454,2,NPC L Forearm [LLar],arm,L,light,2.0,11.658,32.664,32.664,32.664,-1,31.579,31.579,ragdoll,381.134,13.688,DeadBip,Skin,shape,True,False,NPC Spine1 [Spn1],0.1091,1.0,0.46669524217745395,0.21780444907107238,0.9333904843549079
Vayne_impacts_log_2,Vayne,female,True,,light,49248.699,110.13900000000285,2,NPC L Forearm [LLar],arm,L,light,2.0,11.658,47.614,47.614,47.614,-1,202.228,202.228,ragdoll,630.383,21.711,DeadBip,Skin,shape,True,False,NPC Spine1 [Spn1],-0.5597,1.0,0.6802971853121874,0.46280426034368466,1.3605943706243748
Vayne_impacts_log_2,Vayne,female,True,,light,52512.728,252.0199999999968,2,NPC L Forearm [LLar],arm,L,light,2.0,11.658,50.441,50.441,50.441,-1,95.74,95.74,getup,60.32,2.0,DeadBip,Skin,shape,True,False,NPC Spine1 [Spn1],0.4918,1.0,0.7206886698099729,0.5193921587924681,1.4413773396199459
Vayne_impacts_log_2,Vayne,female,True,,light,53397.926,381.51900000000023,2,NPC L Forearm [LLar],arm,L,light,2.0,11.658,17.403,17.403,17.403,-1,22.958,22.958,getup,54.823,1.61,DeadBip,Skin,shape,True,False,NPC Spine1 [Spn1],-0.0117,1.0,0.24864980711530218,0.06182672657847698,0.49729961423060437
Vayne_impacts_log_2,Vayne,female,True,,light,56862.256,68.30599999999686,2,NPC L Forearm [LLar],arm,L,light,2.0,11.658,234.121,234.121,234.121,-1,291.893,291.893,ragdoll,361.858,17.403,DeadBip,Skin,shape,True,False,NPC Spine1 [Spn1],-0.5214,1.0,3.345063580511502,11.18945035766443,6.690127161023004
Vayne_impacts_log_2,Vayne,female,True,,light,60257.395,255.29700000000594,2,NPC L Forearm [LLar],arm,L,light,2.0,11.658,55.42,55.42,55.42,-1,101.192,101.192,getup,66.25,2.078,DeadBip,Skin,shape,True,False,NPC Spine1 [Spn1],0.4688,1.0,0.7918274039148451,0.6269906375905232,1.5836548078296901
Vayne_impacts_log_2,Vayne,female,True,,light,61133.872,376.2129999999961,2,NPC L Forearm [LLar],arm,L,light,2.0,11.658,16.442,16.442,16.442,-1,22.926,22.926,getup,55.662,1.577,DeadBip,Skin,shape,True,False,NPC Spine1 [Spn1],-0.0124,1.0,0.23491927418202602,0.05518706538220992,0.46983854836405203
Vayne_impacts_log_2,Vayne,female,True,,light,62043.443,1264.1970000000001,2,NPC L Forearm [LLar],arm,L,light,2.0,11.658,77.785,77.785,77.785,-1,71.285,71.285,ragdoll,192.887,4.17,DeadBip,Skin,shape,True,False,NPC Spine1 [Spn1],0.1615,1.0,1.1113730532933277,1.2351500635865338,2.2227461065866554
Vayne_impacts_log_2,Vayne,female,True,,light,65336.158,247.01099999999133,2,NPC Spine1 [Spn1],torso,-,light,4.0,18.878,56.012,56.012,56.012,-1,108.994,108.994,getup,64.536,0.734,DeadBip,Skin,shape,True,False,NPC L Forearm [LLar],-0.5196,1.0,0.8002857551078726,1.2809145796571557,3.2011430204314903
Vayne_impacts_log_2,Vayne,female,True,,light,66211.515,358.43700000000536,2,NPC L Forearm [LLar],arm,L,light,2.0,11.658,29.144,29.144,29.144,-1,41.105,41.105,getup,61.563,0.837,DeadBip,Skin,shape,True,False,NPC Spine1 [Spn1],-0.0045,1.0,0.41640234319188457,0.17339091141569202,0.8328046863837691
Vayne_impacts_log_2,Vayne,female,True,,light,73231.226,250.25100000000384,2,NPC L Forearm [LLar],arm,L,light,2.0,11.658,55.402,55.402,55.402,-1,92.925,92.925,getup,62.261,1.968,DeadBip,Skin,shape,True,False,NPC Spine1 [Spn1],0.4976,1.0,0.7915702243177598,0.6265834200264686,1.5831404486355196
Vayne_impacts_log_2,Vayne,female,True,,light,74116.252,361.17600000000675,2,NPC L Forearm [LLar],arm,L,light,2.0,11.658,30.072,30.072,30.072,-1,42.514,42.514,getup,60.553,0.909,DeadBip,Skin,shape,True,False,NPC Spine1 [Spn1],-0.0092,1.0,0.42966138019717104,0.18460890163293797,0.8593227603943421
Vayne_impacts_log_2,Vayne,female,True,,light,79819.391,271.6710000000021,2,NPC L Forearm [LLar],arm,L,light,2.0,11.658,17.618,17.618,17.618,-1,9.739,9.739,animated,41.255,3.661,DeadBip,Skin,shape,True,False,NPC Spine1 [Spn1],-0.0197,1.0,0.2517216745249321,0.06336380142563586,0.5034433490498642
Vayne_impacts_log_2,Vayne,female,True,,light,81802.148,133.43499999999767,2,NPC Spine1 [Spn1],torso,-,light,4.0,18.878,26.751,26.751,26.751,-1,34.56,34.56,getup,63.503,2.634,DeadBip,Skin,shape,True,False,NPC L Forearm [LLar],-0.0798,1.0,0.3822117445349336,0.2921716353208747,1.5288469781397345
Vayne_impacts_log_2,Vayne,female,True,,light,83231.626,253.0439999999944,2,NPC L Forearm [LLar],arm,L,light,2.0,11.658,57.093,57.093,57.093,-1,90.877,90.877,getup,59.402,1.954,DeadBip,Skin,shape,True,False,NPC Spine1 [Spn1],0.4916,1.0,0.8157308186883842,0.6654167685580215,1.6314616373767683
Vayne_impacts_log_2,Vayne,female,True,,light,84107.011,471.3000000000029,2,NPC L Forearm [LLar],arm,L,light,2.0,11.658,17.556,17.556,17.556,-1,23.316,23.316,getup,54.844,1.601,DeadBip,Skin,shape,True,False,NPC Spine1 [Spn1],-0.013,1.0,0.25083583369052725,0.06291861546322185,0.5016716673810545
Vayne_impacts_log_2,Vayne,female,True,,light,87732.229,241.04299999999057,2,NPC Spine1 [Spn1],torso,-,light,4.0,18.878,55.986,55.986,55.986,-1,101.905,101.905,getup,61.328,0.834,DeadBip,Skin,shape,True,False,NPC L Forearm [LLar],-0.5108,1.0,0.7999142734676382,1.279725689794519,3.199657093870553
Vayne_impacts_log_2,Vayne,female,True,,light,88603.744,361.7289999999921,2,NPC L Forearm [LLar],arm,L,light,2.0,11.658,30.396,30.396,30.396,-1,42.24,42.24,getup,60.508,0.898,DeadBip,Skin,shape,True,False,NPC Spine1 [Spn1],-0.0108,1.0,0.43429061294470644,0.18860833649188882,0.8685812258894129
Vayne_impacts_log_2,Vayne,female,True,,light,91162.505,314.1429999999964,2,NPC L Forearm [LLar],arm,L,light,2.0,11.658,22.003,22.003,22.003,-1,36.163,36.163,ragdoll,118.833,9.556,DeadBip,Skin,shape,True,False,NPC Spine1 [Spn1],0.5747,1.0,0.31437348192598946,0.09883068613827042,0.6287469638519789
Vayne_impacts_log_2,Vayne,female,True,,light,91587.218,80.95800000001327,2,NPC L Forearm [LLar],arm,L,light,2.0,11.658,8.549,8.549,8.549,-1,15.682,15.682,ragdoll,33.494,2.509,DeadBip,Skin,shape,True,False,NPC Spine1 [Spn1],0.2788,1.0,0.12214602086012287,0.014919650411961572,0.24429204172024574
Vayne_impacts_log_2,Vayne,female,True,,light,92984.596,110.72099999999045,2,NPC L Forearm [LLar],arm,L,light,2.0,11.658,58.439,58.439,58.439,-1,118.068,118.068,ragdoll,445.39,9.573,DeadBip,Skin,shape,True,False,NPC Spine1 [Spn1],0.1157,1.0,0.8349621374482069,0.6971617709720783,1.6699242748964138
Vayne_impacts_log_2,Vayne,female,True,,light,94080.803,99.63999999999942,2,NPC Spine1 [Spn1],torso,-,light,4.0,18.878,50.426,50.426,50.426,-1,51.908,51.908,ragdoll,127.992,2.036,DeadBip,Skin,shape,True,False,NPC L Forearm [LLar],0.7248,1.0,0.7204743534790685,1.0381665880421636,2.881897413916274
Vayne_impacts_log_2,Vayne,female,True,,light,95624.185,1072.0369999999966,2,NPC L Forearm [LLar],arm,L,light,2.0,11.658,56.679,56.679,56.679,-1,58.185,58.185,ragdoll,137.972,9.038,DeadBip,Skin,shape,True,False,NPC Spine1 [Spn1],-0.5427,1.0,0.8098156879554222,0.6558014484587138,1.6196313759108445
Vayne_impacts_log_2,Vayne,female,True,,light,106809.127,1077.1990000000078,2,NPC Spine1 [Spn1],torso,-,light,4.0,18.878,21.071,21.071,21.071,-1,2.81,2.81,getup,30.323,1.239,DeadBip,Skin,shape,True,False,NPC L Forearm [LLar],0.0483,1.0,0.3010572938991285,0.18127098841973247,1.204229175596514
Vayne_impacts_log_2,Vayne,female,True,,light,8065.035,393.0630000000001,2,NPC L Thigh [LThg],leg,L,light,6.0,20.487,28.533,28.533,28.533,-1,78.132,79.532,ragdoll,56.269,7.693,Static,Stone,shape,False,False,,0.3482,0.0,0.4076725246463781,0.49859066205465524,2.4460351478782685
Vayne_impacts_log_2,Vayne,female,True,,light,8065.04,392.7580000000007,3,NPC R Thigh [RThg],leg,R,light,6.0,20.487,18.33,33.481,18.33,-1,40.615,47.175,ragdoll,32.003,7.62,Static,Stone,shape,False,False,,0.1128,0.0,0.4783683383340478,0.6865088013614341,2.8702100300042868
Vayne_impacts_log_2,Vayne,female,True,,light,8065.046,4714.509,6,NPC R Thigh [RThg],leg,R,light,6.0,20.487,196.048,196.048,196.048,-1,405.788,405.788,getup,219.741,15.206,DeadBip,Skin,shape,True,False,NPC L Thigh [LThg],0.9879,0.0,2.801085869409916,23.538246143423716,16.806515216459495
Vayne_impacts_log_2,Vayne,female,True,,light,18593.587,9967.811000000002,4,NPC R Thigh [RThg],leg,R,light,6.0,20.487,111.251,111.251,111.251,-1,148.772,148.772,ragdoll,134.846,7.692,DeadBip,Skin,shape,True,False,NPC L Thigh [LThg],-0.0321,0.0,1.5895270752964712,7.57978896930166,9.537162451778826
Vayne_impacts_log_2,Vayne,female,True,,light,33483.289,4778.2720000000045,8,NPC R Thigh [RThg],leg,R,light,6.0,20.487,11.93,19.162,11.93,-1,76.797,242.35,animated,163.443,4.491,DeadBip,Skin,shape,True,False,NPC L Thigh [LThg],0.0061,1.0,0.27378196885269324,0.22486969940657128,1.6426918131161594
Vayne_impacts_log_2,Vayne,female,True,,light,39220.523,8127.864999999998,4,NPC R Thigh [RThg],leg,R,light,6.0,20.487,27.002,45.534,27.002,-1,13.55,143.052,ragdoll,30.623,1.116,DeadBip,Skin,shape,True,False,NPC L Thigh [LThg],0.1139,0.0,0.650578654093442,1.2697577554861033,3.9034719245606517
Vayne_impacts_log_2,Vayne,female,True,,light,48629.38,5150.017,10,NPC R Thigh [RThg],leg,R,light,6.0,20.487,17.573,250.468,17.573,-1,85.533,183.327,animated,177.026,2.037,DeadBip,Skin,shape,True,False,NPC L Thigh [LThg],-0.0184,1.0,3.5786255179311333,38.41968179276361,21.4717531075868
Vayne_impacts_log_2,Vayne,female,True,,light,55881.855,5628.178,8,NPC R Thigh [RThg],leg,R,light,6.0,20.487,9.304,95.126,9.304,-1,170.405,202.339,animated,224.54,10.116,DeadBip,Skin,shape,True,False,NPC L Thigh [LThg],0.0392,1.0,1.359137019574225,5.541760313931321,8.154822117445349
Vayne_impacts_log_2,Vayne,female,True,,light,61768.094,4801.790999999997,4,NPC R Thigh [RThg],leg,R,light,6.0,20.487,10.507,10.507,10.507,-1,16.04,16.04,ragdoll,24.818,1.357,DeadBip,Skin,shape,True,False,NPC L Thigh [LThg],-0.0125,0.0,0.15012144592084584,0.06760934557609632,0.900728675525075
Vayne_impacts_log_2,Vayne,female,True,,light,68091.967,6385.409999999989,4,NPC R Thigh [RThg],leg,R,light,6.0,20.487,49.934,162.589,49.934,-1,18.819,90.907,ragdoll,581.144,5.888,DeadBip,Skin,shape,True,False,NPC L Thigh [LThg],-0.1689,0.0,2.323031861694528,16.189431091343835,13.938191170167169
Vayne_impacts_log_2,Vayne,female,True,,light,79819.372,9146.042000000001,4,NPC R Thigh [RThg],leg,R,light,6.0,20.487,37.387,37.387,37.387,-1,68.909,68.909,ragdoll,52.959,4.182,DeadBip,Skin,shape,True,False,NPC L Thigh [LThg],0.0036,0.0,0.5341763109015574,0.8560329933851919,3.2050578654093442
Vayne_impacts_log_2,Vayne,female,True,,light,90161.51,17724.758,6,NPC R Thigh [RThg],leg,R,light,6.0,20.487,37.323,37.323,37.323,-1,30.468,89.953,getup,53.905,3.048,DeadBip,Skin,shape,True,False,NPC L Thigh [LThg],-0.2325,0.0,0.5332618945563652,0.8531047445575318,3.199571367338191
Vayne_impacts_log_2,Vayne,female,True,,light,8075.269,97.79299999999967,1,NPC R Foot [Rft ],foot,R,light,3.0,10.011,118.691,118.691,126.363,-1,162.263,162.263,ragdoll,153.802,16.08,Static,Wood,shape,False,False,,1.0,0.0,1.695827975425061,4.313748783351391,5.0874839262751825
Vayne_impacts_log_2,Vayne,female,True,,light,8091.929,193.64699999999903,1,NPC Spine1 [Spn1],torso,-,light,4.0,18.878,67.093,67.093,67.093,-1,115.414,115.414,ragdoll,150.86,6.348,Static,Stone,shape,False,False,,0.1333,1.0,0.9586083726246608,1.8378600241322012,3.8344334904986432
Vayne_impacts_log_2,Vayne,female,True,,light,9792.56,248.1880000000001,1,NPC R Calf [RClf],leg,R,light,6.0,19.675,238.44,238.44,238.44,-1,7.161,7.161,getup,240.028,2.859,Static,Wood,shape,False,False,,1.0,1.0,3.4067723960565797,34.81829447559927,20.440634376339478
Vayne_impacts_log_2,Vayne,female,True,,light,10040.751,87.9390000000003,1,NPC R Calf [RClf],leg,R,light,6.0,19.675,11.427,11.427,11.427,-1,25.651,25.651,getup,40.653,2.329,Static,Wood,shape,False,False,,1.0,1.0,0.16326618088298328,0.07996753746034505,0.9795970852978997
Vayne_impacts_log_2,Vayne,female,True,,light,8092.225,31.25799999999981,2,NPC L Forearm [LLar],arm,L,light,2.0,11.658,103.05,103.05,103.05,-1,216.103,216.103,ragdoll,124.206,20.033,DeadBip,Skin,shape,True,False,NPC Spine2 [Spn2],-0.6843,1.0,1.4723531933133305,2.1678239258599614,2.944706386626661
Vayne_impacts_log_2,Vayne,female,True,,light,8303.842,1774.0229999999992,2,NPC L Forearm [LLar],arm,L,light,2.0,11.658,8.514,8.514,8.514,-1,193.644,193.644,ragdoll,250.498,14.727,DeadBip,Skin,shape,True,False,NPC Spine2 [Spn2],-0.7683,1.0,0.1216459494213459,0.014797737010620647,0.2432918988426918
Vayne_impacts_log_2,Vayne,female,True,,light,10297.538,206.35299999999916,2,NPC L Forearm [LLar],arm,L,light,2.0,11.658,52.245,52.245,52.245,-1,59.492,59.492,getup,82.126,2.686,DeadBip,Skin,shape,True,False,NPC Spine2 [Spn2],-0.0347,1.0,0.7464637805400772,0.5572081756581846,1.4929275610801545
Vayne_impacts_log_2,Vayne,female,True,,light,11529.243,170.85299999999916,2,NPC L Forearm [LLar],arm,L,light,2.0,11.658,26.435,26.435,26.435,-1,12.097,12.097,getup,82.954,9.384,DeadBip,Skin,shape,True,False,NPC Spine2 [Spn2],0.1875,1.0,0.3776968138305472,0.14265488317774705,0.7553936276610944
Vayne_impacts_log_2,Vayne,female,True,,light,12551.264,228.3630000000012,2,NPC L Forearm [LLar],arm,L,light,2.0,11.658,24.613,24.613,24.613,-1,57.036,57.036,getup,58.41,0.533,DeadBip,Skin,shape,True,False,NPC Spine2 [Spn2],-0.5735,1.0,0.35166452350335764,0.12366793709084357,0.7033290470067153
Vayne_impacts_log_2,Vayne,female,True,,light,13497.76,207.3189999999995,2,NPC L Forearm [LLar],arm,L,light,2.0,11.658,14.359,14.359,14.359,-1,55.55,55.55,animated,210.183,4.913,DeadBip,Skin,shape,True,False,NPC Spine2 [Spn2],-0.6217,1.0,0.2051578796970996,0.04208975560180959,0.4103157593941992
Vayne_impacts_log_2,Vayne,female,True,,light,13729.69,1348.316999999999,2,NPC L Forearm [LLar],arm,L,light,2.0,11.658,5.123,5.123,5.123,-1,114.782,114.782,ragdoll,213.639,18.537,DeadBip,Skin,shape,True,False,NPC Spine2 [Spn2],-0.4333,1.0,0.07319617088155451,0.005357679431721729,0.14639234176310903
Vayne_impacts_log_2,Vayne,female,True,,light,15824.432,130.18299999999908,2,NPC L Forearm [LLar],arm,L,light,2.0,11.658,43.789,43.789,43.789,-1,80.15,80.15,getup,75.482,10.301,DeadBip,Skin,shape,True,False,NPC Spine2 [Spn2],-0.0451,1.0,0.6256465209315617,0.3914335691537671,1.2512930418631234
Vayne_impacts_log_2,Vayne,female,True,,light,16974.412,161.49299999999857,2,NPC L Forearm [LLar],arm,L,light,2.0,11.658,24.855,24.855,24.855,-1,14.52,14.52,getup,83.013,9.205,DeadBip,Skin,shape,True,False,NPC Spine2 [Spn2],0.1802,1.0,0.35512216030861554,0.12611174874225803,0.7102443206172311
Vayne_impacts_log_2,Vayne,female,True,,light,17967.718,236.23899999999776,2,NPC L Forearm [LLar],arm,L,light,2.0,11.658,23.992,23.992,23.992,-1,55.383,55.383,getup,55.925,0.523,DeadBip,Skin,shape,True,False,NPC Spine2 [Spn2],-0.5773,1.0,0.3427918274039149,0.11750623693491538,0.6855836548078298
Vayne_impacts_log_2,Vayne,female,True,,light,18593.61,1577.6499999999978,2,NPC L Forearm [LLar],arm,L,light,2.0,11.658,28.4,28.4,28.4,-1,44.377,44.377,animated,124.948,5.204,DeadBip,Skin,shape,True,False,NPC Spine2 [Spn2],-0.5291,1.0,0.4057722531790256,0.16465112144998326,0.8115445063580512
Vayne_impacts_log_2,Vayne,female,True,,light,20475.811,423.1529999999984,2,NPC L Forearm [LLar],arm,L,light,2.0,11.658,211.562,211.562,211.562,-1,157.285,157.285,getup,105.513,11.004,DeadBip,Skin,shape,True,False,NPC Spine2 [Spn2],0.2453,1.0,3.0227461065866557,9.136994024884785,6.045492213173311
Vayne_impacts_log_2,Vayne,female,True,,light,23589.447,1850.6889999999985,2,NPC L Forearm [LLar],arm,L,light,2.0,11.658,110.42,110.42,110.42,-1,122.419,122.419,ragdoll,90.276,7.942,DeadBip,Skin,shape,True,False,NPC Spine2 [Spn2],-0.6824,1.0,1.5776539505643665,2.4889919877313527,3.155307901128733
Vayne_impacts_log_2,Vayne,female,True,,light,26153.725,93.4210000000021,2,NPC Spine2 [Spn2],torso,-,light,7.0,23.052,43.143,43.143,43.143,-1,21.847,21.847,getup,34.66,1.584,DeadBip,Skin,shape,True,False,NPC L Forearm [LLar],0.0594,1.0,0.6164166309472783,1.3298931201793758,4.314916416630948
Vayne_impacts_log_2,Vayne,female,True,,light,27317.326,180.77699999999822,2,NPC L Forearm [LLar],arm,L,light,2.0,11.658,23.32,23.32,23.32,-1,81.557,81.557,getup,61.957,2.264,DeadBip,Skin,shape,True,False,NPC Spine2 [Spn2],0.1964,1.0,0.3331904557793971,0.11101587982248237,0.6663809115587942
Vayne_impacts_log_2,Vayne,female,True,,light,28317.951,243.5119999999988,2,NPC L Forearm [LLar],arm,L,light,2.0,11.658,22.885,22.885,22.885,-1,52.788,52.788,getup,52.263,0.526,DeadBip,Skin,shape,True,False,NPC Spine2 [Spn2],-0.58,1.0,0.32697528218316907,0.10691283515876304,0.6539505643663381
Vayne_impacts_log_2,Vayne,female,True,,light,33483.308,632.6949999999997,2,NPC L Forearm [LLar],arm,L,light,2.0,11.658,9.903,9.903,9.903,-1,141.343,141.343,animated,161.628,16.498,DeadBip,Skin,shape,True,False,NPC Spine2 [Spn2],-0.5994,1.0,0.14149164166309475,0.020019884660517608,0.2829832833261895
Vayne_impacts_log_2,Vayne,female,True,,light,34526.362,35.68899999999849,2,NPC L Forearm [LLar],arm,L,light,2.0,11.658,16.649,16.649,16.649,-1,33.637,33.637,ragdoll,17.723,1.025,DeadBip,Skin,shape,True,False,NPC Spine2 [Spn2],-0.4734,1.0,0.23787683954850697,0.05658539079358613,0.47575367909701394
Vayne_impacts_log_2,Vayne,female,True,,light,35803.031,33.98500000000058,2,NPC Spine2 [Spn2],torso,-,light,7.0,23.052,16.066,16.066,16.066,-1,64.257,64.257,getup,64.418,1.494,DeadBip,Skin,shape,True,False,NPC L Forearm [LLar],0.1025,1.0,0.229547078154022,0.1844215138116704,1.606829547078154
Vayne_impacts_log_2,Vayne,female,True,,light,35853.762,120.15199999999459,2,NPC Spine2 [Spn2],torso,-,light,7.0,23.052,31.905,31.905,31.905,-1,63.163,63.163,getup,51.063,5.181,DeadBip,Skin,shape,True,False,NPC L Forearm [LLar],0.1307,1.0,0.45585083583369057,0.7272999458559601,3.190955850835834
Vayne_impacts_log_2,Vayne,female,True,,light,36991.437,214.95000000000437,2,NPC L Forearm [LLar],arm,L,light,2.0,11.658,14.996,14.996,14.996,-1,4.019,4.019,getup,82.161,8.568,DeadBip,Skin,shape,True,False,NPC Spine2 [Spn2],0.1624,1.0,0.21425917988284043,0.045906996164067376,0.42851835976568087
Vayne_impacts_log_2,Vayne,female,True,,light,38023.104,238.5069999999978,2,NPC L Forearm [LLar],arm,L,light,2.0,11.658,24.253,24.253,24.253,-1,56.355,56.355,getup,56.873,0.519,DeadBip,Skin,shape,True,False,NPC Spine2 [Spn2],-0.5758,1.0,0.3465209315616517,0.1200767560103549,0.6930418631233034
Vayne_impacts_log_2,Vayne,female,True,,light,39345.845,1452.8699999999953,2,NPC L Forearm [LLar],arm,L,light,2.0,11.658,19.948,19.948,19.948,-1,46.312,46.312,ragdoll,166.139,2.36,DeadBip,Skin,shape,True,False,NPC Spine2 [Spn2],-0.2863,1.0,0.2850121445920846,0.08123192256497935,0.5700242891841693
Vayne_impacts_log_2,Vayne,female,True,,light,42905.083,1233.5210000000006,2,NPC L Forearm [LLar],arm,L,light,2.0,11.658,78.578,78.578,78.578,-1,155.217,155.217,ragdoll,210.213,12.587,DeadBip,Skin,shape,True,False,NPC Spine2 [Spn2],0.3465,1.0,1.1227032433204744,1.2604625725623124,2.245406486640949
Vayne_impacts_log_2,Vayne,female,True,,light,46102.76,188.35399999999936,2,NPC L Forearm [LLar],arm,L,light,2.0,11.658,23.388,23.388,23.388,-1,81.937,81.937,getup,61.748,2.302,DeadBip,Skin,shape,True,False,NPC Spine2 [Spn2],0.1815,1.0,0.3341620231461638,0.1116642577131373,0.6683240462923276
Vayne_impacts_log_2,Vayne,female,True,,light,47123.818,224.62200000000303,2,NPC L Forearm [LLar],arm,L,light,2.0,11.658,23.577,23.577,23.577,-1,58.07,58.07,getup,57.836,0.478,DeadBip,Skin,shape,True,False,NPC Spine2 [Spn2],-0.5793,1.0,0.3368624089155594,0.11347628254039356,0.6737248178311188
Vayne_impacts_log_2,Vayne,female,True,,light,48629.388,814.1860000000015,2,NPC L Forearm [LLar],arm,L,light,2.0,11.658,8.324,8.324,8.324,-1,115.487,115.487,animated,283.325,8.216,DeadBip,Skin,shape,True,False,NPC Spine2 [Spn2],-0.4627,1.0,0.11893127589655665,0.014144648386382876,0.2378625517931133
Vayne_impacts_log_2,Vayne,female,True,,light,51344.471,110.8179999999993,2,NPC Spine2 [Spn2],torso,-,light,7.0,23.052,25.25,25.25,25.25,-1,14.761,14.761,getup,36.839,1.189,DeadBip,Skin,shape,True,False,NPC L Forearm [LLar],0.0437,1.0,0.3607658236890985,0.4555319283972579,2.5253607658236894
Vayne_impacts_log_2,Vayne,female,True,,light,52512.742,194.85599999999977,2,NPC L Forearm [LLar],arm,L,light,2.0,11.658,20.705,20.705,20.705,-1,78.595,78.595,getup,60.32,2.0,DeadBip,Skin,shape,True,False,NPC Spine2 [Spn2],0.1795,1.0,0.29582797542506073,0.08751419104409033,0.5916559508501215
Vayne_impacts_log_2,Vayne,female,True,,light,57014.651,32.66900000000169,2,NPC L Forearm [LLar],arm,L,light,2.0,11.658,19.96,19.96,19.96,-1,63.011,63.011,ragdoll,254.078,5.525,DeadBip,Skin,shape,True,False,NPC Spine2 [Spn2],-0.2086,1.0,0.2851835976568082,0.08132968437248024,0.5703671953136163
Vayne_impacts_log_2,Vayne,female,True,,light,59014.453,35.38199999999779,2,NPC Spine2 [Spn2],torso,-,light,7.0,23.052,45.709,45.709,45.709,-1,32.996,32.996,getup,6.802,2.022,DeadBip,Skin,shape,True,False,NPC L Forearm [LLar],0.0368,1.0,0.6530790112873268,1.4927926824441133,4.571553079011288
Vayne_impacts_log_2,Vayne,female,True,,light,59067.721,13.440999999998894,2,NPC Spine2 [Spn2],torso,-,light,7.0,23.052,17.851,17.851,17.851,-1,89.872,89.872,getup,36.673,1.812,DeadBip,Skin,shape,True,False,NPC L Forearm [LLar],0.0304,1.0,0.2550507215316474,0.22767804693834878,1.7853550507215317
Vayne_impacts_log_2,Vayne,female,True,,light,59098.823,115.66300000000047,2,NPC Spine2 [Spn2],torso,-,light,7.0,23.052,8.639,8.639,8.639,-1,18.9,18.9,getup,40.739,2.136,DeadBip,Skin,shape,True,False,NPC L Forearm [LLar],0.0462,1.0,0.12343191884554937,0.053324035064629995,0.8640234319188456
Vayne_impacts_log_2,Vayne,female,True,,light,60257.697,188.06300000000192,2,NPC L Forearm [LLar],arm,L,light,2.0,11.658,25.427,25.427,25.427,-1,16.495,16.495,getup,78.775,9.016,DeadBip,Skin,shape,True,False,NPC Spine2 [Spn2],0.1561,1.0,0.36329475639377057,0.1319830800232091,0.7265895127875411
Vayne_impacts_log_2,Vayne,female,True,,light,61277.729,232.36099999999715,2,NPC L Forearm [LLar],arm,L,light,2.0,11.658,24.194,24.194,24.194,-1,57.896,57.896,getup,58.095,0.493,DeadBip,Skin,shape,True,False,NPC Spine2 [Spn2],-0.5743,1.0,0.34567795399342766,0.11949324787708229,0.6913559079868553
Vayne_impacts_log_2,Vayne,female,True,,light,62043.446,1299.8489999999947,2,NPC L Forearm [LLar],arm,L,light,2.0,11.658,61.979,61.979,61.979,-1,41.171,41.171,ragdoll,192.887,4.17,DeadBip,Skin,shape,True,False,NPC Spine2 [Spn2],-0.2469,1.0,0.8855407915416489,0.7841824934842101,1.7710815830832978
Vayne_impacts_log_2,Vayne,female,True,,light,63876.146,524.765999999996,2,NPC Spine2 [Spn2],torso,-,light,7.0,23.052,39.415,39.415,39.415,-1,50.944,50.944,getup,51.593,2.192,DeadBip,Skin,shape,True,False,NPC L Forearm [LLar],-0.0104,1.0,0.5631518788398343,1.1099901352429238,3.9420631518788403
Vayne_impacts_log_2,Vayne,female,True,,light,65336.162,175.27100000000064,2,NPC L Forearm [LLar],arm,L,light,2.0,11.658,21.169,21.169,21.169,-1,92.742,92.742,getup,67.002,1.989,DeadBip,Skin,shape,True,False,NPC Spine2 [Spn2],0.2091,1.0,0.302457493927704,0.09148053563302709,0.604914987855408
Vayne_impacts_log_2,Vayne,female,True,,light,66336.447,233.5130000000063,2,NPC L Forearm [LLar],arm,L,light,2.0,11.658,24.628,24.628,24.628,-1,58.322,58.322,getup,62.633,0.481,DeadBip,Skin,shape,True,False,NPC Spine2 [Spn2],-0.5704,1.0,0.35187883983426205,0.12381871792310624,0.7037576796685241
Vayne_impacts_log_2,Vayne,female,True,,light,72057.415,106.50900000000547,2,NPC Spine2 [Spn2],torso,-,light,7.0,23.052,39.243,39.243,39.243,-1,72.716,72.716,getup,44.606,4.117,DeadBip,Skin,shape,True,False,NPC L Forearm [LLar],0.0447,1.0,0.5606943849121304,1.1003236764519728,3.924860694384913
Vayne_impacts_log_2,Vayne,female,True,,light,73231.523,177.93700000000536,2,NPC L Forearm [LLar],arm,L,light,2.0,11.658,26.557,26.557,26.557,-1,12.4,12.4,getup,83.13,9.393,DeadBip,Skin,shape,True,False,NPC Spine2 [Spn2],0.1876,1.0,0.3794399199885698,0.14397465288093225,0.7588798399771396
Vayne_impacts_log_2,Vayne,female,True,,light,74238.9,238.53399999999965,2,NPC L Forearm [LLar],arm,L,light,2.0,11.658,24.696,24.696,24.696,-1,57.003,57.003,getup,57.807,0.517,DeadBip,Skin,shape,True,False,NPC Spine2 [Spn2],-0.5732,1.0,0.3528504072010288,0.12450340986193183,0.7057008144020576
Vayne_impacts_log_2,Vayne,female,True,,light,79819.392,307.8379999999888,2,NPC L Forearm [LLar],arm,L,light,2.0,11.658,8.841,8.841,8.841,-1,15.807,15.807,animated,41.255,3.661,DeadBip,Skin,shape,True,False,NPC Spine2 [Spn2],-0.7563,1.0,0.12631804543506214,0.015956248602534424,0.2526360908701243
Vayne_impacts_log_2,Vayne,female,True,,light,81700.089,669.0819999999949,2,NPC L Forearm [LLar],arm,L,light,2.0,11.658,68.319,68.319,68.319,-1,19.766,19.766,getup,67.667,5.568,DeadBip,Skin,shape,True,False,NPC Spine2 [Spn2],0.1224,1.0,0.9761251607372483,0.9528203294243188,1.9522503214744966
Vayne_impacts_log_2,Vayne,female,True,,light,83232.0,178.17799999999988,2,NPC L Forearm [LLar],arm,L,light,2.0,11.658,25.875,25.875,25.875,-1,12.553,12.553,getup,82.943,9.377,DeadBip,Skin,shape,True,False,NPC Spine2 [Spn2],0.1853,1.0,0.3696956708101158,0.13667488901574149,0.7393913416202316
Vayne_impacts_log_2,Vayne,female,True,,light,84233.82,324.64899999999034,2,NPC L Forearm [LLar],arm,L,light,2.0,11.658,24.852,24.852,24.852,-1,57.055,57.055,getup,59.076,0.554,DeadBip,Skin,shape,True,False,NPC Spine2 [Spn2],-0.5727,1.0,0.3550792970424347,0.12608130718814956,0.7101585940848694
Vayne_impacts_log_2,Vayne,female,True,,light,86558.827,114.87299999999232,2,NPC Spine2 [Spn2],torso,-,light,7.0,23.052,42.902,42.902,42.902,-1,65.975,65.975,getup,44.813,4.236,DeadBip,Skin,shape,True,False,NPC L Forearm [LLar],0.043,1.0,0.612973281897414,1.3150768551203027,4.290812973281898
Vayne_impacts_log_2,Vayne,female,True,,light,87732.221,172.7960000000021,2,NPC L Forearm [LLar],arm,L,light,2.0,11.658,23.362,23.362,23.362,-1,83.311,83.311,getup,65.354,1.866,DeadBip,Skin,shape,True,False,NPC Spine2 [Spn2],0.1902,1.0,0.3337905415059294,0.11141612559882158,0.6675810830118588
Vayne_impacts_log_2,Vayne,female,True,,light,88738.283,227.19700000000012,2,NPC L Forearm [LLar],arm,L,light,2.0,11.658,24.512,24.512,24.512,-1,57.273,57.273,getup,58.718,0.522,DeadBip,Skin,shape,True,False,NPC Spine2 [Spn2],-0.5737,1.0,0.3502214602086013,0.1226550711906449,0.7004429204172026
Vayne_impacts_log_2,Vayne,female,True,,light,92973.8,156.06299999999464,2,NPC Spine2 [Spn2],torso,-,light,7.0,23.052,34.747,34.747,34.747,-1,74.249,74.249,ragdoll,337.258,3.156,DeadBip,Skin,shape,True,False,NPC L Forearm [LLar],0.0901,1.0,0.4964566366623804,0.8626421723014297,3.4751964566366627
Vayne_impacts_log_2,Vayne,female,True,,light,93729.972,467.8029999999999,2,NPC Spine2 [Spn2],torso,-,light,7.0,23.052,36.283,36.283,36.283,-1,94.069,94.069,ragdoll,64.166,7.055,DeadBip,Skin,shape,True,False,NPC L Forearm [LLar],0.1814,1.0,0.5184026289469925,0.9405944999470361,3.628818402628948
Vayne_impacts_log_2,Vayne,female,True,,light,95014.878,116.97900000000664,2,NPC Spine2 [Spn2],torso,-,light,7.0,23.052,44.079,44.079,44.079,-1,63.549,63.549,getup,46.174,4.164,DeadBip,Skin,shape,True,False,NPC L Forearm [LLar],0.0331,1.0,0.6297899699957137,1.3882239220752068,4.408529789969996
Vayne_impacts_log_2,Vayne,female,True,,light,95335.422,1392.9889999999868,2,NPC Spine2 [Spn2],torso,-,light,7.0,23.052,181.789,181.789,181.789,-1,189.712,189.712,ragdoll,210.096,8.684,DeadBip,Skin,shape,True,False,NPC L Forearm [LLar],0.6731,1.0,2.597356765252179,23.61191758100442,18.181497356765252
Vayne_impacts_log_2,Vayne,female,True,,light,97550.275,108.09500000000116,2,NPC Spine2 [Spn2],torso,-,light,7.0,23.052,36.994,36.994,36.994,-1,21.614,21.614,getup,35.721,1.485,DeadBip,Skin,shape,True,False,NPC L Forearm [LLar],0.0458,1.0,0.5285612230318617,0.9778193827252811,3.699928561223032
Vayne_impacts_log_2,Vayne,female,True,,light,98097.816,401.05599999999686,2,NPC Spine2 [Spn2],torso,-,light,7.0,23.052,46.352,46.352,46.352,-1,28.035,28.035,ragdoll,257.16,4.391,DeadBip,Skin,shape,True,False,NPC L Forearm [LLar],0.1233,1.0,0.6622660380054294,1.5350870678339308,4.635862266038005
Vayne_impacts_log_2,Vayne,female,True,,light,106936.794,949.5400000000081,2,NPC Spine2 [Spn2],torso,-,light,7.0,23.052,15.376,15.376,15.376,-1,17.079,17.079,getup,27.746,1.022,DeadBip,Skin,shape,True,False,NPC L Forearm [LLar],0.6365,1.0,0.21968852693241891,0.16892067103007652,1.5378196885269324
Vayne_impacts_log_2,Vayne,female,True,,light,8361.46,152.71000000000095,3,NPC Spine [Spn0],torso,-,light,4.0,17.297,54.652,54.652,54.652,-1,122.088,160.811,ragdoll,161.362,4.184,Static,Stone,shape,False,False,,0.7614,1.0,0.780854407772539,1.2194672122756052,3.123417631090156
Vayne_impacts_log_2,Vayne,female,True,,light,8741.906,495.92299999999886,1,NPC L Foot [Lft ],foot,L,light,3.0,10.011,188.451,188.451,188.451,-1,52.279,52.279,ragdoll,221.456,7.696,Static,Wood,shape,False,False,,1.0,1.0,2.6925417916845267,10.874671949951582,8.07762537505358
Vayne_impacts_log_2,Vayne,female,True,,light,8758.486,0.2789999999986321,1,NPC L Calf [LClf],leg,L,light,6.0,19.675,138.322,138.322,138.322,-1,166.135,166.135,ragdoll,213.224,6.263,Static,Wood,shape,False,False,,1.0,1.0,1.9763109015573654,11.71741433884346,11.857865409344193
Vayne_impacts_log_2,Vayne,female,True,,light,8779.13,308.27600000000166,1,NPC L Calf [LClf],leg,L,light,6.0,19.675,35.733,35.733,35.733,-1,61.459,61.459,ragdoll,52.565,3.657,Static,Wood,shape,False,False,,1.0,0.0,0.5105443634804973,0.7819666412451183,3.0632661808829837
Vayne_impacts_log_2,Vayne,female,True,,light,9593.061,0.2780000000002474,1,NPC L Calf [LClf],leg,L,light,6.0,19.675,29.268,29.268,29.268,-1,155.555,155.555,getup,144.85,1.752,Static,Wood,shape,False,False,,1.0,1.0,0.41817402486069444,0.524608545204578,2.5090441491641666
Vayne_impacts_log_2,Vayne,female,True,,light,8342.668,0.2669999999998254,1,NPC R Forearm [RLar],arm,R,light,6.0,11.658,56.602,56.602,56.602,-1,194.457,194.457,ragdoll,210.622,7.159,Static,Stone,shape,False,False,,0.1854,1.0,0.8087155307901129,1.9620624292234021,4.852293184740677
Vayne_impacts_log_2,Vayne,female,True,,light,8361.474,57.30400000000009,1,NPC R Forearm [RLar],arm,R,light,6.0,11.658,88.068,88.068,88.068,-1,152.948,152.948,ragdoll,208.412,4.763,Static,Stone,shape,False,False,,0.3974,1.0,1.258294042006001,4.749911688443399,7.549764252036006
Vayne_impacts_log_2,Vayne,female,True,,light,8139.522,108.47100000000046,2,NPC R Forearm [RLar],arm,R,light,6.0,11.658,89.308,89.308,89.308,-1,156.406,156.406,ragdoll,165.418,6.477,DeadBip,Skin,shape,True,False,NPC Spine [Spn0],0.1912,1.0,1.2760108586940992,4.884611134515758,7.6560651521645955
Vayne_impacts_log_2,Vayne,female,True,,light,12229.06,550.5500000000011,2,NPC R Forearm [RLar],arm,R,light,6.0,11.658,30.696,30.696,30.696,-1,59.014,59.014,getup,80.754,0.589,DeadBip,Skin,shape,True,False,NPC Spine [Spn0],0.329,1.0,0.43857693956279475,0.577049195748802,2.6314616373767685
Vayne_impacts_log_2,Vayne,female,True,,light,13497.754,34.47099999999955,2,NPC R Forearm [RLar],arm,R,light,6.0,11.658,23.144,23.144,23.144,-1,42.366,42.366,animated,106.891,4.608,DeadBip,Skin,shape,True,False,NPC Spine [Spn0],0.182,1.0,0.3306758108301186,0.32803947560446917,1.9840548649807115
Vayne_impacts_log_2,Vayne,female,True,,light,13647.443,284.6110000000008,2,NPC R Forearm [RLar],arm,R,light,6.0,11.658,53.05,53.05,53.05,-1,93.957,93.957,ragdoll,234.175,4.643,DeadBip,Skin,shape,True,False,NPC Spine [Spn0],0.3273,1.0,0.7579654236319474,1.7235347502646725,4.547792541791685
Vayne_impacts_log_2,Vayne,female,True,,light,17649.426,554.5149999999994,2,NPC Spine [Spn0],torso,-,light,4.0,17.297,27.386,27.386,27.386,-1,57.549,57.549,getup,36.134,2.676,DeadBip,Skin,shape,True,False,NPC R Forearm [RLar],-0.3057,1.0,0.39128446920988713,0.3062070716897262,1.5651378768395485
Vayne_impacts_log_2,Vayne,female,True,,light,19308.671,67.13300000000163,2,NPC R Forearm [RLar],arm,R,light,6.0,11.658,115.608,115.608,115.608,-1,303.835,303.835,ragdoll,76.257,10.442,DeadBip,Skin,shape,True,False,NPC Spine [Spn0],-0.4245,1.0,1.651778825546507,8.185119865571393,9.910672953279041
Vayne_impacts_log_2,Vayne,female,True,,light,20244.165,267.5509999999995,2,NPC R Forearm [RLar],arm,R,light,6.0,11.658,220.073,220.073,220.073,-1,85.469,85.469,getup,342.161,18.279,DeadBip,Skin,shape,True,False,NPC Spine [Spn0],-0.4059,1.0,3.144349192741821,29.66079553768842,18.866095156450925
Vayne_impacts_log_2,Vayne,female,True,,light,23609.474,356.8040000000001,2,NPC Spine [Spn0],torso,-,light,4.0,17.297,51.752,51.752,51.752,-1,23.235,23.235,ragdoll,115.146,2.485,DeadBip,Skin,shape,True,False,NPC R Forearm [RLar],-0.1758,1.0,0.7394199171310188,1.0934836277000854,2.9576796685240754
Vayne_impacts_log_2,Vayne,female,True,,light,28004.513,556.9350000000013,2,NPC R Forearm [RLar],arm,R,light,6.0,11.658,52.744,52.744,52.744,-1,35.382,35.382,getup,79.449,6.555,DeadBip,Skin,shape,True,False,NPC Spine [Spn0],0.3154,1.0,0.7535933704814974,1.7037089041009903,4.521560222888985
Vayne_impacts_log_2,Vayne,female,True,,light,33483.303,301.4279999999999,2,NPC R Forearm [RLar],arm,R,light,6.0,11.658,53.036,53.036,53.036,-1,140.034,140.034,animated,334.652,3.379,DeadBip,Skin,shape,True,False,NPC Spine [Spn0],0.5112,1.0,0.7577653950564367,1.7226251818351126,4.546592370338621
Vayne_impacts_log_2,Vayne,female,True,,light,33868.771,197.89099999999598,2,NPC R Forearm [RLar],arm,R,light,6.0,11.658,38.085,38.085,38.085,-1,190.297,190.297,ragdoll,57.225,3.126,DeadBip,Skin,shape,True,False,NPC Spine [Spn0],0.0552,1.0,0.5441491641663095,0.8882949385886798,3.2648949849978575
Vayne_impacts_log_2,Vayne,female,True,,light,34160.113,937.4540000000052,2,NPC R Forearm [RLar],arm,R,light,6.0,11.658,10.124,10.124,10.124,-1,56.912,56.912,ragdoll,28.767,2.178,DeadBip,Skin,shape,True,False,NPC Spine [Spn0],0.3862,1.0,0.14464923560508647,0.06277020408340744,0.8678954136305188
Vayne_impacts_log_2,Vayne,female,True,,light,36441.213,338.47299999999814,2,NPC Spine [Spn0],torso,-,light,4.0,17.297,12.66,12.66,12.66,-1,19.55,19.55,getup,54.754,2.837,DeadBip,Skin,shape,True,False,NPC R Forearm [RLar],0.6584,1.0,0.1808829832833262,0.06543730728295212,0.7235319331333048
Vayne_impacts_log_2,Vayne,female,True,,light,37702.601,558.9989999999962,2,NPC Spine [Spn0],torso,-,light,4.0,17.297,52.118,52.118,52.118,-1,48.347,48.347,getup,17.768,2.743,DeadBip,Skin,shape,True,False,NPC R Forearm [RLar],-0.3049,1.0,0.7446492356050866,1.1090049681744794,2.9785969424203462
Vayne_impacts_log_2,Vayne,female,True,,light,40647.018,134.4910000000018,2,NPC Spine [Spn0],torso,-,light,4.0,17.297,93.356,93.356,93.356,-1,192.585,192.585,ragdoll,78.73,2.347,DeadBip,Skin,shape,True,False,NPC R Forearm [RLar],0.0818,1.0,1.333847692527504,3.5582993337218936,5.335390770110016
Vayne_impacts_log_2,Vayne,female,True,,light,42865.764,152.58499999999913,2,NPC Spine [Spn0],torso,-,light,4.0,17.297,158.843,158.843,158.843,-1,56.319,56.319,ragdoll,94.913,6.476,DeadBip,Skin,shape,True,False,NPC R Forearm [RLar],0.6551,1.0,2.2695099299899986,10.301350644646416,9.078039719959994
Vayne_impacts_log_2,Vayne,female,True,,light,46788.761,559.6670000000013,2,NPC R Forearm [RLar],arm,R,light,6.0,11.658,29.039,29.039,29.039,-1,60.365,60.365,getup,79.232,0.704,DeadBip,Skin,shape,True,False,NPC Spine [Spn0],0.311,1.0,0.4149021288755537,0.5164313296363998,2.4894127732533224
Vayne_impacts_log_2,Vayne,female,True,,light,48880.999,149.56899999999587,2,NPC R Forearm [RLar],arm,R,light,6.0,11.658,16.451,16.451,16.451,-1,77.938,77.938,ragdoll,525.149,2.982,DeadBip,Skin,shape,True,False,NPC Spine [Spn0],0.4935,1.0,0.23504786398056868,0.16574249508548375,1.4102871838834121
Vayne_impacts_log_2,Vayne,female,True,,light,53206.042,573.3969999999972,2,NPC R Forearm [RLar],arm,R,light,6.0,11.658,49.783,49.783,49.783,-1,42.216,42.216,getup,83.527,5.445,DeadBip,Skin,shape,True,False,NPC Spine [Spn0],0.3018,1.0,0.711287326760966,1.5177889836322833,4.267723960565796
Vayne_impacts_log_2,Vayne,female,True,,light,55881.866,81.92899999999645,2,NPC R Forearm [RLar],arm,R,light,6.0,11.658,71.255,71.255,71.255,-1,84.127,84.127,animated,246.457,3.078,DeadBip,Skin,shape,True,False,NPC Spine [Spn0],0.4699,1.0,1.018074010572939,3.109424073012206,6.108444063437633
Vayne_impacts_log_2,Vayne,female,True,,light,56913.522,17.049000000006345,2,NPC Spine [Spn0],torso,-,light,4.0,17.297,386.065,386.065,386.065,-1,322.866,322.866,ragdoll,265.733,13.817,DeadBip,Skin,shape,True,False,NPC R Forearm [RLar],-0.2148,1.0,5.516002286040863,60.85256243921606,22.064009144163453
Vayne_impacts_log_2,Vayne,female,True,,light,56963.013,16.40400000000227,2,NPC Spine [Spn0],torso,-,light,4.0,17.297,17.015,17.015,17.015,-1,267.355,267.355,ragdoll,223.322,9.229,DeadBip,Skin,shape,True,False,NPC R Forearm [RLar],-0.2429,1.0,0.24310615802257468,0.1182012081369941,0.9724246320902987
Vayne_impacts_log_2,Vayne,female,True,,light,56995.756,18.485000000000582,2,NPC Spine [Spn0],torso,-,light,4.0,17.297,10.769,10.769,10.769,-1,111.06,111.06,ragdoll,246.826,5.609,DeadBip,Skin,shape,True,False,NPC R Forearm [RLar],-0.2854,1.0,0.1538648378339763,0.04734877664335165,0.6154593513359052
Vayne_impacts_log_2,Vayne,female,True,,light,60954.688,555.3919999999998,2,NPC R Forearm [RLar],arm,R,light,6.0,11.658,32.329,32.329,32.329,-1,61.423,61.423,getup,82.129,0.714,DeadBip,Skin,shape,True,False,NPC Spine [Spn0],0.3164,1.0,0.4619088441205887,0.6400793408304548,2.771453064723532
Vayne_impacts_log_2,Vayne,female,True,,light,62145.378,181.58699999999953,2,NPC R Forearm [RLar],arm,R,light,6.0,11.658,48.901,48.901,48.901,-1,51.173,51.173,ragdoll,252.954,2.856,DeadBip,Skin,shape,True,False,NPC Spine [Spn0],0.0185,1.0,0.6986855265037863,1.4644843948376194,4.192113159022718
Vayne_impacts_log_2,Vayne,female,True,,light,62345.183,0.2970000000059372,2,NPC R Forearm [RLar],arm,R,light,6.0,11.658,7.504,7.504,7.504,-1,9.854,9.854,ragdoll,43.628,3.335,DeadBip,Skin,shape,True,False,NPC Spine [Spn0],-0.1235,1.0,0.10721531647378198,0.03448537225971968,0.6432918988426919
Vayne_impacts_log_2,Vayne,female,True,,light,66019.426,550.5199999999895,2,NPC R Forearm [RLar],arm,R,light,6.0,11.658,28.381,28.381,28.381,-1,62.42,62.42,getup,81.519,0.667,DeadBip,Skin,shape,True,False,NPC Spine [Spn0],0.3128,1.0,0.4055007858265467,0.4932926619178407,2.43300471495928
Vayne_impacts_log_2,Vayne,female,True,,light,66667.635,35.229000000006636,2,NPC Spine [Spn0],torso,-,light,4.0,17.297,28.174,28.174,28.174,-1,7.971,7.971,animated,49.012,2.093,Biped,Skin,shape,True,False,NPC R Forearm [RLar],-0.1249,1.0,0.40254322046006574,0.32408208867672217,1.610172881840263
Vayne_impacts_log_2,Vayne,female,True,,light,68226.482,493.8439999999973,2,NPC R Forearm [RLar],arm,R,light,6.0,11.658,71.735,71.735,71.735,-1,397.241,397.241,ragdoll,76.259,48.272,DeadBip,Skin,shape,True,False,NPC Spine [Spn0],0.0904,1.0,1.0249321331618804,3.1514576327632877,6.149592798971282
Vayne_impacts_log_2,Vayne,female,True,,light,73930.514,546.9089999999997,2,NPC R Forearm [RLar],arm,R,light,6.0,11.658,30.585,30.585,30.585,-1,61.243,61.243,getup,80.883,0.537,DeadBip,Skin,shape,True,False,NPC Spine [Spn0],0.3249,1.0,0.4369909987141021,0.5728833988714451,2.6219459922846124
Vayne_impacts_log_2,Vayne,female,True,,light,83914.474,701.2930000000051,2,NPC Spine [Spn0],torso,-,light,4.0,17.297,51.48,51.48,51.48,-1,42.409,42.409,getup,19.307,2.686,DeadBip,Skin,shape,True,False,NPC R Forearm [RLar],-0.3121,1.0,0.735533647663952,1.0820194936916774,2.942134590655808
Vayne_impacts_log_2,Vayne,female,True,,light,88397.685,567.7820000000065,2,NPC R Forearm [RLar],arm,R,light,6.0,11.658,49.892,49.892,49.892,-1,43.416,43.416,getup,84.487,4.989,DeadBip,Skin,shape,True,False,NPC Spine [Spn0],0.2966,1.0,0.7128446920988714,1.524442665160604,4.277068152593229
Vayne_impacts_log_2,Vayne,female,True,,light,92790.355,88.16500000000815,2,NPC Spine [Spn0],torso,-,light,4.0,17.297,31.782,31.782,31.782,-1,60.321,60.321,ragdoll,108.606,4.676,DeadBip,Skin,shape,True,False,NPC R Forearm [RLar],-0.5514,1.0,0.45409344192027434,0.41240170799000314,1.8163737676810974
Vayne_impacts_log_2,Vayne,female,True,,light,106171.051,222.8449999999866,2,NPC Spine [Spn0],torso,-,light,4.0,17.297,18.117,18.117,18.117,-1,23.743,23.743,getup,47.625,0.99,DeadBip,Skin,shape,True,False,NPC R Forearm [RLar],-0.0888,1.0,0.25885126446635237,0.13400795423165898,1.0354050578654095
Vayne_impacts_log_2,Vayne,female,True,,light,106920.518,965.8020000000106,2,NPC Spine [Spn0],torso,-,light,4.0,17.297,35.862,35.862,35.862,-1,5.384,5.384,getup,41.184,1.61,DeadBip,Skin,shape,True,False,NPC R Forearm [RLar],-0.2337,1.0,0.5123874839262752,0.5250818673685979,2.049549935705101
Vayne_impacts_log_2,Vayne,female,True,,light,109840.281,276.34999999999127,2,NPC Spine [Spn0],torso,-,light,4.0,17.297,11.655,11.655,11.655,-1,70.1,70.1,animated,98.598,1.891,Biped,Skin,shape,True,False,NPC R Forearm [RLar],-0.4279,1.0,0.16652378911273039,0.05546034468092221,0.6660951564509215
Vayne_impacts_log_2,Vayne,female,True,,light,8139.523,454.9929999999995,2,NPC R Forearm [RLar],arm,R,light,6.0,11.658,74.456,74.456,74.456,-1,64.929,64.929,ragdoll,165.418,6.477,DeadBip,Skin,shape,True,False,NPC Spine1 [Spn1],0.0559,1.0,1.0638091155879412,3.3950695032239935,6.382854693527648
Vayne_impacts_log_2,Vayne,female,True,,light,12164.989,614.6290000000008,2,NPC R Forearm [RLar],arm,R,light,6.0,11.658,41.824,41.824,41.824,-1,16.186,16.186,getup,76.104,3.535,DeadBip,Skin,shape,True,False,NPC Spine1 [Spn1],-0.3802,1.0,0.5975710815830834,1.0712735926331283,3.5854264894985004
Vayne_impacts_log_2,Vayne,female,True,,light,13497.754,506.7489999999998,2,NPC R Forearm [RLar],arm,R,light,6.0,11.658,13.312,13.312,13.312,-1,26.076,26.076,animated,106.891,4.608,DeadBip,Skin,shape,True,False,NPC Spine1 [Spn1],-0.0108,1.0,0.19019859979997142,0.10852652209760905,1.1411915987998285
Vayne_impacts_log_2,Vayne,female,True,,light,17608.172,595.7770000000019,2,NPC R Forearm [RLar],arm,R,light,6.0,11.658,50.591,50.591,50.591,-1,34.951,34.951,getup,62.855,1.282,DeadBip,Skin,shape,True,False,NPC Spine1 [Spn1],-0.3663,1.0,0.7228318331190171,1.5674575769105958,4.336990998714103
Vayne_impacts_log_2,Vayne,female,True,,light,18593.606,211.60800000000017,2,NPC R Forearm [RLar],arm,R,light,6.0,11.658,21.842,21.842,21.842,-1,108.097,108.097,animated,240.049,3.384,DeadBip,Skin,shape,True,False,NPC Spine1 [Spn1],-0.0717,1.0,0.31207315330761537,0.2921689590460752,1.8724389198456923
Vayne_impacts_log_2,Vayne,female,True,,light,18872.938,34.03700000000026,2,NPC R Forearm [RLar],arm,R,light,6.0,11.658,34.091,34.091,34.091,-1,30.311,30.311,ragdoll,223.871,4.424,DeadBip,Skin,shape,True,False,NPC Spine1 [Spn1],0.0516,1.0,0.48708386912416063,0.7117520866828873,2.922503214744964
Vayne_impacts_log_2,Vayne,female,True,,light,19257.218,1447.5329999999994,2,NPC R Forearm [RLar],arm,R,light,6.0,11.658,191.051,191.051,191.051,-1,164.856,164.856,ragdoll,44.97,11.889,DeadBip,Skin,shape,True,False,NPC Spine1 [Spn1],-0.8646,1.0,2.729689955707958,22.353621762878745,16.37813973424775
Vayne_impacts_log_2,Vayne,female,True,,light,23557.419,818.4639999999999,2,NPC Spine1 [Spn1],torso,-,light,4.0,18.878,48.628,48.628,48.628,-1,41.56,41.56,ragdoll,80.653,1.334,DeadBip,Skin,shape,True,False,NPC R Forearm [RLar],0.2557,1.0,0.6947849692813259,0.965452307078506,2.7791398771253037
Vayne_impacts_log_2,Vayne,female,True,,light,24555.988,743.5429999999978,2,NPC Spine1 [Spn1],torso,-,light,4.0,18.878,19.829,19.829,19.829,-1,51.85,51.85,ragdoll,288.878,0.95,DeadBip,Skin,shape,True,False,NPC R Forearm [RLar],0.0643,1.0,0.2833119017002429,0.16053126729001618,1.1332476068009716
Vayne_impacts_log_2,Vayne,female,True,,light,27947.993,613.4639999999999,2,NPC R Forearm [RLar],arm,R,light,6.0,11.658,43.437,43.437,43.437,-1,14.522,14.522,getup,73.496,3.694,DeadBip,Skin,shape,True,False,NPC Spine1 [Spn1],-0.3673,1.0,0.6206172310330047,1.1554972423652217,3.723703386198028
Vayne_impacts_log_2,Vayne,female,True,,light,33483.303,2086.9119999999966,2,NPC R Forearm [RLar],arm,R,light,6.0,11.658,65.239,65.239,65.239,-1,144.857,144.857,animated,334.652,3.379,DeadBip,Skin,shape,True,False,NPC Spine1 [Spn1],-0.0278,1.0,0.9321188741248752,2.6065367864994746,5.592713244749251
Vayne_impacts_log_2,Vayne,female,True,,light,36390.522,253.3640000000014,2,NPC R Forearm [RLar],arm,R,light,6.0,11.658,5.736,5.736,5.736,-1,70.774,70.774,getup,27.842,4.615,DeadBip,Skin,shape,True,False,NPC Spine1 [Spn1],-0.8257,1.0,0.08195456493784826,0.020149652142455964,0.4917273896270896
Vayne_impacts_log_2,Vayne,female,True,,light,37649.299,612.3070000000007,2,NPC R Forearm [RLar],arm,R,light,6.0,11.658,42.098,42.098,42.098,-1,13.354,13.354,getup,74.319,3.9,DeadBip,Skin,shape,True,False,NPC Spine1 [Spn1],-0.3711,1.0,0.6014859265609374,1.0853559595526079,3.608915559365624
Vayne_impacts_log_2,Vayne,female,True,,light,40592.124,312.13099999999395,2,NPC R Forearm [RLar],arm,R,light,6.0,11.658,82.459,82.459,82.459,-1,164.872,164.872,ragdoll,87.628,16.84,DeadBip,Skin,shape,True,False,NPC Spine1 [Spn1],-0.6962,1.0,1.1781540220031435,4.16414069868655,7.068924132018861
Vayne_impacts_log_2,Vayne,female,True,,light,42810.763,279.5740000000005,2,NPC Spine1 [Spn1],torso,-,light,4.0,18.878,197.39,197.39,197.39,-1,29.788,29.788,ragdoll,164.765,4.426,DeadBip,Skin,shape,True,False,NPC R Forearm [RLar],0.8241,1.0,2.820260037148164,15.907733354269926,11.281040148592655
Vayne_impacts_log_2,Vayne,female,True,,light,46737.429,611.0050000000047,2,NPC R Forearm [RLar],arm,R,light,6.0,11.658,53.893,53.893,53.893,-1,27.275,27.275,getup,64.818,1.41,DeadBip,Skin,shape,True,False,NPC Spine1 [Spn1],-0.3717,1.0,0.7700100014287756,1.7787462069010291,4.620060008572654
Vayne_impacts_log_2,Vayne,female,True,,light,48629.385,107.10499999999593,2,NPC R Forearm [RLar],arm,R,light,6.0,11.658,94.145,94.145,94.145,-1,81.139,81.139,animated,302.365,6.534,DeadBip,Skin,shape,True,False,NPC Spine1 [Spn1],0.0484,1.0,1.3451207315330762,5.4280493472002345,8.070724389198457
Vayne_impacts_log_2,Vayne,female,True,,light,48755.032,386.6880000000019,2,NPC R Forearm [RLar],arm,R,light,6.0,11.658,19.43,19.43,19.43,-1,253.838,253.838,ragdoll,388.87,18.478,DeadBip,Skin,shape,True,False,NPC Spine1 [Spn1],0.4574,1.0,0.27761108729818545,0.23120374737264227,1.6656665237891128
Vayne_impacts_log_2,Vayne,female,True,,light,49212.857,18.97099999999773,2,NPC R Forearm [RLar],arm,R,light,6.0,11.658,288.017,288.017,288.017,-1,327.73,327.73,ragdoll,637.921,27.642,DeadBip,Skin,shape,True,False,NPC Spine1 [Spn1],-0.4269,1.0,4.115116445206458,50.80255007282591,24.69069867123875
Vayne_impacts_log_2,Vayne,female,True,,light,53149.154,630.2920000000013,2,NPC R Forearm [RLar],arm,R,light,6.0,11.658,41.954,41.954,41.954,-1,15.909,15.909,getup,75.298,3.577,DeadBip,Skin,shape,True,False,NPC Spine1 [Spn1],-0.3769,1.0,0.5994284897842549,1.0779435430950977,3.596570938705529
Vayne_impacts_log_2,Vayne,female,True,,light,55881.867,115.0570000000007,2,NPC R Forearm [RLar],arm,R,light,6.0,11.658,42.907,42.907,42.907,-1,59.169,59.169,animated,246.457,3.078,DeadBip,Skin,shape,True,False,NPC Spine1 [Spn1],0.0217,1.0,0.6130447206743821,1.1274714886401935,3.6782683240462926
Vayne_impacts_log_2,Vayne,female,True,,light,56913.522,65.89500000000407,2,NPC Spine1 [Spn1],torso,-,light,4.0,18.878,370.055,370.055,370.055,-1,290.122,290.122,ragdoll,348.121,8.941,DeadBip,Skin,shape,True,False,NPC R Forearm [RLar],-0.1471,1.0,5.2872553221888845,55.91013768402937,21.149021288755538
Vayne_impacts_log_2,Vayne,female,True,,light,57731.659,232.07200000000012,2,NPC Spine1 [Spn1],torso,-,light,4.0,18.878,33.721,33.721,33.721,-1,22.04,22.04,ragdoll,64.927,1.681,DeadBip,Skin,shape,True,False,NPC R Forearm [RLar],-0.1489,1.0,0.48179739962851836,0.46425746857760447,1.9271895985140735
Vayne_impacts_log_2,Vayne,female,True,,light,58031.97,265.66599999999744,2,NPC Spine1 [Spn1],torso,-,light,4.0,18.878,8.995,8.995,8.995,-1,38.862,38.862,ragdoll,36.254,1.706,DeadBip,Skin,shape,True,False,NPC R Forearm [RLar],-0.4232,1.0,0.12851835976568082,0.03303393759372193,0.5140734390627233
Vayne_impacts_log_2,Vayne,female,True,,light,60906.406,603.6789999999964,2,NPC R Forearm [RLar],arm,R,light,6.0,11.658,51.399,51.399,51.399,-1,32.432,32.432,getup,64.204,1.398,DeadBip,Skin,shape,True,False,NPC Spine1 [Spn1],-0.3626,1.0,0.7343763394770683,1.6179258239512149,4.406258036862409
Vayne_impacts_log_2,Vayne,female,True,,light,65966.445,603.5079999999871,2,NPC Spine1 [Spn1],torso,-,light,4.0,18.878,48.406,48.406,48.406,-1,29.706,29.706,getup,49.791,1.823,DeadBip,Skin,shape,True,False,NPC R Forearm [RLar],0.3616,1.0,0.6916130875839406,0.9566573258347829,2.7664523503357623
Vayne_impacts_log_2,Vayne,female,True,,light,66667.638,35.238999999986845,2,NPC Spine1 [Spn1],torso,-,light,4.0,18.878,16.838,16.838,16.838,-1,15.621,15.621,animated,38.118,1.623,Biped,Skin,shape,True,False,NPC R Forearm [RLar],0.1109,1.0,0.2405772253179026,0.11575480268332175,0.9623089012716104
Vayne_impacts_log_2,Vayne,female,True,,light,68091.975,823.1299999999901,2,NPC R Forearm [RLar],arm,R,light,6.0,11.658,7.755,7.755,7.755,-1,16.159,16.159,animated,20.857,2.656,DeadBip,Skin,shape,True,False,NPC Spine1 [Spn1],0.0157,1.0,0.11080154307758251,0.036830945845120124,0.6648092584654951
Vayne_impacts_log_2,Vayne,female,True,,light,73875.107,602.3209999999963,2,NPC R Forearm [RLar],arm,R,light,6.0,11.658,49.669,49.669,49.669,-1,36.033,36.033,getup,62.784,1.286,DeadBip,Skin,shape,True,False,NPC Spine1 [Spn1],-0.361,1.0,0.7096585226460923,1.510845656292703,4.257951135876554
Vayne_impacts_log_2,Vayne,female,True,,light,83860.834,880.5359999999928,2,NPC R Forearm [RLar],arm,R,light,6.0,11.658,53.596,53.596,53.596,-1,26.799,26.799,getup,63.442,1.212,DeadBip,Skin,shape,True,False,NPC Spine1 [Spn1],-0.3764,1.0,0.7657665380768681,1.7591951725146946,4.594599228461209
Vayne_impacts_log_2,Vayne,female,True,,light,88364.815,600.6589999999997,2,NPC R Forearm [RLar],arm,R,light,6.0,11.658,49.406,49.406,49.406,-1,35.357,35.357,getup,61.861,1.283,DeadBip,Skin,shape,True,False,NPC Spine1 [Spn1],-0.3543,1.0,0.7059008429775683,1.4948880003493246,4.235405057865409
Vayne_impacts_log_2,Vayne,female,True,,light,91272.179,395.7069999999949,2,NPC R Forearm [RLar],arm,R,light,6.0,11.658,17.757,17.757,17.757,-1,89.637,89.637,ragdoll,99.032,4.311,DeadBip,Skin,shape,True,False,NPC Spine1 [Spn1],0.0856,1.0,0.25370767252464643,0.1931027492936197,1.5222460351478786
Vayne_impacts_log_2,Vayne,female,True,,light,97957.834,71.09399999999732,2,NPC Spine1 [Spn1],torso,-,light,4.0,18.878,109.115,109.115,109.115,-1,40.97,40.97,ragdoll,146.191,4.372,DeadBip,Skin,shape,True,False,NPC R Forearm [RLar],0.5697,1.0,1.5590084297756823,4.861014568223277,6.236033719102729
Vayne_impacts_log_2,Vayne,female,True,,light,99204.07,167.05999999999767,2,NPC Spine1 [Spn1],torso,-,light,4.0,18.878,12.731,12.731,12.731,-1,18.882,18.882,ragdoll,19.75,0.668,DeadBip,Skin,shape,True,False,NPC R Forearm [RLar],0.059,1.0,0.18189741391627376,0.06617333837885644,0.727589655665095
Vayne_impacts_log_2,Vayne,female,True,,light,106048.394,403.7820000000065,2,NPC Spine1 [Spn1],torso,-,light,4.0,18.878,13.816,13.816,13.816,-1,12.052,12.052,getup,56.916,1.429,DeadBip,Skin,shape,True,False,NPC R Forearm [RLar],0.2997,1.0,0.1973996285183598,0.0779332266783729,0.7895985140734392
Vayne_impacts_log_2,Vayne,female,True,,light,106731.482,1154.8450000000012,2,NPC Spine1 [Spn1],torso,-,light,4.0,18.878,11.022,11.022,11.022,-1,24.747,24.747,getup,28.581,1.636,DeadBip,Skin,shape,True,False,NPC R Forearm [RLar],-0.145,1.0,0.1574796399485641,0.049599673996658766,0.6299185597942564
Vayne_impacts_log_2,Vayne,female,True,,light,109840.284,559.2829999999958,2,NPC Spine1 [Spn1],torso,-,light,4.0,18.878,29.014,29.014,29.014,-1,66.669,66.669,animated,78.253,1.13,Biped,Skin,shape,True,False,NPC R Forearm [RLar],0.0238,1.0,0.414544934990713,0.34369500625290894,1.658179739962852
Vayne_impacts_log_2,Vayne,female,True,,light,8139.524,454.9929999999995,2,NPC R Forearm [RLar],arm,R,light,6.0,11.658,37.615,37.615,37.615,-1,54.235,54.235,ragdoll,165.418,6.477,DeadBip,Skin,shape,True,False,NPC Spine2 [Spn2],-0.8949,1.0,0.5374339191313046,0.8665056522985009,3.2246035147878276
Vayne_impacts_log_2,Vayne,female,True,,light,12262.323,437.84100000000035,2,NPC R Forearm [RLar],arm,R,light,6.0,11.658,12.292,12.292,12.292,-1,54.455,54.455,getup,86.621,0.578,DeadBip,Skin,shape,True,False,NPC Spine2 [Spn2],-0.7553,1.0,0.17562508929847123,0.09253251597328799,1.0537505357908274
Vayne_impacts_log_2,Vayne,female,True,,light,13497.755,73.72400000000016,2,NPC R Forearm [RLar],arm,R,light,6.0,11.658,11.432,11.432,11.432,-1,30.538,30.538,animated,106.891,4.608,DeadBip,Skin,shape,True,False,NPC Spine2 [Spn2],-0.6645,1.0,0.16333761965995144,0.08003753398853687,0.9800257179597087
Vayne_impacts_log_2,Vayne,female,True,,light,13610.429,377.4320000000007,2,NPC R Forearm [RLar],arm,R,light,6.0,11.658,13.507,13.507,13.507,-1,314.659,314.659,ragdoll,232.76,20.686,DeadBip,Skin,shape,True,False,NPC Spine2 [Spn2],-0.3045,1.0,0.19298471210172882,0.11172929731496148,1.1579082726103729
Vayne_impacts_log_2,Vayne,female,True,,light,18593.606,330.52200000000084,2,NPC R Forearm [RLar],arm,R,light,6.0,11.658,11.139,11.139,11.139,-1,65.122,65.122,animated,240.049,3.384,DeadBip,Skin,shape,True,False,NPC Spine2 [Spn2],-0.7375,1.0,0.15915130732961852,0.07598741587418005,0.9549078439777111
Vayne_impacts_log_2,Vayne,female,True,,light,19257.21,1497.0519999999997,2,NPC Spine2 [Spn2],torso,-,light,7.0,23.052,170.165,170.165,170.165,-1,109.832,109.832,ragdoll,233.973,2.989,DeadBip,Skin,shape,True,False,NPC R Forearm [RLar],0.9634,1.0,2.431275896556651,20.688858698120715,17.018931275896556
Vayne_impacts_log_2,Vayne,female,True,,light,23675.121,612.7150000000001,2,NPC Spine2 [Spn2],torso,-,light,7.0,23.052,17.731,17.731,17.731,-1,37.728,37.728,ragdoll,146.075,5.487,DeadBip,Skin,shape,True,False,NPC R Forearm [RLar],0.7049,1.0,0.2533361908844121,0.2246272896413815,1.7733533361908849
Vayne_impacts_log_2,Vayne,female,True,,light,33483.304,528.2820000000065,2,NPC R Forearm [RLar],arm,R,light,6.0,11.658,34.854,34.854,34.854,-1,113.938,113.938,animated,334.652,3.379,DeadBip,Skin,shape,True,False,NPC Spine2 [Spn2],-0.6435,1.0,0.4979854264894985,0.7439684549877832,2.987912558936991
Vayne_impacts_log_2,Vayne,female,True,,light,34215.157,1301.8930000000037,2,NPC R Forearm [RLar],arm,R,light,6.0,11.658,17.578,17.578,17.578,-1,19.772,19.772,ragdoll,38.035,1.24,DeadBip,Skin,shape,True,False,NPC Spine2 [Spn2],-0.3293,1.0,0.251150164309187,0.18922921509759488,1.506900985855122
Vayne_impacts_log_2,Vayne,female,True,,light,40647.015,186.14600000000064,2,NPC R Forearm [RLar],arm,R,light,6.0,11.658,140.5,140.5,140.5,-1,165.542,165.542,ragdoll,84.206,18.534,DeadBip,Skin,shape,True,False,NPC Spine2 [Spn2],-0.9094,1.0,2.0074296328046866,12.089321191987075,12.044577796828118
Vayne_impacts_log_2,Vayne,female,True,,light,42847.243,243.10499999999593,2,NPC Spine2 [Spn2],torso,-,light,7.0,23.052,123.428,123.428,123.428,-1,231.519,231.519,ragdoll,100.343,4.979,DeadBip,Skin,shape,True,False,NPC R Forearm [RLar],0.8711,1.0,1.763509072724675,10.88487487353785,12.344563509072724
Vayne_impacts_log_2,Vayne,female,True,,light,44333.57,113.94400000000314,2,NPC Spine2 [Spn2],torso,-,light,7.0,23.052,59.595,59.595,59.595,-1,27.903,27.903,getup,23.491,2.669,DeadBip,Skin,shape,True,False,NPC R Forearm [RLar],0.2594,1.0,0.8514787826832405,2.5375564107590662,5.960351478782684
Vayne_impacts_log_2,Vayne,female,True,,light,44758.294,288.6800000000003,2,NPC Spine2 [Spn2],torso,-,light,7.0,23.052,14.443,14.443,14.443,-1,42.858,42.858,getup,70.498,3.278,DeadBip,Skin,shape,True,False,NPC R Forearm [RLar],0.6579,1.0,0.2063580511501643,0.14904275846072843,1.4445063580511501
Vayne_impacts_log_2,Vayne,female,True,,light,46824.114,464.3949999999968,2,NPC R Forearm [RLar],arm,R,light,6.0,11.658,30.503,30.503,30.503,-1,38.21,38.21,getup,84.047,1.3,DeadBip,Skin,shape,True,False,NPC Spine2 [Spn2],-0.7561,1.0,0.43581940277182457,0.5698156554971696,2.6149164166309475
Vayne_impacts_log_2,Vayne,female,True,,light,48629.385,71.45599999999831,2,NPC R Forearm [RLar],arm,R,light,6.0,11.658,75.291,75.291,75.291,-1,81.149,81.149,animated,302.365,6.534,DeadBip,Skin,shape,True,False,NPC Spine2 [Spn2],-0.3047,1.0,1.0757393913416202,3.4716457142521184,6.454436348049722
Vayne_impacts_log_2,Vayne,female,True,,light,49212.858,18.650000000001455,2,NPC R Forearm [RLar],arm,R,light,6.0,11.658,324.853,324.853,324.853,-1,178.046,178.046,ragdoll,637.921,27.642,DeadBip,Skin,shape,True,False,NPC Spine2 [Spn2],0.0307,1.0,4.641420202886127,64.62834449927848,27.84852121731676
Vayne_impacts_log_2,Vayne,female,True,,light,55881.868,64.39199999999983,2,NPC R Forearm [RLar],arm,R,light,6.0,11.658,43.134,43.134,43.134,-1,34.794,34.794,animated,246.457,3.078,DeadBip,Skin,shape,True,False,NPC Spine2 [Spn2],-0.5889,1.0,0.6162880411487356,1.1394328489888368,3.6977282468924138
Vayne_impacts_log_2,Vayne,female,True,,light,58131.278,132.3199999999997,2,NPC R Forearm [RLar],arm,R,light,6.0,11.658,26.693,26.693,26.693,-1,32.274,32.274,ragdoll,50.139,3.187,DeadBip,Skin,shape,True,False,NPC Spine2 [Spn2],-0.0154,1.0,0.3813830547221032,0.4363591032874883,2.288298328332619
Vayne_impacts_log_2,Vayne,female,True,,light,58481.556,98.55000000000291,2,NPC R Forearm [RLar],arm,R,light,6.0,11.658,44.258,44.258,44.258,-1,51.799,51.799,getup,59.587,1.273,DeadBip,Skin,shape,True,False,NPC Spine2 [Spn2],0.1214,1.0,0.6323474782111731,1.19958999960009,3.7940848692670386
Vayne_impacts_log_2,Vayne,female,True,,light,60984.892,434.61099999999715,2,NPC R Forearm [RLar],arm,R,light,6.0,11.658,25.374,25.374,25.374,-1,43.034,43.034,getup,83.651,0.957,DeadBip,Skin,shape,True,False,NPC Spine2 [Spn2],-0.7549,1.0,0.3625375053579083,0.3943003283734062,2.1752250321474498
Vayne_impacts_log_2,Vayne,female,True,,light,63557.605,16.846999999994296,2,NPC R Forearm [RLar],arm,R,light,6.0,11.658,6.893,6.893,6.893,-1,19.97,19.97,getup,99.603,3.914,DeadBip,Skin,shape,True,False,NPC Spine2 [Spn2],-0.1225,1.0,0.09848549792827548,0.02909817990654106,0.5909129875696528
Vayne_impacts_log_2,Vayne,female,True,,light,66055.626,514.3329999999987,2,NPC R Forearm [RLar],arm,R,light,6.0,11.658,28.082,28.082,28.082,-1,40.287,40.287,getup,87.37,1.014,DeadBip,Skin,shape,True,False,NPC Spine2 [Spn2],-0.7567,1.0,0.401228746963852,0.48295352217054843,2.407372481783112
Vayne_impacts_log_2,Vayne,female,True,,light,66667.64,35.24899999999616,2,NPC Spine2 [Spn2],torso,-,light,7.0,23.052,10.101,10.101,10.101,-1,13.872,13.872,animated,28.708,1.511,Biped,Skin,shape,True,False,NPC R Forearm [RLar],0.6989,1.0,0.14432061723103304,0.07289954195281222,1.0102443206172314
Vayne_impacts_log_2,Vayne,female,True,,light,68812.605,61.853000000002794,2,NPC R Forearm [RLar],arm,R,light,6.0,11.658,70.649,70.649,70.649,-1,124.984,124.984,ragdoll,419.825,10.359,DeadBip,Skin,shape,True,False,NPC Spine2 [Spn2],-0.0617,1.0,1.0094156308044007,3.0567597471367387,6.056493784826404
Vayne_impacts_log_2,Vayne,female,True,,light,73968.371,432.34300000000803,2,NPC R Forearm [RLar],arm,R,light,6.0,11.658,12.645,12.645,12.645,-1,54.609,54.609,getup,87.095,0.567,DeadBip,Skin,shape,True,False,NPC Spine2 [Spn2],-0.7553,1.0,0.18066866695242179,0.09792350165509531,1.0840120017145307
Vayne_impacts_log_2,Vayne,female,True,,light,88455.887,434.4349999999977,2,NPC R Forearm [RLar],arm,R,light,6.0,11.658,7.646,7.646,7.646,-1,57.549,57.549,getup,88.647,0.668,DeadBip,Skin,shape,True,False,NPC Spine2 [Spn2],-0.7556,1.0,0.10924417773967711,0.03580287111005449,0.6554650664380627
Vayne_impacts_log_2,Vayne,female,True,,light,90531.84,265.1000000000058,2,NPC R Forearm [RLar],arm,R,light,6.0,11.658,118.928,118.928,118.928,-1,147.105,147.105,ragdoll,245.552,15.651,DeadBip,Skin,shape,True,False,NPC Spine2 [Spn2],0.933,1.0,1.6992141734533506,8.66198642179426,10.195285040720103
Vayne_impacts_log_2,Vayne,female,True,,light,92098.1,780.4209999999875,2,NPC R Forearm [RLar],arm,R,light,6.0,11.658,40.902,40.902,40.902,-1,46.023,46.023,getup,61.027,2.057,DeadBip,Skin,shape,True,False,NPC Spine2 [Spn2],-0.011,1.0,0.5843977711101587,1.024562264635564,3.506386626660952
Vayne_impacts_log_2,Vayne,female,True,,light,97975.935,35.669000000008964,2,NPC R Forearm [RLar],arm,R,light,6.0,11.658,9.131,9.131,9.131,-1,213.692,213.692,ragdoll,189.787,21.253,DeadBip,Skin,shape,True,False,NPC Spine2 [Spn2],-0.8026,1.0,0.13046149449921418,0.05106060464090548,0.7827689669952851
Vayne_impacts_log_2,Vayne,female,True,,light,99222.694,140.69899999999325,2,NPC Spine2 [Spn2],torso,-,light,7.0,23.052,10.001,10.001,10.001,-1,26.363,26.363,ragdoll,18.514,1.888,DeadBip,Skin,shape,True,False,NPC R Forearm [RLar],0.1601,1.0,0.14289184169167024,0.07146327447713072,1.0002428918416917
Vayne_impacts_log_2,Vayne,female,True,,light,109840.286,559.2750000000087,2,NPC Spine2 [Spn2],torso,-,light,7.0,23.052,51.531,51.531,51.531,-1,33.099,33.099,animated,62.062,0.753,Biped,Skin,shape,True,False,NPC R Forearm [RLar],0.7112,1.0,0.7362623231890271,1.897287729916962,5.153836262323189
Vayne_impacts_log_2,Vayne,female,True,,light,13628.436,323.16300000000047,2,NPC R Hand [RHnd],hand,R,light,4.0,8.334,85.012,85.012,85.012,-1,263.793,263.793,ragdoll,247.827,30.223,DeadBip,Skin,shape,True,False,NPC Spine [Spn0],-0.1,1.0,1.2146306615230749,2.950655287823965,4.8585226460922994
Vayne_impacts_log_2,Vayne,female,True,,light,20277.312,161.15899999999965,2,NPC R Hand [RHnd],hand,R,light,4.0,8.334,110.075,110.075,110.075,-1,189.156,189.156,getup,98.684,13.24,DeadBip,Skin,shape,True,False,NPC Spine [Spn0],-0.3247,1.0,1.572724674953565,4.946925806415594,6.29089869981426
Vayne_impacts_log_2,Vayne,female,True,,light,23836.438,56.40700000000288,2,NPC Spine [Spn0],torso,-,light,4.0,17.297,19.216,19.216,19.216,-1,82.974,82.974,ragdoll,182.354,2.676,DeadBip,Skin,shape,True,False,NPC R Hand [RHnd],0.5012,1.0,0.27455350764394915,0.15075925711919208,1.0982140305757966
Vayne_impacts_log_2,Vayne,female,True,,light,34350.217,462.0300000000061,2,NPC R Hand [RHnd],hand,R,light,4.0,8.334,37.549,37.549,37.549,-1,77.874,77.874,ragdoll,60.459,7.014,DeadBip,Skin,shape,True,False,NPC Spine [Spn0],-0.1411,1.0,0.5364909272753251,0.5756450300974764,2.1459637091013004
Vayne_impacts_log_2,Vayne,female,True,,light,42884.598,114.91400000000431,2,NPC Spine [Spn0],torso,-,light,4.0,17.297,24.15,24.15,24.15,-1,282.065,282.065,ragdoll,71.458,6.902,DeadBip,Skin,shape,True,False,NPC R Hand [RHnd],0.7806,1.0,0.345049292756108,0.23811802886298067,1.380197171024432
Vayne_impacts_log_2,Vayne,female,True,,light,48825.954,188.99599999999919,2,NPC R Hand [RHnd],hand,R,light,4.0,8.334,82.166,82.166,82.166,-1,141.108,141.108,ragdoll,454.363,10.189,DeadBip,Skin,shape,True,False,NPC Spine [Spn0],0.1509,1.0,1.1739677096728105,2.7564003667088484,4.695870838691242
Vayne_impacts_log_2,Vayne,female,True,,light,56930.131,33.211999999999534,2,NPC R Hand [RHnd],hand,R,light,4.0,8.334,217.33,217.33,217.33,-1,761.823,761.823,ragdoll,261.578,73.19,DeadBip,Skin,shape,True,False,NPC Spine [Spn0],-0.1728,1.0,3.1051578796970998,19.284010915689976,12.420631518788399
Vayne_impacts_log_2,Vayne,female,True,,light,61787.296,123.34100000000035,2,NPC R Hand [RHnd],hand,R,light,4.0,8.334,26.368,26.368,26.368,-1,301.213,301.213,ragdoll,164.145,37.395,DeadBip,Skin,shape,True,False,NPC Spine [Spn0],-0.491,1.0,0.37673953421917417,0.2838653532873606,1.5069581368766967
Vayne_impacts_log_2,Vayne,female,True,,light,62026.909,318.57300000000396,2,NPC R Hand [RHnd],hand,R,light,4.0,8.334,13.921,13.921,13.921,-1,93.109,93.109,ragdoll,147.767,6.562,DeadBip,Skin,shape,True,False,NPC Spine [Spn0],-0.1107,1.0,0.19889984283469067,0.0791222949593293,0.7955993713387627
Vayne_impacts_log_2,Vayne,female,True,,light,66667.636,34.68899999999849,2,NPC Spine [Spn0],torso,-,light,4.0,17.297,22.77,22.77,22.77,-1,8.385,8.385,animated,49.012,2.093,Biped,Skin,shape,True,False,NPC R Hand [RHnd],0.4386,1.0,0.32533219031290184,0.21168206810758036,1.3013287612516073
Vayne_impacts_log_2,Vayne,female,True,,light,68188.698,549.7369999999937,2,NPC R Hand [RHnd],hand,R,light,4.0,8.334,90.78,90.78,90.78,-1,32.27,32.27,ragdoll,92.346,2.838,DeadBip,Skin,shape,True,False,NPC Spine [Spn0],-0.2719,1.0,1.2970424346335192,3.364638154480094,5.188169738534077
Vayne_impacts_log_2,Vayne,female,True,,light,107016.14,194.98099999999977,2,NPC R Hand [RHnd],hand,R,light,4.0,8.334,17.66,17.66,17.66,-1,17.485,17.485,getup,41.749,1.152,DeadBip,Skin,shape,True,False,NPC Spine [Spn0],-0.3523,1.0,0.2523217602514645,0.1273325413927951,1.009287041005858
Vayne_impacts_log_2,Vayne,female,True,,light,109991.592,142.57099999999627,2,NPC Spine [Spn0],torso,-,light,4.0,17.297,23.771,23.771,23.771,-1,75.042,75.042,animated,97.972,1.48,Biped,Skin,shape,True,False,NPC R Hand [RHnd],-0.0782,1.0,0.3396342334619232,0.23070282507853626,1.3585369338476927
Vayne_impacts_log_2,Vayne,female,True,,light,8229.675,150.54399999999987,2,NPC R Hand [RHnd],hand,R,light,4.0,8.334,32.066,32.478,32.066,-1,100.593,100.593,ragdoll,211.711,14.057,Static,Stone,shape,False,False,,0.3974,0.0,0.46403771967423924,0.43066201056093567,1.856150878696957
Vayne_impacts_log_2,Vayne,female,True,,light,8324.244,171.83699999999953,2,NPC R Hand [RHnd],hand,R,light,4.0,8.334,32.358,32.358,32.358,-1,180.184,180.184,ragdoll,212.908,43.343,DeadBip,Skin,shape,True,False,NPC L Hand [LHnd],0.2078,1.0,0.46232318902700387,0.4274854622241975,1.8492927561080155
Vayne_impacts_log_2,Vayne,female,True,,light,23589.758,33.99799999999959,2,NPC R Hand [RHnd],hand,R,light,4.0,8.334,106.26,106.26,106.26,-1,598.659,598.659,ragdoll,83.474,29.619,DeadBip,Skin,shape,True,False,NPC L Hand [LHnd],-0.224,1.0,1.5182168881268754,4.609965038787307,6.0728675525075015
Vayne_impacts_log_2,Vayne,female,True,,light,24060.549,86.68500000000131,2,NPC R Hand [RHnd],hand,R,light,4.0,8.334,6.511,6.511,6.511,-1,24.753,24.753,ragdoll,485.771,0.866,DeadBip,Skin,shape,True,False,NPC L Hand [LHnd],-0.0297,1.0,0.0930275753679097,0.01730825955766424,0.3721103014716388
Vayne_impacts_log_2,Vayne,female,True,,light,8547.557,107.66499999999905,4,NPC R Forearm [RLar],arm,R,light,6.0,11.658,30.662,256.395,30.662,-1,80.512,117.813,ragdoll,222.128,3.49,DeadBip,Skin,shape,True,False,NPC L Hand [LHnd],0.8477,1.0,3.6633090441491643,40.259499458835194,21.979854264894986
Vayne_impacts_log_2,Vayne,female,True,,light,19640.06,478.3449999999975,2,NPC L Hand [LHnd],hand,L,light,4.0,8.334,81.503,81.503,81.503,-1,74.741,74.741,ragdoll,115.548,4.381,DeadBip,Skin,shape,True,False,NPC R Forearm [RLar],0.4776,1.0,1.1644949278468353,2.7120968739620124,4.657979711387341
Vayne_impacts_log_2,Vayne,female,True,,light,24240.423,30.411000000000058,2,NPC R Forearm [RLar],arm,R,light,6.0,11.658,89.218,89.218,89.218,-1,325.271,325.271,ragdoll,387.847,9.515,DeadBip,Skin,shape,True,False,NPC L Hand [LHnd],0.5542,1.0,1.2747249607086728,4.8747711763611825,7.648349764252037
Vayne_impacts_log_2,Vayne,female,True,,light,8547.973,91.85800000000017,2,NPC R UpperArm [RUar],arm,R,light,2.0,14.463,59.302,59.302,59.302,-1,53.206,53.206,ragdoll,296.804,4.191,DeadBip,Skin,shape,True,False,NPC L Hand [LHnd],0.9046,1.0,0.8472924703529077,0.717904530316733,1.6945849407058153
Vayne_impacts_log_2,Vayne,female,True,,light,19779.492,322.3630000000012,2,NPC L Hand [LHnd],hand,L,light,4.0,8.334,15.451,15.451,15.451,-1,52.863,52.863,ragdoll,42.233,3.96,DeadBip,Skin,shape,True,False,NPC R UpperArm [RUar],0.4695,1.0,0.220760108586941,0.09747005108663596,0.883040434347764
Vayne_impacts_log_2,Vayne,female,True,,light,20586.652,17.301000000003114,2,NPC L Hand [LHnd],hand,L,light,4.0,8.334,129.973,129.973,129.973,-1,246.546,246.546,getup,251.979,9.118,DeadBip,Skin,shape,True,False,NPC R UpperArm [RUar],0.9629,1.0,1.8570224317759683,6.897064624238261,7.428089727103873
Vayne_impacts_log_2,Vayne,female,True,,light,24209.064,96.00700000000143,2,NPC R UpperArm [RUar],arm,R,light,2.0,14.463,178.064,178.064,178.064,-1,116.658,116.658,ragdoll,473.325,6.179,DeadBip,Skin,shape,True,False,NPC L Hand [LHnd],0.8984,1.0,2.544134876410916,6.472622269370387,5.088269752821832
Vayne_impacts_log_2,Vayne,female,True,,light,95368.055,152.16900000000896,4,NPC R UpperArm [RUar],arm,R,light,2.0,14.463,124.199,124.199,124.199,-1,131.929,131.929,ragdoll,286.0,3.877,DeadBip,Skin,shape,True,False,NPC L Hand [LHnd],0.7275,1.0,1.774524932133162,3.1489387347622033,3.549049864266324
Vayne_impacts_log_2,Vayne,female,True,,light,8547.975,157.53299999999945,2,NPC L Forearm [LLar],arm,L,light,2.0,11.658,210.729,210.729,210.729,-1,29.139,141.101,ragdoll,239.299,6.274,Static,Stone,shape,False,False,,1.0,1.0,3.0108444063437636,9.06518403921153,6.021688812687527
Vayne_impacts_log_2,Vayne,female,True,,light,8563.238,233.67000000000007,2,NPC L Hand [LHnd],hand,L,light,4.0,8.334,157.443,157.443,157.443,-1,244.495,258.751,ragdoll,173.333,45.048,Static,Stone,shape,False,False,,1.0,1.0,2.24950707243892,10.120564137905442,8.99802828975568
Vayne_impacts_log_2,Vayne,female,True,,light,8563.548,60.79099999999926,2,NPC Spine2 [Spn2],torso,-,light,7.0,23.052,183.347,183.347,183.347,-1,205.595,205.595,ragdoll,294.083,4.675,DeadBip,Skin,shape,True,False,NPC L Hand [LHnd],0.5909,1.0,2.6196170881554512,24.018377909946157,18.33731961708816
Vayne_impacts_log_2,Vayne,female,True,,light,9623.912,504.78199999999924,2,NPC Spine2 [Spn2],torso,-,light,7.0,23.052,38.634,38.634,38.634,-1,80.958,80.958,getup,29.725,1.928,DeadBip,Skin,shape,True,False,NPC L Hand [LHnd],0.5524,1.0,0.5519931418774111,1.066437500378935,3.8639519931418778
Vayne_impacts_log_2,Vayne,female,True,,light,14136.204,941.8109999999997,2,NPC L Hand [LHnd],hand,L,light,4.0,8.334,120.148,120.148,120.148,-1,166.666,166.666,ragdoll,141.369,21.846,DeadBip,Skin,shape,True,False,NPC Spine2 [Spn2],-0.9269,1.0,1.7166452350335764,5.893741725926965,6.866580940134305
Vayne_impacts_log_2,Vayne,female,True,,light,19640.682,494.9379999999983,2,NPC L Hand [LHnd],hand,L,light,4.0,8.334,13.567,13.567,13.567,-1,10.259,10.259,ragdoll,65.104,4.685,DeadBip,Skin,shape,True,False,NPC Spine2 [Spn2],-0.5138,1.0,0.1938419774253465,0.07514942442433709,0.775367909701386
Vayne_impacts_log_2,Vayne,female,True,,light,20587.298,294.4890000000014,2,NPC L Hand [LHnd],hand,L,light,4.0,8.334,159.698,159.698,159.698,-1,158.345,158.345,getup,243.657,11.585,DeadBip,Skin,shape,True,False,NPC Spine2 [Spn2],0.935,1.0,2.2817259608515505,10.412546720847864,9.126903843406202
Vayne_impacts_log_2,Vayne,female,True,,light,24193.939,1263.617000000002,2,NPC L Hand [LHnd],hand,L,light,4.0,8.334,90.183,90.183,90.183,-1,53.606,53.606,ragdoll,391.984,10.462,DeadBip,Skin,shape,True,False,NPC Spine2 [Spn2],-0.7572,1.0,1.2885126446635236,3.3205296709155756,5.154050578654094
Vayne_impacts_log_2,Vayne,female,True,,light,39552.22,130.49599999999919,2,NPC L Hand [LHnd],hand,L,light,4.0,8.334,18.25,18.25,18.25,-1,28.19,28.19,ragdoll,186.849,3.337,DeadBip,Skin,shape,True,False,NPC Spine2 [Spn2],-0.5991,1.0,0.2607515359337048,0.1359827269835723,1.0430061437348193
Vayne_impacts_log_2,Vayne,female,True,,light,40647.019,68.48799999999756,2,NPC L Hand [LHnd],hand,L,light,4.0,8.334,34.428,34.428,34.428,-1,249.467,249.467,ragdoll,147.095,22.726,DeadBip,Skin,shape,True,False,NPC Spine2 [Spn2],-0.9275,1.0,0.4918988426918131,0.4839289428830902,1.9675953707672524
Vayne_impacts_log_2,Vayne,female,True,,light,55980.203,66.66700000000128,2,NPC L Hand [LHnd],hand,L,light,4.0,8.334,38.215,38.215,38.215,-1,85.972,85.972,ragdoll,294.573,6.382,DeadBip,Skin,shape,True,False,NPC Spine2 [Spn2],-0.4253,1.0,0.5460065723674812,0.5962463541369709,2.1840262894699247
Vayne_impacts_log_2,Vayne,female,True,,light,56199.351,663.2279999999955,2,NPC L Hand [LHnd],hand,L,light,4.0,8.334,72.84,72.84,72.84,-1,84.621,84.621,ragdoll,370.648,7.708,DeadBip,Skin,shape,True,False,NPC Spine2 [Spn2],-0.7108,1.0,1.040720102871839,2.166196665043142,4.162880411487356
Vayne_impacts_log_2,Vayne,female,True,,light,57963.749,285.6649999999936,2,NPC L Hand [LHnd],hand,L,light,4.0,8.334,35.318,35.318,35.318,-1,56.153,56.153,ragdoll,13.941,6.13,DeadBip,Skin,shape,True,False,NPC Spine2 [Spn2],-0.7558,1.0,0.5046149449921418,0.5092724854188445,2.018459779968567
Vayne_impacts_log_2,Vayne,female,True,,light,62163.225,109.24199999999837,2,NPC L Hand [LHnd],hand,L,light,4.0,8.334,32.833,32.833,32.833,-1,93.694,93.694,ragdoll,315.932,6.217,DeadBip,Skin,shape,True,False,NPC Spine2 [Spn2],-0.9073,1.0,0.469109872838977,0.4401281455900023,1.876439491355908
Vayne_impacts_log_2,Vayne,female,True,,light,62740.466,162.23300000000017,2,NPC L Hand [LHnd],hand,L,light,4.0,8.334,20.694,20.694,20.694,-1,19.563,19.563,ragdoll,22.274,2.302,DeadBip,Skin,shape,True,False,NPC Spine2 [Spn2],-0.9318,1.0,0.2956708101157308,0.1748424559089851,1.1826832404629233
Vayne_impacts_log_2,Vayne,female,True,,light,90667.235,442.2149999999965,2,NPC Spine2 [Spn2],torso,-,light,7.0,23.052,85.05,85.05,85.05,-1,176.687,176.687,ragdoll,56.214,6.221,DeadBip,Skin,shape,True,False,NPC L Hand [LHnd],-0.8672,1.0,1.2151735962280326,5.168264041394194,8.506215173596228
Vayne_impacts_log_2,Vayne,female,True,,light,94080.799,116.9780000000028,2,NPC Spine2 [Spn2],torso,-,light,7.0,23.052,101.446,101.446,101.446,-1,17.647,17.647,ragdoll,129.392,1.807,DeadBip,Skin,shape,True,False,NPC L Hand [LHnd],0.8388,1.0,1.4494356336619518,7.353022796451584,10.146049435633662
Vayne_impacts_log_2,Vayne,female,True,,light,95319.691,32.35099999999511,2,NPC Spine2 [Spn2],torso,-,light,7.0,23.052,123.441,123.441,123.441,-1,262.734,262.734,ragdoll,203.513,7.748,DeadBip,Skin,shape,True,False,NPC L Hand [LHnd],0.4771,1.0,1.7636948135447923,10.887167883636799,12.345863694813547
Vayne_impacts_log_2,Vayne,female,True,,light,95368.065,0.40499999999883585,2,NPC Spine2 [Spn2],torso,-,light,7.0,23.052,9.869,9.869,9.869,-1,197.773,197.773,ragdoll,207.921,6.753,DeadBip,Skin,shape,True,False,NPC L Hand [LHnd],0.3134,1.0,0.1410058579797114,0.0695892819460809,0.9870410058579798
Vayne_impacts_log_2,Vayne,female,True,,light,95855.121,857.218000000008,2,NPC Spine2 [Spn2],torso,-,light,7.0,23.052,60.512,60.512,60.512,-1,49.328,49.328,ragdoll,122.2,4.173,DeadBip,Skin,shape,True,False,NPC L Hand [LHnd],0.5992,1.0,0.8645806543791971,2.616248977743662,6.052064580654379
Vayne_impacts_log_2,Vayne,female,True,,light,98797.442,38.21800000000803,2,NPC Spine2 [Spn2],torso,-,light,7.0,23.052,207.728,207.728,207.728,-1,88.788,88.788,ragdoll,55.741,0.774,DeadBip,Skin,shape,True,False,NPC L Hand [LHnd],-0.3758,1.0,2.967966852407487,30.83089532946362,20.77576796685241
Vayne_impacts_log_2,Vayne,female,True,,light,98854.179,280.31999999999243,2,NPC Spine2 [Spn2],torso,-,light,7.0,23.052,28.467,28.467,28.467,-1,115.124,115.124,ragdoll,76.899,3.937,DeadBip,Skin,shape,True,False,NPC L Hand [LHnd],-0.4322,1.0,0.40672953279039864,0.5790011949536359,2.8471067295327903
Vayne_impacts_log_2,Vayne,female,True,,light,8563.558,1129.5559999999987,1,NPC L UpperArm [LUar],arm,L,light,2.0,14.463,292.879,292.879,292.879,-1,48.442,48.442,ragdoll,312.316,11.518,Static,Wood,shape,False,False,,1.0,1.0,4.184583511930276,17.51073916831872,8.369167023860552
Vayne_impacts_log_2,Vayne,female,True,,light,14209.067,44.830000000001746,1,NPC L UpperArm [LUar],arm,L,light,2.0,14.463,101.14,101.14,101.14,-1,82.697,82.697,ragdoll,112.371,4.599,Static,Wood,shape,False,False,,1.0,1.0,1.4450635805115017,2.0882087517207215,2.8901271610230035
Vayne_impacts_log_2,Vayne,female,True,,light,8578.944,15.277000000000044,2,NPC L Forearm [LLar],arm,L,light,2.0,11.658,128.747,128.747,128.747,-1,186.187,186.187,ragdoll,95.277,8.11,DeadBip,Skin,shape,True,False,NPC R UpperArm [RUar],-0.653,1.0,1.8395056436633808,3.3837810130694286,3.6790112873267615
Vayne_impacts_log_2,Vayne,female,True,,light,8594.515,14.980000000001382,2,NPC L Forearm [LLar],arm,L,light,2.0,11.658,6.153,6.153,6.153,-1,56.947,56.947,ragdoll,74.286,10.049,DeadBip,Skin,shape,True,False,NPC R UpperArm [RUar],-0.5413,1.0,0.087912558936991,0.007728618018849916,0.175825117873982
Vayne_impacts_log_2,Vayne,female,True,,light,24240.416,30.411000000000058,2,NPC R UpperArm [RUar],arm,R,light,2.0,14.463,168.817,168.817,168.817,-1,344.844,344.844,ragdoll,412.499,4.978,DeadBip,Skin,shape,True,False,NPC L Forearm [LLar],0.7647,1.0,2.412016002286041,5.817821195283935,4.824032004572082
Vayne_impacts_log_2,Vayne,female,True,,light,8578.951,525.3260000000009,2,NPC Head [Head],head,-,bare,4.0,15.108,364.553,364.553,364.553,-1,95.134,95.134,ragdoll,371.021,12.529,Static,Wood,shape,False,False,,1.0,1.0,5.208644092013145,54.259946554526884,20.83457636805258
Vayne_impacts_log_2,Vayne,female,True,,light,15041.056,508.6409999999996,1,NPC Head [Head],head,-,bare,4.0,15.108,33.408,33.408,33.408,-1,31.363,31.363,getup,59.314,3.12,Static,Wood,shape,False,False,,1.0,1.0,0.477325332190313,0.45567894550118526,1.909301328761252
Vayne_impacts_log_2,Vayne,female,True,,light,8579.254,30.243999999998778,1,NPC R Hand [RHnd],hand,R,light,4.0,8.334,111.942,111.942,111.942,-1,149.312,149.312,ragdoll,125.643,13.038,Static,Wood,shape,False,False,,1.0,1.0,1.5993999142734676,5.1161601715559515,6.3975996570938705
Vayne_impacts_log_2,Vayne,female,True,,light,8594.214,93.83899999999994,1,NPC Spine2 [Spn2],torso,-,light,7.0,23.052,75.308,75.308,75.308,-1,105.388,105.388,ragdoll,139.184,1.931,Static,Wood,shape,False,False,,1.0,1.0,1.0759822831833121,4.052082558035306,7.531875982283185
Vayne_impacts_log_2,Vayne,female,True,,light,8903.858,289.3339999999989,1,NPC Spine2 [Spn2],torso,-,light,7.0,23.052,10.156,10.156,10.156,-1,54.974,54.974,ragdoll,45.074,0.868,Static,Wood,shape,False,False,,1.0,1.0,0.14510644377768256,0.07369558009032012,1.015745106443778
Vayne_impacts_log_2,Vayne,female,True,,light,14409.167,111.75400000000081,1,NPC Spine2 [Spn2],torso,-,light,7.0,23.052,25.447,25.447,25.447,-1,24.559,24.559,ragdoll,27.521,2.362,Static,Wood,shape,False,False,,1.0,1.0,0.3635805115016431,0.4626677592032875,2.545063580511502
Vayne_impacts_log_2,Vayne,female,True,,light,15004.049,696.3219999999983,1,NPC Spine2 [Spn2],torso,-,light,7.0,23.052,6.699,6.699,6.699,-1,5.918,5.918,getup,20.562,1.562,Static,Wood,shape,False,False,,1.0,1.0,0.09571367338191171,0.03206387545290746,0.669995713673382
Vayne_impacts_log_2,Vayne,female,True,,light,8594.224,1465.6730000000007,2,NPC Spine1 [Spn1],torso,-,light,4.0,18.878,57.942,57.942,57.942,-1,138.529,138.529,ragdoll,169.632,4.321,DeadBip,Skin,shape,True,False,NPC L Hand [LHnd],0.6967,1.0,0.827861123017574,1.3707080780078376,3.311444492070296
Vayne_impacts_log_2,Vayne,female,True,,light,19359.275,793.7379999999976,2,NPC L Hand [LHnd],hand,L,light,4.0,8.334,93.009,93.009,93.009,-1,134.951,134.951,ragdoll,152.177,13.79,DeadBip,Skin,shape,True,False,NPC Spine1 [Spn1],0.4456,1.0,1.3288898414059152,3.5318964211836765,5.315559365623661
Vayne_impacts_log_2,Vayne,female,True,,light,24270.833,1151.5480000000025,2,NPC Spine1 [Spn1],torso,-,light,4.0,18.878,48.336,48.336,48.336,-1,264.718,264.718,ragdoll,359.956,7.68,DeadBip,Skin,shape,True,False,NPC L Hand [LHnd],0.5094,1.0,0.6906129447063867,0.9538924787920534,2.7624517788255467
Vayne_impacts_log_2,Vayne,female,True,,light,33885.175,36.325999999993655,2,NPC L Hand [LHnd],hand,L,light,4.0,8.334,128.633,128.633,128.633,-1,147.297,147.297,ragdoll,237.05,9.584,DeadBip,Skin,shape,True,False,NPC Spine1 [Spn1],-0.4077,1.0,1.8378768395485072,6.755582554697619,7.351507358194029
Vayne_impacts_log_2,Vayne,female,True,,light,39445.39,274.2099999999991,2,NPC L Hand [LHnd],hand,L,light,4.0,8.334,18.969,18.969,18.969,-1,50.976,50.976,ragdoll,146.23,2.464,DeadBip,Skin,shape,True,False,NPC Spine1 [Spn1],-0.1351,1.0,0.27102443206172316,0.14690848554875918,1.0840977282468927
Vayne_impacts_log_2,Vayne,female,True,,light,40371.586,359.2350000000006,2,NPC L Hand [LHnd],hand,L,light,4.0,8.334,36.122,36.122,36.122,-1,82.767,82.767,ragdoll,24.053,8.218,DeadBip,Skin,shape,True,False,NPC Spine1 [Spn1],-0.8084,1.0,0.5161023003286184,0.5327231688089827,2.0644092013144735
Vayne_impacts_log_2,Vayne,female,True,,light,43540.521,546.8099999999977,2,NPC L Hand [LHnd],hand,L,light,4.0,8.334,19.437,19.437,19.437,-1,10.197,10.197,ragdoll,86.143,2.332,DeadBip,Skin,shape,True,False,NPC Spine1 [Spn1],-0.4017,1.0,0.27771110158594087,0.15424691188815354,1.1108444063437635
Vayne_impacts_log_2,Vayne,female,True,,light,48881.349,16.131000000001222,2,NPC Spine1 [Spn1],torso,-,light,4.0,18.878,14.904,14.904,14.904,-1,101.104,101.104,ragdoll,489.106,6.419,DeadBip,Skin,shape,True,False,NPC L Hand [LHnd],0.7421,1.0,0.2129447063866267,0.0906908959561733,0.8517788255465067
Vayne_impacts_log_2,Vayne,female,True,,light,48950.73,124.25200000000041,2,NPC Spine1 [Spn1],torso,-,light,4.0,18.878,16.471,16.471,16.471,-1,91.528,91.528,ragdoll,516.764,5.72,DeadBip,Skin,shape,True,False,NPC L Hand [LHnd],0.4715,1.0,0.23533361908844122,0.1107638245465271,0.9413344763537649
Vayne_impacts_log_2,Vayne,female,True,,light,49249.011,17.819000000003143,2,NPC Spine1 [Spn1],torso,-,light,4.0,18.878,14.07,14.07,14.07,-1,595.526,595.526,ragdoll,649.469,14.531,DeadBip,Skin,shape,True,False,NPC L Hand [LHnd],0.7096,1.0,0.20102871838834122,0.08082509123371799,0.8041148735533649
Vayne_impacts_log_2,Vayne,female,True,,light,49300.222,34.559000000001106,2,NPC Spine1 [Spn1],torso,-,light,4.0,18.878,100.201,100.201,100.201,-1,282.698,282.698,ragdoll,518.278,6.193,DeadBip,Skin,shape,True,False,NPC L Hand [LHnd],0.3241,1.0,1.4316473781968853,4.099228430996031,5.726589512787541
Vayne_impacts_log_2,Vayne,female,True,,light,56482.468,380.11099999999715,2,NPC L Hand [LHnd],hand,L,light,4.0,8.334,46.551,46.551,46.551,-1,216.457,216.457,ragdoll,568.382,10.624,DeadBip,Skin,shape,True,False,NPC Spine1 [Spn1],-0.5714,1.0,0.6651093013287613,0.8847407654280661,2.6604372053150454
Vayne_impacts_log_2,Vayne,female,True,,light,62110.615,52.98099999999977,2,NPC L Hand [LHnd],hand,L,light,4.0,8.334,49.886,49.886,49.886,-1,194.092,194.092,ragdoll,287.832,6.513,DeadBip,Skin,shape,True,False,NPC Spine1 [Spn1],-0.6784,1.0,0.7127589655665096,1.0160506859908818,2.8510358622660386
Vayne_impacts_log_2,Vayne,female,True,,light,62217.86,36.06300000000192,2,NPC L Hand [LHnd],hand,L,light,4.0,8.334,208.186,208.186,208.186,-1,72.836,72.836,ragdoll,34.882,5.925,DeadBip,Skin,shape,True,False,NPC Spine1 [Spn1],-0.5167,1.0,2.9745106443777685,17.695427147033296,11.898042577511074
Vayne_impacts_log_2,Vayne,female,True,,light,90236.297,171.89199999999255,2,NPC L Hand [LHnd],hand,L,light,4.0,8.334,93.655,93.655,93.655,-1,156.157,156.157,ragdoll,33.946,10.158,DeadBip,Skin,shape,True,False,NPC Spine1 [Spn1],-0.6184,1.0,1.3381197313901987,3.5811288310715548,5.352478925560795
Vayne_impacts_log_2,Vayne,female,True,,light,94031.333,182.53800000000047,2,NPC Spine1 [Spn1],torso,-,light,4.0,18.878,88.405,88.405,88.405,-1,30.03,30.03,ragdoll,114.6,1.961,DeadBip,Skin,shape,True,False,NPC L Hand [LHnd],0.9226,1.0,1.2631090155736535,3.1908887704468882,5.052436062294614
Vayne_impacts_log_2,Vayne,female,True,,light,95839.355,872.7150000000111,2,NPC L Hand [LHnd],hand,L,light,4.0,8.334,89.453,89.453,89.453,-1,70.169,70.169,ragdoll,90.403,6.398,DeadBip,Skin,shape,True,False,NPC Spine1 [Spn1],-0.5583,1.0,1.2780825832261753,3.2669901790921867,5.112330332904701
Vayne_impacts_log_2,Vayne,female,True,,light,8609.812,95.71199999999953,1,NPC R Hand [RHnd],hand,R,light,4.0,8.334,8.446,8.446,8.446,-1,165.637,165.637,ragdoll,187.452,12.761,Static,Stone,shape,False,False,,1.0,1.0,0.12067438205457923,0.029124612968509107,0.4826975282183169
Vayne_impacts_log_2,Vayne,female,True,,light,8624.6,1825.717999999999,1,NPC L Forearm [LLar],arm,L,light,2.0,11.658,14.532,14.532,14.532,-1,71.784,71.784,ragdoll,70.408,2.327,Static,Wood,shape,False,False,,1.0,0.0,0.2076296613801972,0.04311007628485535,0.4152593227603944
Vayne_impacts_log_2,Vayne,female,True,,light,14174.335,903.6760000000013,2,NPC L Forearm [LLar],arm,L,light,2.0,11.658,167.082,333.615,167.082,-1,169.952,169.952,ragdoll,257.254,12.596,Static,Wood,shape,False,False,,1.0,1.0,4.766609515645093,22.720566274638344,9.533219031290185
Vayne_impacts_log_2,Vayne,female,True,,light,8639.571,1225.7180000000008,2,NPC Spine [Spn0],torso,-,light,4.0,17.297,88.68,88.68,88.68,-1,63.953,63.953,ragdoll,189.568,9.725,DeadBip,Skin,shape,True,False,NPC L Forearm [LLar],0.7836,1.0,1.267038148306901,3.210771338529961,5.068152593227604
Vayne_impacts_log_2,Vayne,female,True,,light,12533.506,246.10300000000097,2,NPC L Forearm [LLar],arm,L,light,2.0,11.658,5.813,5.813,5.813,-1,44.064,44.064,getup,23.934,2.106,DeadBip,Skin,shape,True,False,NPC Spine [Spn0],0.4936,1.0,0.08305472210315759,0.006898086863632734,0.16610944420631518
Vayne_impacts_log_2,Vayne,female,True,,light,17956.086,247.85399999999936,2,NPC L Forearm [LLar],arm,L,light,2.0,11.658,7.082,7.082,7.082,-1,43.046,43.046,getup,22.869,2.148,DeadBip,Skin,shape,True,False,NPC Spine [Spn0],0.4874,1.0,0.1011858836976711,0.010238583059678624,0.2023717673953422
Vayne_impacts_log_2,Vayne,female,True,,light,18941.521,67.32999999999811,2,NPC L Forearm [LLar],arm,L,light,2.0,11.658,64.982,64.982,64.982,-1,132.965,132.965,ragdoll,187.882,5.224,DeadBip,Skin,shape,True,False,NPC Spine [Spn0],0.4166,1.0,0.9284469209887127,0.862013685093421,1.8568938419774255
Vayne_impacts_log_2,Vayne,female,True,,light,19375.506,315.5069999999978,2,NPC L Forearm [LLar],arm,L,light,2.0,11.658,38.107,38.107,38.107,-1,85.755,85.755,ragdoll,44.092,5.135,DeadBip,Skin,shape,True,False,NPC Spine [Spn0],0.8567,1.0,0.5444634947849694,0.2964404971534624,1.0889269895699387
Vayne_impacts_log_2,Vayne,female,True,,light,24305.064,1064.9720000000016,2,NPC Spine [Spn0],torso,-,light,4.0,17.297,23.984,23.984,23.984,-1,25.22,25.22,ragdoll,303.748,0.955,DeadBip,Skin,shape,True,False,NPC L Forearm [LLar],0.4975,1.0,0.3426775253607659,0.23485577277475672,1.3707101014430636
Vayne_impacts_log_2,Vayne,female,True,,light,28302.328,259.1189999999988,2,NPC L Forearm [LLar],arm,L,light,2.0,11.658,34.429,34.429,34.429,-1,56.183,56.183,getup,57.774,0.69,DeadBip,Skin,shape,True,False,NPC Spine [Spn0],0.4897,1.0,0.4919131304472068,0.2419785279063707,0.9838262608944136
Vayne_impacts_log_2,Vayne,female,True,,light,33554.855,17.584999999999127,2,NPC L Forearm [LLar],arm,L,light,2.0,11.658,34.261,34.261,34.261,-1,130.419,130.419,ragdoll,228.339,10.357,DeadBip,Skin,shape,True,False,NPC Spine [Spn0],0.5853,1.0,0.48951278754107735,0.23962276916623593,0.9790255750821547
Vayne_impacts_log_2,Vayne,female,True,,light,33801.981,101.3550000000032,2,NPC L Forearm [LLar],arm,L,light,2.0,11.658,69.705,69.705,69.705,-1,114.822,114.822,ragdoll,265.536,4.72,DeadBip,Skin,shape,True,False,NPC Spine [Spn0],0.4135,1.0,0.9959279897128162,0.9918725606934112,1.9918559794256323
Vayne_impacts_log_2,Vayne,female,True,,light,37134.643,0.34200000000419095,2,NPC L Forearm [LLar],arm,L,light,2.0,11.658,32.389,32.389,32.389,-1,51.781,51.781,getup,41.962,0.633,DeadBip,Skin,shape,True,False,NPC Spine [Spn0],0.7741,1.0,0.4627661094442064,0.2141524720501272,0.9255322188884127
Vayne_impacts_log_2,Vayne,female,True,,light,37152.283,0.39999999999417923,2,NPC L Forearm [LLar],arm,L,light,2.0,11.658,28.137,28.137,28.137,-1,57.407,57.407,getup,43.657,0.874,DeadBip,Skin,shape,True,False,NPC Spine [Spn0],0.7712,1.0,0.4020145735105015,0.16161571731483043,0.804029147021003
Vayne_impacts_log_2,Vayne,female,True,,light,37170.199,0.283000000003085,2,NPC L Forearm [LLar],arm,L,light,2.0,11.658,23.89,23.89,23.89,-1,61.636,61.636,getup,44.899,0.97,DeadBip,Skin,shape,True,False,NPC Spine [Spn0],0.7656,1.0,0.34133447635376485,0.11650922474769886,0.6826689527075297
Vayne_impacts_log_2,Vayne,female,True,,light,38007.135,254.4629999999961,2,NPC L Forearm [LLar],arm,L,light,2.0,11.658,6.577,6.577,6.577,-1,43.281,43.281,getup,22.902,2.115,DeadBip,Skin,shape,True,False,NPC Spine [Spn0],0.4897,1.0,0.09397056722388913,0.008830467504379467,0.18794113444777827
Vayne_impacts_log_2,Vayne,female,True,,light,39701.116,107.28600000000006,2,NPC L Forearm [LLar],arm,L,light,2.0,11.658,36.725,36.725,36.725,-1,136.032,136.032,ragdoll,150.009,6.008,DeadBip,Skin,shape,True,False,NPC Spine [Spn0],0.3866,1.0,0.524717816830976,0.27532878729986565,1.049435633661952
Vayne_impacts_log_2,Vayne,female,True,,light,39911.72,127.34799999999814,2,NPC L Forearm [LLar],arm,L,light,2.0,11.658,38.954,38.954,38.954,-1,18.405,18.405,ragdoll,56.866,2.281,DeadBip,Skin,shape,True,False,NPC Spine [Spn0],0.042,1.0,0.5565652236033719,0.30976484812467137,1.1131304472067438
Vayne_impacts_log_2,Vayne,female,True,,light,40592.13,73.01499999999942,2,NPC L Forearm [LLar],arm,L,light,2.0,11.658,23.253,23.253,23.253,-1,225.165,225.165,ragdoll,74.26,16.635,DeadBip,Skin,shape,True,False,NPC Spine [Spn0],0.0489,1.0,0.332233176168024,0.11037888334669327,0.664466352336048
Vayne_impacts_log_2,Vayne,female,True,,light,43503.84,600.2650000000067,2,NPC L Forearm [LLar],arm,L,light,2.0,11.658,40.849,40.849,40.849,-1,12.392,12.392,ragdoll,75.733,1.89,DeadBip,Skin,shape,True,False,NPC Spine [Spn0],0.2602,1.0,0.5836405200742963,0.3406362566725951,1.1672810401485927
Vayne_impacts_log_2,Vayne,female,True,,light,46196.14,95.29099999999744,2,NPC L Forearm [LLar],arm,L,light,2.0,11.658,88.164,88.164,88.164,-1,50.44,50.44,getup,38.204,0.974,DeadBip,Skin,shape,True,False,NPC Spine [Spn0],0.7861,1.0,1.2596656665237893,1.5867575914188223,2.5193313330475786
Vayne_impacts_log_2,Vayne,female,True,,light,47106.865,241.56200000000536,2,NPC L Forearm [LLar],arm,L,light,2.0,11.658,6.778,6.778,6.778,-1,42.393,42.393,getup,20.469,2.162,DeadBip,Skin,shape,True,False,NPC Spine [Spn0],0.4843,1.0,0.09684240605800828,0.00937845161110416,0.19368481211601657
Vayne_impacts_log_2,Vayne,female,True,,light,48897.159,148.11000000000058,2,NPC L Forearm [LLar],arm,L,light,2.0,11.658,81.919,81.919,81.919,-1,78.245,78.245,ragdoll,382.775,9.041,DeadBip,Skin,shape,True,False,NPC Spine [Spn0],-0.1911,1.0,1.1704386340905844,1.3699265961718328,2.3408772681811687
Vayne_impacts_log_2,Vayne,female,True,,light,52614.447,93.16100000000006,2,NPC L Forearm [LLar],arm,L,light,2.0,11.658,64.781,64.781,64.781,-1,48.288,48.288,getup,27.257,0.727,DeadBip,Skin,shape,True,False,NPC Spine [Spn0],0.787,1.0,0.9255750821545937,0.8566892327054829,1.8511501643091874
Vayne_impacts_log_2,Vayne,female,True,,light,53521.779,257.65899999999965,2,NPC L Forearm [LLar],arm,L,light,2.0,11.658,35.424,35.424,35.424,-1,58.478,58.478,getup,60.262,0.616,DeadBip,Skin,shape,True,False,NPC Spine [Spn0],0.4865,1.0,0.5061294470638663,0.25616701718517504,1.0122588941277326
Vayne_impacts_log_2,Vayne,female,True,,light,56614.646,97.84999999999854,2,NPC L Forearm [LLar],arm,L,light,2.0,11.658,50.256,50.256,50.256,-1,60.418,60.418,ragdoll,574.598,5.653,DeadBip,Skin,shape,True,False,NPC Spine [Spn0],-0.3558,1.0,0.7180454350621518,0.5155892468135949,1.4360908701243036
Vayne_impacts_log_2,Vayne,female,True,,light,56862.261,17.705999999998312,2,NPC L Forearm [LLar],arm,L,light,2.0,11.658,365.057,365.057,365.057,-1,282.628,282.628,ragdoll,361.858,17.403,DeadBip,Skin,shape,True,False,NPC Spine [Spn0],-0.1798,1.0,5.215845120731534,27.20504032345895,10.431690241463068
Vayne_impacts_log_2,Vayne,female,True,,light,60360.858,84.90400000000227,2,NPC Spine [Spn0],torso,-,light,4.0,17.297,69.974,69.974,69.974,-1,54.367,54.367,getup,74.03,0.94,DeadBip,Skin,shape,True,False,NPC L Forearm [LLar],-0.7856,1.0,0.9997713959137021,1.999085688174465,3.9990855836548085
Vayne_impacts_log_2,Vayne,female,True,,light,61259.966,250.11299999999756,2,NPC L Forearm [LLar],arm,L,light,2.0,11.658,6.652,6.652,6.652,-1,43.619,43.619,getup,22.627,2.081,DeadBip,Skin,shape,True,False,NPC Spine [Spn0],0.4872,1.0,0.09504214887841121,0.009033010063426081,0.19008429775682242
Vayne_impacts_log_2,Vayne,female,True,,light,62093.137,52.245999999999185,2,NPC L Forearm [LLar],arm,L,light,2.0,11.658,31.612,31.612,31.612,-1,182.266,182.266,ragdoll,210.592,5.919,DeadBip,Skin,shape,True,False,NPC Spine [Spn0],0.2139,1.0,0.4516645235033576,0.2040008417915151,0.9033290470067152
Vayne_impacts_log_2,Vayne,female,True,,light,65442.043,69.38799999999901,2,NPC L Forearm [LLar],arm,L,light,2.0,11.658,37.79,37.79,37.79,-1,49.731,49.731,getup,38.121,0.63,DeadBip,Skin,shape,True,False,NPC Spine [Spn0],0.7772,1.0,0.5399342763251893,0.2915290227508059,1.0798685526503786
Vayne_impacts_log_2,Vayne,female,True,,light,66336.45,233.4950000000099,2,NPC L Forearm [LLar],arm,L,light,2.0,11.658,34.058,34.058,34.058,-1,60.627,60.627,getup,62.633,0.481,DeadBip,Skin,shape,True,False,NPC Spine [Spn0],0.4874,1.0,0.4866123731961709,0.2367916017476095,0.9732247463923418
Vayne_impacts_log_2,Vayne,female,True,,light,73335.645,73.81299999999464,2,NPC L Forearm [LLar],arm,L,light,2.0,11.658,48.197,48.197,48.197,-1,46.702,46.702,getup,30.97,0.712,DeadBip,Skin,shape,True,False,NPC Spine [Spn0],0.7829,1.0,0.6886269467066725,0.4742070717305543,1.377253893413345
Vayne_impacts_log_2,Vayne,female,True,,light,74222.318,255.1030000000028,2,NPC L Forearm [LLar],arm,L,light,2.0,11.658,6.147,6.147,6.147,-1,44.126,44.126,getup,24.139,2.092,DeadBip,Skin,shape,True,False,NPC Spine [Spn0],0.4935,1.0,0.08782683240462924,0.007713552490230833,0.17565366480925848
Vayne_impacts_log_2,Vayne,female,True,,light,79819.391,128.6299999999901,2,NPC L Forearm [LLar],arm,L,light,2.0,11.658,27.144,27.144,27.144,-1,23.62,23.62,animated,41.255,3.661,DeadBip,Skin,shape,True,False,NPC Spine [Spn0],0.4711,1.0,0.38782683240462923,0.15040965193300837,0.7756536648092585
Vayne_impacts_log_2,Vayne,female,True,,light,84233.821,286.6570000000065,2,NPC L Forearm [LLar],arm,L,light,2.0,11.658,35.551,35.551,35.551,-1,59.241,59.241,getup,59.076,0.554,DeadBip,Skin,shape,True,False,NPC Spine [Spn0],0.4829,1.0,0.5079439919988571,0.258007099007735,1.0158879839977142
Vayne_impacts_log_2,Vayne,female,True,,light,87830.714,74.61599999999453,2,NPC L Forearm [LLar],arm,L,light,2.0,11.658,59.184,59.184,59.184,-1,47.812,47.812,getup,27.056,0.698,DeadBip,Skin,shape,True,False,NPC Spine [Spn0],0.7856,1.0,0.8456065152164596,0.7150503785765244,1.6912130304329192
Vayne_impacts_log_2,Vayne,female,True,,light,88718.749,246.7170000000042,2,NPC L Forearm [LLar],arm,L,light,2.0,11.658,5.843,5.843,5.843,-1,44.217,44.217,getup,24.125,2.108,DeadBip,Skin,shape,True,False,NPC Spine [Spn0],0.4937,1.0,0.08348335476496643,0.006969470522813243,0.16696670952993287
Vayne_impacts_log_2,Vayne,female,True,,light,106967.55,918.7669999999925,2,NPC L Forearm [LLar],arm,L,light,2.0,11.658,8.745,8.745,8.745,-1,4.627,4.627,getup,40.646,0.466,DeadBip,Skin,shape,True,False,NPC Spine [Spn0],0.4003,1.0,0.1249464209172739,0.01561160810003658,0.2498928418345478
Vayne_impacts_log_2,Vayne,female,True,,light,8655.524,1289.0200000000004,2,NPC Spine [Spn0],torso,-,light,4.0,17.297,119.371,119.371,119.371,-1,123.834,123.834,ragdoll,105.241,3.116,DeadBip,Skin,shape,True,False,NPC L Hand [LHnd],0.6412,1.0,1.7055436490927276,5.817758277921074,6.82217459637091
Vayne_impacts_log_2,Vayne,female,True,,light,12733.549,46.05899999999929,2,NPC L Hand [LHnd],hand,L,light,4.0,8.334,14.061,14.061,14.061,-1,32.451,32.451,getup,28.254,1.428,DeadBip,Skin,shape,True,False,NPC Spine [Spn0],-0.4011,1.0,0.20090012858979855,0.08072172333479519,0.8036005143591942
Vayne_impacts_log_2,Vayne,female,True,,light,13798.183,170.58799999999974,2,NPC L Hand [LHnd],hand,L,light,4.0,8.334,32.151,32.151,32.151,-1,26.611,26.611,ragdoll,298.977,5.721,DeadBip,Skin,shape,True,False,NPC Spine [Spn0],-0.6278,1.0,0.459365623660523,0.42203355240204254,1.837462494642092
Vayne_impacts_log_2,Vayne,female,True,,light,18181.69,22.247999999999593,2,NPC L Hand [LHnd],hand,L,light,4.0,8.334,13.557,13.557,13.557,-1,32.227,32.227,getup,27.701,1.391,DeadBip,Skin,shape,True,False,NPC Spine [Spn0],-0.4004,1.0,0.1936990998714102,0.07503868258198909,0.7747963994856408
Vayne_impacts_log_2,Vayne,female,True,,light,18822.843,220.09000000000015,2,NPC L Hand [LHnd],hand,L,light,4.0,8.334,30.606,30.606,30.606,-1,170.098,170.098,ragdoll,179.332,15.111,DeadBip,Skin,shape,True,False,NPC Spine [Spn0],-0.1346,1.0,0.43729104157736826,0.3824469100876392,1.749164166309473
Vayne_impacts_log_2,Vayne,female,True,,light,19308.983,400.47499999999854,2,NPC L Hand [LHnd],hand,L,light,4.0,8.334,56.11,56.11,56.11,-1,103.911,103.911,ragdoll,214.518,5.05,DeadBip,Skin,shape,True,False,NPC Spine [Spn0],0.8009,1.0,0.8016859551364481,1.2854007413260782,3.2067438205457925
Vayne_impacts_log_2,Vayne,female,True,,light,24339.768,1047.411,2,NPC Spine [Spn0],torso,-,light,4.0,17.297,114.592,114.592,114.592,-1,88.729,88.729,ragdoll,347.696,1.769,DeadBip,Skin,shape,True,False,NPC L Hand [LHnd],0.5436,1.0,1.637262466066581,5.361256765580845,6.549049864266324
Vayne_impacts_log_2,Vayne,female,True,,light,28539.583,21.863000000001193,2,NPC L Hand [LHnd],hand,L,light,4.0,8.334,13.887,13.887,13.887,-1,33.246,33.246,getup,28.534,1.443,DeadBip,Skin,shape,True,False,NPC Spine [Spn0],-0.4077,1.0,0.19841405915130736,0.078736277737797,0.7936562366052294
Vayne_impacts_log_2,Vayne,female,True,,light,33626.38,51.51900000000023,2,NPC L Hand [LHnd],hand,L,light,4.0,8.334,45.643,45.643,45.643,-1,419.27,419.27,ragdoll,103.854,37.935,DeadBip,Skin,shape,True,False,NPC Spine [Spn0],-0.2047,1.0,0.6521360194313474,0.8505627756795253,2.6085440777253894
Vayne_impacts_log_2,Vayne,female,True,,light,33816.749,86.5879999999961,2,NPC L Hand [LHnd],hand,L,light,4.0,8.334,55.8,55.8,55.8,-1,54.384,54.384,ragdoll,244.941,4.147,DeadBip,Skin,shape,True,False,NPC Spine [Spn0],0.0386,1.0,0.7972567509644235,1.2712366539166975,3.189027003857694
Vayne_impacts_log_2,Vayne,female,True,,light,38237.184,24.41399999999703,2,NPC L Hand [LHnd],hand,L,light,4.0,8.334,14.155,14.155,14.155,-1,33.333,33.333,getup,28.286,1.451,DeadBip,Skin,shape,True,False,NPC Spine [Spn0],-0.3995,1.0,0.20224317759679955,0.08180460576890121,0.8089727103871982
Vayne_impacts_log_2,Vayne,female,True,,light,39275.624,52.99799999999959,2,NPC L Hand [LHnd],hand,L,light,4.0,8.334,45.569,45.569,45.569,-1,130.748,130.748,ragdoll,242.229,7.278,DeadBip,Skin,shape,True,False,NPC Spine [Spn0],0.1751,1.0,0.651078725532219,0.8478070136813172,2.604314902128876
Vayne_impacts_log_2,Vayne,female,True,,light,39645.789,110.64199999999983,2,NPC L Hand [LHnd],hand,L,light,4.0,8.334,31.873,31.873,31.873,-1,43.294,43.294,ragdoll,172.461,4.68,DeadBip,Skin,shape,True,False,NPC Spine [Spn0],0.4682,1.0,0.4553936276610945,0.4147667122286631,1.821574510644378
Vayne_impacts_log_2,Vayne,female,True,,light,39894.293,181.20000000000437,2,NPC L Hand [LHnd],hand,L,light,4.0,8.334,7.082,7.082,7.082,-1,82.486,82.486,ragdoll,41.138,4.179,DeadBip,Skin,shape,True,False,NPC Spine [Spn0],-0.4161,1.0,0.1011858836976711,0.020477166119357248,0.4047435347906844
Vayne_impacts_log_2,Vayne,female,True,,light,40389.891,274.9499999999971,2,NPC L Hand [LHnd],hand,L,light,4.0,8.334,32.242,32.242,32.242,-1,21.223,21.223,ragdoll,23.339,1.402,DeadBip,Skin,shape,True,False,NPC Spine [Spn0],-0.5258,1.0,0.46066580940134305,0.424425975902789,1.8426632376053722
Vayne_impacts_log_2,Vayne,female,True,,light,42980.83,0.2959999999948195,2,NPC L Hand [LHnd],hand,L,light,4.0,8.334,56.303,56.303,56.303,-1,209.374,209.374,ragdoll,247.456,22.911,DeadBip,Skin,shape,True,False,NPC Spine [Spn0],0.462,1.0,0.8044434919274183,1.2942586634087565,3.217773967709673
Vayne_impacts_log_2,Vayne,female,True,,light,43054.091,222.00499999999738,2,NPC L Hand [LHnd],hand,L,light,4.0,8.334,72.325,72.325,72.325,-1,360.065,360.065,ragdoll,132.189,37.588,DeadBip,Skin,shape,True,False,NPC Spine [Spn0],0.321,1.0,1.0333619088441206,2.1356736692999294,4.133447635376482
Vayne_impacts_log_2,Vayne,female,True,,light,43389.078,715.0169999999998,2,NPC L Hand [LHnd],hand,L,light,4.0,8.334,7.078,7.078,7.078,-1,6.672,6.672,ragdoll,51.289,3.621,DeadBip,Skin,shape,True,False,NPC Spine [Spn0],0.0692,1.0,0.1011287326760966,0.020454041145346814,0.4045149307043864
Vayne_impacts_log_2,Vayne,female,True,,light,47324.555,23.872000000003027,2,NPC L Hand [LHnd],hand,L,light,4.0,8.334,13.593,13.593,13.593,-1,27.716,27.716,getup,25.937,1.368,DeadBip,Skin,shape,True,False,NPC Spine [Spn0],-0.4062,1.0,0.19421345906558082,0.07543773536443607,0.7768538362623233
Vayne_impacts_log_2,Vayne,female,True,,light,48897.158,163.20499999999447,2,NPC Spine [Spn0],torso,-,light,4.0,17.297,87.216,87.216,87.216,-1,132.03,132.03,ragdoll,451.142,5.709,DeadBip,Skin,shape,True,False,NPC L Hand [LHnd],0.5996,1.0,1.24612087441063,3.1056344672838265,4.98448349764252
Vayne_impacts_log_2,Vayne,female,True,,light,49266.833,33.10700000000361,2,NPC Spine [Spn0],torso,-,light,4.0,17.297,162.922,162.922,162.922,-1,342.891,342.891,ragdoll,592.74,15.054,DeadBip,Skin,shape,True,False,NPC L Hand [LHnd],0.7196,1.0,2.327789684240606,10.83720962811396,9.311158736962424
Vayne_impacts_log_2,Vayne,female,True,,light,53750.747,28.689999999995052,2,NPC L Hand [LHnd],hand,L,light,4.0,8.334,13.661,13.661,13.661,-1,30.514,30.514,getup,26.559,1.412,DeadBip,Skin,shape,True,False,NPC Spine [Spn0],-0.4105,1.0,0.19518502643234747,0.07619438908679237,0.7807401057293899
Vayne_impacts_log_2,Vayne,female,True,,light,56614.642,232.4210000000021,2,NPC Spine [Spn0],torso,-,light,4.0,17.297,94.867,94.867,94.867,-1,40.496,40.496,ragdoll,628.324,4.878,DeadBip,Skin,shape,True,False,NPC L Hand [LHnd],0.384,1.0,1.3554364909272756,3.674416161874493,5.421745963709102
Vayne_impacts_log_2,Vayne,female,True,,light,56862.251,0.33100000000558794,2,NPC Spine [Spn0],torso,-,light,4.0,17.297,274.376,274.376,274.376,-1,381.309,381.309,ragdoll,365.945,17.324,DeadBip,Skin,shape,True,False,NPC L Hand [LHnd],0.4034,1.0,3.920217173881983,30.736205380798484,15.680868695527932
Vayne_impacts_log_2,Vayne,female,True,,light,61470.101,39.97699999999895,2,NPC L Hand [LHnd],hand,L,light,4.0,8.334,26.682,26.682,26.682,-1,47.006,47.006,getup,62.589,1.64,DeadBip,Skin,shape,True,False,NPC Spine [Spn0],-0.3985,1.0,0.38122588941277324,0.29066635751712006,1.524903557651093
Vayne_impacts_log_2,Vayne,female,True,,light,66547.122,22.822000000000116,2,NPC L Hand [LHnd],hand,L,light,4.0,8.334,14.304,14.304,14.304,-1,29.513,29.513,getup,30.658,1.463,DeadBip,Skin,shape,True,False,NPC Spine [Spn0],-0.399,1.0,0.2043720531504501,0.0835358722178608,0.8174882126018004
Vayne_impacts_log_2,Vayne,female,True,,light,74455.624,21.797000000005937,2,NPC L Hand [LHnd],hand,L,light,4.0,8.334,14.246,14.246,14.246,-1,32.485,32.485,getup,28.155,1.427,DeadBip,Skin,shape,True,False,NPC Spine [Spn0],-0.406,1.0,0.2035433633376197,0.08285980151758053,0.8141734533504787
Vayne_impacts_log_2,Vayne,female,True,,light,79856.289,74.26599999998871,2,NPC L Hand [LHnd],hand,L,light,4.0,8.334,82.712,82.712,82.712,-1,160.528,160.528,ragdoll,130.479,7.177,DeadBip,Skin,shape,True,False,NPC Spine [Spn0],-0.2381,1.0,1.1817688241177313,2.793155107313211,4.727075296470925
Vayne_impacts_log_2,Vayne,female,True,,light,79948.018,70.14500000000407,2,NPC L Hand [LHnd],hand,L,light,4.0,8.334,28.26,28.26,28.26,-1,204.624,204.624,ragdoll,137.586,19.993,DeadBip,Skin,shape,True,False,NPC Spine [Spn0],-0.321,1.0,0.40377196742391774,0.3260636033547626,1.615087869695671
Vayne_impacts_log_2,Vayne,female,True,,light,88939.347,26.118000000002212,2,NPC L Hand [LHnd],hand,L,light,4.0,8.334,14.519,14.519,14.519,-1,32.637,32.637,getup,28.411,1.475,DeadBip,Skin,shape,True,False,NPC Spine [Spn0],-0.4041,1.0,0.20744392056008004,0.08606596035467359,0.8297756822403202
Vayne_impacts_log_2,Vayne,female,True,,light,90161.528,227.62699999999313,2,NPC L Hand [LHnd],hand,L,light,4.0,8.334,27.442,27.442,27.442,-1,56.065,56.065,animated,29.981,5.178,DeadBip,Skin,shape,True,False,NPC Spine [Spn0],-0.3569,1.0,0.3920845835119303,0.3074606412554477,1.5683383340477213
Vayne_impacts_log_2,Vayne,female,True,,light,94059.16,154.72000000000116,2,NPC Spine [Spn0],torso,-,light,4.0,17.297,76.276,76.276,76.276,-1,14.344,14.344,ragdoll,114.825,3.286,DeadBip,Skin,shape,True,False,NPC L Hand [LHnd],0.759,1.0,1.0898128304043435,2.3753840106278528,4.359251321617374
Vayne_impacts_log_2,Vayne,female,True,,light,8758.485,2170.322,5,NPC L Thigh [LThg],leg,L,light,6.0,20.487,128.413,128.413,128.413,-1,213.531,213.531,ragdoll,164.337,6.181,Static,Stone,shape,False,False,,1.0,1.0,1.834733533361909,10.098741415328027,11.008401200171454
Vayne_impacts_log_2,Vayne,female,True,,light,8758.755,1336.6690000000017,1,NPC L Calf [LClf],leg,L,light,6.0,19.675,28.068,28.068,28.068,-1,54.861,54.861,ragdoll,52.565,3.657,Static,Stone,shape,False,False,,1.0,0.0,0.40102871838834125,0.4824720989165866,2.4061723103300476
Vayne_impacts_log_2,Vayne,female,True,,light,10095.426,869.1290000000008,5,NPC L Calf [LClf],leg,L,light,6.0,19.675,18.435,49.388,18.435,-1,8.669,88.689,getup,27.087,3.363,Static,Stone,shape,False,False,,1.0,1.0,0.7056436633804829,1.493798939007085,4.233861980282898
Vayne_impacts_log_2,Vayne,female,True,,light,14711.676,348.33400000000074,1,NPC L Calf [LClf],leg,L,light,6.0,19.675,34.631,34.631,34.631,-1,18.768,18.768,ragdoll,21.766,2.033,Static,Stone,shape,False,False,,1.0,1.0,0.49479925703671956,0.734478914292269,2.9687955422203176
Vayne_impacts_log_2,Vayne,female,True,,light,9865.297,1835.092999999999,1,NPC R Hand [RHnd],hand,R,light,4.0,8.334,44.423,44.423,44.423,-1,21.257,21.257,getup,50.575,1.778,Static,Wood,shape,False,False,,1.0,1.0,0.6347049578511217,0.8057007670415883,2.5388198314044867
Vayne_impacts_log_2,Vayne,female,True,,light,14024.289,55.664999999999054,1,NPC R Hand [RHnd],hand,R,light,4.0,8.334,304.764,304.764,304.764,-1,484.031,484.031,ragdoll,460.74,33.614,Static,Wood,shape,False,False,,1.0,1.0,4.354393484783541,37.9214852406507,17.417573939134165
Vayne_impacts_log_2,Vayne,female,True,,light,14079.954,3071.997000000001,1,NPC R Hand [RHnd],hand,R,light,4.0,8.334,80.742,80.742,80.742,-1,396.155,396.155,ragdoll,282.613,20.142,Static,Wood,shape,False,False,,1.0,1.0,1.1536219459922847,2.6616871885500517,4.614487783969139
Vayne_impacts_log_2,Vayne,female,True,,light,8779.404,844.512999999999,2,NPC L Hand [LHnd],hand,L,light,4.0,8.334,66.045,66.045,66.045,-1,67.502,67.502,ragdoll,45.982,2.66,DeadBip,Skin,shape,True,False,NPC L Thigh [LThg],-0.4608,1.0,0.9436348049721389,1.7808932903096133,3.7745392198885557
Vayne_impacts_log_2,Vayne,female,True,,light,11341.964,75.83799999999974,2,NPC L Hand [LHnd],hand,L,light,4.0,8.334,29.307,29.307,29.307,-1,112.425,112.425,getup,135.07,3.117,DeadBip,Skin,shape,True,False,NPC L Thigh [LThg],0.3644,1.0,0.4187312473210459,0.3506717149660778,1.6749249892841835
Vayne_impacts_log_2,Vayne,female,True,,light,12634.762,144.78899999999885,2,NPC L Hand [LHnd],hand,L,light,4.0,8.334,20.561,20.561,20.561,-1,35.732,35.732,getup,27.18,1.625,DeadBip,Skin,shape,True,False,NPC L Thigh [LThg],0.2672,1.0,0.2937705386483784,0.17260225875551674,1.1750821545935135
Vayne_impacts_log_2,Vayne,female,True,,light,13760.127,191.47799999999916,2,NPC L Thigh [LThg],leg,L,light,6.0,20.487,143.147,143.147,143.147,-1,22.996,22.996,ragdoll,297.973,4.502,DeadBip,Skin,shape,True,False,NPC L Hand [LHnd],0.5971,1.0,2.0452493213316187,12.549134359222343,12.271495927989712
Vayne_impacts_log_2,Vayne,female,True,,light,16800.853,70.09900000000198,2,NPC L Thigh [LThg],leg,L,light,6.0,20.487,24.863,24.863,24.863,-1,112.668,112.668,getup,16.668,0.333,DeadBip,Skin,shape,True,False,NPC L Hand [LHnd],-0.395,1.0,0.35523646235176454,0.3785788325525899,2.131418774110587
Vayne_impacts_log_2,Vayne,female,True,,light,18055.041,148.84200000000055,2,NPC L Thigh [LThg],leg,L,light,6.0,20.487,22.437,22.437,22.437,-1,36.357,36.357,getup,6.911,0.873,DeadBip,Skin,shape,True,False,NPC L Hand [LHnd],-0.2683,1.0,0.32057436776682385,0.3083037758072965,1.9234462066009432
Vayne_impacts_log_2,Vayne,female,True,,light,18889.961,85.31500000000233,2,NPC L Hand [LHnd],hand,L,light,4.0,8.334,126.397,126.397,126.397,-1,82.518,82.518,ragdoll,175.684,3.555,DeadBip,Skin,shape,True,False,NPC L Thigh [LThg],0.5268,1.0,1.8059294184883556,6.522762129123381,7.223717673953423
Vayne_impacts_log_2,Vayne,female,True,,light,19325.579,227.93799999999828,2,NPC L Hand [LHnd],hand,L,light,4.0,8.334,8.454,8.454,8.454,-1,103.271,103.271,ragdoll,155.039,8.963,DeadBip,Skin,shape,True,False,NPC L Thigh [LThg],0.8818,1.0,0.12078868409772826,0.029179812412121586,0.48315473639091305
Vayne_impacts_log_2,Vayne,female,True,,light,27136.383,49.93799999999828,2,NPC L Thigh [LThg],leg,L,light,6.0,20.487,26.538,26.538,26.538,-1,110.501,110.501,getup,18.734,0.431,DeadBip,Skin,shape,True,False,NPC L Hand [LHnd],-0.399,1.0,0.3791684526360909,0.43130614642334253,2.2750107158165456
Vayne_impacts_log_2,Vayne,female,True,,light,28409.673,151.72200000000157,2,NPC L Hand [LHnd],hand,L,light,4.0,8.334,21.343,21.343,21.343,-1,35.326,35.326,getup,28.319,1.59,DeadBip,Skin,shape,True,False,NPC L Thigh [LThg],0.2674,1.0,0.3049435633661952,0.18598115367694543,1.2197742534647809
Vayne_impacts_log_2,Vayne,female,True,,light,33626.085,18.218999999997322,2,NPC L Hand [LHnd],hand,L,light,4.0,8.334,62.541,62.541,62.541,-1,365.534,365.534,ragdoll,108.11,23.408,DeadBip,Skin,shape,True,False,NPC L Thigh [LThg],0.2869,1.0,0.8935705100728676,1.5969365129437696,3.5742820402914703
Vayne_impacts_log_2,Vayne,female,True,,light,33801.588,49.45299999999406,2,NPC L Hand [LHnd],hand,L,light,4.0,8.334,75.174,75.174,75.174,-1,195.141,195.141,ragdoll,294.715,12.22,DeadBip,Skin,shape,True,False,NPC L Thigh [LThg],0.5092,1.0,1.074067723960566,2.3072429513076615,4.296270895842264
Vayne_impacts_log_2,Vayne,female,True,,light,36837.28,48.57700000000477,2,NPC L Thigh [LThg],leg,L,light,6.0,20.487,7.53,7.53,7.53,-1,63.735,63.735,getup,26.623,0.209,DeadBip,Skin,shape,True,False,NPC L Hand [LHnd],-0.5041,1.0,0.1075867981140163,0.0347247573852783,0.6455207886840978
Vayne_impacts_log_2,Vayne,female,True,,light,38109.254,152.30399999999645,2,NPC L Hand [LHnd],hand,L,light,4.0,8.334,24.722,24.722,24.722,-1,36.953,36.953,getup,31.536,1.646,DeadBip,Skin,shape,True,False,NPC L Thigh [LThg],0.2694,1.0,0.3532218888412631,0.24953140551317926,1.4128875553650524
Vayne_impacts_log_2,Vayne,female,True,,light,39719.944,319.12199999999575,2,NPC L Hand [LHnd],hand,L,light,4.0,8.334,62.913,62.913,62.913,-1,154.219,154.219,ragdoll,140.617,8.385,DeadBip,Skin,shape,True,False,NPC L Thigh [LThg],0.5203,1.0,0.898885555079297,1.6159904822604318,3.595542220317188
Vayne_impacts_log_2,Vayne,female,True,,light,42566.527,56.367999999994936,2,NPC L Hand [LHnd],hand,L,light,4.0,8.334,28.775,28.775,28.775,-1,113.073,113.073,getup,135.69,2.596,DeadBip,Skin,shape,True,False,NPC L Thigh [LThg],0.3662,1.0,0.41113016145163594,0.3380560193104965,1.6445206458065438
Vayne_impacts_log_2,Vayne,female,True,,light,42980.841,332.6449999999968,2,NPC L Hand [LHnd],hand,L,light,4.0,8.334,158.162,158.162,158.162,-1,208.559,208.559,ragdoll,247.456,22.911,DeadBip,Skin,shape,True,False,NPC L Thigh [LThg],0.8549,1.0,2.259779968566938,10.213211012672785,9.039119874267753
Vayne_impacts_log_2,Vayne,female,True,,light,43504.111,583.2160000000003,2,NPC L Hand [LHnd],hand,L,light,4.0,8.334,22.517,22.517,22.517,-1,58.339,58.339,ragdoll,79.628,2.494,DeadBip,Skin,shape,True,False,NPC L Thigh [LThg],0.1059,1.0,0.3217173881983141,0.20700415573828945,1.2868695527932563
Vayne_impacts_log_2,Vayne,female,True,,light,45935.289,15.13300000000163,2,NPC L Hand [LHnd],hand,L,light,4.0,8.334,86.119,86.119,86.119,-1,304.3,304.3,getup,249.889,7.948,DeadBip,Skin,shape,True,False,NPC L Thigh [LThg],0.4846,1.0,1.2304472067438206,3.0280006571673406,4.921788826975282
Vayne_impacts_log_2,Vayne,female,True,,light,47189.91,158.47499999999854,2,NPC L Hand [LHnd],hand,L,light,4.0,8.334,38.778,38.778,38.778,-1,14.476,14.476,getup,57.243,3.927,DeadBip,Skin,shape,True,False,NPC L Thigh [LThg],0.2758,1.0,0.5540505786540935,0.6139440874138716,2.216202314616374
Vayne_impacts_log_2,Vayne,female,True,,light,52317.706,72.62900000000081,2,NPC L Hand [LHnd],hand,L,light,4.0,8.334,22.112,22.112,22.112,-1,63.018,63.018,getup,121.44,5.175,DeadBip,Skin,shape,True,False,NPC L Thigh [LThg],0.4585,1.0,0.31593084726389487,0.19962460050576494,1.2637233890555795
Vayne_impacts_log_2,Vayne,female,True,,light,53616.73,162.6629999999932,2,NPC L Hand [LHnd],hand,L,light,4.0,8.334,37.874,37.874,37.874,-1,15.903,15.903,getup,56.055,3.97,DeadBip,Skin,shape,True,False,NPC L Thigh [LThg],0.2697,1.0,0.5411344477782541,0.5856529811445521,2.1645377911130166
Vayne_impacts_log_2,Vayne,female,True,,light,60096.687,46.38999999999942,2,NPC L Thigh [LThg],leg,L,light,6.0,20.487,13.781,13.781,13.781,-1,91.826,91.826,getup,23.122,0.434,DeadBip,Skin,shape,True,False,NPC L Hand [LHnd],-0.4674,1.0,0.19689955707958282,0.11630830673440767,1.1813973424774968
Vayne_impacts_log_2,Vayne,female,True,,light,61365.907,144.12800000000425,2,NPC L Hand [LHnd],hand,L,light,4.0,8.334,23.067,23.067,23.067,-1,36.613,36.613,getup,26.836,1.587,DeadBip,Skin,shape,True,False,NPC L Thigh [LThg],0.2823,1.0,0.3295756536648093,0.21724022297717263,1.3183026146592371
Vayne_impacts_log_2,Vayne,female,True,,light,65159.737,50.13300000000163,2,NPC L Hand [LHnd],hand,L,light,4.0,8.334,83.015,83.015,83.015,-1,318.349,318.349,getup,250.23,8.217,DeadBip,Skin,shape,True,False,NPC L Thigh [LThg],0.4952,1.0,1.1860980140020003,2.813656997638979,4.744392056008001
Vayne_impacts_log_2,Vayne,female,True,,light,66420.132,149.75100000000384,2,NPC L Hand [LHnd],hand,L,light,4.0,8.334,39.233,39.233,39.233,-1,9.906,9.906,getup,63.267,4.055,DeadBip,Skin,shape,True,False,NPC L Thigh [LThg],0.2879,1.0,0.560551507358194,0.6284359848030869,2.242206029432776
Vayne_impacts_log_2,Vayne,female,True,,light,73058.027,70.28900000000431,2,NPC L Hand [LHnd],hand,L,light,4.0,8.334,30.239,30.239,30.239,-1,111.247,111.247,getup,134.161,3.218,DeadBip,Skin,shape,True,False,NPC L Thigh [LThg],0.3665,1.0,0.4320474353479069,0.3733299727814076,1.7281897413916276
Vayne_impacts_log_2,Vayne,female,True,,light,74328.899,148.47499999999127,2,NPC L Hand [LHnd],hand,L,light,4.0,8.334,25.014,25.014,25.014,-1,37.256,37.256,getup,31.555,1.685,DeadBip,Skin,shape,True,False,NPC L Thigh [LThg],0.2696,1.0,0.35739391341620236,0.2554608186938959,1.4295756536648094
Vayne_impacts_log_2,Vayne,female,True,,light,83056.845,59.85199999999895,2,NPC L Hand [LHnd],hand,L,light,4.0,8.334,23.537,23.537,23.537,-1,111.594,111.594,getup,135.266,3.357,DeadBip,Skin,shape,True,False,NPC L Thigh [LThg],0.3966,1.0,0.33629089869981427,0.2261831370966575,1.345163594799257
Vayne_impacts_log_2,Vayne,female,True,,light,84317.913,240.55899999999383,2,NPC L Hand [LHnd],hand,L,light,4.0,8.334,36.823,36.823,36.823,-1,14.566,14.566,getup,54.58,3.952,DeadBip,Skin,shape,True,False,NPC L Thigh [LThg],0.2692,1.0,0.5261180168595514,0.5536003353284544,2.1044720674382056
Vayne_impacts_log_2,Vayne,female,True,,light,87541.341,57.50299999999697,2,NPC L Hand [LHnd],hand,L,light,4.0,8.334,20.508,20.508,20.508,-1,108.776,108.776,getup,135.666,3.101,DeadBip,Skin,shape,True,False,NPC L Thigh [LThg],0.4012,1.0,0.2930132876125161,0.17171357343499016,1.1720531504500644
Vayne_impacts_log_2,Vayne,female,True,,light,88835.326,130.08400000000256,2,NPC L Hand [LHnd],hand,L,light,4.0,8.334,17.89,17.89,17.89,-1,33.854,33.854,getup,23.742,1.55,DeadBip,Skin,shape,True,False,NPC L Thigh [LThg],0.2649,1.0,0.2556079439919989,0.13067084206363366,1.0224317759679955
Vayne_impacts_log_2,Vayne,female,True,,light,90161.528,169.97799999998824,2,NPC L Hand [LHnd],hand,L,light,4.0,8.334,7.508,7.508,7.508,-1,50.547,50.547,animated,29.981,5.178,DeadBip,Skin,shape,True,False,NPC L Thigh [LThg],0.2074,1.0,0.10727246749535649,0.02301476456508463,0.42908986998142595
Vayne_impacts_log_2,Vayne,female,True,,light,91234.049,317.93000000000757,2,NPC L Hand [LHnd],hand,L,light,4.0,8.334,157.4,157.4,157.4,-1,108.216,108.216,ragdoll,179.484,4.666,DeadBip,Skin,shape,True,False,NPC L Thigh [LThg],0.8808,1.0,2.248892698956994,10.115036742844147,8.995570795827977
Vayne_impacts_log_2,Vayne,female,True,,light,107084.461,801.8000000000029,2,NPC L Hand [LHnd],hand,L,light,4.0,8.334,13.313,13.313,13.313,-1,25.488,25.488,getup,32.141,0.919,DeadBip,Skin,shape,True,False,NPC L Thigh [LThg],0.2779,1.0,0.19021288755536508,0.07236188518429992,0.7608515502214603
Vayne_impacts_log_2,Vayne,female,True,,light,14079.947,1055.0190000000002,1,NPC L Hand [LHnd],hand,L,light,4.0,8.334,64.137,64.137,64.137,-1,298.18,298.18,ragdoll,209.77,21.623,Static,Wood,shape,False,False,,1.0,1.0,0.9163737676810974,1.6794817641880995,3.6654950707243894
Vayne_impacts_log_2,Vayne,female,True,,light,15220.173,1303.2559999999994,2,NPC L Hand [LHnd],hand,L,light,4.0,8.334,140.813,140.813,140.813,-1,138.099,138.099,getup,174.779,8.227,Static,Wood,shape,False,False,,1.0,1.0,2.0119017002428916,8.095496902880477,8.047606800971566
Vayne_impacts_log_2,Vayne,female,True,,light,8796.927,2131.880000000001,3,NPC L Thigh [LThg],leg,L,light,6.0,20.487,26.093,28.046,26.093,-1,19.336,80.159,getup,25.588,3.383,Static,Wood,shape,False,False,,1.0,0.0,0.4007143877696814,0.48171606169689174,2.404286326618088
Vayne_impacts_log_2,Vayne,female,True,,light,14284.769,2076.251,2,NPC L Thigh [LThg],leg,L,light,6.0,20.487,57.364,225.952,57.364,-1,109.502,109.502,ragdoll,129.202,7.102,Static,Wood,shape,False,False,,1.0,1.0,3.2283469067009576,31.26667125001692,19.370081440205745
Vayne_impacts_log_2,Vayne,female,True,,light,8832.257,168.73899999999958,1,NPC R Forearm [RLar],arm,R,light,6.0,11.658,10.524,10.524,10.524,-1,161.266,161.266,ragdoll,125.624,3.152,Static,Wood,shape,False,False,,1.0,1.0,0.1503643377625375,0.06782830221229938,0.902186026575225
Vayne_impacts_log_2,Vayne,female,True,,light,10316.405,288.53999999999905,1,NPC R Forearm [RLar],arm,R,light,6.0,11.658,20.963,20.963,20.963,-1,48.301,48.301,getup,85.187,5.151,Static,Wood,shape,False,False,,1.0,1.0,0.2995142163166167,0.26912629732727117,1.7970852978997
Vayne_impacts_log_2,Vayne,female,True,,light,10743.575,420.4969999999994,1,NPC R Forearm [RLar],arm,R,light,6.0,11.658,31.049,31.049,31.049,-1,17.749,17.749,getup,25.8,2.683,Static,Wood,shape,False,False,,1.0,1.0,0.4436205172167453,0.5903974898869577,2.6617231033004716
Vayne_impacts_log_2,Vayne,female,True,,light,15750.044,287.134,1,NPC R Forearm [RLar],arm,R,light,6.0,11.658,22.743,22.743,22.743,-1,39.127,39.127,getup,75.763,4.458,Static,Wood,shape,False,False,,1.0,1.0,0.3249464209172739,0.3167705294008384,1.9496785255036433
Vayne_impacts_log_2,Vayne,female,True,,light,16185.311,417.5110000000004,1,NPC R Forearm [RLar],arm,R,light,6.0,11.658,32.278,32.278,32.278,-1,25.841,25.841,getup,30.362,2.585,Static,Wood,shape,False,False,,1.0,1.0,0.46118016859551364,0.6380614437173592,2.7670810115730817
Vayne_impacts_log_2,Vayne,female,True,,light,8832.558,760.4969999999994,2,NPC L Thigh [LThg],leg,L,light,6.0,20.487,10.791,10.791,10.791,-1,8.421,8.421,ragdoll,62.086,2.856,DeadBip,Skin,shape,True,False,NPC L Forearm [LLar],0.5054,1.0,0.1541791684526361,0.07131364795423902,0.9250750107158165
Vayne_impacts_log_2,Vayne,female,True,,light,11341.97,75.83500000000095,2,NPC L Forearm [LLar],arm,L,light,2.0,11.658,39.558,39.558,39.558,-1,151.884,151.884,getup,165.723,2.968,DeadBip,Skin,shape,True,False,NPC L Thigh [LThg],0.6803,1.0,0.5651950278611231,0.3194454195189357,1.1303900557222462
Vayne_impacts_log_2,Vayne,female,True,,light,12667.23,112.32300000000032,2,NPC L Forearm [LLar],arm,L,light,2.0,11.658,12.273,12.273,12.273,-1,33.033,33.033,getup,10.103,1.845,DeadBip,Skin,shape,True,False,NPC L Thigh [LThg],0.5712,1.0,0.1753536219459923,0.03074889272957799,0.3507072438919846
Vayne_impacts_log_2,Vayne,female,True,,light,13987.853,16.939000000000306,2,NPC L Forearm [LLar],arm,L,light,2.0,11.658,85.492,85.492,85.492,-1,292.762,292.762,ragdoll,226.396,18.79,DeadBip,Skin,shape,True,False,NPC L Thigh [LThg],-0.258,1.0,1.2214887841120161,1.4920348497114515,2.4429775682240322
Vayne_impacts_log_2,Vayne,female,True,,light,16800.838,52.525000000001455,2,NPC L Thigh [LThg],leg,L,light,6.0,20.487,34.764,34.764,34.764,-1,155.622,155.622,getup,16.668,0.333,DeadBip,Skin,shape,True,False,NPC L Forearm [LLar],-0.705,1.0,0.49669952850407206,0.7401312648485024,2.9801971710244324
Vayne_impacts_log_2,Vayne,female,True,,light,18093.814,110.06999999999971,2,NPC L Thigh [LThg],leg,L,light,6.0,20.487,12.423,12.423,12.423,-1,31.856,31.856,getup,6.696,0.914,DeadBip,Skin,shape,True,False,NPC L Forearm [LLar],-0.5712,1.0,0.17749678525503645,0.09451532632761758,1.0649807115302188
Vayne_impacts_log_2,Vayne,female,True,,light,27136.367,49.65900000000329,2,NPC L Thigh [LThg],leg,L,light,6.0,20.487,33.429,33.429,33.429,-1,158.671,158.671,getup,18.734,0.431,DeadBip,Skin,shape,True,False,NPC L Forearm [LLar],-0.7109,1.0,0.47762537505357916,0.6843779966852165,2.865752250321475
Vayne_impacts_log_2,Vayne,female,True,,light,28446.259,115.13500000000204,2,NPC L Thigh [LThg],leg,L,light,6.0,20.487,12.64,12.64,12.64,-1,31.397,31.397,getup,6.535,0.908,DeadBip,Skin,shape,True,False,NPC L Forearm [LLar],-0.5711,1.0,0.18059722817545365,0.0978460764739706,1.083583369052722
Vayne_impacts_log_2,Vayne,female,True,,light,36837.596,31.34700000000157,2,NPC L Forearm [LLar],arm,L,light,2.0,11.658,28.831,28.831,28.831,-1,260.409,260.409,getup,146.291,5.678,DeadBip,Skin,shape,True,False,NPC L Thigh [LThg],0.805,1.0,0.41193027575367913,0.16968655208250213,0.8238605515073583
Vayne_impacts_log_2,Vayne,female,True,,light,38162.207,99.35299999999552,2,NPC L Forearm [LLar],arm,L,light,2.0,11.658,15.621,15.621,15.621,-1,46.463,46.463,getup,39.264,0.217,DeadBip,Skin,shape,True,False,NPC L Thigh [LThg],0.5713,1.0,0.2231890270038577,0.04981334177492872,0.4463780540077154
Vayne_impacts_log_2,Vayne,female,True,,light,42566.524,56.36899999999878,2,NPC L Thigh [LThg],leg,L,light,6.0,20.487,39.004,39.004,39.004,-1,164.108,164.108,getup,17.354,0.468,DeadBip,Skin,shape,True,False,NPC L Forearm [LLar],-0.6832,1.0,0.5572796113730533,0.9316816957563039,3.3436776682383194
Vayne_impacts_log_2,Vayne,female,True,,light,43077.535,59.242999999994936,2,NPC L Forearm [LLar],arm,L,light,2.0,11.658,38.95,38.95,38.95,-1,73.414,73.414,ragdoll,80.421,3.705,DeadBip,Skin,shape,True,False,NPC L Thigh [LThg],0.9259,1.0,0.5565080725817975,0.30970123484870715,1.113016145163595
Vayne_impacts_log_2,Vayne,female,True,,light,45934.978,30.807999999997264,2,NPC L Thigh [LThg],leg,L,light,6.0,20.487,33.604,33.604,33.604,-1,159.858,159.858,getup,25.735,0.385,DeadBip,Skin,shape,True,False,NPC L Forearm [LLar],-0.742,1.0,0.48012573224746397,0.6915621562984904,2.880754393484784
Vayne_impacts_log_2,Vayne,female,True,,light,47238.319,110.0679999999993,2,NPC L Thigh [LThg],leg,L,light,6.0,20.487,15.076,15.076,15.076,-1,34.223,34.223,getup,6.556,1.006,DeadBip,Skin,shape,True,False,NPC L Forearm [LLar],-0.575,1.0,0.21540220031433063,0.13919432370076507,1.2924132018859837
Vayne_impacts_log_2,Vayne,female,True,,light,52301.533,88.79699999999866,2,NPC L Thigh [LThg],leg,L,light,6.0,20.487,37.551,37.551,37.551,-1,163.967,163.967,getup,14.221,0.45,DeadBip,Skin,shape,True,False,NPC L Forearm [LLar],-0.6723,1.0,0.5365195027861124,0.8635595306095717,3.219117016716674
Vayne_impacts_log_2,Vayne,female,True,,light,53674.224,105.16999999999825,2,NPC L Thigh [LThg],leg,L,light,6.0,20.487,17.084,17.084,17.084,-1,53.556,53.556,getup,6.772,0.796,DeadBip,Skin,shape,True,False,NPC L Forearm [LLar],-0.5718,1.0,0.24409201314473497,0.1787427326431484,1.4645520788684099
Vayne_impacts_log_2,Vayne,female,True,,light,60081.39,46.599999999998545,2,NPC L Thigh [LThg],leg,L,light,6.0,20.487,67.756,67.756,67.756,-1,267.847,267.847,getup,141.7,8.564,DeadBip,Skin,shape,True,False,NPC L Forearm [LLar],-0.7104,1.0,0.9680811544506359,2.811543364807428,5.808486926703815
Vayne_impacts_log_2,Vayne,female,True,,light,61419.207,90.8289999999979,2,NPC L Thigh [LThg],leg,L,light,6.0,20.487,18.637,18.637,18.637,-1,52.721,52.721,getup,8.425,0.824,DeadBip,Skin,shape,True,False,NPC L Forearm [LLar],-0.5816,1.0,0.26628089727103876,0.21271654875440849,1.5976853836262326
Vayne_impacts_log_2,Vayne,female,True,,light,65159.731,33.2609999999986,2,NPC L Thigh [LThg],leg,L,light,6.0,20.487,29.675,29.675,29.675,-1,287.351,287.351,getup,126.12,7.81,DeadBip,Skin,shape,True,False,NPC L Forearm [LLar],-0.7816,1.0,0.4239891413059009,0.5393003758359455,2.543934847835405
Vayne_impacts_log_2,Vayne,female,True,,light,66482.725,87.15599999998813,2,NPC L Thigh [LThg],leg,L,light,6.0,20.487,17.151,17.151,17.151,-1,46.265,46.265,getup,11.924,0.868,DeadBip,Skin,shape,True,False,NPC L Forearm [LLar],-0.5831,1.0,0.24504929275610804,0.18014746764080625,1.4702957565366481
Vayne_impacts_log_2,Vayne,female,True,,light,68091.978,116.28199999999197,2,NPC L Forearm [LLar],arm,L,light,2.0,11.658,47.405,47.405,47.405,-1,65.653,65.653,animated,22.621,6.641,DeadBip,Skin,shape,True,False,NPC L Thigh [LThg],0.5069,1.0,0.6773110444349193,0.45875025091352123,1.3546220888698386
Vayne_impacts_log_2,Vayne,female,True,,light,73058.028,54.072000000000116,2,NPC L Forearm [LLar],arm,L,light,2.0,11.658,39.354,39.354,39.354,-1,154.912,154.912,getup,168.569,3.048,DeadBip,Skin,shape,True,False,NPC L Thigh [LThg],0.6847,1.0,0.562280325760823,0.31615916473769723,1.124560651521646
Vayne_impacts_log_2,Vayne,female,True,,light,74364.986,112.38899999999558,2,NPC L Forearm [LLar],arm,L,light,2.0,11.658,11.847,11.847,11.847,-1,33.007,33.007,getup,9.657,1.81,DeadBip,Skin,shape,True,False,NPC L Thigh [LThg],0.5716,1.0,0.1692670381483069,0.028651330203500386,0.3385340762966138
Vayne_impacts_log_2,Vayne,female,True,,light,83056.842,40.137000000002445,2,NPC L Thigh [LThg],leg,L,light,6.0,20.487,39.529,39.529,39.529,-1,158.179,158.179,getup,19.052,0.273,DeadBip,Skin,shape,True,False,NPC L Forearm [LLar],-0.7087,1.0,0.564780682954708,0.9569316595163591,3.3886840977282477
Vayne_impacts_log_2,Vayne,female,True,,light,84372.176,186.29499999999825,2,NPC L Thigh [LThg],leg,L,light,6.0,20.487,15.924,15.924,15.924,-1,53.625,53.625,getup,7.576,0.855,DeadBip,Skin,shape,True,False,NPC L Forearm [LLar],-0.5729,1.0,0.22751821688812687,0.1552936170478582,1.3651093013287612
Vayne_impacts_log_2,Vayne,female,True,,light,87541.339,57.2329999999929,2,NPC L Thigh [LThg],leg,L,light,6.0,20.487,28.268,28.268,28.268,-1,158.294,158.294,getup,14.562,0.259,DeadBip,Skin,shape,True,False,NPC L Forearm [LLar],-0.7126,1.0,0.40388626946706674,0.48937235599207213,2.4233176168024
Vayne_impacts_log_2,Vayne,female,True,,light,88872.582,92.83000000000175,2,NPC L Thigh [LThg],leg,L,light,6.0,20.487,16.269,16.269,16.269,-1,51.598,51.598,getup,6.873,0.766,DeadBip,Skin,shape,True,False,NPC L Forearm [LLar],-0.5719,1.0,0.2324474924989284,0.1620955103071181,1.3946849549935705
Vayne_impacts_log_2,Vayne,female,True,,light,90185.543,33.10599999999977,2,NPC L Forearm [LLar],arm,L,light,2.0,11.658,35.606,35.606,35.606,-1,210.535,210.535,ragdoll,78.943,18.445,DeadBip,Skin,shape,True,False,NPC L Thigh [LThg],0.4454,1.0,0.5087298185455066,0.25880602827734406,1.0174596370910132
Vayne_impacts_log_2,Vayne,female,True,,light,107103.017,783.2459999999992,2,NPC L Forearm [LLar],arm,L,light,2.0,11.658,8.04,8.04,8.04,-1,20.847,20.847,getup,28.505,0.304,DeadBip,Skin,shape,True,False,NPC L Thigh [LThg],0.5876,1.0,0.11487355336476639,0.01319593326264783,0.22974710672953277
Vayne_impacts_log_2,Vayne,female,True,,light,8850.265,820.9160000000011,2,NPC COM [COM ],torso,-,light,40.0,17.972,20.691,20.691,20.691,-1,25.022,25.022,ragdoll,56.238,1.743,DeadBip,Skin,shape,True,False,NPC L Forearm [LLar],0.8419,1.0,0.29562794684954996,1.7479176591696066,11.825117873981998
Vayne_impacts_log_2,Vayne,female,True,,light,12700.17,79.36700000000019,2,NPC L Forearm [LLar],arm,L,light,2.0,11.658,22.391,22.391,22.391,-1,35.569,35.569,getup,38.846,0.38,DeadBip,-,-,True,False,NPC COM [COM ],0.3351,1.0,0.31991713101871694,0.1023469707192469,0.6398342620374339
Vayne_impacts_log_2,Vayne,female,True,,light,18129.901,73.97099999999773,2,NPC COM [COM ],torso,-,light,40.0,17.972,19.483,19.483,19.483,-1,47.199,47.199,getup,3.076,2.009,DeadBip,Skin,shape,True,False,NPC L Forearm [LLar],-0.3319,1.0,0.2783683383340477,1.5497786357371774,11.13473353336191
Vayne_impacts_log_2,Vayne,female,True,,light,18907.311,101.53999999999724,2,NPC L Forearm [LLar],arm,L,light,2.0,11.658,61.688,61.688,61.688,-1,43.043,43.043,ragdoll,130.348,3.156,DeadBip,-,-,True,False,NPC COM [COM ],0.3581,1.0,0.8813830547221032,0.776836089151266,1.7627661094442064
Vayne_impacts_log_2,Vayne,female,True,,light,19519.619,33.625,2,NPC L Forearm [LLar],arm,L,light,2.0,11.658,8.657,8.657,8.657,-1,69.363,69.363,ragdoll,102.819,3.088,DeadBip,-,-,True,False,NPC COM [COM ],0.2991,1.0,0.12368909844263468,0.015298993073551773,0.24737819688526935
Vayne_impacts_log_2,Vayne,female,True,,light,24568.917,69.4989999999998,2,NPC COM [COM ],torso,-,light,40.0,17.972,8.024,8.024,8.024,-1,96.955,96.955,ragdoll,295.279,5.445,DeadBip,Skin,shape,True,False,NPC L Forearm [LLar],0.5807,1.0,0.11464494927846836,0.26286928790125164,4.585797971138734
Vayne_impacts_log_2,Vayne,female,True,,light,28483.149,78.23300000000017,2,NPC L Forearm [LLar],arm,L,light,2.0,11.658,22.824,22.824,22.824,-1,35.807,35.807,getup,39.002,0.354,DeadBip,-,-,True,False,NPC COM [COM ],0.3349,1.0,0.3261037291041578,0.10634364213563793,0.6522074582083156
Vayne_impacts_log_2,Vayne,female,True,,light,38180.516,81.03299999999581,2,NPC L Forearm [LLar],arm,L,light,2.0,11.658,19.199,19.199,19.199,-1,41.307,41.307,getup,12.003,2.128,DeadBip,-,-,True,False,NPC COM [COM ],0.3356,1.0,0.2743106158022575,0.07524631394181373,0.548621231604515
Vayne_impacts_log_2,Vayne,female,True,,light,43558.916,67.4690000000046,2,NPC L Forearm [LLar],arm,L,light,2.0,11.658,34.625,34.625,34.625,-1,47.492,47.492,ragdoll,79.358,2.773,DeadBip,-,-,True,False,NPC COM [COM ],0.0418,1.0,0.4947135305043578,0.24474147726408615,0.9894270610087156
Vayne_impacts_log_2,Vayne,female,True,,light,47271.601,76.77599999999802,2,NPC L Forearm [LLar],arm,L,light,2.0,11.658,23.806,23.806,23.806,-1,34.052,34.052,getup,40.024,0.423,DeadBip,-,-,True,False,NPC COM [COM ],0.3279,1.0,0.3401343049007001,0.11569134537028243,0.6802686098014002
Vayne_impacts_log_2,Vayne,female,True,,light,53693.531,85.85299999999552,2,NPC L Forearm [LLar],arm,L,light,2.0,11.658,19.476,19.476,19.476,-1,40.154,40.154,getup,12.06,2.199,DeadBip,-,-,True,False,NPC COM [COM ],0.3293,1.0,0.2782683240462923,0.07743326016753234,0.5565366480925846
Vayne_impacts_log_2,Vayne,female,True,,light,61436.439,73.58299999999872,2,NPC L Forearm [LLar],arm,L,light,2.0,11.658,21.876,21.876,21.876,-1,35.173,35.173,getup,40.016,0.361,DeadBip,-,-,True,False,NPC COM [COM ],0.327,1.0,0.31255893699099874,0.09769308909294312,0.6251178739819975
Vayne_impacts_log_2,Vayne,female,True,,light,66498.178,71.68899999999849,2,NPC L Forearm [LLar],arm,L,light,2.0,11.658,25.704,25.704,25.704,-1,34.37,34.37,getup,41.835,0.408,DeadBip,-,-,True,False,NPC COM [COM ],0.3324,1.0,0.3672524646378054,0.13487437278254252,0.7345049292756108
Vayne_impacts_log_2,Vayne,female,True,,light,66667.625,35.21899999999732,2,NPC COM [COM ],torso,-,light,40.0,17.972,7.721,7.721,7.721,-1,49.613,49.613,animated,1.374,0.602,Biped,Skin,shape,True,False,NPC L Forearm [LLar],-0.2296,1.0,0.11031575939419919,0.2433913354143769,4.412630375767968
Vayne_impacts_log_2,Vayne,female,True,,light,68091.978,96.7219999999943,2,NPC L Forearm [LLar],arm,L,light,2.0,11.658,21.164,21.164,21.164,-1,77.603,77.603,animated,22.621,6.641,DeadBip,-,-,True,False,NPC COM [COM ],0.1836,1.0,0.30238605515073586,0.09143732634962387,0.6047721103014717
Vayne_impacts_log_2,Vayne,female,True,,light,74401.043,76.32099999999627,2,NPC L Forearm [LLar],arm,L,light,2.0,11.658,19.204,19.204,19.204,-1,40.338,40.338,getup,11.842,2.145,DeadBip,-,-,True,False,NPC COM [COM ],0.3307,1.0,0.27438205457922565,0.07528551187511716,0.5487641091584513
Vayne_impacts_log_2,Vayne,female,True,,light,79819.39,56.30899999999383,2,NPC L Forearm [LLar],arm,L,light,2.0,11.658,25.815,25.815,25.815,-1,70.528,70.528,animated,41.255,3.661,DeadBip,-,-,True,False,NPC COM [COM ],0.5578,1.0,0.3688384054864981,0.13604176936182238,0.7376768109729962
Vayne_impacts_log_2,Vayne,female,True,,light,84391.264,91.32500000001164,2,NPC L Forearm [LLar],arm,L,light,2.0,11.658,18.762,18.762,18.762,-1,40.13,40.13,getup,12.254,2.145,DeadBip,-,-,True,False,NPC COM [COM ],0.3331,1.0,0.2680668666952422,0.07185984501980476,0.5361337333904844
Vayne_impacts_log_2,Vayne,female,True,,light,88890.603,74.7960000000021,2,NPC L Forearm [LLar],arm,L,light,2.0,11.658,18.22,18.22,18.22,-1,38.685,38.685,getup,11.061,2.106,DeadBip,-,-,True,False,NPC COM [COM ],0.3343,1.0,0.260322903271896,0.06776801396790892,0.520645806543792
Vayne_impacts_log_2,Vayne,female,True,,light,107122.051,764.1989999999932,2,NPC L Forearm [LLar],arm,L,light,2.0,11.658,5.159,5.159,5.159,-1,33.95,33.95,getup,32.963,1.91,DeadBip,-,-,True,False,NPC COM [COM ],0.3634,1.0,0.0737105300757251,0.005433242244044375,0.1474210601514502
Vayne_impacts_log_2,Vayne,female,True,,light,109840.273,559.2909999999974,2,NPC COM [COM ],torso,-,light,40.0,17.972,14.837,14.837,14.837,-1,26.148,26.148,animated,6.585,0.528,Biped,Skin,shape,True,False,NPC L Forearm [LLar],-0.1724,1.0,0.21198742677525362,0.8987733822158703,8.479497071010144
Vayne_impacts_log_2,Vayne,female,True,,light,8885.461,942.8430000000008,2,NPC COM [COM ],torso,-,light,40.0,17.972,44.556,44.556,44.556,-1,50.106,50.106,ragdoll,56.98,4.859,DeadBip,Skin,shape,True,False,NPC L Hand [LHnd],0.7024,1.0,0.6366052293184741,8.105324359912538,25.46420917273896
Vayne_impacts_log_2,Vayne,female,True,,light,18757.235,286.025999999998,2,NPC L Hand [LHnd],hand,L,light,4.0,8.334,51.016,51.016,51.016,-1,95.485,95.485,ragdoll,121.753,26.22,DeadBip,-,-,True,False,NPC COM [COM ],-0.1194,1.0,0.7289041291613088,1.0626024590168117,2.915616516645235
Vayne_impacts_log_2,Vayne,female,True,,light,19308.653,260.69100000000253,2,NPC L Hand [LHnd],hand,L,light,4.0,8.334,40.152,40.152,40.152,-1,128.065,128.065,ragdoll,242.339,8.767,DeadBip,-,-,True,False,NPC COM [COM ],0.7176,1.0,0.5736819545649379,0.6582219699868949,2.2947278182597515
Vayne_impacts_log_2,Vayne,female,True,,light,24449.672,886.0500000000029,2,NPC COM [COM ],torso,-,light,40.0,17.972,63.764,63.764,63.764,-1,50.978,50.978,ragdoll,320.372,3.956,DeadBip,Skin,shape,True,False,NPC L Hand [LHnd],0.5991,1.0,0.9110444349192743,16.6000392479476,36.44177739677097
Vayne_impacts_log_2,Vayne,female,True,,light,42905.084,334.3999999999942,2,NPC COM [COM ],torso,-,light,40.0,17.972,118.664,118.664,118.664,-1,194.166,194.166,ragdoll,86.775,10.799,DeadBip,Skin,shape,True,False,NPC L Hand [LHnd],-0.6834,1.0,1.695442206029433,57.490485479719,67.81768824117732
Vayne_impacts_log_2,Vayne,female,True,,light,43576.047,34.224999999998545,2,NPC COM [COM ],torso,-,light,40.0,17.972,26.345,26.345,26.345,-1,77.844,77.844,ragdoll,11.282,2.207,DeadBip,Skin,shape,True,False,NPC L Hand [LHnd],0.3609,1.0,0.37641091584512076,2.833703551347252,15.05643663380483
Vayne_impacts_log_2,Vayne,female,True,,light,71114.025,80.35599999999977,2,NPC COM [COM ],torso,-,light,40.0,17.972,8.639,8.639,8.639,-1,1.23,1.23,ragdoll,43.751,0.379,DeadBip,Skin,shape,True,False,NPC L Hand [LHnd],0.3542,1.0,0.12343191884554937,0.3047087717978857,4.937276753821974
Vayne_impacts_log_2,Vayne,female,True,,light,90161.528,132.28099999998813,2,NPC L Hand [LHnd],hand,L,light,4.0,8.334,12.073,12.073,12.073,-1,44.848,44.848,animated,29.981,5.178,DeadBip,-,-,True,False,NPC COM [COM ],-0.2356,1.0,0.17249607086726676,0.05950978892929023,0.689984283469067
Vayne_impacts_log_2,Vayne,female,True,,light,94095.941,84.83899999999267,2,NPC COM [COM ],torso,-,light,40.0,17.972,71.978,71.978,71.978,-1,52.66,52.66,ragdoll,116.964,2.605,DeadBip,Skin,shape,True,False,NPC L Hand [LHnd],0.6915,1.0,1.0284040577225317,21.15229811880337,41.13616230890127
Vayne_impacts_log_2,Vayne,female,True,,light,107302.616,533.2960000000021,2,NPC L Hand [LHnd],hand,L,light,4.0,8.334,12.723,12.723,12.723,-1,28.995,28.995,getup,37.328,1.143,DeadBip,-,-,True,False,NPC COM [COM ],-0.3204,1.0,0.18178311187312476,0.06609019952455399,0.7271324474924991
Vayne_impacts_log_2,Vayne,female,True,,light,9019.222,539.9629999999997,4,NPC R Foot [Rft ],foot,R,light,3.0,10.011,255.612,255.612,255.612,-1,37.469,74.003,ragdoll,245.633,9.181,Static,Wood,shape,False,False,,1.0,1.0,3.6521217316759538,20.00698971446965,10.95636519502786
Vayne_impacts_log_2,Vayne,female,True,,light,13532.532,284.89400000000023,2,NPC R Foot [Rft ],foot,R,light,3.0,10.011,139.056,139.056,139.056,-1,168.155,168.155,ragdoll,262.477,16.574,Static,Wood,shape,False,False,,1.0,1.0,1.9867981140162883,5.92105011878802,5.960394342048865
Vayne_impacts_log_2,Vayne,female,True,,light,15665.969,1678.914999999999,1,NPC R Foot [Rft ],foot,R,light,3.0,10.011,9.997,9.997,9.997,-1,122.111,122.111,getup,108.319,2.505,Static,Wood,shape,False,False,,1.0,1.0,0.14283469067009574,0.030602623288232902,0.42850407201028723
Vayne_impacts_log_2,Vayne,female,True,,light,17576.847,627.0749999999971,2,NPC R Foot [Rft ],foot,R,light,3.0,10.011,35.439,45.983,35.439,-1,100.987,100.987,getup,88.797,2.859,Static,Wood,shape,False,False,,1.0,1.0,0.6569938562651807,0.6474613907552894,1.970981568795542
Vayne_impacts_log_2,Vayne,female,True,,light,18593.596,147.0649999999987,1,NPC R Foot [Rft ],foot,R,light,3.0,10.011,9.292,9.292,9.292,-1,91.882,91.882,animated,81.495,8.125,Static,Wood,shape,False,False,,1.0,1.0,0.13276182311758825,0.026438552516258682,0.39828546935276476
Vayne_impacts_log_2,Vayne,female,True,,light,9037.523,521.6530000000002,1,NPC R Calf [RClf],leg,R,light,6.0,19.675,91.046,91.046,91.046,-1,99.859,99.859,ragdoll,139.223,3.73,Static,Wood,shape,False,False,,1.0,1.0,1.3008429775682242,5.07657735686569,7.805057865409346
Vayne_impacts_log_2,Vayne,female,True,,light,11474.719,208.40900000000147,1,NPC R Calf [RClf],leg,R,light,6.0,19.675,8.269,8.269,8.269,-1,67.448,67.448,getup,55.55,1.756,Static,Wood,shape,False,False,,1.0,1.0,0.11814544934990714,0.04187504160627442,0.7088726960994429
Vayne_impacts_log_2,Vayne,female,True,,light,13538.946,221.44700000000012,1,NPC R Calf [RClf],leg,R,light,6.0,19.675,88.231,88.231,88.231,-1,321.268,321.268,ragdoll,156.953,11.619,Static,Wood,shape,False,False,,1.0,1.0,1.2606229461351621,4.767510636967487,7.563737676810973
Vayne_impacts_log_2,Vayne,female,True,,light,15096.938,2020.5229999999992,2,NPC R Calf [RClf],leg,R,light,6.0,19.675,68.029,68.029,68.029,-1,36.8,161.817,getup,80.013,4.655,Static,Wood,shape,False,False,,1.0,1.0,0.9719817116730962,2.834245343480886,5.831890270038578
Vayne_impacts_log_2,Vayne,female,True,,light,17636.029,567.8860000000022,1,NPC R Calf [RClf],leg,R,light,6.0,19.675,19.494,19.494,19.494,-1,126.09,126.09,getup,102.306,1.815,Static,Wood,shape,False,False,,1.0,1.0,0.27852550364337764,0.2327293685393915,1.671153021860266
Vayne_impacts_log_2,Vayne,female,True,,light,9104.53,127.13500000000022,1,NPC L Foot [Lft ],foot,L,light,3.0,10.011,5.887,5.887,5.887,-1,64.177,64.177,ragdoll,73.891,1.852,Static,Stone,shape,False,False,,1.0,1.0,0.08411201600228604,0.010612246853953235,0.25233604800685816
Vayne_impacts_log_2,Vayne,female,True,,light,14462.795,76.22600000000057,2,NPC L Foot [Lft ],foot,L,light,3.0,10.011,499.415,499.415,498.303,-1,129.073,150.744,ragdoll,515.208,2.69,Static,Stone,shape,False,False,,1.0,0.0,7.135519359908559,76.37345480344479,21.406558079725677
Vayne_impacts_log_2,Vayne,female,True,,light,14741.599,336.7610000000004,1,NPC L Foot [Lft ],foot,L,light,3.0,10.011,91.241,91.241,91.241,-1,46.63,46.63,ragdoll,89.724,3.53,Static,Stone,shape,False,False,,1.0,1.0,1.3036290898699816,2.549173205932855,3.910887269609945
Vayne_impacts_log_2,Vayne,female,True,,light,15226.473,1244.8239999999987,1,NPC L Foot [Lft ],foot,L,light,3.0,10.011,92.389,92.389,92.389,-1,61.787,61.787,getup,122.042,3.494,Static,Stone,shape,False,False,,1.0,1.0,1.320031433061866,2.6137244764070457,3.9600942991855983
Vayne_impacts_log_2,Vayne,female,True,,light,16471.297,100.96700000000055,1,NPC L Foot [Lft ],foot,L,light,3.0,10.011,13.782,13.782,13.782,-1,47.872,47.872,getup,43.297,2.151,Static,Stone,shape,False,False,,1.0,1.0,0.19691384483497645,0.058162593431539775,0.5907415345049294
Vayne_impacts_log_2,Vayne,female,True,,light,9756.564,487.146999999999,2,NPC R Thigh [RThg],leg,R,light,6.0,20.487,32.556,123.753,32.556,-1,40.596,40.596,getup,29.516,1.884,Static,Stone,shape,False,False,,1.0,1.0,1.768152593227604,9.379090778812504,10.608915559365624
Vayne_impacts_log_2,Vayne,female,True,,light,10243.712,1302.6890000000003,5,NPC R Thigh [RThg],leg,R,light,6.0,20.487,28.609,34.382,28.609,-1,55.153,55.153,getup,55.555,2.707,Static,Stone,shape,False,False,,1.0,0.0,0.49124160594370625,0.7239549462304548,2.9474496356622373
Vayne_impacts_log_2,Vayne,female,True,,light,9773.987,523.5590000000011,1,NPC R Calf [RClf],leg,R,light,6.0,19.675,21.453,21.453,21.453,-1,165.964,165.964,getup,134.279,2.525,Static,Stone,shape,False,False,,1.0,0.0,0.3065152164594942,0.2818547337636318,1.8390912987569652
Vayne_impacts_log_2,Vayne,female,True,,light,10297.547,1385.5789999999997,10,NPC R Calf [RClf],leg,R,light,6.0,19.675,84.482,84.482,84.482,-1,116.126,116.126,getup,125.417,5.383,Static,Stone,shape,False,False,,1.0,1.0,1.2070581511644523,4.370968140877637,7.242348906986713
Vayne_impacts_log_2,Vayne,female,True,,light,12223.289,556.3019999999997,1,NPC R Calf [RClf],leg,R,light,6.0,19.675,18.852,18.852,18.852,-1,119.374,119.374,getup,96.996,1.654,Static,Stone,shape,False,False,,1.0,1.0,0.2693527646806687,0.2176527355233591,1.6161165880840123
Vayne_impacts_log_2,Vayne,female,True,,light,9885.058,619.0969999999998,1,NPC Spine [Spn0],torso,-,light,4.0,17.297,46.242,46.242,46.242,-1,11.427,11.427,getup,50.395,2.588,Static,Wood,shape,False,False,,1.0,1.0,0.6606943849121303,0.8730341405088363,2.642777539648521
Vayne_impacts_log_2,Vayne,female,True,,light,14223.692,1713.1890000000003,1,NPC Spine [Spn0],torso,-,light,4.0,17.297,63.394,63.394,63.394,-1,141.043,141.043,ragdoll,122.003,12.769,Static,Wood,shape,False,False,,1.0,1.0,0.905757965423632,1.6407949838567146,3.623031861694528
Vayne_impacts_log_2,Vayne,female,True,,light,10336.657,387.96000000000095,1,NPC R Thigh [RThg],leg,R,light,6.0,20.487,20.644,20.644,20.644,-1,27.457,27.457,getup,40.875,2.448,Static,Wood,shape,False,False,,1.0,0.0,0.2949564223460494,0.26099787324954327,1.7697385340762963
Vayne_impacts_log_2,Vayne,female,True,,light,14299.787,2766.2520000000004,2,NPC R Thigh [RThg],leg,R,light,6.0,20.487,43.147,54.188,43.147,-1,128.512,128.512,ragdoll,82.799,5.385,Static,Wood,shape,False,False,,1.0,1.0,0.7742248892698957,1.798272537494947,4.6453493356193745
Vayne_impacts_log_2,Vayne,female,True,,light,15532.658,167.70800000000054,2,NPC R Calf [RClf],leg,R,light,6.0,19.675,29.44,29.44,29.44,-1,136.136,136.136,getup,65.293,5.378,DeadBip,Skin,shape,True,False,NPC L Calf [LClf],0.5662,1.0,0.4206315187883984,0.5307926237947043,2.52378911273039
Vayne_impacts_log_2,Vayne,female,True,,light,18941.515,300.1389999999992,2,NPC L Calf [LClf],leg,L,light,6.0,19.675,224.37,224.37,224.37,-1,119.122,119.122,ragdoll,98.621,8.282,DeadBip,Skin,shape,True,False,NPC R Calf [RClf],-0.246,1.0,3.2057436776682384,30.83037758072965,19.23446206600943
Vayne_impacts_log_2,Vayne,female,True,,light,20530.65,90.18099999999686,2,NPC L Calf [LClf],leg,L,light,6.0,19.675,375.849,375.849,375.849,-1,157.951,157.951,getup,259.899,14.368,DeadBip,Skin,shape,True,False,NPC R Calf [RClf],0.6819,1.0,5.370038576939563,86.51194295345726,32.220231461637376
Vayne_impacts_log_2,Vayne,female,True,,light,20621.109,16.5679999999993,2,NPC L Calf [LClf],leg,L,light,6.0,19.675,19.95,19.95,19.95,-1,21.609,21.609,getup,41.603,2.518,DeadBip,Skin,shape,True,False,NPC R Calf [RClf],0.5908,1.0,0.28504072010287185,0.2437446363502912,1.710244320617231
Vayne_impacts_log_2,Vayne,female,True,,light,20637.961,15.842000000000553,2,NPC L Calf [LClf],leg,L,light,6.0,19.675,11.082,11.082,11.082,-1,42.065,42.065,getup,41.637,2.746,DeadBip,Skin,shape,True,False,NPC R Calf [RClf],0.5791,1.0,0.15833690527218175,0.07521172671351557,0.9500214316330905
Vayne_impacts_log_2,Vayne,female,True,,light,22977.194,88.02200000000084,2,NPC L Calf [LClf],leg,L,light,6.0,19.675,11.123,11.123,11.123,-1,187.852,187.852,getup,12.532,2.058,DeadBip,Skin,shape,True,False,NPC R Calf [RClf],-0.211,1.0,0.15892270324332047,0.0757692768184935,0.9535362194599228
Vayne_impacts_log_2,Vayne,female,True,,light,25827.425,214.0540000000001,2,NPC L Calf [LClf],leg,L,light,6.0,19.675,78.246,78.246,78.246,-1,181.1,181.1,getup,62.788,4.729,DeadBip,Skin,shape,True,False,NPC R Calf [RClf],-0.4953,1.0,1.1179597085297899,3.7495017296880384,6.707758251178739
Vayne_impacts_log_2,Vayne,female,True,,light,33483.297,89.47400000000198,2,NPC R Calf [RClf],leg,R,light,6.0,19.675,25.217,25.217,25.217,-1,242.407,242.407,animated,108.084,6.838,DeadBip,Skin,shape,True,False,NPC L Calf [LClf],-0.2866,1.0,0.36029432776110876,0.3894360078504878,2.1617659665666524
Vayne_impacts_log_2,Vayne,female,True,,light,33816.74,86.28300000000309,4,NPC R Calf [RClf],leg,R,light,6.0,19.675,85.446,85.446,85.446,-1,96.698,96.698,ragdoll,96.897,7.679,DeadBip,Skin,shape,True,False,NPC L Calf [LClf],-0.2239,1.0,1.220831547363909,4.47128900111687,7.324989284183454
Vayne_impacts_log_2,Vayne,female,True,,light,34011.576,119.32499999999709,2,NPC R Calf [RClf],leg,R,light,6.0,19.675,38.081,38.081,38.081,-1,72.786,72.786,ragdoll,96.726,3.854,DeadBip,Skin,shape,True,False,NPC L Calf [LClf],0.2436,1.0,0.5440920131447351,0.8881083563036718,3.2645520788684106
Vayne_impacts_log_2,Vayne,female,True,,light,39552.216,93.57600000000093,2,NPC R Calf [RClf],leg,R,light,6.0,19.675,166.274,166.274,166.274,-1,99.347,99.347,ragdoll,128.165,2.036,DeadBip,Skin,shape,True,False,NPC L Calf [LClf],0.5645,1.0,2.375682240320046,16.931598320916216,14.254093441920276
Vayne_impacts_log_2,Vayne,female,True,,light,39843.123,34.24799999999959,2,NPC R Calf [RClf],leg,R,light,6.0,19.675,65.786,65.786,65.786,-1,147.916,147.916,ragdoll,48.354,10.219,DeadBip,Skin,shape,True,False,NPC L Calf [LClf],-0.0566,1.0,0.9399342763251894,2.6504293314328726,5.639605657951137
Vayne_impacts_log_2,Vayne,female,True,,light,39946.826,73.62900000000081,2,NPC R Calf [RClf],leg,R,light,6.0,19.675,31.318,31.318,31.318,-1,71.539,71.539,ragdoll,35.904,4.007,DeadBip,Skin,shape,True,False,NPC L Calf [LClf],-0.0157,1.0,0.44746392341763114,0.600671888280899,2.6847835405057867
Vayne_impacts_log_2,Vayne,female,True,,light,40057.213,351.16100000000006,2,NPC R Calf [RClf],leg,R,light,6.0,19.675,7.915,7.915,7.915,-1,26.063,26.063,ragdoll,31.527,0.708,DeadBip,Skin,shape,True,False,NPC L Calf [LClf],0.092,1.0,0.11308758394056295,0.03836640492454162,0.6785255036433777
Vayne_impacts_log_2,Vayne,female,True,,light,41282.398,159.88500000000204,2,NPC R Calf [RClf],leg,R,light,6.0,19.675,18.945,18.945,18.945,-1,144.231,144.231,getup,51.415,5.591,DeadBip,Skin,shape,True,False,NPC L Calf [LClf],0.5704,1.0,0.27068152593227607,0.21980546544307633,1.6240891555936563
Vayne_impacts_log_2,Vayne,female,True,,light,44613.92,162.13300000000163,2,NPC L Calf [LClf],leg,L,light,6.0,19.675,46.509,46.509,46.509,-1,189.832,189.832,getup,67.633,1.383,DeadBip,Skin,shape,True,False,NPC R Calf [RClf],-0.4487,1.0,0.664509215602229,1.3247174928608687,3.987055293613374
Vayne_impacts_log_2,Vayne,female,True,,light,49875.631,103.97200000000157,4,NPC L Calf [LClf],leg,L,light,6.0,19.675,61.843,61.843,61.843,-1,85.227,85.227,ragdoll,205.942,5.75,DeadBip,Skin,shape,True,False,NPC R Calf [RClf],0.0409,1.0,0.8835976568081155,2.3422344573503766,5.301585940848693
Vayne_impacts_log_2,Vayne,female,True,,light,51016.231,216.94900000000052,2,NPC L Calf [LClf],leg,L,light,6.0,19.675,7.087,7.087,7.087,-1,136.041,136.041,getup,34.782,3.769,DeadBip,Skin,shape,True,False,NPC R Calf [RClf],-0.5009,1.0,0.10125732247463924,0.030759136064199246,0.6075439348478354
Vayne_impacts_log_2,Vayne,female,True,,light,55881.859,19.739000000001397,2,NPC R Calf [RClf],leg,R,light,6.0,19.675,34.207,34.207,34.207,-1,211.25,211.25,animated,242.669,12.502,DeadBip,Skin,shape,True,False,NPC L Calf [LClf],-0.2745,0.0,0.48874124874982144,0.7166040246886045,2.9324474924989286
Vayne_impacts_log_2,Vayne,female,True,,light,56513.787,416.7800000000061,2,NPC L Calf [LClf],leg,L,light,6.0,19.675,104.706,104.706,104.706,-1,50.434,50.434,ragdoll,660.327,3.645,DeadBip,Skin,shape,True,False,NPC R Calf [RClf],-0.6645,1.0,1.496013716245178,6.714171117581125,8.976082297471068
Vayne_impacts_log_2,Vayne,female,True,,light,61768.775,291.42899999999645,4,NPC R Calf [RClf],leg,R,light,6.0,19.675,29.793,115.642,29.793,-1,67.062,216.375,ragdoll,77.673,6.184,DeadBip,Skin,shape,True,False,NPC L Calf [LClf],-0.1123,1.0,1.65226460922989,8.189935016740804,9.91358765537934
Vayne_impacts_log_2,Vayne,female,True,,light,63876.156,135.1449999999968,2,NPC R Calf [RClf],leg,R,light,6.0,19.675,31.477,31.477,31.477,-1,146.803,146.803,getup,54.945,5.353,DeadBip,Skin,shape,True,False,NPC L Calf [LClf],0.6217,1.0,0.44973567652521795,0.6067865362187864,2.6984140591513075
Vayne_impacts_log_2,Vayne,female,True,,light,68991.635,78.3350000000064,2,NPC L Calf [LClf],leg,L,light,6.0,19.675,89.415,89.415,89.415,-1,163.893,163.893,ragdoll,348.806,15.261,DeadBip,Skin,shape,True,False,NPC R Calf [RClf],-0.5561,1.0,1.2775396485212176,4.8963226606311485,7.665237891127306
Vayne_impacts_log_2,Vayne,female,True,,light,69259.041,2059.678,2,NPC L Calf [LClf],leg,L,light,6.0,19.675,85.191,85.191,85.191,-1,5.498,5.498,ragdoll,290.839,0.994,DeadBip,Skin,shape,True,False,NPC R Calf [RClf],-0.9943,1.0,1.2171881697385343,4.444641121654328,7.303129018431205
Vayne_impacts_log_2,Vayne,female,True,,light,71712.33,234.33400000000256,2,NPC L Calf [LClf],leg,L,light,6.0,19.675,75.515,75.515,75.515,-1,174.637,174.637,getup,65.667,4.711,DeadBip,Skin,shape,True,False,NPC R Calf [RClf],-0.467,1.0,1.078939848549793,3.4923335903659503,6.473639091298757
Vayne_impacts_log_2,Vayne,female,True,,light,81802.508,133.07200000000012,2,NPC L Calf [LClf],leg,L,light,6.0,19.675,61.348,61.348,61.348,-1,237.322,237.322,getup,57.181,4.522,DeadBip,Skin,shape,True,False,NPC R Calf [RClf],-0.6331,1.0,0.8765252178882698,2.3048893727822364,5.259151307329619
Vayne_impacts_log_2,Vayne,female,True,,light,86237.053,199.7100000000064,2,NPC L Calf [LClf],leg,L,light,6.0,19.675,81.614,81.614,81.614,-1,175.171,175.171,getup,60.125,4.527,DeadBip,Skin,shape,True,False,NPC R Calf [RClf],-0.4872,1.0,1.1660808686955282,4.079233777013153,6.9964852121731695
Vayne_impacts_log_2,Vayne,female,True,,light,94680.797,232.78899999998976,2,NPC R Calf [RClf],leg,R,light,6.0,19.675,75.911,75.911,75.911,-1,187.617,187.617,getup,122.237,8.414,DeadBip,Skin,shape,True,False,NPC L Calf [LClf],0.4719,1.0,1.0845977996856695,3.5290571612489874,6.507586798114017
Vayne_impacts_log_2,Vayne,female,True,,light,95809.408,251.13999999999942,4,NPC L Calf [LClf],leg,L,light,6.0,19.675,127.736,127.736,127.736,-1,86.028,86.028,ragdoll,269.753,3.952,DeadBip,Skin,shape,True,False,NPC R Calf [RClf],-0.1936,1.0,1.8250607229604232,9.992539927478468,10.95036433776254
Vayne_impacts_log_2,Vayne,female,True,,light,99029.461,368.61699999999837,2,NPC R Calf [RClf],leg,R,light,6.0,19.675,116.897,116.897,116.897,-1,15.511,15.511,ragdoll,59.906,1.298,DeadBip,Skin,shape,True,False,NPC L Calf [LClf],-0.3142,1.0,1.670195742248893,8.36866145227899,10.021174453493357
Vayne_impacts_log_2,Vayne,female,True,,light,99540.557,221.6319999999978,2,NPC R Calf [RClf],leg,R,light,6.0,19.675,105.421,105.421,105.421,-1,188.17,188.17,getup,92.069,1.906,DeadBip,Skin,shape,True,False,NPC L Calf [LClf],-0.6327,1.0,1.5062294613516218,6.806181570730791,9.03737676810973
Vayne_impacts_log_2,Vayne,female,True,,light,105294.87,81.08000000000175,2,NPC R Calf [RClf],leg,R,light,6.0,19.675,8.629,8.629,8.629,-1,190.267,190.267,getup,163.087,6.446,DeadBip,Skin,shape,True,False,NPC L Calf [LClf],0.2077,1.0,0.1232890412916131,0.04560056310781524,0.7397342477496786
Vayne_impacts_log_2,Vayne,female,True,,light,110188.55,162.52999999999884,6,NPC R Calf [RClf],leg,R,light,6.0,19.675,90.025,90.025,90.025,-1,165.348,190.483,animated,176.656,1.627,Biped,Skin,shape,True,False,NPC L Calf [LClf],0.237,1.0,1.2862551793113304,4.963357158915668,7.717531075867982
Vayne_impacts_log_2,Vayne,female,True,,light,10112.92,147.64099999999962,2,NPC L Calf [LClf],leg,L,light,6.0,19.675,51.067,51.067,51.067,-1,122.654,122.654,getup,21.474,3.067,DeadBip,Skin,shape,True,False,NPC R Foot [Rft ],-0.4701,1.0,0.7296328046863838,1.597092089023556,4.377796828118303
Vayne_impacts_log_2,Vayne,female,True,,light,15558.527,141.84599999999955,2,NPC R Foot [Rft ],foot,R,light,3.0,10.011,48.71,48.71,48.71,-1,82.245,82.245,getup,92.072,2.877,DeadBip,Skin,shape,True,False,NPC L Calf [LClf],0.5121,1.0,0.6959565652236034,0.7265333110167536,2.0878696956708103
Vayne_impacts_log_2,Vayne,female,True,,light,20530.64,17.957000000002154,2,NPC L Calf [LClf],leg,L,light,6.0,19.675,351.823,351.823,351.823,-1,50.246,50.246,getup,259.899,14.368,DeadBip,Skin,shape,True,False,NPC R Foot [Rft ],0.479,1.0,5.026760965852264,75.80497742344797,30.160565795113584
Vayne_impacts_log_2,Vayne,female,True,,light,25879.725,162.06500000000233,2,NPC R Foot [Rft ],foot,R,light,3.0,10.011,55.845,55.845,55.845,-1,142.468,142.468,getup,126.403,4.027,DeadBip,Skin,shape,True,False,NPC L Calf [LClf],0.4636,1.0,0.7978996999571367,0.9549658967875332,2.39369909987141
Vayne_impacts_log_2,Vayne,female,True,,light,35587.931,36.75100000000384,2,NPC R Foot [Rft ],foot,R,light,3.0,10.011,32.071,32.071,32.071,-1,115.452,115.452,getup,95.88,3.253,DeadBip,Skin,shape,True,False,NPC L Calf [LClf],0.5249,1.0,0.45822260322903274,0.3149519311649873,1.3746678096870983
Vayne_impacts_log_2,Vayne,female,True,,light,35643.468,88.57299999999668,2,NPC R Foot [Rft ],foot,R,light,3.0,10.011,39.125,39.125,39.125,-1,150.346,150.346,getup,120.684,2.639,DeadBip,Skin,shape,True,False,NPC L Calf [LClf],0.484,1.0,0.5590084297756823,0.468735636840411,1.677025289327047
Vayne_impacts_log_2,Vayne,female,True,,light,35919.659,54.25800000000163,2,NPC R Foot [Rft ],foot,R,light,3.0,10.011,23.891,23.891,23.891,-1,30.446,30.446,getup,12.924,1.244,DeadBip,Skin,shape,True,False,NPC L Calf [LClf],0.148,1.0,0.34134876410915843,0.17477846813827483,1.0240462923274753
Vayne_impacts_log_2,Vayne,female,True,,light,41316.9,33.60299999999552,2,NPC L Calf [LClf],leg,L,light,6.0,19.675,17.786,17.786,17.786,-1,163.343,163.343,getup,58.761,4.4,DeadBip,Skin,shape,True,False,NPC R Foot [Rft ],-0.5729,1.0,0.2541220174310616,0.19373399922969833,1.5247321045863695
Vayne_impacts_log_2,Vayne,female,True,,light,41367.997,55.21099999999569,2,NPC L Calf [LClf],leg,L,light,6.0,19.675,32.862,32.862,32.862,-1,145.011,145.011,getup,8.875,4.587,DeadBip,Skin,shape,True,False,NPC R Foot [Rft ],-0.5268,1.0,0.46952421774539227,0.6613589731482676,2.8171453064723537
Vayne_impacts_log_2,Vayne,female,True,,light,44664.952,93.31500000000233,2,NPC R Foot [Rft ],foot,R,light,3.0,10.011,17.529,17.529,17.529,-1,113.457,113.457,getup,110.345,2.866,DeadBip,Skin,shape,True,False,NPC L Calf [LClf],0.4448,1.0,0.2504500642948993,0.09408785205797879,0.751350192884698
Vayne_impacts_log_2,Vayne,female,True,,light,49891.717,17.575000000004366,2,NPC R Foot [Rft ],foot,R,light,3.0,10.011,362.002,362.002,362.002,-1,193.803,193.803,ragdoll,421.961,15.705,DeadBip,Skin,shape,True,False,NPC L Calf [LClf],-0.1727,1.0,5.172196028004001,40.12741762815055,15.516588084012003
Vayne_impacts_log_2,Vayne,female,True,,light,51047.12,186.06699999999546,2,NPC R Foot [Rft ],foot,R,light,3.0,10.011,46.698,46.698,46.698,-1,140.835,140.835,getup,116.833,4.412,DeadBip,Skin,shape,True,False,NPC L Calf [LClf],0.4686,1.0,0.6672096013716245,0.6677529782437233,2.0016288041148735
Vayne_impacts_log_2,Vayne,female,True,,light,56563.411,250.01499999999942,4,NPC L Calf [LClf],leg,L,light,6.0,19.675,35.633,58.396,35.633,-1,61.2,161.348,ragdoll,665.884,3.081,DeadBip,Skin,shape,True,False,NPC R Foot [Rft ],-0.8632,1.0,0.834347763966281,2.088408573706599,5.006086583797686
Vayne_impacts_log_2,Vayne,female,True,,light,58830.937,32.95400000000518,2,NPC R Foot [Rft ],foot,R,light,3.0,10.011,29.838,29.838,29.838,-1,115.041,115.041,getup,97.049,3.281,DeadBip,Skin,shape,True,False,NPC L Calf [LClf],0.5261,1.0,0.4263180454350622,0.2726206137953576,1.2789541363051866
Vayne_impacts_log_2,Vayne,female,True,,light,58883.381,98.80099999999948,2,NPC R Foot [Rft ],foot,R,light,3.0,10.011,44.298,44.298,44.298,-1,148.8,148.8,getup,124.867,2.868,DeadBip,Skin,shape,True,False,NPC L Calf [LClf],0.4917,1.0,0.6329189884269182,0.6008796688670301,1.8987569652807545
Vayne_impacts_log_2,Vayne,female,True,,light,59149.552,64.92599999999948,2,NPC R Foot [Rft ],foot,R,light,3.0,10.011,28.797,28.797,28.797,-1,69.745,69.745,getup,22.317,1.955,DeadBip,Skin,shape,True,False,NPC L Calf [LClf],0.1258,1.0,0.4114444920702958,0.25392985508247556,1.2343334762108875
Vayne_impacts_log_2,Vayne,female,True,,light,61822.344,221.51800000000367,4,NPC R Foot [Rft ],foot,R,light,3.0,10.011,98.721,194.51,98.721,-1,143.271,174.892,ragdoll,198.213,12.007,DeadBip,Skin,shape,True,False,NPC L Calf [LClf],-0.272,1.0,2.7791113016145164,11.585189440142297,8.337333904843549
Vayne_impacts_log_2,Vayne,female,True,,light,63909.135,102.16999999999825,2,NPC R Foot [Rft ],foot,R,light,3.0,10.011,36.934,36.934,36.934,-1,139.709,139.709,getup,109.265,1.928,DeadBip,Skin,shape,True,False,NPC L Calf [LClf],0.594,1.0,0.5277039577082441,0.4177072004714164,1.5831118731247322
Vayne_impacts_log_2,Vayne,female,True,,light,68953.041,57.42500000000291,2,NPC R Foot [Rft ],foot,R,light,3.0,10.011,99.208,99.208,99.208,-1,150.775,150.775,ragdoll,515.202,7.755,DeadBip,Skin,shape,True,False,NPC L Calf [LClf],0.0761,1.0,1.417459637091013,3.0137877341732793,4.2523789112730395
Vayne_impacts_log_2,Vayne,female,True,,light,70574.507,744.2010000000009,6,NPC R Foot [Rft ],foot,R,light,3.0,10.011,34.106,138.186,34.106,-1,13.311,112.438,ragdoll,174.33,0.346,DeadBip,Skin,shape,True,False,NPC L Calf [LClf],0.0276,1.0,1.9743677668238322,5.8471921180093895,5.923103300471497
Vayne_impacts_log_2,Vayne,female,True,,light,71762.428,184.22900000000664,2,NPC R Foot [Rft ],foot,R,light,3.0,10.011,56.538,56.538,56.538,-1,140.579,140.579,getup,113.715,4.32,DeadBip,Skin,shape,True,False,NPC L Calf [LClf],0.4507,1.0,0.8078011144449208,0.978813960747684,2.4234033433347624
Vayne_impacts_log_2,Vayne,female,True,,light,81832.962,102.61500000000524,2,NPC L Calf [LClf],leg,L,light,6.0,19.675,31.233,31.233,31.233,-1,267.634,267.634,getup,68.553,4.811,DeadBip,Skin,shape,True,False,NPC R Foot [Rft ],-0.5562,1.0,0.4462494642091728,0.5974157529209214,2.6774967852550366
Vayne_impacts_log_2,Vayne,female,True,,light,86300.091,121.96199999999953,2,NPC R Foot [Rft ],foot,R,light,3.0,10.011,42.934,42.934,42.934,-1,136.827,136.827,getup,122.028,3.66,DeadBip,Skin,shape,True,False,NPC L Calf [LClf],0.4583,1.0,0.61343049007001,0.5644454492212991,1.8402914702100301
Vayne_impacts_log_2,Vayne,female,True,,light,94729.916,183.9490000000078,2,NPC R Foot [Rft ],foot,R,light,3.0,10.011,57.564,57.564,57.564,-1,142.757,142.757,getup,112.067,4.547,DeadBip,Skin,shape,True,False,NPC L Calf [LClf],0.4593,1.0,0.8224603514787827,1.0146615446319043,2.4673810544363484
Vayne_impacts_log_2,Vayne,female,True,,light,95824.201,185.97299999999814,2,NPC L Calf [LClf],leg,L,light,6.0,19.675,18.25,18.25,18.25,-1,114.716,114.716,ragdoll,239.723,2.057,DeadBip,Skin,shape,True,False,NPC R Foot [Rft ],-0.1972,1.0,0.2607515359337048,0.20397409047535847,1.5645092156022289
Vayne_impacts_log_2,Vayne,female,True,,light,97280.541,148.03800000000047,2,NPC R Foot [Rft ],foot,R,light,3.0,10.011,55.574,55.574,55.574,-1,152.362,152.362,getup,134.097,4.022,DeadBip,Skin,shape,True,False,NPC L Calf [LClf],0.4818,1.0,0.7940277182454637,0.9457200260131462,2.382083154736391
Vayne_impacts_log_2,Vayne,female,True,,light,99414.66,18.04200000000128,2,NPC R Foot [Rft ],foot,R,light,3.0,10.011,251.262,251.262,251.262,-1,402.968,402.968,getup,306.148,8.719,DeadBip,Skin,shape,True,False,NPC L Calf [LClf],-0.891,1.0,3.5899699957136737,19.33182685518665,10.769909987141022
Vayne_impacts_log_2,Vayne,female,True,,light,99595.515,166.67200000000594,2,NPC R Foot [Rft ],foot,R,light,3.0,10.011,41.584,41.584,41.584,-1,58.695,58.695,getup,43.927,6.303,DeadBip,Skin,shape,True,False,NPC L Calf [LClf],-0.3713,1.0,0.5941420202886127,0.5295071104089515,1.7824260608658382
Vayne_impacts_log_2,Vayne,female,True,,light,110244.068,90.61699999999837,2,NPC R Foot [Rft ],foot,R,light,3.0,10.011,118.991,118.991,118.991,-1,169.258,169.258,animated,196.943,2.426,Biped,Skin,shape,True,False,NPC L Calf [LClf],-0.2152,1.0,1.700114302043149,4.335582960017495,5.100342906129447
Vayne_impacts_log_2,Vayne,female,True,,light,10113.21,279.59100000000035,1,NPC Spine1 [Spn1],torso,-,light,4.0,18.878,35.468,35.468,35.468,-1,22.235,22.235,getup,58.064,2.274,Static,Wood,shape,False,False,,1.0,1.0,0.506758108301186,0.5136075606579931,2.027032433204744
Vayne_impacts_log_2,Vayne,female,True,,light,14191.258,1633.1769999999997,2,NPC Spine1 [Spn1],torso,-,light,4.0,18.878,144.749,144.749,144.749,-1,36.103,36.103,ragdoll,154.459,11.32,Static,Wood,shape,False,False,,1.0,1.0,2.0681383054722104,8.554392101122932,8.272553221888842
Vayne_impacts_log_2,Vayne,female,True,,light,20530.651,56.645999999997,2,NPC L Thigh [LThg],leg,L,light,6.0,20.487,354.054,354.054,354.054,-1,218.092,218.092,getup,144.11,10.541,DeadBip,Skin,shape,True,False,NPC R Calf [RClf],0.802,1.0,5.058636948135448,76.76942331912338,30.35182168881269
Vayne_impacts_log_2,Vayne,female,True,,light,23947.586,112.95700000000215,2,NPC L Thigh [LThg],leg,L,light,6.0,20.487,58.094,58.094,58.094,-1,123.145,123.145,ragdoll,242.702,1.972,DeadBip,Skin,shape,True,False,NPC R Calf [RClf],0.0578,1.0,0.8300328618374054,2.06686365518998,4.980197171024432
Vayne_impacts_log_2,Vayne,female,True,,light,24146.901,31.666999999997643,2,NPC L Thigh [LThg],leg,L,light,6.0,20.487,46.871,46.871,46.871,-1,201.403,201.403,ragdoll,423.154,7.756,DeadBip,Skin,shape,True,False,NPC R Calf [RClf],-0.4473,1.0,0.6696813830547221,1.3454194644302564,4.018088298328333
Vayne_impacts_log_2,Vayne,female,True,,light,25898.138,714.3780000000006,2,NPC L Thigh [LThg],leg,L,light,6.0,20.487,181.062,181.062,181.062,-1,119.983,119.983,getup,27.505,5.496,DeadBip,Skin,shape,True,False,NPC R Calf [RClf],-0.3062,1.0,2.586969567081012,20.077234623009954,15.521817402486072
Vayne_impacts_log_2,Vayne,female,True,,light,33483.296,54.4059999999954,2,NPC R Calf [RClf],leg,R,light,6.0,19.675,40.582,40.582,40.582,-1,266.724,266.724,animated,108.084,6.838,DeadBip,Skin,shape,True,False,NPC L Thigh [LThg],-0.4216,1.0,0.5798256893841978,1.0085934902095806,3.4789541363051866
Vayne_impacts_log_2,Vayne,female,True,,light,33958.311,201.26199999999517,2,NPC R Calf [RClf],leg,R,light,6.0,19.675,53.882,53.882,53.882,-1,87.154,87.154,ragdoll,156.434,2.281,DeadBip,Skin,shape,True,False,NPC L Thigh [LThg],0.121,1.0,0.7698528361194457,1.7780201678434624,4.6191170167166735
Vayne_impacts_log_2,Vayne,female,True,,light,35007.349,170.36099999999715,2,NPC R Calf [RClf],leg,R,light,6.0,19.675,27.869,27.869,27.869,-1,36.775,36.775,getup,32.525,1.691,DeadBip,Skin,shape,True,False,NPC L Thigh [LThg],-0.0746,1.0,0.3981854550650093,0.47565496987598566,2.389112730390056
Vayne_impacts_log_2,Vayne,female,True,,light,35606.121,18.554000000003725,2,NPC R Calf [RClf],leg,R,light,6.0,19.675,166.856,166.856,166.856,-1,151.731,151.731,getup,137.092,7.137,DeadBip,Skin,shape,True,False,NPC L Thigh [LThg],0.416,1.0,2.383997713959137,17.050335300487173,14.303986283754822
Vayne_impacts_log_2,Vayne,female,True,,light,41333.26,148.8110000000015,2,NPC R Calf [RClf],leg,R,light,6.0,19.675,145.794,145.794,145.794,-1,176.125,176.125,getup,140.528,6.58,DeadBip,Skin,shape,True,False,NPC L Thigh [LThg],0.4686,1.0,2.0830690098585514,13.017529499499256,12.498414059151308
Vayne_impacts_log_2,Vayne,female,True,,light,41651.342,363.40400000000227,2,NPC R Calf [RClf],leg,R,light,6.0,19.675,52.813,52.813,52.813,-1,55.111,55.111,getup,28.14,2.185,DeadBip,Skin,shape,True,False,NPC L Thigh [LThg],0.0975,1.0,0.7545792256036578,1.7081694231378475,4.527475353621947
Vayne_impacts_log_2,Vayne,female,True,,light,45183.766,183.1449999999968,2,NPC R Calf [RClf],leg,R,light,6.0,19.675,54.587,54.587,54.587,-1,25.99,25.99,getup,40.616,1.073,DeadBip,Skin,shape,True,False,NPC L Thigh [LThg],-0.1444,1.0,0.7799257036719532,1.8248523097445741,4.67955422203172
Vayne_impacts_log_2,Vayne,female,True,,light,49875.327,158.958000000006,2,NPC L Thigh [LThg],leg,L,light,6.0,20.487,225.028,225.028,225.028,-1,144.987,144.987,ragdoll,285.194,4.158,DeadBip,Skin,shape,True,False,NPC R Calf [RClf],0.0446,1.0,3.2151450207172454,31.011472512728687,19.290870124303474
Vayne_impacts_log_2,Vayne,female,True,,light,55881.858,31.766999999999825,2,NPC R Calf [RClf],leg,R,light,6.0,19.675,34.516,34.516,34.516,-1,199.31,199.31,animated,242.669,12.502,DeadBip,Skin,shape,True,False,NPC L Thigh [LThg],-0.376,1.0,0.4931561651664524,0.7296090097250438,2.958936990998714
Vayne_impacts_log_2,Vayne,female,True,,light,56596.789,382.2649999999994,2,NPC R Calf [RClf],leg,R,light,6.0,19.675,60.253,60.253,60.253,-1,119.457,119.457,ragdoll,677.009,4.168,DeadBip,Skin,shape,True,False,NPC L Thigh [LThg],0.5057,1.0,0.8608801257322475,2.223343772642311,5.165280754393485
Vayne_impacts_log_2,Vayne,female,True,,light,58848.478,683.2959999999948,2,NPC L Thigh [LThg],leg,L,light,6.0,20.487,172.433,172.433,172.433,-1,105.281,105.281,getup,14.815,5.103,DeadBip,Skin,shape,True,False,NPC R Calf [RClf],-0.4252,1.0,2.463680525789399,18.209165199461786,14.782083154736393
Vayne_impacts_log_2,Vayne,female,True,,light,64135.633,443.18999999999505,2,NPC R Calf [RClf],leg,R,light,6.0,19.675,80.488,80.488,80.488,-1,37.705,37.705,getup,29.813,1.286,DeadBip,Skin,shape,True,False,NPC L Thigh [LThg],0.0504,1.0,1.1499928561223032,3.9674507073969965,6.8999571367338195
Vayne_impacts_log_2,Vayne,female,True,,light,68933.455,19.577999999994063,2,NPC R Calf [RClf],leg,R,light,6.0,19.675,57.686,57.686,57.686,-1,124.534,124.534,ragdoll,514.922,9.132,DeadBip,Skin,shape,True,False,NPC L Thigh [LThg],0.9304,1.0,0.8242034576368054,2.0379340187413955,4.945220745820832
Vayne_impacts_log_2,Vayne,female,True,,light,68971.034,117.03500000000349,2,NPC R Calf [RClf],leg,R,light,6.0,19.675,28.235,28.235,28.235,-1,283.166,283.166,ragdoll,500.819,1.791,DeadBip,Skin,shape,True,False,NPC L Thigh [LThg],0.9131,1.0,0.403414773539077,0.48823043852875436,2.420488641234462
Vayne_impacts_log_2,Vayne,female,True,,light,69221.688,2079.074000000008,2,NPC R Calf [RClf],leg,R,light,6.0,19.675,17.579,17.579,17.579,-1,35.594,35.594,ragdoll,304.631,2.13,DeadBip,Skin,shape,True,False,NPC L Thigh [LThg],0.9803,1.0,0.25116445206458066,0.18925074594270314,1.506986712387484
Vayne_impacts_log_2,Vayne,female,True,,light,90331.5,38.012000000002445,2,NPC R Calf [RClf],leg,R,light,6.0,19.675,111.327,111.327,111.327,-1,245.586,245.586,ragdoll,208.115,9.372,DeadBip,Skin,shape,True,False,NPC L Thigh [LThg],-0.6482,1.0,1.5906129447063868,7.590148619602569,9.54367766823832
Vayne_impacts_log_2,Vayne,female,True,,light,90499.212,16.14299999999639,2,NPC R Calf [RClf],leg,R,light,6.0,19.675,21.745,21.745,21.745,-1,54.674,54.674,ragdoll,102.72,13.965,DeadBip,Skin,shape,True,False,NPC L Thigh [LThg],-0.4088,1.0,0.3106872410344335,0.28957968522476457,1.8641234462066012
Vayne_impacts_log_2,Vayne,female,True,,light,93947.101,50.59300000000803,2,NPC R Calf [RClf],leg,R,light,6.0,19.675,10.834,10.834,10.834,-1,31.375,31.375,ragdoll,180.531,3.024,DeadBip,Skin,shape,True,False,NPC L Thigh [LThg],-0.0167,1.0,0.15479354193456207,0.07188312187394108,0.9287612516073724
Vayne_impacts_log_2,Vayne,female,True,,light,95855.453,187.90400000000955,2,NPC R Calf [RClf],leg,R,light,6.0,19.675,24.175,24.175,24.175,-1,5.232,5.232,ragdoll,194.484,2.943,DeadBip,Skin,shape,True,False,NPC L Thigh [LThg],-0.0385,1.0,0.34540648664094875,0.3579169230409317,2.0724389198456925
Vayne_impacts_log_2,Vayne,female,True,,light,96779.701,177.5570000000007,2,NPC R Calf [RClf],leg,R,light,6.0,19.675,94.305,94.305,94.305,-1,59.048,59.048,getup,74.685,8.835,DeadBip,Skin,shape,True,False,NPC L Thigh [LThg],-0.4199,1.0,1.3474067723960568,5.446515030896277,8.08444063437634
Vayne_impacts_log_2,Vayne,female,True,,light,97297.552,554.0050000000047,2,NPC R Calf [RClf],leg,R,light,6.0,19.675,182.015,182.015,182.015,-1,171.523,171.523,getup,155.495,7.68,DeadBip,Skin,shape,True,False,NPC L Thigh [LThg],0.313,1.0,2.6005857979711386,20.28913947782755,15.603514787826832
Vayne_impacts_log_2,Vayne,female,True,,light,110188.547,145.82699999999022,2,NPC L Thigh [LThg],leg,L,light,6.0,20.487,24.174,24.174,24.174,-1,32.515,32.515,animated,121.45,0.833,Biped,Skin,shape,True,False,NPC R Calf [RClf],0.3424,1.0,0.3453921988855551,0.35788731315299654,2.072353193313331
Vayne_impacts_log_2,Vayne,female,True,,light,10145.11,266.52700000000004,1,NPC COM [COM ],torso,-,light,40.0,17.972,7.948,7.948,7.948,-1,43.397,43.397,getup,134.958,8.84,Static,Wood,shape,False,False,,1.0,1.0,0.11355907986855267,0.25791329241184646,4.542363194742107
Vayne_impacts_log_2,Vayne,female,True,,light,15614.875,228.36199999999917,1,NPC COM [COM ],torso,-,light,40.0,17.972,17.411,17.411,17.411,-1,9.853,9.853,getup,12.362,0.827,Static,Wood,shape,False,False,,1.0,1.0,0.24876410915845124,1.2376716401079568,9.95056436633805
Vayne_impacts_log_2,Vayne,female,True,,light,10392.513,407.35199999999895,2,NPC R Foot [Rft ],foot,R,light,3.0,10.011,31.52,31.52,31.52,-1,39.755,39.755,getup,25.426,1.312,DeadBip,Skin,shape,True,False,NPC L Thigh [LThg],-0.1146,1.0,0.4503500500071439,0.3042227513121555,1.3510501500214316
Vayne_impacts_log_2,Vayne,female,True,,light,15824.137,414.28299999999945,2,NPC R Foot [Rft ],foot,R,light,3.0,10.011,31.134,31.134,31.134,-1,49.269,49.269,getup,24.658,1.536,DeadBip,Skin,shape,True,False,NPC L Thigh [LThg],-0.1194,1.0,0.44483497642520364,0.2968172343768172,1.334504929275611
Vayne_impacts_log_2,Vayne,female,True,,light,26139.183,436.68399999999747,2,NPC R Foot [Rft ],foot,R,light,3.0,10.011,21.199,21.199,21.199,-1,44.247,44.247,getup,24.007,1.104,DeadBip,Skin,shape,True,False,NPC L Thigh [LThg],-0.1148,1.0,0.3028861265895128,0.13761000852059757,0.9086583797685384
Vayne_impacts_log_2,Vayne,female,True,,light,56847.409,15.175999999999476,2,NPC R Foot [Rft ],foot,R,light,3.0,10.011,29.232,29.232,29.232,-1,170.471,170.471,ragdoll,634.946,9.997,DeadBip,Skin,shape,True,False,NPC L Thigh [LThg],0.9999,1.0,0.4176596656665238,0.26165939448700865,1.2529789969995715
Vayne_impacts_log_2,Vayne,female,True,,light,64170.873,372.11299999999756,2,NPC R Foot [Rft ],foot,R,light,3.0,10.011,48.341,48.341,48.341,-1,39.463,39.463,getup,30.043,0.942,DeadBip,Skin,shape,True,False,NPC L Thigh [LThg],0.0623,1.0,0.6906843834833548,0.7155673763816729,2.0720531504500643
Vayne_impacts_log_2,Vayne,female,True,,light,72057.137,422.9569999999949,2,NPC R Foot [Rft ],foot,R,light,3.0,10.011,29.85,29.85,29.85,-1,53.348,53.348,getup,23.125,1.36,DeadBip,Skin,shape,True,False,NPC L Thigh [LThg],-0.1194,1.0,0.42648949849978574,0.2728399384958981,1.2794684954993572
Vayne_impacts_log_2,Vayne,female,True,,light,82105.112,379.56200000000536,2,NPC R Foot [Rft ],foot,R,light,3.0,10.011,46.222,46.222,46.222,-1,20.448,20.448,getup,22.105,1.378,DeadBip,Skin,shape,True,False,NPC L Thigh [LThg],0.1615,1.0,0.6604086298042579,0.654209337479906,1.9812258894127734
Vayne_impacts_log_2,Vayne,female,True,,light,86558.567,420.19200000001,2,NPC R Foot [Rft ],foot,R,light,3.0,10.011,31.295,31.295,31.295,-1,46.887,46.887,getup,25.369,1.283,DeadBip,Skin,shape,True,False,NPC L Thigh [LThg],-0.1155,1.0,0.44713530504357774,0.29989497152461997,1.3414059151307332
Vayne_impacts_log_2,Vayne,female,True,,light,93915.135,99.27300000000105,2,NPC R Foot [Rft ],foot,R,light,3.0,10.011,41.592,41.592,41.592,-1,39.249,39.249,ragdoll,150.464,4.569,DeadBip,Skin,shape,True,False,NPC L Thigh [LThg],-0.0417,1.0,0.5942563223317617,0.529710864946906,1.782768966995285
Vayne_impacts_log_2,Vayne,female,True,,light,95014.419,200.9200000000128,2,NPC R Foot [Rft ],foot,R,light,3.0,10.011,30.321,30.321,30.321,-1,55.631,55.631,getup,25.218,1.595,DeadBip,Skin,shape,True,False,NPC L Thigh [LThg],-0.1212,1.0,0.43321903129018435,0.2815180936080086,1.299657093870553
Vayne_impacts_log_2,Vayne,female,True,,light,97550.273,291.7280000000028,2,NPC R Foot [Rft ],foot,R,light,3.0,10.011,32.683,32.683,32.683,-1,52.137,52.137,getup,24.768,1.363,DeadBip,Skin,shape,True,False,NPC L Thigh [LThg],-0.1173,1.0,0.46696670952993286,0.32708686171381907,1.4009001285897986
Vayne_impacts_log_2,Vayne,female,True,,light,10228.644,1686.5599999999995,2,NPC R Foot [Rft ],foot,R,light,3.0,10.011,66.073,66.073,66.073,-1,171.435,171.435,getup,166.572,5.049,Static,Stone,shape,False,False,,1.0,1.0,0.9440348621231605,1.3368027313558417,2.832104586369481
Vayne_impacts_log_2,Vayne,female,True,,light,12146.215,633.3829999999998,2,NPC R Foot [Rft ],foot,R,light,3.0,10.011,33.512,58.066,33.512,-1,95.463,95.463,getup,84.212,2.634,Static,Stone,shape,False,False,,1.0,1.0,0.8296328046863839,1.0324358859176934,2.4888984140591517
Vayne_impacts_log_2,Vayne,female,True,,light,10893.939,707.5349999999999,2,NPC R Thigh [RThg],leg,R,light,6.0,20.487,14.574,14.574,14.574,-1,26.09,26.09,getup,46.6,2.687,DeadBip,Skin,shape,True,False,NPC R Forearm [RLar],-0.0159,1.0,0.20822974710672953,0.1300788827403976,1.249378482640377
Vayne_impacts_log_2,Vayne,female,True,,light,12400.815,378.7659999999996,2,NPC R Thigh [RThg],leg,R,light,6.0,20.487,23.128,23.128,23.128,-1,52.043,52.043,getup,24.906,1.115,DeadBip,Skin,shape,True,False,NPC R Forearm [RLar],-0.5044,1.0,0.33044720674382055,0.32758606933437984,1.9826832404629233
Vayne_impacts_log_2,Vayne,female,True,,light,13705.073,24.342000000000553,2,NPC R Forearm [RLar],arm,R,light,6.0,11.658,52.219,52.219,52.219,-1,129.666,129.666,ragdoll,349.709,5.698,DeadBip,Skin,shape,True,False,NPC R Thigh [RThg],0.7308,1.0,0.7460922988998429,1.6699611554329574,4.476553793399058
Vayne_impacts_log_2,Vayne,female,True,,light,16323.53,405.271999999999,2,NPC R Thigh [RThg],leg,R,light,6.0,20.487,10.801,10.801,10.801,-1,27.108,27.108,getup,45.989,2.58,DeadBip,Skin,shape,True,False,NPC R Forearm [RLar],-0.0105,1.0,0.15432204600657237,0.07144588165096392,0.9259322760394342
Vayne_impacts_log_2,Vayne,female,True,,light,16905.916,143.6469999999972,2,NPC R Thigh [RThg],leg,R,light,6.0,20.487,40.529,40.529,40.529,-1,68.352,68.352,getup,79.002,1.718,DeadBip,Skin,shape,True,False,NPC R Forearm [RLar],-0.0612,1.0,0.5790684383483355,1.0059607688735401,3.4744106300900133
Vayne_impacts_log_2,Vayne,female,True,,light,17827.665,376.2429999999986,2,NPC R Forearm [RLar],arm,R,light,6.0,11.658,22.379,22.379,22.379,-1,51.563,51.563,getup,56.156,1.709,DeadBip,Skin,shape,True,False,NPC R Thigh [RThg],0.5012,1.0,0.31974567795399345,0.30671189571077667,1.9184740677239607
Vayne_impacts_log_2,Vayne,female,True,,light,21524.183,251.3269999999975,2,NPC R Thigh [RThg],leg,R,light,6.0,20.487,42.841,42.841,42.841,-1,38.717,38.717,getup,31.993,1.387,DeadBip,Skin,shape,True,False,NPC R Forearm [RLar],-0.8609,1.0,0.6121017288184026,1.124005579267432,3.672610372910416
Vayne_impacts_log_2,Vayne,female,True,,light,23148.476,635.3340000000026,4,NPC R Thigh [RThg],leg,R,light,6.0,20.487,73.027,73.027,73.027,-1,60.084,60.084,getup,52.006,1.729,DeadBip,Skin,shape,True,False,NPC R Forearm [RLar],-0.6557,1.0,1.0433919131304472,3.266000053158044,6.260351478782683
Vayne_impacts_log_2,Vayne,female,True,,light,26663.029,405.8199999999997,4,NPC R Forearm [RLar],arm,R,light,6.0,11.658,16.497,144.81,16.497,-1,23.446,66.287,getup,9.339,0.891,DeadBip,Skin,shape,True,False,NPC R Thigh [RThg],0.0686,1.0,2.069009858551222,12.842405384346444,12.414059151307331
Vayne_impacts_log_2,Vayne,female,True,,light,28164.144,397.27899999999863,2,NPC R Forearm [RLar],arm,R,light,6.0,11.658,21.822,21.822,21.822,-1,51.365,51.365,getup,56.118,1.682,DeadBip,Skin,shape,True,False,NPC R Thigh [RThg],0.5079,1.0,0.3117873981997428,0.291634145028495,1.870724389198457
Vayne_impacts_log_2,Vayne,female,True,,light,33958.318,89.86800000000221,2,NPC R Forearm [RLar],arm,R,light,6.0,11.658,140.519,140.519,140.519,-1,52.732,52.732,ragdoll,68.938,9.233,DeadBip,Skin,shape,True,False,NPC R Thigh [RThg],-0.0062,1.0,2.0077011001571656,12.092591122716879,12.046206600942995
Vayne_impacts_log_2,Vayne,female,True,,light,34420.078,160.54299999999785,2,NPC R Forearm [RLar],arm,R,light,6.0,11.658,15.706,15.706,15.706,-1,18.95,18.95,ragdoll,62.345,2.151,DeadBip,Skin,shape,True,False,NPC R Thigh [RThg],0.5393,1.0,0.22440348621231607,0.15107077387272339,1.3464209172738963
Vayne_impacts_log_2,Vayne,female,True,,light,35821.425,133.62999999999738,2,NPC R Thigh [RThg],leg,R,light,6.0,20.487,116.839,116.839,116.839,-1,72.142,72.142,getup,54.742,3.079,DeadBip,Skin,shape,True,False,NPC R Forearm [RLar],0.0296,1.0,1.6693670524360624,8.360359067277201,10.016202314616375
Vayne_impacts_log_2,Vayne,female,True,,light,36291.724,1025.2069999999949,10,NPC R Thigh [RThg],leg,R,light,6.0,20.487,38.533,132.803,38.533,-1,49.14,85.687,getup,49.125,2.994,DeadBip,Skin,shape,True,False,NPC R Forearm [RLar],-0.1515,0.0,1.8974567795399344,10.801026690666177,11.384740677239606
Vayne_impacts_log_2,Vayne,female,True,,light,37886.538,375.04099999999744,2,NPC R Thigh [RThg],leg,R,light,6.0,20.487,17.503,17.503,17.503,-1,42.65,42.65,getup,19.665,0.553,DeadBip,Skin,shape,True,False,NPC R Forearm [RLar],-0.5037,1.0,0.250078582654665,0.18761789250769834,1.50047149592799
Vayne_impacts_log_2,Vayne,female,True,,light,41519.599,187.41399999999703,2,NPC R Forearm [RLar],arm,R,light,6.0,11.658,84.142,84.142,84.142,-1,68.014,68.014,getup,82.464,5.145,DeadBip,Skin,shape,True,False,NPC R Thigh [RThg],0.3571,1.0,1.2022003143306186,4.335856787329915,7.213201885983711
Vayne_impacts_log_2,Vayne,female,True,,light,42070.949,363.487000000001,2,NPC R Forearm [RLar],arm,R,light,6.0,11.658,18.205,18.205,18.205,-1,18.666,18.666,getup,17.637,0.908,DeadBip,Skin,shape,True,False,NPC R Thigh [RThg],0.1236,1.0,0.26010858694099154,0.20296943100131803,1.5606515216459491
Vayne_impacts_log_2,Vayne,female,True,,light,45420.961,444.96199999999953,4,NPC R Forearm [RLar],arm,R,light,6.0,11.658,13.281,113.79,13.281,-1,3.164,85.726,getup,17.41,1.393,DeadBip,Skin,shape,True,False,NPC R Thigh [RThg],0.0942,1.0,1.6258036862408918,7.929712878583416,9.75482211744535
Vayne_impacts_log_2,Vayne,female,True,,light,46970.357,378.0479999999952,2,NPC R Forearm [RLar],arm,R,light,6.0,11.658,26.854,26.854,26.854,-1,48.995,48.995,getup,55.822,1.745,DeadBip,Skin,shape,True,False,NPC R Thigh [RThg],0.496,1.0,0.38368338334047725,0.4416388159547869,2.3021003000428637
Vayne_impacts_log_2,Vayne,female,True,,light,53397.636,381.78199999999924,2,NPC R Thigh [RThg],leg,R,light,6.0,20.487,17.475,17.475,17.475,-1,43.323,43.323,getup,19.658,0.544,DeadBip,Skin,shape,True,False,NPC R Forearm [RLar],-0.4955,1.0,0.24967852550364342,0.18701809829302055,1.4980711530218604
Vayne_impacts_log_2,Vayne,female,True,,light,56963.347,283.4779999999955,2,NPC R Thigh [RThg],leg,R,light,6.0,20.487,130.794,130.794,130.794,-1,299.638,299.638,ragdoll,318.658,5.896,DeadBip,Skin,shape,True,False,NPC R Forearm [RLar],-0.1199,1.0,1.8687526789541367,10.476709725294787,11.21251607372482
Vayne_impacts_log_2,Vayne,female,True,,light,61133.515,376.54299999999785,2,NPC R Thigh [RThg],leg,R,light,6.0,20.487,15.64,15.64,15.64,-1,40.847,40.847,getup,21.66,0.646,DeadBip,Skin,shape,True,False,NPC R Forearm [RLar],-0.4978,1.0,0.22346049435633664,0.14980377761393507,1.3407629661380198
Vayne_impacts_log_2,Vayne,female,True,,light,62163.23,54.63699999999517,2,NPC R Forearm [RLar],arm,R,light,6.0,11.658,45.411,45.411,45.411,-1,50.626,50.626,ragdoll,259.365,5.043,DeadBip,Skin,shape,True,False,NPC R Thigh [RThg],0.4215,1.0,0.6488212601800258,1.2629070829847904,3.892927561080155
Vayne_impacts_log_2,Vayne,female,True,,light,62253.929,73.03500000000349,2,NPC R Forearm [RLar],arm,R,light,6.0,11.658,61.015,61.015,61.015,-1,98.806,98.806,ragdoll,38.374,4.68,DeadBip,Skin,shape,True,False,NPC R Thigh [RThg],0.1166,1.0,0.8717673953421918,2.279935174745128,5.2306043720531505
Vayne_impacts_log_2,Vayne,female,True,,light,64634.054,807.9930000000022,2,NPC R Thigh [RThg],leg,R,light,6.0,20.487,22.355,22.355,22.355,-1,36.897,36.897,getup,45.734,2.627,DeadBip,Skin,shape,True,False,NPC R Forearm [RLar],-0.0939,1.0,0.3194027718245464,0.30605439194760975,1.9164166309472783
Vayne_impacts_log_2,Vayne,female,True,,light,66211.514,358.39800000000105,2,NPC R Forearm [RLar],arm,R,light,6.0,11.658,17.411,17.411,17.411,-1,42.712,42.712,getup,50.851,0.795,DeadBip,Skin,shape,True,False,NPC R Thigh [RThg],0.4936,1.0,0.24876410915845124,0.18565074601619352,1.4925846549507074
Vayne_impacts_log_2,Vayne,female,True,,light,66667.632,35.22599999999511,2,NPC R Thigh [RThg],leg,R,light,6.0,20.487,22.586,22.586,22.586,-1,20.87,20.87,animated,43.2,2.522,Biped,Skin,shape,True,False,NPC R Forearm [RLar],-0.5499,1.0,0.32270324332047434,0.31241214974865983,1.936219459922846
Vayne_impacts_log_2,Vayne,female,True,,light,68365.655,256.3880000000063,2,NPC R Forearm [RLar],arm,R,light,6.0,11.658,90.961,90.961,90.961,-1,143.428,143.428,ragdoll,320.004,19.683,DeadBip,Skin,shape,True,False,NPC R Thigh [RThg],0.7349,1.0,1.2996285183597658,5.067102857202,7.797771110158594
Vayne_impacts_log_2,Vayne,female,True,,light,72567.398,750.2489999999962,4,NPC R Thigh [RThg],leg,R,light,6.0,20.487,10.477,10.477,10.477,-1,27.948,60.251,getup,44.956,2.574,DeadBip,Skin,shape,True,False,NPC R Forearm [RLar],-0.0339,1.0,0.14969281325903702,0.06722381502421479,0.8981568795542221
Vayne_impacts_log_2,Vayne,female,True,,light,74097.477,379.91999999999825,2,NPC R Thigh [RThg],leg,R,light,6.0,20.487,17.555,17.555,17.555,-1,41.89,41.89,getup,19.676,0.535,DeadBip,Skin,shape,True,False,NPC R Forearm [RLar],-0.5078,1.0,0.2508215459351336,0.188734343715871,1.5049292756108017
Vayne_impacts_log_2,Vayne,female,True,,light,82027.719,192.41199999999662,2,NPC R Thigh [RThg],leg,R,light,6.0,20.487,75.959,75.959,75.959,-1,56.996,56.996,getup,56.924,2.233,DeadBip,Skin,shape,True,False,NPC R Forearm [RLar],-0.1613,1.0,1.0852836119445637,3.533521555066315,6.511701671667382
Vayne_impacts_log_2,Vayne,female,True,,light,84106.74,413.7399999999907,2,NPC R Forearm [RLar],arm,R,light,6.0,11.658,17.944,17.944,17.944,-1,43.426,43.426,getup,49.397,0.793,DeadBip,Skin,shape,True,False,NPC R Thigh [RThg],0.4953,1.0,0.25637948278325473,0.1971913175766276,1.5382768966995284
Vayne_impacts_log_2,Vayne,female,True,,light,87064.556,406.9560000000056,4,NPC R Thigh [RThg],leg,R,light,6.0,20.487,13.583,147.427,13.583,-1,28.796,29.749,getup,46.191,2.575,DeadBip,Skin,shape,True,False,NPC R Forearm [RLar],-0.0137,1.0,2.106400914416345,13.310774436762044,12.63840548649807
Vayne_impacts_log_2,Vayne,female,True,,light,87655.72,154.91800000000512,2,NPC R Thigh [RThg],leg,R,light,6.0,20.487,32.919,32.919,32.919,-1,68.238,68.238,getup,83.69,1.638,DeadBip,Skin,shape,True,False,NPC R Forearm [RLar],-0.0539,1.0,0.470338619802829,0.6636552518340904,2.822031718816974
Vayne_impacts_log_2,Vayne,female,True,,light,88584.775,380.65800000001036,2,NPC R Forearm [RLar],arm,R,light,6.0,11.658,22.997,22.997,22.997,-1,51.206,51.206,getup,55.821,1.692,DeadBip,Skin,shape,True,False,NPC R Thigh [RThg],0.5032,1.0,0.32857551078725533,0.3238855988673172,1.971453064723532
Vayne_impacts_log_2,Vayne,female,True,,light,100693.736,304.7329999999929,2,NPC R Forearm [RLar],arm,R,light,6.0,11.658,20.927,20.927,20.927,-1,22.284,22.284,getup,82.44,2.536,DeadBip,Skin,shape,True,False,NPC R Thigh [RThg],0.8929,1.0,0.2989998571224461,0.26820274367772956,1.7939991427346764
Vayne_impacts_log_2,Vayne,female,True,,light,105457.141,936.7639999999956,2,NPC R Forearm [RLar],arm,R,light,6.0,11.658,70.708,70.708,70.708,-1,88.301,88.301,getup,64.642,5.64,DeadBip,Skin,shape,True,False,NPC R Thigh [RThg],0.6539,1.0,1.0102586083726248,3.0618673673729773,6.061551650235749
Vayne_impacts_log_2,Vayne,female,True,,light,107016.151,231.00999999999476,2,NPC R Forearm [RLar],arm,R,light,6.0,11.658,24.492,24.492,24.492,-1,24.84,24.84,getup,37.751,0.958,DeadBip,Skin,shape,True,False,NPC R Thigh [RThg],0.5937,1.0,0.3499357051007287,0.36736499311303245,2.099614230604372
Vayne_impacts_log_2,Vayne,female,True,,light,11182.623,70.76500000000124,2,NPC R Calf [RClf],leg,R,light,6.0,19.675,22.475,22.475,22.475,-1,88.196,88.196,getup,24.234,2.307,DeadBip,Skin,shape,True,False,NPC R Hand [RHnd],0.0332,1.0,0.3211173024717817,0.3093489658402613,1.9267038148306903
Vayne_impacts_log_2,Vayne,female,True,,light,23180.974,385.03700000000026,2,NPC R Calf [RClf],leg,R,light,6.0,19.675,11.478,11.478,11.478,-1,70.427,70.427,getup,47.52,1.672,DeadBip,Skin,shape,True,False,NPC R Hand [RHnd],-0.6609,1.0,0.1639948564080583,0.08068293878489899,0.9839691384483498
Vayne_impacts_log_2,Vayne,female,True,,light,36324.066,993.3029999999999,2,NPC R Calf [RClf],leg,R,light,6.0,19.675,66.164,66.164,66.164,-1,41.022,41.022,getup,66.774,4.617,DeadBip,Skin,shape,True,False,NPC R Hand [RHnd],0.0333,1.0,0.9453350478639807,2.680975058159984,5.672010287183884
Vayne_impacts_log_2,Vayne,female,True,,light,59704.966,690.4380000000019,2,NPC R Calf [RClf],leg,R,light,6.0,19.675,39.749,39.749,39.749,-1,58.303,58.303,getup,30.269,3.13,DeadBip,Skin,shape,True,False,NPC R Hand [RHnd],0.033,1.0,0.5679239891413059,0.9676129723265225,3.4075439348478356
Vayne_impacts_log_2,Vayne,female,True,,light,72874.849,18.222999999998137,2,NPC R Calf [RClf],leg,R,light,6.0,19.675,21.995,21.995,21.995,-1,95.912,95.912,getup,25.477,2.406,DeadBip,Skin,shape,True,False,NPC R Hand [RHnd],0.033,1.0,0.31425917988284047,0.29627649642190645,1.8855550792970428
Vayne_impacts_log_2,Vayne,female,True,,light,72893.358,18.511000000013155,2,NPC R Calf [RClf],leg,R,light,6.0,19.675,6.47,6.47,6.47,-1,87.07,87.07,getup,22.425,2.271,DeadBip,Skin,shape,True,False,NPC R Hand [RHnd],0.0333,1.0,0.09244177739677097,0.025636446624822465,0.5546506643806258
Vayne_impacts_log_2,Vayne,female,True,,light,105491.958,555.997000000003,2,NPC R Calf [RClf],leg,R,light,6.0,19.675,11.404,11.404,11.404,-1,69.552,69.552,getup,47.886,1.694,DeadBip,Skin,shape,True,False,NPC R Hand [RHnd],-0.6549,1.0,0.16293756250892985,0.07964594782905426,0.977625375053579
Vayne_impacts_log_2,Vayne,female,True,,light,11341.969,75.83600000000115,2,NPC L Hand [LHnd],hand,L,light,4.0,8.334,101.146,101.146,101.146,-1,181.578,181.578,getup,135.07,3.117,DeadBip,Skin,shape,True,False,NPC L Calf [LClf],0.5216,1.0,1.4451493070438635,4.176913039298718,5.780597228175454
Vayne_impacts_log_2,Vayne,female,True,,light,16800.847,52.526999999998225,2,NPC L Calf [LClf],leg,L,light,6.0,19.675,97.591,97.591,97.591,-1,177.393,177.393,getup,143.964,4.855,DeadBip,Skin,shape,True,False,NPC L Hand [LHnd],-0.5568,1.0,1.394356336619517,5.832688780413,8.366138019717102
Vayne_impacts_log_2,Vayne,female,True,,light,27136.382,49.65299999999843,2,NPC L Calf [LClf],leg,L,light,6.0,19.675,80.815,80.815,80.815,-1,187.515,187.515,getup,139.736,4.666,DeadBip,Skin,shape,True,False,NPC L Hand [LHnd],-0.5626,1.0,1.1546649521360195,3.9997534550738285,6.927989712816117
Vayne_impacts_log_2,Vayne,female,True,,light,36822.639,63.216999999996915,2,NPC L Hand [LHnd],hand,L,light,4.0,8.334,107.36,107.36,107.36,-1,160.664,160.664,getup,127.211,2.986,DeadBip,Skin,shape,True,False,NPC L Calf [LClf],0.5861,1.0,1.5339334190598657,4.705903468217379,6.135733676239463
Vayne_impacts_log_2,Vayne,female,True,,light,42566.526,56.36800000000221,2,NPC L Hand [LHnd],hand,L,light,4.0,8.334,91.711,91.711,91.711,-1,199.781,199.781,getup,135.69,2.596,DeadBip,Skin,shape,True,False,NPC L Calf [LClf],0.5236,1.0,1.3103443349049866,3.434004552035183,5.241377339619946
Vayne_impacts_log_2,Vayne,female,True,,light,43090.346,112.72500000000582,2,NPC L Calf [LClf],leg,L,light,6.0,19.675,61.293,61.293,61.293,-1,83.262,83.262,ragdoll,27.332,4.799,DeadBip,Skin,shape,True,False,NPC L Hand [LHnd],0.0402,1.0,0.8757393913416203,2.3007584446421747,5.254436348049722
Vayne_impacts_log_2,Vayne,female,True,,light,45918.485,47.30999999999767,2,NPC L Hand [LHnd],hand,L,light,4.0,8.334,116.988,116.988,116.988,-1,188.646,188.646,getup,133.068,2.781,DeadBip,Skin,shape,True,False,NPC L Calf [LClf],0.4816,1.0,1.671495927989713,5.587797274572384,6.685983711958852
Vayne_impacts_log_2,Vayne,female,True,,light,52301.52,71.69200000000274,2,NPC L Calf [LClf],leg,L,light,6.0,19.675,129.73,129.73,129.73,-1,162.62,162.62,getup,148.395,5.077,DeadBip,Skin,shape,True,False,NPC L Hand [LHnd],-0.5123,1.0,1.8535505072153164,10.30694844839447,11.1213030432919
Vayne_impacts_log_2,Vayne,female,True,,light,60081.121,46.870999999999185,2,NPC L Calf [LClf],leg,L,light,6.0,19.675,109.406,109.406,109.406,-1,170.833,170.833,getup,142.502,4.875,DeadBip,Skin,shape,True,False,NPC L Hand [LHnd],-0.5278,1.0,1.5631661665952281,7.3304653931640615,9.378996999571369
Vayne_impacts_log_2,Vayne,female,True,,light,65143.705,49.292999999997846,2,NPC L Hand [LHnd],hand,L,light,4.0,8.334,115.404,115.404,115.404,-1,207.83,207.83,getup,128.757,3.252,DeadBip,Skin,shape,True,False,NPC L Calf [LClf],0.4938,1.0,1.6488641234462067,5.4375057951760555,6.595456493784827
Vayne_impacts_log_2,Vayne,female,True,,light,73058.021,54.0740000000078,2,NPC L Hand [LHnd],hand,L,light,4.0,8.334,99.578,99.578,99.578,-1,183.754,183.754,getup,134.161,3.218,DeadBip,Skin,shape,True,False,NPC L Calf [LClf],0.5258,1.0,1.4227461065866553,4.048412967614973,5.690984426346621
Vayne_impacts_log_2,Vayne,female,True,,light,83056.844,59.85199999999895,2,NPC L Calf [LClf],leg,L,light,6.0,19.675,83.867,83.867,83.867,-1,191.505,191.505,getup,142.629,4.936,DeadBip,Skin,shape,True,False,NPC L Hand [LHnd],-0.5607,1.0,1.1982711815973712,4.3075614739402805,7.189627089584228
Vayne_impacts_log_2,Vayne,female,True,,light,87541.342,57.228999999992084,2,NPC L Calf [LClf],leg,L,light,6.0,19.675,88.607,88.607,88.607,-1,180.02,180.02,getup,142.558,4.717,DeadBip,Skin,shape,True,False,NPC L Hand [LHnd],-0.5657,1.0,1.2659951421631663,4.808231099942207,7.595970852978998
Vayne_impacts_log_2,Vayne,female,True,,light,11437.798,1341.7749999999996,2,NPC L Foot [Lft ],foot,L,light,3.0,10.011,81.014,81.014,81.014,-1,168.75,168.75,getup,181.032,14.258,Static,Wood,shape,False,False,,1.0,1.0,1.1575082154593515,2.0097379032838387,3.472524646378054
Vayne_impacts_log_2,Vayne,female,True,,light,15558.508,0.31199999999989814,1,NPC L Foot [Lft ],foot,L,light,3.0,10.011,36.224,36.224,36.224,-1,34.775,34.775,getup,44.034,3.37,Static,Wood,shape,False,False,,1.0,1.0,0.5175596513787684,0.4018019891029684,1.552678954136305
Vayne_impacts_log_2,Vayne,female,True,,light,15558.821,912.4700000000012,4,NPC L Foot [Lft ],foot,L,light,3.0,10.011,17.408,31.049,17.408,-1,22.517,35.005,getup,30.707,6.742,Static,Wood,shape,False,False,,1.0,1.0,0.4436205172167453,0.29519874494347886,1.3308615516502358
Vayne_impacts_log_2,Vayne,female,True,,light,16471.294,100.96699999999691,1,NPC L Foot [Lft ],foot,L,light,3.0,10.011,13.57,13.57,13.57,-1,47.852,47.852,getup,43.297,2.151,Static,Wood,shape,False,False,,1.0,1.0,0.19388484069152737,0.05638699717496842,0.5816545220745821
Vayne_impacts_log_2,Vayne,female,True,,light,16888.513,1315.3870000000024,2,NPC L Foot [Lft ],foot,L,light,3.0,10.011,82.136,82.136,82.136,-1,169.738,169.738,getup,178.349,13.872,Static,Wood,shape,False,False,,1.0,1.0,1.1735390770110017,2.0657909479077503,3.520617231033005
Vayne_impacts_log_2,Vayne,female,True,,light,18692.79,129.76800000000003,1,NPC L Foot [Lft ],foot,L,light,3.0,10.011,195.455,195.455,195.455,-1,266.415,266.415,ragdoll,326.5,6.7,Static,Wood,shape,False,False,,1.0,1.0,2.792613230461495,11.69803298242288,8.377839691384485
Vayne_impacts_log_2,Vayne,female,True,,light,18855.781,119.19900000000052,1,NPC L Foot [Lft ],foot,L,light,3.0,10.011,180.718,180.718,180.718,-1,95.678,95.678,ragdoll,191.603,5.241,Static,Wood,shape,False,False,,1.0,1.0,2.5820545792256038,10.000508775149864,7.746163737676811
Vayne_impacts_log_2,Vayne,female,True,,light,19241.333,101.1130000000012,1,NPC L Foot [Lft ],foot,L,light,3.0,10.011,101.018,101.018,101.018,-1,17.646,17.646,ragdoll,104.153,2.436,Static,Wood,shape,False,False,,1.0,1.0,1.443320474353479,3.1247609875319275,4.329961423060437
Vayne_impacts_log_2,Vayne,female,True,,light,11492.716,1286.8490000000002,1,NPC L Calf [LClf],leg,L,light,6.0,19.675,48.346,48.346,48.346,-1,21.042,21.042,getup,57.906,2.068,Static,Wood,shape,False,False,,1.0,1.0,0.690755822260323,1.4314308179596047,4.144534933561937
Vayne_impacts_log_2,Vayne,female,True,,light,14462.789,634.5529999999999,1,NPC L Calf [LClf],leg,L,light,6.0,19.675,272.655,272.655,272.655,-1,64.725,64.725,ragdoll,390.034,8.928,Static,Wood,shape,False,False,,1.0,1.0,3.89562794684955,45.52775130082572,23.3737676810973
Vayne_impacts_log_2,Vayne,female,True,,light,16939.803,1264.089,1,NPC L Calf [LClf],leg,L,light,6.0,19.675,50.022,50.022,50.022,-1,36.067,36.067,getup,58.1,2.221,Static,Wood,shape,False,False,,1.0,1.0,0.7147021003000429,1.5323972765198777,4.288212601800257
Vayne_impacts_log_2,Vayne,female,True,,light,18710.048,31.016999999999825,1,NPC L Calf [LClf],leg,L,light,6.0,19.675,62.123,62.123,62.123,-1,141.378,141.378,ragdoll,138.611,12.549,Static,Wood,shape,False,False,,1.0,1.0,0.8875982283183312,2.3634918447415214,5.325589369909988
Vayne_impacts_log_2,Vayne,female,True,,light,18856.085,103.17599999999948,1,NPC L Calf [LClf],leg,L,light,6.0,19.675,79.148,79.148,79.148,-1,187.154,187.154,ragdoll,140.495,16.201,Static,Wood,shape,False,False,,1.0,1.0,1.1308472638948421,3.836446602775352,6.785083583369053
Vayne_impacts_log_2,Vayne,female,True,,light,12418.74,360.84100000000035,2,NPC R Thigh [RThg],leg,R,light,6.0,20.487,17.363,17.363,17.363,-1,29.84,29.84,getup,19.477,0.56,DeadBip,Skin,shape,True,False,NPC R Hand [RHnd],-0.1737,1.0,0.2480782968995571,0.18462852417775438,1.4884697813973427
Vayne_impacts_log_2,Vayne,female,True,,light,13647.732,265.8230000000003,2,NPC R Hand [RHnd],hand,R,light,4.0,8.334,28.476,28.476,28.476,-1,240.023,240.023,ragdoll,220.431,22.321,DeadBip,Skin,shape,True,False,NPC R Thigh [RThg],0.3732,1.0,0.4068581225889413,0.33106706383319595,1.627432490355765
Vayne_impacts_log_2,Vayne,female,True,,light,17845.066,358.84300000000076,2,NPC R Hand [RHnd],hand,R,light,4.0,8.334,16.157,16.157,16.157,-1,28.181,28.181,getup,40.055,1.216,DeadBip,Skin,shape,True,False,NPC R Thigh [RThg],0.1731,1.0,0.23084726389484214,0.10658091849546977,0.9233890555793686
Vayne_impacts_log_2,Vayne,female,True,,light,22802.226,999.9250000000029,2,NPC R Thigh [RThg],leg,R,light,6.0,20.487,50.306,50.306,50.306,-1,75.399,75.399,getup,16.365,1.315,DeadBip,Skin,shape,True,False,NPC R Hand [RHnd],-0.8182,1.0,0.7187598228318332,1.5498470487517444,4.312558936990999
Vayne_impacts_log_2,Vayne,female,True,,light,28178.627,382.79499999999825,2,NPC R Hand [RHnd],hand,R,light,4.0,8.334,15.867,15.867,15.867,-1,27.717,27.717,getup,39.997,1.194,DeadBip,Skin,shape,True,False,NPC R Thigh [RThg],0.1753,1.0,0.22670381483069013,0.10278923931757568,0.9068152593227605
Vayne_impacts_log_2,Vayne,female,True,,light,33958.319,18.971999999994296,2,NPC R Thigh [RThg],leg,R,light,6.0,20.487,153.525,153.525,153.525,-1,158.802,158.802,ragdoll,148.98,2.269,DeadBip,Skin,shape,True,False,NPC R Hand [RHnd],0.3885,1.0,2.193527646806687,14.434690611915844,13.161165880840121
Vayne_impacts_log_2,Vayne,female,True,,light,34130.908,515.6339999999982,2,NPC R Thigh [RThg],leg,R,light,6.0,20.487,31.408,31.408,31.408,-1,75.467,75.467,ragdoll,79.174,1.744,DeadBip,Skin,shape,True,False,NPC R Hand [RHnd],-0.0307,1.0,0.44874982140305764,0.6041292066278284,2.692498928418346
Vayne_impacts_log_2,Vayne,female,True,,light,37886.804,374.7740000000049,2,NPC R Thigh [RThg],leg,R,light,6.0,20.487,44.965,44.965,44.965,-1,48.893,48.893,getup,25.236,1.109,DeadBip,Skin,shape,True,False,NPC R Hand [RHnd],-0.1784,1.0,0.6424489212744678,1.2382218493401822,3.8546935276468073
Vayne_impacts_log_2,Vayne,female,True,,light,42866.052,39.028999999994994,2,NPC R Thigh [RThg],leg,R,light,6.0,20.487,151.832,151.832,151.832,-1,454.572,454.572,ragdoll,57.732,12.196,DeadBip,Skin,shape,True,False,NPC R Hand [RHnd],0.5382,1.0,2.169338476925275,14.118088282405417,13.01603086155165
Vayne_impacts_log_2,Vayne,female,True,,light,46990.095,358.3090000000011,2,NPC R Hand [RHnd],hand,R,light,4.0,8.334,17.809,17.809,17.809,-1,28.442,28.442,getup,40.153,1.286,DeadBip,Skin,shape,True,False,NPC R Thigh [RThg],0.1798,1.0,0.25445063580511507,0.1294902521232546,1.0178025432204603
Vayne_impacts_log_2,Vayne,female,True,,light,48826.371,172.3510000000024,2,NPC R Hand [RHnd],hand,R,light,4.0,8.334,19.727,19.727,19.727,-1,86.289,86.289,ragdoll,407.44,18.478,DeadBip,Skin,shape,True,False,NPC R Thigh [RThg],0.7009,1.0,0.2818545506500929,0.15888397544433158,1.1274182026003716
Vayne_impacts_log_2,Vayne,female,True,,light,53397.628,381.78800000000047,2,NPC R Hand [RHnd],hand,R,light,4.0,8.334,17.958,17.958,17.958,-1,30.401,30.401,getup,40.929,1.189,DeadBip,Skin,shape,True,False,NPC R Thigh [RThg],0.1757,1.0,0.25657951135876556,0.1316660912982058,1.0263180454350622
Vayne_impacts_log_2,Vayne,female,True,,light,56948.321,65.92799999999988,2,NPC R Thigh [RThg],leg,R,light,6.0,20.487,137.382,137.382,137.382,-1,251.641,251.641,ragdoll,329.049,5.622,DeadBip,Skin,shape,True,False,NPC R Hand [RHnd],0.0692,1.0,1.9628804114873555,11.55869852940231,11.777282468924133
Vayne_impacts_log_2,Vayne,female,True,,light,57096.897,288.07300000000396,2,NPC R Thigh [RThg],leg,R,light,6.0,20.487,48.051,48.051,48.051,-1,92.645,92.645,ragdoll,240.361,3.445,DeadBip,Skin,shape,True,False,NPC R Hand [RHnd],0.1759,1.0,0.6865409344192028,1.4140153638995765,4.119245606515217
Vayne_impacts_log_2,Vayne,female,True,,light,59704.968,673.737000000001,2,NPC R Thigh [RThg],leg,R,light,6.0,20.487,79.734,79.734,79.734,-1,102.203,102.203,getup,59.249,4.074,DeadBip,Skin,shape,True,False,NPC R Hand [RHnd],0.1679,1.0,1.139219888555508,3.893465863441272,6.835319331333048
Vayne_impacts_log_2,Vayne,female,True,,light,61133.528,376.52900000000227,2,NPC R Hand [RHnd],hand,R,light,4.0,8.334,16.466,16.466,16.466,-1,28.757,28.757,getup,41.341,1.134,DeadBip,Skin,shape,True,False,NPC R Thigh [RThg],0.1781,1.0,0.2352621803114731,0.11069658696981617,0.9410487212458924
Vayne_impacts_log_2,Vayne,female,True,,light,61768.108,109.52700000000186,2,NPC R Hand [RHnd],hand,R,light,4.0,8.334,6.761,6.761,6.761,-1,178.245,178.245,animated,211.851,30.993,DeadBip,Skin,shape,True,False,NPC R Thigh [RThg],0.0916,1.0,0.09659951421631663,0.018662932293656717,0.3863980568652665
Vayne_impacts_log_2,Vayne,female,True,,light,62059.891,391.1489999999976,2,NPC R Hand [RHnd],hand,R,light,4.0,8.334,43.513,43.513,43.513,-1,114.376,114.376,ragdoll,177.308,10.199,DeadBip,Skin,shape,True,False,NPC R Thigh [RThg],0.4644,1.0,0.6217031004429204,0.77302949020068,2.4868124017716817
Vayne_impacts_log_2,Vayne,female,True,,light,66211.512,358.40200000000186,2,NPC R Hand [RHnd],hand,R,light,4.0,8.334,17.871,17.871,17.871,-1,29.333,29.333,getup,42.647,1.17,DeadBip,Skin,shape,True,False,NPC R Thigh [RThg],0.185,1.0,0.2553364766395199,0.1303934326053682,1.0213459065580797
Vayne_impacts_log_2,Vayne,female,True,,light,66667.632,35.22699999999895,2,NPC R Thigh [RThg],leg,R,light,6.0,20.487,20.106,20.106,20.106,-1,20.412,20.412,animated,43.2,2.522,Biped,Skin,shape,True,False,NPC R Hand [RHnd],-0.1929,1.0,0.2872696099442778,0.24757148639261256,1.723617659665667
Vayne_impacts_log_2,Vayne,female,True,,light,68226.191,493.75599999999395,2,NPC R Hand [RHnd],hand,R,light,4.0,8.334,39.29,39.29,39.29,-1,100.744,100.744,ragdoll,64.902,13.459,DeadBip,Skin,shape,True,False,NPC R Thigh [RThg],0.374,1.0,0.5613659094156308,0.6302633685080764,2.245463637662523
Vayne_impacts_log_2,Vayne,female,True,,light,74116.249,361.1469999999972,2,NPC R Hand [RHnd],hand,R,light,4.0,8.334,17.448,17.448,17.448,-1,29.831,29.831,getup,40.93,1.137,DeadBip,Skin,shape,True,False,NPC R Thigh [RThg],0.1719,1.0,0.24929275610801546,0.12429375649586095,0.9971710244320618
Vayne_impacts_log_2,Vayne,female,True,,light,84106.742,509.3099999999977,2,NPC R Thigh [RThg],leg,R,light,6.0,20.487,18.549,18.549,18.549,-1,30.396,30.396,getup,18.669,0.537,DeadBip,Skin,shape,True,False,NPC R Hand [RHnd],-0.1735,1.0,0.2650235747963995,0.21071248559358824,1.590141448778397
Vayne_impacts_log_2,Vayne,female,True,,light,84741.374,121.61100000000442,2,NPC R Thigh [RThg],leg,R,light,6.0,20.487,146.351,146.351,146.351,-1,258.906,258.906,ragdoll,58.324,6.883,DeadBip,Skin,shape,True,False,NPC R Hand [RHnd],-0.6589,1.0,2.091027289612802,13.117185377716384,12.546163737676814
Vayne_impacts_log_2,Vayne,female,True,,light,88603.742,361.69199999999546,2,NPC R Hand [RHnd],hand,R,light,4.0,8.334,16.919,16.919,16.919,-1,28.394,28.394,getup,40.137,1.163,DeadBip,Skin,shape,True,False,NPC R Thigh [RThg],0.1732,1.0,0.24173453350478644,0.11687116937755343,0.9669381340191457
Vayne_impacts_log_2,Vayne,female,True,,light,91291.12,376.7649999999994,2,NPC R Hand [RHnd],hand,R,light,4.0,8.334,99.651,99.651,99.651,-1,133.614,133.614,ragdoll,155.452,6.939,DeadBip,Skin,shape,True,False,NPC R Thigh [RThg],0.4309,1.0,1.42378911273039,4.054350875059183,5.69515645092156
Vayne_impacts_log_2,Vayne,female,True,,light,92823.498,150.30699999998615,2,NPC R Hand [RHnd],hand,R,light,4.0,8.334,146.889,146.889,146.889,-1,396.264,396.264,ragdoll,153.648,49.064,DeadBip,Skin,shape,True,False,NPC R Thigh [RThg],0.5596,1.0,2.098714102014574,8.809201763989678,8.394856408058295
Vayne_impacts_log_2,Vayne,female,True,,light,105115.08,1298.6319999999978,2,NPC R Hand [RHnd],hand,R,light,4.0,8.334,99.596,99.596,99.596,-1,87.568,87.568,getup,110.167,10.383,DeadBip,Skin,shape,True,False,NPC R Thigh [RThg],0.8175,1.0,1.4230032861837407,4.04987670497945,5.692013144734963
Vayne_impacts_log_2,Vayne,female,True,,light,106920.529,965.7640000000101,2,NPC R Hand [RHnd],hand,R,light,4.0,8.334,31.772,31.772,31.772,-1,7.778,7.778,getup,60.206,1.583,DeadBip,Skin,shape,True,False,NPC R Thigh [RThg],0.3376,1.0,0.45395056436633807,0.4121422297770337,1.8158022574653523
Vayne_impacts_log_2,Vayne,female,True,,light,12475.876,303.66499999999905,2,NPC R Forearm [RLar],arm,R,light,6.0,11.658,9.08,9.08,9.08,-1,33.656,33.656,getup,50.399,2.064,DeadBip,-,-,True,False,NPC COM [COM ],0.2923,1.0,0.12973281897413919,0.0504918129569303,0.7783969138448351
Vayne_impacts_log_2,Vayne,female,True,,light,13497.753,415.5589999999993,2,NPC R Forearm [RLar],arm,R,light,6.0,11.658,22.107,22.107,22.107,-1,19.296,19.296,animated,106.891,4.608,DeadBip,-,-,True,False,NPC COM [COM ],0.2595,1.0,0.31585940848692673,0.29930149778913373,1.8951564509215604
Vayne_impacts_log_2,Vayne,female,True,,light,17914.414,289.4599999999991,2,NPC R Forearm [RLar],arm,R,light,6.0,11.658,7.327,7.327,7.327,-1,39.299,39.299,getup,44.9,1.02,DeadBip,-,-,True,False,NPC COM [COM ],0.287,1.0,0.10468638376910988,0.03287771683996006,0.6281183026146593
Vayne_impacts_log_2,Vayne,female,True,,light,28242.2,319.1849999999977,2,NPC R Forearm [RLar],arm,R,light,6.0,11.658,9.009,9.009,9.009,-1,34.603,34.603,getup,50.396,2.068,DeadBip,-,-,True,False,NPC COM [COM ],0.2879,1.0,0.12871838834119162,0.04970527049146144,0.7723103300471497
Vayne_impacts_log_2,Vayne,female,True,,light,33483.302,124.94999999999709,2,NPC R Forearm [RLar],arm,R,light,6.0,11.658,47.037,47.037,47.037,-1,113.633,113.633,animated,334.652,3.379,DeadBip,-,-,True,False,NPC COM [COM ],0.679,1.0,0.6720531504500643,1.3549663110895702,4.032318902700386
Vayne_impacts_log_2,Vayne,female,True,,light,33723.899,29.242000000005646,2,NPC R Forearm [RLar],arm,R,light,6.0,11.658,56.898,56.898,56.898,-1,108.856,108.856,ragdoll,368.301,4.655,DeadBip,-,-,True,False,NPC COM [COM ],0.5373,1.0,0.8129447063866267,1.9826372869261162,4.87766823831976
Vayne_impacts_log_2,Vayne,female,True,,light,33939.541,54.42500000000291,2,NPC R Forearm [RLar],arm,R,light,6.0,11.658,65.009,65.009,65.009,-1,68.24,68.24,ragdoll,79.245,2.613,DeadBip,-,-,True,False,NPC COM [COM ],0.1148,1.0,0.9288326903843407,2.5881905001798375,5.572996142306044
Vayne_impacts_log_2,Vayne,female,True,,light,34403.019,211.35399999999936,2,NPC R Forearm [RLar],arm,R,light,6.0,11.658,25.147,25.147,25.147,-1,17.75,17.75,ragdoll,59.419,1.555,DeadBip,-,-,True,False,NPC COM [COM ],0.2123,1.0,0.3592941848835548,0.3872769338734142,2.1557651093013286
Vayne_impacts_log_2,Vayne,female,True,,light,37957.386,304.1660000000047,2,NPC R Forearm [RLar],arm,R,light,6.0,11.658,7.839,7.839,7.839,-1,39.971,39.971,getup,45.26,1.041,DeadBip,-,-,True,False,NPC COM [COM ],0.2937,1.0,0.11200171453064725,0.0376331521734138,0.6720102871838836
Vayne_impacts_log_2,Vayne,female,True,,light,47050.171,298.2069999999949,2,NPC R Forearm [RLar],arm,R,light,6.0,11.658,7.056,7.056,7.056,-1,39.451,39.451,getup,46.017,1.042,DeadBip,-,-,True,False,NPC COM [COM ],0.2904,1.0,0.10081440205743679,0.030490630986595546,0.6048864123446207
Vayne_impacts_log_2,Vayne,female,True,,light,48663.798,320.1990000000005,2,NPC R Forearm [RLar],arm,R,light,6.0,11.658,29.518,29.518,29.518,-1,207.008,207.008,ragdoll,276.698,21.19,DeadBip,-,-,True,False,NPC COM [COM ],0.4667,1.0,0.42174596370910133,0.5336089737147559,2.530475782254608
Vayne_impacts_log_2,Vayne,female,True,,light,53451.018,328.36500000000524,2,NPC R Forearm [RLar],arm,R,light,6.0,11.658,9.565,9.565,9.565,-1,33.941,33.941,getup,50.851,2.066,DeadBip,-,-,True,False,NPC COM [COM ],0.2943,1.0,0.13666238034004857,0.05602981860062428,0.8199742820402914
Vayne_impacts_log_2,Vayne,female,True,,light,55913.631,32.93499999999767,2,NPC R Forearm [RLar],arm,R,light,6.0,11.658,46.098,46.098,46.098,-1,109.538,109.538,ragdoll,224.201,6.54,DeadBip,-,-,True,False,NPC COM [COM ],0.6491,1.0,0.6586369481354479,1.3014078883475302,3.9518216888126876
Vayne_impacts_log_2,Vayne,female,True,,light,61205.71,304.3150000000023,2,NPC R Forearm [RLar],arm,R,light,6.0,11.658,7.445,7.445,7.445,-1,37.154,37.154,getup,45.946,0.935,DeadBip,-,-,True,False,NPC COM [COM ],0.2918,1.0,0.10637233890555794,0.033945223452716625,0.6382340334333476
Vayne_impacts_log_2,Vayne,female,True,,light,62145.674,71.87999999999738,2,NPC R Forearm [RLar],arm,R,light,6.0,11.658,24.873,24.873,24.873,-1,82.168,82.168,ragdoll,256.864,11.616,DeadBip,-,-,True,False,NPC COM [COM ],-0.1313,1.0,0.35537933990570086,0.378883425695435,2.1322760394342053
Vayne_impacts_log_2,Vayne,female,True,,light,66265.198,304.6670000000013,2,NPC R Forearm [RLar],arm,R,light,6.0,11.658,7.011,7.011,7.011,-1,30.804,30.804,getup,53.385,2.079,DeadBip,-,-,True,False,NPC COM [COM ],0.2893,1.0,0.10017145306472354,0.03010296002729433,0.6010287183883413
Vayne_impacts_log_2,Vayne,female,True,,light,68246.042,395.11500000000524,2,NPC R Forearm [RLar],arm,R,light,6.0,11.658,94.984,94.984,94.984,-1,341.734,341.734,ragdoll,102.76,46.897,DeadBip,-,-,True,False,NPC COM [COM ],0.0901,1.0,1.3571081583083298,5.52522766004108,8.142648949849978
Vayne_impacts_log_2,Vayne,female,True,,light,74170.382,306.9850000000006,2,NPC R Forearm [RLar],arm,R,light,6.0,11.658,8.912,8.912,8.912,-1,33.862,33.862,getup,50.445,2.075,DeadBip,-,-,True,False,NPC COM [COM ],0.2891,1.0,0.12733247606800974,0.04864067838483082,0.7639948564080584
Vayne_impacts_log_2,Vayne,female,True,,light,84163.259,395.4969999999885,2,NPC COM [COM ],torso,-,light,40.0,17.972,9.514,9.514,9.514,-1,36.361,36.361,getup,22.632,1.325,DeadBip,Skin,shape,True,False,NPC R Forearm [RLar],-0.2929,1.0,0.13593370481497358,0.36955944209448743,5.437348192598943
Vayne_impacts_log_2,Vayne,female,True,,light,88660.924,304.4780000000028,2,NPC R Forearm [RLar],arm,R,light,6.0,11.658,9.27,9.27,9.27,-1,34.396,34.396,getup,50.903,2.067,DeadBip,-,-,True,False,NPC COM [COM ],0.2928,1.0,0.13244749249892843,0.0526270148077611,0.7946849549935706
Vayne_impacts_log_2,Vayne,female,True,,light,109855.199,15.880000000004657,2,NPC COM [COM ],torso,-,light,40.0,17.972,8.147,8.147,8.147,-1,80.554,80.554,animated,8.516,0.305,Biped,Skin,shape,True,False,NPC R Forearm [RLar],-0.5615,1.0,0.11640234319188457,0.2709901100112255,4.656093727675382
Vayne_impacts_log_2,Vayne,female,True,,light,13571.481,349.6280000000006,2,NPC R Hand [RHnd],hand,R,light,4.0,8.334,8.565,8.565,8.565,-1,179.408,179.408,ragdoll,145.149,41.982,DeadBip,-,-,True,False,NPC COM [COM ],-0.1308,1.0,0.12237462494642092,0.02995109766155437,0.48949849978568366
Vayne_impacts_log_2,Vayne,female,True,,light,34420.376,193.99800000000687,2,NPC COM [COM ],torso,-,light,40.0,17.972,27.094,27.094,27.094,-1,7.11,7.11,ragdoll,42.495,1.257,DeadBip,Skin,shape,True,False,NPC R Hand [RHnd],0.1896,1.0,0.38711244463494787,2.997120895824912,15.484497785397915
Vayne_impacts_log_2,Vayne,female,True,,light,48663.802,55.29899999999907,2,NPC R Hand [RHnd],hand,R,light,4.0,8.334,39.765,39.765,39.765,-1,215.588,215.588,ragdoll,218.076,43.396,DeadBip,-,-,True,False,NPC COM [COM ],0.1721,1.0,0.568152593227604,0.6455947383825026,2.272610372910416
Vayne_impacts_log_2,Vayne,female,True,,light,48736.494,247.50500000000466,2,NPC R Hand [RHnd],hand,R,light,4.0,8.334,41.999,41.999,41.999,-1,28.935,28.935,ragdoll,335.308,22.252,DeadBip,-,-,True,False,NPC COM [COM ],0.0827,1.0,0.6000714387769682,0.7201714632717214,2.400285755107873
Vayne_impacts_log_2,Vayne,female,True,,light,61768.107,126.2039999999979,2,NPC R Hand [RHnd],hand,R,light,4.0,8.334,29.188,29.188,29.188,-1,241.863,241.863,animated,211.851,30.993,DeadBip,-,-,True,False,NPC COM [COM ],-0.3691,1.0,0.4170310044292042,0.34782971731046186,1.6681240177168168
Vayne_impacts_log_2,Vayne,female,True,,light,62026.907,245.56700000000274,2,NPC R Hand [RHnd],hand,R,light,4.0,8.334,31.12,31.12,31.12,-1,85.214,85.214,ragdoll,147.767,6.562,DeadBip,-,-,True,False,NPC COM [COM ],-0.1638,1.0,0.4446349478496929,0.3954004736985982,1.7785397913987715
Vayne_impacts_log_2,Vayne,female,True,,light,84482.586,96.00400000000081,2,NPC R Hand [RHnd],hand,R,light,4.0,8.334,38.01,38.01,38.01,-1,163.914,163.914,ragdoll,89.785,23.082,DeadBip,-,-,True,False,NPC COM [COM ],-0.3601,1.0,0.5430775825117874,0.5898665212536945,2.1723103300471496
Vayne_impacts_log_2,Vayne,female,True,,light,13729.418,222.1790000000001,2,NPC R Hand [RHnd],hand,R,light,4.0,8.334,11.173,11.173,11.173,-1,46.547,46.547,ragdoll,330.764,6.455,DeadBip,Skin,shape,True,False,NPC Spine1 [Spn1],-0.2446,1.0,0.15963709101300186,0.05096800165418688,0.6385483640520074
Vayne_impacts_log_2,Vayne,female,True,,light,48951.073,63.624000000003434,2,NPC R Hand [RHnd],hand,R,light,4.0,8.334,20.007,20.007,20.007,-1,173.198,173.198,ragdoll,591.75,15.087,DeadBip,Skin,shape,True,False,NPC Spine1 [Spn1],-0.1556,1.0,0.2858551221603087,0.16342630173057,1.1434204886412347
Vayne_impacts_log_2,Vayne,female,True,,light,68365.657,72.90699999999197,2,NPC R Hand [RHnd],hand,R,light,4.0,8.334,56.342,56.342,56.342,-1,273.741,273.741,ragdoll,257.004,28.436,DeadBip,Skin,shape,True,False,NPC Spine1 [Spn1],-0.308,1.0,0.8050007143877698,1.2960523003296394,3.220002857551079
Vayne_impacts_log_2,Vayne,female,True,,light,92148.618,241.30499999999302,2,NPC Spine1 [Spn1],torso,-,light,4.0,18.878,34.666,34.666,34.666,-1,160.1,160.1,getup,70.388,2.952,DeadBip,Skin,shape,True,False,NPC R Hand [RHnd],-0.5032,1.0,0.4952993284754965,0.4906428495765556,1.981197313901986
Vayne_impacts_log_2,Vayne,female,True,,light,13932.058,167.03299999999945,5,NPC Head [Head],head,-,bare,4.0,15.108,290.752,290.752,290.752,-1,235.486,235.486,ragdoll,370.45,1.555,Static,Wood,shape,False,False,,0.0,1.0,4.15419345620803,34.514646543203234,16.61677382483212
Vayne_impacts_log_2,Vayne,female,True,,light,18805.683,16.882999999997992,1,NPC Head [Head],head,-,bare,4.0,15.108,115.3,115.3,115.3,-1,196.762,196.762,ragdoll,214.584,3.218,Static,Wood,shape,False,False,,-0.0,1.0,1.6473781968852694,5.427709847145923,6.589512787541078
Vayne_impacts_log_2,Vayne,female,True,,light,13987.856,203.39800000000105,1,NPC R UpperArm [RUar],arm,R,light,2.0,14.463,22.409,22.409,22.409,-1,355.781,355.781,ragdoll,259.866,16.614,Static,Wood,shape,False,False,,-0.0,1.0,0.32017431061580226,0.10251158917830423,0.6403486212316045
Vayne_impacts_log_2,Vayne,female,True,,light,14254.161,376.4959999999992,3,NPC R UpperArm [RUar],arm,R,light,2.0,14.463,73.426,73.426,73.426,-1,158.395,158.395,ragdoll,132.73,6.748,Static,Wood,shape,False,False,,0.0,1.0,1.0490927275325048,1.1005955509615903,2.0981854550650096
Vayne_impacts_log_2,Vayne,female,True,,light,14004.802,19.490999999999985,2,NPC R Forearm [RLar],arm,R,light,6.0,11.658,142.828,142.828,142.828,-1,569.058,569.058,ragdoll,438.551,17.347,Static,Stone,shape,False,False,,-0.0,1.0,2.040691527361052,12.493265729529549,12.244149164166313
Vayne_impacts_log_2,Vayne,female,True,,light,14079.644,1216.1280000000006,2,NPC R Forearm [RLar],arm,R,light,6.0,11.658,192.509,192.509,192.509,-1,97.16,146.533,ragdoll,225.933,7.943,Static,Wood,shape,False,False,,0.0,1.0,2.7505215030718673,22.696105616582173,16.503129018431203
Vayne_impacts_log_2,Vayne,female,True,,light,14079.952,189.27200000000084,2,NPC R Hand [RHnd],hand,R,light,4.0,8.334,60.909,60.909,60.909,-1,405.672,405.672,ragdoll,282.613,20.142,Static,Stone,shape,False,False,,1.0,1.0,0.8702528932704673,1.5146801964912386,3.481011573081869
Vayne_impacts_log_2,Vayne,female,True,,light,15219.856,1932.0900000000001,3,NPC R Hand [RHnd],hand,R,light,4.0,8.334,79.566,79.566,79.566,-1,180.352,180.352,getup,174.091,7.37,Static,Stone,shape,False,False,,1.0,1.0,1.1368195456493786,2.584717358740919,4.547278182597514
Vayne_impacts_log_2,Vayne,female,True,,light,14079.96,1478.857,2,NPC R Hand [RHnd],hand,R,light,4.0,8.334,224.609,224.609,224.609,-1,248.109,248.109,ragdoll,282.613,20.142,Static,Wood,shape,False,False,,0.0,1.0,3.209158451207316,20.59739592991068,12.836633804829264
Vayne_impacts_log_2,Vayne,female,True,,light,14155.908,53.55500000000029,1,NPC R Foot [Rft ],foot,R,light,3.0,10.011,157.935,157.935,157.935,-1,475.732,475.732,ragdoll,434.489,8.524,Static,Wood,shape,False,False,,0.0,1.0,2.256536648092585,7.637936466277377,6.7696099442777555
Vayne_impacts_log_2,Vayne,female,True,,light,14209.456,850.5599999999995,2,NPC Head [Head],head,-,bare,4.0,15.108,302.593,302.593,302.593,-1,122.426,122.426,ragdoll,336.414,24.991,DeadBip,Skin,shape,True,False,NPC L Hand [LHnd],0.8832,1.0,4.323374767823975,37.38313876611402,17.2934990712959
Vayne_impacts_log_2,Vayne,female,True,,light,20384.398,145.757999999998,2,NPC L Hand [LHnd],hand,L,light,4.0,8.334,100.835,100.835,100.835,-1,219.871,219.871,getup,274.071,3.138,DeadBip,Skin,shape,True,False,NPC Head [Head],0.632,1.0,1.4407058151164451,4.151266491420682,5.7628232604657805
Vayne_impacts_log_2,Vayne,female,True,,light,20548.612,171.1479999999974,2,NPC L Hand [LHnd],hand,L,light,4.0,8.334,361.888,361.888,361.888,-1,343.093,343.093,getup,375.344,8.808,DeadBip,Skin,shape,True,False,NPC Head [Head],0.536,1.0,5.170567223889127,53.469530833513026,20.682268895556508
Vayne_impacts_log_2,Vayne,female,True,,light,56847.073,32.891999999999825,2,NPC Head [Head],head,-,bare,4.0,15.108,354.337,354.337,354.337,-1,104.993,104.993,ragdoll,46.775,6.336,DeadBip,Skin,shape,True,False,NPC L Hand [LHnd],0.717,1.0,5.062680382911845,51.261465319040845,20.25072153164738
Vayne_impacts_log_2,Vayne,female,True,,light,90741.725,54.927999999999884,2,NPC L Hand [LHnd],hand,L,light,4.0,8.334,68.759,68.759,68.759,-1,157.642,157.642,ragdoll,74.962,5.067,DeadBip,Skin,shape,True,False,NPC Head [Head],0.3531,1.0,0.9824117731104445,1.930265783892015,3.929647092441778
Vayne_impacts_log_2,Vayne,female,True,,light,98778.894,18.894000000000233,2,NPC L Hand [LHnd],hand,L,light,4.0,8.334,129.788,129.788,129.788,-1,406.417,406.417,ragdoll,228.314,17.43,DeadBip,Skin,shape,True,False,NPC Head [Head],0.83,1.0,1.8543791970281471,6.877444412741512,7.4175167881125885
Vayne_impacts_log_2,Vayne,female,True,,light,14253.901,15.317000000000917,2,NPC L Forearm [LLar],arm,L,light,2.0,11.658,7.559,7.559,7.559,-1,50.557,50.557,ragdoll,83.075,10.244,DeadBip,Skin,shape,True,False,NPC Head [Head],-0.8773,1.0,0.1080011430204315,0.011664246893719699,0.216002286040863
Vayne_impacts_log_2,Vayne,female,True,,light,14408.864,613.9050000000007,2,NPC L Forearm [LLar],arm,L,light,2.0,11.658,69.399,69.399,69.399,-1,70.248,70.248,ragdoll,23.964,3.48,DeadBip,Skin,shape,True,False,NPC Head [Head],-0.5622,1.0,0.9915559365623662,0.9831831753320711,1.9831118731247324
Vayne_impacts_log_2,Vayne,female,True,,light,20421.061,90.64999999999782,2,NPC L Forearm [LLar],arm,L,light,2.0,11.658,214.52,214.52,214.52,-1,105.649,105.649,getup,109.564,6.306,DeadBip,Skin,shape,True,False,NPC Head [Head],0.4911,1.0,3.0650092870410064,9.394281929647619,6.130018574082013
Vayne_impacts_log_2,Vayne,female,True,,light,20587.293,17.308999999997468,2,NPC L Forearm [LLar],arm,L,light,2.0,11.658,202.367,202.367,202.367,-1,159.065,159.065,getup,237.717,8.321,DeadBip,Skin,shape,True,False,NPC Head [Head],0.2421,1.0,2.891370195742249,8.360021608826571,5.782740391484498
Vayne_impacts_log_2,Vayne,female,True,,light,56847.075,33.21399999999994,2,NPC Head [Head],head,-,bare,4.0,15.108,415.888,415.888,415.888,-1,96.481,96.481,ragdoll,46.775,6.336,DeadBip,Skin,shape,True,False,NPC L Forearm [LLar],0.6883,1.0,5.942106015145021,70.61724779044529,23.768424060580085
Vayne_impacts_log_2,Vayne,female,True,,light,14254.169,1258.0660000000007,16,NPC R Calf [RClf],leg,R,light,6.0,19.675,70.787,144.554,70.787,-1,158.062,192.772,ragdoll,57.746,10.322,Static,Stone,shape,False,False,,0.0,1.0,2.0653521931704533,12.797039045502004,12.39211315902272
Vayne_impacts_log_2,Vayne,female,True,,light,14374.21,938.255000000001,1,NPC R Thigh [RThg],leg,R,light,6.0,20.487,26.43,26.43,26.43,-1,143.315,143.315,ragdoll,62.284,6.093,Static,Stone,shape,False,False,,0.0,1.0,0.3776253750535791,0.4278027716530689,2.2657522503214746
Vayne_impacts_log_2,Vayne,female,True,,light,15312.467,17.0679999999993,1,NPC R Thigh [RThg],leg,R,light,6.0,20.487,17.291,17.291,17.291,-1,149.528,149.528,getup,96.598,3.511,Static,Stone,shape,False,False,,0.0,1.0,0.24704957851121592,0.18310048272770832,1.4822974710672956
Vayne_impacts_log_2,Vayne,female,True,,light,14333.995,345.3739999999998,1,NPC R Forearm [RLar],arm,R,light,6.0,11.658,47.763,47.763,47.763,-1,26.754,26.754,ragdoll,65.182,5.337,Static,Stone,shape,False,False,,1.0,1.0,0.682426060865838,1.3971159856465933,4.094556365195028
Vayne_impacts_log_2,Vayne,female,True,,light,14986.324,36.45099999999911,1,NPC R Forearm [RLar],arm,R,light,6.0,11.658,47.818,47.818,47.818,-1,36.459,36.459,getup,46.479,1.657,Static,Stone,shape,False,False,,1.0,1.0,0.6832118874124875,1.4003354493052005,4.099271324474925
Vayne_impacts_log_2,Vayne,female,True,,light,15022.777,197.38800000000083,1,NPC R Forearm [RLar],arm,R,light,6.0,11.658,32.723,32.723,32.723,-1,79.88,79.88,getup,48.403,4.517,Static,Stone,shape,False,False,,1.0,1.0,0.467538219745678,0.6557759607688737,2.805229318474068
Vayne_impacts_log_2,Vayne,female,True,,light,14374.224,852.2579999999998,1,NPC R UpperArm [RUar],arm,R,light,2.0,14.463,62.365,62.365,62.365,-1,19.852,19.852,ragdoll,56.454,3.032,Static,Wood,shape,False,False,,1.0,1.0,0.8910558651235891,0.7939805547711479,1.7821117302471783
Vayne_impacts_log_2,Vayne,female,True,,light,14501.859,703.369999999999,1,NPC R UpperArm [RUar],arm,R,light,2.0,14.463,23.871,23.871,23.871,-1,44.933,44.933,ragdoll,31.265,2.136,Static,Stone,shape,False,False,,1.0,1.0,0.3410630090012859,0.11632397610901121,0.6821260180025718
Vayne_impacts_log_2,Vayne,female,True,,light,14427.591,17.498999999999796,1,NPC L Foot [Lft ],foot,L,light,3.0,10.011,17.015,17.015,17.015,-1,651.394,651.394,ragdoll,508.469,13.654,Static,Stone,shape,False,False,,-0.0,1.0,0.24310615802257468,0.08865090610274558,0.7293184740677241
Vayne_impacts_log_2,Vayne,female,True,,light,14445.092,17.752999999998792,1,NPC L Foot [Lft ],foot,L,light,3.0,10.011,13.066,13.066,13.066,-1,578.693,578.693,ragdoll,512.584,6.741,Static,Stone,shape,False,False,,0.0,1.0,0.18668381197313905,0.0522762684792335,0.5600514359194171
Vayne_impacts_log_2,Vayne,female,True,,light,14463.226,690.4589999999989,2,NPC L Foot [Lft ],foot,L,light,3.0,10.011,70.683,90.48,66.911,-1,488.937,488.937,ragdoll,255.071,26.648,Static,Stone,shape,False,False,,0.0,1.0,1.2927561080154308,2.5068275322168065,3.8782683240462923
Vayne_impacts_log_2,Vayne,female,True,,light,15004.066,342.66399999999885,14,NPC R Foot [Rft ],foot,R,light,3.0,10.011,177.306,447.498,177.306,-1,313.497,313.497,getup,340.317,10.123,Static,Stone,shape,False,False,,0.0,1.0,6.393741963137591,61.31990443677981,19.181225889412772
Vayne_impacts_log_2,Vayne,female,True,,light,18992.653,148.8040000000001,2,NPC R Thigh [RThg],leg,R,light,6.0,20.487,19.676,19.676,19.676,-1,60.567,60.567,ragdoll,82.449,2.199,DeadBip,Skin,shape,True,False,NPC L Calf [LClf],0.0867,1.0,0.28112587512501785,0.2370952729944214,1.6867552507501071
Vayne_impacts_log_2,Vayne,female,True,,light,23947.582,166.42799999999988,2,NPC L Calf [LClf],leg,L,light,6.0,19.675,57.599,57.599,57.599,-1,75.595,75.595,ragdoll,240.859,3.974,DeadBip,Skin,shape,True,False,NPC R Thigh [RThg],-0.1633,1.0,0.8229604229175597,2.031791573065946,4.937762537505358
Vayne_impacts_log_2,Vayne,female,True,,light,24146.896,31.66899999999805,2,NPC L Calf [LClf],leg,L,light,6.0,19.675,23.393,23.393,23.393,-1,111.056,111.056,ragdoll,400.106,1.84,DeadBip,Skin,shape,True,False,NPC R Thigh [RThg],-0.5571,1.0,0.3342334619231319,0.335136021207365,2.0054007715387914
Vayne_impacts_log_2,Vayne,female,True,,light,33483.292,124.95700000000215,2,NPC R Thigh [RThg],leg,R,light,6.0,20.487,32.454,32.454,32.454,-1,226.187,226.187,animated,163.443,4.491,DeadBip,Skin,shape,True,False,NPC L Calf [LClf],0.059,1.0,0.46369481354479214,0.6450386403250187,2.7821688812687526
Vayne_impacts_log_2,Vayne,female,True,,light,33801.574,101.75499999999738,2,NPC R Thigh [RThg],leg,R,light,6.0,20.487,101.233,101.233,101.233,-1,102.451,102.451,ragdoll,54.614,5.873,DeadBip,Skin,shape,True,False,NPC L Calf [LClf],0.1436,1.0,1.4463923417631093,6.276152418932914,8.678354050578655
Vayne_impacts_log_2,Vayne,female,True,,light,33977.28,182.82100000000355,2,NPC R Thigh [RThg],leg,R,light,6.0,20.487,45.921,45.921,45.921,-1,52.73,52.73,ragdoll,112.805,2.509,DeadBip,Skin,shape,True,False,NPC L Calf [LClf],0.4162,1.0,0.6561080154307759,1.2914331837375337,3.9366480925846554
Vayne_impacts_log_2,Vayne,female,True,,light,34727.924,419.0279999999984,2,NPC R Thigh [RThg],leg,R,light,6.0,20.487,15.605,15.605,15.605,-1,14.665,14.665,ragdoll,11.863,0.873,DeadBip,Skin,shape,True,False,NPC L Calf [LClf],0.0259,1.0,0.2229604229175597,0.1491340505627312,1.3377625375053581
Vayne_impacts_log_2,Vayne,female,True,,light,39552.218,111.7980000000025,2,NPC R Thigh [RThg],leg,R,light,6.0,20.487,137.822,137.822,137.822,-1,77.287,77.287,ragdoll,136.776,0.901,DeadBip,Skin,shape,True,False,NPC L Calf [LClf],0.6056,1.0,1.9691670238605516,11.632856303579468,11.81500214316331
Vayne_impacts_log_2,Vayne,female,True,,light,39773.952,763.4950000000026,2,NPC R Thigh [RThg],leg,R,light,6.0,20.487,46.122,46.122,46.122,-1,79.029,79.029,ragdoll,51.62,2.737,DeadBip,Skin,shape,True,False,NPC L Calf [LClf],0.3937,1.0,0.658979854264895,1.3027633449809468,3.95387912558937
Vayne_impacts_log_2,Vayne,female,True,,light,40731.12,16.383999999998196,2,NPC R Thigh [RThg],leg,R,light,6.0,20.487,24.163,24.163,24.163,-1,28.72,28.72,getup,24.806,3.386,DeadBip,Skin,shape,True,False,NPC L Calf [LClf],0.1494,1.0,0.3452350335762252,0.357561685225132,2.0714102014573514
Vayne_impacts_log_2,Vayne,female,True,,light,48950.72,109.91300000000047,2,NPC R Thigh [RThg],leg,R,light,6.0,20.487,50.072,50.072,50.072,-1,9.22,9.22,ragdoll,353.259,10.771,DeadBip,Skin,shape,True,False,NPC L Calf [LClf],-0.2637,1.0,0.7154164880697244,1.5354622542060543,4.292498928418346
Vayne_impacts_log_2,Vayne,female,True,,light,49875.325,104.63500000000204,2,NPC L Calf [LClf],leg,L,light,6.0,19.675,224.674,224.674,224.674,-1,96.371,96.371,ragdoll,269.58,4.921,DeadBip,Skin,shape,True,False,NPC R Thigh [RThg],0.0152,1.0,3.2100871553079013,30.91397863401832,19.260522931847408
Vayne_impacts_log_2,Vayne,female,True,,light,55881.856,19.411999999996624,2,NPC R Thigh [RThg],leg,R,light,6.0,20.487,26.822,26.822,26.822,-1,282.79,282.79,animated,224.54,10.116,DeadBip,Skin,shape,True,False,NPC L Calf [LClf],0.4037,1.0,0.38322617516788116,0.44058690400141065,2.299357051007287
Vayne_impacts_log_2,Vayne,female,True,,light,56513.323,150.50500000000466,2,NPC L Calf [LClf],leg,L,light,6.0,19.675,42.416,42.416,42.416,-1,45.72,45.72,ragdoll,664.793,3.741,DeadBip,Skin,shape,True,False,NPC R Thigh [RThg],-0.3789,1.0,0.6060294327761109,1.101815020172804,3.6361765966566653
Vayne_impacts_log_2,Vayne,female,True,,light,56913.518,16.608000000000175,2,NPC L Calf [LClf],leg,L,light,6.0,19.675,8.617,8.617,8.617,-1,50.551,50.551,ragdoll,241.52,7.342,DeadBip,Skin,shape,True,False,NPC R Thigh [RThg],-0.0846,1.0,0.12311758822688958,0.04547382159241782,0.7387055293613375
Vayne_impacts_log_2,Vayne,female,True,,light,62327.27,107.5280000000057,2,NPC R Thigh [RThg],leg,R,light,6.0,20.487,165.824,165.824,165.824,-1,154.017,154.017,ragdoll,34.946,4.293,DeadBip,Skin,shape,True,False,NPC L Calf [LClf],-0.5384,1.0,2.3692527503929135,16.840075785733156,14.215516502357481
Vayne_impacts_log_2,Vayne,female,True,,light,69324.992,1941.7829999999958,2,NPC R Thigh [RThg],leg,R,light,6.0,20.487,32.707,32.707,32.707,-1,10.05,10.05,ragdoll,292.287,1.899,DeadBip,Skin,shape,True,False,NPC L Calf [LClf],0.7199,1.0,0.46730961565937995,0.6551348306631523,2.80385769395628
Vayne_impacts_log_2,Vayne,female,True,,light,90515.642,32.14199999999255,2,NPC R Thigh [RThg],leg,R,light,6.0,20.487,26.032,26.032,26.032,-1,101.436,101.436,ragdoll,75.928,4.244,DeadBip,Skin,shape,True,False,NPC L Calf [LClf],-0.3487,1.0,0.3719388484069153,0.41501552086278704,2.231633090441492
Vayne_impacts_log_2,Vayne,female,True,,light,95659.925,69.61199999999371,2,NPC L Calf [LClf],leg,L,light,6.0,19.675,8.846,8.846,8.846,-1,11.679,11.679,ragdoll,283.581,5.412,DeadBip,Skin,shape,True,False,NPC R Thigh [RThg],-0.3104,1.0,0.1263894842120303,0.04792290515814917,0.7583369052721818
Vayne_impacts_log_2,Vayne,female,True,,light,95839.655,81.72299999999814,2,NPC L Calf [LClf],leg,L,light,6.0,19.675,29.275,29.275,29.275,-1,21.616,21.616,ragdoll,226.264,3.167,DeadBip,Skin,shape,True,False,NPC R Thigh [RThg],-0.0078,1.0,0.4182740391484498,0.5248595154766768,2.5096442348906987
Vayne_impacts_log_2,Vayne,female,True,,light,96829.609,91.80800000000454,2,NPC L Calf [LClf],leg,L,light,6.0,19.675,58.753,58.753,58.753,-1,83.804,83.804,getup,116.998,3.309,DeadBip,Skin,shape,True,False,NPC R Thigh [RThg],0.3574,1.0,0.839448492641806,2.1140213153958007,5.036690955850836
Vayne_impacts_log_2,Vayne,female,True,,light,99029.45,351.0020000000077,2,NPC L Calf [LClf],leg,L,light,6.0,19.675,105.563,105.563,105.563,-1,13.975,13.975,ragdoll,54.065,3.615,DeadBip,Skin,shape,True,False,NPC R Thigh [RThg],0.2903,1.0,1.508258322617517,6.824529503235018,9.049549935705102
Vayne_impacts_log_2,Vayne,female,True,,light,110151.534,182.8420000000042,2,NPC R Thigh [RThg],leg,R,light,6.0,20.487,105.913,105.913,105.913,-1,53.091,53.091,animated,108.698,1.296,Biped,Skin,shape,True,False,NPC L Calf [LClf],0.1665,1.0,1.5132590370052865,6.869858739234502,9.07955422203172
Vayne_impacts_log_2,Vayne,female,True,,light,18593.59,18.43999999999869,2,NPC R Thigh [RThg],leg,R,light,6.0,20.487,108.125,108.125,108.125,-1,162.287,162.287,animated,95.172,2.849,DeadBip,Skin,shape,True,False,NPC L Foot [Lft ],0.5581,1.0,1.544863551935991,7.159810182300859,9.269181311615945
Vayne_impacts_log_2,Vayne,female,True,,light,39608.775,17.866000000001804,2,NPC R Thigh [RThg],leg,R,light,6.0,20.487,212.719,212.719,212.719,-1,176.22,176.22,ragdoll,133.158,3.666,DeadBip,Skin,shape,True,False,NPC L Foot [Lft ],0.8622,1.0,3.0392770395770827,27.711614769901306,18.235662237462495
Vayne_impacts_log_2,Vayne,female,True,,light,39946.832,73.33399999999529,2,NPC R Thigh [RThg],leg,R,light,6.0,20.487,36.651,36.651,36.651,-1,45.37,45.37,ragdoll,32.92,3.402,DeadBip,Skin,shape,True,False,NPC L Foot [Lft ],0.3489,1.0,0.5236605229318475,0.8226610298317679,3.141963137591085
Vayne_impacts_log_2,Vayne,female,True,,light,99116.764,229.1469999999972,2,NPC L Foot [Lft ],foot,L,light,3.0,10.011,32.132,32.132,32.132,-1,45.481,45.481,ragdoll,41.067,2.952,DeadBip,Skin,shape,True,False,NPC R Thigh [RThg],0.041,1.0,0.459094156308044,0.3161511665342921,1.377282468924132
Vayne_impacts_log_2,Vayne,female,True,,light,18593.595,49.21099999999933,2,NPC R Calf [RClf],leg,R,light,6.0,19.675,90.598,90.598,90.598,-1,378.845,378.845,animated,17.544,6.955,DeadBip,Skin,shape,True,False,NPC L Foot [Lft ],-0.2131,1.0,1.294442063151879,5.026740764570679,7.766652378911274
Vayne_impacts_log_2,Vayne,female,True,,light,18958.755,265.33899999999994,2,NPC L Foot [Lft ],foot,L,light,3.0,10.011,32.151,32.151,32.151,-1,129.076,129.076,ragdoll,111.963,16.023,DeadBip,Skin,shape,True,False,NPC R Calf [RClf],-0.3865,1.0,0.459365623660523,0.3165251643015319,1.378096870981569
Vayne_impacts_log_2,Vayne,female,True,,light,22073.535,661.8240000000005,2,NPC R Calf [RClf],leg,R,light,6.0,19.675,52.145,52.145,52.145,-1,62.574,62.574,getup,24.833,2.19,DeadBip,Skin,shape,True,False,NPC L Foot [Lft ],0.7153,1.0,0.7450350050007145,1.6652314760292442,4.470210030004287
Vayne_impacts_log_2,Vayne,female,True,,light,33537.707,52.36899999999878,4,NPC L Foot [Lft ],foot,L,light,3.0,10.011,343.873,343.873,343.873,-1,258.06,258.06,ragdoll,372.619,10.135,DeadBip,Skin,shape,True,False,NPC R Calf [RClf],0.5633,1.0,4.913173310472925,36.20890796811523,14.739519931418776
Vayne_impacts_log_2,Vayne,female,True,,light,39589.867,55.66100000000006,2,NPC R Calf [RClf],leg,R,light,6.0,19.675,48.489,48.489,48.489,-1,245.427,245.427,ragdoll,95.802,11.794,DeadBip,Skin,shape,True,False,NPC L Foot [Lft ],0.7706,1.0,0.6927989712816117,1.4399112438265784,4.15679382768967
Vayne_impacts_log_2,Vayne,female,True,,light,39773.956,68.86899999999878,2,NPC R Calf [RClf],leg,R,light,6.0,19.675,62.657,62.657,62.657,-1,49.66,49.66,ragdoll,74.406,6.845,DeadBip,Skin,shape,True,False,NPC L Foot [Lft ],0.04,1.0,0.8952278896985284,2.4042989234822416,5.37136733819117
Vayne_impacts_log_2,Vayne,female,True,,light,49891.738,17.880000000004657,2,NPC L Foot [Lft ],foot,L,light,3.0,10.011,420.51,420.51,420.51,-1,148.399,148.399,ragdoll,161.131,13.894,DeadBip,Skin,shape,True,False,NPC R Calf [RClf],0.0653,1.0,6.008144020574368,54.146691857945285,18.024432061723104
Vayne_impacts_log_2,Vayne,female,True,,light,56563.084,83.94499999999971,2,NPC L Foot [Lft ],foot,L,light,3.0,10.011,33.2,33.2,33.2,-1,70.248,70.248,ragdoll,671.707,3.311,DeadBip,Skin,shape,True,False,NPC R Calf [RClf],-0.6245,1.0,0.47435347906843844,0.3375168346564972,1.4230604372053153
Vayne_impacts_log_2,Vayne,female,True,,light,61768.1,109.52999999999884,2,NPC R Calf [RClf],leg,R,light,6.0,19.675,60.525,60.525,60.525,-1,66.687,66.687,animated,80.339,5.885,DeadBip,Skin,shape,True,False,NPC L Foot [Lft ],0.5018,1.0,0.8647663951993142,2.2434627547980495,5.188598371195885
Vayne_impacts_log_2,Vayne,female,True,,light,95839.648,67.10700000000361,2,NPC L Foot [Lft ],foot,L,light,3.0,10.011,53.083,53.083,53.083,-1,120.849,120.849,ragdoll,245.051,3.902,DeadBip,Skin,shape,True,False,NPC R Calf [RClf],-0.3025,1.0,0.7584369195599372,0.8628398414273499,2.2753107586798116
Vayne_impacts_log_2,Vayne,female,True,,light,99082.091,281.28800000000047,2,NPC R Calf [RClf],leg,R,light,6.0,19.675,51.999,51.999,51.999,-1,29.003,29.003,ragdoll,32.49,0.216,DeadBip,Skin,shape,True,False,NPC L Foot [Lft ],-0.134,1.0,0.7429489927132449,1.6559196173208757,4.457693956279469
Vayne_impacts_log_2,Vayne,female,True,,light,101274.052,3784.101999999999,2,NPC L Foot [Lft ],foot,L,light,3.0,10.011,48.33,48.33,48.33,-1,91.096,91.096,getup,90.051,3.792,DeadBip,Skin,shape,True,False,NPC R Calf [RClf],-0.6947,1.0,0.6905272181740248,0.715241758558736,2.0715816545220744
Vayne_impacts_log_2,Vayne,female,True,,light,110301.099,17.05000000000291,2,NPC R Calf [RClf],leg,R,light,6.0,19.675,28.383,28.383,28.383,-1,155.362,155.362,animated,137.976,0.807,Biped,Skin,shape,True,False,NPC L Foot [Lft ],0.5811,1.0,0.4055293613373339,0.4933621887199978,2.4331761680240036
Vayne_impacts_log_2,Vayne,female,True,,light,18593.598,99.19899999999689,1,NPC R Foot [Rft ],foot,R,light,3.0,10.011,29.457,29.457,29.457,-1,101.147,101.147,animated,81.495,8.125,Static,Stone,shape,False,False,,1.0,1.0,0.42087441063009007,0.2657029042848385,1.2626232318902701
Vayne_impacts_log_2,Vayne,female,True,,light,19257.212,277.95600000000195,1,NPC R Foot [Rft ],foot,R,light,3.0,10.011,116.934,116.934,116.934,-1,217.186,217.186,ragdoll,151.747,17.781,Static,Stone,shape,False,False,,1.0,1.0,1.6707243891984571,4.186979976993837,5.012173167595371
Vayne_impacts_log_2,Vayne,female,True,,light,18692.807,16.93999999999869,1,NPC L Calf [LClf],leg,L,light,6.0,19.675,74.803,74.803,74.803,-1,76.067,76.067,ragdoll,223.842,7.702,AnimStatic,Wood,shape,False,False,,0.0,1.0,1.0687669667095299,3.4267884873884684,6.412601800257179
Vayne_impacts_log_2,Vayne,female,True,,light,18709.749,333.20100000000093,3,NPC L Calf [LClf],leg,L,light,6.0,19.675,82.587,82.587,82.587,-1,146.543,230.697,ragdoll,198.153,6.542,AnimStatic,Wood,shape,False,False,,0.0,1.0,1.1799828546935278,4.177078612112061,7.079897128161167
Vayne_impacts_log_2,Vayne,female,True,,light,18710.063,129.65400000000227,1,NPC L Foot [Lft ],foot,L,light,3.0,10.011,211.271,211.271,211.271,-1,134.062,134.062,ragdoll,228.172,12.156,AnimStatic,Wood,shape,False,False,,0.0,1.0,3.0185883697671096,13.667813619139885,9.05576510930133
Vayne_impacts_log_2,Vayne,female,True,,light,18805.228,67.38800000000265,1,NPC L UpperArm [LUar],arm,L,light,2.0,14.463,127.326,127.326,127.326,-1,232.238,232.238,ragdoll,188.04,10.062,AnimStatic,Wood,shape,False,False,,0.0,1.0,1.8192027432490356,3.3094986210448165,3.6384054864980713
Vayne_impacts_log_2,Vayne,female,True,,light,18872.618,68.90100000000166,2,NPC L UpperArm [LUar],arm,L,light,2.0,14.463,9.333,20.926,9.333,-1,155.22,155.22,ragdoll,169.747,3.97,AnimStatic,Wood,shape,False,False,,0.0,1.0,0.29898556936705245,0.08939237068974053,0.5979711387341049
Vayne_impacts_log_2,Vayne,female,True,,light,18805.692,118.74400000000242,2,NPC Spine2 [Spn2],torso,-,light,7.0,23.052,68.74,68.74,68.74,-1,130.459,130.459,ragdoll,181.701,2.802,AnimStatic,Wood,shape,False,False,,0.0,1.0,0.9821403057579654,3.376098530680224,6.874982140305757
Vayne_impacts_log_2,Vayne,female,True,,light,18855.775,136.86399999999776,1,NPC L Hand [LHnd],hand,L,light,4.0,8.334,83.017,83.017,83.017,-1,156.636,156.636,ragdoll,180.988,4.052,AnimStatic,Wood,shape,False,False,,0.0,1.0,1.1861265895127875,2.8137925726984734,4.74450635805115
Vayne_impacts_log_2,Vayne,female,True,,light,18992.643,100.37199999999939,1,NPC L Hand [LHnd],hand,L,light,4.0,8.334,12.79,12.79,12.79,-1,159.391,159.391,ragdoll,152.753,3.588,AnimStatic,Wood,shape,False,False,,0.0,1.0,0.18274039148449778,0.06678810135981501,0.7309615659379911
Vayne_impacts_log_2,Vayne,female,True,,light,18856.086,1279.8719999999994,1,NPC L Calf [LClf],leg,L,light,6.0,19.675,241.814,241.814,241.814,-1,134.127,134.127,ragdoll,140.495,16.201,Static,Stone,shape,False,False,,1.0,1.0,3.4549792827546795,35.81064553279212,20.729875696528076
Vayne_impacts_log_2,Vayne,female,True,,light,18872.927,102.34600000000137,1,NPC L Thigh [LThg],leg,L,light,6.0,20.487,23.172,23.172,23.172,-1,39.161,39.161,ragdoll,73.464,6.521,Static,Stone,shape,False,False,,1.0,1.0,0.3310758679811402,0.3288336910783961,1.9864552078868412
Vayne_impacts_log_2,Vayne,female,True,,light,19124.41,167.1229999999996,1,NPC L Thigh [LThg],leg,L,light,6.0,20.487,34.338,34.338,34.338,-1,42.814,42.814,ragdoll,84.5,3.359,Static,Stone,shape,False,False,,1.0,1.0,0.49061294470638667,0.722103184540416,2.94367766823832
Vayne_impacts_log_2,Vayne,female,True,,light,19291.535,329.14800000000105,1,NPC L Thigh [LThg],leg,L,light,6.0,20.487,20.569,20.569,20.569,-1,35.214,35.214,ragdoll,106.916,4.586,Static,Stone,shape,False,False,,1.0,1.0,0.29388484069152737,0.25910489876485326,1.7633090441491643
Vayne_impacts_log_2,Vayne,female,True,,light,18889.969,85.30899999999747,1,NPC R Calf [RClf],leg,R,light,6.0,19.675,114.14,114.14,114.14,-1,243.807,243.807,ragdoll,122.728,8.883,Static,Stone,shape,False,False,,1.0,1.0,1.6308044006286613,7.978568979329422,9.784826403771968
Vayne_impacts_log_2,Vayne,female,True,,light,19207.876,15.8849999999984,1,NPC R Calf [RClf],leg,R,light,6.0,19.675,43.217,43.217,43.217,-1,94.729,94.729,ragdoll,112.055,3.969,Static,Stone,shape,False,False,,1.0,1.0,0.6174739248464066,1.1438221435956772,3.70484354907844
Vayne_impacts_log_2,Vayne,female,True,,light,19256.824,134.83899999999994,2,NPC R Calf [RClf],leg,R,light,6.0,19.675,5.997,107.279,5.997,-1,94.433,110.043,ragdoll,100.351,6.091,Static,Stone,shape,False,False,,1.0,1.0,1.5327761108729818,7.04820781818871,9.19665666523789
Vayne_impacts_log_2,Vayne,female,True,,light,19124.42,1386.7640000000029,1,NPC R Hand [RHnd],hand,R,light,4.0,8.334,231.352,231.352,231.352,-1,67.83,67.83,ragdoll,243.511,2.408,Static,Wood,shape,False,False,,1.0,1.0,3.305500785826547,21.852670890199835,13.222003143306187
Vayne_impacts_log_2,Vayne,female,True,,light,19157.885,1353.3230000000003,1,NPC R Forearm [RLar],arm,R,light,6.0,11.658,60.17,60.17,60.17,-1,104.638,104.638,ragdoll,110.356,9.745,Static,Wood,shape,False,False,,1.0,1.0,0.8596942420345765,2.2172225693622147,5.1581654522074585
Vayne_impacts_log_2,Vayne,female,True,,light,19223.766,183.8640000000014,1,NPC R Calf [RClf],leg,R,light,6.0,19.675,25.877,25.877,25.877,-1,66.973,66.973,ragdoll,91.464,4.203,Static,Wood,shape,False,False,,1.0,1.0,0.369724246320903,0.4100880549526793,2.218345477925418
Vayne_impacts_log_2,Vayne,female,True,,light,19519.616,810.5809999999983,1,NPC R Calf [RClf],leg,R,light,6.0,19.675,25.195,25.195,25.195,-1,12.588,12.588,ragdoll,74.592,6.397,Static,Wood,shape,False,False,,1.0,1.0,0.35997999714244894,0.3887567950280326,2.1598799828546937
Vayne_impacts_log_2,Vayne,female,True,,light,20511.699,193.04699999999866,3,NPC R Calf [RClf],leg,R,light,6.0,19.675,1426.743,1426.743,1408.273,-1,120.417,164.173,getup,1251.472,54.865,Static,Wood,shape,False,False,,1.0,0.0,20.38495499357051,1246.6391702696858,122.30972996142306
Vayne_impacts_log_2,Vayne,female,True,,light,19224.096,1620.9309999999969,2,NPC R Thigh [RThg],leg,R,light,6.0,20.487,30.471,80.358,30.471,-1,23.371,92.172,ragdoll,112.016,4.513,Static,Wood,shape,False,False,,1.0,1.0,1.1481354479211316,3.9546450203191728,6.88881268752679
Vayne_impacts_log_2,Vayne,female,True,,light,19241.658,1269.5400000000009,2,NPC R UpperArm [RUar],arm,R,light,2.0,14.463,111.367,129.425,111.367,-1,56.773,64.276,ragdoll,166.813,9.653,Static,Wood,shape,False,False,,1.0,1.0,1.8491927418202603,3.419513796400732,3.6983854836405206
Vayne_impacts_log_2,Vayne,female,True,,light,19291.547,844.4180000000015,1,NPC L Thigh [LThg],leg,L,light,6.0,20.487,22.19,22.19,22.19,-1,34.845,34.845,ragdoll,106.916,4.586,Static,Wood,shape,False,False,,1.0,1.0,0.3170452921845978,0.30155315188925097,1.9022717531075868
Vayne_impacts_log_2,Vayne,female,True,,light,21488.441,2069.2700000000004,1,NPC L Thigh [LThg],leg,L,light,6.0,20.487,33.338,33.338,33.338,-1,12.735,12.735,getup,47.926,1.888,Static,Wood,shape,False,False,,1.0,1.0,0.476325189312759,0.6806570579215071,2.8579511358765544
Vayne_impacts_log_2,Vayne,female,True,,light,24131.284,15.942999999999302,1,NPC L Thigh [LThg],leg,L,light,6.0,20.487,114.188,114.188,114.188,-1,416.312,416.312,ragdoll,445.69,1.412,Static,Wood,shape,False,False,,1.0,1.0,1.6314902128875555,7.985280944243644,9.788941277325332
Vayne_impacts_log_2,Vayne,female,True,,light,19342.449,793.5099999999984,1,NPC L Foot [Lft ],foot,L,light,3.0,10.011,7.559,7.559,7.559,-1,19.785,19.785,ragdoll,20.072,1.416,Static,Stone,shape,False,False,,1.0,0.0,0.1080011430204315,0.017496370340579548,0.3240034290612945
Vayne_impacts_log_2,Vayne,female,True,,light,19325.585,1205.063000000002,1,NPC Spine [Spn0],torso,-,light,4.0,17.297,94.293,94.293,94.293,-1,131.795,131.795,ragdoll,116.406,7.808,Static,Wood,shape,False,False,,1.0,1.0,1.3472353193313333,3.6300860113075992,5.388941277325333
Vayne_impacts_log_2,Vayne,female,True,,light,20586.643,1262.3129999999983,2,NPC Spine [Spn0],torso,-,light,4.0,17.297,44.675,44.675,44.675,-1,159.675,159.675,getup,72.33,9.767,Static,Wood,shape,False,False,,1.0,1.0,0.6383054722103157,0.8148677517072683,2.553221888841263
Vayne_impacts_log_2,Vayne,female,True,,light,19342.454,49.21299999999974,1,NPC Spine1 [Spn1],torso,-,light,4.0,18.878,9.437,9.437,9.437,-1,92.66,92.66,ragdoll,46.808,6.086,Static,Wood,shape,False,False,,1.0,1.0,0.13483354764966424,0.036360171143588554,0.539334190598657
Vayne_impacts_log_2,Vayne,female,True,,light,19603.888,907.8189999999995,1,NPC Spine1 [Spn1],torso,-,light,4.0,18.878,8.571,8.571,8.571,-1,20.314,20.314,ragdoll,30.157,1.74,Static,Wood,shape,False,False,,1.0,1.0,0.12246035147878269,0.029993075368613988,0.48984140591513076
Vayne_impacts_log_2,Vayne,female,True,,light,20736.735,145.04499999999825,1,NPC Spine1 [Spn1],torso,-,light,4.0,18.878,18.169,18.169,18.169,-1,76.197,76.197,getup,51.102,3.112,Static,Wood,shape,False,False,,1.0,1.0,0.259594227746821,0.13477832615893676,1.038376910987284
Vayne_impacts_log_2,Vayne,female,True,,light,20511.717,18.43699999999808,1,NPC L Calf [LClf],leg,L,light,6.0,19.675,1036.237,1036.237,1036.237,-1,141.27,141.27,getup,1137.723,28.2,Static,Wood,shape,False,False,,1.0,1.0,14.805500785826549,657.6085605573317,88.83300471495929
Vayne_impacts_log_2,Vayne,female,True,,light,21081.295,2542.457000000002,2,NPC L Calf [LClf],leg,L,light,6.0,19.675,63.927,63.927,63.927,-1,17.675,29.418,getup,72.682,1.762,Static,Wood,shape,False,False,,1.0,1.0,0.9133733390484355,2.502752569453465,5.480240034290613
Vayne_impacts_log_2,Vayne,female,True,,light,24131.286,31.961999999999534,1,NPC L Calf [LClf],leg,L,light,6.0,19.675,107.649,107.649,107.649,-1,411.5,411.5,ragdoll,443.041,2.405,Static,Wood,shape,False,False,,1.0,1.0,1.5380625803686243,7.096909503390573,9.228375482211746
Vayne_impacts_log_2,Vayne,female,True,,light,19655.863,588.2929999999978,1,NPC R Foot [Rft ],foot,R,light,3.0,10.011,69.431,69.431,69.431,-1,34.311,34.311,ragdoll,83.609,3.955,Static,Wood,shape,False,False,,1.0,1.0,0.9920131447349622,1.4761351189904235,2.9760394342048864
Vayne_impacts_log_2,Vayne,female,True,,light,20511.704,36.43999999999869,2,NPC R Foot [Rft ],foot,R,light,3.0,10.011,727.322,727.322,727.322,-1,432.218,432.218,getup,978.079,50.98,Static,Wood,shape,False,False,,1.0,1.0,10.391798828404058,161.98422433502992,31.175396485212175
Vayne_impacts_log_2,Vayne,female,True,,light,24223.997,0.282999999999447,1,NPC R Foot [Rft ],foot,R,light,3.0,10.011,121.188,121.188,121.188,-1,438.038,438.038,ragdoll,451.129,3.2,Static,Wood,shape,False,False,,1.0,1.0,1.7315045006429493,4.497161753620183,5.1945135019288475
Vayne_impacts_log_2,Vayne,female,True,,light,20226.638,8.09400000000096,1,NPC COM [COM ],torso,-,light,40.0,17.972,119.451,119.451,119.451,-1,206.595,206.595,getup,155.005,11.354,Static,Wood,shape,False,False,,1.0,1.0,1.7066866695242178,58.255587758633325,68.2674667809687
Vayne_impacts_log_2,Vayne,female,True,,light,20277.323,34.64099999999962,1,NPC COM [COM ],torso,-,light,40.0,17.972,145.844,145.844,145.844,-1,271.676,271.676,getup,206.428,19.298,Static,Wood,shape,False,False,,1.0,1.0,2.0837833976282325,86.8430649646212,83.3513359051293
Vayne_impacts_log_2,Vayne,female,True,,light,20330.724,1555.3200000000033,2,NPC COM [COM ],torso,-,light,40.0,17.972,209.417,209.417,209.417,-1,426.604,426.604,getup,234.21,37.301,Static,Wood,shape,False,False,,1.0,1.0,2.992098871267324,179.0531131087839,119.68395485069296
Vayne_impacts_log_2,Vayne,female,True,,light,20511.713,36.89400000000023,1,NPC L Foot [Lft ],foot,L,light,3.0,10.011,840.542,840.542,840.542,-1,605.757,605.757,getup,795.828,91.657,Static,Wood,shape,False,False,,1.0,1.0,12.009458494070582,216.34063998120607,36.02837548221174
Vayne_impacts_log_2,Vayne,female,True,,light,21146.802,3077.4799999999996,2,NPC L Foot [Lft ],foot,L,light,3.0,10.011,41.283,41.283,41.283,-1,5.9,9.65,getup,52.403,2.832,Static,Wood,shape,False,False,,1.0,1.0,0.5898414059151308,0.5218693261979072,1.7695242177453925
Vayne_impacts_log_2,Vayne,female,True,,light,21033.633,326.4569999999985,1,NPC L Forearm [LLar],arm,L,light,2.0,11.658,58.809,58.809,58.809,-1,49.5,49.5,getup,62.711,5.016,Static,Wood,shape,False,False,,1.0,1.0,0.8402486069438492,0.7060177214710791,1.6804972138876983
Vayne_impacts_log_2,Vayne,female,True,,light,21049.36,1770.1349999999984,1,NPC L Hand [LHnd],hand,L,light,4.0,8.334,66.172,66.172,66.172,-1,91.591,91.591,getup,102.667,6.378,Static,Wood,shape,False,False,,1.0,1.0,0.9454493499071296,1.787748946479628,3.7817973996285184
Vayne_impacts_log_2,Vayne,female,True,,light,21665.025,183.33699999999953,2,NPC R Hand [RHnd],hand,R,light,4.0,8.334,59.542,59.542,59.542,-1,52.728,52.728,getup,122.962,2.246,DeadBip,Skin,shape,True,False,NPC L Calf [LClf],0.8509,1.0,0.8507215316473783,1.4474542488169226,3.402886126589513
Vayne_impacts_log_2,Vayne,female,True,,light,100854.829,183.8819999999978,2,NPC R Hand [RHnd],hand,R,light,4.0,8.334,23.967,23.967,23.967,-1,44.464,44.464,getup,59.511,2.179,DeadBip,Skin,shape,True,False,NPC L Calf [LClf],0.8523,1.0,0.34243463351907416,0.23452295646668525,1.3697385340762966
Vayne_impacts_log_2,Vayne,female,True,,light,21702.603,164.70999999999913,2,NPC R Hand [RHnd],hand,R,light,4.0,8.334,25.826,25.826,25.826,-1,27.835,27.835,getup,48.84,1.741,DeadBip,Skin,shape,True,False,NPC L Thigh [LThg],0.7279,1.0,0.368995570795828,0.27231546253387784,1.475982283183312
Vayne_impacts_log_2,Vayne,female,True,,light,100870.995,186.28200000000652,2,NPC R Hand [RHnd],hand,R,light,4.0,8.334,21.565,21.565,21.565,-1,24.794,24.794,getup,49.123,1.477,DeadBip,Skin,shape,True,False,NPC L Thigh [LThg],0.7408,1.0,0.3081154450635806,0.18987025497345666,1.2324617802543223
Vayne_impacts_log_2,Vayne,female,True,,light,21718.984,166.8139999999985,2,NPC R Forearm [RLar],arm,R,light,6.0,11.658,33.094,33.094,33.094,-1,59.499,59.499,getup,59.707,2.004,DeadBip,Skin,shape,True,False,NPC L Thigh [LThg],0.9287,1.0,0.47283897699671384,0.6707300945018967,2.837033861980283
Vayne_impacts_log_2,Vayne,female,True,,light,100887.661,209.64100000000326,2,NPC R Forearm [RLar],arm,R,light,6.0,11.658,27.313,27.313,27.313,-1,56.442,56.442,getup,58.184,1.77,DeadBip,Skin,shape,True,False,NPC L Thigh [LThg],0.9306,1.0,0.3902414630661523,0.4568651984880333,2.341448778396914
Vayne_impacts_log_2,Vayne,female,True,,light,24131.282,139.81300000000192,1,NPC R Hand [RHnd],hand,R,light,4.0,8.334,171.902,171.902,171.902,-1,454.016,454.016,ragdoll,485.978,0.365,Static,Wood,shape,False,False,,1.0,1.0,2.4560937276753823,12.064792798252709,9.824374910701529
Vayne_impacts_log_2,Vayne,female,True,,light,24704.604,288.13500000000204,1,NPC R Hand [RHnd],hand,R,light,4.0,8.334,77.948,77.948,77.948,-1,329.258,329.258,ragdoll,309.188,7.786,Static,Wood,shape,False,False,,1.0,1.0,1.113701957422489,2.4806640999333665,4.454807829689956
Vayne_impacts_log_2,Vayne,female,True,,light,24131.287,92.99199999999837,4,NPC L Thigh [LThg],leg,L,light,6.0,20.487,118.97,118.97,118.97,-1,416.339,416.339,ragdoll,445.69,1.412,Static,Stone,shape,False,False,,1.0,1.0,1.699814259179883,8.668105547133765,10.198885555079299
Vayne_impacts_log_2,Vayne,female,True,,light,24131.295,263.0310000000027,1,NPC L Hand [LHnd],hand,L,light,4.0,8.334,192.892,192.892,192.892,-1,432.501,432.501,ragdoll,476.423,1.621,Static,Wood,shape,False,False,,1.0,1.0,2.755993713387627,15.191002696464242,11.023974853550508
Vayne_impacts_log_2,Vayne,female,True,,light,24147.225,861.3080000000009,2,NPC L Forearm [LLar],arm,L,light,2.0,11.658,77.955,92.619,77.955,-1,431.017,431.017,ragdoll,425.411,13.852,Static,Wood,shape,False,False,,1.0,1.0,1.3233176168024003,1.7511695149395845,2.6466352336048007
Vayne_impacts_log_2,Vayne,female,True,,light,24163.835,158.77000000000044,2,NPC L Thigh [LThg],leg,L,light,6.0,20.487,92.347,92.347,92.347,-1,374.651,407.668,ragdoll,408.247,3.788,Static,Wood,shape,False,False,,1.0,1.0,1.3194313473353336,5.222697240993401,7.916588084012002
Vayne_impacts_log_2,Vayne,female,True,,light,24430.341,813.9969999999994,2,NPC L Thigh [LThg],leg,L,light,6.0,20.487,29.697,50.778,29.697,-1,314.32,328.778,ragdoll,312.153,0.663,Static,Wood,shape,False,False,,1.0,0.0,0.7255036433776254,1.5790666096626258,4.353021860265752
Vayne_impacts_log_2,Vayne,female,True,,light,25546.471,1132.780999999999,2,NPC L Thigh [LThg],leg,L,light,6.0,20.487,121.414,121.414,121.414,-1,39.404,41.023,getup,120.259,2.929,Static,Wood,shape,False,False,,1.0,1.0,1.734733533361909,9.02790129531088,10.408401200171454
Vayne_impacts_log_2,Vayne,female,True,,light,24209.066,78.78000000000247,1,NPC Spine [Spn0],torso,-,light,4.0,17.297,13.818,13.818,13.818,-1,318.482,318.482,ragdoll,370.08,4.145,Static,Wood,shape,False,False,,1.0,1.0,0.19742820402914704,0.07795579149234902,0.7897128161165882
Vayne_impacts_log_2,Vayne,female,True,,light,24223.998,0.282999999999447,1,NPC L Hand [LHnd],hand,L,light,4.0,8.334,198.887,198.887,198.887,-1,352.763,352.763,ragdoll,439.31,30.927,Static,Carpet,shape,False,False,,0.948,1.0,2.841648806972425,16.149935884335612,11.3665952278897
Vayne_impacts_log_2,Vayne,female,True,,light,24224.287,225.09500000000116,1,NPC R Thigh [RThg],leg,R,light,6.0,20.487,90.688,90.688,90.688,-1,465.221,465.221,ragdoll,409.833,5.597,Static,Wood,shape,False,False,,1.0,1.0,1.2957279611373054,5.036732847819115,7.774367766823833
Vayne_impacts_log_2,Vayne,female,True,,light,24813.163,342.35199999999895,1,NPC R Thigh [RThg],leg,R,light,6.0,20.487,17.922,17.922,17.922,-1,275.882,275.882,ragdoll,256.7,1.592,Static,Wood,shape,False,False,,1.0,1.0,0.25606515216459497,0.1967080864592315,1.53639091298757
Vayne_impacts_log_2,Vayne,female,True,,light,24224.289,80.48500000000058,2,NPC R Calf [RClf],leg,R,light,6.0,19.675,120.911,120.911,120.911,-1,418.681,421.309,ragdoll,450.606,4.069,Static,Stone,shape,False,False,,1.0,1.0,1.7275467923989143,8.953253759783333,10.365280754393485
Vayne_impacts_log_2,Vayne,female,True,,light,24304.777,18.114000000001397,1,NPC R Calf [RClf],leg,R,light,6.0,19.675,9.459,9.459,9.459,-1,405.524,405.524,ragdoll,414.111,2.005,Static,Stone,shape,False,False,,1.0,1.0,0.13514787826832406,0.05479484700128921,0.8108872696099443
Vayne_impacts_log_2,Vayne,female,True,,light,24224.29,946.2389999999978,2,NPC L Forearm [LLar],arm,L,light,2.0,11.658,174.759,174.759,174.759,-1,223.749,223.749,ragdoll,316.554,8.817,Static,Carpet,shape,False,False,,0.7759,1.0,2.4969138448349764,6.234578748528584,4.993827689669953
Vayne_impacts_log_2,Vayne,female,True,,light,25317.38,52.663000000000466,1,NPC L Forearm [LLar],arm,L,light,2.0,11.658,42.719,42.719,42.719,-1,129.509,129.509,getup,141.872,6.742,Static,Carpet,shape,False,False,,0.6954,1.0,0.6103586226603801,0.37253764825587626,1.2207172453207602
Vayne_impacts_log_2,Vayne,female,True,,light,24240.408,82.18600000000151,1,NPC R Hand [RHnd],hand,R,light,4.0,8.334,229.62,229.62,229.62,-1,296.402,296.402,ragdoll,401.721,8.365,Static,Carpet,shape,False,False,,0.813,1.0,3.280754393484784,21.526698780739423,13.123017573939135
Vayne_impacts_log_2,Vayne,female,True,,light,24624.406,117.07900000000154,1,NPC R Hand [RHnd],hand,R,light,4.0,8.334,131.067,131.067,131.067,-1,369.676,369.676,ragdoll,370.683,4.841,Static,Carpet,shape,False,False,,1.0,1.0,1.8726532361765968,7.013660285925362,7.490612944706387
Vayne_impacts_log_2,Vayne,female,True,,light,24758.779,354.91200000000026,1,NPC R Hand [RHnd],hand,R,light,4.0,8.334,31.086,31.086,31.086,-1,246.17,246.17,ragdoll,250.824,1.308,Static,Carpet,shape,False,False,,1.0,1.0,0.4441491641663095,0.3945369600592627,1.776596656665238
Vayne_impacts_log_2,Vayne,female,True,,light,24741.484,663.5989999999983,1,NPC R Calf [RClf],leg,R,light,6.0,19.675,20.425,20.425,20.425,-1,262.594,262.594,ragdoll,263.267,0.887,Static,Wood,shape,False,False,,1.0,0.0,0.291827403914845,0.2554897010270343,1.7509644234890702
Vayne_impacts_log_2,Vayne,female,True,,light,25405.084,670.0370000000003,1,NPC R Calf [RClf],leg,R,light,6.0,19.675,5.878,5.878,5.878,-1,83.341,83.341,getup,137.11,8.494,Static,Wood,shape,False,False,,1.0,0.0,0.0839834262037434,0.021159647630758838,0.5039005572224604
Vayne_impacts_log_2,Vayne,female,True,,light,24741.21,372.1860000000015,1,NPC R Forearm [RLar],arm,R,light,6.0,11.658,9.452,9.452,9.452,-1,236.836,236.836,ragdoll,252.057,1.323,Static,Carpet,shape,False,False,,1.0,1.0,0.13504786398056867,0.05471377669714254,0.810287183883412
Vayne_impacts_log_2,Vayne,female,True,,light,24449.379,238.33899999999994,1,NPC L UpperArm [LUar],arm,L,light,2.0,14.463,22.562,22.562,22.562,-1,334.347,334.347,ragdoll,341.865,3.518,Static,Carpet,shape,False,False,,1.0,1.0,0.32236033719102736,0.10391618699391286,0.6447206743820547
Vayne_impacts_log_2,Vayne,female,True,,light,24939.832,230.69400000000314,1,NPC L UpperArm [LUar],arm,L,light,2.0,14.463,14.879,14.879,14.879,-1,203.269,203.269,ragdoll,193.198,0.993,Static,Carpet,shape,False,False,,1.0,1.0,0.21258751250178598,0.04519345047169701,0.42517502500357196
Vayne_impacts_log_2,Vayne,female,True,,light,26041.467,81.90399999999863,1,NPC R Foot [Rft ],foot,R,light,3.0,10.011,32.853,32.853,32.853,-1,117.79,117.79,getup,103.85,2.934,Static,Wood,shape,False,False,,1.0,1.0,0.4693956279468496,0.33049838330342585,1.4081868838405487
Vayne_impacts_log_2,Vayne,female,True,,light,26123.372,522.9150000000009,1,NPC R Foot [Rft ],foot,R,light,3.0,10.011,21.656,21.656,21.656,-1,42.465,42.465,getup,46.258,0.271,Static,Wood,shape,False,False,,1.0,1.0,0.30941563080440065,0.14360704887912776,0.9282468924132019
Vayne_impacts_log_2,Vayne,female,True,,light,24394.055,0.27400000000125146,1,NPC R Thigh [RThg],leg,R,light,6.0,20.487,173.367,173.367,173.367,-1,319.786,319.786,ragdoll,353.605,1.431,Static,Carpet,shape,False,False,,0.8734,1.0,2.4770252893270466,18.406962851897216,14.862151735962279
Vayne_impacts_log_2,Vayne,female,True,,light,24596.311,145.16999999999825,1,NPC R Thigh [RThg],leg,R,light,6.0,20.487,27.228,27.228,27.228,-1,267.931,267.931,ragdoll,266.427,1.977,Static,Carpet,shape,False,False,,1.0,1.0,0.389027003857694,0.4540260291914828,2.334162023146164
Vayne_impacts_log_2,Vayne,female,True,,light,24776.896,1835.6159999999982,2,NPC R Thigh [RThg],leg,R,light,6.0,20.487,27.044,73.865,27.044,-1,285.9,285.9,ragdoll,268.137,1.958,Static,Carpet,shape,False,False,,1.0,1.0,1.0553650521503073,3.341386179900663,6.332190312901844
Vayne_impacts_log_2,Vayne,female,True,,light,26612.513,850.3450000000012,1,NPC R Thigh [RThg],leg,R,light,6.0,20.487,20.72,20.72,20.72,-1,32.394,32.394,getup,52.282,4.109,Static,Carpet,shape,False,False,,0.9942,1.0,0.29604229175596514,0.2629231155243719,1.776253750535791
Vayne_impacts_log_2,Vayne,female,True,,light,24394.324,36.31499999999869,1,NPC L Thigh [LThg],leg,L,light,6.0,20.487,75.975,75.975,75.975,-1,333.54,333.54,ragdoll,326.39,1.837,Static,Carpet,shape,False,False,,0.9959,1.0,1.0855122160308615,3.535010313456695,6.513073296185169
Vayne_impacts_log_2,Vayne,female,True,,light,24449.674,558.8660000000018,2,NPC L Thigh [LThg],leg,L,light,6.0,20.487,27.622,50.777,27.622,-1,302.184,324.283,ragdoll,323.311,5.032,Static,Carpet,shape,False,False,,1.0,1.0,0.7254893556222318,1.5790044153634835,4.352936133733391
Vayne_impacts_log_2,Vayne,female,True,,light,24595.917,199.1959999999999,1,NPC R Calf [RClf],leg,R,light,6.0,19.675,52.003,52.003,52.003,-1,284.015,284.015,ragdoll,281.55,2.769,Static,Carpet,shape,False,False,,1.0,1.0,0.7430061437348193,1.656174388883061,4.458036862408916
Vayne_impacts_log_2,Vayne,female,True,,light,24795.115,2721.2829999999994,3,NPC R Calf [RClf],leg,R,light,6.0,19.675,18.214,32.009,18.214,-1,254.704,254.704,ragdoll,254.34,0.91,Static,Carpet,shape,False,False,,1.0,0.0,0.45733676239462784,0.6274707427128008,2.744020574367767
Vayne_impacts_log_2,Vayne,female,True,,light,27947.71,613.719000000001,1,NPC R Calf [RClf],leg,R,light,6.0,19.675,28.944,28.944,28.944,-1,62.935,62.935,getup,57.589,1.247,Static,Carpet,shape,False,False,,1.0,1.0,0.41354479211315903,0.5130578852517478,2.4812687526789543
Vayne_impacts_log_2,Vayne,female,True,,light,25512.119,1351.8199999999997,1,NPC L Calf [LClf],leg,L,light,6.0,19.675,7.337,7.337,7.337,-1,44.179,44.179,getup,25.729,3.731,Static,Carpet,shape,False,False,,1.0,0.0,0.10482926132304615,0.032967522088606496,0.6289755679382769
Vayne_impacts_log_2,Vayne,female,True,,light,27186.316,1375.089,1,NPC L Calf [LClf],leg,L,light,6.0,19.675,73.601,73.601,73.601,-1,318.628,318.628,getup,156.694,8.24,Static,Carpet,shape,False,False,,1.0,1.0,1.0515930847263895,3.31754404753309,6.309558508358337
Vayne_impacts_log_2,Vayne,female,True,,light,24469.276,343.882999999998,1,NPC Spine [Spn0],torso,-,light,4.0,17.297,19.91,19.91,19.91,-1,340.731,340.731,ragdoll,330.958,0.831,Static,Carpet,shape,False,False,,1.0,1.0,0.28446920988712676,0.16184546274761236,1.137876839548507
Vayne_impacts_log_2,Vayne,female,True,,light,25170.797,55.052999999999884,1,NPC Spine [Spn0],torso,-,light,4.0,17.297,7.059,7.059,7.059,-1,154.2,154.2,ragdoll,157.598,0.452,Static,Carpet,shape,False,False,,1.0,1.0,0.10085726532361768,0.020344375937117225,0.4034290612944707
Vayne_impacts_log_2,Vayne,female,True,,light,25335.737,999.1229999999996,1,NPC Spine [Spn0],torso,-,light,4.0,17.297,38.593,38.593,38.593,-1,48.797,48.797,getup,42.164,2.373,Static,Carpet,shape,False,False,,1.0,0.0,0.5514073439062724,0.6081001178275404,2.2056293756250898
Vayne_impacts_log_2,Vayne,female,True,,light,24539.442,29.852999999999156,1,NPC COM [COM ],torso,-,light,40.0,17.972,11.88,11.88,11.88,-1,327.826,327.826,ragdoll,305.902,2.493,Static,Carpet,shape,False,False,,1.0,1.0,0.16973853407629663,0.5762233990074023,6.789541363051866
Vayne_impacts_log_2,Vayne,female,True,,light,25546.467,716.9929999999986,1,NPC COM [COM ],torso,-,light,40.0,17.972,28.051,28.051,28.051,-1,19.285,19.285,getup,64.771,5.308,Static,Carpet,shape,False,False,,1.0,0.0,0.4007858265466495,3.2125855752136205,16.031433061865982
Vayne_impacts_log_2,Vayne,female,True,,light,25562.966,1132.583999999999,1,NPC L Calf [LClf],leg,L,light,6.0,19.675,30.616,30.616,30.616,-1,9.917,9.917,getup,34.45,2.273,Static,Wood,shape,False,False,,1.0,1.0,0.43743391913130447,0.5740453008197178,2.624603514787827
Vayne_impacts_log_2,Vayne,female,True,,light,24609.919,95.00299999999697,1,NPC L Foot [Lft ],foot,L,light,3.0,10.011,87.783,87.783,87.783,-1,230.89,230.89,ragdoll,241.686,3.228,Static,Carpet,shape,False,False,,1.0,1.0,1.254222031718817,2.359609357273316,3.762666095156451
Vayne_impacts_log_2,Vayne,female,True,,light,24722.74,613.0010000000002,1,NPC L Foot [Lft ],foot,L,light,3.0,10.011,119.263,119.263,119.263,-1,290.756,290.756,ragdoll,271.792,5.758,Static,Carpet,shape,False,False,,1.0,1.0,1.704000571510216,4.3554269215607135,5.112001714530648
Vayne_impacts_log_2,Vayne,female,True,,light,25529.523,1409.8909999999996,1,NPC L Foot [Lft ],foot,L,light,3.0,10.011,59.991,59.991,59.991,-1,22.892,22.892,getup,64.632,1.373,Static,Carpet,shape,False,False,,1.0,1.0,0.857136733819117,1.1020250706931558,2.571410201457351
Vayne_impacts_log_2,Vayne,female,True,,light,27136.361,1425.0550000000003,2,NPC L Foot [Lft ],foot,L,light,3.0,10.011,29.092,29.092,29.092,-1,224.297,224.297,getup,176.356,5.337,Static,Carpet,shape,False,False,,1.0,1.0,0.41565937991141594,0.2591590801625142,1.2469781397342479
Vayne_impacts_log_2,Vayne,female,True,,light,24624.401,117.0789999999979,1,NPC R Foot [Rft ],foot,R,light,3.0,10.011,84.698,84.698,84.698,-1,256.731,256.731,ragdoll,277.37,3.806,Static,Carpet,shape,False,False,,1.0,1.0,1.2101443063294757,2.196673863212472,3.630432918988427
Vayne_impacts_log_2,Vayne,female,True,,light,25951.749,1787.5329999999994,1,NPC R Foot [Rft ],foot,R,light,3.0,10.011,45.597,45.597,45.597,-1,127.357,127.357,getup,127.402,2.94,Static,Carpet,shape,False,False,,1.0,1.0,0.6514787826832406,0.6366369064296554,1.9544363480497218
Vayne_impacts_log_2,Vayne,female,True,,light,27804.715,70.29999999999927,1,NPC R Foot [Rft ],foot,R,light,3.0,10.011,22.843,22.843,22.843,-1,225.13,225.13,getup,138.514,8.006,Static,Carpet,shape,False,False,,1.0,1.0,0.3263751964566367,0.1597811532931623,0.9791255893699101
Vayne_impacts_log_2,Vayne,female,True,,light,27875.017,686.4190000000017,4,NPC R Foot [Rft ],foot,R,light,3.0,10.011,41.847,42.581,41.847,-1,148.988,148.988,getup,122.039,3.791,Static,Carpet,shape,False,False,,0.993,1.0,0.6083869124160596,0.5552019527987192,1.8251607372481788
Vayne_impacts_log_2,Vayne,female,True,,light,25563.27,1319.451000000001,1,NPC L Foot [Lft ],foot,L,light,3.0,10.011,39.118,39.118,39.118,-1,30.403,30.403,getup,68.687,4.163,Static,Wood,shape,False,False,,1.0,1.0,0.5589084154879269,0.4685679253548377,1.6767252464637807
Vayne_impacts_log_2,Vayne,female,True,,light,25225.584,127.3530000000028,1,NPC L Forearm [LLar],arm,L,light,2.0,11.658,14.536,14.536,14.536,-1,145.506,145.506,ragdoll,150.758,1.44,Static,Stone,shape,False,False,,1.0,1.0,0.2076868124017717,0.04313381204560871,0.4153736248035434
Vayne_impacts_log_2,Vayne,female,True,,light,25352.939,52.147000000000844,1,NPC L Forearm [LLar],arm,L,light,2.0,11.658,16.511,16.511,16.511,-1,282.789,282.789,getup,199.202,9.308,Static,Stone,shape,False,False,,1.0,1.0,0.2359051293041863,0.05565123003202486,0.4718102586083726
Vayne_impacts_log_2,Vayne,female,True,,light,25098.953,236.77999999999884,1,NPC L Thigh [LThg],leg,L,light,6.0,20.487,20.876,20.876,20.876,-1,143.57,143.57,ragdoll,152.033,1.117,Static,Stone,shape,False,False,,1.0,0.0,0.2982711815973711,0.26689709331447575,1.7896270895842266
Vayne_impacts_log_2,Vayne,female,True,,light,25546.474,955.5160000000033,2,NPC L Thigh [LThg],leg,L,light,6.0,20.487,114.215,114.215,114.215,-1,39.418,39.418,getup,120.259,2.929,Static,Stone,shape,False,False,,1.0,1.0,1.6318759822831834,7.989057664658114,9.7912558936991
Vayne_impacts_log_2,Vayne,female,True,,light,25132.851,960.1020000000026,3,NPC R Thigh [RThg],leg,R,light,6.0,20.487,55.66,73.865,55.66,-1,169.101,169.101,getup,80.562,9.405,Static,Stone,shape,False,False,,1.0,0.0,1.0553650521503073,3.341386179900663,6.332190312901844
Vayne_impacts_log_2,Vayne,female,True,,light,26299.152,330.3770000000004,1,NPC R Thigh [RThg],leg,R,light,6.0,20.487,59.128,59.128,59.128,-1,52.448,52.448,getup,65.772,2.242,Static,Stone,shape,False,False,,1.0,1.0,0.8448064009144164,2.1410935650779086,5.068838405486498
Vayne_impacts_log_2,Vayne,female,True,,light,25132.853,2347.7819999999992,2,NPC R Hand [RHnd],hand,R,light,4.0,8.334,13.888,13.888,13.888,-1,178.468,178.468,ragdoll,177.292,0.673,Static,Wood,shape,False,False,,1.0,1.0,0.19842834690670097,0.07874761771225212,0.7937133876268039
Vayne_impacts_log_2,Vayne,female,True,,light,98720.506,58.38300000000163,1,NPC R Hand [RHnd],hand,R,light,4.0,8.334,129.873,129.873,129.873,-1,203.989,203.989,ragdoll,191.873,14.033,Static,Wood,shape,False,False,,1.0,1.0,1.8555936562366053,6.886455634131066,7.422374624946421
Vayne_impacts_log_2,Vayne,female,True,,light,25170.516,1658.2230000000018,1,NPC L Hand [LHnd],hand,L,light,4.0,8.334,25.47,25.47,25.47,-1,175.389,175.389,ragdoll,163.652,3.185,Static,Wood,shape,False,False,,1.0,1.0,0.3639091298756965,0.2648597096137731,1.455636519502786
Vayne_impacts_log_2,Vayne,female,True,,light,99631.907,5500.332999999999,1,NPC L Hand [LHnd],hand,L,light,4.0,8.334,80.665,80.665,80.665,-1,70.665,70.665,getup,94.294,3.941,Static,Wood,shape,False,False,,1.0,1.0,1.1525217888269754,2.6566129474418627,4.610087155307902
Vayne_impacts_log_2,Vayne,female,True,,light,25170.794,2274.7059999999983,2,NPC R Calf [RClf],leg,R,light,6.0,19.675,40.9,61.784,40.9,-1,92.002,98.551,getup,87.465,3.88,Static,Stone,shape,False,False,,1.0,0.0,0.8827546792398915,2.337767471159771,5.296528075439349
Vayne_impacts_log_2,Vayne,female,True,,light,25190.213,214.85399999999936,1,NPC L Forearm [LLar],arm,L,light,2.0,11.658,22.196,22.196,22.196,-1,132.985,132.985,ragdoll,151.408,2.62,Static,Wood,shape,False,False,,1.0,1.0,0.3171310187169596,0.10057208303245657,0.6342620374339192
Vayne_impacts_log_2,Vayne,female,True,,light,99705.329,858.9820000000036,2,NPC L Forearm [LLar],arm,L,light,2.0,11.658,19.198,24.244,19.198,-1,30.448,30.448,getup,34.611,1.374,Static,Wood,shape,False,False,,1.0,1.0,0.346392341763109,0.11998765443213051,0.692784683526218
Vayne_impacts_log_2,Vayne,female,True,,light,25369.776,88.03499999999985,1,NPC R Forearm [RLar],arm,R,light,6.0,11.658,49.798,49.798,49.798,-1,22.828,22.828,getup,46.556,3.496,Static,Wood,shape,False,False,,1.0,1.0,0.7115016430918704,1.5187037643672938,4.269009858551222
Vayne_impacts_log_2,Vayne,female,True,,light,98720.495,95.58100000000559,1,NPC R Forearm [RLar],arm,R,light,6.0,11.658,256.96,256.96,256.96,-1,65.992,65.992,ragdoll,224.082,14.431,Static,Wood,shape,False,False,,1.0,1.0,3.6713816259465637,40.4371291300141,22.02828975567938
Vayne_impacts_log_2,Vayne,female,True,,light,99327.712,230.84100000000035,1,NPC R Forearm [RLar],arm,R,light,6.0,11.658,66.933,66.933,66.933,-1,46.611,46.611,getup,70.163,4.774,Static,Wood,shape,False,False,,1.0,1.0,0.9563223317616804,2.7436572066782925,5.737933990570082
Vayne_impacts_log_2,Vayne,female,True,,light,25546.458,423.987000000001,1,NPC Spine2 [Spn2],torso,-,light,7.0,23.052,53.734,53.734,53.734,-1,31.949,31.949,getup,49.564,2.387,Static,Wood,shape,False,False,,1.0,1.0,0.7677382483211889,2.062977062773506,5.374167738248322
Vayne_impacts_log_2,Vayne,female,True,,light,98660.582,1249.7930000000051,1,NPC Spine2 [Spn2],torso,-,light,7.0,23.052,261.784,261.784,261.784,-1,110.579,110.579,ragdoll,304.437,3.11,Static,Wood,shape,False,False,,1.0,1.0,3.740305757965424,48.964605070742564,26.18214030575797
Vayne_impacts_log_2,Vayne,female,True,,light,25546.465,245.362000000001,1,NPC Spine [Spn0],torso,-,light,4.0,17.297,56.543,56.543,56.543,-1,41.04,41.04,getup,55.196,2.57,Static,Stone,shape,False,False,,1.0,1.0,0.8078725532218889,1.3053161244985074,3.2314902128875556
Vayne_impacts_log_2,Vayne,female,True,,light,25791.828,406.7089999999989,2,NPC Spine [Spn0],torso,-,light,4.0,17.297,23.311,23.629,23.311,-1,14.937,15.046,getup,48.112,2.822,Static,Stone,shape,False,False,,1.0,1.0,0.33760537219602804,0.22795477467123726,1.3504214887841122
Vayne_impacts_log_2,Vayne,female,True,,light,25546.48,280.9490000000005,1,NPC Head [Head],head,-,bare,4.0,15.108,38.762,38.762,38.762,-1,43.129,43.129,getup,41.545,2.959,Static,Wood,shape,False,False,,1.0,1.0,0.5538219745677955,0.6134375590283437,2.215287898271182
Vayne_impacts_log_2,Vayne,female,True,,light,98660.851,268.7569999999978,1,NPC Head [Head],head,-,bare,4.0,15.108,304.059,304.059,304.059,-1,86.746,86.746,ragdoll,320.972,23.94,Static,Wood,shape,False,False,,1.0,1.0,4.344320617231034,37.74624325059727,17.377282468924136
Vayne_impacts_log_2,Vayne,female,True,,light,25563.274,511.5519999999997,1,NPC Spine1 [Spn1],torso,-,light,4.0,18.878,27.288,27.288,27.288,-1,15.385,15.385,getup,29.77,1.357,Static,Stone,shape,False,False,,1.0,1.0,0.38988426918131164,0.30401948671009094,1.5595370767252466
Vayne_impacts_log_2,Vayne,female,True,,light,25704.487,527.1779999999999,1,NPC Spine1 [Spn1],torso,-,light,4.0,18.878,10.254,10.254,10.254,-1,24.146,24.146,getup,41.084,1.691,Static,Carpet,shape,False,False,,1.0,1.0,0.14650664380625805,0.04292839335874754,0.5860265752250322
Vayne_impacts_log_2,Vayne,female,True,,light,99222.69,1816.3329999999987,2,NPC Spine [Spn0],torso,-,light,4.0,17.297,20.736,20.736,20.736,-1,3.759,36.218,ragdoll,21.786,0.588,Static,Wood,shape,False,False,,1.0,1.0,0.29627089584226324,0.1755528874463544,1.185083583369053
Vayne_impacts_log_2,Vayne,female,True,,light,26123.386,1143.714,2,NPC R Foot [Rft ],foot,R,light,3.0,10.011,21.557,21.557,21.557,-1,42.457,42.457,getup,46.258,0.271,Static,Stone,shape,False,False,,1.0,1.0,0.30800114302043147,0.1422970561528384,0.9240034290612944
Vayne_impacts_log_2,Vayne,female,True,,light,27267.102,408.2390000000014,2,NPC R Foot [Rft ],foot,R,light,3.0,10.011,22.197,22.197,22.197,-1,25.127,25.127,getup,27.134,1.226,Static,Stone,shape,False,False,,1.0,1.0,0.31714530647235323,0.1508717181261643,0.9514359194170596
Vayne_impacts_log_2,Vayne,female,True,,light,27967.012,594.4230000000025,1,NPC R Foot [Rft ],foot,R,light,3.0,10.011,69.722,69.722,69.722,-1,24.831,24.831,getup,87.809,4.852,Static,Stone,shape,False,False,,1.0,1.0,0.9961708815545077,1.4885346378856275,2.988512644663523
Vayne_impacts_log_2,Vayne,female,True,,light,26612.502,832.9939999999988,1,NPC R Calf [RClf],leg,R,light,6.0,19.675,77.164,77.164,77.164,-1,114.158,114.158,getup,77.185,5.95,Static,Wood,shape,False,False,,1.0,1.0,1.102500357193885,3.646521112837932,6.615002143163309
Vayne_impacts_log_2,Vayne,female,True,,light,98887.287,476.096000000005,1,NPC R Calf [RClf],leg,R,light,6.0,19.675,16.262,16.262,16.262,-1,29.578,29.578,ragdoll,36.053,1.029,Static,Wood,shape,False,False,,1.0,0.0,0.23234747821117305,0.1619560518932746,1.3940848692670382
Vayne_impacts_log_2,Vayne,female,True,,light,99363.385,437.7560000000085,2,NPC R Calf [RClf],leg,R,light,6.0,19.675,65.645,68.08,65.645,-1,188.569,188.569,getup,176.723,6.564,Static,Wood,shape,False,False,,1.0,1.0,0.9727103871981713,2.838496492089649,5.836262323189027
Vayne_impacts_log_2,Vayne,female,True,,light,106768.968,1117.3300000000017,1,NPC R Calf [RClf],leg,R,light,6.0,19.675,5.53,5.53,5.53,-1,80.627,80.627,getup,77.012,1.333,Static,Wood,shape,False,False,,1.0,1.0,0.07901128732676098,0.01872835057509594,0.47406772396056585
Vayne_impacts_log_2,Vayne,female,True,,light,26629.525,778.3119999999981,1,NPC R Thigh [RThg],leg,R,light,6.0,20.487,35.687,35.687,35.687,-1,185.978,185.978,getup,103.491,5.326,Static,Wood,shape,False,False,,1.0,1.0,0.5098871267323903,0.7799546460222382,3.059322760394342
Vayne_impacts_log_2,Vayne,female,True,,light,98720.503,949.0109999999986,1,NPC R Thigh [RThg],leg,R,light,6.0,20.487,24.088,24.088,24.088,-1,121.934,121.934,ragdoll,114.515,3.819,Static,Wood,shape,False,False,,1.0,1.0,0.3441634519217031,0.35534544491598735,2.0649807115302186
Vayne_impacts_log_2,Vayne,female,True,,light,27250.655,1310.7590000000018,3,NPC L Foot [Lft ],foot,L,light,3.0,10.011,46.812,60.657,46.812,-1,69.634,134.361,getup,76.898,2.911,Static,Stone,shape,False,False,,1.0,1.0,0.866652378911273,1.126629518808853,2.599957136733819
Vayne_impacts_log_2,Vayne,female,True,,light,27317.33,181.04799999999886,1,NPC L Calf [LClf],leg,L,light,6.0,19.675,34.98,34.98,34.98,-1,35.292,35.292,getup,56.737,1.481,Static,Stone,shape,False,False,,1.0,1.0,0.4997856836690956,0.7493571888017558,2.9987141020145733
Vayne_impacts_log_2,Vayne,female,True,,light,27498.38,18.005999999997584,1,NPC L Calf [LClf],leg,L,light,6.0,19.675,53.497,53.497,53.497,-1,137.891,137.891,getup,55.902,4.61,Static,Stone,shape,False,False,,1.0,1.0,0.764352050292899,1.7527021703608752,4.586112301757394
Vayne_impacts_log_2,Vayne,female,True,,light,27986.066,18.186000000001513,1,NPC L Calf [LClf],leg,L,light,6.0,19.675,43.588,43.588,43.588,-1,81.455,81.455,getup,52.175,2.413,Static,Stone,shape,False,False,,1.0,1.0,0.6227746820974426,1.163544913984712,3.7366480925846552
Vayne_impacts_log_2,Vayne,female,True,,light,28097.525,17.65899999999965,1,NPC L Calf [LClf],leg,L,light,6.0,19.675,15.535,15.535,15.535,-1,12.945,12.945,getup,20.727,1.19,Static,Stone,shape,False,False,,1.0,1.0,0.22196028004000573,0.1477990977463133,1.3317616802400343
Vayne_impacts_log_2,Vayne,female,True,,light,28241.898,319.5089999999982,1,NPC L Calf [LClf],leg,L,light,6.0,19.675,7.124,7.124,7.124,-1,54.627,54.627,getup,50.263,0.287,Static,Stone,shape,False,False,,1.0,1.0,0.10178596942420345,0.03108115071487464,0.6107158165452207
Vayne_impacts_log_2,Vayne,female,True,,light,27967.016,594.4180000000015,1,NPC R Foot [Rft ],foot,R,light,3.0,10.011,80.559,80.559,80.559,-1,23.388,23.388,getup,87.809,4.852,Static,Wood,shape,False,False,,1.0,1.0,1.1510072867552508,1.9872266612455263,3.4530218602657525
Vayne_impacts_log_2,Vayne,female,True,,light,98700.879,19.619000000006054,1,NPC R Foot [Rft ],foot,R,light,3.0,10.011,8.296,8.296,8.296,-1,13.609,13.609,ragdoll,43.496,4.618,Static,Wood,shape,False,False,,1.0,1.0,0.11853121874553507,0.02107447472595283,0.3555936562366052
Vayne_impacts_log_2,Vayne,female,True,,light,98720.498,659.9479999999894,2,NPC R Foot [Rft ],foot,R,light,3.0,10.011,38.769,38.769,38.769,-1,151.934,255.838,ragdoll,141.9,3.867,Static,Wood,shape,False,False,,1.0,0.0,0.5539219888555508,0.4602443546065334,1.6617659665666524
Vayne_impacts_log_2,Vayne,female,True,,light,106886.434,999.8700000000099,1,NPC R Foot [Rft ],foot,R,light,3.0,10.011,18.919,18.919,18.919,-1,26.229,26.229,getup,25.458,1.634,Static,Wood,shape,False,False,,1.0,0.0,0.27031004429204175,0.10960128006774836,0.8109301328761253
Vayne_impacts_log_2,Vayne,female,True,,light,33740.122,76.61599999999453,1,NPC R Calf [RClf],leg,R,light,6.0,19.675,62.241,62.241,62.241,-1,285.373,285.373,ragdoll,126.901,11.945,Static,Stone,shape,False,False,,1.0,1.0,0.8892841834547793,2.3724790768285007,5.335705100728676
Vayne_impacts_log_2,Vayne,female,True,,light,34101.158,407.6429999999964,2,NPC R Calf [RClf],leg,R,light,6.0,19.675,68.188,68.188,68.188,-1,64.101,64.101,ragdoll,108.313,1.456,Static,StoneStairs,shape,False,False,,0.8283,1.0,0.9742534647806831,2.847509440911497,5.845520788684098
Vayne_impacts_log_2,Vayne,female,True,,light,35696.243,1474.2330000000002,6,NPC R Calf [RClf],leg,R,light,6.0,19.675,13.482,49.795,13.482,-1,179.219,179.219,getup,122.316,5.806,Static,StoneStairs,shape,False,False,,0.9945,1.0,0.7114587798256895,1.5185207861731767,4.268752678954137
Vayne_impacts_log_2,Vayne,female,True,,light,37595.633,665.9510000000009,1,NPC R Calf [RClf],leg,R,light,6.0,19.675,92.176,92.176,92.176,-1,126.149,126.149,getup,72.019,5.256,Static,StoneStairs,shape,False,False,,1.0,0.0,1.3169881411630233,5.203373291892106,7.90192884697814
Vayne_impacts_log_2,Vayne,female,True,,light,40371.579,550.7530000000042,2,NPC R Calf [RClf],leg,R,light,6.0,19.675,40.099,40.099,40.099,-1,20.537,20.537,ragdoll,34.366,2.246,Static,StoneStairs,shape,False,False,,0.5426,1.0,0.5729247035290755,0.9847281477416373,3.4375482211744535
Vayne_impacts_log_2,Vayne,female,True,,light,42128.426,646.8300000000017,2,NPC R Calf [RClf],leg,R,light,6.0,19.675,70.845,70.845,70.845,-1,36.33,36.33,getup,54.22,2.982,Static,StoneStairs,shape,False,False,,0.1738,1.0,1.0122160308615518,3.073743879399342,6.07329618516931
Vayne_impacts_log_2,Vayne,female,True,,light,43446.397,744.6550000000061,3,NPC R Calf [RClf],leg,R,light,6.0,19.675,108.618,127.517,108.618,-1,118.18,118.18,ragdoll,149.167,5.307,Static,StoneStairs,shape,False,False,,1.0,1.0,1.8219317045292185,9.95830540790623,10.931590227175311
Vayne_impacts_log_2,Vayne,female,True,,light,56763.188,167.36999999999534,1,NPC R Calf [RClf],leg,R,light,6.0,19.675,64.144,64.144,64.144,-1,581.65,581.65,ragdoll,623.724,2.9,Static,Stone,shape,False,False,,1.0,1.0,0.9164737819688529,2.5197725791088774,5.498842691813117
Vayne_impacts_log_2,Vayne,female,True,,light,57514.371,766.2810000000027,2,NPC R Calf [RClf],leg,R,light,6.0,19.675,168.096,168.096,168.096,-1,181.228,181.228,ragdoll,217.177,2.959,Static,StoneStairs,shape,False,False,,0.8297,1.0,2.4017145306472356,17.304698060166213,14.410287183883414
Vayne_impacts_log_2,Vayne,female,True,,light,58297.645,16.00900000000547,1,NPC R Calf [RClf],leg,R,light,6.0,19.675,23.508,23.508,23.508,-1,173.31,173.31,getup,127.201,4.118,Static,StoneStairs,shape,False,False,,1.0,1.0,0.3358765537933991,0.33843917816439034,2.0152593227603948
Vayne_impacts_log_2,Vayne,female,True,,light,58313.657,16.955000000001746,1,NPC R Calf [RClf],leg,R,light,6.0,19.675,8.951,8.951,8.951,-1,170.591,170.591,getup,134.122,3.4,Static,StoneStairs,shape,False,False,,1.0,1.0,0.1278896985283612,0.04906732496902535,0.7673381911701673
Vayne_impacts_log_2,Vayne,female,True,,light,59067.707,1378.3459999999977,4,NPC R Calf [RClf],leg,R,light,6.0,19.675,38.734,49.127,38.734,-1,33.925,87.409,getup,46.937,1.809,Static,StoneStairs,shape,False,False,,1.0,0.0,0.7019145592227461,1.478052145346586,4.211487355336477
Vayne_impacts_log_2,Vayne,female,True,,light,60923.022,587.0420000000013,1,NPC R Calf [RClf],leg,R,light,6.0,19.675,106.685,106.685,106.685,-1,143.554,143.554,getup,78.324,6.114,Static,StoneStairs,shape,False,False,,1.0,1.0,1.5242891841691673,6.970372550925315,9.145735105015003
Vayne_impacts_log_2,Vayne,female,True,,light,61768.097,377.5740000000005,3,NPC R Calf [RClf],leg,R,light,6.0,19.675,19.434,87.379,19.434,-1,89.194,111.664,animated,80.339,5.885,Static,StoneStairs,shape,False,False,,0.1379,1.0,1.2484497785397917,4.6758805486081645,7.49069867123875
Vayne_impacts_log_2,Vayne,female,True,,light,62309.51,1147.0989999999947,4,NPC R Calf [RClf],leg,R,light,6.0,19.675,39.601,39.601,39.601,-1,63.054,63.054,ragdoll,36.424,5.01,Static,StoneStairs,shape,False,False,,0.945,1.0,0.565809401343049,0.9604208359445385,3.394856408058294
Vayne_impacts_log_2,Vayne,female,True,,light,64697.035,832.3129999999946,1,NPC R Calf [RClf],leg,R,light,6.0,19.675,71.133,71.133,71.133,-1,48.268,48.268,getup,51.949,3.441,Static,StoneStairs,shape,False,False,,-0.0,1.0,1.0163309044149165,3.0987855218065263,6.097985426489499
Vayne_impacts_log_2,Vayne,female,True,,light,65948.695,487.0199999999895,1,NPC R Calf [RClf],leg,R,light,6.0,19.675,31.71,31.71,31.71,-1,43.956,43.956,getup,47.876,1.033,Static,StoneStairs,shape,False,False,,0.5626,1.0,0.45306472353193317,0.6158029311272011,2.718388341191599
Vayne_impacts_log_2,Vayne,female,True,,light,68130.181,382.98300000000745,5,NPC R Calf [RClf],leg,R,light,6.0,19.675,93.713,93.713,93.713,-1,25.595,80.615,ragdoll,61.944,4.226,Static,StoneStairs,shape,False,False,,0.663,1.0,1.338948421203029,5.378348623926251,8.033690527218173
Vayne_impacts_log_2,Vayne,female,True,,light,80334.226,55.37300000000687,1,NPC R Calf [RClf],leg,R,light,6.0,19.675,68.047,68.047,68.047,-1,127.638,127.638,ragdoll,151.226,4.22,Static,StoneStairs,shape,False,False,,1.0,1.0,0.9722388912701815,2.8357453850948153,5.833433347621089
Vayne_impacts_log_2,Vayne,female,True,,light,80389.601,3020.569000000003,6,NPC R Calf [RClf],leg,R,light,6.0,19.675,5.347,37.992,5.347,-1,27.765,95.844,ragdoll,63.352,3.427,Static,StoneStairs,shape,False,False,,0.9945,0.0,0.5428204029147021,0.8839619694614387,3.2569224174882128
Vayne_impacts_log_2,Vayne,female,True,,light,83896.327,662.1359999999986,1,NPC R Calf [RClf],leg,R,light,6.0,19.675,24.894,24.894,24.894,-1,122.037,122.037,getup,101.698,1.428,Static,StoneStairs,shape,False,False,,1.0,1.0,0.355679382768967,0.37952346998073994,2.134076296613802
Vayne_impacts_log_2,Vayne,female,True,,light,84708.105,3197.221000000005,12,NPC R Calf [RClf],leg,R,light,6.0,19.675,220.224,220.224,220.224,-1,208.286,211.389,ragdoll,167.97,9.939,Static,Stone,shape,False,False,,1.0,1.0,3.146506643806258,29.701512178550768,18.879039862837548
Vayne_impacts_log_2,Vayne,female,True,,light,88397.389,568.0500000000029,1,NPC R Calf [RClf],leg,R,light,6.0,19.675,19.578,19.578,19.578,-1,122.422,122.422,getup,100.322,1.663,Static,Stone,shape,False,False,,1.0,1.0,0.27972567509644236,0.2347393599244813,1.6783540505786543
Vayne_impacts_log_2,Vayne,female,True,,light,90185.538,165.4820000000036,1,NPC R Calf [RClf],leg,R,light,6.0,19.675,38.316,38.316,38.316,-1,69.731,69.731,ragdoll,40.512,5.725,Static,StoneStairs,shape,False,False,,1.0,1.0,0.5474496356622376,0.89910331076015,3.2846978139734255
Vayne_impacts_log_2,Vayne,female,True,,light,90911.479,1004.8669999999984,2,NPC R Calf [RClf],leg,R,light,6.0,19.675,259.169,259.169,259.169,-1,132.975,132.975,ragdoll,168.544,8.957,Static,StoneStairs,shape,False,False,,0.952,1.0,3.7029432776110873,41.13536675161543,22.217659665666524
Vayne_impacts_log_2,Vayne,female,True,,light,92687.739,375.26200000000244,1,NPC R Calf [RClf],leg,R,light,6.0,19.675,138.072,138.072,138.072,-1,165.389,165.389,ragdoll,87.05,14.774,Static,StoneStairs,shape,False,False,,1.0,1.0,1.9727389627089587,11.675097044970055,11.836433776253752
Vayne_impacts_log_2,Vayne,female,True,,light,93713.448,150.72699999999895,2,NPC R Calf [RClf],leg,R,light,6.0,19.675,608.7,608.7,608.7,-1,352.221,352.221,ragdoll,519.187,24.743,Static,Stone,shape,False,False,,1.0,1.0,8.696956708101158,226.9111679477572,52.18174024860695
Vayne_impacts_log_2,Vayne,female,True,,light,94065.653,132.11299999999756,1,NPC R Calf [RClf],leg,R,light,6.0,19.675,23.621,23.621,23.621,-1,162.156,162.156,ragdoll,161.458,2.879,Static,Stone,shape,False,False,,1.0,1.0,0.337491070152879,0.34170066729880644,2.024946420917274
Vayne_impacts_log_2,Vayne,female,True,,light,94364.689,1312.2309999999998,2,NPC R Calf [RClf],leg,R,light,6.0,19.675,186.06,186.06,186.06,-1,38.864,100.796,getup,244.738,4.778,Static,Stone,shape,False,False,,1.0,1.0,2.6583797685383628,21.200948981322238,15.950278611230177
Vayne_impacts_log_2,Vayne,female,True,,light,33483.299,194.59500000000116,2,NPC R Foot [Rft ],foot,R,light,3.0,10.011,110.107,110.107,108.061,-1,91.738,138.287,animated,57.521,20.662,Static,Stone,shape,False,False,,1.0,0.0,1.573181883126161,3.7123518560945614,4.7195456493784835
Vayne_impacts_log_2,Vayne,female,True,,light,33816.742,105.02200000000448,1,NPC R Foot [Rft ],foot,R,light,3.0,10.011,101.701,101.701,101.701,-1,258.448,258.448,ragdoll,90.669,22.95,Static,Stone,shape,False,False,,1.0,1.0,1.4530790112873269,3.167157919565633,4.35923703386198
Vayne_impacts_log_2,Vayne,female,True,,light,34845.282,252.27900000000227,1,NPC R Foot [Rft ],foot,R,light,3.0,10.011,30.706,30.706,30.706,-1,20.967,20.967,ragdoll,34.106,0.797,Static,Stone,shape,False,False,,1.0,1.0,0.43871981711673097,0.2887126168964068,1.3161594513501929
Vayne_impacts_log_2,Vayne,female,True,,light,36921.188,177.0989999999947,1,NPC R Foot [Rft ],foot,R,light,3.0,10.011,31.884,31.884,31.884,-1,23.696,23.696,getup,39.098,2.138,Static,StoneStairs,shape,False,False,,1.0,1.0,0.4555507929704244,0.3112897874639737,1.3666523789112732
Vayne_impacts_log_2,Vayne,female,True,,light,37098.291,300.20300000000134,1,NPC R Foot [Rft ],foot,R,light,3.0,10.011,35.785,35.785,35.785,-1,25.132,25.132,getup,49.692,2.616,Static,StoneStairs,shape,False,False,,0.9991,1.0,0.5112873267609659,0.39212209575956203,1.5338619802828977
Vayne_impacts_log_2,Vayne,female,True,,light,37630.895,630.6940000000031,2,NPC R Foot [Rft ],foot,R,light,3.0,10.011,33.397,33.397,33.397,-1,96.642,96.642,getup,85.271,2.632,Static,StoneStairs,shape,False,False,,1.0,1.0,0.477168166880983,0.3415341892268365,1.431504500642949
Vayne_impacts_log_2,Vayne,female,True,,light,39842.817,493.1479999999938,4,NPC R Foot [Rft ],foot,R,light,3.0,10.011,169.198,169.198,169.198,-1,149.458,149.458,ragdoll,218.089,7.001,Static,StoneStairs,shape,False,False,,0.2812,1.0,2.4174596370910133,8.76616664544632,7.2523789112730395
Vayne_impacts_log_2,Vayne,female,True,,light,43540.511,53.358000000000175,1,NPC R Foot [Rft ],foot,R,light,3.0,10.011,187.123,187.123,187.123,-1,108.836,108.836,ragdoll,213.068,3.125,Static,StoneStairs,shape,False,False,,1.0,1.0,2.673567652521789,10.721945988916303,8.020702957565366
Vayne_impacts_log_2,Vayne,female,True,,light,58164.657,232.3680000000022,1,NPC R Foot [Rft ],foot,R,light,3.0,10.011,184.842,184.842,184.842,-1,144.656,144.656,ragdoll,209.694,7.204,Static,StoneStairs,shape,False,False,,1.0,1.0,2.6409772824689246,10.46214150977542,7.922931847406774
Vayne_impacts_log_2,Vayne,female,True,,light,60835.405,18.088999999999942,1,NPC R Foot [Rft ],foot,R,light,3.0,10.011,49.623,49.623,49.623,-1,139.408,139.408,getup,119.885,3.716,Static,StoneStairs,shape,False,False,,1.0,1.0,0.7090012858979854,0.7540242351074953,2.127003857693956
Vayne_impacts_log_2,Vayne,female,True,,light,60853.497,656.5720000000001,4,NPC R Foot [Rft ],foot,R,light,3.0,10.011,50.427,50.427,50.427,-1,137.801,160.299,getup,123.721,3.312,Static,StoneStairs,shape,False,False,,1.0,1.0,0.7204886412344621,0.7786558232218221,2.1614659237033864
Vayne_impacts_log_2,Vayne,female,True,,light,62833.348,52.41400000000431,1,NPC R Foot [Rft ],foot,R,light,3.0,10.011,18.301,18.301,18.301,-1,43.962,43.962,ragdoll,53.666,2.112,Static,StoneStairs,shape,False,False,,1.0,1.0,0.2614802114587798,0.1025578514767923,0.7844406343763395
Vayne_impacts_log_2,Vayne,female,True,,light,62885.765,506.93100000000413,2,NPC R Foot [Rft ],foot,R,light,3.0,10.011,28.891,28.891,28.891,-1,80.504,80.704,ragdoll,59.319,3.811,Static,StoneStairs,shape,False,False,,1.0,1.0,0.41278754107729676,0.2555903311029614,1.2383626232318903
Vayne_impacts_log_2,Vayne,female,True,,light,66019.42,18.320999999996275,1,NPC R Foot [Rft ],foot,R,light,3.0,10.011,17.647,17.647,17.647,-1,32.714,32.714,getup,52.215,3.437,Static,StoneStairs,shape,False,False,,0.0,1.0,0.25213601943134734,0.09535885844202713,0.756408058294042
Vayne_impacts_log_2,Vayne,female,True,,light,68130.183,115.85499999999593,2,NPC R Foot [Rft ],foot,R,light,3.0,10.011,21.037,64.251,21.037,-1,88.09,90.925,ragdoll,114.028,26.77,Static,StoneStairs,shape,False,False,,-0.0,1.0,0.918002571795971,1.2640930827360255,2.754007715387913
Vayne_impacts_log_2,Vayne,female,True,,light,68246.04,289.1900000000023,2,NPC R Foot [Rft ],foot,R,light,3.0,10.011,64.105,64.105,64.105,-1,155.754,238.822,ragdoll,77.827,16.778,Static,StoneStairs,shape,False,False,,1.0,0.0,0.9159165595085014,1.2583547159728352,2.747749678525504
Vayne_impacts_log_2,Vayne,female,True,,light,79819.382,253.98700000000827,3,NPC R Foot [Rft ],foot,R,light,3.0,10.011,11.098,111.523,11.098,-1,28.864,314.679,animated,37.808,4.194,Static,StoneStairs,shape,False,False,,1.0,1.0,1.5934133447635377,3.8084491309057866,4.780240034290613
Vayne_impacts_log_2,Vayne,female,True,,light,82066.36,1576.3300000000017,10,NPC R Foot [Rft ],foot,R,light,3.0,10.011,22.215,34.118,22.215,-1,49.039,49.441,getup,51.717,0.477,Static,StoneStairs,shape,False,False,,1.0,1.0,0.4874696385197886,0.35643997271792,1.4624089155593658
Vayne_impacts_log_2,Vayne,female,True,,light,83794.325,998.148000000001,8,NPC R Foot [Rft ],foot,R,light,3.0,10.011,15.815,65.657,15.815,-1,233.402,233.402,getup,158.445,9.035,Static,StoneStairs,shape,False,False,,1.0,1.0,0.9380911558794114,1.3200225251087552,2.814273467638234
Vayne_impacts_log_2,Vayne,female,True,,light,85691.341,252.2890000000043,1,NPC R Foot [Rft ],foot,R,light,3.0,10.011,18.493,18.493,18.493,-1,46.916,46.916,getup,36.864,3.273,Static,StoneStairs,shape,False,False,,0.9999,1.0,0.26422346049435635,0.10472105561341905,0.7926703814830691
Vayne_impacts_log_2,Vayne,female,True,,light,86405.143,171.70700000000943,6,NPC R Foot [Rft ],foot,R,light,3.0,10.011,13.037,20.271,13.037,-1,126.772,126.772,getup,112.937,2.433,Static,StoneStairs,shape,False,False,,1.0,1.0,0.28962708958422634,0.1258257765315442,0.868881268752679
Vayne_impacts_log_2,Vayne,female,True,,light,86576.852,1543.8099999999977,14,NPC R Foot [Rft ],foot,R,light,3.0,10.011,14.903,21.837,14.903,-1,1.822,31.993,getup,12.938,1.719,Static,StoneStairs,shape,False,False,,1.0,1.0,0.31200171453064723,0.14601760480509524,0.9360051435919416
Vayne_impacts_log_2,Vayne,female,True,,light,88331.304,634.1449999999895,2,NPC R Foot [Rft ],foot,R,light,3.0,10.011,33.824,57.857,33.824,-1,145.617,145.617,getup,117.185,6.117,Static,Stone,shape,False,False,,1.0,1.0,0.8266466638091157,1.0250170601801116,2.4799399914273472
Vayne_impacts_log_2,Vayne,female,True,,light,90161.517,284.6789999999892,1,NPC R Foot [Rft ],foot,R,light,3.0,10.011,47.409,47.409,47.409,-1,48.393,48.393,ragdoll,21.007,17.966,Static,StoneStairs,shape,False,False,,1.0,0.0,0.6773681954564938,0.6882415083239803,2.0321045863694813
Vayne_impacts_log_2,Vayne,female,True,,light,92705.533,424.3249999999971,3,NPC R Foot [Rft ],foot,R,light,3.0,10.011,22.834,138.82,22.834,-1,25.456,100.882,ragdoll,81.718,13.369,Static,StoneStairs,shape,False,False,,0.9939,1.0,1.983426203743392,5.900969258543886,5.950278611230177
Vayne_impacts_log_2,Vayne,female,True,,light,93746.619,451.1499999999942,1,NPC R Foot [Rft ],foot,R,light,3.0,10.011,170.02,170.02,170.02,-1,505.997,505.997,ragdoll,324.516,35.726,Static,Stone,shape,False,False,,1.0,1.0,2.4292041720245754,8.851549364072405,7.287612516073726
Vayne_impacts_log_2,Vayne,female,True,,light,94397.244,148.75799999998708,1,NPC R Foot [Rft ],foot,R,light,3.0,10.011,96.385,96.385,96.385,-1,17.744,17.744,getup,106.269,2.817,Static,Stone,shape,False,False,,1.0,1.0,1.3771253036148023,2.8447111527842424,4.131375910844407
Vayne_impacts_log_2,Vayne,female,True,,light,94865.102,881.4049999999988,1,NPC R Foot [Rft ],foot,R,light,3.0,10.011,67.963,67.963,67.963,-1,174.561,174.561,getup,167.66,5.402,Static,Stone,shape,False,False,,1.0,1.0,0.9710387198171168,1.4143742930760976,2.9131161594513504
Vayne_impacts_log_2,Vayne,female,True,,light,33677.612,90.95300000000134,2,NPC L Foot [Lft ],foot,L,light,3.0,10.011,166.581,166.581,166.581,-1,99.318,101.24,ragdoll,197.957,3.388,Static,Stone,shape,False,False,,1.0,1.0,2.3800685812258893,8.497089677007926,7.140205743677668
Vayne_impacts_log_2,Vayne,female,True,,light,35007.718,123.12700000000041,1,NPC L Foot [Lft ],foot,L,light,3.0,10.011,21.978,21.978,21.978,-1,98.289,98.289,getup,116.687,4.028,Static,Stone,shape,False,False,,1.0,1.0,0.3140162880411488,0.14790934373271258,0.9420488641234464
Vayne_impacts_log_2,Vayne,female,True,,light,36921.179,1340.3930000000037,2,NPC L Foot [Lft ],foot,L,light,3.0,10.011,51.76,51.76,51.76,-1,81.003,81.003,getup,81.515,3.69,Static,StoneStairs,shape,False,False,,1.0,1.0,0.7395342191741677,0.8203662919943189,2.2186026575225033
Vayne_impacts_log_2,Vayne,female,True,,light,39589.858,55.66100000000006,1,NPC L Foot [Lft ],foot,L,light,3.0,10.011,41.316,41.316,41.316,-1,196.393,196.393,ragdoll,40.1,17.069,Static,StoneStairs,shape,False,False,,1.0,1.0,0.5903129018431206,0.5227039831236685,1.7709387055293617
Vayne_impacts_log_2,Vayne,female,True,,light,42641.446,187.5179999999964,2,NPC L Foot [Lft ],foot,L,light,3.0,10.011,78.956,78.956,78.956,-1,214.424,214.424,getup,203.195,13.099,Static,StoneStairs,shape,False,False,,1.0,1.0,1.1281040148592658,1.9089280025123918,3.3843120445777974
Vayne_impacts_log_2,Vayne,female,True,,light,44004.202,99.88700000000244,2,NPC L Foot [Lft ],foot,L,light,3.0,10.011,27.097,27.097,27.097,-1,243.196,252.73,ragdoll,188.37,6.558,Static,Stone,shape,False,False,,-0.0,1.0,0.3871553079011288,0.22483384865402678,1.1614659237033864
Vayne_impacts_log_2,Vayne,female,True,,light,44389.501,1031.757000000005,9,NPC L Foot [Lft ],foot,L,light,3.0,10.011,25.172,45.104,25.172,-1,82.445,82.445,getup,88.652,4.166,Static,Stone,shape,False,False,,-0.0,1.0,0.6444349192741821,0.6229445477698823,1.9333047578225462
Vayne_impacts_log_2,Vayne,female,True,,light,45997.019,1351.3799999999974,5,NPC L Foot [Lft ],foot,L,light,3.0,10.011,67.518,67.518,67.518,-1,94.233,94.233,getup,97.405,4.21,Static,StoneStairs,shape,False,False,,0.0,1.0,0.9646806686669525,1.3959131887495777,2.8940420060008574
Vayne_impacts_log_2,Vayne,female,True,,light,56796.7,116.52200000000448,1,NPC L Foot [Lft ],foot,L,light,3.0,10.011,117.737,117.737,117.737,-1,576.369,576.369,ragdoll,572.229,2.923,Static,Stone,shape,False,False,,1.0,1.0,1.68219745677954,4.244682425393329,5.04659237033862
Vayne_impacts_log_2,Vayne,female,True,,light,60223.925,1286.125,3,NPC L Foot [Lft ],foot,L,light,3.0,10.011,146.967,146.967,143.962,-1,88.813,88.813,getup,122.635,13.365,Static,StoneStairs,shape,False,False,,0.8148,0.0,2.0998285469352767,6.613919889786473,6.29948564080583
Vayne_impacts_log_2,Vayne,female,True,,light,61768.089,159.37200000000303,2,NPC L Foot [Lft ],foot,L,light,3.0,10.011,61.414,64.743,61.414,-1,19.806,26.311,animated,49.695,12.971,Static,StoneStairs,shape,False,False,,1.0,1.0,0.9250321474496357,1.283526710722927,2.7750964423489073
Vayne_impacts_log_2,Vayne,female,True,,light,65209.859,1360.044000000009,7,NPC L Foot [Lft ],foot,L,light,3.0,10.011,189.481,189.481,189.481,-1,13.352,159.371,getup,188.24,3.946,Static,StoneStairs,shape,False,False,,-0.0,1.0,2.707258179739963,10.993870277653405,8.121774539219889
Vayne_impacts_log_2,Vayne,female,True,,light,68091.963,366.5179999999964,4,NPC L Foot [Lft ],foot,L,light,3.0,10.011,8.29,83.741,8.29,-1,7.38,88.104,animated,23.088,5.52,Static,StoneStairs,shape,False,False,,1.0,0.0,1.196470924417774,2.147314009465684,3.589412773253322
Vayne_impacts_log_2,Vayne,female,True,,light,79911.645,89.13300000000163,1,NPC L Foot [Lft ],foot,L,light,3.0,10.011,133.124,133.124,133.124,-1,307.723,307.723,ragdoll,188.908,16.179,Static,StoneStairs,shape,False,False,,1.0,1.0,1.9020431490212888,5.42665221110823,5.706129447063867
Vayne_impacts_log_2,Vayne,female,True,,light,83116.683,1538.525999999998,7,NPC L Foot [Lft ],foot,L,light,3.0,10.011,29.002,216.158,29.002,-1,193.838,249.017,getup,163.556,5.117,Static,StoneStairs,shape,False,False,,0.9945,1.0,3.088412630375768,14.307438863196856,9.265237891127304
Vayne_impacts_log_2,Vayne,female,True,,light,87636.406,1329.0209999999934,2,NPC L Foot [Lft ],foot,L,light,3.0,10.011,52.444,52.444,52.444,-1,83.712,83.712,getup,84.787,4.08,Static,Stone,shape,False,False,,1.0,1.0,0.7493070438634092,0.8421915689749815,2.2479211315902274
Vayne_impacts_log_2,Vayne,female,True,,light,90949.972,913.8020000000106,8,NPC L Foot [Lft ],foot,L,light,3.0,10.011,167.419,167.419,167.419,-1,131.71,219.747,ragdoll,194.826,10.306,Static,StoneStairs,shape,False,False,,1.0,1.0,2.3920417202457496,8.582795387094368,7.176125160737248
Vayne_impacts_log_2,Vayne,female,True,,light,92720.709,359.01299999999173,4,NPC L Foot [Lft ],foot,L,light,3.0,10.011,179.45,179.45,179.45,-1,129.693,129.693,ragdoll,201.488,3.505,Static,StoneStairs,shape,False,False,,0.9999,1.0,2.563937705386484,9.860664835653763,7.691813116159452
Vayne_impacts_log_2,Vayne,female,True,,light,93730.246,166.54499999999825,1,NPC L Foot [Lft ],foot,L,light,3.0,10.011,385.406,385.406,385.406,-1,276.164,276.164,ragdoll,478.243,8.413,Static,Stone,shape,False,False,,1.0,1.0,5.506586655236463,45.48374488744244,16.51975996570939
Vayne_impacts_log_2,Vayne,female,True,,light,94380.631,1413.392000000007,1,NPC L Foot [Lft ],foot,L,light,3.0,10.011,98.123,98.123,98.123,-1,61.124,61.124,getup,117.001,4.701,Static,Stone,shape,False,False,,1.0,1.0,1.401957422488927,2.9482269217076937,4.2058722674667814
Vayne_impacts_log_2,Vayne,female,True,,light,33707.908,143.12199999999575,1,NPC L Calf [LClf],leg,L,light,6.0,19.675,213.298,213.298,213.298,-1,48.252,48.252,ragdoll,143.057,7.137,Static,Stone,shape,False,False,,1.0,1.0,3.047549649949993,27.86267660673098,18.28529789969996
Vayne_impacts_log_2,Vayne,female,True,,light,39533.973,1298.8970000000045,3,NPC L Calf [LClf],leg,L,light,6.0,19.675,76.884,76.884,76.884,-1,74.666,74.666,ragdoll,94.189,3.389,Static,StoneStairs,shape,False,False,,0.5314,1.0,1.0984997856836691,3.6201053374412013,6.590998714102015
Vayne_impacts_log_2,Vayne,female,True,,light,42674.932,85.38799999999901,1,NPC L Calf [LClf],leg,L,light,6.0,19.675,101.266,101.266,101.266,-1,159.327,159.327,getup,101.637,4.644,Static,StoneStairs,shape,False,False,,1.0,1.0,1.446863837691099,6.280244894454644,8.681183026146593
Vayne_impacts_log_2,Vayne,female,True,,light,42760.322,798.3050000000003,2,NPC L Calf [LClf],leg,L,light,6.0,19.675,20.314,352.823,20.314,-1,205.632,334.437,ragdoll,137.606,9.974,Static,StoneStairs,shape,False,False,,0.9973,1.0,5.041048721245892,76.23651662992454,30.246292327475352
Vayne_impacts_log_2,Vayne,female,True,,light,44549.811,949.0349999999962,8,NPC L Calf [LClf],leg,L,light,6.0,19.675,39.255,58.929,39.255,-1,23.412,72.66,getup,34.655,2.029,Static,StoneStairs,shape,False,False,,1.0,1.0,0.8419631375910845,2.1267057751866707,5.051778825546507
Vayne_impacts_log_2,Vayne,female,True,,light,45965.777,1024.3050000000003,5,NPC L Calf [LClf],leg,L,light,6.0,19.675,11.127,32.319,11.127,-1,141.469,141.469,getup,127.538,3.721,Static,StoneStairs,shape,False,False,,0.5185,1.0,0.4617659665666525,0.6396834236377045,2.770595799399915
Vayne_impacts_log_2,Vayne,female,True,,light,47009.757,19.418000000005122,1,NPC L Calf [LClf],leg,L,light,6.0,19.675,26.363,26.363,26.363,-1,105.114,105.114,getup,22.21,4.648,Static,StoneStairs,shape,False,False,,1.0,1.0,0.37666809544220603,0.42563656237217645,2.260008572653236
Vayne_impacts_log_2,Vayne,female,True,,light,56847.071,148.68699999999808,1,NPC L Calf [LClf],leg,L,light,6.0,19.675,56.445,56.445,56.445,-1,432.151,432.151,ragdoll,461.557,2.988,Static,Stone,shape,False,False,,1.0,1.0,0.8064723531933133,1.951192969395481,4.8388341191598805
Vayne_impacts_log_2,Vayne,female,True,,light,57096.892,49.125,1,NPC L Calf [LClf],leg,L,light,6.0,19.675,382.948,382.948,382.948,-1,256.487,256.487,ragdoll,280.206,14.895,Static,StoneStairs,shape,False,False,,0.0,1.0,5.471467352478926,89.81086496772824,32.828804114873556
Vayne_impacts_log_2,Vayne,female,True,,light,57146.019,66.73500000000058,1,NPC L Calf [LClf],leg,L,light,6.0,19.675,75.816,75.816,75.816,-1,218.523,218.523,ragdoll,121.426,6.881,Static,StoneStairs,shape,False,False,,0.0756,1.0,1.0832404629232748,3.520229701542692,6.499442777539649
Vayne_impacts_log_2,Vayne,female,True,,light,57814.197,483.4599999999991,2,NPC L Calf [LClf],leg,L,light,6.0,19.675,59.067,59.067,59.067,-1,38.526,38.526,ragdoll,75.363,1.881,Static,StoneStairs,shape,False,False,,0.8511,1.0,0.8439348478354052,2.1366780821729057,5.063609087012431
Vayne_impacts_log_2,Vayne,female,True,,light,61768.768,90.583000000006,1,NPC L Calf [LClf],leg,L,light,6.0,19.675,46.561,46.561,46.561,-1,106.697,106.697,ragdoll,73.002,5.354,Static,StoneStairs,shape,False,False,,1.0,1.0,0.6652521788826976,1.32768138452453,3.9915130732961854
Vayne_impacts_log_2,Vayne,female,True,,light,62902.694,521.2679999999964,4,NPC L Calf [LClf],leg,L,light,6.0,19.675,102.594,102.594,102.594,-1,87.229,87.229,ragdoll,117.407,4.852,Static,StoneStairs,shape,False,False,,1.0,1.0,1.4658379768538363,6.446042923160844,8.795027861123017
Vayne_impacts_log_2,Vayne,female,True,,light,65176.098,1393.796000000002,3,NPC L Calf [LClf],leg,L,light,6.0,19.675,80.082,112.539,80.082,-1,135.988,135.988,getup,122.77,3.901,Static,StoneStairs,shape,False,False,,0.7283,1.0,1.6079297042434635,7.756313801365416,9.64757822546078
Vayne_impacts_log_2,Vayne,female,True,,light,68113.254,289.0249999999942,3,NPC L Calf [LClf],leg,L,light,6.0,19.675,150.43,150.43,150.43,-1,54.452,66.993,ragdoll,80.888,7.953,Static,StoneStairs,shape,False,False,,0.0,0.0,2.149307043863409,13.8585623064026,12.895842263180455
Vayne_impacts_log_2,Vayne,female,True,,light,83177.185,1381.5660000000062,1,NPC L Calf [LClf],leg,L,light,6.0,19.675,30.758,30.758,30.758,-1,56.435,56.435,getup,49.986,2.426,Static,StoneStairs,shape,False,False,,1.0,1.0,0.4394627803971996,0.5793826060633118,2.6367766823831977
Vayne_impacts_log_2,Vayne,female,True,,light,84758.07,158.44899999999325,3,NPC L Calf [LClf],leg,L,light,6.0,19.675,92.026,199.506,92.026,-1,286.522,286.522,ragdoll,106.832,23.954,Static,StoneStairs,shape,False,False,,0.9945,1.0,2.8504929275610804,24.375929790227218,17.10295756536648
Vayne_impacts_log_2,Vayne,female,True,,light,85306.021,476.16500000000815,2,NPC L Calf [LClf],leg,L,light,6.0,19.675,60.584,78.271,60.584,-1,3.003,23.697,ragdoll,91.064,2.252,Static,StoneStairs,shape,False,False,,1.0,1.0,1.1183169024146307,3.751898082678764,6.709901414487784
Vayne_impacts_log_2,Vayne,female,True,,light,85926.641,1309.150999999998,1,NPC L Calf [LClf],leg,L,light,6.0,19.675,153.521,153.521,153.521,-1,59.742,59.742,getup,236.577,6.314,Static,StoneStairs,shape,False,False,,1.0,1.0,2.193470495785112,14.433938447639356,13.160822974710673
Vayne_impacts_log_2,Vayne,female,True,,light,87693.462,1271.9579999999987,1,NPC L Calf [LClf],leg,L,light,6.0,19.675,16.225,16.225,16.225,-1,6.898,6.898,getup,36.825,1.743,Static,Stone,shape,False,False,,1.0,1.0,0.23181883126160885,0.16121991158249482,1.390912987569653
Vayne_impacts_log_2,Vayne,female,True,,light,90815.42,96.05500000000757,2,NPC L Calf [LClf],leg,L,light,6.0,19.675,250.676,250.676,250.676,-1,120.013,120.013,ragdoll,276.838,6.027,Static,StoneStairs,shape,False,False,,0.4308,1.0,3.581597371053008,38.483519185001455,21.489584226318048
Vayne_impacts_log_2,Vayne,female,True,,light,90950.307,877.5270000000019,4,NPC L Calf [LClf],leg,L,light,6.0,19.675,12.218,46.969,12.218,-1,19.231,119.401,ragdoll,22.751,0.76,Static,StoneStairs,shape,False,False,,1.0,0.0,0.6710815830832977,1.351051473460755,4.026489498499786
Vayne_impacts_log_2,Vayne,female,True,,light,92216.265,104.14299999999639,2,NPC L Calf [LClf],leg,L,light,6.0,19.675,17.49,17.49,17.49,-1,45.528,45.528,getup,41.847,1.807,Static,StoneStairs,shape,False,False,,0.7851,1.0,0.2498928418345478,0.18733929720043896,1.4993570510072867
Vayne_impacts_log_2,Vayne,female,True,,light,92737.674,227.76900000000023,1,NPC L Calf [LClf],leg,L,light,6.0,19.675,146.334,146.334,146.334,-1,171.562,171.562,ragdoll,123.481,8.677,Static,StoneStairs,shape,False,False,,1.0,1.0,2.0907843977711105,13.114138193889316,12.544706386626663
Vayne_impacts_log_2,Vayne,female,True,,light,93713.138,484.92699999999604,1,NPC L Calf [LClf],leg,L,light,6.0,19.675,122.826,122.826,122.826,-1,380.189,380.189,ragdoll,504.21,14.659,Static,Stone,shape,False,False,,1.0,1.0,1.754907843977711,9.239104622563495,10.529447063866266
Vayne_impacts_log_2,Vayne,female,True,,light,94413.254,1246.327999999994,1,NPC L Calf [LClf],leg,L,light,6.0,19.675,13.839,13.839,13.839,-1,31.436,31.436,getup,33.147,2.294,Static,Stone,shape,False,False,,1.0,1.0,0.19772824689241322,0.11728937885744137,1.1863694813544794
Vayne_impacts_log_2,Vayne,female,True,,light,33723.614,2044.0669999999955,10,NPC L Thigh [LThg],leg,L,light,6.0,20.487,100.112,131.758,100.112,-1,32.806,68.6,ragdoll,159.923,5.83,Static,Stone,shape,False,False,,1.0,1.0,1.8825260751535937,10.631713270899581,11.295156450921562
Vayne_impacts_log_2,Vayne,female,True,,light,39664.011,1117.8050000000003,1,NPC L Thigh [LThg],leg,L,light,6.0,20.487,27.151,27.151,27.151,-1,26.792,26.792,ragdoll,57.252,4.022,Static,StoneStairs,shape,False,False,,1.0,1.0,0.38792684669238464,0.4514617151540907,2.327561080154308
Vayne_impacts_log_2,Vayne,female,True,,light,42810.757,2657.858,5,NPC L Thigh [LThg],leg,L,light,6.0,20.487,306.744,306.744,306.744,-1,387.508,387.508,ragdoll,259.397,19.804,Static,StoneStairs,shape,False,False,,1.0,1.0,4.382683240462924,57.623737158703804,26.296099442777546
Vayne_impacts_log_2,Vayne,female,True,,light,56629.436,384.8070000000007,2,NPC L Thigh [LThg],leg,L,light,6.0,20.487,12.588,44.287,12.588,-1,608.761,608.761,ragdoll,628.937,2.4,Static,Stone,shape,False,False,,1.0,1.0,0.6327618231175882,1.201162574385282,3.7965709387055293
Vayne_impacts_log_2,Vayne,female,True,,light,57070.325,127.17400000000634,4,NPC L Thigh [LThg],leg,L,light,6.0,20.487,81.13,81.131,81.13,-1,368.498,368.498,ragdoll,304.335,12.502,Static,StoneStairs,shape,False,False,,0.5035,1.0,1.1591798828404059,4.031094002345691,6.955079297042435
Vayne_impacts_log_2,Vayne,female,True,,light,57514.375,332.92199999999866,2,NPC L Thigh [LThg],leg,L,light,6.0,20.487,113.547,113.547,113.547,-1,134.99,134.99,ragdoll,177.415,2.161,Static,StoneStairs,shape,False,False,,0.7682,1.0,1.6223317616802402,7.895881034869535,9.733990570081442
Vayne_impacts_log_2,Vayne,female,True,,light,58130.86,183.09900000000198,1,NPC L Thigh [LThg],leg,L,light,6.0,20.487,5.569,5.569,5.569,-1,7.868,7.868,ragdoll,7.678,1.191,Static,StoneStairs,shape,False,False,,1.0,0.0,0.07956850978711245,0.01899344324922543,0.47741105872267475
Vayne_impacts_log_2,Vayne,female,True,,light,62309.819,1065.8849999999948,4,NPC L Thigh [LThg],leg,L,light,6.0,20.487,86.149,86.149,86.149,-1,149.868,149.868,ragdoll,169.521,8.111,Static,StoneStairs,shape,False,False,,1.0,1.0,1.2308758394056294,4.545165996097539,7.385255036433776
Vayne_impacts_log_2,Vayne,female,True,,light,68812.879,140.15200000000186,1,NPC L Thigh [LThg],leg,L,light,6.0,20.487,50.283,50.283,50.283,-1,543.959,543.959,ragdoll,366.965,12.67,Static,Stone,shape,False,False,,1.0,1.0,0.7184312044577797,1.5484301866159687,4.310587226746678
Vayne_impacts_log_2,Vayne,female,True,,light,68953.031,38.221999999994296,1,NPC L Thigh [LThg],leg,L,light,6.0,20.487,10.274,10.274,10.274,-1,370.843,370.843,ragdoll,428.818,7.845,Static,Stone,shape,False,False,,1.0,1.0,0.1467923989141306,0.06464402513689574,0.8807543934847836
Vayne_impacts_log_2,Vayne,female,True,,light,80110.381,2206.995999999999,5,NPC L Thigh [LThg],leg,L,light,6.0,20.487,116.755,116.755,116.755,-1,186.492,186.492,ragdoll,155.756,9.054,Static,StoneStairs,shape,False,False,,0.5766,1.0,1.6681668809829977,8.34834222842563,10.009001285897986
Vayne_impacts_log_2,Vayne,female,True,,light,84774.585,2345.2509999999893,9,NPC L Thigh [LThg],leg,L,light,6.0,20.487,8.328,111.231,8.328,-1,131.571,143.474,ragdoll,51.837,7.079,Static,StoneStairs,shape,False,False,,1.0,1.0,1.5892413201885984,7.577063921384397,9.53544792113159
Vayne_impacts_log_2,Vayne,female,True,,light,90891.986,360.7509999999893,2,NPC L Thigh [LThg],leg,L,light,6.0,20.487,37.657,37.657,37.657,-1,112.052,112.052,ragdoll,70.04,3.9,Static,StoneStairs,shape,False,False,,0.7916,1.0,0.5380340048578368,0.8684417711500882,3.2282040291470206
Vayne_impacts_log_2,Vayne,female,True,,light,92737.67,85.56100000000151,2,NPC L Thigh [LThg],leg,L,light,6.0,20.487,14.702,14.702,14.702,-1,53.656,53.656,ragdoll,97.865,6.772,Static,StoneStairs,shape,False,False,,0.738,1.0,0.2100585797971139,0.1323738208391414,1.2603514787826833
Vayne_impacts_log_2,Vayne,female,True,,light,93696.167,517.6959999999963,2,NPC L Thigh [LThg],leg,L,light,6.0,20.487,379.196,379.196,379.196,-1,405.637,405.637,ragdoll,524.221,20.876,Static,Stone,shape,False,False,,1.0,1.0,5.417859694242035,88.0596109994772,32.50715816545221
Vayne_impacts_log_2,Vayne,female,True,,light,94380.327,1243.849000000002,2,NPC L Thigh [LThg],leg,L,light,6.0,20.487,130.163,130.163,130.163,-1,27.634,27.634,getup,142.768,1.016,Static,Stone,shape,False,False,,1.0,1.0,1.8597371053007576,10.375866302497323,11.158422631804546
Vayne_impacts_log_2,Vayne,female,True,,light,95624.178,70.93300000000454,1,NPC L Thigh [LThg],leg,L,light,6.0,20.487,13.329,13.329,13.329,-1,245.526,245.526,ragdoll,217.063,4.924,Static,Stone,shape,False,False,,1.0,1.0,0.19044149164166313,0.10880388521610496,1.1426489498499788
Vayne_impacts_log_2,Vayne,female,True,,light,33740.6,253.3550000000032,3,NPC R Thigh [RThg],leg,R,light,6.0,20.487,18.411,120.876,18.411,-1,200.469,200.469,ragdoll,184.703,10.465,Static,Stone,shape,False,False,,1.0,1.0,1.7270467209601374,8.948071129137489,10.362280325760825
Vayne_impacts_log_2,Vayne,female,True,,light,34145.302,2989.6749999999956,9,NPC R Thigh [RThg],leg,R,light,6.0,20.487,51.781,51.781,51.781,-1,61.131,90.01,ragdoll,71.012,1.102,Static,StoneStairs,shape,False,False,,1.0,1.0,0.739834262037434,1.6420642058534236,4.439005572224604
Vayne_impacts_log_2,Vayne,female,True,,light,43239.115,2127.497000000003,3,NPC R Thigh [RThg],leg,R,light,6.0,20.487,98.216,98.216,98.216,-1,37.027,37.027,ragdoll,118.614,2.491,Static,StoneStairs,shape,False,False,,0.983,1.0,1.4032861837405344,5.907636340431218,8.419717102443206
Vayne_impacts_log_2,Vayne,female,True,,light,56629.447,318.872000000003,2,NPC R Thigh [RThg],leg,R,light,6.0,20.487,65.33,65.33,65.33,-1,664.699,664.699,ragdoll,634.306,4.205,Static,Stone,shape,False,False,,1.0,1.0,0.9334190598656952,2.613813423961675,5.600514359194171
Vayne_impacts_log_2,Vayne,female,True,,light,57514.379,1333.8050000000003,5,NPC R Thigh [RThg],leg,R,light,6.0,20.487,132.249,132.249,132.249,-1,197.653,197.653,ragdoll,196.936,2.915,Static,StoneStairs,shape,False,False,,0.9061,1.0,1.8895413630518647,10.711099688051696,11.337248178311189
Vayne_impacts_log_2,Vayne,female,True,,light,59067.717,507.7560000000012,1,NPC R Thigh [RThg],leg,R,light,6.0,20.487,24.653,24.653,24.653,-1,35.07,35.07,getup,16.08,1.821,Static,StoneStairs,shape,False,False,,1.0,1.0,0.3522360337191027,0.3722106703504946,2.1134162023146166
Vayne_impacts_log_2,Vayne,female,True,,light,61822.657,71.6469999999972,1,NPC R Thigh [RThg],leg,R,light,6.0,20.487,41.957,41.957,41.957,-1,56.574,56.574,ragdoll,46.669,6.98,Static,StoneStairs,shape,False,False,,1.0,1.0,0.5994713530504359,1.0780977093843611,3.596828118302615
Vayne_impacts_log_2,Vayne,female,True,,light,61894.306,66.56500000000233,1,NPC R Thigh [RThg],leg,R,light,6.0,20.487,60.908,60.908,60.908,-1,121.246,121.246,ragdoll,46.923,8.1,Static,StoneStairs,shape,False,False,,0.9998,1.0,0.8702386055150737,2.27194569158646,5.221431633090442
Vayne_impacts_log_2,Vayne,female,True,,light,62235.188,486.5829999999987,2,NPC R Thigh [RThg],leg,R,light,6.0,20.487,65.301,65.301,65.301,-1,116.581,116.581,ragdoll,129.705,2.252,Static,StoneStairs,shape,False,False,,0.8318,1.0,0.93300471495928,2.6114933944087415,5.59802828975568
Vayne_impacts_log_2,Vayne,female,True,,light,62989.401,174.13400000000547,1,NPC R Thigh [RThg],leg,R,light,6.0,20.487,9.227,9.227,9.227,-1,25.016,25.016,ragdoll,25.474,1.244,Static,StoneStairs,shape,False,False,,1.0,1.0,0.13183311901700245,0.05213991380925341,0.7909987141020147
Vayne_impacts_log_2,Vayne,female,True,,light,63163.538,293.0699999999997,1,NPC R Thigh [RThg],leg,R,light,6.0,20.487,22.506,22.506,22.506,-1,32.678,32.678,ragdoll,40.127,0.54,Static,StoneStairs,shape,False,False,,1.0,1.0,0.32156022288898417,0.3102029308332395,1.929361337333905
Vayne_impacts_log_2,Vayne,female,True,,light,64697.031,959.2019999999902,1,NPC R Thigh [RThg],leg,R,light,6.0,20.487,21.675,21.675,21.675,-1,73.117,73.117,getup,76.999,0.4,Static,StoneStairs,shape,False,False,,0.0729,0.0,0.3096870981568796,0.28771829629448636,1.8581225889412778
Vayne_impacts_log_2,Vayne,female,True,,light,80164.139,3121.947,8,NPC R Thigh [RThg],leg,R,light,6.0,20.487,100.215,189.268,100.215,-1,95.579,268.336,ragdoll,159.977,7.508,Static,StoneStairs,shape,False,False,,1.0,1.0,2.7042148878411205,21.93833447886469,16.225289327046724
Vayne_impacts_log_2,Vayne,female,True,,light,84725.082,49.830000000001746,1,NPC R Thigh [RThg],leg,R,light,6.0,20.487,68.643,68.643,68.643,-1,202.501,202.501,ragdoll,122.862,6.433,Static,Stone,shape,False,False,,1.0,1.0,0.9807543934847837,2.8856375410191175,5.884526360908702
Vayne_impacts_log_2,Vayne,female,True,,light,84774.912,3056.069000000003,2,NPC R Thigh [RThg],leg,R,light,6.0,20.487,43.845,43.845,43.845,-1,121.499,121.499,ragdoll,93.122,8.907,Static,Stone,shape,False,False,,1.0,0.0,0.6264466352336048,1.1773061603865154,3.7586798114016284
Vayne_impacts_log_2,Vayne,female,True,,light,90853.161,1082.640000000014,2,NPC R Thigh [RThg],leg,R,light,6.0,20.487,108.994,108.994,108.994,-1,52.451,52.451,ragdoll,112.796,3.383,Static,StoneStairs,shape,False,False,,0.9503,1.0,1.5572796113730534,7.275359363994625,9.343677668238321
Vayne_impacts_log_2,Vayne,female,True,,light,92646.992,248.67900000000373,2,NPC R Thigh [RThg],leg,R,light,6.0,20.487,44.703,44.703,44.703,-1,47.372,47.372,ragdoll,30.903,7.016,Static,StoneStairs,shape,False,False,,0.7891,1.0,0.6387055293613374,1.2238342597102387,3.8322331761680246
Vayne_impacts_log_2,Vayne,female,True,,light,93713.445,50.86599999999453,1,NPC R Thigh [RThg],leg,R,light,6.0,20.487,521.417,521.417,521.417,-1,357.387,357.387,ragdoll,376.932,23.245,Static,Stone,shape,False,False,,1.0,1.0,7.449878554079155,166.50207141158555,44.69927132447493
Vayne_impacts_log_2,Vayne,female,True,,light,94180.435,33.7390000000014,1,NPC R Thigh [RThg],leg,R,light,6.0,20.487,11.24,11.24,11.24,-1,52.275,52.275,getup,52.687,7.063,Static,Stone,shape,False,False,,1.0,1.0,0.16059437062437493,0.07737165562871728,0.9635662237462496
Vayne_impacts_log_2,Vayne,female,True,,light,94346.713,1140.5149999999994,2,NPC R Thigh [RThg],leg,R,light,6.0,20.487,161.749,161.749,161.749,-1,2.753,26.371,getup,164.304,1.085,Static,Stone,shape,False,False,,1.0,1.0,2.3110301471638808,16.022581023300923,13.866180882983285
Vayne_impacts_log_2,Vayne,female,True,,light,33768.888,722.5310000000027,3,NPC R Hand [RHnd],hand,R,light,4.0,8.334,238.446,238.446,238.446,-1,41.802,152.71,ragdoll,333.3,42.289,Static,StoneStairs,shape,False,False,,1.0,1.0,3.4068581225889414,23.213364534900492,13.627432490355766
Vayne_impacts_log_2,Vayne,female,True,,light,34679.042,767.760000000002,1,NPC R Hand [RHnd],hand,R,light,4.0,8.334,12.369,12.369,12.369,-1,12.306,12.306,ragdoll,18.944,1.713,Static,StoneStairs,shape,False,False,,0.0,1.0,0.17672524646378054,0.062463625475367955,0.7069009858551222
Vayne_impacts_log_2,Vayne,female,True,,light,35446.805,1887.9000000000015,7,NPC R Hand [RHnd],hand,R,light,4.0,8.334,76.353,76.354,76.353,-1,49.199,91.067,getup,86.829,2.383,Static,StoneStairs,shape,False,False,,0.0,1.0,1.0909272753250465,2.38024464009626,4.363709101300186
Vayne_impacts_log_2,Vayne,female,True,,light,37334.708,94.03600000000006,1,NPC R Hand [RHnd],hand,R,light,4.0,8.334,56.847,56.847,56.847,-1,129.065,129.065,getup,177.323,8.354,Static,StoneStairs,shape,False,False,,0.0868,1.0,0.8122160308615517,1.3193897615769863,3.248864123446207
Vayne_impacts_log_2,Vayne,female,True,,light,39894.3,200.72299999999814,1,NPC R Hand [RHnd],hand,R,light,4.0,8.334,272.274,272.274,272.274,-1,138.382,138.382,ragdoll,288.405,13.75,Static,StoneStairs,shape,False,False,,1.0,1.0,3.8901843120445783,30.267067963355498,15.560737248178313
Vayne_impacts_log_2,Vayne,female,True,,light,40095.024,2770.743000000002,1,NPC R Hand [RHnd],hand,R,light,4.0,8.334,108.202,108.202,108.202,-1,206.229,206.229,ragdoll,119.903,40.865,Static,StoneStairs,shape,False,False,,0.0,0.0,1.5459637091013003,4.7800075797165,6.183854836405201
Vayne_impacts_log_2,Vayne,female,True,,light,43169.716,1200.5809999999983,5,NPC R Hand [RHnd],hand,R,light,4.0,8.334,106.717,106.717,106.717,-1,149.797,149.797,ragdoll,151.419,9.111,Static,StoneStairs,shape,False,False,,1.0,1.0,1.5247463923417632,4.649703121918444,6.098985569367053
Vayne_impacts_log_2,Vayne,female,True,,light,44427.906,1863.5269999999946,6,NPC R Hand [RHnd],hand,R,light,4.0,8.334,19.452,35.478,19.452,-1,24.809,43.104,getup,26.995,1.556,Static,StoneStairs,shape,False,False,,0.843,1.0,0.5069009858551222,0.5138972189217896,2.027603943420489
Vayne_impacts_log_2,Vayne,female,True,,light,49176.358,55.15200000000186,1,NPC R Hand [RHnd],hand,R,light,4.0,8.334,437.702,437.702,437.702,-1,648.31,648.31,ragdoll,760.843,7.693,Static,Stone,shape,False,False,,1.0,1.0,6.253779111301615,78.21950634590483,25.01511644520646
Vayne_impacts_log_2,Vayne,female,True,,light,56563.091,451.16300000000047,1,NPC R Hand [RHnd],hand,R,light,4.0,8.334,594.472,594.472,610.075,-1,12.805,12.805,ragdoll,610.364,3.785,Static,StoneStairs,shape,False,False,,-0.0,0.0,8.493670524360624,144.28487795278497,33.974682097442496
Vayne_impacts_log_2,Vayne,female,True,,light,57547.727,3048.0440000000017,8,NPC R Hand [RHnd],hand,R,light,4.0,8.334,270.462,270.462,270.462,-1,129.289,132.956,ragdoll,292.285,4.696,Static,StoneStairs,shape,False,False,,0.0,1.0,3.8642948992713246,29.865550137068755,15.457179597085299
Vayne_impacts_log_2,Vayne,female,True,,light,60595.773,83.40699999999924,1,NPC R Hand [RHnd],hand,R,light,4.0,8.334,37.675,37.675,37.675,-1,138.424,138.424,getup,174.076,6.644,Static,StoneStairs,shape,False,False,,0.0101,1.0,0.5382911844549221,0.5795147985237659,2.1531647378196883
Vayne_impacts_log_2,Vayne,female,True,,light,62234.848,1205.7020000000048,1,NPC R Hand [RHnd],hand,R,light,4.0,8.334,147.239,147.239,147.239,-1,245.938,245.938,ragdoll,275.507,7.208,Static,StoneStairs,shape,False,False,,1.0,1.0,2.1037148164023436,8.851232057501493,8.414859265609374
Vayne_impacts_log_2,Vayne,female,True,,light,63557.946,2227.0829999999914,4,NPC R Hand [RHnd],hand,R,light,4.0,8.334,98.414,101.045,98.414,-1,32.432,121.417,getup,101.635,1.538,Static,StoneStairs,shape,False,False,,1.0,1.0,1.443706243749107,4.168575436480312,5.774824974996428
Vayne_impacts_log_2,Vayne,female,True,,light,65785.031,79.58299999999872,1,NPC R Hand [RHnd],hand,R,light,4.0,8.334,41.202,41.202,41.202,-1,94.692,94.692,getup,98.542,4.047,Static,StoneStairs,shape,False,False,,0.0615,1.0,0.5886840977282469,0.6930979338362403,2.3547363909129877
Vayne_impacts_log_2,Vayne,female,True,,light,68756.712,177.10499999999593,2,NPC R Hand [RHnd],hand,R,light,4.0,8.334,534.257,534.257,553.789,-1,699.595,699.595,ragdoll,850.887,26.938,Static,Stone,shape,False,False,,1.0,0.0,7.633333333333333,116.53555555555555,30.53333333333333
Vayne_impacts_log_2,Vayne,female,True,,light,80238.489,3172.0350000000035,2,NPC R Hand [RHnd],hand,R,light,4.0,8.334,341.461,341.461,341.461,-1,353.034,353.034,ragdoll,494.468,6.184,Static,Stone,shape,False,False,,1.0,1.0,4.878711244463496,47.603646813709105,19.514844977853983
Vayne_impacts_log_2,Vayne,female,True,,light,84898.871,3006.4560000000056,1,NPC R Hand [RHnd],hand,R,light,4.0,8.334,315.789,315.789,315.789,-1,134.209,134.209,ragdoll,331.053,9.94,Static,Stone,shape,False,False,,1.0,1.0,4.511915987998286,40.7147717655091,18.047663951993144
Vayne_impacts_log_2,Vayne,female,True,,light,90949.991,1165.774000000005,6,NPC R Hand [RHnd],hand,R,light,4.0,8.334,11.789,107.746,11.789,-1,150.185,150.185,ragdoll,168.748,9.704,Static,Stone,shape,False,False,,-0.0,1.0,1.539448492641806,4.739803322994257,6.157793970567224
Vayne_impacts_log_2,Vayne,female,True,,light,93746.341,83.39800000000105,1,NPC R Hand [RHnd],hand,R,light,4.0,8.334,540.653,540.653,540.653,-1,159.928,159.928,ragdoll,549.183,16.573,Static,Stone,shape,False,False,,1.0,1.0,7.724717816830977,119.34253069933187,30.89887126732391
Vayne_impacts_log_2,Vayne,female,True,,light,94130.38,133.61699999999837,1,NPC R Hand [RHnd],hand,R,light,4.0,8.334,14.553,14.553,14.553,-1,75.34,75.34,ragdoll,81.615,4.394,Static,Stone,shape,False,False,,1.0,1.0,0.20792970424346338,0.0864695238135483,0.8317188169738535
Vayne_impacts_log_2,Vayne,female,True,,light,94430.147,922.2360000000044,1,NPC R Hand [RHnd],hand,R,light,4.0,8.334,95.077,95.077,95.077,-1,93.316,93.316,getup,115.835,4.75,Static,Stone,shape,False,False,,1.0,1.0,1.3584369195599373,3.690701728846983,5.433747678239749
Vayne_impacts_log_2,Vayne,female,True,,light,33801.978,156.06099999999424,2,NPC R UpperArm [RUar],arm,R,light,2.0,14.463,225.272,225.272,225.272,-1,27.423,27.423,ragdoll,259.433,18.974,Static,StoneStairs,shape,False,False,,0.6671,1.0,3.2186312330332907,10.359587014257402,6.437262466066581
Vayne_impacts_log_2,Vayne,female,True,,light,34455.18,1382.1200000000026,9,NPC R UpperArm [RUar],arm,R,light,2.0,14.463,23.492,94.159,23.492,-1,50.751,132.563,ragdoll,30.047,2.452,Static,StoneStairs,shape,False,False,,1.0,1.0,1.345320760108587,1.8098879475791463,2.690641520217174
Vayne_impacts_log_2,Vayne,female,True,,light,36008.421,89.02300000000105,2,NPC R UpperArm [RUar],arm,R,light,2.0,14.463,8.984,8.984,8.984,-1,23.604,23.604,getup,39.824,1.949,Static,StoneStairs,shape,False,False,,0.2072,1.0,0.1283611944563509,0.01647659624226113,0.2567223889127018
Vayne_impacts_log_2,Vayne,female,True,,light,36244.057,981.3790000000008,4,NPC R UpperArm [RUar],arm,R,light,2.0,14.463,38.898,41.992,38.898,-1,59.456,59.456,getup,65.969,1.941,Static,StoneStairs,shape,False,False,,0.5529,1.0,0.5999714244892127,0.35996571020361506,1.1999428489784254
Vayne_impacts_log_2,Vayne,female,True,,light,40850.31,128.75700000000506,1,NPC R UpperArm [RUar],arm,R,light,2.0,14.463,18.736,18.736,18.736,-1,83.018,83.018,getup,57.089,9.979,Static,StoneStairs,shape,False,False,,-0.0,1.0,0.2676953850550079,0.07166081917974894,0.5353907701100158
Vayne_impacts_log_2,Vayne,female,True,,light,42760.587,497.4669999999969,3,NPC R UpperArm [RUar],arm,R,light,2.0,14.463,118.957,118.957,118.957,-1,111.5,111.5,ragdoll,147.009,12.946,Static,StoneStairs,shape,False,False,,0.5786,1.0,1.6996285183597657,2.8887371004218125,3.3992570367195314
Vayne_impacts_log_2,Vayne,female,True,,light,43659.441,584.1540000000023,1,NPC R UpperArm [RUar],arm,R,light,2.0,14.463,23.455,23.455,23.455,-1,32.761,32.761,ragdoll,34.214,1.824,Static,StoneStairs,shape,False,False,,1.0,1.0,0.3351193027575368,0.11230494708069763,0.6702386055150736
Vayne_impacts_log_2,Vayne,female,True,,light,56847.068,83.04899999999907,3,NPC R UpperArm [RUar],arm,R,light,2.0,14.463,244.343,244.343,244.343,-1,141.342,338.189,ragdoll,427.211,21.586,Static,StoneStairs,shape,False,False,,0.0,1.0,3.491113016145164,12.187870091498183,6.982226032290328
Vayne_impacts_log_2,Vayne,female,True,,light,57650.771,1147.5999999999985,5,NPC R UpperArm [RUar],arm,R,light,2.0,14.463,46.96,71.78,46.96,-1,85.348,85.348,ragdoll,89.836,1.335,Static,StoneStairs,shape,False,False,,1.0,1.0,1.0255750821545937,1.0518042491364017,2.0511501643091874
Vayne_impacts_log_2,Vayne,female,True,,light,59721.55,238.9629999999961,2,NPC R UpperArm [RUar],arm,R,light,2.0,14.463,38.542,38.542,38.542,-1,35.592,35.592,getup,44.614,2.153,Static,StoneStairs,shape,False,False,,0.6818,1.0,0.5506786683811974,0.3032469958100888,1.1013573367623948
Vayne_impacts_log_2,Vayne,female,True,,light,59978.457,501.2189999999973,2,NPC R UpperArm [RUar],arm,R,light,2.0,14.463,61.147,61.147,61.147,-1,71.846,71.846,getup,74.952,3.277,Static,StoneStairs,shape,False,False,,0.708,1.0,0.8736533790541506,0.7632702267327354,1.7473067581083013
Vayne_impacts_log_2,Vayne,female,True,,light,62217.865,720.0880000000034,2,NPC R UpperArm [RUar],arm,R,light,2.0,14.463,190.871,190.871,190.871,-1,170.179,170.179,ragdoll,253.322,1.96,Static,StoneStairs,shape,False,False,,0.8138,1.0,2.7271181597371057,7.437173457167898,5.454236319474211
Vayne_impacts_log_2,Vayne,female,True,,light,68738.18,95.70400000001246,1,NPC R UpperArm [RUar],arm,R,light,2.0,14.463,75.752,75.752,75.752,-1,685.392,685.392,ragdoll,558.689,12.94,Static,Stone,shape,False,False,,1.0,1.0,1.0823260465780826,1.1714296711013419,2.1646520931561652
Vayne_impacts_log_2,Vayne,female,True,,light,68854.167,19.989000000001397,1,NPC R UpperArm [RUar],arm,R,light,2.0,14.463,57.096,57.096,57.096,-1,410.191,410.191,ragdoll,360.565,5.471,Static,Stone,shape,False,False,,1.0,1.0,0.8157736819545649,0.6654867001697076,1.6315473639091298
Vayne_impacts_log_2,Vayne,female,True,,light,80423.496,1029.0160000000033,1,NPC R UpperArm [RUar],arm,R,light,2.0,14.463,9.459,9.459,9.459,-1,63.523,63.523,ragdoll,48.305,2.048,Static,Stone,shape,False,False,,1.0,1.0,0.13514787826832406,0.01826494900042974,0.2702957565366481
Vayne_impacts_log_2,Vayne,female,True,,light,84955.322,988.3099999999977,1,NPC R UpperArm [RUar],arm,R,light,2.0,14.463,19.091,19.091,19.091,-1,37.265,37.265,ragdoll,60.6,5.002,Static,Stone,shape,False,False,,1.0,1.0,0.2727675382197457,0.07440212990646043,0.5455350764394914
Vayne_impacts_log_2,Vayne,female,True,,light,90834.016,457.1009999999951,4,NPC R UpperArm [RUar],arm,R,light,2.0,14.463,27.291,27.291,27.291,-1,49.233,72.43,ragdoll,61.195,3.374,Static,Stone,shape,False,False,,0.0,1.0,0.38992713244749255,0.1520431686187244,0.7798542648949851
Vayne_impacts_log_2,Vayne,female,True,,light,91383.941,748.1699999999983,15,NPC R UpperArm [RUar],arm,R,light,2.0,14.463,18.971,87.535,18.971,-1,40.2,281.722,ragdoll,30.777,1.448,Static,Stone,shape,False,False,,-0.0,0.0,1.2506786683811975,1.5641971315437653,2.501357336762395
Vayne_impacts_log_2,Vayne,female,True,,light,33833.804,160.42700000000332,2,NPC Spine2 [Spn2],torso,-,light,7.0,23.052,136.018,136.018,136.018,-1,145.874,145.874,ragdoll,213.767,4.994,Static,StoneStairs,shape,False,False,,0.8328,1.0,1.9433919131304473,13.218702448072872,13.603743391913131
Vayne_impacts_log_2,Vayne,female,True,,light,34437.817,1399.1949999999997,5,NPC Spine2 [Spn2],torso,-,light,7.0,23.052,38.796,38.796,38.796,-1,53.78,53.78,ragdoll,50.819,2.14,Static,StoneStairs,shape,False,False,,0.821,1.0,0.5543077582511787,1.075399818001065,3.880154307758251
Vayne_impacts_log_2,Vayne,female,True,,light,40941.237,1035.3189999999959,3,NPC Spine2 [Spn2],torso,-,light,7.0,23.052,56.096,56.096,56.096,-1,67.732,67.732,getup,76.737,2.052,Static,StoneStairs,shape,False,False,,0.0,1.0,0.8014859265609373,2.248328916663355,5.610401485926561
Vayne_impacts_log_2,Vayne,female,True,,light,42942.899,732.6720000000059,2,NPC Spine2 [Spn2],torso,-,light,7.0,23.052,152.176,152.176,152.176,-1,64.896,64.896,ragdoll,143.125,5.129,Static,StoneStairs,shape,False,False,,0.9433,1.0,2.174253464780683,16.545823451887816,15.21977425346478
Vayne_impacts_log_2,Vayne,female,True,,light,44225.877,0.3320000000021537,1,NPC Spine2 [Spn2],torso,-,light,7.0,23.052,11.733,11.733,11.733,-1,9.104,9.104,getup,17.952,1.458,Static,StoneStairs,shape,False,False,,-0.0,1.0,0.16763823403343336,0.09835902128446862,1.1734676382340337
Vayne_impacts_log_2,Vayne,female,True,,light,44262.117,457.47299999999814,1,NPC Spine2 [Spn2],torso,-,light,7.0,23.052,28.166,28.166,28.166,-1,30.545,30.545,getup,42.434,1.589,Static,StoneStairs,shape,False,False,,0.0,1.0,0.40242891841691675,0.566821620323733,2.8170024289184172
Vayne_impacts_log_2,Vayne,female,True,,light,44719.592,683.6540000000023,1,NPC Spine2 [Spn2],torso,-,light,7.0,23.052,24.134,24.134,24.134,-1,35.859,35.859,getup,32.359,3.06,Static,StoneStairs,shape,False,False,,0.0051,1.0,0.34482068866981,0.4161545756715272,2.4137448206886702
Vayne_impacts_log_2,Vayne,female,True,,light,57747.695,268.35399999999936,2,NPC Spine2 [Spn2],torso,-,light,7.0,23.052,62.775,62.775,62.775,-1,54.357,54.357,ragdoll,86.797,2.459,Static,StoneStairs,shape,False,False,,0.5674,1.0,0.8969138448349765,2.815590557698311,6.278396913844835
Vayne_impacts_log_2,Vayne,female,True,,light,58863.553,33.625,1,NPC Spine2 [Spn2],torso,-,light,7.0,23.052,22.82,22.82,22.82,-1,30.492,30.492,getup,39.675,2.402,Static,StoneStairs,shape,False,False,,1.0,1.0,0.32604657808258325,0.3720722987777672,2.2823260465780826
Vayne_impacts_log_2,Vayne,female,True,,light,62217.863,651.2150000000038,4,NPC Spine2 [Spn2],torso,-,light,7.0,23.052,196.71,196.71,196.71,-1,121.673,121.673,ragdoll,213.129,2.296,Static,StoneStairs,shape,False,False,,0.5971,1.0,2.8105443634804974,27.64705866682198,19.673810544363484
Vayne_impacts_log_2,Vayne,female,True,,light,63489.756,627.275999999998,1,NPC Spine2 [Spn2],torso,-,light,7.0,23.052,16.892,16.892,16.892,-1,26.473,26.473,getup,25.174,0.714,Static,StoneStairs,shape,False,False,,-0.0,1.0,0.24134876410915845,0.20387229077956376,1.6894413487641091
Vayne_impacts_log_2,Vayne,female,True,,light,64117.035,18.602999999995518,1,NPC Spine2 [Spn2],torso,-,light,7.0,23.052,17.991,17.991,17.991,-1,31.174,31.174,getup,33.143,1.274,Static,StoneStairs,shape,False,False,,0.0047,1.0,0.2570510072867553,0.2312632712149743,1.799357051007287
Vayne_impacts_log_2,Vayne,female,True,,light,64135.639,213.74199999999837,1,NPC Spine2 [Spn2],torso,-,light,7.0,23.052,6.248,6.248,6.248,-1,69.384,69.384,getup,36.694,3.169,Static,StoneStairs,shape,False,False,,0.0,1.0,0.08926989569938563,0.027891899973627163,0.6248892698956995
Vayne_impacts_log_2,Vayne,female,True,,light,68738.177,54.538000000000466,1,NPC Spine2 [Spn2],torso,-,light,7.0,23.052,131.655,131.655,131.655,-1,679.757,679.757,ragdoll,562.751,9.713,Static,Stone,shape,False,False,,1.0,1.0,1.88105443634805,12.384280273766379,13.16738105443635
Vayne_impacts_log_2,Vayne,female,True,,light,80182.402,396.5659999999916,2,NPC Spine2 [Spn2],torso,-,light,7.0,23.052,279.302,279.302,279.302,-1,231.053,231.053,ragdoll,184.156,24.187,Static,Stone,shape,False,False,,1.0,1.0,3.9905986569509935,55.73707174300675,27.934190598656954
Vayne_impacts_log_2,Vayne,female,True,,light,84862.982,1574.0409999999974,1,NPC Spine2 [Spn2],torso,-,light,7.0,23.052,355.14,355.14,355.14,-1,113.464,113.464,ragdoll,373.799,3.364,Static,Stone,shape,False,False,,1.0,1.0,5.074153450492927,90.11461633702248,35.51907415345049
Vayne_impacts_log_2,Vayne,female,True,,light,90481.269,865.0430000000051,3,NPC Spine2 [Spn2],torso,-,light,7.0,23.052,183.792,183.792,183.792,-1,31.579,79.458,ragdoll,192.411,5.754,Static,StoneStairs,shape,False,False,,0.9513,1.0,2.6259751393056154,24.135109012879013,18.381825975139307
Vayne_impacts_log_2,Vayne,female,True,,light,91863.782,490.8619999999937,5,NPC Spine2 [Spn2],torso,-,light,7.0,23.052,21.549,45.337,21.549,-1,34.083,274.204,getup,35.068,0.799,Static,StoneStairs,shape,False,False,,0.0226,1.0,0.6477639662808974,1.4685935460418584,4.534347763966282
Vayne_impacts_log_2,Vayne,female,True,,light,94413.614,500.247000000003,1,NPC Spine2 [Spn2],torso,-,light,7.0,23.052,103.494,103.494,103.494,-1,34.876,34.876,getup,106.917,1.177,Static,Stone,shape,False,False,,1.0,1.0,1.4786969567081012,7.652906414222301,10.350878696956709
Vayne_impacts_log_2,Vayne,female,True,,light,33833.807,51.62700000000041,1,NPC R Forearm [RLar],arm,R,light,6.0,11.658,74.742,74.742,74.742,-1,196.364,196.364,ragdoll,110.958,20.123,Static,StoneStairs,shape,False,False,,0.0,1.0,1.0678954136305188,3.42120184335929,6.407372481783113
Vayne_impacts_log_2,Vayne,female,True,,light,33921.769,1577.964,4,NPC R Forearm [RLar],arm,R,light,6.0,11.658,70.129,70.129,70.129,-1,93.746,110.067,ragdoll,120.179,6.784,Static,StoneStairs,shape,False,False,,0.0,1.0,1.0019859979997143,3.0119278205624505,6.011915987998286
Vayne_impacts_log_2,Vayne,female,True,,light,35499.735,1883.9649999999965,7,NPC R Forearm [RLar],arm,R,light,6.0,11.658,54.574,57.967,54.574,-1,43.453,110.274,getup,83.33,4.04,Static,StoneStairs,shape,False,False,,0.1045,1.0,0.8282183169024147,2.0578367413580056,4.969309901414488
Vayne_impacts_log_2,Vayne,female,True,,light,40094.593,846.9420000000027,3,NPC R Forearm [RLar],arm,R,light,6.0,11.658,20.388,63.271,20.388,-1,55.852,94.348,ragdoll,49.312,3.111,Static,StoneStairs,shape,False,False,,1.0,1.0,0.9040005715102158,2.4516510998723904,5.424003429061295
Vayne_impacts_log_2,Vayne,female,True,,light,41519.59,131.75600000000122,1,NPC R Forearm [RLar],arm,R,light,6.0,11.658,27.086,27.086,27.086,-1,42.581,42.581,getup,82.464,5.145,Static,StoneStairs,shape,False,False,,1.0,1.0,0.3869981425917988,0.44930268710850674,2.321988855550793
Vayne_impacts_log_2,Vayne,female,True,,light,41760.797,655.0440000000017,2,NPC R Forearm [RLar],arm,R,light,6.0,11.658,13.676,13.676,13.676,-1,42.929,42.929,getup,53.36,3.439,Static,StoneStairs,shape,False,False,,1.0,1.0,0.1953993427632519,0.11454270945693242,1.1723960565795115
Vayne_impacts_log_2,Vayne,female,True,,light,43504.11,810.8819999999978,6,NPC R Forearm [RLar],arm,R,light,6.0,11.658,21.887,63.415,21.887,-1,27.014,140.28,ragdoll,62.347,4.137,Static,StoneStairs,shape,False,False,,1.0,1.0,0.9060580082868982,2.4628233431424627,5.436348049721389
Vayne_impacts_log_2,Vayne,female,True,,light,44794.974,789.2880000000005,1,NPC R Forearm [RLar],arm,R,light,6.0,11.658,6.344,6.344,6.344,-1,34.019,34.019,getup,49.259,1.888,Static,StoneStairs,shape,False,False,,1.0,1.0,0.0906415202171739,0.02464765556184103,0.5438491213030434
Vayne_impacts_log_2,Vayne,female,True,,light,56829.151,201.52500000000146,4,NPC R Forearm [RLar],arm,R,light,6.0,11.658,581.199,581.199,581.199,-1,25.061,391.017,ragdoll,531.475,9.025,Static,StoneStairs,shape,False,False,,-0.0,1.0,8.304029147021003,206.87070022372313,49.824174882126016
Vayne_impacts_log_2,Vayne,female,True,,light,57563.076,501.4470000000001,2,NPC R Forearm [RLar],arm,R,light,6.0,11.658,29.154,29.154,29.154,-1,66.624,67.126,ragdoll,162.288,19.508,Static,StoneStairs,shape,False,False,,0.1045,1.0,0.41654522074582084,0.5205297627785539,2.499271324474925
Vayne_impacts_log_2,Vayne,female,True,,light,58297.648,717.0999999999985,2,NPC R Forearm [RLar],arm,R,light,6.0,11.658,76.289,76.289,76.289,-1,51.486,69.927,getup,81.525,4.254,Static,StoneStairs,shape,False,False,,-0.0,1.0,1.0899985712244606,3.564290655814097,6.539991427346764
Vayne_impacts_log_2,Vayne,female,True,,light,59115.069,724.9439999999959,1,NPC R Forearm [RLar],arm,R,light,6.0,11.658,84.056,84.056,84.056,-1,54.25,54.25,getup,94.206,3.863,Static,StoneStairs,shape,False,False,,1.0,1.0,1.2009715673667667,4.326998116870165,7.2058294042006
Vayne_impacts_log_2,Vayne,female,True,,light,60047.798,176.11799999999494,1,NPC R Forearm [RLar],arm,R,light,6.0,11.658,6.187,6.187,6.187,-1,36.27,36.27,getup,24.551,1.423,Static,StoneStairs,shape,False,False,,0.0,1.0,0.08839834262037435,0.02344280093408728,0.5303900557222461
Vayne_impacts_log_2,Vayne,female,True,,light,60292.27,336.60599999999977,3,NPC R Forearm [RLar],arm,R,light,6.0,11.658,80.902,80.902,80.902,-1,124.127,124.127,getup,142.75,1.857,Static,StoneStairs,shape,False,False,,0.0114,0.0,1.155907986855265,4.008369822227374,6.9354479211315905
Vayne_impacts_log_2,Vayne,female,True,,light,63858.998,1617.7980000000025,6,NPC R Forearm [RLar],arm,R,light,6.0,11.658,20.227,73.807,20.227,-1,56.036,59.778,getup,63.758,2.839,Static,StoneStairs,shape,False,False,,1.0,1.0,1.0545363623374768,3.336140818475875,6.3272181740248605
Vayne_impacts_log_2,Vayne,female,True,,light,65620.053,109.71499999999651,3,NPC R Forearm [RLar],arm,R,light,6.0,11.658,45.371,101.436,45.371,-1,60.071,158.902,getup,94.099,6.061,Static,StoneStairs,shape,False,False,,-0.0,1.0,1.4492927561080156,6.301348478721503,8.695756536648094
Vayne_impacts_log_2,Vayne,female,True,,light,65729.77,71.5,1,NPC R Forearm [RLar],arm,R,light,6.0,11.658,12.38,12.38,12.38,-1,114.171,114.171,getup,103.501,1.967,Static,StoneStairs,shape,False,False,,0.1045,1.0,0.17688241177311048,0.09386216278401664,1.061294470638663
Vayne_impacts_log_2,Vayne,female,True,,light,68756.709,56.1759999999922,1,NPC R Forearm [RLar],arm,R,light,6.0,11.658,425.226,425.226,425.226,-1,717.567,717.567,ragdoll,657.432,19.278,Static,Stone,shape,False,False,,1.0,1.0,6.075525075010717,110.73601481125192,36.4531504500643
Vayne_impacts_log_2,Vayne,female,True,,light,80257.569,686.054999999993,1,NPC R Forearm [RLar],arm,R,light,6.0,11.658,85.206,85.206,85.206,-1,169.574,169.574,ragdoll,297.109,30.555,Static,Stone,shape,False,False,,1.0,1.0,1.2174024860694386,4.446206439264149,7.304414916416631
Vayne_impacts_log_2,Vayne,female,True,,light,81245.898,206.61599999999453,1,NPC R Forearm [RLar],arm,R,light,6.0,11.658,138.759,138.759,138.759,-1,138.657,138.657,getup,174.838,7.491,Static,Stone,shape,False,False,,1.0,1.0,1.9825546506643805,11.791568828612892,11.895327903986283
Vayne_impacts_log_2,Vayne,female,True,,light,82008.696,38.16700000000128,1,NPC R Forearm [RLar],arm,R,light,6.0,11.658,29.91,29.91,29.91,-1,46.357,46.357,getup,83.869,4.971,Static,StoneStairs,shape,False,False,,1.0,1.0,0.42734676382340336,0.5478757696510071,2.56408058294042
Vayne_impacts_log_2,Vayne,female,True,,light,82539.955,299.32399999999325,1,NPC R Forearm [RLar],arm,R,light,6.0,11.658,9.64,9.64,9.64,-1,13.454,13.454,getup,16.421,1.057,Static,Stone,shape,False,False,,1.0,1.0,0.13773396199457066,0.05691193286016551,0.826403771967424
Vayne_impacts_log_2,Vayne,female,True,,light,84994.956,459.08899999999267,1,NPC R Forearm [RLar],arm,R,light,6.0,11.658,12.846,12.846,12.846,-1,55.253,55.253,ragdoll,68.06,4.309,Static,Stone,shape,False,False,,1.0,1.0,0.18354050578654094,0.1010613517931378,1.1012430347192457
Vayne_impacts_log_2,Vayne,female,True,,light,85745.888,197.74499999999534,1,NPC R Forearm [RLar],arm,R,light,6.0,11.658,49.137,49.137,49.137,-1,61.53,61.53,getup,34.875,4.854,Static,Stone,shape,False,False,,1.0,1.0,0.7020574367766824,1.4786539336003364,4.212344620660095
Vayne_impacts_log_2,Vayne,female,True,,light,86487.086,265.3680000000022,1,NPC R Forearm [RLar],arm,R,light,6.0,11.658,13.645,13.645,13.645,-1,89.795,89.795,getup,76.164,5.084,Static,Stone,shape,False,False,,1.0,1.0,0.19495642234604946,0.11402401984191363,1.1697385340762967
Vayne_impacts_log_2,Vayne,female,True,,light,86961.479,373.96199999999953,1,NPC R Forearm [RLar],arm,R,light,6.0,11.658,24.558,24.558,24.558,-1,22.792,22.792,getup,22.008,2.371,Static,Stone,shape,False,False,,1.0,1.0,0.35087869695670815,0.3693475799341123,2.105272181740249
Vayne_impacts_log_2,Vayne,female,True,,light,90815.12,1316.521000000008,12,NPC R Forearm [RLar],arm,R,light,6.0,11.658,93.146,93.146,93.146,-1,88.874,180.331,ragdoll,97.901,6.807,Static,Stone,shape,False,False,,-0.0,1.0,1.3308472638948423,5.3134633194491645,7.985083583369054
Vayne_impacts_log_2,Vayne,female,True,,light,94946.816,286.17399999999907,1,NPC R Forearm [RLar],arm,R,light,6.0,11.658,24.613,24.613,24.613,-1,47.038,47.038,getup,89.893,5.362,Static,Stone,shape,False,False,,1.0,1.0,0.35166452350335764,0.37100381127253074,2.109987141020146
Vayne_impacts_log_2,Vayne,female,True,,light,33921.49,0.2760000000052969,2,NPC Spine1 [Spn1],torso,-,light,4.0,18.878,82.531,82.531,82.531,-1,44.296,44.296,ragdoll,126.462,6.012,Static,StoneStairs,shape,False,False,,0.4006,1.0,1.1791827403914847,2.7809438704743434,4.716730961565939
Vayne_impacts_log_2,Vayne,female,True,,light,34160.108,401.65899999999965,2,NPC Spine1 [Spn1],torso,-,light,4.0,18.878,31.615,31.615,31.615,-1,46.676,46.676,ragdoll,54.212,1.962,Static,StoneStairs,shape,False,False,,0.8938,1.0,0.45170738676953853,0.4080791265243309,1.8068295470781541
Vayne_impacts_log_2,Vayne,female,True,,light,35588.211,265.5479999999952,1,NPC Spine1 [Spn1],torso,-,light,4.0,18.878,12.891,12.891,12.891,-1,53.479,53.479,getup,52.711,1.113,Static,StoneStairs,shape,False,False,,1.0,1.0,0.18418345477925419,0.06784709002884315,0.7367338191170167
Vayne_impacts_log_2,Vayne,female,True,,light,44296.727,205.39700000000448,1,NPC Spine1 [Spn1],torso,-,light,4.0,18.878,16.444,16.444,16.444,-1,17.521,17.521,getup,50.381,3.654,Static,StoneStairs,shape,False,False,,1.0,0.0,0.23494784969281327,0.11040098415055355,0.9397913987712531
Vayne_impacts_log_2,Vayne,female,True,,light,44925.143,171.78400000000693,1,NPC Spine1 [Spn1],torso,-,light,4.0,18.878,32.626,32.626,32.626,-1,37.294,37.294,getup,41.706,1.092,Static,StoneStairs,shape,False,False,,0.0,1.0,0.4661523074724961,0.43459594752386504,1.8646092298899843
Vayne_impacts_log_2,Vayne,female,True,,light,56930.556,17.439000000005763,2,NPC Spine1 [Spn1],torso,-,light,4.0,18.878,134.49,134.491,134.49,-1,227.751,227.751,ragdoll,248.179,7.984,Static,StoneStairs,shape,False,False,,0.4105,1.0,1.921574510644378,7.384897199916361,7.686298042577512
Vayne_impacts_log_2,Vayne,female,True,,light,58446.615,384.609000000004,1,NPC Spine1 [Spn1],torso,-,light,4.0,18.878,28.526,28.526,28.526,-1,23.778,23.778,getup,45.591,1.82,Static,StoneStairs,shape,False,False,,1.0,1.0,0.4075725103586227,0.3322307024000592,1.6302900414344907
Vayne_impacts_log_2,Vayne,female,True,,light,68756.702,138.04200000000128,1,NPC Spine1 [Spn1],torso,-,light,4.0,18.878,6.53,6.53,6.53,-1,728.272,728.272,ragdoll,540.623,14.223,Static,Stone,shape,False,False,,1.0,1.0,0.09329904272038864,0.017409422745081806,0.37319617088155455
Vayne_impacts_log_2,Vayne,female,True,,light,80164.493,1718.770000000004,4,NPC Spine1 [Spn1],torso,-,light,4.0,18.878,300.931,300.931,300.931,-1,35.839,52.15,ragdoll,328.836,6.861,Static,StoneStairs,shape,False,False,,1.0,1.0,4.299628518359766,36.97361079178519,17.198514073439064
Vayne_impacts_log_2,Vayne,female,True,,light,84862.98,1695.8450000000012,1,NPC Spine1 [Spn1],torso,-,light,4.0,18.878,298.199,298.199,298.199,-1,72.28,72.28,ragdoll,314.884,6.594,Static,Stone,shape,False,False,,1.0,1.0,4.260594370624375,36.30532878199223,17.0423774824975
Vayne_impacts_log_2,Vayne,female,True,,light,90815.113,347.65400000000955,2,NPC Spine1 [Spn1],torso,-,light,4.0,18.878,38.066,38.066,38.066,-1,3.003,3.003,ragdoll,45.8,2.791,Static,StoneStairs,shape,False,False,,0.7094,1.0,0.5438776968138306,0.591605898183034,2.1755107872553223
Vayne_impacts_log_2,Vayne,female,True,,light,94413.613,601.2560000000085,1,NPC Spine1 [Spn1],torso,-,light,4.0,18.878,88.048,88.048,88.048,-1,36.434,36.434,getup,90.803,1.59,Static,Stone,shape,False,False,,1.0,1.0,1.2580082868981284,3.1651696998087275,5.0320331475925135
Vayne_impacts_log_2,Vayne,female,True,,light,33921.768,280.2170000000042,2,NPC Head [Head],head,-,bare,4.0,15.108,144.51,144.51,144.51,-1,103.948,103.948,ragdoll,164.404,4.166,Static,StoneStairs,shape,False,False,,0.0,1.0,2.0647235319331334,8.526166526636866,8.258894127732534
Vayne_impacts_log_2,Vayne,female,True,,light,35146.959,1459.8050000000003,4,NPC Head [Head],head,-,bare,4.0,15.108,70.561,70.561,70.561,-1,22.508,69.297,getup,75.34,7.988,Static,StoneStairs,shape,False,False,,0.9945,0.0,1.0081583083297616,2.032766349308653,4.032633233319046
Vayne_impacts_log_2,Vayne,female,True,,light,40389.896,257.1160000000018,2,NPC Head [Head],head,-,bare,4.0,15.108,78.174,78.174,78.174,-1,6.111,6.111,ragdoll,79.864,1.118,Static,StoneStairs,shape,False,False,,0.7206,1.0,1.116930990141449,2.4950696734767153,4.467723960565796
Vayne_impacts_log_2,Vayne,female,True,,light,42091.327,232.60399999999936,1,NPC Head [Head],head,-,bare,4.0,15.108,17.035,17.035,17.035,-1,56.99,56.99,getup,48.871,2.274,Static,StoneStairs,shape,False,False,,0.9999,1.0,0.24339191313044722,0.11847924675459834,0.9735676525217889
Vayne_impacts_log_2,Vayne,female,True,,light,42923.881,112.82600000000093,1,NPC Head [Head],head,-,bare,4.0,15.108,192.201,192.201,192.201,-1,126.318,126.318,ragdoll,202.642,7.467,Static,StoneStairs,shape,False,False,,1.0,1.0,2.74612087441063,15.082359713747607,10.98448349764252
Vayne_impacts_log_2,Vayne,female,True,,light,43540.829,69.02100000000064,1,NPC Head [Head],head,-,bare,4.0,15.108,135.958,135.958,135.958,-1,42.357,42.357,ragdoll,146.203,3.063,Static,StoneStairs,shape,False,False,,1.0,1.0,1.9425346478068297,7.546881715860008,7.770138591227319
Vayne_impacts_log_2,Vayne,female,True,,light,43609.853,1277.4589999999953,1,NPC Head [Head],head,-,bare,4.0,15.108,23.15,23.15,23.15,-1,61.284,61.284,ragdoll,46.076,3.384,Static,StoneStairs,shape,False,False,,0.9998,1.0,0.3307615373624804,0.218806389196783,1.3230461494499215
Vayne_impacts_log_2,Vayne,female,True,,light,44979.798,18.041999999994005,2,NPC Head [Head],head,-,bare,4.0,15.108,43.38,43.38,43.38,-1,25.397,25.397,getup,51.672,4.609,Static,StoneStairs,shape,False,False,,0.4505,1.0,0.619802828975568,0.7683110936122345,2.479211315902272
Vayne_impacts_log_2,Vayne,female,True,,light,56813.418,83.1909999999989,2,NPC Head [Head],head,-,bare,4.0,15.108,545.56,549.062,545.56,-1,28.573,30.37,ragdoll,545.874,1.205,Static,StoneStairs,shape,False,False,,0.0,1.0,7.844863551935991,123.08376829698756,31.379454207743965
Vayne_impacts_log_2,Vayne,female,True,,light,57346.877,118.5879999999961,3,NPC Head [Head],head,-,bare,4.0,15.108,224.033,224.258,224.033,-1,17.04,164.449,ragdoll,224.223,1.331,Static,StoneStairs,shape,False,False,,0.1045,1.0,3.2041434490641523,20.533070484361442,12.816573796256609
Vayne_impacts_log_2,Vayne,female,True,,light,57882.822,165.90299999999843,1,NPC Head [Head],head,-,bare,4.0,15.108,49.25,49.25,49.25,-1,30.997,30.997,ragdoll,64.585,1.406,Static,StoneStairs,shape,False,False,,1.0,1.0,0.7036719531361624,0.990308435260923,2.8146878125446495
Vayne_impacts_log_2,Vayne,female,True,,light,62253.927,55.59099999999307,1,NPC Head [Head],head,-,bare,4.0,15.108,83.322,83.322,83.322,-1,65.731,65.731,ragdoll,125.246,8.348,Static,StoneStairs,shape,False,False,,1.0,1.0,1.190484354907844,2.8345059985606915,4.761937419631376
Vayne_impacts_log_2,Vayne,female,True,,light,62629.916,410.9010000000053,1,NPC Head [Head],head,-,bare,4.0,15.108,25.783,25.783,25.783,-1,23.678,23.678,ragdoll,39.307,1.23,Static,StoneStairs,shape,False,False,,1.0,1.0,0.368381197313902,0.271409413068848,1.473524789255608
Vayne_impacts_log_2,Vayne,female,True,,light,68701.135,91.87900000000081,2,NPC Head [Head],head,-,bare,4.0,15.108,374.778,374.778,374.778,-1,452.239,452.239,ragdoll,584.785,0.82,Static,Stone,shape,False,False,,1.0,1.0,5.354736390912988,57.34640363233571,21.418945563651953
Vayne_impacts_log_2,Vayne,female,True,,light,80182.675,1961.1959999999963,8,NPC Head [Head],head,-,bare,4.0,15.108,521.514,521.514,521.514,-1,151.74,151.74,ragdoll,521.147,29.549,Static,Stone,shape,False,False,,1.0,1.0,7.451264466352336,111.04268429504994,29.805057865409346
Vayne_impacts_log_2,Vayne,female,True,,light,83410.529,93.72299999999814,1,NPC Head [Head],head,-,bare,4.0,15.108,60.593,60.593,60.593,-1,120.697,120.697,getup,127.156,1.299,Static,Stone,shape,False,False,,-0.0,1.0,0.8657379625660809,1.499004439656138,3.4629518502643237
Vayne_impacts_log_2,Vayne,female,True,,light,83504.255,138.4389999999985,3,NPC Head [Head],head,-,bare,4.0,15.108,20.678,20.678,20.678,-1,31.246,136.481,getup,62.733,3.424,Static,Stone,shape,False,False,,0.0225,1.0,0.29544220602943283,0.17457219420707568,1.1817688241177313
Vayne_impacts_log_2,Vayne,female,True,,light,84862.983,1413.9200000000128,1,NPC Head [Head],head,-,bare,4.0,15.108,402.503,402.503,402.503,-1,112.877,112.877,ragdoll,421.755,2.914,Static,Stone,shape,False,False,,1.0,1.0,5.750864409201315,66.14488290603677,23.00345763680526
Vayne_impacts_log_2,Vayne,female,True,,light,90499.245,186.49400000000605,1,NPC Head [Head],head,-,bare,4.0,15.108,130.373,130.373,130.373,-1,202.017,202.017,ragdoll,140.597,27.93,Static,StoneStairs,shape,False,False,,1.0,1.0,1.8627375339334191,6.939582240648711,7.4509501357336765
Vayne_impacts_log_2,Vayne,female,True,,light,91954.627,365.7870000000112,1,NPC Head [Head],head,-,bare,4.0,15.108,173.721,173.721,173.721,-1,25.91,25.91,getup,203.661,9.895,Static,StoneStairs,shape,False,False,,1.0,1.0,2.482083154736391,12.32147357405231,9.928332618945564
Vayne_impacts_log_2,Vayne,female,True,,light,92320.416,255.9890000000014,1,NPC Head [Head],head,-,bare,4.0,15.108,28.391,28.391,28.391,-1,66.682,66.682,getup,87.107,1.841,Static,StoneStairs,shape,False,False,,1.0,1.0,0.4056436633804829,0.32909356328147704,1.6225746535219316
Vayne_impacts_log_2,Vayne,female,True,,light,94429.749,300.47299999999814,1,NPC Head [Head],head,-,bare,4.0,15.108,69.67,69.67,69.67,-1,86.042,86.042,getup,76.435,5.633,Static,Stone,shape,False,False,,1.0,1.0,0.9954279182740392,1.9817534809587745,3.981711673096157
Vayne_impacts_log_2,Vayne,female,True,,light,33958.322,243.38100000000122,1,NPC L Hand [LHnd],hand,L,light,4.0,8.334,228.622,228.622,228.622,-1,26.002,26.002,ragdoll,234.795,6.951,Static,StoneStairs,shape,False,False,,-0.0,1.0,3.2664952136019436,21.339981960968814,13.065980854407774
Vayne_impacts_log_2,Vayne,female,True,,light,34201.706,879.2530000000042,1,NPC L Hand [LHnd],hand,L,light,4.0,8.334,50.09,50.09,50.09,-1,66.748,66.748,ragdoll,58.522,6.454,Static,StoneStairs,shape,False,False,,1.0,0.0,0.7156736676668096,1.0243775971833262,2.8626946706672385
Vayne_impacts_log_2,Vayne,female,True,,light,35239.022,15.117000000005646,1,NPC L Hand [LHnd],hand,L,light,4.0,8.334,71.268,71.268,71.268,-1,45.362,45.362,getup,90.42,6.608,Static,StoneStairs,shape,False,False,,0.0,1.0,1.0182597513930562,2.0737058426140975,4.073039005572225
Vayne_impacts_log_2,Vayne,female,True,,light,35254.14,1443.7980000000025,4,NPC L Hand [LHnd],hand,L,light,4.0,8.334,32.14,37.436,32.14,-1,375.463,375.463,getup,391.577,10.707,Static,StoneStairs,shape,False,False,,-0.0,1.0,0.5348764109158451,0.5721855499084321,2.1395056436633806
Vayne_impacts_log_2,Vayne,female,True,,light,40233.118,449.14600000000064,2,NPC L Hand [LHnd],hand,L,light,4.0,8.334,64.189,64.189,64.189,-1,62.002,62.093,ragdoll,79.055,5.396,Static,StoneStairs,shape,False,False,,0.9945,1.0,0.9171167309615659,1.6822061964192585,3.6684669238462635
Vayne_impacts_log_2,Vayne,female,True,,light,40960.787,1399.2450000000026,2,NPC L Hand [LHnd],hand,L,light,4.0,8.334,497.358,497.358,497.358,-1,459.376,459.376,getup,606.967,22.763,Static,StoneStairs,shape,False,False,,1.0,1.0,7.106129447063867,100.99415143685644,28.424517788255468
Vayne_impacts_log_2,Vayne,female,True,,light,42360.035,130.26399999999558,2,NPC L Hand [LHnd],hand,L,light,4.0,8.334,44.534,44.534,44.534,-1,131.398,131.613,getup,110.768,7.068,Static,StoneStairs,shape,False,False,,1.0,1.0,0.6362908986998143,0.8097322155364346,2.545163594799257
Vayne_impacts_log_2,Vayne,female,True,,light,43333.615,36.53600000000006,1,NPC L Hand [LHnd],hand,L,light,4.0,8.334,85.529,85.529,85.529,-1,84.333,84.333,ragdoll,107.651,5.514,Static,StoneStairs,shape,False,False,,0.0,1.0,1.2220174310615803,2.9866532036366884,4.888069724246321
Vayne_impacts_log_2,Vayne,female,True,,light,43576.059,580.4230000000025,3,NPC L Hand [LHnd],hand,L,light,4.0,8.334,50.222,116.476,50.222,-1,86.489,425.966,ragdoll,91.295,2.135,Static,StoneStairs,shape,False,False,,1.0,1.0,1.6641805972281756,5.538994120381454,6.656722388912702
Vayne_impacts_log_2,Vayne,female,True,,light,44156.484,69.4010000000053,1,NPC L Hand [LHnd],hand,L,light,4.0,8.334,112.113,112.113,112.113,-1,351.557,351.557,getup,360.793,10.277,Static,StoneStairs,shape,False,False,,0.1757,1.0,1.6018431204457781,5.131802765038936,6.407372481783113
Vayne_impacts_log_2,Vayne,female,True,,light,44279.403,682.5590000000011,2,NPC L Hand [LHnd],hand,L,light,4.0,8.334,329.371,329.371,329.371,-1,552.452,552.452,getup,573.401,22.877,Static,Stone,shape,False,False,,1.0,1.0,4.705972281754536,44.29235023328399,18.823889127018145
Vayne_impacts_log_2,Vayne,female,True,,light,44961.965,866.3830000000016,4,NPC L Hand [LHnd],hand,L,light,4.0,8.334,90.198,90.198,90.198,-1,79.115,79.616,getup,107.794,5.024,Static,Stone,shape,False,False,,1.0,1.0,1.2887269609944279,3.321634359987867,5.154907843977711
Vayne_impacts_log_2,Vayne,female,True,,light,56583.949,395.46399999999994,1,NPC L Hand [LHnd],hand,L,light,4.0,8.334,231.416,231.416,231.416,-1,442.595,442.595,ragdoll,347.208,34.725,Static,StoneStairs,shape,False,False,,0.0,0.0,3.3064152021717392,21.864762978304768,13.225660808686957
Vayne_impacts_log_2,Vayne,female,True,,light,56979.413,51.275000000001455,1,NPC L Hand [LHnd],hand,L,light,4.0,8.334,5.667,5.667,5.667,-1,297.379,297.379,ragdoll,268.256,26.384,Static,StoneStairs,shape,False,False,,0.1541,1.0,0.08096870981568796,0.013111863938434169,0.32387483926275185
Vayne_impacts_log_2,Vayne,female,True,,light,57346.884,118.58699999999953,2,NPC L Hand [LHnd],hand,L,light,4.0,8.334,218.445,218.445,218.445,-1,130.957,130.957,ragdoll,256.285,3.351,Static,StoneStairs,shape,False,False,,0.582,1.0,3.1210887269609944,19.482389683126,12.484354907843978
Vayne_impacts_log_2,Vayne,female,True,,light,57532.217,881.7660000000033,3,NPC L Hand [LHnd],hand,L,light,4.0,8.334,152.57,152.57,152.57,-1,87.452,143.602,ragdoll,175.852,4.077,Static,StoneStairs,shape,False,False,,0.0,1.0,2.179882840405772,9.503778395791075,8.719531361623089
Vayne_impacts_log_2,Vayne,female,True,,light,58531.421,1291.0469999999987,2,NPC L Hand [LHnd],hand,L,light,4.0,8.334,73.169,73.169,73.169,-1,70.981,70.981,getup,81.908,6.267,Static,StoneStairs,shape,False,False,,1.0,1.0,1.0454207743963424,2.1858091910788966,4.18168309758537
Vayne_impacts_log_2,Vayne,female,True,,light,62199.532,1307.2949999999983,7,NPC L Hand [LHnd],hand,L,light,4.0,8.334,285.087,293.403,285.087,-1,46.215,369.993,ragdoll,290.018,4.734,Static,StoneStairs,shape,False,False,,-0.0,1.0,4.192070295756538,35.14690672912861,16.76828118302615
Vayne_impacts_log_2,Vayne,female,True,,light,63506.829,1588.8650000000052,3,NPC L Hand [LHnd],hand,L,light,4.0,8.334,113.143,113.143,113.143,-1,68.352,114.159,getup,125.01,7.396,Static,StoneStairs,shape,False,False,,1.0,0.0,1.6165595085012145,5.226529289051377,6.466238034004858
Vayne_impacts_log_2,Vayne,female,True,,light,68792.724,101.7280000000028,1,NPC L Hand [LHnd],hand,L,light,4.0,8.334,428.074,428.074,428.074,-1,806.11,806.11,ragdoll,781.634,40.585,Static,Stone,shape,False,False,,1.0,1.0,6.116216602371768,74.81621105425612,24.464866409487072
Vayne_impacts_log_2,Vayne,female,True,,light,80238.491,19.081000000005588,1,NPC L Hand [LHnd],hand,L,light,4.0,8.334,72.387,72.387,72.387,-1,61.852,61.852,ragdoll,206.47,49.439,Static,StoneStairs,shape,False,False,,0.0,1.0,1.0342477496785256,2.1393368154301884,4.1369909987141025
Vayne_impacts_log_2,Vayne,female,True,,light,81317.423,1644.5770000000048,9,NPC L Hand [LHnd],hand,L,light,4.0,8.334,117.93,266.052,117.93,-1,212.219,212.219,getup,235.045,3.714,Static,Stone,shape,False,False,,-0.0,1.0,3.801285897985427,28.89954895644575,15.205143591941708
Vayne_impacts_log_2,Vayne,female,True,,light,83827.2,202.54000000000815,4,NPC L Hand [LHnd],hand,L,light,4.0,8.334,66.497,66.497,66.497,-1,160.899,172.292,getup,150.348,5.108,Static,Stone,shape,False,False,,-0.0,1.0,0.9500928704100586,1.8053529248080489,3.8003714816402345
Vayne_impacts_log_2,Vayne,female,True,,light,84898.867,829.3549999999959,1,NPC L Hand [LHnd],hand,L,light,4.0,8.334,497.892,497.892,497.892,-1,227.619,227.619,ragdoll,533.576,24.721,Static,Stone,shape,False,False,,1.0,1.0,7.113759108444064,101.21113730594178,28.455036433776257
Vayne_impacts_log_2,Vayne,female,True,,light,85959.781,1296.8739999999962,1,NPC L Hand [LHnd],hand,L,light,4.0,8.334,80.013,80.013,80.013,-1,176.247,176.247,getup,139.798,11.29,Static,Stone,shape,False,False,,1.0,1.0,1.1432061723103302,2.6138407048168726,4.572824689241321
Vayne_impacts_log_2,Vayne,female,True,,light,91935.412,854.9370000000054,1,NPC L Hand [LHnd],hand,L,light,4.0,8.334,134.697,134.697,134.697,-1,67.549,67.549,getup,148.733,2.215,Static,StoneStairs,shape,False,False,,1.0,1.0,1.9245177882554652,7.407537434623415,7.698071153021861
Vayne_impacts_log_2,Vayne,female,True,,light,93663.846,616.9179999999906,1,NPC L Hand [LHnd],hand,L,light,4.0,8.334,214.015,214.015,214.015,-1,18.947,18.947,ragdoll,217.109,6.167,Static,Stone,shape,False,False,,1.0,1.0,3.057793970567224,18.70020793287454,12.231175882268897
Vayne_impacts_log_2,Vayne,female,True,,light,36587.84,92.7100000000064,1,NPC L Forearm [LLar],arm,L,light,2.0,11.658,22.752,22.752,22.752,-1,122.939,122.939,getup,112.495,3.034,Static,StoneStairs,shape,False,False,,0.1045,1.0,0.32507501071581657,0.10567376259188825,0.6501500214316331
Vayne_impacts_log_2,Vayne,female,True,,light,41015.452,1437.2000000000044,6,NPC L Forearm [LLar],arm,L,light,2.0,11.658,147.07,147.07,147.07,-1,122.942,122.942,getup,142.857,7.657,Static,StoneStairs,shape,False,False,,1.0,1.0,2.1013001857408202,4.415462470594406,4.2026003714816405
Vayne_impacts_log_2,Vayne,female,True,,light,43408.414,76.44400000000314,2,NPC L Forearm [LLar],arm,L,light,2.0,11.658,5.614,9.084,5.614,-1,61.23,61.23,ragdoll,41.581,2.255,Static,StoneStairs,shape,False,False,,0.0,1.0,0.12978996999571368,0.016845436311488257,0.25957993999142737
Vayne_impacts_log_2,Vayne,female,True,,light,44121.522,69.1840000000011,2,NPC L Forearm [LLar],arm,L,light,2.0,11.658,27.614,27.614,27.614,-1,320.616,376.067,getup,238.716,11.174,Static,StoneStairs,shape,False,False,,0.0,1.0,0.39454207743963426,0.15566345087038236,0.7890841548792685
Vayne_impacts_log_2,Vayne,female,True,,light,44427.903,1342.7490000000034,13,NPC L Forearm [LLar],arm,L,light,2.0,11.658,44.375,91.651,44.375,-1,70.491,100.79,getup,45.194,7.653,Static,StoneStairs,shape,False,False,,1.0,1.0,1.3094870695813687,1.7147563854008003,2.6189741391627375
Vayne_impacts_log_2,Vayne,female,True,,light,56948.004,0.30900000000110595,1,NPC L Forearm [LLar],arm,L,light,2.0,11.658,173.506,173.506,173.506,-1,203.52,203.52,ragdoll,289.167,4.106,Static,StoneStairs,shape,False,False,,-0.0,1.0,2.4790112873267613,6.145496962693486,4.958022574653523
Vayne_impacts_log_2,Vayne,female,True,,light,57914.243,433.8139999999985,3,NPC L Forearm [LLar],arm,L,light,2.0,11.658,24.898,51.933,24.898,-1,38.633,177.306,ragdoll,46.826,3.948,Static,StoneStairs,shape,False,False,,1.0,1.0,0.7420060008572654,0.5505729053081921,1.4840120017145308
Vayne_impacts_log_2,Vayne,female,True,,light,59001.207,481.2939999999944,1,NPC L Forearm [LLar],arm,L,light,2.0,11.658,12.237,12.237,12.237,-1,135.99,135.99,getup,63.229,5.863,Static,StoneStairs,shape,False,False,,1.0,1.0,0.1748392627518217,0.030568767799600553,0.3496785255036434
Vayne_impacts_log_2,Vayne,female,True,,light,62234.852,74.97499999999854,1,NPC L Forearm [LLar],arm,L,light,2.0,11.658,40.343,40.343,40.343,-1,121.114,121.114,ragdoll,136.468,7.0,Static,StoneStairs,shape,False,False,,-0.0,1.0,0.5764109158451208,0.33224954390541095,1.1528218316902417
Vayne_impacts_log_2,Vayne,female,True,,light,62309.828,201.4930000000022,1,NPC L Forearm [LLar],arm,L,light,2.0,11.658,12.179,12.179,12.179,-1,126.141,126.141,ragdoll,80.506,7.254,Static,StoneStairs,shape,False,False,,-0.0,1.0,0.1740105729389913,0.03027967949455601,0.3480211458779826
Vayne_impacts_log_2,Vayne,female,True,,light,62759.394,600.5749999999971,2,NPC L Forearm [LLar],arm,L,light,2.0,11.658,19.973,46.886,19.973,-1,47.982,47.982,ragdoll,44.915,3.493,Static,StoneStairs,shape,False,False,,1.0,1.0,0.6698956993856267,0.44876024805535786,1.3397913987712533
Vayne_impacts_log_2,Vayne,female,True,,light,63408.2,32.666000000004715,1,NPC L Forearm [LLar],arm,L,light,2.0,11.658,31.837,31.837,31.837,-1,265.006,265.006,getup,290.903,9.026,Static,StoneStairs,shape,False,False,,-0.0,1.0,0.4548792684669239,0.20691514888100382,0.9097585369338478
Vayne_impacts_log_2,Vayne,female,True,,light,63456.289,1604.1110000000044,15,NPC L Forearm [LLar],arm,L,light,2.0,11.658,64.953,258.43,64.953,-1,151.772,220.645,getup,167.488,5.026,Static,StoneStairs,shape,False,False,,0.0,1.0,3.6923846263751967,13.6337042290919,7.384769252750393
Vayne_impacts_log_2,Vayne,female,True,,light,68812.888,61.27399999999034,1,NPC L Forearm [LLar],arm,L,light,2.0,11.658,36.916,36.916,36.916,-1,537.111,537.111,ragdoll,442.297,8.063,Static,Stone,shape,False,False,,1.0,1.0,0.5274467781111587,0.2782001037398419,1.0548935562223174
Vayne_impacts_log_2,Vayne,female,True,,light,80201.022,1044.8790000000008,3,NPC L Forearm [LLar],arm,L,light,2.0,11.658,12.865,122.082,12.865,-1,77.041,123.318,ragdoll,97.976,22.68,Static,StoneStairs,shape,False,False,,0.8654,1.0,1.7442777539648522,3.042504882976669,3.4885555079297044
Vayne_impacts_log_2,Vayne,female,True,,light,81332.683,1593.2799999999988,10,NPC L Forearm [LLar],arm,L,light,2.0,11.658,20.892,66.764,20.892,-1,23.526,159.485,getup,37.148,4.412,Static,Stone,shape,False,False,,-0.0,0.0,0.9539077011001572,0.9099399022181869,1.9078154022003144
Vayne_impacts_log_2,Vayne,female,True,,light,84898.877,115.69200000001001,1,NPC L Forearm [LLar],arm,L,light,2.0,11.658,380.786,380.786,380.786,-1,208.244,208.244,ragdoll,332.502,18.165,Static,Stone,shape,False,False,,1.0,1.0,5.440577225317903,29.599880544647856,10.881154450635806
Vayne_impacts_log_2,Vayne,female,True,,light,85324.383,366.9609999999957,1,NPC L Forearm [LLar],arm,L,light,2.0,11.658,5.305,5.305,5.305,-1,11.49,11.49,ragdoll,13.603,1.883,Static,Stone,shape,False,False,,1.0,1.0,0.07579654236319475,0.005745115834215576,0.1515930847263895
Vayne_impacts_log_2,Vayne,female,True,,light,85995.327,144.49499999999534,1,NPC L Forearm [LLar],arm,L,light,2.0,11.658,11.36,11.36,11.36,-1,87.265,87.265,getup,38.32,7.8,Static,Stone,shape,False,False,,1.0,1.0,0.16230890127161024,0.02634417943199732,0.3246178025432205
Vayne_impacts_log_2,Vayne,female,True,,light,91954.639,800.195000000007,4,NPC L Forearm [LLar],arm,L,light,2.0,11.658,119.382,119.382,119.382,-1,82.764,82.764,getup,152.596,8.133,Static,StoneStairs,shape,False,False,,1.0,1.0,1.7057008144020576,2.9094152682518426,3.411401628804115
Vayne_impacts_log_2,Vayne,female,True,,light,93997.953,249.74700000000303,1,NPC L Forearm [LLar],arm,L,light,2.0,11.658,21.988,21.988,21.988,-1,144.426,144.426,ragdoll,120.58,5.065,Static,Stone,shape,False,False,,1.0,1.0,0.31415916559508505,0.09869598132740007,0.6283183311901701
Vayne_impacts_log_2,Vayne,female,True,,light,34145.306,257.3000000000029,2,NPC Spine [Spn0],torso,-,light,4.0,17.297,25.765,25.937,25.765,-1,35.53,35.53,ragdoll,53.036,1.832,Static,StoneStairs,shape,False,False,,0.0996,1.0,0.3705815116445207,0.27466131354547607,1.4823260465780828
Vayne_impacts_log_2,Vayne,female,True,,light,35253.844,477.8970000000045,3,NPC Spine [Spn0],torso,-,light,4.0,17.297,109.918,109.918,109.918,-1,15.47,15.47,getup,115.886,4.321,Static,StoneStairs,shape,False,False,,1.0,1.0,1.5704814973567656,4.932824267079897,6.281925989427062
Vayne_impacts_log_2,Vayne,female,True,,light,40960.49,425.8070000000007,6,NPC Spine [Spn0],torso,-,light,4.0,17.297,34.616,34.616,34.616,-1,17.116,32.319,getup,83.724,6.91,Static,StoneStairs,shape,False,False,,0.9857,1.0,0.49458494070581516,0.4892285271459494,1.9783397628232606
Vayne_impacts_log_2,Vayne,female,True,,light,43352.787,205.846000000005,1,NPC Spine [Spn0],torso,-,light,4.0,17.297,17.32,17.32,17.32,-1,17.753,17.753,ragdoll,23.533,0.863,Static,StoneStairs,shape,False,False,,1.0,1.0,0.2474639234176311,0.12247678678649437,0.9898556936705244
Vayne_impacts_log_2,Vayne,female,True,,light,43558.635,649.0250000000015,1,NPC Spine [Spn0],torso,-,light,4.0,17.297,19.907,19.907,19.907,-1,25.502,25.502,ragdoll,24.479,2.631,Static,StoneStairs,shape,False,False,,1.0,1.0,0.28442634662094585,0.16179669330427687,1.1377053864837834
Vayne_impacts_log_2,Vayne,female,True,,light,44207.663,568.75,1,NPC Spine [Spn0],torso,-,light,4.0,17.297,20.507,20.507,20.507,-1,22.052,22.052,getup,39.412,2.141,Static,StoneStairs,shape,False,False,,1.0,0.0,0.29299899985712247,0.1716968278345481,1.1719959994284899
Vayne_impacts_log_2,Vayne,female,True,,light,44868.326,370.4629999999961,2,NPC Spine [Spn0],torso,-,light,4.0,17.297,63.516,63.516,63.516,-1,34.683,34.683,getup,68.265,1.458,Static,StoneStairs,shape,False,False,,0.0,1.0,0.9075010715816546,1.647116389843703,3.6300042863266184
Vayne_impacts_log_2,Vayne,female,True,,light,56979.06,16.411000000000058,2,NPC Spine [Spn0],torso,-,light,4.0,17.297,97.613,115.056,97.613,-1,239.417,297.046,ragdoll,203.578,10.307,Static,StoneStairs,shape,False,False,,0.2452,1.0,1.6438919845692244,5.404761713861886,6.5755679382768975
Vayne_impacts_log_2,Vayne,female,True,,light,57899.171,149.56499999999505,1,NPC Spine [Spn0],torso,-,light,4.0,17.297,36.303,36.303,36.303,-1,10.634,10.634,ragdoll,42.661,1.46,Static,StoneStairs,shape,False,False,,1.0,1.0,0.518688384054865,0.5380752795068942,2.07475353621946
Vayne_impacts_log_2,Vayne,female,True,,light,58048.736,1018.9830000000002,2,NPC Spine [Spn0],torso,-,light,4.0,17.297,46.712,52.924,46.712,-1,99.033,99.033,getup,10.329,6.709,Static,StoneStairs,shape,False,False,,1.0,0.0,0.7561651664523504,1.1435715179118218,3.0246606658094017
Vayne_impacts_log_2,Vayne,female,True,,light,62814.52,18.311000000001513,1,NPC Spine [Spn0],torso,-,light,4.0,17.297,64.166,64.166,64.166,-1,19.229,19.229,ragdoll,65.697,1.808,Static,StoneStairs,shape,False,False,,1.0,1.0,0.9167881125875125,1.6810008867635469,3.66715245035005
Vayne_impacts_log_2,Vayne,female,True,,light,62832.836,1620.9679999999935,5,NPC Spine [Spn0],torso,-,light,4.0,17.297,10.02,30.264,10.02,-1,1.377,44.885,ragdoll,25.064,2.533,Static,StoneStairs,shape,False,False,,0.9999,1.0,0.4324046292327476,0.3739475267638198,1.7296185169309903
Vayne_impacts_log_2,Vayne,female,True,,light,68792.712,178.3249999999971,2,NPC Spine [Spn0],torso,-,light,4.0,17.297,213.967,213.967,213.967,-1,554.918,554.918,ragdoll,504.378,9.259,Static,Stone,shape,False,False,,1.0,1.0,3.0571081583083304,18.691820583190704,12.228432633233322
Vayne_impacts_log_2,Vayne,female,True,,light,80164.49,1770.8220000000001,6,NPC Spine [Spn0],torso,-,light,4.0,17.297,264.454,264.454,264.454,-1,23.88,78.353,ragdoll,250.083,6.691,Static,StoneStairs,shape,False,False,,1.0,1.0,3.77845406486641,28.553430240610993,15.11381625946564
Vayne_impacts_log_2,Vayne,female,True,,light,84880.682,1773.675000000003,2,NPC Spine [Spn0],torso,-,light,4.0,17.297,81.635,81.635,81.635,-1,186.58,186.58,ragdoll,109.362,12.07,Static,Stone,shape,False,False,,1.0,1.0,1.1663809115587942,2.7208888616974476,4.665523646235177
Vayne_impacts_log_2,Vayne,female,True,,light,91758.07,140.73799999999756,1,NPC Spine [Spn0],torso,-,light,4.0,17.297,15.925,15.925,15.925,-1,44.141,44.141,getup,62.852,6.579,Static,StoneStairs,shape,False,False,,1.0,1.0,0.22753250464352054,0.10354208133870739,0.9101300185740822
Vayne_impacts_log_2,Vayne,female,True,,light,93713.45,50.86600000000908,1,NPC Spine [Spn0],torso,-,light,4.0,17.297,66.907,66.907,66.907,-1,194.741,194.741,ragdoll,123.601,8.288,Static,Stone,shape,False,False,,1.0,1.0,0.955950850121446,1.8276840556958305,3.823803400485784
Vayne_impacts_log_2,Vayne,female,True,,light,94397.246,718.5369999999966,1,NPC Spine [Spn0],torso,-,light,4.0,17.297,128.621,128.621,128.621,-1,11.616,11.616,getup,129.225,1.327,Static,Stone,shape,False,False,,1.0,1.0,1.8377053864837836,6.754322175023025,7.350821545935134
Vayne_impacts_log_2,Vayne,female,True,,light,35392.026,72.5109999999986,1,NPC COM [COM ],torso,-,light,40.0,17.972,17.685,17.685,17.685,-1,26.489,26.489,getup,58.835,4.324,Static,StoneStairs,shape,False,False,,1.0,1.0,0.2526789541363052,1.2769330772683405,10.107158165452208
Vayne_impacts_log_2,Vayne,female,True,,light,44296.716,0.33000000000174623,1,NPC COM [COM ],torso,-,light,40.0,17.972,12.821,12.821,12.821,-1,30.221,30.221,getup,79.072,12.366,Static,StoneStairs,shape,False,False,,1.0,1.0,0.18318331190170026,0.671122515185512,7.32733247606801
Vayne_impacts_log_2,Vayne,female,True,,light,44831.759,371.14300000000367,1,NPC COM [COM ],torso,-,light,40.0,17.972,20.393,20.393,20.393,-1,21.636,21.636,getup,16.483,1.472,Static,StoneStairs,shape,False,False,,0.0,1.0,0.2913701957422489,1.6979318193375292,11.654807829689958
Vayne_impacts_log_2,Vayne,female,True,,light,56847.415,14.849999999998545,1,NPC COM [COM ],torso,-,light,40.0,17.972,30.327,30.327,30.327,-1,491.953,491.953,ragdoll,415.531,15.27,Static,Stone,shape,False,False,,1.0,1.0,0.4333047578225461,3.755060263033107,17.332190312901844
Vayne_impacts_log_2,Vayne,female,True,,light,58330.321,451.4659999999931,3,NPC COM [COM ],torso,-,light,40.0,17.972,44.76,44.76,44.76,-1,33.761,33.761,getup,52.872,5.643,Static,StoneStairs,shape,False,False,,0.9945,1.0,0.6395199314187742,8.179714853637472,25.580797256750966
Vayne_impacts_log_2,Vayne,female,True,,light,68812.594,121.20600000000559,2,NPC COM [COM ],torso,-,light,40.0,17.972,184.156,184.156,184.156,-1,509.051,509.051,ragdoll,498.642,8.77,Static,Stone,shape,False,False,,1.0,1.0,2.631175882268896,138.46173046867005,105.24703529075583
Vayne_impacts_log_2,Vayne,female,True,,light,80753.041,1079.5679999999993,1,NPC COM [COM ],torso,-,light,40.0,17.972,10.597,10.597,10.597,-1,16.791,16.791,getup,4.853,2.27,Static,StoneStairs,shape,False,False,,1.0,0.0,0.15140734390627233,0.45848367577504445,6.056293756250893
Vayne_impacts_log_2,Vayne,female,True,,light,81832.61,66.84399999999732,1,NPC COM [COM ],torso,-,light,40.0,17.972,5.621,5.621,5.621,-1,6.509,6.509,getup,6.179,0.813,Static,StoneStairs,shape,False,False,,0.9998,1.0,0.0803114730675811,0.12899865412569608,3.2124589227032443
Vayne_impacts_log_2,Vayne,female,True,,light,86371.247,187.57200000000012,1,NPC COM [COM ],torso,-,light,40.0,17.972,13.8,13.8,13.8,-1,3.467,3.467,getup,12.365,0.382,Static,Stone,shape,False,False,,1.0,1.0,0.19717102443206175,0.7775282575117738,7.8868409772824695
Vayne_impacts_log_2,Vayne,female,True,,light,91127.043,1610.6199999999953,5,NPC COM [COM ],torso,-,light,40.0,17.972,20.345,205.347,20.345,-1,41.845,190.911,ragdoll,43.873,1.153,Static,StoneStairs,shape,False,False,,1.0,1.0,2.9339477068152595,172.1609829265304,117.35790827261039
Vayne_impacts_log_2,Vayne,female,True,,light,94797.192,235.2600000000093,1,NPC COM [COM ],torso,-,light,40.0,17.972,10.697,10.697,10.697,-1,47.938,47.938,getup,141.256,8.26,Static,Stone,shape,False,False,,1.0,1.0,0.15283611944563508,0.46717758814400867,6.1134447778254035
Vayne_impacts_log_2,Vayne,female,True,,light,35482.488,579.3899999999994,2,NPC Neck [Neck],head,-,bare,6.0,8.431,23.061,23.061,23.061,-1,22.236,22.236,getup,33.09,1.321,Static,StoneStairs,shape,False,False,,0.9654,1.0,0.3294899271324475,0.3256908362452367,1.976939562794685
Vayne_impacts_log_2,Vayne,female,True,,light,63472.639,1089.3469999999943,3,NPC Neck [Neck],head,-,bare,6.0,8.431,32.432,43.925,32.432,-1,39.824,41.973,getup,46.987,1.488,Static,StoneStairs,shape,False,False,,1.0,0.0,0.6275896556650951,1.1816063276934978,3.7655379339905704
Vayne_impacts_log_2,Vayne,female,True,,light,92046.867,51.22500000000582,1,NPC Neck [Neck],head,-,bare,6.0,8.431,80.174,80.174,80.174,-1,40.417,40.417,getup,89.148,1.297,Static,StoneStairs,shape,False,False,,1.0,1.0,1.1455065009287042,3.9365554310097703,6.873039005572226
Vayne_impacts_log_2,Vayne,female,True,,light,92098.095,356.65899999999965,1,NPC Neck [Neck],head,-,bare,6.0,8.431,63.251,63.251,63.251,-1,11.094,11.094,getup,66.524,3.346,Static,StoneStairs,shape,False,False,,0.9998,1.0,0.9037148164023432,2.4501014081553625,5.42228889841406
Vayne_impacts_log_2,Vayne,female,True,,light,35624.391,229.06199999999808,1,NPC L UpperArm [LUar],arm,L,light,2.0,14.463,24.837,24.837,24.837,-1,29.884,29.884,getup,50.827,3.085,Static,StoneStairs,shape,False,False,,0.0,1.0,0.3548649807115302,0.12592915453539472,0.7097299614230604
Vayne_impacts_log_2,Vayne,female,True,,light,35853.455,809.0449999999983,4,NPC L UpperArm [LUar],arm,L,light,2.0,14.463,38.976,43.731,38.976,-1,58.799,151.205,getup,37.269,4.853,Static,StoneStairs,shape,False,False,,0.0191,1.0,0.6248178311187313,0.3903973220839155,1.2496356622374627
Vayne_impacts_log_2,Vayne,female,True,,light,40997.09,1344.573000000004,2,NPC L UpperArm [LUar],arm,L,light,2.0,14.463,56.88,56.88,56.88,-1,28.389,69.299,getup,58.868,1.053,Static,StoneStairs,shape,False,False,,0.9945,0.0,0.8126875267895415,0.6604610161993018,1.625375053579083
Vayne_impacts_log_2,Vayne,female,True,,light,43626.396,115.7960000000021,2,NPC L UpperArm [LUar],arm,L,light,2.0,14.463,12.171,12.171,12.171,-1,39.469,39.469,ragdoll,18.98,2.28,Static,StoneStairs,shape,False,False,,0.4641,1.0,0.17389627089584225,0.030239913031480152,0.3477925417916845
Vayne_impacts_log_2,Vayne,female,True,,light,44333.569,1118.5939999999973,11,NPC L UpperArm [LUar],arm,L,light,2.0,14.463,9.554,78.571,9.554,-1,11.513,112.627,getup,18.782,2.012,Static,StoneStairs,shape,False,False,,1.0,1.0,1.122603229032719,1.2602380098346875,2.245206458065438
Vayne_impacts_log_2,Vayne,female,True,,light,45452.164,242.24600000000646,1,NPC L UpperArm [LUar],arm,L,light,2.0,14.463,69.371,69.371,69.371,-1,94.452,94.452,getup,77.83,3.975,Static,StoneStairs,shape,False,False,,1.0,1.0,0.9911558794113445,0.9823899772916758,1.982311758822689
Vayne_impacts_log_2,Vayne,female,True,,light,62253.932,505.4599999999991,2,NPC L UpperArm [LUar],arm,L,light,2.0,14.463,12.856,12.856,12.856,-1,75.548,75.548,ragdoll,106.176,3.32,Static,StoneStairs,shape,False,False,,0.6238,1.0,0.18368338334047724,0.03373958531540471,0.36736676668095447
Vayne_impacts_log_2,Vayne,female,True,,light,80200.714,189.18799999999464,1,NPC L UpperArm [LUar],arm,L,light,2.0,14.463,149.686,149.686,149.686,-1,58.198,58.198,ragdoll,118.529,8.628,Static,StoneStairs,shape,False,False,,1.0,1.0,2.1386769538505503,4.573939112931469,4.277353907701101
Vayne_impacts_log_2,Vayne,female,True,,light,81317.838,15.190999999991618,1,NPC L UpperArm [LUar],arm,L,light,2.0,14.463,196.393,196.393,196.393,-1,176.2,176.2,getup,165.702,13.083,Static,Stone,shape,False,False,,-0.0,1.0,2.8060151450207176,7.873720994085638,5.612030290041435
Vayne_impacts_log_2,Vayne,female,True,,light,81349.406,1456.8080000000045,4,NPC L UpperArm [LUar],arm,L,light,2.0,14.463,209.929,209.929,209.929,-1,56.34,56.34,getup,179.722,8.925,Static,Stone,shape,False,False,,0.0,1.0,2.9994142020288614,8.996485555332432,5.998828404057723
Vayne_impacts_log_2,Vayne,female,True,,light,90463.999,239.77100000000792,2,NPC L UpperArm [LUar],arm,L,light,2.0,14.463,380.411,380.411,380.411,-1,120.776,120.776,ragdoll,329.704,12.989,Static,StoneStairs,shape,False,False,,1.0,1.0,5.435219317045292,29.541609024382293,10.870438634090585
Vayne_impacts_log_2,Vayne,female,True,,light,91881.228,806.2149999999965,4,NPC L UpperArm [LUar],arm,L,light,2.0,14.463,17.923,75.656,17.923,-1,88.581,102.152,getup,107.877,3.436,Static,StoneStairs,shape,False,False,,-0.0,0.0,1.0809544220602945,1.1684624625717053,2.161908844120589
Vayne_impacts_log_2,Vayne,female,True,,light,49195.093,18.03299999999581,1,NPC Head [Head],head,-,bare,4.0,15.108,347.788,347.788,347.788,-1,477.164,477.164,ragdoll,570.155,5.433,Static,Stone,shape,False,False,,1.0,1.0,4.9691098728389775,49.3841058566916,19.87643949135591
Vayne_impacts_log_2,Vayne,female,True,,light,49213.127,69.62099999999919,2,NPC Head [Head],head,-,bare,4.0,15.108,10.083,44.767,10.083,-1,43.996,43.996,ragdoll,469.251,52.377,Static,Stone,shape,False,False,,1.0,0.0,0.6396199457065296,0.8182273498912477,2.5584797828261183
Vayne_impacts_log_2,Vayne,female,True,,light,49282.748,17.18800000000192,1,NPC Head [Head],head,-,bare,4.0,15.108,45.754,45.754,45.754,-1,1163.849,1163.849,ragdoll,834.782,45.218,Static,Stone,shape,False,False,,1.0,1.0,0.65372196028004,0.8547048027047565,2.61488784112016
Vayne_impacts_log_2,Vayne,female,True,,light,68833.893,99.57600000000093,1,NPC Head [Head],head,-,bare,4.0,15.108,10.897,10.897,10.897,-1,661.907,661.907,ragdoll,490.259,16.685,Static,Stone,shape,False,False,,1.0,1.0,0.15569367052436064,0.04848103808269633,0.6227746820974426
Vayne_impacts_log_2,Vayne,female,True,,light,56546.964,16.122000000003027,1,NPC R Hand [RHnd],hand,R,light,4.0,8.334,249.973,249.973,249.973,-1,669.32,669.32,ragdoll,757.351,9.919,Static,Stone,shape,False,False,,1.0,1.0,3.571553079011288,25.51198279239002,14.286212316045152
Vayne_impacts_log_2,Vayne,female,True,,light,68933.458,0.35199999999895226,1,NPC R Hand [RHnd],hand,R,light,4.0,8.334,19.703,19.703,19.703,-1,364.14,364.14,ragdoll,359.729,3.899,Static,Stone,shape,False,False,,1.0,1.0,0.2815116445206458,0.15849761200143692,1.1260465780825832
Vayne_impacts_log_2,Vayne,female,True,,light,49231.52,68.42400000000634,1,NPC L Hand [LHnd],hand,L,light,4.0,8.334,403.206,403.206,403.206,-1,603.842,603.842,ragdoll,683.208,15.682,Static,Stone,shape,False,False,,1.0,1.0,5.760908701243036,66.37613812811544,23.043634804972143
Vayne_impacts_log_2,Vayne,female,True,,light,49299.946,58.896999999997206,2,NPC L Hand [LHnd],hand,L,light,4.0,8.334,50.703,62.852,50.703,-1,692.818,692.818,ragdoll,535.062,30.774,Static,Stone,shape,False,False,,1.0,1.0,0.8980140020002858,1.6128582955771387,3.592056008001143
Vayne_impacts_log_2,Vayne,female,True,,light,68894.458,96.83299999999872,1,NPC L Hand [LHnd],hand,L,light,4.0,8.334,60.942,60.942,60.942,-1,472.104,472.104,ragdoll,379.018,16.531,Static,Stone,shape,False,False,,1.0,1.0,0.870724389198457,1.5163219238900518,3.482897556793828
Vayne_impacts_log_2,Vayne,female,True,,light,68991.291,79.03699999999662,2,NPC L Hand [LHnd],hand,L,light,4.0,8.334,37.471,37.471,37.471,-1,423.793,423.793,ragdoll,371.59,20.035,Static,Stone,shape,False,False,,1.0,1.0,0.5353764823546221,0.573255955716818,2.1415059294184884
Vayne_impacts_log_2,Vayne,female,True,,light,94314.041,988.6849999999977,2,NPC L Hand [LHnd],hand,L,light,4.0,8.334,23.639,23.639,23.639,-1,511.039,511.039,getup,421.586,20.146,Static,Stone,shape,False,False,,1.0,1.0,0.3377482497499643,0.22814776041832854,1.3509929989998573
Vayne_impacts_log_2,Vayne,female,True,,light,95573.052,33.763000000006286,1,NPC L Hand [LHnd],hand,L,light,4.0,8.334,147.132,147.132,147.132,-1,314.874,314.874,ragdoll,335.164,13.278,Static,Stone,shape,False,False,,1.0,1.0,2.1021860265752252,8.838372180656267,8.408744106300901
Vayne_impacts_log_2,Vayne,female,True,,light,49248.696,34.052999999999884,1,NPC L Forearm [LLar],arm,L,light,2.0,11.658,94.22,94.22,94.22,-1,370.504,370.504,ragdoll,630.383,21.711,Static,Stone,shape,False,False,,1.0,1.0,1.3461923131875984,1.8122337440853769,2.6923846263751967
Vayne_impacts_log_2,Vayne,female,True,,light,49282.75,52.029999999998836,2,NPC L Forearm [LLar],arm,L,light,2.0,11.658,52.728,52.728,52.728,-1,516.923,518.313,ragdoll,474.997,24.804,Static,Stone,shape,False,False,,1.0,1.0,0.7533647663951993,0.5675584712456933,1.5067295327903987
Vayne_impacts_log_2,Vayne,female,True,,light,56467.4,116.88500000000204,1,NPC L Forearm [LLar],arm,L,light,2.0,11.658,14.986,14.986,14.986,-1,615.236,615.236,ragdoll,653.722,9.718,Static,Stone,shape,False,False,,1.0,1.0,0.21411630232890416,0.04584579092300269,0.4282326046578083
Vayne_impacts_log_2,Vayne,female,True,,light,68952.718,0.32500000001164153,1,NPC L Forearm [LLar],arm,L,light,2.0,11.658,53.073,53.073,53.073,-1,324.366,324.366,ragdoll,317.362,6.625,Static,Stone,shape,False,False,,1.0,1.0,0.7582940420060009,0.5750098541417987,1.5165880840120018
Vayne_impacts_log_2,Vayne,female,True,,light,94463.931,165.97999999999593,1,NPC L Forearm [LLar],arm,L,light,2.0,11.658,11.004,11.004,11.004,-1,112.301,112.301,getup,31.383,7.807,Static,Stone,shape,False,False,,1.0,1.0,0.1572224603514788,0.024718902038972323,0.3144449207029576
Vayne_impacts_log_2,Vayne,female,True,,light,94998.096,167.27099999999336,2,NPC L Forearm [LLar],arm,L,light,2.0,11.658,48.524,48.524,48.524,-1,136.569,136.569,getup,111.963,5.396,Static,Stone,shape,False,False,,1.0,1.0,0.6932990427203887,0.4806635626370073,1.3865980854407773
Vayne_impacts_log_2,Vayne,female,True,,light,95520.227,139.36999999999534,2,NPC L Forearm [LLar],arm,L,light,2.0,11.658,43.513,105.98,43.513,-1,246.519,289.224,ragdoll,298.19,11.721,Static,Stone,shape,False,False,,1.0,1.0,1.5142163166166598,2.2928510535081243,3.0284326332333196
Vayne_impacts_log_2,Vayne,female,True,,light,68853.914,196.3359999999957,2,NPC Spine2 [Spn2],torso,-,light,7.0,23.052,91.835,91.835,91.835,-1,423.352,423.352,ragdoll,384.726,6.472,Static,Stone,shape,False,False,,1.0,1.0,1.3121160165737962,6.025769543323203,9.184812116016573
Vayne_impacts_log_2,Vayne,female,True,,light,49282.743,52.333999999995285,1,NPC Head [Head],head,-,bare,4.0,15.108,31.298,31.298,31.298,-1,1162.783,1162.783,ragdoll,834.782,45.218,Static,Wood,shape,False,False,,1.0,1.0,0.44717816830975854,0.39993662842574146,1.7887126732390342
Vayne_impacts_log_2,Vayne,female,True,,light,49707.38,219.34700000000157,1,NPC Head [Head],head,-,bare,4.0,15.108,8.706,8.706,8.706,-1,367.685,367.685,ragdoll,359.497,1.209,Static,Wood,shape,False,False,,1.0,1.0,0.12438919845692242,0.030945345385511264,0.4975567938276897
Vayne_impacts_log_2,Vayne,female,True,,light,69030.53,931.1630000000005,1,NPC Head [Head],head,-,bare,4.0,15.108,76.769,76.769,76.769,-1,257.299,257.299,ragdoll,316.283,5.26,Static,Wood,shape,False,False,,1.0,1.0,1.0968566938134021,2.4061892135265346,4.3874267752536085
Vayne_impacts_log_2,Vayne,female,True,,light,96957.264,305.4389999999985,1,NPC Head [Head],head,-,bare,4.0,15.108,67.758,67.758,67.758,-1,17.373,17.373,getup,74.171,3.178,Static,Wood,shape,False,False,,1.0,1.0,0.9681097299614231,1.874472898491959,3.8724389198456923
Vayne_impacts_log_2,Vayne,female,True,,light,49317.069,17.70499999999447,1,NPC L Forearm [LLar],arm,L,light,2.0,11.658,40.908,40.908,40.908,-1,574.234,574.234,ragdoll,506.654,21.174,Static,Wood,shape,False,False,,1.0,1.0,0.5844834976425204,0.34162095901643413,1.1689669952850408
Vayne_impacts_log_2,Vayne,female,True,,light,56450.254,17.141999999999825,1,NPC L Forearm [LLar],arm,L,light,2.0,11.658,91.195,91.195,91.195,-1,573.924,573.924,ragdoll,606.156,11.5,Static,Wood,shape,False,False,,1.0,1.0,1.3029718531218746,1.697735650027852,2.605943706243749
Vayne_impacts_log_2,Vayne,female,True,,light,69069.961,909.6500000000087,1,NPC L Forearm [LLar],arm,L,light,2.0,11.658,5.243,5.243,5.243,-1,384.705,384.705,ragdoll,360.031,3.153,Static,Wood,shape,False,False,,1.0,1.0,0.07491070152878984,0.0056116132035354364,0.14982140305757968
Vayne_impacts_log_2,Vayne,female,True,,light,95659.592,743.6529999999912,1,NPC L Forearm [LLar],arm,L,light,2.0,11.658,7.211,7.211,7.211,-1,127.445,127.445,ragdoll,125.161,2.063,Static,Wood,shape,False,False,,1.0,0.0,0.10302900414344908,0.010614975694790847,0.20605800828689816
Vayne_impacts_log_2,Vayne,female,True,,light,49317.076,214.49599999999919,1,NPC Spine2 [Spn2],torso,-,light,7.0,23.052,164.207,164.207,164.207,-1,696.021,696.021,ragdoll,554.752,11.11,Static,Wood,shape,False,False,,1.0,1.0,2.3461494499214175,19.265460344782994,16.423046149449924
Vayne_impacts_log_2,Vayne,female,True,,light,49636.08,416.06499999999505,1,NPC Spine2 [Spn2],torso,-,light,7.0,23.052,6.18,6.18,6.18,-1,367.614,367.614,ragdoll,380.044,2.315,Static,Wood,shape,False,False,,1.0,1.0,0.08829832833261894,0.02728808175217242,0.6180882983283326
Vayne_impacts_log_2,Vayne,female,True,,light,96939.043,504.41399999998976,1,NPC Spine2 [Spn2],torso,-,light,7.0,23.052,44.872,44.872,44.872,-1,13.039,13.039,getup,55.684,2.833,Static,Wood,shape,False,False,,1.0,1.0,0.6411201600228604,1.4386227085570835,4.487841120160023
Vayne_impacts_log_2,Vayne,female,True,,light,49334.777,809.8470000000016,1,NPC Spine1 [Spn1],torso,-,light,4.0,18.878,89.311,89.311,89.311,-1,550.899,550.899,ragdoll,503.335,8.658,Static,Wood,shape,False,False,,1.0,1.0,1.2760537219602803,3.256626202657369,5.104214887841121
Vayne_impacts_log_2,Vayne,female,True,,light,69088.618,946.3040000000037,1,NPC Spine1 [Spn1],torso,-,light,4.0,18.878,17.808,17.808,17.808,-1,341.893,341.893,ragdoll,324.448,3.083,Static,Wood,shape,False,False,,1.0,1.0,0.25443634804972143,0.12947571041775796,1.0177453921988857
Vayne_impacts_log_2,Vayne,female,True,,light,96884.107,666.4550000000017,2,NPC Spine1 [Spn1],torso,-,light,4.0,18.878,29.555,38.476,29.555,-1,97.258,97.258,getup,73.187,2.086,Static,Wood,shape,False,False,,1.0,1.0,0.5497356765252179,0.604418628089278,2.1989427061008717
Vayne_impacts_log_2,Vayne,female,True,,light,49358.826,868.0639999999985,2,NPC L Hand [LHnd],hand,L,light,4.0,8.334,64.328,64.328,64.328,-1,316.397,316.397,ragdoll,344.871,8.755,Static,Wood,shape,False,False,,1.0,1.0,0.9191027289612803,1.6894996527681454,3.6764109158451213
Vayne_impacts_log_2,Vayne,female,True,,light,56435.982,31.085999999995693,1,NPC L Hand [LHnd],hand,L,light,4.0,8.334,189.255,189.255,189.255,-1,551.756,551.756,ragdoll,586.051,3.065,Static,Wood,shape,False,False,,1.0,1.0,2.704029147021003,14.623547255878268,10.816116588084013
Vayne_impacts_log_2,Vayne,female,True,,light,96975.414,949.5639999999985,1,NPC L Hand [LHnd],hand,L,light,4.0,8.334,194.426,194.426,194.426,-1,188.365,188.365,getup,230.716,12.346,Static,Wood,shape,False,False,,1.0,1.0,2.777911130161452,15.43358049414975,11.111644520645807
Vayne_impacts_log_2,Vayne,female,True,,light,49358.842,0.31600000000617,1,NPC Spine [Spn0],torso,-,light,4.0,17.297,100.243,100.243,100.243,-1,553.018,553.018,ragdoll,534.591,5.624,Static,Stone,shape,False,False,,1.0,1.0,1.4322474639234177,4.102665595830124,5.728989855693671
Vayne_impacts_log_2,Vayne,female,True,,light,56597.179,17.14100000000326,1,NPC Spine [Spn0],torso,-,light,4.0,17.297,50.805,50.805,50.805,-1,628.429,628.429,ragdoll,628.322,2.979,Static,Stone,shape,False,False,,1.0,1.0,0.7258894127732534,1.0538308791525972,2.9035576510930134
Vayne_impacts_log_2,Vayne,female,True,,light,69126.715,38.720000000001164,1,NPC Spine [Spn0],torso,-,light,4.0,17.297,18.958,18.958,18.958,-1,360.784,360.784,ragdoll,345.445,1.919,Static,Stone,shape,False,False,,1.0,1.0,0.2708672667523932,0.14673815239582427,1.0834690670095728
Vayne_impacts_log_2,Vayne,female,True,,light,49359.152,567.2969999999987,1,NPC R UpperArm [RUar],arm,R,light,2.0,14.463,156.81,156.81,156.81,-1,500.128,500.128,ragdoll,548.829,5.305,Static,Wood,shape,False,False,,1.0,1.0,2.240462923274754,5.019674110568856,4.480925846549508
Vayne_impacts_log_2,Vayne,female,True,,light,96387.855,515.1970000000001,1,NPC R UpperArm [RUar],arm,R,light,2.0,14.463,79.978,79.978,79.978,-1,33.94,33.94,ragdoll,80.757,2.827,Static,Wood,shape,False,False,,1.0,1.0,1.142706100871553,1.305777232969068,2.285412201743106
Vayne_impacts_log_2,Vayne,female,True,,light,49359.154,532.5709999999963,1,NPC R Hand [RHnd],hand,R,light,4.0,8.334,48.158,48.158,48.158,-1,628.91,628.91,ragdoll,626.935,8.057,Static,Wood,shape,False,False,,1.0,1.0,0.688069724246321,0.9468798908488163,2.752278896985284
Vayne_impacts_log_2,Vayne,female,True,,light,49891.725,34.73200000000361,1,NPC R Hand [RHnd],hand,R,light,4.0,8.334,32.878,32.878,32.878,-1,314.77,314.77,ragdoll,290.105,9.621,Static,Wood,shape,False,False,,1.0,1.0,0.46975282183169026,0.44133542723767144,1.879011287326761
Vayne_impacts_log_2,Vayne,female,True,,light,95746.825,2124.5880000000034,2,NPC R Hand [RHnd],hand,R,light,4.0,8.334,125.318,125.318,125.318,-1,301.853,301.853,ragdoll,360.492,16.319,Static,Wood,shape,False,False,,1.0,1.0,1.7905129304186314,6.411873107992629,7.162051721674525
Vayne_impacts_log_2,Vayne,female,True,,light,49359.157,867.7390000000014,1,NPC Spine [Spn0],torso,-,light,4.0,17.297,15.352,15.352,15.352,-1,397.327,397.327,ragdoll,402.185,2.546,Static,Wood,shape,False,False,,1.0,0.0,0.21934562080297187,0.09622500273088226,0.8773824832118875
Vayne_impacts_log_2,Vayne,female,True,,light,69126.712,927.1830000000045,1,NPC Spine [Spn0],torso,-,light,4.0,17.297,17.512,17.512,17.512,-1,360.645,360.645,ragdoll,345.445,1.919,Static,Wood,shape,False,False,,1.0,1.0,0.2502071724532076,0.12520725829405835,1.0008286898128305
Vayne_impacts_log_2,Vayne,female,True,,light,95794.502,1863.8580000000075,3,NPC Spine [Spn0],torso,-,light,4.0,17.297,6.309,16.033,6.309,-1,153.474,153.474,ragdoll,182.275,4.344,Static,Wood,shape,False,False,,1.0,1.0,0.22907558222603233,0.1049512447443914,0.9163023289041293
Vayne_impacts_log_2,Vayne,female,True,,light,49390.395,1152.747000000003,3,NPC L Thigh [LThg],leg,L,light,6.0,20.487,89.396,156.161,89.396,-1,602.384,602.384,ragdoll,446.217,15.268,Static,Wood,shape,False,False,,1.0,1.0,2.2311901700242895,14.934628724439055,13.387141020145737
Vayne_impacts_log_2,Vayne,female,True,,light,50693.787,1190.8040000000037,2,NPC L Thigh [LThg],leg,L,light,6.0,20.487,83.569,110.834,83.569,-1,31.973,49.132,getup,113.341,3.095,Static,Wood,shape,False,False,,1.0,1.0,1.5835690812973284,7.523073105722594,9.50141448778397
Vayne_impacts_log_2,Vayne,female,True,,light,69145.355,963.3439999999973,2,NPC L Thigh [LThg],leg,L,light,6.0,20.487,13.546,20.094,13.546,-1,273.702,299.651,ragdoll,291.722,1.627,Static,Wood,shape,False,False,,1.0,0.0,0.28709815687955426,0.24727605505091144,1.7225889412773254
Vayne_impacts_log_2,Vayne,female,True,,light,95839.662,905.9089999999997,1,NPC L Thigh [LThg],leg,L,light,6.0,20.487,14.402,14.402,14.402,-1,43.762,43.762,ragdoll,49.655,1.284,Static,Wood,shape,False,False,,1.0,0.0,0.2057722531790256,0.12702666053511902,1.2346335190741535
Vayne_impacts_log_2,Vayne,female,True,,light,96884.113,1321.4470000000001,8,NPC L Thigh [LThg],leg,L,light,6.0,20.487,104.355,107.434,104.355,-1,24.07,91.442,getup,127.79,5.192,Static,Wood,shape,False,False,,1.0,1.0,1.5349907129589941,7.068589466611083,9.209944277753966
Vayne_impacts_log_2,Vayne,female,True,,light,96199.651,757.9560000000056,2,NPC R Forearm [RLar],arm,R,light,6.0,11.658,90.494,90.494,90.494,-1,35.768,226.334,ragdoll,74.91,5.641,Static,Wood,shape,False,False,,1.0,0.0,1.2929561365909417,5.015206713444521,7.75773681954565
Vayne_impacts_log_2,Vayne,female,True,,light,97461.026,380.9670000000042,1,NPC R Forearm [RLar],arm,R,light,6.0,11.658,25.731,25.731,25.731,-1,54.489,54.489,getup,92.864,4.619,Static,Wood,shape,False,False,,1.0,1.0,0.3676382340334334,0.4054736133696646,2.2058294042006
Vayne_impacts_log_2,Vayne,female,True,,light,49443.568,0.30900000000110595,1,NPC L Hand [LHnd],hand,L,light,4.0,8.334,188.438,188.438,188.438,-1,537.629,537.629,ragdoll,538.405,7.6,Static,Carpet,shape,False,False,,0.7816,1.0,2.6923560508644093,14.497562209252395,10.769424203457637
Vayne_impacts_log_2,Vayne,female,True,,light,69145.347,963.3530000000028,1,NPC L Calf [LClf],leg,L,light,6.0,19.675,119.643,119.643,119.643,-1,269.792,269.792,ragdoll,361.323,10.771,Static,Wood,shape,False,False,,1.0,1.0,1.7094299185597943,8.766451939402035,10.256579511358765
Vayne_impacts_log_2,Vayne,female,True,,light,97331.539,219.01900000000023,1,NPC COM [COM ],torso,-,light,40.0,17.972,18.261,18.261,18.261,-1,10.331,10.331,getup,14.566,0.707,Static,Wood,shape,False,False,,1.0,1.0,0.2609087012430347,1.361467007686543,10.436348049721389
Vayne_impacts_log_2,Vayne,female,True,,light,49514.324,1718.8510000000024,3,NPC R Thigh [RThg],leg,R,light,6.0,20.487,30.452,82.758,30.452,-1,501.532,501.532,ragdoll,454.51,6.485,Static,Wood,shape,False,False,,1.0,1.0,1.182426060865838,4.194394168244107,7.094556365195027
Vayne_impacts_log_2,Vayne,female,True,,light,51655.694,64.09799999999814,1,NPC R Thigh [RThg],leg,R,light,6.0,20.487,30.149,30.149,30.149,-1,5.36,5.36,getup,42.503,3.569,Static,Wood,shape,False,False,,1.0,1.0,0.4307615373624804,0.5566665062126628,2.5845692241748823
Vayne_impacts_log_2,Vayne,female,True,,light,51719.794,739.8459999999977,1,NPC R Thigh [RThg],leg,R,light,6.0,20.487,18.511,18.511,18.511,-1,11.449,11.449,getup,49.223,4.301,Static,Wood,shape,False,False,,1.0,1.0,0.2644806400914416,0.20985002694953603,1.5868838405486496
Vayne_impacts_log_2,Vayne,female,True,,light,95809.406,46.03500000000349,1,NPC R Thigh [RThg],leg,R,light,6.0,20.487,13.697,13.697,13.697,-1,222.606,222.606,ragdoll,223.987,1.179,Static,Wood,shape,False,False,,1.0,1.0,0.19569938562651806,0.11489474860378987,1.1741963137591083
Vayne_impacts_log_2,Vayne,female,True,,light,95888.14,2412.8300000000017,2,NPC R Thigh [RThg],leg,R,light,6.0,20.487,33.176,33.176,33.176,-1,114.04,114.04,ragdoll,137.717,2.279,Static,Wood,shape,False,False,,1.0,0.0,0.47401057293899135,0.6740580697738525,2.844063437633948
Vayne_impacts_log_2,Vayne,female,True,,light,98550.705,36.44400000000314,1,NPC R Thigh [RThg],leg,R,light,6.0,20.487,59.074,59.074,59.074,-1,90.863,90.863,ragdoll,153.515,3.656,Static,Wood,shape,False,False,,1.0,1.0,0.8440348621231605,2.1371845454377874,5.064209172738963
Vayne_impacts_log_2,Vayne,female,True,,light,49758.472,2911.8539999999994,7,NPC R Calf [RClf],leg,R,light,6.0,19.675,154.2,154.2,154.2,-1,378.123,378.123,ragdoll,417.052,6.297,Static,Wood,shape,False,False,,1.0,1.0,2.2031718816973855,14.561899020905997,13.219031290184313
Vayne_impacts_log_2,Vayne,female,True,,light,95906.762,2754.0859999999957,1,NPC R Calf [RClf],leg,R,light,6.0,19.675,26.474,26.474,26.474,-1,165.001,165.001,getup,134.52,2.562,Static,Wood,shape,False,False,,1.0,0.0,0.3782540362908987,0.42922834791106956,2.269524217745392
Vayne_impacts_log_2,Vayne,female,True,,light,105294.863,81.08100000000559,1,NPC R Calf [RClf],leg,R,light,6.0,19.675,26.445,26.445,26.445,-1,271.917,271.917,getup,163.087,6.446,Static,Wood,shape,False,False,,1.0,1.0,0.37783969138448353,0.42828849715656525,2.2670381483069013
Vayne_impacts_log_2,Vayne,female,True,,light,49774.901,749.5330000000031,1,NPC R Foot [Rft ],foot,R,light,3.0,10.011,382.927,382.927,382.927,-1,345.083,345.083,ragdoll,480.458,11.658,Static,Wood,shape,False,False,,1.0,1.0,5.47116730961566,44.90050759471058,16.41350192884698
Vayne_impacts_log_2,Vayne,female,True,,light,50693.794,161.9739999999947,1,NPC R Foot [Rft ],foot,R,light,3.0,10.011,18.222,18.222,18.222,-1,50.499,50.499,getup,39.345,2.143,Static,Wood,shape,False,False,,1.0,1.0,0.2603514787826833,0.10167433875649497,0.7810544363480498
Vayne_impacts_log_2,Vayne,female,True,,light,51196.987,631.8459999999977,1,NPC R Foot [Rft ],foot,R,light,3.0,10.011,73.482,73.482,73.482,-1,170.579,170.579,getup,167.03,5.768,Static,Wood,shape,False,False,,1.0,1.0,1.049892841834548,1.6534124690031344,3.149678525503644
Vayne_impacts_log_2,Vayne,female,True,,light,52578.722,323.5590000000011,1,NPC R Foot [Rft ],foot,R,light,3.0,10.011,91.705,91.705,91.705,-1,52.701,52.701,getup,97.13,3.574,Static,Wood,shape,False,False,,1.0,1.0,1.3102586083726246,2.5751664312218505,3.930775825117874
Vayne_impacts_log_2,Vayne,female,True,,light,55882.353,198.44599999999627,1,NPC R Foot [Rft ],foot,R,light,3.0,10.011,14.189,14.189,14.189,-1,176.458,176.458,ragdoll,241.37,31.484,Static,Wood,shape,False,False,,1.0,1.0,0.2027289612801829,0.06164854761261283,0.6081868838405486
Vayne_impacts_log_2,Vayne,female,True,,light,96779.397,301.625,1,NPC R Foot [Rft ],foot,R,light,3.0,10.011,185.268,185.268,185.268,-1,42.733,42.733,getup,188.303,4.274,Static,Wood,shape,False,False,,1.0,1.0,2.6470638662666097,10.5104206681415,7.941191598799829
Vayne_impacts_log_2,Vayne,female,True,,light,97412.351,774.1460000000079,1,NPC R Foot [Rft ],foot,R,light,3.0,10.011,15.905,15.905,15.905,-1,117.456,117.456,getup,107.69,2.359,Static,Wood,shape,False,False,,1.0,1.0,0.22724674953564797,0.07746162776177629,0.6817402486069439
Vayne_impacts_log_2,Vayne,female,True,,light,98186.497,235.9780000000028,1,NPC R Foot [Rft ],foot,R,light,3.0,10.011,30.445,30.445,30.445,-1,76.463,76.463,ragdoll,77.368,20.195,Static,Wood,shape,False,False,,1.0,1.0,0.43499071295899416,0.2838253805408611,1.3049721388769826
Vayne_impacts_log_2,Vayne,female,True,,light,104983.427,490.79099999999744,1,NPC R Foot [Rft ],foot,R,light,3.0,10.011,5.296,5.296,5.296,-1,103.764,103.764,getup,96.312,1.622,Static,Wood,shape,False,False,,1.0,1.0,0.0756679525646521,0.008588458567989659,0.2270038576939563
Vayne_impacts_log_2,Vayne,female,True,,light,105474.221,266.1820000000007,1,NPC R Foot [Rft ],foot,R,light,3.0,10.011,25.978,25.978,25.978,-1,35.92,35.92,getup,33.032,2.081,Static,Wood,shape,False,False,,1.0,1.0,0.3711673096156594,0.20664775759099016,1.1135019288469783
Vayne_impacts_log_2,Vayne,female,True,,light,105740.406,730.5979999999981,2,NPC R Foot [Rft ],foot,R,light,3.0,10.011,26.172,26.172,26.172,-1,17.872,27.313,getup,24.416,1.652,Static,Wood,shape,False,False,,1.0,1.0,0.3739391341620232,0.20974571408676534,1.1218174024860694
Vayne_impacts_log_2,Vayne,female,True,,light,106471.007,149.09900000000198,1,NPC R Foot [Rft ],foot,R,light,3.0,10.011,6.637,6.637,6.637,-1,52.48,52.48,getup,50.994,1.309,Static,Wood,shape,False,False,,1.0,0.0,0.09482783254750679,0.013488476738486983,0.28448349764252034
Vayne_impacts_log_2,Vayne,female,True,,light,49806.338,227.61399999999412,4,NPC R Calf [RClf],leg,R,light,6.0,19.675,273.924,273.924,273.924,-1,126.206,126.206,ragdoll,289.23,6.5,Static,Stone,shape,False,False,,-0.2849,1.0,3.9137591084440633,45.952531076786606,23.48255465066438
Vayne_impacts_log_2,Vayne,female,True,,light,50593.448,262.3240000000005,3,NPC R Calf [RClf],leg,R,light,6.0,19.675,98.008,98.008,98.008,-1,24.984,56.785,getup,78.38,2.03,Static,Stone,shape,False,False,,-0.2181,1.0,1.4003143306186598,5.8826406736079555,8.40188598371196
Vayne_impacts_log_2,Vayne,female,True,,light,99414.669,5605.928,10,NPC R Calf [RClf],leg,R,light,6.0,19.675,84.933,84.933,84.933,-1,257.911,257.911,getup,206.52,7.084,Static,Stone,shape,False,False,,-0.2154,1.0,1.2135019288469784,4.417760793946011,7.28101157308187
Vayne_impacts_log_2,Vayne,female,True,,light,49839.635,648.7160000000003,1,NPC L Foot [Lft ],foot,L,light,3.0,10.011,222.767,222.767,222.767,-1,441.058,441.058,ragdoll,439.644,11.868,Static,Wood,shape,False,False,,1.0,1.0,3.1828404057722532,15.195709572924724,9.54852121731676
Vayne_impacts_log_2,Vayne,female,True,,light,50746.535,1348.3709999999992,1,NPC L Foot [Lft ],foot,L,light,3.0,10.011,134.837,134.837,134.837,-1,54.008,54.008,getup,146.922,5.378,Static,Wood,shape,False,False,,1.0,1.0,1.926518074010573,5.567207834234111,5.779554222031718
Vayne_impacts_log_2,Vayne,female,True,,light,55881.851,381.53399999999965,1,NPC L Foot [Lft ],foot,L,light,3.0,10.011,9.007,9.007,9.007,-1,389.31,389.31,animated,357.367,15.395,Static,Wood,shape,False,False,,1.0,1.0,0.12868981283040434,0.024841601889486753,0.386069438491213
Vayne_impacts_log_2,Vayne,female,True,,light,70091.356,17.335000000006403,1,NPC L Foot [Lft ],foot,L,light,3.0,10.011,10.106,10.106,10.106,-1,310.54,310.54,ragdoll,300.802,1.429,Static,Wood,shape,False,False,,1.0,1.0,0.14439205600800115,0.031273598757326604,0.43317616802400344
Vayne_impacts_log_2,Vayne,female,True,,light,96939.342,1380.7569999999978,1,NPC L Foot [Lft ],foot,L,light,3.0,10.011,87.456,87.456,87.456,-1,121.543,121.543,getup,212.155,9.862,Static,Wood,shape,False,False,,1.0,1.0,1.2495499357051008,2.342062562730932,3.748649807115302
Vayne_impacts_log_2,Vayne,female,True,,light,98886.827,29.69399999998859,1,NPC L Foot [Lft ],foot,L,light,3.0,10.011,107.437,107.437,107.437,-1,348.327,348.327,ragdoll,144.922,33.286,Static,Wood,shape,False,False,,1.0,1.0,1.535033576225175,3.5344921202079753,4.6051007286755254
Vayne_impacts_log_2,Vayne,female,True,,light,100417.94,779.1999999999971,2,NPC L Foot [Lft ],foot,L,light,3.0,10.011,9.38,13.048,9.38,-1,19.94,19.94,getup,12.757,3.416,Static,Wood,shape,False,False,,1.0,1.0,0.18642663237605372,0.05213233388861443,0.5592798971281612
Vayne_impacts_log_2,Vayne,female,True,,light,101197.148,117.6710000000021,1,NPC L Foot [Lft ],foot,L,light,3.0,10.011,12.595,12.595,12.595,-1,72.866,72.866,getup,78.213,2.876,Static,Wood,shape,False,False,,1.0,1.0,0.1799542791827404,0.048575313894269515,0.5398628375482212
Vayne_impacts_log_2,Vayne,female,True,,light,49839.643,287.24900000000343,1,NPC R Thigh [RThg],leg,R,light,6.0,20.487,67.495,67.495,67.495,-1,138.806,138.806,ragdoll,167.861,2.473,Static,Stone,shape,False,False,,-0.2296,0.0,0.9643520502928992,2.789924630712355,5.786112301757395
Vayne_impacts_log_2,Vayne,female,True,,light,99450.196,350.6640000000043,2,NPC R Thigh [RThg],leg,R,light,6.0,20.487,104.738,104.738,104.738,-1,185.599,185.599,getup,141.251,4.309,Static,Stone,shape,False,False,,-0.2154,1.0,1.496470924417774,6.718275682883361,8.978825546506645
Vayne_impacts_log_2,Vayne,female,True,,light,49856.686,195.75400000000081,2,NPC R Hand [RHnd],hand,R,light,4.0,8.334,282.442,282.442,287.878,-1,306.606,306.606,ragdoll,413.292,2.858,Static,Stone,shape,False,False,,-0.0,0.0,4.035462208886984,32.569910478710035,16.141848835547936
Vayne_impacts_log_2,Vayne,female,True,,light,50542.834,185.84300000000076,3,NPC R Hand [RHnd],hand,R,light,4.0,8.334,163.373,163.373,163.373,-1,110.784,110.784,getup,185.491,5.718,Static,Stone,shape,False,False,,0.0,1.0,2.334233461923132,10.8972917095233,9.336933847692528
Vayne_impacts_log_2,Vayne,female,True,,light,50728.677,145.7199999999939,2,NPC R Hand [RHnd],hand,R,light,4.0,8.334,70.163,70.703,70.163,-1,77.47,77.47,getup,119.401,7.73,Static,Stone,shape,False,False,,0.0,1.0,1.0101871695956566,2.0409562352313677,4.040748678382626
Vayne_impacts_log_2,Vayne,female,True,,light,53731.923,47.55500000000029,1,NPC R Hand [RHnd],hand,R,light,4.0,8.334,5.574,5.574,5.574,-1,32.46,32.46,getup,25.785,1.223,Static,Stone,shape,False,False,,0.0,1.0,0.07963994856408059,0.012685042814578804,0.31855979425632236
Vayne_impacts_log_2,Vayne,female,True,,light,49944.755,71.61700000000565,1,NPC R Forearm [RLar],arm,R,light,6.0,11.658,51.969,51.969,51.969,-1,334.133,334.133,ragdoll,255.499,8.795,Static,Stone,shape,False,False,,0.0,1.0,0.742520360051436,1.654009455272742,4.4551221603086155
Vayne_impacts_log_2,Vayne,female,True,,light,50016.372,162.60599999999977,2,NPC R Forearm [RLar],arm,R,light,6.0,11.658,51.17,51.17,51.17,-1,230.177,230.177,ragdoll,216.477,10.612,Static,Stone,shape,False,False,,-0.0,1.0,0.7311044434919275,1.603541121880923,4.386626660951565
Vayne_impacts_log_2,Vayne,female,True,,light,50506.404,330.7669999999998,6,NPC R Forearm [RLar],arm,R,light,6.0,11.658,160.943,160.943,160.943,-1,178.406,255.906,getup,237.964,11.827,Static,Stone,shape,False,False,,0.0,1.0,2.299514216316617,15.863296893126675,13.797085297899702
Vayne_impacts_log_2,Vayne,female,True,,light,50929.052,103.46999999999389,4,NPC R Forearm [RLar],arm,R,light,6.0,11.658,32.385,134.874,32.385,-1,141.501,141.501,getup,109.837,4.421,Static,Stone,shape,False,False,,0.0,1.0,1.9270467209601372,11.14052719428965,11.562280325760824
Vayne_impacts_log_2,Vayne,female,True,,light,49979.61,2747.0020000000004,2,NPC R Hand [RHnd],hand,R,light,4.0,8.334,53.272,53.272,62.335,-1,294.582,294.582,ragdoll,300.829,22.333,Static,Stone,shape,False,False,,1.0,0.0,0.7611373053293328,1.158659995127996,3.044549221317331
Vayne_impacts_log_2,Vayne,female,True,,light,70451.087,123.72599999999511,1,NPC R Hand [RHnd],hand,R,light,4.0,8.334,18.15,18.15,18.15,-1,226.469,226.469,ragdoll,219.073,1.946,Static,Stone,shape,False,False,,1.0,0.0,0.25932276039434204,0.13449658811708268,1.0372910415773682
Vayne_impacts_log_2,Vayne,female,True,,light,52186.184,464.69199999999546,1,NPC R Forearm [RLar],arm,R,light,6.0,11.658,11.761,11.761,11.761,-1,20.293,20.293,getup,38.741,1.653,Static,Stone,shape,False,False,,1.0,1.0,0.16803829118445493,0.08471060191257498,1.0082297471067296
Vayne_impacts_log_2,Vayne,female,True,,light,70908.239,446.5939999999973,1,NPC R Forearm [RLar],arm,R,light,6.0,11.658,23.642,23.642,23.642,-1,75.652,75.652,ragdoll,82.706,2.167,Static,Stone,shape,False,False,,1.0,1.0,0.3377911130161452,0.34230850809805846,2.0267466780968713
Vayne_impacts_log_2,Vayne,female,True,,light,71679.672,1675.409999999989,3,NPC R Forearm [RLar],arm,R,light,6.0,11.658,17.225,25.514,17.225,-1,52.195,104.385,getup,41.333,3.046,Static,Stone,shape,False,False,,1.0,1.0,0.36453779111301615,0.398663403448671,2.187226746678097
Vayne_impacts_log_2,Vayne,female,True,,light,50016.374,110.25999999999476,1,NPC R UpperArm [RUar],arm,R,light,2.0,14.463,124.709,124.709,124.709,-1,237.306,237.306,ragdoll,189.805,13.083,Static,Stone,shape,False,False,,-0.0,1.0,1.7818116873839123,3.1748528892979047,3.5636233747678245
Vayne_impacts_log_2,Vayne,female,True,,light,52133.199,86.07299999999668,1,NPC R UpperArm [RUar],arm,R,light,2.0,14.463,25.228,25.228,25.228,-1,63.009,63.009,getup,55.985,2.503,Static,Stone,shape,False,False,,0.0,1.0,0.36045149307043867,0.1299252788567085,0.7209029861408773
Vayne_impacts_log_2,Vayne,female,True,,light,50433.722,440.36499999999796,3,NPC Head [Head],head,-,bare,4.0,15.108,39.963,39.963,39.963,-1,51.946,51.946,ragdoll,79.142,1.999,Static,Stone,shape,False,False,,1.0,1.0,0.5709815687955423,0.6520399038084372,2.283926275182169
Vayne_impacts_log_2,Vayne,female,True,,light,70072.443,1761.422000000006,2,NPC Head [Head],head,-,bare,4.0,15.108,29.234,29.234,29.234,-1,28.743,28.777,getup,38.475,1.457,Static,Stone,shape,False,False,,1.0,1.0,0.4176882411773111,0.34892693363559124,1.6707529647092445
Vayne_impacts_log_2,Vayne,female,True,,light,50178.671,567.5769999999975,3,NPC R UpperArm [RUar],arm,R,light,2.0,14.463,90.625,98.514,90.625,-1,50.715,89.658,getup,87.232,2.816,Static,Stone,shape,False,False,,1.0,0.0,1.4075439348478354,1.9811799285269274,2.8150878696956707
Vayne_impacts_log_2,Vayne,female,True,,light,50226.908,1210.4389999999985,1,NPC Spine [Spn0],torso,-,light,4.0,17.297,26.379,26.379,26.379,-1,75.76,75.76,getup,38.251,5.18,Static,Stone,shape,False,False,,1.0,0.0,0.37689669952850413,0.28410224423095903,1.5075867981140165
Vayne_impacts_log_2,Vayne,female,True,,light,50326.607,161.76399999999558,1,NPC L Forearm [LLar],arm,L,light,2.0,11.658,11.333,11.333,11.333,-1,96.111,96.111,ragdoll,110.948,2.065,Static,Stone,shape,False,False,,1.0,1.0,0.16192313187598228,0.02621910063652675,0.32384626375196457
Vayne_impacts_log_2,Vayne,female,True,,light,69979.625,111.75,2,NPC L Forearm [LLar],arm,L,light,2.0,11.658,9.446,9.446,9.446,-1,293.495,293.495,ragdoll,296.503,0.556,Static,Stone,shape,False,False,,1.0,0.0,0.1349621374482069,0.01821477854458869,0.2699242748964138
Vayne_impacts_log_2,Vayne,female,True,,light,50326.61,70.53600000000006,1,NPC Spine2 [Spn2],torso,-,light,7.0,23.052,19.651,19.651,19.651,-1,81.88,81.88,ragdoll,90.014,1.314,Static,Stone,shape,False,False,,1.0,1.0,0.2807686812401772,0.27590868327871876,1.9653807686812401
Vayne_impacts_log_2,Vayne,female,True,,light,50397.149,911.0980000000054,3,NPC Spine2 [Spn2],torso,-,light,7.0,23.052,16.665,16.665,16.665,-1,66.241,66.241,ragdoll,78.883,1.011,Static,Stone,shape,False,False,,1.0,1.0,0.238105443634805,0.19842970800984552,1.666738105443635
Vayne_impacts_log_2,Vayne,female,True,,light,70867.109,1152.7949999999983,1,NPC Spine2 [Spn2],torso,-,light,7.0,23.052,7.063,7.063,7.063,-1,8.912,8.912,getup,22.042,1.186,Static,Stone,shape,False,False,,1.0,0.0,0.10091441634519217,0.035643017992017766,0.7064009144163452
Vayne_impacts_log_2,Vayne,female,True,,light,70072.733,214.1860000000015,1,NPC L Thigh [LThg],leg,L,light,6.0,20.487,6.489,6.489,6.489,-1,267.79,267.79,ragdoll,264.085,0.452,Static,Stone,shape,False,False,,1.0,0.0,0.0927132447492499,0.02578723725580294,0.5562794684954994
Vayne_impacts_log_2,Vayne,female,True,,light,50343.908,1311.8069999999934,2,NPC R Thigh [RThg],leg,R,light,6.0,20.487,48.657,48.657,48.657,-1,35.977,35.977,getup,42.343,1.818,Static,Stone,shape,False,False,,1.0,0.0,0.6951993141877411,1.4499062593413163,4.171195885126446
Vayne_impacts_log_2,Vayne,female,True,,light,51655.715,64.09300000000076,1,NPC R Thigh [RThg],leg,R,light,6.0,20.487,29.002,29.002,29.002,-1,4.777,4.777,getup,42.503,3.569,Static,Stone,shape,False,False,,1.0,1.0,0.41437348192598944,0.5151161475704049,2.4862408915559366
Vayne_impacts_log_2,Vayne,female,True,,light,51719.808,775.898000000001,1,NPC R Thigh [RThg],leg,R,light,6.0,20.487,8.502,8.502,8.502,-1,5.346,5.346,getup,49.223,4.301,Static,Stone,shape,False,False,,1.0,1.0,0.1214744963566224,0.04426815979528521,0.7288469781397344
Vayne_impacts_log_2,Vayne,female,True,,light,71465.829,1134.7459999999992,2,NPC L Forearm [LLar],arm,L,light,2.0,11.658,68.686,68.686,68.686,-1,170.121,170.121,getup,74.203,11.721,Static,Stone,shape,False,False,,1.0,1.0,0.9813687669667097,0.9630846567777602,1.9627375339334194
Vayne_impacts_log_2,Vayne,female,True,,light,50593.467,335.59500000000116,6,NPC R Foot [Rft ],foot,R,light,3.0,10.011,101.293,101.293,101.293,-1,38.758,38.758,getup,103.479,2.395,Static,Stone,shape,False,False,,-0.2181,1.0,1.447249607086727,3.141797137819028,4.341748821260181
Vayne_impacts_log_2,Vayne,female,True,,light,99504.183,739.5149999999994,1,NPC R Foot [Rft ],foot,R,light,3.0,10.011,110.241,110.241,110.241,-1,51.84,51.84,getup,115.591,8.605,Static,Stone,shape,False,False,,-0.2154,1.0,1.575096442348907,3.721393204050276,4.725289327046721
Vayne_impacts_log_2,Vayne,female,True,,light,100243.699,4795.37000000001,6,NPC R Foot [Rft ],foot,R,light,3.0,10.011,26.017,26.017,26.017,-1,21.533,32.664,getup,25.837,2.396,Static,Stone,shape,False,False,,-0.2297,1.0,0.37172453207601086,0.20726869162069383,1.1151735962280327
Vayne_impacts_log_2,Vayne,female,True,,light,50610.361,16.117000000005646,1,NPC Spine1 [Spn1],torso,-,light,4.0,18.878,21.689,21.689,21.689,-1,55.412,55.412,getup,46.523,1.286,Static,Stone,shape,False,False,,1.0,1.0,0.3098871267323904,0.19206006262891315,1.2395485069295615
Vayne_impacts_log_2,Vayne,female,True,,light,50626.479,321.2410000000018,3,NPC Spine1 [Spn1],torso,-,light,4.0,18.878,11.75,21.225,11.75,-1,41.809,41.809,getup,42.214,1.302,Static,Stone,shape,False,False,,1.0,1.0,0.3032576082297471,0.18393035389845358,1.2130304329189885
Vayne_impacts_log_2,Vayne,female,True,,light,70829.65,1300.1320000000123,2,NPC Spine1 [Spn1],torso,-,light,4.0,18.878,65.037,65.037,65.037,-1,80.65,80.65,getup,52.28,3.168,Static,Stone,shape,False,False,,1.0,0.0,0.9292327475353623,1.726946998184237,3.7169309901414493
Vayne_impacts_log_2,Vayne,female,True,,light,50659.943,287.7739999999976,1,NPC Neck [Neck],head,-,bare,6.0,8.431,22.407,22.407,22.407,-1,18.221,18.221,getup,24.374,0.995,Static,Stone,shape,False,False,,1.0,1.0,0.32014573510501504,0.30747987511779135,1.9208744106300903
Vayne_impacts_log_2,Vayne,female,True,,light,51093.942,102.70099999999366,1,NPC COM [COM ],torso,-,light,40.0,17.972,7.07,7.07,7.07,-1,45.992,45.992,getup,131.815,8.465,Static,Stone,shape,False,False,,1.0,1.0,0.10101443063294757,0.20407830392197154,4.040577225317903
Vayne_impacts_log_2,Vayne,female,True,,light,51196.646,148.1229999999996,1,NPC COM [COM ],torso,-,light,40.0,17.972,9.128,9.128,9.128,-1,8.792,8.792,getup,11.18,0.254,Static,Stone,shape,False,False,,1.0,1.0,0.1304186312330333,0.34018038745395857,5.216745249321332
Vayne_impacts_log_2,Vayne,female,True,,light,50677.373,34.22200000000157,1,NPC L Hand [LHnd],hand,L,light,4.0,8.334,201.112,201.112,201.112,-1,453.015,453.015,getup,355.292,21.626,Static,Stone,shape,False,False,,1.0,1.0,2.8734390627232465,16.513304094367697,11.493756250892986
Vayne_impacts_log_2,Vayne,female,True,,light,50711.597,1288.684000000001,4,NPC L Hand [LHnd],hand,L,light,4.0,8.334,166.003,166.003,166.003,-1,258.136,258.136,getup,208.494,13.935,Static,Stone,shape,False,False,,1.0,1.0,2.3718102586083725,11.25096780567983,9.48724103443349
Vayne_impacts_log_2,Vayne,female,True,,light,70472.594,2286.4340000000084,4,NPC L Hand [LHnd],hand,L,light,4.0,8.334,5.129,33.569,5.129,-1,400.303,400.303,getup,376.313,10.936,Static,Stone,shape,False,False,,1.0,1.0,0.479625660808687,0.4600815490123394,1.918502643234748
Vayne_impacts_log_2,Vayne,female,True,,light,71744.979,106.38699999998789,2,NPC L UpperArm [LUar],arm,L,light,2.0,14.463,29.378,29.378,29.378,-1,20.124,24.434,getup,25.105,4.923,Static,Stone,shape,False,False,,1.0,0.0,0.4197456779539935,0.17618643416105761,0.839491355907987
Vayne_impacts_log_2,Vayne,female,True,,light,51233.487,1436.841999999997,10,NPC R Calf [RClf],leg,R,light,6.0,19.675,16.333,50.121,16.333,-1,177.532,177.532,getup,129.344,5.417,Static,Stone,shape,False,False,,1.0,0.0,0.7161165880840121,1.5384689031872603,4.296699528504073
Vayne_impacts_log_2,Vayne,female,True,,light,53205.716,573.7070000000022,1,NPC R Calf [RClf],leg,R,light,6.0,19.675,18.68,18.68,18.68,-1,118.377,118.377,getup,96.169,1.578,Static,Stone,shape,False,False,,1.0,1.0,0.2668952707529647,0.213699256650895,1.6013716245177883
Vayne_impacts_log_2,Vayne,female,True,,light,51656.01,889.0089999999982,1,NPC R Calf [RClf],leg,R,light,6.0,19.675,19.541,19.541,19.541,-1,48.555,48.555,getup,31.868,1.847,Static,Stone,shape,False,False,,-0.0,1.0,0.27919702814687813,0.233852941578146,1.675182168881269
Vayne_impacts_log_2,Vayne,female,True,,light,51687.681,841.6070000000036,1,NPC R Thigh [RThg],leg,R,light,6.0,20.487,26.711,26.711,26.711,-1,47.046,47.046,getup,46.646,3.489,Static,Stone,shape,False,False,,0.0,1.0,0.3816402343191885,0.4369478053536152,2.289841405915131
Vayne_impacts_log_2,Vayne,female,True,,light,52114.767,398.27500000000146,1,NPC Spine2 [Spn2],torso,-,light,7.0,23.052,34.854,34.854,34.854,-1,17.174,17.174,getup,37.47,1.43,Static,Stone,shape,False,False,,-0.0,1.0,0.4979854264894985,0.867963197485747,3.4858979854264893
Vayne_impacts_log_2,Vayne,female,True,,light,52151.326,361.71600000000035,1,NPC Spine1 [Spn1],torso,-,light,4.0,18.878,53.411,53.411,53.411,-1,32.15,32.15,getup,59.128,2.306,Static,Stone,shape,False,False,,0.0,1.0,0.7631233033290471,1.1647143521676737,3.0524932133161884
Vayne_impacts_log_2,Vayne,female,True,,light,52186.51,273.1419999999998,1,NPC Spine [Spn0],torso,-,light,4.0,17.297,33.381,33.381,33.381,-1,32.341,32.341,getup,37.509,2.444,Static,Stone,shape,False,False,,-0.0,1.0,0.47693956279468497,0.4549426931175705,1.9077582511787399
Vayne_impacts_log_2,Vayne,female,True,,light,52432.106,1347.3040000000037,2,NPC L Foot [Lft ],foot,L,light,3.0,10.011,55.769,73.199,55.769,-1,69.525,131.944,getup,79.679,4.111,Static,Stone,shape,False,False,,1.0,1.0,1.0458494070581512,1.6407014733658298,3.1375482211744536
Vayne_impacts_log_2,Vayne,female,True,,light,70108.712,118.30299999999988,2,NPC L Foot [Lft ],foot,L,light,3.0,10.011,11.428,11.428,11.428,-1,300.967,300.967,ragdoll,295.74,1.036,Static,Stone,shape,False,False,,1.0,1.0,0.16328046863837695,0.039990767158152,0.4898414059151308
Vayne_impacts_log_2,Vayne,female,True,,light,52459.655,1319.7479999999996,1,NPC L Calf [LClf],leg,L,light,6.0,19.675,37.901,37.901,37.901,-1,72.293,72.293,getup,59.664,1.309,Static,Stone,shape,False,False,,1.0,1.0,0.5415202171738821,0.8797324368241454,3.2491213030432924
Vayne_impacts_log_2,Vayne,female,True,,light,53131.179,74.54200000000128,1,NPC R Foot [Rft ],foot,R,light,3.0,10.011,33.255,33.255,33.255,-1,95.48,95.48,getup,84.163,2.641,Static,Stone,shape,False,False,,1.0,1.0,0.47513930561508794,0.3386360396105819,1.4254179168452639
Vayne_impacts_log_2,Vayne,female,True,,light,53205.722,573.7059999999983,3,NPC R Foot [Rft ],foot,R,light,3.0,10.011,57.498,57.498,57.498,-1,49.418,49.418,getup,50.496,4.844,Static,Stone,shape,False,False,,1.0,1.0,0.8215173596228033,1.0123361582424335,2.46455207886841
Vayne_impacts_log_2,Vayne,female,True,,light,56467.073,15.078000000001339,1,NPC L UpperArm [LUar],arm,L,light,2.0,14.463,126.754,126.754,126.754,-1,736.087,736.087,ragdoll,663.255,11.875,Static,Wood,shape,False,False,,1.0,1.0,1.8110301471638808,3.279830193936428,3.6220602943277616
Vayne_impacts_log_2,Vayne,female,True,,light,69652.226,309.4630000000034,1,NPC L UpperArm [LUar],arm,L,light,2.0,14.463,6.372,6.372,6.372,-1,242.597,242.597,ragdoll,247.278,0.474,Static,Wood,shape,False,False,,1.0,1.0,0.09104157736819546,0.00828856880968912,0.18208315473639092
Vayne_impacts_log_2,Vayne,female,True,,light,95537.336,139.59399999999732,1,NPC L UpperArm [LUar],arm,L,light,2.0,14.463,28.575,28.575,28.575,-1,205.99,205.99,ragdoll,217.939,7.53,Static,Stone,shape,False,False,,1.0,1.0,0.40827261037291046,0.16668652438071035,0.8165452207458209
Vayne_impacts_log_2,Vayne,female,True,,light,56583.947,45.49500000000262,2,NPC L Thigh [LThg],leg,L,light,6.0,20.487,79.561,79.561,79.561,-1,664.589,689.074,ragdoll,649.241,2.942,Static,Stone,shape,False,False,,1.0,1.0,1.1367481068724106,3.876588775434028,6.820488641234464
Vayne_impacts_log_2,Vayne,female,True,,light,68953.045,57.78500000000349,1,NPC L Thigh [LThg],leg,L,light,6.0,20.487,7.014,7.014,7.014,-1,371.781,371.781,ragdoll,428.818,7.845,Static,Stone,shape,False,False,,1.0,1.0,0.10021431633090443,0.03012872759301173,0.6012858979854265
Vayne_impacts_log_2,Vayne,female,True,,light,95503.015,454.71600000000035,1,NPC L Thigh [LThg],leg,L,light,6.0,20.487,17.775,17.775,17.775,-1,161.807,161.807,ragdoll,173.947,5.777,Static,Stone,shape,False,False,,1.0,0.0,0.2539648521217317,0.19349443833963917,1.5237891127303902
Vayne_impacts_log_2,Vayne,female,True,,light,95957.731,85.20200000000477,1,NPC L Thigh [LThg],leg,L,light,6.0,20.487,9.828,9.828,9.828,-1,168.203,168.203,ragdoll,166.38,2.979,Static,Stone,shape,False,False,,1.0,1.0,0.14042006000857266,0.05915337975843343,0.8425203600514359
Vayne_impacts_log_2,Vayne,female,True,,light,56629.762,34.382999999994354,1,NPC R Thigh [RThg],leg,R,light,6.0,20.487,26.678,26.678,26.678,-1,678.803,678.803,ragdoll,626.924,5.832,Static,Stone,shape,False,False,,1.0,1.0,0.3811687383911988,0.4358688213802145,2.287012430347193
Vayne_impacts_log_2,Vayne,female,True,,light,56664.147,15.226000000002387,1,NPC R Thigh [RThg],leg,R,light,6.0,20.487,90.336,90.336,90.336,-1,620.564,620.564,ragdoll,591.139,2.808,Static,Stone,shape,False,False,,1.0,1.0,1.2906986712387485,4.9977091798124125,7.744192027432491
Vayne_impacts_log_2,Vayne,female,True,,light,95746.519,141.6359999999986,1,NPC R Thigh [RThg],leg,R,light,6.0,20.487,36.961,36.961,36.961,-1,267.348,267.348,ragdoll,263.363,5.315,Static,Stone,shape,False,False,,1.0,1.0,0.528089727103872,0.8366362796179261,3.168538362623232
Vayne_impacts_log_2,Vayne,female,True,,light,66650.263,0.3159999999916181,1,NPC Head [Head],head,-,bare,4.0,15.108,170.901,170.901,170.901,-1,443.983,443.983,animated,41.65,0.347,Unknown,Skin,shape,False,False,,0.9994,1.0,2.441791684526361,11.924693261244169,9.767166738105445
Vayne_impacts_log_2,Vayne,female,True,,light,68833.888,40.27599999999802,1,NPC R UpperArm [RUar],arm,R,light,2.0,14.463,49.792,49.792,49.792,-1,510.961,510.961,ragdoll,452.835,6.633,Static,Stone,shape,False,False,,1.0,1.0,0.7114159165595085,0.5061126063342056,1.422831833119017
Vayne_impacts_log_2,Vayne,female,True,,light,68874.164,59.30199999999604,2,NPC R UpperArm [RUar],arm,R,light,2.0,14.463,6.283,6.466,6.283,-1,316.458,316.756,ragdoll,320.193,2.033,Static,Stone,shape,False,False,,1.0,1.0,0.09238462637519647,0.008534919190484647,0.18476925275039294
Vayne_impacts_log_2,Vayne,female,True,,light,68915.412,18.41700000000128,3,NPC R Forearm [RLar],arm,R,light,6.0,11.658,13.797,41.981,13.797,-1,382.272,382.272,ragdoll,330.764,5.663,Static,Stone,shape,False,False,,1.0,1.0,0.599814259179883,1.0793314365465354,3.5988855550792977
Vayne_impacts_log_2,Vayne,female,True,,light,69126.997,38.43299999998999,1,NPC L Foot [Lft ],foot,L,light,3.0,10.011,239.492,239.492,239.492,-1,334.416,334.416,ragdoll,411.392,1.971,Static,Stone,shape,False,False,,1.0,1.0,3.4218031147306758,17.563104833970833,10.265409344192028
Vayne_impacts_log_2,Vayne,female,True,,light,95794.035,371.15499999999884,1,NPC L Foot [Lft ],foot,L,light,3.0,10.011,70.009,70.009,70.009,-1,165.217,165.217,ragdoll,187.717,3.019,Static,Stone,shape,False,False,,0.0612,0.0,1.000271467352479,1.5008145125992223,3.000814402057437
Vayne_impacts_log_2,Vayne,female,True,,light,95659.605,69.94200000001001,1,NPC L Calf [LClf],leg,L,light,6.0,19.675,9.54,9.54,9.54,-1,245.117,245.117,ragdoll,285.639,4.985,Static,Stone,shape,False,False,,1.0,1.0,0.1363051864552079,0.05573731156376697,0.8178311187312474
Vayne_impacts_log_2,Vayne,female,True,,light,69325.003,33.679000000003725,1,NPC L Foot [Lft ],foot,L,light,3.0,10.011,174.2,174.2,174.2,-1,258.517,258.517,ragdoll,304.264,3.198,Static,Carpet,shape,False,False,,0.7874,1.0,2.4889269895699386,9.292136339114517,7.466780968709816
Vayne_impacts_log_2,Vayne,female,True,,light,69434.02,416.37399999999616,1,NPC L Foot [Lft ],foot,L,light,3.0,10.011,46.278,46.278,46.278,-1,292.752,292.752,ragdoll,295.701,1.659,Static,Carpet,shape,False,False,,1.0,1.0,0.6612087441063009,0.6557955049239476,1.983626232318903
Vayne_impacts_log_2,Vayne,female,True,,light,69454.189,378.14400000000023,1,NPC L Calf [LClf],leg,L,light,6.0,19.675,36.032,36.032,36.032,-1,266.334,266.334,ragdoll,280.575,1.214,Static,Carpet,shape,False,False,,1.0,1.0,0.5148164023431919,0.7951077843647618,3.0888984140591518
Vayne_impacts_log_2,Vayne,female,True,,light,69494.433,337.90999999998894,1,NPC L Thigh [LThg],leg,L,light,6.0,20.487,28.411,28.411,28.411,-1,254.031,254.031,ragdoll,258.022,0.852,Static,Carpet,shape,False,False,,0.8938,1.0,0.4059294184883555,0.4943360783828834,2.435576510930133
Vayne_impacts_log_2,Vayne,female,True,,light,69961.705,92.19499999999243,1,NPC L UpperArm [LUar],arm,L,light,2.0,14.463,5.958,5.958,5.958,-1,302.307,302.307,ragdoll,304.659,0.431,Static,Stone,shape,False,False,,1.0,1.0,0.08512644663523361,0.0072465119167412755,0.17025289327046722
Vayne_impacts_log_2,Vayne,female,True,,light,70206.248,2442.62999999999,11,NPC L Thigh [LThg],leg,L,light,6.0,20.487,10.946,47.142,10.946,-1,225.3,225.341,ragdoll,222.536,0.516,Static,Stone,shape,False,False,,1.0,0.0,0.6735533647663953,1.3610224055643982,4.041320188598371
Vayne_impacts_log_2,Vayne,female,True,,light,70206.257,329.1990000000078,2,NPC L Calf [LClf],leg,L,light,6.0,19.675,10.111,10.111,10.111,-1,271.639,271.639,ragdoll,266.583,0.696,Static,Stone,shape,False,False,,1.0,0.0,0.1444634947849693,0.06260910397646056,0.8667809687098158
Vayne_impacts_log_2,Vayne,female,True,,light,71391.894,1393.4440000000031,8,NPC L Calf [LClf],leg,L,light,6.0,19.675,190.567,190.567,190.567,-1,38.992,159.695,getup,227.571,3.676,Static,Stone,shape,False,False,,1.0,0.0,2.7227746820974428,22.240505908412494,16.336648092584657
Vayne_impacts_log_2,Vayne,female,True,,light,73128.595,1348.7880000000005,1,NPC L Calf [LClf],leg,L,light,6.0,19.675,94.474,94.474,94.474,-1,209.511,209.511,getup,110.208,5.844,Static,Stone,shape,False,False,,1.0,1.0,1.34982140305758,5.466053460457001,8.09892841834548
Vayne_impacts_log_2,Vayne,female,True,,light,70227.003,19.055999999996857,1,NPC L Foot [Lft ],foot,L,light,3.0,10.011,12.763,12.763,12.763,-1,276.888,276.888,ragdoll,274.974,1.482,Static,Stone,shape,False,False,,1.0,1.0,0.18235462208886985,0.04987981229576181,0.5470638662666095
Vayne_impacts_log_2,Vayne,female,True,,light,70368.318,826.426999999996,1,NPC L Foot [Lft ],foot,L,light,3.0,10.011,8.661,8.661,8.661,-1,23.619,23.619,ragdoll,30.053,0.897,Static,Stone,shape,False,False,,1.0,0.0,0.12374624946420917,0.022969701384687433,0.3712387483926275
Vayne_impacts_log_2,Vayne,female,True,,light,71465.831,1375.0889999999927,2,NPC L Foot [Lft ],foot,L,light,3.0,10.011,128.426,128.426,128.426,-1,25.596,25.596,getup,132.31,1.333,Static,Stone,shape,False,False,,1.0,1.0,1.834919274182026,5.05039311414704,5.504757822546078
Vayne_impacts_log_2,Vayne,female,True,,light,73075.664,1401.7249999999913,2,NPC L Foot [Lft ],foot,L,light,3.0,10.011,45.735,45.735,45.735,-1,174.174,174.174,getup,147.311,4.672,Static,Stone,shape,False,False,,1.0,1.0,0.6534504929275611,0.6404963200609088,1.9603514787826832
Vayne_impacts_log_2,Vayne,female,True,,light,70410.57,19.619999999995343,1,NPC R Foot [Rft ],foot,R,light,3.0,10.011,9.798,9.798,9.798,-1,212.5,212.5,ragdoll,216.284,0.491,Static,Stone,shape,False,False,,1.0,1.0,0.13999142734676384,0.02939639959587639,0.4199742820402915
Vayne_impacts_log_2,Vayne,female,True,,light,70430.193,20.87600000000384,1,NPC R Foot [Rft ],foot,R,light,3.0,10.011,8.738,8.738,8.738,-1,208.02,208.02,ragdoll,213.148,0.462,Static,Stone,shape,False,False,,1.0,1.0,0.1248464066295185,0.023379937872454622,0.3745392198885555
Vayne_impacts_log_2,Vayne,female,True,,light,70451.071,518.0210000000079,1,NPC R Foot [Rft ],foot,R,light,3.0,10.011,10.949,10.949,10.949,-1,199.62,199.62,ragdoll,203.091,0.423,Static,Stone,shape,False,False,,1.0,1.0,0.15643663380482928,0.03670863059427938,0.4693099014144878
Vayne_impacts_log_2,Vayne,female,True,,light,70989.655,205.08199999999488,1,NPC R Foot [Rft ],foot,R,light,3.0,10.011,8.219,8.219,8.219,-1,62.579,62.579,ragdoll,67.281,0.516,Static,Stone,shape,False,False,,1.0,1.0,0.11743106158022575,0.020685081335788155,0.3522931847406772
Vayne_impacts_log_2,Vayne,female,True,,light,71465.818,74.56699999999546,1,NPC R Foot [Rft ],foot,R,light,3.0,10.011,94.217,94.217,94.217,-1,18.95,18.95,getup,100.632,1.908,Static,Stone,shape,False,False,,1.0,1.0,1.3461494499214175,2.7181775122856022,4.038448349764252
Vayne_impacts_log_2,Vayne,female,True,,light,71870.261,1791.6089999999967,2,NPC R Foot [Rft ],foot,R,light,3.0,10.011,70.293,70.293,70.293,-1,174.622,174.622,getup,162.135,5.625,Static,Stone,shape,False,False,,1.0,1.0,1.0043291898842694,1.5130156824803895,3.0129875696528083
Vayne_impacts_log_2,Vayne,female,True,,light,73765.577,711.8300000000017,5,NPC R Foot [Rft ],foot,R,light,3.0,10.011,50.516,76.007,50.516,-1,142.497,142.497,getup,114.476,3.867,Static,Stone,shape,False,False,,1.0,1.0,1.0859694242034579,1.7689943854571846,3.257908272610374
Vayne_impacts_log_2,Vayne,female,True,,light,70848.319,328.5540000000037,2,NPC L Hand [LHnd],hand,L,light,4.0,8.334,20.447,20.447,20.447,-1,16.888,16.888,ragdoll,84.803,0.421,DeadBip,Skin,shape,True,False,NPC R Foot [Rft ],-0.376,1.0,0.2921417345335048,0.17069358611248955,1.1685669381340191
Vayne_impacts_log_2,Vayne,female,True,,light,70908.242,164.45100000000093,2,NPC R Calf [RClf],leg,R,light,6.0,19.675,5.515,5.515,5.515,-1,15.908,15.908,ragdoll,86.937,0.325,DeadBip,Skin,shape,True,False,NPC L Hand [LHnd],0.4544,1.0,0.07879697099585656,0.018626887914365578,0.47278182597513935
Vayne_impacts_log_2,Vayne,female,True,,light,71338.082,1944.9990000000107,5,NPC R Thigh [RThg],leg,R,light,6.0,20.487,52.2,127.959,52.2,-1,97.48,169.333,getup,95.741,7.837,Static,Stone,shape,False,False,,1.0,1.0,1.828246892413202,10.027460098855592,10.969481354479212
Vayne_impacts_log_2,Vayne,female,True,,light,71392.19,1908.2939999999944,9,NPC R Calf [RClf],leg,R,light,6.0,19.675,131.652,131.652,131.652,-1,78.851,129.187,getup,214.906,7.274,Static,Stone,shape,False,False,,1.0,1.0,1.8810115730818688,10.614613614203781,11.286069438491213
Vayne_impacts_log_2,Vayne,female,True,,light,73893.182,584.2200000000012,1,NPC R Calf [RClf],leg,R,light,6.0,19.675,30.568,30.568,30.568,-1,130.249,130.249,getup,107.205,1.613,Static,Stone,shape,False,False,,1.0,1.0,0.4367481068724104,0.5722467265699032,2.6204886412344623
Vayne_impacts_log_2,Vayne,female,True,,light,90294.131,19.137000000002445,2,NPC R Hand [RHnd],hand,R,light,4.0,8.334,83.303,83.303,83.303,-1,82.799,82.799,ragdoll,241.369,11.681,DeadBip,Skin,shape,True,False,NPC Spine2 [Spn2],0.0934,1.0,1.190212887555365,2.83321343540576,4.76085155022146
Vayne_impacts_log_2,Vayne,female,True,,light,90564.123,16.085999999995693,2,NPC R Hand [RHnd],hand,R,light,4.0,8.334,184.922,184.922,184.922,-1,201.998,201.998,ragdoll,417.487,23.817,DeadBip,Skin,shape,True,False,NPC Spine2 [Spn2],0.8647,1.0,2.6421203029004143,13.961599389997154,10.568481211601657
Vayne_impacts_log_2,Vayne,female,True,,light,90685.461,111.1929999999993,2,NPC R Hand [RHnd],hand,R,light,4.0,8.334,70.808,70.808,70.808,-1,70.335,70.335,ragdoll,115.954,8.184,DeadBip,Skin,shape,True,False,NPC Spine2 [Spn2],0.5874,1.0,1.0116873839119875,2.0470227255333624,4.04674953564795
Vayne_impacts_log_2,Vayne,female,True,,light,90580.205,105.53500000000349,2,NPC R Hand [RHnd],hand,R,light,4.0,8.334,131.945,131.945,131.945,-1,174.292,174.292,ragdoll,299.186,10.472,DeadBip,Skin,shape,True,False,NPC Head [Head],0.9137,1.0,1.8851978854122018,7.107942134325274,7.540791541648807
Vayne_impacts_log_2,Vayne,female,True,,light,97941.284,104.89100000000326,2,NPC Head [Head],head,-,bare,4.0,15.108,98.448,98.448,98.448,-1,205.207,205.207,ragdoll,202.606,3.929,DeadBip,Skin,shape,True,False,NPC R Hand [RHnd],0.9471,1.0,1.406600942991856,3.957052425651157,5.626403771967424
Vayne_impacts_log_2,Vayne,female,True,,light,93581.719,98.88899999999558,2,NPC L Hand [LHnd],hand,L,light,4.0,8.334,206.406,206.406,206.406,-1,413.252,413.252,ragdoll,466.671,2.13,Static,Stone,shape,False,False,,-0.0,1.0,2.9490784397771113,17.3941272879164,11.796313759108445
Vayne_impacts_log_2,Vayne,female,True,,light,94397.251,702.5049999999901,2,NPC L Hand [LHnd],hand,L,light,4.0,8.334,126.658,126.658,126.658,-1,163.877,163.877,getup,153.073,10.76,Static,Stone,shape,False,False,,0.0,1.0,1.8096585226460924,6.5497279371712755,7.23863409058437
Vayne_impacts_log_2,Vayne,female,True,,light,93581.723,315.3570000000036,7,NPC Head [Head],head,-,bare,4.0,15.108,294.341,294.341,294.341,-1,398.352,645.969,ragdoll,481.642,1.87,Static,Stone,shape,False,False,,0.0,1.0,4.20547221031576,35.37199302347624,16.82188884126304
Vayne_impacts_log_2,Vayne,female,True,,light,93631.598,265.1990000000078,5,NPC L UpperArm [LUar],arm,L,light,2.0,14.463,131.788,131.788,131.788,-1,264.656,332.755,ragdoll,291.33,5.47,Static,Stone,shape,False,False,,0.0,1.0,1.8829547078154025,3.545518431684188,3.765909415630805
Vayne_impacts_log_2,Vayne,female,True,,light,93647.325,16.278000000005704,1,NPC L Forearm [LLar],arm,L,light,2.0,11.658,42.451,42.451,42.451,-1,283.854,283.854,ragdoll,238.156,8.472,Static,Stone,shape,False,False,,0.0,1.0,0.6065295042148879,0.3678780394831578,1.2130590084297759
Vayne_impacts_log_2,Vayne,female,True,,light,93663.606,32.90099999999802,1,NPC L Forearm [LLar],arm,L,light,2.0,11.658,139.5,139.5,139.5,-1,267.77,267.77,ragdoll,208.55,13.742,Static,Stone,shape,False,False,,0.0,1.0,1.993141877411059,3.972614543489681,3.986283754822118
Vayne_impacts_log_2,Vayne,female,True,,light,93663.611,117.83299999999872,1,NPC Neck [Neck],head,-,bare,6.0,8.431,31.225,31.225,31.225,-1,366.983,366.983,ragdoll,327.731,9.195,Static,Stone,shape,False,False,,-0.0,1.0,0.4461351621660238,0.597109748762713,2.676810972996143
Vayne_impacts_log_2,Vayne,female,True,,light,93729.974,117.41400000000431,2,NPC Spine2 [Spn2],torso,-,light,7.0,23.052,19.301,19.301,19.301,-1,64.509,64.509,ragdoll,64.166,7.055,Static,Stone,shape,False,False,,0.0,1.0,0.2757679668524075,0.2661679003966868,1.9303757679668525
Vayne_impacts_log_2,Vayne,female,True,,light,95659.596,35.814999999987776,2,NPC R Calf [RClf],leg,R,light,6.0,19.675,14.975,26.265,14.975,-1,276.179,276.179,ragdoll,302.864,2.589,Static,Stone,shape,False,False,,1.0,1.0,0.37526789541363054,0.42247797998452663,2.251607372481783
Vayne_impacts_log_2,Vayne,female,True,,light,95763.197,143.57200000000012,1,NPC R Calf [RClf],leg,R,light,6.0,19.675,33.828,33.828,33.828,-1,247.328,247.328,ragdoll,322.004,6.265,Static,Stone,shape,False,False,,1.0,1.0,0.4833261894556366,0.7008126162411177,2.8999571367338195
Vayne_impacts_log_2,Vayne,female,True,,light,95778.352,30.744999999995343,1,NPC R Foot [Rft ],foot,R,light,3.0,10.011,204.681,204.681,204.681,-1,239.557,239.557,ragdoll,349.173,8.638,Static,Stone,shape,False,False,,0.0,1.0,2.924432061723104,12.828454325451066,8.773296185169311
Vayne_impacts_log_2,Vayne,female,True,,light,95939.812,17.905999999988126,1,NPC R Foot [Rft ],foot,R,light,3.0,10.011,8.071,8.071,8.071,-1,236.556,236.556,ragdoll,237.449,2.618,Static,Stone,shape,False,False,,0.0,1.0,0.11531647378196885,0.019946833688261265,0.34594942134590656
Vayne_impacts_log_2,Vayne,female,True,,light,96026.953,172.69600000001083,1,NPC L Foot [Lft ],foot,L,light,3.0,10.011,12.48,12.48,12.48,-1,124.353,124.353,ragdoll,127.943,3.746,Static,Stone,shape,False,False,,0.0,0.0,0.17831118731247322,0.04769231928117587,0.5349335619374197
Vayne_impacts_log_2,Vayne,female,True,,light,96370.68,66.63500000000931,2,NPC L Foot [Lft ],foot,L,light,3.0,10.011,30.463,30.463,30.463,-1,102.784,102.784,ragdoll,89.878,4.344,Static,Stone,shape,False,False,,0.0,1.0,0.4352478925560795,0.28416109196176276,1.3057436776682385
Vayne_impacts_log_2,Vayne,female,True,,light,97887.096,263.41399999998976,5,NPC L Foot [Lft ],foot,L,light,3.0,10.011,79.235,254.222,79.235,-1,144.807,241.513,ragdoll,151.68,2.814,Static,Stone,shape,False,False,,0.0,1.0,3.632261751678812,19.789988149063245,10.896785255036436
Vayne_impacts_log_2,Vayne,female,True,,light,96043.354,121.55999999999767,1,NPC L Calf [LClf],leg,L,light,6.0,19.675,35.348,35.348,35.348,-1,143.059,143.059,ragdoll,139.918,3.921,Static,Stone,shape,False,False,,0.0,1.0,0.5050435776539506,0.765207045988506,3.0302614659237035
Vayne_impacts_log_2,Vayne,female,True,,light,96164.915,105.29900000001362,1,NPC L Calf [LClf],leg,L,light,6.0,19.675,8.714,8.714,8.714,-1,113.295,113.295,ragdoll,115.682,3.108,Static,Stone,shape,False,False,,-0.0,1.0,0.12450350050007146,0.04650336491031388,0.7470210030004287
Vayne_impacts_log_2,Vayne,female,True,,light,97940.726,122.68100000001141,1,NPC L Calf [LClf],leg,L,light,6.0,19.675,61.501,61.501,61.501,-1,141.158,141.158,ragdoll,66.442,5.959,Static,Stone,shape,False,False,,0.0,1.0,0.8787112444634948,2.316400353439751,5.272267466780969
Vayne_impacts_log_2,Vayne,female,True,,light,96199.367,138.55500000000757,1,NPC R Hand [RHnd],hand,R,light,4.0,8.334,34.689,34.689,34.689,-1,51.418,51.418,ragdoll,56.401,2.026,Static,Carpet,shape,False,False,,0.7878,1.0,0.49562794684954997,0.49129412339660067,1.9825117873981999
Vayne_impacts_log_2,Vayne,female,True,,light,98186.49,221.26999999998952,1,NPC R Foot [Rft ],foot,R,light,3.0,10.011,37.856,37.856,37.856,-1,80.728,80.728,ragdoll,77.368,20.195,Static,Stone,shape,False,False,,1.0,1.0,0.5408772681811688,0.43882232885268596,1.6226318045435062
Vayne_impacts_log_2,Vayne,female,True,,light,99311.161,5672.25,10,NPC R Foot [Rft ],foot,R,light,3.0,10.011,9.503,137.592,9.503,-1,259.223,336.236,getup,226.35,7.398,Static,Stone,shape,False,False,,1.0,1.0,1.9658808401200174,5.797031216326478,5.897642520360052
Vayne_impacts_log_2,Vayne,female,True,,light,105076.838,19.656000000002678,1,NPC R Foot [Rft ],foot,R,light,3.0,10.011,8.742,8.742,8.742,-1,112.304,112.304,getup,106.045,1.543,Static,Stone,shape,False,False,,1.0,1.0,0.12490355765109304,0.023401348070849884,0.3747106729532791
Vayne_impacts_log_2,Vayne,female,True,,light,105391.552,1494.8740000000107,7,NPC R Foot [Rft ],foot,R,light,3.0,10.011,31.712,31.712,31.712,-1,24.215,103.811,getup,29.196,2.334,Static,Stone,shape,False,False,,1.0,0.0,0.45309329904272044,0.30794030645612414,1.3592798971281614
Vayne_impacts_log_2,Vayne,female,True,,light,98338.992,1636.0859999999957,5,NPC R Calf [RClf],leg,R,light,6.0,19.675,16.244,88.315,16.244,-1,66.857,198.727,ragdoll,88.965,3.79,Static,Stone,shape,False,False,,1.0,0.0,1.2618231175882269,4.776592740240217,7.570938705529361
Vayne_impacts_log_2,Vayne,female,True,,light,105375.942,1191.767000000007,1,NPC R Calf [RClf],leg,R,light,6.0,19.675,31.35,31.35,31.35,-1,196.63,196.63,getup,124.719,4.384,Static,Stone,shape,False,False,,1.0,1.0,0.44792113159022723,0.601900020375209,2.6875267895413635
Vayne_impacts_log_2,Vayne,female,True,,light,98587.161,94.91400000000431,2,NPC R Thigh [RThg],leg,R,light,6.0,20.487,59.377,104.282,59.377,-1,53.86,117.086,ragdoll,152.483,6.439,Static,Stone,shape,False,False,,1.0,0.0,1.48995570795828,6.659904035032378,8.93973424774968
Vayne_impacts_log_2,Vayne,female,True,,light,98720.504,292.775999999998,3,NPC R Thigh [RThg],leg,R,light,6.0,20.487,26.177,84.827,26.177,-1,122.013,177.264,ragdoll,114.515,3.819,Static,Stone,shape,False,False,,1.0,1.0,1.2119874267752537,4.406740567983903,7.271924560651522
Vayne_impacts_log_2,Vayne,female,True,,light,98660.845,916.5939999999973,1,NPC R UpperArm [RUar],arm,R,light,2.0,14.463,166.317,166.317,166.317,-1,106.777,106.777,ragdoll,129.011,15.462,Static,Wood,shape,False,False,,1.0,0.0,2.376296613801972,5.646785596766718,4.752593227603944
Vayne_impacts_log_2,Vayne,female,True,,light,98701.339,152.38999999999942,1,NPC COM [COM ],torso,-,light,40.0,17.972,63.621,63.621,63.621,-1,13.213,13.213,ragdoll,147.379,13.528,Static,Wood,shape,False,False,,1.0,1.0,0.9090012858979856,16.525666755283826,36.360051435919424
Vayne_impacts_log_2,Vayne,female,True,,light,99047.862,2030.8600000000006,2,NPC COM [COM ],torso,-,light,40.0,17.972,24.751,31.932,24.751,-1,40.411,42.325,ragdoll,45.09,0.986,Static,Wood,shape,False,False,,1.0,1.0,0.45623660522931847,4.16303679902346,18.24946420917274
Vayne_impacts_log_2,Vayne,female,True,,light,98797.791,89.50200000000768,4,NPC L Foot [Lft ],foot,L,light,3.0,10.011,262.71,302.285,262.71,-1,264.454,264.454,ragdoll,351.164,10.085,Static,Stone,shape,False,False,,-0.0077,1.0,4.318974139162738,27.980306422134774,12.956922417488215
Vayne_impacts_log_2,Vayne,female,True,,light,98869.996,46.53399999999965,1,NPC L Foot [Lft ],foot,L,light,3.0,10.011,129.301,129.301,129.301,-1,362.688,362.688,ragdoll,244.73,34.07,Static,Stone,shape,False,False,,1.0,1.0,1.8474210601514502,5.119446860236662,5.54226318045435
Vayne_impacts_log_2,Vayne,female,True,,light,99099.089,264.5819999999949,2,NPC L Foot [Lft ],foot,L,light,3.0,10.011,24.64,25.33,24.64,-1,52.211,52.211,ragdoll,46.793,2.444,Static,Stone,shape,False,False,,1.0,1.0,0.36190884412058866,0.19646701717905082,1.085726532361766
Vayne_impacts_log_2,Vayne,female,True,,light,100360.292,5845.758000000002,4,NPC L Foot [Lft ],foot,L,light,3.0,10.011,41.418,41.418,41.418,-1,7.074,72.707,getup,49.5,1.957,Static,Stone,shape,False,False,,1.0,1.0,0.5917702528932705,0.525288048314048,1.7753107586798114
Vayne_impacts_log_2,Vayne,female,True,,light,106206.054,1041.3919999999925,1,NPC L Foot [Lft ],foot,L,light,3.0,10.011,31.675,31.675,31.675,-1,218.738,218.738,getup,192.333,5.47,Static,Stone,shape,False,False,,1.0,1.0,0.4525646520931562,0.3072221464862993,1.3576939562794688
Vayne_impacts_log_2,Vayne,female,True,,light,107247.447,638.8369999999995,4,NPC L Foot [Lft ],foot,L,light,3.0,10.011,17.93,23.651,17.93,-1,105.438,105.438,getup,98.605,4.308,Static,Stone,shape,False,False,,1.0,1.0,0.33791970281468786,0.17128458832555044,1.0137591084440636
Vayne_impacts_log_2,Vayne,female,True,,light,98981.504,364.91300000000047,1,NPC L Calf [LClf],leg,L,light,6.0,19.675,26.992,26.992,26.992,-1,1.214,1.214,ragdoll,55.998,3.774,Static,Stone,shape,False,False,,0.1473,1.0,0.3856550935847979,0.44618955362369767,2.313930561508787
Vayne_impacts_log_2,Vayne,female,True,,light,99116.759,1028.3729999999923,2,NPC Spine1 [Spn1],torso,-,light,4.0,18.878,9.805,9.805,9.805,-1,5.86,20.215,ragdoll,15.487,0.842,Static,Wood,shape,False,False,,1.0,1.0,0.14009144163451923,0.039251224038475814,0.5603657665380769
Vayne_impacts_log_2,Vayne,female,True,,light,99328.037,249.0789999999979,3,NPC R Forearm [RLar],arm,R,light,6.0,11.658,149.917,149.917,149.917,-1,64.704,159.845,getup,127.922,13.327,Static,Stone,shape,False,False,,1.0,1.0,2.1419774253464783,13.764201872081784,12.851864552078869
Vayne_impacts_log_2,Vayne,female,True,,light,99398.082,4328.770000000004,5,NPC R Calf [RClf],leg,R,light,6.0,19.675,91.034,123.499,91.034,-1,204.739,204.739,getup,213.07,8.357,Static,Stone,shape,False,False,,1.0,1.0,1.7645235033576225,9.340629581704373,10.587141020145735
Vayne_impacts_log_2,Vayne,female,True,,light,99398.564,288.00999999999476,1,NPC R Thigh [RThg],leg,R,light,6.0,20.487,12.077,12.077,12.077,-1,375.649,375.649,getup,223.324,12.325,Static,Stone,shape,False,False,,1.0,1.0,0.17255322188884128,0.0893238431526591,1.0353193313330478
Vayne_impacts_log_2,Vayne,female,True,,light,99595.899,223.4829999999929,2,NPC L Calf [LClf],leg,L,light,6.0,19.675,49.923,49.923,49.923,-1,46.514,46.514,getup,37.94,4.307,Static,Stone,shape,False,False,,1.0,1.0,0.7132876125160738,1.5263376545066418,4.279725675096443
Vayne_impacts_log_2,Vayne,female,True,,light,100323.405,5577.400999999998,6,NPC L Calf [LClf],leg,L,light,6.0,19.675,67.147,76.498,67.147,-1,20.032,39.243,getup,72.166,1.7,Static,Stone,shape,False,False,,1.0,1.0,1.0929847121017289,3.5838467426642975,6.557908272610373
Vayne_impacts_log_2,Vayne,female,True,,light,100674.523,4082.9140000000043,1,NPC L Thigh [LThg],leg,L,light,6.0,20.487,31.942,31.942,31.942,-1,12.481,12.481,getup,46.165,1.763,Static,Wood,shape,False,False,,1.0,1.0,0.4563794827832548,0.6248466969165335,2.738276896699529
Vayne_impacts_log_2,Vayne,female,True,,light,100732.583,5114.226999999999,2,NPC L Thigh [LThg],leg,L,light,6.0,20.487,44.265,44.265,44.265,-1,10.127,76.503,getup,41.448,1.395,Static,Stone,shape,False,False,,1.0,1.0,0.6324474924989285,1.1999694923045467,3.794684954993571
Vayne_impacts_log_2,Vayne,female,True,,light,106206.061,1041.100999999995,1,NPC L Foot [Lft ],foot,L,light,3.0,10.011,31.647,31.647,31.647,-1,219.658,219.658,getup,192.333,5.47,Static,Wood,shape,False,False,,1.0,1.0,0.4521645949421346,0.306679231378777,1.3564937848264038
Vayne_impacts_log_2,Vayne,female,True,,light,107247.164,639.1189999999915,4,NPC L Foot [Lft ],foot,L,light,3.0,10.011,19.435,27.683,19.435,-1,37.009,61.517,getup,32.423,1.774,Static,Wood,shape,False,False,,1.0,1.0,0.3955279325617946,0.23466351815491127,1.1865837976853837
Vayne_impacts_log_2,Vayne,female,True,,light,106356.162,1530.1150000000052,1,NPC L Calf [LClf],leg,L,light,6.0,19.675,21.562,21.562,21.562,-1,76.341,76.341,getup,60.964,1.722,Static,Wood,shape,False,False,,1.0,1.0,0.30807258179739966,0.2847261469659465,1.8484354907843978
Vayne_impacts_log_2,Vayne,female,True,,light,109826.261,14.006000000008498,1,NPC R Hand [RHnd],hand,R,light,4.0,8.334,134.182,134.182,134.182,-1,207.07,207.07,animated,217.109,7.303,Unknown,Skin,shape,False,False,,0.6167,1.0,1.9171595942277468,7.351001819478998,7.668638376910987
Vayne_impacts_log_2,Vayne,female,True,,light,109887.328,85.68100000001141,1,NPC R Hand [RHnd],hand,R,light,4.0,8.334,174.503,174.503,174.503,-1,103.356,103.356,animated,194.028,5.061,Unknown,Skin,shape,False,False,,0.5709,1.0,2.4932561794542076,12.432652752773183,9.97302471781683
Vayne_impacts_log_2,Vayne,female,True,,light,109973.012,179.07399999999325,1,NPC R Hand [RHnd],hand,R,light,4.0,8.334,10.146,10.146,10.146,-1,7.639,7.639,animated,12.274,2.449,Unknown,Skin,shape,False,False,,0.5802,1.0,0.14496356622374626,0.042028871064612935,0.579854264894985
Vayne_impacts_log_2,Vayne,female,True,,light,110152.088,429.4539999999979,1,NPC R Hand [RHnd],hand,R,light,4.0,8.334,71.762,71.762,71.762,-1,22.478,22.478,animated,77.918,2.188,Unknown,Skin,shape,False,False,,0.6093,1.0,1.0253179025575083,2.102553602609856,4.101271610230033
Vayne_impacts_log_2,Vayne,female,True,,light,110581.545,20.131999999997788,1,NPC R Hand [RHnd],hand,R,light,4.0,8.334,56.182,56.182,56.182,-1,80.903,80.903,animated,96.367,2.663,Unknown,Skin,shape,False,False,,0.6278,1.0,0.8027146735247893,1.2887016941840181,3.2108586940991573
Vayne_impacts_log_2,Vayne,female,True,,light,110601.678,38.87699999999313,1,NPC R Hand [RHnd],hand,R,light,4.0,8.334,76.484,76.484,76.484,-1,261.719,261.719,animated,282.967,5.779,Unknown,Skin,shape,False,False,,0.783,1.0,1.092784683526218,2.388356729098993,4.371138734104872
Vayne_impacts_log_2,Vayne,female,True,,light,110099.56,16.779000000009546,1,NPC R Thigh [RThg],leg,R,light,6.0,20.487,9.527,9.527,9.527,-1,96.566,96.566,animated,101.022,1.789,Unknown,Skin,shape,False,False,,-0.4676,1.0,0.13611944563509074,0.05558551044001327,0.8167166738105445
