seq,t_ms,game_hour,event,phase,actor,actor_id,limb,limb_index,impact_speed,normal_speed,tangent_speed,body_speed,angular_speed,mass,limb_radius,pos_x,pos_y,pos_z,nrm_x,nrm_y,nrm_z,vel_x,vel_y,vel_z,other_layer,other_material,material_source,other_body,other_limb,manifold_first,manifold_last,dropped,state
19,2.753,0.0000,state,unknown,Lennald the Brash [Whiterun Guard],000D0FF6,-,-,0.000,0.000,0.000,0.000,0.000,0.0000,0.000,0.000,0.000,0.000,0.0000,0.0000,0.0000,0.000,0.000,0.000,-,-,-,0000000000000000,-,0,0,-,session_start
20,2.753,0.0000,limb_sample,unknown,Lennald the Brash [Whiterun Guard],000D0FF6,NPC COM [COM ],0,0.000,0.000,0.000,18.904,0.789,51.5000,18.217,-246.289,-232.066,-247.089,0.0000,0.0000,0.0000,-17.443,7.287,0.050,-,-,-,0000000000000000,-,0,0,-,session_start
21,2.753,0.0000,limb_sample,unknown,Lennald the Brash [Whiterun Guard],000D0FF6,NPC L Thigh [LThg],1,0.000,0.000,0.000,24.569,2.144,6.1800,21.102,-253.088,-231.694,-246.837,0.0000,0.0000,0.0000,-9.093,-22.544,-3.567,-,-,-,0000000000000000,-,0,0,-,session_start
22,2.753,0.0000,limb_sample,unknown,Lennald the Brash [Whiterun Guard],000D0FF6,NPC R Thigh [RThg],2,0.000,0.000,0.000,20.845,1.657,6.1800,21.101,-239.490,-232.439,-247.341,0.0000,0.0000,0.0000,-13.648,15.686,1.472,-,-,-,0000000000000000,-,0,0,-,session_start
23,2.754,0.0000,limb_sample,unknown,Lennald the Brash [Whiterun Guard],000D0FF6,NPC Spine [Spn0],3,0.000,0.000,0.000,20.120,0.718,4.1200,17.816,-246.495,-237.434,-243.150,0.0000,0.0000,0.0000,-18.560,7.720,0.856,-,-,-,0000000000000000,-,0,0,-,session_start
24,2.754,0.0000,limb_sample,unknown,Lennald the Brash [Whiterun Guard],000D0FF6,NPC R Calf [RClf],4,0.000,0.000,0.000,22.260,1.672,6.1800,20.265,-234.966,-230.846,-283.641,0.0000,0.0000,0.0000,-1.010,22.065,2.760,-,-,-,0000000000000000,-,0,0,-,session_start
25,2.754,0.0000,limb_sample,unknown,Lennald the Brash [Whiterun Guard],000D0FF6,NPC L Calf [LClf],5,0.000,0.000,0.000,55.420,1.359,6.1800,20.265,-255.399,-228.667,-283.298,0.0000,0.0000,0.0000,1.879,-54.773,-8.228,-,-,-,0000000000000000,-,0,0,-,session_start
26,2.754,0.0000,limb_sample,unknown,Lennald the Brash [Whiterun Guard],000D0FF6,NPC Spine1 [Spn1],6,0.000,0.000,0.000,23.244,1.178,4.1200,19.445,-246.006,-236.888,-234.168,0.0000,0.0000,0.0000,-22.623,3.239,4.245,-,-,-,0000000000000000,-,0,0,-,session_start
27,2.754,0.0000,limb_sample,unknown,Lennald the Brash [Whiterun Guard],000D0FF6,NPC L Foot [Lft ],7,0.000,0.000,0.000,48.947,2.278,3.0900,10.311,-255.761,-234.504,-311.481,0.0000,0.0000,0.0000,8.201,-47.862,-6.141,-,-,-,0000000000000000,-,0,0,-,session_start
28,2.754,0.0000,limb_sample,unknown,Lennald the Brash [Whiterun Guard],000D0FF6,NPC R Foot [Rft ],8,0.000,0.000,0.000,32.615,3.454,3.0900,10.311,-233.707,-236.676,-311.756,0.0000,0.0000,0.0000,-4.714,32.124,3.100,-,-,-,0000000000000000,-,0,0,-,session_start
29,2.754,0.0000,limb_sample,unknown,Lennald the Brash [Whiterun Guard],000D0FF6,NPC Spine2 [Spn2],9,0.000,0.000,0.000,28.944,1.086,7.2100,23.744,-245.541,-237.625,-224.046,0.0000,0.0000,0.0000,-28.883,1.769,0.644,-,-,-,0000000000000000,-,0,0,-,session_start
30,2.755,0.0000,limb_sample,unknown,Lennald the Brash [Whiterun Guard],000D0FF6,NPC L UpperArm [LUar],10,0.000,0.000,0.000,35.172,2.243,2.0600,14.897,-258.901,-235.272,-207.815,0.0000,0.0000,0.0000,-23.158,-24.861,-9.097,-,-,-,0000000000000000,-,0,0,-,session_start
31,2.755,0.0000,limb_sample,unknown,Lennald the Brash [Whiterun Guard],000D0FF6,NPC Neck [Neck],11,0.000,0.000,0.000,36.799,0.825,6.1800,8.684,-244.652,-236.141,-201.411,0.0000,0.0000,0.0000,-36.729,1.053,2.021,-,-,-,0000000000000000,-,0,0,-,session_start
32,2.755,0.0000,limb_sample,unknown,Lennald the Brash [Whiterun Guard],000D0FF6,NPC R UpperArm [RUar],12,0.000,0.000,0.000,31.290,2.129,2.0600,14.897,-231.480,-238.971,-208.992,0.0000,0.0000,0.0000,-28.790,11.034,5.333,-,-,-,0000000000000000,-,0,0,-,session_start
33,2.755,0.0000,limb_sample,unknown,Lennald the Brash [Whiterun Guard],000D0FF6,NPC Head [Head],13,0.000,0.000,0.000,38.657,0.802,4.1200,15.561,-244.108,-234.408,-194.016,0.0000,0.0000,0.0000,-38.604,1.957,-0.469,-,-,-,0000000000000000,-,0,0,-,session_start
34,2.755,0.0000,limb_sample,unknown,Lennald the Brash [Whiterun Guard],000D0FF6,NPC L Forearm [LLar],14,0.000,0.000,0.000,46.046,1.832,2.0600,12.007,-264.984,-238.205,-230.312,0.0000,0.0000,0.0000,-10.506,-43.788,-9.615,-,-,-,0000000000000000,-,0,0,-,session_start
35,2.755,0.0000,limb_sample,unknown,Lennald the Brash [Whiterun Guard],000D0FF6,NPC R Forearm [RLar],15,0.000,0.000,0.000,35.597,2.133,6.1800,12.007,-227.029,-239.430,-232.077,0.0000,0.0000,0.0000,-33.929,8.559,6.534,-,-,-,0000000000000000,-,0,0,-,session_start
36,2.755,0.0000,limb_sample,unknown,Lennald the Brash [Whiterun Guard],000D0FF6,NPC L Hand [LHnd],16,0.000,0.000,0.000,39.425,2.907,4.1200,8.584,-268.692,-233.132,-245.566,0.0000,0.0000,0.0000,-11.984,-37.006,-6.426,-,-,-,0000000000000000,-,0,0,-,session_start
37,2.755,0.0000,limb_sample,unknown,Lennald the Brash [Whiterun Guard],000D0FF6,NPC R Hand [RHnd],17,0.000,0.000,0.000,41.609,1.543,4.1200,8.584,-223.005,-235.369,-247.580,0.0000,0.0000,0.0000,-34.749,20.434,10.309,-,-,-,0000000000000000,-,0,0,-,session_start
39,817.609,10.9639,state,ragdoll,Lennald the Brash [Whiterun Guard],000D0FF6,-,-,0.000,0.000,0.000,0.000,0.000,0.0000,0.000,0.000,0.000,0.000,0.0000,0.0000,0.0000,0.000,0.000,0.000,-,-,-,0000000000000000,-,0,0,-,ragdoll_start
40,817.609,10.9639,limb_sample,ragdoll,Lennald the Brash [Whiterun Guard],000D0FF6,NPC COM [COM ],0,0.000,0.000,0.000,2.654,0.695,51.5000,18.217,-248.040,-231.563,-251.962,0.0000,0.0000,0.0000,-0.005,0.001,-2.654,-,-,-,0000000000000000,-,0,0,-,ragdoll_start
41,817.609,10.9639,limb_sample,ragdoll,Lennald the Brash [Whiterun Guard],000D0FF6,NPC L Thigh [LThg],1,0.000,0.000,0.000,5.925,0.414,6.1800,21.102,-254.284,-231.385,-251.774,0.0000,0.0000,0.0000,-0.329,3.975,4.381,-,-,-,0000000000000000,-,0,0,-,ragdoll_start
42,817.609,10.9639,limb_sample,ragdoll,Lennald the Brash [Whiterun Guard],000D0FF6,NPC R Thigh [RThg],2,0.000,0.000,0.000,3.997,0.342,6.1800,21.101,-240.860,-230.641,-252.082,0.0000,0.0000,0.0000,0.166,2.183,3.344,-,-,-,0000000000000000,-,0,0,-,ragdoll_start
43,817.610,10.9639,limb_sample,ragdoll,Lennald the Brash [Whiterun Guard],000D0FF6,NPC Spine [Spn0],3,0.000,0.000,0.000,1.257,0.246,4.1200,17.816,-247.942,-236.862,-247.971,0.0000,0.0000,0.0000,0.044,0.005,-1.256,-,-,-,0000000000000000,-,0,0,-,ragdoll_start
44,817.610,10.9639,limb_sample,ragdoll,Lennald the Brash [Whiterun Guard],000D0FF6,NPC R Calf [RClf],4,0.000,0.000,0.000,6.886,0.149,6.1800,20.265,-236.339,-229.511,-283.814,0.0000,0.0000,0.0000,-0.025,3.088,6.154,-,-,-,0000000000000000,-,0,0,-,ragdoll_start
45,817.610,10.9639,limb_sample,ragdoll,Lennald the Brash [Whiterun Guard],000D0FF6,NPC L Calf [LClf],5,0.000,0.000,0.000,7.596,0.109,6.1800,20.265,-254.881,-232.694,-283.892,0.0000,0.0000,0.0000,0.145,3.093,6.936,-,-,-,0000000000000000,-,0,0,-,ragdoll_start
46,817.610,10.9639,limb_sample,ragdoll,Lennald the Brash [Whiterun Guard],000D0FF6,NPC Spine1 [Spn1],6,0.000,0.000,0.000,1.449,0.171,4.1200,19.445,-247.516,-236.121,-238.982,0.0000,0.0000,0.0000,0.078,-1.294,-0.647,-,-,-,0000000000000000,-,0,0,-,ragdoll_start
47,817.610,10.9639,limb_sample,ragdoll,Lennald the Brash [Whiterun Guard],000D0FF6,NPC L Foot [Lft ],7,0.000,0.000,0.000,5.848,1.977,3.0900,10.311,-255.175,-239.618,-311.338,0.0000,0.0000,0.0000,-1.666,4.867,-2.782,-,-,-,0000000000000000,-,0,0,-,ragdoll_start
48,817.610,10.9639,limb_sample,ragdoll,Lennald the Brash [Whiterun Guard],000D0FF6,NPC R Foot [Rft ],8,0.000,0.000,0.000,2.646,1.750,3.0900,10.311,-233.260,-234.342,-311.429,0.0000,0.0000,0.0000,1.109,1.812,-1.577,-,-,-,0000000000000000,-,0,0,-,ragdoll_start
49,817.611,10.9639,limb_sample,ragdoll,Lennald the Brash [Whiterun Guard],000D0FF6,NPC Spine2 [Spn2],9,0.000,0.000,0.000,0.751,0.077,7.2100,23.744,-247.269,-237.372,-228.911,0.0000,0.0000,0.0000,0.039,-0.723,0.197,-,-,-,0000000000000000,-,0,0,-,ragdoll_start
50,817.611,10.9639,limb_sample,ragdoll,Lennald the Brash [Whiterun Guard],000D0FF6,NPC L UpperArm [LUar],10,0.000,0.000,0.000,0.239,0.017,2.0600,14.897,-260.236,-237.086,-213.527,0.0000,0.0000,0.0000,-0.036,-0.059,0.229,-,-,-,0000000000000000,-,0,0,-,ragdoll_start
51,817.611,10.9639,limb_sample,ragdoll,Lennald the Brash [Whiterun Guard],000D0FF6,NPC Neck [Neck],11,0.000,0.000,0.000,0.268,0.044,6.1800,8.684,-247.871,-235.804,-206.297,0.0000,0.0000,0.0000,-0.078,-0.204,0.155,-,-,-,0000000000000000,-,0,0,-,ragdoll_start
52,817.611,10.9639,limb_sample,ragdoll,Lennald the Brash [Whiterun Guard],000D0FF6,NPC R UpperArm [RUar],12,0.000,0.000,0.000,0.771,0.016,2.0600,14.897,-235.035,-237.333,-213.122,0.0000,0.0000,0.0000,0.225,0.645,0.357,-,-,-,0000000000000000,-,0,0,-,ragdoll_start
53,817.611,10.9639,limb_sample,ragdoll,Lennald the Brash [Whiterun Guard],000D0FF6,NPC Head [Head],13,0.000,0.000,0.000,0.059,0.049,4.1200,15.561,-247.914,-234.813,-197.358,0.0000,0.0000,0.0000,-0.018,-0.012,0.055,-,-,-,0000000000000000,-,0,0,-,ragdoll_start
54,817.611,10.9639,limb_sample,ragdoll,Lennald the Brash [Whiterun Guard],000D0FF6,NPC L Forearm [LLar],14,0.000,0.000,0.000,0.954,0.028,2.0600,12.007,-263.786,-241.673,-233.381,0.0000,0.0000,0.0000,0.008,0.950,-0.090,-,-,-,0000000000000000,-,0,0,-,ragdoll_start
55,817.611,10.9639,limb_sample,ragdoll,Lennald the Brash [Whiterun Guard],000D0FF6,NPC R Forearm [RLar],15,0.000,0.000,0.000,0.905,0.019,6.1800,12.007,-230.931,-238.988,-233.442,0.0000,0.0000,0.0000,0.278,0.844,0.174,-,-,-,0000000000000000,-,0,0,-,ragdoll_start
56,817.611,10.9639,limb_sample,ragdoll,Lennald the Brash [Whiterun Guard],000D0FF6,NPC L Hand [LHnd],16,0.000,0.000,0.000,1.076,0.079,4.1200,8.584,-268.627,-236.809,-248.623,0.0000,0.0000,0.0000,0.256,1.028,-0.190,-,-,-,0000000000000000,-,0,0,-,ragdoll_start
57,817.611,10.9639,limb_sample,ragdoll,Lennald the Brash [Whiterun Guard],000D0FF6,NPC R Hand [RHnd],17,0.000,0.000,0.000,0.620,0.294,4.1200,8.584,-226.466,-234.618,-249.070,0.0000,0.0000,0.0000,0.430,0.286,-0.343,-,-,-,0000000000000000,-,0,0,-,ragdoll_start
58,817.612,10.9639,listener,ragdoll,Lennald the Brash [Whiterun Guard],000D0FF6,-,-,0.000,0.000,0.000,0.000,0.000,0.0000,0.000,-311.888,-308.942,-318.000,0.3739,0.9275,0.0000,0.000,0.000,0.000,-,-,-,0000000000000000,-,0,0,-,ragdoll_start
59,817.612,10.9639,listener,ragdoll,Lennald the Brash [Whiterun Guard],000D0FF6,-,-,0.000,0.000,0.000,0.000,0.000,0.0000,0.000,-311.888,-308.942,-318.000,0.3739,0.9275,0.0000,0.000,0.000,0.000,-,-,-,0000000000000000,-,0,0,-,tick
96,851.235,10.9640,touch,ragdoll,Lennald the Brash [Whiterun Guard],000D0FF6,NPC R Thigh [RThg],2,0.000,0.000,0.000,2219.958,97.237,6.1800,21.101,0.000,0.000,0.000,0.0000,0.0000,0.0000,-1461.318,1599.733,483.340,DeadBip,-,-,000001EB3A1FFA00,1,0,0,-,
97,851.235,10.9640,touch,ragdoll,Lennald the Brash [Whiterun Guard],000D0FF6,NPC L Thigh [LThg],1,0.000,0.000,0.000,1859.423,59.134,6.1800,21.102,0.000,0.000,0.000,0.0000,0.0000,0.0000,-699.815,1565.667,718.607,DeadBip,-,-,000001EB3A1FEB00,2,0,0,-,
98,851.236,10.9640,touch,ragdoll,Lennald the Brash [Whiterun Guard],000D0FF6,NPC R Thigh [RThg],2,0.000,0.000,0.000,2219.958,97.237,6.1800,21.101,0.000,0.000,0.000,0.0000,0.0000,0.0000,-1461.318,1599.733,483.340,DeadBip,-,-,000001EB3A1FF700,5,0,0,-,
99,851.236,10.9640,touch,ragdoll,Lennald the Brash [Whiterun Guard],000D0FF6,NPC L Calf [LClf],5,0.000,0.000,0.000,3053.074,90.182,6.1800,20.265,0.000,0.000,0.000,0.0000,0.0000,0.0000,-614.857,2722.698,1236.984,DeadBip,-,-,000001EB3A1FEB00,2,0,0,-,
100,851.237,10.9640,touch,ragdoll,Lennald the Brash [Whiterun Guard],000D0FF6,NPC R Calf [RClf],4,0.000,0.000,0.000,3708.191,119.632,6.1800,20.265,0.000,0.000,0.000,0.0000,0.0000,0.0000,-1417.656,2909.885,1809.282,DeadBip,-,-,000001EB3A1FFA00,1,0,0,-,
101,851.237,10.9640,touch,ragdoll,Lennald the Brash [Whiterun Guard],000D0FF6,NPC L Thigh [LThg],1,0.000,0.000,0.000,1859.423,59.134,6.1800,21.102,0.000,0.000,0.000,0.0000,0.0000,0.0000,-699.815,1565.667,718.607,DeadBip,-,-,000001EB3A1FE800,4,0,0,-,
102,851.237,10.9640,touch,ragdoll,Lennald the Brash [Whiterun Guard],000D0FF6,NPC R Calf [RClf],4,0.000,0.000,0.000,3708.191,119.632,6.1800,20.265,0.000,0.000,0.000,0.0000,0.0000,0.0000,-1417.656,2909.885,1809.282,DeadBip,-,-,000001EB3A1FF700,5,0,0,-,
103,851.238,10.9640,touch,ragdoll,Lennald the Brash [Whiterun Guard],000D0FF6,NPC L Calf [LClf],5,0.000,0.000,0.000,3053.074,90.182,6.1800,20.265,0.000,0.000,0.000,0.0000,0.0000,0.0000,-614.857,2722.698,1236.984,DeadBip,-,-,000001EB3A1FE800,4,0,0,-,
104,851.239,10.9640,touch,ragdoll,Lennald the Brash [Whiterun Guard],000D0FF6,NPC R Foot [Rft ],8,0.000,0.000,0.000,5227.322,187.308,3.0900,10.311,0.000,0.000,0.000,0.0000,0.0000,0.0000,-1423.388,4691.975,1812.246,DeadBip,-,-,000001EB3A1FFA00,1,0,0,-,
105,851.239,10.9640,touch,ragdoll,Lennald the Brash [Whiterun Guard],000D0FF6,NPC L Thigh [LThg],1,0.000,0.000,0.000,1859.423,59.134,6.1800,21.102,0.000,0.000,0.000,0.0000,0.0000,0.0000,-699.815,1565.667,718.607,DeadBip,-,-,000001EB3A1FE500,8,0,0,-,
106,851.239,10.9640,touch,ragdoll,Lennald the Brash [Whiterun Guard],000D0FF6,NPC R Forearm [RLar],15,0.000,0.000,0.000,3964.463,98.801,6.1800,12.007,0.000,0.000,0.000,0.0000,0.0000,0.0000,-2139.322,3334.225,-152.352,DeadBip,-,-,000001EB3A1FF400,0,0,0,-,
107,851.240,10.9640,touch,ragdoll,Lennald the Brash [Whiterun Guard],000D0FF6,NPC COM [COM ],0,0.000,0.000,0.000,1515.806,58.084,51.5000,18.217,0.000,0.000,0.000,0.0000,0.0000,0.0000,-549.784,1398.381,-199.836,DeadBip,-,-,000001EB3A1FD000,15,0,0,-,
108,851.240,10.9640,touch,ragdoll,Lennald the Brash [Whiterun Guard],000D0FF6,NPC R Forearm [RLar],15,0.000,0.000,0.000,3964.463,98.801,6.1800,12.007,0.000,0.000,0.000,0.0000,0.0000,0.0000,-2139.322,3334.225,-152.352,DeadBip,-,-,000001EB3A1FE200,3,0,0,-,
109,851.241,10.9640,touch,ragdoll,Lennald the Brash [Whiterun Guard],000D0FF6,NPC Spine [Spn0],3,0.000,0.000,0.000,1912.454,154.442,4.1200,17.816,0.000,0.000,0.000,0.0000,0.0000,0.0000,-780.293,1691.869,-431.512,DeadBip,-,-,000001EB3A1FD000,15,0,0,-,
110,851.241,10.9640,touch,ragdoll,Lennald the Brash [Whiterun Guard],000D0FF6,NPC R Forearm [RLar],15,0.000,0.000,0.000,3964.463,98.801,6.1800,12.007,0.000,0.000,0.000,0.0000,0.0000,0.0000,-2139.322,3334.225,-152.352,DeadBip,-,-,000001EB3A1FDF00,6,0,0,-,
111,851.241,10.9640,touch,ragdoll,Lennald the Brash [Whiterun Guard],000D0FF6,NPC Spine1 [Spn1],6,0.000,0.000,0.000,2407.224,53.679,4.1200,19.445,0.000,0.000,0.000,0.0000,0.0000,0.0000,-864.867,2132.585,-706.267,DeadBip,-,-,000001EB3A1FD000,15,0,0,-,
112,851.242,10.9640,touch,ragdoll,Lennald the Brash [Whiterun Guard],000D0FF6,NPC R Forearm [RLar],15,0.000,0.000,0.000,3964.463,98.801,6.1800,12.007,0.000,0.000,0.000,0.0000,0.0000,0.0000,-2139.322,3334.225,-152.352,DeadBip,-,-,000001EB3A1FDC00,9,0,0,-,
113,851.242,10.9640,touch,ragdoll,Lennald the Brash [Whiterun Guard],000D0FF6,NPC Spine2 [Spn2],9,0.000,0.000,0.000,2962.377,90.144,7.2100,23.744,0.000,0.000,0.000,0.0000,0.0000,0.0000,-1027.205,2743.955,-437.313,DeadBip,-,-,000001EB3A1FD000,15,0,0,-,
114,851.243,10.9640,touch,ragdoll,Lennald the Brash [Whiterun Guard],000D0FF6,NPC R Hand [RHnd],17,0.000,0.000,0.000,3700.554,122.169,4.1200,8.584,0.000,0.000,0.000,0.0000,0.0000,0.0000,-2092.440,2988.926,618.158,DeadBip,-,-,000001EB3A1FF400,0,0,0,-,
115,851.243,10.9640,touch,ragdoll,Lennald the Brash [Whiterun Guard],000D0FF6,NPC COM [COM ],0,0.000,0.000,0.000,1515.806,58.084,51.5000,18.217,0.000,0.000,0.000,0.0000,0.0000,0.0000,-549.784,1398.381,-199.836,DeadBip,-,-,000001EB3A1FCD00,17,0,0,-,
116,851.244,10.9640,touch,ragdoll,Lennald the Brash [Whiterun Guard],000D0FF6,NPC R Hand [RHnd],17,0.000,0.000,0.000,3700.554,122.169,4.1200,8.584,0.000,0.000,0.000,0.0000,0.0000,0.0000,-2092.440,2988.926,618.158,DeadBip,-,-,000001EB3A1FE200,3,0,0,-,
117,851.244,10.9640,touch,ragdoll,Lennald the Brash [Whiterun Guard],000D0FF6,NPC Spine [Spn0],3,0.000,0.000,0.000,1912.454,154.442,4.1200,17.816,0.000,0.000,0.000,0.0000,0.0000,0.0000,-780.293,1691.869,-431.512,DeadBip,-,-,000001EB3A1FCD00,17,0,0,-,
118,851.244,10.9640,touch,ragdoll,Lennald the Brash [Whiterun Guard],000D0FF6,NPC R Hand [RHnd],17,0.000,0.000,0.000,3700.554,122.169,4.1200,8.584,0.000,0.000,0.000,0.0000,0.0000,0.0000,-2092.440,2988.926,618.158,DeadBip,-,-,000001EB3A1FDF00,6,0,0,-,
119,851.244,10.9640,touch,ragdoll,Lennald the Brash [Whiterun Guard],000D0FF6,NPC Spine1 [Spn1],6,0.000,0.000,0.000,2407.224,53.679,4.1200,19.445,0.000,0.000,0.000,0.0000,0.0000,0.0000,-864.867,2132.585,-706.267,DeadBip,-,-,000001EB3A1FCD00,17,0,0,-,
120,851.245,10.9640,touch,ragdoll,Lennald the Brash [Whiterun Guard],000D0FF6,NPC L Forearm [LLar],14,0.000,0.000,0.000,3484.380,70.437,2.0600,12.007,0.000,0.000,0.000,0.0000,0.0000,0.0000,-961.250,3327.674,-378.804,DeadBip,-,-,000001EB3A1FF400,0,0,0,-,
121,851.245,10.9640,touch,ragdoll,Lennald the Brash [Whiterun Guard],000D0FF6,NPC COM [COM ],0,0.000,0.000,0.000,1515.806,58.084,51.5000,18.217,0.000,0.000,0.000,0.0000,0.0000,0.0000,-549.784,1398.381,-199.836,DeadBip,-,-,000001EB3A1FC700,14,0,0,-,
122,851.246,10.9640,touch,ragdoll,Lennald the Brash [Whiterun Guard],000D0FF6,NPC L Forearm [LLar],14,0.000,0.000,0.000,3484.380,70.437,2.0600,12.007,0.000,0.000,0.000,0.0000,0.0000,0.0000,-961.250,3327.674,-378.804,DeadBip,-,-,000001EB3A1FFA00,1,0,0,-,
123,851.246,10.9640,touch,ragdoll,Lennald the Brash [Whiterun Guard],000D0FF6,NPC L Thigh [LThg],1,0.000,0.000,0.000,1859.423,59.134,6.1800,21.102,0.000,0.000,0.000,0.0000,0.0000,0.0000,-699.815,1565.667,718.607,DeadBip,-,-,000001EB3A1FC700,14,0,0,-,
124,851.248,10.9640,touch,ragdoll,Lennald the Brash [Whiterun Guard],000D0FF6,NPC L Hand [LHnd],16,0.000,0.000,0.000,3193.703,87.299,4.1200,8.584,0.000,0.000,0.000,0.0000,0.0000,0.0000,-271.671,3152.440,-433.650,DeadBip,-,-,000001EB3A1FF400,0,0,0,-,
125,851.248,10.9640,touch,ragdoll,Lennald the Brash [Whiterun Guard],000D0FF6,NPC COM [COM ],0,0.000,0.000,0.000,1515.806,58.084,51.5000,18.217,0.000,0.000,0.000,0.0000,0.0000,0.0000,-549.784,1398.381,-199.836,DeadBip,-,-,000001EB3A1FC400,16,0,0,-,
126,851.248,10.9640,touch,ragdoll,Lennald the Brash [Whiterun Guard],000D0FF6,NPC L Hand [LHnd],16,0.000,0.000,0.000,3193.703,87.299,4.1200,8.584,0.000,0.000,0.000,0.0000,0.0000,0.0000,-271.671,3152.440,-433.650,DeadBip,-,-,000001EB3A1FFA00,1,0,0,-,
127,851.249,10.9640,touch,ragdoll,Lennald the Brash [Whiterun Guard],000D0FF6,NPC L Thigh [LThg],1,0.000,0.000,0.000,1859.423,59.134,6.1800,21.102,0.000,0.000,0.000,0.0000,0.0000,0.0000,-699.815,1565.667,718.607,DeadBip,-,-,000001EB3A1FC400,16,0,0,-,
128,851.454,10.9640,impact,ragdoll,Lennald the Brash [Whiterun Guard],000D0FF6,NPC R Thigh [RThg],2,382.682,382.682,1350.050,2217.636,97.186,6.1800,21.101,-300.806,-103.634,-260.914,-0.6269,0.5319,0.5692,-1459.789,1598.060,482.834,DeadBip,Skin,shape,000001EB3A1FFA00,1,1,0,-,
129,851.468,10.9640,impact,ragdoll,Lennald the Brash [Whiterun Guard],000D0FF6,NPC L Thigh [LThg],1,382.682,-382.682,1350.050,1857.478,59.103,6.1800,21.102,-300.806,-103.634,-260.914,-0.6269,0.5319,0.5692,-699.083,1564.030,717.856,DeadBip,Skin,shape,000001EB3A1FEB00,2,1,0,-,
130,851.470,10.9640,impact,ragdoll,Lennald the Brash [Whiterun Guard],000D0FF6,NPC R Thigh [RThg],2,366.677,366.677,1376.885,2217.636,97.186,6.1800,21.101,-302.604,-96.978,-269.907,-0.4946,0.3078,0.8128,-1459.789,1598.060,482.834,DeadBip,Skin,shape,000001EB3A1FFA00,1,0,1,-,
131,851.470,10.9640,impact,ragdoll,Lennald the Brash [Whiterun Guard],000D0FF6,NPC L Thigh [LThg],1,366.677,-366.677,1376.885,1857.478,59.103,6.1800,21.102,-302.604,-96.978,-269.907,-0.4946,0.3078,0.8128,-699.083,1564.030,717.856,DeadBip,Skin,shape,000001EB3A1FEB00,2,0,1,-,
132,851.471,10.9640,impact,ragdoll,Lennald the Brash [Whiterun Guard],000D0FF6,NPC R Thigh [RThg],2,397.944,397.944,1719.654,2217.636,97.186,6.1800,21.101,-303.070,-93.372,-275.404,-0.4966,0.3064,0.8121,-1459.789,1598.060,482.834,DeadBip,Skin,shape,000001EB3A1FF700,5,1,1,-,
133,851.471,10.9640,impact,ragdoll,Lennald the Brash [Whiterun Guard],000D0FF6,NPC L Calf [LClf],5,397.944,-397.944,1719.654,3049.880,90.135,6.1800,20.265,-303.070,-93.372,-275.404,-0.4966,0.3064,0.8121,-614.214,2719.850,1235.690,DeadBip,Skin,shape,000001EB3A1FEB00,2,1,1,-,
134,851.477,10.9640,impact,ragdoll,Lennald the Brash [Whiterun Guard],000D0FF6,NPC L Forearm [LLar],14,468.678,468.678,1060.943,3480.735,70.400,2.0600,12.007,-286.469,-113.763,-254.884,0.9875,-0.1151,-0.1077,-960.244,3324.193,-378.408,DeadBip,-,-,000001EB3A1FF400,0,1,1,-,
135,851.477,10.9640,impact,ragdoll,Lennald the Brash [Whiterun Guard],000D0FF6,NPC COM [COM ],0,468.678,-468.678,1060.943,1514.220,58.054,51.5000,18.217,-286.469,-113.763,-254.884,0.9875,-0.1151,-0.1077,-549.209,1396.919,-199.627,DeadBip,Skin,shape,000001EB3A1FC700,14,1,1,-,
136,851.477,10.9640,impact,ragdoll,Lennald the Brash [Whiterun Guard],000D0FF6,NPC L Forearm [LLar],14,514.952,514.952,1451.637,3480.735,70.400,2.0600,12.007,-287.585,-114.222,-257.626,0.9811,-0.1908,0.0318,-960.244,3324.193,-378.408,DeadBip,Skin,shape,000001EB3A1FFA00,1,1,1,-,
137,851.477,10.9640,impact,ragdoll,Lennald the Brash [Whiterun Guard],000D0FF6,NPC L Thigh [LThg],1,514.952,-514.952,1451.637,1857.478,59.103,6.1800,21.102,-287.585,-114.222,-257.626,0.9811,-0.1908,0.0318,-699.083,1564.030,717.856,DeadBip,Skin,shape,000001EB3A1FC700,14,1,1,-,
138,851.480,10.9640,impact,ragdoll,Lennald the Brash [Whiterun Guard],000D0FF6,NPC L Hand [LHnd],16,412.601,412.601,928.559,3190.362,87.253,4.1200,8.584,-288.308,-116.584,-258.085,0.7922,-0.4147,-0.4477,-271.387,3149.142,-433.197,DeadBip,-,-,000001EB3A1FF400,0,1,1,-,
139,851.480,10.9640,impact,ragdoll,Lennald the Brash [Whiterun Guard],000D0FF6,NPC COM [COM ],0,412.601,-412.601,928.559,1514.220,58.054,51.5000,18.217,-288.308,-116.584,-258.085,0.7922,-0.4147,-0.4477,-549.209,1396.919,-199.627,DeadBip,Skin,shape,000001EB3A1FC400,16,1,1,-,
140,851.481,10.9640,impact,ragdoll,Lennald the Brash [Whiterun Guard],000D0FF6,NPC L Hand [LHnd],16,355.223,355.223,1149.767,3190.362,87.253,4.1200,8.584,-288.593,-116.171,-259.852,0.8390,-0.4654,-0.2819,-271.387,3149.142,-433.197,DeadBip,Skin,shape,000001EB3A1FFA00,1,1,1,-,
141,851.481,10.9640,impact,ragdoll,Lennald the Brash [Whiterun Guard],000D0FF6,NPC L Thigh [LThg],1,355.223,-355.223,1149.767,1857.478,59.103,6.1800,21.102,-288.593,-116.171,-259.852,0.8390,-0.4654,-0.2819,-699.083,1564.030,717.856,DeadBip,Skin,shape,000001EB3A1FC400,16,1,1,-,
174,851.689,10.9640,separate,ragdoll,Lennald the Brash [Whiterun Guard],000D0FF6,NPC R Thigh [RThg],2,0.000,0.000,0.000,1705.487,59.079,6.1800,21.101,0.000,0.000,0.000,0.0000,0.0000,0.0000,-796.375,1266.186,819.297,DeadBip,-,-,000001EB3A1FF700,5,0,0,-,
175,851.689,10.9640,separate,ragdoll,Lennald the Brash [Whiterun Guard],000D0FF6,NPC L Calf [LClf],5,0.000,0.000,0.000,3132.646,90.624,6.1800,20.265,0.000,0.000,0.000,0.0000,0.0000,0.0000,-473.050,3023.873,667.750,DeadBip,-,-,000001EB3A1FEB00,2,0,0,-,
176,851.689,10.9640,separate,ragdoll,Lennald the Brash [Whiterun Guard],000D0FF6,NPC R Calf [RClf],4,0.000,0.000,0.000,3497.805,126.265,6.1800,20.265,0.000,0.000,0.000,0.0000,0.0000,0.0000,-1117.546,2655.644,1983.250,DeadBip,-,-,000001EB3A1FFA00,1,0,0,-,
177,851.689,10.9640,separate,ragdoll,Lennald the Brash [Whiterun Guard],000D0FF6,NPC L Thigh [LThg],1,0.000,0.000,0.000,2084.658,52.816,6.1800,21.102,0.000,0.000,0.000,0.0000,0.0000,0.0000,-273.990,2064.828,-84.939,DeadBip,-,-,000001EB3A1FE800,4,0,0,-,
178,851.689,10.9640,separate,ragdoll,Lennald the Brash [Whiterun Guard],000D0FF6,NPC R Calf [RClf],4,0.000,0.000,0.000,3497.805,126.265,6.1800,20.265,0.000,0.000,0.000,0.0000,0.0000,0.0000,-1117.546,2655.644,1983.250,DeadBip,-,-,000001EB3A1FF700,5,0,0,-,
179,851.689,10.9640,separate,ragdoll,Lennald the Brash [Whiterun Guard],000D0FF6,NPC L Calf [LClf],5,0.000,0.000,0.000,3132.646,90.624,6.1800,20.265,0.000,0.000,0.000,0.0000,0.0000,0.0000,-473.050,3023.873,667.750,DeadBip,-,-,000001EB3A1FE800,4,0,0,-,
180,851.690,10.9640,separate,ragdoll,Lennald the Brash [Whiterun Guard],000D0FF6,NPC R Foot [Rft ],8,0.000,0.000,0.000,4666.409,187.597,3.0900,10.311,0.000,0.000,0.000,0.0000,0.0000,0.0000,-1688.669,4179.034,1208.078,DeadBip,-,-,000001EB3A1FFA00,1,0,0,-,
181,851.690,10.9640,separate,ragdoll,Lennald the Brash [Whiterun Guard],000D0FF6,NPC L Thigh [LThg],1,0.000,0.000,0.000,2084.658,52.816,6.1800,21.102,0.000,0.000,0.000,0.0000,0.0000,0.0000,-273.990,2064.828,-84.939,DeadBip,-,-,000001EB3A1FE500,8,0,0,-,
182,851.690,10.9640,separate,ragdoll,Lennald the Brash [Whiterun Guard],000D0FF6,NPC R Forearm [RLar],15,0.000,0.000,0.000,3789.286,149.798,6.1800,12.007,0.000,0.000,0.000,0.0000,0.0000,0.0000,-2300.468,2979.577,-434.351,DeadBip,-,-,000001EB3A1FF400,0,0,0,-,
183,851.691,10.9640,separate,ragdoll,Lennald the Brash [Whiterun Guard],000D0FF6,NPC COM [COM ],0,0.000,0.000,0.000,1740.384,57.497,51.5000,18.217,0.000,0.000,0.000,0.0000,0.0000,0.0000,-726.185,1579.337,-85.346,DeadBip,-,-,000001EB3A1FD000,15,0,0,-,
184,851.692,10.9640,touch,ragdoll,Lennald the Brash [Whiterun Guard],000D0FF6,NPC R Forearm [RLar],15,0.000,0.000,0.000,3789.286,149.798,6.1800,12.007,0.000,0.000,0.000,0.0000,0.0000,0.0000,-2300.468,2979.577,-434.351,DeadBip,-,-,000001EB3A1FEB00,2,0,0,-,
185,851.692,10.9640,touch,ragdoll,Lennald the Brash [Whiterun Guard],000D0FF6,NPC R Thigh [RThg],2,0.000,0.000,0.000,1705.487,59.079,6.1800,21.101,0.000,0.000,0.000,0.0000,0.0000,0.0000,-796.375,1266.186,819.297,DeadBip,-,-,000001EB3A1FD000,15,0,0,-,
186,851.692,10.9640,separate,ragdoll,Lennald the Brash [Whiterun Guard],000D0FF6,NPC R Forearm [RLar],15,0.000,0.000,0.000,3789.286,149.798,6.1800,12.007,0.000,0.000,0.000,0.0000,0.0000,0.0000,-2300.468,2979.577,-434.351,DeadBip,-,-,000001EB3A1FE200,3,0,0,-,
187,851.692,10.9640,separate,ragdoll,Lennald the Brash [Whiterun Guard],000D0FF6,NPC Spine [Spn0],3,0.000,0.000,0.000,2055.081,105.208,4.1200,17.816,0.000,0.000,0.000,0.0000,0.0000,0.0000,-1062.922,1757.305,-73.689,DeadBip,-,-,000001EB3A1FD000,15,0,0,-,
188,851.693,10.9640,separate,ragdoll,Lennald the Brash [Whiterun Guard],000D0FF6,NPC R Hand [RHnd],17,0.000,0.000,0.000,3768.677,123.108,4.1200,8.584,0.000,0.000,0.000,0.0000,0.0000,0.0000,-1979.129,3165.756,513.772,DeadBip,-,-,000001EB3A1FF400,0,0,0,-,
189,851.693,10.9640,separate,ragdoll,Lennald the Brash [Whiterun Guard],000D0FF6,NPC COM [COM ],0,0.000,0.000,0.000,1740.384,57.497,51.5000,18.217,0.000,0.000,0.000,0.0000,0.0000,0.0000,-726.185,1579.337,-85.346,DeadBip,-,-,000001EB3A1FCD00,17,0,0,-,
190,851.693,10.9640,separate,ragdoll,Lennald the Brash [Whiterun Guard],000D0FF6,NPC R Hand [RHnd],17,0.000,0.000,0.000,3768.677,123.108,4.1200,8.584,0.000,0.000,0.000,0.0000,0.0000,0.0000,-1979.129,3165.756,513.772,DeadBip,-,-,000001EB3A1FE200,3,0,0,-,
191,851.693,10.9640,separate,ragdoll,Lennald the Brash [Whiterun Guard],000D0FF6,NPC Spine [Spn0],3,0.000,0.000,0.000,2055.081,105.208,4.1200,17.816,0.000,0.000,0.000,0.0000,0.0000,0.0000,-1062.922,1757.305,-73.689,DeadBip,-,-,000001EB3A1FCD00,17,0,0,-,
192,851.694,10.9640,separate,ragdoll,Lennald the Brash [Whiterun Guard],000D0FF6,NPC R Hand [RHnd],17,0.000,0.000,0.000,3768.677,123.108,4.1200,8.584,0.000,0.000,0.000,0.0000,0.0000,0.0000,-1979.129,3165.756,513.772,DeadBip,-,-,000001EB3A1FDF00,6,0,0,-,
193,851.694,10.9640,separate,ragdoll,Lennald the Brash [Whiterun Guard],000D0FF6,NPC Spine1 [Spn1],6,0.000,0.000,0.000,2140.868,87.466,4.1200,19.445,0.000,0.000,0.000,0.0000,0.0000,0.0000,-1046.585,1830.750,-369.233,DeadBip,-,-,000001EB3A1FCD00,17,0,0,-,
194,851.695,10.9640,separate,ragdoll,Lennald the Brash [Whiterun Guard],000D0FF6,NPC L Forearm [LLar],14,0.000,0.000,0.000,2673.755,71.056,2.0600,12.007,0.000,0.000,0.000,0.0000,0.0000,0.0000,-512.332,2620.739,-134.947,DeadBip,-,-,000001EB3A1FF400,0,0,0,-,
195,851.695,10.9640,separate,ragdoll,Lennald the Brash [Whiterun Guard],000D0FF6,NPC COM [COM ],0,0.000,0.000,0.000,1740.384,57.497,51.5000,18.217,0.000,0.000,0.000,0.0000,0.0000,0.0000,-726.185,1579.337,-85.346,DeadBip,-,-,000001EB3A1FC700,14,0,0,-,
196,851.695,10.9640,separate,ragdoll,Lennald the Brash [Whiterun Guard],000D0FF6,NPC L Forearm [LLar],14,0.000,0.000,0.000,2673.755,71.056,2.0600,12.007,0.000,0.000,0.000,0.0000,0.0000,0.0000,-512.332,2620.739,-134.947,DeadBip,-,-,000001EB3A1FFA00,1,0,0,-,
197,851.695,10.9640,separate,ragdoll,Lennald the Brash [Whiterun Guard],000D0FF6,NPC L Thigh [LThg],1,0.000,0.000,0.000,2084.658,52.816,6.1800,21.102,0.000,0.000,0.000,0.0000,0.0000,0.0000,-273.990,2064.828,-84.939,DeadBip,-,-,000001EB3A1FC700,14,0,0,-,
198,851.696,10.9640,separate,ragdoll,Lennald the Brash [Whiterun Guard],000D0FF6,NPC L Hand [LHnd],16,0.000,0.000,0.000,3145.893,90.191,4.1200,8.584,0.000,0.000,0.000,0.0000,0.0000,0.0000,98.036,3140.740,-150.942,DeadBip,-,-,000001EB3A1FF400,0,0,0,-,
199,851.696,10.9640,separate,ragdoll,Lennald the Brash [Whiterun Guard],000D0FF6,NPC COM [COM ],0,0.000,0.000,0.000,1740.384,57.497,51.5000,18.217,0.000,0.000,0.000,0.0000,0.0000,0.0000,-726.185,1579.337,-85.346,DeadBip,-,-,000001EB3A1FC400,16,0,0,-,
200,851.696,10.9640,separate,ragdoll,Lennald the Brash [Whiterun Guard],000D0FF6,NPC L Hand [LHnd],16,0.000,0.000,0.000,3145.893,90.191,4.1200,8.584,0.000,0.000,0.000,0.0000,0.0000,0.0000,98.036,3140.740,-150.942,DeadBip,-,-,000001EB3A1FFA00,1,0,0,-,
201,851.696,10.9640,separate,ragdoll,Lennald the Brash [Whiterun Guard],000D0FF6,NPC L Thigh [LThg],1,0.000,0.000,0.000,2084.658,52.816,6.1800,21.102,0.000,0.000,0.000,0.0000,0.0000,0.0000,-273.990,2064.828,-84.939,DeadBip,-,-,000001EB3A1FC400,16,0,0,-,
224,861.187,10.9640,state,ragdoll,Lennald the Brash [Whiterun Guard],000D0FF6,-,-,0.000,0.000,0.000,0.000,0.000,0.0000,0.000,0.000,0.000,0.000,0.0000,0.0000,0.0000,0.000,0.000,0.000,-,-,-,0000000000000000,-,0,0,-,knock_explode
225,861.188,10.9640,listener,ragdoll,Lennald the Brash [Whiterun Guard],000D0FF6,-,-,0.000,0.000,0.000,0.000,0.000,0.0000,0.000,-311.888,-308.942,-318.000,0.3680,0.9298,0.0000,0.000,0.000,0.000,-,-,-,0000000000000000,-,0,0,-,knock_explode
226,871.119,10.9640,impact,ragdoll,Lennald the Brash [Whiterun Guard],000D0FF6,NPC R Forearm [RLar],15,1024.809,1024.809,3372.802,3785.322,149.720,6.1800,12.007,-329.332,-68.311,-249.013,-0.4767,-0.0437,0.8780,-2298.062,2976.460,-433.896,DeadBip,Skin,shape,000001EB3A1FEB00,2,1,1,-,
227,871.120,10.9640,impact,ragdoll,Lennald the Brash [Whiterun Guard],000D0FF6,NPC R Thigh [RThg],2,1024.809,-1024.809,3372.802,1703.703,59.048,6.1800,21.101,-329.332,-68.311,-249.013,-0.4767,-0.0437,0.8780,-795.542,1264.861,818.440,DeadBip,Skin,shape,000001EB3A1FD000,15,1,1,-,
228,871.353,10.9640,separate,ragdoll,Lennald the Brash [Whiterun Guard],000D0FF6,NPC R Forearm [RLar],15,0.000,0.000,0.000,3539.002,51.956,6.1800,12.007,0.000,0.000,0.000,0.0000,0.0000,0.0000,-2049.920,2881.386,141.344,DeadBip,-,-,000001EB3A1FEB00,2,0,0,-,
229,871.353,10.9640,separate,ragdoll,Lennald the Brash [Whiterun Guard],000D0FF6,NPC R Thigh [RThg],2,0.000,0.000,0.000,1919.957,14.613,6.1800,21.101,0.000,0.000,0.000,0.0000,0.0000,0.0000,-518.151,1776.640,511.180,DeadBip,-,-,000001EB3A1FD000,15,0,0,-,
230,871.354,10.9640,separate,ragdoll,Lennald the Brash [Whiterun Guard],000D0FF6,NPC R Forearm [RLar],15,0.000,0.000,0.000,3539.002,51.956,6.1800,12.007,0.000,0.000,0.000,0.0000,0.0000,0.0000,-2049.920,2881.386,141.344,DeadBip,-,-,000001EB3A1FDF00,6,0,0,-,
231,871.354,10.9640,separate,ragdoll,Lennald the Brash [Whiterun Guard],000D0FF6,NPC Spine1 [Spn1],6,0.000,0.000,0.000,2258.278,91.369,4.1200,19.445,0.000,0.000,0.000,0.0000,0.0000,0.0000,-1067.333,1985.809,-131.084,DeadBip,-,-,000001EB3A1FD000,15,0,0,-,
232,871.355,10.9640,separate,ragdoll,Lennald the Brash [Whiterun Guard],000D0FF6,NPC R Forearm [RLar],15,0.000,0.000,0.000,3539.002,51.956,6.1800,12.007,0.000,0.000,0.000,0.0000,0.0000,0.0000,-2049.920,2881.386,141.344,DeadBip,-,-,000001EB3A1FDC00,9,0,0,-,
233,871.355,10.9640,separate,ragdoll,Lennald the Brash [Whiterun Guard],000D0FF6,NPC Spine2 [Spn2],9,0.000,0.000,0.000,3019.403,88.173,7.2100,23.744,0.000,0.000,0.000,0.0000,0.0000,0.0000,-1403.392,2515.720,-904.677,DeadBip,-,-,000001EB3A1FD000,15,0,0,-,
234,871.358,10.9640,touch,ragdoll,Lennald the Brash [Whiterun Guard],000D0FF6,NPC L Forearm [LLar],14,0.000,0.000,0.000,2839.308,58.458,2.0600,12.007,0.000,0.000,0.000,0.0000,0.0000,0.0000,-399.436,2773.849,-455.941,DeadBip,-,-,000001EB3A1FFA00,1,0,0,-,
235,871.358,10.9640,touch,ragdoll,Lennald the Brash [Whiterun Guard],000D0FF6,NPC L Thigh [LThg],1,0.000,0.000,0.000,2432.318,78.527,6.1800,21.102,0.000,0.000,0.000,0.0000,0.0000,0.0000,-151.958,2404.878,331.117,DeadBip,-,-,000001EB3A1FC700,14,0,0,-,
236,871.562,10.9640,impact,ragdoll,Lennald the Brash [Whiterun Guard],000D0FF6,NPC L Forearm [LLar],14,1261.938,1261.938,1474.480,2836.338,58.428,2.0600,12.007,-298.019,-55.570,-260.249,0.6390,0.2558,0.7255,-399.019,2770.948,-455.464,DeadBip,Skin,shape,000001EB3A1FFA00,1,1,1,-,
237,871.562,10.9640,impact,ragdoll,Lennald the Brash [Whiterun Guard],000D0FF6,NPC L Thigh [LThg],1,1261.938,-1261.938,1474.480,2429.774,78.486,6.1800,21.102,-298.019,-55.570,-260.249,0.6390,0.2558,0.7255,-151.799,2402.363,330.771,DeadBip,Skin,shape,000001EB3A1FC700,14,1,1,-,
239,882.397,10.9641,listener,ragdoll,Lennald the Brash [Whiterun Guard],000D0FF6,-,-,0.000,0.000,0.000,0.000,0.000,0.0000,0.000,-311.888,-308.942,-318.000,0.3635,0.9316,0.0000,0.000,0.000,0.000,-,-,-,0000000000000000,-,0,0,-,tick
240,891.870,10.9641,separate,ragdoll,Lennald the Brash [Whiterun Guard],000D0FF6,NPC L Forearm [LLar],14,0.000,0.000,0.000,3110.868,126.878,2.0600,12.007,0.000,0.000,0.000,0.0000,0.0000,0.0000,-1169.102,2863.716,-331.406,DeadBip,-,-,000001EB3A1FFA00,1,0,0,-,
241,891.870,10.9641,separate,ragdoll,Lennald the Brash [Whiterun Guard],000D0FF6,NPC L Thigh [LThg],1,0.000,0.000,0.000,2360.782,42.337,6.1800,21.102,0.000,0.000,0.000,0.0000,0.0000,0.0000,-1018.723,2117.404,228.249,DeadBip,-,-,000001EB3A1FC700,14,0,0,-,
248,911.782,10.9642,touch,ragdoll,Lennald the Brash [Whiterun Guard],000D0FF6,NPC L Hand [LHnd],16,0.000,0.000,0.000,3473.938,37.310,4.1200,8.584,0.000,0.000,0.000,0.0000,0.0000,0.0000,-2045.746,2807.698,0.158,DeadBip,-,-,000001EB3A1FEE00,7,0,0,-,
249,911.783,10.9642,touch,ragdoll,Lennald the Brash [Whiterun Guard],000D0FF6,NPC L Foot [Lft ],7,0.000,0.000,0.000,2008.905,76.473,3.0900,10.311,0.000,0.000,0.000,0.0000,0.0000,0.0000,-846.304,1815.870,148.609,DeadBip,-,-,000001EB3A1FC400,16,0,0,-,
250,911.785,10.9642,touch,ragdoll,Lennald the Brash [Whiterun Guard],000D0FF6,NPC L Hand [LHnd],16,0.000,0.000,0.000,3473.938,37.310,4.1200,8.584,0.000,0.000,0.000,0.0000,0.0000,0.0000,-2045.746,2807.698,0.158,DeadBip,-,-,000001EB3A1FF700,5,0,0,-,
251,911.785,10.9642,touch,ragdoll,Lennald the Brash [Whiterun Guard],000D0FF6,NPC L Calf [LClf],5,0.000,0.000,0.000,2343.093,35.159,6.1800,20.265,0.000,0.000,0.000,0.0000,0.0000,0.0000,-1121.862,2031.674,322.199,DeadBip,-,-,000001EB3A1FC400,16,0,0,-,
252,911.994,10.9642,impact,ragdoll,Lennald the Brash [Whiterun Guard],000D0FF6,NPC R Thigh [RThg],2,280.160,280.160,1478.454,2464.299,92.441,6.1800,21.101,-344.762,33.537,-237.782,-0.4090,-0.8151,0.4103,-947.646,2260.769,252.310,DeadBip,Skin,shape,000001EB3A1FFA00,1,0,1,-,
253,911.994,10.9642,impact,ragdoll,Lennald the Brash [Whiterun Guard],000D0FF6,NPC L Thigh [LThg],1,280.160,-280.160,1478.454,2529.211,29.263,6.1800,21.102,-344.762,33.537,-237.782,-0.4090,-0.8151,0.4103,-1115.706,2260.311,207.611,DeadBip,Skin,shape,000001EB3A1FEB00,2,0,1,-,
254,911.998,10.9642,impact,ragdoll,Lennald the Brash [Whiterun Guard],000D0FF6,NPC L Hand [LHnd],16,541.413,541.413,1618.912,3470.333,37.291,4.1200,8.584,-331.717,68.713,-251.143,0.8197,0.3633,-0.4429,-2043.623,2804.785,0.157,DeadBip,Skin,shape,000001EB3A1FF700,5,1,1,-,
255,911.999,10.9642,impact,ragdoll,Lennald the Brash [Whiterun Guard],000D0FF6,NPC L Calf [LClf],5,541.413,-541.413,1618.912,2340.661,35.141,6.1800,20.265,-331.717,68.713,-251.143,0.8197,0.3633,-0.4429,-1120.697,2029.565,321.864,DeadBip,Skin,shape,000001EB3A1FC400,16,1,1,-,
256,912.000,10.9642,impact,ragdoll,Lennald the Brash [Whiterun Guard],000D0FF6,NPC L Hand [LHnd],16,1378.729,1378.729,672.148,3470.333,37.291,4.1200,8.584,-330.155,73.605,-257.095,0.9849,-0.1089,0.1343,-2043.623,2804.785,0.157,DeadBip,Skin,shape,000001EB3A1FEE00,7,1,1,-,
257,912.000,10.9642,impact,ragdoll,Lennald the Brash [Whiterun Guard],000D0FF6,NPC L Foot [Lft ],7,1378.729,-1378.729,672.148,2006.820,76.433,3.0900,10.311,-330.155,73.605,-257.095,0.9849,-0.1089,0.1343,-845.426,1813.986,148.455,DeadBip,Skin,shape,000001EB3A1FC400,16,1,1,-,
260,912.210,10.9642,separate,ragdoll,Lennald the Brash [Whiterun Guard],000D0FF6,NPC L Hand [LHnd],16,0.000,0.000,0.000,2980.614,34.202,4.1200,8.584,0.000,0.000,0.000,0.0000,0.0000,0.0000,-1555.391,2539.142,-132.559,DeadBip,-,-,000001EB3A1FEE00,7,0,0,-,
261,912.210,10.9642,separate,ragdoll,Lennald the Brash [Whiterun Guard],000D0FF6,NPC L Foot [Lft ],7,0.000,0.000,0.000,2459.962,104.808,3.0900,10.311,0.000,0.000,0.000,0.0000,0.0000,0.0000,-1567.479,1863.509,348.933,DeadBip,-,-,000001EB3A1FC400,16,0,0,-,
262,912.213,10.9642,separate,ragdoll,Lennald the Brash [Whiterun Guard],000D0FF6,NPC L Hand [LHnd],16,0.000,0.000,0.000,2980.614,34.202,4.1200,8.584,0.000,0.000,0.000,0.0000,0.0000,0.0000,-1555.391,2539.142,-132.559,DeadBip,-,-,000001EB3A1FF700,5,0,0,-,
263,912.213,10.9642,separate,ragdoll,Lennald the Brash [Whiterun Guard],000D0FF6,NPC L Calf [LClf],5,0.000,0.000,0.000,2586.058,3.167,6.1800,20.265,0.000,0.000,0.000,0.0000,0.0000,0.0000,-1256.195,2251.668,199.149,DeadBip,-,-,000001EB3A1FC400,16,0,0,-,
264,912.216,10.9642,touch,ragdoll,Lennald the Brash [Whiterun Guard],000D0FF6,NPC L Forearm [LLar],14,0.000,0.000,0.000,3090.102,16.066,2.0600,12.007,0.000,0.000,0.000,0.0000,0.0000,0.0000,-1588.937,2650.042,35.873,DeadBip,-,-,000001EB3A1FDC00,9,0,0,-,
265,912.216,10.9642,touch,ragdoll,Lennald the Brash [Whiterun Guard],000D0FF6,NPC Spine2 [Spn2],9,0.000,0.000,0.000,2471.801,38.344,7.2100,23.744,0.000,0.000,0.000,0.0000,0.0000,0.0000,-658.291,2359.408,-331.131,DeadBip,-,-,000001EB3A1FC700,14,0,0,-,
267,920.237,10.9642,listener,ragdoll,Lennald the Brash [Whiterun Guard],000D0FF6,-,-,0.000,0.000,0.000,0.000,0.000,0.0000,0.000,-311.888,-308.942,-318.000,0.3583,0.9336,0.0000,0.000,0.000,0.000,-,-,-,0000000000000000,-,0,0,-,tick
268,931.459,10.9642,impact,ragdoll,Lennald the Brash [Whiterun Guard],000D0FF6,NPC L Forearm [LLar],14,512.717,512.717,1241.381,3086.920,16.057,2.0600,12.007,-360.410,81.923,-265.487,0.8195,0.5566,0.1362,-1587.301,2647.314,35.836,DeadBip,Skin,shape,000001EB3A1FDC00,9,1,1,-,
269,931.460,10.9642,impact,ragdoll,Lennald the Brash [Whiterun Guard],000D0FF6,NPC Spine2 [Spn2],9,512.717,-512.717,1241.381,2469.257,38.325,7.2100,23.744,-360.410,81.923,-265.487,0.8195,0.5566,0.1362,-657.613,2356.979,-330.790,DeadBip,Skin,shape,000001EB3A1FC700,14,1,1,-,
278,931.675,10.9642,separate,ragdoll,Lennald the Brash [Whiterun Guard],000D0FF6,NPC L Forearm [LLar],14,0.000,0.000,0.000,2850.492,60.826,2.0600,12.007,0.000,0.000,0.000,0.0000,0.0000,0.0000,-1094.503,2606.969,-362.048,DeadBip,-,-,000001EB3A1FDC00,9,0,0,-,
279,931.675,10.9642,separate,ragdoll,Lennald the Brash [Whiterun Guard],000D0FF6,NPC Spine2 [Spn2],9,0.000,0.000,0.000,2219.958,14.389,7.2100,23.744,0.000,0.000,0.000,0.0000,0.0000,0.0000,-818.630,2057.709,-154.574,DeadBip,-,-,000001EB3A1FC700,14,0,0,-,
280,932.012,10.9642,touch,ragdoll,Lennald the Brash [Whiterun Guard],000D0FF6,NPC L Forearm [LLar],14,0.000,0.000,0.000,2595.546,35.273,2.0600,12.007,0.000,0.000,0.000,0.0000,0.0000,0.0000,-1327.087,2192.431,-411.035,DeadBip,-,-,000001EB3A1FDC00,9,0,0,-,
281,932.012,10.9642,touch,ragdoll,Lennald the Brash [Whiterun Guard],000D0FF6,NPC Spine2 [Spn2],9,0.000,0.000,0.000,2278.199,10.037,7.2100,23.744,0.000,0.000,0.000,0.0000,0.0000,0.0000,-753.873,2149.286,-49.326,DeadBip,-,-,000001EB3A1FC700,14,0,0,-,
283,941.361,10.9643,listener,ragdoll,Lennald the Brash [Whiterun Guard],000D0FF6,-,-,0.000,0.000,0.000,0.000,0.000,0.0000,0.000,-311.888,-308.942,-318.000,0.3523,0.9359,0.0000,0.000,0.000,0.000,-,-,-,0000000000000000,-,0,0,-,tick
284,951.056,10.9643,impact,ragdoll,Lennald the Brash [Whiterun Guard],000D0FF6,NPC L Forearm [LLar],14,259.399,259.399,147.595,2592.875,35.255,2.0600,12.007,-380.387,129.396,-271.717,0.5218,0.8487,-0.0861,-1325.721,2190.174,-410.612,DeadBip,Skin,shape,000001EB3A1FDC00,9,1,1,-,
285,951.056,10.9643,impact,ragdoll,Lennald the Brash [Whiterun Guard],000D0FF6,NPC Spine2 [Spn2],9,259.399,-259.399,147.595,2275.854,10.032,7.2100,23.744,-380.387,129.396,-271.717,0.5218,0.8487,-0.0861,-753.097,2147.074,-49.275,DeadBip,Skin,shape,000001EB3A1FC700,14,1,1,-,
286,951.258,10.9643,separate,ragdoll,Lennald the Brash [Whiterun Guard],000D0FF6,NPC L Forearm [LLar],14,0.000,0.000,0.000,2607.650,39.106,2.0600,12.007,0.000,0.000,0.000,0.0000,0.0000,0.0000,-1136.294,2283.777,-541.327,DeadBip,-,-,000001EB3A1FDC00,9,0,0,-,
287,951.258,10.9643,separate,ragdoll,Lennald the Brash [Whiterun Guard],000D0FF6,NPC Spine2 [Spn2],9,0.000,0.000,0.000,2316.444,22.532,7.2100,23.744,0.000,0.000,0.000,0.0000,0.0000,0.0000,-835.039,2160.578,-22.901,DeadBip,-,-,000001EB3A1FC700,14,0,0,-,
292,951.586,10.9643,touch,ragdoll,Lennald the Brash [Whiterun Guard],000D0FF6,NPC L Forearm [LLar],14,0.000,0.000,0.000,2405.653,50.397,2.0600,12.007,0.000,0.000,0.000,0.0000,0.0000,0.0000,-1346.797,1964.872,-335.539,DeadBip,-,-,000001EB3A1FDC00,9,0,0,-,
293,951.586,10.9643,touch,ragdoll,Lennald the Brash [Whiterun Guard],000D0FF6,NPC Spine2 [Spn2],9,0.000,0.000,0.000,2412.890,22.754,7.2100,23.744,0.000,0.000,0.000,0.0000,0.0000,0.0000,-878.110,2247.434,0.318,DeadBip,-,-,000001EB3A1FC700,14,0,0,-,
294,968.157,10.9643,impact,ragdoll,Lennald the Brash [Whiterun Guard],000D0FF6,NPC L Forearm [LLar],14,231.438,231.438,76.632,2403.238,50.371,2.0600,12.007,-400.341,174.099,-276.277,0.2679,0.8491,-0.4553,-1345.444,1962.898,-335.202,DeadBip,Skin,shape,000001EB3A1FDC00,9,1,1,-,
295,968.157,10.9643,impact,ragdoll,Lennald the Brash [Whiterun Guard],000D0FF6,NPC Spine2 [Spn2],9,231.438,-231.438,76.632,2410.466,22.742,7.2100,23.744,-400.341,174.099,-276.277,0.2679,0.8491,-0.4553,-877.228,2245.177,0.318,DeadBip,Skin,shape,000001EB3A1FC700,14,1,1,-,
298,968.706,10.9643,touch,ragdoll,Lennald the Brash [Whiterun Guard],000D0FF6,NPC L Forearm [LLar],14,0.000,0.000,0.000,2032.102,49.355,2.0600,12.007,0.000,0.000,0.000,0.0000,0.0000,0.0000,-1186.182,1644.860,-129.795,DeadBip,-,-,000001EB3A1FD000,15,0,0,-,
299,968.706,10.9643,touch,ragdoll,Lennald the Brash [Whiterun Guard],000D0FF6,NPC R Forearm [RLar],15,0.000,0.000,0.000,2220.782,34.710,6.1800,12.007,0.000,0.000,0.000,0.0000,0.0000,0.0000,-513.931,2134.385,-334.888,DeadBip,-,-,000001EB3A1FC700,14,0,0,-,
300,968.708,10.9643,touch,ragdoll,Lennald the Brash [Whiterun Guard],000D0FF6,NPC L Forearm [LLar],14,0.000,0.000,0.000,2032.102,49.355,2.0600,12.007,0.000,0.000,0.000,0.0000,0.0000,0.0000,-1186.182,1644.860,-129.795,DeadBip,-,-,000001EB3A1FD300,12,0,0,-,
301,968.708,10.9643,touch,ragdoll,Lennald the Brash [Whiterun Guard],000D0FF6,NPC R UpperArm [RUar],12,0.000,0.000,0.000,2387.055,25.937,2.0600,14.897,0.000,0.000,0.000,0.0000,0.0000,0.0000,-831.286,2233.606,-134.151,DeadBip,-,-,000001EB3A1FC700,14,0,0,-,
302,968.708,10.9643,touch,ragdoll,Lennald the Brash [Whiterun Guard],000D0FF6,NPC L Hand [LHnd],16,0.000,0.000,0.000,2282.693,95.557,4.1200,8.584,0.000,0.000,0.000,0.0000,0.0000,0.0000,-1368.086,1703.536,-661.055,DeadBip,-,-,000001EB3A1FCD00,17,0,0,-,
303,968.709,10.9643,touch,ragdoll,Lennald the Brash [Whiterun Guard],000D0FF6,NPC R Hand [RHnd],17,0.000,0.000,0.000,2266.468,67.987,4.1200,8.584,0.000,0.000,0.000,0.0000,0.0000,0.0000,-222.455,2148.142,-687.658,DeadBip,-,-,000001EB3A1FC400,16,0,0,-,
304,968.709,10.9643,touch,ragdoll,Lennald the Brash [Whiterun Guard],000D0FF6,NPC L Hand [LHnd],16,0.000,0.000,0.000,2282.693,95.557,4.1200,8.584,0.000,0.000,0.000,0.0000,0.0000,0.0000,-1368.086,1703.536,-661.055,DeadBip,-,-,000001EB3A1FD300,12,0,0,-,
305,968.709,10.9643,touch,ragdoll,Lennald the Brash [Whiterun Guard],000D0FF6,NPC R UpperArm [RUar],12,0.000,0.000,0.000,2387.055,25.937,2.0600,14.897,0.000,0.000,0.000,0.0000,0.0000,0.0000,-831.286,2233.606,-134.151,DeadBip,-,-,000001EB3A1FC400,16,0,0,-,
306,968.711,10.9643,touch,ragdoll,Lennald the Brash [Whiterun Guard],000D0FF6,NPC L Hand [LHnd],16,0.000,0.000,0.000,2282.693,95.557,4.1200,8.584,0.000,0.000,0.000,0.0000,0.0000,0.0000,-1368.086,1703.536,-661.055,DeadBip,-,-,000001EB3A1FD000,15,0,0,-,
307,968.711,10.9643,touch,ragdoll,Lennald the Brash [Whiterun Guard],000D0FF6,NPC R Forearm [RLar],15,0.000,0.000,0.000,2220.782,34.710,6.1800,12.007,0.000,0.000,0.000,0.0000,0.0000,0.0000,-513.931,2134.385,-334.888,DeadBip,-,-,000001EB3A1FC400,16,0,0,-,
309,977.897,10.9644,listener,ragdoll,Lennald the Brash [Whiterun Guard],000D0FF6,-,-,0.000,0.000,0.000,0.000,0.000,0.0000,0.000,-311.888,-308.942,-318.000,0.3403,0.9403,0.0000,0.000,0.000,0.000,-,-,-,0000000000000000,-,0,0,-,tick
310,986.695,10.9644,impact,ragdoll,Lennald the Brash [Whiterun Guard],000D0FF6,NPC L Forearm [LLar],14,582.040,582.040,373.107,2030.078,49.330,2.0600,12.007,-433.184,225.987,-280.269,0.6889,0.4571,-0.5626,-1185.000,1643.222,-129.666,DeadBip,Skin,shape,000001EB3A1FD300,12,1,1,-,
311,986.696,10.9644,impact,ragdoll,Lennald the Brash [Whiterun Guard],000D0FF6,NPC R UpperArm [RUar],12,582.040,-582.040,373.107,2384.677,25.924,2.0600,14.897,-433.184,225.987,-280.269,0.6889,0.4571,-0.5626,-830.458,2231.382,-134.018,DeadBip,Skin,shape,000001EB3A1FC700,14,1,1,-,
312,986.697,10.9644,impact,ragdoll,Lennald the Brash [Whiterun Guard],000D0FF6,NPC L Forearm [LLar],14,594.656,594.656,710.905,2030.078,49.330,2.0600,12.007,-434.373,230.394,-284.033,0.9880,-0.1033,-0.1152,-1185.000,1643.222,-129.666,DeadBip,Skin,shape,000001EB3A1FD000,15,1,1,-,
313,986.697,10.9644,impact,ragdoll,Lennald the Brash [Whiterun Guard],000D0FF6,NPC R Forearm [RLar],15,594.656,-594.656,710.905,2218.571,34.693,6.1800,12.007,-434.373,230.394,-284.033,0.9880,-0.1033,-0.1152,-513.419,2132.259,-334.555,DeadBip,Skin,shape,000001EB3A1FC700,14,1,1,-,
314,986.698,10.9644,impact,ragdoll,Lennald the Brash [Whiterun Guard],000D0FF6,NPC L Hand [LHnd],16,446.664,446.664,315.897,2280.419,95.510,4.1200,8.584,-434.831,228.133,-279.393,0.4253,0.8004,-0.4225,-1366.723,1701.839,-660.397,DeadBip,Skin,shape,000001EB3A1FD300,12,1,1,-,
315,986.698,10.9644,impact,ragdoll,Lennald the Brash [Whiterun Guard],000D0FF6,NPC R UpperArm [RUar],12,446.664,-446.664,315.897,2384.677,25.924,2.0600,14.897,-434.831,228.133,-279.393,0.4253,0.8004,-0.4225,-830.458,2231.382,-134.018,DeadBip,Skin,shape,000001EB3A1FC400,16,1,1,-,
316,986.698,10.9644,impact,ragdoll,Lennald the Brash [Whiterun Guard],000D0FF6,NPC L Hand [LHnd],16,986.376,986.376,269.337,2280.419,95.510,4.1200,8.584,-434.860,233.938,-284.568,0.8863,0.3827,0.2609,-1366.723,1701.839,-660.397,DeadBip,Skin,shape,000001EB3A1FD000,15,1,1,-,
317,986.698,10.9644,impact,ragdoll,Lennald the Brash [Whiterun Guard],000D0FF6,NPC R Forearm [RLar],15,986.376,-986.376,269.337,2218.571,34.693,6.1800,12.007,-434.860,233.938,-284.568,0.8863,0.3827,0.2609,-513.419,2132.259,-334.555,DeadBip,Skin,shape,000001EB3A1FC400,16,1,1,-,
318,986.699,10.9644,impact,ragdoll,Lennald the Brash [Whiterun Guard],000D0FF6,NPC L Hand [LHnd],16,663.580,663.580,1502.453,2280.419,95.510,4.1200,8.584,-438.923,239.196,-290.682,0.7115,-0.3027,0.6342,-1366.723,1701.839,-660.397,DeadBip,Skin,shape,000001EB3A1FCD00,17,1,1,-,
319,986.699,10.9644,impact,ragdoll,Lennald the Brash [Whiterun Guard],000D0FF6,NPC R Hand [RHnd],17,663.580,-663.580,1502.453,2264.210,67.954,4.1200,8.584,-438.923,239.196,-290.682,0.7115,-0.3027,0.6342,-222.233,2146.003,-686.973,DeadBip,Skin,shape,000001EB3A1FC400,16,1,1,-,
320,986.907,10.9644,separate,ragdoll,Lennald the Brash [Whiterun Guard],000D0FF6,NPC L Hand [LHnd],16,0.000,0.000,0.000,1927.867,58.069,4.1200,8.584,0.000,0.000,0.000,0.0000,0.0000,0.0000,-655.851,1771.115,-386.887,DeadBip,-,-,000001EB3A1FCD00,17,0,0,-,
321,986.907,10.9644,separate,ragdoll,Lennald the Brash [Whiterun Guard],000D0FF6,NPC R Hand [RHnd],17,0.000,0.000,0.000,2045.103,163.331,4.1200,8.584,0.000,0.000,0.000,0.0000,0.0000,0.0000,-410.934,1916.441,-583.808,DeadBip,-,-,000001EB3A1FC400,16,0,0,-,
322,987.243,10.9644,touch,ragdoll,Lennald the Brash [Whiterun Guard],000D0FF6,NPC L Hand [LHnd],16,0.000,0.000,0.000,1889.931,25.025,4.1200,8.584,0.000,0.000,0.000,0.0000,0.0000,0.0000,-610.641,1766.857,-277.799,DeadBip,-,-,000001EB3A1FCD00,17,0,0,-,
323,987.243,10.9644,touch,ragdoll,Lennald the Brash [Whiterun Guard],000D0FF6,NPC R Hand [RHnd],17,0.000,0.000,0.000,1786.300,89.353,4.1200,8.584,0.000,0.000,0.000,0.0000,0.0000,0.0000,-516.799,1702.197,-162.215,DeadBip,-,-,000001EB3A1FC400,16,0,0,-,
324,987.245,10.9644,touch,ragdoll,Lennald the Brash [Whiterun Guard],000D0FF6,NPC L Forearm [LLar],14,0.000,0.000,0.000,2075.412,34.877,2.0600,12.007,0.000,0.000,0.000,0.0000,0.0000,0.0000,-772.675,1926.093,21.736,DeadBip,-,-,000001EB3A1FD600,13,0,0,-,
325,987.245,10.9644,touch,ragdoll,Lennald the Brash [Whiterun Guard],000D0FF6,NPC Head [Head],13,0.000,0.000,0.000,2371.501,48.602,4.1200,15.561,0.000,0.000,0.000,0.0000,0.0000,0.0000,-857.055,2208.529,108.971,DeadBip,-,-,000001EB3A1FC700,14,0,0,-,
326,1004.992,10.9645,impact,ragdoll,Lennald the Brash [Whiterun Guard],000D0FF6,NPC L Forearm [LLar],14,136.242,136.242,277.627,2073.379,34.860,2.0600,12.007,-443.496,247.277,-277.345,0.5278,0.8128,-0.2464,-771.918,1924.206,21.715,DeadBip,Skin,shape,000001EB3A1FD600,13,1,1,-,
327,1004.993,10.9645,impact,ragdoll,Lennald the Brash [Whiterun Guard],000D0FF6,NPC Head [Head],13,136.242,-136.242,277.627,2369.178,48.483,4.1200,15.561,-443.496,247.277,-277.345,0.5278,0.8128,-0.2464,-856.216,2206.365,108.864,DeadBip,Skin,shape,000001EB3A1FC700,14,1,1,-,
328,1004.996,10.9645,impact,ragdoll,Lennald the Brash [Whiterun Guard],000D0FF6,NPC L Hand [LHnd],16,162.197,162.197,516.914,1888.080,25.013,4.1200,8.584,-448.370,276.578,-299.779,0.4746,-0.3946,0.7868,-610.042,1765.127,-277.527,DeadBip,Skin,shape,000001EB3A1FCD00,17,1,1,-,
329,1004.996,10.9645,impact,ragdoll,Lennald the Brash [Whiterun Guard],000D0FF6,NPC R Hand [RHnd],17,162.197,-162.197,516.914,1784.550,89.309,4.1200,8.584,-448.370,276.578,-299.779,0.4746,-0.3946,0.7868,-516.293,1700.529,-162.056,DeadBip,Skin,shape,000001EB3A1FC400,16,1,1,-,
330,1005.234,10.9645,separate,ragdoll,Lennald the Brash [Whiterun Guard],000D0FF6,NPC L Forearm [LLar],14,0.000,0.000,0.000,1938.188,42.882,2.0600,12.007,0.000,0.000,0.000,0.0000,0.0000,0.0000,-534.841,1861.866,63.035,DeadBip,-,-,000001EB3A1FD000,15,0,0,-,
331,1005.234,10.9645,separate,ragdoll,Lennald the Brash [Whiterun Guard],000D0FF6,NPC R Forearm [RLar],15,0.000,0.000,0.000,1857.233,61.770,6.1800,12.007,0.000,0.000,0.000,0.0000,0.0000,0.0000,-607.291,1750.160,-132.107,DeadBip,-,-,000001EB3A1FC700,14,0,0,-,
332,1005.238,10.9645,separate,ragdoll,Lennald the Brash [Whiterun Guard],000D0FF6,NPC L Forearm [LLar],14,0.000,0.000,0.000,1938.188,42.882,2.0600,12.007,0.000,0.000,0.000,0.0000,0.0000,0.0000,-534.841,1861.866,63.035,DeadBip,-,-,000001EB3A1FD600,13,0,0,-,
333,1005.238,10.9645,separate,ragdoll,Lennald the Brash [Whiterun Guard],000D0FF6,NPC Head [Head],13,0.000,0.000,0.000,2322.346,46.084,4.1200,15.561,0.000,0.000,0.000,0.0000,0.0000,0.0000,-885.689,2144.167,106.731,DeadBip,-,-,000001EB3A1FC700,14,0,0,-,
334,1005.545,10.9645,separate,ragdoll,Lennald the Brash [Whiterun Guard],000D0FF6,NPC L Forearm [LLar],14,0.000,0.000,0.000,1924.241,36.640,2.0600,12.007,0.000,0.000,0.000,0.0000,0.0000,0.0000,-528.106,1849.438,58.179,DeadBip,-,-,000001EB3A1FD300,12,0,0,-,
335,1005.545,10.9645,separate,ragdoll,Lennald the Brash [Whiterun Guard],000D0FF6,NPC R UpperArm [RUar],12,0.000,0.000,0.000,2175.007,37.677,2.0600,14.897,0.000,0.000,0.000,0.0000,0.0000,0.0000,-728.629,2049.224,-20.929,DeadBip,-,-,000001EB3A1FC700,14,0,0,-,
336,1005.545,10.9645,separate,ragdoll,Lennald the Brash [Whiterun Guard],000D0FF6,NPC L Hand [LHnd],16,0.000,0.000,0.000,1743.992,51.520,4.1200,8.584,0.000,0.000,0.000,0.0000,0.0000,0.0000,-536.354,1657.859,-73.056,DeadBip,-,-,000001EB3A1FCD00,17,0,0,-,
337,1005.545,10.9645,separate,ragdoll,Lennald the Brash [Whiterun Guard],000D0FF6,NPC R Hand [RHnd],17,0.000,0.000,0.000,1802.974,59.089,4.1200,8.584,0.000,0.000,0.000,0.0000,0.0000,0.0000,-678.243,1669.554,-57.371,DeadBip,-,-,000001EB3A1FC400,16,0,0,-,
338,1005.546,10.9645,separate,ragdoll,Lennald the Brash [Whiterun Guard],000D0FF6,NPC L Hand [LHnd],16,0.000,0.000,0.000,1743.992,51.520,4.1200,8.584,0.000,0.000,0.000,0.0000,0.0000,0.0000,-536.354,1657.859,-73.056,DeadBip,-,-,000001EB3A1FD300,12,0,0,-,
339,1005.546,10.9645,separate,ragdoll,Lennald the Brash [Whiterun Guard],000D0FF6,NPC R UpperArm [RUar],12,0.000,0.000,0.000,2175.007,37.677,2.0600,14.897,0.000,0.000,0.000,0.0000,0.0000,0.0000,-728.629,2049.224,-20.929,DeadBip,-,-,000001EB3A1FC400,16,0,0,-,
341,1014.961,10.9645,listener,ragdoll,Lennald the Brash [Whiterun Guard],000D0FF6,-,-,0.000,0.000,0.000,0.000,0.000,0.0000,0.000,-311.888,-308.942,-318.000,0.2994,0.9541,0.0000,0.000,0.000,0.000,-,-,-,0000000000000000,-,0,0,-,tick
342,1023.184,10.9645,touch,ragdoll,Lennald the Brash [Whiterun Guard],000D0FF6,NPC R Hand [RHnd],17,0.000,0.000,0.000,1785.707,60.449,4.1200,8.584,0.000,0.000,0.000,0.0000,0.0000,0.0000,-678.963,1650.796,-51.277,Static,-,-,000001EAE490E500,-,0,0,-,
343,1023.384,10.9645,impact,ragdoll,Lennald the Brash [Whiterun Guard],000D0FF6,NPC R Hand [RHnd],17,51.234,51.234,1420.482,1784.002,60.420,4.1200,8.584,-469.986,327.624,-318.000,-0.0000,-0.0000,1.0000,-678.315,1649.221,-51.228,Static,Carpet,shape,000001EAE490E500,-,1,1,-,
346,1041.392,10.9646,separate,ragdoll,Lennald the Brash [Whiterun Guard],000D0FF6,NPC L Hand [LHnd],16,0.000,0.000,0.000,1703.680,53.184,4.1200,8.584,0.000,0.000,0.000,0.0000,0.0000,0.0000,-483.014,1627.600,141.912,DeadBip,-,-,000001EB3A1FD000,15,0,0,-,
347,1041.393,10.9646,separate,ragdoll,Lennald the Brash [Whiterun Guard],000D0FF6,NPC R Forearm [RLar],15,0.000,0.000,0.000,1931.865,35.225,6.1800,12.007,0.000,0.000,0.000,0.0000,0.0000,0.0000,-606.252,1834.217,14.471,DeadBip,-,-,000001EB3A1FC400,16,0,0,-,
349,1052.232,10.9646,listener,ragdoll,Lennald the Brash [Whiterun Guard],000D0FF6,-,-,0.000,0.000,0.000,0.000,0.000,0.0000,0.000,-311.888,-308.942,-318.000,0.2902,0.9570,0.0000,0.000,0.000,0.000,-,-,-,0000000000000000,-,0,0,-,tick
352,1059.976,10.9646,touch,ragdoll,Lennald the Brash [Whiterun Guard],000D0FF6,NPC L Forearm [LLar],14,0.000,0.000,0.000,2041.032,20.121,2.0600,12.007,0.000,0.000,0.000,0.0000,0.0000,0.0000,-656.957,1926.244,154.290,DeadBip,-,-,000001EB3A1FEB00,2,0,0,-,
353,1059.976,10.9646,touch,ragdoll,Lennald the Brash [Whiterun Guard],000D0FF6,NPC R Thigh [RThg],2,0.000,0.000,0.000,2637.253,13.847,6.1800,21.101,0.000,0.000,0.000,0.0000,0.0000,0.0000,-896.797,2471.099,-211.012,DeadBip,-,-,000001EB3A1FC700,14,0,0,-,
354,1059.980,10.9646,touch,ragdoll,Lennald the Brash [Whiterun Guard],000D0FF6,NPC R Calf [RClf],4,0.000,0.000,0.000,3135.592,24.468,6.1800,20.265,0.000,0.000,0.000,0.0000,0.0000,0.0000,-1091.802,2932.712,-197.752,DeadBip,-,-,000001EB3A1FC400,16,0,0,-,
355,1059.980,10.9646,touch,ragdoll,Lennald the Brash [Whiterun Guard],000D0FF6,NPC L Hand [LHnd],16,0.000,0.000,0.000,1793.192,38.362,4.1200,8.584,0.000,0.000,0.000,0.0000,0.0000,0.0000,-525.720,1681.423,334.621,DeadBip,-,-,000001EB3A1FE800,4,0,0,-,
356,1060.173,10.9646,impact,ragdoll,Lennald the Brash [Whiterun Guard],000D0FF6,NPC R Calf [RClf],4,295.875,295.875,1251.267,3132.650,24.457,6.1800,20.265,-474.318,384.309,-285.072,0.6725,0.3485,0.6529,-1090.778,2929.960,-197.567,DeadBip,Skin,shape,000001EB3A1FC400,16,1,1,-,
357,1060.173,10.9646,impact,ragdoll,Lennald the Brash [Whiterun Guard],000D0FF6,NPC L Hand [LHnd],16,295.875,-295.875,1251.267,1791.510,38.344,4.1200,8.584,-474.318,384.309,-285.072,0.6725,0.3485,0.6529,-525.227,1679.846,334.307,DeadBip,Skin,shape,000001EB3A1FE800,4,1,1,-,
358,1060.176,10.9646,impact,ragdoll,Lennald the Brash [Whiterun Guard],000D0FF6,NPC L Forearm [LLar],14,653.695,653.695,177.219,2039.118,20.112,2.0600,12.007,-479.013,388.220,-268.375,-0.5965,0.5997,-0.5334,-656.341,1924.437,154.145,DeadBip,Skin,shape,000001EB3A1FEB00,2,1,1,-,
359,1060.176,10.9646,impact,ragdoll,Lennald the Brash [Whiterun Guard],000D0FF6,NPC R Thigh [RThg],2,653.695,-653.695,177.219,2634.779,13.841,6.1800,21.101,-479.013,388.220,-268.375,-0.5965,0.5997,-0.5334,-895.956,2468.781,-210.814,DeadBip,Skin,shape,000001EB3A1FC700,14,1,1,-,
360,1060.359,10.9646,separate,ragdoll,Lennald the Brash [Whiterun Guard],000D0FF6,NPC R Hand [RHnd],17,0.000,0.000,0.000,1779.161,28.083,4.1200,8.584,0.000,0.000,0.000,0.0000,0.0000,0.0000,-637.127,1660.976,25.348,Static,-,-,000001EAE490E500,-,0,0,-,
361,1060.361,10.9646,touch,ragdoll,Lennald the Brash [Whiterun Guard],000D0FF6,NPC R Forearm [RLar],15,0.000,0.000,0.000,2013.177,18.052,6.1800,12.007,0.000,0.000,0.000,0.0000,0.0000,0.0000,-720.610,1879.749,-12.158,DeadBip,-,-,000001EB3A1FD600,13,0,0,-,
362,1060.361,10.9646,touch,ragdoll,Lennald the Brash [Whiterun Guard],000D0FF6,NPC Head [Head],13,0.000,0.000,0.000,2132.645,13.368,4.1200,15.561,0.000,0.000,0.000,0.0000,0.0000,0.0000,-664.899,2025.721,-50.375,DeadBip,-,-,000001EB3A1FD000,15,0,0,-,
363,1060.363,10.9646,touch,ragdoll,Lennald the Brash [Whiterun Guard],000D0FF6,NPC L Forearm [LLar],14,0.000,0.000,0.000,2248.742,37.644,2.0600,12.007,0.000,0.000,0.000,0.0000,0.0000,0.0000,-961.189,2029.653,-116.046,DeadBip,-,-,000001EB3A1FD600,13,0,0,-,
364,1060.363,10.9646,touch,ragdoll,Lennald the Brash [Whiterun Guard],000D0FF6,NPC Head [Head],13,0.000,0.000,0.000,2132.645,13.368,4.1200,15.561,0.000,0.000,0.000,0.0000,0.0000,0.0000,-664.899,2025.721,-50.375,DeadBip,-,-,000001EB3A1FC700,14,0,0,-,
365,1060.364,10.9646,separate,ragdoll,Lennald the Brash [Whiterun Guard],000D0FF6,NPC R Calf [RClf],4,0.000,0.000,0.000,3039.597,32.056,6.1800,20.265,0.000,0.000,0.000,0.0000,0.0000,0.0000,-1007.119,2867.801,-24.123,DeadBip,-,-,000001EB3A1FC400,16,0,0,-,
366,1060.364,10.9646,separate,ragdoll,Lennald the Brash [Whiterun Guard],000D0FF6,NPC L Hand [LHnd],16,0.000,0.000,0.000,1946.794,33.318,4.1200,8.584,0.000,0.000,0.000,0.0000,0.0000,0.0000,-768.933,1763.546,297.745,DeadBip,-,-,000001EB3A1FE800,4,0,0,-,
367,1060.366,10.9646,touch,ragdoll,Lennald the Brash [Whiterun Guard],000D0FF6,NPC R Hand [RHnd],17,0.000,0.000,0.000,1779.161,28.083,4.1200,8.584,0.000,0.000,0.000,0.0000,0.0000,0.0000,-637.127,1660.976,25.348,Static,-,-,000001EA56D06B00,-,0,0,-,
369,1070.090,10.9646,listener,ragdoll,Lennald the Brash [Whiterun Guard],000D0FF6,-,-,0.000,0.000,0.000,0.000,0.000,0.0000,0.000,-311.888,-308.942,-318.000,0.2887,0.9574,0.0000,0.000,0.000,0.000,-,-,-,0000000000000000,-,0,0,-,tick
370,1078.699,10.9646,impact,ragdoll,Lennald the Brash [Whiterun Guard],000D0FF6,NPC L Forearm [LLar],14,246.853,246.853,275.110,2246.652,37.626,2.0600,12.007,-499.474,404.660,-275.225,0.8561,0.4953,-0.1477,-960.296,2027.766,-115.938,DeadBip,Skin,shape,000001EB3A1FD600,13,1,0,-,
371,1078.699,10.9646,impact,ragdoll,Lennald the Brash [Whiterun Guard],000D0FF6,NPC Head [Head],13,246.853,-246.853,275.110,2130.662,13.337,4.1200,15.561,-499.474,404.660,-275.225,0.8561,0.4953,-0.1477,-664.280,2023.838,-50.328,DeadBip,Skin,shape,000001EB3A1FC700,14,1,0,-,
372,1078.700,10.9646,impact,ragdoll,Lennald the Brash [Whiterun Guard],000D0FF6,NPC L Forearm [LLar],14,234.965,234.965,299.850,2246.652,37.626,2.0600,12.007,-499.675,405.112,-274.620,0.8493,0.5030,-0.1602,-960.296,2027.766,-115.938,DeadBip,Skin,shape,000001EB3A1FD600,13,0,1,-,
373,1078.700,10.9646,impact,ragdoll,Lennald the Brash [Whiterun Guard],000D0FF6,NPC Head [Head],13,234.965,-234.965,299.850,2130.662,13.337,4.1200,15.561,-499.675,405.112,-274.620,0.8493,0.5030,-0.1602,-664.280,2023.838,-50.328,DeadBip,Skin,shape,000001EB3A1FC700,14,0,1,-,
374,1078.701,10.9646,impact,ragdoll,Lennald the Brash [Whiterun Guard],000D0FF6,NPC R Forearm [RLar],15,33.813,33.813,192.088,2011.305,18.044,6.1800,12.007,-505.885,405.435,-281.010,0.1313,0.5830,-0.8018,-719.940,1878.001,-12.147,DeadBip,Skin,shape,000001EB3A1FD600,13,1,1,-,
375,1078.701,10.9646,impact,ragdoll,Lennald the Brash [Whiterun Guard],000D0FF6,NPC Head [Head],13,33.813,-33.813,192.088,2130.662,13.337,4.1200,15.561,-505.885,405.435,-281.010,0.1313,0.5830,-0.8018,-664.280,2023.838,-50.328,DeadBip,Skin,shape,000001EB3A1FD000,15,1,1,-,
376,1079.254,10.9646,separate,ragdoll,Lennald the Brash [Whiterun Guard],000D0FF6,NPC R Forearm [RLar],15,0.000,0.000,0.000,2092.772,27.692,6.1800,12.007,0.000,0.000,0.000,0.0000,0.0000,0.0000,-799.851,1931.023,-105.295,DeadBip,-,-,000001EB3A1FD600,13,0,0,-,
377,1079.254,10.9646,separate,ragdoll,Lennald the Brash [Whiterun Guard],000D0FF6,NPC Head [Head],13,0.000,0.000,0.000,2222.083,17.638,4.1200,15.561,0.000,0.000,0.000,0.0000,0.0000,0.0000,-686.651,2109.233,-131.520,DeadBip,-,-,000001EB3A1FD000,15,0,0,-,
378,1079.256,10.9646,separate,ragdoll,Lennald the Brash [Whiterun Guard],000D0FF6,NPC R Hand [RHnd],17,0.000,0.000,0.000,1832.614,34.264,4.1200,8.584,0.000,0.000,0.000,0.0000,0.0000,0.0000,-651.332,1708.277,126.608,Static,-,-,000001EA56D06B00,-,0,0,-,
379,1098.633,10.9646,touch,ragdoll,Lennald the Brash [Whiterun Guard],000D0FF6,NPC L Hand [LHnd],16,0.000,0.000,0.000,2274.001,8.392,4.1200,8.584,0.000,0.000,0.000,0.0000,0.0000,0.0000,-837.084,2086.784,340.148,DeadBip,-,-,000001EB3A1FD600,13,0,0,-,
380,1098.634,10.9646,touch,ragdoll,Lennald the Brash [Whiterun Guard],000D0FF6,NPC Head [Head],13,0.000,0.000,0.000,2221.540,13.429,4.1200,15.561,0.000,0.000,0.000,0.0000,0.0000,0.0000,-661.919,2113.897,-168.939,DeadBip,-,-,000001EB3A1FC400,16,0,0,-,
382,1108.321,10.9647,listener,ragdoll,Lennald the Brash [Whiterun Guard],000D0FF6,-,-,0.000,0.000,0.000,0.000,0.000,0.0000,0.000,-311.888,-308.942,-318.000,0.2887,0.9574,0.0000,0.000,0.000,0.000,-,-,-,0000000000000000,-,0,0,-,tick
383,1118.128,10.9647,impact,ragdoll,Lennald the Brash [Whiterun Guard],000D0FF6,NPC L Hand [LHnd],16,17.479,17.479,565.198,2271.906,8.389,4.1200,8.584,-524.663,475.216,-276.039,0.9279,-0.2483,0.2782,-836.313,2084.862,339.835,DeadBip,Skin,shape,000001EB3A1FD600,13,1,1,-,
384,1118.128,10.9647,impact,ragdoll,Lennald the Brash [Whiterun Guard],000D0FF6,NPC Head [Head],13,17.479,-17.479,565.198,2219.493,13.398,4.1200,15.561,-524.663,475.216,-276.039,0.9279,-0.2483,0.2782,-661.309,2111.949,-168.783,DeadBip,Skin,shape,000001EB3A1FC400,16,1,1,-,
385,1118.333,10.9647,touch,ragdoll,Lennald the Brash [Whiterun Guard],000D0FF6,NPC R Forearm [RLar],15,0.000,0.000,0.000,2175.714,17.025,6.1800,12.007,0.000,0.000,0.000,0.0000,0.0000,0.0000,-890.781,1984.573,-41.378,DeadBip,-,-,000001EB3A1FD600,13,0,0,-,
386,1118.333,10.9647,touch,ragdoll,Lennald the Brash [Whiterun Guard],000D0FF6,NPC Head [Head],13,0.000,0.000,0.000,2208.887,17.809,4.1200,15.561,0.000,0.000,0.000,0.0000,0.0000,0.0000,-677.032,2093.960,-190.100,DeadBip,-,-,000001EB3A1FD000,15,0,0,-,
387,1118.335,10.9647,touch,ragdoll,Lennald the Brash [Whiterun Guard],000D0FF6,NPC L Forearm [LLar],14,0.000,0.000,0.000,2318.106,10.335,2.0600,12.007,0.000,0.000,0.000,0.0000,0.0000,0.0000,-771.329,2167.660,282.697,DeadBip,-,-,000001EB3A1FF400,0,0,0,-,
388,1118.335,10.9647,touch,ragdoll,Lennald the Brash [Whiterun Guard],000D0FF6,NPC COM [COM ],0,0.000,0.000,0.000,2406.230,22.367,51.5000,18.217,0.000,0.000,0.000,0.0000,0.0000,0.0000,-841.456,2240.735,-246.985,DeadBip,-,-,000001EB3A1FC700,14,0,0,-,
389,1118.499,10.9647,impact,ragdoll,Lennald the Brash [Whiterun Guard],000D0FF6,NPC L Forearm [LLar],14,269.475,269.475,523.104,2315.970,10.330,2.0600,12.007,-533.552,513.170,-262.319,0.6624,-0.1916,-0.7242,-770.618,2165.663,282.436,DeadBip,-,-,000001EB3A1FF400,0,1,1,-,
390,1118.499,10.9647,impact,ragdoll,Lennald the Brash [Whiterun Guard],000D0FF6,NPC COM [COM ],0,269.475,-269.475,523.104,2404.013,22.357,51.5000,18.217,-533.552,513.170,-262.319,0.6624,-0.1916,-0.7242,-840.681,2238.670,-246.758,DeadBip,Skin,shape,000001EB3A1FC700,14,1,1,-,
391,1118.501,10.9647,impact,ragdoll,Lennald the Brash [Whiterun Guard],000D0FF6,NPC R Forearm [RLar],15,159.396,159.396,376.372,2173.709,17.017,6.1800,12.007,-539.423,497.987,-288.927,-0.0510,0.1305,-0.9901,-889.960,1982.744,-41.339,DeadBip,Skin,shape,000001EB3A1FD600,13,1,1,-,
392,1118.501,10.9647,impact,ragdoll,Lennald the Brash [Whiterun Guard],000D0FF6,NPC Head [Head],13,159.396,-159.396,376.372,2206.851,17.768,4.1200,15.561,-539.423,497.987,-288.927,-0.0510,0.1305,-0.9901,-676.409,2092.031,-189.925,DeadBip,Skin,shape,000001EB3A1FD000,15,1,1,-,
393,1118.673,10.9647,separate,ragdoll,Lennald the Brash [Whiterun Guard],000D0FF6,NPC L Hand [LHnd],16,0.000,0.000,0.000,2314.784,28.849,4.1200,8.584,0.000,0.000,0.000,0.0000,0.0000,0.0000,-837.208,2137.110,300.112,DeadBip,-,-,000001EB3A1FD600,13,0,0,-,
394,1118.673,10.9647,separate,ragdoll,Lennald the Brash [Whiterun Guard],000D0FF6,NPC Head [Head],13,0.000,0.000,0.000,2187.289,25.645,4.1200,15.561,0.000,0.000,0.000,0.0000,0.0000,0.0000,-694.522,2072.022,-92.719,DeadBip,-,-,000001EB3A1FC400,16,0,0,-,
395,1118.674,10.9647,touch,ragdoll,Lennald the Brash [Whiterun Guard],000D0FF6,NPC R Hand [RHnd],17,0.000,0.000,0.000,2234.082,24.350,4.1200,8.584,0.000,0.000,0.000,0.0000,0.0000,0.0000,-825.481,2075.785,28.588,DeadBip,-,-,000001EB3A1FD600,13,0,0,-,
396,1118.675,10.9647,touch,ragdoll,Lennald the Brash [Whiterun Guard],000D0FF6,NPC Head [Head],13,0.000,0.000,0.000,2187.289,25.645,4.1200,15.561,0.000,0.000,0.000,0.0000,0.0000,0.0000,-694.522,2072.022,-92.719,DeadBip,-,-,000001EB3A1FCD00,17,0,0,-,
397,1138.252,10.9648,impact,ragdoll,Lennald the Brash [Whiterun Guard],000D0FF6,NPC R Hand [RHnd],17,134.823,134.823,379.839,2232.004,24.339,4.1200,8.584,-543.325,512.372,-288.861,0.2156,-0.4122,-0.8852,-824.714,2073.855,28.562,DeadBip,Skin,shape,000001EB3A1FD600,13,1,1,-,
398,1138.253,10.9648,impact,ragdoll,Lennald the Brash [Whiterun Guard],000D0FF6,NPC Head [Head],13,134.823,-134.823,379.839,2185.255,25.585,4.1200,15.561,-543.325,512.372,-288.861,0.2156,-0.4122,-0.8852,-693.876,2070.096,-92.632,DeadBip,Skin,shape,000001EB3A1FCD00,17,1,1,-,
399,1138.441,10.9648,separate,ragdoll,Lennald the Brash [Whiterun Guard],000D0FF6,NPC L Forearm [LLar],14,0.000,0.000,0.000,2362.263,15.464,2.0600,12.007,0.000,0.000,0.000,0.0000,0.0000,0.0000,-846.906,2203.689,82.416,DeadBip,-,-,000001EB3A1FEB00,2,0,0,-,
400,1138.441,10.9648,separate,ragdoll,Lennald the Brash [Whiterun Guard],000D0FF6,NPC R Thigh [RThg],2,0.000,0.000,0.000,2668.486,20.416,6.1800,21.101,0.000,0.000,0.000,0.0000,0.0000,0.0000,-1002.548,2472.811,30.357,DeadBip,-,-,000001EB3A1FC700,14,0,0,-,
401,1138.443,10.9648,separate,ragdoll,Lennald the Brash [Whiterun Guard],000D0FF6,NPC L Forearm [LLar],14,0.000,0.000,0.000,2362.263,15.464,2.0600,12.007,0.000,0.000,0.000,0.0000,0.0000,0.0000,-846.906,2203.689,82.416,DeadBip,-,-,000001EB3A1FD600,13,0,0,-,
402,1138.443,10.9648,separate,ragdoll,Lennald the Brash [Whiterun Guard],000D0FF6,NPC Head [Head],13,0.000,0.000,0.000,2250.780,28.494,4.1200,15.561,0.000,0.000,0.000,0.0000,0.0000,0.0000,-754.802,2115.773,-140.680,DeadBip,-,-,000001EB3A1FC700,14,0,0,-,
405,1138.769,10.9648,touch,ragdoll,Lennald the Brash [Whiterun Guard],000D0FF6,NPC L Forearm [LLar],14,0.000,0.000,0.000,2446.234,29.346,2.0600,12.007,0.000,0.000,0.000,0.0000,0.0000,0.0000,-890.594,2266.674,230.418,DeadBip,-,-,000001EB3A1FEB00,2,0,0,-,
406,1138.769,10.9648,touch,ragdoll,Lennald the Brash [Whiterun Guard],000D0FF6,NPC R Thigh [RThg],2,0.000,0.000,0.000,2633.196,21.765,6.1800,21.101,0.000,0.000,0.000,0.0000,0.0000,0.0000,-1015.130,2429.573,20.054,DeadBip,-,-,000001EB3A1FC700,14,0,0,-,
407,1138.771,10.9648,separate,ragdoll,Lennald the Brash [Whiterun Guard],000D0FF6,NPC L Forearm [LLar],14,0.000,0.000,0.000,2446.234,29.346,2.0600,12.007,0.000,0.000,0.000,0.0000,0.0000,0.0000,-890.594,2266.674,230.418,DeadBip,-,-,000001EB3A1FDC00,9,0,0,-,
408,1138.771,10.9648,separate,ragdoll,Lennald the Brash [Whiterun Guard],000D0FF6,NPC Spine2 [Spn2],9,0.000,0.000,0.000,2351.531,15.189,7.2100,23.744,0.000,0.000,0.000,0.0000,0.0000,0.0000,-934.144,2139.221,-284.262,DeadBip,-,-,000001EB3A1FC700,14,0,0,-,
409,1138.772,10.9648,separate,ragdoll,Lennald the Brash [Whiterun Guard],000D0FF6,NPC R Hand [RHnd],17,0.000,0.000,0.000,2220.275,23.983,4.1200,8.584,0.000,0.000,0.000,0.0000,0.0000,0.0000,-755.681,2077.665,-204.639,DeadBip,-,-,000001EB3A1FD600,13,0,0,-,
410,1138.772,10.9648,separate,ragdoll,Lennald the Brash [Whiterun Guard],000D0FF6,NPC Head [Head],13,0.000,0.000,0.000,2291.637,28.196,4.1200,15.561,0.000,0.000,0.000,0.0000,0.0000,0.0000,-790.374,2146.235,-143.476,DeadBip,-,-,000001EB3A1FCD00,17,0,0,-,
412,1148.478,10.9648,listener,ragdoll,Lennald the Brash [Whiterun Guard],000D0FF6,-,-,0.000,0.000,0.000,0.000,0.000,0.0000,0.000,-311.888,-308.942,-318.000,0.2887,0.9574,0.0000,0.000,0.000,0.000,-,-,-,0000000000000000,-,0,0,-,tick
413,1158.700,10.9648,impact,ragdoll,Lennald the Brash [Whiterun Guard],000D0FF6,NPC L Forearm [LLar],14,46.343,46.343,708.984,2443.939,29.332,2.0600,12.007,-554.890,578.737,-262.253,0.7243,-0.5792,-0.3740,-889.759,2264.547,230.202,DeadBip,Skin,shape,000001EB3A1FEB00,2,1,1,-,
414,1158.701,10.9648,impact,ragdoll,Lennald the Brash [Whiterun Guard],000D0FF6,NPC R Thigh [RThg],2,46.343,-46.343,708.984,2630.725,21.755,6.1800,21.101,-554.890,578.737,-262.253,0.7243,-0.5792,-0.3740,-1014.178,2427.294,20.036,DeadBip,Skin,shape,000001EB3A1FC700,14,1,1,-,
415,1158.947,10.9648,separate,ragdoll,Lennald the Brash [Whiterun Guard],000D0FF6,NPC R Forearm [RLar],15,0.000,0.000,0.000,2056.411,31.190,6.1800,12.007,0.000,0.000,0.000,0.0000,0.0000,0.0000,-947.470,1816.926,-172.941,DeadBip,-,-,000001EB3A1FD600,13,0,0,-,
416,1158.947,10.9648,separate,ragdoll,Lennald the Brash [Whiterun Guard],000D0FF6,NPC Head [Head],13,0.000,0.000,0.000,2317.098,27.614,4.1200,15.561,0.000,0.000,0.000,0.0000,0.0000,0.0000,-814.462,2163.164,-162.214,DeadBip,-,-,000001EB3A1FD000,15,0,0,-,
417,1159.358,10.9648,separate,ragdoll,Lennald the Brash [Whiterun Guard],000D0FF6,NPC L Forearm [LLar],14,0.000,0.000,0.000,2454.416,10.360,2.0600,12.007,0.000,0.000,0.000,0.0000,0.0000,0.0000,-1031.558,2223.198,132.045,DeadBip,-,-,000001EB3A1FEB00,2,0,0,-,
418,1159.359,10.9648,separate,ragdoll,Lennald the Brash [Whiterun Guard],000D0FF6,NPC R Thigh [RThg],2,0.000,0.000,0.000,2607.698,22.180,6.1800,21.101,0.000,0.000,0.000,0.0000,0.0000,0.0000,-1088.695,2369.495,18.064,DeadBip,-,-,000001EB3A1FC700,14,0,0,-,
419,1159.371,10.9648,touch,ragdoll,Lennald the Brash [Whiterun Guard],000D0FF6,NPC Spine1 [Spn1],6,0.000,0.000,0.000,2391.248,16.732,4.1200,19.445,0.000,0.000,0.000,0.0000,0.0000,0.0000,-887.505,2165.314,-491.746,Static,-,-,000001EA56BDC100,-,0,0,-,
421,1168.741,10.9649,listener,ragdoll,Lennald the Brash [Whiterun Guard],000D0FF6,-,-,0.000,0.000,0.000,0.000,0.000,0.0000,0.000,-311.888,-308.942,-318.000,0.2887,0.9574,0.0000,0.000,0.000,0.000,-,-,-,0000000000000000,-,0,0,-,tick
422,1178.811,10.9649,impact,ragdoll,Lennald the Brash [Whiterun Guard],000D0FF6,NPC Spine1 [Spn1],6,1490.706,1490.706,1827.476,2388.945,16.724,4.1200,19.445,-611.445,628.800,-277.401,0.9558,-0.2937,0.0156,-886.651,2163.229,-491.273,Static,Wood,shape,000001EA56BDC100,-,1,1,-,
423,1179.036,10.9649,touch,ragdoll,Lennald the Brash [Whiterun Guard],000D0FF6,NPC R UpperArm [RUar],12,0.000,0.000,0.000,1985.018,24.864,2.0600,14.897,0.000,0.000,0.000,0.0000,0.0000,0.0000,-668.984,1868.713,-25.837,Static,-,-,000001EA56BDC100,-,0,0,-,
424,1179.041,10.9649,touch,ragdoll,Lennald the Brash [Whiterun Guard],000D0FF6,NPC L Forearm [LLar],14,0.000,0.000,0.000,2527.002,64.675,2.0600,12.007,0.000,0.000,0.000,0.0000,0.0000,0.0000,-1069.859,2287.878,82.187,DeadBip,-,-,000001EB3A1FDF00,6,0,0,-,
425,1179.041,10.9649,touch,ragdoll,Lennald the Brash [Whiterun Guard],000D0FF6,NPC Spine1 [Spn1],6,0.000,0.000,0.000,1896.880,78.795,4.1200,19.445,0.000,0.000,0.000,0.0000,0.0000,0.0000,556.144,1800.259,-218.919,DeadBip,-,-,000001EB3A1FC700,14,0,0,-,
426,1179.044,10.9649,touch,ragdoll,Lennald the Brash [Whiterun Guard],000D0FF6,NPC L Thigh [LThg],1,0.000,0.000,0.000,2156.467,26.355,6.1800,21.102,0.000,0.000,0.000,0.0000,0.0000,0.0000,-595.906,2072.438,-15.661,Static,-,-,000001EA56BDC100,-,0,0,-,
427,1179.050,10.9649,separate,ragdoll,Lennald the Brash [Whiterun Guard],000D0FF6,NPC Spine1 [Spn1],6,0.000,0.000,0.000,1896.880,78.795,4.1200,19.445,0.000,0.000,0.000,0.0000,0.0000,0.0000,556.144,1800.259,-218.919,Static,-,-,000001EA56BDC100,-,0,0,-,
428,1179.061,10.9649,touch,ragdoll,Lennald the Brash [Whiterun Guard],000D0FF6,NPC Spine2 [Spn2],9,0.000,0.000,0.000,1774.304,50.165,7.2100,23.744,0.000,0.000,0.000,0.0000,0.0000,0.0000,22.890,1743.019,-330.932,Static,-,-,000001EA56BDC100,-,0,0,-,
429,1179.069,10.9649,touch,ragdoll,Lennald the Brash [Whiterun Guard],000D0FF6,NPC L Calf [LClf],5,0.000,0.000,0.000,2090.766,19.618,6.1800,20.265,0.000,0.000,0.000,0.0000,0.0000,0.0000,-391.498,2053.021,56.025,Static,-,-,000001EA56BDC100,-,0,0,-,
430,1179.076,10.9649,touch,ragdoll,Lennald the Brash [Whiterun Guard],000D0FF6,NPC L Foot [Lft ],7,0.000,0.000,0.000,2117.969,39.902,3.0900,10.311,0.000,0.000,0.000,0.0000,0.0000,0.0000,-271.668,2055.913,-430.362,Static,-,-,000001EA56BDC100,-,0,0,-,
431,1179.086,10.9649,impact,ragdoll,Lennald the Brash [Whiterun Guard],000D0FF6,NPC L Foot [Lft ],7,2171.046,2158.925,354.485,2117.969,39.902,3.0900,10.311,-632.748,609.009,-293.679,0.0049,-0.9998,0.0196,-271.668,2055.913,-430.362,Static,Wood,shape,000001EA56BDC100,-,0,0,-,
432,1179.094,10.9649,impact,ragdoll,Lennald the Brash [Whiterun Guard],000D0FF6,NPC L Foot [Lft ],7,1854.694,232.269,2684.726,430.711,328.528,3.0900,10.311,-625.383,610.023,-295.635,0.5296,-0.8473,0.0392,-33.857,-206.632,-376.389,Static,Wood,shape,000001EA56BDC100,-,0,0,-,
433,1179.095,10.9649,impact,ragdoll,Lennald the Brash [Whiterun Guard],000D0FF6,NPC L Foot [Lft ],7,1020.754,522.935,2681.237,430.711,328.528,3.0900,10.311,-626.629,609.100,-294.731,0.2344,-0.9718,0.0262,-33.857,-206.632,-376.389,Static,Wood,shape,000001EA56BDC100,-,0,0,-,
434,1179.104,10.9649,impact,ragdoll,Lennald the Brash [Whiterun Guard],000D0FF6,NPC L Calf [LClf],5,1888.512,1983.479,864.484,2090.766,19.618,6.1800,20.265,-624.621,610.418,-294.415,0.5296,-0.8473,0.0392,-391.498,2053.021,56.025,Static,Wood,shape,000001EA56BDC100,-,0,0,-,
435,1179.108,10.9649,impact,ragdoll,Lennald the Brash [Whiterun Guard],000D0FF6,NPC L Calf [LClf],5,246.901,-57.465,664.176,1344.922,120.617,6.1800,20.265,-615.296,616.444,-291.996,0.6004,-0.7988,0.0372,937.970,819.784,506.933,Static,Wood,shape,000001EA56BDC100,-,0,0,-,
436,1179.264,10.9649,impact,ragdoll,Lennald the Brash [Whiterun Guard],000D0FF6,NPC L Thigh [LThg],1,1113.620,1113.620,1917.675,2154.390,26.343,6.1800,21.102,-607.314,640.182,-278.399,0.9741,-0.2259,-0.0053,-595.332,2070.443,-15.646,Static,Wood,shape,000001EA56BDC100,-,1,0,-,
437,1179.264,10.9649,impact,ragdoll,Lennald the Brash [Whiterun Guard],000D0FF6,NPC L Thigh [LThg],1,1113.620,1113.620,1917.675,2154.390,26.343,6.1800,21.102,-607.314,640.182,-278.399,0.9741,-0.2259,-0.0053,-595.332,2070.443,-15.646,Static,Wood,shape,000001EA56BDC100,-,0,1,-,
438,1179.268,10.9649,impact,ragdoll,Lennald the Brash [Whiterun Guard],000D0FF6,NPC Spine2 [Spn2],9,577.608,577.608,2204.035,1772.596,50.141,7.2100,23.744,-609.677,634.019,-287.451,0.9558,-0.2937,0.0156,22.868,1741.341,-330.613,Static,Wood,shape,000001EA56BDC100,-,1,1,-,
439,1179.269,10.9649,impact,ragdoll,Lennald the Brash [Whiterun Guard],000D0FF6,NPC R UpperArm [RUar],12,1394.206,1394.206,1694.776,1983.107,24.852,2.0600,14.897,-614.899,616.564,-298.072,0.9270,-0.3745,0.0191,-668.340,1866.914,-25.812,Static,Wood,shape,000001EA56BDC100,-,1,0,-,
440,1179.269,10.9649,impact,ragdoll,Lennald the Brash [Whiterun Guard],000D0FF6,NPC R UpperArm [RUar],12,1062.315,1062.315,1810.248,1983.107,24.852,2.0600,14.897,-612.225,625.273,-296.016,0.9558,-0.2937,0.0156,-668.340,1866.914,-25.812,Static,Wood,shape,000001EA56BDC100,-,0,1,-,
441,1179.270,10.9649,impact,ragdoll,Lennald the Brash [Whiterun Guard],000D0FF6,NPC L Forearm [LLar],14,637.972,637.972,479.681,2524.569,64.644,2.0600,12.007,-580.867,637.096,-269.344,0.4565,-0.0552,0.8880,-1068.829,2285.675,82.108,DeadBip,Skin,shape,000001EB3A1FDF00,6,1,1,-,
442,1179.270,10.9649,impact,ragdoll,Lennald the Brash [Whiterun Guard],000D0FF6,NPC Spine1 [Spn1],6,637.972,-637.972,479.681,1895.053,78.757,4.1200,19.445,-580.867,637.096,-269.344,0.4565,-0.0552,0.8880,555.609,1798.525,-218.708,DeadBip,Skin,shape,000001EB3A1FC700,14,1,1,-,
443,1179.440,10.9649,separate,ragdoll,Lennald the Brash [Whiterun Guard],000D0FF6,NPC R Thigh [RThg],2,0.000,0.000,0.000,2454.788,24.882,6.1800,21.101,0.000,0.000,0.000,0.0000,0.0000,0.0000,-978.784,2246.770,-141.380,DeadBip,-,-,000001EB3A1FFA00,1,0,0,-,
444,1179.440,10.9649,separate,ragdoll,Lennald the Brash [Whiterun Guard],000D0FF6,NPC L Thigh [LThg],1,0.000,0.000,0.000,1607.003,7.179,6.1800,21.102,0.000,0.000,0.000,0.0000,0.0000,0.0000,423.533,1549.012,-60.337,DeadBip,-,-,000001EB3A1FEB00,2,0,0,-,
445,1179.446,10.9649,separate,ragdoll,Lennald the Brash [Whiterun Guard],000D0FF6,NPC R UpperArm [RUar],12,0.000,0.000,0.000,1399.370,105.800,2.0600,14.897,0.000,0.000,0.000,0.0000,0.0000,0.0000,500.224,1288.831,-216.624,Static,-,-,000001EA56BDC100,-,0,0,-,
446,1179.446,10.9649,touch,ragdoll,Lennald the Brash [Whiterun Guard],000D0FF6,NPC R UpperArm [RUar],12,0.000,0.000,0.000,1399.370,105.800,2.0600,14.897,0.000,0.000,0.000,0.0000,0.0000,0.0000,500.224,1288.831,-216.624,Static,-,-,000001EA56BDC100,-,0,0,-,
447,1179.447,10.9649,touch,ragdoll,Lennald the Brash [Whiterun Guard],000D0FF6,NPC L Forearm [LLar],14,0.000,0.000,0.000,2280.701,60.635,2.0600,12.007,0.000,0.000,0.000,0.0000,0.0000,0.0000,-990.209,2052.688,-86.926,DeadBip,-,-,000001EB3A1FDC00,9,0,0,-,
448,1179.447,10.9649,touch,ragdoll,Lennald the Brash [Whiterun Guard],000D0FF6,NPC Spine2 [Spn2],9,0.000,0.000,0.000,1626.247,68.348,7.2100,23.744,0.000,0.000,0.000,0.0000,0.0000,0.0000,343.349,1576.233,-205.626,DeadBip,-,-,000001EB3A1FC700,14,0,0,-,
449,1179.448,10.9649,touch,ragdoll,Lennald the Brash [Whiterun Guard],000D0FF6,NPC R Hand [RHnd],17,0.000,0.000,0.000,2376.969,86.985,4.1200,8.584,0.000,0.000,0.000,0.0000,0.0000,0.0000,-745.641,2123.298,-765.248,Static,-,-,000001EAE4AD0D00,-,0,0,-,
450,1179.450,10.9649,touch,ragdoll,Lennald the Brash [Whiterun Guard],000D0FF6,NPC L Forearm [LLar],14,0.000,0.000,0.000,2280.701,60.635,2.0600,12.007,0.000,0.000,0.000,0.0000,0.0000,0.0000,-990.209,2052.688,-86.926,DeadBip,-,-,000001EB3A1FFA00,1,0,0,-,
451,1179.450,10.9649,touch,ragdoll,Lennald the Brash [Whiterun Guard],000D0FF6,NPC L Thigh [LThg],1,0.000,0.000,0.000,1607.003,7.179,6.1800,21.102,0.000,0.000,0.000,0.0000,0.0000,0.0000,423.533,1549.012,-60.337,DeadBip,-,-,000001EB3A1FC700,14,0,0,-,
452,1179.450,10.9649,separate,ragdoll,Lennald the Brash [Whiterun Guard],000D0FF6,NPC L Forearm [LLar],14,0.000,0.000,0.000,2280.701,60.635,2.0600,12.007,0.000,0.000,0.000,0.0000,0.0000,0.0000,-990.209,2052.688,-86.926,DeadBip,-,-,000001EB3A1FDF00,6,0,0,-,
453,1179.451,10.9649,separate,ragdoll,Lennald the Brash [Whiterun Guard],000D0FF6,NPC Spine1 [Spn1],6,0.000,0.000,0.000,1789.371,55.077,4.1200,19.445,0.000,0.000,0.000,0.0000,0.0000,0.0000,-69.712,1657.957,-669.454,DeadBip,-,-,000001EB3A1FC700,14,0,0,-,
454,1179.451,10.9649,touch,ragdoll,Lennald the Brash [Whiterun Guard],000D0FF6,NPC Spine [Spn0],3,0.000,0.000,0.000,1988.114,43.112,4.1200,17.816,0.000,0.000,0.000,0.0000,0.0000,0.0000,-465.760,1840.379,-590.482,DeadBip,-,-,000001EB3A1FC700,14,0,0,-,
455,1179.451,10.9649,touch,ragdoll,Lennald the Brash [Whiterun Guard],000D0FF6,NPC L Forearm [LLar],14,0.000,0.000,0.000,2280.701,60.635,2.0600,12.007,0.000,0.000,0.000,0.0000,0.0000,0.0000,-990.209,2052.688,-86.926,DeadBip,-,-,000001EB3A1FE200,3,0,0,-,
456,1179.453,10.9649,separate,ragdoll,Lennald the Brash [Whiterun Guard],000D0FF6,NPC L Thigh [LThg],1,0.000,0.000,0.000,1607.003,7.179,6.1800,21.102,0.000,0.000,0.000,0.0000,0.0000,0.0000,423.533,1549.012,-60.337,Static,-,-,000001EA56BDC100,-,0,0,-,
457,1179.462,10.9649,touch,ragdoll,Lennald the Brash [Whiterun Guard],000D0FF6,NPC R Forearm [RLar],15,0.000,0.000,0.000,1517.505,99.710,6.1800,12.007,0.000,0.000,0.000,0.0000,0.0000,0.0000,-228.926,1490.280,-171.704,Static,-,-,000001EAE4AD0D00,-,0,0,-,
458,1179.471,10.9649,separate,ragdoll,Lennald the Brash [Whiterun Guard],000D0FF6,NPC Spine2 [Spn2],9,0.000,0.000,0.000,1626.247,68.348,7.2100,23.744,0.000,0.000,0.000,0.0000,0.0000,0.0000,343.349,1576.233,-205.626,Static,-,-,000001EA56BDC100,-,0,0,-,
459,1179.471,10.9649,touch,ragdoll,Lennald the Brash [Whiterun Guard],000D0FF6,NPC Spine2 [Spn2],9,0.000,0.000,0.000,1626.247,68.348,7.2100,23.744,0.000,0.000,0.000,0.0000,0.0000,0.0000,343.349,1576.233,-205.626,Static,-,-,000001EA56BDC100,-,0,0,-,
460,1179.477,10.9649,touch,ragdoll,Lennald the Brash [Whiterun Guard],000D0FF6,NPC Spine [Spn0],3,0.000,0.000,0.000,1988.114,43.112,4.1200,17.816,0.000,0.000,0.000,0.0000,0.0000,0.0000,-465.760,1840.379,-590.482,Static,-,-,000001EA5685C100,-,0,0,-,
461,1179.492,10.9649,separate,ragdoll,Lennald the Brash [Whiterun Guard],000D0FF6,NPC L Foot [Lft ],7,0.000,0.000,0.000,1882.249,93.911,3.0900,10.311,0.000,0.000,0.000,0.0000,0.0000,0.0000,1828.000,-64.594,443.964,Static,-,-,000001EA56BDC100,-,0,0,-,
462,1179.494,10.9649,touch,ragdoll,Lennald the Brash [Whiterun Guard],000D0FF6,NPC Spine2 [Spn2],9,0.000,0.000,0.000,1626.247,68.348,7.2100,23.744,0.000,0.000,0.000,0.0000,0.0000,0.0000,343.349,1576.233,-205.626,Static,-,-,000001EA5685C100,-,0,0,-,
463,1179.500,10.9649,touch,ragdoll,Lennald the Brash [Whiterun Guard],000D0FF6,NPC R Forearm [RLar],15,0.000,0.000,0.000,1517.505,99.710,6.1800,12.007,0.000,0.000,0.000,0.0000,0.0000,0.0000,-228.926,1490.280,-171.704,Static,-,-,000001EA56BDC100,-,0,0,-,
464,1179.502,10.9649,touch,ragdoll,Lennald the Brash [Whiterun Guard],000D0FF6,NPC R UpperArm [RUar],12,0.000,0.000,0.000,1399.370,105.800,2.0600,14.897,0.000,0.000,0.000,0.0000,0.0000,0.0000,500.224,1288.831,-216.624,Static,-,-,000001EA5685C100,-,0,0,-,
465,1179.509,10.9649,impact,ragdoll,Lennald the Brash [Whiterun Guard],000D0FF6,NPC R Hand [RHnd],17,534.979,822.706,2337.619,2376.969,86.985,4.1200,8.584,-587.944,623.142,-319.650,-0.0000,0.0000,1.0000,-745.641,2123.298,-765.248,Static,Wood,shape,000001EAE4AD0D00,-,0,0,-,
466,1199.521,10.9650,impact,ragdoll,Lennald the Brash [Whiterun Guard],000D0FF6,NPC Spine [Spn0],3,1205.903,1205.903,1235.783,1986.167,43.091,4.1200,17.816,-596.412,671.845,-291.580,0.0001,-0.3230,0.9464,-465.303,1838.577,-589.904,Static,WoodStairs,shape,000001EA5685C100,-,1,0,-,
467,1199.522,10.9650,impact,ragdoll,Lennald the Brash [Whiterun Guard],000D0FF6,NPC Spine [Spn0],3,1205.903,1205.903,1235.783,1986.167,43.091,4.1200,17.816,-596.412,671.845,-291.580,0.0001,-0.3230,0.9464,-465.303,1838.577,-589.904,Static,WoodStairs,shape,000001EA5685C100,-,0,1,-,
468,1199.527,10.9650,impact,ragdoll,Lennald the Brash [Whiterun Guard],000D0FF6,NPC Spine2 [Spn2],9,289.949,289.949,1858.907,1624.654,68.314,7.2100,23.744,-590.445,644.276,-305.554,0.0000,0.0000,1.0000,343.013,1574.689,-205.424,Static,WoodStairs,shape,000001EA5685C100,-,1,1,-,
469,1199.529,10.9650,impact,ragdoll,Lennald the Brash [Whiterun Guard],000D0FF6,NPC R UpperArm [RUar],12,1230.465,1230.465,373.184,1397.999,105.748,2.0600,14.897,-595.626,639.876,-306.682,-0.0000,-1.0000,0.0000,499.734,1287.568,-216.412,Static,WoodStairs,shape,000001EA5685C100,-,1,0,-,
470,1199.529,10.9650,impact,ragdoll,Lennald the Brash [Whiterun Guard],000D0FF6,NPC R UpperArm [RUar],12,857.455,857.455,953.724,1397.999,105.748,2.0600,14.897,-595.336,639.876,-305.595,-0.0000,-0.4732,0.8810,499.734,1287.568,-216.412,Static,WoodStairs,shape,000001EA5685C100,-,0,0,-,
471,1199.529,10.9650,impact,ragdoll,Lennald the Brash [Whiterun Guard],000D0FF6,NPC R UpperArm [RUar],12,857.455,857.455,953.724,1397.999,105.748,2.0600,14.897,-595.336,639.876,-305.595,-0.0000,-0.4732,0.8810,499.734,1287.568,-216.412,Static,WoodStairs,shape,000001EA5685C100,-,0,1,-,
472,1199.531,10.9650,impact,ragdoll,Lennald the Brash [Whiterun Guard],000D0FF6,NPC L Forearm [LLar],14,91.668,91.668,1226.138,2278.467,60.605,2.0600,12.007,-588.192,654.534,-271.924,0.0367,-0.0433,0.9984,-989.239,2050.677,-86.840,DeadBip,Skin,shape,000001EB3A1FFA00,1,1,1,-,
473,1199.531,10.9650,impact,ragdoll,Lennald the Brash [Whiterun Guard],000D0FF6,NPC L Thigh [LThg],1,91.668,-91.668,1226.138,1605.428,7.175,6.1800,21.102,-588.192,654.534,-271.924,0.0367,-0.0433,0.9984,423.118,1547.494,-60.277,DeadBip,Skin,shape,000001EB3A1FC700,14,1,1,-,
474,1199.532,10.9650,impact,ragdoll,Lennald the Brash [Whiterun Guard],000D0FF6,NPC L Forearm [LLar],14,111.389,111.389,471.535,2278.467,60.605,2.0600,12.007,-585.376,645.241,-272.374,0.1683,0.0230,0.9855,-989.239,2050.677,-86.840,DeadBip,Skin,shape,000001EB3A1FDC00,9,1,1,-,
475,1199.532,10.9650,impact,ragdoll,Lennald the Brash [Whiterun Guard],000D0FF6,NPC Spine2 [Spn2],9,111.389,-111.389,471.535,1624.654,68.314,7.2100,23.744,-585.376,645.241,-272.374,0.1683,0.0230,0.9855,343.013,1574.689,-205.424,DeadBip,Skin,shape,000001EB3A1FC700,14,1,1,-,
476,1199.533,10.9650,impact,ragdoll,Lennald the Brash [Whiterun Guard],000D0FF6,NPC R Forearm [RLar],15,241.950,241.950,1048.716,1516.019,99.661,6.1800,12.007,-612.138,625.136,-303.901,0.9558,-0.2937,0.0156,-228.702,1488.820,-171.536,Static,Wood,shape,000001EA56BDC100,-,1,1,-,
477,1199.535,10.9650,impact,ragdoll,Lennald the Brash [Whiterun Guard],000D0FF6,NPC R Forearm [RLar],15,536.702,536.702,1955.614,1516.019,99.661,6.1800,12.007,-594.132,623.308,-319.650,-0.0000,0.0000,1.0000,-228.702,1488.820,-171.536,Static,Wood,shape,000001EAE4AD0D00,-,1,1,-,
480,1199.760,10.9650,touch,ragdoll,Lennald the Brash [Whiterun Guard],000D0FF6,NPC Spine [Spn0],3,0.000,0.000,0.000,1709.494,49.095,4.1200,17.816,0.000,0.000,0.000,0.0000,0.0000,0.0000,-334.640,1567.424,594.616,DeadBip,-,-,000001EB3A1FC400,16,0,0,-,
481,1199.760,10.9650,touch,ragdoll,Lennald the Brash [Whiterun Guard],000D0FF6,NPC L Hand [LHnd],16,0.000,0.000,0.000,2273.218,53.251,4.1200,8.584,0.000,0.000,0.000,0.0000,0.0000,0.0000,-741.290,2144.229,142.453,DeadBip,-,-,000001EB3A1FE200,3,0,0,-,
482,1199.768,10.9650,separate,ragdoll,Lennald the Brash [Whiterun Guard],000D0FF6,NPC R UpperArm [RUar],12,0.000,0.000,0.000,743.860,105.080,2.0600,14.897,0.000,0.000,0.000,0.0000,0.0000,0.0000,402.056,369.586,505.059,Static,-,-,000001EA56BDC100,-,0,0,-,
483,1199.769,10.9650,separate,ragdoll,Lennald the Brash [Whiterun Guard],000D0FF6,NPC L Forearm [LLar],14,0.000,0.000,0.000,2060.303,69.144,2.0600,12.007,0.000,0.000,0.000,0.0000,0.0000,0.0000,-774.166,1870.068,385.181,DeadBip,-,-,000001EB3A1FDC00,9,0,0,-,
484,1199.769,10.9650,separate,ragdoll,Lennald the Brash [Whiterun Guard],000D0FF6,NPC Spine2 [Spn2],9,0.000,0.000,0.000,1297.018,48.646,7.2100,23.744,0.000,0.000,0.000,0.0000,0.0000,0.0000,-15.890,1296.606,-28.561,DeadBip,-,-,000001EB3A1FC700,14,0,0,-,
485,1199.771,10.9650,separate,ragdoll,Lennald the Brash [Whiterun Guard],000D0FF6,NPC R Hand [RHnd],17,0.000,0.000,0.000,1669.422,77.903,4.1200,8.584,0.000,0.000,0.000,0.0000,0.0000,0.0000,-734.037,1490.099,166.622,Static,-,-,000001EAE4AD0D00,-,0,0,-,
486,1199.771,10.9650,touch,ragdoll,Lennald the Brash [Whiterun Guard],000D0FF6,NPC R Hand [RHnd],17,0.000,0.000,0.000,1669.422,77.903,4.1200,8.584,0.000,0.000,0.000,0.0000,0.0000,0.0000,-734.037,1490.099,166.622,Static,-,-,000001EAE4AD0D00,-,0,0,-,
487,1199.775,10.9650,touch,ragdoll,Lennald the Brash [Whiterun Guard],000D0FF6,NPC R Hand [RHnd],17,0.000,0.000,0.000,1669.422,77.903,4.1200,8.584,0.000,0.000,0.000,0.0000,0.0000,0.0000,-734.037,1490.099,166.622,Static,-,-,000001EA5685C100,-,0,0,-,
488,1199.777,10.9650,separate,ragdoll,Lennald the Brash [Whiterun Guard],000D0FF6,NPC L Forearm [LLar],14,0.000,0.000,0.000,2060.303,69.144,2.0600,12.007,0.000,0.000,0.000,0.0000,0.0000,0.0000,-774.166,1870.068,385.181,DeadBip,-,-,000001EB3A1FFA00,1,0,0,-,
489,1199.777,10.9650,separate,ragdoll,Lennald the Brash [Whiterun Guard],000D0FF6,NPC L Thigh [LThg],1,0.000,0.000,0.000,1966.503,18.185,6.1800,21.102,0.000,0.000,0.000,0.0000,0.0000,0.0000,-286.841,1943.777,81.166,DeadBip,-,-,000001EB3A1FC700,14,0,0,-,
490,1199.782,10.9650,touch,ragdoll,Lennald the Brash [Whiterun Guard],000D0FF6,NPC R Calf [RClf],4,0.000,0.000,0.000,2335.340,83.607,6.1800,20.265,0.000,0.000,0.000,0.0000,0.0000,0.0000,-1074.802,2060.817,-227.257,Static,-,-,000001EA5685C100,-,0,0,-,
491,1199.795,10.9650,touch,ragdoll,Lennald the Brash [Whiterun Guard],000D0FF6,NPC R Foot [Rft ],8,0.000,0.000,0.000,2416.911,20.148,3.0900,10.311,0.000,0.000,0.000,0.0000,0.0000,0.0000,-1095.658,2146.950,177.767,Static,-,-,000001EA5685C100,-,0,0,-,
492,1199.802,10.9650,touch,ragdoll,Lennald the Brash [Whiterun Guard],000D0FF6,NPC R Thigh [RThg],2,0.000,0.000,0.000,2027.369,53.429,6.1800,21.101,0.000,0.000,0.000,0.0000,0.0000,0.0000,-820.188,1810.104,-401.300,Static,-,-,000001EA5685C100,-,0,0,-,
493,1199.806,10.9650,touch,ragdoll,Lennald the Brash [Whiterun Guard],000D0FF6,NPC R Forearm [RLar],15,0.000,0.000,0.000,1123.135,81.019,6.1800,12.007,0.000,0.000,0.000,0.0000,0.0000,0.0000,46.611,1004.578,500.082,Static,-,-,000001EA5685C100,-,0,0,-,
494,1199.812,10.9650,separate,ragdoll,Lennald the Brash [Whiterun Guard],000D0FF6,NPC Spine2 [Spn2],9,0.000,0.000,0.000,1297.018,48.646,7.2100,23.744,0.000,0.000,0.000,0.0000,0.0000,0.0000,-15.890,1296.606,-28.561,Static,-,-,000001EA56BDC100,-,0,0,-,
495,1199.816,10.9650,touch,ragdoll,Lennald the Brash [Whiterun Guard],000D0FF6,NPC COM [COM ],0,0.000,0.000,0.000,1756.747,46.600,51.5000,18.217,0.000,0.000,0.000,0.0000,0.0000,0.0000,-389.526,1709.330,112.334,Static,-,-,000001EA5685C100,-,0,0,-,
496,1199.817,10.9650,touch,ragdoll,Lennald the Brash [Whiterun Guard],000D0FF6,NPC L Thigh [LThg],1,0.000,0.000,0.000,1966.503,18.185,6.1800,21.102,0.000,0.000,0.000,0.0000,0.0000,0.0000,-286.841,1943.777,81.166,Static,-,-,000001EA5685C100,-,0,0,-,
497,1199.821,10.9650,separate,ragdoll,Lennald the Brash [Whiterun Guard],000D0FF6,NPC Spine [Spn0],3,0.000,0.000,0.000,1709.494,49.095,4.1200,17.816,0.000,0.000,0.000,0.0000,0.0000,0.0000,-334.640,1567.424,594.616,Static,-,-,000001EA5685C100,-,0,0,-,
498,1199.824,10.9650,separate,ragdoll,Lennald the Brash [Whiterun Guard],000D0FF6,NPC L Calf [LClf],5,0.000,0.000,0.000,2315.115,66.618,6.1800,20.265,0.000,0.000,0.000,0.0000,0.0000,0.0000,976.107,2085.866,236.928,Static,-,-,000001EA56BDC100,-,0,0,-,
499,1199.826,10.9650,touch,ragdoll,Lennald the Brash [Whiterun Guard],000D0FF6,NPC Spine1 [Spn1],6,0.000,0.000,0.000,1427.623,25.863,4.1200,19.445,0.000,0.000,0.000,0.0000,0.0000,0.0000,-315.628,1361.578,290.846,Static,-,-,000001EA5685C100,-,0,0,-,
500,1199.854,10.9650,touch,ragdoll,Lennald the Brash [Whiterun Guard],000D0FF6,NPC Head [Head],13,0.000,0.000,0.000,1411.415,86.861,4.1200,15.561,0.000,0.000,0.000,0.0000,0.0000,0.0000,532.668,1295.422,173.898,Static,-,-,000001EA5685C100,-,0,0,-,
501,1199.858,10.9650,touch,ragdoll,Lennald the Brash [Whiterun Guard],000D0FF6,NPC R Foot [Rft ],8,0.000,0.000,0.000,2416.911,20.148,3.0900,10.311,0.000,0.000,0.000,0.0000,0.0000,0.0000,-1095.658,2146.950,177.767,Static,-,-,000001EAE49BE500,-,0,0,-,
502,1199.864,10.9650,impact,ragdoll,Lennald the Brash [Whiterun Guard],000D0FF6,NPC Spine1 [Spn1],6,1419.338,1113.259,782.634,1427.623,25.863,4.1200,19.445,-595.506,672.055,-290.637,0.0000,-0.9381,0.3465,-315.628,1361.578,290.846,Static,WoodStairs,shape,000001EA5685C100,-,0,0,-,
503,1199.881,10.9650,impact,ragdoll,Lennald the Brash [Whiterun Guard],000D0FF6,NPC R Foot [Rft ],8,1211.021,1041.751,2156.363,2416.911,20.148,3.0900,10.311,-634.219,730.557,-259.127,1.0000,-0.0000,-0.0000,-1095.658,2146.950,177.767,Static,Stone,shape,000001EA5685C100,-,0,0,-,
504,1199.888,10.9650,impact,ragdoll,Lennald the Brash [Whiterun Guard],000D0FF6,NPC R Foot [Rft ],8,72.547,844.152,1857.488,2183.860,120.406,3.0900,10.311,-634.415,733.023,-264.749,0.4387,-0.3612,0.8229,914.979,1977.443,147.570,Static,Stone,shape,000001EA5685C100,-,0,0,-,
505,1199.889,10.9650,impact,ragdoll,Lennald the Brash [Whiterun Guard],000D0FF6,NPC R Foot [Rft ],8,1468.010,1309.625,1062.830,2183.860,120.406,3.0900,10.311,-631.418,735.463,-263.671,-0.0000,-0.7338,0.6794,914.979,1977.443,147.570,Static,WoodStairs,shape,000001EA5685C100,-,0,0,-,
506,1199.889,10.9650,impact,ragdoll,Lennald the Brash [Whiterun Guard],000D0FF6,NPC R Foot [Rft ],8,1468.011,1309.626,1062.829,2183.860,120.406,3.0900,10.311,-631.418,735.463,-263.671,-0.0000,-0.7338,0.6794,914.979,1977.443,147.570,Static,WoodStairs,shape,000001EA5685C100,-,0,0,-,
507,1199.889,10.9650,impact,ragdoll,Lennald the Brash [Whiterun Guard],000D0FF6,NPC R Foot [Rft ],8,2389.800,1696.493,130.345,2183.860,120.406,3.0900,10.311,-631.547,735.465,-263.753,-0.0000,-1.0000,0.0000,914.979,1977.443,147.570,Static,WoodStairs,shape,000001EA5685C100,-,0,1,-,
508,1199.898,10.9650,separate,ragdoll,Lennald the Brash [Whiterun Guard],000D0FF6,NPC R Foot [Rft ],8,0.000,0.000,0.000,1424.409,273.998,3.0900,10.311,0.000,0.000,0.000,0.0000,0.0000,0.0000,1098.308,516.422,745.633,Static,-,-,000001EAE49BE500,-,0,0,-,
509,1199.899,10.9650,impact,ragdoll,Lennald the Brash [Whiterun Guard],000D0FF6,NPC R Hand [RHnd],17,1797.513,1614.222,532.725,1669.422,77.903,4.1200,8.584,-592.221,639.692,-313.948,-0.0000,-1.0000,-0.0000,-734.037,1490.099,166.622,Static,WoodStairs,shape,000001EA5685C100,-,0,0,-,
510,1199.901,10.9650,separate,ragdoll,Lennald the Brash [Whiterun Guard],000D0FF6,NPC R Hand [RHnd],17,0.000,0.000,0.000,1359.174,106.679,4.1200,8.584,0.000,0.000,0.000,0.0000,0.0000,0.0000,-285.442,-1325.863,89.241,Static,-,-,000001EAE4AD0D00,-,0,0,-,
511,1199.901,10.9650,touch,ragdoll,Lennald the Brash [Whiterun Guard],000D0FF6,NPC R Hand [RHnd],17,0.000,0.000,0.000,1359.174,106.679,4.1200,8.584,0.000,0.000,0.000,0.0000,0.0000,0.0000,-285.442,-1325.863,89.241,Static,-,-,000001EAE4AD0D00,-,0,0,-,
512,1199.909,10.9650,impact,ragdoll,Lennald the Brash [Whiterun Guard],000D0FF6,NPC R Calf [RClf],4,1920.216,1993.567,1457.528,2335.340,83.607,6.1800,20.265,-624.366,736.555,-261.152,-0.0000,-0.9147,0.4040,-1074.802,2060.817,-227.257,Static,WoodStairs,shape,000001EA5685C100,-,0,0,-,
513,1199.921,10.9650,touch,ragdoll,Lennald the Brash [Whiterun Guard],000D0FF6,NPC L Forearm [LLar],14,0.000,0.000,0.000,2060.303,69.144,2.0600,12.007,0.000,0.000,0.000,0.0000,0.0000,0.0000,-774.166,1870.068,385.181,DeadBip,-,-,000001EB3A1FDF00,6,0,0,-,
514,1199.921,10.9650,touch,ragdoll,Lennald the Brash [Whiterun Guard],000D0FF6,NPC Spine1 [Spn1],6,0.000,0.000,0.000,1080.399,40.592,4.1200,19.445,0.000,0.000,0.000,0.0000,0.0000,0.0000,108.978,-804.484,712.876,DeadBip,-,-,000001EB3A1FC700,14,0,0,-,
515,1199.922,10.9650,touch,ragdoll,Lennald the Brash [Whiterun Guard],000D0FF6,NPC L Hand [LHnd],16,0.000,0.000,0.000,2273.218,53.251,4.1200,8.584,0.000,0.000,0.000,0.0000,0.0000,0.0000,-741.290,2144.229,142.453,DeadBip,-,-,000001EB3A1FDF00,6,0,0,-,
516,1199.922,10.9650,touch,ragdoll,Lennald the Brash [Whiterun Guard],000D0FF6,NPC Spine1 [Spn1],6,0.000,0.000,0.000,1080.399,40.592,4.1200,19.445,0.000,0.000,0.000,0.0000,0.0000,0.0000,108.978,-804.484,712.876,DeadBip,-,-,000001EB3A1FC400,16,0,0,-,
517,1200.099,10.9650,impact,ragdoll,Lennald the Brash [Whiterun Guard],000D0FF6,NPC L Thigh [LThg],1,84.784,84.784,2050.423,1964.577,18.176,6.1800,21.102,-595.376,671.946,-291.561,0.0001,-0.1045,0.9945,-286.560,1941.873,81.087,Static,WoodStairs,shape,000001EA5685C100,-,1,0,-,
518,1200.099,10.9650,impact,ragdoll,Lennald the Brash [Whiterun Guard],000D0FF6,NPC L Thigh [LThg],1,1976.006,1976.006,561.233,1964.577,18.176,6.1800,21.102,-595.741,671.947,-292.639,-0.0000,-1.0000,0.0000,-286.560,1941.873,81.087,Static,WoodStairs,shape,000001EA5685C100,-,0,0,-,
519,1200.100,10.9650,impact,ragdoll,Lennald the Brash [Whiterun Guard],000D0FF6,NPC R Thigh [RThg],2,1071.221,1071.221,1415.537,2025.383,53.403,6.1800,21.101,-604.163,703.719,-277.593,-0.0000,-0.4424,0.8968,-819.385,1808.330,-400.906,Static,WoodStairs,shape,000001EA5685C100,-,1,0,-,
520,1200.100,10.9650,impact,ragdoll,Lennald the Brash [Whiterun Guard],000D0FF6,NPC R Thigh [RThg],2,385.677,385.677,1746.905,2025.383,53.403,6.1800,21.101,-604.904,705.604,-277.593,0.0000,0.0000,1.0000,-819.385,1808.330,-400.906,Static,WoodStairs,shape,000001EA5685C100,-,0,0,-,
521,1200.100,10.9650,impact,ragdoll,Lennald the Brash [Whiterun Guard],000D0FF6,NPC R Thigh [RThg],2,1734.987,1734.987,362.481,2025.383,53.403,6.1800,21.101,-604.408,703.721,-278.434,-0.0000,-1.0000,0.0000,-819.385,1808.330,-400.906,Static,WoodStairs,shape,000001EA5685C100,-,0,0,-,
522,1200.100,10.9650,impact,ragdoll,Lennald the Brash [Whiterun Guard],000D0FF6,NPC R Thigh [RThg],2,1071.221,1071.221,1415.537,2025.383,53.403,6.1800,21.101,-604.163,703.719,-277.593,-0.0000,-0.4424,0.8968,-819.385,1808.330,-400.906,Static,WoodStairs,shape,000001EA5685C100,-,0,1,-,
523,1200.101,10.9650,impact,ragdoll,Lennald the Brash [Whiterun Guard],000D0FF6,NPC Spine [Spn0],3,34.013,34.013,314.476,1707.819,49.071,4.1200,17.816,-598.312,674.741,-261.682,0.1982,0.1779,-0.9639,-334.312,1565.888,594.034,DeadBip,Skin,shape,000001EB3A1FC700,14,0,1,-,
524,1200.101,10.9650,impact,ragdoll,Lennald the Brash [Whiterun Guard],000D0FF6,NPC L Forearm [LLar],14,34.013,-34.013,314.476,2058.285,69.110,2.0600,12.007,-598.312,674.741,-261.682,0.1982,0.1779,-0.9639,-773.407,1868.235,384.804,DeadBip,Skin,shape,000001EB3A1FE200,3,0,1,-,
525,1200.102,10.9650,impact,ragdoll,Lennald the Brash [Whiterun Guard],000D0FF6,NPC Spine [Spn0],3,894.074,894.074,497.662,1707.819,49.071,4.1200,17.816,-589.674,665.766,-260.745,-0.3960,0.6179,-0.6792,-334.312,1565.888,594.034,DeadBip,Skin,shape,000001EB3A1FC400,16,1,1,-,
526,1200.102,10.9650,impact,ragdoll,Lennald the Brash [Whiterun Guard],000D0FF6,NPC L Hand [LHnd],16,894.074,-894.074,497.662,2270.991,53.224,4.1200,8.584,-589.674,665.766,-260.745,-0.3960,0.6179,-0.6792,-740.564,2142.128,142.313,DeadBip,Skin,shape,000001EB3A1FE200,3,1,1,-,
527,1200.103,10.9650,impact,ragdoll,Lennald the Brash [Whiterun Guard],000D0FF6,NPC R Calf [RClf],4,1163.145,1163.145,1427.622,565.501,106.207,6.1800,20.265,-634.219,732.913,-258.195,1.0000,-0.0000,-0.0000,-469.051,185.926,255.371,Static,Stone,shape,000001EA5685C100,-,0,1,-,
528,1200.106,10.9650,impact,ragdoll,Lennald the Brash [Whiterun Guard],000D0FF6,NPC Spine2 [Spn2],9,1213.832,1213.832,635.685,1295.747,48.622,7.2100,23.744,-589.844,671.664,-291.721,0.0001,-0.8391,0.5440,-15.874,1295.336,-28.533,Static,WoodStairs,shape,000001EA5685C100,-,0,0,-,
529,1200.106,10.9650,impact,ragdoll,Lennald the Brash [Whiterun Guard],000D0FF6,NPC Spine2 [Spn2],9,1213.832,1213.832,635.685,1295.747,48.622,7.2100,23.744,-589.844,671.664,-291.721,0.0001,-0.8391,0.5440,-15.874,1295.336,-28.533,Static,WoodStairs,shape,000001EA5685C100,-,0,0,-,
530,1200.106,10.9650,impact,ragdoll,Lennald the Brash [Whiterun Guard],000D0FF6,NPC Spine2 [Spn2],9,1146.549,1146.549,674.413,1295.747,48.622,7.2100,23.744,-590.366,671.664,-292.950,-0.0000,-1.0000,0.0000,-15.874,1295.336,-28.533,Static,WoodStairs,shape,000001EA5685C100,-,0,1,-,
531,1200.110,10.9650,impact,ragdoll,Lennald the Brash [Whiterun Guard],000D0FF6,NPC R Forearm [RLar],15,219.886,219.886,901.532,1122.035,80.979,6.1800,12.007,-607.783,638.103,-307.802,0.9171,-0.2818,0.2821,46.566,1003.594,499.592,Static,Wood,shape,000001EA56BDC100,-,0,0,-,
532,1200.110,10.9650,impact,ragdoll,Lennald the Brash [Whiterun Guard],000D0FF6,NPC R Forearm [RLar],15,473.651,473.651,826.060,1122.035,80.979,6.1800,12.007,-607.842,638.965,-306.767,0.9558,-0.2937,0.0156,46.566,1003.594,499.592,Static,Wood,shape,000001EA56BDC100,-,0,1,-,
533,1200.110,10.9650,impact,ragdoll,Lennald the Brash [Whiterun Guard],000D0FF6,NPC R Forearm [RLar],15,1248.350,1248.350,806.212,1122.035,80.979,6.1800,12.007,-597.481,639.692,-308.791,0.0000,-1.0000,0.0000,46.566,1003.594,499.592,Static,WoodStairs,shape,000001EA5685C100,-,1,0,-,
534,1200.111,10.9650,impact,ragdoll,Lennald the Brash [Whiterun Guard],000D0FF6,NPC R Forearm [RLar],15,1202.935,1202.935,800.105,1122.035,80.979,6.1800,12.007,-597.436,639.773,-307.163,-0.0000,-1.0000,0.0000,46.566,1003.594,499.592,Static,WoodStairs,shape,000001EA5685C100,-,0,0,-,
535,1200.111,10.9650,impact,ragdoll,Lennald the Brash [Whiterun Guard],000D0FF6,NPC R Forearm [RLar],15,1080.692,1080.692,896.227,1122.035,80.979,6.1800,12.007,-597.639,639.776,-306.131,-0.0000,-0.9945,0.1045,46.566,1003.594,499.592,Static,WoodStairs,shape,000001EA5685C100,-,0,1,-,
536,1200.393,10.9650,touch,ragdoll,Lennald the Brash [Whiterun Guard],000D0FF6,NPC L Forearm [LLar],14,0.000,0.000,0.000,905.089,175.473,2.0600,12.007,0.000,0.000,0.000,0.0000,0.0000,0.0000,61.863,890.594,-149.000,DeadBip,-,-,000001EB3A1FEB00,2,0,0,-,
537,1200.394,10.9650,touch,ragdoll,Lennald the Brash [Whiterun Guard],000D0FF6,NPC R Thigh [RThg],2,0.000,0.000,0.000,1078.278,80.684,6.1800,21.101,0.000,0.000,0.000,0.0000,0.0000,0.0000,847.696,644.715,168.631,DeadBip,-,-,000001EB3A1FC700,14,0,0,-,
538,1200.396,10.9650,separate,ragdoll,Lennald the Brash [Whiterun Guard],000D0FF6,NPC Spine [Spn0],3,0.000,0.000,0.000,1004.983,84.830,4.1200,17.816,0.000,0.000,0.000,0.0000,0.0000,0.0000,-529.674,816.726,-249.789,DeadBip,-,-,000001EB3A1FC400,16,0,0,-,
539,1200.396,10.9650,separate,ragdoll,Lennald the Brash [Whiterun Guard],000D0FF6,NPC L Hand [LHnd],16,0.000,0.000,0.000,1934.626,86.906,4.1200,8.584,0.000,0.000,0.000,0.0000,0.0000,0.0000,-255.172,1845.809,520.245,DeadBip,-,-,000001EB3A1FE200,3,0,0,-,
540,1200.397,10.9650,separate,ragdoll,Lennald the Brash [Whiterun Guard],000D0FF6,NPC L Hand [LHnd],16,0.000,0.000,0.000,1934.626,86.906,4.1200,8.584,0.000,0.000,0.000,0.0000,0.0000,0.0000,-255.172,1845.809,520.245,DeadBip,-,-,000001EB3A1FDF00,6,0,0,-,
541,1200.397,10.9650,separate,ragdoll,Lennald the Brash [Whiterun Guard],000D0FF6,NPC Spine1 [Spn1],6,0.000,0.000,0.000,523.140,66.076,4.1200,19.445,0.000,0.000,0.000,0.0000,0.0000,0.0000,28.686,522.197,-12.787,DeadBip,-,-,000001EB3A1FC400,16,0,0,-,
542,1200.413,10.9650,touch,ragdoll,Lennald the Brash [Whiterun Guard],000D0FF6,NPC R Foot [Rft ],8,0.000,0.000,0.000,507.760,162.969,3.0900,10.311,0.000,0.000,0.000,0.0000,0.0000,0.0000,-167.643,-143.147,457.412,Static,-,-,000001EAE49BE500,-,0,0,-,
543,1200.414,10.9650,touch,ragdoll,Lennald the Brash [Whiterun Guard],000D0FF6,NPC L Forearm [LLar],14,0.000,0.000,0.000,905.089,175.473,2.0600,12.007,0.000,0.000,0.000,0.0000,0.0000,0.0000,61.863,890.594,-149.000,DeadBip,-,-,000001EB3A1FFA00,1,0,0,-,
544,1200.415,10.9650,touch,ragdoll,Lennald the Brash [Whiterun Guard],000D0FF6,NPC L Thigh [LThg],1,0.000,0.000,0.000,1013.945,66.232,6.1800,21.102,0.000,0.000,0.000,0.0000,0.0000,0.0000,-14.283,752.442,679.493,DeadBip,-,-,000001EB3A1FC700,14,0,0,-,
545,1200.430,10.9650,separate,ragdoll,Lennald the Brash [Whiterun Guard],000D0FF6,NPC R Forearm [RLar],15,0.000,0.000,0.000,362.328,67.487,6.1800,12.007,0.000,0.000,0.000,0.0000,0.0000,0.0000,-112.288,24.455,343.621,Static,-,-,000001EAE4AD0D00,-,0,0,-,
546,1200.434,10.9650,separate,ragdoll,Lennald the Brash [Whiterun Guard],000D0FF6,NPC R Thigh [RThg],2,0.000,0.000,0.000,1078.278,80.684,6.1800,21.101,0.000,0.000,0.000,0.0000,0.0000,0.0000,847.696,644.715,168.631,Static,-,-,000001EA5685C100,-,0,0,-,
547,1200.441,10.9650,separate,ragdoll,Lennald the Brash [Whiterun Guard],000D0FF6,NPC COM [COM ],0,0.000,0.000,0.000,909.306,14.867,51.5000,18.217,0.000,0.000,0.000,0.0000,0.0000,0.0000,-543.396,677.845,268.485,Static,-,-,000001EA5685C100,-,0,0,-,
548,1200.448,10.9650,touch,ragdoll,Lennald the Brash [Whiterun Guard],000D0FF6,NPC Spine [Spn0],3,0.000,0.000,0.000,1004.983,84.830,4.1200,17.816,0.000,0.000,0.000,0.0000,0.0000,0.0000,-529.674,816.726,-249.789,Static,-,-,000001EA5685C100,-,0,0,-,
549,1200.474,10.9650,separate,ragdoll,Lennald the Brash [Whiterun Guard],000D0FF6,NPC R UpperArm [RUar],12,0.000,0.000,0.000,708.714,123.589,2.0600,14.897,0.000,0.000,0.000,0.0000,0.0000,0.0000,7.633,-4.802,708.657,Static,-,-,000001EA5685C100,-,0,0,-,
550,1200.486,10.9650,impact,ragdoll,Lennald the Brash [Whiterun Guard],000D0FF6,NPC Spine1 [Spn1],6,1248.191,30.469,137.413,523.140,66.076,4.1200,19.445,-596.425,672.604,-290.868,0.0001,-0.6646,0.7472,28.686,522.197,-12.787,Static,WoodStairs,shape,000001EA5685C100,-,0,0,-,
551,1200.501,10.9650,separate,ragdoll,Lennald the Brash [Whiterun Guard],000D0FF6,NPC L Forearm [LLar],14,0.000,0.000,0.000,905.089,175.473,2.0600,12.007,0.000,0.000,0.000,0.0000,0.0000,0.0000,61.863,890.594,-149.000,DeadBip,-,-,000001EB3A1FDF00,6,0,0,-,
552,1200.501,10.9650,separate,ragdoll,Lennald the Brash [Whiterun Guard],000D0FF6,NPC Spine1 [Spn1],6,0.000,0.000,0.000,1733.162,70.323,4.1200,19.445,0.000,0.000,0.000,0.0000,0.0000,0.0000,327.386,-593.645,1595.073,DeadBip,-,-,000001EB3A1FC700,14,0,0,-,
554,1209.660,10.9650,listener,ragdoll,Lennald the Brash [Whiterun Guard],000D0FF6,-,-,0.000,0.000,0.000,0.000,0.000,0.0000,0.000,-311.888,-308.942,-318.000,0.2772,0.9608,0.0000,0.000,0.000,0.000,-,-,-,0000000000000000,-,0,0,-,tick
555,1221.521,10.9650,impact,ragdoll,Lennald the Brash [Whiterun Guard],000D0FF6,NPC Spine [Spn0],3,576.016,576.016,1700.500,1003.990,84.788,4.1200,17.816,-603.051,703.524,-280.164,-0.0000,-1.0000,0.0000,-529.151,815.919,-249.542,Static,WoodStairs,shape,000001EA5685C100,-,1,0,-,
556,1221.522,10.9650,impact,ragdoll,Lennald the Brash [Whiterun Guard],000D0FF6,NPC Spine [Spn0],3,362.440,362.440,755.413,1003.990,84.788,4.1200,17.816,-603.051,691.697,-291.556,-0.0000,0.0000,1.0000,-529.151,815.919,-249.542,Static,WoodStairs,shape,000001EA5685C100,-,0,1,-,
557,1221.527,10.9650,impact,ragdoll,Lennald the Brash [Whiterun Guard],000D0FF6,NPC R Calf [RClf],4,914.175,914.175,935.150,787.787,87.518,6.1800,20.265,-602.867,735.427,-263.717,-0.0000,-0.8367,0.5477,624.294,442.907,186.273,Static,WoodStairs,shape,000001EA5685C100,-,0,0,-,
558,1221.527,10.9650,impact,ragdoll,Lennald the Brash [Whiterun Guard],000D0FF6,NPC R Calf [RClf],4,914.153,914.153,935.144,787.787,87.518,6.1800,20.265,-602.867,735.427,-263.717,-0.0000,-0.8367,0.5477,624.294,442.907,186.273,Static,WoodStairs,shape,000001EA5685C100,-,0,0,-,
559,1221.527,10.9650,impact,ragdoll,Lennald the Brash [Whiterun Guard],000D0FF6,NPC R Calf [RClf],4,1363.861,1363.861,269.529,787.787,87.518,6.1800,20.265,-602.204,735.439,-264.604,-0.0000,-1.0000,0.0000,624.294,442.907,186.273,Static,WoodStairs,shape,000001EA5685C100,-,0,1,-,
560,1221.533,10.9650,impact,ragdoll,Lennald the Brash [Whiterun Guard],000D0FF6,NPC R Foot [Rft ],8,541.599,541.599,1418.983,507.259,162.888,3.0900,10.311,-639.603,731.909,-244.065,1.0000,-0.0000,-0.0000,-167.477,-143.005,456.960,Static,Wood,shape,000001EAE49BE500,-,1,1,-,
561,1221.537,10.9650,impact,ragdoll,Lennald the Brash [Whiterun Guard],000D0FF6,NPC L Forearm [LLar],14,1294.051,1294.051,1686.351,904.195,175.387,2.0600,12.007,-599.915,678.656,-270.398,-0.3435,0.5449,0.7649,61.802,889.714,-148.853,DeadBip,Skin,shape,000001EB3A1FFA00,1,1,1,-,
562,1221.537,10.9650,impact,ragdoll,Lennald the Brash [Whiterun Guard],000D0FF6,NPC L Thigh [LThg],1,1294.051,-1294.051,1686.351,1012.943,66.200,6.1800,21.102,-599.915,678.656,-270.398,-0.3435,0.5449,0.7649,-14.269,751.699,678.822,DeadBip,Skin,shape,000001EB3A1FC700,14,1,1,-,
563,1221.811,10.9650,separate,ragdoll,Lennald the Brash [Whiterun Guard],000D0FF6,NPC L Forearm [LLar],14,0.000,0.000,0.000,1606.259,147.505,2.0600,12.007,0.000,0.000,0.000,0.0000,0.0000,0.0000,102.174,952.182,1289.566,DeadBip,-,-,000001EB3A1FEB00,2,0,0,-,
564,1221.811,10.9650,separate,ragdoll,Lennald the Brash [Whiterun Guard],000D0FF6,NPC R Thigh [RThg],2,0.000,0.000,0.000,630.056,80.584,6.1800,21.101,0.000,0.000,0.000,0.0000,0.0000,0.0000,-405.653,-24.056,481.494,DeadBip,-,-,000001EB3A1FC700,14,0,0,-,
565,1221.814,10.9650,touch,ragdoll,Lennald the Brash [Whiterun Guard],000D0FF6,NPC R Thigh [RThg],2,0.000,0.000,0.000,630.056,80.584,6.1800,21.101,0.000,0.000,0.000,0.0000,0.0000,0.0000,-405.653,-24.056,481.494,DeadBip,-,-,000001EB3A1FFA00,1,0,0,-,
566,1221.814,10.9650,touch,ragdoll,Lennald the Brash [Whiterun Guard],000D0FF6,NPC L Thigh [LThg],1,0.000,0.000,0.000,1543.437,124.244,6.1800,21.102,0.000,0.000,0.000,0.0000,0.0000,0.0000,422.402,1420.018,432.809,DeadBip,-,-,000001EB3A1FEB00,2,0,0,-,
567,1221.823,10.9650,separate,ragdoll,Lennald the Brash [Whiterun Guard],000D0FF6,NPC R Hand [RHnd],17,0.000,0.000,0.000,905.645,21.726,4.1200,8.584,0.000,0.000,0.000,0.0000,0.0000,0.0000,18.077,-184.837,886.398,Static,-,-,000001EAE4AD0D00,-,0,0,-,
568,1221.827,10.9650,separate,ragdoll,Lennald the Brash [Whiterun Guard],000D0FF6,NPC R Hand [RHnd],17,0.000,0.000,0.000,905.645,21.726,4.1200,8.584,0.000,0.000,0.000,0.0000,0.0000,0.0000,18.077,-184.837,886.398,Static,-,-,000001EA5685C100,-,0,0,-,
569,1221.828,10.9650,separate,ragdoll,Lennald the Brash [Whiterun Guard],000D0FF6,NPC R Foot [Rft ],8,0.000,0.000,0.000,835.137,105.351,3.0900,10.311,0.000,0.000,0.000,0.0000,0.0000,0.0000,452.490,10.571,-701.851,Static,-,-,000001EAE49BE500,-,0,0,-,
570,1221.829,10.9650,separate,ragdoll,Lennald the Brash [Whiterun Guard],000D0FF6,NPC L Forearm [LLar],14,0.000,0.000,0.000,1606.259,147.505,2.0600,12.007,0.000,0.000,0.000,0.0000,0.0000,0.0000,102.174,952.182,1289.566,DeadBip,-,-,000001EB3A1FF400,0,0,0,-,
571,1221.829,10.9650,separate,ragdoll,Lennald the Brash [Whiterun Guard],000D0FF6,NPC COM [COM ],0,0.000,0.000,0.000,507.715,29.182,51.5000,18.217,0.000,0.000,0.000,0.0000,0.0000,0.0000,-287.254,299.547,292.456,DeadBip,-,-,000001EB3A1FC700,14,0,0,-,
572,1221.830,10.9650,separate,ragdoll,Lennald the Brash [Whiterun Guard],000D0FF6,NPC L Forearm [LLar],14,0.000,0.000,0.000,1606.259,147.505,2.0600,12.007,0.000,0.000,0.000,0.0000,0.0000,0.0000,102.174,952.182,1289.566,DeadBip,-,-,000001EB3A1FFA00,1,0,0,-,
573,1221.830,10.9650,separate,ragdoll,Lennald the Brash [Whiterun Guard],000D0FF6,NPC L Thigh [LThg],1,0.000,0.000,0.000,1543.437,124.244,6.1800,21.102,0.000,0.000,0.000,0.0000,0.0000,0.0000,422.402,1420.018,432.809,DeadBip,-,-,000001EB3A1FC700,14,0,0,-,
574,1221.831,10.9650,separate,ragdoll,Lennald the Brash [Whiterun Guard],000D0FF6,NPC Spine [Spn0],3,0.000,0.000,0.000,822.999,79.914,4.1200,17.816,0.000,0.000,0.000,0.0000,0.0000,0.0000,-579.070,582.895,47.323,DeadBip,-,-,000001EB3A1FC700,14,0,0,-,
575,1221.831,10.9650,separate,ragdoll,Lennald the Brash [Whiterun Guard],000D0FF6,NPC L Forearm [LLar],14,0.000,0.000,0.000,1606.259,147.505,2.0600,12.007,0.000,0.000,0.000,0.0000,0.0000,0.0000,102.174,952.182,1289.566,DeadBip,-,-,000001EB3A1FE200,3,0,0,-,
576,1221.841,10.9650,touch,ragdoll,Lennald the Brash [Whiterun Guard],000D0FF6,NPC R Thigh [RThg],2,0.000,0.000,0.000,630.056,80.584,6.1800,21.101,0.000,0.000,0.000,0.0000,0.0000,0.0000,-405.653,-24.056,481.494,Static,-,-,000001EA5685C100,-,0,0,-,
577,1221.853,10.9650,separate,ragdoll,Lennald the Brash [Whiterun Guard],000D0FF6,NPC L Thigh [LThg],1,0.000,0.000,0.000,1543.437,124.244,6.1800,21.102,0.000,0.000,0.000,0.0000,0.0000,0.0000,422.402,1420.018,432.809,Static,-,-,000001EA5685C100,-,0,0,-,
578,1221.864,10.9650,separate,ragdoll,Lennald the Brash [Whiterun Guard],000D0FF6,NPC Spine2 [Spn2],9,0.000,0.000,0.000,1014.784,48.561,7.2100,23.744,0.000,0.000,0.000,0.0000,0.0000,0.0000,-273.325,630.736,746.492,Static,-,-,000001EA5685C100,-,0,0,-,
579,1221.874,10.9650,separate,ragdoll,Lennald the Brash [Whiterun Guard],000D0FF6,NPC Head [Head],13,0.000,0.000,0.000,1267.754,166.213,4.1200,15.561,0.000,0.000,0.000,0.0000,0.0000,0.0000,200.551,551.773,1123.622,Static,-,-,000001EA5685C100,-,0,0,-,
580,1222.111,10.9650,impact,ragdoll,Lennald the Brash [Whiterun Guard],000D0FF6,NPC Spine [Spn0],3,520.653,520.653,1480.225,822.186,79.875,4.1200,17.816,-602.721,703.538,-278.698,-0.0000,-1.0000,0.0000,-578.498,582.319,47.276,Static,WoodStairs,shape,000001EA5685C100,-,0,1,-,
581,1222.118,10.9650,impact,ragdoll,Lennald the Brash [Whiterun Guard],000D0FF6,NPC R Forearm [RLar],15,205.591,205.591,719.131,683.590,56.546,6.1800,12.007,-607.443,640.008,-289.327,0.9195,-0.3931,-0.0051,52.468,275.380,623.465,Static,Wood,shape,000001EA56BDC100,-,1,0,-,
582,1222.118,10.9650,impact,ragdoll,Lennald the Brash [Whiterun Guard],000D0FF6,NPC R Forearm [RLar],15,199.408,199.408,757.143,683.590,56.546,6.1800,12.007,-608.673,637.267,-289.914,0.9558,-0.2937,0.0156,52.468,275.380,623.465,Static,Wood,shape,000001EA56BDC100,-,0,1,-,
583,1222.318,10.9650,touch,ragdoll,Lennald the Brash [Whiterun Guard],000D0FF6,NPC L Forearm [LLar],14,0.000,0.000,0.000,1528.215,83.345,2.0600,12.007,0.000,0.000,0.000,0.0000,0.0000,0.0000,676.128,1193.441,673.789,DeadBip,-,-,000001EB3A1FEB00,2,0,0,-,
584,1222.318,10.9650,touch,ragdoll,Lennald the Brash [Whiterun Guard],000D0FF6,NPC R Thigh [RThg],2,0.000,0.000,0.000,637.264,44.789,6.1800,21.101,0.000,0.000,0.000,0.0000,0.0000,0.0000,-202.828,27.952,603.477,DeadBip,-,-,000001EB3A1FC700,14,0,0,-,
585,1222.319,10.9650,separate,ragdoll,Lennald the Brash [Whiterun Guard],000D0FF6,NPC R Thigh [RThg],2,0.000,0.000,0.000,637.264,44.789,6.1800,21.101,0.000,0.000,0.000,0.0000,0.0000,0.0000,-202.828,27.952,603.477,DeadBip,-,-,000001EB3A1FFA00,1,0,0,-,
586,1222.319,10.9650,separate,ragdoll,Lennald the Brash [Whiterun Guard],000D0FF6,NPC L Thigh [LThg],1,0.000,0.000,0.000,868.770,107.129,6.1800,21.102,0.000,0.000,0.000,0.0000,0.0000,0.0000,99.618,854.012,124.508,DeadBip,-,-,000001EB3A1FEB00,2,0,0,-,
587,1222.323,10.9650,touch,ragdoll,Lennald the Brash [Whiterun Guard],000D0FF6,NPC R UpperArm [RUar],12,0.000,0.000,0.000,976.896,35.275,2.0600,14.897,0.000,0.000,0.000,0.0000,0.0000,0.0000,123.064,887.382,389.532,Static,-,-,000001EA56BDC100,-,0,0,-,
588,1222.325,10.9650,touch,ragdoll,Lennald the Brash [Whiterun Guard],000D0FF6,NPC L Hand [LHnd],16,0.000,0.000,0.000,1580.905,291.356,4.1200,8.584,0.000,0.000,0.000,0.0000,0.0000,0.0000,-89.227,1417.997,693.242,DeadBip,-,-,000001EB3A1FEB00,2,0,0,-,
589,1222.325,10.9650,touch,ragdoll,Lennald the Brash [Whiterun Guard],000D0FF6,NPC R Thigh [RThg],2,0.000,0.000,0.000,637.264,44.789,6.1800,21.101,0.000,0.000,0.000,0.0000,0.0000,0.0000,-202.828,27.952,603.477,DeadBip,-,-,000001EB3A1FC400,16,0,0,-,
590,1222.331,10.9650,touch,ragdoll,Lennald the Brash [Whiterun Guard],000D0FF6,NPC L Forearm [LLar],14,0.000,0.000,0.000,1528.215,83.345,2.0600,12.007,0.000,0.000,0.000,0.0000,0.0000,0.0000,676.128,1193.441,673.789,DeadBip,-,-,000001EB3A1FFA00,1,0,0,-,
591,1222.331,10.9650,touch,ragdoll,Lennald the Brash [Whiterun Guard],000D0FF6,NPC L Thigh [LThg],1,0.000,0.000,0.000,868.770,107.129,6.1800,21.102,0.000,0.000,0.000,0.0000,0.0000,0.0000,99.618,854.012,124.508,DeadBip,-,-,000001EB3A1FC700,14,0,0,-,
592,1222.341,10.9650,separate,ragdoll,Lennald the Brash [Whiterun Guard],000D0FF6,NPC R Foot [Rft ],8,0.000,0.000,0.000,1309.129,89.102,3.0900,10.311,0.000,0.000,0.000,0.0000,0.0000,0.0000,492.361,561.231,-1075.369,Static,-,-,000001EA5685C100,-,0,0,-,
593,1222.342,10.9650,touch,ragdoll,Lennald the Brash [Whiterun Guard],000D0FF6,NPC R Foot [Rft ],8,0.000,0.000,0.000,1309.129,89.102,3.0900,10.311,0.000,0.000,0.000,0.0000,0.0000,0.0000,492.361,561.231,-1075.369,Static,-,-,000001EA5685C100,-,0,0,-,
594,1222.345,10.9650,separate,ragdoll,Lennald the Brash [Whiterun Guard],000D0FF6,NPC R Thigh [RThg],2,0.000,0.000,0.000,637.264,44.789,6.1800,21.101,0.000,0.000,0.000,0.0000,0.0000,0.0000,-202.828,27.952,603.477,Static,-,-,000001EA5685C100,-,0,0,-,
595,1222.348,10.9650,separate,ragdoll,Lennald the Brash [Whiterun Guard],000D0FF6,NPC R Forearm [RLar],15,0.000,0.000,0.000,901.024,87.690,6.1800,12.007,0.000,0.000,0.000,0.0000,0.0000,0.0000,150.318,455.268,762.876,Static,-,-,000001EA5685C100,-,0,0,-,
596,1222.356,10.9650,separate,ragdoll,Lennald the Brash [Whiterun Guard],000D0FF6,NPC Spine [Spn0],3,0.000,0.000,0.000,842.098,74.828,4.1200,17.816,0.000,0.000,0.000,0.0000,0.0000,0.0000,-523.919,25.885,658.762,Static,-,-,000001EA5685C100,-,0,0,-,
597,1222.357,10.9650,touch,ragdoll,Lennald the Brash [Whiterun Guard],000D0FF6,NPC L Hand [LHnd],16,0.000,0.000,0.000,1580.905,291.356,4.1200,8.584,0.000,0.000,0.000,0.0000,0.0000,0.0000,-89.227,1417.997,693.242,DeadBip,-,-,000001EB3A1FE800,4,0,0,-,
598,1222.357,10.9650,touch,ragdoll,Lennald the Brash [Whiterun Guard],000D0FF6,NPC R Calf [RClf],4,0.000,0.000,0.000,337.608,65.155,6.1800,20.265,0.000,0.000,0.000,0.0000,0.0000,0.0000,296.922,-108.573,-118.441,DeadBip,-,-,000001EB3A1FC400,16,0,0,-,
599,1222.363,10.9650,separate,ragdoll,Lennald the Brash [Whiterun Guard],000D0FF6,NPC Spine1 [Spn1],6,0.000,0.000,0.000,835.338,74.083,4.1200,19.445,0.000,0.000,0.000,0.0000,0.0000,0.0000,-456.189,503.124,486.362,Static,-,-,000001EA5685C100,-,0,0,-,
600,1222.372,10.9650,impact,ragdoll,Lennald the Brash [Whiterun Guard],000D0FF6,NPC R Calf [RClf],4,662.505,659.987,1017.660,337.608,65.155,6.1800,20.265,-614.615,734.927,-264.285,-0.0000,-0.7535,0.6575,296.922,-108.573,-118.441,Static,WoodStairs,shape,000001EA5685C100,-,0,0,-,
601,1241.822,10.9651,impact,ragdoll,Lennald the Brash [Whiterun Guard],000D0FF6,NPC R Foot [Rft ],8,998.870,998.870,861.821,1307.814,89.057,3.0900,10.311,-617.969,735.464,-263.671,-0.0000,-0.7326,0.6807,491.867,560.668,-1074.289,Static,WoodStairs,shape,000001EA5685C100,-,1,0,-,
602,1241.823,10.9651,impact,ragdoll,Lennald the Brash [Whiterun Guard],000D0FF6,NPC R Foot [Rft ],8,998.870,998.870,861.821,1307.814,89.057,3.0900,10.311,-617.969,735.464,-263.671,-0.0000,-0.7326,0.6807,491.867,560.668,-1074.289,Static,WoodStairs,shape,000001EA5685C100,-,0,0,-,
603,1241.823,10.9651,impact,ragdoll,Lennald the Brash [Whiterun Guard],000D0FF6,NPC R Foot [Rft ],8,497.009,497.009,1247.965,1307.814,89.057,3.0900,10.311,-618.037,735.487,-264.109,-0.0000,-1.0000,0.0000,491.867,560.668,-1074.289,Static,WoodStairs,shape,000001EA5685C100,-,0,1,-,
604,1241.827,10.9651,impact,ragdoll,Lennald the Brash [Whiterun Guard],000D0FF6,NPC L Forearm [LLar],14,568.054,568.054,1480.792,1526.681,83.303,2.0600,12.007,-585.332,696.790,-250.004,-0.5611,0.0985,0.8219,675.449,1192.242,673.113,DeadBip,Skin,shape,000001EB3A1FFA00,1,1,1,-,
605,1241.827,10.9651,impact,ragdoll,Lennald the Brash [Whiterun Guard],000D0FF6,NPC L Thigh [LThg],1,568.054,-568.054,1480.792,867.898,107.075,6.1800,21.102,-585.332,696.790,-250.004,-0.5611,0.0985,0.8219,99.518,853.154,124.383,DeadBip,Skin,shape,000001EB3A1FC700,14,1,1,-,
606,1241.828,10.9651,impact,ragdoll,Lennald the Brash [Whiterun Guard],000D0FF6,NPC L Forearm [LLar],14,209.338,209.338,1274.275,1526.681,83.303,2.0600,12.007,-597.136,713.768,-248.435,0.2523,-0.5410,0.8023,675.449,1192.242,673.113,DeadBip,Skin,shape,000001EB3A1FEB00,2,1,1,-,
607,1241.828,10.9651,impact,ragdoll,Lennald the Brash [Whiterun Guard],000D0FF6,NPC R Thigh [RThg],2,209.338,-209.338,1274.275,636.624,44.766,6.1800,21.101,-597.136,713.768,-248.435,0.2523,-0.5410,0.8023,-202.625,27.924,602.871,DeadBip,Skin,shape,000001EB3A1FC700,14,1,1,-,
608,1241.830,10.9651,impact,ragdoll,Lennald the Brash [Whiterun Guard],000D0FF6,NPC L Hand [LHnd],16,428.186,428.186,996.264,1579.318,291.210,4.1200,8.584,-594.610,718.746,-246.497,0.1017,-0.2379,0.9659,-89.137,1416.573,692.546,DeadBip,Skin,shape,000001EB3A1FEB00,2,1,1,-,
609,1241.830,10.9651,impact,ragdoll,Lennald the Brash [Whiterun Guard],000D0FF6,NPC R Thigh [RThg],2,428.186,-428.186,996.264,636.624,44.766,6.1800,21.101,-594.610,718.746,-246.497,0.1017,-0.2379,0.9659,-202.625,27.924,602.871,DeadBip,Skin,shape,000001EB3A1FC400,16,1,1,-,
610,1241.830,10.9651,impact,ragdoll,Lennald the Brash [Whiterun Guard],000D0FF6,NPC L Hand [LHnd],16,387.798,387.798,2228.588,1579.318,291.210,4.1200,8.584,-591.702,721.238,-247.676,-0.2379,-0.4566,0.8573,-89.137,1416.573,692.546,DeadBip,Skin,shape,000001EB3A1FE800,4,1,1,-,
611,1241.830,10.9651,impact,ragdoll,Lennald the Brash [Whiterun Guard],000D0FF6,NPC R Calf [RClf],4,387.798,-387.798,2228.588,496.979,46.242,6.1800,20.265,-591.702,721.238,-247.676,-0.2379,-0.4566,0.8573,171.544,-375.214,277.083,DeadBip,Skin,shape,000001EB3A1FC400,16,1,1,-,
612,1242.081,10.9651,separate,ragdoll,Lennald the Brash [Whiterun Guard],000D0FF6,NPC L Forearm [LLar],14,0.000,0.000,0.000,1228.242,127.265,2.0600,12.007,0.000,0.000,0.000,0.0000,0.0000,0.0000,432.748,934.178,669.789,DeadBip,-,-,000001EB3A1FEB00,2,0,0,-,
613,1242.081,10.9651,separate,ragdoll,Lennald the Brash [Whiterun Guard],000D0FF6,NPC R Thigh [RThg],2,0.000,0.000,0.000,402.460,57.251,6.1800,21.101,0.000,0.000,0.000,0.0000,0.0000,0.0000,-18.860,-10.689,401.876,DeadBip,-,-,000001EB3A1FC700,14,0,0,-,
614,1242.083,10.9651,touch,ragdoll,Lennald the Brash [Whiterun Guard],000D0FF6,NPC R Thigh [RThg],2,0.000,0.000,0.000,402.460,57.251,6.1800,21.101,0.000,0.000,0.000,0.0000,0.0000,0.0000,-18.860,-10.689,401.876,DeadBip,-,-,000001EB3A1FFA00,1,0,0,-,
615,1242.083,10.9651,touch,ragdoll,Lennald the Brash [Whiterun Guard],000D0FF6,NPC L Thigh [LThg],1,0.000,0.000,0.000,932.321,75.989,6.1800,21.102,0.000,0.000,0.000,0.0000,0.0000,0.0000,-331.254,855.427,166.543,DeadBip,-,-,000001EB3A1FEB00,2,0,0,-,
616,1242.089,10.9651,separate,ragdoll,Lennald the Brash [Whiterun Guard],000D0FF6,NPC R Forearm [RLar],15,0.000,0.000,0.000,995.474,99.836,6.1800,12.007,0.000,0.000,0.000,0.0000,0.0000,0.0000,146.450,451.429,875.062,Static,-,-,000001EA56BDC100,-,0,0,-,
617,1242.091,10.9651,separate,ragdoll,Lennald the Brash [Whiterun Guard],000D0FF6,NPC R UpperArm [RUar],12,0.000,0.000,0.000,800.080,20.310,2.0600,14.897,0.000,0.000,0.000,0.0000,0.0000,0.0000,152.519,505.851,600.816,Static,-,-,000001EA56BDC100,-,0,0,-,
618,1242.094,10.9651,separate,ragdoll,Lennald the Brash [Whiterun Guard],000D0FF6,NPC L Hand [LHnd],16,0.000,0.000,0.000,1102.051,154.515,4.1200,8.584,0.000,0.000,0.000,0.0000,0.0000,0.0000,-4.105,483.643,990.247,DeadBip,-,-,000001EB3A1FEB00,2,0,0,-,
619,1242.094,10.9651,separate,ragdoll,Lennald the Brash [Whiterun Guard],000D0FF6,NPC R Thigh [RThg],2,0.000,0.000,0.000,402.460,57.251,6.1800,21.101,0.000,0.000,0.000,0.0000,0.0000,0.0000,-18.860,-10.689,401.876,DeadBip,-,-,000001EB3A1FC400,16,0,0,-,
620,1242.096,10.9651,separate,ragdoll,Lennald the Brash [Whiterun Guard],000D0FF6,NPC L Forearm [LLar],14,0.000,0.000,0.000,1228.242,127.265,2.0600,12.007,0.000,0.000,0.000,0.0000,0.0000,0.0000,432.748,934.178,669.789,DeadBip,-,-,000001EB3A1FFA00,1,0,0,-,
621,1242.096,10.9651,separate,ragdoll,Lennald the Brash [Whiterun Guard],000D0FF6,NPC L Thigh [LThg],1,0.000,0.000,0.000,932.321,75.989,6.1800,21.102,0.000,0.000,0.000,0.0000,0.0000,0.0000,-331.254,855.427,166.543,DeadBip,-,-,000001EB3A1FC700,14,0,0,-,
622,1242.097,10.9651,touch,ragdoll,Lennald the Brash [Whiterun Guard],000D0FF6,NPC R Calf [RClf],4,0.000,0.000,0.000,144.018,87.971,6.1800,20.265,0.000,0.000,0.000,0.0000,0.0000,0.0000,106.406,-89.255,38.112,DeadBip,-,-,000001EB3A1FFA00,1,0,0,-,
623,1242.097,10.9651,touch,ragdoll,Lennald the Brash [Whiterun Guard],000D0FF6,NPC L Thigh [LThg],1,0.000,0.000,0.000,932.321,75.989,6.1800,21.102,0.000,0.000,0.000,0.0000,0.0000,0.0000,-331.254,855.427,166.543,DeadBip,-,-,000001EB3A1FE800,4,0,0,-,
624,1242.127,10.9651,separate,ragdoll,Lennald the Brash [Whiterun Guard],000D0FF6,NPC L Hand [LHnd],16,0.000,0.000,0.000,1102.051,154.515,4.1200,8.584,0.000,0.000,0.000,0.0000,0.0000,0.0000,-4.105,483.643,990.247,DeadBip,-,-,000001EB3A1FE800,4,0,0,-,
625,1242.127,10.9651,separate,ragdoll,Lennald the Brash [Whiterun Guard],000D0FF6,NPC R Calf [RClf],4,0.000,0.000,0.000,144.018,87.971,6.1800,20.265,0.000,0.000,0.000,0.0000,0.0000,0.0000,106.406,-89.255,38.112,DeadBip,-,-,000001EB3A1FC400,16,0,0,-,
626,1242.134,10.9651,impact,ragdoll,Lennald the Brash [Whiterun Guard],000D0FF6,NPC R Foot [Rft ],8,600.712,740.504,768.205,950.827,99.558,3.0900,10.311,-618.141,735.592,-263.583,-0.0000,-0.3671,0.9302,669.391,-211.144,-641.410,Static,WoodStairs,shape,000001EA5685C100,-,0,0,-,
627,1242.320,10.9651,impact,ragdoll,Lennald the Brash [Whiterun Guard],000D0FF6,NPC R Thigh [RThg],2,36.297,36.297,676.139,402.056,57.222,6.1800,21.101,-603.883,705.385,-258.223,-0.4786,0.2194,0.8502,-18.841,-10.679,401.472,DeadBip,Skin,shape,000001EB3A1FFA00,1,1,1,-,
628,1242.320,10.9651,impact,ragdoll,Lennald the Brash [Whiterun Guard],000D0FF6,NPC L Thigh [LThg],1,36.297,-36.297,676.139,931.384,75.951,6.1800,21.102,-603.883,705.385,-258.223,-0.4786,0.2194,0.8502,-330.922,854.568,166.376,DeadBip,Skin,shape,000001EB3A1FEB00,2,1,1,-,
629,1242.321,10.9651,impact,ragdoll,Lennald the Brash [Whiterun Guard],000D0FF6,NPC R Calf [RClf],4,658.146,658.146,1402.607,143.873,87.927,6.1800,20.265,-586.854,715.081,-253.253,-0.3982,0.8007,0.4475,106.299,-89.165,38.074,DeadBip,Skin,shape,000001EB3A1FFA00,1,1,1,-,
630,1242.321,10.9651,impact,ragdoll,Lennald the Brash [Whiterun Guard],000D0FF6,NPC L Thigh [LThg],1,658.146,-658.146,1402.607,931.384,75.951,6.1800,21.102,-586.854,715.081,-253.253,-0.3982,0.8007,0.4475,-330.922,854.568,166.376,DeadBip,Skin,shape,000001EB3A1FE800,4,1,1,-,
631,1242.322,10.9651,impact,ragdoll,Lennald the Brash [Whiterun Guard],000D0FF6,NPC R Calf [RClf],4,345.546,345.546,1506.277,143.873,87.927,6.1800,20.265,-610.114,728.638,-277.557,-0.0000,0.0000,1.0000,106.299,-89.165,38.074,Static,WoodStairs,shape,000001EA5685C100,-,0,0,-,
632,1242.578,10.9651,touch,ragdoll,Lennald the Brash [Whiterun Guard],000D0FF6,NPC L Forearm [LLar],14,0.000,0.000,0.000,474.274,70.723,2.0600,12.007,0.000,0.000,0.000,0.0000,0.0000,0.0000,-314.439,347.259,74.001,DeadBip,-,-,000001EB3A1FEB00,2,0,0,-,
633,1242.579,10.9651,touch,ragdoll,Lennald the Brash [Whiterun Guard],000D0FF6,NPC R Thigh [RThg],2,0.000,0.000,0.000,624.876,29.981,6.1800,21.101,0.000,0.000,0.000,0.0000,0.0000,0.0000,-288.163,10.868,554.359,DeadBip,-,-,000001EB3A1FC700,14,0,0,-,
634,1242.608,10.9651,touch,ragdoll,Lennald the Brash [Whiterun Guard],000D0FF6,NPC L Calf [LClf],5,0.000,0.000,0.000,1624.177,79.952,6.1800,20.265,0.000,0.000,0.000,0.0000,0.0000,0.0000,-553.212,1526.573,38.516,Static,-,-,000001EA5685C100,-,0,0,-,
636,1251.688,10.9651,listener,ragdoll,Lennald the Brash [Whiterun Guard],000D0FF6,-,-,0.000,0.000,0.000,0.000,0.000,0.0000,0.000,-311.888,-308.942,-318.000,0.2525,0.9676,0.0000,0.000,0.000,0.000,-,-,-,0000000000000000,-,0,0,-,tick
637,1263.043,10.9651,impact,ragdoll,Lennald the Brash [Whiterun Guard],000D0FF6,NPC R Calf [RClf],4,333.621,333.621,645.874,376.225,96.730,6.1800,20.265,-605.832,735.370,-264.728,-0.0000,-1.0000,0.0000,34.007,51.593,371.115,Static,WoodStairs,shape,000001EA5685C100,-,0,1,-,
638,1263.045,10.9651,impact,ragdoll,Lennald the Brash [Whiterun Guard],000D0FF6,NPC L Calf [LClf],5,542.568,542.568,2380.523,1622.533,79.912,6.1800,20.265,-563.598,735.565,-263.595,-0.0000,-0.4440,0.8960,-552.651,1525.027,38.477,Static,WoodStairs,shape,000001EA5685C100,-,1,0,-,
639,1263.046,10.9651,impact,ragdoll,Lennald the Brash [Whiterun Guard],000D0FF6,NPC L Calf [LClf],5,542.566,542.566,2380.530,1622.533,79.912,6.1800,20.265,-563.598,735.565,-263.595,-0.0000,-0.4440,0.8960,-552.651,1525.027,38.477,Static,WoodStairs,shape,000001EA5685C100,-,0,1,-,
640,1263.051,10.9651,impact,ragdoll,Lennald the Brash [Whiterun Guard],000D0FF6,NPC L Forearm [LLar],14,529.850,529.850,790.522,473.794,70.687,2.0600,12.007,-592.276,720.737,-239.583,0.8391,-0.1937,0.5083,-314.120,346.907,73.926,DeadBip,Skin,shape,000001EB3A1FEB00,2,1,1,-,
641,1263.052,10.9651,impact,ragdoll,Lennald the Brash [Whiterun Guard],000D0FF6,NPC R Thigh [RThg],2,529.850,-529.850,790.522,624.243,29.966,6.1800,21.101,-592.276,720.737,-239.583,0.8391,-0.1937,0.5083,-287.871,10.857,553.797,DeadBip,Skin,shape,000001EB3A1FC700,14,1,1,-,
642,1263.309,10.9651,touch,ragdoll,Lennald the Brash [Whiterun Guard],000D0FF6,NPC L Calf [LClf],5,0.000,0.000,0.000,1291.966,57.243,6.1800,20.265,0.000,0.000,0.000,0.0000,0.0000,0.0000,-786.153,862.046,554.992,DeadBip,-,-,000001EB3A1FE800,4,0,0,-,
643,1263.309,10.9651,touch,ragdoll,Lennald the Brash [Whiterun Guard],000D0FF6,NPC R Calf [RClf],4,0.000,0.000,0.000,534.182,125.204,6.1800,20.265,0.000,0.000,0.000,0.0000,0.0000,0.0000,-65.553,425.061,316.821,DeadBip,-,-,000001EB3A1FF700,5,0,0,-,
644,1263.315,10.9651,touch,ragdoll,Lennald the Brash [Whiterun Guard],000D0FF6,NPC L Thigh [LThg],1,0.000,0.000,0.000,677.591,21.315,6.1800,21.102,0.000,0.000,0.000,0.0000,0.0000,0.0000,-251.250,391.771,492.462,DeadBip,-,-,000001EB3A1FE500,8,0,0,-,
645,1263.315,10.9651,touch,ragdoll,Lennald the Brash [Whiterun Guard],000D0FF6,NPC R Foot [Rft ],8,0.000,0.000,0.000,192.947,108.267,3.0900,10.311,0.000,0.000,0.000,0.0000,0.0000,0.0000,93.913,-128.297,109.310,DeadBip,-,-,000001EB3A1FFA00,1,0,0,-,
646,1263.760,10.9651,impact,ragdoll,Lennald the Brash [Whiterun Guard],000D0FF6,NPC L Thigh [LThg],1,234.802,234.802,925.979,676.905,21.304,6.1800,21.102,-602.336,723.819,-261.285,0.5388,-0.7158,0.4442,-250.995,391.374,491.963,DeadBip,Skin,shape,000001EB3A1FE500,8,1,1,-,
647,1263.760,10.9651,impact,ragdoll,Lennald the Brash [Whiterun Guard],000D0FF6,NPC R Foot [Rft ],8,234.802,-234.802,925.979,192.751,108.212,3.0900,10.311,-602.336,723.819,-261.285,0.5388,-0.7158,0.4442,93.818,-128.167,109.200,DeadBip,Skin,shape,000001EB3A1FFA00,1,1,1,-,
648,1263.764,10.9651,impact,ragdoll,Lennald the Brash [Whiterun Guard],000D0FF6,NPC R Calf [RClf],4,393.911,393.911,755.555,533.641,125.140,6.1800,20.265,-602.349,735.377,-263.842,-0.0000,-0.9815,0.1914,-65.486,424.631,316.501,Static,WoodStairs,shape,000001EA5685C100,-,0,0,-,
649,1263.764,10.9651,impact,ragdoll,Lennald the Brash [Whiterun Guard],000D0FF6,NPC R Calf [RClf],4,490.583,490.583,686.406,533.641,125.140,6.1800,20.265,-602.412,735.386,-264.701,-0.0000,-1.0000,0.0000,-65.486,424.631,316.501,Static,WoodStairs,shape,000001EA5685C100,-,0,1,-,
650,1263.765,10.9651,impact,ragdoll,Lennald the Brash [Whiterun Guard],000D0FF6,NPC L Calf [LClf],5,638.727,638.727,973.036,1290.658,57.214,6.1800,20.265,-595.539,728.511,-254.014,0.9893,0.0345,-0.1415,-785.357,861.173,554.430,DeadBip,Skin,shape,000001EB3A1FE800,4,1,1,-,
651,1263.765,10.9651,impact,ragdoll,Lennald the Brash [Whiterun Guard],000D0FF6,NPC R Calf [RClf],4,638.727,-638.727,973.036,533.641,125.140,6.1800,20.265,-595.539,728.511,-254.014,0.9893,0.0345,-0.1415,-65.486,424.631,316.501,DeadBip,Skin,shape,000001EB3A1FF700,5,1,1,-,
652,1263.817,10.9651,separate,ragdoll,Lennald the Brash [Whiterun Guard],000D0FF6,NPC L Forearm [LLar],14,0.000,0.000,0.000,455.606,30.124,2.0600,12.007,0.000,0.000,0.000,0.0000,0.0000,0.0000,229.669,96.023,381.587,DeadBip,-,-,000001EB3A1FEB00,2,0,0,-,
653,1263.817,10.9651,separate,ragdoll,Lennald the Brash [Whiterun Guard],000D0FF6,NPC R Thigh [RThg],2,0.000,0.000,0.000,662.025,22.275,6.1800,21.101,0.000,0.000,0.000,0.0000,0.0000,0.0000,-317.769,357.823,457.452,DeadBip,-,-,000001EB3A1FC700,14,0,0,-,
654,1263.822,10.9651,separate,ragdoll,Lennald the Brash [Whiterun Guard],000D0FF6,NPC L Calf [LClf],5,0.000,0.000,0.000,1111.167,76.122,6.1800,20.265,0.000,0.000,0.000,0.0000,0.0000,0.0000,-756.395,722.698,374.521,DeadBip,-,-,000001EB3A1FE800,4,0,0,-,
655,1263.822,10.9651,separate,ragdoll,Lennald the Brash [Whiterun Guard],000D0FF6,NPC R Calf [RClf],4,0.000,0.000,0.000,585.551,50.334,6.1800,20.265,0.000,0.000,0.000,0.0000,0.0000,0.0000,-348.661,214.542,418.661,DeadBip,-,-,000001EB3A1FF700,5,0,0,-,
656,1263.841,10.9651,separate,ragdoll,Lennald the Brash [Whiterun Guard],000D0FF6,NPC L Calf [LClf],5,0.000,0.000,0.000,1111.167,76.122,6.1800,20.265,0.000,0.000,0.000,0.0000,0.0000,0.0000,-756.395,722.698,374.521,Static,-,-,000001EA5685C100,-,0,0,-,
658,1274.098,10.9652,listener,ragdoll,Lennald the Brash [Whiterun Guard],000D0FF6,-,-,0.000,0.000,0.000,0.000,0.000,0.0000,0.000,-311.888,-308.942,-318.000,0.2478,0.9688,0.0000,0.000,0.000,0.000,-,-,-,0000000000000000,-,0,0,-,tick
659,1284.135,10.9652,touch,ragdoll,Lennald the Brash [Whiterun Guard],000D0FF6,NPC R Forearm [RLar],15,0.000,0.000,0.000,1398.333,41.566,6.1800,12.007,0.000,0.000,0.000,0.0000,0.0000,0.0000,110.218,794.920,1145.115,DeadBip,-,-,000001EB3A1FDC00,9,0,0,-,
660,1284.135,10.9652,touch,ragdoll,Lennald the Brash [Whiterun Guard],000D0FF6,NPC Spine2 [Spn2],9,0.000,0.000,0.000,802.586,27.582,7.2100,23.744,0.000,0.000,0.000,0.0000,0.0000,0.0000,166.201,372.137,691.401,DeadBip,-,-,000001EB3A1FD000,15,0,0,-,
661,1284.511,10.9652,impact,ragdoll,Lennald the Brash [Whiterun Guard],000D0FF6,NPC R Forearm [RLar],15,296.369,296.369,364.656,1396.893,41.544,6.1800,12.007,-589.526,684.130,-235.709,-0.2009,-0.9759,0.0846,110.105,794.102,1143.936,DeadBip,Skin,shape,000001EB3A1FDC00,9,1,1,-,
662,1284.512,10.9652,impact,ragdoll,Lennald the Brash [Whiterun Guard],000D0FF6,NPC Spine2 [Spn2],9,296.369,-296.369,364.656,801.760,27.568,7.2100,23.744,-589.526,684.130,-235.709,-0.2009,-0.9759,0.0846,166.030,371.754,690.690,DeadBip,Skin,shape,000001EB3A1FD000,15,1,1,-,
663,1284.560,10.9652,touch,ragdoll,Lennald the Brash [Whiterun Guard],000D0FF6,NPC L Calf [LClf],5,0.000,0.000,0.000,1251.148,25.562,6.1800,20.265,0.000,0.000,0.000,0.0000,0.0000,0.0000,-1058.932,454.101,487.674,DeadBip,-,-,000001EB3A1FE800,4,0,0,-,
664,1284.560,10.9652,touch,ragdoll,Lennald the Brash [Whiterun Guard],000D0FF6,NPC R Calf [RClf],4,0.000,0.000,0.000,640.601,9.020,6.1800,20.265,0.000,0.000,0.000,0.0000,0.0000,0.0000,-492.850,219.816,345.179,DeadBip,-,-,000001EB3A1FF700,5,0,0,-,
665,1284.566,10.9652,separate,ragdoll,Lennald the Brash [Whiterun Guard],000D0FF6,NPC R Calf [RClf],4,0.000,0.000,0.000,640.601,9.020,6.1800,20.265,0.000,0.000,0.000,0.0000,0.0000,0.0000,-492.850,219.816,345.179,Static,-,-,000001EA5685C100,-,0,0,-,
666,1284.568,10.9652,separate,ragdoll,Lennald the Brash [Whiterun Guard],000D0FF6,NPC R Foot [Rft ],8,0.000,0.000,0.000,315.260,66.193,3.0900,10.311,0.000,0.000,0.000,0.0000,0.0000,0.0000,-179.890,134.926,220.960,Static,-,-,000001EA5685C100,-,0,0,-,
667,1284.568,10.9652,touch,ragdoll,Lennald the Brash [Whiterun Guard],000D0FF6,NPC R Hand [RHnd],17,0.000,0.000,0.000,1502.863,87.679,4.1200,8.584,0.000,0.000,0.000,0.0000,0.0000,0.0000,207.245,1011.015,1092.472,DeadBip,-,-,000001EB3A1FDC00,9,0,0,-,
668,1284.569,10.9652,touch,ragdoll,Lennald the Brash [Whiterun Guard],000D0FF6,NPC Spine2 [Spn2],9,0.000,0.000,0.000,838.848,19.848,7.2100,23.744,0.000,0.000,0.000,0.0000,0.0000,0.0000,121.628,453.559,695.095,DeadBip,-,-,000001EB3A1FCD00,17,0,0,-,
669,1305.617,10.9653,impact,ragdoll,Lennald the Brash [Whiterun Guard],000D0FF6,NPC R Thigh [RThg],2,198.596,198.596,255.840,549.090,22.306,6.1800,21.101,-606.798,734.391,-233.059,-0.7309,0.1365,0.6687,-259.980,310.192,371.067,DeadBip,Skin,shape,000001EB3A1FFA00,1,0,1,-,
670,1305.618,10.9653,impact,ragdoll,Lennald the Brash [Whiterun Guard],000D0FF6,NPC L Thigh [LThg],1,198.596,-198.596,255.840,705.123,34.250,6.1800,21.102,-606.798,734.391,-233.059,-0.7309,0.1365,0.6687,-319.192,352.481,520.646,DeadBip,Skin,shape,000001EB3A1FEB00,2,0,1,-,
671,1305.620,10.9653,impact,ragdoll,Lennald the Brash [Whiterun Guard],000D0FF6,NPC L Calf [LClf],5,126.904,126.904,246.560,1249.860,25.549,6.1800,20.265,-608.676,739.537,-235.422,0.9173,0.3959,-0.0435,-1057.842,453.634,487.172,DeadBip,Skin,shape,000001EB3A1FE800,4,1,1,-,
672,1305.620,10.9653,impact,ragdoll,Lennald the Brash [Whiterun Guard],000D0FF6,NPC R Calf [RClf],4,126.904,-126.904,246.560,639.941,9.015,6.1800,20.265,-608.676,739.537,-235.422,0.9173,0.3959,-0.0435,-492.343,219.590,344.823,DeadBip,Skin,shape,000001EB3A1FF700,5,1,1,-,
673,1305.625,10.9653,impact,ragdoll,Lennald the Brash [Whiterun Guard],000D0FF6,NPC R Hand [RHnd],17,262.671,262.671,663.194,1501.316,87.634,4.1200,8.584,-581.553,691.060,-224.568,0.3273,-0.8693,0.3705,207.032,1009.975,1091.348,DeadBip,Skin,shape,000001EB3A1FDC00,9,1,1,-,
674,1305.625,10.9653,impact,ragdoll,Lennald the Brash [Whiterun Guard],000D0FF6,NPC Spine2 [Spn2],9,262.671,-262.671,663.194,837.984,19.837,7.2100,23.744,-581.553,691.060,-224.568,0.3273,-0.8693,0.3705,121.503,453.092,694.379,DeadBip,Skin,shape,000001EB3A1FCD00,17,1,1,-,
675,1305.697,10.9653,touch,ragdoll,Lennald the Brash [Whiterun Guard],000D0FF6,NPC Head [Head],13,0.000,0.000,0.000,1015.153,15.469,4.1200,15.561,0.000,0.000,0.000,0.0000,0.0000,0.0000,231.023,472.394,868.337,DeadBip,-,-,000001EB3A1FC400,16,0,0,-,
676,1305.697,10.9653,touch,ragdoll,Lennald the Brash [Whiterun Guard],000D0FF6,NPC L Hand [LHnd],16,0.000,0.000,0.000,466.846,39.831,4.1200,8.584,0.000,0.000,0.000,0.0000,0.0000,0.0000,400.189,-32.229,238.235,DeadBip,-,-,000001EB3A1FD600,13,0,0,-,
677,1306.062,10.9653,impact,ragdoll,Lennald the Brash [Whiterun Guard],000D0FF6,NPC Head [Head],13,435.518,435.518,380.812,1014.108,15.429,4.1200,15.561,-572.751,721.489,-207.061,-0.6017,-0.7588,-0.2493,230.785,471.908,867.443,DeadBip,Skin,shape,000001EB3A1FC400,16,1,1,-,
678,1306.062,10.9653,impact,ragdoll,Lennald the Brash [Whiterun Guard],000D0FF6,NPC L Hand [LHnd],16,435.518,-435.518,380.812,466.366,39.811,4.1200,8.584,-572.751,721.489,-207.061,-0.6017,-0.7588,-0.2493,399.777,-32.196,237.989,DeadBip,Skin,shape,000001EB3A1FD600,13,1,1,-,
679,1306.113,10.9653,separate,ragdoll,Lennald the Brash [Whiterun Guard],000D0FF6,NPC Head [Head],13,0.000,0.000,0.000,893.741,19.272,4.1200,15.561,0.000,0.000,0.000,0.0000,0.0000,0.0000,169.840,388.321,786.851,DeadBip,-,-,000001EB3A1FC400,16,0,0,-,
680,1306.113,10.9653,separate,ragdoll,Lennald the Brash [Whiterun Guard],000D0FF6,NPC L Hand [LHnd],16,0.000,0.000,0.000,708.814,14.194,4.1200,8.584,0.000,0.000,0.000,0.0000,0.0000,0.0000,587.083,232.747,321.838,DeadBip,-,-,000001EB3A1FD600,13,0,0,-,
681,1306.119,10.9653,touch,ragdoll,Lennald the Brash [Whiterun Guard],000D0FF6,NPC R Thigh [RThg],2,0.000,0.000,0.000,476.176,33.767,6.1800,21.101,0.000,0.000,0.000,0.0000,0.0000,0.0000,-350.886,115.948,300.297,DeadBip,-,-,000001EB3A1FF700,5,0,0,-,
682,1306.119,10.9653,touch,ragdoll,Lennald the Brash [Whiterun Guard],000D0FF6,NPC L Calf [LClf],5,0.000,0.000,0.000,1027.667,20.379,6.1800,20.265,0.000,0.000,0.000,0.0000,0.0000,0.0000,-994.019,18.844,260.134,DeadBip,-,-,000001EB3A1FEB00,2,0,0,-,
683,1306.122,10.9653,touch,ragdoll,Lennald the Brash [Whiterun Guard],000D0FF6,NPC R Forearm [RLar],15,0.000,0.000,0.000,1392.437,23.038,6.1800,12.007,0.000,0.000,0.000,0.0000,0.0000,0.0000,237.308,664.326,1200.515,DeadBip,-,-,000001EB3A1FD600,13,0,0,-,
684,1306.122,10.9653,touch,ragdoll,Lennald the Brash [Whiterun Guard],000D0FF6,NPC Head [Head],13,0.000,0.000,0.000,893.741,19.272,4.1200,15.561,0.000,0.000,0.000,0.0000,0.0000,0.0000,169.840,388.321,786.851,DeadBip,-,-,000001EB3A1FD000,15,0,0,-,
685,1306.124,10.9653,touch,ragdoll,Lennald the Brash [Whiterun Guard],000D0FF6,NPC R Hand [RHnd],17,0.000,0.000,0.000,1228.795,30.406,4.1200,8.584,0.000,0.000,0.000,0.0000,0.0000,0.0000,205.772,598.781,1053.118,DeadBip,-,-,000001EB3A1FD600,13,0,0,-,
686,1306.124,10.9653,touch,ragdoll,Lennald the Brash [Whiterun Guard],000D0FF6,NPC Head [Head],13,0.000,0.000,0.000,893.741,19.272,4.1200,15.561,0.000,0.000,0.000,0.0000,0.0000,0.0000,169.840,388.321,786.851,DeadBip,-,-,000001EB3A1FCD00,17,0,0,-,
687,1306.125,10.9653,separate,ragdoll,Lennald the Brash [Whiterun Guard],000D0FF6,NPC L Thigh [LThg],1,0.000,0.000,0.000,632.274,32.422,6.1800,21.102,0.000,0.000,0.000,0.0000,0.0000,0.0000,-370.568,276.978,430.967,DeadBip,-,-,000001EB3A1FE500,8,0,0,-,
688,1306.125,10.9653,separate,ragdoll,Lennald the Brash [Whiterun Guard],000D0FF6,NPC R Foot [Rft ],8,0.000,0.000,0.000,603.621,72.900,3.0900,10.311,0.000,0.000,0.000,0.0000,0.0000,0.0000,-293.180,482.167,214.287,DeadBip,-,-,000001EB3A1FFA00,1,0,0,-,
689,1306.126,10.9653,separate,ragdoll,Lennald the Brash [Whiterun Guard],000D0FF6,NPC R Forearm [RLar],15,0.000,0.000,0.000,1392.437,23.038,6.1800,12.007,0.000,0.000,0.000,0.0000,0.0000,0.0000,237.308,664.326,1200.515,DeadBip,-,-,000001EB3A1FDC00,9,0,0,-,
690,1306.126,10.9653,separate,ragdoll,Lennald the Brash [Whiterun Guard],000D0FF6,NPC Spine2 [Spn2],9,0.000,0.000,0.000,860.719,1.741,7.2100,23.744,0.000,0.000,0.000,0.0000,0.0000,0.0000,144.730,476.958,701.713,DeadBip,-,-,000001EB3A1FD000,15,0,0,-,
691,1306.130,10.9653,touch,ragdoll,Lennald the Brash [Whiterun Guard],000D0FF6,NPC L Calf [LClf],5,0.000,0.000,0.000,1027.667,20.379,6.1800,20.265,0.000,0.000,0.000,0.0000,0.0000,0.0000,-994.019,18.844,260.134,Static,-,-,000001EAE49BE500,-,0,0,-,
692,1306.132,10.9653,separate,ragdoll,Lennald the Brash [Whiterun Guard],000D0FF6,NPC R Hand [RHnd],17,0.000,0.000,0.000,1228.795,30.406,4.1200,8.584,0.000,0.000,0.000,0.0000,0.0000,0.0000,205.772,598.781,1053.118,DeadBip,-,-,000001EB3A1FDC00,9,0,0,-,
693,1306.132,10.9653,separate,ragdoll,Lennald the Brash [Whiterun Guard],000D0FF6,NPC Spine2 [Spn2],9,0.000,0.000,0.000,860.719,1.741,7.2100,23.744,0.000,0.000,0.000,0.0000,0.0000,0.0000,144.730,476.958,701.713,DeadBip,-,-,000001EB3A1FCD00,17,0,0,-,
694,1306.133,10.9653,touch,ragdoll,Lennald the Brash [Whiterun Guard],000D0FF6,NPC L Foot [Lft ],7,0.000,0.000,0.000,1107.649,19.885,3.0900,10.311,0.000,0.000,0.000,0.0000,0.0000,0.0000,-1089.265,-53.121,193.819,Static,-,-,000001EAE49BE500,-,0,0,-,
695,1306.142,10.9653,touch,ragdoll,Lennald the Brash [Whiterun Guard],000D0FF6,NPC R Calf [RClf],4,0.000,0.000,0.000,658.383,32.777,6.1800,20.265,0.000,0.000,0.000,0.0000,0.0000,0.0000,-626.894,167.761,111.031,Static,-,-,000001EAE49BE500,-,0,0,-,
696,1306.150,10.9653,impact,ragdoll,Lennald the Brash [Whiterun Guard],000D0FF6,NPC L Foot [Lft ],7,1119.184,1058.195,204.972,1107.649,19.885,3.0900,10.311,-639.603,776.541,-235.533,1.0000,-0.0000,-0.0000,-1089.265,-53.121,193.819,Static,Wood,shape,000001EAE49BE500,-,0,0,-,
698,1315.500,10.9653,listener,ragdoll,Lennald the Brash [Whiterun Guard],000D0FF6,-,-,0.000,0.000,0.000,0.000,0.000,0.0000,0.000,-311.888,-308.942,-318.000,0.2206,0.9754,0.0000,0.000,0.000,0.000,-,-,-,0000000000000000,-,0,0,-,tick
699,1327.182,10.9653,impact,ragdoll,Lennald the Brash [Whiterun Guard],000D0FF6,NPC R Thigh [RThg],2,124.814,124.814,244.806,475.682,33.750,6.1800,21.101,-618.113,747.834,-225.157,-0.6481,-0.6641,0.3727,-350.522,115.828,299.985,DeadBip,Skin,shape,000001EB3A1FF700,5,1,1,-,
700,1327.182,10.9653,impact,ragdoll,Lennald the Brash [Whiterun Guard],000D0FF6,NPC L Calf [LClf],5,124.814,-124.814,244.806,1026.600,20.369,6.1800,20.265,-618.113,747.834,-225.157,-0.6481,-0.6641,0.3727,-992.987,18.825,259.864,DeadBip,Skin,shape,000001EB3A1FEB00,2,1,1,-,
701,1327.186,10.9653,impact,ragdoll,Lennald the Brash [Whiterun Guard],000D0FF6,NPC R Calf [RClf],4,691.992,691.992,209.375,657.699,32.760,6.1800,20.265,-639.603,743.892,-220.067,1.0000,-0.0000,-0.0000,-626.244,167.587,110.916,Static,Wood,shape,000001EAE49BE500,-,1,1,-,
702,1327.187,10.9653,impact,ragdoll,Lennald the Brash [Whiterun Guard],000D0FF6,NPC L Calf [LClf],5,1131.400,1131.400,273.923,1026.600,20.369,6.1800,20.265,-639.603,769.940,-231.027,1.0000,-0.0000,0.0000,-992.987,18.825,259.864,Static,Wood,shape,000001EAE49BE500,-,1,1,-,
703,1327.192,10.9653,impact,ragdoll,Lennald the Brash [Whiterun Guard],000D0FF6,NPC R Forearm [RLar],15,141.298,141.298,165.828,1390.992,23.026,6.1800,12.007,-580.281,704.264,-201.181,0.0812,-0.9776,0.1942,237.061,663.636,1199.270,DeadBip,Skin,shape,000001EB3A1FD600,13,1,1,-,
704,1327.192,10.9653,impact,ragdoll,Lennald the Brash [Whiterun Guard],000D0FF6,NPC Head [Head],13,141.298,-141.298,165.828,892.814,19.222,4.1200,15.561,-580.281,704.264,-201.181,0.0812,-0.9776,0.1942,169.664,387.918,786.034,DeadBip,Skin,shape,000001EB3A1FD000,15,1,1,-,
705,1327.194,10.9653,impact,ragdoll,Lennald the Brash [Whiterun Guard],000D0FF6,NPC R Hand [RHnd],17,105.796,105.796,73.319,1227.520,30.390,4.1200,8.584,-577.591,705.031,-200.770,0.3853,-0.8908,0.2407,205.559,598.159,1052.025,DeadBip,Skin,shape,000001EB3A1FD600,13,1,1,-,
706,1327.194,10.9653,impact,ragdoll,Lennald the Brash [Whiterun Guard],000D0FF6,NPC Head [Head],13,105.796,-105.796,73.319,892.814,19.222,4.1200,15.561,-577.591,705.031,-200.770,0.3853,-0.8908,0.2407,169.664,387.918,786.034,DeadBip,Skin,shape,000001EB3A1FCD00,17,1,1,-,
707,1327.249,10.9653,touch,ragdoll,Lennald the Brash [Whiterun Guard],000D0FF6,NPC R Thigh [RThg],2,0.000,0.000,0.000,199.343,18.685,6.1800,21.101,0.000,0.000,0.000,0.0000,0.0000,0.0000,-11.301,9.357,198.802,Static,-,-,000001EAE49BE500,-,0,0,-,
708,1327.631,10.9653,impact,ragdoll,Lennald the Brash [Whiterun Guard],000D0FF6,NPC R Thigh [RThg],2,58.858,58.858,181.174,199.136,18.675,6.1800,21.101,-612.238,722.705,-221.240,-0.6331,-0.3639,0.6833,-11.289,9.348,198.596,DeadBip,Skin,shape,000001EB3A1FFA00,1,0,1,-,
709,1327.631,10.9653,impact,ragdoll,Lennald the Brash [Whiterun Guard],000D0FF6,NPC L Thigh [LThg],1,58.858,-58.858,181.174,704.489,18.541,6.1800,21.102,-612.238,722.705,-221.240,-0.6331,-0.3639,0.6833,-66.115,281.525,642.400,DeadBip,Skin,shape,000001EB3A1FEB00,2,0,1,-,
710,1327.633,10.9653,impact,ragdoll,Lennald the Brash [Whiterun Guard],000D0FF6,NPC R Thigh [RThg],2,92.121,92.121,200.576,199.136,18.675,6.1800,21.101,-639.603,737.358,-218.880,1.0000,-0.0000,-0.0000,-11.289,9.348,198.596,Static,Wood,shape,000001EAE49BE500,-,1,1,-,
711,1327.688,10.9653,separate,ragdoll,Lennald the Brash [Whiterun Guard],000D0FF6,NPC R Thigh [RThg],2,0.000,0.000,0.000,331.247,9.675,6.1800,21.101,0.000,0.000,0.000,0.0000,0.0000,0.0000,66.974,59.735,318.858,DeadBip,-,-,000001EB3A1FF700,5,0,0,-,
712,1327.688,10.9653,separate,ragdoll,Lennald the Brash [Whiterun Guard],000D0FF6,NPC L Calf [LClf],5,0.000,0.000,0.000,380.579,28.574,6.1800,20.265,0.000,0.000,0.000,0.0000,0.0000,0.0000,-5.533,169.261,340.824,DeadBip,-,-,000001EB3A1FEB00,2,0,0,-,
713,1327.688,10.9653,separate,ragdoll,Lennald the Brash [Whiterun Guard],000D0FF6,NPC R Forearm [RLar],15,0.000,0.000,0.000,1292.112,37.164,6.1800,12.007,0.000,0.000,0.000,0.0000,0.0000,0.0000,250.455,735.327,1032.531,DeadBip,-,-,000001EB3A1FD600,13,0,0,-,
714,1327.689,10.9653,separate,ragdoll,Lennald the Brash [Whiterun Guard],000D0FF6,NPC Head [Head],13,0.000,0.000,0.000,938.777,13.333,4.1200,15.561,0.000,0.000,0.000,0.0000,0.0000,0.0000,184.240,493.307,777.178,DeadBip,-,-,000001EB3A1FD000,15,0,0,-,
715,1327.689,10.9653,separate,ragdoll,Lennald the Brash [Whiterun Guard],000D0FF6,NPC L Calf [LClf],5,0.000,0.000,0.000,380.579,28.574,6.1800,20.265,0.000,0.000,0.000,0.0000,0.0000,0.0000,-5.533,169.261,340.824,DeadBip,-,-,000001EB3A1FE800,4,0,0,-,
716,1327.689,10.9653,separate,ragdoll,Lennald the Brash [Whiterun Guard],000D0FF6,NPC R Calf [RClf],4,0.000,0.000,0.000,498.277,40.165,6.1800,20.265,0.000,0.000,0.000,0.0000,0.0000,0.0000,-87.317,440.599,215.706,DeadBip,-,-,000001EB3A1FF700,5,0,0,-,
717,1327.690,10.9653,separate,ragdoll,Lennald the Brash [Whiterun Guard],000D0FF6,NPC R Hand [RHnd],17,0.000,0.000,0.000,1171.954,33.292,4.1200,8.584,0.000,0.000,0.000,0.0000,0.0000,0.0000,192.716,506.968,1038.903,DeadBip,-,-,000001EB3A1FD600,13,0,0,-,
718,1327.690,10.9653,separate,ragdoll,Lennald the Brash [Whiterun Guard],000D0FF6,NPC Head [Head],13,0.000,0.000,0.000,938.777,13.333,4.1200,15.561,0.000,0.000,0.000,0.0000,0.0000,0.0000,184.240,493.307,777.178,DeadBip,-,-,000001EB3A1FCD00,17,0,0,-,
720,1336.814,10.9654,listener,ragdoll,Lennald the Brash [Whiterun Guard],000D0FF6,-,-,0.000,0.000,0.000,0.000,0.000,0.0000,0.000,-311.888,-308.942,-318.000,0.2183,0.9759,0.0000,0.000,0.000,0.000,-,-,-,0000000000000000,-,0,0,-,tick
721,1347.882,10.9654,impact,ragdoll,Lennald the Brash [Whiterun Guard],000D0FF6,NPC R Calf [RClf],4,91.300,91.300,254.354,497.756,40.144,6.1800,20.265,-639.615,750.820,-240.497,1.0000,-0.0000,0.0000,-87.226,440.138,215.480,Static,Wood,shape,000001EAE49BE500,-,0,1,-,
722,1347.948,10.9654,touch,ragdoll,Lennald the Brash [Whiterun Guard],000D0FF6,NPC R Forearm [RLar],15,0.000,0.000,0.000,1210.889,41.962,6.1800,12.007,0.000,0.000,0.000,0.0000,0.0000,0.0000,241.582,752.574,917.345,DeadBip,-,-,000001EB3A1FD600,13,0,0,-,
723,1347.948,10.9654,touch,ragdoll,Lennald the Brash [Whiterun Guard],000D0FF6,NPC Head [Head],13,0.000,0.000,0.000,929.758,12.089,4.1200,15.561,0.000,0.000,0.000,0.0000,0.0000,0.0000,174.357,483.280,774.913,DeadBip,-,-,000001EB3A1FD000,15,0,0,-,
724,1347.949,10.9654,touch,ragdoll,Lennald the Brash [Whiterun Guard],000D0FF6,NPC L Calf [LClf],5,0.000,0.000,0.000,277.454,9.164,6.1800,20.265,0.000,0.000,0.000,0.0000,0.0000,0.0000,40.335,95.218,257.463,DeadBip,-,-,000001EB3A1FE800,4,0,0,-,
725,1347.950,10.9654,touch,ragdoll,Lennald the Brash [Whiterun Guard],000D0FF6,NPC R Calf [RClf],4,0.000,0.000,0.000,356.819,44.637,6.1800,20.265,0.000,0.000,0.000,0.0000,0.0000,0.0000,-33.712,279.145,219.685,DeadBip,-,-,000001EB3A1FF700,5,0,0,-,
726,1347.960,10.9654,separate,ragdoll,Lennald the Brash [Whiterun Guard],000D0FF6,NPC R Calf [RClf],4,0.000,0.000,0.000,356.819,44.637,6.1800,20.265,0.000,0.000,0.000,0.0000,0.0000,0.0000,-33.712,279.145,219.685,DeadBip,-,-,000001EB3A1FFA00,1,0,0,-,
727,1347.960,10.9654,separate,ragdoll,Lennald the Brash [Whiterun Guard],000D0FF6,NPC L Thigh [LThg],1,0.000,0.000,0.000,468.727,14.792,6.1800,21.102,0.000,0.000,0.000,0.0000,0.0000,0.0000,112.432,163.801,424.539,DeadBip,-,-,000001EB3A1FE800,4,0,0,-,
728,1348.290,10.9654,impact,ragdoll,Lennald the Brash [Whiterun Guard],000D0FF6,NPC L Calf [LClf],5,129.455,129.455,490.891,277.164,9.159,6.1800,20.265,-628.492,756.707,-227.567,0.3183,0.7069,0.6317,40.293,95.118,257.194,DeadBip,Skin,shape,000001EB3A1FE800,4,1,1,-,
729,1348.290,10.9654,impact,ragdoll,Lennald the Brash [Whiterun Guard],000D0FF6,NPC R Calf [RClf],4,129.455,-129.455,490.891,356.446,44.614,6.1800,20.265,-628.492,756.707,-227.567,0.3183,0.7069,0.6317,-33.677,278.853,219.455,DeadBip,Skin,shape,000001EB3A1FF700,5,1,1,-,
730,1348.293,10.9654,impact,ragdoll,Lennald the Brash [Whiterun Guard],000D0FF6,NPC R Forearm [RLar],15,202.576,202.576,110.100,1209.622,41.941,6.1800,12.007,-578.422,723.699,-170.889,-0.2630,-0.5338,0.8037,241.330,751.787,916.385,DeadBip,Skin,shape,000001EB3A1FD600,13,1,1,-,
731,1348.293,10.9654,impact,ragdoll,Lennald the Brash [Whiterun Guard],000D0FF6,NPC Head [Head],13,202.576,-202.576,110.100,928.785,12.057,4.1200,15.561,-578.422,723.699,-170.889,-0.2630,-0.5338,0.8037,174.174,482.775,774.102,DeadBip,Skin,shape,000001EB3A1FD000,15,1,1,-,
732,1348.324,10.9654,separate,ragdoll,Lennald the Brash [Whiterun Guard],000D0FF6,NPC R Thigh [RThg],2,0.000,0.000,0.000,316.713,13.921,6.1800,21.101,0.000,0.000,0.000,0.0000,0.0000,0.0000,98.251,176.761,243.740,Static,-,-,000001EAE49BE500,-,0,0,-,
733,1369.207,10.9655,impact,ragdoll,Lennald the Brash [Whiterun Guard],000D0FF6,NPC R Calf [RClf],4,38.518,38.518,56.734,238.653,37.459,6.1800,20.265,-639.614,762.124,-238.635,1.0000,-0.0000,0.0000,37.340,183.852,147.511,Static,Wood,shape,000001EAE49BE500,-,0,1,-,
734,1369.253,10.9655,touch,ragdoll,Lennald the Brash [Whiterun Guard],000D0FF6,NPC R Foot [Rft ],8,0.000,0.000,0.000,751.847,120.950,3.0900,10.311,0.000,0.000,0.000,0.0000,0.0000,0.0000,-156.949,504.532,534.872,DeadBip,-,-,000001EB3A1FF700,5,0,0,-,
735,1369.253,10.9655,touch,ragdoll,Lennald the Brash [Whiterun Guard],000D0FF6,NPC L Calf [LClf],5,0.000,0.000,0.000,263.756,13.076,6.1800,20.265,0.000,0.000,0.000,0.0000,0.0000,0.0000,83.970,110.256,224.410,DeadBip,-,-,000001EB3A1FE500,8,0,0,-,
736,1369.572,10.9655,impact,ragdoll,Lennald the Brash [Whiterun Guard],000D0FF6,NPC R Foot [Rft ],8,400.582,400.582,1037.527,751.060,120.886,3.0900,10.311,-630.017,773.659,-225.772,0.3305,-0.3459,-0.8781,-156.785,504.004,534.313,DeadBip,Skin,shape,000001EB3A1FF700,5,1,1,-,
737,1369.572,10.9655,impact,ragdoll,Lennald the Brash [Whiterun Guard],000D0FF6,NPC L Calf [LClf],5,400.582,-400.582,1037.527,263.480,13.069,6.1800,20.265,-630.017,773.659,-225.772,0.3305,-0.3459,-0.8781,83.882,110.141,224.175,DeadBip,Skin,shape,000001EB3A1FE500,8,1,1,-,
738,1369.606,10.9655,separate,ragdoll,Lennald the Brash [Whiterun Guard],000D0FF6,NPC L Calf [LClf],5,0.000,0.000,0.000,342.993,16.184,6.1800,20.265,0.000,0.000,0.000,0.0000,0.0000,0.0000,63.943,122.687,313.853,DeadBip,-,-,000001EB3A1FE800,4,0,0,-,
739,1369.606,10.9655,separate,ragdoll,Lennald the Brash [Whiterun Guard],000D0FF6,NPC R Calf [RClf],4,0.000,0.000,0.000,303.862,17.919,6.1800,20.265,0.000,0.000,0.000,0.0000,0.0000,0.0000,204.850,178.981,135.406,DeadBip,-,-,000001EB3A1FF700,5,0,0,-,
741,1377.554,10.9655,listener,ragdoll,Lennald the Brash [Whiterun Guard],000D0FF6,-,-,0.000,0.000,0.000,0.000,0.000,0.0000,0.000,-311.888,-308.942,-318.000,0.2183,0.9759,0.0000,0.000,0.000,0.000,-,-,-,0000000000000000,-,0,0,-,tick
742,1388.633,10.9655,separate,ragdoll,Lennald the Brash [Whiterun Guard],000D0FF6,NPC R Foot [Rft ],8,0.000,0.000,0.000,362.659,40.989,3.0900,10.311,0.000,0.000,0.000,0.0000,0.0000,0.0000,-64.140,153.753,322.130,DeadBip,-,-,000001EB3A1FF700,5,0,0,-,
743,1388.634,10.9655,separate,ragdoll,Lennald the Brash [Whiterun Guard],000D0FF6,NPC L Calf [LClf],5,0.000,0.000,0.000,329.416,12.383,6.1800,20.265,0.000,0.000,0.000,0.0000,0.0000,0.0000,106.551,87.935,299.047,DeadBip,-,-,000001EB3A1FE500,8,0,0,-,
744,1388.641,10.9655,separate,ragdoll,Lennald the Brash [Whiterun Guard],000D0FF6,NPC L Calf [LClf],5,0.000,0.000,0.000,329.416,12.383,6.1800,20.265,0.000,0.000,0.000,0.0000,0.0000,0.0000,106.551,87.935,299.047,Static,-,-,000001EAE49BE500,-,0,0,-,
745,1388.643,10.9655,touch,ragdoll,Lennald the Brash [Whiterun Guard],000D0FF6,NPC L Calf [LClf],5,0.000,0.000,0.000,329.416,12.383,6.1800,20.265,0.000,0.000,0.000,0.0000,0.0000,0.0000,106.551,87.935,299.047,Static,-,-,000001EAE49BE500,-,0,0,-,
746,1388.646,10.9655,separate,ragdoll,Lennald the Brash [Whiterun Guard],000D0FF6,NPC L Foot [Lft ],7,0.000,0.000,0.000,549.417,32.322,3.0900,10.311,0.000,0.000,0.000,0.0000,0.0000,0.0000,30.340,3.951,548.564,Static,-,-,000001EAE49BE500,-,0,0,-,
747,1388.647,10.9655,separate,ragdoll,Lennald the Brash [Whiterun Guard],000D0FF6,NPC R Calf [RClf],4,0.000,0.000,0.000,368.467,18.377,6.1800,20.265,0.000,0.000,0.000,0.0000,0.0000,0.0000,242.683,114.768,252.391,Static,-,-,000001EAE49BE500,-,0,0,-,
749,1397.616,10.9655,listener,ragdoll,Lennald the Brash [Whiterun Guard],000D0FF6,-,-,0.000,0.000,0.000,0.000,0.000,0.0000,0.000,-311.888,-308.942,-318.000,0.2183,0.9759,0.0000,0.000,0.000,0.000,-,-,-,0000000000000000,-,0,0,-,tick
750,1408.687,10.9655,touch,ragdoll,Lennald the Brash [Whiterun Guard],000D0FF6,NPC R Foot [Rft ],8,0.000,0.000,0.000,282.029,37.125,3.0900,10.311,0.000,0.000,0.000,0.0000,0.0000,0.0000,36.742,73.652,269.752,DeadBip,-,-,000001EB3A1FF700,5,0,0,-,
751,1408.687,10.9655,touch,ragdoll,Lennald the Brash [Whiterun Guard],000D0FF6,NPC L Calf [LClf],5,0.000,0.000,0.000,354.581,7.723,6.1800,20.265,0.000,0.000,0.000,0.0000,0.0000,0.0000,104.856,147.437,304.951,DeadBip,-,-,000001EB3A1FE500,8,0,0,-,
752,1408.695,10.9655,separate,ragdoll,Lennald the Brash [Whiterun Guard],000D0FF6,NPC L Calf [LClf],5,0.000,0.000,0.000,354.581,7.723,6.1800,20.265,0.000,0.000,0.000,0.0000,0.0000,0.0000,104.856,147.437,304.951,Static,-,-,000001EAE49BE500,-,0,0,-,
753,1408.697,10.9655,separate,ragdoll,Lennald the Brash [Whiterun Guard],000D0FF6,NPC R Forearm [RLar],15,0.000,0.000,0.000,740.421,30.816,6.1800,12.007,0.000,0.000,0.000,0.0000,0.0000,0.0000,53.941,478.203,562.704,DeadBip,-,-,000001EB3A1FD600,13,0,0,-,
754,1408.697,10.9655,separate,ragdoll,Lennald the Brash [Whiterun Guard],000D0FF6,NPC Head [Head],13,0.000,0.000,0.000,650.661,32.046,4.1200,15.561,0.000,0.000,0.000,0.0000,0.0000,0.0000,143.388,486.512,407.561,DeadBip,-,-,000001EB3A1FD000,15,0,0,-,
755,1409.064,10.9655,separate,ragdoll,Lennald the Brash [Whiterun Guard],000D0FF6,NPC R Foot [Rft ],8,0.000,0.000,0.000,256.039,34.110,3.0900,10.311,0.000,0.000,0.000,0.0000,0.0000,0.0000,77.886,57.137,237.118,DeadBip,-,-,000001EB3A1FF700,5,0,0,-,
756,1409.064,10.9655,separate,ragdoll,Lennald the Brash [Whiterun Guard],000D0FF6,NPC L Calf [LClf],5,0.000,0.000,0.000,389.263,6.172,6.1800,20.265,0.000,0.000,0.000,0.0000,0.0000,0.0000,107.157,151.386,342.235,DeadBip,-,-,000001EB3A1FE500,8,0,0,-,
758,1437.249,10.9656,listener,ragdoll,Lennald the Brash [Whiterun Guard],000D0FF6,-,-,0.000,0.000,0.000,0.000,0.000,0.0000,0.000,-311.888,-308.942,-318.000,0.2183,0.9759,0.0000,0.000,0.000,0.000,-,-,-,0000000000000000,-,0,0,-,tick
759,1447.054,10.9656,touch,ragdoll,Lennald the Brash [Whiterun Guard],000D0FF6,NPC R Foot [Rft ],8,0.000,0.000,0.000,336.724,29.331,3.0900,10.311,0.000,0.000,0.000,0.0000,0.0000,0.0000,166.449,-99.918,275.126,DeadBip,-,-,000001EB3A1FF700,5,0,0,-,
760,1447.054,10.9656,touch,ragdoll,Lennald the Brash [Whiterun Guard],000D0FF6,NPC L Calf [LClf],5,0.000,0.000,0.000,436.009,13.221,6.1800,20.265,0.000,0.000,0.000,0.0000,0.0000,0.0000,165.011,137.552,379.414,DeadBip,-,-,000001EB3A1FE500,8,0,0,-,
761,1447.060,10.9656,touch,ragdoll,Lennald the Brash [Whiterun Guard],000D0FF6,NPC L Calf [LClf],5,0.000,0.000,0.000,436.009,13.221,6.1800,20.265,0.000,0.000,0.000,0.0000,0.0000,0.0000,165.011,137.552,379.414,DeadBip,-,-,000001EB3A1FE800,4,0,0,-,
762,1447.060,10.9656,touch,ragdoll,Lennald the Brash [Whiterun Guard],000D0FF6,NPC R Calf [RClf],4,0.000,0.000,0.000,479.862,8.571,6.1800,20.265,0.000,0.000,0.000,0.0000,0.0000,0.0000,179.898,68.739,439.521,DeadBip,-,-,000001EB3A1FF700,5,0,0,-,
763,1447.400,10.9656,impact,ragdoll,Lennald the Brash [Whiterun Guard],000D0FF6,NPC L Calf [LClf],5,95.147,95.147,224.576,435.567,13.214,6.1800,20.265,-620.040,774.842,-201.503,-0.2772,0.6020,0.7488,164.843,137.412,379.029,DeadBip,Skin,shape,000001EB3A1FE800,4,1,1,-,
764,1447.400,10.9656,impact,ragdoll,Lennald the Brash [Whiterun Guard],000D0FF6,NPC R Calf [RClf],4,95.147,-95.147,224.576,479.376,8.566,6.1800,20.265,-620.040,774.842,-201.503,-0.2772,0.6020,0.7488,179.716,68.670,439.076,DeadBip,Skin,shape,000001EB3A1FF700,5,1,1,-,
765,1447.401,10.9656,impact,ragdoll,Lennald the Brash [Whiterun Guard],000D0FF6,NPC R Foot [Rft ],8,39.683,39.683,287.116,336.383,29.316,3.0900,10.311,-623.551,780.245,-198.759,0.2964,-0.4238,-0.8559,166.281,-99.817,274.847,DeadBip,Skin,shape,000001EB3A1FF700,5,1,1,-,
766,1447.401,10.9656,impact,ragdoll,Lennald the Brash [Whiterun Guard],000D0FF6,NPC L Calf [LClf],5,39.683,-39.683,287.116,435.567,13.214,6.1800,20.265,-623.551,780.245,-198.759,0.2964,-0.4238,-0.8559,164.843,137.412,379.029,DeadBip,Skin,shape,000001EB3A1FE500,8,1,1,-,
767,1466.108,10.9658,separate,ragdoll,Lennald the Brash [Whiterun Guard],000D0FF6,NPC R Foot [Rft ],8,0.000,0.000,0.000,380.977,21.307,3.0900,10.311,0.000,0.000,0.000,0.0000,0.0000,0.0000,208.336,-133.415,289.724,DeadBip,-,-,000001EB3A1FF700,5,0,0,-,
768,1466.109,10.9658,separate,ragdoll,Lennald the Brash [Whiterun Guard],000D0FF6,NPC L Calf [LClf],5,0.000,0.000,0.000,455.826,10.224,6.1800,20.265,0.000,0.000,0.000,0.0000,0.0000,0.0000,195.561,138.068,387.906,DeadBip,-,-,000001EB3A1FE500,8,0,0,-,
770,1476.166,10.9658,listener,ragdoll,Lennald the Brash [Whiterun Guard],000D0FF6,-,-,0.000,0.000,0.000,0.000,0.000,0.0000,0.000,-311.888,-308.942,-318.000,0.2183,0.9759,0.0000,0.000,0.000,0.000,-,-,-,0000000000000000,-,0,0,-,tick
771,1483.922,10.9658,separate,ragdoll,Lennald the Brash [Whiterun Guard],000D0FF6,NPC L Calf [LClf],5,0.000,0.000,0.000,463.032,11.666,6.1800,20.265,0.000,0.000,0.000,0.0000,0.0000,0.0000,217.544,147.041,381.382,DeadBip,-,-,000001EB3A1FE800,4,0,0,-,
772,1483.922,10.9658,separate,ragdoll,Lennald the Brash [Whiterun Guard],000D0FF6,NPC R Calf [RClf],4,0.000,0.000,0.000,436.793,9.680,6.1800,20.265,0.000,0.000,0.000,0.0000,0.0000,0.0000,201.108,45.402,385.075,DeadBip,-,-,000001EB3A1FF700,5,0,0,-,
774,1492.835,10.9658,listener,ragdoll,Lennald the Brash [Whiterun Guard],000D0FF6,-,-,0.000,0.000,0.000,0.000,0.000,0.0000,0.000,-311.888,-308.942,-318.000,0.2183,0.9759,0.0000,0.000,0.000,0.000,-,-,-,0000000000000000,-,0,0,-,tick
776,1528.482,10.9659,listener,ragdoll,Lennald the Brash [Whiterun Guard],000D0FF6,-,-,0.000,0.000,0.000,0.000,0.000,0.0000,0.000,-311.888,-308.942,-318.000,0.2183,0.9759,0.0000,0.000,0.000,0.000,-,-,-,0000000000000000,-,0,0,-,tick
777,1537.552,10.9659,touch,ragdoll,Lennald the Brash [Whiterun Guard],000D0FF6,NPC L Thigh [LThg],1,0.000,0.000,0.000,435.658,7.906,6.1800,21.102,0.000,0.000,0.000,0.0000,0.0000,0.0000,163.214,179.056,362.075,DeadBip,-,-,000001EB3A1FC700,14,0,0,-,
778,1537.553,10.9659,touch,ragdoll,Lennald the Brash [Whiterun Guard],000D0FF6,NPC L Forearm [LLar],14,0.000,0.000,0.000,494.500,15.222,2.0600,12.007,0.000,0.000,0.000,0.0000,0.0000,0.0000,-75.922,350.509,340.455,DeadBip,-,-,000001EB3A1FFA00,1,0,0,-,
779,1537.555,10.9659,touch,ragdoll,Lennald the Brash [Whiterun Guard],000D0FF6,NPC COM [COM ],0,0.000,0.000,0.000,503.419,2.503,51.5000,18.217,0.000,0.000,0.000,0.0000,0.0000,0.0000,172.840,274.003,385.330,DeadBip,-,-,000001EB3A1FC700,14,0,0,-,
780,1537.555,10.9659,touch,ragdoll,Lennald the Brash [Whiterun Guard],000D0FF6,NPC L Forearm [LLar],14,0.000,0.000,0.000,494.500,15.222,2.0600,12.007,0.000,0.000,0.000,0.0000,0.0000,0.0000,-75.922,350.509,340.455,DeadBip,-,-,000001EB3A1FF400,0,0,0,-,
781,1537.886,10.9659,impact,ragdoll,Lennald the Brash [Whiterun Guard],000D0FF6,NPC COM [COM ],0,138.819,138.819,195.920,502.947,2.502,51.5000,18.217,-555.528,791.596,-125.331,-0.7984,-0.4704,0.3759,172.678,273.746,384.969,DeadBip,Skin,shape,000001EB3A1FC700,14,1,1,-,
782,1537.886,10.9659,impact,ragdoll,Lennald the Brash [Whiterun Guard],000D0FF6,NPC L Forearm [LLar],14,138.819,-138.819,195.920,494.036,15.214,2.0600,12.007,-555.528,791.596,-125.331,-0.7984,-0.4704,0.3759,-75.851,350.181,340.135,DeadBip,-,-,000001EB3A1FF400,0,1,1,-,
783,1537.887,10.9659,impact,ragdoll,Lennald the Brash [Whiterun Guard],000D0FF6,NPC L Thigh [LThg],1,178.351,178.351,112.945,435.250,7.903,6.1800,21.102,-556.092,791.936,-126.342,-0.9016,-0.2976,0.3139,163.060,178.888,361.735,DeadBip,Skin,shape,000001EB3A1FC700,14,1,1,-,
784,1537.887,10.9659,impact,ragdoll,Lennald the Brash [Whiterun Guard],000D0FF6,NPC L Forearm [LLar],14,178.351,-178.351,112.945,494.036,15.214,2.0600,12.007,-556.092,791.936,-126.342,-0.9016,-0.2976,0.3139,-75.851,350.181,340.135,DeadBip,Skin,shape,000001EB3A1FFA00,1,1,1,-,
785,1537.927,10.9659,touch,ragdoll,Lennald the Brash [Whiterun Guard],000D0FF6,NPC L Hand [LHnd],16,0.000,0.000,0.000,605.580,29.711,4.1200,8.584,0.000,0.000,0.000,0.0000,0.0000,0.0000,-155.856,317.613,491.485,DeadBip,-,-,000001EB3A1FFA00,1,0,0,-,
786,1537.927,10.9659,touch,ragdoll,Lennald the Brash [Whiterun Guard],000D0FF6,NPC L Thigh [LThg],1,0.000,0.000,0.000,445.339,7.688,6.1800,21.102,0.000,0.000,0.000,0.0000,0.0000,0.0000,146.488,193.480,373.408,DeadBip,-,-,000001EB3A1FC400,16,0,0,-,
787,1537.928,10.9659,touch,ragdoll,Lennald the Brash [Whiterun Guard],000D0FF6,NPC L Hand [LHnd],16,0.000,0.000,0.000,605.580,29.711,4.1200,8.584,0.000,0.000,0.000,0.0000,0.0000,0.0000,-155.856,317.613,491.485,DeadBip,-,-,000001EB3A1FF400,0,0,0,-,
788,1537.928,10.9659,touch,ragdoll,Lennald the Brash [Whiterun Guard],000D0FF6,NPC COM [COM ],0,0.000,0.000,0.000,495.732,2.405,51.5000,18.217,0.000,0.000,0.000,0.0000,0.0000,0.0000,158.606,273.370,381.920,DeadBip,-,-,000001EB3A1FC400,16,0,0,-,
789,1555.562,10.9659,impact,ragdoll,Lennald the Brash [Whiterun Guard],000D0FF6,NPC L Hand [LHnd],16,211.360,211.360,153.655,605.022,29.697,4.1200,8.584,-562.739,788.624,-124.148,0.4079,0.1949,-0.8920,-155.713,317.320,491.032,DeadBip,-,-,000001EB3A1FF400,0,1,1,-,
790,1555.562,10.9659,impact,ragdoll,Lennald the Brash [Whiterun Guard],000D0FF6,NPC COM [COM ],0,211.360,-211.360,153.655,495.275,2.404,51.5000,18.217,-562.739,788.624,-124.148,0.4079,0.1949,-0.8920,158.460,273.119,381.568,DeadBip,Skin,shape,000001EB3A1FC400,16,1,1,-,
791,1555.563,10.9659,impact,ragdoll,Lennald the Brash [Whiterun Guard],000D0FF6,NPC L Hand [LHnd],16,287.298,287.298,145.145,605.022,29.697,4.1200,8.584,-565.386,790.983,-126.491,0.7171,-0.0462,-0.6954,-155.713,317.320,491.032,DeadBip,Skin,shape,000001EB3A1FFA00,1,1,1,-,
792,1555.563,10.9659,impact,ragdoll,Lennald the Brash [Whiterun Guard],000D0FF6,NPC L Thigh [LThg],1,287.298,-287.298,145.145,444.928,7.684,6.1800,21.102,-565.386,790.983,-126.491,0.7171,-0.0462,-0.6954,146.353,193.301,373.064,DeadBip,Skin,shape,000001EB3A1FC400,16,1,1,-,
793,1555.954,10.9659,separate,ragdoll,Lennald the Brash [Whiterun Guard],000D0FF6,NPC COM [COM ],0,0.000,0.000,0.000,484.871,3.428,51.5000,18.217,0.000,0.000,0.000,0.0000,0.0000,0.0000,142.779,277.606,371.010,DeadBip,-,-,000001EB3A1FC700,14,0,0,-,
794,1555.954,10.9659,separate,ragdoll,Lennald the Brash [Whiterun Guard],000D0FF6,NPC L Forearm [LLar],14,0.000,0.000,0.000,503.522,6.784,2.0600,12.007,0.000,0.000,0.000,0.0000,0.0000,0.0000,76.893,393.695,304.346,DeadBip,-,-,000001EB3A1FF400,0,0,0,-,
796,1565.630,10.9660,listener,ragdoll,Lennald the Brash [Whiterun Guard],000D0FF6,-,-,0.000,0.000,0.000,0.000,0.000,0.0000,0.000,-311.888,-308.942,-318.000,0.2183,0.9759,0.0000,0.000,0.000,0.000,-,-,-,0000000000000000,-,0,0,-,tick
797,1574.900,10.9660,separate,ragdoll,Lennald the Brash [Whiterun Guard],000D0FF6,NPC L Thigh [LThg],1,0.000,0.000,0.000,445.110,3.216,6.1800,21.102,0.000,0.000,0.000,0.0000,0.0000,0.0000,112.745,249.810,350.723,DeadBip,-,-,000001EB3A1FC700,14,0,0,-,
798,1574.900,10.9660,separate,ragdoll,Lennald the Brash [Whiterun Guard],000D0FF6,NPC L Forearm [LLar],14,0.000,0.000,0.000,459.712,5.140,2.0600,12.007,0.000,0.000,0.000,0.0000,0.0000,0.0000,104.341,373.940,246.205,DeadBip,-,-,000001EB3A1FFA00,1,0,0,-,
814,1594.081,10.9661,separate,ragdoll,Lennald the Brash [Whiterun Guard],000D0FF6,NPC L Hand [LHnd],16,0.000,0.000,0.000,456.236,7.546,4.1200,8.584,0.000,0.000,0.000,0.0000,0.0000,0.0000,147.988,321.780,287.590,DeadBip,-,-,000001EB3A1FF400,0,0,0,-,
815,1594.081,10.9661,separate,ragdoll,Lennald the Brash [Whiterun Guard],000D0FF6,NPC COM [COM ],0,0.000,0.000,0.000,482.313,7.053,51.5000,18.217,0.000,0.000,0.000,0.0000,0.0000,0.0000,131.431,308.241,346.900,DeadBip,-,-,000001EB3A1FC400,16,0,0,-,
823,1603.627,10.9661,listener,ragdoll,Lennald the Brash [Whiterun Guard],000D0FF6,-,-,0.000,0.000,0.000,0.000,0.000,0.0000,0.000,-311.888,-308.942,-318.000,0.2183,0.9759,0.0000,0.000,0.000,0.000,-,-,-,0000000000000000,-,0,0,-,tick
845,1623.189,10.9662,listener,ragdoll,Lennald the Brash [Whiterun Guard],000D0FF6,-,-,0.000,0.000,0.000,0.000,0.000,0.0000,0.000,-311.888,-308.942,-318.000,0.2183,0.9759,0.0000,0.000,0.000,0.000,-,-,-,0000000000000000,-,0,0,-,tick
857,1633.894,10.9662,separate,ragdoll,Lennald the Brash [Whiterun Guard],000D0FF6,NPC L Hand [LHnd],16,0.000,0.000,0.000,450.516,5.276,4.1200,8.584,0.000,0.000,0.000,0.0000,0.0000,0.0000,147.671,328.954,270.088,DeadBip,-,-,000001EB3A1FFA00,1,0,0,-,
858,1633.894,10.9662,separate,ragdoll,Lennald the Brash [Whiterun Guard],000D0FF6,NPC L Thigh [LThg],1,0.000,0.000,0.000,397.454,6.411,6.1800,21.102,0.000,0.000,0.000,0.0000,0.0000,0.0000,142.430,229.369,291.673,DeadBip,-,-,000001EB3A1FC400,16,0,0,-,
895,1664.450,10.9663,listener,ragdoll,Lennald the Brash [Whiterun Guard],000D0FF6,-,-,0.000,0.000,0.000,0.000,0.000,0.0000,0.000,-311.888,-308.942,-318.000,0.2183,0.9759,0.0000,0.000,0.000,0.000,-,-,-,0000000000000000,-,0,0,-,tick
924,1705.449,10.9664,listener,ragdoll,Lennald the Brash [Whiterun Guard],000D0FF6,-,-,0.000,0.000,0.000,0.000,0.000,0.0000,0.000,-311.888,-308.942,-318.000,0.2183,0.9759,0.0000,0.000,0.000,0.000,-,-,-,0000000000000000,-,0,0,-,tick
934,1725.616,10.9664,listener,ragdoll,Lennald the Brash [Whiterun Guard],000D0FF6,-,-,0.000,0.000,0.000,0.000,0.000,0.0000,0.000,-311.888,-308.942,-318.000,0.2183,0.9759,0.0000,0.000,0.000,0.000,-,-,-,0000000000000000,-,0,0,-,tick
954,1768.358,10.9666,listener,ragdoll,Lennald the Brash [Whiterun Guard],000D0FF6,-,-,0.000,0.000,0.000,0.000,0.000,0.0000,0.000,-311.888,-308.942,-318.000,0.2183,0.9759,0.0000,0.000,0.000,0.000,-,-,-,0000000000000000,-,0,0,-,tick
960,1788.646,10.9666,listener,ragdoll,Lennald the Brash [Whiterun Guard],000D0FF6,-,-,0.000,0.000,0.000,0.000,0.000,0.0000,0.000,-311.888,-308.942,-318.000,0.2183,0.9759,0.0000,0.000,0.000,0.000,-,-,-,0000000000000000,-,0,0,-,tick
975,1829.659,10.9667,listener,ragdoll,Lennald the Brash [Whiterun Guard],000D0FF6,-,-,0.000,0.000,0.000,0.000,0.000,0.0000,0.000,-311.888,-308.942,-318.000,0.2183,0.9759,0.0000,0.000,0.000,0.000,-,-,-,0000000000000000,-,0,0,-,tick
985,1871.622,10.9668,listener,ragdoll,Lennald the Brash [Whiterun Guard],000D0FF6,-,-,0.000,0.000,0.000,0.000,0.000,0.0000,0.000,-311.888,-308.942,-318.000,0.2183,0.9759,0.0000,0.000,0.000,0.000,-,-,-,0000000000000000,-,0,0,-,tick
988,1891.744,10.9669,listener,ragdoll,Lennald the Brash [Whiterun Guard],000D0FF6,-,-,0.000,0.000,0.000,0.000,0.000,0.0000,0.000,-311.888,-308.942,-318.000,0.2151,0.9766,0.0000,0.000,0.000,0.000,-,-,-,0000000000000000,-,0,0,-,tick
994,1932.593,10.9670,listener,ragdoll,Lennald the Brash [Whiterun Guard],000D0FF6,-,-,0.000,0.000,0.000,0.000,0.000,0.0000,0.000,-311.888,-308.942,-318.000,0.2003,0.9797,0.0000,0.000,0.000,0.000,-,-,-,0000000000000000,-,0,0,-,tick
1002,1952.057,10.9671,listener,ragdoll,Lennald the Brash [Whiterun Guard],000D0FF6,-,-,0.000,0.000,0.000,0.000,0.000,0.0000,0.000,-311.888,-308.942,-318.000,0.1948,0.9808,0.0000,0.000,0.000,0.000,-,-,-,0000000000000000,-,0,0,-,tick
1008,1988.809,10.9672,listener,ragdoll,Lennald the Brash [Whiterun Guard],000D0FF6,-,-,0.000,0.000,0.000,0.000,0.000,0.0000,0.000,-311.888,-308.942,-318.000,0.1932,0.9812,0.0000,0.000,0.000,0.000,-,-,-,0000000000000000,-,0,0,-,tick
1011,2026.538,10.9673,listener,ragdoll,Lennald the Brash [Whiterun Guard],000D0FF6,-,-,0.000,0.000,0.000,0.000,0.000,0.0000,0.000,-311.888,-308.942,-318.000,0.1924,0.9813,0.0000,0.000,0.000,0.000,-,-,-,0000000000000000,-,0,0,-,tick
1015,2044.793,10.9673,listener,ragdoll,Lennald the Brash [Whiterun Guard],000D0FF6,-,-,0.000,0.000,0.000,0.000,0.000,0.0000,0.000,-311.888,-308.942,-318.000,0.1924,0.9813,0.0000,0.000,0.000,0.000,-,-,-,0000000000000000,-,0,0,-,tick
1022,2083.060,10.9674,listener,ragdoll,Lennald the Brash [Whiterun Guard],000D0FF6,-,-,0.000,0.000,0.000,0.000,0.000,0.0000,0.000,-311.888,-308.942,-318.000,0.1924,0.9813,0.0000,0.000,0.000,0.000,-,-,-,0000000000000000,-,0,0,-,tick
1024,2123.379,10.9676,listener,ragdoll,Lennald the Brash [Whiterun Guard],000D0FF6,-,-,0.000,0.000,0.000,0.000,0.000,0.0000,0.000,-311.888,-308.942,-318.000,0.1924,0.9813,0.0000,0.000,0.000,0.000,-,-,-,0000000000000000,-,0,0,-,tick
1026,2142.921,10.9676,listener,ragdoll,Lennald the Brash [Whiterun Guard],000D0FF6,-,-,0.000,0.000,0.000,0.000,0.000,0.0000,0.000,-311.888,-308.942,-318.000,0.1924,0.9813,0.0000,0.000,0.000,0.000,-,-,-,0000000000000000,-,0,0,-,tick
1028,2182.867,10.9677,listener,ragdoll,Lennald the Brash [Whiterun Guard],000D0FF6,-,-,0.000,0.000,0.000,0.000,0.000,0.0000,0.000,-311.888,-308.942,-318.000,0.1924,0.9813,0.0000,0.000,0.000,0.000,-,-,-,0000000000000000,-,0,0,-,tick
1030,2223.045,10.9678,listener,ragdoll,Lennald the Brash [Whiterun Guard],000D0FF6,-,-,0.000,0.000,0.000,0.000,0.000,0.0000,0.000,-311.888,-308.942,-318.000,0.1924,0.9813,0.0000,0.000,0.000,0.000,-,-,-,0000000000000000,-,0,0,-,tick
1032,2243.885,10.9679,listener,ragdoll,Lennald the Brash [Whiterun Guard],000D0FF6,-,-,0.000,0.000,0.000,0.000,0.000,0.0000,0.000,-311.888,-308.942,-318.000,0.1924,0.9813,0.0000,0.000,0.000,0.000,-,-,-,0000000000000000,-,0,0,-,tick
1034,2285.198,10.9680,listener,ragdoll,Lennald the Brash [Whiterun Guard],000D0FF6,-,-,0.000,0.000,0.000,0.000,0.000,0.0000,0.000,-311.888,-308.942,-318.000,0.1924,0.9813,0.0000,0.000,0.000,0.000,-,-,-,0000000000000000,-,0,0,-,tick
1036,2306.183,10.9680,listener,ragdoll,Lennald the Brash [Whiterun Guard],000D0FF6,-,-,0.000,0.000,0.000,0.000,0.000,0.0000,0.000,-311.888,-308.942,-318.000,0.1924,0.9813,0.0000,0.000,0.000,0.000,-,-,-,0000000000000000,-,0,0,-,tick
1038,2347.789,10.9682,listener,ragdoll,Lennald the Brash [Whiterun Guard],000D0FF6,-,-,0.000,0.000,0.000,0.000,0.000,0.0000,0.000,-311.888,-308.942,-318.000,0.1924,0.9813,0.0000,0.000,0.000,0.000,-,-,-,0000000000000000,-,0,0,-,tick
1040,2368.716,10.9682,listener,ragdoll,Lennald the Brash [Whiterun Guard],000D0FF6,-,-,0.000,0.000,0.000,0.000,0.000,0.0000,0.000,-311.888,-308.942,-318.000,0.1924,0.9813,0.0000,0.000,0.000,0.000,-,-,-,0000000000000000,-,0,0,-,tick
1042,2410.689,10.9683,listener,ragdoll,Lennald the Brash [Whiterun Guard],000D0FF6,-,-,0.000,0.000,0.000,0.000,0.000,0.0000,0.000,-311.888,-308.942,-318.000,0.1924,0.9813,0.0000,0.000,0.000,0.000,-,-,-,0000000000000000,-,0,0,-,tick
1047,2449.299,10.9684,listener,ragdoll,Lennald the Brash [Whiterun Guard],000D0FF6,-,-,0.000,0.000,0.000,0.000,0.000,0.0000,0.000,-311.888,-308.942,-318.000,0.1924,0.9813,0.0000,0.000,0.000,0.000,-,-,-,0000000000000000,-,0,0,-,tick
1050,2467.635,10.9685,listener,ragdoll,Lennald the Brash [Whiterun Guard],000D0FF6,-,-,0.000,0.000,0.000,0.000,0.000,0.0000,0.000,-311.888,-308.942,-318.000,0.1924,0.9813,0.0000,0.000,0.000,0.000,-,-,-,0000000000000000,-,0,0,-,tick
1060,2506.090,10.9686,listener,ragdoll,Lennald the Brash [Whiterun Guard],000D0FF6,-,-,0.000,0.000,0.000,0.000,0.000,0.0000,0.000,-311.888,-308.942,-318.000,0.1924,0.9813,0.0000,0.000,0.000,0.000,-,-,-,0000000000000000,-,0,0,-,tick
1069,2533.099,10.9687,touch,ragdoll,Lennald the Brash [Whiterun Guard],000D0FF6,NPC R Foot [Rft ],8,0.000,0.000,0.000,527.248,3.500,3.0900,10.311,0.000,0.000,0.000,0.0000,0.0000,0.0000,137.696,61.213,-505.255,Static,-,-,000001EAE4B19600,-,0,0,-,
1074,2533.125,10.9687,impact,ragdoll,Lennald the Brash [Whiterun Guard],000D0FF6,NPC R Foot [Rft ],8,508.631,509.313,160.411,527.248,3.500,3.0900,10.311,-508.169,1095.411,-157.557,0.0000,0.0000,1.0000,137.696,61.213,-505.255,Static,WoodStairs,shape,000001EAE4B19600,-,0,0,-,
1078,2533.486,10.9687,impact,ragdoll,Lennald the Brash [Whiterun Guard],000D0FF6,NPC R Foot [Rft ],8,202.389,225.465,157.080,295.109,7.583,3.0900,10.311,-508.092,1095.865,-157.557,-0.0000,-0.0000,1.0000,-15.606,189.176,-225.961,Static,WoodStairs,shape,000001EAE4B19600,-,0,0,-,
1080,2542.811,10.9687,listener,ragdoll,Lennald the Brash [Whiterun Guard],000D0FF6,-,-,0.000,0.000,0.000,0.000,0.000,0.0000,0.000,-311.888,-308.942,-318.000,0.1924,0.9813,0.0000,0.000,0.000,0.000,-,-,-,0000000000000000,-,0,0,-,tick
1082,2552.506,10.9687,touch,ragdoll,Lennald the Brash [Whiterun Guard],000D0FF6,NPC R Calf [RClf],4,0.000,0.000,0.000,280.717,22.286,6.1800,20.265,0.000,0.000,0.000,0.0000,0.0000,0.0000,96.996,127.858,-230.317,Static,-,-,000001EAE4B19600,-,0,0,-,
1083,2571.416,10.9688,impact,ragdoll,Lennald the Brash [Whiterun Guard],000D0FF6,NPC R Calf [RClf],4,54.682,54.682,303.688,233.719,16.921,6.1800,20.265,-498.391,1096.580,-157.562,0.0000,0.0000,1.0000,105.947,65.831,-197.651,Static,WoodStairs,shape,000001EAE4B19600,-,0,1,-,
1084,2571.802,10.9688,impact,ragdoll,Lennald the Brash [Whiterun Guard],000D0FF6,NPC R Calf [RClf],4,50.125,50.125,249.565,212.949,17.865,6.1800,20.265,-494.134,1096.777,-157.558,0.0000,0.0000,1.0000,90.989,74.999,-177.323,Static,WoodStairs,shape,000001EAE4B19600,-,0,0,-,
1085,2571.803,10.9688,impact,ragdoll,Lennald the Brash [Whiterun Guard],000D0FF6,NPC R Calf [RClf],4,277.133,277.133,214.318,212.949,17.865,6.1800,20.265,-485.498,1087.858,-157.558,0.0000,-0.0449,0.9990,90.989,74.999,-177.323,Static,WoodStairs,shape,000001EAE4B19600,-,0,1,-,
1087,2580.934,10.9688,listener,ragdoll,Lennald the Brash [Whiterun Guard],000D0FF6,-,-,0.000,0.000,0.000,0.000,0.000,0.0000,0.000,-311.888,-308.942,-318.000,0.1924,0.9813,0.0000,0.000,0.000,0.000,-,-,-,0000000000000000,-,0,0,-,tick
1088,2590.893,10.9688,impact,ragdoll,Lennald the Brash [Whiterun Guard],000D0FF6,NPC R Calf [RClf],4,43.648,43.648,294.736,120.186,21.038,6.1800,20.265,-483.339,1087.817,-157.562,0.0000,-0.1628,0.9867,-18.089,72.511,94.126,Static,WoodStairs,shape,000001EAE4B19600,-,0,1,-,
1089,2591.326,10.9688,separate,ragdoll,Lennald the Brash [Whiterun Guard],000D0FF6,NPC R Foot [Rft ],8,0.000,0.000,0.000,331.087,34.569,3.0900,10.311,0.000,0.000,0.000,0.0000,0.0000,0.0000,10.879,16.263,330.508,Static,-,-,000001EAE4B19600,-,0,0,-,
1091,2600.934,10.9689,listener,ragdoll,Lennald the Brash [Whiterun Guard],000D0FF6,-,-,0.000,0.000,0.000,0.000,0.000,0.0000,0.000,-311.888,-308.942,-318.000,0.1924,0.9813,0.0000,0.000,0.000,0.000,-,-,-,0000000000000000,-,0,0,-,tick
1092,2611.345,10.9689,separate,ragdoll,Lennald the Brash [Whiterun Guard],000D0FF6,NPC R Calf [RClf],4,0.000,0.000,0.000,183.007,22.384,6.1800,20.265,0.000,0.000,0.000,0.0000,0.0000,0.0000,0.035,116.854,140.843,Static,-,-,000001EAE4B19600,-,0,0,-,
1099,2630.877,10.9690,touch,ragdoll,Lennald the Brash [Whiterun Guard],000D0FF6,NPC L UpperArm [LUar],10,0.000,0.000,0.000,456.710,2.350,2.0600,14.897,0.000,0.000,0.000,0.0000,0.0000,0.0000,169.724,279.186,-319.112,Static,-,-,000001EAE4B19600,-,0,0,-,
1100,2630.882,10.9690,touch,ragdoll,Lennald the Brash [Whiterun Guard],000D0FF6,NPC L Hand [LHnd],16,0.000,0.000,0.000,485.603,3.296,4.1200,8.584,0.000,0.000,0.000,0.0000,0.0000,0.0000,112.784,273.142,-385.335,Static,-,-,000001EAE4B19600,-,0,0,-,
1103,2630.898,10.9690,impact,ragdoll,Lennald the Brash [Whiterun Guard],000D0FF6,NPC L Hand [LHnd],16,297.383,302.196,389.685,485.603,3.296,4.1200,8.584,-421.990,1119.371,-143.884,-0.0000,-0.9975,0.0711,112.784,273.142,-385.335,Static,WoodStairs,shape,000001EAE4B19600,-,0,0,-,
1104,2630.906,10.9690,impact,ragdoll,Lennald the Brash [Whiterun Guard],000D0FF6,NPC L Hand [LHnd],16,20.532,-26.123,112.625,335.110,41.925,4.1200,8.584,-422.156,1119.517,-149.553,-0.0000,-1.0000,0.0000,83.985,-213.374,-244.369,Static,WoodStairs,shape,000001EAE4B19600,-,0,1,-,
1106,2640.061,10.9690,listener,ragdoll,Lennald the Brash [Whiterun Guard],000D0FF6,-,-,0.000,0.000,0.000,0.000,0.000,0.0000,0.000,-311.888,-308.942,-318.000,0.1924,0.9813,0.0000,0.000,0.000,0.000,-,-,-,0000000000000000,-,0,0,-,tick
1109,2651.419,10.9690,impact,ragdoll,Lennald the Brash [Whiterun Guard],000D0FF6,NPC L UpperArm [LUar],10,367.008,367.008,264.383,456.270,2.349,2.0600,14.897,-415.803,1087.807,-157.564,0.0000,-0.1918,0.9814,169.561,278.917,-318.805,Static,WoodStairs,shape,000001EAE4B19600,-,1,1,-,
1110,2651.464,10.9690,touch,ragdoll,Lennald the Brash [Whiterun Guard],000D0FF6,NPC Spine [Spn0],3,0.000,0.000,0.000,433.620,4.328,4.1200,17.816,0.000,0.000,0.000,0.0000,0.0000,0.0000,132.366,241.303,-335.080,Static,-,-,000001EAE4B19600,-,0,0,-,
1111,2651.477,10.9690,touch,ragdoll,Lennald the Brash [Whiterun Guard],000D0FF6,NPC COM [COM ],0,0.000,0.000,0.000,437.691,7.457,51.5000,18.217,0.000,0.000,0.000,0.0000,0.0000,0.0000,110.027,227.122,-357.608,Static,-,-,000001EAE4B19600,-,0,0,-,
1112,2651.479,10.9690,touch,ragdoll,Lennald the Brash [Whiterun Guard],000D0FF6,NPC L Thigh [LThg],1,0.000,0.000,0.000,509.277,6.206,6.1800,21.102,0.000,0.000,0.000,0.0000,0.0000,0.0000,54.604,243.555,-443.917,Static,-,-,000001EAE4B19600,-,0,0,-,
1113,2651.797,10.9690,impact,ragdoll,Lennald the Brash [Whiterun Guard],000D0FF6,NPC COM [COM ],0,371.239,371.239,173.521,437.270,7.453,51.5000,18.217,-447.019,1097.732,-157.557,0.0000,0.0000,1.0000,109.921,226.903,-357.263,Static,WoodStairs,shape,000001EAE4B19600,-,1,1,-,
1114,2651.797,10.9690,impact,ragdoll,Lennald the Brash [Whiterun Guard],000D0FF6,NPC L Thigh [LThg],1,520.003,520.003,129.374,508.787,6.203,6.1800,21.102,-450.090,1119.502,-143.635,-0.0000,-0.6218,0.7831,54.552,243.320,-443.490,Static,WoodStairs,shape,000001EAE4B19600,-,1,0,-,
1115,2651.798,10.9690,impact,ragdoll,Lennald the Brash [Whiterun Guard],000D0FF6,NPC L Thigh [LThg],1,520.003,520.003,129.374,508.787,6.203,6.1800,21.102,-450.090,1119.502,-143.635,-0.0000,-0.6218,0.7831,54.552,243.320,-443.490,Static,WoodStairs,shape,000001EAE4B19600,-,0,0,-,
1116,2651.798,10.9690,impact,ragdoll,Lennald the Brash [Whiterun Guard],000D0FF6,NPC L Thigh [LThg],1,199.606,199.606,487.106,508.787,6.203,6.1800,21.102,-449.538,1119.504,-148.798,-0.0000,-1.0000,0.0000,54.552,243.320,-443.490,Static,WoodStairs,shape,000001EAE4B19600,-,0,1,-,
1117,2651.799,10.9690,impact,ragdoll,Lennald the Brash [Whiterun Guard],000D0FF6,NPC Spine [Spn0],3,340.479,340.479,252.631,433.203,4.326,4.1200,17.816,-441.485,1091.318,-157.557,0.0000,0.0000,1.0000,132.238,241.071,-334.757,Static,WoodStairs,shape,000001EAE4B19600,-,1,1,-,
1118,2651.804,10.9690,impact,ragdoll,Lennald the Brash [Whiterun Guard],000D0FF6,NPC L Hand [LHnd],16,22.708,22.708,401.314,241.964,43.362,4.1200,8.584,-421.596,1119.370,-146.427,-0.0000,-1.0000,0.0000,-12.501,21.307,-240.700,Static,WoodStairs,shape,000001EAE4B19600,-,0,1,-,
1119,2651.842,10.9690,touch,ragdoll,Lennald the Brash [Whiterun Guard],000D0FF6,NPC L Forearm [LLar],14,0.000,0.000,0.000,147.739,23.062,2.0600,12.007,0.000,0.000,0.000,0.0000,0.0000,0.0000,102.398,103.550,24.876,Static,-,-,000001EAE4B19600,-,0,0,-,
1120,2651.847,10.9690,touch,ragdoll,Lennald the Brash [Whiterun Guard],000D0FF6,NPC Spine1 [Spn1],6,0.000,0.000,0.000,252.519,10.662,4.1200,19.445,0.000,0.000,0.000,0.0000,0.0000,0.0000,144.756,203.715,36.221,Static,-,-,000001EAE4B19600,-,0,0,-,
1121,2651.852,10.9690,touch,ragdoll,Lennald the Brash [Whiterun Guard],000D0FF6,NPC L Calf [LClf],5,0.000,0.000,0.000,262.216,36.272,6.1800,20.265,0.000,0.000,0.000,0.0000,0.0000,0.0000,-69.340,214.311,-134.240,Static,-,-,000001EAE4B19600,-,0,0,-,
1123,2661.606,10.9690,listener,ragdoll,Lennald the Brash [Whiterun Guard],000D0FF6,-,-,0.000,0.000,0.000,0.000,0.000,0.0000,0.000,-311.888,-308.942,-318.000,0.1924,0.9813,0.0000,0.000,0.000,0.000,-,-,-,0000000000000000,-,0,0,-,tick
1124,2671.035,10.9690,impact,ragdoll,Lennald the Brash [Whiterun Guard],000D0FF6,NPC Spine1 [Spn1],6,48.032,48.032,301.353,252.276,10.657,4.1200,19.445,-432.834,1087.740,-157.584,-0.0000,-0.3837,0.9235,144.616,203.519,36.186,Static,WoodStairs,shape,000001EAE4B19600,-,1,0,-,
1125,2671.035,10.9690,impact,ragdoll,Lennald the Brash [Whiterun Guard],000D0FF6,NPC Spine1 [Spn1],6,48.032,48.032,301.353,252.276,10.657,4.1200,19.445,-432.834,1087.740,-157.584,-0.0000,-0.3837,0.9235,144.616,203.519,36.186,Static,WoodStairs,shape,000001EAE4B19600,-,0,1,-,
1126,2671.038,10.9690,impact,ragdoll,Lennald the Brash [Whiterun Guard],000D0FF6,NPC L UpperArm [LUar],10,108.480,108.480,333.418,291.549,13.410,2.0600,14.897,-412.285,1087.750,-157.580,0.0000,-0.3548,0.9350,188.249,222.044,16.113,Static,WoodStairs,shape,000001EAE4B19600,-,0,1,-,
1127,2671.040,10.9690,impact,ragdoll,Lennald the Brash [Whiterun Guard],000D0FF6,NPC L Forearm [LLar],14,42.759,42.759,243.957,147.596,23.051,2.0600,12.007,-416.171,1119.370,-148.605,-0.0000,-1.0000,0.0000,102.299,103.450,24.852,Static,WoodStairs,shape,000001EAE4B19600,-,1,0,-,
1128,2671.040,10.9690,impact,ragdoll,Lennald the Brash [Whiterun Guard],000D0FF6,NPC L Forearm [LLar],14,59.477,59.477,146.775,147.596,23.051,2.0600,12.007,-416.171,1110.632,-157.557,0.0000,0.0000,1.0000,102.299,103.450,24.852,Static,WoodStairs,shape,000001EAE4B19600,-,0,0,-,
1129,2671.043,10.9690,impact,ragdoll,Lennald the Brash [Whiterun Guard],000D0FF6,NPC L Hand [LHnd],16,236.524,236.524,410.754,237.816,48.028,4.1200,8.584,-421.643,1114.461,-157.557,0.0000,-0.0000,1.0000,17.654,-2.381,-237.148,Static,WoodStairs,shape,000001EAE4B19600,-,0,1,-,
1130,2671.106,10.9690,touch,ragdoll,Lennald the Brash [Whiterun Guard],000D0FF6,NPC Spine2 [Spn2],9,0.000,0.000,0.000,247.876,13.538,7.2100,23.744,0.000,0.000,0.000,0.0000,0.0000,0.0000,142.632,197.583,-45.381,Static,-,-,000001EAE4B19600,-,0,0,-,
1131,2671.116,10.9690,separate,ragdoll,Lennald the Brash [Whiterun Guard],000D0FF6,NPC L Calf [LClf],5,0.000,0.000,0.000,337.508,3.009,6.1800,20.265,0.000,0.000,0.000,0.0000,0.0000,0.0000,-40.454,218.128,-254.353,Static,-,-,000001EAE4B19600,-,0,0,-,
1134,2671.483,10.9690,impact,ragdoll,Lennald the Brash [Whiterun Guard],000D0FF6,NPC Spine2 [Spn2],9,180.222,180.222,295.980,247.637,13.532,7.2100,23.744,-420.410,1087.596,-157.695,-0.0000,-0.7947,0.6070,142.494,197.393,-45.338,Static,WoodStairs,shape,000001EAE4B19600,-,1,0,-,
1135,2671.483,10.9690,impact,ragdoll,Lennald the Brash [Whiterun Guard],000D0FF6,NPC Spine2 [Spn2],9,180.222,180.222,295.980,247.637,13.532,7.2100,23.744,-420.410,1087.596,-157.695,-0.0000,-0.7947,0.6070,142.494,197.393,-45.338,Static,WoodStairs,shape,000001EAE4B19600,-,0,1,-,
1136,2671.541,10.9690,touch,ragdoll,Lennald the Brash [Whiterun Guard],000D0FF6,NPC Head [Head],13,0.000,0.000,0.000,388.274,12.450,4.1200,15.561,0.000,0.000,0.000,0.0000,0.0000,0.0000,116.436,323.940,-179.615,Static,-,-,000001EAE4B19600,-,0,0,-,
1137,2671.546,10.9690,touch,ragdoll,Lennald the Brash [Whiterun Guard],000D0FF6,NPC L Foot [Lft ],7,0.000,0.000,0.000,456.478,35.180,3.0900,10.311,0.000,0.000,0.000,0.0000,0.0000,0.0000,78.551,64.765,-444.980,Static,-,-,000001EAE4B19600,-,0,0,-,
1138,2671.559,10.9690,touch,ragdoll,Lennald the Brash [Whiterun Guard],000D0FF6,NPC L Calf [LClf],5,0.000,0.000,0.000,160.165,8.211,6.1800,20.265,0.000,0.000,0.000,0.0000,0.0000,0.0000,-33.648,57.900,-145.493,Static,-,-,000001EAE4B19600,-,0,0,-,
1139,2690.874,10.9690,impact,ragdoll,Lennald the Brash [Whiterun Guard],000D0FF6,NPC L Calf [LClf],5,230.760,230.760,92.586,160.010,8.207,6.1800,20.265,-458.427,1151.456,-135.668,-0.0000,-0.3152,0.9490,-33.615,57.844,-145.353,Static,WoodStairs,shape,000001EAE4B19600,-,1,1,-,
1140,2690.888,10.9690,impact,ragdoll,Lennald the Brash [Whiterun Guard],000D0FF6,NPC L Foot [Lft ],7,530.833,530.833,352.406,456.038,35.163,3.0900,10.311,-465.176,1158.926,-135.650,0.0000,0.0000,1.0000,78.475,64.703,-444.552,Static,Wood,shape,000001EAE4B19600,-,1,1,-,
1141,2690.892,10.9690,impact,ragdoll,Lennald the Brash [Whiterun Guard],000D0FF6,NPC Head [Head],13,179.781,179.781,438.580,387.900,12.419,4.1200,15.561,-401.952,1067.076,-171.564,0.0001,-0.0022,1.0000,116.324,323.628,-179.442,Static,WoodStairs,shape,000001EAE4B19600,-,1,1,-,
1147,2691.329,10.9690,impact,ragdoll,Lennald the Brash [Whiterun Guard],000D0FF6,NPC L Foot [Lft ],7,5.914,5.914,124.349,72.726,13.961,3.0900,10.311,-464.374,1151.826,-135.766,-0.0000,-0.1045,0.9945,24.567,58.385,35.730,Static,WoodStairs,shape,000001EAE4B19600,-,0,1,-,
1148,2691.369,10.9690,separate,ragdoll,Lennald the Brash [Whiterun Guard],000D0FF6,NPC Head [Head],13,0.000,0.000,0.000,200.831,24.723,4.1200,15.561,0.000,0.000,0.000,0.0000,0.0000,0.0000,86.718,180.833,10.600,Static,-,-,000001EAE4B19600,-,0,0,-,
1149,2691.370,10.9690,touch,ragdoll,Lennald the Brash [Whiterun Guard],000D0FF6,NPC Head [Head],13,0.000,0.000,0.000,200.831,24.723,4.1200,15.561,0.000,0.000,0.000,0.0000,0.0000,0.0000,86.718,180.833,10.600,Static,-,-,000001EAE4B19600,-,0,0,-,
1151,2701.263,10.9691,listener,ragdoll,Lennald the Brash [Whiterun Guard],000D0FF6,-,-,0.000,0.000,0.000,0.000,0.000,0.0000,0.000,-311.888,-308.942,-318.000,0.1924,0.9813,0.0000,0.000,0.000,0.000,-,-,-,0000000000000000,-,0,0,-,tick
1152,2711.469,10.9691,separate,ragdoll,Lennald the Brash [Whiterun Guard],000D0FF6,NPC COM [COM ],0,0.000,0.000,0.000,162.106,9.118,51.5000,18.217,0.000,0.000,0.000,0.0000,0.0000,0.0000,110.284,-17.817,117.466,Static,-,-,000001EAE4B19600,-,0,0,-,
1153,2711.821,10.9691,impact,ragdoll,Lennald the Brash [Whiterun Guard],000D0FF6,NPC Head [Head],13,131.570,131.570,195.791,143.569,18.168,4.1200,15.561,-399.277,1087.524,-160.624,-0.0000,-1.0000,-0.0000,25.751,126.470,62.883,Static,WoodStairs,shape,000001EAE4B19600,-,0,0,-,
1154,2711.822,10.9691,impact,ragdoll,Lennald the Brash [Whiterun Guard],000D0FF6,NPC Head [Head],13,89.388,89.388,208.621,143.569,18.168,4.1200,15.561,-399.444,1087.533,-164.391,-0.0000,-1.0000,0.0000,25.751,126.470,62.883,Static,WoodStairs,shape,000001EAE4B19600,-,0,1,-,
1155,2711.849,10.9691,separate,ragdoll,Lennald the Brash [Whiterun Guard],000D0FF6,NPC Spine [Spn0],3,0.000,0.000,0.000,121.766,7.349,4.1200,17.816,0.000,0.000,0.000,0.0000,0.0000,0.0000,65.330,-12.346,102.012,Static,-,-,000001EAE4B19600,-,0,0,-,
1162,2732.168,10.9693,impact,ragdoll,Lennald the Brash [Whiterun Guard],000D0FF6,NPC L Calf [LClf],5,14.594,14.594,44.478,81.916,9.518,6.1800,20.265,-450.742,1129.587,-143.559,-0.0000,-0.0000,1.0000,73.251,36.056,-6.669,Static,WoodStairs,shape,000001EAE4B19600,-,0,1,-,
1163,2732.435,10.9693,separate,ragdoll,Lennald the Brash [Whiterun Guard],000D0FF6,NPC L Foot [Lft ],7,0.000,0.000,0.000,102.585,28.626,3.0900,10.311,0.000,0.000,0.000,0.0000,0.0000,0.0000,7.425,-64.851,79.138,Static,-,-,000001EAE4B19600,-,0,0,-,
1166,2741.569,10.9693,listener,ragdoll,Lennald the Brash [Whiterun Guard],000D0FF6,-,-,0.000,0.000,0.000,0.000,0.000,0.0000,0.000,-311.888,-308.942,-318.000,0.1924,0.9813,0.0000,0.000,0.000,0.000,-,-,-,0000000000000000,-,0,0,-,tick
1173,2751.700,10.9693,separate,ragdoll,Lennald the Brash [Whiterun Guard],000D0FF6,NPC Spine1 [Spn1],6,0.000,0.000,0.000,110.355,2.278,4.1200,19.445,0.000,0.000,0.000,0.0000,0.0000,0.0000,98.437,-6.377,49.473,Static,-,-,000001EAE4B19600,-,0,0,-,
1176,2759.818,10.9693,listener,ragdoll,Lennald the Brash [Whiterun Guard],000D0FF6,-,-,0.000,0.000,0.000,0.000,0.000,0.0000,0.000,-311.888,-308.942,-318.000,0.1924,0.9813,0.0000,0.000,0.000,0.000,-,-,-,0000000000000000,-,0,0,-,tick
1182,2771.825,10.9693,separate,ragdoll,Lennald the Brash [Whiterun Guard],000D0FF6,NPC L Forearm [LLar],14,0.000,0.000,0.000,94.295,1.563,2.0600,12.007,0.000,0.000,0.000,0.0000,0.0000,0.0000,-57.011,-12.545,-74.054,Static,-,-,000001EAE4B19600,-,0,0,-,
1183,2771.827,10.9693,touch,ragdoll,Lennald the Brash [Whiterun Guard],000D0FF6,NPC L Forearm [LLar],14,0.000,0.000,0.000,94.295,1.563,2.0600,12.007,0.000,0.000,0.000,0.0000,0.0000,0.0000,-57.011,-12.545,-74.054,Static,-,-,000001EAE4B19600,-,0,0,-,
1185,2791.343,10.9694,impact,ragdoll,Lennald the Brash [Whiterun Guard],000D0FF6,NPC L Hand [LHnd],16,94.140,94.140,24.527,112.649,7.714,4.1200,8.584,-426.470,1114.258,-157.557,0.0000,-0.0000,1.0000,-61.329,-8.290,-94.127,Static,WoodStairs,shape,000001EAE4B19600,-,0,1,-,
1189,2791.731,10.9694,impact,ragdoll,Lennald the Brash [Whiterun Guard],000D0FF6,NPC L UpperArm [LUar],10,81.396,81.396,84.871,59.922,7.584,2.0600,14.897,-408.356,1102.152,-157.568,0.0000,0.0000,1.0000,31.996,-28.391,-41.963,Static,WoodStairs,shape,000001EAE4B19600,-,0,1,-,
1190,2791.800,10.9694,separate,ragdoll,Lennald the Brash [Whiterun Guard],000D0FF6,NPC Head [Head],13,0.000,0.000,0.000,76.484,3.240,4.1200,15.561,0.000,0.000,0.000,0.0000,0.0000,0.0000,55.823,-50.160,14.751,Static,-,-,000001EAE4B19600,-,0,0,-,
1198,2801.541,10.9694,listener,ragdoll,Lennald the Brash [Whiterun Guard],000D0FF6,-,-,0.000,0.000,0.000,0.000,0.000,0.0000,0.000,-311.888,-308.942,-318.000,0.1924,0.9813,0.0000,0.000,0.000,0.000,-,-,-,0000000000000000,-,0,0,-,tick
1203,2810.634,10.9694,separate,ragdoll,Lennald the Brash [Whiterun Guard],000D0FF6,NPC L Forearm [LLar],14,0.000,0.000,0.000,42.301,4.228,2.0600,12.007,0.000,0.000,0.000,0.0000,0.0000,0.0000,-28.672,-31.096,-0.578,Static,-,-,000001EAE4B19600,-,0,0,-,
1204,2829.808,10.9695,touch,ragdoll,Lennald the Brash [Whiterun Guard],000D0FF6,NPC L Forearm [LLar],14,0.000,0.000,0.000,47.889,4.926,2.0600,12.007,0.000,0.000,0.000,0.0000,0.0000,0.0000,-22.442,-35.331,-23.268,Static,-,-,000001EAE4B19600,-,0,0,-,
1205,2830.196,10.9695,impact,ragdoll,Lennald the Brash [Whiterun Guard],000D0FF6,NPC L UpperArm [LUar],10,6.803,6.803,54.446,43.295,5.957,2.0600,14.897,-404.713,1087.869,-157.557,-0.0000,-0.0155,0.9999,28.525,-24.682,-21.250,Static,WoodStairs,shape,000001EAE4B19600,-,0,1,-,
1207,2839.012,10.9695,listener,ragdoll,Lennald the Brash [Whiterun Guard],000D0FF6,-,-,0.000,0.000,0.000,0.000,0.000,0.0000,0.000,-311.888,-308.942,-318.000,0.1924,0.9813,0.0000,0.000,0.000,0.000,-,-,-,0000000000000000,-,0,0,-,tick
1210,2858.412,10.9696,listener,ragdoll,Lennald the Brash [Whiterun Guard],000D0FF6,-,-,0.000,0.000,0.000,0.000,0.000,0.0000,0.000,-311.888,-308.942,-318.000,0.1924,0.9813,0.0000,0.000,0.000,0.000,-,-,-,0000000000000000,-,0,0,-,tick
1212,2870.880,10.9696,impact,ragdoll,Lennald the Brash [Whiterun Guard],000D0FF6,NPC L UpperArm [LUar],10,7.296,7.296,37.783,36.221,4.180,2.0600,14.897,-403.481,1087.841,-157.559,-0.0000,-0.1045,0.9945,26.120,-19.975,-15.189,Static,WoodStairs,shape,000001EAE4B19600,-,0,1,-,
1217,2871.323,10.9696,impact,ragdoll,Lennald the Brash [Whiterun Guard],000D0FF6,NPC L Forearm [LLar],14,17.939,17.939,52.783,39.233,3.197,2.0600,12.007,-410.904,1102.139,-157.563,0.0000,0.0000,1.0000,3.572,-25.691,-29.436,Static,WoodStairs,shape,000001EAE4B19600,-,0,1,-,
1225,2896.298,10.9697,listener,ragdoll,Lennald the Brash [Whiterun Guard],000D0FF6,-,-,0.000,0.000,0.000,0.000,0.000,0.0000,0.000,-311.888,-308.942,-318.000,0.1924,0.9813,0.0000,0.000,0.000,0.000,-,-,-,0000000000000000,-,0,0,-,tick
1226,2907.514,10.9697,touch,ragdoll,Lennald the Brash [Whiterun Guard],000D0FF6,NPC L Foot [Lft ],7,0.000,0.000,0.000,106.409,3.736,3.0900,10.311,0.000,0.000,0.000,0.0000,0.0000,0.0000,42.116,6.390,-97.511,Static,-,-,000001EAE4B19600,-,0,0,-,
1229,2907.818,10.9697,impact,ragdoll,Lennald the Brash [Whiterun Guard],000D0FF6,NPC L Foot [Lft ],7,103.771,103.771,51.416,106.308,3.734,3.0900,10.311,-461.001,1151.575,-135.650,0.0000,0.0000,1.0000,42.076,6.384,-97.418,Static,Wood,shape,000001EAE4B19600,-,1,1,-,
1230,2907.852,10.9697,touch,ragdoll,Lennald the Brash [Whiterun Guard],000D0FF6,NPC L Thigh [LThg],1,0.000,0.000,0.000,76.887,1.432,6.1800,21.102,0.000,0.000,0.000,0.0000,0.0000,0.0000,67.982,-6.912,-35.247,DeadBip,-,-,000001EB3A1FC700,14,0,0,-,
1231,2907.852,10.9697,touch,ragdoll,Lennald the Brash [Whiterun Guard],000D0FF6,NPC L Forearm [LLar],14,0.000,0.000,0.000,47.346,3.694,2.0600,12.007,0.000,0.000,0.000,0.0000,0.0000,0.0000,37.906,-28.055,4.202,DeadBip,-,-,000001EB3A1FFA00,1,0,0,-,
1232,2927.075,10.9698,impact,ragdoll,Lennald the Brash [Whiterun Guard],000D0FF6,NPC L Thigh [LThg],1,46.257,46.257,19.854,76.813,1.431,6.1800,21.102,-422.541,1107.107,-147.303,-0.2489,-0.1593,0.9553,67.916,-6.905,-35.213,DeadBip,Skin,shape,000001EB3A1FC700,14,1,1,-,
1233,2927.076,10.9698,impact,ragdoll,Lennald the Brash [Whiterun Guard],000D0FF6,NPC L Forearm [LLar],14,46.257,-46.257,19.854,47.300,3.692,2.0600,12.007,-422.541,1107.107,-147.303,-0.2489,-0.1593,0.9553,37.870,-28.028,4.198,DeadBip,Skin,shape,000001EB3A1FFA00,1,1,1,-,
1234,2927.130,10.9698,touch,ragdoll,Lennald the Brash [Whiterun Guard],000D0FF6,NPC L Hand [LHnd],16,0.000,0.000,0.000,60.567,5.843,4.1200,8.584,0.000,0.000,0.000,0.0000,0.0000,0.0000,35.501,-49.071,-0.203,DeadBip,-,-,000001EB3A1FFA00,1,0,0,-,
1235,2927.130,10.9698,touch,ragdoll,Lennald the Brash [Whiterun Guard],000D0FF6,NPC L Thigh [LThg],1,0.000,0.000,0.000,65.661,1.503,6.1800,21.102,0.000,0.000,0.000,0.0000,0.0000,0.0000,59.320,-1.187,-28.126,DeadBip,-,-,000001EB3A1FC400,16,0,0,-,
1236,2927.538,10.9698,impact,ragdoll,Lennald the Brash [Whiterun Guard],000D0FF6,NPC L Hand [LHnd],16,28.026,28.026,17.758,60.508,5.840,4.1200,8.584,-427.113,1109.439,-141.004,0.0242,0.1252,-0.9918,35.467,-49.023,-0.202,DeadBip,Skin,shape,000001EB3A1FFA00,1,1,1,-,
1237,2927.538,10.9698,impact,ragdoll,Lennald the Brash [Whiterun Guard],000D0FF6,NPC L Thigh [LThg],1,28.026,-28.026,17.758,65.597,1.502,6.1800,21.102,-427.113,1109.439,-141.004,0.0242,0.1252,-0.9918,59.262,-1.186,-28.099,DeadBip,Skin,shape,000001EB3A1FC400,16,1,1,-,
1238,2927.579,10.9698,touch,ragdoll,Lennald the Brash [Whiterun Guard],000D0FF6,NPC COM [COM ],0,0.000,0.000,0.000,82.161,1.174,51.5000,18.217,0.000,0.000,0.000,0.0000,0.0000,0.0000,77.154,12.962,-25.093,DeadBip,-,-,000001EB3A1FC700,14,0,0,-,
1239,2927.579,10.9698,touch,ragdoll,Lennald the Brash [Whiterun Guard],000D0FF6,NPC L Forearm [LLar],14,0.000,0.000,0.000,55.594,6.855,2.0600,12.007,0.000,0.000,0.000,0.0000,0.0000,0.0000,46.406,-29.893,-6.600,DeadBip,-,-,000001EB3A1FF400,0,0,0,-,
1241,2936.535,10.9698,listener,ragdoll,Lennald the Brash [Whiterun Guard],000D0FF6,-,-,0.000,0.000,0.000,0.000,0.000,0.0000,0.000,-311.888,-308.942,-318.000,0.1924,0.9813,0.0000,0.000,0.000,0.000,-,-,-,0000000000000000,-,0,0,-,tick
1242,2946.306,10.9698,impact,ragdoll,Lennald the Brash [Whiterun Guard],000D0FF6,NPC COM [COM ],0,41.468,41.468,13.079,82.082,1.173,51.5000,18.217,-419.901,1105.264,-147.165,-0.1972,-0.2715,0.9420,77.080,12.950,-25.069,DeadBip,Skin,shape,000001EB3A1FC700,14,1,1,-,
1243,2946.307,10.9698,impact,ragdoll,Lennald the Brash [Whiterun Guard],000D0FF6,NPC L Forearm [LLar],14,41.468,-41.468,13.079,55.541,6.851,2.0600,12.007,-419.901,1105.264,-147.165,-0.1972,-0.2715,0.9420,46.362,-29.864,-6.594,DeadBip,-,-,000001EB3A1FF400,0,1,1,-,
1244,2946.791,10.9698,touch,ragdoll,Lennald the Brash [Whiterun Guard],000D0FF6,NPC Spine [Spn0],3,0.000,0.000,0.000,76.782,0.983,4.1200,17.816,0.000,0.000,0.000,0.0000,0.0000,0.0000,71.872,7.137,-26.055,DeadBip,-,-,000001EB3A1FC700,14,0,0,-,
1245,2946.791,10.9698,touch,ragdoll,Lennald the Brash [Whiterun Guard],000D0FF6,NPC L Forearm [LLar],14,0.000,0.000,0.000,65.121,5.112,2.0600,12.007,0.000,0.000,0.000,0.0000,0.0000,0.0000,57.859,-24.456,17.174,DeadBip,-,-,000001EB3A1FE200,3,0,0,-,
1247,2956.620,10.9698,listener,ragdoll,Lennald the Brash [Whiterun Guard],000D0FF6,-,-,0.000,0.000,0.000,0.000,0.000,0.0000,0.000,-311.888,-308.942,-318.000,0.1924,0.9813,0.0000,0.000,0.000,0.000,-,-,-,0000000000000000,-,0,0,-,tick
1248,2965.890,10.9698,impact,ragdoll,Lennald the Brash [Whiterun Guard],000D0FF6,NPC Spine [Spn0],3,54.292,54.292,35.395,76.708,0.982,4.1200,17.816,-414.780,1101.756,-147.540,-0.2872,-0.5537,0.7816,71.803,7.130,-26.030,DeadBip,Skin,shape,000001EB3A1FC700,14,1,1,-,
1249,2965.891,10.9698,impact,ragdoll,Lennald the Brash [Whiterun Guard],000D0FF6,NPC L Forearm [LLar],14,54.292,-54.292,35.395,65.058,5.110,2.0600,12.007,-414.780,1101.756,-147.540,-0.2872,-0.5537,0.7816,57.803,-24.433,17.157,DeadBip,Skin,shape,000001EB3A1FE200,3,1,1,-,
1250,2965.938,10.9698,touch,ragdoll,Lennald the Brash [Whiterun Guard],000D0FF6,NPC Head [Head],13,0.000,0.000,0.000,45.034,2.330,4.1200,15.561,0.000,0.000,0.000,0.0000,0.0000,0.0000,19.520,-25.896,-31.247,Static,-,-,000001EAE4B19600,-,0,0,-,
1255,2966.316,10.9698,impact,ragdoll,Lennald the Brash [Whiterun Guard],000D0FF6,NPC Head [Head],13,31.182,31.182,30.511,44.990,2.324,4.1200,15.561,-388.859,1064.846,-171.570,0.0001,-0.0022,1.0000,19.501,-25.871,-31.217,Static,WoodStairs,shape,000001EAE4B19600,-,1,1,-,
1256,2966.351,10.9698,touch,ragdoll,Lennald the Brash [Whiterun Guard],000D0FF6,NPC COM [COM ],0,0.000,0.000,0.000,82.277,1.033,51.5000,18.217,0.000,0.000,0.000,0.0000,0.0000,0.0000,70.357,10.519,-41.338,DeadBip,-,-,000001EB3A1FC400,16,0,0,-,
1257,2966.351,10.9698,touch,ragdoll,Lennald the Brash [Whiterun Guard],000D0FF6,NPC L Hand [LHnd],16,0.000,0.000,0.000,60.651,8.628,4.1200,8.584,0.000,0.000,0.000,0.0000,0.0000,0.0000,42.932,-42.841,-0.172,DeadBip,-,-,000001EB3A1FF400,0,0,0,-,
1258,2985.430,10.9700,impact,ragdoll,Lennald the Brash [Whiterun Guard],000D0FF6,NPC COM [COM ],0,49.356,49.356,11.520,82.198,1.032,51.5000,18.217,-423.776,1106.841,-148.109,0.2186,-0.3482,0.9116,70.289,10.508,-41.298,DeadBip,Skin,shape,000001EB3A1FC400,16,1,1,-,
1259,2985.431,10.9700,impact,ragdoll,Lennald the Brash [Whiterun Guard],000D0FF6,NPC L Hand [LHnd],16,49.356,-49.356,11.520,60.593,8.624,4.1200,8.584,-423.776,1106.841,-148.109,0.2186,-0.3482,0.9116,42.891,-42.799,-0.172,DeadBip,-,-,000001EB3A1FF400,0,1,1,-,
1264,2985.823,10.9700,touch,ragdoll,Lennald the Brash [Whiterun Guard],000D0FF6,NPC L Forearm [LLar],14,0.000,0.000,0.000,55.863,2.179,2.0600,12.007,0.000,0.000,0.000,0.0000,0.0000,0.0000,45.586,-18.643,-26.364,DeadBip,-,-,000001EB3A1FDF00,6,0,0,-,
1265,2985.823,10.9700,touch,ragdoll,Lennald the Brash [Whiterun Guard],000D0FF6,NPC Spine1 [Spn1],6,0.000,0.000,0.000,53.285,2.313,4.1200,19.445,0.000,0.000,0.000,0.0000,0.0000,0.0000,50.150,-2.317,-17.859,DeadBip,-,-,000001EB3A1FC700,14,0,0,-,
1267,2994.922,10.9700,listener,ragdoll,Lennald the Brash [Whiterun Guard],000D0FF6,-,-,0.000,0.000,0.000,0.000,0.000,0.0000,0.000,-311.888,-308.942,-318.000,0.1924,0.9813,0.0000,0.000,0.000,0.000,-,-,-,0000000000000000,-,0,0,-,tick
1268,3004.845,10.9700,impact,ragdoll,Lennald the Brash [Whiterun Guard],000D0FF6,NPC L Forearm [LLar],14,20.470,20.470,46.839,55.809,2.178,2.0600,12.007,-408.874,1091.814,-144.293,0.2681,0.8167,-0.5110,45.542,-18.624,-26.338,DeadBip,Skin,shape,000001EB3A1FDF00,6,1,1,-,
1269,3004.846,10.9700,impact,ragdoll,Lennald the Brash [Whiterun Guard],000D0FF6,NPC Spine1 [Spn1],6,20.470,-20.470,46.839,53.233,2.312,4.1200,19.445,-408.874,1091.814,-144.293,0.2681,0.8167,-0.5110,50.101,-2.315,-17.842,DeadBip,Skin,shape,000001EB3A1FC700,14,1,1,-,
1270,3025.227,10.9701,touch,ragdoll,Lennald the Brash [Whiterun Guard],000D0FF6,NPC Spine1 [Spn1],6,0.000,0.000,0.000,55.574,3.210,4.1200,19.445,0.000,0.000,0.000,0.0000,0.0000,0.0000,42.456,8.381,-34.866,DeadBip,-,-,000001EB3A1FCD00,17,0,0,-,
1271,3025.228,10.9701,touch,ragdoll,Lennald the Brash [Whiterun Guard],000D0FF6,NPC R Hand [RHnd],17,0.000,0.000,0.000,228.977,9.418,4.1200,8.584,0.000,0.000,0.000,0.0000,0.0000,0.0000,121.507,49.520,-187.654,DeadBip,-,-,000001EB3A1FDF00,6,0,0,-,
1272,3025.621,10.9701,impact,ragdoll,Lennald the Brash [Whiterun Guard],000D0FF6,NPC Spine1 [Spn1],6,57.215,57.215,126.790,55.520,3.208,4.1200,19.445,-421.713,1068.563,-137.455,0.6566,0.7231,0.2145,42.415,8.373,-34.832,DeadBip,Skin,shape,000001EB3A1FCD00,17,1,1,-,
1273,3025.622,10.9701,impact,ragdoll,Lennald the Brash [Whiterun Guard],000D0FF6,NPC R Hand [RHnd],17,57.215,-57.215,126.790,228.752,9.414,4.1200,8.584,-421.713,1068.563,-137.455,0.6566,0.7231,0.2145,121.388,49.471,-187.470,DeadBip,Skin,shape,000001EB3A1FDF00,6,1,1,-,
1274,3025.660,10.9701,touch,ragdoll,Lennald the Brash [Whiterun Guard],000D0FF6,NPC L Forearm [LLar],14,0.000,0.000,0.000,66.819,2.836,2.0600,12.007,0.000,0.000,0.000,0.0000,0.0000,0.0000,44.490,-40.273,29.386,DeadBip,-,-,000001EB3A1FDC00,9,0,0,-,
1275,3025.660,10.9701,touch,ragdoll,Lennald the Brash [Whiterun Guard],000D0FF6,NPC Spine2 [Spn2],9,0.000,0.000,0.000,44.409,3.786,7.2100,23.744,0.000,0.000,0.000,0.0000,0.0000,0.0000,39.275,-4.615,-20.206,DeadBip,-,-,000001EB3A1FC700,14,0,0,-,
1276,3025.661,10.9701,touch,ragdoll,Lennald the Brash [Whiterun Guard],000D0FF6,NPC R Forearm [RLar],15,0.000,0.000,0.000,113.327,10.156,6.1800,12.007,0.000,0.000,0.000,0.0000,0.0000,0.0000,-0.350,25.754,-110.361,DeadBip,-,-,000001EB3A1FDC00,9,0,0,-,
1277,3025.661,10.9701,touch,ragdoll,Lennald the Brash [Whiterun Guard],000D0FF6,NPC Spine2 [Spn2],9,0.000,0.000,0.000,44.409,3.786,7.2100,23.744,0.000,0.000,0.000,0.0000,0.0000,0.0000,39.275,-4.615,-20.206,DeadBip,-,-,000001EB3A1FD000,15,0,0,-,
1278,3025.671,10.9701,touch,ragdoll,Lennald the Brash [Whiterun Guard],000D0FF6,NPC R Hand [RHnd],17,0.000,0.000,0.000,215.999,9.773,4.1200,8.584,0.000,0.000,0.000,0.0000,0.0000,0.0000,102.507,12.256,-189.730,DeadBip,-,-,000001EB3A1FDC00,9,0,0,-,
1279,3025.671,10.9701,touch,ragdoll,Lennald the Brash [Whiterun Guard],000D0FF6,NPC Spine2 [Spn2],9,0.000,0.000,0.000,44.409,3.786,7.2100,23.744,0.000,0.000,0.000,0.0000,0.0000,0.0000,39.275,-4.615,-20.206,DeadBip,-,-,000001EB3A1FCD00,17,0,0,-,
1281,3036.128,10.9701,listener,ragdoll,Lennald the Brash [Whiterun Guard],000D0FF6,-,-,0.000,0.000,0.000,0.000,0.000,0.0000,0.000,-311.888,-308.942,-318.000,0.1924,0.9813,0.0000,0.000,0.000,0.000,-,-,-,0000000000000000,-,0,0,-,tick
1282,3045.016,10.9701,impact,ragdoll,Lennald the Brash [Whiterun Guard],000D0FF6,NPC L Forearm [LLar],14,43.223,43.223,71.906,66.753,2.834,2.0600,12.007,-401.828,1088.866,-148.333,-0.2129,0.9651,-0.1528,44.446,-40.233,29.357,DeadBip,Skin,shape,000001EB3A1FDC00,9,1,1,-,
1283,3045.017,10.9701,impact,ragdoll,Lennald the Brash [Whiterun Guard],000D0FF6,NPC Spine2 [Spn2],9,43.223,-43.223,71.906,44.365,3.784,7.2100,23.744,-401.828,1088.866,-148.333,-0.2129,0.9651,-0.1528,39.236,-4.610,-20.186,DeadBip,Skin,shape,000001EB3A1FC700,14,1,1,-,
1284,3045.019,10.9701,impact,ragdoll,Lennald the Brash [Whiterun Guard],000D0FF6,NPC R Forearm [RLar],15,69.719,69.719,60.804,113.215,10.151,6.1800,12.007,-411.028,1066.484,-138.080,-0.8222,-0.4244,0.3793,-0.349,25.729,-110.252,DeadBip,Skin,shape,000001EB3A1FDC00,9,1,1,-,
1285,3045.019,10.9701,impact,ragdoll,Lennald the Brash [Whiterun Guard],000D0FF6,NPC Spine2 [Spn2],9,69.719,-69.719,60.804,44.365,3.784,7.2100,23.744,-411.028,1066.484,-138.080,-0.8222,-0.4244,0.3793,39.236,-4.610,-20.186,DeadBip,Skin,shape,000001EB3A1FD000,15,1,1,-,
1286,3045.021,10.9701,impact,ragdoll,Lennald the Brash [Whiterun Guard],000D0FF6,NPC R Hand [RHnd],17,92.530,92.530,70.489,215.786,9.768,4.1200,8.584,-412.728,1068.421,-141.562,-0.9572,-0.2705,0.1027,102.406,12.244,-189.543,DeadBip,Skin,shape,000001EB3A1FDC00,9,1,1,-,
1287,3045.021,10.9701,impact,ragdoll,Lennald the Brash [Whiterun Guard],000D0FF6,NPC Spine2 [Spn2],9,92.530,-92.530,70.489,44.365,3.784,7.2100,23.744,-412.728,1068.421,-141.562,-0.9572,-0.2705,0.1027,39.236,-4.610,-20.186,DeadBip,Skin,shape,000001EB3A1FCD00,17,1,1,-,
1288,3045.063,10.9701,separate,ragdoll,Lennald the Brash [Whiterun Guard],000D0FF6,NPC Spine1 [Spn1],6,0.000,0.000,0.000,77.778,3.597,4.1200,19.445,0.000,0.000,0.000,0.0000,0.0000,0.0000,60.933,7.408,-47.766,DeadBip,-,-,000001EB3A1FCD00,17,0,0,-,
1289,3045.063,10.9701,separate,ragdoll,Lennald the Brash [Whiterun Guard],000D0FF6,NPC R Hand [RHnd],17,0.000,0.000,0.000,158.124,12.405,4.1200,8.584,0.000,0.000,0.000,0.0000,0.0000,0.0000,26.732,-14.482,-155.173,DeadBip,-,-,000001EB3A1FDF00,6,0,0,-,
1290,3045.070,10.9701,touch,ragdoll,Lennald the Brash [Whiterun Guard],000D0FF6,NPC Spine [Spn0],3,0.000,0.000,0.000,85.850,3.522,4.1200,17.816,0.000,0.000,0.000,0.0000,0.0000,0.0000,62.512,10.925,-57.820,DeadBip,-,-,000001EB3A1FC400,16,0,0,-,
1291,3045.070,10.9701,touch,ragdoll,Lennald the Brash [Whiterun Guard],000D0FF6,NPC L Hand [LHnd],16,0.000,0.000,0.000,59.097,10.525,4.1200,8.584,0.000,0.000,0.000,0.0000,0.0000,0.0000,50.721,-20.685,22.183,DeadBip,-,-,000001EB3A1FE200,3,0,0,-,
1294,3045.447,10.9701,impact,ragdoll,Lennald the Brash [Whiterun Guard],000D0FF6,NPC Spine [Spn0],3,60.231,60.231,158.410,85.766,3.520,4.1200,17.816,-419.624,1104.153,-148.434,0.3913,-0.6588,0.6426,62.450,10.914,-57.763,DeadBip,Skin,shape,000001EB3A1FC400,16,1,1,-,
1295,3045.447,10.9701,impact,ragdoll,Lennald the Brash [Whiterun Guard],000D0FF6,NPC L Hand [LHnd],16,60.231,-60.231,158.410,59.039,10.520,4.1200,8.584,-419.624,1104.153,-148.434,0.3913,-0.6588,0.6426,50.671,-20.664,22.161,DeadBip,Skin,shape,000001EB3A1FE200,3,1,1,-,
1300,3056.148,10.9701,listener,ragdoll,Lennald the Brash [Whiterun Guard],000D0FF6,-,-,0.000,0.000,0.000,0.000,0.000,0.0000,0.000,-311.888,-308.942,-318.000,0.1924,0.9813,0.0000,0.000,0.000,0.000,-,-,-,0000000000000000,-,0,0,-,tick
1301,3065.174,10.9701,impact,ragdoll,Lennald the Brash [Whiterun Guard],000D0FF6,NPC L Thigh [LThg],1,51.007,51.007,76.539,60.825,3.407,6.1800,21.102,-424.825,1119.658,-149.419,-0.0000,-1.0000,0.0000,58.756,14.371,-6.393,Static,WoodStairs,shape,000001EAE4B19600,-,0,1,-,
1302,3065.176,10.9701,impact,ragdoll,Lennald the Brash [Whiterun Guard],000D0FF6,NPC R Thigh [RThg],2,44.721,44.721,29.351,76.845,2.182,6.1800,21.101,-433.274,1119.739,-131.584,-0.6234,-0.5484,0.5574,42.445,3.038,-63.988,DeadBip,Skin,shape,000001EB3A1FFA00,1,0,1,-,
1303,3065.177,10.9701,impact,ragdoll,Lennald the Brash [Whiterun Guard],000D0FF6,NPC L Thigh [LThg],1,44.721,-44.721,29.351,60.825,3.407,6.1800,21.102,-433.274,1119.739,-131.584,-0.6234,-0.5484,0.5574,58.756,14.371,-6.393,DeadBip,Skin,shape,000001EB3A1FEB00,2,0,1,-,
1304,3065.675,10.9701,touch,ragdoll,Lennald the Brash [Whiterun Guard],000D0FF6,NPC R Thigh [RThg],2,0.000,0.000,0.000,70.197,4.017,6.1800,21.101,0.000,0.000,0.000,0.0000,0.0000,0.0000,41.197,-6.902,-56.416,DeadBip,-,-,000001EB3A1FF700,5,0,0,-,
1305,3065.676,10.9701,touch,ragdoll,Lennald the Brash [Whiterun Guard],000D0FF6,NPC L Calf [LClf],5,0.000,0.000,0.000,38.818,2.312,6.1800,20.265,0.000,0.000,0.000,0.0000,0.0000,0.0000,18.525,-29.945,16.338,DeadBip,-,-,000001EB3A1FEB00,2,0,0,-,
1306,3084.935,10.9702,impact,ragdoll,Lennald the Brash [Whiterun Guard],000D0FF6,NPC R Thigh [RThg],2,97.700,97.700,55.436,70.127,4.015,6.1800,21.101,-434.587,1124.183,-131.971,-0.4023,-0.8091,0.4284,41.156,-6.895,-56.360,DeadBip,Skin,shape,000001EB3A1FF700,5,1,1,-,
1307,3084.936,10.9702,impact,ragdoll,Lennald the Brash [Whiterun Guard],000D0FF6,NPC L Calf [LClf],5,97.700,-97.700,55.436,38.779,2.311,6.1800,20.265,-434.587,1124.183,-131.971,-0.4023,-0.8091,0.4284,18.507,-29.915,16.322,DeadBip,Skin,shape,000001EB3A1FEB00,2,1,1,-,
1309,3095.833,10.9702,listener,ragdoll,Lennald the Brash [Whiterun Guard],000D0FF6,-,-,0.000,0.000,0.000,0.000,0.000,0.0000,0.000,-311.888,-308.942,-318.000,0.1924,0.9813,0.0000,0.000,0.000,0.000,-,-,-,0000000000000000,-,0,0,-,tick
1310,3104.651,10.9702,touch,ragdoll,Lennald the Brash [Whiterun Guard],000D0FF6,NPC R Calf [RClf],4,0.000,0.000,0.000,78.074,5.214,6.1800,20.265,0.000,0.000,0.000,0.0000,0.0000,0.0000,52.637,10.057,-56.778,DeadBip,-,-,000001EB3A1FFA00,1,0,0,-,
1311,3104.652,10.9702,touch,ragdoll,Lennald the Brash [Whiterun Guard],000D0FF6,NPC L Thigh [LThg],1,0.000,0.000,0.000,38.637,1.997,6.1800,21.102,0.000,0.000,0.000,0.0000,0.0000,0.0000,36.817,-9.386,-7.022,DeadBip,-,-,000001EB3A1FE800,4,0,0,-,
1312,3104.965,10.9702,impact,ragdoll,Lennald the Brash [Whiterun Guard],000D0FF6,NPC R Calf [RClf],4,65.078,65.078,45.438,77.996,5.211,6.1800,20.265,-433.771,1120.771,-132.213,-0.8307,-0.4288,0.3551,52.585,10.047,-56.721,DeadBip,Skin,shape,000001EB3A1FFA00,1,1,1,-,
1313,3104.965,10.9702,impact,ragdoll,Lennald the Brash [Whiterun Guard],000D0FF6,NPC L Thigh [LThg],1,65.078,-65.078,45.438,38.599,1.996,6.1800,21.102,-433.771,1120.771,-132.213,-0.8307,-0.4288,0.3551,36.780,-9.376,-7.015,DeadBip,Skin,shape,000001EB3A1FE800,4,1,1,-,
1314,3105.007,10.9702,touch,ragdoll,Lennald the Brash [Whiterun Guard],000D0FF6,NPC L Calf [LClf],5,0.000,0.000,0.000,40.589,0.618,6.1800,20.265,0.000,0.000,0.000,0.0000,0.0000,0.0000,34.542,-21.262,-1.494,DeadBip,-,-,000001EB3A1FE800,4,0,0,-,
1315,3105.007,10.9702,touch,ragdoll,Lennald the Brash [Whiterun Guard],000D0FF6,NPC R Calf [RClf],4,0.000,0.000,0.000,62.553,6.978,6.1800,20.265,0.000,0.000,0.000,0.0000,0.0000,0.0000,38.176,-2.720,-49.478,DeadBip,-,-,000001EB3A1FF700,5,0,0,-,
1317,3115.958,10.9703,listener,ragdoll,Lennald the Brash [Whiterun Guard],000D0FF6,-,-,0.000,0.000,0.000,0.000,0.000,0.0000,0.000,-311.888,-308.942,-318.000,0.1924,0.9813,0.0000,0.000,0.000,0.000,-,-,-,0000000000000000,-,0,0,-,tick
1318,3124.761,10.9703,impact,ragdoll,Lennald the Brash [Whiterun Guard],000D0FF6,NPC L Calf [LClf],5,10.054,10.054,10.882,40.548,0.618,6.1800,20.265,-440.316,1119.910,-129.911,0.7151,0.6296,-0.3038,34.507,-21.241,-1.492,DeadBip,Skin,shape,000001EB3A1FE800,4,1,1,-,
1319,3124.762,10.9703,impact,ragdoll,Lennald the Brash [Whiterun Guard],000D0FF6,NPC R Calf [RClf],4,10.054,-10.054,10.882,62.491,6.975,6.1800,20.265,-440.316,1119.910,-129.911,0.7151,0.6296,-0.3038,38.138,-2.718,-49.429,DeadBip,Skin,shape,000001EB3A1FF700,5,1,1,-,
1321,3154.506,10.9704,listener,ragdoll,Lennald the Brash [Whiterun Guard],000D0FF6,-,-,0.000,0.000,0.000,0.000,0.000,0.0000,0.000,-311.888,-308.942,-318.000,0.1924,0.9813,0.0000,0.000,0.000,0.000,-,-,-,0000000000000000,-,0,0,-,tick
1326,3165.591,10.9704,separate,ragdoll,Lennald the Brash [Whiterun Guard],000D0FF6,NPC R Hand [RHnd],17,0.000,0.000,0.000,171.939,5.250,4.1200,8.584,0.000,0.000,0.000,0.0000,0.0000,0.0000,47.833,3.083,-165.123,DeadBip,-,-,000001EB3A1FDC00,9,0,0,-,
1327,3165.591,10.9704,separate,ragdoll,Lennald the Brash [Whiterun Guard],000D0FF6,NPC Spine2 [Spn2],9,0.000,0.000,0.000,45.942,4.138,7.2100,23.744,0.000,0.000,0.000,0.0000,0.0000,0.0000,14.919,-33.023,-28.242,DeadBip,-,-,000001EB3A1FCD00,17,0,0,-,
1328,3185.539,10.9705,separate,ragdoll,Lennald the Brash [Whiterun Guard],000D0FF6,NPC L Calf [LClf],5,0.000,0.000,0.000,43.829,3.872,6.1800,20.265,0.000,0.000,0.000,0.0000,0.0000,0.0000,42.491,-0.364,10.740,DeadBip,-,-,000001EB3A1FE800,4,0,0,-,
1329,3185.539,10.9705,separate,ragdoll,Lennald the Brash [Whiterun Guard],000D0FF6,NPC R Calf [RClf],4,0.000,0.000,0.000,45.149,3.643,6.1800,20.265,0.000,0.000,0.000,0.0000,0.0000,0.0000,6.574,-13.458,-42.592,DeadBip,-,-,000001EB3A1FF700,5,0,0,-,
1330,3185.970,10.9705,touch,ragdoll,Lennald the Brash [Whiterun Guard],000D0FF6,NPC R Hand [RHnd],17,0.000,0.000,0.000,176.723,5.903,4.1200,8.584,0.000,0.000,0.000,0.0000,0.0000,0.0000,44.923,4.426,-170.860,Static,-,-,000001EAE4B19600,-,0,0,-,
1333,3194.858,10.9705,listener,ragdoll,Lennald the Brash [Whiterun Guard],000D0FF6,-,-,0.000,0.000,0.000,0.000,0.000,0.0000,0.000,-311.888,-308.942,-318.000,0.1924,0.9813,0.0000,0.000,0.000,0.000,-,-,-,0000000000000000,-,0,0,-,tick
1334,3206.171,10.9705,impact,ragdoll,Lennald the Brash [Whiterun Guard],000D0FF6,NPC R Hand [RHnd],17,170.875,170.875,73.568,176.547,5.900,4.1200,8.584,-416.660,1064.588,-171.567,0.0001,-0.0022,1.0000,44.879,4.421,-170.690,Static,WoodStairs,shape,000001EAE4B19600,-,1,1,-,
1335,3206.226,10.9705,separate,ragdoll,Lennald the Brash [Whiterun Guard],000D0FF6,NPC R Calf [RClf],4,0.000,0.000,0.000,53.480,4.076,6.1800,20.265,0.000,0.000,0.000,0.0000,0.0000,0.0000,-4.605,-19.605,-49.544,DeadBip,-,-,000001EB3A1FFA00,1,0,0,-,
1336,3206.226,10.9705,separate,ragdoll,Lennald the Brash [Whiterun Guard],000D0FF6,NPC L Thigh [LThg],1,0.000,0.000,0.000,35.405,4.460,6.1800,21.102,0.000,0.000,0.000,0.0000,0.0000,0.0000,32.849,-12.596,-3.972,DeadBip,-,-,000001EB3A1FE800,4,0,0,-,
1337,3206.616,10.9705,touch,ragdoll,Lennald the Brash [Whiterun Guard],000D0FF6,NPC R Hand [RHnd],17,0.000,0.000,0.000,20.576,8.305,4.1200,8.584,0.000,0.000,0.000,0.0000,0.0000,0.0000,-0.598,-19.205,7.359,DeadBip,-,-,000001EB3A1FDC00,9,0,0,-,
1338,3206.616,10.9705,touch,ragdoll,Lennald the Brash [Whiterun Guard],000D0FF6,NPC Spine2 [Spn2],9,0.000,0.000,0.000,47.006,4.245,7.2100,23.744,0.000,0.000,0.000,0.0000,0.0000,0.0000,-4.347,-27.226,-38.071,DeadBip,-,-,000001EB3A1FCD00,17,0,0,-,
1340,3215.740,10.9706,listener,ragdoll,Lennald the Brash [Whiterun Guard],000D0FF6,-,-,0.000,0.000,0.000,0.000,0.000,0.0000,0.000,-311.888,-308.942,-318.000,0.1924,0.9813,0.0000,0.000,0.000,0.000,-,-,-,0000000000000000,-,0,0,-,tick
1341,3226.907,10.9706,impact,ragdoll,Lennald the Brash [Whiterun Guard],000D0FF6,NPC R Hand [RHnd],17,45.570,45.570,45.373,20.555,8.301,4.1200,8.584,-407.392,1066.618,-157.874,-0.7123,-0.1494,-0.6858,-0.597,-19.186,7.352,DeadBip,Skin,shape,000001EB3A1FDC00,9,1,1,-,
1342,3226.907,10.9706,impact,ragdoll,Lennald the Brash [Whiterun Guard],000D0FF6,NPC Spine2 [Spn2],9,45.570,-45.570,45.373,46.958,4.243,7.2100,23.744,-407.392,1066.618,-157.874,-0.7123,-0.1494,-0.6858,-4.343,-27.199,-38.032,DeadBip,Skin,shape,000001EB3A1FCD00,17,1,1,-,
1343,3227.342,10.9706,touch,ragdoll,Lennald the Brash [Whiterun Guard],000D0FF6,NPC Spine1 [Spn1],6,0.000,0.000,0.000,66.904,3.680,4.1200,19.445,0.000,0.000,0.000,0.0000,0.0000,0.0000,6.916,-20.902,-63.178,Static,-,-,000001EAE4B19600,-,0,0,-,
1344,3227.348,10.9706,touch,ragdoll,Lennald the Brash [Whiterun Guard],000D0FF6,NPC R Calf [RClf],4,0.000,0.000,0.000,69.552,4.477,6.1800,20.265,0.000,0.000,0.000,0.0000,0.0000,0.0000,-16.100,-30.591,-60.352,Static,-,-,000001EAE4B19600,-,0,0,-,
1345,3247.574,10.9707,impact,ragdoll,Lennald the Brash [Whiterun Guard],000D0FF6,NPC R Calf [RClf],4,51.652,51.652,27.034,69.482,4.475,6.1800,20.265,-442.904,1119.564,-143.596,-0.0000,-0.4448,0.8956,-16.084,-30.561,-60.292,Static,WoodStairs,shape,000001EAE4B19600,-,1,0,-,
1346,3247.576,10.9707,impact,ragdoll,Lennald the Brash [Whiterun Guard],000D0FF6,NPC R Calf [RClf],4,51.652,51.652,27.034,69.482,4.475,6.1800,20.265,-442.904,1119.564,-143.596,-0.0000,-0.4448,0.8956,-16.084,-30.561,-60.292,Static,WoodStairs,shape,000001EAE4B19600,-,0,1,-,
1347,3247.578,10.9707,impact,ragdoll,Lennald the Brash [Whiterun Guard],000D0FF6,NPC Spine1 [Spn1],6,35.153,35.153,56.517,66.837,3.678,4.1200,19.445,-404.192,1087.696,-157.606,-0.0000,-0.5076,0.8616,6.909,-20.881,-63.114,Static,WoodStairs,shape,000001EAE4B19600,-,1,0,-,
1348,3247.578,10.9707,impact,ragdoll,Lennald the Brash [Whiterun Guard],000D0FF6,NPC Spine1 [Spn1],6,35.153,35.153,56.517,66.837,3.678,4.1200,19.445,-404.192,1087.696,-157.606,-0.0000,-0.5076,0.8616,6.909,-20.881,-63.114,Static,WoodStairs,shape,000001EAE4B19600,-,0,1,-,
1349,3247.657,10.9707,separate,ragdoll,Lennald the Brash [Whiterun Guard],000D0FF6,NPC R Thigh [RThg],2,0.000,0.000,0.000,58.108,3.903,6.1800,21.101,0.000,0.000,0.000,0.0000,0.0000,0.0000,-12.795,-32.680,-46.313,DeadBip,-,-,000001EB3A1FF700,5,0,0,-,
1350,3247.657,10.9707,separate,ragdoll,Lennald the Brash [Whiterun Guard],000D0FF6,NPC L Calf [LClf],5,0.000,0.000,0.000,40.402,3.936,6.1800,20.265,0.000,0.000,0.000,0.0000,0.0000,0.0000,37.673,-10.766,9.854,DeadBip,-,-,000001EB3A1FEB00,2,0,0,-,
1351,3248.086,10.9707,separate,ragdoll,Lennald the Brash [Whiterun Guard],000D0FF6,NPC Head [Head],13,0.000,0.000,0.000,32.035,3.879,4.1200,15.561,0.000,0.000,0.000,0.0000,0.0000,0.0000,1.553,-31.992,-0.590,Static,-,-,000001EAE4B19600,-,0,0,-,
1352,3248.088,10.9707,touch,ragdoll,Lennald the Brash [Whiterun Guard],000D0FF6,NPC Head [Head],13,0.000,0.000,0.000,32.035,3.879,4.1200,15.561,0.000,0.000,0.000,0.0000,0.0000,0.0000,1.553,-31.992,-0.590,Static,-,-,000001EAE4B19600,-,0,0,-,
1354,3256.898,10.9707,listener,ragdoll,Lennald the Brash [Whiterun Guard],000D0FF6,-,-,0.000,0.000,0.000,0.000,0.000,0.0000,0.000,-311.888,-308.942,-318.000,0.1924,0.9813,0.0000,0.000,0.000,0.000,-,-,-,0000000000000000,-,0,0,-,tick
1355,3268.247,10.9707,touch,ragdoll,Lennald the Brash [Whiterun Guard],000D0FF6,NPC Spine [Spn0],3,0.000,0.000,0.000,56.549,3.770,4.1200,17.816,0.000,0.000,0.000,0.0000,0.0000,0.0000,3.000,-40.720,-39.124,Static,-,-,000001EAE4B19600,-,0,0,-,
1356,3268.616,10.9707,impact,ragdoll,Lennald the Brash [Whiterun Guard],000D0FF6,NPC Spine [Spn0],3,30.406,30.406,75.342,56.492,3.768,4.1200,17.816,-407.328,1092.199,-157.557,0.0000,-0.0000,1.0000,2.997,-40.679,-39.084,Static,WoodStairs,shape,000001EAE4B19600,-,1,1,-,
1358,3277.331,10.9707,listener,ragdoll,Lennald the Brash [Whiterun Guard],000D0FF6,-,-,0.000,0.000,0.000,0.000,0.000,0.0000,0.000,-311.888,-308.942,-318.000,0.1924,0.9813,0.0000,0.000,0.000,0.000,-,-,-,0000000000000000,-,0,0,-,tick
1359,3308.660,10.9708,touch,ragdoll,Lennald the Brash [Whiterun Guard],000D0FF6,NPC R Forearm [RLar],15,0.000,0.000,0.000,36.027,3.172,6.1800,12.007,0.000,0.000,0.000,0.0000,0.0000,0.0000,-10.782,-34.115,-4.224,DeadBip,-,-,000001EB3A1FDF00,6,0,0,-,
1360,3308.661,10.9708,touch,ragdoll,Lennald the Brash [Whiterun Guard],000D0FF6,NPC Spine1 [Spn1],6,0.000,0.000,0.000,47.325,2.463,4.1200,19.445,0.000,0.000,0.000,0.0000,0.0000,0.0000,1.402,-29.826,-36.717,DeadBip,-,-,000001EB3A1FD000,15,0,0,-,
1361,3309.020,10.9708,impact,ragdoll,Lennald the Brash [Whiterun Guard],000D0FF6,NPC R Forearm [RLar],15,9.182,9.182,75.001,35.990,3.170,6.1800,12.007,-414.255,1069.425,-152.164,-0.5356,-0.7481,-0.3918,-10.771,-34.081,-4.220,DeadBip,Skin,shape,000001EB3A1FDF00,6,1,1,-,
1362,3309.020,10.9708,impact,ragdoll,Lennald the Brash [Whiterun Guard],000D0FF6,NPC Spine1 [Spn1],6,9.182,-9.182,75.001,47.277,2.461,4.1200,19.445,-414.255,1069.425,-152.164,-0.5356,-0.7481,-0.3918,1.401,-29.795,-36.679,DeadBip,Skin,shape,000001EB3A1FD000,15,1,1,-,
1366,3318.107,10.9708,listener,ragdoll,Lennald the Brash [Whiterun Guard],000D0FF6,-,-,0.000,0.000,0.000,0.000,0.000,0.0000,0.000,-311.888,-308.942,-318.000,0.1924,0.9813,0.0000,0.000,0.000,0.000,-,-,-,0000000000000000,-,0,0,-,tick
1369,3329.395,10.9708,separate,ragdoll,Lennald the Brash [Whiterun Guard],000D0FF6,NPC Spine2 [Spn2],9,0.000,0.000,0.000,45.303,2.268,7.2100,23.744,0.000,0.000,0.000,0.0000,0.0000,0.0000,-4.946,-33.800,-29.757,Static,-,-,000001EAE4B19600,-,0,0,-,
1370,3349.016,10.9710,touch,ragdoll,Lennald the Brash [Whiterun Guard],000D0FF6,NPC Spine1 [Spn1],6,0.000,0.000,0.000,50.011,2.441,4.1200,19.445,0.000,0.000,0.000,0.0000,0.0000,0.0000,-6.002,-31.061,-38.733,DeadBip,-,-,000001EB3A1FCD00,17,0,0,-,
1371,3349.017,10.9710,touch,ragdoll,Lennald the Brash [Whiterun Guard],000D0FF6,NPC R Hand [RHnd],17,0.000,0.000,0.000,20.279,4.432,4.1200,8.584,0.000,0.000,0.000,0.0000,0.0000,0.0000,-8.040,-18.617,0.021,DeadBip,-,-,000001EB3A1FDF00,6,0,0,-,
1373,3358.027,10.9710,listener,ragdoll,Lennald the Brash [Whiterun Guard],000D0FF6,-,-,0.000,0.000,0.000,0.000,0.000,0.0000,0.000,-311.888,-308.942,-318.000,0.1924,0.9813,0.0000,0.000,0.000,0.000,-,-,-,0000000000000000,-,0,0,-,tick
1374,3368.568,10.9710,impact,ragdoll,Lennald the Brash [Whiterun Guard],000D0FF6,NPC Spine1 [Spn1],6,41.308,41.308,78.273,49.960,2.440,4.1200,19.445,-414.869,1065.609,-162.991,0.3421,0.5939,0.7282,-5.996,-31.030,-38.694,DeadBip,Skin,shape,000001EB3A1FCD00,17,1,1,-,
1375,3368.569,10.9710,impact,ragdoll,Lennald the Brash [Whiterun Guard],000D0FF6,NPC R Hand [RHnd],17,41.308,-41.308,78.273,20.258,4.429,4.1200,8.584,-414.869,1065.609,-162.991,0.3421,0.5939,0.7282,-8.032,-18.598,0.021,DeadBip,Skin,shape,000001EB3A1FDF00,6,1,1,-,
1376,3368.641,10.9710,touch,ragdoll,Lennald the Brash [Whiterun Guard],000D0FF6,NPC R Foot [Rft ],8,0.000,0.000,0.000,120.846,7.411,3.0900,10.311,0.000,0.000,0.000,0.0000,0.0000,0.0000,-49.986,-57.704,-93.677,Static,-,-,000001EAE4B19600,-,0,0,-,
1377,3368.998,10.9710,impact,ragdoll,Lennald the Brash [Whiterun Guard],000D0FF6,NPC R Foot [Rft ],8,112.595,112.595,88.279,120.724,7.407,3.0900,10.311,-470.878,1135.410,-143.559,0.0000,0.0000,1.0000,-49.935,-57.645,-93.582,Static,WoodStairs,shape,000001EAE4B19600,-,1,1,-,
1378,3369.070,10.9710,separate,ragdoll,Lennald the Brash [Whiterun Guard],000D0FF6,NPC L Thigh [LThg],1,0.000,0.000,0.000,37.720,4.792,6.1800,21.102,0.000,0.000,0.000,0.0000,0.0000,0.0000,-2.748,-36.150,-10.413,DeadBip,-,-,000001EB3A1FC700,14,0,0,-,
1379,3369.071,10.9710,separate,ragdoll,Lennald the Brash [Whiterun Guard],000D0FF6,NPC L Forearm [LLar],14,0.000,0.000,0.000,39.875,1.505,2.0600,12.007,0.000,0.000,0.000,0.0000,0.0000,0.0000,23.269,-31.933,5.369,DeadBip,-,-,000001EB3A1FFA00,1,0,0,-,
1381,3378.572,10.9710,listener,ragdoll,Lennald the Brash [Whiterun Guard],000D0FF6,-,-,0.000,0.000,0.000,0.000,0.000,0.0000,0.000,-311.888,-308.942,-318.000,0.1924,0.9813,0.0000,0.000,0.000,0.000,-,-,-,0000000000000000,-,0,0,-,tick
1382,3388.010,10.9710,touch,ragdoll,Lennald the Brash [Whiterun Guard],000D0FF6,NPC COM [COM ],0,0.000,0.000,0.000,53.814,5.606,51.5000,18.217,0.000,0.000,0.000,0.0000,0.0000,0.0000,-20.047,-40.647,-29.015,Static,-,-,000001EAE4B19600,-,0,0,-,
1383,3388.313,10.9710,impact,ragdoll,Lennald the Brash [Whiterun Guard],000D0FF6,NPC COM [COM ],0,15.117,15.117,79.057,53.760,5.603,51.5000,18.217,-415.142,1087.994,-157.579,-0.0000,-0.1045,0.9945,-20.027,-40.606,-28.986,Static,WoodStairs,shape,000001EAE4B19600,-,1,0,-,
1384,3388.314,10.9710,impact,ragdoll,Lennald the Brash [Whiterun Guard],000D0FF6,NPC COM [COM ],0,19.462,19.462,85.819,53.760,5.603,51.5000,18.217,-411.756,1094.957,-157.557,0.0000,-0.0000,1.0000,-20.027,-40.606,-28.986,Static,WoodStairs,shape,000001EAE4B19600,-,0,1,-,
1385,3407.089,10.9711,separate,ragdoll,Lennald the Brash [Whiterun Guard],000D0FF6,NPC Spine [Spn0],3,0.000,0.000,0.000,28.264,3.042,4.1200,17.816,0.000,0.000,0.000,0.0000,0.0000,0.0000,-16.104,-21.066,-9.785,DeadBip,-,-,000001EB3A1FC400,16,0,0,-,
1386,3407.090,10.9711,separate,ragdoll,Lennald the Brash [Whiterun Guard],000D0FF6,NPC L Hand [LHnd],16,0.000,0.000,0.000,30.876,2.789,4.1200,8.584,0.000,0.000,0.000,0.0000,0.0000,0.0000,29.901,-7.699,-0.004,DeadBip,-,-,000001EB3A1FE200,3,0,0,-,
1387,3407.095,10.9711,separate,ragdoll,Lennald the Brash [Whiterun Guard],000D0FF6,NPC R Forearm [RLar],15,0.000,0.000,0.000,44.558,1.404,6.1800,12.007,0.000,0.000,0.000,0.0000,0.0000,0.0000,-20.796,-34.836,-18.422,DeadBip,-,-,000001EB3A1FDF00,6,0,0,-,
1388,3407.095,10.9711,separate,ragdoll,Lennald the Brash [Whiterun Guard],000D0FF6,NPC Spine1 [Spn1],6,0.000,0.000,0.000,22.683,2.290,4.1200,19.445,0.000,0.000,0.000,0.0000,0.0000,0.0000,-8.351,-7.784,-19.601,DeadBip,-,-,000001EB3A1FD000,15,0,0,-,
1389,3407.097,10.9711,separate,ragdoll,Lennald the Brash [Whiterun Guard],000D0FF6,NPC COM [COM ],0,0.000,0.000,0.000,44.058,3.307,51.5000,18.217,0.000,0.000,0.000,0.0000,0.0000,0.0000,-25.095,-32.989,-14.935,DeadBip,-,-,000001EB3A1FC700,14,0,0,-,
1390,3407.097,10.9711,separate,ragdoll,Lennald the Brash [Whiterun Guard],000D0FF6,NPC L Forearm [LLar],14,0.000,0.000,0.000,33.402,2.177,2.0600,12.007,0.000,0.000,0.000,0.0000,0.0000,0.0000,13.932,-16.674,25.369,DeadBip,-,-,000001EB3A1FF400,0,0,0,-,
1392,3416.620,10.9711,listener,ragdoll,Lennald the Brash [Whiterun Guard],000D0FF6,-,-,0.000,0.000,0.000,0.000,0.000,0.0000,0.000,-311.888,-308.942,-318.000,0.1924,0.9813,0.0000,0.000,0.000,0.000,-,-,-,0000000000000000,-,0,0,-,tick
1393,3426.151,10.9711,impact,ragdoll,Lennald the Brash [Whiterun Guard],000D0FF6,NPC COM [COM ],0,22.651,22.651,16.216,40.964,2.713,51.5000,18.217,-417.619,1087.950,-157.566,-0.0000,-0.1045,0.9945,-26.942,-27.950,-13.075,Static,WoodStairs,shape,000001EAE4B19600,-,0,1,-,
1394,3426.220,10.9711,separate,ragdoll,Lennald the Brash [Whiterun Guard],000D0FF6,NPC COM [COM ],0,0.000,0.000,0.000,35.321,1.887,51.5000,18.217,0.000,0.000,0.000,0.0000,0.0000,0.0000,-27.986,-20.125,7.702,DeadBip,-,-,000001EB3A1FC400,16,0,0,-,
1395,3426.220,10.9711,separate,ragdoll,Lennald the Brash [Whiterun Guard],000D0FF6,NPC L Hand [LHnd],16,0.000,0.000,0.000,37.617,4.140,4.1200,8.584,0.000,0.000,0.000,0.0000,0.0000,0.0000,34.545,-14.888,-0.002,DeadBip,-,-,000001EB3A1FF400,0,0,0,-,
1398,3426.570,10.9711,separate,ragdoll,Lennald the Brash [Whiterun Guard],000D0FF6,NPC L Hand [LHnd],16,0.000,0.000,0.000,36.077,3.594,4.1200,8.584,0.000,0.000,0.000,0.0000,0.0000,0.0000,33.616,-13.095,-0.005,DeadBip,-,-,000001EB3A1FFA00,1,0,0,-,
1399,3426.570,10.9711,separate,ragdoll,Lennald the Brash [Whiterun Guard],000D0FF6,NPC L Thigh [LThg],1,0.000,0.000,0.000,34.165,2.737,6.1800,21.102,0.000,0.000,0.000,0.0000,0.0000,0.0000,-30.025,-15.679,4.467,DeadBip,-,-,000001EB3A1FC400,16,0,0,-,
1401,3455.906,10.9712,listener,ragdoll,Lennald the Brash [Whiterun Guard],000D0FF6,-,-,0.000,0.000,0.000,0.000,0.000,0.0000,0.000,-311.888,-308.942,-318.000,0.1924,0.9813,0.0000,0.000,0.000,0.000,-,-,-,0000000000000000,-,0,0,-,tick
1403,3473.149,10.9713,listener,ragdoll,Lennald the Brash [Whiterun Guard],000D0FF6,-,-,0.000,0.000,0.000,0.000,0.000,0.0000,0.000,-311.888,-308.942,-318.000,0.1924,0.9813,0.0000,0.000,0.000,0.000,-,-,-,0000000000000000,-,0,0,-,tick
1404,3484.224,10.9713,touch,ragdoll,Lennald the Brash [Whiterun Guard],000D0FF6,NPC R Forearm [RLar],15,0.000,0.000,0.000,34.276,2.475,6.1800,12.007,0.000,0.000,0.000,0.0000,0.0000,0.0000,-13.455,-23.185,-21.360,DeadBip,-,-,000001EB3A1FDF00,6,0,0,-,
1405,3484.225,10.9713,touch,ragdoll,Lennald the Brash [Whiterun Guard],000D0FF6,NPC Spine1 [Spn1],6,0.000,0.000,0.000,29.854,2.244,4.1200,19.445,0.000,0.000,0.000,0.0000,0.0000,0.0000,-20.082,-18.548,-11.997,DeadBip,-,-,000001EB3A1FD000,15,0,0,-,
1406,3484.539,10.9713,impact,ragdoll,Lennald the Brash [Whiterun Guard],000D0FF6,NPC R Forearm [RLar],15,11.785,11.785,49.494,34.243,2.474,6.1800,12.007,-415.236,1065.431,-157.732,-0.4402,-0.8012,-0.4052,-13.442,-23.163,-21.339,DeadBip,Skin,shape,000001EB3A1FDF00,6,1,1,-,
1407,3484.539,10.9713,impact,ragdoll,Lennald the Brash [Whiterun Guard],000D0FF6,NPC Spine1 [Spn1],6,11.785,-11.785,49.494,29.825,2.243,4.1200,19.445,-415.236,1065.431,-157.732,-0.4402,-0.8012,-0.4052,-20.062,-18.530,-11.985,DeadBip,Skin,shape,000001EB3A1FD000,15,1,1,-,
1408,3504.220,10.9714,impact,ragdoll,Lennald the Brash [Whiterun Guard],000D0FF6,NPC COM [COM ],0,11.959,11.959,37.930,41.524,1.781,51.5000,18.217,-419.861,1088.573,-157.557,0.0000,-0.0000,1.0000,-23.910,-32.871,-8.487,Static,WoodStairs,shape,000001EAE4B19600,-,0,1,-,
1409,3504.298,10.9714,separate,ragdoll,Lennald the Brash [Whiterun Guard],000D0FF6,NPC Spine [Spn0],3,0.000,0.000,0.000,29.817,2.174,4.1200,17.816,0.000,0.000,0.000,0.0000,0.0000,0.0000,-16.383,-22.870,-9.879,DeadBip,-,-,000001EB3A1FC700,14,0,0,-,
1410,3504.298,10.9714,separate,ragdoll,Lennald the Brash [Whiterun Guard],000D0FF6,NPC L Forearm [LLar],14,0.000,0.000,0.000,36.140,1.288,2.0600,12.007,0.000,0.000,0.000,0.0000,0.0000,0.0000,-5.170,-34.474,9.536,DeadBip,-,-,000001EB3A1FE200,3,0,0,-,
1412,3512.552,10.9714,listener,ragdoll,Lennald the Brash [Whiterun Guard],000D0FF6,-,-,0.000,0.000,0.000,0.000,0.000,0.0000,0.000,-311.888,-308.942,-318.000,0.1924,0.9813,0.0000,0.000,0.000,0.000,-,-,-,0000000000000000,-,0,0,-,tick
1413,3543.857,10.9715,touch,ragdoll,Lennald the Brash [Whiterun Guard],000D0FF6,NPC Spine2 [Spn2],9,0.000,0.000,0.000,24.371,1.011,7.2100,23.744,0.000,0.000,0.000,0.0000,0.0000,0.0000,-9.928,-19.165,-11.318,Static,-,-,000001EAE4B19600,-,0,0,-,
1414,3543.859,10.9715,touch,ragdoll,Lennald the Brash [Whiterun Guard],000D0FF6,NPC R Thigh [RThg],2,0.000,0.000,0.000,37.726,2.614,6.1800,21.101,0.000,0.000,0.000,0.0000,0.0000,0.0000,-11.612,-12.954,-33.476,Static,-,-,000001EAE4B19600,-,0,0,-,
1416,3553.015,10.9715,listener,ragdoll,Lennald the Brash [Whiterun Guard],000D0FF6,-,-,0.000,0.000,0.000,0.000,0.000,0.0000,0.000,-311.888,-308.942,-318.000,0.1924,0.9813,0.0000,0.000,0.000,0.000,-,-,-,0000000000000000,-,0,0,-,tick
1417,3563.459,10.9715,impact,ragdoll,Lennald the Brash [Whiterun Guard],000D0FF6,NPC R Thigh [RThg],2,18.833,18.833,14.069,37.689,2.612,6.1800,21.101,-427.091,1088.322,-157.557,0.0000,0.0000,1.0000,-11.600,-12.942,-33.443,Static,WoodStairs,shape,000001EAE4B19600,-,1,1,-,
1418,3563.468,10.9715,impact,ragdoll,Lennald the Brash [Whiterun Guard],000D0FF6,NPC Spine2 [Spn2],9,13.036,13.036,9.786,24.347,1.011,7.2100,23.744,-402.542,1059.689,-171.580,0.0001,-0.0022,1.0000,-9.918,-19.146,-11.307,Static,WoodStairs,shape,000001EAE4B19600,-,1,1,-,
1419,3563.877,10.9715,impact,ragdoll,Lennald the Brash [Whiterun Guard],000D0FF6,NPC R Foot [Rft ],8,33.606,33.606,31.237,49.597,5.513,3.0900,10.311,-473.237,1119.926,-143.626,-0.0000,-0.1045,0.9945,-12.251,-47.267,-8.695,Static,WoodStairs,shape,000001EAE4B19600,-,0,1,-,
1421,3573.338,10.9716,listener,ragdoll,Lennald the Brash [Whiterun Guard],000D0FF6,-,-,0.000,0.000,0.000,0.000,0.000,0.0000,0.000,-311.888,-308.942,-318.000,0.1924,0.9813,0.0000,0.000,0.000,0.000,-,-,-,0000000000000000,-,0,0,-,tick
1422,3583.165,10.9716,impact,ragdoll,Lennald the Brash [Whiterun Guard],000D0FF6,NPC R Thigh [RThg],2,42.864,42.864,14.535,39.494,2.252,6.1800,21.101,-440.341,1100.192,-157.558,0.0000,0.0000,1.0000,-8.829,-11.235,-36.819,Static,WoodStairs,shape,000001EAE4B19600,-,0,1,-,
1423,3583.226,10.9716,separate,ragdoll,Lennald the Brash [Whiterun Guard],000D0FF6,NPC L UpperArm [LUar],10,0.000,0.000,0.000,25.667,0.791,2.0600,14.897,0.000,0.000,0.000,0.0000,0.0000,0.0000,-9.928,-23.319,-4.052,Static,-,-,000001EAE4B19600,-,0,0,-,
1424,3583.231,10.9716,separate,ragdoll,Lennald the Brash [Whiterun Guard],000D0FF6,NPC L Hand [LHnd],16,0.000,0.000,0.000,24.063,3.078,4.1200,8.584,0.000,0.000,0.000,0.0000,0.0000,0.0000,11.934,-20.895,0.004,Static,-,-,000001EAE4B19600,-,0,0,-,
1425,3583.232,10.9716,touch,ragdoll,Lennald the Brash [Whiterun Guard],000D0FF6,NPC L Hand [LHnd],16,0.000,0.000,0.000,24.063,3.078,4.1200,8.584,0.000,0.000,0.000,0.0000,0.0000,0.0000,11.934,-20.895,0.004,Static,-,-,000001EAE4B19600,-,0,0,-,
1426,3583.603,10.9716,separate,ragdoll,Lennald the Brash [Whiterun Guard],000D0FF6,NPC L Calf [LClf],5,0.000,0.000,0.000,31.941,1.535,6.1800,20.265,0.000,0.000,0.000,0.0000,0.0000,0.0000,-14.117,-15.543,-24.070,Static,-,-,000001EAE4B19600,-,0,0,-,
1427,3583.604,10.9716,touch,ragdoll,Lennald the Brash [Whiterun Guard],000D0FF6,NPC L Calf [LClf],5,0.000,0.000,0.000,31.941,1.535,6.1800,20.265,0.000,0.000,0.000,0.0000,0.0000,0.0000,-14.117,-15.543,-24.070,Static,-,-,000001EAE4B19600,-,0,0,-,
1428,3603.574,10.9717,impact,ragdoll,Lennald the Brash [Whiterun Guard],000D0FF6,NPC L Calf [LClf],5,19.764,19.764,17.544,31.910,1.535,6.1800,20.265,-427.013,1119.713,-143.559,-0.0000,-0.0195,0.9998,-14.104,-15.527,-24.046,Static,WoodStairs,shape,000001EAE4B19600,-,1,1,-,
1430,3613.273,10.9717,listener,ragdoll,Lennald the Brash [Whiterun Guard],000D0FF6,-,-,0.000,0.000,0.000,0.000,0.000,0.0000,0.000,-311.888,-308.942,-318.000,0.1924,0.9813,0.0000,0.000,0.000,0.000,-,-,-,0000000000000000,-,0,0,-,tick
1431,3625.171,10.9717,impact,ragdoll,Lennald the Brash [Whiterun Guard],000D0FF6,NPC R Thigh [RThg],2,27.594,27.594,10.522,37.584,1.292,6.1800,21.101,-427.866,1087.854,-157.558,-0.0000,-0.1045,0.9945,-12.113,-16.547,-31.496,Static,WoodStairs,shape,000001EAE4B19600,-,0,1,-,
1433,3634.717,10.9717,listener,ragdoll,Lennald the Brash [Whiterun Guard],000D0FF6,-,-,0.000,0.000,0.000,0.000,0.000,0.0000,0.000,-311.888,-308.942,-318.000,0.1924,0.9813,0.0000,0.000,0.000,0.000,-,-,-,0000000000000000,-,0,0,-,tick
1435,3674.509,10.9718,listener,ragdoll,Lennald the Brash [Whiterun Guard],000D0FF6,-,-,0.000,0.000,0.000,0.000,0.000,0.0000,0.000,-311.888,-308.942,-318.000,0.1924,0.9813,0.0000,0.000,0.000,0.000,-,-,-,0000000000000000,-,0,0,-,tick
1437,3695.908,10.9719,listener,ragdoll,Lennald the Brash [Whiterun Guard],000D0FF6,-,-,0.000,0.000,0.000,0.000,0.000,0.0000,0.000,-311.888,-308.942,-318.000,0.1924,0.9813,0.0000,0.000,0.000,0.000,-,-,-,0000000000000000,-,0,0,-,tick
1438,3707.153,10.9719,impact,ragdoll,Lennald the Brash [Whiterun Guard],000D0FF6,NPC L Foot [Lft ],7,81.783,81.783,32.151,87.983,2.009,3.0900,10.311,-438.813,1145.840,-143.559,0.0000,-0.0000,1.0000,-35.047,-11.153,-79.927,Static,WoodStairs,shape,000001EAE4B19600,-,0,1,-,
1439,3707.541,10.9719,impact,ragdoll,Lennald the Brash [Whiterun Guard],000D0FF6,NPC COM [COM ],0,7.873,7.873,14.942,16.237,0.596,51.5000,18.217,-421.860,1087.782,-157.570,-0.0000,-0.2621,0.9650,3.573,-9.622,-12.581,Static,WoodStairs,shape,000001EAE4B19600,-,0,1,-,
1441,3737.334,10.9720,listener,ragdoll,Lennald the Brash [Whiterun Guard],000D0FF6,-,-,0.000,0.000,0.000,0.000,0.000,0.0000,0.000,-311.888,-308.942,-318.000,0.1924,0.9813,0.0000,0.000,0.000,0.000,-,-,-,0000000000000000,-,0,0,-,tick
1443,3778.718,10.9721,listener,ragdoll,Lennald the Brash [Whiterun Guard],000D0FF6,-,-,0.000,0.000,0.000,0.000,0.000,0.0000,0.000,-311.888,-308.942,-318.000,0.1924,0.9813,0.0000,0.000,0.000,0.000,-,-,-,0000000000000000,-,0,0,-,tick
1445,3797.479,10.9722,listener,ragdoll,Lennald the Brash [Whiterun Guard],000D0FF6,-,-,0.000,0.000,0.000,0.000,0.000,0.0000,0.000,-311.888,-308.942,-318.000,0.1924,0.9813,0.0000,0.000,0.000,0.000,-,-,-,0000000000000000,-,0,0,-,tick
1446,3807.896,10.9722,impact,ragdoll,Lennald the Brash [Whiterun Guard],000D0FF6,NPC R Thigh [RThg],2,22.357,22.357,11.847,10.519,1.107,6.1800,21.101,-445.364,1100.413,-157.557,-0.0000,0.0000,1.0000,2.644,-2.103,-9.962,Static,WoodStairs,shape,000001EAE4B19600,-,0,1,-,
1448,3835.979,10.9723,listener,ragdoll,Lennald the Brash [Whiterun Guard],000D0FF6,-,-,0.000,0.000,0.000,0.000,0.000,0.0000,0.000,-311.888,-308.942,-318.000,0.1924,0.9813,0.0000,0.000,0.000,0.000,-,-,-,0000000000000000,-,0,0,-,tick
1450,3872.715,10.9724,listener,ragdoll,Lennald the Brash [Whiterun Guard],000D0FF6,-,-,0.000,0.000,0.000,0.000,0.000,0.0000,0.000,-311.888,-308.942,-318.000,0.1924,0.9813,0.0000,0.000,0.000,0.000,-,-,-,0000000000000000,-,0,0,-,tick
1452,3892.762,10.9725,listener,ragdoll,Lennald the Brash [Whiterun Guard],000D0FF6,-,-,0.000,0.000,0.000,0.000,0.000,0.0000,0.000,-311.888,-308.942,-318.000,0.1924,0.9813,0.0000,0.000,0.000,0.000,-,-,-,0000000000000000,-,0,0,-,tick
1454,3930.741,10.9726,listener,ragdoll,Lennald the Brash [Whiterun Guard],000D0FF6,-,-,0.000,0.000,0.000,0.000,0.000,0.0000,0.000,-311.888,-308.942,-318.000,0.1924,0.9813,0.0000,0.000,0.000,0.000,-,-,-,0000000000000000,-,0,0,-,tick
1456,3972.434,10.9727,listener,ragdoll,Lennald the Brash [Whiterun Guard],000D0FF6,-,-,0.000,0.000,0.000,0.000,0.000,0.0000,0.000,-311.888,-308.942,-318.000,0.1924,0.9813,0.0000,0.000,0.000,0.000,-,-,-,0000000000000000,-,0,0,-,tick
1457,3983.225,10.9727,impact,ragdoll,Lennald the Brash [Whiterun Guard],000D0FF6,NPC R Thigh [RThg],2,5.158,5.158,1.852,2.372,0.251,6.1800,21.101,-445.315,1099.902,-157.557,0.0000,0.0000,1.0000,-0.346,-0.362,-2.318,Static,WoodStairs,shape,000001EAE4B19600,-,0,1,-,
1459,3991.150,10.9727,listener,ragdoll,Lennald the Brash [Whiterun Guard],000D0FF6,-,-,0.000,0.000,0.000,0.000,0.000,0.0000,0.000,-311.888,-308.942,-318.000,0.1924,0.9813,0.0000,0.000,0.000,0.000,-,-,-,0000000000000000,-,0,0,-,tick
1460,4002.781,10.9727,touch,ragdoll,Lennald the Brash [Whiterun Guard],000D0FF6,NPC Spine [Spn0],3,0.000,0.000,0.000,0.341,0.049,4.1200,17.816,0.000,0.000,0.000,0.0000,0.0000,0.0000,-0.303,-0.048,-0.149,DeadBip,-,-,000001EB3A1FC700,14,0,0,-,
1461,4002.782,10.9727,touch,ragdoll,Lennald the Brash [Whiterun Guard],000D0FF6,NPC L Forearm [LLar],14,0.000,0.000,0.000,4.582,0.432,2.0600,12.007,0.000,0.000,0.000,0.0000,0.0000,0.0000,-3.622,-2.645,-0.940,DeadBip,-,-,000001EB3A1FE200,3,0,0,-,
1463,4032.965,10.9728,listener,ragdoll,Lennald the Brash [Whiterun Guard],000D0FF6,-,-,0.000,0.000,0.000,0.000,0.000,0.0000,0.000,-311.888,-308.942,-318.000,0.1924,0.9813,0.0000,0.000,0.000,0.000,-,-,-,0000000000000000,-,0,0,-,tick
1465,4053.791,10.9729,listener,ragdoll,Lennald the Brash [Whiterun Guard],000D0FF6,-,-,0.000,0.000,0.000,0.000,0.000,0.0000,0.000,-311.888,-308.942,-318.000,0.1924,0.9813,0.0000,0.000,0.000,0.000,-,-,-,0000000000000000,-,0,0,-,tick
1466,4064.718,10.9729,impact,ragdoll,Lennald the Brash [Whiterun Guard],000D0FF6,NPC R Foot [Rft ],8,11.559,11.559,13.814,9.507,1.496,3.0900,10.311,-479.887,1119.775,-147.881,-0.0000,-1.0000,0.0000,7.875,5.238,0.968,Static,WoodStairs,shape,000001EAE4B19600,-,0,1,-,
1468,4095.693,10.9730,listener,ragdoll,Lennald the Brash [Whiterun Guard],000D0FF6,-,-,0.000,0.000,0.000,0.000,0.000,0.0000,0.000,-311.888,-308.942,-318.000,0.1924,0.9813,0.0000,0.000,0.000,0.000,-,-,-,0000000000000000,-,0,0,-,tick
1470,4117.605,10.9731,listener,ragdoll,Lennald the Brash [Whiterun Guard],000D0FF6,-,-,0.000,0.000,0.000,0.000,0.000,0.0000,0.000,-311.888,-308.942,-318.000,0.1924,0.9813,0.0000,0.000,0.000,0.000,-,-,-,0000000000000000,-,0,0,-,tick
1472,4158.309,10.9732,listener,ragdoll,Lennald the Brash [Whiterun Guard],000D0FF6,-,-,0.000,0.000,0.000,0.000,0.000,0.0000,0.000,-311.888,-308.942,-318.000,0.1924,0.9813,0.0000,0.000,0.000,0.000,-,-,-,0000000000000000,-,0,0,-,tick
1474,4199.376,10.9733,listener,ragdoll,Lennald the Brash [Whiterun Guard],000D0FF6,-,-,0.000,0.000,0.000,0.000,0.000,0.0000,0.000,-311.888,-308.942,-318.000,0.1924,0.9813,0.0000,0.000,0.000,0.000,-,-,-,0000000000000000,-,0,0,-,tick
1476,4219.691,10.9734,listener,ragdoll,Lennald the Brash [Whiterun Guard],000D0FF6,-,-,0.000,0.000,0.000,0.000,0.000,0.0000,0.000,-311.888,-308.942,-318.000,0.1924,0.9813,0.0000,0.000,0.000,0.000,-,-,-,0000000000000000,-,0,0,-,tick
1478,4259.084,10.9735,listener,ragdoll,Lennald the Brash [Whiterun Guard],000D0FF6,-,-,0.000,0.000,0.000,0.000,0.000,0.0000,0.000,-311.888,-308.942,-318.000,0.1924,0.9813,0.0000,0.000,0.000,0.000,-,-,-,0000000000000000,-,0,0,-,tick
1480,4297.177,10.9736,listener,ragdoll,Lennald the Brash [Whiterun Guard],000D0FF6,-,-,0.000,0.000,0.000,0.000,0.000,0.0000,0.000,-311.888,-308.942,-318.000,0.1924,0.9813,0.0000,0.000,0.000,0.000,-,-,-,0000000000000000,-,0,0,-,tick
1482,4315.966,10.9736,listener,ragdoll,Lennald the Brash [Whiterun Guard],000D0FF6,-,-,0.000,0.000,0.000,0.000,0.000,0.0000,0.000,-311.888,-308.942,-318.000,0.1924,0.9813,0.0000,0.000,0.000,0.000,-,-,-,0000000000000000,-,0,0,-,tick
1484,4353.386,10.9737,listener,ragdoll,Lennald the Brash [Whiterun Guard],000D0FF6,-,-,0.000,0.000,0.000,0.000,0.000,0.0000,0.000,-311.888,-308.942,-318.000,0.1924,0.9813,0.0000,0.000,0.000,0.000,-,-,-,0000000000000000,-,0,0,-,tick
1486,4389.546,10.9739,listener,ragdoll,Lennald the Brash [Whiterun Guard],000D0FF6,-,-,0.000,0.000,0.000,0.000,0.000,0.0000,0.000,-311.888,-308.942,-318.000,0.1924,0.9813,0.0000,0.000,0.000,0.000,-,-,-,0000000000000000,-,0,0,-,tick
1488,4409.373,10.9739,listener,ragdoll,Lennald the Brash [Whiterun Guard],000D0FF6,-,-,0.000,0.000,0.000,0.000,0.000,0.0000,0.000,-311.888,-308.942,-318.000,0.1924,0.9813,0.0000,0.000,0.000,0.000,-,-,-,0000000000000000,-,0,0,-,tick
1490,4447.627,10.9740,listener,ragdoll,Lennald the Brash [Whiterun Guard],000D0FF6,-,-,0.000,0.000,0.000,0.000,0.000,0.0000,0.000,-311.888,-308.942,-318.000,0.1924,0.9813,0.0000,0.000,0.000,0.000,-,-,-,0000000000000000,-,0,0,-,tick
1492,4487.715,10.9741,listener,ragdoll,Lennald the Brash [Whiterun Guard],000D0FF6,-,-,0.000,0.000,0.000,0.000,0.000,0.0000,0.000,-311.888,-308.942,-318.000,0.1924,0.9813,0.0000,0.000,0.000,0.000,-,-,-,0000000000000000,-,0,0,-,tick
1493,4497.128,10.9741,touch,ragdoll,Lennald the Brash [Whiterun Guard],000D0FF6,NPC Spine [Spn0],3,0.000,0.000,0.000,0.090,0.009,4.1200,17.816,0.000,0.000,0.000,0.0000,0.0000,0.0000,0.086,-0.024,0.011,DeadBip,-,-,000001EB3A1FC400,16,0,0,-,
1494,4497.128,10.9741,touch,ragdoll,Lennald the Brash [Whiterun Guard],000D0FF6,NPC L Hand [LHnd],16,0.000,0.000,0.000,3.893,0.155,4.1200,8.584,0.000,0.000,0.000,0.0000,0.0000,0.0000,-3.770,-0.972,-0.000,DeadBip,-,-,000001EB3A1FE200,3,0,0,-,
1496,4509.167,10.9742,listener,ragdoll,Lennald the Brash [Whiterun Guard],000D0FF6,-,-,0.000,0.000,0.000,0.000,0.000,0.0000,0.000,-311.888,-308.942,-318.000,0.1924,0.9813,0.0000,0.000,0.000,0.000,-,-,-,0000000000000000,-,0,0,-,tick
1498,4549.075,10.9743,listener,ragdoll,Lennald the Brash [Whiterun Guard],000D0FF6,-,-,0.000,0.000,0.000,0.000,0.000,0.0000,0.000,-311.888,-308.942,-318.000,0.1924,0.9813,0.0000,0.000,0.000,0.000,-,-,-,0000000000000000,-,0,0,-,tick
1500,4569.328,10.9743,listener,ragdoll,Lennald the Brash [Whiterun Guard],000D0FF6,-,-,0.000,0.000,0.000,0.000,0.000,0.0000,0.000,-311.888,-308.942,-318.000,0.1924,0.9813,0.0000,0.000,0.000,0.000,-,-,-,0000000000000000,-,0,0,-,tick
1501,4580.274,10.9743,touch,ragdoll,Lennald the Brash [Whiterun Guard],000D0FF6,NPC COM [COM ],0,0.000,0.000,0.000,0.077,0.008,51.5000,18.217,0.000,0.000,0.000,0.0000,0.0000,0.0000,-0.038,0.064,0.019,DeadBip,-,-,000001EB3A1FC400,16,0,0,-,
1502,4580.274,10.9743,touch,ragdoll,Lennald the Brash [Whiterun Guard],000D0FF6,NPC L Hand [LHnd],16,0.000,0.000,0.000,3.253,0.201,4.1200,8.584,0.000,0.000,0.000,0.0000,0.0000,0.0000,-2.942,-1.387,-0.001,DeadBip,-,-,000001EB3A1FF400,0,0,0,-,
1503,4600.816,10.9744,touch,ragdoll,Lennald the Brash [Whiterun Guard],000D0FF6,NPC L Hand [LHnd],16,0.000,0.000,0.000,3.205,0.284,4.1200,8.584,0.000,0.000,0.000,0.0000,0.0000,0.0000,-2.907,-1.351,-0.004,DeadBip,-,-,000001EB3A1FFA00,1,0,0,-,
1504,4600.817,10.9744,touch,ragdoll,Lennald the Brash [Whiterun Guard],000D0FF6,NPC L Thigh [LThg],1,0.000,0.000,0.000,0.139,0.008,6.1800,21.102,0.000,0.000,0.000,0.0000,0.0000,0.0000,-0.014,0.113,-0.081,DeadBip,-,-,000001EB3A1FC400,16,0,0,-,
1506,4609.009,10.9744,listener,ragdoll,Lennald the Brash [Whiterun Guard],000D0FF6,-,-,0.000,0.000,0.000,0.000,0.000,0.0000,0.000,-311.888,-308.942,-318.000,0.1924,0.9813,0.0000,0.000,0.000,0.000,-,-,-,0000000000000000,-,0,0,-,tick
1508,4652.013,10.9746,listener,ragdoll,Lennald the Brash [Whiterun Guard],000D0FF6,-,-,0.000,0.000,0.000,0.000,0.000,0.0000,0.000,-311.888,-308.942,-318.000,0.1924,0.9813,0.0000,0.000,0.000,0.000,-,-,-,0000000000000000,-,0,0,-,tick
1510,4672.737,10.9746,listener,ragdoll,Lennald the Brash [Whiterun Guard],000D0FF6,-,-,0.000,0.000,0.000,0.000,0.000,0.0000,0.000,-311.888,-308.942,-318.000,0.1924,0.9813,0.0000,0.000,0.000,0.000,-,-,-,0000000000000000,-,0,0,-,tick
1512,4712.366,10.9747,listener,ragdoll,Lennald the Brash [Whiterun Guard],000D0FF6,-,-,0.000,0.000,0.000,0.000,0.000,0.0000,0.000,-311.888,-308.942,-318.000,0.1924,0.9813,0.0000,0.000,0.000,0.000,-,-,-,0000000000000000,-,0,0,-,tick
1514,4732.386,10.9748,listener,ragdoll,Lennald the Brash [Whiterun Guard],000D0FF6,-,-,0.000,0.000,0.000,0.000,0.000,0.0000,0.000,-311.888,-308.942,-318.000,0.1924,0.9813,0.0000,0.000,0.000,0.000,-,-,-,0000000000000000,-,0,0,-,tick
1516,4773.714,10.9749,listener,ragdoll,Lennald the Brash [Whiterun Guard],000D0FF6,-,-,0.000,0.000,0.000,0.000,0.000,0.0000,0.000,-311.888,-308.942,-318.000,0.1924,0.9813,0.0000,0.000,0.000,0.000,-,-,-,0000000000000000,-,0,0,-,tick
1518,4810.238,10.9750,listener,ragdoll,Lennald the Brash [Whiterun Guard],000D0FF6,-,-,0.000,0.000,0.000,0.000,0.000,0.0000,0.000,-311.888,-308.942,-318.000,0.1924,0.9813,0.0000,0.000,0.000,0.000,-,-,-,0000000000000000,-,0,0,-,tick
1520,4830.800,10.9751,listener,ragdoll,Lennald the Brash [Whiterun Guard],000D0FF6,-,-,0.000,0.000,0.000,0.000,0.000,0.0000,0.000,-311.888,-308.942,-318.000,0.1924,0.9813,0.0000,0.000,0.000,0.000,-,-,-,0000000000000000,-,0,0,-,tick
1522,4868.231,10.9752,listener,ragdoll,Lennald the Brash [Whiterun Guard],000D0FF6,-,-,0.000,0.000,0.000,0.000,0.000,0.0000,0.000,-311.888,-308.942,-318.000,0.1924,0.9813,0.0000,0.000,0.000,0.000,-,-,-,0000000000000000,-,0,0,-,tick
1524,4906.610,10.9753,listener,ragdoll,Lennald the Brash [Whiterun Guard],000D0FF6,-,-,0.000,0.000,0.000,0.000,0.000,0.0000,0.000,-311.888,-308.942,-318.000,0.1924,0.9813,0.0000,0.000,0.000,0.000,-,-,-,0000000000000000,-,0,0,-,tick
1526,4926.012,10.9753,listener,ragdoll,Lennald the Brash [Whiterun Guard],000D0FF6,-,-,0.000,0.000,0.000,0.000,0.000,0.0000,0.000,-311.888,-308.942,-318.000,0.1924,0.9813,0.0000,0.000,0.000,0.000,-,-,-,0000000000000000,-,0,0,-,tick
1528,4966.435,10.9754,listener,ragdoll,Lennald the Brash [Whiterun Guard],000D0FF6,-,-,0.000,0.000,0.000,0.000,0.000,0.0000,0.000,-311.888,-308.942,-318.000,0.1924,0.9813,0.0000,0.000,0.000,0.000,-,-,-,0000000000000000,-,0,0,-,tick
1530,4987.008,10.9755,listener,ragdoll,Lennald the Brash [Whiterun Guard],000D0FF6,-,-,0.000,0.000,0.000,0.000,0.000,0.0000,0.000,-311.888,-308.942,-318.000,0.1924,0.9813,0.0000,0.000,0.000,0.000,-,-,-,0000000000000000,-,0,0,-,tick
1532,5027.053,10.9756,listener,ragdoll,Lennald the Brash [Whiterun Guard],000D0FF6,-,-,0.000,0.000,0.000,0.000,0.000,0.0000,0.000,-311.888,-308.942,-318.000,0.1924,0.9813,0.0000,0.000,0.000,0.000,-,-,-,0000000000000000,-,0,0,-,tick
1534,5066.998,10.9757,listener,ragdoll,Lennald the Brash [Whiterun Guard],000D0FF6,-,-,0.000,0.000,0.000,0.000,0.000,0.0000,0.000,-311.888,-308.942,-318.000,0.1924,0.9813,0.0000,0.000,0.000,0.000,-,-,-,0000000000000000,-,0,0,-,tick
1536,5087.504,10.9758,listener,ragdoll,Lennald the Brash [Whiterun Guard],000D0FF6,-,-,0.000,0.000,0.000,0.000,0.000,0.0000,0.000,-311.888,-308.942,-318.000,0.1924,0.9813,0.0000,0.000,0.000,0.000,-,-,-,0000000000000000,-,0,0,-,tick
1538,5126.962,10.9759,listener,ragdoll,Lennald the Brash [Whiterun Guard],000D0FF6,-,-,0.000,0.000,0.000,0.000,0.000,0.0000,0.000,-311.888,-308.942,-318.000,0.1924,0.9813,0.0000,0.000,0.000,0.000,-,-,-,0000000000000000,-,0,0,-,tick
1540,5164.771,10.9760,listener,ragdoll,Lennald the Brash [Whiterun Guard],000D0FF6,-,-,0.000,0.000,0.000,0.000,0.000,0.0000,0.000,-311.888,-308.942,-318.000,0.1924,0.9813,0.0000,0.000,0.000,0.000,-,-,-,0000000000000000,-,0,0,-,tick
1542,5184.239,10.9760,listener,ragdoll,Lennald the Brash [Whiterun Guard],000D0FF6,-,-,0.000,0.000,0.000,0.000,0.000,0.0000,0.000,-311.888,-308.942,-318.000,0.1924,0.9813,0.0000,0.000,0.000,0.000,-,-,-,0000000000000000,-,0,0,-,tick
1544,5223.283,10.9762,listener,ragdoll,Lennald the Brash [Whiterun Guard],000D0FF6,-,-,0.000,0.000,0.000,0.000,0.000,0.0000,0.000,-311.888,-308.942,-318.000,0.1924,0.9813,0.0000,0.000,0.000,0.000,-,-,-,0000000000000000,-,0,0,-,tick
1546,5261.298,10.9763,listener,ragdoll,Lennald the Brash [Whiterun Guard],000D0FF6,-,-,0.000,0.000,0.000,0.000,0.000,0.0000,0.000,-311.888,-308.942,-318.000,0.1924,0.9813,0.0000,0.000,0.000,0.000,-,-,-,0000000000000000,-,0,0,-,tick
1548,5280.618,10.9763,listener,ragdoll,Lennald the Brash [Whiterun Guard],000D0FF6,-,-,0.000,0.000,0.000,0.000,0.000,0.0000,0.000,-311.888,-308.942,-318.000,0.1924,0.9813,0.0000,0.000,0.000,0.000,-,-,-,0000000000000000,-,0,0,-,tick
1550,5320.294,10.9764,listener,ragdoll,Lennald the Brash [Whiterun Guard],000D0FF6,-,-,0.000,0.000,0.000,0.000,0.000,0.0000,0.000,-311.888,-308.942,-318.000,0.1924,0.9813,0.0000,0.000,0.000,0.000,-,-,-,0000000000000000,-,0,0,-,tick
1552,5361.016,10.9765,listener,ragdoll,Lennald the Brash [Whiterun Guard],000D0FF6,-,-,0.000,0.000,0.000,0.000,0.000,0.0000,0.000,-311.888,-308.942,-318.000,0.1924,0.9813,0.0000,0.000,0.000,0.000,-,-,-,0000000000000000,-,0,0,-,tick
1554,5381.223,10.9766,listener,ragdoll,Lennald the Brash [Whiterun Guard],000D0FF6,-,-,0.000,0.000,0.000,0.000,0.000,0.0000,0.000,-311.888,-308.942,-318.000,0.1924,0.9813,0.0000,0.000,0.000,0.000,-,-,-,0000000000000000,-,0,0,-,tick
1556,5420.563,10.9767,listener,ragdoll,Lennald the Brash [Whiterun Guard],000D0FF6,-,-,0.000,0.000,0.000,0.000,0.000,0.0000,0.000,-311.888,-308.942,-318.000,0.1924,0.9813,0.0000,0.000,0.000,0.000,-,-,-,0000000000000000,-,0,0,-,tick
1558,5441.487,10.9768,listener,ragdoll,Lennald the Brash [Whiterun Guard],000D0FF6,-,-,0.000,0.000,0.000,0.000,0.000,0.0000,0.000,-311.888,-308.942,-318.000,0.1924,0.9813,0.0000,0.000,0.000,0.000,-,-,-,0000000000000000,-,0,0,-,tick
1560,5481.179,10.9769,listener,ragdoll,Lennald the Brash [Whiterun Guard],000D0FF6,-,-,0.000,0.000,0.000,0.000,0.000,0.0000,0.000,-311.888,-308.942,-318.000,0.1924,0.9813,0.0000,0.000,0.000,0.000,-,-,-,0000000000000000,-,0,0,-,tick
1562,5520.062,10.9770,listener,ragdoll,Lennald the Brash [Whiterun Guard],000D0FF6,-,-,0.000,0.000,0.000,0.000,0.000,0.0000,0.000,-311.888,-308.942,-318.000,0.1924,0.9813,0.0000,0.000,0.000,0.000,-,-,-,0000000000000000,-,0,0,-,tick
1564,5539.687,10.9770,listener,ragdoll,Lennald the Brash [Whiterun Guard],000D0FF6,-,-,0.000,0.000,0.000,0.000,0.000,0.0000,0.000,-311.888,-308.942,-318.000,0.1924,0.9813,0.0000,0.000,0.000,0.000,-,-,-,0000000000000000,-,0,0,-,tick
1566,5578.024,10.9771,listener,ragdoll,Lennald the Brash [Whiterun Guard],000D0FF6,-,-,0.000,0.000,0.000,0.000,0.000,0.0000,0.000,-311.888,-308.942,-318.000,0.1924,0.9813,0.0000,0.000,0.000,0.000,-,-,-,0000000000000000,-,0,0,-,tick
1568,5613.991,10.9772,listener,ragdoll,Lennald the Brash [Whiterun Guard],000D0FF6,-,-,0.000,0.000,0.000,0.000,0.000,0.0000,0.000,-311.888,-308.942,-318.000,0.1924,0.9813,0.0000,0.000,0.000,0.000,-,-,-,0000000000000000,-,0,0,-,tick
1570,5632.238,10.9773,listener,ragdoll,Lennald the Brash [Whiterun Guard],000D0FF6,-,-,0.000,0.000,0.000,0.000,0.000,0.0000,0.000,-311.888,-308.942,-318.000,0.1924,0.9813,0.0000,0.000,0.000,0.000,-,-,-,0000000000000000,-,0,0,-,tick
1572,5671.650,10.9774,listener,ragdoll,Lennald the Brash [Whiterun Guard],000D0FF6,-,-,0.000,0.000,0.000,0.000,0.000,0.0000,0.000,-311.888,-308.942,-318.000,0.1924,0.9813,0.0000,0.000,0.000,0.000,-,-,-,0000000000000000,-,0,0,-,tick
1574,5710.353,10.9775,listener,ragdoll,Lennald the Brash [Whiterun Guard],000D0FF6,-,-,0.000,0.000,0.000,0.000,0.000,0.0000,0.000,-311.888,-308.942,-318.000,0.1924,0.9813,0.0000,0.000,0.000,0.000,-,-,-,0000000000000000,-,0,0,-,tick
1576,5730.752,10.9776,listener,ragdoll,Lennald the Brash [Whiterun Guard],000D0FF6,-,-,0.000,0.000,0.000,0.000,0.000,0.0000,0.000,-311.888,-308.942,-318.000,0.1924,0.9813,0.0000,0.000,0.000,0.000,-,-,-,0000000000000000,-,0,0,-,tick
1578,5770.720,10.9777,listener,ragdoll,Lennald the Brash [Whiterun Guard],000D0FF6,-,-,0.000,0.000,0.000,0.000,0.000,0.0000,0.000,-311.888,-308.942,-318.000,0.1924,0.9813,0.0000,0.000,0.000,0.000,-,-,-,0000000000000000,-,0,0,-,tick
1580,5811.926,10.9778,listener,ragdoll,Lennald the Brash [Whiterun Guard],000D0FF6,-,-,0.000,0.000,0.000,0.000,0.000,0.0000,0.000,-311.888,-308.942,-318.000,0.1924,0.9813,0.0000,0.000,0.000,0.000,-,-,-,0000000000000000,-,0,0,-,tick
1582,5832.620,10.9778,listener,ragdoll,Lennald the Brash [Whiterun Guard],000D0FF6,-,-,0.000,0.000,0.000,0.000,0.000,0.0000,0.000,-311.888,-308.942,-318.000,0.1924,0.9813,0.0000,0.000,0.000,0.000,-,-,-,0000000000000000,-,0,0,-,tick
1584,5873.755,10.9779,listener,ragdoll,Lennald the Brash [Whiterun Guard],000D0FF6,-,-,0.000,0.000,0.000,0.000,0.000,0.0000,0.000,-311.888,-308.942,-318.000,0.1924,0.9813,0.0000,0.000,0.000,0.000,-,-,-,0000000000000000,-,0,0,-,tick
1586,5894.556,10.9780,listener,ragdoll,Lennald the Brash [Whiterun Guard],000D0FF6,-,-,0.000,0.000,0.000,0.000,0.000,0.0000,0.000,-311.888,-308.942,-318.000,0.1924,0.9813,0.0000,0.000,0.000,0.000,-,-,-,0000000000000000,-,0,0,-,tick
1588,5936.751,10.9781,listener,ragdoll,Lennald the Brash [Whiterun Guard],000D0FF6,-,-,0.000,0.000,0.000,0.000,0.000,0.0000,0.000,-311.888,-308.942,-318.000,0.1924,0.9813,0.0000,0.000,0.000,0.000,-,-,-,0000000000000000,-,0,0,-,tick
1590,5957.743,10.9782,listener,ragdoll,Lennald the Brash [Whiterun Guard],000D0FF6,-,-,0.000,0.000,0.000,0.000,0.000,0.0000,0.000,-311.888,-308.942,-318.000,0.1924,0.9813,0.0000,0.000,0.000,0.000,-,-,-,0000000000000000,-,0,0,-,tick
1592,5998.005,10.9783,listener,ragdoll,Lennald the Brash [Whiterun Guard],000D0FF6,-,-,0.000,0.000,0.000,0.000,0.000,0.0000,0.000,-311.888,-308.942,-318.000,0.1924,0.9813,0.0000,0.000,0.000,0.000,-,-,-,0000000000000000,-,0,0,-,tick
1594,6034.844,10.9784,listener,ragdoll,Lennald the Brash [Whiterun Guard],000D0FF6,-,-,0.000,0.000,0.000,0.000,0.000,0.0000,0.000,-311.888,-308.942,-318.000,0.1924,0.9813,0.0000,0.000,0.000,0.000,-,-,-,0000000000000000,-,0,0,-,tick
1596,6053.952,10.9785,listener,ragdoll,Lennald the Brash [Whiterun Guard],000D0FF6,-,-,0.000,0.000,0.000,0.000,0.000,0.0000,0.000,-311.888,-308.942,-318.000,0.1924,0.9813,0.0000,0.000,0.000,0.000,-,-,-,0000000000000000,-,0,0,-,tick
1598,6090.504,10.9786,listener,ragdoll,Lennald the Brash [Whiterun Guard],000D0FF6,-,-,0.000,0.000,0.000,0.000,0.000,0.0000,0.000,-311.888,-308.942,-318.000,0.1924,0.9813,0.0000,0.000,0.000,0.000,-,-,-,0000000000000000,-,0,0,-,tick
1600,6130.271,10.9787,listener,ragdoll,Lennald the Brash [Whiterun Guard],000D0FF6,-,-,0.000,0.000,0.000,0.000,0.000,0.0000,0.000,-311.888,-308.942,-318.000,0.1924,0.9813,0.0000,0.000,0.000,0.000,-,-,-,0000000000000000,-,0,0,-,tick
1602,6167.297,10.9788,listener,ragdoll,Lennald the Brash [Whiterun Guard],000D0FF6,-,-,0.000,0.000,0.000,0.000,0.000,0.0000,0.000,-311.888,-308.942,-318.000,0.1924,0.9813,0.0000,0.000,0.000,0.000,-,-,-,0000000000000000,-,0,0,-,tick
1604,6188.135,10.9788,listener,ragdoll,Lennald the Brash [Whiterun Guard],000D0FF6,-,-,0.000,0.000,0.000,0.000,0.000,0.0000,0.000,-311.888,-308.942,-318.000,0.1924,0.9813,0.0000,0.000,0.000,0.000,-,-,-,0000000000000000,-,0,0,-,tick
1606,6228.441,10.9789,listener,ragdoll,Lennald the Brash [Whiterun Guard],000D0FF6,-,-,0.000,0.000,0.000,0.000,0.000,0.0000,0.000,-311.888,-308.942,-318.000,0.1924,0.9813,0.0000,0.000,0.000,0.000,-,-,-,0000000000000000,-,0,0,-,tick
1608,6249.854,10.9790,listener,ragdoll,Lennald the Brash [Whiterun Guard],000D0FF6,-,-,0.000,0.000,0.000,0.000,0.000,0.0000,0.000,-311.888,-308.942,-318.000,0.1924,0.9813,0.0000,0.000,0.000,0.000,-,-,-,0000000000000000,-,0,0,-,tick
1610,6290.826,10.9791,listener,ragdoll,Lennald the Brash [Whiterun Guard],000D0FF6,-,-,0.000,0.000,0.000,0.000,0.000,0.0000,0.000,-311.888,-308.942,-318.000,0.1924,0.9813,0.0000,0.000,0.000,0.000,-,-,-,0000000000000000,-,0,0,-,tick
1612,6312.064,10.9792,listener,ragdoll,Lennald the Brash [Whiterun Guard],000D0FF6,-,-,0.000,0.000,0.000,0.000,0.000,0.0000,0.000,-311.888,-308.942,-318.000,0.1924,0.9813,0.0000,0.000,0.000,0.000,-,-,-,0000000000000000,-,0,0,-,tick
1614,6353.273,10.9793,listener,ragdoll,Lennald the Brash [Whiterun Guard],000D0FF6,-,-,0.000,0.000,0.000,0.000,0.000,0.0000,0.000,-311.888,-308.942,-318.000,0.1924,0.9813,0.0000,0.000,0.000,0.000,-,-,-,0000000000000000,-,0,0,-,tick
1616,6394.601,10.9794,listener,ragdoll,Lennald the Brash [Whiterun Guard],000D0FF6,-,-,0.000,0.000,0.000,0.000,0.000,0.0000,0.000,-311.888,-308.942,-318.000,0.1924,0.9813,0.0000,0.000,0.000,0.000,-,-,-,0000000000000000,-,0,0,-,tick
1618,6415.607,10.9794,listener,ragdoll,Lennald the Brash [Whiterun Guard],000D0FF6,-,-,0.000,0.000,0.000,0.000,0.000,0.0000,0.000,-311.888,-308.942,-318.000,0.1924,0.9813,0.0000,0.000,0.000,0.000,-,-,-,0000000000000000,-,0,0,-,tick
1620,6456.450,10.9796,listener,ragdoll,Lennald the Brash [Whiterun Guard],000D0FF6,-,-,0.000,0.000,0.000,0.000,0.000,0.0000,0.000,-311.888,-308.942,-318.000,0.1924,0.9813,0.0000,0.000,0.000,0.000,-,-,-,0000000000000000,-,0,0,-,tick
1622,6476.213,10.9796,listener,ragdoll,Lennald the Brash [Whiterun Guard],000D0FF6,-,-,0.000,0.000,0.000,0.000,0.000,0.0000,0.000,-311.888,-308.942,-318.000,0.1924,0.9813,0.0000,0.000,0.000,0.000,-,-,-,0000000000000000,-,0,0,-,tick
1624,6516.516,10.9797,listener,ragdoll,Lennald the Brash [Whiterun Guard],000D0FF6,-,-,0.000,0.000,0.000,0.000,0.000,0.0000,0.000,-311.888,-308.942,-318.000,0.1924,0.9813,0.0000,0.000,0.000,0.000,-,-,-,0000000000000000,-,0,0,-,tick
1626,6553.030,10.9798,listener,ragdoll,Lennald the Brash [Whiterun Guard],000D0FF6,-,-,0.000,0.000,0.000,0.000,0.000,0.0000,0.000,-311.888,-308.942,-318.000,0.1924,0.9813,0.0000,0.000,0.000,0.000,-,-,-,0000000000000000,-,0,0,-,tick
1628,6572.653,10.9799,listener,ragdoll,Lennald the Brash [Whiterun Guard],000D0FF6,-,-,0.000,0.000,0.000,0.000,0.000,0.0000,0.000,-311.888,-308.942,-318.000,0.1924,0.9813,0.0000,0.000,0.000,0.000,-,-,-,0000000000000000,-,0,0,-,tick
1630,6611.549,10.9800,listener,ragdoll,Lennald the Brash [Whiterun Guard],000D0FF6,-,-,0.000,0.000,0.000,0.000,0.000,0.0000,0.000,-311.888,-308.942,-318.000,0.1924,0.9813,0.0000,0.000,0.000,0.000,-,-,-,0000000000000000,-,0,0,-,tick
1632,6650.693,10.9801,listener,ragdoll,Lennald the Brash [Whiterun Guard],000D0FF6,-,-,0.000,0.000,0.000,0.000,0.000,0.0000,0.000,-311.888,-308.942,-318.000,0.1924,0.9813,0.0000,0.000,0.000,0.000,-,-,-,0000000000000000,-,0,0,-,tick
1634,6670.812,10.9802,listener,ragdoll,Lennald the Brash [Whiterun Guard],000D0FF6,-,-,0.000,0.000,0.000,0.000,0.000,0.0000,0.000,-311.888,-308.942,-318.000,0.1924,0.9813,0.0000,0.000,0.000,0.000,-,-,-,0000000000000000,-,0,0,-,tick
1636,6711.739,10.9803,listener,ragdoll,Lennald the Brash [Whiterun Guard],000D0FF6,-,-,0.000,0.000,0.000,0.000,0.000,0.0000,0.000,-311.888,-308.942,-318.000,0.1924,0.9813,0.0000,0.000,0.000,0.000,-,-,-,0000000000000000,-,0,0,-,tick
1638,6731.614,10.9803,listener,ragdoll,Lennald the Brash [Whiterun Guard],000D0FF6,-,-,0.000,0.000,0.000,0.000,0.000,0.0000,0.000,-311.888,-308.942,-318.000,0.1924,0.9813,0.0000,0.000,0.000,0.000,-,-,-,0000000000000000,-,0,0,-,tick
1640,6772.736,10.9804,listener,ragdoll,Lennald the Brash [Whiterun Guard],000D0FF6,-,-,0.000,0.000,0.000,0.000,0.000,0.0000,0.000,-311.888,-308.942,-318.000,0.1924,0.9813,0.0000,0.000,0.000,0.000,-,-,-,0000000000000000,-,0,0,-,tick
1642,6815.046,10.9806,listener,ragdoll,Lennald the Brash [Whiterun Guard],000D0FF6,-,-,0.000,0.000,0.000,0.000,0.000,0.0000,0.000,-311.888,-308.942,-318.000,0.1924,0.9813,0.0000,0.000,0.000,0.000,-,-,-,0000000000000000,-,0,0,-,tick
1644,6834.262,10.9806,listener,ragdoll,Lennald the Brash [Whiterun Guard],000D0FF6,-,-,0.000,0.000,0.000,0.000,0.000,0.0000,0.000,-311.888,-308.942,-318.000,0.1924,0.9813,0.0000,0.000,0.000,0.000,-,-,-,0000000000000000,-,0,0,-,tick
1646,6873.996,10.9807,listener,ragdoll,Lennald the Brash [Whiterun Guard],000D0FF6,-,-,0.000,0.000,0.000,0.000,0.000,0.0000,0.000,-311.888,-308.942,-318.000,0.1924,0.9813,0.0000,0.000,0.000,0.000,-,-,-,0000000000000000,-,0,0,-,tick
1648,6894.297,10.9808,listener,ragdoll,Lennald the Brash [Whiterun Guard],000D0FF6,-,-,0.000,0.000,0.000,0.000,0.000,0.0000,0.000,-311.888,-308.942,-318.000,0.1924,0.9813,0.0000,0.000,0.000,0.000,-,-,-,0000000000000000,-,0,0,-,tick
1650,6934.306,10.9809,listener,ragdoll,Lennald the Brash [Whiterun Guard],000D0FF6,-,-,0.000,0.000,0.000,0.000,0.000,0.0000,0.000,-311.888,-308.942,-318.000,0.1924,0.9813,0.0000,0.000,0.000,0.000,-,-,-,0000000000000000,-,0,0,-,tick
1652,6955.040,10.9810,listener,ragdoll,Lennald the Brash [Whiterun Guard],000D0FF6,-,-,0.000,0.000,0.000,0.000,0.000,0.0000,0.000,-311.888,-308.942,-318.000,0.1924,0.9813,0.0000,0.000,0.000,0.000,-,-,-,0000000000000000,-,0,0,-,tick
1654,6995.212,10.9811,listener,ragdoll,Lennald the Brash [Whiterun Guard],000D0FF6,-,-,0.000,0.000,0.000,0.000,0.000,0.0000,0.000,-311.888,-308.942,-318.000,0.1924,0.9813,0.0000,0.000,0.000,0.000,-,-,-,0000000000000000,-,0,0,-,tick
1656,7034.757,10.9812,listener,ragdoll,Lennald the Brash [Whiterun Guard],000D0FF6,-,-,0.000,0.000,0.000,0.000,0.000,0.0000,0.000,-311.888,-308.942,-318.000,0.1924,0.9813,0.0000,0.000,0.000,0.000,-,-,-,0000000000000000,-,0,0,-,tick
1658,7054.018,10.9812,listener,ragdoll,Lennald the Brash [Whiterun Guard],000D0FF6,-,-,0.000,0.000,0.000,0.000,0.000,0.0000,0.000,-311.888,-308.942,-318.000,0.1924,0.9813,0.0000,0.000,0.000,0.000,-,-,-,0000000000000000,-,0,0,-,tick
1660,7093.375,10.9813,listener,ragdoll,Lennald the Brash [Whiterun Guard],000D0FF6,-,-,0.000,0.000,0.000,0.000,0.000,0.0000,0.000,-311.888,-308.942,-318.000,0.1924,0.9813,0.0000,0.000,0.000,0.000,-,-,-,0000000000000000,-,0,0,-,tick
1662,7134.091,10.9815,listener,ragdoll,Lennald the Brash [Whiterun Guard],000D0FF6,-,-,0.000,0.000,0.000,0.000,0.000,0.0000,0.000,-311.888,-308.942,-318.000,0.1924,0.9813,0.0000,0.000,0.000,0.000,-,-,-,0000000000000000,-,0,0,-,tick
1664,7154.999,10.9815,listener,ragdoll,Lennald the Brash [Whiterun Guard],000D0FF6,-,-,0.000,0.000,0.000,0.000,0.000,0.0000,0.000,-311.888,-308.942,-318.000,0.1924,0.9813,0.0000,0.000,0.000,0.000,-,-,-,0000000000000000,-,0,0,-,tick
1666,7191.985,10.9816,listener,ragdoll,Lennald the Brash [Whiterun Guard],000D0FF6,-,-,0.000,0.000,0.000,0.000,0.000,0.0000,0.000,-311.888,-308.942,-318.000,0.1924,0.9813,0.0000,0.000,0.000,0.000,-,-,-,0000000000000000,-,0,0,-,tick
1668,7231.535,10.9817,listener,ragdoll,Lennald the Brash [Whiterun Guard],000D0FF6,-,-,0.000,0.000,0.000,0.000,0.000,0.0000,0.000,-311.888,-308.942,-318.000,0.1924,0.9813,0.0000,0.000,0.000,0.000,-,-,-,0000000000000000,-,0,0,-,tick
1670,7251.939,10.9818,listener,ragdoll,Lennald the Brash [Whiterun Guard],000D0FF6,-,-,0.000,0.000,0.000,0.000,0.000,0.0000,0.000,-311.888,-308.942,-318.000,0.1924,0.9813,0.0000,0.000,0.000,0.000,-,-,-,0000000000000000,-,0,0,-,tick
1672,7291.303,10.9819,listener,ragdoll,Lennald the Brash [Whiterun Guard],000D0FF6,-,-,0.000,0.000,0.000,0.000,0.000,0.0000,0.000,-311.888,-308.942,-318.000,0.1924,0.9813,0.0000,0.000,0.000,0.000,-,-,-,0000000000000000,-,0,0,-,tick
1674,7311.775,10.9819,listener,ragdoll,Lennald the Brash [Whiterun Guard],000D0FF6,-,-,0.000,0.000,0.000,0.000,0.000,0.0000,0.000,-311.888,-308.942,-318.000,0.1924,0.9813,0.0000,0.000,0.000,0.000,-,-,-,0000000000000000,-,0,0,-,tick
1676,7352.291,10.9821,listener,ragdoll,Lennald the Brash [Whiterun Guard],000D0FF6,-,-,0.000,0.000,0.000,0.000,0.000,0.0000,0.000,-311.888,-308.942,-318.000,0.1924,0.9813,0.0000,0.000,0.000,0.000,-,-,-,0000000000000000,-,0,0,-,tick
1678,7394.255,10.9822,listener,ragdoll,Lennald the Brash [Whiterun Guard],000D0FF6,-,-,0.000,0.000,0.000,0.000,0.000,0.0000,0.000,-311.888,-308.942,-318.000,0.1924,0.9813,0.0000,0.000,0.000,0.000,-,-,-,0000000000000000,-,0,0,-,tick
1680,7413.240,10.9822,listener,ragdoll,Lennald the Brash [Whiterun Guard],000D0FF6,-,-,0.000,0.000,0.000,0.000,0.000,0.0000,0.000,-311.888,-308.942,-318.000,0.1924,0.9813,0.0000,0.000,0.000,0.000,-,-,-,0000000000000000,-,0,0,-,tick
1682,7451.657,10.9823,listener,ragdoll,Lennald the Brash [Whiterun Guard],000D0FF6,-,-,0.000,0.000,0.000,0.000,0.000,0.0000,0.000,-311.888,-308.942,-318.000,0.1924,0.9813,0.0000,0.000,0.000,0.000,-,-,-,0000000000000000,-,0,0,-,tick
1684,7471.865,10.9824,listener,ragdoll,Lennald the Brash [Whiterun Guard],000D0FF6,-,-,0.000,0.000,0.000,0.000,0.000,0.0000,0.000,-311.888,-308.942,-318.000,0.1924,0.9813,0.0000,0.000,0.000,0.000,-,-,-,0000000000000000,-,0,0,-,tick
1686,7511.487,10.9825,listener,ragdoll,Lennald the Brash [Whiterun Guard],000D0FF6,-,-,0.000,0.000,0.000,0.000,0.000,0.0000,0.000,-311.888,-308.942,-318.000,0.1924,0.9813,0.0000,0.000,0.000,0.000,-,-,-,0000000000000000,-,0,0,-,tick
1688,7552.290,10.9826,listener,ragdoll,Lennald the Brash [Whiterun Guard],000D0FF6,-,-,0.000,0.000,0.000,0.000,0.000,0.0000,0.000,-311.888,-308.942,-318.000,0.1924,0.9813,0.0000,0.000,0.000,0.000,-,-,-,0000000000000000,-,0,0,-,tick
1690,7572.272,10.9827,listener,ragdoll,Lennald the Brash [Whiterun Guard],000D0FF6,-,-,0.000,0.000,0.000,0.000,0.000,0.0000,0.000,-311.888,-308.942,-318.000,0.1924,0.9813,0.0000,0.000,0.000,0.000,-,-,-,0000000000000000,-,0,0,-,tick
1692,7611.306,10.9828,listener,ragdoll,Lennald the Brash [Whiterun Guard],000D0FF6,-,-,0.000,0.000,0.000,0.000,0.000,0.0000,0.000,-311.888,-308.942,-318.000,0.1924,0.9813,0.0000,0.000,0.000,0.000,-,-,-,0000000000000000,-,0,0,-,tick
1694,7652.607,10.9829,listener,ragdoll,Lennald the Brash [Whiterun Guard],000D0FF6,-,-,0.000,0.000,0.000,0.000,0.000,0.0000,0.000,-311.888,-308.942,-318.000,0.1924,0.9813,0.0000,0.000,0.000,0.000,-,-,-,0000000000000000,-,0,0,-,tick
1696,7671.697,10.9829,listener,ragdoll,Lennald the Brash [Whiterun Guard],000D0FF6,-,-,0.000,0.000,0.000,0.000,0.000,0.0000,0.000,-311.888,-308.942,-318.000,0.1924,0.9813,0.0000,0.000,0.000,0.000,-,-,-,0000000000000000,-,0,0,-,tick
1698,7710.890,10.9831,listener,ragdoll,Lennald the Brash [Whiterun Guard],000D0FF6,-,-,0.000,0.000,0.000,0.000,0.000,0.0000,0.000,-311.888,-308.942,-318.000,0.1924,0.9813,0.0000,0.000,0.000,0.000,-,-,-,0000000000000000,-,0,0,-,tick
1700,7730.574,10.9831,listener,ragdoll,Lennald the Brash [Whiterun Guard],000D0FF6,-,-,0.000,0.000,0.000,0.000,0.000,0.0000,0.000,-311.888,-308.942,-318.000,0.1924,0.9813,0.0000,0.000,0.000,0.000,-,-,-,0000000000000000,-,0,0,-,tick
1702,7770.010,10.9832,listener,ragdoll,Lennald the Brash [Whiterun Guard],000D0FF6,-,-,0.000,0.000,0.000,0.000,0.000,0.0000,0.000,-311.888,-308.942,-318.000,0.1924,0.9813,0.0000,0.000,0.000,0.000,-,-,-,0000000000000000,-,0,0,-,tick
1704,7808.678,10.9833,listener,ragdoll,Lennald the Brash [Whiterun Guard],000D0FF6,-,-,0.000,0.000,0.000,0.000,0.000,0.0000,0.000,-311.888,-308.942,-318.000,0.1924,0.9813,0.0000,0.000,0.000,0.000,-,-,-,0000000000000000,-,0,0,-,tick
0,7859.706,10.9833,state,animated,Lennald the Brash [Whiterun Guard],000D0FF6,-,-,0.000,0.000,0.000,0.000,0.000,0.0000,0.000,0.000,0.000,0.000,0.0000,0.0000,0.0000,0.000,0.000,0.000,-,-,-,0000000000000000,-,0,0,0,session_stop
