seq,t_ms,game_hour,event,phase,actor,actor_id,limb,limb_index,impact_speed,normal_speed,tangent_speed,body_speed,angular_speed,mass,limb_radius,pos_x,pos_y,pos_z,nrm_x,nrm_y,nrm_z,vel_x,vel_y,vel_z,other_layer,other_material,material_source,other_body,other_limb,manifold_first,manifold_last,dropped,state
19,3.088,0.0000,state,unknown,Lennald the Brash [Whiterun Guard],000D0FF6,-,-,0.000,0.000,0.000,0.000,0.000,0.0000,0.000,0.000,0.000,0.000,0.0000,0.0000,0.0000,0.000,0.000,0.000,-,-,-,0000000000000000,-,0,0,-,session_start
20,3.088,0.0000,limb_sample,unknown,Lennald the Brash [Whiterun Guard],000D0FF6,NPC COM [COM ],0,0.000,0.000,0.000,5.249,0.328,51.5000,18.217,-247.629,-227.087,-254.619,0.0000,0.0000,0.0000,2.853,-2.279,-3.770,-,-,-,0000000000000000,-,0,0,-,session_start
21,3.089,0.0000,limb_sample,unknown,Lennald the Brash [Whiterun Guard],000D0FF6,NPC L Thigh [LThg],1,0.000,0.000,0.000,5.135,0.362,6.1800,21.102,-244.680,-221.883,-254.458,0.0000,0.0000,0.0000,2.499,-0.334,-4.473,-,-,-,0000000000000000,-,0,0,-,session_start
22,3.089,0.0000,limb_sample,unknown,Lennald the Brash [Whiterun Guard],000D0FF6,NPC R Thigh [RThg],2,0.000,0.000,0.000,11.137,0.878,6.1800,21.101,-249.232,-233.803,-253.824,0.0000,0.0000,0.0000,3.291,1.698,10.503,-,-,-,0000000000000000,-,0,0,-,session_start
23,3.089,0.0000,limb_sample,unknown,Lennald the Brash [Whiterun Guard],000D0FF6,NPC Spine [Spn0],3,0.000,0.000,0.000,6.851,0.267,4.1200,17.816,-252.100,-223.965,-250.813,0.0000,0.0000,0.0000,3.941,-3.712,-4.199,-,-,-,0000000000000000,-,0,0,-,session_start
24,3.089,0.0000,limb_sample,unknown,Lennald the Brash [Whiterun Guard],000D0FF6,NPC R Calf [RClf],4,0.000,0.000,0.000,25.018,0.437,6.1800,20.265,-237.067,-242.708,-282.203,0.0000,0.0000,0.0000,12.714,-5.387,20.862,-,-,-,0000000000000000,-,0,0,-,session_start
25,3.089,0.0000,limb_sample,unknown,Lennald the Brash [Whiterun Guard],000D0FF6,NPC L Calf [LClf],5,0.000,0.000,0.000,4.501,0.346,6.1800,20.265,-250.451,-220.205,-285.444,0.0000,0.0000,0.0000,2.302,-2.800,-2.668,-,-,-,0000000000000000,-,0,0,-,session_start
26,3.090,0.0000,limb_sample,unknown,Lennald the Brash [Whiterun Guard],000D0FF6,NPC Spine1 [Spn1],6,0.000,0.000,0.000,8.663,0.248,4.1200,19.445,-252.382,-223.832,-241.785,0.0000,0.0000,0.0000,4.937,-6.037,-3.772,-,-,-,0000000000000000,-,0,0,-,session_start
27,3.090,0.0000,limb_sample,unknown,Lennald the Brash [Whiterun Guard],000D0FF6,NPC L Foot [Lft ],7,0.000,0.000,0.000,2.898,0.305,3.0900,10.311,-264.282,-212.908,-308.489,0.0000,0.0000,0.0000,-0.878,-2.729,-0.421,-,-,-,0000000000000000,-,0,0,-,session_start
28,3.090,0.0000,limb_sample,unknown,Lennald the Brash [Whiterun Guard],000D0FF6,NPC R Foot [Rft ],8,0.000,0.000,0.000,20.738,2.747,3.0900,10.311,-230.527,-246.898,-309.314,0.0000,0.0000,0.0000,18.116,-3.701,9.390,-,-,-,0000000000000000,-,0,0,-,session_start
29,3.090,0.0000,limb_sample,unknown,Lennald the Brash [Whiterun Guard],000D0FF6,NPC Spine2 [Spn2],9,0.000,0.000,0.000,10.609,0.204,7.2100,23.744,-252.866,-223.519,-231.572,0.0000,0.0000,0.0000,6.465,-7.859,-2.998,-,-,-,0000000000000000,-,0,0,-,session_start
30,3.090,0.0000,limb_sample,unknown,Lennald the Brash [Whiterun Guard],000D0FF6,NPC L UpperArm [LUar],10,0.000,0.000,0.000,8.972,0.152,2.0600,14.897,-238.527,-216.909,-215.158,0.0000,0.0000,0.0000,5.292,-7.186,-0.920,-,-,-,0000000000000000,-,0,0,-,session_start
31,3.090,0.0000,limb_sample,unknown,Lennald the Brash [Whiterun Guard],000D0FF6,NPC Neck [Neck],11,0.000,0.000,0.000,11.174,0.250,6.1800,8.684,-247.120,-228.742,-210.016,0.0000,0.0000,0.0000,7.431,-7.647,-3.340,-,-,-,0000000000000000,-,0,0,-,session_start
32,3.090,0.0000,limb_sample,unknown,Lennald the Brash [Whiterun Guard],000D0FF6,NPC R UpperArm [RUar],12,0.000,0.000,0.000,12.916,0.208,2.0600,14.897,-259.880,-235.363,-213.650,0.0000,0.0000,0.0000,8.146,-9.536,-3.086,-,-,-,0000000000000000,-,0,0,-,session_start
33,3.090,0.0000,limb_sample,unknown,Lennald the Brash [Whiterun Guard],000D0FF6,NPC Head [Head],13,0.000,0.000,0.000,9.718,0.281,4.1200,15.561,-245.341,-229.110,-201.081,0.0000,0.0000,0.0000,7.082,-5.768,-3.318,-,-,-,0000000000000000,-,0,0,-,session_start
34,3.091,0.0000,limb_sample,unknown,Lennald the Brash [Whiterun Guard],000D0FF6,NPC L Forearm [LLar],14,0.000,0.000,0.000,7.202,0.226,2.0600,12.007,-232.869,-212.879,-234.560,0.0000,0.0000,0.0000,5.591,-4.540,0.046,-,-,-,0000000000000000,-,0,0,-,session_start
35,3.091,0.0000,limb_sample,unknown,Lennald the Brash [Whiterun Guard],000D0FF6,NPC R Forearm [RLar],15,0.000,0.000,0.000,11.522,0.135,6.1800,12.007,-270.760,-234.283,-231.326,0.0000,0.0000,0.0000,7.794,-8.005,-2.816,-,-,-,0000000000000000,-,0,0,-,session_start
36,3.091,0.0000,limb_sample,unknown,Lennald the Brash [Whiterun Guard],000D0FF6,NPC L Hand [LHnd],16,0.000,0.000,0.000,7.061,0.081,4.1200,8.584,-223.905,-219.432,-246.831,0.0000,0.0000,0.0000,6.503,-2.749,-0.118,-,-,-,0000000000000000,-,0,0,-,session_start
37,3.091,0.0000,limb_sample,unknown,Lennald the Brash [Whiterun Guard],000D0FF6,NPC R Hand [RHnd],17,0.000,0.000,0.000,10.587,0.208,4.1200,8.584,-273.632,-236.679,-247.617,0.0000,0.0000,0.0000,7.331,-7.041,-2.959,-,-,-,0000000000000000,-,0,0,-,session_start
61,827.261,10.9241,state,ragdoll,Lennald the Brash [Whiterun Guard],000D0FF6,-,-,0.000,0.000,0.000,0.000,0.000,0.0000,0.000,0.000,0.000,0.000,0.0000,0.0000,0.0000,0.000,0.000,0.000,-,-,-,0000000000000000,-,0,0,-,ragdoll_start
62,827.261,10.9241,limb_sample,ragdoll,Lennald the Brash [Whiterun Guard],000D0FF6,NPC COM [COM ],0,0.000,0.000,0.000,76.264,0.559,51.5000,18.217,-250.590,-234.218,-251.467,0.0000,0.0000,0.0000,-37.784,-40.466,-52.450,-,-,-,0000000000000000,-,0,0,-,ragdoll_start
63,827.261,10.9241,limb_sample,ragdoll,Lennald the Brash [Whiterun Guard],000D0FF6,NPC L Thigh [LThg],1,0.000,0.000,0.000,62.658,0.695,6.1800,21.102,-252.167,-227.511,-251.053,0.0000,0.0000,0.0000,-33.935,-38.063,-36.410,-,-,-,0000000000000000,-,0,0,-,ragdoll_start
64,827.261,10.9241,limb_sample,ragdoll,Lennald the Brash [Whiterun Guard],000D0FF6,NPC R Thigh [RThg],2,0.000,0.000,0.000,77.055,1.837,6.1800,21.101,-246.580,-239.512,-251.721,0.0000,0.0000,0.0000,-58.514,-28.500,-41.247,-,-,-,0000000000000000,-,0,0,-,ragdoll_start
65,827.261,10.9241,limb_sample,ragdoll,Lennald the Brash [Whiterun Guard],000D0FF6,NPC Spine [Spn0],3,0.000,0.000,0.000,76.061,0.373,4.1200,17.816,-254.742,-236.931,-247.067,0.0000,0.0000,0.0000,-37.243,-38.256,-54.173,-,-,-,0000000000000000,-,0,0,-,ragdoll_start
66,827.261,10.9241,limb_sample,ragdoll,Lennald the Brash [Whiterun Guard],000D0FF6,NPC R Calf [RClf],4,0.000,0.000,0.000,97.016,5.330,6.1800,20.265,-246.924,-240.900,-283.939,0.0000,0.0000,0.0000,-77.948,-55.352,-16.500,-,-,-,0000000000000000,-,0,0,-,ragdoll_start
67,827.261,10.9241,limb_sample,ragdoll,Lennald the Brash [Whiterun Guard],000D0FF6,NPC L Calf [LClf],5,0.000,0.000,0.000,46.283,0.644,6.1800,20.265,-246.917,-221.644,-282.051,0.0000,0.0000,0.0000,-35.911,-21.958,-19.245,-,-,-,0000000000000000,-,0,0,-,ragdoll_start
68,827.261,10.9241,limb_sample,ragdoll,Lennald the Brash [Whiterun Guard],000D0FF6,NPC Spine1 [Spn1],6,0.000,0.000,0.000,76.503,0.374,4.1200,19.445,-253.711,-236.579,-238.137,0.0000,0.0000,0.0000,-38.724,-30.905,-58.292,-,-,-,0000000000000000,-,0,0,-,ragdoll_start
69,827.262,10.9241,limb_sample,ragdoll,Lennald the Brash [Whiterun Guard],000D0FF6,NPC L Foot [Lft ],7,0.000,0.000,0.000,32.917,1.885,3.0900,10.311,-251.194,-224.614,-309.839,0.0000,0.0000,0.0000,-21.759,-17.200,-17.727,-,-,-,0000000000000000,-,0,0,-,ragdoll_start
70,827.262,10.9241,limb_sample,ragdoll,Lennald the Brash [Whiterun Guard],000D0FF6,NPC R Foot [Rft ],8,0.000,0.000,0.000,64.816,10.850,3.0900,10.311,-251.955,-244.612,-311.475,0.0000,0.0000,0.0000,-64.643,3.211,-3.480,-,-,-,0000000000000000,-,0,0,-,ragdoll_start
71,827.262,10.9241,limb_sample,ragdoll,Lennald the Brash [Whiterun Guard],000D0FF6,NPC Spine2 [Spn2],9,0.000,0.000,0.000,77.884,0.390,7.2100,23.744,-253.298,-237.054,-228.011,0.0000,0.0000,0.0000,-39.507,-21.684,-63.521,-,-,-,0000000000000000,-,0,0,-,ragdoll_start
72,827.262,10.9241,limb_sample,ragdoll,Lennald the Brash [Whiterun Guard],000D0FF6,NPC L UpperArm [LUar],10,0.000,0.000,0.000,69.949,0.481,2.0600,14.897,-256.792,-225.340,-211.494,0.0000,0.0000,0.0000,-26.400,-20.751,-61.362,-,-,-,0000000000000000,-,0,0,-,ragdoll_start
73,827.262,10.9241,limb_sample,ragdoll,Lennald the Brash [Whiterun Guard],000D0FF6,NPC Neck [Neck],11,0.000,0.000,0.000,78.470,0.493,6.1800,8.684,-247.466,-235.108,-205.992,0.0000,0.0000,0.0000,-38.094,-17.949,-66.214,-,-,-,0000000000000000,-,0,0,-,ragdoll_start
74,827.262,10.9241,limb_sample,ragdoll,Lennald the Brash [Whiterun Guard],000D0FF6,NPC R UpperArm [RUar],12,0.000,0.000,0.000,86.004,0.396,2.0600,14.897,-241.948,-247.742,-214.728,0.0000,0.0000,0.0000,-53.530,-18.113,-64.832,-,-,-,0000000000000000,-,0,0,-,ragdoll_start
75,827.262,10.9241,limb_sample,ragdoll,Lennald the Brash [Whiterun Guard],000D0FF6,NPC Head [Head],13,0.000,0.000,0.000,79.259,0.494,4.1200,15.561,-245.824,-235.005,-197.011,0.0000,0.0000,0.0000,-37.350,-16.641,-67.897,-,-,-,0000000000000000,-,0,0,-,ragdoll_start
76,827.262,10.9241,limb_sample,ragdoll,Lennald the Brash [Whiterun Guard],000D0FF6,NPC L Forearm [LLar],14,0.000,0.000,0.000,51.806,0.757,2.0600,12.007,-260.115,-218.596,-230.572,0.0000,0.0000,0.0000,-18.548,-15.909,-45.680,-,-,-,0000000000000000,-,0,0,-,ragdoll_start
77,827.262,10.9241,limb_sample,ragdoll,Lennald the Brash [Whiterun Guard],000D0FF6,NPC R Forearm [RLar],15,0.000,0.000,0.000,65.443,1.310,6.1800,12.007,-240.928,-252.799,-234.693,0.0000,0.0000,0.0000,-43.530,-15.461,-46.357,-,-,-,0000000000000000,-,0,0,-,ragdoll_start
78,827.263,10.9241,limb_sample,ragdoll,Lennald the Brash [Whiterun Guard],000D0FF6,NPC L Hand [LHnd],16,0.000,0.000,0.000,41.564,1.294,4.1200,8.584,-257.713,-213.283,-246.356,0.0000,0.0000,0.0000,-20.061,-9.609,-35.110,-,-,-,0000000000000000,-,0,0,-,ragdoll_start
79,827.263,10.9241,limb_sample,ragdoll,Lennald the Brash [Whiterun Guard],000D0FF6,NPC R Hand [RHnd],17,0.000,0.000,0.000,38.248,2.261,4.1200,8.584,-234.775,-251.545,-249.930,0.0000,0.0000,0.0000,-21.691,-14.364,-28.037,-,-,-,0000000000000000,-,0,0,-,ragdoll_start
80,827.263,10.9241,listener,ragdoll,Lennald the Brash [Whiterun Guard],000D0FF6,-,-,0.000,0.000,0.000,0.000,0.000,0.0000,0.000,-311.888,-308.942,-318.000,0.0855,0.9963,0.0000,0.000,0.000,0.000,-,-,-,0000000000000000,-,0,0,-,ragdoll_start
81,827.263,10.9241,state,ragdoll,Lennald the Brash [Whiterun Guard],000D0FF6,-,-,0.000,0.000,0.000,0.000,0.000,0.0000,0.000,0.000,0.000,0.000,0.0000,0.0000,0.0000,0.000,0.000,0.000,-,-,-,0000000000000000,-,0,0,-,knock_explode_lead_in
82,827.263,10.9241,listener,ragdoll,Lennald the Brash [Whiterun Guard],000D0FF6,-,-,0.000,0.000,0.000,0.000,0.000,0.0000,0.000,-311.888,-308.942,-318.000,0.0855,0.9963,0.0000,0.000,0.000,0.000,-,-,-,0000000000000000,-,0,0,-,knock_explode_lead_in
127,837.930,10.9241,touch,ragdoll,Lennald the Brash [Whiterun Guard],000D0FF6,NPC R Thigh [RThg],2,0.000,0.000,0.000,83.216,0.363,6.1800,21.101,0.000,0.000,0.000,0.0000,0.0000,0.0000,-44.050,-48.412,-51.389,DeadBip,-,-,000001EB3A1FFA00,1,0,0,-,
128,837.930,10.9241,touch,ragdoll,Lennald the Brash [Whiterun Guard],000D0FF6,NPC L Thigh [LThg],1,0.000,0.000,0.000,67.569,0.791,6.1800,21.102,0.000,0.000,0.000,0.0000,0.0000,0.0000,-31.487,-28.097,-52.771,DeadBip,-,-,000001EB3A1FEB00,2,0,0,-,
129,837.934,10.9241,touch,ragdoll,Lennald the Brash [Whiterun Guard],000D0FF6,NPC R Foot [Rft ],8,0.000,0.000,0.000,69.810,12.011,3.0900,10.311,0.000,0.000,0.000,0.0000,0.0000,0.0000,-66.861,1.880,-19.988,Static,-,-,000001EA56BED300,-,0,0,-,
130,837.935,10.9241,touch,ragdoll,Lennald the Brash [Whiterun Guard],000D0FF6,NPC R Foot [Rft ],8,0.000,0.000,0.000,69.810,12.011,3.0900,10.311,0.000,0.000,0.000,0.0000,0.0000,0.0000,-66.861,1.880,-19.988,Static,-,-,000001EAE4AAA500,-,0,0,-,
131,837.936,10.9241,touch,ragdoll,Lennald the Brash [Whiterun Guard],000D0FF6,NPC R Forearm [RLar],15,0.000,0.000,0.000,71.845,1.408,6.1800,12.007,0.000,0.000,0.000,0.0000,0.0000,0.0000,-41.277,-18.772,-55.728,DeadBip,-,-,000001EB3A1FE200,3,0,0,-,
132,837.936,10.9241,touch,ragdoll,Lennald the Brash [Whiterun Guard],000D0FF6,NPC Spine [Spn0],3,0.000,0.000,0.000,81.237,0.737,4.1200,17.816,0.000,0.000,0.000,0.0000,0.0000,0.0000,-40.619,-38.395,-58.952,DeadBip,-,-,000001EB3A1FD000,15,0,0,-,
133,837.937,10.9241,touch,ragdoll,Lennald the Brash [Whiterun Guard],000D0FF6,NPC R Forearm [RLar],15,0.000,0.000,0.000,71.845,1.408,6.1800,12.007,0.000,0.000,0.000,0.0000,0.0000,0.0000,-41.277,-18.772,-55.728,DeadBip,-,-,000001EB3A1FDF00,6,0,0,-,
134,837.937,10.9241,touch,ragdoll,Lennald the Brash [Whiterun Guard],000D0FF6,NPC Spine1 [Spn1],6,0.000,0.000,0.000,79.650,0.811,4.1200,19.445,0.000,0.000,0.000,0.0000,0.0000,0.0000,-39.526,-33.329,-60.589,DeadBip,-,-,000001EB3A1FD000,15,0,0,-,
135,837.938,10.9241,touch,ragdoll,Lennald the Brash [Whiterun Guard],000D0FF6,NPC R Hand [RHnd],17,0.000,0.000,0.000,53.162,3.554,4.1200,8.584,0.000,0.000,0.000,0.0000,0.0000,0.0000,-19.410,-13.959,-47.482,DeadBip,-,-,000001EB3A1FF400,0,0,0,-,
136,837.938,10.9241,touch,ragdoll,Lennald the Brash [Whiterun Guard],000D0FF6,NPC COM [COM ],0,0.000,0.000,0.000,76.923,0.623,51.5000,18.217,0.000,0.000,0.000,0.0000,0.0000,0.0000,-39.471,-38.248,-53.817,DeadBip,-,-,000001EB3A1FCD00,17,0,0,-,
137,837.939,10.9241,touch,ragdoll,Lennald the Brash [Whiterun Guard],000D0FF6,NPC R Hand [RHnd],17,0.000,0.000,0.000,53.162,3.554,4.1200,8.584,0.000,0.000,0.000,0.0000,0.0000,0.0000,-19.410,-13.959,-47.482,DeadBip,-,-,000001EB3A1FEB00,2,0,0,-,
138,837.939,10.9241,touch,ragdoll,Lennald the Brash [Whiterun Guard],000D0FF6,NPC R Thigh [RThg],2,0.000,0.000,0.000,83.216,0.363,6.1800,21.101,0.000,0.000,0.000,0.0000,0.0000,0.0000,-44.050,-48.412,-51.389,DeadBip,-,-,000001EB3A1FCD00,17,0,0,-,
139,837.940,10.9241,touch,ragdoll,Lennald the Brash [Whiterun Guard],000D0FF6,NPC L Forearm [LLar],14,0.000,0.000,0.000,63.065,1.828,2.0600,12.007,0.000,0.000,0.000,0.0000,0.0000,0.0000,-26.721,-20.092,-53.474,DeadBip,-,-,000001EB3A1FF400,0,0,0,-,
140,837.940,10.9241,touch,ragdoll,Lennald the Brash [Whiterun Guard],000D0FF6,NPC COM [COM ],0,0.000,0.000,0.000,76.923,0.623,51.5000,18.217,0.000,0.000,0.000,0.0000,0.0000,0.0000,-39.471,-38.248,-53.817,DeadBip,-,-,000001EB3A1FC700,14,0,0,-,
141,837.941,10.9241,touch,ragdoll,Lennald the Brash [Whiterun Guard],000D0FF6,NPC L Forearm [LLar],14,0.000,0.000,0.000,63.065,1.828,2.0600,12.007,0.000,0.000,0.000,0.0000,0.0000,0.0000,-26.721,-20.092,-53.474,DeadBip,-,-,000001EB3A1FE200,3,0,0,-,
142,837.941,10.9241,touch,ragdoll,Lennald the Brash [Whiterun Guard],000D0FF6,NPC Spine [Spn0],3,0.000,0.000,0.000,81.237,0.737,4.1200,17.816,0.000,0.000,0.000,0.0000,0.0000,0.0000,-40.619,-38.395,-58.952,DeadBip,-,-,000001EB3A1FC700,14,0,0,-,
143,837.941,10.9241,touch,ragdoll,Lennald the Brash [Whiterun Guard],000D0FF6,NPC L Forearm [LLar],14,0.000,0.000,0.000,63.065,1.828,2.0600,12.007,0.000,0.000,0.000,0.0000,0.0000,0.0000,-26.721,-20.092,-53.474,DeadBip,-,-,000001EB3A1FDF00,6,0,0,-,
144,837.941,10.9241,touch,ragdoll,Lennald the Brash [Whiterun Guard],000D0FF6,NPC Spine1 [Spn1],6,0.000,0.000,0.000,79.650,0.811,4.1200,19.445,0.000,0.000,0.000,0.0000,0.0000,0.0000,-39.526,-33.329,-60.589,DeadBip,-,-,000001EB3A1FC700,14,0,0,-,
145,837.942,10.9241,touch,ragdoll,Lennald the Brash [Whiterun Guard],000D0FF6,NPC L Forearm [LLar],14,0.000,0.000,0.000,63.065,1.828,2.0600,12.007,0.000,0.000,0.000,0.0000,0.0000,0.0000,-26.721,-20.092,-53.474,DeadBip,-,-,000001EB3A1FDC00,9,0,0,-,
146,837.942,10.9241,touch,ragdoll,Lennald the Brash [Whiterun Guard],000D0FF6,NPC Spine2 [Spn2],9,0.000,0.000,0.000,75.549,0.663,7.2100,23.744,0.000,0.000,0.000,0.0000,0.0000,0.0000,-37.221,-24.769,-60.900,DeadBip,-,-,000001EB3A1FC700,14,0,0,-,
147,837.943,10.9241,touch,ragdoll,Lennald the Brash [Whiterun Guard],000D0FF6,NPC L Hand [LHnd],16,0.000,0.000,0.000,53.237,1.186,4.1200,8.584,0.000,0.000,0.000,0.0000,0.0000,0.0000,-18.742,-8.060,-49.173,DeadBip,-,-,000001EB3A1FF400,0,0,0,-,
148,837.943,10.9241,touch,ragdoll,Lennald the Brash [Whiterun Guard],000D0FF6,NPC COM [COM ],0,0.000,0.000,0.000,76.923,0.623,51.5000,18.217,0.000,0.000,0.000,0.0000,0.0000,0.0000,-39.471,-38.248,-53.817,DeadBip,-,-,000001EB3A1FC400,16,0,0,-,
149,837.944,10.9241,touch,ragdoll,Lennald the Brash [Whiterun Guard],000D0FF6,NPC L Hand [LHnd],16,0.000,0.000,0.000,53.237,1.186,4.1200,8.584,0.000,0.000,0.000,0.0000,0.0000,0.0000,-18.742,-8.060,-49.173,DeadBip,-,-,000001EB3A1FFA00,1,0,0,-,
150,837.944,10.9241,touch,ragdoll,Lennald the Brash [Whiterun Guard],000D0FF6,NPC L Thigh [LThg],1,0.000,0.000,0.000,67.569,0.791,6.1800,21.102,0.000,0.000,0.000,0.0000,0.0000,0.0000,-31.487,-28.097,-52.771,DeadBip,-,-,000001EB3A1FC400,16,0,0,-,
151,838.108,10.9241,impact,ragdoll,Lennald the Brash [Whiterun Guard],000D0FF6,NPC R Foot [Rft ],8,8.651,8.651,52.214,69.738,12.005,3.0900,10.311,-244.809,-249.946,-319.650,-0.0000,0.0000,1.0000,-66.792,1.878,-19.967,Static,Wood,shape,000001EA56BED300,-,1,1,-,
152,838.108,10.9241,impact,ragdoll,Lennald the Brash [Whiterun Guard],000D0FF6,NPC R Foot [Rft ],8,8.651,8.651,53.299,69.738,12.005,3.0900,10.311,-244.809,-249.946,-318.000,0.0000,0.0000,1.0000,-66.792,1.878,-19.967,Static,Carpet,shape,000001EAE4AAA500,-,1,1,-,
153,838.111,10.9241,impact,ragdoll,Lennald the Brash [Whiterun Guard],000D0FF6,NPC L Forearm [LLar],14,5.608,5.608,18.257,62.999,1.827,2.0600,12.007,-256.357,-224.641,-225.466,-0.4096,0.6751,-0.6136,-26.693,-20.071,-53.418,DeadBip,Skin,shape,000001EB3A1FDC00,9,1,1,-,
154,838.111,10.9241,impact,ragdoll,Lennald the Brash [Whiterun Guard],000D0FF6,NPC Spine2 [Spn2],9,5.608,-5.608,18.257,75.471,0.663,7.2100,23.744,-256.357,-224.641,-225.466,-0.4096,0.6751,-0.6136,-37.182,-24.744,-60.837,DeadBip,Skin,shape,000001EB3A1FC700,14,1,1,-,
155,838.112,10.9241,impact,ragdoll,Lennald the Brash [Whiterun Guard],000D0FF6,NPC R Forearm [RLar],15,16.766,16.766,15.606,71.771,1.408,6.1800,12.007,-243.474,-244.818,-242.678,0.5335,-0.8347,0.1367,-41.234,-18.752,-55.670,DeadBip,Skin,shape,000001EB3A1FE200,3,1,1,-,
156,838.112,10.9241,impact,ragdoll,Lennald the Brash [Whiterun Guard],000D0FF6,NPC Spine [Spn0],3,16.766,-16.766,15.606,81.153,0.737,4.1200,17.816,-243.474,-244.818,-242.678,0.5335,-0.8347,0.1367,-40.576,-38.356,-58.891,DeadBip,Skin,shape,000001EB3A1FD000,15,1,1,-,
157,838.112,10.9241,impact,ragdoll,Lennald the Brash [Whiterun Guard],000D0FF6,NPC R Forearm [RLar],15,15.453,15.453,11.552,71.771,1.408,6.1800,12.007,-243.869,-246.637,-234.463,0.4156,-0.8922,-0.1770,-41.234,-18.752,-55.670,DeadBip,Skin,shape,000001EB3A1FDF00,6,1,1,-,
158,838.112,10.9241,impact,ragdoll,Lennald the Brash [Whiterun Guard],000D0FF6,NPC Spine1 [Spn1],6,15.453,-15.453,11.552,79.567,0.811,4.1200,19.445,-243.869,-246.637,-234.463,0.4156,-0.8922,-0.1770,-39.485,-33.294,-60.526,DeadBip,Skin,shape,000001EB3A1FD000,15,1,1,-,
185,838.439,10.9241,touch,ragdoll,Lennald the Brash [Whiterun Guard],000D0FF6,NPC L Foot [Lft ],7,0.000,0.000,0.000,54.084,4.120,3.0900,10.311,0.000,0.000,0.000,0.0000,0.0000,0.0000,-26.116,-20.228,-42.824,Static,-,-,000001EAE4AAA500,-,0,0,-,
186,838.447,10.9241,separate,ragdoll,Lennald the Brash [Whiterun Guard],000D0FF6,NPC L Forearm [LLar],14,0.000,0.000,0.000,78.031,2.524,2.0600,12.007,0.000,0.000,0.000,0.0000,0.0000,0.0000,-31.776,-23.973,-67.115,DeadBip,-,-,000001EB3A1FF400,0,0,0,-,
187,838.447,10.9241,separate,ragdoll,Lennald the Brash [Whiterun Guard],000D0FF6,NPC COM [COM ],0,0.000,0.000,0.000,82.062,0.797,51.5000,18.217,0.000,0.000,0.000,0.0000,0.0000,0.0000,-39.771,-37.516,-61.197,DeadBip,-,-,000001EB3A1FC700,14,0,0,-,
190,847.507,10.9242,state,ragdoll,Lennald the Brash [Whiterun Guard],000D0FF6,-,-,0.000,0.000,0.000,0.000,0.000,0.0000,0.000,0.000,0.000,0.000,0.0000,0.0000,0.0000,0.000,0.000,0.000,-,-,-,0000000000000000,-,0,0,-,knock_explode
191,847.507,10.9242,listener,ragdoll,Lennald the Brash [Whiterun Guard],000D0FF6,-,-,0.000,0.000,0.000,0.000,0.000,0.0000,0.000,-311.888,-308.942,-318.000,0.0855,0.9963,0.0000,0.000,0.000,0.000,-,-,-,0000000000000000,-,0,0,-,knock_explode
192,857.773,10.9242,impact,ragdoll,Lennald the Brash [Whiterun Guard],000D0FF6,NPC L Foot [Lft ],7,32.808,32.808,11.630,54.029,4.118,3.0900,10.311,-250.553,-215.298,-318.000,-0.0000,0.0000,1.0000,-26.089,-20.207,-42.780,Static,Carpet,shape,000001EAE4AAA500,-,1,1,-,
199,858.049,10.9242,touch,ragdoll,Lennald the Brash [Whiterun Guard],000D0FF6,NPC R Calf [RClf],4,0.000,0.000,0.000,106.750,2.186,6.1800,20.265,0.000,0.000,0.000,0.0000,0.0000,0.0000,-73.554,-53.507,-55.878,Static,-,-,000001EAE4AAA500,-,0,0,-,
200,858.291,10.9242,impact,ragdoll,Lennald the Brash [Whiterun Guard],000D0FF6,NPC R Calf [RClf],4,50.105,50.105,122.806,106.640,2.185,6.1800,20.265,-254.748,-246.534,-318.000,0.0000,0.0000,1.0000,-73.478,-53.452,-55.820,Static,Carpet,shape,000001EAE4AAA500,-,1,1,-,
207,858.494,10.9242,touch,ragdoll,Lennald the Brash [Whiterun Guard],000D0FF6,NPC L Foot [Lft ],7,0.000,0.000,0.000,51.509,8.623,3.0900,10.311,0.000,0.000,0.000,0.0000,0.0000,0.0000,-16.621,-23.260,-42.848,Static,-,-,000001EA56BED300,-,0,0,-,
208,858.498,10.9242,separate,ragdoll,Lennald the Brash [Whiterun Guard],000D0FF6,NPC L Hand [LHnd],16,0.000,0.000,0.000,64.023,1.338,4.1200,8.584,0.000,0.000,0.000,0.0000,0.0000,0.0000,-21.235,-12.706,-59.047,DeadBip,-,-,000001EB3A1FF400,0,0,0,-,
209,858.498,10.9242,separate,ragdoll,Lennald the Brash [Whiterun Guard],000D0FF6,NPC COM [COM ],0,0.000,0.000,0.000,89.666,1.978,51.5000,18.217,0.000,0.000,0.000,0.0000,0.0000,0.0000,-40.770,-36.380,-71.094,DeadBip,-,-,000001EB3A1FC400,16,0,0,-,
210,878.126,10.9243,impact,ragdoll,Lennald the Brash [Whiterun Guard],000D0FF6,NPC L Foot [Lft ],7,58.700,58.700,50.328,51.456,8.619,3.0900,10.311,-252.419,-222.545,-319.650,0.0000,0.0000,1.0000,-16.604,-23.236,-42.804,Static,Wood,shape,000001EA56BED300,-,1,1,-,
211,878.127,10.9243,impact,ragdoll,Lennald the Brash [Whiterun Guard],000D0FF6,NPC L Foot [Lft ],7,58.700,58.700,46.430,51.456,8.619,3.0900,10.311,-252.419,-222.545,-318.000,0.0000,0.0000,1.0000,-16.604,-23.236,-42.804,Static,Carpet,shape,000001EAE4AAA500,-,0,1,-,
219,878.347,10.9243,touch,ragdoll,Lennald the Brash [Whiterun Guard],000D0FF6,NPC R Calf [RClf],4,0.000,0.000,0.000,95.406,2.822,6.1800,20.265,0.000,0.000,0.000,0.0000,0.0000,0.0000,-33.882,-42.353,-78.489,Static,-,-,000001EA56BED300,-,0,0,-,
220,878.514,10.9243,impact,ragdoll,Lennald the Brash [Whiterun Guard],000D0FF6,NPC R Calf [RClf],4,73.578,73.578,76.676,95.308,2.820,6.1800,20.265,-256.611,-247.524,-319.650,-0.0000,0.0000,1.0000,-33.847,-42.310,-78.408,Static,Wood,shape,000001EA56BED300,-,1,1,-,
224,878.684,10.9243,touch,ragdoll,Lennald the Brash [Whiterun Guard],000D0FF6,NPC L Calf [LClf],5,0.000,0.000,0.000,57.503,4.844,6.1800,20.265,0.000,0.000,0.000,0.0000,0.0000,0.0000,-44.906,-1.609,-35.882,Static,-,-,000001EAE4AAA500,-,0,0,-,
225,878.688,10.9243,touch,ragdoll,Lennald the Brash [Whiterun Guard],000D0FF6,NPC R Forearm [RLar],15,0.000,0.000,0.000,90.255,2.814,6.1800,12.007,0.000,0.000,0.000,0.0000,0.0000,0.0000,-36.512,-29.201,-77.202,DeadBip,-,-,000001EB3A1FF400,0,0,0,-,
226,878.688,10.9243,touch,ragdoll,Lennald the Brash [Whiterun Guard],000D0FF6,NPC COM [COM ],0,0.000,0.000,0.000,88.351,2.427,51.5000,18.217,0.000,0.000,0.000,0.0000,0.0000,0.0000,-41.514,-38.154,-68.021,DeadBip,-,-,000001EB3A1FD000,15,0,0,-,
227,878.689,10.9243,touch,ragdoll,Lennald the Brash [Whiterun Guard],000D0FF6,NPC R Forearm [RLar],15,0.000,0.000,0.000,90.255,2.814,6.1800,12.007,0.000,0.000,0.000,0.0000,0.0000,0.0000,-36.512,-29.201,-77.202,DeadBip,-,-,000001EB3A1FEB00,2,0,0,-,
228,878.689,10.9243,touch,ragdoll,Lennald the Brash [Whiterun Guard],000D0FF6,NPC R Thigh [RThg],2,0.000,0.000,0.000,58.818,2.323,6.1800,21.101,0.000,0.000,0.000,0.0000,0.0000,0.0000,-4.863,-43.177,-39.645,DeadBip,-,-,000001EB3A1FD000,15,0,0,-,
230,888.051,10.9243,listener,ragdoll,Lennald the Brash [Whiterun Guard],000D0FF6,-,-,0.000,0.000,0.000,0.000,0.000,0.0000,0.000,-311.888,-308.942,-318.000,0.0855,0.9963,0.0000,0.000,0.000,0.000,-,-,-,0000000000000000,-,0,0,-,tick
231,897.501,10.9243,impact,ragdoll,Lennald the Brash [Whiterun Guard],000D0FF6,NPC L Calf [LClf],5,19.863,19.863,132.135,57.444,4.841,6.1800,20.265,-254.422,-225.453,-318.000,0.0000,0.0000,1.0000,-44.859,-1.608,-35.845,Static,Carpet,shape,000001EAE4AAA500,-,1,1,-,
232,897.507,10.9243,impact,ragdoll,Lennald the Brash [Whiterun Guard],000D0FF6,NPC R Forearm [RLar],15,5.538,5.538,51.500,90.162,2.813,6.1800,12.007,-245.013,-245.618,-253.429,0.6903,-0.6913,0.2134,-36.475,-29.171,-77.123,DeadBip,-,-,000001EB3A1FF400,0,1,1,-,
233,897.507,10.9243,impact,ragdoll,Lennald the Brash [Whiterun Guard],000D0FF6,NPC COM [COM ],0,5.538,-5.538,51.500,88.260,2.425,51.5000,18.217,-245.013,-245.618,-253.429,0.6903,-0.6913,0.2134,-41.471,-38.115,-67.951,DeadBip,Skin,shape,000001EB3A1FD000,15,1,1,-,
234,897.508,10.9243,impact,ragdoll,Lennald the Brash [Whiterun Guard],000D0FF6,NPC R Forearm [RLar],15,24.819,24.819,52.217,90.162,2.813,6.1800,12.007,-244.598,-246.521,-255.859,0.6574,-0.6139,0.4370,-36.475,-29.171,-77.123,DeadBip,Skin,shape,000001EB3A1FEB00,2,1,1,-,
235,897.508,10.9243,impact,ragdoll,Lennald the Brash [Whiterun Guard],000D0FF6,NPC R Thigh [RThg],2,24.819,-24.819,52.217,58.758,2.322,6.1800,21.101,-244.598,-246.521,-255.859,0.6574,-0.6139,0.4370,-4.858,-43.132,-39.604,DeadBip,Skin,shape,000001EB3A1FD000,15,1,1,-,
241,897.740,10.9243,touch,ragdoll,Lennald the Brash [Whiterun Guard],000D0FF6,NPC L Calf [LClf],5,0.000,0.000,0.000,45.601,5.465,6.1800,20.265,0.000,0.000,0.000,0.0000,0.0000,0.0000,-37.424,21.388,-14.881,Static,-,-,000001EA56BED300,-,0,0,-,
243,907.456,10.9244,listener,ragdoll,Lennald the Brash [Whiterun Guard],000D0FF6,-,-,0.000,0.000,0.000,0.000,0.000,0.0000,0.000,-311.888,-308.942,-318.000,0.0855,0.9963,0.0000,0.000,0.000,0.000,-,-,-,0000000000000000,-,0,0,-,tick
247,937.216,10.9244,separate,ragdoll,Lennald the Brash [Whiterun Guard],000D0FF6,NPC L Calf [LClf],5,0.000,0.000,0.000,62.034,6.070,6.1800,20.265,0.000,0.000,0.000,0.0000,0.0000,0.0000,26.207,18.316,53.159,Static,-,-,000001EA56BED300,-,0,0,-,
249,946.892,10.9245,listener,ragdoll,Lennald the Brash [Whiterun Guard],000D0FF6,-,-,0.000,0.000,0.000,0.000,0.000,0.0000,0.000,-311.888,-308.942,-318.000,0.0855,0.9963,0.0000,0.000,0.000,0.000,-,-,-,0000000000000000,-,0,0,-,tick
250,957.400,10.9245,separate,ragdoll,Lennald the Brash [Whiterun Guard],000D0FF6,NPC R Calf [RClf],4,0.000,0.000,0.000,144.738,8.795,6.1800,20.265,0.000,0.000,0.000,0.0000,0.0000,0.0000,106.536,-22.521,95.351,Static,-,-,000001EA56BED300,-,0,0,-,
251,976.692,10.9246,separate,ragdoll,Lennald the Brash [Whiterun Guard],000D0FF6,NPC L Calf [LClf],5,0.000,0.000,0.000,29.155,2.011,6.1800,20.265,0.000,0.000,0.000,0.0000,0.0000,0.0000,23.101,3.288,17.479,Static,-,-,000001EAE4AAA500,-,0,0,-,
252,976.694,10.9246,separate,ragdoll,Lennald the Brash [Whiterun Guard],000D0FF6,NPC R Calf [RClf],4,0.000,0.000,0.000,137.980,6.158,6.1800,20.265,0.000,0.000,0.000,0.0000,0.0000,0.0000,113.088,-29.906,73.178,Static,-,-,000001EAE4AAA500,-,0,0,-,
254,985.372,10.9246,listener,ragdoll,Lennald the Brash [Whiterun Guard],000D0FF6,-,-,0.000,0.000,0.000,0.000,0.000,0.0000,0.000,-311.888,-308.942,-318.000,0.0855,0.9963,0.0000,0.000,0.000,0.000,-,-,-,0000000000000000,-,0,0,-,tick
259,996.024,10.9246,touch,ragdoll,Lennald the Brash [Whiterun Guard],000D0FF6,NPC L Hand [LHnd],16,0.000,0.000,0.000,110.705,2.586,4.1200,8.584,0.000,0.000,0.000,0.0000,0.0000,0.0000,-38.166,-40.607,-95.656,DeadBip,-,-,000001EB3A1FE200,3,0,0,-,
260,996.024,10.9246,touch,ragdoll,Lennald the Brash [Whiterun Guard],000D0FF6,NPC Spine [Spn0],3,0.000,0.000,0.000,127.776,1.994,4.1200,17.816,0.000,0.000,0.000,0.0000,0.0000,0.0000,-40.764,-34.978,-115.937,DeadBip,-,-,000001EB3A1FC400,16,0,0,-,
262,1005.652,10.9247,listener,ragdoll,Lennald the Brash [Whiterun Guard],000D0FF6,-,-,0.000,0.000,0.000,0.000,0.000,0.0000,0.000,-311.888,-308.942,-318.000,0.0855,0.9963,0.0000,0.000,0.000,0.000,-,-,-,0000000000000000,-,0,0,-,tick
263,1015.498,10.9247,impact,ragdoll,Lennald the Brash [Whiterun Guard],000D0FF6,NPC L Hand [LHnd],16,10.218,10.218,18.743,110.595,2.585,4.1200,8.584,-261.117,-228.244,-259.686,-0.0345,0.9832,-0.1793,-38.128,-40.567,-95.560,DeadBip,Skin,shape,000001EB3A1FE200,3,1,1,-,
264,1015.499,10.9247,impact,ragdoll,Lennald the Brash [Whiterun Guard],000D0FF6,NPC Spine [Spn0],3,10.218,-10.218,18.743,127.649,1.993,4.1200,17.816,-261.117,-228.244,-259.686,-0.0345,0.9832,-0.1793,-40.723,-34.944,-115.822,DeadBip,Skin,shape,000001EB3A1FC400,16,1,1,-,
265,1035.708,10.9248,separate,ragdoll,Lennald the Brash [Whiterun Guard],000D0FF6,NPC R Foot [Rft ],8,0.000,0.000,0.000,96.740,11.012,3.0900,10.311,0.000,0.000,0.000,0.0000,0.0000,0.0000,0.670,6.492,96.519,Static,-,-,000001EA56BED300,-,0,0,-,
266,1036.064,10.9248,separate,ragdoll,Lennald the Brash [Whiterun Guard],000D0FF6,NPC R Hand [RHnd],17,0.000,0.000,0.000,120.949,6.460,4.1200,8.584,0.000,0.000,0.000,0.0000,0.0000,0.0000,-21.401,-54.052,-106.062,DeadBip,-,-,000001EB3A1FF400,0,0,0,-,
267,1036.064,10.9248,separate,ragdoll,Lennald the Brash [Whiterun Guard],000D0FF6,NPC COM [COM ],0,0.000,0.000,0.000,151.076,2.799,51.5000,18.217,0.000,0.000,0.000,0.0000,0.0000,0.0000,-27.933,-18.147,-147.358,DeadBip,-,-,000001EB3A1FCD00,17,0,0,-,
268,1036.066,10.9248,touch,ragdoll,Lennald the Brash [Whiterun Guard],000D0FF6,NPC L Hand [LHnd],16,0.000,0.000,0.000,137.638,2.757,4.1200,8.584,0.000,0.000,0.000,0.0000,0.0000,0.0000,-36.636,-38.611,-126.930,DeadBip,-,-,000001EB3A1FF400,0,0,0,-,
269,1036.066,10.9248,touch,ragdoll,Lennald the Brash [Whiterun Guard],000D0FF6,NPC COM [COM ],0,0.000,0.000,0.000,151.076,2.799,51.5000,18.217,0.000,0.000,0.000,0.0000,0.0000,0.0000,-27.933,-18.147,-147.358,DeadBip,-,-,000001EB3A1FC400,16,0,0,-,
271,1045.008,10.9248,listener,ragdoll,Lennald the Brash [Whiterun Guard],000D0FF6,-,-,0.000,0.000,0.000,0.000,0.000,0.0000,0.000,-311.888,-308.942,-318.000,0.0855,0.9963,0.0000,0.000,0.000,0.000,-,-,-,0000000000000000,-,0,0,-,tick
272,1054.908,10.9248,impact,ragdoll,Lennald the Brash [Whiterun Guard],000D0FF6,NPC L Hand [LHnd],16,17.529,17.529,28.728,137.503,2.756,4.1200,8.584,-261.538,-229.678,-268.681,-0.1226,0.9727,0.1970,-36.600,-38.573,-126.806,DeadBip,-,-,000001EB3A1FF400,0,1,1,-,
273,1054.908,10.9248,impact,ragdoll,Lennald the Brash [Whiterun Guard],000D0FF6,NPC COM [COM ],0,17.529,-17.529,28.728,150.928,2.798,51.5000,18.217,-261.538,-229.678,-268.681,-0.1226,0.9727,0.1970,-27.906,-18.129,-147.214,DeadBip,Skin,shape,000001EB3A1FC400,16,1,1,-,
274,1055.444,10.9248,separate,ragdoll,Lennald the Brash [Whiterun Guard],000D0FF6,NPC R Forearm [RLar],15,0.000,0.000,0.000,128.246,1.205,6.1800,12.007,0.000,0.000,0.000,0.0000,0.0000,0.0000,-15.017,-38.328,-121.459,DeadBip,-,-,000001EB3A1FF400,0,0,0,-,
275,1055.444,10.9248,separate,ragdoll,Lennald the Brash [Whiterun Guard],000D0FF6,NPC COM [COM ],0,0.000,0.000,0.000,141.663,2.785,51.5000,18.217,0.000,0.000,0.000,0.0000,0.0000,0.0000,-24.109,-16.173,-138.657,DeadBip,-,-,000001EB3A1FD000,15,0,0,-,
277,1083.136,10.9249,listener,ragdoll,Lennald the Brash [Whiterun Guard],000D0FF6,-,-,0.000,0.000,0.000,0.000,0.000,0.0000,0.000,-311.888,-308.942,-318.000,0.0855,0.9963,0.0000,0.000,0.000,0.000,-,-,-,0000000000000000,-,0,0,-,tick
278,1094.610,10.9249,touch,ragdoll,Lennald the Brash [Whiterun Guard],000D0FF6,NPC R Foot [Rft ],8,0.000,0.000,0.000,152.375,13.139,3.0900,10.311,0.000,0.000,0.000,0.0000,0.0000,0.0000,81.317,-96.926,-84.917,Static,-,-,000001EA56BED300,-,0,0,-,
279,1094.613,10.9249,touch,ragdoll,Lennald the Brash [Whiterun Guard],000D0FF6,NPC L Forearm [LLar],14,0.000,0.000,0.000,149.247,1.494,2.0600,12.007,0.000,0.000,0.000,0.0000,0.0000,0.0000,-40.949,-35.832,-138.974,DeadBip,-,-,000001EB3A1FFA00,1,0,0,-,
280,1094.613,10.9249,touch,ragdoll,Lennald the Brash [Whiterun Guard],000D0FF6,NPC L Thigh [LThg],1,0.000,0.000,0.000,123.674,1.437,6.1800,21.102,0.000,0.000,0.000,0.0000,0.0000,0.0000,-11.768,-25.699,-120.401,DeadBip,-,-,000001EB3A1FC700,14,0,0,-,
281,1094.772,10.9249,impact,ragdoll,Lennald the Brash [Whiterun Guard],000D0FF6,NPC R Foot [Rft ],8,58.142,58.142,231.634,152.227,13.133,3.0900,10.311,-258.619,-260.521,-319.650,-0.0000,-0.0000,1.0000,81.238,-96.832,-84.835,Static,Wood,shape,000001EA56BED300,-,1,1,-,
282,1094.774,10.9249,impact,ragdoll,Lennald the Brash [Whiterun Guard],000D0FF6,NPC L Forearm [LLar],14,19.080,19.080,51.757,149.102,1.493,2.0600,12.007,-263.520,-229.349,-275.087,-0.4967,0.5970,0.6300,-40.910,-35.797,-138.839,DeadBip,Skin,shape,000001EB3A1FFA00,1,1,1,-,
283,1094.774,10.9249,impact,ragdoll,Lennald the Brash [Whiterun Guard],000D0FF6,NPC L Thigh [LThg],1,19.080,-19.080,51.757,123.554,1.436,6.1800,21.102,-263.520,-229.349,-275.087,-0.4967,0.5970,0.6300,-11.756,-25.674,-120.284,DeadBip,Skin,shape,000001EB3A1FC700,14,1,1,-,
284,1094.940,10.9249,touch,ragdoll,Lennald the Brash [Whiterun Guard],000D0FF6,NPC L Forearm [LLar],14,0.000,0.000,0.000,141.789,2.556,2.0600,12.007,0.000,0.000,0.000,0.0000,0.0000,0.0000,-43.442,-27.297,-132.181,DeadBip,-,-,000001EB3A1FF400,0,0,0,-,
285,1094.940,10.9249,touch,ragdoll,Lennald the Brash [Whiterun Guard],000D0FF6,NPC COM [COM ],0,0.000,0.000,0.000,143.026,5.394,51.5000,18.217,0.000,0.000,0.000,0.0000,0.0000,0.0000,-17.586,-18.843,-140.685,DeadBip,-,-,000001EB3A1FC700,14,0,0,-,
287,1103.589,10.9249,listener,ragdoll,Lennald the Brash [Whiterun Guard],000D0FF6,-,-,0.000,0.000,0.000,0.000,0.000,0.0000,0.000,-311.888,-308.942,-318.000,0.0855,0.9963,0.0000,0.000,0.000,0.000,-,-,-,0000000000000000,-,0,0,-,tick
288,1114.646,10.9249,impact,ragdoll,Lennald the Brash [Whiterun Guard],000D0FF6,NPC L Forearm [LLar],14,14.863,14.863,25.442,141.650,2.555,2.0600,12.007,-265.221,-232.133,-274.470,-0.3767,0.8098,0.4499,-43.400,-27.270,-132.051,DeadBip,-,-,000001EB3A1FF400,0,1,1,-,
289,1114.646,10.9249,impact,ragdoll,Lennald the Brash [Whiterun Guard],000D0FF6,NPC COM [COM ],0,14.863,-14.863,25.442,142.886,5.391,51.5000,18.217,-265.221,-232.133,-274.470,-0.3767,0.8098,0.4499,-17.569,-18.825,-140.547,DeadBip,Skin,shape,000001EB3A1FC700,14,1,1,-,
290,1114.841,10.9249,touch,ragdoll,Lennald the Brash [Whiterun Guard],000D0FF6,NPC L Calf [LClf],5,0.000,0.000,0.000,93.921,8.849,6.1800,20.265,0.000,0.000,0.000,0.0000,0.0000,0.0000,-13.811,12.419,-92.066,Static,-,-,000001EAE4AAA500,-,0,0,-,
291,1115.011,10.9249,impact,ragdoll,Lennald the Brash [Whiterun Guard],000D0FF6,NPC L Calf [LClf],5,102.149,102.149,134.280,93.829,8.845,6.1800,20.265,-263.479,-230.086,-318.000,0.0000,0.0000,1.0000,-13.797,12.407,-91.976,Static,Carpet,shape,000001EAE4AAA500,-,1,1,-,
292,1115.177,10.9249,touch,ragdoll,Lennald the Brash [Whiterun Guard],000D0FF6,NPC R Calf [RClf],4,0.000,0.000,0.000,119.652,6.508,6.1800,20.265,0.000,0.000,0.000,0.0000,0.0000,0.0000,14.005,-74.892,-92.258,Static,-,-,000001EAE4AAA500,-,0,0,-,
293,1135.507,10.9250,impact,ragdoll,Lennald the Brash [Whiterun Guard],000D0FF6,NPC R Calf [RClf],4,58.365,58.365,171.111,119.535,6.505,6.1800,20.265,-252.616,-258.348,-318.000,0.0000,-0.0000,1.0000,13.991,-74.819,-92.168,Static,Carpet,shape,000001EAE4AAA500,-,1,1,-,
295,1145.257,10.9250,listener,ragdoll,Lennald the Brash [Whiterun Guard],000D0FF6,-,-,0.000,0.000,0.000,0.000,0.000,0.0000,0.000,-311.888,-308.942,-318.000,0.0855,0.9963,0.0000,0.000,0.000,0.000,-,-,-,0000000000000000,-,0,0,-,tick
296,1155.987,10.9250,touch,ragdoll,Lennald the Brash [Whiterun Guard],000D0FF6,NPC L Calf [LClf],5,0.000,0.000,0.000,156.112,11.016,6.1800,20.265,0.000,0.000,0.000,0.0000,0.0000,0.0000,-60.871,117.184,-83.268,Static,-,-,000001EA56BED300,-,0,0,-,
297,1156.177,10.9250,impact,ragdoll,Lennald the Brash [Whiterun Guard],000D0FF6,NPC L Calf [LClf],5,67.384,67.384,338.930,155.956,11.011,6.1800,20.265,-266.575,-224.567,-319.650,-0.0000,0.0000,1.0000,-60.811,117.067,-83.185,Static,Wood,shape,000001EA56BED300,-,1,1,-,
299,1165.425,10.9251,listener,ragdoll,Lennald the Brash [Whiterun Guard],000D0FF6,-,-,0.000,0.000,0.000,0.000,0.000,0.0000,0.000,-311.888,-308.942,-318.000,0.0855,0.9963,0.0000,0.000,0.000,0.000,-,-,-,0000000000000000,-,0,0,-,tick
300,1175.986,10.9251,touch,ragdoll,Lennald the Brash [Whiterun Guard],000D0FF6,NPC R Calf [RClf],4,0.000,0.000,0.000,191.317,8.198,6.1800,20.265,0.000,0.000,0.000,0.0000,0.0000,0.0000,0.017,-176.643,-73.480,Static,-,-,000001EA56BED300,-,0,0,-,
301,1175.991,10.9251,touch,ragdoll,Lennald the Brash [Whiterun Guard],000D0FF6,NPC L Hand [LHnd],16,0.000,0.000,0.000,169.674,4.783,4.1200,8.584,0.000,0.000,0.000,0.0000,0.0000,0.0000,-80.244,-88.346,-120.604,DeadBip,-,-,000001EB3A1FDF00,6,0,0,-,
302,1175.991,10.9251,touch,ragdoll,Lennald the Brash [Whiterun Guard],000D0FF6,NPC Spine1 [Spn1],6,0.000,0.000,0.000,99.315,1.070,4.1200,19.445,0.000,0.000,0.000,0.0000,0.0000,0.0000,-13.423,-37.970,-90.783,DeadBip,-,-,000001EB3A1FC400,16,0,0,-,
303,1176.175,10.9251,impact,ragdoll,Lennald the Brash [Whiterun Guard],000D0FF6,NPC L Hand [LHnd],16,10.730,10.730,65.410,169.507,4.781,4.1200,8.584,-268.253,-234.701,-276.387,-0.1149,0.7532,-0.6476,-80.165,-88.259,-120.484,DeadBip,Skin,shape,000001EB3A1FDF00,6,1,1,-,
304,1176.175,10.9251,impact,ragdoll,Lennald the Brash [Whiterun Guard],000D0FF6,NPC Spine1 [Spn1],6,10.730,-10.730,65.410,99.216,1.069,4.1200,19.445,-268.253,-234.701,-276.387,-0.1149,0.7532,-0.6476,-13.410,-37.932,-90.693,DeadBip,Skin,shape,000001EB3A1FC400,16,1,1,-,
305,1176.324,10.9251,touch,ragdoll,Lennald the Brash [Whiterun Guard],000D0FF6,NPC R Forearm [RLar],15,0.000,0.000,0.000,76.753,1.146,6.1800,12.007,0.000,0.000,0.000,0.0000,0.0000,0.0000,-47.559,-19.494,-57.001,DeadBip,-,-,000001EB3A1FDC00,9,0,0,-,
306,1176.324,10.9251,touch,ragdoll,Lennald the Brash [Whiterun Guard],000D0FF6,NPC Spine2 [Spn2],9,0.000,0.000,0.000,101.200,2.220,7.2100,23.744,0.000,0.000,0.000,0.0000,0.0000,0.0000,-24.354,-46.270,-86.645,DeadBip,-,-,000001EB3A1FD000,15,0,0,-,
307,1195.955,10.9251,impact,ragdoll,Lennald the Brash [Whiterun Guard],000D0FF6,NPC R Forearm [RLar],15,45.913,45.913,38.457,76.677,1.145,6.1800,12.007,-259.355,-255.638,-263.516,0.5838,-0.5770,-0.5712,-47.512,-19.474,-56.945,DeadBip,Skin,shape,000001EB3A1FDC00,9,1,1,-,
308,1195.955,10.9251,impact,ragdoll,Lennald the Brash [Whiterun Guard],000D0FF6,NPC Spine2 [Spn2],9,45.913,-45.913,38.457,101.100,2.219,7.2100,23.744,-259.355,-255.638,-263.516,0.5838,-0.5770,-0.5712,-24.330,-46.224,-86.559,DeadBip,Skin,shape,000001EB3A1FD000,15,1,1,-,
309,1196.132,10.9251,separate,ragdoll,Lennald the Brash [Whiterun Guard],000D0FF6,NPC R Calf [RClf],4,0.000,0.000,0.000,190.921,5.566,6.1800,20.265,0.000,0.000,0.000,0.0000,0.0000,0.0000,-7.240,-179.557,-64.483,Static,-,-,000001EA56BED300,-,0,0,-,
310,1196.134,10.9251,touch,ragdoll,Lennald the Brash [Whiterun Guard],000D0FF6,NPC R Forearm [RLar],15,0.000,0.000,0.000,78.113,2.289,6.1800,12.007,0.000,0.000,0.000,0.0000,0.0000,0.0000,-30.779,-32.154,-64.190,DeadBip,-,-,000001EB3A1FF400,0,0,0,-,
311,1196.134,10.9251,touch,ragdoll,Lennald the Brash [Whiterun Guard],000D0FF6,NPC COM [COM ],0,0.000,0.000,0.000,125.084,6.503,51.5000,18.217,0.000,0.000,0.000,0.0000,0.0000,0.0000,1.797,-24.497,-122.649,DeadBip,-,-,000001EB3A1FD000,15,0,0,-,
312,1196.318,10.9251,impact,ragdoll,Lennald the Brash [Whiterun Guard],000D0FF6,NPC R Forearm [RLar],15,13.248,13.248,94.819,78.035,2.288,6.1800,12.007,-254.504,-254.450,-285.414,0.5465,-0.7905,0.2766,-30.748,-32.122,-64.126,DeadBip,-,-,000001EB3A1FF400,0,1,1,-,
313,1196.318,10.9251,impact,ragdoll,Lennald the Brash [Whiterun Guard],000D0FF6,NPC COM [COM ],0,13.248,-13.248,94.819,124.960,6.500,51.5000,18.217,-254.504,-254.450,-285.414,0.5465,-0.7905,0.2766,1.795,-24.472,-122.527,DeadBip,Skin,shape,000001EB3A1FD000,15,1,1,-,
314,1196.468,10.9251,touch,ragdoll,Lennald the Brash [Whiterun Guard],000D0FF6,NPC R Hand [RHnd],17,0.000,0.000,0.000,82.556,4.844,4.1200,8.584,0.000,0.000,0.000,0.0000,0.0000,0.0000,-38.631,-18.231,-70.645,DeadBip,-,-,000001EB3A1FF400,0,0,0,-,
315,1196.468,10.9251,touch,ragdoll,Lennald the Brash [Whiterun Guard],000D0FF6,NPC COM [COM ],0,0.000,0.000,0.000,131.275,3.588,51.5000,18.217,0.000,0.000,0.000,0.0000,0.0000,0.0000,2.307,-27.688,-128.301,DeadBip,-,-,000001EB3A1FCD00,17,0,0,-,
316,1196.469,10.9251,separate,ragdoll,Lennald the Brash [Whiterun Guard],000D0FF6,NPC L Forearm [LLar],14,0.000,0.000,0.000,152.365,2.729,2.0600,12.007,0.000,0.000,0.000,0.0000,0.0000,0.0000,-76.971,-63.714,-115.026,DeadBip,-,-,000001EB3A1FFA00,1,0,0,-,
317,1196.469,10.9251,separate,ragdoll,Lennald the Brash [Whiterun Guard],000D0FF6,NPC L Thigh [LThg],1,0.000,0.000,0.000,148.607,4.390,6.1800,21.102,0.000,0.000,0.000,0.0000,0.0000,0.0000,-59.668,13.467,-135.434,DeadBip,-,-,000001EB3A1FC700,14,0,0,-,
319,1205.645,10.9252,listener,ragdoll,Lennald the Brash [Whiterun Guard],000D0FF6,-,-,0.000,0.000,0.000,0.000,0.000,0.0000,0.000,-311.888,-308.942,-318.000,0.0855,0.9963,0.0000,0.000,0.000,0.000,-,-,-,0000000000000000,-,0,0,-,tick
320,1216.632,10.9252,impact,ragdoll,Lennald the Brash [Whiterun Guard],000D0FF6,NPC R Hand [RHnd],17,35.091,35.091,118.594,82.473,4.842,4.1200,8.584,-253.415,-254.352,-289.395,0.6530,-0.7571,-0.0202,-38.592,-18.213,-70.575,DeadBip,-,-,000001EB3A1FF400,0,1,1,-,
321,1216.633,10.9252,impact,ragdoll,Lennald the Brash [Whiterun Guard],000D0FF6,NPC COM [COM ],0,35.091,-35.091,118.594,131.144,3.586,51.5000,18.217,-253.415,-254.352,-289.395,0.6530,-0.7571,-0.0202,2.305,-27.660,-128.173,DeadBip,Skin,shape,000001EB3A1FCD00,17,1,1,-,
322,1216.842,10.9252,touch,ragdoll,Lennald the Brash [Whiterun Guard],000D0FF6,NPC L Thigh [LThg],1,0.000,0.000,0.000,144.661,5.787,6.1800,21.102,0.000,0.000,0.000,0.0000,0.0000,0.0000,-69.496,23.832,-124.616,Static,-,-,000001EAE4AAA500,-,0,0,-,
323,1217.057,10.9252,impact,ragdoll,Lennald the Brash [Whiterun Guard],000D0FF6,NPC L Thigh [LThg],1,123.709,123.709,189.984,144.517,5.784,6.1800,21.102,-250.178,-220.326,-318.000,0.0000,-0.0000,1.0000,-69.427,23.808,-124.492,Static,Carpet,shape,000001EAE4AAA500,-,1,1,-,
324,1217.250,10.9252,touch,ragdoll,Lennald the Brash [Whiterun Guard],000D0FF6,NPC R Calf [RClf],4,0.000,0.000,0.000,187.487,6.856,6.1800,20.265,0.000,0.000,0.000,0.0000,0.0000,0.0000,-22.604,-175.180,-62.866,Static,-,-,000001EA56BED300,-,0,0,-,
325,1237.091,10.9253,impact,ragdoll,Lennald the Brash [Whiterun Guard],000D0FF6,NPC R Calf [RClf],4,56.454,56.454,185.531,187.297,6.852,6.1800,20.265,-252.058,-277.378,-319.650,0.0000,-0.0000,1.0000,-22.581,-175.003,-62.803,Static,Wood,shape,000001EA56BED300,-,1,1,-,
326,1237.290,10.9253,touch,ragdoll,Lennald the Brash [Whiterun Guard],000D0FF6,NPC R Thigh [RThg],2,0.000,0.000,0.000,155.716,6.874,6.1800,21.101,0.000,0.000,0.000,0.0000,0.0000,0.0000,2.244,-108.662,-111.512,Static,-,-,000001EAE4AAA500,-,0,0,-,
327,1237.293,10.9253,separate,ragdoll,Lennald the Brash [Whiterun Guard],000D0FF6,NPC R Forearm [RLar],15,0.000,0.000,0.000,100.284,2.736,6.1800,12.007,0.000,0.000,0.000,0.0000,0.0000,0.0000,-14.730,-32.122,-93.852,DeadBip,-,-,000001EB3A1FF400,0,0,0,-,
328,1237.293,10.9253,separate,ragdoll,Lennald the Brash [Whiterun Guard],000D0FF6,NPC COM [COM ],0,0.000,0.000,0.000,127.597,5.509,51.5000,18.217,0.000,0.000,0.000,0.0000,0.0000,0.0000,5.317,-15.900,-126.491,DeadBip,-,-,000001EB3A1FD000,15,0,0,-,
329,1237.294,10.9253,separate,ragdoll,Lennald the Brash [Whiterun Guard],000D0FF6,NPC R Hand [RHnd],17,0.000,0.000,0.000,107.407,2.184,4.1200,8.584,0.000,0.000,0.000,0.0000,0.0000,0.0000,-3.883,-66.570,-84.199,DeadBip,-,-,000001EB3A1FF400,0,0,0,-,
330,1237.294,10.9253,separate,ragdoll,Lennald the Brash [Whiterun Guard],000D0FF6,NPC COM [COM ],0,0.000,0.000,0.000,127.597,5.509,51.5000,18.217,0.000,0.000,0.000,0.0000,0.0000,0.0000,5.317,-15.900,-126.491,DeadBip,-,-,000001EB3A1FCD00,17,0,0,-,
331,1237.296,10.9253,touch,ragdoll,Lennald the Brash [Whiterun Guard],000D0FF6,NPC L Forearm [LLar],14,0.000,0.000,0.000,166.199,2.502,2.0600,12.007,0.000,0.000,0.000,0.0000,0.0000,0.0000,-60.844,-53.758,-145.018,DeadBip,-,-,000001EB3A1FFA00,1,0,0,-,
332,1237.296,10.9253,touch,ragdoll,Lennald the Brash [Whiterun Guard],000D0FF6,NPC L Thigh [LThg],1,0.000,0.000,0.000,63.606,5.080,6.1800,21.102,0.000,0.000,0.000,0.0000,0.0000,0.0000,-39.388,28.941,-40.703,DeadBip,-,-,000001EB3A1FC700,14,0,0,-,
333,1237.532,10.9253,impact,ragdoll,Lennald the Brash [Whiterun Guard],000D0FF6,NPC R Thigh [RThg],2,71.500,71.500,219.365,155.558,6.870,6.1800,21.101,-236.016,-260.548,-318.000,-0.0000,0.0000,1.0000,2.241,-108.552,-111.400,Static,Carpet,shape,000001EAE4AAA500,-,1,1,-,
334,1237.537,10.9253,impact,ragdoll,Lennald the Brash [Whiterun Guard],000D0FF6,NPC L Forearm [LLar],14,15.065,15.065,113.783,166.030,2.501,2.0600,12.007,-268.525,-234.256,-291.430,-0.7806,0.2772,0.5601,-60.782,-53.704,-144.871,DeadBip,Skin,shape,000001EB3A1FFA00,1,1,1,-,
335,1237.537,10.9253,impact,ragdoll,Lennald the Brash [Whiterun Guard],000D0FF6,NPC L Thigh [LThg],1,15.065,-15.065,113.783,63.542,5.078,6.1800,21.102,-268.525,-234.256,-291.430,-0.7806,0.2772,0.5601,-39.348,28.912,-40.662,DeadBip,Skin,shape,000001EB3A1FC700,14,1,1,-,
337,1246.607,10.9253,listener,ragdoll,Lennald the Brash [Whiterun Guard],000D0FF6,-,-,0.000,0.000,0.000,0.000,0.000,0.0000,0.000,-311.888,-308.942,-318.000,0.0855,0.9963,0.0000,0.000,0.000,0.000,-,-,-,0000000000000000,-,0,0,-,tick
338,1257.716,10.9253,separate,ragdoll,Lennald the Brash [Whiterun Guard],000D0FF6,NPC R Forearm [RLar],15,0.000,0.000,0.000,121.064,5.909,6.1800,12.007,0.000,0.000,0.000,0.0000,0.0000,0.0000,23.596,-82.547,-85.356,DeadBip,-,-,000001EB3A1FE200,3,0,0,-,
339,1257.717,10.9253,separate,ragdoll,Lennald the Brash [Whiterun Guard],000D0FF6,NPC Spine [Spn0],3,0.000,0.000,0.000,142.114,4.289,4.1200,17.816,0.000,0.000,0.000,0.0000,0.0000,0.0000,3.525,-23.336,-140.140,DeadBip,-,-,000001EB3A1FD000,15,0,0,-,
341,1267.018,10.9254,listener,ragdoll,Lennald the Brash [Whiterun Guard],000D0FF6,-,-,0.000,0.000,0.000,0.000,0.000,0.0000,0.000,-311.888,-308.942,-318.000,0.0855,0.9963,0.0000,0.000,0.000,0.000,-,-,-,0000000000000000,-,0,0,-,tick
342,1276.765,10.9254,touch,ragdoll,Lennald the Brash [Whiterun Guard],000D0FF6,NPC R Hand [RHnd],17,0.000,0.000,0.000,128.293,6.928,4.1200,8.584,0.000,0.000,0.000,0.0000,0.0000,0.0000,17.410,-76.233,-101.707,DeadBip,-,-,000001EB3A1FE800,4,0,0,-,
343,1276.766,10.9254,touch,ragdoll,Lennald the Brash [Whiterun Guard],000D0FF6,NPC R Calf [RClf],4,0.000,0.000,0.000,120.659,5.937,6.1800,20.265,0.000,0.000,0.000,0.0000,0.0000,0.0000,-90.168,-68.841,-41.102,DeadBip,-,-,000001EB3A1FCD00,17,0,0,-,
344,1276.969,10.9254,impact,ragdoll,Lennald the Brash [Whiterun Guard],000D0FF6,NPC R Hand [RHnd],17,68.426,68.426,72.387,128.163,6.924,4.1200,8.584,-243.234,-271.655,-306.043,-0.2506,0.3021,0.9198,17.392,-76.156,-101.604,DeadBip,Skin,shape,000001EB3A1FE800,4,1,0,-,
345,1276.969,10.9254,impact,ragdoll,Lennald the Brash [Whiterun Guard],000D0FF6,NPC R Calf [RClf],4,68.426,-68.426,72.387,120.537,5.934,6.1800,20.265,-243.234,-271.655,-306.043,-0.2506,0.3021,0.9198,-90.077,-68.771,-41.060,DeadBip,Skin,shape,000001EB3A1FCD00,17,1,0,-,
346,1276.969,10.9254,impact,ragdoll,Lennald the Brash [Whiterun Guard],000D0FF6,NPC R Hand [RHnd],17,67.976,67.976,72.391,128.163,6.924,4.1200,8.584,-243.170,-271.616,-306.039,-0.2509,0.3027,0.9195,17.392,-76.156,-101.604,DeadBip,Skin,shape,000001EB3A1FE800,4,0,1,-,
347,1276.969,10.9254,impact,ragdoll,Lennald the Brash [Whiterun Guard],000D0FF6,NPC R Calf [RClf],4,67.976,-67.976,72.391,120.537,5.934,6.1800,20.265,-243.170,-271.616,-306.039,-0.2509,0.3027,0.9195,-90.077,-68.771,-41.060,DeadBip,Skin,shape,000001EB3A1FCD00,17,0,1,-,
348,1277.128,10.9254,separate,ragdoll,Lennald the Brash [Whiterun Guard],000D0FF6,NPC L Hand [LHnd],16,0.000,0.000,0.000,219.573,4.639,4.1200,8.584,0.000,0.000,0.000,0.0000,0.0000,0.0000,-42.595,-74.644,-202.055,DeadBip,-,-,000001EB3A1FDF00,6,0,0,-,
349,1277.128,10.9254,separate,ragdoll,Lennald the Brash [Whiterun Guard],000D0FF6,NPC Spine1 [Spn1],6,0.000,0.000,0.000,152.172,2.647,4.1200,19.445,0.000,0.000,0.000,0.0000,0.0000,0.0000,-17.368,-52.288,-141.847,DeadBip,-,-,000001EB3A1FC400,16,0,0,-,
350,1295.936,10.9255,touch,ragdoll,Lennald the Brash [Whiterun Guard],000D0FF6,NPC R Thigh [RThg],2,0.000,0.000,0.000,51.237,3.673,6.1800,21.101,0.000,0.000,0.000,0.0000,0.0000,0.0000,-7.108,-31.692,-39.627,Static,-,-,000001EA56BED300,-,0,0,-,
351,1295.938,10.9255,separate,ragdoll,Lennald the Brash [Whiterun Guard],000D0FF6,NPC L Forearm [LLar],14,0.000,0.000,0.000,204.647,1.371,2.0600,12.007,0.000,0.000,0.000,0.0000,0.0000,0.0000,-44.375,-62.650,-189.700,DeadBip,-,-,000001EB3A1FF400,0,0,0,-,
352,1295.938,10.9255,separate,ragdoll,Lennald the Brash [Whiterun Guard],000D0FF6,NPC COM [COM ],0,0.000,0.000,0.000,103.731,3.862,51.5000,18.217,0.000,0.000,0.000,0.0000,0.0000,0.0000,17.326,-14.871,-101.187,DeadBip,-,-,000001EB3A1FC700,14,0,0,-,
353,1296.126,10.9255,impact,ragdoll,Lennald the Brash [Whiterun Guard],000D0FF6,NPC R Thigh [RThg],2,21.612,21.612,92.627,51.185,3.671,6.1800,21.101,-238.054,-267.125,-319.650,-0.0000,0.0000,1.0000,-7.101,-31.660,-39.587,Static,Wood,shape,000001EA56BED300,-,1,1,-,
354,1296.138,10.9255,impact,ragdoll,Lennald the Brash [Whiterun Guard],000D0FF6,NPC R Calf [RClf],4,112.816,112.816,98.854,90.296,5.159,6.1800,20.265,-234.644,-270.298,-319.650,-0.0000,0.0000,1.0000,-69.691,-9.310,-56.655,Static,Wood,shape,000001EA56BED300,-,0,1,-,
355,1296.139,10.9255,impact,ragdoll,Lennald the Brash [Whiterun Guard],000D0FF6,NPC R Calf [RClf],4,112.816,112.816,91.592,90.296,5.159,6.1800,20.265,-234.644,-270.298,-318.000,0.0000,0.0000,1.0000,-69.691,-9.310,-56.655,Static,Carpet,shape,000001EAE4AAA500,-,0,1,-,
356,1296.297,10.9255,separate,ragdoll,Lennald the Brash [Whiterun Guard],000D0FF6,NPC L Forearm [LLar],14,0.000,0.000,0.000,191.325,1.667,2.0600,12.007,0.000,0.000,0.000,0.0000,0.0000,0.0000,-48.882,-73.802,-169.615,DeadBip,-,-,000001EB3A1FFA00,1,0,0,-,
357,1296.298,10.9255,separate,ragdoll,Lennald the Brash [Whiterun Guard],000D0FF6,NPC L Thigh [LThg],1,0.000,0.000,0.000,71.891,4.196,6.1800,21.102,0.000,0.000,0.000,0.0000,0.0000,0.0000,13.845,-1.088,-70.537,DeadBip,-,-,000001EB3A1FC700,14,0,0,-,
359,1304.730,10.9255,listener,ragdoll,Lennald the Brash [Whiterun Guard],000D0FF6,-,-,0.000,0.000,0.000,0.000,0.000,0.0000,0.000,-311.888,-308.942,-318.000,0.0855,0.9963,0.0000,0.000,0.000,0.000,-,-,-,0000000000000000,-,0,0,-,tick
360,1315.611,10.9255,separate,ragdoll,Lennald the Brash [Whiterun Guard],000D0FF6,NPC R Forearm [RLar],15,0.000,0.000,0.000,122.012,3.377,6.1800,12.007,0.000,0.000,0.000,0.0000,0.0000,0.0000,-5.098,-84.322,-88.037,DeadBip,-,-,000001EB3A1FDF00,6,0,0,-,
361,1315.612,10.9255,separate,ragdoll,Lennald the Brash [Whiterun Guard],000D0FF6,NPC Spine1 [Spn1],6,0.000,0.000,0.000,119.656,3.334,4.1200,19.445,0.000,0.000,0.000,0.0000,0.0000,0.0000,-49.385,-16.514,-107.731,DeadBip,-,-,000001EB3A1FD000,15,0,0,-,
362,1315.613,10.9255,separate,ragdoll,Lennald the Brash [Whiterun Guard],000D0FF6,NPC R Forearm [RLar],15,0.000,0.000,0.000,122.012,3.377,6.1800,12.007,0.000,0.000,0.000,0.0000,0.0000,0.0000,-5.098,-84.322,-88.037,DeadBip,-,-,000001EB3A1FDC00,9,0,0,-,
363,1315.613,10.9255,separate,ragdoll,Lennald the Brash [Whiterun Guard],000D0FF6,NPC Spine2 [Spn2],9,0.000,0.000,0.000,152.582,2.515,7.2100,23.744,0.000,0.000,0.000,0.0000,0.0000,0.0000,-76.977,-37.919,-126.167,DeadBip,-,-,000001EB3A1FD000,15,0,0,-,
364,1334.990,10.9256,touch,ragdoll,Lennald the Brash [Whiterun Guard],000D0FF6,NPC L Hand [LHnd],16,0.000,0.000,0.000,123.395,10.150,4.1200,8.584,0.000,0.000,0.000,0.0000,0.0000,0.0000,-52.614,-79.076,-78.773,Static,-,-,000001EAE4AAA500,-,0,0,-,
366,1343.339,10.9256,listener,ragdoll,Lennald the Brash [Whiterun Guard],000D0FF6,-,-,0.000,0.000,0.000,0.000,0.000,0.0000,0.000,-311.888,-308.942,-318.000,0.0855,0.9963,0.0000,0.000,0.000,0.000,-,-,-,0000000000000000,-,0,0,-,tick
367,1353.296,10.9256,impact,ragdoll,Lennald the Brash [Whiterun Guard],000D0FF6,NPC L Hand [LHnd],16,78.722,78.722,58.466,123.273,10.145,4.1200,8.584,-278.917,-239.497,-318.000,0.0000,-0.0000,1.0000,-52.562,-78.998,-78.695,Static,Carpet,shape,000001EAE4AAA500,-,1,1,-,
368,1353.494,10.9256,touch,ragdoll,Lennald the Brash [Whiterun Guard],000D0FF6,NPC L Hand [LHnd],16,0.000,0.000,0.000,82.602,12.464,4.1200,8.584,0.000,0.000,0.000,0.0000,0.0000,0.0000,-31.866,-76.207,-0.365,DeadBip,-,-,000001EB3A1FDF00,6,0,0,-,
369,1353.494,10.9256,touch,ragdoll,Lennald the Brash [Whiterun Guard],000D0FF6,NPC Spine1 [Spn1],6,0.000,0.000,0.000,81.726,3.463,4.1200,19.445,0.000,0.000,0.000,0.0000,0.0000,0.0000,-58.913,21.018,-52.599,DeadBip,-,-,000001EB3A1FC400,16,0,0,-,
370,1353.743,10.9256,impact,ragdoll,Lennald the Brash [Whiterun Guard],000D0FF6,NPC L Hand [LHnd],16,83.194,83.194,182.354,82.520,12.458,4.1200,8.584,-275.176,-243.937,-299.489,-0.3542,0.3187,-0.8792,-31.835,-76.132,-0.365,DeadBip,Skin,shape,000001EB3A1FDF00,6,1,1,-,
371,1353.743,10.9256,impact,ragdoll,Lennald the Brash [Whiterun Guard],000D0FF6,NPC Spine1 [Spn1],6,83.194,-83.194,182.354,81.645,3.461,4.1200,19.445,-275.176,-243.937,-299.489,-0.3542,0.3187,-0.8792,-58.855,20.997,-52.547,DeadBip,Skin,shape,000001EB3A1FC400,16,1,1,-,
372,1353.902,10.9256,separate,ragdoll,Lennald the Brash [Whiterun Guard],000D0FF6,NPC R Forearm [RLar],15,0.000,0.000,0.000,81.807,5.691,6.1800,12.007,0.000,0.000,0.000,0.0000,0.0000,0.0000,-56.394,-39.862,-43.854,DeadBip,-,-,000001EB3A1FEB00,2,0,0,-,
373,1353.903,10.9256,separate,ragdoll,Lennald the Brash [Whiterun Guard],000D0FF6,NPC R Thigh [RThg],2,0.000,0.000,0.000,22.875,1.621,6.1800,21.101,0.000,0.000,0.000,0.0000,0.0000,0.0000,-14.477,15.742,-8.115,DeadBip,-,-,000001EB3A1FD000,15,0,0,-,
375,1362.495,10.9256,listener,ragdoll,Lennald the Brash [Whiterun Guard],000D0FF6,-,-,0.000,0.000,0.000,0.000,0.000,0.0000,0.000,-311.888,-308.942,-318.000,0.0855,0.9963,0.0000,0.000,0.000,0.000,-,-,-,0000000000000000,-,0,0,-,tick
376,1372.476,10.9256,separate,ragdoll,Lennald the Brash [Whiterun Guard],000D0FF6,NPC L Hand [LHnd],16,0.000,0.000,0.000,84.069,14.277,4.1200,8.584,0.000,0.000,0.000,0.0000,0.0000,0.0000,-47.671,-49.439,-48.484,DeadBip,-,-,000001EB3A1FFA00,1,0,0,-,
377,1372.476,10.9256,separate,ragdoll,Lennald the Brash [Whiterun Guard],000D0FF6,NPC L Thigh [LThg],1,0.000,0.000,0.000,24.806,1.717,6.1800,21.102,0.000,0.000,0.000,0.0000,0.0000,0.0000,12.166,21.549,-1.720,DeadBip,-,-,000001EB3A1FC400,16,0,0,-,
378,1391.399,10.9256,separate,ragdoll,Lennald the Brash [Whiterun Guard],000D0FF6,NPC L Hand [LHnd],16,0.000,0.000,0.000,72.988,8.497,4.1200,8.584,0.000,0.000,0.000,0.0000,0.0000,0.0000,-48.038,-45.755,-30.432,DeadBip,-,-,000001EB3A1FDF00,6,0,0,-,
379,1391.399,10.9256,separate,ragdoll,Lennald the Brash [Whiterun Guard],000D0FF6,NPC Spine1 [Spn1],6,0.000,0.000,0.000,55.947,4.708,4.1200,19.445,0.000,0.000,0.000,0.0000,0.0000,0.0000,-55.616,-5.392,-2.796,DeadBip,-,-,000001EB3A1FC400,16,0,0,-,
384,1400.593,10.9258,listener,ragdoll,Lennald the Brash [Whiterun Guard],000D0FF6,-,-,0.000,0.000,0.000,0.000,0.000,0.0000,0.000,-311.888,-308.942,-318.000,0.0855,0.9963,0.0000,0.000,0.000,0.000,-,-,-,0000000000000000,-,0,0,-,tick
385,1410.280,10.9258,touch,ragdoll,Lennald the Brash [Whiterun Guard],000D0FF6,NPC L Hand [LHnd],16,0.000,0.000,0.000,64.211,6.458,4.1200,8.584,0.000,0.000,0.000,0.0000,0.0000,0.0000,-43.535,-40.308,-24.556,Static,-,-,000001EA56BED300,-,0,0,-,
388,1410.505,10.9258,impact,ragdoll,Lennald the Brash [Whiterun Guard],000D0FF6,NPC L Hand [LHnd],16,24.619,24.619,39.587,64.149,6.455,4.1200,8.584,-282.086,-243.198,-319.650,0.0000,-0.0000,1.0000,-43.493,-40.269,-24.532,Static,Wood,shape,000001EA56BED300,-,1,1,-,
389,1410.701,10.9258,separate,ragdoll,Lennald the Brash [Whiterun Guard],000D0FF6,NPC L Hand [LHnd],16,0.000,0.000,0.000,51.979,8.094,4.1200,8.584,0.000,0.000,0.000,0.0000,0.0000,0.0000,-36.920,-36.551,-1.663,DeadBip,-,-,000001EB3A1FF400,0,0,0,-,
390,1410.701,10.9258,separate,ragdoll,Lennald the Brash [Whiterun Guard],000D0FF6,NPC COM [COM ],0,0.000,0.000,0.000,40.250,0.659,51.5000,18.217,0.000,0.000,0.000,0.0000,0.0000,0.0000,-7.652,21.453,33.186,DeadBip,-,-,000001EB3A1FC400,16,0,0,-,
398,1429.390,10.9259,separate,ragdoll,Lennald the Brash [Whiterun Guard],000D0FF6,NPC L Forearm [LLar],14,0.000,0.000,0.000,63.100,8.587,2.0600,12.007,0.000,0.000,0.000,0.0000,0.0000,0.0000,-49.686,-15.992,-35.457,DeadBip,-,-,000001EB3A1FE200,3,0,0,-,
399,1429.390,10.9259,separate,ragdoll,Lennald the Brash [Whiterun Guard],000D0FF6,NPC Spine [Spn0],3,0.000,0.000,0.000,58.907,2.713,4.1200,17.816,0.000,0.000,0.000,0.0000,0.0000,0.0000,10.664,28.003,50.716,DeadBip,-,-,000001EB3A1FC700,14,0,0,-,
403,1437.989,10.9259,listener,ragdoll,Lennald the Brash [Whiterun Guard],000D0FF6,-,-,0.000,0.000,0.000,0.000,0.000,0.0000,0.000,-311.888,-308.942,-318.000,0.0855,0.9963,0.0000,0.000,0.000,0.000,-,-,-,0000000000000000,-,0,0,-,tick
405,1448.579,10.9259,separate,ragdoll,Lennald the Brash [Whiterun Guard],000D0FF6,NPC L Hand [LHnd],16,0.000,0.000,0.000,43.723,9.030,4.1200,8.584,0.000,0.000,0.000,0.0000,0.0000,0.0000,-20.300,-31.536,-22.475,DeadBip,-,-,000001EB3A1FE200,3,0,0,-,
406,1448.579,10.9259,separate,ragdoll,Lennald the Brash [Whiterun Guard],000D0FF6,NPC Spine [Spn0],3,0.000,0.000,0.000,65.850,2.987,4.1200,17.816,0.000,0.000,0.000,0.0000,0.0000,0.0000,14.787,25.185,59.019,DeadBip,-,-,000001EB3A1FC400,16,0,0,-,
412,1458.094,10.9259,listener,ragdoll,Lennald the Brash [Whiterun Guard],000D0FF6,-,-,0.000,0.000,0.000,0.000,0.000,0.0000,0.000,-311.888,-308.942,-318.000,0.0855,0.9963,0.0000,0.000,0.000,0.000,-,-,-,0000000000000000,-,0,0,-,tick
434,1487.691,10.9259,touch,ragdoll,Lennald the Brash [Whiterun Guard],000D0FF6,NPC L Forearm [LLar],14,0.000,0.000,0.000,33.747,6.536,2.0600,12.007,0.000,0.000,0.000,0.0000,0.0000,0.0000,22.023,19.666,-16.342,Static,-,-,000001EAE4AAA500,-,0,0,-,
438,1496.780,10.9260,listener,ragdoll,Lennald the Brash [Whiterun Guard],000D0FF6,-,-,0.000,0.000,0.000,0.000,0.000,0.0000,0.000,-311.888,-308.942,-318.000,0.0855,0.9963,0.0000,0.000,0.000,0.000,-,-,-,0000000000000000,-,0,0,-,tick
454,1527.643,10.9261,separate,ragdoll,Lennald the Brash [Whiterun Guard],000D0FF6,NPC L Forearm [LLar],14,0.000,0.000,0.000,95.687,8.073,2.0600,12.007,0.000,0.000,0.000,0.0000,0.0000,0.0000,82.013,29.585,39.428,Static,-,-,000001EAE4AAA500,-,0,0,-,
461,1528.050,10.9261,separate,ragdoll,Lennald the Brash [Whiterun Guard],000D0FF6,NPC R Thigh [RThg],2,0.000,0.000,0.000,40.521,2.281,6.1800,21.101,0.000,0.000,0.000,0.0000,0.0000,0.0000,-18.584,0.013,36.008,Static,-,-,000001EA56BED300,-,0,0,-,
462,1528.052,10.9261,separate,ragdoll,Lennald the Brash [Whiterun Guard],000D0FF6,NPC L Thigh [LThg],1,0.000,0.000,0.000,89.183,4.058,6.1800,21.102,0.000,0.000,0.000,0.0000,0.0000,0.0000,-29.051,21.772,81.460,Static,-,-,000001EAE4AAA500,-,0,0,-,
467,1537.055,10.9261,listener,ragdoll,Lennald the Brash [Whiterun Guard],000D0FF6,-,-,0.000,0.000,0.000,0.000,0.000,0.0000,0.000,-311.888,-308.942,-318.000,0.0855,0.9963,0.0000,0.000,0.000,0.000,-,-,-,0000000000000000,-,0,0,-,tick
475,1547.859,10.9261,touch,ragdoll,Lennald the Brash [Whiterun Guard],000D0FF6,NPC L Forearm [LLar],14,0.000,0.000,0.000,42.650,7.147,2.0600,12.007,0.000,0.000,0.000,0.0000,0.0000,0.0000,38.558,-12.775,13.005,DeadBip,-,-,000001EB3A1FE200,3,0,0,-,
476,1547.859,10.9261,touch,ragdoll,Lennald the Brash [Whiterun Guard],000D0FF6,NPC Spine [Spn0],3,0.000,0.000,0.000,34.713,3.274,4.1200,17.816,0.000,0.000,0.000,0.0000,0.0000,0.0000,-32.456,-7.228,9.967,DeadBip,-,-,000001EB3A1FC700,14,0,0,-,
477,1547.860,10.9261,touch,ragdoll,Lennald the Brash [Whiterun Guard],000D0FF6,NPC L Hand [LHnd],16,0.000,0.000,0.000,134.957,12.522,4.1200,8.584,0.000,0.000,0.000,0.0000,0.0000,0.0000,108.714,-8.933,79.466,DeadBip,-,-,000001EB3A1FF400,0,0,0,-,
478,1547.860,10.9261,touch,ragdoll,Lennald the Brash [Whiterun Guard],000D0FF6,NPC COM [COM ],0,0.000,0.000,0.000,36.198,3.708,51.5000,18.217,0.000,0.000,0.000,0.0000,0.0000,0.0000,-14.312,6.521,32.603,DeadBip,-,-,000001EB3A1FC400,16,0,0,-,
480,1556.825,10.9262,listener,ragdoll,Lennald the Brash [Whiterun Guard],000D0FF6,-,-,0.000,0.000,0.000,0.000,0.000,0.0000,0.000,-311.888,-308.942,-318.000,0.0855,0.9963,0.0000,0.000,0.000,0.000,-,-,-,0000000000000000,-,0,0,-,tick
481,1567.895,10.9262,impact,ragdoll,Lennald the Brash [Whiterun Guard],000D0FF6,NPC L Forearm [LLar],14,94.556,94.556,52.810,42.608,7.144,2.0600,12.007,-275.894,-242.982,-297.686,-0.6807,-0.0840,-0.7277,38.520,-12.763,12.992,DeadBip,Skin,shape,000001EB3A1FE200,3,1,1,-,
482,1567.896,10.9262,impact,ragdoll,Lennald the Brash [Whiterun Guard],000D0FF6,NPC Spine [Spn0],3,94.556,-94.556,52.810,34.679,3.272,4.1200,17.816,-275.894,-242.982,-297.686,-0.6807,-0.0840,-0.7277,-32.424,-7.221,9.957,DeadBip,Skin,shape,000001EB3A1FC700,14,1,1,-,
483,1567.898,10.9262,impact,ragdoll,Lennald the Brash [Whiterun Guard],000D0FF6,NPC L Hand [LHnd],16,114.852,114.852,159.202,134.825,12.516,4.1200,8.584,-270.399,-242.634,-302.825,-0.7214,-0.3172,-0.6156,108.608,-8.924,79.389,DeadBip,-,-,000001EB3A1FF400,0,1,1,-,
484,1567.899,10.9262,impact,ragdoll,Lennald the Brash [Whiterun Guard],000D0FF6,NPC COM [COM ],0,114.852,-114.852,159.202,36.163,3.707,51.5000,18.217,-270.399,-242.634,-302.825,-0.7214,-0.3172,-0.6156,-14.298,6.515,32.571,DeadBip,Skin,shape,000001EB3A1FC400,16,1,1,-,
485,1568.096,10.9262,separate,ragdoll,Lennald the Brash [Whiterun Guard],000D0FF6,NPC L Hand [LHnd],16,0.000,0.000,0.000,54.546,5.214,4.1200,8.584,0.000,0.000,0.000,0.0000,0.0000,0.0000,38.022,-38.589,-6.360,Static,-,-,000001EA56BED300,-,0,0,-,
497,1597.822,10.9263,listener,ragdoll,Lennald the Brash [Whiterun Guard],000D0FF6,-,-,0.000,0.000,0.000,0.000,0.000,0.0000,0.000,-311.888,-308.942,-318.000,0.0855,0.9963,0.0000,0.000,0.000,0.000,-,-,-,0000000000000000,-,0,0,-,tick
502,1608.729,10.9263,touch,ragdoll,Lennald the Brash [Whiterun Guard],000D0FF6,NPC L Hand [LHnd],16,0.000,0.000,0.000,72.207,7.066,4.1200,8.584,0.000,0.000,0.000,0.0000,0.0000,0.0000,62.279,-34.214,-12.828,DeadBip,-,-,000001EB3A1FE200,3,0,0,-,
503,1608.729,10.9263,touch,ragdoll,Lennald the Brash [Whiterun Guard],000D0FF6,NPC Spine [Spn0],3,0.000,0.000,0.000,43.824,3.978,4.1200,17.816,0.000,0.000,0.000,0.0000,0.0000,0.0000,-39.986,-3.778,-17.531,DeadBip,-,-,000001EB3A1FC400,16,0,0,-,
505,1609.001,10.9263,impact,ragdoll,Lennald the Brash [Whiterun Guard],000D0FF6,NPC L Hand [LHnd],16,28.137,28.137,13.615,72.135,7.062,4.1200,8.584,-273.240,-245.577,-299.506,-0.2517,-0.2218,-0.9421,62.217,-34.180,-12.815,DeadBip,Skin,shape,000001EB3A1FE200,3,1,1,-,
506,1609.001,10.9263,impact,ragdoll,Lennald the Brash [Whiterun Guard],000D0FF6,NPC Spine [Spn0],3,28.137,-28.137,13.615,43.780,3.976,4.1200,17.816,-273.240,-245.577,-299.506,-0.2517,-0.2218,-0.9421,-39.947,-3.774,-17.513,DeadBip,Skin,shape,000001EB3A1FC400,16,1,1,-,
528,1638.878,10.9264,listener,ragdoll,Lennald the Brash [Whiterun Guard],000D0FF6,-,-,0.000,0.000,0.000,0.000,0.000,0.0000,0.000,-311.888,-308.942,-318.000,0.0855,0.9963,0.0000,0.000,0.000,0.000,-,-,-,0000000000000000,-,0,0,-,tick
530,1650.795,10.9264,touch,ragdoll,Lennald the Brash [Whiterun Guard],000D0FF6,NPC L Forearm [LLar],14,0.000,0.000,0.000,84.983,4.480,2.0600,12.007,0.000,0.000,0.000,0.0000,0.0000,0.0000,21.019,-28.021,-77.428,Static,-,-,000001EAE4AAA500,-,0,0,-,
535,1651.045,10.9264,impact,ragdoll,Lennald the Brash [Whiterun Guard],000D0FF6,NPC L Forearm [LLar],14,52.371,52.371,82.764,84.897,4.477,2.0600,12.007,-280.098,-247.033,-318.000,-0.0000,0.0000,1.0000,20.998,-27.992,-77.350,Static,Carpet,shape,000001EAE4AAA500,-,1,1,-,
536,1651.249,10.9264,touch,ragdoll,Lennald the Brash [Whiterun Guard],000D0FF6,NPC L Forearm [LLar],14,0.000,0.000,0.000,49.160,5.808,2.0600,12.007,0.000,0.000,0.000,0.0000,0.0000,0.0000,23.592,-21.627,-37.315,DeadBip,-,-,000001EB3A1FF400,0,0,0,-,
537,1651.250,10.9264,touch,ragdoll,Lennald the Brash [Whiterun Guard],000D0FF6,NPC COM [COM ],0,0.000,0.000,0.000,36.533,3.066,51.5000,18.217,0.000,0.000,0.000,0.0000,0.0000,0.0000,-31.376,0.520,-18.706,DeadBip,-,-,000001EB3A1FC700,14,0,0,-,
538,1651.252,10.9264,touch,ragdoll,Lennald the Brash [Whiterun Guard],000D0FF6,NPC L Hand [LHnd],16,0.000,0.000,0.000,47.555,3.573,4.1200,8.584,0.000,0.000,0.000,0.0000,0.0000,0.0000,37.770,-27.325,-9.393,DeadBip,-,-,000001EB3A1FDF00,6,0,0,-,
539,1651.252,10.9264,touch,ragdoll,Lennald the Brash [Whiterun Guard],000D0FF6,NPC Spine1 [Spn1],6,0.000,0.000,0.000,90.818,3.378,4.1200,19.445,0.000,0.000,0.000,0.0000,0.0000,0.0000,-46.441,0.902,-78.041,DeadBip,-,-,000001EB3A1FC400,16,0,0,-,
544,1660.080,10.9265,listener,ragdoll,Lennald the Brash [Whiterun Guard],000D0FF6,-,-,0.000,0.000,0.000,0.000,0.000,0.0000,0.000,-311.888,-308.942,-318.000,0.0855,0.9963,0.0000,0.000,0.000,0.000,-,-,-,0000000000000000,-,0,0,-,tick
547,1671.725,10.9265,impact,ragdoll,Lennald the Brash [Whiterun Guard],000D0FF6,NPC L Forearm [LLar],14,42.968,42.968,87.892,49.110,5.805,2.0600,12.007,-272.398,-243.190,-302.368,-0.6802,-0.3821,-0.6256,23.568,-21.605,-37.277,DeadBip,-,-,000001EB3A1FF400,0,1,1,-,
548,1671.725,10.9265,impact,ragdoll,Lennald the Brash [Whiterun Guard],000D0FF6,NPC COM [COM ],0,42.968,-42.968,87.892,36.496,3.065,51.5000,18.217,-272.398,-243.190,-302.368,-0.6802,-0.3821,-0.6256,-31.345,0.520,-18.687,DeadBip,Skin,shape,000001EB3A1FC700,14,1,1,-,
549,1671.728,10.9265,impact,ragdoll,Lennald the Brash [Whiterun Guard],000D0FF6,NPC L Hand [LHnd],16,39.355,39.355,57.408,47.507,3.571,4.1200,8.584,-277.309,-253.066,-300.927,0.3028,0.2790,-0.9113,37.732,-27.298,-9.384,DeadBip,Skin,shape,000001EB3A1FDF00,6,1,1,-,
550,1671.728,10.9265,impact,ragdoll,Lennald the Brash [Whiterun Guard],000D0FF6,NPC Spine1 [Spn1],6,39.355,-39.355,57.408,90.726,3.376,4.1200,19.445,-277.309,-253.066,-300.927,0.3028,0.2790,-0.9113,-46.394,0.901,-77.962,DeadBip,Skin,shape,000001EB3A1FC400,16,1,1,-,
551,1671.934,10.9265,touch,ragdoll,Lennald the Brash [Whiterun Guard],000D0FF6,NPC L Hand [LHnd],16,0.000,0.000,0.000,46.387,4.448,4.1200,8.584,0.000,0.000,0.000,0.0000,0.0000,0.0000,30.005,-9.006,-34.210,Static,-,-,000001EA56BED300,-,0,0,-,
553,1672.195,10.9265,impact,ragdoll,Lennald the Brash [Whiterun Guard],000D0FF6,NPC L Hand [LHnd],16,34.237,34.237,64.939,46.340,4.446,4.1200,8.584,-273.457,-249.948,-319.650,0.0000,0.0000,1.0000,29.975,-8.996,-34.175,Static,Wood,shape,000001EA56BED300,-,1,1,-,
554,1672.469,10.9265,touch,ragdoll,Lennald the Brash [Whiterun Guard],000D0FF6,NPC L UpperArm [LUar],10,0.000,0.000,0.000,151.373,3.369,2.0600,14.897,0.000,0.000,0.000,0.0000,0.0000,0.0000,-9.613,-15.668,-150.252,Static,-,-,000001EAE4AAA500,-,0,0,-,
555,1691.820,10.9266,impact,ragdoll,Lennald the Brash [Whiterun Guard],000D0FF6,NPC L UpperArm [LUar],10,133.591,133.591,38.747,151.218,3.367,2.0600,14.897,-298.151,-251.217,-318.000,0.0000,-0.0000,1.0000,-9.603,-15.652,-150.099,Static,Carpet,shape,000001EAE4AAA500,-,1,1,-,
566,1702.902,10.9266,listener,ragdoll,Lennald the Brash [Whiterun Guard],000D0FF6,-,-,0.000,0.000,0.000,0.000,0.000,0.0000,0.000,-311.888,-308.942,-318.000,0.0855,0.9963,0.0000,0.000,0.000,0.000,-,-,-,0000000000000000,-,0,0,-,tick
569,1712.726,10.9266,separate,ragdoll,Lennald the Brash [Whiterun Guard],000D0FF6,NPC R Thigh [RThg],2,0.000,0.000,0.000,26.940,2.187,6.1800,21.101,0.000,0.000,0.000,0.0000,0.0000,0.0000,-24.068,11.277,4.396,Static,-,-,000001EAE4AAA500,-,0,0,-,
570,1712.730,10.9266,separate,ragdoll,Lennald the Brash [Whiterun Guard],000D0FF6,NPC R Hand [RHnd],17,0.000,0.000,0.000,69.281,10.850,4.1200,8.584,0.000,0.000,0.000,0.0000,0.0000,0.0000,-36.154,-45.007,38.303,DeadBip,-,-,000001EB3A1FEB00,2,0,0,-,
571,1712.730,10.9266,separate,ragdoll,Lennald the Brash [Whiterun Guard],000D0FF6,NPC R Thigh [RThg],2,0.000,0.000,0.000,26.940,2.187,6.1800,21.101,0.000,0.000,0.000,0.0000,0.0000,0.0000,-24.068,11.277,4.396,DeadBip,-,-,000001EB3A1FCD00,17,0,0,-,
574,1722.223,10.9266,listener,ragdoll,Lennald the Brash [Whiterun Guard],000D0FF6,-,-,0.000,0.000,0.000,0.000,0.000,0.0000,0.000,-311.888,-308.942,-318.000,0.0855,0.9963,0.0000,0.000,0.000,0.000,-,-,-,0000000000000000,-,0,0,-,tick
576,1732.311,10.9266,impact,ragdoll,Lennald the Brash [Whiterun Guard],000D0FF6,NPC L Forearm [LLar],14,114.274,114.274,50.158,79.309,5.737,2.0600,12.007,-291.903,-248.593,-318.000,0.0000,-0.0000,1.0000,6.204,-14.271,-77.767,Static,Carpet,shape,000001EAE4AAA500,-,0,1,-,
577,1732.899,10.9266,touch,ragdoll,Lennald the Brash [Whiterun Guard],000D0FF6,NPC Spine2 [Spn2],9,0.000,0.000,0.000,96.871,2.304,7.2100,23.744,0.000,0.000,0.000,0.0000,0.0000,0.0000,-21.154,-6.359,-94.319,Static,-,-,000001EAE4AAA500,-,0,0,-,
578,1732.900,10.9266,touch,ragdoll,Lennald the Brash [Whiterun Guard],000D0FF6,NPC Head [Head],13,0.000,0.000,0.000,154.004,2.929,4.1200,15.561,0.000,0.000,0.000,0.0000,0.0000,0.0000,-19.076,-9.684,-152.511,Static,-,-,000001EAE4AAA500,-,0,0,-,
579,1732.901,10.9266,touch,ragdoll,Lennald the Brash [Whiterun Guard],000D0FF6,NPC L UpperArm [LUar],10,0.000,0.000,0.000,113.146,1.460,2.0600,14.897,0.000,0.000,0.000,0.0000,0.0000,0.0000,-4.708,10.761,-112.534,Static,-,-,000001EA56BED300,-,0,0,-,
586,1752.444,10.9267,impact,ragdoll,Lennald the Brash [Whiterun Guard],000D0FF6,NPC Spine2 [Spn2],9,90.287,90.287,13.807,96.772,2.303,7.2100,23.744,-294.552,-265.019,-318.000,-0.0000,0.0000,1.0000,-21.132,-6.353,-94.222,Static,Carpet,shape,000001EAE4AAA500,-,1,1,-,
587,1752.445,10.9267,impact,ragdoll,Lennald the Brash [Whiterun Guard],000D0FF6,NPC L UpperArm [LUar],10,104.198,104.198,18.049,113.029,1.459,2.0600,14.897,-297.987,-251.529,-319.650,-0.0000,0.0000,1.0000,-4.703,10.750,-112.419,Static,Wood,shape,000001EA56BED300,-,1,1,-,
588,1752.447,10.9267,impact,ragdoll,Lennald the Brash [Whiterun Guard],000D0FF6,NPC Head [Head],13,151.805,151.805,14.810,153.846,2.921,4.1200,15.561,-315.494,-277.333,-318.000,0.0000,-0.0000,1.0000,-19.057,-9.674,-152.354,Static,Carpet,shape,000001EAE4AAA500,-,1,1,-,
595,1762.068,10.9267,listener,ragdoll,Lennald the Brash [Whiterun Guard],000D0FF6,-,-,0.000,0.000,0.000,0.000,0.000,0.0000,0.000,-311.888,-308.942,-318.000,0.0855,0.9963,0.0000,0.000,0.000,0.000,-,-,-,0000000000000000,-,0,0,-,tick
597,1771.942,10.9267,impact,ragdoll,Lennald the Brash [Whiterun Guard],000D0FF6,NPC R Foot [Rft ],8,5.154,5.154,56.079,53.019,3.227,3.0900,10.311,-264.403,-277.744,-318.000,-0.0000,0.0000,1.0000,51.154,-13.717,-2.476,Static,Carpet,shape,000001EAE4AAA500,-,0,1,-,
601,1791.604,10.9269,separate,ragdoll,Lennald the Brash [Whiterun Guard],000D0FF6,NPC R Hand [RHnd],17,0.000,0.000,0.000,55.228,2.623,4.1200,8.584,0.000,0.000,0.000,0.0000,0.0000,0.0000,-37.260,-27.935,-29.689,DeadBip,-,-,000001EB3A1FE800,4,0,0,-,
602,1791.605,10.9269,separate,ragdoll,Lennald the Brash [Whiterun Guard],000D0FF6,NPC R Calf [RClf],4,0.000,0.000,0.000,44.771,1.950,6.1800,20.265,0.000,0.000,0.000,0.0000,0.0000,0.0000,27.922,34.617,5.143,DeadBip,-,-,000001EB3A1FCD00,17,0,0,-,
612,1800.438,10.9269,listener,ragdoll,Lennald the Brash [Whiterun Guard],000D0FF6,-,-,0.000,0.000,0.000,0.000,0.000,0.0000,0.000,-311.888,-308.942,-318.000,0.0855,0.9963,0.0000,0.000,0.000,0.000,-,-,-,0000000000000000,-,0,0,-,tick
613,1810.142,10.9269,impact,ragdoll,Lennald the Brash [Whiterun Guard],000D0FF6,NPC Spine2 [Spn2],9,6.737,6.737,36.753,37.552,0.837,7.2100,23.744,-299.906,-260.727,-318.000,-0.0000,0.0000,1.0000,-31.322,-19.262,-7.618,Static,Carpet,shape,000001EAE4AAA500,-,0,1,-,
616,1819.301,10.9269,listener,ragdoll,Lennald the Brash [Whiterun Guard],000D0FF6,-,-,0.000,0.000,0.000,0.000,0.000,0.0000,0.000,-311.888,-308.942,-318.000,0.0855,0.9963,0.0000,0.000,0.000,0.000,-,-,-,0000000000000000,-,0,0,-,tick
617,1828.845,10.9269,touch,ragdoll,Lennald the Brash [Whiterun Guard],000D0FF6,NPC R Foot [Rft ],8,0.000,0.000,0.000,33.218,2.092,3.0900,10.311,0.000,0.000,0.000,0.0000,0.0000,0.0000,25.035,15.907,14.955,DeadBip,-,-,000001EB3A1FCD00,17,0,0,-,
618,1828.846,10.9269,touch,ragdoll,Lennald the Brash [Whiterun Guard],000D0FF6,NPC R Hand [RHnd],17,0.000,0.000,0.000,65.277,3.945,4.1200,8.584,0.000,0.000,0.000,0.0000,0.0000,0.0000,-27.111,-29.662,-51.442,DeadBip,-,-,000001EB3A1FE500,8,0,0,-,
624,1829.094,10.9269,impact,ragdoll,Lennald the Brash [Whiterun Guard],000D0FF6,NPC R Foot [Rft ],8,81.207,81.207,78.805,33.185,2.091,3.0900,10.311,-257.049,-281.879,-301.234,-0.0752,-0.1059,-0.9915,25.010,15.892,14.941,DeadBip,Skin,shape,000001EB3A1FCD00,17,1,1,-,
625,1829.094,10.9269,impact,ragdoll,Lennald the Brash [Whiterun Guard],000D0FF6,NPC R Hand [RHnd],17,81.207,-81.207,78.805,65.212,3.943,4.1200,8.584,-257.049,-281.879,-301.234,-0.0752,-0.1059,-0.9915,-27.084,-29.632,-51.391,DeadBip,Skin,shape,000001EB3A1FE500,8,1,1,-,
626,1829.282,10.9269,touch,ragdoll,Lennald the Brash [Whiterun Guard],000D0FF6,NPC L Hand [LHnd],16,0.000,0.000,0.000,6.541,1.818,4.1200,8.584,0.000,0.000,0.000,0.0000,0.0000,0.0000,-1.285,-5.491,3.313,DeadBip,-,-,000001EB3A1FEB00,2,0,0,-,
627,1829.282,10.9269,touch,ragdoll,Lennald the Brash [Whiterun Guard],000D0FF6,NPC R Thigh [RThg],2,0.000,0.000,0.000,36.876,2.249,6.1800,21.101,0.000,0.000,0.000,0.0000,0.0000,0.0000,-10.775,32.740,-13.109,DeadBip,-,-,000001EB3A1FC400,16,0,0,-,
630,1847.520,10.9270,impact,ragdoll,Lennald the Brash [Whiterun Guard],000D0FF6,NPC R Foot [Rft ],8,12.068,12.068,41.126,37.135,5.686,3.0900,10.311,-261.412,-277.017,-319.650,-0.0000,0.0000,1.0000,13.773,14.864,-31.119,Static,Wood,shape,000001EA56BED300,-,0,1,-,
631,1847.528,10.9270,impact,ragdoll,Lennald the Brash [Whiterun Guard],000D0FF6,NPC L Hand [LHnd],16,14.677,14.677,11.462,6.534,1.817,4.1200,8.584,-267.371,-248.782,-302.947,-0.5318,-0.0733,-0.8437,-1.284,-5.486,3.310,DeadBip,Skin,shape,000001EB3A1FEB00,2,1,1,-,
632,1847.528,10.9270,impact,ragdoll,Lennald the Brash [Whiterun Guard],000D0FF6,NPC R Thigh [RThg],2,14.677,-14.677,11.462,36.840,2.248,6.1800,21.101,-267.371,-248.782,-302.947,-0.5318,-0.0733,-0.8437,-10.764,32.708,-13.096,DeadBip,Skin,shape,000001EB3A1FC400,16,1,1,-,
634,1848.045,10.9270,touch,ragdoll,Lennald the Brash [Whiterun Guard],000D0FF6,NPC R Hand [RHnd],17,0.000,0.000,0.000,73.118,3.887,4.1200,8.584,0.000,0.000,0.000,0.0000,0.0000,0.0000,-21.973,-29.175,-63.342,DeadBip,-,-,000001EB3A1FE800,4,0,0,-,
635,1848.045,10.9270,touch,ragdoll,Lennald the Brash [Whiterun Guard],000D0FF6,NPC R Calf [RClf],4,0.000,0.000,0.000,35.167,1.819,6.1800,20.265,0.000,0.000,0.000,0.0000,0.0000,0.0000,-0.779,31.935,-14.707,DeadBip,-,-,000001EB3A1FCD00,17,0,0,-,
638,1857.228,10.9270,listener,ragdoll,Lennald the Brash [Whiterun Guard],000D0FF6,-,-,0.000,0.000,0.000,0.000,0.000,0.0000,0.000,-311.888,-308.942,-318.000,0.0855,0.9963,0.0000,0.000,0.000,0.000,-,-,-,0000000000000000,-,0,0,-,tick
640,1866.445,10.9270,impact,ragdoll,Lennald the Brash [Whiterun Guard],000D0FF6,NPC R Hand [RHnd],17,22.175,22.175,84.156,73.047,3.885,4.1200,8.584,-258.046,-275.095,-307.269,0.0587,-0.6021,0.7963,-21.952,-29.146,-63.281,DeadBip,Skin,shape,000001EB3A1FE800,4,1,1,-,
641,1866.445,10.9270,impact,ragdoll,Lennald the Brash [Whiterun Guard],000D0FF6,NPC R Calf [RClf],4,22.175,-22.175,84.156,35.133,1.818,6.1800,20.265,-258.046,-275.095,-307.269,0.0587,-0.6021,0.7963,-0.778,31.904,-14.693,DeadBip,Skin,shape,000001EB3A1FCD00,17,1,1,-,
652,1885.992,10.9271,touch,ragdoll,Lennald the Brash [Whiterun Guard],000D0FF6,NPC L Forearm [LLar],14,0.000,0.000,0.000,25.610,1.733,2.0600,12.007,0.000,0.000,0.000,0.0000,0.0000,0.0000,-18.159,-15.244,-9.682,Static,-,-,000001EA56BED300,-,0,0,-,
658,1895.725,10.9271,listener,ragdoll,Lennald the Brash [Whiterun Guard],000D0FF6,-,-,0.000,0.000,0.000,0.000,0.000,0.0000,0.000,-311.888,-308.942,-318.000,0.0855,0.9963,0.0000,0.000,0.000,0.000,-,-,-,0000000000000000,-,0,0,-,tick
659,1904.669,10.9271,impact,ragdoll,Lennald the Brash [Whiterun Guard],000D0FF6,NPC L Forearm [LLar],14,9.128,9.128,22.114,25.586,1.732,2.0600,12.007,-294.140,-249.519,-319.650,-0.0000,-0.0000,1.0000,-18.142,-15.229,-9.673,Static,Wood,shape,000001EA56BED300,-,1,1,-,
663,1915.382,10.9272,listener,ragdoll,Lennald the Brash [Whiterun Guard],000D0FF6,-,-,0.000,0.000,0.000,0.000,0.000,0.0000,0.000,-311.888,-308.942,-318.000,0.0855,0.9963,0.0000,0.000,0.000,0.000,-,-,-,0000000000000000,-,0,0,-,tick
671,1954.966,10.9273,listener,ragdoll,Lennald the Brash [Whiterun Guard],000D0FF6,-,-,0.000,0.000,0.000,0.000,0.000,0.0000,0.000,-311.888,-308.942,-318.000,0.0855,0.9963,0.0000,0.000,0.000,0.000,-,-,-,0000000000000000,-,0,0,-,tick
673,1966.876,10.9273,touch,ragdoll,Lennald the Brash [Whiterun Guard],000D0FF6,NPC Spine2 [Spn2],9,0.000,0.000,0.000,16.987,0.409,7.2100,23.744,0.000,0.000,0.000,0.0000,0.0000,0.0000,-16.408,-2.623,3.532,Static,-,-,000001EA56BED300,-,0,0,-,
677,1997.387,10.9274,listener,ragdoll,Lennald the Brash [Whiterun Guard],000D0FF6,-,-,0.000,0.000,0.000,0.000,0.000,0.0000,0.000,-311.888,-308.942,-318.000,0.0855,0.9963,0.0000,0.000,0.000,0.000,-,-,-,0000000000000000,-,0,0,-,tick
682,2017.017,10.9275,listener,ragdoll,Lennald the Brash [Whiterun Guard],000D0FF6,-,-,0.000,0.000,0.000,0.000,0.000,0.0000,0.000,-311.888,-308.942,-318.000,0.0855,0.9963,0.0000,0.000,0.000,0.000,-,-,-,0000000000000000,-,0,0,-,tick
692,2058.646,10.9276,listener,ragdoll,Lennald the Brash [Whiterun Guard],000D0FF6,-,-,0.000,0.000,0.000,0.000,0.000,0.0000,0.000,-311.888,-308.942,-318.000,0.0855,0.9963,0.0000,0.000,0.000,0.000,-,-,-,0000000000000000,-,0,0,-,tick
693,2068.523,10.9276,touch,ragdoll,Lennald the Brash [Whiterun Guard],000D0FF6,NPC COM [COM ],0,0.000,0.000,0.000,16.479,0.982,51.5000,18.217,0.000,0.000,0.000,0.0000,0.0000,0.0000,-0.323,0.805,-16.456,Static,-,-,000001EAE4AAA500,-,0,0,-,
698,2068.801,10.9276,impact,ragdoll,Lennald the Brash [Whiterun Guard],000D0FF6,NPC COM [COM ],0,17.342,17.342,15.111,16.462,0.982,51.5000,18.217,-276.111,-240.146,-318.000,-0.0000,0.0000,1.0000,-0.323,0.804,-16.439,Static,Carpet,shape,000001EAE4AAA500,-,1,1,-,
701,2077.886,10.9276,listener,ragdoll,Lennald the Brash [Whiterun Guard],000D0FF6,-,-,0.000,0.000,0.000,0.000,0.000,0.0000,0.000,-311.888,-308.942,-318.000,0.0855,0.9963,0.0000,0.000,0.000,0.000,-,-,-,0000000000000000,-,0,0,-,tick
705,2088.253,10.9276,separate,ragdoll,Lennald the Brash [Whiterun Guard],000D0FF6,NPC Spine2 [Spn2],9,0.000,0.000,0.000,14.242,0.629,7.2100,23.744,0.000,0.000,0.000,0.0000,0.0000,0.0000,0.461,10.544,9.562,Static,-,-,000001EA56BED300,-,0,0,-,
706,2107.274,10.9277,separate,ragdoll,Lennald the Brash [Whiterun Guard],000D0FF6,NPC R Hand [RHnd],17,0.000,0.000,0.000,24.376,1.411,4.1200,8.584,0.000,0.000,0.000,0.0000,0.0000,0.0000,0.368,-14.456,19.624,DeadBip,-,-,000001EB3A1FE800,4,0,0,-,
707,2107.274,10.9277,separate,ragdoll,Lennald the Brash [Whiterun Guard],000D0FF6,NPC R Calf [RClf],4,0.000,0.000,0.000,8.951,0.815,6.1800,20.265,0.000,0.000,0.000,0.0000,0.0000,0.0000,2.914,5.397,-6.520,DeadBip,-,-,000001EB3A1FCD00,17,0,0,-,
708,2107.277,10.9277,touch,ragdoll,Lennald the Brash [Whiterun Guard],000D0FF6,NPC L Thigh [LThg],1,0.000,0.000,0.000,36.356,1.282,6.1800,21.102,0.000,0.000,0.000,0.0000,0.0000,0.0000,0.748,12.063,-34.288,Static,-,-,000001EAE4AAA500,-,0,0,-,
709,2107.511,10.9277,impact,ragdoll,Lennald the Brash [Whiterun Guard],000D0FF6,NPC L Thigh [LThg],1,21.221,21.221,10.265,36.320,1.281,6.1800,21.102,-277.431,-233.131,-318.000,0.0000,0.0000,1.0000,0.747,12.051,-34.254,Static,Carpet,shape,000001EAE4AAA500,-,1,1,-,
711,2118.001,10.9277,listener,ragdoll,Lennald the Brash [Whiterun Guard],000D0FF6,-,-,0.000,0.000,0.000,0.000,0.000,0.0000,0.000,-311.888,-308.942,-318.000,0.0855,0.9963,0.0000,0.000,0.000,0.000,-,-,-,0000000000000000,-,0,0,-,tick
713,2145.611,10.9278,touch,ragdoll,Lennald the Brash [Whiterun Guard],000D0FF6,NPC R Thigh [RThg],2,0.000,0.000,0.000,22.442,0.945,6.1800,21.101,0.000,0.000,0.000,0.0000,0.0000,0.0000,9.066,12.109,-16.577,Static,-,-,000001EAE4AAA500,-,0,0,-,
716,2155.560,10.9278,listener,ragdoll,Lennald the Brash [Whiterun Guard],000D0FF6,-,-,0.000,0.000,0.000,0.000,0.000,0.0000,0.000,-311.888,-308.942,-318.000,0.0855,0.9963,0.0000,0.000,0.000,0.000,-,-,-,0000000000000000,-,0,0,-,tick
718,2164.674,10.9278,impact,ragdoll,Lennald the Brash [Whiterun Guard],000D0FF6,NPC R Thigh [RThg],2,18.149,18.149,2.767,22.419,0.945,6.1800,21.101,-244.256,-254.642,-318.000,-0.0000,-0.0000,1.0000,9.057,12.097,-16.561,Static,Carpet,shape,000001EAE4AAA500,-,1,1,-,
719,2164.887,10.9278,separate,ragdoll,Lennald the Brash [Whiterun Guard],000D0FF6,NPC Head [Head],13,0.000,0.000,0.000,39.226,1.244,4.1200,15.561,0.000,0.000,0.000,0.0000,0.0000,0.0000,6.918,14.801,35.662,Static,-,-,000001EAE4AAA500,-,0,0,-,
721,2174.508,10.9279,listener,ragdoll,Lennald the Brash [Whiterun Guard],000D0FF6,-,-,0.000,0.000,0.000,0.000,0.000,0.0000,0.000,-311.888,-308.942,-318.000,0.0855,0.9963,0.0000,0.000,0.000,0.000,-,-,-,0000000000000000,-,0,0,-,tick
724,2211.581,10.9280,listener,ragdoll,Lennald the Brash [Whiterun Guard],000D0FF6,-,-,0.000,0.000,0.000,0.000,0.000,0.0000,0.000,-311.888,-308.942,-318.000,0.0855,0.9963,0.0000,0.000,0.000,0.000,-,-,-,0000000000000000,-,0,0,-,tick
731,2249.376,10.9281,listener,ragdoll,Lennald the Brash [Whiterun Guard],000D0FF6,-,-,0.000,0.000,0.000,0.000,0.000,0.0000,0.000,-311.888,-308.942,-318.000,0.0855,0.9963,0.0000,0.000,0.000,0.000,-,-,-,0000000000000000,-,0,0,-,tick
733,2269.550,10.9282,listener,ragdoll,Lennald the Brash [Whiterun Guard],000D0FF6,-,-,0.000,0.000,0.000,0.000,0.000,0.0000,0.000,-311.888,-308.942,-318.000,0.0855,0.9963,0.0000,0.000,0.000,0.000,-,-,-,0000000000000000,-,0,0,-,tick
734,2279.206,10.9282,touch,ragdoll,Lennald the Brash [Whiterun Guard],000D0FF6,NPC Spine [Spn0],3,0.000,0.000,0.000,34.616,1.591,4.1200,17.816,0.000,0.000,0.000,0.0000,0.0000,0.0000,13.294,27.089,-16.962,Static,-,-,000001EAE4AAA500,-,0,0,-,
735,2297.675,10.9282,impact,ragdoll,Lennald the Brash [Whiterun Guard],000D0FF6,NPC Spine [Spn0],3,17.942,17.942,6.023,34.584,1.590,4.1200,17.816,-280.785,-241.000,-318.000,0.0000,0.0000,1.0000,13.282,27.064,-16.946,Static,Carpet,shape,000001EAE4AAA500,-,1,1,-,
736,2297.867,10.9282,touch,ragdoll,Lennald the Brash [Whiterun Guard],000D0FF6,NPC COM [COM ],0,0.000,0.000,0.000,23.733,1.943,51.5000,18.217,0.000,0.000,0.000,0.0000,0.0000,0.0000,10.070,18.836,-10.347,Static,-,-,000001EA56BED300,-,0,0,-,
737,2298.057,10.9282,impact,ragdoll,Lennald the Brash [Whiterun Guard],000D0FF6,NPC COM [COM ],0,7.397,7.397,17.821,23.711,1.942,51.5000,18.217,-274.039,-237.310,-319.650,0.0000,0.0000,1.0000,10.061,18.818,-10.338,Static,Wood,shape,000001EA56BED300,-,1,1,-,
738,2298.210,10.9282,touch,ragdoll,Lennald the Brash [Whiterun Guard],000D0FF6,NPC L Thigh [LThg],1,0.000,0.000,0.000,19.796,0.761,6.1800,21.102,0.000,0.000,0.000,0.0000,0.0000,0.0000,19.663,2.285,-0.168,Static,-,-,000001EA56BED300,-,0,0,-,
740,2307.996,10.9283,listener,ragdoll,Lennald the Brash [Whiterun Guard],000D0FF6,-,-,0.000,0.000,0.000,0.000,0.000,0.0000,0.000,-311.888,-308.942,-318.000,0.0855,0.9963,0.0000,0.000,0.000,0.000,-,-,-,0000000000000000,-,0,0,-,tick
742,2347.224,10.9284,listener,ragdoll,Lennald the Brash [Whiterun Guard],000D0FF6,-,-,0.000,0.000,0.000,0.000,0.000,0.0000,0.000,-311.888,-308.942,-318.000,0.0855,0.9963,0.0000,0.000,0.000,0.000,-,-,-,0000000000000000,-,0,0,-,tick
746,2367.880,10.9284,listener,ragdoll,Lennald the Brash [Whiterun Guard],000D0FF6,-,-,0.000,0.000,0.000,0.000,0.000,0.0000,0.000,-311.888,-308.942,-318.000,0.0855,0.9963,0.0000,0.000,0.000,0.000,-,-,-,0000000000000000,-,0,0,-,tick
747,2397.879,10.9284,separate,ragdoll,Lennald the Brash [Whiterun Guard],000D0FF6,NPC R Foot [Rft ],8,0.000,0.000,0.000,2.893,0.276,3.0900,10.311,0.000,0.000,0.000,0.0000,0.0000,0.0000,2.878,-0.287,0.059,DeadBip,-,-,000001EB3A1FCD00,17,0,0,-,
748,2397.880,10.9284,separate,ragdoll,Lennald the Brash [Whiterun Guard],000D0FF6,NPC R Hand [RHnd],17,0.000,0.000,0.000,59.155,2.240,4.1200,8.584,0.000,0.000,0.000,0.0000,0.0000,0.0000,4.295,54.546,22.487,DeadBip,-,-,000001EB3A1FE500,8,0,0,-,
749,2398.309,10.9284,touch,ragdoll,Lennald the Brash [Whiterun Guard],000D0FF6,NPC R Hand [RHnd],17,0.000,0.000,0.000,56.118,2.256,4.1200,8.584,0.000,0.000,0.000,0.0000,0.0000,0.0000,6.019,53.069,17.225,DeadBip,-,-,000001EB3A1FE800,4,0,0,-,
750,2398.309,10.9284,touch,ragdoll,Lennald the Brash [Whiterun Guard],000D0FF6,NPC R Calf [RClf],4,0.000,0.000,0.000,1.813,0.184,6.1800,20.265,0.000,0.000,0.000,0.0000,0.0000,0.0000,1.006,-0.193,-1.496,DeadBip,-,-,000001EB3A1FCD00,17,0,0,-,
752,2407.498,10.9285,listener,ragdoll,Lennald the Brash [Whiterun Guard],000D0FF6,-,-,0.000,0.000,0.000,0.000,0.000,0.0000,0.000,-311.888,-308.942,-318.000,0.0855,0.9963,0.0000,0.000,0.000,0.000,-,-,-,0000000000000000,-,0,0,-,tick
753,2417.736,10.9285,impact,ragdoll,Lennald the Brash [Whiterun Guard],000D0FF6,NPC R Hand [RHnd],17,8.534,8.534,53.880,56.063,2.255,4.1200,8.584,-259.076,-273.892,-307.501,-0.0513,-0.4459,0.8936,6.013,53.016,17.208,DeadBip,Skin,shape,000001EB3A1FE800,4,1,1,-,
754,2417.737,10.9285,impact,ragdoll,Lennald the Brash [Whiterun Guard],000D0FF6,NPC R Calf [RClf],4,8.534,-8.534,53.880,1.811,0.184,6.1800,20.265,-259.076,-273.892,-307.501,-0.0513,-0.4459,0.8936,1.005,-0.193,-1.494,DeadBip,Skin,shape,000001EB3A1FCD00,17,1,1,-,
756,2447.427,10.9286,listener,ragdoll,Lennald the Brash [Whiterun Guard],000D0FF6,-,-,0.000,0.000,0.000,0.000,0.000,0.0000,0.000,-311.888,-308.942,-318.000,0.0855,0.9963,0.0000,0.000,0.000,0.000,-,-,-,0000000000000000,-,0,0,-,tick
757,2458.593,10.9286,touch,ragdoll,Lennald the Brash [Whiterun Guard],000D0FF6,NPC R Foot [Rft ],8,0.000,0.000,0.000,1.777,0.651,3.0900,10.311,0.000,0.000,0.000,0.0000,0.0000,0.0000,-1.122,1.276,-0.521,DeadBip,-,-,000001EB3A1FCD00,17,0,0,-,
758,2458.594,10.9286,touch,ragdoll,Lennald the Brash [Whiterun Guard],000D0FF6,NPC R Hand [RHnd],17,0.000,0.000,0.000,45.502,2.233,4.1200,8.584,0.000,0.000,0.000,0.0000,0.0000,0.0000,-1.340,43.590,-12.981,DeadBip,-,-,000001EB3A1FE500,8,0,0,-,
759,2458.899,10.9286,impact,ragdoll,Lennald the Brash [Whiterun Guard],000D0FF6,NPC R Foot [Rft ],8,15.380,15.380,43.479,1.776,0.651,3.0900,10.311,-259.401,-276.416,-301.720,0.0213,0.0809,-0.9965,-1.121,1.275,-0.520,DeadBip,Skin,shape,000001EB3A1FCD00,17,1,1,-,
760,2458.900,10.9286,impact,ragdoll,Lennald the Brash [Whiterun Guard],000D0FF6,NPC R Hand [RHnd],17,15.380,-15.380,43.479,45.457,2.232,4.1200,8.584,-259.401,-276.416,-301.720,0.0213,0.0809,-0.9965,-1.339,43.547,-12.968,DeadBip,Skin,shape,000001EB3A1FE500,8,1,1,-,
762,2467.982,10.9287,listener,ragdoll,Lennald the Brash [Whiterun Guard],000D0FF6,-,-,0.000,0.000,0.000,0.000,0.000,0.0000,0.000,-311.888,-308.942,-318.000,0.0855,0.9963,0.0000,0.000,0.000,0.000,-,-,-,0000000000000000,-,0,0,-,tick
764,2504.383,10.9288,listener,ragdoll,Lennald the Brash [Whiterun Guard],000D0FF6,-,-,0.000,0.000,0.000,0.000,0.000,0.0000,0.000,-311.888,-308.942,-318.000,0.0855,0.9963,0.0000,0.000,0.000,0.000,-,-,-,0000000000000000,-,0,0,-,tick
766,2543.497,10.9289,listener,ragdoll,Lennald the Brash [Whiterun Guard],000D0FF6,-,-,0.000,0.000,0.000,0.000,0.000,0.0000,0.000,-311.888,-308.942,-318.000,0.0855,0.9963,0.0000,0.000,0.000,0.000,-,-,-,0000000000000000,-,0,0,-,tick
768,2562.518,10.9290,listener,ragdoll,Lennald the Brash [Whiterun Guard],000D0FF6,-,-,0.000,0.000,0.000,0.000,0.000,0.0000,0.000,-311.888,-308.942,-318.000,0.0855,0.9963,0.0000,0.000,0.000,0.000,-,-,-,0000000000000000,-,0,0,-,tick
769,2572.692,10.9290,separate,ragdoll,Lennald the Brash [Whiterun Guard],000D0FF6,NPC L Foot [Lft ],7,0.000,0.000,0.000,10.187,1.354,3.0900,10.311,0.000,0.000,0.000,0.0000,0.0000,0.0000,-9.075,3.866,2.544,Static,-,-,000001EA56BED300,-,0,0,-,
771,2600.371,10.9291,listener,ragdoll,Lennald the Brash [Whiterun Guard],000D0FF6,-,-,0.000,0.000,0.000,0.000,0.000,0.0000,0.000,-311.888,-308.942,-318.000,0.0855,0.9963,0.0000,0.000,0.000,0.000,-,-,-,0000000000000000,-,0,0,-,tick
773,2637.831,10.9292,listener,ragdoll,Lennald the Brash [Whiterun Guard],000D0FF6,-,-,0.000,0.000,0.000,0.000,0.000,0.0000,0.000,-311.888,-308.942,-318.000,0.0855,0.9963,0.0000,0.000,0.000,0.000,-,-,-,0000000000000000,-,0,0,-,tick
775,2676.129,10.9293,listener,ragdoll,Lennald the Brash [Whiterun Guard],000D0FF6,-,-,0.000,0.000,0.000,0.000,0.000,0.0000,0.000,-311.888,-308.942,-318.000,0.0855,0.9963,0.0000,0.000,0.000,0.000,-,-,-,0000000000000000,-,0,0,-,tick
777,2695.805,10.9293,listener,ragdoll,Lennald the Brash [Whiterun Guard],000D0FF6,-,-,0.000,0.000,0.000,0.000,0.000,0.0000,0.000,-311.888,-308.942,-318.000,0.0855,0.9963,0.0000,0.000,0.000,0.000,-,-,-,0000000000000000,-,0,0,-,tick
779,2734.952,10.9294,listener,ragdoll,Lennald the Brash [Whiterun Guard],000D0FF6,-,-,0.000,0.000,0.000,0.000,0.000,0.0000,0.000,-311.888,-308.942,-318.000,0.0855,0.9963,0.0000,0.000,0.000,0.000,-,-,-,0000000000000000,-,0,0,-,tick
781,2755.613,10.9295,listener,ragdoll,Lennald the Brash [Whiterun Guard],000D0FF6,-,-,0.000,0.000,0.000,0.000,0.000,0.0000,0.000,-311.888,-308.942,-318.000,0.0855,0.9963,0.0000,0.000,0.000,0.000,-,-,-,0000000000000000,-,0,0,-,tick
783,2797.260,10.9296,listener,ragdoll,Lennald the Brash [Whiterun Guard],000D0FF6,-,-,0.000,0.000,0.000,0.000,0.000,0.0000,0.000,-311.888,-308.942,-318.000,0.0855,0.9963,0.0000,0.000,0.000,0.000,-,-,-,0000000000000000,-,0,0,-,tick
785,2837.253,10.9297,listener,ragdoll,Lennald the Brash [Whiterun Guard],000D0FF6,-,-,0.000,0.000,0.000,0.000,0.000,0.0000,0.000,-311.888,-308.942,-318.000,0.0855,0.9963,0.0000,0.000,0.000,0.000,-,-,-,0000000000000000,-,0,0,-,tick
787,2858.087,10.9298,listener,ragdoll,Lennald the Brash [Whiterun Guard],000D0FF6,-,-,0.000,0.000,0.000,0.000,0.000,0.0000,0.000,-311.888,-308.942,-318.000,0.0855,0.9963,0.0000,0.000,0.000,0.000,-,-,-,0000000000000000,-,0,0,-,tick
789,2899.409,10.9299,listener,ragdoll,Lennald the Brash [Whiterun Guard],000D0FF6,-,-,0.000,0.000,0.000,0.000,0.000,0.0000,0.000,-311.888,-308.942,-318.000,0.0855,0.9963,0.0000,0.000,0.000,0.000,-,-,-,0000000000000000,-,0,0,-,tick
791,2918.893,10.9299,listener,ragdoll,Lennald the Brash [Whiterun Guard],000D0FF6,-,-,0.000,0.000,0.000,0.000,0.000,0.0000,0.000,-311.888,-308.942,-318.000,0.0855,0.9963,0.0000,0.000,0.000,0.000,-,-,-,0000000000000000,-,0,0,-,tick
793,2959.055,10.9301,listener,ragdoll,Lennald the Brash [Whiterun Guard],000D0FF6,-,-,0.000,0.000,0.000,0.000,0.000,0.0000,0.000,-311.888,-308.942,-318.000,0.0855,0.9963,0.0000,0.000,0.000,0.000,-,-,-,0000000000000000,-,0,0,-,tick
794,2986.628,10.9302,touch,ragdoll,Lennald the Brash [Whiterun Guard],000D0FF6,NPC R Hand [RHnd],17,0.000,0.000,0.000,11.783,0.402,4.1200,8.584,0.000,0.000,0.000,0.0000,0.0000,0.0000,-2.275,10.279,-5.292,DeadBip,-,-,000001EB3A1FEB00,2,0,0,-,
795,2986.629,10.9302,touch,ragdoll,Lennald the Brash [Whiterun Guard],000D0FF6,NPC R Thigh [RThg],2,0.000,0.000,0.000,0.839,0.071,6.1800,21.101,0.000,0.000,0.000,0.0000,0.0000,0.0000,0.417,0.719,0.118,DeadBip,-,-,000001EB3A1FCD00,17,0,0,-,
797,2996.116,10.9302,listener,ragdoll,Lennald the Brash [Whiterun Guard],000D0FF6,-,-,0.000,0.000,0.000,0.000,0.000,0.0000,0.000,-311.888,-308.942,-318.000,0.0855,0.9963,0.0000,0.000,0.000,0.000,-,-,-,0000000000000000,-,0,0,-,tick
798,3006.471,10.9302,impact,ragdoll,Lennald the Brash [Whiterun Guard],000D0FF6,NPC R Hand [RHnd],17,8.534,8.534,12.232,11.772,0.402,4.1200,8.584,-256.297,-254.313,-305.129,-0.3669,-0.9194,0.1415,-2.273,10.269,-5.287,DeadBip,Skin,shape,000001EB3A1FEB00,2,1,1,-,
799,3006.472,10.9302,impact,ragdoll,Lennald the Brash [Whiterun Guard],000D0FF6,NPC R Thigh [RThg],2,8.534,-8.534,12.232,0.838,0.071,6.1800,21.101,-256.297,-254.313,-305.129,-0.3669,-0.9194,0.1415,0.416,0.718,0.118,DeadBip,Skin,shape,000001EB3A1FCD00,17,1,1,-,
800,3006.843,10.9302,impact,ragdoll,Lennald the Brash [Whiterun Guard],000D0FF6,NPC R Hand [RHnd],17,8.166,8.166,10.254,11.030,0.288,4.1200,8.584,-256.277,-254.318,-305.163,-0.3684,-0.9194,0.1376,-2.151,9.642,-4.907,DeadBip,Skin,shape,000001EB3A1FEB00,2,0,1,-,
801,3006.843,10.9302,impact,ragdoll,Lennald the Brash [Whiterun Guard],000D0FF6,NPC R Thigh [RThg],2,8.166,-8.166,10.254,0.620,0.063,6.1800,21.101,-256.277,-254.318,-305.163,-0.3684,-0.9194,0.1376,0.257,0.539,0.169,DeadBip,Skin,shape,000001EB3A1FCD00,17,0,1,-,
803,3017.398,10.9302,listener,ragdoll,Lennald the Brash [Whiterun Guard],000D0FF6,-,-,0.000,0.000,0.000,0.000,0.000,0.0000,0.000,-311.888,-308.942,-318.000,0.0855,0.9963,0.0000,0.000,0.000,0.000,-,-,-,0000000000000000,-,0,0,-,tick
805,3050.535,10.9303,listener,ragdoll,Lennald the Brash [Whiterun Guard],000D0FF6,-,-,0.000,0.000,0.000,0.000,0.000,0.0000,0.000,-311.888,-308.942,-318.000,0.0855,0.9963,0.0000,0.000,0.000,0.000,-,-,-,0000000000000000,-,0,0,-,tick
807,3088.563,10.9304,listener,ragdoll,Lennald the Brash [Whiterun Guard],000D0FF6,-,-,0.000,0.000,0.000,0.000,0.000,0.0000,0.000,-311.888,-308.942,-318.000,0.0855,0.9963,0.0000,0.000,0.000,0.000,-,-,-,0000000000000000,-,0,0,-,tick
809,3124.474,10.9305,listener,ragdoll,Lennald the Brash [Whiterun Guard],000D0FF6,-,-,0.000,0.000,0.000,0.000,0.000,0.0000,0.000,-311.888,-308.942,-318.000,0.0855,0.9963,0.0000,0.000,0.000,0.000,-,-,-,0000000000000000,-,0,0,-,tick
811,3143.323,10.9306,listener,ragdoll,Lennald the Brash [Whiterun Guard],000D0FF6,-,-,0.000,0.000,0.000,0.000,0.000,0.0000,0.000,-311.888,-308.942,-318.000,0.0855,0.9963,0.0000,0.000,0.000,0.000,-,-,-,0000000000000000,-,0,0,-,tick
813,3181.227,10.9307,listener,ragdoll,Lennald the Brash [Whiterun Guard],000D0FF6,-,-,0.000,0.000,0.000,0.000,0.000,0.0000,0.000,-311.888,-308.942,-318.000,0.0855,0.9963,0.0000,0.000,0.000,0.000,-,-,-,0000000000000000,-,0,0,-,tick
815,3219.498,10.9308,listener,ragdoll,Lennald the Brash [Whiterun Guard],000D0FF6,-,-,0.000,0.000,0.000,0.000,0.000,0.0000,0.000,-311.888,-308.942,-318.000,0.0855,0.9963,0.0000,0.000,0.000,0.000,-,-,-,0000000000000000,-,0,0,-,tick
817,3240.283,10.9309,listener,ragdoll,Lennald the Brash [Whiterun Guard],000D0FF6,-,-,0.000,0.000,0.000,0.000,0.000,0.0000,0.000,-311.888,-308.942,-318.000,0.0855,0.9963,0.0000,0.000,0.000,0.000,-,-,-,0000000000000000,-,0,0,-,tick
819,3281.812,10.9310,listener,ragdoll,Lennald the Brash [Whiterun Guard],000D0FF6,-,-,0.000,0.000,0.000,0.000,0.000,0.0000,0.000,-311.888,-308.942,-318.000,0.0855,0.9963,0.0000,0.000,0.000,0.000,-,-,-,0000000000000000,-,0,0,-,tick
821,3322.682,10.9311,listener,ragdoll,Lennald the Brash [Whiterun Guard],000D0FF6,-,-,0.000,0.000,0.000,0.000,0.000,0.0000,0.000,-311.888,-308.942,-318.000,0.0855,0.9963,0.0000,0.000,0.000,0.000,-,-,-,0000000000000000,-,0,0,-,tick
823,3342.595,10.9311,listener,ragdoll,Lennald the Brash [Whiterun Guard],000D0FF6,-,-,0.000,0.000,0.000,0.000,0.000,0.0000,0.000,-311.888,-308.942,-318.000,0.0855,0.9963,0.0000,0.000,0.000,0.000,-,-,-,0000000000000000,-,0,0,-,tick
825,3385.135,10.9312,listener,ragdoll,Lennald the Brash [Whiterun Guard],000D0FF6,-,-,0.000,0.000,0.000,0.000,0.000,0.0000,0.000,-311.888,-308.942,-318.000,0.0855,0.9963,0.0000,0.000,0.000,0.000,-,-,-,0000000000000000,-,0,0,-,tick
827,3404.435,10.9313,listener,ragdoll,Lennald the Brash [Whiterun Guard],000D0FF6,-,-,0.000,0.000,0.000,0.000,0.000,0.0000,0.000,-311.888,-308.942,-318.000,0.0855,0.9963,0.0000,0.000,0.000,0.000,-,-,-,0000000000000000,-,0,0,-,tick
829,3446.671,10.9314,listener,ragdoll,Lennald the Brash [Whiterun Guard],000D0FF6,-,-,0.000,0.000,0.000,0.000,0.000,0.0000,0.000,-311.888,-308.942,-318.000,0.0855,0.9963,0.0000,0.000,0.000,0.000,-,-,-,0000000000000000,-,0,0,-,tick
831,3466.036,10.9315,listener,ragdoll,Lennald the Brash [Whiterun Guard],000D0FF6,-,-,0.000,0.000,0.000,0.000,0.000,0.0000,0.000,-311.888,-308.942,-318.000,0.0855,0.9963,0.0000,0.000,0.000,0.000,-,-,-,0000000000000000,-,0,0,-,tick
833,3503.650,10.9316,listener,ragdoll,Lennald the Brash [Whiterun Guard],000D0FF6,-,-,0.000,0.000,0.000,0.000,0.000,0.0000,0.000,-311.888,-308.942,-318.000,0.0855,0.9963,0.0000,0.000,0.000,0.000,-,-,-,0000000000000000,-,0,0,-,tick
835,3540.510,10.9317,listener,ragdoll,Lennald the Brash [Whiterun Guard],000D0FF6,-,-,0.000,0.000,0.000,0.000,0.000,0.0000,0.000,-311.888,-308.942,-318.000,0.0855,0.9963,0.0000,0.000,0.000,0.000,-,-,-,0000000000000000,-,0,0,-,tick
837,3577.221,10.9318,listener,ragdoll,Lennald the Brash [Whiterun Guard],000D0FF6,-,-,0.000,0.000,0.000,0.000,0.000,0.0000,0.000,-311.888,-308.942,-318.000,0.0855,0.9963,0.0000,0.000,0.000,0.000,-,-,-,0000000000000000,-,0,0,-,tick
839,3596.410,10.9319,listener,ragdoll,Lennald the Brash [Whiterun Guard],000D0FF6,-,-,0.000,0.000,0.000,0.000,0.000,0.0000,0.000,-311.888,-308.942,-318.000,0.0855,0.9963,0.0000,0.000,0.000,0.000,-,-,-,0000000000000000,-,0,0,-,tick
841,3634.441,10.9320,listener,ragdoll,Lennald the Brash [Whiterun Guard],000D0FF6,-,-,0.000,0.000,0.000,0.000,0.000,0.0000,0.000,-311.888,-308.942,-318.000,0.0855,0.9963,0.0000,0.000,0.000,0.000,-,-,-,0000000000000000,-,0,0,-,tick
843,3673.214,10.9321,listener,ragdoll,Lennald the Brash [Whiterun Guard],000D0FF6,-,-,0.000,0.000,0.000,0.000,0.000,0.0000,0.000,-311.888,-308.942,-318.000,0.0855,0.9963,0.0000,0.000,0.000,0.000,-,-,-,0000000000000000,-,0,0,-,tick
845,3693.596,10.9321,listener,ragdoll,Lennald the Brash [Whiterun Guard],000D0FF6,-,-,0.000,0.000,0.000,0.000,0.000,0.0000,0.000,-311.888,-308.942,-318.000,0.0855,0.9963,0.0000,0.000,0.000,0.000,-,-,-,0000000000000000,-,0,0,-,tick
847,3733.981,10.9322,listener,ragdoll,Lennald the Brash [Whiterun Guard],000D0FF6,-,-,0.000,0.000,0.000,0.000,0.000,0.0000,0.000,-311.888,-308.942,-318.000,0.0855,0.9963,0.0000,0.000,0.000,0.000,-,-,-,0000000000000000,-,0,0,-,tick
849,3774.613,10.9323,listener,ragdoll,Lennald the Brash [Whiterun Guard],000D0FF6,-,-,0.000,0.000,0.000,0.000,0.000,0.0000,0.000,-311.888,-308.942,-318.000,0.0855,0.9963,0.0000,0.000,0.000,0.000,-,-,-,0000000000000000,-,0,0,-,tick
851,3794.978,10.9324,listener,ragdoll,Lennald the Brash [Whiterun Guard],000D0FF6,-,-,0.000,0.000,0.000,0.000,0.000,0.0000,0.000,-311.888,-308.942,-318.000,0.0855,0.9963,0.0000,0.000,0.000,0.000,-,-,-,0000000000000000,-,0,0,-,tick
853,3836.128,10.9325,listener,ragdoll,Lennald the Brash [Whiterun Guard],000D0FF6,-,-,0.000,0.000,0.000,0.000,0.000,0.0000,0.000,-311.888,-308.942,-318.000,0.0855,0.9963,0.0000,0.000,0.000,0.000,-,-,-,0000000000000000,-,0,0,-,tick
855,3857.410,10.9326,listener,ragdoll,Lennald the Brash [Whiterun Guard],000D0FF6,-,-,0.000,0.000,0.000,0.000,0.000,0.0000,0.000,-311.888,-308.942,-318.000,0.0855,0.9963,0.0000,0.000,0.000,0.000,-,-,-,0000000000000000,-,0,0,-,tick
857,3897.407,10.9327,listener,ragdoll,Lennald the Brash [Whiterun Guard],000D0FF6,-,-,0.000,0.000,0.000,0.000,0.000,0.0000,0.000,-311.888,-308.942,-318.000,0.0855,0.9963,0.0000,0.000,0.000,0.000,-,-,-,0000000000000000,-,0,0,-,tick
859,3935.771,10.9328,listener,ragdoll,Lennald the Brash [Whiterun Guard],000D0FF6,-,-,0.000,0.000,0.000,0.000,0.000,0.0000,0.000,-311.888,-308.942,-318.000,0.0855,0.9963,0.0000,0.000,0.000,0.000,-,-,-,0000000000000000,-,0,0,-,tick
861,3953.642,10.9328,listener,ragdoll,Lennald the Brash [Whiterun Guard],000D0FF6,-,-,0.000,0.000,0.000,0.000,0.000,0.0000,0.000,-311.888,-308.942,-318.000,0.0855,0.9963,0.0000,0.000,0.000,0.000,-,-,-,0000000000000000,-,0,0,-,tick
863,3993.104,10.9329,listener,ragdoll,Lennald the Brash [Whiterun Guard],000D0FF6,-,-,0.000,0.000,0.000,0.000,0.000,0.0000,0.000,-311.888,-308.942,-318.000,0.0855,0.9963,0.0000,0.000,0.000,0.000,-,-,-,0000000000000000,-,0,0,-,tick
865,4029.235,10.9331,listener,ragdoll,Lennald the Brash [Whiterun Guard],000D0FF6,-,-,0.000,0.000,0.000,0.000,0.000,0.0000,0.000,-311.888,-308.942,-318.000,0.0855,0.9963,0.0000,0.000,0.000,0.000,-,-,-,0000000000000000,-,0,0,-,tick
867,4047.778,10.9331,listener,ragdoll,Lennald the Brash [Whiterun Guard],000D0FF6,-,-,0.000,0.000,0.000,0.000,0.000,0.0000,0.000,-311.888,-308.942,-318.000,0.0855,0.9963,0.0000,0.000,0.000,0.000,-,-,-,0000000000000000,-,0,0,-,tick
869,4087.093,10.9332,listener,ragdoll,Lennald the Brash [Whiterun Guard],000D0FF6,-,-,0.000,0.000,0.000,0.000,0.000,0.0000,0.000,-311.888,-308.942,-318.000,0.0855,0.9963,0.0000,0.000,0.000,0.000,-,-,-,0000000000000000,-,0,0,-,tick
871,4125.976,10.9333,listener,ragdoll,Lennald the Brash [Whiterun Guard],000D0FF6,-,-,0.000,0.000,0.000,0.000,0.000,0.0000,0.000,-311.888,-308.942,-318.000,0.0855,0.9963,0.0000,0.000,0.000,0.000,-,-,-,0000000000000000,-,0,0,-,tick
873,4146.409,10.9334,listener,ragdoll,Lennald the Brash [Whiterun Guard],000D0FF6,-,-,0.000,0.000,0.000,0.000,0.000,0.0000,0.000,-311.888,-308.942,-318.000,0.0855,0.9963,0.0000,0.000,0.000,0.000,-,-,-,0000000000000000,-,0,0,-,tick
875,4185.635,10.9335,listener,ragdoll,Lennald the Brash [Whiterun Guard],000D0FF6,-,-,0.000,0.000,0.000,0.000,0.000,0.0000,0.000,-311.888,-308.942,-318.000,0.0855,0.9963,0.0000,0.000,0.000,0.000,-,-,-,0000000000000000,-,0,0,-,tick
877,4224.903,10.9336,listener,ragdoll,Lennald the Brash [Whiterun Guard],000D0FF6,-,-,0.000,0.000,0.000,0.000,0.000,0.0000,0.000,-311.888,-308.942,-318.000,0.0855,0.9963,0.0000,0.000,0.000,0.000,-,-,-,0000000000000000,-,0,0,-,tick
879,4245.219,10.9336,listener,ragdoll,Lennald the Brash [Whiterun Guard],000D0FF6,-,-,0.000,0.000,0.000,0.000,0.000,0.0000,0.000,-311.888,-308.942,-318.000,0.0855,0.9963,0.0000,0.000,0.000,0.000,-,-,-,0000000000000000,-,0,0,-,tick
881,4285.112,10.9338,listener,ragdoll,Lennald the Brash [Whiterun Guard],000D0FF6,-,-,0.000,0.000,0.000,0.000,0.000,0.0000,0.000,-311.888,-308.942,-318.000,0.0855,0.9963,0.0000,0.000,0.000,0.000,-,-,-,0000000000000000,-,0,0,-,tick
883,4307.752,10.9338,listener,ragdoll,Lennald the Brash [Whiterun Guard],000D0FF6,-,-,0.000,0.000,0.000,0.000,0.000,0.0000,0.000,-311.888,-308.942,-318.000,0.0855,0.9963,0.0000,0.000,0.000,0.000,-,-,-,0000000000000000,-,0,0,-,tick
885,4343.431,10.9339,listener,ragdoll,Lennald the Brash [Whiterun Guard],000D0FF6,-,-,0.000,0.000,0.000,0.000,0.000,0.0000,0.000,-311.888,-308.942,-318.000,0.0855,0.9963,0.0000,0.000,0.000,0.000,-,-,-,0000000000000000,-,0,0,-,tick
887,4380.930,10.9340,listener,ragdoll,Lennald the Brash [Whiterun Guard],000D0FF6,-,-,0.000,0.000,0.000,0.000,0.000,0.0000,0.000,-311.888,-308.942,-318.000,0.0855,0.9963,0.0000,0.000,0.000,0.000,-,-,-,0000000000000000,-,0,0,-,tick
889,4419.734,10.9341,listener,ragdoll,Lennald the Brash [Whiterun Guard],000D0FF6,-,-,0.000,0.000,0.000,0.000,0.000,0.0000,0.000,-311.888,-308.942,-318.000,0.0855,0.9963,0.0000,0.000,0.000,0.000,-,-,-,0000000000000000,-,0,0,-,tick
891,4438.219,10.9342,listener,ragdoll,Lennald the Brash [Whiterun Guard],000D0FF6,-,-,0.000,0.000,0.000,0.000,0.000,0.0000,0.000,-311.888,-308.942,-318.000,0.0855,0.9963,0.0000,0.000,0.000,0.000,-,-,-,0000000000000000,-,0,0,-,tick
893,4476.223,10.9343,listener,ragdoll,Lennald the Brash [Whiterun Guard],000D0FF6,-,-,0.000,0.000,0.000,0.000,0.000,0.0000,0.000,-311.888,-308.942,-318.000,0.0855,0.9963,0.0000,0.000,0.000,0.000,-,-,-,0000000000000000,-,0,0,-,tick
895,4514.304,10.9344,listener,ragdoll,Lennald the Brash [Whiterun Guard],000D0FF6,-,-,0.000,0.000,0.000,0.000,0.000,0.0000,0.000,-311.888,-308.942,-318.000,0.0855,0.9963,0.0000,0.000,0.000,0.000,-,-,-,0000000000000000,-,0,0,-,tick
897,4534.929,10.9345,listener,ragdoll,Lennald the Brash [Whiterun Guard],000D0FF6,-,-,0.000,0.000,0.000,0.000,0.000,0.0000,0.000,-311.888,-308.942,-318.000,0.0855,0.9963,0.0000,0.000,0.000,0.000,-,-,-,0000000000000000,-,0,0,-,tick
899,4576.285,10.9346,listener,ragdoll,Lennald the Brash [Whiterun Guard],000D0FF6,-,-,0.000,0.000,0.000,0.000,0.000,0.0000,0.000,-311.888,-308.942,-318.000,0.0855,0.9963,0.0000,0.000,0.000,0.000,-,-,-,0000000000000000,-,0,0,-,tick
901,4598.472,10.9346,listener,ragdoll,Lennald the Brash [Whiterun Guard],000D0FF6,-,-,0.000,0.000,0.000,0.000,0.000,0.0000,0.000,-311.888,-308.942,-318.000,0.0855,0.9963,0.0000,0.000,0.000,0.000,-,-,-,0000000000000000,-,0,0,-,tick
903,4637.430,10.9347,listener,ragdoll,Lennald the Brash [Whiterun Guard],000D0FF6,-,-,0.000,0.000,0.000,0.000,0.000,0.0000,0.000,-311.888,-308.942,-318.000,0.0855,0.9963,0.0000,0.000,0.000,0.000,-,-,-,0000000000000000,-,0,0,-,tick
905,4679.592,10.9348,listener,ragdoll,Lennald the Brash [Whiterun Guard],000D0FF6,-,-,0.000,0.000,0.000,0.000,0.000,0.0000,0.000,-311.888,-308.942,-318.000,0.0855,0.9963,0.0000,0.000,0.000,0.000,-,-,-,0000000000000000,-,0,0,-,tick
907,4698.300,10.9349,listener,ragdoll,Lennald the Brash [Whiterun Guard],000D0FF6,-,-,0.000,0.000,0.000,0.000,0.000,0.0000,0.000,-311.888,-308.942,-318.000,0.0855,0.9963,0.0000,0.000,0.000,0.000,-,-,-,0000000000000000,-,0,0,-,tick
909,4738.946,10.9350,listener,ragdoll,Lennald the Brash [Whiterun Guard],000D0FF6,-,-,0.000,0.000,0.000,0.000,0.000,0.0000,0.000,-311.888,-308.942,-318.000,0.0855,0.9963,0.0000,0.000,0.000,0.000,-,-,-,0000000000000000,-,0,0,-,tick
911,4758.944,10.9351,listener,ragdoll,Lennald the Brash [Whiterun Guard],000D0FF6,-,-,0.000,0.000,0.000,0.000,0.000,0.0000,0.000,-311.888,-308.942,-318.000,0.0855,0.9963,0.0000,0.000,0.000,0.000,-,-,-,0000000000000000,-,0,0,-,tick
913,4798.274,10.9352,listener,ragdoll,Lennald the Brash [Whiterun Guard],000D0FF6,-,-,0.000,0.000,0.000,0.000,0.000,0.0000,0.000,-311.888,-308.942,-318.000,0.0855,0.9963,0.0000,0.000,0.000,0.000,-,-,-,0000000000000000,-,0,0,-,tick
915,4837.282,10.9353,listener,ragdoll,Lennald the Brash [Whiterun Guard],000D0FF6,-,-,0.000,0.000,0.000,0.000,0.000,0.0000,0.000,-311.888,-308.942,-318.000,0.0855,0.9963,0.0000,0.000,0.000,0.000,-,-,-,0000000000000000,-,0,0,-,tick
917,4855.628,10.9353,listener,ragdoll,Lennald the Brash [Whiterun Guard],000D0FF6,-,-,0.000,0.000,0.000,0.000,0.000,0.0000,0.000,-311.888,-308.942,-318.000,0.0855,0.9963,0.0000,0.000,0.000,0.000,-,-,-,0000000000000000,-,0,0,-,tick
919,4894.900,10.9355,listener,ragdoll,Lennald the Brash [Whiterun Guard],000D0FF6,-,-,0.000,0.000,0.000,0.000,0.000,0.0000,0.000,-311.888,-308.942,-318.000,0.0855,0.9963,0.0000,0.000,0.000,0.000,-,-,-,0000000000000000,-,0,0,-,tick
921,4933.272,10.9356,listener,ragdoll,Lennald the Brash [Whiterun Guard],000D0FF6,-,-,0.000,0.000,0.000,0.000,0.000,0.0000,0.000,-311.888,-308.942,-318.000,0.0855,0.9963,0.0000,0.000,0.000,0.000,-,-,-,0000000000000000,-,0,0,-,tick
923,4953.003,10.9356,listener,ragdoll,Lennald the Brash [Whiterun Guard],000D0FF6,-,-,0.000,0.000,0.000,0.000,0.000,0.0000,0.000,-311.888,-308.942,-318.000,0.0855,0.9963,0.0000,0.000,0.000,0.000,-,-,-,0000000000000000,-,0,0,-,tick
925,4992.608,10.9357,listener,ragdoll,Lennald the Brash [Whiterun Guard],000D0FF6,-,-,0.000,0.000,0.000,0.000,0.000,0.0000,0.000,-311.888,-308.942,-318.000,0.0855,0.9963,0.0000,0.000,0.000,0.000,-,-,-,0000000000000000,-,0,0,-,tick
927,5033.360,10.9358,listener,ragdoll,Lennald the Brash [Whiterun Guard],000D0FF6,-,-,0.000,0.000,0.000,0.000,0.000,0.0000,0.000,-311.888,-308.942,-318.000,0.0855,0.9963,0.0000,0.000,0.000,0.000,-,-,-,0000000000000000,-,0,0,-,tick
929,5053.220,10.9359,listener,ragdoll,Lennald the Brash [Whiterun Guard],000D0FF6,-,-,0.000,0.000,0.000,0.000,0.000,0.0000,0.000,-311.888,-308.942,-318.000,0.0855,0.9963,0.0000,0.000,0.000,0.000,-,-,-,0000000000000000,-,0,0,-,tick
931,5092.932,10.9360,listener,ragdoll,Lennald the Brash [Whiterun Guard],000D0FF6,-,-,0.000,0.000,0.000,0.000,0.000,0.0000,0.000,-311.888,-308.942,-318.000,0.0855,0.9963,0.0000,0.000,0.000,0.000,-,-,-,0000000000000000,-,0,0,-,tick
933,5132.036,10.9361,listener,ragdoll,Lennald the Brash [Whiterun Guard],000D0FF6,-,-,0.000,0.000,0.000,0.000,0.000,0.0000,0.000,-311.888,-308.942,-318.000,0.0855,0.9963,0.0000,0.000,0.000,0.000,-,-,-,0000000000000000,-,0,0,-,tick
935,5151.364,10.9362,listener,ragdoll,Lennald the Brash [Whiterun Guard],000D0FF6,-,-,0.000,0.000,0.000,0.000,0.000,0.0000,0.000,-311.888,-308.942,-318.000,0.0855,0.9963,0.0000,0.000,0.000,0.000,-,-,-,0000000000000000,-,0,0,-,tick
937,5187.913,10.9363,listener,ragdoll,Lennald the Brash [Whiterun Guard],000D0FF6,-,-,0.000,0.000,0.000,0.000,0.000,0.0000,0.000,-311.888,-308.942,-318.000,0.0855,0.9963,0.0000,0.000,0.000,0.000,-,-,-,0000000000000000,-,0,0,-,tick
939,5224.602,10.9364,listener,ragdoll,Lennald the Brash [Whiterun Guard],000D0FF6,-,-,0.000,0.000,0.000,0.000,0.000,0.0000,0.000,-311.888,-308.942,-318.000,0.0855,0.9963,0.0000,0.000,0.000,0.000,-,-,-,0000000000000000,-,0,0,-,tick
941,5243.115,10.9364,listener,ragdoll,Lennald the Brash [Whiterun Guard],000D0FF6,-,-,0.000,0.000,0.000,0.000,0.000,0.0000,0.000,-311.888,-308.942,-318.000,0.0855,0.9963,0.0000,0.000,0.000,0.000,-,-,-,0000000000000000,-,0,0,-,tick
943,5281.372,10.9365,listener,ragdoll,Lennald the Brash [Whiterun Guard],000D0FF6,-,-,0.000,0.000,0.000,0.000,0.000,0.0000,0.000,-311.888,-308.942,-318.000,0.0855,0.9963,0.0000,0.000,0.000,0.000,-,-,-,0000000000000000,-,0,0,-,tick
945,5320.137,10.9366,listener,ragdoll,Lennald the Brash [Whiterun Guard],000D0FF6,-,-,0.000,0.000,0.000,0.000,0.000,0.0000,0.000,-311.888,-308.942,-318.000,0.0855,0.9963,0.0000,0.000,0.000,0.000,-,-,-,0000000000000000,-,0,0,-,tick
947,5358.946,10.9367,listener,ragdoll,Lennald the Brash [Whiterun Guard],000D0FF6,-,-,0.000,0.000,0.000,0.000,0.000,0.0000,0.000,-311.888,-308.942,-318.000,0.0855,0.9963,0.0000,0.000,0.000,0.000,-,-,-,0000000000000000,-,0,0,-,tick
949,5378.135,10.9368,listener,ragdoll,Lennald the Brash [Whiterun Guard],000D0FF6,-,-,0.000,0.000,0.000,0.000,0.000,0.0000,0.000,-311.888,-308.942,-318.000,0.0855,0.9963,0.0000,0.000,0.000,0.000,-,-,-,0000000000000000,-,0,0,-,tick
951,5417.258,10.9369,listener,ragdoll,Lennald the Brash [Whiterun Guard],000D0FF6,-,-,0.000,0.000,0.000,0.000,0.000,0.0000,0.000,-311.888,-308.942,-318.000,0.0855,0.9963,0.0000,0.000,0.000,0.000,-,-,-,0000000000000000,-,0,0,-,tick
953,5437.926,10.9369,listener,ragdoll,Lennald the Brash [Whiterun Guard],000D0FF6,-,-,0.000,0.000,0.000,0.000,0.000,0.0000,0.000,-311.888,-308.942,-318.000,0.0855,0.9963,0.0000,0.000,0.000,0.000,-,-,-,0000000000000000,-,0,0,-,tick
955,5477.446,10.9371,listener,ragdoll,Lennald the Brash [Whiterun Guard],000D0FF6,-,-,0.000,0.000,0.000,0.000,0.000,0.0000,0.000,-311.888,-308.942,-318.000,0.0855,0.9963,0.0000,0.000,0.000,0.000,-,-,-,0000000000000000,-,0,0,-,tick
957,5516.776,10.9372,listener,ragdoll,Lennald the Brash [Whiterun Guard],000D0FF6,-,-,0.000,0.000,0.000,0.000,0.000,0.0000,0.000,-311.888,-308.942,-318.000,0.0855,0.9963,0.0000,0.000,0.000,0.000,-,-,-,0000000000000000,-,0,0,-,tick
959,5537.052,10.9372,listener,ragdoll,Lennald the Brash [Whiterun Guard],000D0FF6,-,-,0.000,0.000,0.000,0.000,0.000,0.0000,0.000,-311.888,-308.942,-318.000,0.0855,0.9963,0.0000,0.000,0.000,0.000,-,-,-,0000000000000000,-,0,0,-,tick
961,5578.482,10.9373,listener,ragdoll,Lennald the Brash [Whiterun Guard],000D0FF6,-,-,0.000,0.000,0.000,0.000,0.000,0.0000,0.000,-311.888,-308.942,-318.000,0.0855,0.9963,0.0000,0.000,0.000,0.000,-,-,-,0000000000000000,-,0,0,-,tick
963,5598.727,10.9374,listener,ragdoll,Lennald the Brash [Whiterun Guard],000D0FF6,-,-,0.000,0.000,0.000,0.000,0.000,0.0000,0.000,-311.888,-308.942,-318.000,0.0855,0.9963,0.0000,0.000,0.000,0.000,-,-,-,0000000000000000,-,0,0,-,tick
965,5639.033,10.9375,listener,ragdoll,Lennald the Brash [Whiterun Guard],000D0FF6,-,-,0.000,0.000,0.000,0.000,0.000,0.0000,0.000,-311.888,-308.942,-318.000,0.0855,0.9963,0.0000,0.000,0.000,0.000,-,-,-,0000000000000000,-,0,0,-,tick
967,5679.734,10.9376,listener,ragdoll,Lennald the Brash [Whiterun Guard],000D0FF6,-,-,0.000,0.000,0.000,0.000,0.000,0.0000,0.000,-311.888,-308.942,-318.000,0.0855,0.9963,0.0000,0.000,0.000,0.000,-,-,-,0000000000000000,-,0,0,-,tick
969,5699.426,10.9377,listener,ragdoll,Lennald the Brash [Whiterun Guard],000D0FF6,-,-,0.000,0.000,0.000,0.000,0.000,0.0000,0.000,-311.888,-308.942,-318.000,0.0855,0.9963,0.0000,0.000,0.000,0.000,-,-,-,0000000000000000,-,0,0,-,tick
971,5737.894,10.9378,listener,ragdoll,Lennald the Brash [Whiterun Guard],000D0FF6,-,-,0.000,0.000,0.000,0.000,0.000,0.0000,0.000,-311.888,-308.942,-318.000,0.0855,0.9963,0.0000,0.000,0.000,0.000,-,-,-,0000000000000000,-,0,0,-,tick
973,5776.867,10.9379,listener,ragdoll,Lennald the Brash [Whiterun Guard],000D0FF6,-,-,0.000,0.000,0.000,0.000,0.000,0.0000,0.000,-311.888,-308.942,-318.000,0.0855,0.9963,0.0000,0.000,0.000,0.000,-,-,-,0000000000000000,-,0,0,-,tick
975,5797.081,10.9379,listener,ragdoll,Lennald the Brash [Whiterun Guard],000D0FF6,-,-,0.000,0.000,0.000,0.000,0.000,0.0000,0.000,-311.888,-308.942,-318.000,0.0855,0.9963,0.0000,0.000,0.000,0.000,-,-,-,0000000000000000,-,0,0,-,tick
977,5834.362,10.9381,listener,ragdoll,Lennald the Brash [Whiterun Guard],000D0FF6,-,-,0.000,0.000,0.000,0.000,0.000,0.0000,0.000,-311.888,-308.942,-318.000,0.0855,0.9963,0.0000,0.000,0.000,0.000,-,-,-,0000000000000000,-,0,0,-,tick
979,5874.044,10.9382,listener,ragdoll,Lennald the Brash [Whiterun Guard],000D0FF6,-,-,0.000,0.000,0.000,0.000,0.000,0.0000,0.000,-311.888,-308.942,-318.000,0.0855,0.9963,0.0000,0.000,0.000,0.000,-,-,-,0000000000000000,-,0,0,-,tick
981,5894.604,10.9382,listener,ragdoll,Lennald the Brash [Whiterun Guard],000D0FF6,-,-,0.000,0.000,0.000,0.000,0.000,0.0000,0.000,-311.888,-308.942,-318.000,0.0855,0.9963,0.0000,0.000,0.000,0.000,-,-,-,0000000000000000,-,0,0,-,tick
983,5933.984,10.9383,listener,ragdoll,Lennald the Brash [Whiterun Guard],000D0FF6,-,-,0.000,0.000,0.000,0.000,0.000,0.0000,0.000,-311.888,-308.942,-318.000,0.0855,0.9963,0.0000,0.000,0.000,0.000,-,-,-,0000000000000000,-,0,0,-,tick
985,5954.057,10.9384,listener,ragdoll,Lennald the Brash [Whiterun Guard],000D0FF6,-,-,0.000,0.000,0.000,0.000,0.000,0.0000,0.000,-311.888,-308.942,-318.000,0.0855,0.9963,0.0000,0.000,0.000,0.000,-,-,-,0000000000000000,-,0,0,-,tick
987,5995.975,10.9385,listener,ragdoll,Lennald the Brash [Whiterun Guard],000D0FF6,-,-,0.000,0.000,0.000,0.000,0.000,0.0000,0.000,-311.888,-308.942,-318.000,0.0855,0.9963,0.0000,0.000,0.000,0.000,-,-,-,0000000000000000,-,0,0,-,tick
989,6034.644,10.9386,listener,ragdoll,Lennald the Brash [Whiterun Guard],000D0FF6,-,-,0.000,0.000,0.000,0.000,0.000,0.0000,0.000,-311.888,-308.942,-318.000,0.0855,0.9963,0.0000,0.000,0.000,0.000,-,-,-,0000000000000000,-,0,0,-,tick
991,6053.633,10.9387,listener,ragdoll,Lennald the Brash [Whiterun Guard],000D0FF6,-,-,0.000,0.000,0.000,0.000,0.000,0.0000,0.000,-311.888,-308.942,-318.000,0.0855,0.9963,0.0000,0.000,0.000,0.000,-,-,-,0000000000000000,-,0,0,-,tick
993,6093.443,10.9388,listener,ragdoll,Lennald the Brash [Whiterun Guard],000D0FF6,-,-,0.000,0.000,0.000,0.000,0.000,0.0000,0.000,-311.888,-308.942,-318.000,0.0855,0.9963,0.0000,0.000,0.000,0.000,-,-,-,0000000000000000,-,0,0,-,tick
995,6132.941,10.9389,listener,ragdoll,Lennald the Brash [Whiterun Guard],000D0FF6,-,-,0.000,0.000,0.000,0.000,0.000,0.0000,0.000,-311.888,-308.942,-318.000,0.0855,0.9963,0.0000,0.000,0.000,0.000,-,-,-,0000000000000000,-,0,0,-,tick
997,6151.645,10.9389,listener,ragdoll,Lennald the Brash [Whiterun Guard],000D0FF6,-,-,0.000,0.000,0.000,0.000,0.000,0.0000,0.000,-311.888,-308.942,-318.000,0.0855,0.9963,0.0000,0.000,0.000,0.000,-,-,-,0000000000000000,-,0,0,-,tick
999,6190.893,10.9390,listener,ragdoll,Lennald the Brash [Whiterun Guard],000D0FF6,-,-,0.000,0.000,0.000,0.000,0.000,0.0000,0.000,-311.888,-308.942,-318.000,0.0855,0.9963,0.0000,0.000,0.000,0.000,-,-,-,0000000000000000,-,0,0,-,tick
1001,6225.632,10.9391,listener,ragdoll,Lennald the Brash [Whiterun Guard],000D0FF6,-,-,0.000,0.000,0.000,0.000,0.000,0.0000,0.000,-311.888,-308.942,-318.000,0.0855,0.9963,0.0000,0.000,0.000,0.000,-,-,-,0000000000000000,-,0,0,-,tick
1003,6244.245,10.9392,listener,ragdoll,Lennald the Brash [Whiterun Guard],000D0FF6,-,-,0.000,0.000,0.000,0.000,0.000,0.0000,0.000,-311.888,-308.942,-318.000,0.0855,0.9963,0.0000,0.000,0.000,0.000,-,-,-,0000000000000000,-,0,0,-,tick
1005,6282.229,10.9393,listener,ragdoll,Lennald the Brash [Whiterun Guard],000D0FF6,-,-,0.000,0.000,0.000,0.000,0.000,0.0000,0.000,-311.888,-308.942,-318.000,0.0855,0.9963,0.0000,0.000,0.000,0.000,-,-,-,0000000000000000,-,0,0,-,tick
1007,6321.983,10.9394,listener,ragdoll,Lennald the Brash [Whiterun Guard],000D0FF6,-,-,0.000,0.000,0.000,0.000,0.000,0.0000,0.000,-311.888,-308.942,-318.000,0.0855,0.9963,0.0000,0.000,0.000,0.000,-,-,-,0000000000000000,-,0,0,-,tick
1009,6359.526,10.9395,listener,ragdoll,Lennald the Brash [Whiterun Guard],000D0FF6,-,-,0.000,0.000,0.000,0.000,0.000,0.0000,0.000,-311.888,-308.942,-318.000,0.0855,0.9963,0.0000,0.000,0.000,0.000,-,-,-,0000000000000000,-,0,0,-,tick
1011,6379.801,10.9396,listener,ragdoll,Lennald the Brash [Whiterun Guard],000D0FF6,-,-,0.000,0.000,0.000,0.000,0.000,0.0000,0.000,-311.888,-308.942,-318.000,0.0855,0.9963,0.0000,0.000,0.000,0.000,-,-,-,0000000000000000,-,0,0,-,tick
1013,6420.324,10.9397,listener,ragdoll,Lennald the Brash [Whiterun Guard],000D0FF6,-,-,0.000,0.000,0.000,0.000,0.000,0.0000,0.000,-311.888,-308.942,-318.000,0.0855,0.9963,0.0000,0.000,0.000,0.000,-,-,-,0000000000000000,-,0,0,-,tick
1015,6439.503,10.9397,listener,ragdoll,Lennald the Brash [Whiterun Guard],000D0FF6,-,-,0.000,0.000,0.000,0.000,0.000,0.0000,0.000,-311.888,-308.942,-318.000,0.0855,0.9963,0.0000,0.000,0.000,0.000,-,-,-,0000000000000000,-,0,0,-,tick
1017,6481.274,10.9398,listener,ragdoll,Lennald the Brash [Whiterun Guard],000D0FF6,-,-,0.000,0.000,0.000,0.000,0.000,0.0000,0.000,-311.888,-308.942,-318.000,0.0855,0.9963,0.0000,0.000,0.000,0.000,-,-,-,0000000000000000,-,0,0,-,tick
1019,6520.485,10.9399,listener,ragdoll,Lennald the Brash [Whiterun Guard],000D0FF6,-,-,0.000,0.000,0.000,0.000,0.000,0.0000,0.000,-311.888,-308.942,-318.000,0.0855,0.9963,0.0000,0.000,0.000,0.000,-,-,-,0000000000000000,-,0,0,-,tick
1021,6539.714,10.9400,listener,ragdoll,Lennald the Brash [Whiterun Guard],000D0FF6,-,-,0.000,0.000,0.000,0.000,0.000,0.0000,0.000,-311.888,-308.942,-318.000,0.0855,0.9963,0.0000,0.000,0.000,0.000,-,-,-,0000000000000000,-,0,0,-,tick
1023,6580.163,10.9401,listener,ragdoll,Lennald the Brash [Whiterun Guard],000D0FF6,-,-,0.000,0.000,0.000,0.000,0.000,0.0000,0.000,-311.888,-308.942,-318.000,0.0855,0.9963,0.0000,0.000,0.000,0.000,-,-,-,0000000000000000,-,0,0,-,tick
1025,6600.275,10.9402,listener,ragdoll,Lennald the Brash [Whiterun Guard],000D0FF6,-,-,0.000,0.000,0.000,0.000,0.000,0.0000,0.000,-311.888,-308.942,-318.000,0.0855,0.9963,0.0000,0.000,0.000,0.000,-,-,-,0000000000000000,-,0,0,-,tick
1027,6639.014,10.9403,listener,ragdoll,Lennald the Brash [Whiterun Guard],000D0FF6,-,-,0.000,0.000,0.000,0.000,0.000,0.0000,0.000,-311.888,-308.942,-318.000,0.0855,0.9963,0.0000,0.000,0.000,0.000,-,-,-,0000000000000000,-,0,0,-,tick
1029,6678.773,10.9404,listener,ragdoll,Lennald the Brash [Whiterun Guard],000D0FF6,-,-,0.000,0.000,0.000,0.000,0.000,0.0000,0.000,-311.888,-308.942,-318.000,0.0855,0.9963,0.0000,0.000,0.000,0.000,-,-,-,0000000000000000,-,0,0,-,tick
1031,6697.904,10.9404,listener,ragdoll,Lennald the Brash [Whiterun Guard],000D0FF6,-,-,0.000,0.000,0.000,0.000,0.000,0.0000,0.000,-311.888,-308.942,-318.000,0.0855,0.9963,0.0000,0.000,0.000,0.000,-,-,-,0000000000000000,-,0,0,-,tick
1033,6737.078,10.9406,listener,ragdoll,Lennald the Brash [Whiterun Guard],000D0FF6,-,-,0.000,0.000,0.000,0.000,0.000,0.0000,0.000,-311.888,-308.942,-318.000,0.0855,0.9963,0.0000,0.000,0.000,0.000,-,-,-,0000000000000000,-,0,0,-,tick
1035,6777.208,10.9407,listener,ragdoll,Lennald the Brash [Whiterun Guard],000D0FF6,-,-,0.000,0.000,0.000,0.000,0.000,0.0000,0.000,-311.888,-308.942,-318.000,0.0855,0.9963,0.0000,0.000,0.000,0.000,-,-,-,0000000000000000,-,0,0,-,tick
1037,6796.610,10.9407,listener,ragdoll,Lennald the Brash [Whiterun Guard],000D0FF6,-,-,0.000,0.000,0.000,0.000,0.000,0.0000,0.000,-311.888,-308.942,-318.000,0.0855,0.9963,0.0000,0.000,0.000,0.000,-,-,-,0000000000000000,-,0,0,-,tick
1039,6836.267,10.9408,listener,ragdoll,Lennald the Brash [Whiterun Guard],000D0FF6,-,-,0.000,0.000,0.000,0.000,0.000,0.0000,0.000,-311.888,-308.942,-318.000,0.0855,0.9963,0.0000,0.000,0.000,0.000,-,-,-,0000000000000000,-,0,0,-,tick
1041,6875.528,10.9409,listener,ragdoll,Lennald the Brash [Whiterun Guard],000D0FF6,-,-,0.000,0.000,0.000,0.000,0.000,0.0000,0.000,-311.888,-308.942,-318.000,0.0855,0.9963,0.0000,0.000,0.000,0.000,-,-,-,0000000000000000,-,0,0,-,tick
1043,6896.600,10.9410,listener,ragdoll,Lennald the Brash [Whiterun Guard],000D0FF6,-,-,0.000,0.000,0.000,0.000,0.000,0.0000,0.000,-311.888,-308.942,-318.000,0.0855,0.9963,0.0000,0.000,0.000,0.000,-,-,-,0000000000000000,-,0,0,-,tick
1045,6935.669,10.9411,listener,ragdoll,Lennald the Brash [Whiterun Guard],000D0FF6,-,-,0.000,0.000,0.000,0.000,0.000,0.0000,0.000,-311.888,-308.942,-318.000,0.0855,0.9963,0.0000,0.000,0.000,0.000,-,-,-,0000000000000000,-,0,0,-,tick
1047,6955.324,10.9412,listener,ragdoll,Lennald the Brash [Whiterun Guard],000D0FF6,-,-,0.000,0.000,0.000,0.000,0.000,0.0000,0.000,-311.888,-308.942,-318.000,0.0855,0.9963,0.0000,0.000,0.000,0.000,-,-,-,0000000000000000,-,0,0,-,tick
1049,6994.209,10.9413,listener,ragdoll,Lennald the Brash [Whiterun Guard],000D0FF6,-,-,0.000,0.000,0.000,0.000,0.000,0.0000,0.000,-311.888,-308.942,-318.000,0.0855,0.9963,0.0000,0.000,0.000,0.000,-,-,-,0000000000000000,-,0,0,-,tick
1051,7032.947,10.9414,listener,ragdoll,Lennald the Brash [Whiterun Guard],000D0FF6,-,-,0.000,0.000,0.000,0.000,0.000,0.0000,0.000,-311.888,-308.942,-318.000,0.0855,0.9963,0.0000,0.000,0.000,0.000,-,-,-,0000000000000000,-,0,0,-,tick
1053,7052.076,10.9414,listener,ragdoll,Lennald the Brash [Whiterun Guard],000D0FF6,-,-,0.000,0.000,0.000,0.000,0.000,0.0000,0.000,-311.888,-308.942,-318.000,0.0855,0.9963,0.0000,0.000,0.000,0.000,-,-,-,0000000000000000,-,0,0,-,tick
1055,7090.904,10.9415,listener,ragdoll,Lennald the Brash [Whiterun Guard],000D0FF6,-,-,0.000,0.000,0.000,0.000,0.000,0.0000,0.000,-311.888,-308.942,-318.000,0.0855,0.9963,0.0000,0.000,0.000,0.000,-,-,-,0000000000000000,-,0,0,-,tick
1057,7129.633,10.9416,listener,ragdoll,Lennald the Brash [Whiterun Guard],000D0FF6,-,-,0.000,0.000,0.000,0.000,0.000,0.0000,0.000,-311.888,-308.942,-318.000,0.0855,0.9963,0.0000,0.000,0.000,0.000,-,-,-,0000000000000000,-,0,0,-,tick
1059,7147.813,10.9417,listener,ragdoll,Lennald the Brash [Whiterun Guard],000D0FF6,-,-,0.000,0.000,0.000,0.000,0.000,0.0000,0.000,-311.888,-308.942,-318.000,0.0855,0.9963,0.0000,0.000,0.000,0.000,-,-,-,0000000000000000,-,0,0,-,tick
1061,7184.795,10.9418,listener,ragdoll,Lennald the Brash [Whiterun Guard],000D0FF6,-,-,0.000,0.000,0.000,0.000,0.000,0.0000,0.000,-311.888,-308.942,-318.000,0.0855,0.9963,0.0000,0.000,0.000,0.000,-,-,-,0000000000000000,-,0,0,-,tick
1063,7222.587,10.9419,listener,ragdoll,Lennald the Brash [Whiterun Guard],000D0FF6,-,-,0.000,0.000,0.000,0.000,0.000,0.0000,0.000,-311.888,-308.942,-318.000,0.0855,0.9963,0.0000,0.000,0.000,0.000,-,-,-,0000000000000000,-,0,0,-,tick
1065,7262.107,10.9420,listener,ragdoll,Lennald the Brash [Whiterun Guard],000D0FF6,-,-,0.000,0.000,0.000,0.000,0.000,0.0000,0.000,-311.888,-308.942,-318.000,0.0855,0.9963,0.0000,0.000,0.000,0.000,-,-,-,0000000000000000,-,0,0,-,tick
1067,7281.075,10.9421,listener,ragdoll,Lennald the Brash [Whiterun Guard],000D0FF6,-,-,0.000,0.000,0.000,0.000,0.000,0.0000,0.000,-311.888,-308.942,-318.000,0.0855,0.9963,0.0000,0.000,0.000,0.000,-,-,-,0000000000000000,-,0,0,-,tick
1069,7320.117,10.9422,listener,ragdoll,Lennald the Brash [Whiterun Guard],000D0FF6,-,-,0.000,0.000,0.000,0.000,0.000,0.0000,0.000,-311.888,-308.942,-318.000,0.0855,0.9963,0.0000,0.000,0.000,0.000,-,-,-,0000000000000000,-,0,0,-,tick
1071,7358.492,10.9423,listener,ragdoll,Lennald the Brash [Whiterun Guard],000D0FF6,-,-,0.000,0.000,0.000,0.000,0.000,0.0000,0.000,-311.888,-308.942,-318.000,0.0855,0.9963,0.0000,0.000,0.000,0.000,-,-,-,0000000000000000,-,0,0,-,tick
1073,7377.930,10.9423,listener,ragdoll,Lennald the Brash [Whiterun Guard],000D0FF6,-,-,0.000,0.000,0.000,0.000,0.000,0.0000,0.000,-311.888,-308.942,-318.000,0.0855,0.9963,0.0000,0.000,0.000,0.000,-,-,-,0000000000000000,-,0,0,-,tick
1075,7419.824,10.9424,listener,ragdoll,Lennald the Brash [Whiterun Guard],000D0FF6,-,-,0.000,0.000,0.000,0.000,0.000,0.0000,0.000,-311.888,-308.942,-318.000,0.0855,0.9963,0.0000,0.000,0.000,0.000,-,-,-,0000000000000000,-,0,0,-,tick
1077,7438.944,10.9425,listener,ragdoll,Lennald the Brash [Whiterun Guard],000D0FF6,-,-,0.000,0.000,0.000,0.000,0.000,0.0000,0.000,-311.888,-308.942,-318.000,0.0855,0.9963,0.0000,0.000,0.000,0.000,-,-,-,0000000000000000,-,0,0,-,tick
1079,7478.885,10.9426,listener,ragdoll,Lennald the Brash [Whiterun Guard],000D0FF6,-,-,0.000,0.000,0.000,0.000,0.000,0.0000,0.000,-311.888,-308.942,-318.000,0.0855,0.9963,0.0000,0.000,0.000,0.000,-,-,-,0000000000000000,-,0,0,-,tick
1081,7516.404,10.9427,listener,ragdoll,Lennald the Brash [Whiterun Guard],000D0FF6,-,-,0.000,0.000,0.000,0.000,0.000,0.0000,0.000,-311.888,-308.942,-318.000,0.0855,0.9963,0.0000,0.000,0.000,0.000,-,-,-,0000000000000000,-,0,0,-,tick
1083,7536.402,10.9428,listener,ragdoll,Lennald the Brash [Whiterun Guard],000D0FF6,-,-,0.000,0.000,0.000,0.000,0.000,0.0000,0.000,-311.888,-308.942,-318.000,0.0855,0.9963,0.0000,0.000,0.000,0.000,-,-,-,0000000000000000,-,0,0,-,tick
1085,7576.148,10.9429,listener,ragdoll,Lennald the Brash [Whiterun Guard],000D0FF6,-,-,0.000,0.000,0.000,0.000,0.000,0.0000,0.000,-311.888,-308.942,-318.000,0.0855,0.9963,0.0000,0.000,0.000,0.000,-,-,-,0000000000000000,-,0,0,-,tick
1087,7616.474,10.9430,listener,ragdoll,Lennald the Brash [Whiterun Guard],000D0FF6,-,-,0.000,0.000,0.000,0.000,0.000,0.0000,0.000,-311.888,-308.942,-318.000,0.0855,0.9963,0.0000,0.000,0.000,0.000,-,-,-,0000000000000000,-,0,0,-,tick
1089,7634.839,10.9430,listener,ragdoll,Lennald the Brash [Whiterun Guard],000D0FF6,-,-,0.000,0.000,0.000,0.000,0.000,0.0000,0.000,-311.888,-308.942,-318.000,0.0855,0.9963,0.0000,0.000,0.000,0.000,-,-,-,0000000000000000,-,0,0,-,tick
1091,7675.652,10.9432,listener,ragdoll,Lennald the Brash [Whiterun Guard],000D0FF6,-,-,0.000,0.000,0.000,0.000,0.000,0.0000,0.000,-311.888,-308.942,-318.000,0.0855,0.9963,0.0000,0.000,0.000,0.000,-,-,-,0000000000000000,-,0,0,-,tick
1093,7714.964,10.9433,listener,ragdoll,Lennald the Brash [Whiterun Guard],000D0FF6,-,-,0.000,0.000,0.000,0.000,0.000,0.0000,0.000,-311.888,-308.942,-318.000,0.0855,0.9963,0.0000,0.000,0.000,0.000,-,-,-,0000000000000000,-,0,0,-,tick
1095,7734.424,10.9433,listener,ragdoll,Lennald the Brash [Whiterun Guard],000D0FF6,-,-,0.000,0.000,0.000,0.000,0.000,0.0000,0.000,-311.888,-308.942,-318.000,0.0855,0.9963,0.0000,0.000,0.000,0.000,-,-,-,0000000000000000,-,0,0,-,tick
1097,7772.887,10.9434,listener,ragdoll,Lennald the Brash [Whiterun Guard],000D0FF6,-,-,0.000,0.000,0.000,0.000,0.000,0.0000,0.000,-311.888,-308.942,-318.000,0.0855,0.9963,0.0000,0.000,0.000,0.000,-,-,-,0000000000000000,-,0,0,-,tick
1099,7793.064,10.9435,listener,ragdoll,Lennald the Brash [Whiterun Guard],000D0FF6,-,-,0.000,0.000,0.000,0.000,0.000,0.0000,0.000,-311.888,-308.942,-318.000,0.0855,0.9963,0.0000,0.000,0.000,0.000,-,-,-,0000000000000000,-,0,0,-,tick
0,7825.935,10.9435,state,animated,Lennald the Brash [Whiterun Guard],000D0FF6,-,-,0.000,0.000,0.000,0.000,0.000,0.0000,0.000,0.000,0.000,0.000,0.0000,0.0000,0.0000,0.000,0.000,0.000,-,-,-,0000000000000000,-,0,0,0,session_stop
