seq,t_ms,game_hour,event,phase,actor,actor_id,limb,limb_index,impact_speed,normal_speed,tangent_speed,body_speed,angular_speed,mass,limb_radius,pos_x,pos_y,pos_z,nrm_x,nrm_y,nrm_z,vel_x,vel_y,vel_z,other_layer,other_material,material_source,other_body,other_limb,manifold_first,manifold_last,dropped,state
0,0.954,0.0000,state,unknown,Proventus Avenicci,0001A67D,-,-,0.000,0.000,0.000,0.000,0.000,0.0000,0.000,0.000,0.000,0.000,0.0000,0.0000,0.0000,0.000,0.000,0.000,-,-,-,0000000000000000,-,0,0,-,session_start
1,0.954,0.0000,limb_sample,unknown,Proventus Avenicci,0001A67D,NPC COM [COM ],0,0.000,0.000,0.000,31.946,0.888,0.0000,17.687,-309.934,-123.923,-249.146,0.0000,0.0000,0.0000,-31.796,-2.855,-1.195,-,-,-,0000000000000000,-,0,0,-,session_start
2,0.955,0.0000,limb_sample,unknown,Proventus Avenicci,0001A67D,NPC L Thigh [LThg],1,0.000,0.000,0.000,29.244,1.154,0.0000,20.487,-316.422,-125.203,-248.993,0.0000,0.0000,0.0000,-20.132,-21.197,-0.793,-,-,-,0000000000000000,-,0,0,-,session_start
3,0.955,0.0000,limb_sample,unknown,Proventus Avenicci,0001A67D,NPC R Thigh [RThg],2,0.000,0.000,0.000,32.913,1.855,0.0000,20.487,-303.445,-122.643,-249.298,0.0000,0.0000,0.0000,-31.725,8.666,-1.308,-,-,-,0000000000000000,-,0,0,-,session_start
4,0.955,0.0000,limb_sample,unknown,Proventus Avenicci,0001A67D,NPC Spine [Spn0],3,0.000,0.000,0.000,30.636,0.835,0.0000,17.297,-308.928,-128.994,-245.259,0.0000,0.0000,0.0000,-30.302,-4.349,-1.189,-,-,-,0000000000000000,-,0,0,-,session_start
5,0.955,0.0000,limb_sample,unknown,Proventus Avenicci,0001A67D,NPC R Calf [RClf],4,0.000,0.000,0.000,30.638,1.859,0.0000,19.675,-299.073,-119.441,-284.399,0.0000,0.0000,0.0000,-23.527,19.626,0.126,-,-,-,0000000000000000,-,0,0,-,session_start
6,0.955,0.0000,limb_sample,unknown,Proventus Avenicci,0001A67D,NPC L Calf [LClf],5,0.000,0.000,0.000,46.650,1.155,0.0000,19.675,-317.138,-125.094,-284.574,0.0000,0.0000,0.0000,4.685,-46.406,0.870,-,-,-,0000000000000000,-,0,0,-,session_start
7,0.955,0.0000,limb_sample,unknown,Proventus Avenicci,0001A67D,NPC Spine1 [Spn1],6,0.000,0.000,0.000,28.447,1.111,0.0000,18.878,-308.747,-128.412,-236.532,0.0000,0.0000,0.0000,-26.732,-9.725,0.224,-,-,-,0000000000000000,-,0,0,-,session_start
8,0.955,0.0000,limb_sample,unknown,Proventus Avenicci,0001A67D,NPC L Foot [Lft ],7,0.000,0.000,0.000,58.191,0.294,0.0000,10.011,-316.099,-132.067,-311.612,0.0000,0.0000,0.0000,16.247,-55.621,5.337,-,-,-,0000000000000000,-,0,0,-,session_start
9,0.956,0.0000,limb_sample,unknown,Proventus Avenicci,0001A67D,NPC R Foot [Rft ],8,0.000,0.000,0.000,38.631,3.022,0.0000,10.011,-295.663,-124.197,-311.648,0.0000,0.0000,0.0000,-29.379,25.082,0.330,-,-,-,0000000000000000,-,0,0,-,session_start
10,0.956,0.0000,limb_sample,unknown,Proventus Avenicci,0001A67D,NPC Spine2 [Spn2],9,0.000,0.000,0.000,28.954,1.290,0.0000,23.052,-308.357,-130.095,-226.820,0.0000,0.0000,0.0000,-20.490,-20.340,-2.179,-,-,-,0000000000000000,-,0,0,-,session_start
11,0.956,0.0000,limb_sample,unknown,Proventus Avenicci,0001A67D,NPC L UpperArm [LUar],10,0.000,0.000,0.000,39.114,1.984,0.0000,14.463,-321.509,-133.284,-211.903,0.0000,0.0000,0.0000,-11.596,-37.184,-3.575,-,-,-,0000000000000000,-,0,0,-,session_start
12,0.956,0.0000,limb_sample,unknown,Proventus Avenicci,0001A67D,NPC Neck [Neck],11,0.000,0.000,0.000,33.575,0.370,0.0000,8.431,-308.930,-130.189,-204.788,0.0000,0.0000,0.0000,-16.733,-28.910,-3.390,-,-,-,0000000000000000,-,0,0,-,session_start
13,0.956,0.0000,limb_sample,unknown,Proventus Avenicci,0001A67D,NPC R UpperArm [RUar],12,0.000,0.000,0.000,30.635,1.295,0.0000,14.463,-295.690,-127.866,-211.928,0.0000,0.0000,0.0000,-27.807,-12.821,0.949,-,-,-,0000000000000000,-,0,0,-,session_start
14,0.956,0.0000,limb_sample,unknown,Proventus Avenicci,0001A67D,NPC Head [Head],13,0.000,0.000,0.000,31.179,0.625,0.0000,15.108,-309.083,-129.659,-197.416,0.0000,0.0000,0.0000,-15.705,-26.486,-4.895,-,-,-,0000000000000000,-,0,0,-,session_start
15,0.956,0.0000,limb_sample,unknown,Proventus Avenicci,0001A67D,NPC L Forearm [LLar],14,0.000,0.000,0.000,52.789,1.096,0.0000,11.658,-320.979,-136.574,-234.446,0.0000,0.0000,0.0000,-2.775,-52.716,-0.254,-,-,-,0000000000000000,-,0,0,-,session_start
16,0.956,0.0000,limb_sample,unknown,Proventus Avenicci,0001A67D,NPC R Forearm [RLar],15,0.000,0.000,0.000,41.071,0.602,0.0000,11.658,-295.889,-127.927,-234.755,0.0000,0.0000,0.0000,-40.880,-3.920,0.471,-,-,-,0000000000000000,-,0,0,-,session_start
17,0.957,0.0000,limb_sample,unknown,Proventus Avenicci,0001A67D,NPC L Hand [LHnd],16,0.000,0.000,0.000,57.446,0.695,0.0000,8.334,-327.574,-132.263,-248.367,0.0000,0.0000,0.0000,-10.688,-56.419,1.617,-,-,-,0000000000000000,-,0,0,-,session_start
18,0.957,0.0000,limb_sample,unknown,Proventus Avenicci,0001A67D,NPC R Hand [RHnd],17,0.000,0.000,0.000,43.243,1.051,0.0000,8.334,-292.205,-120.776,-248.632,0.0000,0.0000,0.0000,-43.176,-0.114,2.389,-,-,-,0000000000000000,-,0,0,-,session_start
19,532.656,10.8065,state,animated,Proventus Avenicci,0001A67D,-,-,0.000,0.000,0.000,0.000,0.000,0.0000,0.000,0.000,0.000,0.000,0.0000,0.0000,0.0000,0.000,0.000,0.000,-,-,-,0000000000000000,-,0,0,-,ragdoll_rebuilt
20,818.544,10.8073,state,ragdoll,Proventus Avenicci,0001A67D,-,-,0.000,0.000,0.000,0.000,0.000,0.0000,0.000,0.000,0.000,0.000,0.0000,0.0000,0.0000,0.000,0.000,0.000,-,-,-,0000000000000000,-,0,0,-,ragdoll_start
21,818.545,10.8073,limb_sample,ragdoll,Proventus Avenicci,0001A67D,NPC COM [COM ],0,0.000,0.000,0.000,2.493,0.681,50.0000,17.687,-310.442,-124.085,-253.890,0.0000,0.0000,0.0000,-0.020,0.052,-2.492,-,-,-,0000000000000000,-,0,0,-,ragdoll_start
22,818.545,10.8073,limb_sample,ragdoll,Proventus Avenicci,0001A67D,NPC L Thigh [LThg],1,0.000,0.000,0.000,6.074,0.424,6.0000,20.487,-316.433,-125.029,-253.709,0.0000,0.0000,0.0000,-1.008,3.985,4.472,-,-,-,0000000000000000,-,0,0,-,ragdoll_start
23,818.545,10.8073,limb_sample,ragdoll,Proventus Avenicci,0001A67D,NPC R Thigh [RThg],2,0.000,0.000,0.000,3.896,0.289,6.0000,20.487,-303.755,-121.923,-254.005,0.0000,0.0000,0.0000,-0.234,2.515,2.966,-,-,-,0000000000000000,-,0,0,-,ragdoll_start
24,818.545,10.8073,limb_sample,ragdoll,Proventus Avenicci,0001A67D,NPC Spine [Spn0],3,0.000,0.000,0.000,1.189,0.268,4.0000,17.297,-309.404,-129.125,-250.013,0.0000,0.0000,0.0000,-0.019,-0.101,-1.184,-,-,-,0000000000000000,-,0,0,-,ragdoll_start
25,818.546,10.8073,limb_sample,ragdoll,Proventus Avenicci,0001A67D,NPC R Calf [RClf],4,0.000,0.000,0.000,6.979,0.168,6.0000,19.675,-299.636,-120.050,-284.813,0.0000,0.0000,0.0000,-0.654,4.077,5.626,-,-,-,0000000000000000,-,0,0,-,ragdoll_start
26,818.546,10.8073,limb_sample,ragdoll,Proventus Avenicci,0001A67D,NPC L Calf [LClf],5,0.000,0.000,0.000,8.338,0.117,6.0000,19.675,-316.768,-126.384,-284.892,0.0000,0.0000,0.0000,-0.603,4.152,7.206,-,-,-,0000000000000000,-,0,0,-,ragdoll_start
27,818.546,10.8073,limb_sample,ragdoll,Proventus Avenicci,0001A67D,NPC Spine1 [Spn1],6,0.000,0.000,0.000,1.500,0.180,4.0000,18.878,-309.188,-128.012,-241.263,0.0000,0.0000,0.0000,0.233,-1.309,-0.693,-,-,-,0000000000000000,-,0,0,-,ragdoll_start
28,818.546,10.8073,limb_sample,ragdoll,Proventus Avenicci,0001A67D,NPC L Foot [Lft ],7,0.000,0.000,0.000,6.256,2.110,3.0000,10.011,-315.824,-133.102,-311.522,0.0000,0.0000,0.0000,-2.495,4.672,-3.329,-,-,-,0000000000000000,-,0,0,-,ragdoll_start
29,818.546,10.8073,limb_sample,ragdoll,Proventus Avenicci,0001A67D,NPC R Foot [Rft ],8,0.000,0.000,0.000,2.684,1.681,3.0000,10.011,-295.835,-124.115,-311.623,0.0000,0.0000,0.0000,0.514,2.143,-1.531,-,-,-,0000000000000000,-,0,0,-,ragdoll_start
30,818.546,10.8073,limb_sample,ragdoll,Proventus Avenicci,0001A67D,NPC Spine2 [Spn2],9,0.000,0.000,0.000,1.010,0.067,7.0000,23.052,-308.573,-129.798,-231.593,0.0000,0.0000,0.0000,0.169,-0.988,0.119,-,-,-,0000000000000000,-,0,0,-,ragdoll_start
31,818.546,10.8073,limb_sample,ragdoll,Proventus Avenicci,0001A67D,NPC L UpperArm [LUar],10,0.000,0.000,0.000,0.484,0.017,2.0000,14.463,-319.697,-133.577,-216.514,0.0000,0.0000,0.0000,0.132,-0.436,0.164,-,-,-,0000000000000000,-,0,0,-,ragdoll_start
32,818.547,10.8073,limb_sample,ragdoll,Proventus Avenicci,0001A67D,NPC Neck [Neck],11,0.000,0.000,0.000,0.383,0.086,6.0000,8.431,-309.337,-129.932,-209.574,0.0000,0.0000,0.0000,-0.049,-0.376,0.050,-,-,-,0000000000000000,-,0,0,-,ragdoll_start
33,818.547,10.8073,limb_sample,ragdoll,Proventus Avenicci,0001A67D,NPC R UpperArm [RUar],12,0.000,0.000,0.000,0.514,0.024,2.0000,14.463,-297.993,-128.114,-216.156,0.0000,0.0000,0.0000,-0.075,0.442,0.252,-,-,-,0000000000000000,-,0,0,-,ragdoll_start
34,818.547,10.8073,limb_sample,ragdoll,Proventus Avenicci,0001A67D,NPC Head [Head],13,0.000,0.000,0.000,0.319,0.090,4.0000,15.108,-309.614,-129.194,-200.763,0.0000,0.0000,0.0000,-0.093,0.279,-0.123,-,-,-,0000000000000000,-,0,0,-,ragdoll_start
35,818.547,10.8073,limb_sample,ragdoll,Proventus Avenicci,0001A67D,NPC L Forearm [LLar],14,0.000,0.000,0.000,0.684,0.020,2.0000,11.658,-319.810,-136.780,-236.777,0.0000,0.0000,0.0000,-0.038,0.650,-0.210,-,-,-,0000000000000000,-,0,0,-,ragdoll_start
36,818.547,10.8073,limb_sample,ragdoll,Proventus Avenicci,0001A67D,NPC R Forearm [RLar],15,0.000,0.000,0.000,0.960,0.044,6.0000,11.658,-297.494,-127.359,-236.753,0.0000,0.0000,0.0000,-0.182,0.943,0.007,-,-,-,0000000000000000,-,0,0,-,ragdoll_start
37,818.547,10.8073,limb_sample,ragdoll,Proventus Avenicci,0001A67D,NPC L Hand [LHnd],16,0.000,0.000,0.000,0.620,0.041,4.0000,8.334,-327.090,-133.598,-250.796,0.0000,0.0000,0.0000,-0.062,0.521,-0.331,-,-,-,0000000000000000,-,0,0,-,ragdoll_start
38,818.547,10.8073,limb_sample,ragdoll,Proventus Avenicci,0001A67D,NPC R Hand [RHnd],17,0.000,0.000,0.000,0.592,0.270,4.0000,8.334,-292.986,-121.445,-251.121,0.0000,0.0000,0.0000,0.117,0.119,-0.568,-,-,-,0000000000000000,-,0,0,-,ragdoll_start
39,818.547,10.8073,listener,ragdoll,Proventus Avenicci,0001A67D,-,-,0.000,0.000,0.000,0.000,0.000,0.0000,0.000,-311.888,-308.942,-318.000,0.0424,0.9991,0.0000,0.000,0.000,0.000,-,-,-,0000000000000000,-,0,0,-,ragdoll_start
40,818.548,10.8073,listener,ragdoll,Proventus Avenicci,0001A67D,-,-,0.000,0.000,0.000,0.000,0.000,0.0000,0.000,-311.888,-308.942,-318.000,0.0424,0.9991,0.0000,0.000,0.000,0.000,-,-,-,0000000000000000,-,0,0,-,tick
41,861.508,10.8075,listener,ragdoll,Proventus Avenicci,0001A67D,-,-,0.000,0.000,0.000,0.000,0.000,0.0000,0.000,-311.888,-308.942,-318.000,0.0424,0.9991,0.0000,0.000,0.000,0.000,-,-,-,0000000000000000,-,0,0,-,tick
42,881.357,10.8075,listener,ragdoll,Proventus Avenicci,0001A67D,-,-,0.000,0.000,0.000,0.000,0.000,0.0000,0.000,-311.888,-308.942,-318.000,0.0424,0.9991,0.0000,0.000,0.000,0.000,-,-,-,0000000000000000,-,0,0,-,tick
43,922.690,10.8076,listener,ragdoll,Proventus Avenicci,0001A67D,-,-,0.000,0.000,0.000,0.000,0.000,0.0000,0.000,-311.888,-308.942,-318.000,0.0424,0.9991,0.0000,0.000,0.000,0.000,-,-,-,0000000000000000,-,0,0,-,tick
44,943.395,10.8077,state,ragdoll,Proventus Avenicci,0001A67D,-,-,0.000,0.000,0.000,0.000,0.000,0.0000,0.000,0.000,0.000,0.000,0.0000,0.0000,0.0000,0.000,0.000,0.000,-,-,-,0000000000000000,-,0,0,-,knock_explode_lead_in
45,943.396,10.8077,listener,ragdoll,Proventus Avenicci,0001A67D,-,-,0.000,0.000,0.000,0.000,0.000,0.0000,0.000,-311.888,-308.942,-318.000,0.0424,0.9991,0.0000,0.000,0.000,0.000,-,-,-,0000000000000000,-,0,0,-,knock_explode_lead_in
46,955.861,10.8077,touch,ragdoll,Proventus Avenicci,0001A67D,NPC L Foot [Lft ],7,0.000,0.000,0.000,338.912,47.040,3.0000,10.011,0.000,0.000,0.000,0.0000,0.0000,0.0000,-7.977,314.206,126.775,Static,-,-,000001EA56BED300,-,0,0,-,
47,955.863,10.8077,touch,ragdoll,Proventus Avenicci,0001A67D,NPC L Foot [Lft ],7,0.000,0.000,0.000,338.912,47.040,3.0000,10.011,0.000,0.000,0.000,0.0000,0.0000,0.0000,-7.977,314.206,126.775,Static,-,-,000001EAE4AAA500,-,0,0,-,
48,955.865,10.8077,touch,ragdoll,Proventus Avenicci,0001A67D,NPC R Thigh [RThg],2,0.000,0.000,0.000,796.786,10.153,6.0000,20.487,0.000,0.000,0.000,0.0000,0.0000,0.0000,14.188,751.739,263.732,DeadBip,-,-,000001EB3A29CA00,1,0,0,-,
49,955.865,10.8077,touch,ragdoll,Proventus Avenicci,0001A67D,NPC L Thigh [LThg],1,0.000,0.000,0.000,826.905,9.478,6.0000,20.487,0.000,0.000,0.000,0.0000,0.0000,0.0000,-3.147,778.368,279.115,DeadBip,-,-,000001EB3A29C100,2,0,0,-,
50,955.866,10.8077,touch,ragdoll,Proventus Avenicci,0001A67D,NPC R Thigh [RThg],2,0.000,0.000,0.000,796.786,10.153,6.0000,20.487,0.000,0.000,0.000,0.0000,0.0000,0.0000,14.188,751.739,263.732,DeadBip,-,-,000001EB3A29C700,5,0,0,-,
51,955.866,10.8077,touch,ragdoll,Proventus Avenicci,0001A67D,NPC L Calf [LClf],5,0.000,0.000,0.000,636.121,6.729,6.0000,19.675,0.000,0.000,0.000,0.0000,0.0000,0.0000,-14.888,531.732,348.840,DeadBip,-,-,000001EB3A29C100,2,0,0,-,
52,955.870,10.8077,touch,ragdoll,Proventus Avenicci,0001A67D,NPC R Foot [Rft ],8,0.000,0.000,0.000,331.632,39.966,3.0000,10.011,0.000,0.000,0.000,0.0000,0.0000,0.0000,10.457,315.353,102.093,Static,-,-,000001EA56BED300,-,0,0,-,
53,955.871,10.8077,touch,ragdoll,Proventus Avenicci,0001A67D,NPC R Foot [Rft ],8,0.000,0.000,0.000,331.632,39.966,3.0000,10.011,0.000,0.000,0.000,0.0000,0.0000,0.0000,10.457,315.353,102.093,Static,-,-,000001EAE4AAA500,-,0,0,-,
54,955.872,10.8077,touch,ragdoll,Proventus Avenicci,0001A67D,NPC R Foot [Rft ],8,0.000,0.000,0.000,331.632,39.966,3.0000,10.011,0.000,0.000,0.000,0.0000,0.0000,0.0000,10.457,315.353,102.093,Static,-,-,000001EAE4998400,-,0,0,-,
55,955.873,10.8077,touch,ragdoll,Proventus Avenicci,0001A67D,NPC R Forearm [RLar],15,0.000,0.000,0.000,753.892,19.410,6.0000,11.658,0.000,0.000,0.000,0.0000,0.0000,0.0000,65.684,684.529,308.964,DeadBip,-,-,000001EB3A29C400,0,0,0,-,
56,955.873,10.8077,touch,ragdoll,Proventus Avenicci,0001A67D,NPC COM [COM ],0,0.000,0.000,0.000,924.247,5.679,50.0000,17.687,0.000,0.000,0.000,0.0000,0.0000,0.0000,12.901,895.904,226.761,DeadBip,-,-,000001EB3A167700,15,0,0,-,
57,955.874,10.8077,touch,ragdoll,Proventus Avenicci,0001A67D,NPC R Forearm [RLar],15,0.000,0.000,0.000,753.892,19.410,6.0000,11.658,0.000,0.000,0.000,0.0000,0.0000,0.0000,65.684,684.529,308.964,DeadBip,-,-,000001EB3A29C100,2,0,0,-,
58,955.874,10.8077,touch,ragdoll,Proventus Avenicci,0001A67D,NPC R Thigh [RThg],2,0.000,0.000,0.000,796.786,10.153,6.0000,20.487,0.000,0.000,0.000,0.0000,0.0000,0.0000,14.188,751.739,263.732,DeadBip,-,-,000001EB3A167700,15,0,0,-,
59,955.874,10.8077,touch,ragdoll,Proventus Avenicci,0001A67D,NPC R Forearm [RLar],15,0.000,0.000,0.000,753.892,19.410,6.0000,11.658,0.000,0.000,0.000,0.0000,0.0000,0.0000,65.684,684.529,308.964,DeadBip,-,-,000001EB3A29D000,3,0,0,-,
60,955.874,10.8077,touch,ragdoll,Proventus Avenicci,0001A67D,NPC Spine [Spn0],3,0.000,0.000,0.000,956.252,1.268,4.0000,17.297,0.000,0.000,0.000,0.0000,0.0000,0.0000,4.531,903.224,313.980,DeadBip,-,-,000001EB3A167700,15,0,0,-,
61,955.875,10.8077,touch,ragdoll,Proventus Avenicci,0001A67D,NPC R Forearm [RLar],15,0.000,0.000,0.000,753.892,19.410,6.0000,11.658,0.000,0.000,0.000,0.0000,0.0000,0.0000,65.684,684.529,308.964,DeadBip,-,-,000001EB3A29DF00,6,0,0,-,
62,955.875,10.8077,touch,ragdoll,Proventus Avenicci,0001A67D,NPC Spine1 [Spn1],6,0.000,0.000,0.000,959.775,0.752,4.0000,18.878,0.000,0.000,0.000,0.0000,0.0000,0.0000,-2.320,892.194,353.770,DeadBip,-,-,000001EB3A167700,15,0,0,-,
63,955.875,10.8077,touch,ragdoll,Proventus Avenicci,0001A67D,NPC R Forearm [RLar],15,0.000,0.000,0.000,753.892,19.410,6.0000,11.658,0.000,0.000,0.000,0.0000,0.0000,0.0000,65.684,684.529,308.964,DeadBip,-,-,000001EB3A29DC00,9,0,0,-,
64,955.875,10.8077,touch,ragdoll,Proventus Avenicci,0001A67D,NPC Spine2 [Spn2],9,0.000,0.000,0.000,947.674,2.741,7.0000,23.052,0.000,0.000,0.000,0.0000,0.0000,0.0000,15.005,871.114,372.856,DeadBip,-,-,000001EB3A167700,15,0,0,-,
65,955.876,10.8077,touch,ragdoll,Proventus Avenicci,0001A67D,NPC R Hand [RHnd],17,0.000,0.000,0.000,533.570,22.665,4.0000,8.334,0.000,0.000,0.000,0.0000,0.0000,0.0000,27.374,473.482,244.463,DeadBip,-,-,000001EB3A29C400,0,0,0,-,
66,955.876,10.8077,touch,ragdoll,Proventus Avenicci,0001A67D,NPC COM [COM ],0,0.000,0.000,0.000,924.247,5.679,50.0000,17.687,0.000,0.000,0.000,0.0000,0.0000,0.0000,12.901,895.904,226.761,DeadBip,-,-,000001EB3A167400,17,0,0,-,
67,955.877,10.8077,touch,ragdoll,Proventus Avenicci,0001A67D,NPC R Hand [RHnd],17,0.000,0.000,0.000,533.570,22.665,4.0000,8.334,0.000,0.000,0.000,0.0000,0.0000,0.0000,27.374,473.482,244.463,DeadBip,-,-,000001EB3A29C100,2,0,0,-,
68,955.877,10.8077,touch,ragdoll,Proventus Avenicci,0001A67D,NPC R Thigh [RThg],2,0.000,0.000,0.000,796.786,10.153,6.0000,20.487,0.000,0.000,0.000,0.0000,0.0000,0.0000,14.188,751.739,263.732,DeadBip,-,-,000001EB3A167400,17,0,0,-,
69,955.877,10.8077,touch,ragdoll,Proventus Avenicci,0001A67D,NPC R Hand [RHnd],17,0.000,0.000,0.000,533.570,22.665,4.0000,8.334,0.000,0.000,0.000,0.0000,0.0000,0.0000,27.374,473.482,244.463,DeadBip,-,-,000001EB3A29D000,3,0,0,-,
70,955.877,10.8077,touch,ragdoll,Proventus Avenicci,0001A67D,NPC Spine [Spn0],3,0.000,0.000,0.000,956.252,1.268,4.0000,17.297,0.000,0.000,0.000,0.0000,0.0000,0.0000,4.531,903.224,313.980,DeadBip,-,-,000001EB3A167400,17,0,0,-,
71,955.878,10.8077,touch,ragdoll,Proventus Avenicci,0001A67D,NPC L Forearm [LLar],14,0.000,0.000,0.000,778.916,25.549,2.0000,11.658,0.000,0.000,0.000,0.0000,0.0000,0.0000,-93.451,707.848,311.333,DeadBip,-,-,000001EB3A29C400,0,0,0,-,
72,955.878,10.8077,touch,ragdoll,Proventus Avenicci,0001A67D,NPC COM [COM ],0,0.000,0.000,0.000,924.247,5.679,50.0000,17.687,0.000,0.000,0.000,0.0000,0.0000,0.0000,12.901,895.904,226.761,DeadBip,-,-,000001EB3A166E00,14,0,0,-,
73,955.878,10.8077,touch,ragdoll,Proventus Avenicci,0001A67D,NPC L Forearm [LLar],14,0.000,0.000,0.000,778.916,25.549,2.0000,11.658,0.000,0.000,0.000,0.0000,0.0000,0.0000,-93.451,707.848,311.333,DeadBip,-,-,000001EB3A29CA00,1,0,0,-,
74,955.879,10.8077,touch,ragdoll,Proventus Avenicci,0001A67D,NPC L Thigh [LThg],1,0.000,0.000,0.000,826.905,9.478,6.0000,20.487,0.000,0.000,0.000,0.0000,0.0000,0.0000,-3.147,778.368,279.115,DeadBip,-,-,000001EB3A166E00,14,0,0,-,
75,955.879,10.8077,touch,ragdoll,Proventus Avenicci,0001A67D,NPC L Forearm [LLar],14,0.000,0.000,0.000,778.916,25.549,2.0000,11.658,0.000,0.000,0.000,0.0000,0.0000,0.0000,-93.451,707.848,311.333,DeadBip,-,-,000001EB3A29D000,3,0,0,-,
76,955.879,10.8077,touch,ragdoll,Proventus Avenicci,0001A67D,NPC Spine [Spn0],3,0.000,0.000,0.000,956.252,1.268,4.0000,17.297,0.000,0.000,0.000,0.0000,0.0000,0.0000,4.531,903.224,313.980,DeadBip,-,-,000001EB3A166E00,14,0,0,-,
77,955.880,10.8077,touch,ragdoll,Proventus Avenicci,0001A67D,NPC L Forearm [LLar],14,0.000,0.000,0.000,778.916,25.549,2.0000,11.658,0.000,0.000,0.000,0.0000,0.0000,0.0000,-93.451,707.848,311.333,DeadBip,-,-,000001EB3A29DF00,6,0,0,-,
78,955.880,10.8077,touch,ragdoll,Proventus Avenicci,0001A67D,NPC Spine1 [Spn1],6,0.000,0.000,0.000,959.775,0.752,4.0000,18.878,0.000,0.000,0.000,0.0000,0.0000,0.0000,-2.320,892.194,353.770,DeadBip,-,-,000001EB3A166E00,14,0,0,-,
79,955.880,10.8077,touch,ragdoll,Proventus Avenicci,0001A67D,NPC L Forearm [LLar],14,0.000,0.000,0.000,778.916,25.549,2.0000,11.658,0.000,0.000,0.000,0.0000,0.0000,0.0000,-93.451,707.848,311.333,DeadBip,-,-,000001EB3A29DC00,9,0,0,-,
80,955.880,10.8077,touch,ragdoll,Proventus Avenicci,0001A67D,NPC Spine2 [Spn2],9,0.000,0.000,0.000,947.674,2.741,7.0000,23.052,0.000,0.000,0.000,0.0000,0.0000,0.0000,15.005,871.114,372.856,DeadBip,-,-,000001EB3A166E00,14,0,0,-,
81,955.881,10.8077,touch,ragdoll,Proventus Avenicci,0001A67D,NPC L Hand [LHnd],16,0.000,0.000,0.000,532.207,18.753,4.0000,8.334,0.000,0.000,0.000,0.0000,0.0000,0.0000,3.946,466.032,256.988,DeadBip,-,-,000001EB3A29C400,0,0,0,-,
82,955.881,10.8077,touch,ragdoll,Proventus Avenicci,0001A67D,NPC COM [COM ],0,0.000,0.000,0.000,924.247,5.679,50.0000,17.687,0.000,0.000,0.000,0.0000,0.0000,0.0000,12.901,895.904,226.761,DeadBip,-,-,000001EB3A166B00,16,0,0,-,
83,955.882,10.8077,touch,ragdoll,Proventus Avenicci,0001A67D,NPC L Hand [LHnd],16,0.000,0.000,0.000,532.207,18.753,4.0000,8.334,0.000,0.000,0.000,0.0000,0.0000,0.0000,3.946,466.032,256.988,DeadBip,-,-,000001EB3A29CA00,1,0,0,-,
84,955.882,10.8077,touch,ragdoll,Proventus Avenicci,0001A67D,NPC L Thigh [LThg],1,0.000,0.000,0.000,826.905,9.478,6.0000,20.487,0.000,0.000,0.000,0.0000,0.0000,0.0000,-3.147,778.368,279.115,DeadBip,-,-,000001EB3A166B00,16,0,0,-,
85,956.085,10.8077,impact,ragdoll,Proventus Avenicci,0001A67D,NPC R Thigh [RThg],2,5.264,5.264,33.998,795.959,10.148,6.0000,20.487,-309.613,-115.071,-255.759,0.9642,0.2642,-0.0217,14.174,750.959,263.458,DeadBip,Skin,shape,000001EB3A29CA00,1,1,0,-,
86,956.085,10.8077,impact,ragdoll,Proventus Avenicci,0001A67D,NPC L Thigh [LThg],1,5.264,-5.264,33.998,826.047,9.473,6.0000,20.487,-309.613,-115.071,-255.759,0.9642,0.2642,-0.0217,-3.144,777.560,278.825,DeadBip,Skin,shape,000001EB3A29C100,2,1,0,-,
87,956.088,10.8077,impact,ragdoll,Proventus Avenicci,0001A67D,NPC L Foot [Lft ],7,18.926,18.926,54.194,338.560,47.016,3.0000,10.011,-319.192,-121.099,-319.650,-0.0000,0.0000,1.0000,-7.969,313.880,126.644,Static,Wood,shape,000001EA56BED300,-,1,1,-,
88,956.089,10.8077,impact,ragdoll,Proventus Avenicci,0001A67D,NPC L Foot [Lft ],7,18.926,18.926,109.539,338.560,47.016,3.0000,10.011,-319.192,-121.099,-318.000,-0.0000,-0.0000,1.0000,-7.969,313.880,126.644,Static,Carpet,shape,000001EAE4AAA500,-,1,1,-,
89,956.089,10.8077,impact,ragdoll,Proventus Avenicci,0001A67D,NPC R Foot [Rft ],8,24.829,24.829,85.027,331.288,39.945,3.0000,10.011,-295.016,-111.412,-319.650,0.0000,0.0000,1.0000,10.446,315.026,101.987,Static,Wood,shape,000001EA56BED300,-,1,1,-,
90,956.090,10.8077,impact,ragdoll,Proventus Avenicci,0001A67D,NPC R Foot [Rft ],8,24.829,24.829,148.572,331.288,39.945,3.0000,10.011,-295.016,-111.412,-318.000,-0.0000,0.0000,1.0000,10.446,315.026,101.987,Static,Carpet,shape,000001EAE4998400,-,1,1,-,
91,956.262,10.8077,separate,ragdoll,Proventus Avenicci,0001A67D,NPC L Forearm [LLar],14,0.000,0.000,0.000,802.727,18.689,2.0000,11.658,0.000,0.000,0.000,0.0000,0.0000,0.0000,-99.857,717.961,344.863,DeadBip,-,-,000001EB3A29C400,0,0,0,-,
92,956.262,10.8077,separate,ragdoll,Proventus Avenicci,0001A67D,NPC COM [COM ],0,0.000,0.000,0.000,909.843,7.787,50.0000,17.687,0.000,0.000,0.000,0.0000,0.0000,0.0000,13.486,879.344,233.212,DeadBip,-,-,000001EB3A166E00,14,0,0,-,
93,956.263,10.8077,separate,ragdoll,Proventus Avenicci,0001A67D,NPC L Forearm [LLar],14,0.000,0.000,0.000,802.727,18.689,2.0000,11.658,0.000,0.000,0.000,0.0000,0.0000,0.0000,-99.857,717.961,344.863,DeadBip,-,-,000001EB3A29CA00,1,0,0,-,
94,956.263,10.8077,separate,ragdoll,Proventus Avenicci,0001A67D,NPC L Thigh [LThg],1,0.000,0.000,0.000,843.819,6.785,6.0000,20.487,0.000,0.000,0.000,0.0000,0.0000,0.0000,-1.887,788.987,299.209,DeadBip,-,-,000001EB3A166E00,14,0,0,-,
95,956.263,10.8077,separate,ragdoll,Proventus Avenicci,0001A67D,NPC L Hand [LHnd],16,0.000,0.000,0.000,584.903,27.884,4.0000,8.334,0.000,0.000,0.000,0.0000,0.0000,0.0000,34.928,472.792,342.577,DeadBip,-,-,000001EB3A29C400,0,0,0,-,
96,956.264,10.8077,separate,ragdoll,Proventus Avenicci,0001A67D,NPC COM [COM ],0,0.000,0.000,0.000,909.843,7.787,50.0000,17.687,0.000,0.000,0.000,0.0000,0.0000,0.0000,13.486,879.344,233.212,DeadBip,-,-,000001EB3A166B00,16,0,0,-,
97,956.264,10.8077,separate,ragdoll,Proventus Avenicci,0001A67D,NPC L Hand [LHnd],16,0.000,0.000,0.000,584.903,27.884,4.0000,8.334,0.000,0.000,0.000,0.0000,0.0000,0.0000,34.928,472.792,342.577,DeadBip,-,-,000001EB3A29CA00,1,0,0,-,
98,956.264,10.8077,separate,ragdoll,Proventus Avenicci,0001A67D,NPC L Thigh [LThg],1,0.000,0.000,0.000,843.819,6.785,6.0000,20.487,0.000,0.000,0.000,0.0000,0.0000,0.0000,-1.887,788.987,299.209,DeadBip,-,-,000001EB3A166B00,16,0,0,-,
99,976.854,10.8078,separate,ragdoll,Proventus Avenicci,0001A67D,NPC R Thigh [RThg],2,0.000,0.000,0.000,833.679,6.519,6.0000,20.487,0.000,0.000,0.000,0.0000,0.0000,0.0000,12.336,793.762,254.577,DeadBip,-,-,000001EB3A29C700,5,0,0,-,
100,976.854,10.8078,separate,ragdoll,Proventus Avenicci,0001A67D,NPC L Calf [LClf],5,0.000,0.000,0.000,697.039,8.172,6.0000,19.675,0.000,0.000,0.000,0.0000,0.0000,0.0000,-40.811,618.159,319.496,DeadBip,-,-,000001EB3A29C100,2,0,0,-,
101,976.859,10.8078,separate,ragdoll,Proventus Avenicci,0001A67D,NPC L Forearm [LLar],14,0.000,0.000,0.000,749.653,13.255,2.0000,11.658,0.000,0.000,0.000,0.0000,0.0000,0.0000,-73.931,674.856,317.936,DeadBip,-,-,000001EB3A29D000,3,0,0,-,
102,976.859,10.8078,separate,ragdoll,Proventus Avenicci,0001A67D,NPC Spine [Spn0],3,0.000,0.000,0.000,925.076,6.368,4.0000,17.297,0.000,0.000,0.000,0.0000,0.0000,0.0000,9.569,900.524,211.499,DeadBip,-,-,000001EB3A166E00,14,0,0,-,
103,976.860,10.8078,separate,ragdoll,Proventus Avenicci,0001A67D,NPC L Forearm [LLar],14,0.000,0.000,0.000,749.653,13.255,2.0000,11.658,0.000,0.000,0.000,0.0000,0.0000,0.0000,-73.931,674.856,317.936,DeadBip,-,-,000001EB3A29DC00,9,0,0,-,
104,976.860,10.8078,separate,ragdoll,Proventus Avenicci,0001A67D,NPC Spine2 [Spn2],9,0.000,0.000,0.000,924.774,1.907,7.0000,23.052,0.000,0.000,0.000,0.0000,0.0000,0.0000,2.589,905.046,189.976,DeadBip,-,-,000001EB3A166E00,14,0,0,-,
105,977.269,10.8078,separate,ragdoll,Proventus Avenicci,0001A67D,NPC L Foot [Lft ],7,0.000,0.000,0.000,606.084,31.049,3.0000,10.011,0.000,0.000,0.000,0.0000,0.0000,0.0000,32.009,304.394,523.123,Static,-,-,000001EA56BED300,-,0,0,-,
106,977.270,10.8078,separate,ragdoll,Proventus Avenicci,0001A67D,NPC L Foot [Lft ],7,0.000,0.000,0.000,606.084,31.049,3.0000,10.011,0.000,0.000,0.000,0.0000,0.0000,0.0000,32.009,304.394,523.123,Static,-,-,000001EAE4AAA500,-,0,0,-,
107,977.272,10.8078,separate,ragdoll,Proventus Avenicci,0001A67D,NPC R Forearm [RLar],15,0.000,0.000,0.000,681.094,15.888,6.0000,11.658,0.000,0.000,0.000,0.0000,0.0000,0.0000,37.488,639.761,230.631,DeadBip,-,-,000001EB3A29C100,2,0,0,-,
108,977.272,10.8078,separate,ragdoll,Proventus Avenicci,0001A67D,NPC R Thigh [RThg],2,0.000,0.000,0.000,809.033,5.501,6.0000,20.487,0.000,0.000,0.000,0.0000,0.0000,0.0000,13.737,767.315,256.073,DeadBip,-,-,000001EB3A167700,15,0,0,-,
109,977.273,10.8078,separate,ragdoll,Proventus Avenicci,0001A67D,NPC R Hand [RHnd],17,0.000,0.000,0.000,623.862,16.175,4.0000,8.334,0.000,0.000,0.000,0.0000,0.0000,0.0000,46.111,565.172,260.111,DeadBip,-,-,000001EB3A29D000,3,0,0,-,
110,977.273,10.8078,separate,ragdoll,Proventus Avenicci,0001A67D,NPC Spine [Spn0],3,0.000,0.000,0.000,920.805,4.796,4.0000,17.297,0.000,0.000,0.000,0.0000,0.0000,0.0000,14.787,897.714,204.383,DeadBip,-,-,000001EB3A167400,17,0,0,-,
111,977.274,10.8078,separate,ragdoll,Proventus Avenicci,0001A67D,NPC L Forearm [LLar],14,0.000,0.000,0.000,686.045,14.915,2.0000,11.658,0.000,0.000,0.000,0.0000,0.0000,0.0000,-46.511,620.760,288.361,DeadBip,-,-,000001EB3A29DF00,6,0,0,-,
112,977.274,10.8078,separate,ragdoll,Proventus Avenicci,0001A67D,NPC Spine1 [Spn1],6,0.000,0.000,0.000,942.518,1.695,4.0000,18.878,0.000,0.000,0.000,0.0000,0.0000,0.0000,14.029,919.515,206.485,DeadBip,-,-,000001EB3A166E00,14,0,0,-,
113,986.243,10.8078,state,ragdoll,Proventus Avenicci,0001A67D,-,-,0.000,0.000,0.000,0.000,0.000,0.0000,0.000,0.000,0.000,0.000,0.0000,0.0000,0.0000,0.000,0.000,0.000,-,-,-,0000000000000000,-,0,0,-,knock_explode
114,986.244,10.8078,listener,ragdoll,Proventus Avenicci,0001A67D,-,-,0.000,0.000,0.000,0.000,0.000,0.0000,0.000,-311.888,-308.942,-318.000,0.0424,0.9991,0.0000,0.000,0.000,0.000,-,-,-,0000000000000000,-,0,0,-,knock_explode
115,998.459,10.8078,separate,ragdoll,Proventus Avenicci,0001A67D,NPC R Foot [Rft ],8,0.000,0.000,0.000,612.874,10.562,3.0000,10.011,0.000,0.000,0.000,0.0000,0.0000,0.0000,-19.469,350.677,502.256,Static,-,-,000001EA56BED300,-,0,0,-,
116,998.461,10.8078,separate,ragdoll,Proventus Avenicci,0001A67D,NPC R Foot [Rft ],8,0.000,0.000,0.000,612.874,10.562,3.0000,10.011,0.000,0.000,0.000,0.0000,0.0000,0.0000,-19.469,350.677,502.256,Static,-,-,000001EAE4AAA500,-,0,0,-,
117,998.462,10.8078,separate,ragdoll,Proventus Avenicci,0001A67D,NPC R Foot [Rft ],8,0.000,0.000,0.000,612.874,10.562,3.0000,10.011,0.000,0.000,0.000,0.0000,0.0000,0.0000,-19.469,350.677,502.256,Static,-,-,000001EAE4998400,-,0,0,-,
118,998.462,10.8078,separate,ragdoll,Proventus Avenicci,0001A67D,NPC R Forearm [RLar],15,0.000,0.000,0.000,691.635,22.609,6.0000,11.658,0.000,0.000,0.000,0.0000,0.0000,0.0000,35.449,657.392,211.986,DeadBip,-,-,000001EB3A29C400,0,0,0,-,
119,998.462,10.8078,separate,ragdoll,Proventus Avenicci,0001A67D,NPC COM [COM ],0,0.000,0.000,0.000,868.497,4.227,50.0000,17.687,0.000,0.000,0.000,0.0000,0.0000,0.0000,20.289,842.730,209.001,DeadBip,-,-,000001EB3A167700,15,0,0,-,
120,998.463,10.8078,separate,ragdoll,Proventus Avenicci,0001A67D,NPC R Forearm [RLar],15,0.000,0.000,0.000,691.635,22.609,6.0000,11.658,0.000,0.000,0.000,0.0000,0.0000,0.0000,35.449,657.392,211.986,DeadBip,-,-,000001EB3A29D000,3,0,0,-,
121,998.463,10.8078,separate,ragdoll,Proventus Avenicci,0001A67D,NPC Spine [Spn0],3,0.000,0.000,0.000,893.849,4.401,4.0000,17.297,0.000,0.000,0.000,0.0000,0.0000,0.0000,17.361,874.624,183.566,DeadBip,-,-,000001EB3A167700,15,0,0,-,
122,998.463,10.8078,separate,ragdoll,Proventus Avenicci,0001A67D,NPC R Hand [RHnd],17,0.000,0.000,0.000,627.814,14.667,4.0000,8.334,0.000,0.000,0.000,0.0000,0.0000,0.0000,50.604,571.327,255.294,DeadBip,-,-,000001EB3A29C400,0,0,0,-,
123,998.464,10.8078,separate,ragdoll,Proventus Avenicci,0001A67D,NPC COM [COM ],0,0.000,0.000,0.000,868.497,4.227,50.0000,17.687,0.000,0.000,0.000,0.0000,0.0000,0.0000,20.289,842.730,209.001,DeadBip,-,-,000001EB3A167400,17,0,0,-,
124,998.464,10.8078,separate,ragdoll,Proventus Avenicci,0001A67D,NPC R Hand [RHnd],17,0.000,0.000,0.000,627.814,14.667,4.0000,8.334,0.000,0.000,0.000,0.0000,0.0000,0.0000,50.604,571.327,255.294,DeadBip,-,-,000001EB3A29C100,2,0,0,-,
125,998.464,10.8078,separate,ragdoll,Proventus Avenicci,0001A67D,NPC R Thigh [RThg],2,0.000,0.000,0.000,826.837,4.000,6.0000,20.487,0.000,0.000,0.000,0.0000,0.0000,0.0000,17.463,792.281,235.891,DeadBip,-,-,000001EB3A167400,17,0,0,-,
126,1008.423,10.8079,listener,ragdoll,Proventus Avenicci,0001A67D,-,-,0.000,0.000,0.000,0.000,0.000,0.0000,0.000,-311.888,-308.942,-318.000,0.0424,0.9991,0.0000,0.000,0.000,0.000,-,-,-,0000000000000000,-,0,0,-,tick
127,1020.799,10.8079,separate,ragdoll,Proventus Avenicci,0001A67D,NPC R Forearm [RLar],15,0.000,0.000,0.000,735.431,17.385,6.0000,11.658,0.000,0.000,0.000,0.0000,0.0000,0.0000,33.780,683.840,268.477,DeadBip,-,-,000001EB3A29DF00,6,0,0,-,
128,1020.799,10.8079,separate,ragdoll,Proventus Avenicci,0001A67D,NPC Spine1 [Spn1],6,0.000,0.000,0.000,836.058,1.604,4.0000,18.878,0.000,0.000,0.000,0.0000,0.0000,0.0000,15.649,820.151,161.556,DeadBip,-,-,000001EB3A167700,15,0,0,-,
129,1052.216,10.8080,listener,ragdoll,Proventus Avenicci,0001A67D,-,-,0.000,0.000,0.000,0.000,0.000,0.0000,0.000,-311.888,-308.942,-318.000,0.0424,0.9991,0.0000,0.000,0.000,0.000,-,-,-,0000000000000000,-,0,0,-,tick
130,1073.528,10.8080,listener,ragdoll,Proventus Avenicci,0001A67D,-,-,0.000,0.000,0.000,0.000,0.000,0.0000,0.000,-311.888,-308.942,-318.000,0.0424,0.9991,0.0000,0.000,0.000,0.000,-,-,-,0000000000000000,-,0,0,-,tick
131,1086.208,10.8080,touch,ragdoll,Proventus Avenicci,0001A67D,NPC R Calf [RClf],4,0.000,0.000,0.000,754.174,8.348,6.0000,19.675,0.000,0.000,0.000,0.0000,0.0000,0.0000,-24.432,637.061,402.907,DeadBip,-,-,000001EB3A29CA00,1,0,0,-,
132,1086.208,10.8080,touch,ragdoll,Proventus Avenicci,0001A67D,NPC L Thigh [LThg],1,0.000,0.000,0.000,751.908,8.158,6.0000,20.487,0.000,0.000,0.000,0.0000,0.0000,0.0000,13.265,722.674,207.200,DeadBip,-,-,000001EB3A29D600,4,0,0,-,
133,1107.466,10.8082,impact,ragdoll,Proventus Avenicci,0001A67D,NPC R Calf [RClf],4,11.541,11.541,25.610,753.360,8.343,6.0000,19.675,-311.104,-23.605,-243.077,0.9575,-0.0740,-0.2789,-24.405,636.374,402.472,DeadBip,Skin,shape,000001EB3A29CA00,1,1,1,-,
134,1107.467,10.8082,impact,ragdoll,Proventus Avenicci,0001A67D,NPC L Thigh [LThg],1,11.541,-11.541,25.610,751.097,8.153,6.0000,20.487,-311.104,-23.605,-243.077,0.9575,-0.0740,-0.2789,13.250,721.895,206.976,DeadBip,Skin,shape,000001EB3A29D600,4,1,1,-,
135,1107.679,10.8082,touch,ragdoll,Proventus Avenicci,0001A67D,NPC R Calf [RClf],4,0.000,0.000,0.000,770.530,7.112,6.0000,19.675,0.000,0.000,0.000,0.0000,0.0000,0.0000,-24.268,654.130,406.498,DeadBip,-,-,000001EB3A29C700,5,0,0,-,
136,1107.680,10.8082,touch,ragdoll,Proventus Avenicci,0001A67D,NPC L Calf [LClf],5,0.000,0.000,0.000,813.620,7.291,6.0000,19.675,0.000,0.000,0.000,0.0000,0.0000,0.0000,9.091,691.762,428.206,DeadBip,-,-,000001EB3A29D600,4,0,0,-,
137,1107.875,10.8082,impact,ragdoll,Proventus Avenicci,0001A67D,NPC R Calf [RClf],4,44.421,44.421,28.557,769.698,7.108,6.0000,19.675,-311.582,-42.762,-236.661,0.9392,-0.0128,-0.3431,-24.242,653.424,406.059,DeadBip,Skin,shape,000001EB3A29C700,5,1,1,-,
138,1107.876,10.8082,impact,ragdoll,Proventus Avenicci,0001A67D,NPC L Calf [LClf],5,44.421,-44.421,28.557,812.742,7.287,6.0000,19.675,-311.582,-42.762,-236.661,0.9392,-0.0128,-0.3431,9.081,691.015,427.744,DeadBip,Skin,shape,000001EB3A29D600,4,1,1,-,
139,1117.804,10.8082,listener,ragdoll,Proventus Avenicci,0001A67D,-,-,0.000,0.000,0.000,0.000,0.000,0.0000,0.000,-311.888,-308.942,-318.000,0.0424,0.9991,0.0000,0.000,0.000,0.000,-,-,-,0000000000000000,-,0,0,-,tick
140,1139.671,10.8082,listener,ragdoll,Proventus Avenicci,0001A67D,-,-,0.000,0.000,0.000,0.000,0.000,0.0000,0.000,-311.888,-308.942,-318.000,0.0424,0.9991,0.0000,0.000,0.000,0.000,-,-,-,0000000000000000,-,0,0,-,tick
141,1172.126,10.8083,separate,ragdoll,Proventus Avenicci,0001A67D,NPC R Calf [RClf],4,0.000,0.000,0.000,822.520,5.591,6.0000,19.675,0.000,0.000,0.000,0.0000,0.0000,0.0000,-5.483,732.702,373.708,DeadBip,-,-,000001EB3A29CA00,1,0,0,-,
142,1172.127,10.8083,separate,ragdoll,Proventus Avenicci,0001A67D,NPC L Thigh [LThg],1,0.000,0.000,0.000,694.641,3.136,6.0000,20.487,0.000,0.000,0.000,0.0000,0.0000,0.0000,-12.947,685.646,110.672,DeadBip,-,-,000001EB3A29D600,4,0,0,-,
143,1182.138,10.8083,listener,ragdoll,Proventus Avenicci,0001A67D,-,-,0.000,0.000,0.000,0.000,0.000,0.0000,0.000,-311.888,-308.942,-318.000,0.0424,0.9991,0.0000,0.000,0.000,0.000,-,-,-,0000000000000000,-,0,0,-,tick
144,1201.946,10.8084,listener,ragdoll,Proventus Avenicci,0001A67D,-,-,0.000,0.000,0.000,0.000,0.000,0.0000,0.000,-311.888,-308.942,-318.000,0.0424,0.9991,0.0000,0.000,0.000,0.000,-,-,-,0000000000000000,-,0,0,-,tick
145,1243.843,10.8085,listener,ragdoll,Proventus Avenicci,0001A67D,-,-,0.000,0.000,0.000,0.000,0.000,0.0000,0.000,-311.888,-308.942,-318.000,0.0424,0.9991,0.0000,0.000,0.000,0.000,-,-,-,0000000000000000,-,0,0,-,tick
146,1264.923,10.8086,listener,ragdoll,Proventus Avenicci,0001A67D,-,-,0.000,0.000,0.000,0.000,0.000,0.0000,0.000,-311.888,-308.942,-318.000,0.0424,0.9991,0.0000,0.000,0.000,0.000,-,-,-,0000000000000000,-,0,0,-,tick
147,1306.739,10.8087,listener,ragdoll,Proventus Avenicci,0001A67D,-,-,0.000,0.000,0.000,0.000,0.000,0.0000,0.000,-311.888,-308.942,-318.000,0.0424,0.9991,0.0000,0.000,0.000,0.000,-,-,-,0000000000000000,-,0,0,-,tick
148,1319.130,10.8087,separate,ragdoll,Proventus Avenicci,0001A67D,NPC R Calf [RClf],4,0.000,0.000,0.000,857.142,5.122,6.0000,19.675,0.000,0.000,0.000,0.0000,0.0000,0.0000,-9.969,846.267,135.739,DeadBip,-,-,000001EB3A29C700,5,0,0,-,
149,1319.131,10.8087,separate,ragdoll,Proventus Avenicci,0001A67D,NPC L Calf [LClf],5,0.000,0.000,0.000,840.049,6.982,6.0000,19.675,0.000,0.000,0.000,0.0000,0.0000,0.0000,-2.185,833.262,106.544,DeadBip,-,-,000001EB3A29D600,4,0,0,-,
150,1328.596,10.8088,listener,ragdoll,Proventus Avenicci,0001A67D,-,-,0.000,0.000,0.000,0.000,0.000,0.0000,0.000,-311.888,-308.942,-318.000,0.0424,0.9991,0.0000,0.000,0.000,0.000,-,-,-,0000000000000000,-,0,0,-,tick
151,1371.411,10.8089,listener,ragdoll,Proventus Avenicci,0001A67D,-,-,0.000,0.000,0.000,0.000,0.000,0.0000,0.000,-311.888,-308.942,-318.000,0.0424,0.9991,0.0000,0.000,0.000,0.000,-,-,-,0000000000000000,-,0,0,-,tick
152,1391.828,10.8089,listener,ragdoll,Proventus Avenicci,0001A67D,-,-,0.000,0.000,0.000,0.000,0.000,0.0000,0.000,-311.888,-308.942,-318.000,0.0424,0.9991,0.0000,0.000,0.000,0.000,-,-,-,0000000000000000,-,0,0,-,tick
153,1435.247,10.8091,listener,ragdoll,Proventus Avenicci,0001A67D,-,-,0.000,0.000,0.000,0.000,0.000,0.0000,0.000,-311.888,-308.942,-318.000,0.0424,0.9991,0.0000,0.000,0.000,0.000,-,-,-,0000000000000000,-,0,0,-,tick
154,1457.339,10.8091,listener,ragdoll,Proventus Avenicci,0001A67D,-,-,0.000,0.000,0.000,0.000,0.000,0.0000,0.000,-311.888,-308.942,-318.000,0.0424,0.9991,0.0000,0.000,0.000,0.000,-,-,-,0000000000000000,-,0,0,-,tick
155,1490.054,10.8092,impact,ragdoll,Proventus Avenicci,0001A67D,NPC R Thigh [RThg],2,5.192,5.192,11.743,752.097,4.396,6.0000,20.487,-311.339,269.677,-194.277,0.8546,0.3691,0.3653,11.532,751.299,-32.657,DeadBip,Skin,shape,000001EB3A29CA00,1,0,1,-,
156,1490.054,10.8092,impact,ragdoll,Proventus Avenicci,0001A67D,NPC L Thigh [LThg],1,5.192,-5.192,11.743,737.161,4.892,6.0000,20.487,-311.339,269.677,-194.277,0.8546,0.3691,0.3653,15.928,736.764,-18.215,DeadBip,Skin,shape,000001EB3A29C100,2,0,1,-,
157,1490.220,10.8092,touch,ragdoll,Proventus Avenicci,0001A67D,NPC R Forearm [RLar],15,0.000,0.000,0.000,748.850,7.047,6.0000,11.658,0.000,0.000,0.000,0.0000,0.0000,0.0000,9.356,721.856,-199.026,DeadBip,-,-,000001EB3A29DF00,6,0,0,-,
158,1490.220,10.8092,touch,ragdoll,Proventus Avenicci,0001A67D,NPC Spine1 [Spn1],6,0.000,0.000,0.000,667.409,5.557,4.0000,18.878,0.000,0.000,0.000,0.0000,0.0000,0.0000,-5.759,655.756,-124.041,DeadBip,-,-,000001EB3A167700,15,0,0,-,
159,1498.906,10.8092,listener,ragdoll,Proventus Avenicci,0001A67D,-,-,0.000,0.000,0.000,0.000,0.000,0.0000,0.000,-311.888,-308.942,-318.000,0.0424,0.9991,0.0000,0.000,0.000,0.000,-,-,-,0000000000000000,-,0,0,-,tick
160,1510.384,10.8092,impact,ragdoll,Proventus Avenicci,0001A67D,NPC R Forearm [RLar],15,9.584,9.584,17.158,748.060,7.043,6.0000,11.658,-289.067,298.230,-218.347,0.7615,0.5811,0.2871,9.346,721.096,-198.817,DeadBip,Skin,shape,000001EB3A29DF00,6,1,1,-,
161,1510.384,10.8092,impact,ragdoll,Proventus Avenicci,0001A67D,NPC Spine1 [Spn1],6,9.584,-9.584,17.158,666.706,5.554,4.0000,18.878,-289.067,298.230,-218.347,0.7615,0.5811,0.2871,-5.753,655.064,-123.910,DeadBip,Skin,shape,000001EB3A167700,15,1,1,-,
162,1510.572,10.8092,touch,ragdoll,Proventus Avenicci,0001A67D,NPC L Hand [LHnd],16,0.000,0.000,0.000,927.113,9.819,4.0000,8.334,0.000,0.000,0.000,0.0000,0.0000,0.0000,71.800,905.888,-183.714,DeadBip,-,-,000001EB3A29CD00,7,0,0,-,
163,1510.572,10.8092,touch,ragdoll,Proventus Avenicci,0001A67D,NPC L Foot [Lft ],7,0.000,0.000,0.000,827.184,2.446,3.0000,10.011,0.000,0.000,0.000,0.0000,0.0000,0.0000,-22.373,812.914,-151.336,DeadBip,-,-,000001EB3A166B00,16,0,0,-,
164,1510.750,10.8092,impact,ragdoll,Proventus Avenicci,0001A67D,NPC L Hand [LHnd],16,97.970,97.970,101.236,926.136,9.814,4.0000,8.334,-322.776,319.334,-182.665,-0.9299,-0.0032,0.3677,71.724,904.933,-183.521,DeadBip,Skin,shape,000001EB3A29CD00,7,1,1,-,
165,1510.750,10.8092,impact,ragdoll,Proventus Avenicci,0001A67D,NPC L Foot [Lft ],7,97.970,-97.970,101.236,826.312,2.445,3.0000,10.011,-322.776,319.334,-182.665,-0.9299,-0.0032,0.3677,-22.349,812.058,-151.176,DeadBip,Skin,shape,000001EB3A166B00,16,1,1,-,
166,1520.294,10.8093,listener,ragdoll,Proventus Avenicci,0001A67D,-,-,0.000,0.000,0.000,0.000,0.000,0.0000,0.000,-311.888,-308.942,-318.000,0.0424,0.9991,0.0000,0.000,0.000,0.000,-,-,-,0000000000000000,-,0,0,-,tick
167,1560.525,10.8094,listener,ragdoll,Proventus Avenicci,0001A67D,-,-,0.000,0.000,0.000,0.000,0.000,0.0000,0.000,-311.888,-308.942,-318.000,0.0424,0.9991,0.0000,0.000,0.000,0.000,-,-,-,0000000000000000,-,0,0,-,tick
168,1601.499,10.8095,listener,ragdoll,Proventus Avenicci,0001A67D,-,-,0.000,0.000,0.000,0.000,0.000,0.0000,0.000,-311.888,-308.942,-318.000,0.0424,0.9991,0.0000,0.000,0.000,0.000,-,-,-,0000000000000000,-,0,0,-,tick
169,1623.406,10.8096,listener,ragdoll,Proventus Avenicci,0001A67D,-,-,0.000,0.000,0.000,0.000,0.000,0.0000,0.000,-311.888,-308.942,-318.000,0.0424,0.9991,0.0000,0.000,0.000,0.000,-,-,-,0000000000000000,-,0,0,-,tick
170,1656.621,10.8097,separate,ragdoll,Proventus Avenicci,0001A67D,NPC L Hand [LHnd],16,0.000,0.000,0.000,895.975,4.956,4.0000,8.334,0.000,0.000,0.000,0.0000,0.0000,0.0000,66.519,779.013,-437.590,DeadBip,-,-,000001EB3A29CD00,7,0,0,-,
171,1656.622,10.8097,separate,ragdoll,Proventus Avenicci,0001A67D,NPC L Foot [Lft ],7,0.000,0.000,0.000,819.423,4.704,3.0000,10.011,0.000,0.000,0.000,0.0000,0.0000,0.0000,6.157,773.885,-269.291,DeadBip,-,-,000001EB3A166B00,16,0,0,-,
172,1665.379,10.8097,listener,ragdoll,Proventus Avenicci,0001A67D,-,-,0.000,0.000,0.000,0.000,0.000,0.0000,0.000,-311.888,-308.942,-318.000,0.0424,0.9991,0.0000,0.000,0.000,0.000,-,-,-,0000000000000000,-,0,0,-,tick
173,1677.714,10.8097,touch,ragdoll,Proventus Avenicci,0001A67D,NPC R Calf [RClf],4,0.000,0.000,0.000,855.278,3.142,6.0000,19.675,0.000,0.000,0.000,0.0000,0.0000,0.0000,28.354,804.478,-288.982,DeadBip,-,-,000001EB3A29C700,5,0,0,-,
174,1677.714,10.8097,touch,ragdoll,Proventus Avenicci,0001A67D,NPC L Calf [LClf],5,0.000,0.000,0.000,834.327,3.044,6.0000,19.675,0.000,0.000,0.000,0.0000,0.0000,0.0000,40.775,798.844,-237.249,DeadBip,-,-,000001EB3A29D600,4,0,0,-,
175,1686.077,10.8098,listener,ragdoll,Proventus Avenicci,0001A67D,-,-,0.000,0.000,0.000,0.000,0.000,0.0000,0.000,-311.888,-308.942,-318.000,0.0424,0.9991,0.0000,0.000,0.000,0.000,-,-,-,0000000000000000,-,0,0,-,tick
176,1698.506,10.8098,impact,ragdoll,Proventus Avenicci,0001A67D,NPC R Calf [RClf],4,20.662,20.662,11.836,854.397,3.140,6.0000,19.675,-310.001,439.418,-216.621,0.9724,0.1529,0.1764,28.325,803.650,-288.684,DeadBip,Skin,shape,000001EB3A29C700,5,1,1,-,
177,1698.507,10.8098,impact,ragdoll,Proventus Avenicci,0001A67D,NPC L Calf [LClf],5,20.662,-20.662,11.836,833.468,3.043,6.0000,19.675,-310.001,439.418,-216.621,0.9724,0.1529,0.1764,40.733,798.022,-237.005,DeadBip,Skin,shape,000001EB3A29D600,4,1,1,-,
178,1721.058,10.8099,touch,ragdoll,Proventus Avenicci,0001A67D,NPC R Thigh [RThg],2,0.000,0.000,0.000,805.227,2.934,6.0000,20.487,0.000,0.000,0.000,0.0000,0.0000,0.0000,14.081,765.811,-248.447,DeadBip,-,-,000001EB3A29C700,5,0,0,-,
179,1721.059,10.8099,touch,ragdoll,Proventus Avenicci,0001A67D,NPC L Calf [LClf],5,0.000,0.000,0.000,844.814,2.393,6.0000,19.675,0.000,0.000,0.000,0.0000,0.0000,0.0000,49.514,798.953,-270.062,DeadBip,-,-,000001EB3A29C100,2,0,0,-,
180,1721.061,10.8099,touch,ragdoll,Proventus Avenicci,0001A67D,NPC R Calf [RClf],4,0.000,0.000,0.000,855.618,3.034,6.0000,19.675,0.000,0.000,0.000,0.0000,0.0000,0.0000,26.022,791.649,-323.571,DeadBip,-,-,000001EB3A29CA00,1,0,0,-,
181,1721.061,10.8099,touch,ragdoll,Proventus Avenicci,0001A67D,NPC L Thigh [LThg],1,0.000,0.000,0.000,824.296,2.700,6.0000,20.487,0.000,0.000,0.000,0.0000,0.0000,0.0000,29.435,791.335,-228.881,DeadBip,-,-,000001EB3A29D600,4,0,0,-,
182,1730.140,10.8099,listener,ragdoll,Proventus Avenicci,0001A67D,-,-,0.000,0.000,0.000,0.000,0.000,0.0000,0.000,-311.888,-308.942,-318.000,0.0424,0.9991,0.0000,0.000,0.000,0.000,-,-,-,0000000000000000,-,0,0,-,tick
183,1742.143,10.8099,impact,ragdoll,Proventus Avenicci,0001A67D,NPC R Thigh [RThg],2,18.337,18.337,27.415,804.379,2.932,6.0000,20.487,-308.377,468.214,-226.587,0.9312,-0.2908,-0.2199,14.066,765.004,-248.185,DeadBip,Skin,shape,000001EB3A29C700,5,1,1,-,
184,1742.144,10.8099,impact,ragdoll,Proventus Avenicci,0001A67D,NPC L Calf [LClf],5,18.337,-18.337,27.415,843.923,2.392,6.0000,19.675,-308.377,468.214,-226.587,0.9312,-0.2908,-0.2199,49.462,798.110,-269.777,DeadBip,Skin,shape,000001EB3A29C100,2,1,1,-,
185,1742.146,10.8099,impact,ragdoll,Proventus Avenicci,0001A67D,NPC R Calf [RClf],4,18.397,18.397,16.832,854.716,3.032,6.0000,19.675,-305.985,462.772,-224.649,0.8300,0.4870,-0.2720,25.994,790.814,-323.230,DeadBip,Skin,shape,000001EB3A29CA00,1,1,1,-,
186,1742.146,10.8099,impact,ragdoll,Proventus Avenicci,0001A67D,NPC L Thigh [LThg],1,18.397,-18.397,16.832,823.427,2.698,6.0000,20.487,-305.985,462.772,-224.649,0.8300,0.4870,-0.2720,29.404,790.501,-228.640,DeadBip,Skin,shape,000001EB3A29D600,4,1,1,-,
187,1753.057,10.8099,listener,ragdoll,Proventus Avenicci,0001A67D,-,-,0.000,0.000,0.000,0.000,0.000,0.0000,0.000,-311.888,-308.942,-318.000,0.0424,0.9991,0.0000,0.000,0.000,0.000,-,-,-,0000000000000000,-,0,0,-,tick
188,1785.407,10.8100,touch,ragdoll,Proventus Avenicci,0001A67D,NPC Head [Head],13,0.000,0.000,0.000,558.316,5.362,4.0000,15.108,0.000,0.000,0.000,0.0000,0.0000,0.0000,-30.494,501.737,-242.996,Static,-,-,000001EA56D06B00,-,0,0,-,
189,1785.597,10.8100,impact,ragdoll,Proventus Avenicci,0001A67D,NPC Head [Head],13,241.422,241.422,445.344,557.722,5.348,4.0000,15.108,-311.895,481.426,-318.000,-0.0000,0.0000,1.0000,-30.461,501.203,-242.737,Static,Carpet,shape,000001EA56D06B00,-,1,1,-,
190,1794.485,10.8100,listener,ragdoll,Proventus Avenicci,0001A67D,-,-,0.000,0.000,0.000,0.000,0.000,0.0000,0.000,-311.888,-308.942,-318.000,0.0424,0.9991,0.0000,0.000,0.000,0.000,-,-,-,0000000000000000,-,0,0,-,tick
191,1807.325,10.8100,touch,ragdoll,Proventus Avenicci,0001A67D,NPC R Hand [RHnd],17,0.000,0.000,0.000,690.553,13.922,4.0000,8.334,0.000,0.000,0.000,0.0000,0.0000,0.0000,-14.204,588.217,-361.474,DeadBip,-,-,000001EB3A29DC00,9,0,0,-,
192,1807.326,10.8100,touch,ragdoll,Proventus Avenicci,0001A67D,NPC Spine2 [Spn2],9,0.000,0.000,0.000,642.543,11.578,7.0000,23.052,0.000,0.000,0.000,0.0000,0.0000,0.0000,26.383,618.899,-170.674,DeadBip,-,-,000001EB3A167400,17,0,0,-,
193,1807.333,10.8100,touch,ragdoll,Proventus Avenicci,0001A67D,NPC Head [Head],13,0.000,0.000,0.000,383.035,32.835,4.0000,15.108,0.000,0.000,0.000,0.0000,0.0000,0.0000,-101.863,332.941,-159.656,Static,-,-,000001EAE4AD0D00,-,0,0,-,
194,1807.567,10.8100,impact,ragdoll,Proventus Avenicci,0001A67D,NPC Head [Head],13,151.953,151.953,9.527,382.628,32.748,4.0000,15.108,-313.771,490.369,-319.650,0.0000,0.0000,1.0000,-101.755,332.587,-159.486,Static,Wood,shape,000001EAE4AD0D00,-,1,1,-,
195,1807.570,10.8100,impact,ragdoll,Proventus Avenicci,0001A67D,NPC R Hand [RHnd],17,17.177,17.177,56.889,689.820,13.915,4.0000,8.334,-292.635,500.929,-289.112,0.7750,0.6215,-0.1143,-14.189,587.592,-361.090,DeadBip,Skin,shape,000001EB3A29DC00,9,1,1,-,
196,1807.570,10.8100,impact,ragdoll,Proventus Avenicci,0001A67D,NPC Spine2 [Spn2],9,17.177,-17.177,56.889,641.861,11.572,7.0000,23.052,-292.635,500.929,-289.112,0.7750,0.6215,-0.1143,26.355,618.242,-170.493,DeadBip,Skin,shape,000001EB3A167400,17,1,1,-,
197,1816.546,10.8101,listener,ragdoll,Proventus Avenicci,0001A67D,-,-,0.000,0.000,0.000,0.000,0.000,0.0000,0.000,-311.888,-308.942,-318.000,0.0424,0.9991,0.0000,0.000,0.000,0.000,-,-,-,0000000000000000,-,0,0,-,tick
198,1828.691,10.8101,impact,ragdoll,Proventus Avenicci,0001A67D,NPC Head [Head],13,20.942,20.942,71.154,339.973,36.210,4.0000,15.108,-314.066,494.637,-318.000,0.0000,-0.0000,1.0000,-57.078,335.034,-8.697,Static,Carpet,shape,000001EA56D06B00,-,0,1,-,
199,1828.694,10.8101,impact,ragdoll,Proventus Avenicci,0001A67D,NPC Head [Head],13,20.942,20.942,73.965,339.973,36.210,4.0000,15.108,-314.066,494.637,-319.650,0.0000,-0.0000,1.0000,-57.078,335.034,-8.697,Static,Wood,shape,000001EAE4AD0D00,-,0,1,-,
200,1828.902,10.8101,separate,ragdoll,Proventus Avenicci,0001A67D,NPC R Thigh [RThg],2,0.000,0.000,0.000,817.040,3.500,6.0000,20.487,0.000,0.000,0.000,0.0000,0.0000,0.0000,27.998,765.117,-285.248,DeadBip,-,-,000001EB3A29C700,5,0,0,-,
201,1828.902,10.8101,separate,ragdoll,Proventus Avenicci,0001A67D,NPC L Calf [LClf],5,0.000,0.000,0.000,859.630,2.922,6.0000,19.675,0.000,0.000,0.000,0.0000,0.0000,0.0000,27.381,783.542,-352.527,DeadBip,-,-,000001EB3A29C100,2,0,0,-,
202,1828.904,10.8101,separate,ragdoll,Proventus Avenicci,0001A67D,NPC R Calf [RClf],4,0.000,0.000,0.000,863.454,4.582,6.0000,19.675,0.000,0.000,0.000,0.0000,0.0000,0.0000,60.740,768.112,-389.702,DeadBip,-,-,000001EB3A29CA00,1,0,0,-,
203,1828.904,10.8101,separate,ragdoll,Proventus Avenicci,0001A67D,NPC L Thigh [LThg],1,0.000,0.000,0.000,846.193,2.339,6.0000,20.487,0.000,0.000,0.000,0.0000,0.0000,0.0000,20.772,784.603,-316.242,DeadBip,-,-,000001EB3A29D600,4,0,0,-,
204,1829.289,10.8101,touch,ragdoll,Proventus Avenicci,0001A67D,NPC L UpperArm [LUar],10,0.000,0.000,0.000,651.362,7.679,2.0000,14.463,0.000,0.000,0.000,0.0000,0.0000,0.0000,-15.949,557.848,-335.891,Static,-,-,000001EA56D06B00,-,0,0,-,
205,1829.291,10.8101,touch,ragdoll,Proventus Avenicci,0001A67D,NPC L Hand [LHnd],16,0.000,0.000,0.000,743.223,8.973,4.0000,8.334,0.000,0.000,0.000,0.0000,0.0000,0.0000,29.553,497.056,-551.762,Static,-,-,000001EA56D06B00,-,0,0,-,
206,1829.292,10.8101,touch,ragdoll,Proventus Avenicci,0001A67D,NPC L Forearm [LLar],14,0.000,0.000,0.000,692.812,7.016,2.0000,11.658,0.000,0.000,0.000,0.0000,0.0000,0.0000,5.069,516.890,-461.290,Static,-,-,000001EA56D06B00,-,0,0,-,
207,1829.293,10.8101,touch,ragdoll,Proventus Avenicci,0001A67D,NPC L Hand [LHnd],16,0.000,0.000,0.000,743.223,8.973,4.0000,8.334,0.000,0.000,0.000,0.0000,0.0000,0.0000,29.553,497.056,-551.762,Static,-,-,000001EAE4AD0D00,-,0,0,-,
208,1849.742,10.8102,impact,ragdoll,Proventus Avenicci,0001A67D,NPC L UpperArm [LUar],10,374.960,374.960,476.720,650.659,7.675,2.0000,14.463,-315.367,538.480,-318.000,0.0000,-0.0000,1.0000,-15.931,557.246,-335.529,Static,Carpet,shape,000001EA56D06B00,-,1,1,-,
209,1849.747,10.8102,impact,ragdoll,Proventus Avenicci,0001A67D,NPC L Forearm [LLar],14,499.362,499.362,485.204,692.065,7.012,2.0000,11.658,-316.239,557.079,-318.000,0.0000,0.0000,1.0000,5.063,516.332,-460.792,Static,Carpet,shape,000001EA56D06B00,-,1,1,-,
210,1849.749,10.8102,impact,ragdoll,Proventus Avenicci,0001A67D,NPC L Hand [LHnd],16,551.076,551.076,472.476,742.420,8.968,4.0000,8.334,-315.695,563.455,-318.000,-0.0000,0.0000,1.0000,29.521,496.520,-551.167,Static,Carpet,shape,000001EA56D06B00,-,1,1,-,
211,1849.749,10.8102,impact,ragdoll,Proventus Avenicci,0001A67D,NPC L Hand [LHnd],16,551.076,551.076,457.721,742.420,8.968,4.0000,8.334,-315.695,563.455,-319.650,-0.0000,0.0000,1.0000,29.521,496.520,-551.167,Static,Wood,shape,000001EAE4AD0D00,-,1,1,-,
212,1849.948,10.8102,separate,ragdoll,Proventus Avenicci,0001A67D,NPC L UpperArm [LUar],10,0.000,0.000,0.000,493.104,14.591,2.0000,14.463,0.000,0.000,0.000,0.0000,0.0000,0.0000,-77.405,483.659,-56.874,Static,-,-,000001EA56D06B00,-,0,0,-,
213,1850.277,10.8102,separate,ragdoll,Proventus Avenicci,0001A67D,NPC R Hand [RHnd],17,0.000,0.000,0.000,653.104,7.191,4.0000,8.334,0.000,0.000,0.000,0.0000,0.0000,0.0000,-24.813,555.661,-342.301,DeadBip,-,-,000001EB3A29DC00,9,0,0,-,
214,1850.277,10.8102,separate,ragdoll,Proventus Avenicci,0001A67D,NPC Spine2 [Spn2],9,0.000,0.000,0.000,596.971,9.407,7.0000,23.052,0.000,0.000,0.000,0.0000,0.0000,0.0000,-36.915,569.102,-176.450,DeadBip,-,-,000001EB3A167400,17,0,0,-,
215,1850.281,10.8102,touch,ragdoll,Proventus Avenicci,0001A67D,NPC L UpperArm [LUar],10,0.000,0.000,0.000,467.300,21.846,2.0000,14.463,0.000,0.000,0.000,0.0000,0.0000,0.0000,16.366,458.992,-86.183,Static,-,-,000001EA56D06B00,-,0,0,-,
216,1850.283,10.8102,touch,ragdoll,Proventus Avenicci,0001A67D,NPC L UpperArm [LUar],10,0.000,0.000,0.000,467.300,21.846,2.0000,14.463,0.000,0.000,0.000,0.0000,0.0000,0.0000,16.366,458.992,-86.183,Static,-,-,000001EAE4AD0D00,-,0,0,-,
217,1859.551,10.8102,listener,ragdoll,Proventus Avenicci,0001A67D,-,-,0.000,0.000,0.000,0.000,0.000,0.0000,0.000,-311.888,-308.942,-318.000,0.0424,0.9991,0.0000,0.000,0.000,0.000,-,-,-,0000000000000000,-,0,0,-,tick
218,1871.403,10.8102,touch,ragdoll,Proventus Avenicci,0001A67D,NPC L Forearm [LLar],14,0.000,0.000,0.000,455.865,20.150,2.0000,11.658,0.000,0.000,0.000,0.0000,0.0000,0.0000,114.655,439.214,-41.938,Static,-,-,000001EAE4AD0D00,-,0,0,-,
219,1871.412,10.8102,touch,ragdoll,Proventus Avenicci,0001A67D,NPC R Hand [RHnd],17,0.000,0.000,0.000,647.323,5.626,4.0000,8.334,0.000,0.000,0.000,0.0000,0.0000,0.0000,-29.331,554.396,-332.885,Static,-,-,000001EA56D06B00,-,0,0,-,
220,1871.645,10.8102,impact,ragdoll,Proventus Avenicci,0001A67D,NPC L UpperArm [LUar],10,100.441,100.441,505.451,456.335,13.485,2.0000,14.463,-316.603,543.242,-318.000,-0.0000,0.0000,1.0000,40.782,448.935,-70.962,Static,Carpet,shape,000001EA56D06B00,-,0,1,-,
221,1871.648,10.8102,impact,ragdoll,Proventus Avenicci,0001A67D,NPC L Forearm [LLar],14,23.255,23.255,453.945,455.370,20.139,2.0000,11.658,-314.791,572.742,-319.650,0.0000,-0.0000,1.0000,114.530,438.736,-41.892,Static,Wood,shape,000001EAE4AD0D00,-,1,1,-,
222,1871.651,10.8102,impact,ragdoll,Proventus Avenicci,0001A67D,NPC R Hand [RHnd],17,332.407,332.407,526.885,646.619,5.623,4.0000,8.334,-284.680,544.549,-318.000,-0.0000,0.0000,1.0000,-29.299,553.793,-332.523,Static,Carpet,shape,000001EA56D06B00,-,1,1,-,
223,1871.826,10.8102,touch,ragdoll,Proventus Avenicci,0001A67D,NPC R Hand [RHnd],17,0.000,0.000,0.000,610.677,25.190,4.0000,8.334,0.000,0.000,0.000,0.0000,0.0000,0.0000,-41.739,609.176,9.382,DeadBip,-,-,000001EB3A29DC00,9,0,0,-,
224,1871.826,10.8102,touch,ragdoll,Proventus Avenicci,0001A67D,NPC Spine2 [Spn2],9,0.000,0.000,0.000,563.353,9.780,7.0000,23.052,0.000,0.000,0.000,0.0000,0.0000,0.0000,-11.746,549.718,-122.634,DeadBip,-,-,000001EB3A167400,17,0,0,-,
225,1871.828,10.8102,touch,ragdoll,Proventus Avenicci,0001A67D,NPC Spine2 [Spn2],9,0.000,0.000,0.000,563.353,9.780,7.0000,23.052,0.000,0.000,0.000,0.0000,0.0000,0.0000,-11.746,549.718,-122.634,Static,-,-,000001EA56D06B00,-,0,0,-,
226,1880.751,10.8103,listener,ragdoll,Proventus Avenicci,0001A67D,-,-,0.000,0.000,0.000,0.000,0.000,0.0000,0.000,-311.888,-308.942,-318.000,0.0424,0.9991,0.0000,0.000,0.000,0.000,-,-,-,0000000000000000,-,0,0,-,tick
227,1891.270,10.8103,impact,ragdoll,Proventus Avenicci,0001A67D,NPC Spine2 [Spn2],9,112.570,112.570,494.334,562.745,9.775,7.0000,23.052,-307.616,543.081,-318.000,0.0000,-0.0000,1.0000,-11.733,549.125,-122.502,Static,Carpet,shape,000001EA56D06B00,-,1,1,-,
228,1891.280,10.8103,impact,ragdoll,Proventus Avenicci,0001A67D,NPC R Hand [RHnd],17,59.969,59.969,494.323,610.018,25.176,4.0000,8.334,-293.900,545.193,-307.105,0.7502,0.4989,-0.4339,-41.694,608.519,9.372,DeadBip,Skin,shape,000001EB3A29DC00,9,1,1,-,
229,1891.280,10.8103,impact,ragdoll,Proventus Avenicci,0001A67D,NPC Spine2 [Spn2],9,59.969,-59.969,494.323,562.745,9.775,7.0000,23.052,-293.900,545.193,-307.105,0.7502,0.4989,-0.4339,-11.733,549.125,-122.502,DeadBip,Skin,shape,000001EB3A167400,17,1,1,-,
230,1891.494,10.8103,touch,ragdoll,Proventus Avenicci,0001A67D,NPC L Forearm [LLar],14,0.000,0.000,0.000,416.408,20.346,2.0000,11.658,0.000,0.000,0.000,0.0000,0.0000,0.0000,-46.889,413.381,-17.691,DeadBip,-,-,000001EB3A29DC00,9,0,0,-,
231,1891.494,10.8103,touch,ragdoll,Proventus Avenicci,0001A67D,NPC Spine2 [Spn2],9,0.000,0.000,0.000,544.557,12.498,7.0000,23.052,0.000,0.000,0.000,0.0000,0.0000,0.0000,-22.222,543.652,-22.167,DeadBip,-,-,000001EB3A166E00,14,0,0,-,
232,1891.498,10.8103,touch,ragdoll,Proventus Avenicci,0001A67D,NPC R Hand [RHnd],17,0.000,0.000,0.000,553.422,38.485,4.0000,8.334,0.000,0.000,0.000,0.0000,0.0000,0.0000,-2.982,553.045,-20.198,DeadBip,-,-,000001EB3A29DF00,6,0,0,-,
233,1891.498,10.8103,touch,ragdoll,Proventus Avenicci,0001A67D,NPC Spine1 [Spn1],6,0.000,0.000,0.000,637.885,12.654,4.0000,18.878,0.000,0.000,0.000,0.0000,0.0000,0.0000,5.870,626.894,-117.757,DeadBip,-,-,000001EB3A167400,17,0,0,-,
234,1891.500,10.8103,separate,ragdoll,Proventus Avenicci,0001A67D,NPC Head [Head],13,0.000,0.000,0.000,509.511,10.863,4.0000,15.108,0.000,0.000,0.000,0.0000,0.0000,0.0000,31.381,508.015,23.167,Static,-,-,000001EAE4AD0D00,-,0,0,-,
235,1891.501,10.8103,separate,ragdoll,Proventus Avenicci,0001A67D,NPC Spine2 [Spn2],9,0.000,0.000,0.000,544.557,12.498,7.0000,23.052,0.000,0.000,0.000,0.0000,0.0000,0.0000,-22.222,543.652,-22.167,Static,-,-,000001EA56D06B00,-,0,0,-,
236,1891.504,10.8103,touch,ragdoll,Proventus Avenicci,0001A67D,NPC R Forearm [RLar],15,0.000,0.000,0.000,560.141,6.225,6.0000,11.658,0.000,0.000,0.000,0.0000,0.0000,0.0000,-14.681,555.218,-72.638,Static,-,-,000001EA56D06B00,-,0,0,-,
237,1891.505,10.8103,touch,ragdoll,Proventus Avenicci,0001A67D,NPC Spine2 [Spn2],9,0.000,0.000,0.000,544.557,12.498,7.0000,23.052,0.000,0.000,0.000,0.0000,0.0000,0.0000,-22.222,543.652,-22.167,Static,-,-,000001EAE4AD0D00,-,0,0,-,
238,1891.506,10.8103,touch,ragdoll,Proventus Avenicci,0001A67D,NPC R Hand [RHnd],17,0.000,0.000,0.000,553.422,38.485,4.0000,8.334,0.000,0.000,0.000,0.0000,0.0000,0.0000,-2.982,553.045,-20.198,Static,-,-,000001EAE4AD0D00,-,0,0,-,
239,1891.729,10.8103,impact,ragdoll,Proventus Avenicci,0001A67D,NPC Spine2 [Spn2],9,45.222,45.222,552.623,543.969,12.491,7.0000,23.052,-303.178,545.009,-319.650,0.0000,-0.0000,1.0000,-22.198,543.065,-22.144,Static,Wood,shape,000001EAE4AD0D00,-,1,1,-,
240,1891.732,10.8103,impact,ragdoll,Proventus Avenicci,0001A67D,NPC L Forearm [LLar],14,89.121,89.121,160.472,415.958,20.335,2.0000,11.658,-310.338,559.873,-306.845,-0.2071,0.8976,-0.3892,-46.838,412.935,-17.672,DeadBip,Skin,shape,000001EB3A29DC00,9,1,1,-,
241,1891.732,10.8103,impact,ragdoll,Proventus Avenicci,0001A67D,NPC Spine2 [Spn2],9,89.121,-89.121,160.472,543.969,12.491,7.0000,23.052,-310.338,559.873,-306.845,-0.2071,0.8976,-0.3892,-22.198,543.065,-22.144,DeadBip,Skin,shape,000001EB3A166E00,14,1,1,-,
242,1891.733,10.8103,impact,ragdoll,Proventus Avenicci,0001A67D,NPC R Forearm [RLar],15,40.398,40.398,623.468,559.537,6.221,6.0000,11.658,-283.024,554.177,-318.000,0.0000,0.0000,1.0000,-14.665,554.618,-72.560,Static,Carpet,shape,000001EA56D06B00,-,1,1,-,
243,1891.734,10.8103,impact,ragdoll,Proventus Avenicci,0001A67D,NPC R Hand [RHnd],17,90.379,90.379,442.404,552.824,38.464,4.0000,8.334,-291.241,555.136,-302.872,0.5325,0.1855,-0.8258,-2.978,552.448,-20.176,DeadBip,Skin,shape,000001EB3A29DF00,6,1,1,-,
244,1891.734,10.8103,impact,ragdoll,Proventus Avenicci,0001A67D,NPC Spine1 [Spn1],6,90.379,-90.379,442.404,637.196,12.648,4.0000,18.878,-291.241,555.136,-302.872,0.5325,0.1855,-0.8258,5.864,626.217,-117.630,DeadBip,Skin,shape,000001EB3A167400,17,1,1,-,
245,1891.735,10.8103,impact,ragdoll,Proventus Avenicci,0001A67D,NPC R Hand [RHnd],17,19.465,19.465,359.402,552.824,38.464,4.0000,8.334,-285.248,557.164,-319.650,0.0000,-0.0000,1.0000,-2.978,552.448,-20.176,Static,Wood,shape,000001EAE4AD0D00,-,1,1,-,
246,1891.909,10.8103,separate,ragdoll,Proventus Avenicci,0001A67D,NPC R Hand [RHnd],17,0.000,0.000,0.000,657.900,23.133,4.0000,8.334,0.000,0.000,0.000,0.0000,0.0000,0.0000,69.123,654.257,-1.248,DeadBip,-,-,000001EB3A29DC00,9,0,0,-,
247,1891.909,10.8103,separate,ragdoll,Proventus Avenicci,0001A67D,NPC Spine2 [Spn2],9,0.000,0.000,0.000,516.309,10.874,7.0000,23.052,0.000,0.000,0.000,0.0000,0.0000,0.0000,-41.233,514.656,-2.079,DeadBip,-,-,000001EB3A167400,17,0,0,-,
248,1891.910,10.8103,separate,ragdoll,Proventus Avenicci,0001A67D,NPC R Calf [RClf],4,0.000,0.000,0.000,851.153,3.175,6.0000,19.675,0.000,0.000,0.000,0.0000,0.0000,0.0000,67.825,728.619,-434.715,DeadBip,-,-,000001EB3A29C700,5,0,0,-,
249,1891.910,10.8103,separate,ragdoll,Proventus Avenicci,0001A67D,NPC L Calf [LClf],5,0.000,0.000,0.000,881.699,1.657,6.0000,19.675,0.000,0.000,0.000,0.0000,0.0000,0.0000,35.395,779.074,-411.320,DeadBip,-,-,000001EB3A29D600,4,0,0,-,
250,1891.912,10.8103,touch,ragdoll,Proventus Avenicci,0001A67D,NPC Spine2 [Spn2],9,0.000,0.000,0.000,516.309,10.874,7.0000,23.052,0.000,0.000,0.000,0.0000,0.0000,0.0000,-41.233,514.656,-2.079,Static,-,-,000001EA56D06B00,-,0,0,-,
251,1891.914,10.8103,separate,ragdoll,Proventus Avenicci,0001A67D,NPC R Hand [RHnd],17,0.000,0.000,0.000,657.900,23.133,4.0000,8.334,0.000,0.000,0.000,0.0000,0.0000,0.0000,69.123,654.257,-1.248,Static,-,-,000001EA56D06B00,-,0,0,-,
252,1891.915,10.8103,touch,ragdoll,Proventus Avenicci,0001A67D,NPC R Hand [RHnd],17,0.000,0.000,0.000,657.900,23.133,4.0000,8.334,0.000,0.000,0.000,0.0000,0.0000,0.0000,69.123,654.257,-1.248,Static,-,-,000001EA56D06B00,-,0,0,-,
253,1911.687,10.8104,impact,ragdoll,Proventus Avenicci,0001A67D,NPC L Forearm [LLar],14,127.389,127.389,522.081,469.513,12.042,2.0000,11.658,-313.863,574.441,-318.000,-0.0000,-0.0000,1.0000,-81.252,455.601,-79.172,Static,Carpet,shape,000001EA56D06B00,-,0,1,-,
254,1911.891,10.8104,touch,ragdoll,Proventus Avenicci,0001A67D,NPC Spine1 [Spn1],6,0.000,0.000,0.000,619.290,16.013,4.0000,18.878,0.000,0.000,0.000,0.0000,0.0000,0.0000,-10.391,593.586,-176.262,DeadBip,-,-,000001EB3A166E00,14,0,0,-,
255,1911.891,10.8104,touch,ragdoll,Proventus Avenicci,0001A67D,NPC L Forearm [LLar],14,0.000,0.000,0.000,461.400,12.437,2.0000,11.658,0.000,0.000,0.000,0.0000,0.0000,0.0000,-93.480,451.743,8.913,DeadBip,-,-,000001EB3A29DF00,6,0,0,-,
256,1911.900,10.8104,separate,ragdoll,Proventus Avenicci,0001A67D,NPC Spine2 [Spn2],9,0.000,0.000,0.000,498.402,14.675,7.0000,23.052,0.000,0.000,0.000,0.0000,0.0000,0.0000,-7.421,498.044,-17.377,Static,-,-,000001EA56D06B00,-,0,0,-,
257,1911.900,10.8104,touch,ragdoll,Proventus Avenicci,0001A67D,NPC Spine2 [Spn2],9,0.000,0.000,0.000,498.402,14.675,7.0000,23.052,0.000,0.000,0.000,0.0000,0.0000,0.0000,-7.421,498.044,-17.377,Static,-,-,000001EA56D06B00,-,0,0,-,
258,1911.903,10.8104,separate,ragdoll,Proventus Avenicci,0001A67D,NPC R Forearm [RLar],15,0.000,0.000,0.000,526.497,7.982,6.0000,11.658,0.000,0.000,0.000,0.0000,0.0000,0.0000,-21.197,525.754,-18.231,Static,-,-,000001EA56D06B00,-,0,0,-,
259,1911.909,10.8104,touch,ragdoll,Proventus Avenicci,0001A67D,NPC R Foot [Rft ],8,0.000,0.000,0.000,896.824,8.873,3.0000,10.011,0.000,0.000,0.000,0.0000,0.0000,0.0000,98.013,725.959,-517.368,Static,-,-,000001EA5685C100,-,0,0,-,
260,1912.121,10.8104,impact,ragdoll,Proventus Avenicci,0001A67D,NPC Spine1 [Spn1],6,123.017,123.017,267.533,618.633,16.005,4.0000,18.878,-312.669,577.400,-309.401,0.5989,-0.4604,0.6553,-10.380,592.955,-176.075,DeadBip,Skin,shape,000001EB3A166E00,14,1,1,-,
261,1912.121,10.8104,impact,ragdoll,Proventus Avenicci,0001A67D,NPC L Forearm [LLar],14,123.017,-123.017,267.533,460.909,12.430,2.0000,11.658,-312.669,577.400,-309.401,0.5989,-0.4604,0.6553,-93.381,451.263,8.903,DeadBip,Skin,shape,000001EB3A29DF00,6,1,1,-,
262,1912.123,10.8104,impact,ragdoll,Proventus Avenicci,0001A67D,NPC R Foot [Rft ],8,736.537,736.537,434.215,895.871,8.868,3.0000,10.011,-289.282,639.903,-305.582,-0.0000,-0.3961,0.9182,97.908,725.188,-516.818,Static,WoodStairs,shape,000001EA5685C100,-,1,0,-,
263,1912.123,10.8104,impact,ragdoll,Proventus Avenicci,0001A67D,NPC R Foot [Rft ],8,736.537,736.537,434.215,895.871,8.868,3.0000,10.011,-289.282,639.903,-305.582,-0.0000,-0.3961,0.9182,97.908,725.188,-516.818,Static,WoodStairs,shape,000001EA5685C100,-,0,1,-,
264,1912.310,10.8104,touch,ragdoll,Proventus Avenicci,0001A67D,NPC L Foot [Lft ],7,0.000,0.000,0.000,873.487,3.902,3.0000,10.011,0.000,0.000,0.000,0.0000,0.0000,0.0000,38.634,760.201,-428.463,Static,-,-,000001EA5685C100,-,0,0,-,
265,1920.733,10.8104,listener,ragdoll,Proventus Avenicci,0001A67D,-,-,0.000,0.000,0.000,0.000,0.000,0.0000,0.000,-311.888,-308.942,-318.000,0.0424,0.9991,0.0000,0.000,0.000,0.000,-,-,-,0000000000000000,-,0,0,-,tick
266,1931.617,10.8104,impact,ragdoll,Proventus Avenicci,0001A67D,NPC L Foot [Lft ],7,794.145,760.191,421.115,873.487,3.902,3.0000,10.011,-309.683,639.692,-307.040,-0.0000,-1.0000,-0.0000,38.634,760.201,-428.463,Static,WoodStairs,shape,000001EA5685C100,-,0,0,-,
267,1931.638,10.8104,impact,ragdoll,Proventus Avenicci,0001A67D,NPC L Foot [Lft ],7,89.283,22.747,118.914,544.179,86.321,3.0000,10.011,-309.896,639.888,-314.648,-0.0000,-1.0000,0.0000,144.452,-286.006,-439.847,Static,WoodStairs,shape,000001EA5685C100,-,0,1,-,
268,1932.279,10.8104,separate,ragdoll,Proventus Avenicci,0001A67D,NPC Spine1 [Spn1],6,0.000,0.000,0.000,584.465,12.125,4.0000,18.878,0.000,0.000,0.000,0.0000,0.0000,0.0000,-49.204,572.024,-109.391,DeadBip,-,-,000001EB3A166E00,14,0,0,-,
269,1932.279,10.8104,separate,ragdoll,Proventus Avenicci,0001A67D,NPC L Forearm [LLar],14,0.000,0.000,0.000,431.927,10.357,2.0000,11.658,0.000,0.000,0.000,0.0000,0.0000,0.0000,-125.785,411.876,-33.121,DeadBip,-,-,000001EB3A29DF00,6,0,0,-,
270,1932.281,10.8104,separate,ragdoll,Proventus Avenicci,0001A67D,NPC L Forearm [LLar],14,0.000,0.000,0.000,431.927,10.357,2.0000,11.658,0.000,0.000,0.000,0.0000,0.0000,0.0000,-125.785,411.876,-33.121,DeadBip,-,-,000001EB3A29DC00,9,0,0,-,
271,1932.281,10.8104,separate,ragdoll,Proventus Avenicci,0001A67D,NPC Spine2 [Spn2],9,0.000,0.000,0.000,514.326,7.101,7.0000,23.052,0.000,0.000,0.000,0.0000,0.0000,0.0000,-10.380,514.218,-1.909,DeadBip,-,-,000001EB3A166E00,14,0,0,-,
272,1932.283,10.8104,separate,ragdoll,Proventus Avenicci,0001A67D,NPC Head [Head],13,0.000,0.000,0.000,504.705,3.704,4.0000,15.108,0.000,0.000,0.000,0.0000,0.0000,0.0000,40.314,501.202,43.569,Static,-,-,000001EA56D06B00,-,0,0,-,
273,1932.285,10.8104,separate,ragdoll,Proventus Avenicci,0001A67D,NPC L Hand [LHnd],16,0.000,0.000,0.000,386.721,18.328,4.0000,8.334,0.000,0.000,0.000,0.0000,0.0000,0.0000,9.703,386.195,17.665,Static,-,-,000001EA56D06B00,-,0,0,-,
274,1932.288,10.8104,touch,ragdoll,Proventus Avenicci,0001A67D,NPC L Foot [Lft ],7,0.000,0.000,0.000,556.159,25.456,3.0000,10.011,0.000,0.000,0.000,0.0000,0.0000,0.0000,26.308,235.561,-503.122,Static,-,-,000001EAE4AD0D00,-,0,0,-,
275,1932.293,10.8104,separate,ragdoll,Proventus Avenicci,0001A67D,NPC R Foot [Rft ],8,0.000,0.000,0.000,966.559,49.363,3.0000,10.011,0.000,0.000,0.000,0.0000,0.0000,0.0000,82.028,889.411,369.401,Static,-,-,000001EA5685C100,-,0,0,-,
276,1932.296,10.8104,touch,ragdoll,Proventus Avenicci,0001A67D,NPC R Calf [RClf],4,0.000,0.000,0.000,943.054,11.927,6.0000,19.675,0.000,0.000,0.000,0.0000,0.0000,0.0000,143.163,888.432,282.036,Static,-,-,000001EA5685C100,-,0,0,-,
277,1932.300,10.8104,touch,ragdoll,Proventus Avenicci,0001A67D,NPC L Calf [LClf],5,0.000,0.000,0.000,630.630,24.863,6.0000,19.675,0.000,0.000,0.000,0.0000,0.0000,0.0000,88.076,464.719,-417.101,Static,-,-,000001EAE4AD0D00,-,0,0,-,
278,1932.303,10.8104,touch,ragdoll,Proventus Avenicci,0001A67D,NPC L Calf [LClf],5,0.000,0.000,0.000,630.630,24.863,6.0000,19.675,0.000,0.000,0.000,0.0000,0.0000,0.0000,88.076,464.719,-417.101,Static,-,-,000001EA5685C100,-,0,0,-,
279,1932.476,10.8104,impact,ragdoll,Proventus Avenicci,0001A67D,NPC L Calf [LClf],5,217.004,217.004,616.619,629.970,24.850,6.0000,19.675,-303.272,639.692,-314.210,-0.0000,-1.0000,0.0000,87.984,464.233,-416.664,Static,WoodStairs,shape,000001EA5685C100,-,1,0,-,
280,1932.476,10.8104,impact,ragdoll,Proventus Avenicci,0001A67D,NPC L Calf [LClf],5,444.145,444.145,577.464,629.970,24.850,6.0000,19.675,-304.392,639.694,-305.936,-0.0000,-0.9945,0.1045,87.984,464.233,-416.664,Static,WoodStairs,shape,000001EA5685C100,-,0,1,-,
281,1932.476,10.8104,impact,ragdoll,Proventus Avenicci,0001A67D,NPC L Calf [LClf],5,434.261,434.261,176.624,629.970,24.850,6.0000,19.675,-303.272,631.220,-319.650,0.0000,0.0000,1.0000,87.984,464.233,-416.664,Static,Wood,shape,000001EAE4AD0D00,-,1,1,-,
282,1932.478,10.8104,impact,ragdoll,Proventus Avenicci,0001A67D,NPC L Foot [Lft ],7,469.643,469.643,139.406,555.577,25.443,3.0000,10.011,-305.635,632.973,-319.650,-0.0000,0.0000,1.0000,26.280,235.314,-502.596,Static,Wood,shape,000001EAE4AD0D00,-,1,1,-,
283,1932.640,10.8104,touch,ragdoll,Proventus Avenicci,0001A67D,NPC R Hand [RHnd],17,0.000,0.000,0.000,552.863,29.410,4.0000,8.334,0.000,0.000,0.000,0.0000,0.0000,0.0000,31.139,550.544,-39.855,DeadBip,-,-,000001EB3A29D000,3,0,0,-,
284,1932.640,10.8104,touch,ragdoll,Proventus Avenicci,0001A67D,NPC Spine [Spn0],3,0.000,0.000,0.000,673.687,13.533,4.0000,17.297,0.000,0.000,0.000,0.0000,0.0000,0.0000,-5.231,624.567,-252.474,DeadBip,-,-,000001EB3A167400,17,0,0,-,
285,1932.645,10.8104,touch,ragdoll,Proventus Avenicci,0001A67D,NPC Spine1 [Spn1],6,0.000,0.000,0.000,607.946,14.784,4.0000,18.878,0.000,0.000,0.000,0.0000,0.0000,0.0000,-42.708,591.567,-133.500,Static,-,-,000001EA56D06B00,-,0,0,-,
286,1932.650,10.8104,separate,ragdoll,Proventus Avenicci,0001A67D,NPC R Calf [RClf],4,0.000,0.000,0.000,737.105,12.132,6.0000,19.675,0.000,0.000,0.000,0.0000,0.0000,0.0000,148.009,685.132,228.060,Static,-,-,000001EA5685C100,-,0,0,-,
287,1932.655,10.8104,touch,ragdoll,Proventus Avenicci,0001A67D,NPC L Hand [LHnd],16,0.000,0.000,0.000,369.846,18.912,4.0000,8.334,0.000,0.000,0.000,0.0000,0.0000,0.0000,5.521,369.769,5.203,DeadBip,-,-,000001EB3A29CA00,1,0,0,-,
288,1932.655,10.8104,touch,ragdoll,Proventus Avenicci,0001A67D,NPC L Thigh [LThg],1,0.000,0.000,0.000,485.000,11.980,6.0000,20.487,0.000,0.000,0.000,0.0000,0.0000,0.0000,-53.724,480.974,31.668,DeadBip,-,-,000001EB3A166B00,16,0,0,-,
289,1941.544,10.8105,listener,ragdoll,Proventus Avenicci,0001A67D,-,-,0.000,0.000,0.000,0.000,0.000,0.0000,0.000,-311.888,-308.942,-318.000,0.0424,0.9991,0.0000,0.000,0.000,0.000,-,-,-,0000000000000000,-,0,0,-,tick
290,1952.044,10.8105,impact,ragdoll,Proventus Avenicci,0001A67D,NPC L Foot [Lft ],7,119.701,25.229,712.204,392.593,68.407,3.0000,10.011,-309.908,639.692,-311.935,0.0000,-1.0000,-0.0000,301.155,-245.461,56.426,Static,WoodStairs,shape,000001EA5685C100,-,0,0,-,
291,1952.431,10.8105,impact,ragdoll,Proventus Avenicci,0001A67D,NPC L Calf [LClf],5,7.464,7.464,288.406,150.746,45.122,6.0000,19.675,-305.018,639.702,-305.822,-0.0000,-0.9726,0.2326,-83.195,114.495,51.901,Static,WoodStairs,shape,000001EA5685C100,-,0,1,-,
292,1952.449,10.8105,impact,ragdoll,Proventus Avenicci,0001A67D,NPC Spine1 [Spn1],6,132.826,132.826,379.001,607.305,14.776,4.0000,18.878,-304.157,587.574,-318.000,-0.0000,0.0000,1.0000,-42.663,590.944,-133.359,Static,Carpet,shape,000001EA56D06B00,-,1,1,-,
293,1952.452,10.8105,impact,ragdoll,Proventus Avenicci,0001A67D,NPC Spine2 [Spn2],9,20.558,20.558,418.472,528.622,7.503,7.0000,23.052,-309.005,575.788,-319.650,-0.0000,0.0000,1.0000,-34.418,527.264,-15.783,Static,Wood,shape,000001EAE4AD0D00,-,0,1,-,
294,1952.456,10.8105,impact,ragdoll,Proventus Avenicci,0001A67D,NPC L Forearm [LLar],14,31.047,31.047,469.918,426.742,6.900,2.0000,11.658,-320.994,592.853,-319.650,0.0000,0.0000,1.0000,-116.755,410.285,-11.992,Static,Wood,shape,000001EAE4AD0D00,-,0,1,-,
295,1952.458,10.8105,impact,ragdoll,Proventus Avenicci,0001A67D,NPC L Hand [LHnd],16,132.946,132.946,336.198,369.457,18.902,4.0000,8.334,-307.549,609.684,-301.925,-0.6668,0.0805,-0.7409,5.515,369.379,5.197,DeadBip,Skin,shape,000001EB3A29CA00,1,1,1,-,
296,1952.458,10.8105,impact,ragdoll,Proventus Avenicci,0001A67D,NPC L Thigh [LThg],1,132.946,-132.946,336.198,484.489,11.974,6.0000,20.487,-307.549,609.684,-301.925,-0.6668,0.0805,-0.7409,-53.667,480.467,31.634,DeadBip,Skin,shape,000001EB3A166B00,16,1,1,-,
297,1952.460,10.8105,impact,ragdoll,Proventus Avenicci,0001A67D,NPC R Hand [RHnd],17,98.793,98.793,323.729,552.280,29.394,4.0000,8.334,-290.017,591.810,-305.482,0.6201,-0.3968,-0.6768,31.107,549.964,-39.813,DeadBip,Skin,shape,000001EB3A29D000,3,1,1,-,
298,1952.460,10.8105,impact,ragdoll,Proventus Avenicci,0001A67D,NPC Spine [Spn0],3,98.793,-98.793,323.729,672.977,13.526,4.0000,17.297,-290.017,591.810,-305.482,0.6201,-0.3968,-0.6768,-5.226,623.909,-252.207,DeadBip,Skin,shape,000001EB3A167400,17,1,1,-,
299,1952.687,10.8105,touch,ragdoll,Proventus Avenicci,0001A67D,NPC R Forearm [RLar],15,0.000,0.000,0.000,510.718,5.472,6.0000,11.658,0.000,0.000,0.000,0.0000,0.0000,0.0000,51.865,506.458,-40.540,Static,-,-,000001EA56D06B00,-,0,0,-,
300,1952.691,10.8105,touch,ragdoll,Proventus Avenicci,0001A67D,NPC Spine [Spn0],3,0.000,0.000,0.000,637.938,19.841,4.0000,17.297,0.000,0.000,0.000,0.0000,0.0000,0.0000,55.835,621.783,-131.277,DeadBip,-,-,000001EB3A166B00,16,0,0,-,
301,1952.691,10.8105,touch,ragdoll,Proventus Avenicci,0001A67D,NPC L Hand [LHnd],16,0.000,0.000,0.000,468.292,13.449,4.0000,8.334,0.000,0.000,0.000,0.0000,0.0000,0.0000,-122.347,425.421,-152.792,DeadBip,-,-,000001EB3A29D000,3,0,0,-,
302,1952.691,10.8105,touch,ragdoll,Proventus Avenicci,0001A67D,NPC L Calf [LClf],5,0.000,0.000,0.000,200.406,15.592,6.0000,19.675,0.000,0.000,0.000,0.0000,0.0000,0.0000,-53.934,81.067,175.162,DeadBip,-,-,000001EB3A166B00,16,0,0,-,
303,1952.691,10.8105,touch,ragdoll,Proventus Avenicci,0001A67D,NPC L Hand [LHnd],16,0.000,0.000,0.000,468.292,13.449,4.0000,8.334,0.000,0.000,0.000,0.0000,0.0000,0.0000,-122.347,425.421,-152.792,DeadBip,-,-,000001EB3A29C700,5,0,0,-,
304,1952.693,10.8105,touch,ragdoll,Proventus Avenicci,0001A67D,NPC R Foot [Rft ],8,0.000,0.000,0.000,687.220,21.161,3.0000,10.011,0.000,0.000,0.000,0.0000,0.0000,0.0000,163.026,586.146,319.574,Static,-,-,000001EA5685C100,-,0,0,-,
305,1952.696,10.8105,touch,ragdoll,Proventus Avenicci,0001A67D,NPC COM [COM ],0,0.000,0.000,0.000,704.449,35.706,50.0000,17.687,0.000,0.000,0.000,0.0000,0.0000,0.0000,7.601,633.866,-307.254,DeadBip,-,-,000001EB3A166B00,16,0,0,-,
306,1952.696,10.8105,touch,ragdoll,Proventus Avenicci,0001A67D,NPC L Hand [LHnd],16,0.000,0.000,0.000,468.292,13.449,4.0000,8.334,0.000,0.000,0.000,0.0000,0.0000,0.0000,-122.347,425.421,-152.792,DeadBip,-,-,000001EB3A29C400,0,0,0,-,
307,1952.909,10.8105,impact,ragdoll,Proventus Avenicci,0001A67D,NPC L Calf [LClf],5,328.733,328.733,674.154,200.195,15.583,6.0000,19.675,-312.650,618.333,-311.239,0.6857,0.7274,0.0263,-53.877,80.982,174.978,DeadBip,Skin,shape,000001EB3A166B00,16,1,1,-,
308,1952.909,10.8105,impact,ragdoll,Proventus Avenicci,0001A67D,NPC L Hand [LHnd],16,328.733,-328.733,674.154,467.798,13.442,4.0000,8.334,-312.650,618.333,-311.239,0.6857,0.7274,0.0263,-122.218,424.972,-152.631,DeadBip,Skin,shape,000001EB3A29C700,5,1,1,-,
309,1952.911,10.8105,impact,ragdoll,Proventus Avenicci,0001A67D,NPC R Foot [Rft ],8,49.035,49.035,758.267,686.496,21.150,3.0000,10.011,-284.384,671.780,-291.653,0.0001,-0.5086,0.8610,162.854,585.528,319.237,Static,WoodStairs,shape,000001EA5685C100,-,1,0,-,
310,1952.912,10.8105,impact,ragdoll,Proventus Avenicci,0001A67D,NPC R Foot [Rft ],8,49.035,49.035,758.267,686.496,21.150,3.0000,10.011,-284.384,671.780,-291.653,0.0001,-0.5086,0.8610,162.854,585.528,319.237,Static,WoodStairs,shape,000001EA5685C100,-,0,1,-,
311,1952.916,10.8105,impact,ragdoll,Proventus Avenicci,0001A67D,NPC R Forearm [RLar],15,51.962,51.962,474.912,510.180,5.469,6.0000,11.658,-282.102,586.876,-318.000,-0.0000,-0.0000,1.0000,51.810,505.924,-40.497,Static,Carpet,shape,000001EA56D06B00,-,1,1,-,
312,1953.091,10.8105,separate,ragdoll,Proventus Avenicci,0001A67D,NPC Spine2 [Spn2],9,0.000,0.000,0.000,503.123,0.257,7.0000,23.052,0.000,0.000,0.000,0.0000,0.0000,0.0000,59.873,496.707,53.199,Static,-,-,000001EAE4AD0D00,-,0,0,-,
313,1953.092,10.8105,separate,ragdoll,Proventus Avenicci,0001A67D,NPC Spine [Spn0],3,0.000,0.000,0.000,603.148,22.317,4.0000,17.297,0.000,0.000,0.000,0.0000,0.0000,0.0000,129.929,564.227,-168.979,DeadBip,-,-,000001EB3A166B00,16,0,0,-,
314,1953.093,10.8105,separate,ragdoll,Proventus Avenicci,0001A67D,NPC L Hand [LHnd],16,0.000,0.000,0.000,510.034,13.073,4.0000,8.334,0.000,0.000,0.000,0.0000,0.0000,0.0000,-100.901,479.363,-142.003,DeadBip,-,-,000001EB3A29D000,3,0,0,-,
315,1953.093,10.8105,separate,ragdoll,Proventus Avenicci,0001A67D,NPC L Calf [LClf],5,0.000,0.000,0.000,315.443,5.553,6.0000,19.675,0.000,0.000,0.000,0.0000,0.0000,0.0000,-36.143,304.215,-75.171,DeadBip,-,-,000001EB3A166B00,16,0,0,-,
316,1953.093,10.8105,separate,ragdoll,Proventus Avenicci,0001A67D,NPC L Hand [LHnd],16,0.000,0.000,0.000,510.034,13.073,4.0000,8.334,0.000,0.000,0.000,0.0000,0.0000,0.0000,-100.901,479.363,-142.003,DeadBip,-,-,000001EB3A29C700,5,0,0,-,
317,1953.096,10.8105,touch,ragdoll,Proventus Avenicci,0001A67D,NPC COM [COM ],0,0.000,0.000,0.000,634.245,32.981,50.0000,17.687,0.000,0.000,0.000,0.0000,0.0000,0.0000,-18.045,565.987,-285.655,Static,-,-,000001EAE4AD0D00,-,0,0,-,
318,1953.101,10.8105,separate,ragdoll,Proventus Avenicci,0001A67D,NPC L Hand [LHnd],16,0.000,0.000,0.000,510.034,13.073,4.0000,8.334,0.000,0.000,0.000,0.0000,0.0000,0.0000,-100.901,479.363,-142.003,DeadBip,-,-,000001EB3A29CA00,1,0,0,-,
319,1953.101,10.8105,separate,ragdoll,Proventus Avenicci,0001A67D,NPC L Thigh [LThg],1,0.000,0.000,0.000,371.954,4.283,6.0000,20.487,0.000,0.000,0.000,0.0000,0.0000,0.0000,-5.417,358.946,-97.358,DeadBip,-,-,000001EB3A166B00,16,0,0,-,
320,1953.104,10.8105,touch,ragdoll,Proventus Avenicci,0001A67D,NPC R Thigh [RThg],2,0.000,0.000,0.000,712.969,21.558,6.0000,20.487,0.000,0.000,0.000,0.0000,0.0000,0.0000,33.988,700.146,-130.248,Static,-,-,000001EA5685C100,-,0,0,-,
321,1973.115,10.8106,impact,ragdoll,Proventus Avenicci,0001A67D,NPC COM [COM ],0,323.370,323.370,468.370,633.586,32.964,50.0000,17.687,-292.662,617.075,-319.650,-0.0000,0.0000,1.0000,-18.026,565.400,-285.359,Static,Wood,shape,000001EAE4AD0D00,-,1,1,-,
322,1973.120,10.8106,impact,ragdoll,Proventus Avenicci,0001A67D,NPC R Thigh [RThg],2,395.550,395.550,753.410,712.229,21.547,6.0000,20.487,-285.510,639.868,-305.600,-0.0000,-0.4984,0.8670,33.953,699.419,-130.113,Static,WoodStairs,shape,000001EA5685C100,-,1,0,-,
323,1973.120,10.8106,impact,ragdoll,Proventus Avenicci,0001A67D,NPC R Thigh [RThg],2,395.550,395.550,753.410,712.229,21.547,6.0000,20.487,-285.510,639.868,-305.600,-0.0000,-0.4984,0.8670,33.953,699.419,-130.113,Static,WoodStairs,shape,000001EA5685C100,-,0,1,-,
324,1973.136,10.8106,impact,ragdoll,Proventus Avenicci,0001A67D,NPC L Foot [Lft ],7,700.782,700.782,478.414,191.300,63.985,3.0000,10.011,-303.918,639.760,-314.923,-0.0000,-1.0000,0.0000,79.714,165.640,52.958,Static,WoodStairs,shape,000001EA5685C100,-,0,0,-,
325,1973.136,10.8106,impact,ragdoll,Proventus Avenicci,0001A67D,NPC L Foot [Lft ],7,28.176,28.176,545.103,191.300,63.985,3.0000,10.011,-304.333,639.706,-305.804,-0.0000,-0.9588,0.2842,79.714,165.640,52.958,Static,WoodStairs,shape,000001EA5685C100,-,0,0,-,
326,1973.136,10.8106,impact,ragdoll,Proventus Avenicci,0001A67D,NPC L Foot [Lft ],7,28.176,28.176,545.103,191.300,63.985,3.0000,10.011,-304.333,639.706,-305.804,-0.0000,-0.9588,0.2842,79.714,165.640,52.958,Static,WoodStairs,shape,000001EA5685C100,-,0,1,-,
327,1973.345,10.8106,touch,ragdoll,Proventus Avenicci,0001A67D,NPC L Foot [Lft ],7,0.000,0.000,0.000,82.664,38.218,3.0000,10.011,0.000,0.000,0.000,0.0000,0.0000,0.0000,-24.430,11.587,78.117,DeadBip,-,-,000001EB3A29C100,2,0,0,-,
328,1973.345,10.8106,touch,ragdoll,Proventus Avenicci,0001A67D,NPC R Thigh [RThg],2,0.000,0.000,0.000,479.257,12.381,6.0000,20.487,0.000,0.000,0.000,0.0000,0.0000,0.0000,5.236,431.077,209.361,DeadBip,-,-,000001EB3A29CD00,7,0,0,-,
329,1973.352,10.8106,touch,ragdoll,Proventus Avenicci,0001A67D,NPC R Thigh [RThg],2,0.000,0.000,0.000,479.257,12.381,6.0000,20.487,0.000,0.000,0.000,0.0000,0.0000,0.0000,5.236,431.077,209.361,DeadBip,-,-,000001EB3A29C700,5,0,0,-,
330,1973.352,10.8106,touch,ragdoll,Proventus Avenicci,0001A67D,NPC L Calf [LClf],5,0.000,0.000,0.000,162.921,19.995,6.0000,19.675,0.000,0.000,0.000,0.0000,0.0000,0.0000,-73.209,134.583,55.417,DeadBip,-,-,000001EB3A29C100,2,0,0,-,
331,1973.357,10.8106,separate,ragdoll,Proventus Avenicci,0001A67D,NPC L Forearm [LLar],14,0.000,0.000,0.000,566.784,13.538,2.0000,11.658,0.000,0.000,0.000,0.0000,0.0000,0.0000,-174.644,536.905,-49.763,Static,-,-,000001EA56D06B00,-,0,0,-,
332,1973.357,10.8106,touch,ragdoll,Proventus Avenicci,0001A67D,NPC L Forearm [LLar],14,0.000,0.000,0.000,566.784,13.538,2.0000,11.658,0.000,0.000,0.000,0.0000,0.0000,0.0000,-174.644,536.905,-49.763,Static,-,-,000001EA56D06B00,-,0,0,-,
333,1973.360,10.8106,separate,ragdoll,Proventus Avenicci,0001A67D,NPC L Foot [Lft ],7,0.000,0.000,0.000,82.664,38.218,3.0000,10.011,0.000,0.000,0.000,0.0000,0.0000,0.0000,-24.430,11.587,78.117,Static,-,-,000001EAE4AD0D00,-,0,0,-,
334,1973.362,10.8106,touch,ragdoll,Proventus Avenicci,0001A67D,NPC L Calf [LClf],5,0.000,0.000,0.000,162.921,19.995,6.0000,19.675,0.000,0.000,0.000,0.0000,0.0000,0.0000,-73.209,134.583,55.417,DeadBip,-,-,000001EB3A166B00,16,0,0,-,
335,1973.363,10.8106,touch,ragdoll,Proventus Avenicci,0001A67D,NPC L Hand [LHnd],16,0.000,0.000,0.000,528.799,16.935,4.0000,8.334,0.000,0.000,0.000,0.0000,0.0000,0.0000,-98.540,497.814,-148.660,DeadBip,-,-,000001EB3A29C700,5,0,0,-,
336,1973.368,10.8106,separate,ragdoll,Proventus Avenicci,0001A67D,NPC COM [COM ],0,0.000,0.000,0.000,403.653,43.760,50.0000,17.687,0.000,0.000,0.000,0.0000,0.0000,0.0000,-77.872,395.812,14.310,DeadBip,-,-,000001EB3A166B00,16,0,0,-,
337,1973.368,10.8106,separate,ragdoll,Proventus Avenicci,0001A67D,NPC L Hand [LHnd],16,0.000,0.000,0.000,528.799,16.935,4.0000,8.334,0.000,0.000,0.000,0.0000,0.0000,0.0000,-98.540,497.814,-148.660,DeadBip,-,-,000001EB3A29C400,0,0,0,-,
338,1973.573,10.8106,impact,ragdoll,Proventus Avenicci,0001A67D,NPC R Thigh [RThg],2,133.108,133.108,622.496,478.759,12.374,6.0000,20.487,-301.027,631.319,-305.196,0.8971,-0.3356,0.2874,5.231,430.629,209.144,DeadBip,Skin,shape,000001EB3A29C700,5,1,1,-,
339,1973.573,10.8106,impact,ragdoll,Proventus Avenicci,0001A67D,NPC L Calf [LClf],5,133.108,-133.108,622.496,162.752,19.985,6.0000,19.675,-301.027,631.319,-305.196,0.8971,-0.3356,0.2874,-73.133,134.443,55.359,DeadBip,Skin,shape,000001EB3A29C100,2,1,1,-,
340,1973.575,10.8106,impact,ragdoll,Proventus Avenicci,0001A67D,NPC L Calf [LClf],5,210.798,210.798,733.592,162.752,19.985,6.0000,19.675,-314.150,626.813,-313.020,0.8488,0.4484,0.2801,-73.133,134.443,55.359,DeadBip,Skin,shape,000001EB3A166B00,16,1,1,-,
341,1973.575,10.8106,impact,ragdoll,Proventus Avenicci,0001A67D,NPC L Hand [LHnd],16,210.798,-210.798,733.592,528.251,16.927,4.0000,8.334,-314.150,626.813,-313.020,0.8488,0.4484,0.2801,-98.438,497.297,-148.506,DeadBip,Skin,shape,000001EB3A29C700,5,1,1,-,
342,1973.577,10.8106,impact,ragdoll,Proventus Avenicci,0001A67D,NPC L Foot [Lft ],7,248.106,248.106,861.037,82.578,38.198,3.0000,10.011,-294.939,629.365,-302.364,-0.9078,0.3866,-0.1629,-24.405,11.575,78.036,DeadBip,Skin,shape,000001EB3A29C100,2,1,1,-,
343,1973.577,10.8106,impact,ragdoll,Proventus Avenicci,0001A67D,NPC R Thigh [RThg],2,248.106,-248.106,861.037,478.759,12.374,6.0000,20.487,-294.939,629.365,-302.364,-0.9078,0.3866,-0.1629,5.231,430.629,209.144,DeadBip,Skin,shape,000001EB3A29CD00,7,1,1,-,
344,1973.754,10.8106,separate,ragdoll,Proventus Avenicci,0001A67D,NPC R Hand [RHnd],17,0.000,0.000,0.000,419.455,26.144,4.0000,8.334,0.000,0.000,0.000,0.0000,0.0000,0.0000,73.067,412.717,16.402,DeadBip,-,-,000001EB3A29D000,3,0,0,-,
345,1973.754,10.8106,separate,ragdoll,Proventus Avenicci,0001A67D,NPC Spine [Spn0],3,0.000,0.000,0.000,555.109,29.881,4.0000,17.297,0.000,0.000,0.000,0.0000,0.0000,0.0000,145.083,432.487,316.310,DeadBip,-,-,000001EB3A167400,17,0,0,-,
346,1973.755,10.8106,separate,ragdoll,Proventus Avenicci,0001A67D,NPC Spine2 [Spn2],9,0.000,0.000,0.000,512.397,16.997,7.0000,23.052,0.000,0.000,0.000,0.0000,0.0000,0.0000,195.719,416.058,226.141,Static,-,-,000001EA56D06B00,-,0,0,-,
347,1973.757,10.8106,separate,ragdoll,Proventus Avenicci,0001A67D,NPC R Hand [RHnd],17,0.000,0.000,0.000,419.455,26.144,4.0000,8.334,0.000,0.000,0.000,0.0000,0.0000,0.0000,73.067,412.717,16.402,Static,-,-,000001EA56D06B00,-,0,0,-,
348,1973.758,10.8106,touch,ragdoll,Proventus Avenicci,0001A67D,NPC R Hand [RHnd],17,0.000,0.000,0.000,419.455,26.144,4.0000,8.334,0.000,0.000,0.000,0.0000,0.0000,0.0000,73.067,412.717,16.402,Static,-,-,000001EA56D06B00,-,0,0,-,
349,1973.761,10.8106,separate,ragdoll,Proventus Avenicci,0001A67D,NPC Spine1 [Spn1],6,0.000,0.000,0.000,588.375,20.100,4.0000,18.878,0.000,0.000,0.000,0.0000,0.0000,0.0000,250.396,299.527,440.194,Static,-,-,000001EA56D06B00,-,0,0,-,
350,1973.762,10.8106,separate,ragdoll,Proventus Avenicci,0001A67D,NPC R Foot [Rft ],8,0.000,0.000,0.000,288.231,30.692,3.0000,10.011,0.000,0.000,0.000,0.0000,0.0000,0.0000,112.437,106.044,243.289,Static,-,-,000001EA5685C100,-,0,0,-,
351,1983.841,10.8106,listener,ragdoll,Proventus Avenicci,0001A67D,-,-,0.000,0.000,0.000,0.000,0.000,0.0000,0.000,-311.888,-308.942,-318.000,0.0424,0.9991,0.0000,0.000,0.000,0.000,-,-,-,0000000000000000,-,0,0,-,tick
352,1993.938,10.8106,separate,ragdoll,Proventus Avenicci,0001A67D,NPC R Hand [RHnd],17,0.000,0.000,0.000,356.729,21.308,4.0000,8.334,0.000,0.000,0.000,0.0000,0.0000,0.0000,-8.986,347.975,78.030,DeadBip,-,-,000001EB3A29DF00,6,0,0,-,
353,1993.939,10.8106,separate,ragdoll,Proventus Avenicci,0001A67D,NPC Spine1 [Spn1],6,0.000,0.000,0.000,443.720,21.673,4.0000,18.878,0.000,0.000,0.000,0.0000,0.0000,0.0000,213.779,258.506,290.448,DeadBip,-,-,000001EB3A167400,17,0,0,-,
354,1993.943,10.8106,separate,ragdoll,Proventus Avenicci,0001A67D,NPC R Forearm [RLar],15,0.000,0.000,0.000,424.060,26.392,6.0000,11.658,0.000,0.000,0.000,0.0000,0.0000,0.0000,89.545,396.712,120.116,Static,-,-,000001EA56D06B00,-,0,0,-,
355,1993.946,10.8106,separate,ragdoll,Proventus Avenicci,0001A67D,NPC L Calf [LClf],5,0.000,0.000,0.000,151.425,18.158,6.0000,19.675,0.000,0.000,0.000,0.0000,0.0000,0.0000,-131.886,73.620,10.756,DeadBip,-,-,000001EB3A166B00,16,0,0,-,
356,1993.946,10.8106,separate,ragdoll,Proventus Avenicci,0001A67D,NPC L Hand [LHnd],16,0.000,0.000,0.000,443.964,28.510,4.0000,8.334,0.000,0.000,0.000,0.0000,0.0000,0.0000,-311.941,315.905,0.477,DeadBip,-,-,000001EB3A29C700,5,0,0,-,
357,1993.952,10.8106,separate,ragdoll,Proventus Avenicci,0001A67D,NPC L Calf [LClf],5,0.000,0.000,0.000,151.425,18.158,6.0000,19.675,0.000,0.000,0.000,0.0000,0.0000,0.0000,-131.886,73.620,10.756,Static,-,-,000001EAE4AD0D00,-,0,0,-,
358,1993.995,10.8106,touch,ragdoll,Proventus Avenicci,0001A67D,NPC L Thigh [LThg],1,0.000,0.000,0.000,153.189,21.271,6.0000,20.487,0.000,0.000,0.000,0.0000,0.0000,0.0000,-61.577,113.442,82.500,Static,-,-,000001EA5685C100,-,0,0,-,
359,1994.482,10.8106,touch,ragdoll,Proventus Avenicci,0001A67D,NPC L Hand [LHnd],16,0.000,0.000,0.000,439.563,43.604,4.0000,8.334,0.000,0.000,0.000,0.0000,0.0000,0.0000,-312.786,308.837,0.671,Static,-,-,000001EA5685C100,-,0,0,-,
360,1994.487,10.8106,separate,ragdoll,Proventus Avenicci,0001A67D,NPC L Forearm [LLar],14,0.000,0.000,0.000,303.459,29.662,2.0000,11.658,0.000,0.000,0.000,0.0000,0.0000,0.0000,-15.780,236.582,189.387,Static,-,-,000001EA56D06B00,-,0,0,-,
361,1994.493,10.8106,separate,ragdoll,Proventus Avenicci,0001A67D,NPC COM [COM ],0,0.000,0.000,0.000,272.430,19.436,50.0000,17.687,0.000,0.000,0.000,0.0000,0.0000,0.0000,30.516,133.768,235.357,Static,-,-,000001EAE4AD0D00,-,0,0,-,
362,2014.426,10.8107,impact,ragdoll,Proventus Avenicci,0001A67D,NPC L Hand [LHnd],16,317.293,318.642,442.485,439.563,43.604,4.0000,8.334,-327.675,639.692,-314.850,-0.0000,-1.0000,0.0000,-312.786,308.837,0.671,Static,WoodStairs,shape,000001EA5685C100,-,0,0,-,
363,2015.023,10.8107,separate,ragdoll,Proventus Avenicci,0001A67D,NPC R Thigh [RThg],2,0.000,0.000,0.000,333.080,8.980,6.0000,20.487,0.000,0.000,0.000,0.0000,0.0000,0.0000,-4.306,218.393,251.453,DeadBip,-,-,000001EB3A29C700,5,0,0,-,
364,2015.023,10.8107,separate,ragdoll,Proventus Avenicci,0001A67D,NPC L Calf [LClf],5,0.000,0.000,0.000,279.958,35.172,6.0000,19.675,0.000,0.000,0.000,0.0000,0.0000,0.0000,-266.251,-38.834,77.322,DeadBip,-,-,000001EB3A29C100,2,0,0,-,
365,2015.026,10.8107,touch,ragdoll,Proventus Avenicci,0001A67D,NPC R Hand [RHnd],17,0.000,0.000,0.000,352.561,17.807,4.0000,8.334,0.000,0.000,0.000,0.0000,0.0000,0.0000,-54.028,317.570,143.280,DeadBip,-,-,000001EB3A29DF00,6,0,0,-,
366,2015.026,10.8107,touch,ragdoll,Proventus Avenicci,0001A67D,NPC Spine1 [Spn1],6,0.000,0.000,0.000,322.145,10.927,4.0000,18.878,0.000,0.000,0.000,0.0000,0.0000,0.0000,158.660,248.472,129.869,DeadBip,-,-,000001EB3A167400,17,0,0,-,
367,2015.027,10.8107,separate,ragdoll,Proventus Avenicci,0001A67D,NPC L UpperArm [LUar],10,0.000,0.000,0.000,324.338,11.302,2.0000,14.463,0.000,0.000,0.000,0.0000,0.0000,0.0000,100.929,78.824,297.986,Static,-,-,000001EA56D06B00,-,0,0,-,
368,2015.029,10.8107,separate,ragdoll,Proventus Avenicci,0001A67D,NPC R Hand [RHnd],17,0.000,0.000,0.000,352.561,17.807,4.0000,8.334,0.000,0.000,0.000,0.0000,0.0000,0.0000,-54.028,317.570,143.280,Static,-,-,000001EA56D06B00,-,0,0,-,
369,2015.030,10.8107,separate,ragdoll,Proventus Avenicci,0001A67D,NPC L UpperArm [LUar],10,0.000,0.000,0.000,324.338,11.302,2.0000,14.463,0.000,0.000,0.000,0.0000,0.0000,0.0000,100.929,78.824,297.986,Static,-,-,000001EAE4AD0D00,-,0,0,-,
370,2015.032,10.8107,separate,ragdoll,Proventus Avenicci,0001A67D,NPC L Thigh [LThg],1,0.000,0.000,0.000,202.488,30.419,6.0000,20.487,0.000,0.000,0.000,0.0000,0.0000,0.0000,-21.893,-60.867,191.878,Static,-,-,000001EA5685C100,-,0,0,-,
371,2015.245,10.8107,impact,ragdoll,Proventus Avenicci,0001A67D,NPC R Hand [RHnd],17,63.970,63.970,112.735,352.201,17.798,4.0000,8.334,-283.177,617.828,-299.548,0.3432,0.0611,-0.9373,-53.973,317.246,143.133,DeadBip,Skin,shape,000001EB3A29DF00,6,1,1,-,
372,2015.245,10.8107,impact,ragdoll,Proventus Avenicci,0001A67D,NPC Spine1 [Spn1],6,63.970,-63.970,112.735,321.816,10.921,4.0000,18.878,-283.177,617.828,-299.548,0.3432,0.0611,-0.9373,158.498,248.219,129.736,DeadBip,Skin,shape,000001EB3A167400,17,1,1,-,
373,2015.409,10.8107,separate,ragdoll,Proventus Avenicci,0001A67D,NPC L Foot [Lft ],7,0.000,0.000,0.000,709.558,53.548,3.0000,10.011,0.000,0.000,0.000,0.0000,0.0000,0.0000,-709.252,20.625,3.061,DeadBip,-,-,000001EB3A29C100,2,0,0,-,
374,2015.409,10.8107,separate,ragdoll,Proventus Avenicci,0001A67D,NPC R Thigh [RThg],2,0.000,0.000,0.000,346.770,4.557,6.0000,20.487,0.000,0.000,0.000,0.0000,0.0000,0.0000,36.522,180.229,293.994,DeadBip,-,-,000001EB3A29CD00,7,0,0,-,
375,2015.414,10.8107,touch,ragdoll,Proventus Avenicci,0001A67D,NPC R Hand [RHnd],17,0.000,0.000,0.000,274.778,27.585,4.0000,8.334,0.000,0.000,0.000,0.0000,0.0000,0.0000,-29.879,262.267,76.329,DeadBip,-,-,000001EB3A29D000,3,0,0,-,
376,2015.414,10.8107,touch,ragdoll,Proventus Avenicci,0001A67D,NPC Spine [Spn0],3,0.000,0.000,0.000,250.920,31.864,4.0000,17.297,0.000,0.000,0.000,0.0000,0.0000,0.0000,151.873,50.586,193.227,DeadBip,-,-,000001EB3A167400,17,0,0,-,
377,2024.236,10.8107,listener,ragdoll,Proventus Avenicci,0001A67D,-,-,0.000,0.000,0.000,0.000,0.000,0.0000,0.000,-311.888,-308.942,-318.000,0.0424,0.9991,0.0000,0.000,0.000,0.000,-,-,-,0000000000000000,-,0,0,-,tick
378,2036.263,10.8107,impact,ragdoll,Proventus Avenicci,0001A67D,NPC R Hand [RHnd],17,55.045,55.045,221.972,274.499,27.571,4.0000,8.334,-284.198,626.900,-300.552,0.4055,-0.5032,-0.7631,-29.849,262.001,76.252,DeadBip,Skin,shape,000001EB3A29D000,3,1,1,-,
379,2036.264,10.8107,impact,ragdoll,Proventus Avenicci,0001A67D,NPC Spine [Spn0],3,55.045,-55.045,221.972,250.666,31.848,4.0000,17.297,-284.198,626.900,-300.552,0.4055,-0.5032,-0.7631,151.719,50.535,193.031,DeadBip,Skin,shape,000001EB3A167400,17,1,1,-,
380,2036.473,10.8107,separate,ragdoll,Proventus Avenicci,0001A67D,NPC R Thigh [RThg],2,0.000,0.000,0.000,385.656,5.432,6.0000,20.487,0.000,0.000,0.000,0.0000,0.0000,0.0000,61.715,190.495,329.596,Static,-,-,000001EA5685C100,-,0,0,-,
381,2036.480,10.8107,touch,ragdoll,Proventus Avenicci,0001A67D,NPC L Hand [LHnd],16,0.000,0.000,0.000,199.433,58.760,4.0000,8.334,0.000,0.000,0.000,0.0000,0.0000,0.0000,-144.170,-117.241,72.411,DeadBip,-,-,000001EB3A29CD00,7,0,0,-,
382,2036.481,10.8107,touch,ragdoll,Proventus Avenicci,0001A67D,NPC L Foot [Lft ],7,0.000,0.000,0.000,954.630,134.055,3.0000,10.011,0.000,0.000,0.000,0.0000,0.0000,0.0000,-953.590,-34.182,-28.569,DeadBip,-,-,000001EB3A166B00,16,0,0,-,
383,2036.486,10.8107,separate,ragdoll,Proventus Avenicci,0001A67D,NPC R Hand [RHnd],17,0.000,0.000,0.000,150.034,23.251,4.0000,8.334,0.000,0.000,0.000,0.0000,0.0000,0.0000,-1.342,145.259,37.526,Static,-,-,000001EAE4AD0D00,-,0,0,-,
384,2036.491,10.8107,touch,ragdoll,Proventus Avenicci,0001A67D,NPC L Calf [LClf],5,0.000,0.000,0.000,382.369,25.565,6.0000,19.675,0.000,0.000,0.000,0.0000,0.0000,0.0000,-349.518,-47.952,147.458,DeadBip,-,-,000001EB3A166B00,16,0,0,-,
385,2036.491,10.8107,touch,ragdoll,Proventus Avenicci,0001A67D,NPC L Hand [LHnd],16,0.000,0.000,0.000,199.433,58.760,4.0000,8.334,0.000,0.000,0.000,0.0000,0.0000,0.0000,-144.170,-117.241,72.411,DeadBip,-,-,000001EB3A29C700,5,0,0,-,
386,2036.673,10.8107,impact,ragdoll,Proventus Avenicci,0001A67D,NPC L Calf [LClf],5,304.084,304.084,570.318,381.982,25.552,6.0000,19.675,-329.112,633.529,-311.501,0.8286,-0.0841,0.5535,-349.164,-47.904,147.309,DeadBip,Skin,shape,000001EB3A166B00,16,1,1,-,
387,2036.674,10.8107,impact,ragdoll,Proventus Avenicci,0001A67D,NPC L Hand [LHnd],16,304.084,-304.084,570.318,199.231,58.730,4.0000,8.334,-329.112,633.529,-311.501,0.8286,-0.0841,0.5535,-144.024,-117.122,72.337,DeadBip,Skin,shape,000001EB3A29C700,5,1,1,-,
388,2036.678,10.8107,impact,ragdoll,Proventus Avenicci,0001A67D,NPC L Hand [LHnd],16,701.816,701.816,1096.312,199.231,58.730,4.0000,8.334,-325.621,634.341,-308.649,-0.8039,-0.0439,-0.5931,-144.024,-117.122,72.337,DeadBip,Skin,shape,000001EB3A29CD00,7,1,1,-,
389,2036.678,10.8107,impact,ragdoll,Proventus Avenicci,0001A67D,NPC L Foot [Lft ],7,701.816,-701.816,1096.312,953.664,133.987,3.0000,10.011,-325.621,634.341,-308.649,-0.8039,-0.0439,-0.5931,-952.625,-34.148,-28.540,DeadBip,Skin,shape,000001EB3A166B00,16,1,1,-,
390,2046.319,10.8108,listener,ragdoll,Proventus Avenicci,0001A67D,-,-,0.000,0.000,0.000,0.000,0.000,0.0000,0.000,-311.888,-308.942,-318.000,0.0424,0.9991,0.0000,0.000,0.000,0.000,-,-,-,0000000000000000,-,0,0,-,tick
391,2057.656,10.8108,separate,ragdoll,Proventus Avenicci,0001A67D,NPC L Hand [LHnd],16,0.000,0.000,0.000,460.607,35.747,4.0000,8.334,0.000,0.000,0.000,0.0000,0.0000,0.0000,-137.595,-409.393,160.072,Static,-,-,000001EA5685C100,-,0,0,-,
392,2057.670,10.8108,separate,ragdoll,Proventus Avenicci,0001A67D,NPC L Calf [LClf],5,0.000,0.000,0.000,402.201,11.168,6.0000,19.675,0.000,0.000,0.000,0.0000,0.0000,0.0000,-315.152,-17.961,249.242,DeadBip,-,-,000001EB3A166B00,16,0,0,-,
393,2057.670,10.8108,separate,ragdoll,Proventus Avenicci,0001A67D,NPC L Hand [LHnd],16,0.000,0.000,0.000,460.607,35.747,4.0000,8.334,0.000,0.000,0.000,0.0000,0.0000,0.0000,-137.595,-409.393,160.072,DeadBip,-,-,000001EB3A29C700,5,0,0,-,
394,2058.088,10.8108,separate,ragdoll,Proventus Avenicci,0001A67D,NPC L Forearm [LLar],14,0.000,0.000,0.000,266.020,14.098,2.0000,11.658,0.000,0.000,0.000,0.0000,0.0000,0.0000,33.606,-251.348,80.385,Static,-,-,000001EAE4AD0D00,-,0,0,-,
395,2058.090,10.8108,touch,ragdoll,Proventus Avenicci,0001A67D,NPC R Hand [RHnd],17,0.000,0.000,0.000,96.778,38.780,4.0000,8.334,0.000,0.000,0.000,0.0000,0.0000,0.0000,47.845,46.027,70.415,DeadBip,-,-,000001EB3A29DC00,9,0,0,-,
396,2058.090,10.8108,touch,ragdoll,Proventus Avenicci,0001A67D,NPC Spine2 [Spn2],9,0.000,0.000,0.000,249.119,12.753,7.0000,23.052,0.000,0.000,0.000,0.0000,0.0000,0.0000,53.554,237.772,-51.542,DeadBip,-,-,000001EB3A167400,17,0,0,-,
397,2058.092,10.8108,separate,ragdoll,Proventus Avenicci,0001A67D,NPC R Hand [RHnd],17,0.000,0.000,0.000,96.778,38.780,4.0000,8.334,0.000,0.000,0.000,0.0000,0.0000,0.0000,47.845,46.027,70.415,DeadBip,-,-,000001EB3A29D000,3,0,0,-,
398,2058.092,10.8108,separate,ragdoll,Proventus Avenicci,0001A67D,NPC Spine [Spn0],3,0.000,0.000,0.000,167.440,17.713,4.0000,17.297,0.000,0.000,0.000,0.0000,0.0000,0.0000,42.878,133.831,91.033,DeadBip,-,-,000001EB3A167400,17,0,0,-,
399,2078.415,10.8109,impact,ragdoll,Proventus Avenicci,0001A67D,NPC R Hand [RHnd],17,199.130,199.130,489.065,96.678,38.760,4.0000,8.334,-283.410,619.596,-298.945,0.3878,0.6056,-0.6949,47.796,45.979,70.342,DeadBip,Skin,shape,000001EB3A29DC00,9,1,1,-,
400,2078.415,10.8109,impact,ragdoll,Proventus Avenicci,0001A67D,NPC Spine2 [Spn2],9,199.130,-199.130,489.065,248.860,12.747,7.0000,23.052,-283.410,619.596,-298.945,0.3878,0.6056,-0.6949,53.499,237.525,-51.488,DeadBip,Skin,shape,000001EB3A167400,17,1,1,-,
401,2078.619,10.8109,separate,ragdoll,Proventus Avenicci,0001A67D,NPC L Hand [LHnd],16,0.000,0.000,0.000,457.525,35.299,4.0000,8.334,0.000,0.000,0.000,0.0000,0.0000,0.0000,-30.476,-416.060,187.868,DeadBip,-,-,000001EB3A29CD00,7,0,0,-,
402,2078.619,10.8109,separate,ragdoll,Proventus Avenicci,0001A67D,NPC L Foot [Lft ],7,0.000,0.000,0.000,446.543,38.440,3.0000,10.011,0.000,0.000,0.000,0.0000,0.0000,0.0000,-429.279,-26.479,120.080,DeadBip,-,-,000001EB3A166B00,16,0,0,-,
403,2078.626,10.8109,separate,ragdoll,Proventus Avenicci,0001A67D,NPC L Foot [Lft ],7,0.000,0.000,0.000,446.543,38.440,3.0000,10.011,0.000,0.000,0.000,0.0000,0.0000,0.0000,-429.279,-26.479,120.080,Static,-,-,000001EA5685C100,-,0,0,-,
404,2078.628,10.8109,separate,ragdoll,Proventus Avenicci,0001A67D,NPC L Calf [LClf],5,0.000,0.000,0.000,381.618,13.478,6.0000,19.675,0.000,0.000,0.000,0.0000,0.0000,0.0000,-272.580,-106.685,244.848,Static,-,-,000001EA5685C100,-,0,0,-,
405,2078.997,10.8109,separate,ragdoll,Proventus Avenicci,0001A67D,NPC L Hand [LHnd],16,0.000,0.000,0.000,441.062,40.822,4.0000,8.334,0.000,0.000,0.000,0.0000,0.0000,0.0000,-34.792,-403.255,175.244,Static,-,-,000001EAE4AD0D00,-,0,0,-,
406,2087.532,10.8109,listener,ragdoll,Proventus Avenicci,0001A67D,-,-,0.000,0.000,0.000,0.000,0.000,0.0000,0.000,-311.888,-308.942,-318.000,0.0424,0.9991,0.0000,0.000,0.000,0.000,-,-,-,0000000000000000,-,0,0,-,tick
407,2100.071,10.8109,separate,ragdoll,Proventus Avenicci,0001A67D,NPC R Hand [RHnd],17,0.000,0.000,0.000,232.827,15.844,4.0000,8.334,0.000,0.000,0.000,0.0000,0.0000,0.0000,126.406,173.420,-90.306,DeadBip,-,-,000001EB3A29DC00,9,0,0,-,
408,2100.072,10.8109,separate,ragdoll,Proventus Avenicci,0001A67D,NPC Spine2 [Spn2],9,0.000,0.000,0.000,203.514,9.459,7.0000,23.052,0.000,0.000,0.000,0.0000,0.0000,0.0000,-24.460,198.689,36.635,DeadBip,-,-,000001EB3A167400,17,0,0,-,
409,2100.431,10.8109,separate,ragdoll,Proventus Avenicci,0001A67D,NPC R Forearm [RLar],15,0.000,0.000,0.000,256.873,5.434,6.0000,11.658,0.000,0.000,0.000,0.0000,0.0000,0.0000,134.906,214.542,-41.899,DeadBip,-,-,000001EB3A29DF00,6,0,0,-,
410,2100.431,10.8109,separate,ragdoll,Proventus Avenicci,0001A67D,NPC Spine1 [Spn1],6,0.000,0.000,0.000,245.742,6.629,4.0000,18.878,0.000,0.000,0.000,0.0000,0.0000,0.0000,-57.223,205.133,122.617,DeadBip,-,-,000001EB3A167700,15,0,0,-,
411,2100.432,10.8109,separate,ragdoll,Proventus Avenicci,0001A67D,NPC R Thigh [RThg],2,0.000,0.000,0.000,262.327,5.181,6.0000,20.487,0.000,0.000,0.000,0.0000,0.0000,0.0000,41.974,139.222,218.337,DeadBip,-,-,000001EB3A29CA00,1,0,0,-,
412,2100.432,10.8109,separate,ragdoll,Proventus Avenicci,0001A67D,NPC L Thigh [LThg],1,0.000,0.000,0.000,87.700,8.700,6.0000,20.487,0.000,0.000,0.000,0.0000,0.0000,0.0000,57.524,50.839,42.399,DeadBip,-,-,000001EB3A29C100,2,0,0,-,
413,2100.433,10.8109,separate,ragdoll,Proventus Avenicci,0001A67D,NPC R Forearm [RLar],15,0.000,0.000,0.000,256.873,5.434,6.0000,11.658,0.000,0.000,0.000,0.0000,0.0000,0.0000,134.906,214.542,-41.899,DeadBip,-,-,000001EB3A29DC00,9,0,0,-,
414,2100.433,10.8109,separate,ragdoll,Proventus Avenicci,0001A67D,NPC Spine2 [Spn2],9,0.000,0.000,0.000,178.324,10.225,7.0000,23.052,0.000,0.000,0.000,0.0000,0.0000,0.0000,-16.303,166.432,61.919,DeadBip,-,-,000001EB3A167700,15,0,0,-,
415,2100.434,10.8109,separate,ragdoll,Proventus Avenicci,0001A67D,NPC R Hand [RHnd],17,0.000,0.000,0.000,249.103,12.274,4.0000,8.334,0.000,0.000,0.000,0.0000,0.0000,0.0000,143.211,180.736,-94.220,DeadBip,-,-,000001EB3A29DF00,6,0,0,-,
416,2100.434,10.8109,separate,ragdoll,Proventus Avenicci,0001A67D,NPC Spine1 [Spn1],6,0.000,0.000,0.000,245.742,6.629,4.0000,18.878,0.000,0.000,0.000,0.0000,0.0000,0.0000,-57.223,205.133,122.617,DeadBip,-,-,000001EB3A167400,17,0,0,-,
417,2100.439,10.8109,touch,ragdoll,Proventus Avenicci,0001A67D,NPC R Hand [RHnd],17,0.000,0.000,0.000,249.103,12.274,4.0000,8.334,0.000,0.000,0.000,0.0000,0.0000,0.0000,143.211,180.736,-94.220,Static,-,-,000001EA5685C100,-,0,0,-,
418,2109.333,10.8109,listener,ragdoll,Proventus Avenicci,0001A67D,-,-,0.000,0.000,0.000,0.000,0.000,0.0000,0.000,-311.888,-308.942,-318.000,0.0424,0.9991,0.0000,0.000,0.000,0.000,-,-,-,0000000000000000,-,0,0,-,tick
419,2121.615,10.8109,impact,ragdoll,Proventus Avenicci,0001A67D,NPC R Hand [RHnd],17,180.989,180.989,255.273,248.842,12.267,4.0000,8.334,-273.786,639.692,-309.387,-0.0000,-1.0000,0.0000,143.061,180.547,-94.122,Static,WoodStairs,shape,000001EA5685C100,-,1,1,-,
420,2122.141,10.8109,touch,ragdoll,Proventus Avenicci,0001A67D,NPC R Thigh [RThg],2,0.000,0.000,0.000,200.404,4.218,6.0000,20.487,0.000,0.000,0.000,0.0000,0.0000,0.0000,-1.074,114.589,164.409,DeadBip,-,-,000001EB3A29CA00,1,0,0,-,
421,2122.141,10.8109,touch,ragdoll,Proventus Avenicci,0001A67D,NPC L Thigh [LThg],1,0.000,0.000,0.000,110.578,6.463,6.0000,20.487,0.000,0.000,0.000,0.0000,0.0000,0.0000,62.113,68.466,60.678,DeadBip,-,-,000001EB3A29C100,2,0,0,-,
422,2122.149,10.8109,touch,ragdoll,Proventus Avenicci,0001A67D,NPC R Hand [RHnd],17,0.000,0.000,0.000,191.628,34.519,4.0000,8.334,0.000,0.000,0.000,0.0000,0.0000,0.0000,178.538,57.859,-38.699,Static,-,-,000001EAE4AD0D00,-,0,0,-,
423,2143.813,10.8110,impact,ragdoll,Proventus Avenicci,0001A67D,NPC R Thigh [RThg],2,10.479,10.479,108.910,200.191,4.216,6.0000,20.487,-293.942,647.054,-272.389,0.6536,0.7284,0.2057,-1.073,114.467,164.234,DeadBip,Skin,shape,000001EB3A29CA00,1,1,1,-,
424,2143.814,10.8110,impact,ragdoll,Proventus Avenicci,0001A67D,NPC L Thigh [LThg],1,10.479,-10.479,108.910,110.460,6.459,6.0000,20.487,-293.942,647.054,-272.389,0.6536,0.7284,0.2057,62.047,68.393,60.614,DeadBip,Skin,shape,000001EB3A29C100,2,1,1,-,
425,2143.819,10.8110,impact,ragdoll,Proventus Avenicci,0001A67D,NPC R Hand [RHnd],17,58.615,58.615,31.313,191.424,34.501,4.0000,8.334,-270.836,639.692,-311.387,0.0000,-1.0000,-0.0000,178.348,57.797,-38.658,Static,WoodStairs,shape,000001EA5685C100,-,0,1,-,
426,2143.821,10.8110,impact,ragdoll,Proventus Avenicci,0001A67D,NPC R Hand [RHnd],17,39.091,39.091,93.186,191.424,34.501,4.0000,8.334,-270.836,632.647,-319.650,-0.0000,-0.0000,1.0000,178.348,57.797,-38.658,Static,Wood,shape,000001EAE4AD0D00,-,1,1,-,
427,2144.026,10.8110,touch,ragdoll,Proventus Avenicci,0001A67D,NPC R Forearm [RLar],15,0.000,0.000,0.000,214.181,31.184,6.0000,11.658,0.000,0.000,0.000,0.0000,0.0000,0.0000,141.715,147.344,-63.876,Static,-,-,000001EA5685C100,-,0,0,-,
428,2144.209,10.8110,impact,ragdoll,Proventus Avenicci,0001A67D,NPC R Forearm [RLar],15,81.569,81.569,434.181,213.953,31.168,6.0000,11.658,-263.972,639.692,-308.645,-0.0000,-1.0000,0.0000,141.564,147.188,-63.808,Static,WoodStairs,shape,000001EA5685C100,-,1,1,-,
429,2154.122,10.8110,listener,ragdoll,Proventus Avenicci,0001A67D,-,-,0.000,0.000,0.000,0.000,0.000,0.0000,0.000,-311.888,-308.942,-318.000,0.0424,0.9991,0.0000,0.000,0.000,0.000,-,-,-,0000000000000000,-,0,0,-,tick
430,2165.335,10.8110,impact,ragdoll,Proventus Avenicci,0001A67D,NPC R Forearm [RLar],15,104.390,104.390,497.616,186.203,36.742,6.0000,11.658,-261.964,639.731,-306.063,-0.0000,-0.9945,0.1045,146.728,99.818,-56.381,Static,WoodStairs,shape,000001EA5685C100,-,0,1,-,
431,2165.524,10.8110,touch,ragdoll,Proventus Avenicci,0001A67D,NPC R Forearm [RLar],15,0.000,0.000,0.000,150.940,17.426,6.0000,11.658,0.000,0.000,0.000,0.0000,0.0000,0.0000,150.856,-0.069,5.041,Static,-,-,000001EAE4AD0D00,-,0,0,-,
432,2165.697,10.8110,impact,ragdoll,Proventus Avenicci,0001A67D,NPC R Forearm [RLar],15,19.383,19.383,287.189,150.780,17.417,6.0000,11.658,-260.060,631.256,-319.650,0.0000,0.0000,1.0000,150.696,-0.069,5.036,Static,Wood,shape,000001EAE4AD0D00,-,1,1,-,
433,2165.856,10.8110,separate,ragdoll,Proventus Avenicci,0001A67D,NPC R Forearm [RLar],15,0.000,0.000,0.000,129.958,10.429,6.0000,11.658,0.000,0.000,0.000,0.0000,0.0000,0.0000,126.453,-14.355,26.316,Static,-,-,000001EAE4AD0D00,-,0,0,-,
434,2165.860,10.8110,separate,ragdoll,Proventus Avenicci,0001A67D,NPC R Forearm [RLar],15,0.000,0.000,0.000,129.958,10.429,6.0000,11.658,0.000,0.000,0.000,0.0000,0.0000,0.0000,126.453,-14.355,26.316,Static,-,-,000001EA5685C100,-,0,0,-,
435,2175.223,10.8111,listener,ragdoll,Proventus Avenicci,0001A67D,-,-,0.000,0.000,0.000,0.000,0.000,0.0000,0.000,-311.888,-308.942,-318.000,0.0424,0.9991,0.0000,0.000,0.000,0.000,-,-,-,0000000000000000,-,0,0,-,tick
436,2219.990,10.8112,listener,ragdoll,Proventus Avenicci,0001A67D,-,-,0.000,0.000,0.000,0.000,0.000,0.0000,0.000,-311.888,-308.942,-318.000,0.0424,0.9991,0.0000,0.000,0.000,0.000,-,-,-,0000000000000000,-,0,0,-,tick
437,2240.726,10.8113,listener,ragdoll,Proventus Avenicci,0001A67D,-,-,0.000,0.000,0.000,0.000,0.000,0.0000,0.000,-311.888,-308.942,-318.000,0.0424,0.9991,0.0000,0.000,0.000,0.000,-,-,-,0000000000000000,-,0,0,-,tick
438,2252.601,10.8113,touch,ragdoll,Proventus Avenicci,0001A67D,NPC R Forearm [RLar],15,0.000,0.000,0.000,151.730,15.102,6.0000,11.658,0.000,0.000,0.000,0.0000,0.0000,0.0000,76.209,131.200,0.747,Static,-,-,000001EA5685C100,-,0,0,-,
439,2252.772,10.8113,impact,ragdoll,Proventus Avenicci,0001A67D,NPC R Forearm [RLar],15,109.600,109.600,79.824,151.567,15.094,6.0000,11.658,-251.300,639.709,-305.797,-0.0000,-0.9528,0.3037,76.127,131.060,0.746,Static,WoodStairs,shape,000001EA5685C100,-,1,0,-,
440,2252.772,10.8113,impact,ragdoll,Proventus Avenicci,0001A67D,NPC R Forearm [RLar],15,109.600,109.600,79.824,151.567,15.094,6.0000,11.658,-251.300,639.709,-305.797,-0.0000,-0.9528,0.3037,76.127,131.060,0.746,Static,WoodStairs,shape,000001EA5685C100,-,0,1,-,
441,2282.866,10.8114,listener,ragdoll,Proventus Avenicci,0001A67D,-,-,0.000,0.000,0.000,0.000,0.000,0.0000,0.000,-311.888,-308.942,-318.000,0.0424,0.9991,0.0000,0.000,0.000,0.000,-,-,-,0000000000000000,-,0,0,-,tick
442,2294.949,10.8114,separate,ragdoll,Proventus Avenicci,0001A67D,NPC R Hand [RHnd],17,0.000,0.000,0.000,118.117,19.377,4.0000,8.334,0.000,0.000,0.000,0.0000,0.0000,0.0000,67.128,9.327,96.739,Static,-,-,000001EAE4AD0D00,-,0,0,-,
443,2303.498,10.8115,listener,ragdoll,Proventus Avenicci,0001A67D,-,-,0.000,0.000,0.000,0.000,0.000,0.0000,0.000,-311.888,-308.942,-318.000,0.0424,0.9991,0.0000,0.000,0.000,0.000,-,-,-,0000000000000000,-,0,0,-,tick
444,2335.895,10.8116,separate,ragdoll,Proventus Avenicci,0001A67D,NPC R Hand [RHnd],17,0.000,0.000,0.000,102.900,19.579,4.0000,8.334,0.000,0.000,0.000,0.0000,0.0000,0.0000,20.991,92.975,38.775,Static,-,-,000001EA5685C100,-,0,0,-,
445,2335.898,10.8116,touch,ragdoll,Proventus Avenicci,0001A67D,NPC R Hand [RHnd],17,0.000,0.000,0.000,102.900,19.579,4.0000,8.334,0.000,0.000,0.000,0.0000,0.0000,0.0000,20.991,92.975,38.775,Static,-,-,000001EA5685C100,-,0,0,-,
446,2344.187,10.8116,listener,ragdoll,Proventus Avenicci,0001A67D,-,-,0.000,0.000,0.000,0.000,0.000,0.0000,0.000,-311.888,-308.942,-318.000,0.0424,0.9991,0.0000,0.000,0.000,0.000,-,-,-,0000000000000000,-,0,0,-,tick
447,2355.908,10.8116,impact,ragdoll,Proventus Avenicci,0001A67D,NPC R Hand [RHnd],17,90.304,90.304,81.348,102.793,19.568,4.0000,8.334,-238.793,639.692,-305.886,-0.0000,-0.9987,0.0502,20.969,92.878,38.734,Static,WoodStairs,shape,000001EA5685C100,-,1,1,-,
448,2365.036,10.8116,listener,ragdoll,Proventus Avenicci,0001A67D,-,-,0.000,0.000,0.000,0.000,0.000,0.0000,0.000,-311.888,-308.942,-318.000,0.0424,0.9991,0.0000,0.000,0.000,0.000,-,-,-,0000000000000000,-,0,0,-,tick
449,2376.881,10.8116,impact,ragdoll,Proventus Avenicci,0001A67D,NPC R Forearm [RLar],15,15.581,15.581,32.590,38.339,5.456,6.0000,11.658,-244.997,646.875,-305.706,0.0000,0.0000,1.0000,21.588,31.560,2.795,Static,WoodStairs,shape,000001EA5685C100,-,0,1,-,
450,2397.881,10.8118,separate,ragdoll,Proventus Avenicci,0001A67D,NPC R Hand [RHnd],17,0.000,0.000,0.000,63.280,18.164,4.0000,8.334,0.000,0.000,0.000,0.0000,0.0000,0.0000,43.814,18.800,-41.608,Static,-,-,000001EA5685C100,-,0,0,-,
451,2397.883,10.8118,touch,ragdoll,Proventus Avenicci,0001A67D,NPC R Hand [RHnd],17,0.000,0.000,0.000,63.280,18.164,4.0000,8.334,0.000,0.000,0.000,0.0000,0.0000,0.0000,43.814,18.800,-41.608,Static,-,-,000001EA5685C100,-,0,0,-,
452,2406.747,10.8118,listener,ragdoll,Proventus Avenicci,0001A67D,-,-,0.000,0.000,0.000,0.000,0.000,0.0000,0.000,-311.888,-308.942,-318.000,0.0424,0.9991,0.0000,0.000,0.000,0.000,-,-,-,0000000000000000,-,0,0,-,tick
453,2418.619,10.8118,impact,ragdoll,Proventus Avenicci,0001A67D,NPC R Hand [RHnd],17,18.820,18.820,61.454,63.214,18.155,4.0000,8.334,-238.035,639.692,-306.006,-0.0000,-1.0000,0.0000,43.769,18.781,-41.565,Static,WoodStairs,shape,000001EA5685C100,-,1,1,-,
454,2428.131,10.8118,listener,ragdoll,Proventus Avenicci,0001A67D,-,-,0.000,0.000,0.000,0.000,0.000,0.0000,0.000,-311.888,-308.942,-318.000,0.0424,0.9991,0.0000,0.000,0.000,0.000,-,-,-,0000000000000000,-,0,0,-,tick
455,2471.282,10.8119,listener,ragdoll,Proventus Avenicci,0001A67D,-,-,0.000,0.000,0.000,0.000,0.000,0.0000,0.000,-311.888,-308.942,-318.000,0.0424,0.9991,0.0000,0.000,0.000,0.000,-,-,-,0000000000000000,-,0,0,-,tick
456,2483.988,10.8119,touch,ragdoll,Proventus Avenicci,0001A67D,NPC Spine1 [Spn1],6,0.000,0.000,0.000,105.245,3.425,4.0000,18.878,0.000,0.000,0.000,0.0000,0.0000,0.0000,28.416,49.429,-88.464,Static,-,-,000001EA5685C100,-,0,0,-,
457,2491.633,10.8120,listener,ragdoll,Proventus Avenicci,0001A67D,-,-,0.000,0.000,0.000,0.000,0.000,0.0000,0.000,-311.888,-308.942,-318.000,0.0424,0.9991,0.0000,0.000,0.000,0.000,-,-,-,0000000000000000,-,0,0,-,tick
458,2504.425,10.8120,impact,ragdoll,Proventus Avenicci,0001A67D,NPC Spine1 [Spn1],6,99.333,99.333,35.632,105.136,3.423,4.0000,18.878,-279.633,671.855,-291.621,0.0001,-0.2956,0.9553,28.386,49.377,-88.372,Static,WoodStairs,shape,000001EA5685C100,-,1,0,-,
459,2504.426,10.8120,impact,ragdoll,Proventus Avenicci,0001A67D,NPC Spine1 [Spn1],6,99.333,99.333,35.632,105.136,3.423,4.0000,18.878,-279.633,671.855,-291.621,0.0001,-0.2956,0.9553,28.386,49.377,-88.372,Static,WoodStairs,shape,000001EA5685C100,-,0,1,-,
460,2504.632,10.8120,touch,ragdoll,Proventus Avenicci,0001A67D,NPC Spine [Spn0],3,0.000,0.000,0.000,69.070,5.791,4.0000,17.297,0.000,0.000,0.000,0.0000,0.0000,0.0000,6.255,26.311,-63.555,Static,-,-,000001EA5685C100,-,0,0,-,
461,2504.838,10.8120,impact,ragdoll,Proventus Avenicci,0001A67D,NPC Spine [Spn0],3,70.755,70.755,61.319,68.998,5.788,4.0000,17.297,-287.540,676.036,-291.595,0.0001,-0.0022,1.0000,6.248,26.284,-63.489,Static,WoodStairs,shape,000001EA5685C100,-,1,1,-,
462,2526.627,10.8121,touch,ragdoll,Proventus Avenicci,0001A67D,NPC R Thigh [RThg],2,0.000,0.000,0.000,176.074,4.608,6.0000,20.487,0.000,0.000,0.000,0.0000,0.0000,0.0000,54.807,8.901,-167.090,Static,-,-,000001EA5685C100,-,0,0,-,
463,2526.641,10.8121,touch,ragdoll,Proventus Avenicci,0001A67D,NPC COM [COM ],0,0.000,0.000,0.000,97.214,9.521,50.0000,17.687,0.000,0.000,0.000,0.0000,0.0000,0.0000,-6.009,31.125,-91.900,Static,-,-,000001EA5685C100,-,0,0,-,
464,2526.842,10.8121,impact,ragdoll,Proventus Avenicci,0001A67D,NPC COM [COM ],0,101.106,101.106,71.581,97.112,9.516,50.0000,17.687,-293.738,680.626,-291.584,0.0001,-0.0022,1.0000,-6.003,31.092,-91.804,Static,WoodStairs,shape,000001EA5685C100,-,1,1,-,
465,2526.845,10.8121,impact,ragdoll,Proventus Avenicci,0001A67D,NPC R Thigh [RThg],2,153.069,153.069,177.614,175.890,4.606,6.0000,20.487,-278.141,703.615,-277.672,-0.0000,-0.7406,0.6719,54.750,8.891,-166.915,Static,WoodStairs,shape,000001EA5685C100,-,1,0,-,
466,2526.845,10.8121,impact,ragdoll,Proventus Avenicci,0001A67D,NPC R Thigh [RThg],2,153.069,153.069,177.614,175.890,4.606,6.0000,20.487,-278.141,703.615,-277.672,-0.0000,-0.7406,0.6719,54.750,8.891,-166.915,Static,WoodStairs,shape,000001EA5685C100,-,0,1,-,
467,2535.670,10.8121,listener,ragdoll,Proventus Avenicci,0001A67D,-,-,0.000,0.000,0.000,0.000,0.000,0.0000,0.000,-311.888,-308.942,-318.000,0.0424,0.9991,0.0000,0.000,0.000,0.000,-,-,-,0000000000000000,-,0,0,-,tick
468,2557.516,10.8122,listener,ragdoll,Proventus Avenicci,0001A67D,-,-,0.000,0.000,0.000,0.000,0.000,0.0000,0.000,-311.888,-308.942,-318.000,0.0424,0.9991,0.0000,0.000,0.000,0.000,-,-,-,0000000000000000,-,0,0,-,tick
469,2568.265,10.8122,touch,ragdoll,Proventus Avenicci,0001A67D,NPC R UpperArm [RUar],12,0.000,0.000,0.000,56.929,3.197,2.0000,14.463,0.000,0.000,0.000,0.0000,0.0000,0.0000,-51.651,8.227,-22.481,Static,-,-,000001EA5685C100,-,0,0,-,
470,2568.450,10.8122,impact,ragdoll,Proventus Avenicci,0001A67D,NPC R UpperArm [RUar],12,16.018,16.018,73.191,56.868,3.195,2.0000,14.463,-248.343,649.761,-305.554,0.0000,0.0000,1.0000,-51.596,8.218,-22.457,Static,WoodStairs,shape,000001EA5685C100,-,1,1,-,
471,2589.430,10.8123,impact,ragdoll,Proventus Avenicci,0001A67D,NPC R Thigh [RThg],2,49.009,49.009,18.726,54.523,2.489,6.0000,20.487,-290.531,693.620,-291.644,0.0000,0.0000,1.0000,-9.398,24.336,-47.877,Static,WoodStairs,shape,000001EA5685C100,-,0,1,-,
472,2589.799,10.8123,impact,ragdoll,Proventus Avenicci,0001A67D,NPC R Thigh [RThg],2,30.285,30.285,30.762,27.418,3.549,6.0000,20.487,-275.210,703.620,-277.667,-0.0000,-0.7260,0.6877,-12.324,7.581,-23.290,Static,WoodStairs,shape,000001EA5685C100,-,0,0,-,
473,2589.800,10.8123,impact,ragdoll,Proventus Avenicci,0001A67D,NPC R Thigh [RThg],2,30.285,30.285,30.762,27.418,3.549,6.0000,20.487,-275.210,703.620,-277.667,-0.0000,-0.7260,0.6877,-12.324,7.581,-23.290,Static,WoodStairs,shape,000001EA5685C100,-,0,1,-,
474,2597.902,10.8123,listener,ragdoll,Proventus Avenicci,0001A67D,-,-,0.000,0.000,0.000,0.000,0.000,0.0000,0.000,-311.888,-308.942,-318.000,0.0424,0.9991,0.0000,0.000,0.000,0.000,-,-,-,0000000000000000,-,0,0,-,tick
475,2610.449,10.8123,separate,ragdoll,Proventus Avenicci,0001A67D,NPC R Hand [RHnd],17,0.000,0.000,0.000,59.868,10.735,4.0000,8.334,0.000,0.000,0.000,0.0000,0.0000,0.0000,-48.068,-23.866,26.533,Static,-,-,000001EA5685C100,-,0,0,-,
476,2632.657,10.8124,touch,ragdoll,Proventus Avenicci,0001A67D,NPC Spine2 [Spn2],9,0.000,0.000,0.000,32.489,3.445,7.0000,23.052,0.000,0.000,0.000,0.0000,0.0000,0.0000,-1.247,32.004,-5.451,Static,-,-,000001EA5685C100,-,0,0,-,
477,2632.858,10.8124,impact,ragdoll,Proventus Avenicci,0001A67D,NPC Spine2 [Spn2],9,17.908,17.908,37.130,32.455,3.443,7.0000,23.052,-269.048,671.770,-291.662,0.0001,-0.5382,0.8428,-1.246,31.970,-5.446,Static,WoodStairs,shape,000001EA5685C100,-,1,0,-,
478,2632.860,10.8124,impact,ragdoll,Proventus Avenicci,0001A67D,NPC Spine2 [Spn2],9,17.908,17.908,37.130,32.455,3.443,7.0000,23.052,-269.048,671.770,-291.662,0.0001,-0.5382,0.8428,-1.246,31.970,-5.446,Static,WoodStairs,shape,000001EA5685C100,-,0,1,-,
479,2641.197,10.8124,listener,ragdoll,Proventus Avenicci,0001A67D,-,-,0.000,0.000,0.000,0.000,0.000,0.0000,0.000,-311.888,-308.942,-318.000,0.0424,0.9991,0.0000,0.000,0.000,0.000,-,-,-,0000000000000000,-,0,0,-,tick
480,2653.419,10.8125,touch,ragdoll,Proventus Avenicci,0001A67D,NPC L Thigh [LThg],1,0.000,0.000,0.000,94.010,6.506,6.0000,20.487,0.000,0.000,0.000,0.0000,0.0000,0.0000,33.454,32.166,-81.756,Static,-,-,000001EA5685C100,-,0,0,-,
481,2662.032,10.8125,listener,ragdoll,Proventus Avenicci,0001A67D,-,-,0.000,0.000,0.000,0.000,0.000,0.0000,0.000,-311.888,-308.942,-318.000,0.0424,0.9991,0.0000,0.000,0.000,0.000,-,-,-,0000000000000000,-,0,0,-,tick
482,2673.978,10.8125,impact,ragdoll,Proventus Avenicci,0001A67D,NPC L Thigh [LThg],1,127.487,127.487,75.767,93.909,6.502,6.0000,20.487,-298.802,703.822,-277.561,-0.0000,-0.1476,0.9890,33.418,32.132,-81.668,Static,WoodStairs,shape,000001EA5685C100,-,1,0,-,
483,2673.980,10.8125,impact,ragdoll,Proventus Avenicci,0001A67D,NPC L Thigh [LThg],1,127.487,127.487,75.767,93.909,6.502,6.0000,20.487,-298.802,703.822,-277.561,-0.0000,-0.1476,0.9890,33.418,32.132,-81.668,Static,WoodStairs,shape,000001EA5685C100,-,0,1,-,
484,2704.481,10.8126,listener,ragdoll,Proventus Avenicci,0001A67D,-,-,0.000,0.000,0.000,0.000,0.000,0.0000,0.000,-311.888,-308.942,-318.000,0.0424,0.9991,0.0000,0.000,0.000,0.000,-,-,-,0000000000000000,-,0,0,-,tick
485,2717.184,10.8126,touch,ragdoll,Proventus Avenicci,0001A67D,NPC L Calf [LClf],5,0.000,0.000,0.000,87.185,3.920,6.0000,19.675,0.000,0.000,0.000,0.0000,0.0000,0.0000,8.370,50.614,-70.494,Static,-,-,000001EA5685C100,-,0,0,-,
486,2726.236,10.8126,listener,ragdoll,Proventus Avenicci,0001A67D,-,-,0.000,0.000,0.000,0.000,0.000,0.0000,0.000,-311.888,-308.942,-318.000,0.0424,0.9991,0.0000,0.000,0.000,0.000,-,-,-,0000000000000000,-,0,0,-,tick
487,2738.564,10.8126,impact,ragdoll,Proventus Avenicci,0001A67D,NPC L Calf [LClf],5,75.562,75.562,26.541,87.092,3.918,6.0000,19.675,-298.176,711.531,-277.557,0.0000,-0.0000,1.0000,8.362,50.560,-70.419,Static,WoodStairs,shape,000001EA5685C100,-,1,1,-,
488,2761.061,10.8128,separate,ragdoll,Proventus Avenicci,0001A67D,NPC R UpperArm [RUar],12,0.000,0.000,0.000,34.929,0.892,2.0000,14.463,0.000,0.000,0.000,0.0000,0.0000,0.0000,-23.961,-21.835,-13.005,Static,-,-,000001EA5685C100,-,0,0,-,
489,2761.064,10.8128,touch,ragdoll,Proventus Avenicci,0001A67D,NPC R UpperArm [RUar],12,0.000,0.000,0.000,34.929,0.892,2.0000,14.463,0.000,0.000,0.000,0.0000,0.0000,0.0000,-23.961,-21.835,-13.005,Static,-,-,000001EA5685C100,-,0,0,-,
490,2770.385,10.8128,listener,ragdoll,Proventus Avenicci,0001A67D,-,-,0.000,0.000,0.000,0.000,0.000,0.0000,0.000,-311.888,-308.942,-318.000,0.0424,0.9991,0.0000,0.000,0.000,0.000,-,-,-,0000000000000000,-,0,0,-,tick
491,2782.241,10.8128,impact,ragdoll,Proventus Avenicci,0001A67D,NPC R UpperArm [RUar],12,14.693,14.693,33.795,34.891,0.891,2.0000,14.463,-253.599,647.683,-305.554,-0.0000,0.0000,1.0000,-23.935,-21.811,-12.991,Static,WoodStairs,shape,000001EA5685C100,-,1,1,-,
492,2792.019,10.8128,listener,ragdoll,Proventus Avenicci,0001A67D,-,-,0.000,0.000,0.000,0.000,0.000,0.0000,0.000,-311.888,-308.942,-318.000,0.0424,0.9991,0.0000,0.000,0.000,0.000,-,-,-,0000000000000000,-,0,0,-,tick
493,2814.510,10.8129,listener,ragdoll,Proventus Avenicci,0001A67D,-,-,0.000,0.000,0.000,0.000,0.000,0.0000,0.000,-311.888,-308.942,-318.000,0.0424,0.9991,0.0000,0.000,0.000,0.000,-,-,-,0000000000000000,-,0,0,-,tick
494,2825.908,10.8129,impact,ragdoll,Proventus Avenicci,0001A67D,NPC R Forearm [RLar],15,14.111,14.111,57.534,61.352,2.170,6.0000,11.658,-250.619,647.281,-305.649,0.0000,0.0000,1.0000,-42.594,-33.509,-28.756,Static,WoodStairs,shape,000001EA5685C100,-,0,1,-,
495,2826.273,10.8129,impact,ragdoll,Proventus Avenicci,0001A67D,NPC R UpperArm [RUar],12,16.595,16.595,46.505,42.339,1.011,2.0000,14.463,-255.020,647.731,-305.561,0.0000,0.0000,1.0000,-25.005,-30.438,-15.520,Static,WoodStairs,shape,000001EA5685C100,-,0,1,-,
496,2847.541,10.8130,touch,ragdoll,Proventus Avenicci,0001A67D,NPC R Hand [RHnd],17,0.000,0.000,0.000,88.418,10.476,4.0000,8.334,0.000,0.000,0.000,0.0000,0.0000,0.0000,-52.494,3.788,-71.047,Static,-,-,000001EAE4AD0D00,-,0,0,-,
497,2847.761,10.8130,impact,ragdoll,Proventus Avenicci,0001A67D,NPC R Hand [RHnd],17,70.866,70.866,67.609,88.323,10.471,4.0000,8.334,-250.970,626.958,-319.650,0.0000,0.0000,1.0000,-52.438,3.784,-70.971,Static,Wood,shape,000001EAE4AD0D00,-,1,1,-,
498,2856.982,10.8130,listener,ragdoll,Proventus Avenicci,0001A67D,-,-,0.000,0.000,0.000,0.000,0.000,0.0000,0.000,-311.888,-308.942,-318.000,0.0424,0.9991,0.0000,0.000,0.000,0.000,-,-,-,0000000000000000,-,0,0,-,tick
499,2878.500,10.8131,listener,ragdoll,Proventus Avenicci,0001A67D,-,-,0.000,0.000,0.000,0.000,0.000,0.0000,0.000,-311.888,-308.942,-318.000,0.0424,0.9991,0.0000,0.000,0.000,0.000,-,-,-,0000000000000000,-,0,0,-,tick
500,2887.663,10.8131,touch,ragdoll,Proventus Avenicci,0001A67D,NPC L Foot [Lft ],7,0.000,0.000,0.000,143.072,7.221,3.0000,10.011,0.000,0.000,0.000,0.0000,0.0000,0.0000,-44.240,81.406,-109.020,Static,-,-,000001EA5685C100,-,0,0,-,
501,2887.887,10.8131,impact,ragdoll,Proventus Avenicci,0001A67D,NPC L Foot [Lft ],7,76.485,76.485,155.577,142.917,7.217,3.0000,10.011,-331.650,735.370,-268.241,-0.0000,-1.0000,-0.0000,-44.193,81.318,-108.903,Static,WoodStairs,shape,000001EA5685C100,-,1,1,-,
502,2907.790,10.8131,impact,ragdoll,Proventus Avenicci,0001A67D,NPC L Foot [Lft ],7,108.525,108.525,33.693,108.874,8.652,3.0000,10.011,-330.823,722.834,-277.557,-0.0000,0.0000,1.0000,-40.577,-8.701,-100.654,Static,WoodStairs,shape,000001EA5685C100,-,0,1,-,
503,2917.118,10.8132,listener,ragdoll,Proventus Avenicci,0001A67D,-,-,0.000,0.000,0.000,0.000,0.000,0.0000,0.000,-311.888,-308.942,-318.000,0.0424,0.9991,0.0000,0.000,0.000,0.000,-,-,-,0000000000000000,-,0,0,-,tick
504,2942.809,10.8133,impact,ragdoll,Proventus Avenicci,0001A67D,NPC L Foot [Lft ],7,9.893,9.893,12.207,14.609,4.550,3.0000,10.011,-331.616,723.084,-277.558,0.0000,0.0000,1.0000,-6.475,-8.754,-9.741,Static,WoodStairs,shape,000001EA5685C100,-,0,1,-,
505,2952.218,10.8133,listener,ragdoll,Proventus Avenicci,0001A67D,-,-,0.000,0.000,0.000,0.000,0.000,0.0000,0.000,-311.888,-308.942,-318.000,0.0424,0.9991,0.0000,0.000,0.000,0.000,-,-,-,0000000000000000,-,0,0,-,tick
506,2987.483,10.8134,listener,ragdoll,Proventus Avenicci,0001A67D,-,-,0.000,0.000,0.000,0.000,0.000,0.0000,0.000,-311.888,-308.942,-318.000,0.0424,0.9991,0.0000,0.000,0.000,0.000,-,-,-,0000000000000000,-,0,0,-,tick
507,3014.426,10.8135,touch,ragdoll,Proventus Avenicci,0001A67D,NPC L Hand [LHnd],16,0.000,0.000,0.000,199.971,11.307,4.0000,8.334,0.000,0.000,0.000,0.0000,0.0000,0.0000,31.819,-52.339,-190.359,DeadBip,-,-,000001EB3A29DC00,9,0,0,-,
508,3014.427,10.8135,touch,ragdoll,Proventus Avenicci,0001A67D,NPC Spine2 [Spn2],9,0.000,0.000,0.000,4.496,0.447,7.0000,23.052,0.000,0.000,0.000,0.0000,0.0000,0.0000,1.905,-3.787,-1.498,DeadBip,-,-,000001EB3A166B00,16,0,0,-,
509,3014.631,10.8135,impact,ragdoll,Proventus Avenicci,0001A67D,NPC L Foot [Lft ],7,52.764,52.764,37.192,40.400,4.760,3.0000,10.011,-333.843,727.988,-277.557,-0.0000,0.0000,1.0000,-2.588,-15.625,-37.166,Static,WoodStairs,shape,000001EA5685C100,-,0,1,-,
510,3014.636,10.8135,impact,ragdoll,Proventus Avenicci,0001A67D,NPC L Hand [LHnd],16,96.199,96.199,106.230,199.790,11.302,4.0000,8.334,-265.358,674.750,-273.149,0.4109,0.8389,0.3568,31.790,-52.292,-190.187,DeadBip,Skin,shape,000001EB3A29DC00,9,1,1,-,
511,3014.636,10.8135,impact,ragdoll,Proventus Avenicci,0001A67D,NPC Spine2 [Spn2],9,96.199,-96.199,106.230,4.492,0.446,7.0000,23.052,-265.358,674.750,-273.149,0.4109,0.8389,0.3568,1.903,-3.783,-1.497,DeadBip,Skin,shape,000001EB3A166B00,16,1,1,-,
512,3025.879,10.8135,listener,ragdoll,Proventus Avenicci,0001A67D,-,-,0.000,0.000,0.000,0.000,0.000,0.0000,0.000,-311.888,-308.942,-318.000,0.0424,0.9991,0.0000,0.000,0.000,0.000,-,-,-,0000000000000000,-,0,0,-,tick
513,3041.201,10.8136,listener,ragdoll,Proventus Avenicci,0001A67D,-,-,0.000,0.000,0.000,0.000,0.000,0.0000,0.000,-311.888,-308.942,-318.000,0.0424,0.9991,0.0000,0.000,0.000,0.000,-,-,-,0000000000000000,-,0,0,-,tick
514,3069.327,10.8136,separate,ragdoll,Proventus Avenicci,0001A67D,NPC L Hand [LHnd],16,0.000,0.000,0.000,155.876,2.727,4.0000,8.334,0.000,0.000,0.000,0.0000,0.0000,0.0000,33.218,15.247,-151.530,DeadBip,-,-,000001EB3A29DC00,9,0,0,-,
515,3069.328,10.8136,separate,ragdoll,Proventus Avenicci,0001A67D,NPC Spine2 [Spn2],9,0.000,0.000,0.000,3.035,0.121,7.0000,23.052,0.000,0.000,0.000,0.0000,0.0000,0.0000,1.847,-1.358,-1.989,DeadBip,-,-,000001EB3A166B00,16,0,0,-,
516,3078.240,10.8137,listener,ragdoll,Proventus Avenicci,0001A67D,-,-,0.000,0.000,0.000,0.000,0.000,0.0000,0.000,-311.888,-308.942,-318.000,0.0424,0.9991,0.0000,0.000,0.000,0.000,-,-,-,0000000000000000,-,0,0,-,tick
517,3107.559,10.8138,touch,ragdoll,Proventus Avenicci,0001A67D,NPC L Forearm [LLar],14,0.000,0.000,0.000,154.326,1.485,2.0000,11.658,0.000,0.000,0.000,0.0000,0.0000,0.0000,13.478,1.762,-153.726,DeadBip,-,-,000001EB3A29DC00,9,0,0,-,
518,3107.560,10.8138,touch,ragdoll,Proventus Avenicci,0001A67D,NPC Spine2 [Spn2],9,0.000,0.000,0.000,1.474,0.051,7.0000,23.052,0.000,0.000,0.000,0.0000,0.0000,0.0000,-1.105,-0.791,0.572,DeadBip,-,-,000001EB3A166E00,14,0,0,-,
519,3116.646,10.8138,listener,ragdoll,Proventus Avenicci,0001A67D,-,-,0.000,0.000,0.000,0.000,0.000,0.0000,0.000,-311.888,-308.942,-318.000,0.0424,0.9991,0.0000,0.000,0.000,0.000,-,-,-,0000000000000000,-,0,0,-,tick
520,3125.743,10.8138,impact,ragdoll,Proventus Avenicci,0001A67D,NPC L Forearm [LLar],14,20.870,20.870,149.659,154.182,1.484,2.0000,11.658,-265.370,674.978,-275.276,0.4164,0.8895,0.1884,13.466,1.761,-153.583,DeadBip,Skin,shape,000001EB3A29DC00,9,1,1,-,
521,3125.744,10.8138,impact,ragdoll,Proventus Avenicci,0001A67D,NPC Spine2 [Spn2],9,20.870,-20.870,149.659,1.473,0.051,7.0000,23.052,-265.370,674.978,-275.276,0.4164,0.8895,0.1884,-1.104,-0.790,0.571,DeadBip,Skin,shape,000001EB3A166E00,14,1,1,-,
522,3125.943,10.8138,touch,ragdoll,Proventus Avenicci,0001A67D,NPC L Hand [LHnd],16,0.000,0.000,0.000,152.473,5.923,4.0000,8.334,0.000,0.000,0.000,0.0000,0.0000,0.0000,18.920,14.160,-150.630,Static,-,-,000001EA5685C100,-,0,0,-,
523,3126.120,10.8138,impact,ragdoll,Proventus Avenicci,0001A67D,NPC L Hand [LHnd],16,150.722,150.722,56.144,152.331,5.920,4.0000,8.334,-257.034,685.496,-291.579,0.0001,-0.0022,1.0000,18.902,14.147,-150.490,Static,WoodStairs,shape,000001EA5685C100,-,1,1,-,
524,3136.066,10.8138,listener,ragdoll,Proventus Avenicci,0001A67D,-,-,0.000,0.000,0.000,0.000,0.000,0.0000,0.000,-311.888,-308.942,-318.000,0.0424,0.9991,0.0000,0.000,0.000,0.000,-,-,-,0000000000000000,-,0,0,-,tick
525,3174.128,10.8139,listener,ragdoll,Proventus Avenicci,0001A67D,-,-,0.000,0.000,0.000,0.000,0.000,0.0000,0.000,-311.888,-308.942,-318.000,0.0424,0.9991,0.0000,0.000,0.000,0.000,-,-,-,0000000000000000,-,0,0,-,tick
526,3212.194,10.8140,listener,ragdoll,Proventus Avenicci,0001A67D,-,-,0.000,0.000,0.000,0.000,0.000,0.0000,0.000,-311.888,-308.942,-318.000,0.0424,0.9991,0.0000,0.000,0.000,0.000,-,-,-,0000000000000000,-,0,0,-,tick
527,3250.880,10.8141,listener,ragdoll,Proventus Avenicci,0001A67D,-,-,0.000,0.000,0.000,0.000,0.000,0.0000,0.000,-311.888,-308.942,-318.000,0.0424,0.9991,0.0000,0.000,0.000,0.000,-,-,-,0000000000000000,-,0,0,-,tick
528,3269.337,10.8142,listener,ragdoll,Proventus Avenicci,0001A67D,-,-,0.000,0.000,0.000,0.000,0.000,0.0000,0.000,-311.888,-308.942,-318.000,0.0424,0.9991,0.0000,0.000,0.000,0.000,-,-,-,0000000000000000,-,0,0,-,tick
529,3296.424,10.8142,touch,ragdoll,Proventus Avenicci,0001A67D,NPC L Forearm [LLar],14,0.000,0.000,0.000,19.138,4.377,2.0000,11.658,0.000,0.000,0.000,0.0000,0.0000,0.0000,-13.746,-1.748,-13.200,DeadBip,-,-,000001EB3A29C100,2,0,0,-,
530,3296.425,10.8142,touch,ragdoll,Proventus Avenicci,0001A67D,NPC R Thigh [RThg],2,0.000,0.000,0.000,0.269,0.032,6.0000,20.487,0.000,0.000,0.000,0.0000,0.0000,0.0000,-0.154,0.043,0.217,DeadBip,-,-,000001EB3A166E00,14,0,0,-,
531,3304.939,10.8143,listener,ragdoll,Proventus Avenicci,0001A67D,-,-,0.000,0.000,0.000,0.000,0.000,0.0000,0.000,-311.888,-308.942,-318.000,0.0424,0.9991,0.0000,0.000,0.000,0.000,-,-,-,0000000000000000,-,0,0,-,tick
532,3313.904,10.8143,impact,ragdoll,Proventus Avenicci,0001A67D,NPC L Forearm [LLar],14,6.665,6.665,44.927,19.120,4.375,2.0000,11.658,-270.254,692.525,-273.018,0.6340,-0.7570,0.1581,-13.733,-1.747,-13.187,DeadBip,Skin,shape,000001EB3A29C100,2,1,1,-,
533,3313.905,10.8143,impact,ragdoll,Proventus Avenicci,0001A67D,NPC R Thigh [RThg],2,6.665,-6.665,44.927,0.269,0.032,6.0000,20.487,-270.254,692.525,-273.018,0.6340,-0.7570,0.1581,-0.154,0.043,0.216,DeadBip,Skin,shape,000001EB3A166E00,14,1,1,-,
534,3340.921,10.8144,listener,ragdoll,Proventus Avenicci,0001A67D,-,-,0.000,0.000,0.000,0.000,0.000,0.0000,0.000,-311.888,-308.942,-318.000,0.0424,0.9991,0.0000,0.000,0.000,0.000,-,-,-,0000000000000000,-,0,0,-,tick
535,3378.971,10.8145,listener,ragdoll,Proventus Avenicci,0001A67D,-,-,0.000,0.000,0.000,0.000,0.000,0.0000,0.000,-311.888,-308.942,-318.000,0.0424,0.9991,0.0000,0.000,0.000,0.000,-,-,-,0000000000000000,-,0,0,-,tick
536,3397.162,10.8145,listener,ragdoll,Proventus Avenicci,0001A67D,-,-,0.000,0.000,0.000,0.000,0.000,0.0000,0.000,-311.888,-308.942,-318.000,0.0424,0.9991,0.0000,0.000,0.000,0.000,-,-,-,0000000000000000,-,0,0,-,tick
537,3435.065,10.8146,listener,ragdoll,Proventus Avenicci,0001A67D,-,-,0.000,0.000,0.000,0.000,0.000,0.0000,0.000,-311.888,-308.942,-318.000,0.0424,0.9991,0.0000,0.000,0.000,0.000,-,-,-,0000000000000000,-,0,0,-,tick
538,3472.431,10.8147,listener,ragdoll,Proventus Avenicci,0001A67D,-,-,0.000,0.000,0.000,0.000,0.000,0.0000,0.000,-311.888,-308.942,-318.000,0.0424,0.9991,0.0000,0.000,0.000,0.000,-,-,-,0000000000000000,-,0,0,-,tick
539,3509.313,10.8148,listener,ragdoll,Proventus Avenicci,0001A67D,-,-,0.000,0.000,0.000,0.000,0.000,0.0000,0.000,-311.888,-308.942,-318.000,0.0424,0.9991,0.0000,0.000,0.000,0.000,-,-,-,0000000000000000,-,0,0,-,tick
540,3527.566,10.8149,listener,ragdoll,Proventus Avenicci,0001A67D,-,-,0.000,0.000,0.000,0.000,0.000,0.0000,0.000,-311.888,-308.942,-318.000,0.0424,0.9991,0.0000,0.000,0.000,0.000,-,-,-,0000000000000000,-,0,0,-,tick
541,3564.011,10.8150,listener,ragdoll,Proventus Avenicci,0001A67D,-,-,0.000,0.000,0.000,0.000,0.000,0.0000,0.000,-311.888,-308.942,-318.000,0.0424,0.9991,0.0000,0.000,0.000,0.000,-,-,-,0000000000000000,-,0,0,-,tick
542,3592.393,10.8151,touch,ragdoll,Proventus Avenicci,0001A67D,NPC L Hand [LHnd],16,0.000,0.000,0.000,15.761,1.574,4.0000,8.334,0.000,0.000,0.000,0.0000,0.0000,0.0000,-13.878,7.469,-0.034,DeadBip,-,-,000001EB3A29C100,2,0,0,-,
543,3592.394,10.8151,touch,ragdoll,Proventus Avenicci,0001A67D,NPC R Thigh [RThg],2,0.000,0.000,0.000,0.111,0.008,6.0000,20.487,0.000,0.000,0.000,0.0000,0.0000,0.0000,-0.066,0.079,-0.041,DeadBip,-,-,000001EB3A166B00,16,0,0,-,
544,3601.727,10.8151,listener,ragdoll,Proventus Avenicci,0001A67D,-,-,0.000,0.000,0.000,0.000,0.000,0.0000,0.000,-311.888,-308.942,-318.000,0.0424,0.9991,0.0000,0.000,0.000,0.000,-,-,-,0000000000000000,-,0,0,-,tick
545,3610.530,10.8151,impact,ragdoll,Proventus Avenicci,0001A67D,NPC L Hand [LHnd],16,12.612,12.612,10.850,15.746,1.573,4.0000,8.334,-271.993,693.326,-279.806,0.7170,-0.3635,-0.5948,-13.865,7.462,-0.034,DeadBip,Skin,shape,000001EB3A29C100,2,1,1,-,
546,3610.532,10.8151,impact,ragdoll,Proventus Avenicci,0001A67D,NPC R Thigh [RThg],2,12.612,-12.612,10.850,0.111,0.008,6.0000,20.487,-271.993,693.326,-279.806,0.7170,-0.3635,-0.5948,-0.066,0.079,-0.041,DeadBip,Skin,shape,000001EB3A166B00,16,1,1,-,
547,3619.588,10.8152,listener,ragdoll,Proventus Avenicci,0001A67D,-,-,0.000,0.000,0.000,0.000,0.000,0.0000,0.000,-311.888,-308.942,-318.000,0.0424,0.9991,0.0000,0.000,0.000,0.000,-,-,-,0000000000000000,-,0,0,-,tick
548,3657.887,10.8153,listener,ragdoll,Proventus Avenicci,0001A67D,-,-,0.000,0.000,0.000,0.000,0.000,0.0000,0.000,-311.888,-308.942,-318.000,0.0424,0.9991,0.0000,0.000,0.000,0.000,-,-,-,0000000000000000,-,0,0,-,tick
549,3694.844,10.8154,listener,ragdoll,Proventus Avenicci,0001A67D,-,-,0.000,0.000,0.000,0.000,0.000,0.0000,0.000,-311.888,-308.942,-318.000,0.0424,0.9991,0.0000,0.000,0.000,0.000,-,-,-,0000000000000000,-,0,0,-,tick
550,3731.968,10.8155,listener,ragdoll,Proventus Avenicci,0001A67D,-,-,0.000,0.000,0.000,0.000,0.000,0.0000,0.000,-311.888,-308.942,-318.000,0.0424,0.9991,0.0000,0.000,0.000,0.000,-,-,-,0000000000000000,-,0,0,-,tick
551,3750.539,10.8155,listener,ragdoll,Proventus Avenicci,0001A67D,-,-,0.000,0.000,0.000,0.000,0.000,0.0000,0.000,-311.888,-308.942,-318.000,0.0424,0.9991,0.0000,0.000,0.000,0.000,-,-,-,0000000000000000,-,0,0,-,tick
552,3787.488,10.8156,listener,ragdoll,Proventus Avenicci,0001A67D,-,-,0.000,0.000,0.000,0.000,0.000,0.0000,0.000,-311.888,-308.942,-318.000,0.0424,0.9991,0.0000,0.000,0.000,0.000,-,-,-,0000000000000000,-,0,0,-,tick
553,3823.222,10.8157,listener,ragdoll,Proventus Avenicci,0001A67D,-,-,0.000,0.000,0.000,0.000,0.000,0.0000,0.000,-311.888,-308.942,-318.000,0.0424,0.9991,0.0000,0.000,0.000,0.000,-,-,-,0000000000000000,-,0,0,-,tick
554,3860.324,10.8158,listener,ragdoll,Proventus Avenicci,0001A67D,-,-,0.000,0.000,0.000,0.000,0.000,0.0000,0.000,-311.888,-308.942,-318.000,0.0424,0.9991,0.0000,0.000,0.000,0.000,-,-,-,0000000000000000,-,0,0,-,tick
555,3879.677,10.8159,listener,ragdoll,Proventus Avenicci,0001A67D,-,-,0.000,0.000,0.000,0.000,0.000,0.0000,0.000,-311.888,-308.942,-318.000,0.0424,0.9991,0.0000,0.000,0.000,0.000,-,-,-,0000000000000000,-,0,0,-,tick
556,3916.808,10.8160,listener,ragdoll,Proventus Avenicci,0001A67D,-,-,0.000,0.000,0.000,0.000,0.000,0.0000,0.000,-311.888,-308.942,-318.000,0.0424,0.9991,0.0000,0.000,0.000,0.000,-,-,-,0000000000000000,-,0,0,-,tick
557,3955.259,10.8161,listener,ragdoll,Proventus Avenicci,0001A67D,-,-,0.000,0.000,0.000,0.000,0.000,0.0000,0.000,-311.888,-308.942,-318.000,0.0424,0.9991,0.0000,0.000,0.000,0.000,-,-,-,0000000000000000,-,0,0,-,tick
558,3992.370,10.8162,listener,ragdoll,Proventus Avenicci,0001A67D,-,-,0.000,0.000,0.000,0.000,0.000,0.0000,0.000,-311.888,-308.942,-318.000,0.0424,0.9991,0.0000,0.000,0.000,0.000,-,-,-,0000000000000000,-,0,0,-,tick
559,4011.696,10.8162,listener,ragdoll,Proventus Avenicci,0001A67D,-,-,0.000,0.000,0.000,0.000,0.000,0.0000,0.000,-311.888,-308.942,-318.000,0.0424,0.9991,0.0000,0.000,0.000,0.000,-,-,-,0000000000000000,-,0,0,-,tick
560,4047.284,10.8163,listener,ragdoll,Proventus Avenicci,0001A67D,-,-,0.000,0.000,0.000,0.000,0.000,0.0000,0.000,-311.888,-308.942,-318.000,0.0424,0.9991,0.0000,0.000,0.000,0.000,-,-,-,0000000000000000,-,0,0,-,tick
561,4082.945,10.8164,listener,ragdoll,Proventus Avenicci,0001A67D,-,-,0.000,0.000,0.000,0.000,0.000,0.0000,0.000,-311.888,-308.942,-318.000,0.0424,0.9991,0.0000,0.000,0.000,0.000,-,-,-,0000000000000000,-,0,0,-,tick
562,4119.632,10.8165,listener,ragdoll,Proventus Avenicci,0001A67D,-,-,0.000,0.000,0.000,0.000,0.000,0.0000,0.000,-311.888,-308.942,-318.000,0.0424,0.9991,0.0000,0.000,0.000,0.000,-,-,-,0000000000000000,-,0,0,-,tick
563,4139.624,10.8166,listener,ragdoll,Proventus Avenicci,0001A67D,-,-,0.000,0.000,0.000,0.000,0.000,0.0000,0.000,-311.888,-308.942,-318.000,0.0424,0.9991,0.0000,0.000,0.000,0.000,-,-,-,0000000000000000,-,0,0,-,tick
564,4175.834,10.8167,listener,ragdoll,Proventus Avenicci,0001A67D,-,-,0.000,0.000,0.000,0.000,0.000,0.0000,0.000,-311.888,-308.942,-318.000,0.0424,0.9991,0.0000,0.000,0.000,0.000,-,-,-,0000000000000000,-,0,0,-,tick
565,4213.898,10.8168,listener,ragdoll,Proventus Avenicci,0001A67D,-,-,0.000,0.000,0.000,0.000,0.000,0.0000,0.000,-311.888,-308.942,-318.000,0.0424,0.9991,0.0000,0.000,0.000,0.000,-,-,-,0000000000000000,-,0,0,-,tick
566,4250.659,10.8169,listener,ragdoll,Proventus Avenicci,0001A67D,-,-,0.000,0.000,0.000,0.000,0.000,0.0000,0.000,-311.888,-308.942,-318.000,0.0424,0.9991,0.0000,0.000,0.000,0.000,-,-,-,0000000000000000,-,0,0,-,tick
567,4268.435,10.8169,listener,ragdoll,Proventus Avenicci,0001A67D,-,-,0.000,0.000,0.000,0.000,0.000,0.0000,0.000,-311.888,-308.942,-318.000,0.0424,0.9991,0.0000,0.000,0.000,0.000,-,-,-,0000000000000000,-,0,0,-,tick
568,4305.183,10.8171,listener,ragdoll,Proventus Avenicci,0001A67D,-,-,0.000,0.000,0.000,0.000,0.000,0.0000,0.000,-311.888,-308.942,-318.000,0.0424,0.9991,0.0000,0.000,0.000,0.000,-,-,-,0000000000000000,-,0,0,-,tick
569,4341.288,10.8172,listener,ragdoll,Proventus Avenicci,0001A67D,-,-,0.000,0.000,0.000,0.000,0.000,0.0000,0.000,-311.888,-308.942,-318.000,0.0424,0.9991,0.0000,0.000,0.000,0.000,-,-,-,0000000000000000,-,0,0,-,tick
570,4377.541,10.8173,listener,ragdoll,Proventus Avenicci,0001A67D,-,-,0.000,0.000,0.000,0.000,0.000,0.0000,0.000,-311.888,-308.942,-318.000,0.0424,0.9991,0.0000,0.000,0.000,0.000,-,-,-,0000000000000000,-,0,0,-,tick
571,4396.967,10.8173,listener,ragdoll,Proventus Avenicci,0001A67D,-,-,0.000,0.000,0.000,0.000,0.000,0.0000,0.000,-311.888,-308.942,-318.000,0.0424,0.9991,0.0000,0.000,0.000,0.000,-,-,-,0000000000000000,-,0,0,-,tick
572,4433.381,10.8174,listener,ragdoll,Proventus Avenicci,0001A67D,-,-,0.000,0.000,0.000,0.000,0.000,0.0000,0.000,-311.888,-308.942,-318.000,0.0424,0.9991,0.0000,0.000,0.000,0.000,-,-,-,0000000000000000,-,0,0,-,tick
573,4470.844,10.8175,listener,ragdoll,Proventus Avenicci,0001A67D,-,-,0.000,0.000,0.000,0.000,0.000,0.0000,0.000,-311.888,-308.942,-318.000,0.0424,0.9991,0.0000,0.000,0.000,0.000,-,-,-,0000000000000000,-,0,0,-,tick
574,4490.815,10.8176,listener,ragdoll,Proventus Avenicci,0001A67D,-,-,0.000,0.000,0.000,0.000,0.000,0.0000,0.000,-311.888,-308.942,-318.000,0.0424,0.9991,0.0000,0.000,0.000,0.000,-,-,-,0000000000000000,-,0,0,-,tick
575,4528.278,10.8177,listener,ragdoll,Proventus Avenicci,0001A67D,-,-,0.000,0.000,0.000,0.000,0.000,0.0000,0.000,-311.888,-308.942,-318.000,0.0424,0.9991,0.0000,0.000,0.000,0.000,-,-,-,0000000000000000,-,0,0,-,tick
576,4566.031,10.8178,listener,ragdoll,Proventus Avenicci,0001A67D,-,-,0.000,0.000,0.000,0.000,0.000,0.0000,0.000,-311.888,-308.942,-318.000,0.0424,0.9991,0.0000,0.000,0.000,0.000,-,-,-,0000000000000000,-,0,0,-,tick
577,4601.758,10.8179,listener,ragdoll,Proventus Avenicci,0001A67D,-,-,0.000,0.000,0.000,0.000,0.000,0.0000,0.000,-311.888,-308.942,-318.000,0.0424,0.9991,0.0000,0.000,0.000,0.000,-,-,-,0000000000000000,-,0,0,-,tick
578,4620.481,10.8179,listener,ragdoll,Proventus Avenicci,0001A67D,-,-,0.000,0.000,0.000,0.000,0.000,0.0000,0.000,-311.888,-308.942,-318.000,0.0424,0.9991,0.0000,0.000,0.000,0.000,-,-,-,0000000000000000,-,0,0,-,tick
579,4656.045,10.8180,listener,ragdoll,Proventus Avenicci,0001A67D,-,-,0.000,0.000,0.000,0.000,0.000,0.0000,0.000,-311.888,-308.942,-318.000,0.0424,0.9991,0.0000,0.000,0.000,0.000,-,-,-,0000000000000000,-,0,0,-,tick
580,4692.267,10.8181,listener,ragdoll,Proventus Avenicci,0001A67D,-,-,0.000,0.000,0.000,0.000,0.000,0.0000,0.000,-311.888,-308.942,-318.000,0.0424,0.9991,0.0000,0.000,0.000,0.000,-,-,-,0000000000000000,-,0,0,-,tick
581,4729.276,10.8182,listener,ragdoll,Proventus Avenicci,0001A67D,-,-,0.000,0.000,0.000,0.000,0.000,0.0000,0.000,-311.888,-308.942,-318.000,0.0424,0.9991,0.0000,0.000,0.000,0.000,-,-,-,0000000000000000,-,0,0,-,tick
582,4765.724,10.8183,listener,ragdoll,Proventus Avenicci,0001A67D,-,-,0.000,0.000,0.000,0.000,0.000,0.0000,0.000,-311.888,-308.942,-318.000,0.0424,0.9991,0.0000,0.000,0.000,0.000,-,-,-,0000000000000000,-,0,0,-,tick
583,4783.540,10.8184,listener,ragdoll,Proventus Avenicci,0001A67D,-,-,0.000,0.000,0.000,0.000,0.000,0.0000,0.000,-311.888,-308.942,-318.000,0.0424,0.9991,0.0000,0.000,0.000,0.000,-,-,-,0000000000000000,-,0,0,-,tick
584,4821.587,10.8185,listener,ragdoll,Proventus Avenicci,0001A67D,-,-,0.000,0.000,0.000,0.000,0.000,0.0000,0.000,-311.888,-308.942,-318.000,0.0424,0.9991,0.0000,0.000,0.000,0.000,-,-,-,0000000000000000,-,0,0,-,tick
585,4858.165,10.8186,listener,ragdoll,Proventus Avenicci,0001A67D,-,-,0.000,0.000,0.000,0.000,0.000,0.0000,0.000,-311.888,-308.942,-318.000,0.0424,0.9991,0.0000,0.000,0.000,0.000,-,-,-,0000000000000000,-,0,0,-,tick
586,4877.315,10.8186,listener,ragdoll,Proventus Avenicci,0001A67D,-,-,0.000,0.000,0.000,0.000,0.000,0.0000,0.000,-311.888,-308.942,-318.000,0.0424,0.9991,0.0000,0.000,0.000,0.000,-,-,-,0000000000000000,-,0,0,-,tick
587,4914.857,10.8187,listener,ragdoll,Proventus Avenicci,0001A67D,-,-,0.000,0.000,0.000,0.000,0.000,0.0000,0.000,-311.888,-308.942,-318.000,0.0424,0.9991,0.0000,0.000,0.000,0.000,-,-,-,0000000000000000,-,0,0,-,tick
588,4952.263,10.8188,listener,ragdoll,Proventus Avenicci,0001A67D,-,-,0.000,0.000,0.000,0.000,0.000,0.0000,0.000,-311.888,-308.942,-318.000,0.0424,0.9991,0.0000,0.000,0.000,0.000,-,-,-,0000000000000000,-,0,0,-,tick
589,4988.142,10.8189,listener,ragdoll,Proventus Avenicci,0001A67D,-,-,0.000,0.000,0.000,0.000,0.000,0.0000,0.000,-311.888,-308.942,-318.000,0.0424,0.9991,0.0000,0.000,0.000,0.000,-,-,-,0000000000000000,-,0,0,-,tick
590,5024.306,10.8190,listener,ragdoll,Proventus Avenicci,0001A67D,-,-,0.000,0.000,0.000,0.000,0.000,0.0000,0.000,-311.888,-308.942,-318.000,0.0424,0.9991,0.0000,0.000,0.000,0.000,-,-,-,0000000000000000,-,0,0,-,tick
591,5042.291,10.8191,listener,ragdoll,Proventus Avenicci,0001A67D,-,-,0.000,0.000,0.000,0.000,0.000,0.0000,0.000,-311.888,-308.942,-318.000,0.0424,0.9991,0.0000,0.000,0.000,0.000,-,-,-,0000000000000000,-,0,0,-,tick
592,5080.090,10.8192,listener,ragdoll,Proventus Avenicci,0001A67D,-,-,0.000,0.000,0.000,0.000,0.000,0.0000,0.000,-311.888,-308.942,-318.000,0.0424,0.9991,0.0000,0.000,0.000,0.000,-,-,-,0000000000000000,-,0,0,-,tick
593,5115.923,10.8193,listener,ragdoll,Proventus Avenicci,0001A67D,-,-,0.000,0.000,0.000,0.000,0.000,0.0000,0.000,-311.888,-308.942,-318.000,0.0424,0.9991,0.0000,0.000,0.000,0.000,-,-,-,0000000000000000,-,0,0,-,tick
594,5135.594,10.8194,listener,ragdoll,Proventus Avenicci,0001A67D,-,-,0.000,0.000,0.000,0.000,0.000,0.0000,0.000,-311.888,-308.942,-318.000,0.0424,0.9991,0.0000,0.000,0.000,0.000,-,-,-,0000000000000000,-,0,0,-,tick
595,5172.582,10.8195,listener,ragdoll,Proventus Avenicci,0001A67D,-,-,0.000,0.000,0.000,0.000,0.000,0.0000,0.000,-311.888,-308.942,-318.000,0.0424,0.9991,0.0000,0.000,0.000,0.000,-,-,-,0000000000000000,-,0,0,-,tick
596,5211.746,10.8196,listener,ragdoll,Proventus Avenicci,0001A67D,-,-,0.000,0.000,0.000,0.000,0.000,0.0000,0.000,-311.888,-308.942,-318.000,0.0424,0.9991,0.0000,0.000,0.000,0.000,-,-,-,0000000000000000,-,0,0,-,tick
597,5248.293,10.8197,listener,ragdoll,Proventus Avenicci,0001A67D,-,-,0.000,0.000,0.000,0.000,0.000,0.0000,0.000,-311.888,-308.942,-318.000,0.0424,0.9991,0.0000,0.000,0.000,0.000,-,-,-,0000000000000000,-,0,0,-,tick
598,5266.371,10.8197,listener,ragdoll,Proventus Avenicci,0001A67D,-,-,0.000,0.000,0.000,0.000,0.000,0.0000,0.000,-311.888,-308.942,-318.000,0.0424,0.9991,0.0000,0.000,0.000,0.000,-,-,-,0000000000000000,-,0,0,-,tick
599,5302.141,10.8198,listener,ragdoll,Proventus Avenicci,0001A67D,-,-,0.000,0.000,0.000,0.000,0.000,0.0000,0.000,-311.888,-308.942,-318.000,0.0424,0.9991,0.0000,0.000,0.000,0.000,-,-,-,0000000000000000,-,0,0,-,tick
600,5340.020,10.8199,listener,ragdoll,Proventus Avenicci,0001A67D,-,-,0.000,0.000,0.000,0.000,0.000,0.0000,0.000,-311.888,-308.942,-318.000,0.0424,0.9991,0.0000,0.000,0.000,0.000,-,-,-,0000000000000000,-,0,0,-,tick
601,5377.843,10.8200,listener,ragdoll,Proventus Avenicci,0001A67D,-,-,0.000,0.000,0.000,0.000,0.000,0.0000,0.000,-311.888,-308.942,-318.000,0.0424,0.9991,0.0000,0.000,0.000,0.000,-,-,-,0000000000000000,-,0,0,-,tick
602,5396.524,10.8201,listener,ragdoll,Proventus Avenicci,0001A67D,-,-,0.000,0.000,0.000,0.000,0.000,0.0000,0.000,-311.888,-308.942,-318.000,0.0424,0.9991,0.0000,0.000,0.000,0.000,-,-,-,0000000000000000,-,0,0,-,tick
603,5433.155,10.8202,listener,ragdoll,Proventus Avenicci,0001A67D,-,-,0.000,0.000,0.000,0.000,0.000,0.0000,0.000,-311.888,-308.942,-318.000,0.0424,0.9991,0.0000,0.000,0.000,0.000,-,-,-,0000000000000000,-,0,0,-,tick
604,5470.543,10.8203,listener,ragdoll,Proventus Avenicci,0001A67D,-,-,0.000,0.000,0.000,0.000,0.000,0.0000,0.000,-311.888,-308.942,-318.000,0.0424,0.9991,0.0000,0.000,0.000,0.000,-,-,-,0000000000000000,-,0,0,-,tick
605,5507.960,10.8204,listener,ragdoll,Proventus Avenicci,0001A67D,-,-,0.000,0.000,0.000,0.000,0.000,0.0000,0.000,-311.888,-308.942,-318.000,0.0424,0.9991,0.0000,0.000,0.000,0.000,-,-,-,0000000000000000,-,0,0,-,tick
606,5526.628,10.8204,listener,ragdoll,Proventus Avenicci,0001A67D,-,-,0.000,0.000,0.000,0.000,0.000,0.0000,0.000,-311.888,-308.942,-318.000,0.0424,0.9991,0.0000,0.000,0.000,0.000,-,-,-,0000000000000000,-,0,0,-,tick
607,5563.724,10.8205,listener,ragdoll,Proventus Avenicci,0001A67D,-,-,0.000,0.000,0.000,0.000,0.000,0.0000,0.000,-311.888,-308.942,-318.000,0.0424,0.9991,0.0000,0.000,0.000,0.000,-,-,-,0000000000000000,-,0,0,-,tick
608,5600.966,10.8206,listener,ragdoll,Proventus Avenicci,0001A67D,-,-,0.000,0.000,0.000,0.000,0.000,0.0000,0.000,-311.888,-308.942,-318.000,0.0424,0.9991,0.0000,0.000,0.000,0.000,-,-,-,0000000000000000,-,0,0,-,tick
609,5636.692,10.8207,listener,ragdoll,Proventus Avenicci,0001A67D,-,-,0.000,0.000,0.000,0.000,0.000,0.0000,0.000,-311.888,-308.942,-318.000,0.0424,0.9991,0.0000,0.000,0.000,0.000,-,-,-,0000000000000000,-,0,0,-,tick
610,5655.053,10.8208,listener,ragdoll,Proventus Avenicci,0001A67D,-,-,0.000,0.000,0.000,0.000,0.000,0.0000,0.000,-311.888,-308.942,-318.000,0.0424,0.9991,0.0000,0.000,0.000,0.000,-,-,-,0000000000000000,-,0,0,-,tick
611,5690.341,10.8209,listener,ragdoll,Proventus Avenicci,0001A67D,-,-,0.000,0.000,0.000,0.000,0.000,0.0000,0.000,-311.888,-308.942,-318.000,0.0424,0.9991,0.0000,0.000,0.000,0.000,-,-,-,0000000000000000,-,0,0,-,tick
612,5727.551,10.8210,listener,ragdoll,Proventus Avenicci,0001A67D,-,-,0.000,0.000,0.000,0.000,0.000,0.0000,0.000,-311.888,-308.942,-318.000,0.0424,0.9991,0.0000,0.000,0.000,0.000,-,-,-,0000000000000000,-,0,0,-,tick
613,5762.864,10.8211,listener,ragdoll,Proventus Avenicci,0001A67D,-,-,0.000,0.000,0.000,0.000,0.000,0.0000,0.000,-311.888,-308.942,-318.000,0.0424,0.9991,0.0000,0.000,0.000,0.000,-,-,-,0000000000000000,-,0,0,-,tick
614,5800.295,10.8212,listener,ragdoll,Proventus Avenicci,0001A67D,-,-,0.000,0.000,0.000,0.000,0.000,0.0000,0.000,-311.888,-308.942,-318.000,0.0424,0.9991,0.0000,0.000,0.000,0.000,-,-,-,0000000000000000,-,0,0,-,tick
615,5810.416,10.8212,separate,ragdoll,Proventus Avenicci,0001A67D,NPC L Hand [LHnd],16,0.000,0.000,0.000,1.225,0.217,4.0000,8.334,0.000,0.000,0.000,0.0000,0.0000,0.0000,0.845,-0.887,-0.007,DeadBip,-,-,000001EB3A29C100,2,0,0,-,
616,5810.417,10.8212,separate,ragdoll,Proventus Avenicci,0001A67D,NPC R Thigh [RThg],2,0.000,0.000,0.000,0.000,0.000,6.0000,20.487,0.000,0.000,0.000,0.0000,0.0000,0.0000,0.000,0.000,0.000,DeadBip,-,-,000001EB3A166B00,16,0,0,-,
617,5819.046,10.8212,listener,ragdoll,Proventus Avenicci,0001A67D,-,-,0.000,0.000,0.000,0.000,0.000,0.0000,0.000,-311.888,-308.942,-318.000,0.0424,0.9991,0.0000,0.000,0.000,0.000,-,-,-,0000000000000000,-,0,0,-,tick
618,5856.575,10.8213,listener,ragdoll,Proventus Avenicci,0001A67D,-,-,0.000,0.000,0.000,0.000,0.000,0.0000,0.000,-311.888,-308.942,-318.000,0.0424,0.9991,0.0000,0.000,0.000,0.000,-,-,-,0000000000000000,-,0,0,-,tick
619,5894.969,10.8214,listener,ragdoll,Proventus Avenicci,0001A67D,-,-,0.000,0.000,0.000,0.000,0.000,0.0000,0.000,-311.888,-308.942,-318.000,0.0424,0.9991,0.0000,0.000,0.000,0.000,-,-,-,0000000000000000,-,0,0,-,tick
620,5913.931,10.8215,listener,ragdoll,Proventus Avenicci,0001A67D,-,-,0.000,0.000,0.000,0.000,0.000,0.0000,0.000,-311.888,-308.942,-318.000,0.0424,0.9991,0.0000,0.000,0.000,0.000,-,-,-,0000000000000000,-,0,0,-,tick
621,5951.656,10.8216,listener,ragdoll,Proventus Avenicci,0001A67D,-,-,0.000,0.000,0.000,0.000,0.000,0.0000,0.000,-311.888,-308.942,-318.000,0.0424,0.9991,0.0000,0.000,0.000,0.000,-,-,-,0000000000000000,-,0,0,-,tick
622,5989.123,10.8217,listener,ragdoll,Proventus Avenicci,0001A67D,-,-,0.000,0.000,0.000,0.000,0.000,0.0000,0.000,-311.888,-308.942,-318.000,0.0424,0.9991,0.0000,0.000,0.000,0.000,-,-,-,0000000000000000,-,0,0,-,tick
623,6025.269,10.8218,listener,ragdoll,Proventus Avenicci,0001A67D,-,-,0.000,0.000,0.000,0.000,0.000,0.0000,0.000,-311.888,-308.942,-318.000,0.0424,0.9991,0.0000,0.000,0.000,0.000,-,-,-,0000000000000000,-,0,0,-,tick
624,6043.605,10.8219,listener,ragdoll,Proventus Avenicci,0001A67D,-,-,0.000,0.000,0.000,0.000,0.000,0.0000,0.000,-311.888,-308.942,-318.000,0.0424,0.9991,0.0000,0.000,0.000,0.000,-,-,-,0000000000000000,-,0,0,-,tick
625,6079.153,10.8220,listener,ragdoll,Proventus Avenicci,0001A67D,-,-,0.000,0.000,0.000,0.000,0.000,0.0000,0.000,-311.888,-308.942,-318.000,0.0424,0.9991,0.0000,0.000,0.000,0.000,-,-,-,0000000000000000,-,0,0,-,tick
626,6115.483,10.8221,listener,ragdoll,Proventus Avenicci,0001A67D,-,-,0.000,0.000,0.000,0.000,0.000,0.0000,0.000,-311.888,-308.942,-318.000,0.0424,0.9991,0.0000,0.000,0.000,0.000,-,-,-,0000000000000000,-,0,0,-,tick
627,6151.631,10.8222,listener,ragdoll,Proventus Avenicci,0001A67D,-,-,0.000,0.000,0.000,0.000,0.000,0.0000,0.000,-311.888,-308.942,-318.000,0.0424,0.9991,0.0000,0.000,0.000,0.000,-,-,-,0000000000000000,-,0,0,-,tick
628,6170.195,10.8222,listener,ragdoll,Proventus Avenicci,0001A67D,-,-,0.000,0.000,0.000,0.000,0.000,0.0000,0.000,-311.888,-308.942,-318.000,0.0424,0.9991,0.0000,0.000,0.000,0.000,-,-,-,0000000000000000,-,0,0,-,tick
629,6206.886,10.8223,listener,ragdoll,Proventus Avenicci,0001A67D,-,-,0.000,0.000,0.000,0.000,0.000,0.0000,0.000,-311.888,-308.942,-318.000,0.0424,0.9991,0.0000,0.000,0.000,0.000,-,-,-,0000000000000000,-,0,0,-,tick
630,6243.307,10.8224,listener,ragdoll,Proventus Avenicci,0001A67D,-,-,0.000,0.000,0.000,0.000,0.000,0.0000,0.000,-311.888,-308.942,-318.000,0.0424,0.9991,0.0000,0.000,0.000,0.000,-,-,-,0000000000000000,-,0,0,-,tick
631,6280.783,10.8225,listener,ragdoll,Proventus Avenicci,0001A67D,-,-,0.000,0.000,0.000,0.000,0.000,0.0000,0.000,-311.888,-308.942,-318.000,0.0424,0.9991,0.0000,0.000,0.000,0.000,-,-,-,0000000000000000,-,0,0,-,tick
632,6299.484,10.8226,listener,ragdoll,Proventus Avenicci,0001A67D,-,-,0.000,0.000,0.000,0.000,0.000,0.0000,0.000,-311.888,-308.942,-318.000,0.0424,0.9991,0.0000,0.000,0.000,0.000,-,-,-,0000000000000000,-,0,0,-,tick
633,6337.597,10.8227,listener,ragdoll,Proventus Avenicci,0001A67D,-,-,0.000,0.000,0.000,0.000,0.000,0.0000,0.000,-311.888,-308.942,-318.000,0.0424,0.9991,0.0000,0.000,0.000,0.000,-,-,-,0000000000000000,-,0,0,-,tick
634,6375.269,10.8228,listener,ragdoll,Proventus Avenicci,0001A67D,-,-,0.000,0.000,0.000,0.000,0.000,0.0000,0.000,-311.888,-308.942,-318.000,0.0424,0.9991,0.0000,0.000,0.000,0.000,-,-,-,0000000000000000,-,0,0,-,tick
635,6413.408,10.8229,listener,ragdoll,Proventus Avenicci,0001A67D,-,-,0.000,0.000,0.000,0.000,0.000,0.0000,0.000,-311.888,-308.942,-318.000,0.0424,0.9991,0.0000,0.000,0.000,0.000,-,-,-,0000000000000000,-,0,0,-,tick
636,6431.294,10.8229,listener,ragdoll,Proventus Avenicci,0001A67D,-,-,0.000,0.000,0.000,0.000,0.000,0.0000,0.000,-311.888,-308.942,-318.000,0.0424,0.9991,0.0000,0.000,0.000,0.000,-,-,-,0000000000000000,-,0,0,-,tick
637,6468.353,10.8230,listener,ragdoll,Proventus Avenicci,0001A67D,-,-,0.000,0.000,0.000,0.000,0.000,0.0000,0.000,-311.888,-308.942,-318.000,0.0424,0.9991,0.0000,0.000,0.000,0.000,-,-,-,0000000000000000,-,0,0,-,tick
638,6504.633,10.8231,listener,ragdoll,Proventus Avenicci,0001A67D,-,-,0.000,0.000,0.000,0.000,0.000,0.0000,0.000,-311.888,-308.942,-318.000,0.0424,0.9991,0.0000,0.000,0.000,0.000,-,-,-,0000000000000000,-,0,0,-,tick
639,6540.167,10.8232,listener,ragdoll,Proventus Avenicci,0001A67D,-,-,0.000,0.000,0.000,0.000,0.000,0.0000,0.000,-311.888,-308.942,-318.000,0.0424,0.9991,0.0000,0.000,0.000,0.000,-,-,-,0000000000000000,-,0,0,-,tick
640,6558.759,10.8233,listener,ragdoll,Proventus Avenicci,0001A67D,-,-,0.000,0.000,0.000,0.000,0.000,0.0000,0.000,-311.888,-308.942,-318.000,0.0424,0.9991,0.0000,0.000,0.000,0.000,-,-,-,0000000000000000,-,0,0,-,tick
641,6595.936,10.8234,listener,ragdoll,Proventus Avenicci,0001A67D,-,-,0.000,0.000,0.000,0.000,0.000,0.0000,0.000,-311.888,-308.942,-318.000,0.0424,0.9991,0.0000,0.000,0.000,0.000,-,-,-,0000000000000000,-,0,0,-,tick
642,6633.359,10.8235,listener,ragdoll,Proventus Avenicci,0001A67D,-,-,0.000,0.000,0.000,0.000,0.000,0.0000,0.000,-311.888,-308.942,-318.000,0.0424,0.9991,0.0000,0.000,0.000,0.000,-,-,-,0000000000000000,-,0,0,-,tick
643,6671.281,10.8236,listener,ragdoll,Proventus Avenicci,0001A67D,-,-,0.000,0.000,0.000,0.000,0.000,0.0000,0.000,-311.888,-308.942,-318.000,0.0424,0.9991,0.0000,0.000,0.000,0.000,-,-,-,0000000000000000,-,0,0,-,tick
644,6689.124,10.8237,listener,ragdoll,Proventus Avenicci,0001A67D,-,-,0.000,0.000,0.000,0.000,0.000,0.0000,0.000,-311.888,-308.942,-318.000,0.0424,0.9991,0.0000,0.000,0.000,0.000,-,-,-,0000000000000000,-,0,0,-,tick
645,6728.105,10.8238,listener,ragdoll,Proventus Avenicci,0001A67D,-,-,0.000,0.000,0.000,0.000,0.000,0.0000,0.000,-311.888,-308.942,-318.000,0.0424,0.9991,0.0000,0.000,0.000,0.000,-,-,-,0000000000000000,-,0,0,-,tick
646,6763.759,10.8239,listener,ragdoll,Proventus Avenicci,0001A67D,-,-,0.000,0.000,0.000,0.000,0.000,0.0000,0.000,-311.888,-308.942,-318.000,0.0424,0.9991,0.0000,0.000,0.000,0.000,-,-,-,0000000000000000,-,0,0,-,tick
647,6801.340,10.8240,listener,ragdoll,Proventus Avenicci,0001A67D,-,-,0.000,0.000,0.000,0.000,0.000,0.0000,0.000,-311.888,-308.942,-318.000,0.0424,0.9991,0.0000,0.000,0.000,0.000,-,-,-,0000000000000000,-,0,0,-,tick
648,6820.413,10.8240,listener,ragdoll,Proventus Avenicci,0001A67D,-,-,0.000,0.000,0.000,0.000,0.000,0.0000,0.000,-311.888,-308.942,-318.000,0.0424,0.9991,0.0000,0.000,0.000,0.000,-,-,-,0000000000000000,-,0,0,-,tick
0,6848.324,10.8240,state,animated,Proventus Avenicci,0001A67D,-,-,0.000,0.000,0.000,0.000,0.000,0.0000,0.000,0.000,0.000,0.000,0.0000,0.0000,0.0000,0.000,0.000,0.000,-,-,-,0000000000000000,-,0,0,0,session_stop
