seq,t_ms,game_hour,event,phase,actor,actor_id,limb,limb_index,impact_speed,normal_speed,tangent_speed,body_speed,angular_speed,mass,limb_radius,pos_x,pos_y,pos_z,nrm_x,nrm_y,nrm_z,vel_x,vel_y,vel_z,other_layer,other_material,material_source,other_body,other_limb,manifold_first,manifold_last,dropped,state
0,0.906,0.0000,state,unknown,Proventus Avenicci,0001A67D,-,-,0.000,0.000,0.000,0.000,0.000,0.0000,0.000,0.000,0.000,0.000,0.0000,0.0000,0.0000,0.000,0.000,0.000,-,-,-,0000000000000000,-,0,0,-,session_start
1,0.906,0.0000,limb_sample,unknown,Proventus Avenicci,0001A67D,NPC COM [COM ],0,0.000,0.000,0.000,2.142,0.637,50.0000,17.687,-284.131,-124.774,-253.990,0.0000,0.0000,0.0000,-0.195,0.167,-2.127,-,-,-,0000000000000000,-,0,0,-,session_start
2,0.906,0.0000,limb_sample,unknown,Proventus Avenicci,0001A67D,NPC L Thigh [LThg],1,0.000,0.000,0.000,3.624,0.294,6.0000,20.487,-277.694,-126.483,-254.070,0.0000,0.0000,0.0000,-0.101,-2.307,2.793,-,-,-,0000000000000000,-,0,0,-,session_start
3,0.907,0.0000,limb_sample,unknown,Proventus Avenicci,0001A67D,NPC R Thigh [RThg],2,0.000,0.000,0.000,4.511,0.346,6.0000,20.487,-290.668,-124.140,-253.884,0.0000,0.0000,0.0000,-1.310,-2.850,3.242,-,-,-,0000000000000000,-,0,0,-,session_start
4,0.907,0.0000,limb_sample,unknown,Proventus Avenicci,0001A67D,NPC Spine [Spn0],3,0.000,0.000,0.000,1.060,0.289,4.0000,17.297,-283.026,-119.792,-250.085,0.0000,0.0000,0.0000,-0.184,-0.219,-1.021,-,-,-,0000000000000000,-,0,0,-,session_start
5,0.907,0.0000,limb_sample,unknown,Proventus Avenicci,0001A67D,NPC R Calf [RClf],4,0.000,0.000,0.000,6.645,0.192,6.0000,19.675,-293.137,-123.203,-284.915,0.0000,0.0000,0.0000,-1.556,-2.913,5.766,-,-,-,0000000000000000,-,0,0,-,session_start
6,0.907,0.0000,limb_sample,unknown,Proventus Avenicci,0001A67D,NPC L Calf [LClf],5,0.000,0.000,0.000,6.098,0.175,6.0000,19.675,-274.782,-126.436,-285.042,0.0000,0.0000,0.0000,-1.028,-3.467,4.910,-,-,-,0000000000000000,-,0,0,-,session_start
7,0.907,0.0000,limb_sample,unknown,Proventus Avenicci,0001A67D,NPC Spine1 [Spn1],6,0.000,0.000,0.000,0.888,0.204,4.0000,18.878,-283.033,-120.701,-241.347,0.0000,0.0000,0.0000,-0.372,0.432,-0.681,-,-,-,0000000000000000,-,0,0,-,session_start
8,0.907,0.0000,limb_sample,unknown,Proventus Avenicci,0001A67D,NPC L Foot [Lft ],7,0.000,0.000,0.000,2.110,1.386,3.0000,10.011,-272.031,-120.681,-311.654,0.0000,0.0000,0.0000,0.283,-1.761,-1.128,-,-,-,0000000000000000,-,0,0,-,session_start
9,0.908,0.0000,limb_sample,unknown,Proventus Avenicci,0001A67D,NPC R Foot [Rft ],8,0.000,0.000,0.000,3.273,1.648,3.0000,10.011,-293.219,-117.094,-311.628,0.0000,0.0000,0.0000,-1.299,-2.420,-1.781,-,-,-,0000000000000000,-,0,0,-,session_start
10,0.908,0.0000,limb_sample,unknown,Proventus Avenicci,0001A67D,NPC Spine2 [Spn2],9,0.000,0.000,0.000,0.675,0.093,7.0000,23.052,-283.097,-119.348,-231.594,0.0000,0.0000,0.0000,-0.667,-0.097,-0.042,-,-,-,0000000000000000,-,0,0,-,session_start
11,0.908,0.0000,limb_sample,unknown,Proventus Avenicci,0001A67D,NPC L UpperArm [LUar],10,0.000,0.000,0.000,0.917,0.055,2.0000,14.463,-269.929,-119.391,-215.866,0.0000,0.0000,0.0000,-0.572,-0.578,0.423,-,-,-,0000000000000000,-,0,0,-,session_start
12,0.908,0.0000,limb_sample,unknown,Proventus Avenicci,0001A67D,NPC Neck [Neck],11,0.000,0.000,0.000,1.271,0.064,6.0000,8.431,-283.667,-118.861,-209.521,0.0000,0.0000,0.0000,-0.809,-0.979,0.051,-,-,-,0000000000000000,-,0,0,-,session_start
13,0.908,0.0000,limb_sample,unknown,Proventus Avenicci,0001A67D,NPC R UpperArm [RUar],12,0.000,0.000,0.000,0.566,0.059,2.0000,14.463,-295.786,-115.389,-216.629,0.0000,0.0000,0.0000,-0.365,-0.430,-0.051,-,-,-,0000000000000000,-,0,0,-,session_start
14,0.908,0.0000,limb_sample,unknown,Proventus Avenicci,0001A67D,NPC Head [Head],13,0.000,0.000,0.000,1.576,0.076,4.0000,15.108,-283.447,-121.273,-201.133,0.0000,0.0000,0.0000,-0.883,-1.292,-0.186,-,-,-,0000000000000000,-,0,0,-,session_start
15,0.908,0.0000,limb_sample,unknown,Proventus Avenicci,0001A67D,NPC L Forearm [LLar],14,0.000,0.000,0.000,1.010,0.030,2.0000,11.658,-264.153,-119.715,-234.482,0.0000,0.0000,0.0000,-0.824,-0.582,0.051,-,-,-,0000000000000000,-,0,0,-,session_start
16,0.908,0.0000,limb_sample,unknown,Proventus Avenicci,0001A67D,NPC R Forearm [RLar],15,0.000,0.000,0.000,0.565,0.061,6.0000,11.658,-300.341,-113.331,-235.443,0.0000,0.0000,0.0000,0.177,-0.481,-0.237,-,-,-,0000000000000000,-,0,0,-,session_start
17,0.908,0.0000,limb_sample,unknown,Proventus Avenicci,0001A67D,NPC L Hand [LHnd],16,0.000,0.000,0.000,1.247,0.067,4.0000,8.334,-271.444,-130.821,-242.973,0.0000,0.0000,0.0000,-1.173,-0.421,-0.047,-,-,-,0000000000000000,-,0,0,-,session_start
18,0.909,0.0000,limb_sample,unknown,Proventus Avenicci,0001A67D,NPC R Hand [RHnd],17,0.000,0.000,0.000,0.769,0.174,4.0000,8.334,-297.985,-126.736,-243.057,0.0000,0.0000,0.0000,0.586,-0.498,-0.001,-,-,-,0000000000000000,-,0,0,-,session_start
19,828.696,11.0506,state,ragdoll,Proventus Avenicci,0001A67D,-,-,0.000,0.000,0.000,0.000,0.000,0.0000,0.000,0.000,0.000,0.000,0.0000,0.0000,0.0000,0.000,0.000,0.000,-,-,-,0000000000000000,-,0,0,-,ragdoll_start
20,828.696,11.0506,limb_sample,ragdoll,Proventus Avenicci,0001A67D,NPC COM [COM ],0,0.000,0.000,0.000,415.293,0.227,50.0000,17.687,-284.782,-124.912,-254.109,0.0000,0.0000,0.0000,57.733,392.061,124.189,-,-,-,0000000000000000,-,0,0,-,ragdoll_start
21,828.696,11.0506,limb_sample,ragdoll,Proventus Avenicci,0001A67D,NPC L Thigh [LThg],1,0.000,0.000,0.000,342.931,1.442,6.0000,20.487,-278.275,-126.398,-254.226,0.0000,0.0000,0.0000,59.275,330.306,70.615,-,-,-,0000000000000000,-,0,0,-,ragdoll_start
22,828.696,11.0506,limb_sample,ragdoll,Proventus Avenicci,0001A67D,NPC R Thigh [RThg],2,0.000,0.000,0.000,346.510,1.661,6.0000,20.487,-291.173,-124.031,-254.026,0.0000,0.0000,0.0000,44.037,336.421,70.363,-,-,-,0000000000000000,-,0,0,-,ragdoll_start
23,828.696,11.0506,limb_sample,ragdoll,Proventus Avenicci,0001A67D,NPC Spine [Spn0],3,0.000,0.000,0.000,414.669,0.042,4.0000,17.297,-283.670,-119.944,-250.197,0.0000,0.0000,0.0000,56.783,385.830,140.928,-,-,-,0000000000000000,-,0,0,-,ragdoll_start
24,828.696,11.0506,limb_sample,ragdoll,Proventus Avenicci,0001A67D,NPC R Calf [RClf],4,0.000,0.000,0.000,229.774,1.152,6.0000,19.675,-292.946,-121.940,-285.149,0.0000,0.0000,0.0000,29.011,227.676,10.853,-,-,-,0000000000000000,-,0,0,-,ragdoll_start
25,828.696,11.0506,limb_sample,ragdoll,Proventus Avenicci,0001A67D,NPC L Calf [LClf],5,0.000,0.000,0.000,227.369,1.024,6.0000,19.675,-274.993,-125.280,-285.245,0.0000,0.0000,0.0000,43.317,222.917,11.334,-,-,-,0000000000000000,-,0,0,-,ragdoll_start
26,828.696,11.0506,limb_sample,ragdoll,Proventus Avenicci,0001A67D,NPC Spine1 [Spn1],6,0.000,0.000,0.000,414.818,0.034,4.0000,18.878,-283.624,-120.690,-241.479,0.0000,0.0000,0.0000,55.536,378.231,161.029,-,-,-,0000000000000000,-,0,0,-,ragdoll_start
27,828.696,11.0506,limb_sample,ragdoll,Proventus Avenicci,0001A67D,NPC L Foot [Lft ],7,0.000,0.000,0.000,133.041,1.938,3.0000,10.011,-272.032,-120.950,-312.113,0.0000,0.0000,0.0000,20.790,131.183,7.663,-,-,-,0000000000000000,-,0,0,-,ragdoll_start
28,828.696,11.0506,limb_sample,ragdoll,Proventus Avenicci,0001A67D,NPC R Foot [Rft ],8,0.000,0.000,0.000,137.205,3.022,3.0000,10.011,-293.357,-117.323,-312.150,0.0000,0.0000,0.0000,19.299,135.485,9.834,-,-,-,0000000000000000,-,0,0,-,ragdoll_start
29,828.696,11.0506,limb_sample,ragdoll,Proventus Avenicci,0001A67D,NPC Spine2 [Spn2],9,0.000,0.000,0.000,413.381,0.110,7.0000,23.052,-283.719,-119.510,-231.698,0.0000,0.0000,0.0000,53.225,367.263,182.123,-,-,-,0000000000000000,-,0,0,-,ragdoll_start
30,828.696,11.0506,limb_sample,ragdoll,Proventus Avenicci,0001A67D,NPC L UpperArm [LUar],10,0.000,0.000,0.000,414.036,0.057,2.0000,14.463,-270.736,-120.683,-215.889,0.0000,0.0000,0.0000,84.362,366.045,174.127,-,-,-,0000000000000000,-,0,0,-,ragdoll_start
31,828.697,11.0506,limb_sample,ragdoll,Proventus Avenicci,0001A67D,NPC Neck [Neck],11,0.000,0.000,0.000,411.288,0.150,6.0000,8.431,-284.504,-120.784,-209.698,0.0000,0.0000,0.0000,51.201,352.762,205.171,-,-,-,0000000000000000,-,0,0,-,ragdoll_start
32,828.697,11.0506,limb_sample,ragdoll,Proventus Avenicci,0001A67D,NPC R UpperArm [RUar],12,0.000,0.000,0.000,413.794,0.125,2.0000,14.463,-296.639,-116.785,-216.671,0.0000,0.0000,0.0000,24.483,375.994,171.040,-,-,-,0000000000000000,-,0,0,-,ragdoll_start
33,828.697,11.0506,limb_sample,ragdoll,Proventus Avenicci,0001A67D,NPC Head [Head],13,0.000,0.000,0.000,409.976,0.166,4.0000,15.108,-284.559,-123.606,-201.441,0.0000,0.0000,0.0000,51.340,343.952,217.122,-,-,-,0000000000000000,-,0,0,-,ragdoll_start
34,828.697,11.0506,limb_sample,ragdoll,Proventus Avenicci,0001A67D,NPC L Forearm [LLar],14,0.000,0.000,0.000,310.373,0.237,2.0000,11.658,-264.758,-120.135,-234.391,0.0000,0.0000,0.0000,67.050,281.251,112.845,-,-,-,0000000000000000,-,0,0,-,ragdoll_start
35,828.697,11.0506,limb_sample,ragdoll,Proventus Avenicci,0001A67D,NPC R Forearm [RLar],15,0.000,0.000,0.000,310.526,0.141,6.0000,11.658,-300.912,-113.566,-235.330,0.0000,0.0000,0.0000,17.434,289.571,110.775,-,-,-,0000000000000000,-,0,0,-,ragdoll_start
36,828.697,11.0506,limb_sample,ragdoll,Proventus Avenicci,0001A67D,NPC L Hand [LHnd],16,0.000,0.000,0.000,206.118,0.059,4.0000,8.334,-272.116,-131.070,-243.133,0.0000,0.0000,0.0000,40.316,190.391,67.900,-,-,-,0000000000000000,-,0,0,-,ragdoll_start
37,828.697,11.0506,limb_sample,ragdoll,Proventus Avenicci,0001A67D,NPC R Hand [RHnd],17,0.000,0.000,0.000,205.947,0.119,4.0000,8.334,-298.128,-126.766,-243.283,0.0000,0.0000,0.0000,15.985,193.849,67.685,-,-,-,0000000000000000,-,0,0,-,ragdoll_start
38,828.697,11.0506,listener,ragdoll,Proventus Avenicci,0001A67D,-,-,0.000,0.000,0.000,0.000,0.000,0.0000,0.000,-311.888,-308.942,-318.000,0.1924,0.9813,0.0000,0.000,0.000,0.000,-,-,-,0000000000000000,-,0,0,-,ragdoll_start
39,828.698,11.0506,state,ragdoll,Proventus Avenicci,0001A67D,-,-,0.000,0.000,0.000,0.000,0.000,0.0000,0.000,0.000,0.000,0.000,0.0000,0.0000,0.0000,0.000,0.000,0.000,-,-,-,0000000000000000,-,0,0,-,knock_explode_lead_in
40,828.698,11.0506,listener,ragdoll,Proventus Avenicci,0001A67D,-,-,0.000,0.000,0.000,0.000,0.000,0.0000,0.000,-311.888,-308.942,-318.000,0.1924,0.9813,0.0000,0.000,0.000,0.000,-,-,-,0000000000000000,-,0,0,-,knock_explode_lead_in
41,839.718,11.0506,touch,ragdoll,Proventus Avenicci,0001A67D,NPC L Foot [Lft ],7,0.000,0.000,0.000,163.764,8.301,3.0000,10.011,0.000,0.000,0.000,0.0000,0.0000,0.0000,21.469,157.517,39.322,Static,-,-,000001EAE4AAA500,-,0,0,-,
42,839.722,11.0506,touch,ragdoll,Proventus Avenicci,0001A67D,NPC R Thigh [RThg],2,0.000,0.000,0.000,361.344,3.433,6.0000,20.487,0.000,0.000,0.000,0.0000,0.0000,0.0000,49.696,343.393,100.900,DeadBip,-,-,000001EB3A29CA00,1,0,0,-,
43,839.722,11.0506,touch,ragdoll,Proventus Avenicci,0001A67D,NPC L Thigh [LThg],1,0.000,0.000,0.000,359.618,3.148,6.0000,20.487,0.000,0.000,0.000,0.0000,0.0000,0.0000,53.102,341.106,100.758,DeadBip,-,-,000001EB3A29C100,2,0,0,-,
44,839.723,11.0506,touch,ragdoll,Proventus Avenicci,0001A67D,NPC R Thigh [RThg],2,0.000,0.000,0.000,361.344,3.433,6.0000,20.487,0.000,0.000,0.000,0.0000,0.0000,0.0000,49.696,343.393,100.900,DeadBip,-,-,000001EB3A29C700,5,0,0,-,
45,839.723,11.0506,touch,ragdoll,Proventus Avenicci,0001A67D,NPC L Calf [LClf],5,0.000,0.000,0.000,242.752,6.107,6.0000,19.675,0.000,0.000,0.000,0.0000,0.0000,0.0000,35.256,218.687,99.304,DeadBip,-,-,000001EB3A29C100,2,0,0,-,
46,839.725,11.0506,touch,ragdoll,Proventus Avenicci,0001A67D,NPC R Calf [RClf],4,0.000,0.000,0.000,245.762,5.781,6.0000,19.675,0.000,0.000,0.000,0.0000,0.0000,0.0000,33.290,221.770,100.544,DeadBip,-,-,000001EB3A29CA00,1,0,0,-,
47,839.725,11.0506,touch,ragdoll,Proventus Avenicci,0001A67D,NPC L Thigh [LThg],1,0.000,0.000,0.000,359.618,3.148,6.0000,20.487,0.000,0.000,0.000,0.0000,0.0000,0.0000,53.102,341.106,100.758,DeadBip,-,-,000001EB3A29D600,4,0,0,-,
48,839.727,11.0506,touch,ragdoll,Proventus Avenicci,0001A67D,NPC R Foot [Rft ],8,0.000,0.000,0.000,168.902,8.346,3.0000,10.011,0.000,0.000,0.000,0.0000,0.0000,0.0000,24.668,161.562,42.629,Static,-,-,000001EAE4AAA500,-,0,0,-,
49,839.728,11.0506,touch,ragdoll,Proventus Avenicci,0001A67D,NPC R Forearm [RLar],15,0.000,0.000,0.000,286.429,5.097,6.0000,11.658,0.000,0.000,0.000,0.0000,0.0000,0.0000,34.255,258.678,118.126,DeadBip,-,-,000001EB3A29C400,0,0,0,-,
50,839.728,11.0506,touch,ragdoll,Proventus Avenicci,0001A67D,NPC COM [COM ],0,0.000,0.000,0.000,400.324,1.802,50.0000,17.687,0.000,0.000,0.000,0.0000,0.0000,0.0000,57.638,385.969,89.248,DeadBip,-,-,000001EB3A167700,15,0,0,-,
51,839.729,11.0506,touch,ragdoll,Proventus Avenicci,0001A67D,NPC R Forearm [RLar],15,0.000,0.000,0.000,286.429,5.097,6.0000,11.658,0.000,0.000,0.000,0.0000,0.0000,0.0000,34.255,258.678,118.126,DeadBip,-,-,000001EB3A29D000,3,0,0,-,
52,839.729,11.0506,touch,ragdoll,Proventus Avenicci,0001A67D,NPC Spine [Spn0],3,0.000,0.000,0.000,400.444,0.737,4.0000,17.297,0.000,0.000,0.000,0.0000,0.0000,0.0000,57.592,379.151,115.251,DeadBip,-,-,000001EB3A167700,15,0,0,-,
53,839.730,11.0506,touch,ragdoll,Proventus Avenicci,0001A67D,NPC R Forearm [RLar],15,0.000,0.000,0.000,286.429,5.097,6.0000,11.658,0.000,0.000,0.000,0.0000,0.0000,0.0000,34.255,258.678,118.126,DeadBip,-,-,000001EB3A29DF00,6,0,0,-,
54,839.730,11.0506,touch,ragdoll,Proventus Avenicci,0001A67D,NPC Spine1 [Spn1],6,0.000,0.000,0.000,399.502,0.716,4.0000,18.878,0.000,0.000,0.000,0.0000,0.0000,0.0000,57.150,370.834,137.178,DeadBip,-,-,000001EB3A167700,15,0,0,-,
55,839.731,11.0506,touch,ragdoll,Proventus Avenicci,0001A67D,NPC R Forearm [RLar],15,0.000,0.000,0.000,286.429,5.097,6.0000,11.658,0.000,0.000,0.000,0.0000,0.0000,0.0000,34.255,258.678,118.126,DeadBip,-,-,000001EB3A29DC00,9,0,0,-,
56,839.731,11.0506,touch,ragdoll,Proventus Avenicci,0001A67D,NPC Spine2 [Spn2],9,0.000,0.000,0.000,394.481,0.531,7.0000,23.052,0.000,0.000,0.000,0.0000,0.0000,0.0000,52.699,362.712,145.872,DeadBip,-,-,000001EB3A167700,15,0,0,-,
57,839.731,11.0506,touch,ragdoll,Proventus Avenicci,0001A67D,NPC R Hand [RHnd],17,0.000,0.000,0.000,297.830,5.616,4.0000,8.334,0.000,0.000,0.000,0.0000,0.0000,0.0000,-4.331,279.724,102.169,DeadBip,-,-,000001EB3A29C400,0,0,0,-,
58,839.732,11.0506,touch,ragdoll,Proventus Avenicci,0001A67D,NPC COM [COM ],0,0.000,0.000,0.000,400.324,1.802,50.0000,17.687,0.000,0.000,0.000,0.0000,0.0000,0.0000,57.638,385.969,89.248,DeadBip,-,-,000001EB3A167400,17,0,0,-,
59,839.732,11.0506,touch,ragdoll,Proventus Avenicci,0001A67D,NPC R Hand [RHnd],17,0.000,0.000,0.000,297.830,5.616,4.0000,8.334,0.000,0.000,0.000,0.0000,0.0000,0.0000,-4.331,279.724,102.169,DeadBip,-,-,000001EB3A29C100,2,0,0,-,
60,839.732,11.0506,touch,ragdoll,Proventus Avenicci,0001A67D,NPC R Thigh [RThg],2,0.000,0.000,0.000,361.344,3.433,6.0000,20.487,0.000,0.000,0.000,0.0000,0.0000,0.0000,49.696,343.393,100.900,DeadBip,-,-,000001EB3A167400,17,0,0,-,
61,839.733,11.0506,touch,ragdoll,Proventus Avenicci,0001A67D,NPC R Hand [RHnd],17,0.000,0.000,0.000,297.830,5.616,4.0000,8.334,0.000,0.000,0.000,0.0000,0.0000,0.0000,-4.331,279.724,102.169,DeadBip,-,-,000001EB3A29D000,3,0,0,-,
62,839.733,11.0506,touch,ragdoll,Proventus Avenicci,0001A67D,NPC Spine [Spn0],3,0.000,0.000,0.000,400.444,0.737,4.0000,17.297,0.000,0.000,0.000,0.0000,0.0000,0.0000,57.592,379.151,115.251,DeadBip,-,-,000001EB3A167400,17,0,0,-,
63,839.733,11.0506,touch,ragdoll,Proventus Avenicci,0001A67D,NPC R Hand [RHnd],17,0.000,0.000,0.000,297.830,5.616,4.0000,8.334,0.000,0.000,0.000,0.0000,0.0000,0.0000,-4.331,279.724,102.169,DeadBip,-,-,000001EB3A29DF00,6,0,0,-,
64,839.734,11.0506,touch,ragdoll,Proventus Avenicci,0001A67D,NPC Spine1 [Spn1],6,0.000,0.000,0.000,399.502,0.716,4.0000,18.878,0.000,0.000,0.000,0.0000,0.0000,0.0000,57.150,370.834,137.178,DeadBip,-,-,000001EB3A167400,17,0,0,-,
65,839.734,11.0506,touch,ragdoll,Proventus Avenicci,0001A67D,NPC L Forearm [LLar],14,0.000,0.000,0.000,270.557,6.147,2.0000,11.658,0.000,0.000,0.000,0.0000,0.0000,0.0000,18.767,239.569,124.322,DeadBip,-,-,000001EB3A29C400,0,0,0,-,
66,839.734,11.0506,touch,ragdoll,Proventus Avenicci,0001A67D,NPC COM [COM ],0,0.000,0.000,0.000,400.324,1.802,50.0000,17.687,0.000,0.000,0.000,0.0000,0.0000,0.0000,57.638,385.969,89.248,DeadBip,-,-,000001EB3A166E00,14,0,0,-,
67,839.735,11.0506,touch,ragdoll,Proventus Avenicci,0001A67D,NPC L Forearm [LLar],14,0.000,0.000,0.000,270.557,6.147,2.0000,11.658,0.000,0.000,0.000,0.0000,0.0000,0.0000,18.767,239.569,124.322,DeadBip,-,-,000001EB3A29D000,3,0,0,-,
68,839.735,11.0506,touch,ragdoll,Proventus Avenicci,0001A67D,NPC Spine [Spn0],3,0.000,0.000,0.000,400.444,0.737,4.0000,17.297,0.000,0.000,0.000,0.0000,0.0000,0.0000,57.592,379.151,115.251,DeadBip,-,-,000001EB3A166E00,14,0,0,-,
69,839.735,11.0506,touch,ragdoll,Proventus Avenicci,0001A67D,NPC L Forearm [LLar],14,0.000,0.000,0.000,270.557,6.147,2.0000,11.658,0.000,0.000,0.000,0.0000,0.0000,0.0000,18.767,239.569,124.322,DeadBip,-,-,000001EB3A29DF00,6,0,0,-,
70,839.736,11.0506,touch,ragdoll,Proventus Avenicci,0001A67D,NPC Spine1 [Spn1],6,0.000,0.000,0.000,399.502,0.716,4.0000,18.878,0.000,0.000,0.000,0.0000,0.0000,0.0000,57.150,370.834,137.178,DeadBip,-,-,000001EB3A166E00,14,0,0,-,
71,839.736,11.0506,touch,ragdoll,Proventus Avenicci,0001A67D,NPC L Forearm [LLar],14,0.000,0.000,0.000,270.557,6.147,2.0000,11.658,0.000,0.000,0.000,0.0000,0.0000,0.0000,18.767,239.569,124.322,DeadBip,-,-,000001EB3A29DC00,9,0,0,-,
72,839.736,11.0506,touch,ragdoll,Proventus Avenicci,0001A67D,NPC Spine2 [Spn2],9,0.000,0.000,0.000,394.481,0.531,7.0000,23.052,0.000,0.000,0.000,0.0000,0.0000,0.0000,52.699,362.712,145.872,DeadBip,-,-,000001EB3A166E00,14,0,0,-,
73,839.737,11.0506,touch,ragdoll,Proventus Avenicci,0001A67D,NPC L Hand [LHnd],16,0.000,0.000,0.000,274.732,3.948,4.0000,8.334,0.000,0.000,0.000,0.0000,0.0000,0.0000,76.714,245.379,96.859,DeadBip,-,-,000001EB3A29C400,0,0,0,-,
74,839.737,11.0506,touch,ragdoll,Proventus Avenicci,0001A67D,NPC COM [COM ],0,0.000,0.000,0.000,400.324,1.802,50.0000,17.687,0.000,0.000,0.000,0.0000,0.0000,0.0000,57.638,385.969,89.248,DeadBip,-,-,000001EB3A166B00,16,0,0,-,
75,839.737,11.0506,touch,ragdoll,Proventus Avenicci,0001A67D,NPC L Hand [LHnd],16,0.000,0.000,0.000,274.732,3.948,4.0000,8.334,0.000,0.000,0.000,0.0000,0.0000,0.0000,76.714,245.379,96.859,DeadBip,-,-,000001EB3A29CA00,1,0,0,-,
76,839.737,11.0506,touch,ragdoll,Proventus Avenicci,0001A67D,NPC L Thigh [LThg],1,0.000,0.000,0.000,359.618,3.148,6.0000,20.487,0.000,0.000,0.000,0.0000,0.0000,0.0000,53.102,341.106,100.758,DeadBip,-,-,000001EB3A166B00,16,0,0,-,
77,839.738,11.0506,touch,ragdoll,Proventus Avenicci,0001A67D,NPC L Hand [LHnd],16,0.000,0.000,0.000,274.732,3.948,4.0000,8.334,0.000,0.000,0.000,0.0000,0.0000,0.0000,76.714,245.379,96.859,DeadBip,-,-,000001EB3A29D000,3,0,0,-,
78,839.738,11.0506,touch,ragdoll,Proventus Avenicci,0001A67D,NPC Spine [Spn0],3,0.000,0.000,0.000,400.444,0.737,4.0000,17.297,0.000,0.000,0.000,0.0000,0.0000,0.0000,57.592,379.151,115.251,DeadBip,-,-,000001EB3A166B00,16,0,0,-,
79,839.738,11.0506,touch,ragdoll,Proventus Avenicci,0001A67D,NPC L Hand [LHnd],16,0.000,0.000,0.000,274.732,3.948,4.0000,8.334,0.000,0.000,0.000,0.0000,0.0000,0.0000,76.714,245.379,96.859,DeadBip,-,-,000001EB3A29DF00,6,0,0,-,
80,839.739,11.0506,touch,ragdoll,Proventus Avenicci,0001A67D,NPC Spine1 [Spn1],6,0.000,0.000,0.000,399.502,0.716,4.0000,18.878,0.000,0.000,0.000,0.0000,0.0000,0.0000,57.150,370.834,137.178,DeadBip,-,-,000001EB3A166B00,16,0,0,-,
81,840.053,11.0506,impact,ragdoll,Proventus Avenicci,0001A67D,NPC L Forearm [LLar],14,48.321,48.321,191.787,270.274,6.144,2.0000,11.658,-271.542,-118.640,-227.114,0.7512,0.0097,-0.6600,18.748,239.318,124.192,DeadBip,Skin,shape,000001EB3A29DC00,9,1,1,-,
82,840.053,11.0506,impact,ragdoll,Proventus Avenicci,0001A67D,NPC Spine2 [Spn2],9,48.321,-48.321,191.787,394.069,0.531,7.0000,23.052,-271.542,-118.640,-227.114,0.7512,0.0097,-0.6600,52.644,362.332,145.719,DeadBip,Skin,shape,000001EB3A166E00,14,1,1,-,
83,840.055,11.0506,impact,ragdoll,Proventus Avenicci,0001A67D,NPC R Forearm [RLar],15,22.081,22.081,156.099,286.129,5.094,6.0000,11.658,-294.780,-114.520,-227.710,-0.6597,0.2772,-0.6986,34.219,258.407,118.003,DeadBip,Skin,shape,000001EB3A29DC00,9,1,1,-,
84,840.055,11.0506,impact,ragdoll,Proventus Avenicci,0001A67D,NPC Spine2 [Spn2],9,22.081,-22.081,156.099,394.069,0.531,7.0000,23.052,-294.780,-114.520,-227.710,-0.6597,0.2772,-0.6986,52.644,362.332,145.719,DeadBip,Skin,shape,000001EB3A167700,15,1,1,-,
85,848.984,11.0506,state,ragdoll,Proventus Avenicci,0001A67D,-,-,0.000,0.000,0.000,0.000,0.000,0.0000,0.000,0.000,0.000,0.000,0.0000,0.0000,0.0000,0.000,0.000,0.000,-,-,-,0000000000000000,-,0,0,-,knock_explode
86,848.984,11.0506,listener,ragdoll,Proventus Avenicci,0001A67D,-,-,0.000,0.000,0.000,0.000,0.000,0.0000,0.000,-311.888,-308.942,-318.000,0.1924,0.9813,0.0000,0.000,0.000,0.000,-,-,-,0000000000000000,-,0,0,-,knock_explode
87,859.934,11.0506,touch,ragdoll,Proventus Avenicci,0001A67D,NPC L Foot [Lft ],7,0.000,0.000,0.000,195.748,8.479,3.0000,10.011,0.000,0.000,0.000,0.0000,0.0000,0.0000,22.761,189.980,41.312,Static,-,-,000001EA56BED300,-,0,0,-,
88,859.937,11.0506,separate,ragdoll,Proventus Avenicci,0001A67D,NPC R Thigh [RThg],2,0.000,0.000,0.000,333.855,4.026,6.0000,20.487,0.000,0.000,0.000,0.0000,0.0000,0.0000,39.557,317.481,95.395,DeadBip,-,-,000001EB3A29C700,5,0,0,-,
89,859.938,11.0506,separate,ragdoll,Proventus Avenicci,0001A67D,NPC L Calf [LClf],5,0.000,0.000,0.000,227.412,3.897,6.0000,19.675,0.000,0.000,0.000,0.0000,0.0000,0.0000,35.623,204.286,93.353,DeadBip,-,-,000001EB3A29C100,2,0,0,-,
90,859.939,11.0506,touch,ragdoll,Proventus Avenicci,0001A67D,NPC R Foot [Rft ],8,0.000,0.000,0.000,199.506,8.332,3.0000,10.011,0.000,0.000,0.000,0.0000,0.0000,0.0000,34.170,191.839,42.812,Static,-,-,000001EA56BED300,-,0,0,-,
91,860.320,11.0506,separate,ragdoll,Proventus Avenicci,0001A67D,NPC R Calf [RClf],4,0.000,0.000,0.000,233.795,3.761,6.0000,19.675,0.000,0.000,0.000,0.0000,0.0000,0.0000,26.297,210.385,98.523,DeadBip,-,-,000001EB3A29CA00,1,0,0,-,
92,860.320,11.0506,separate,ragdoll,Proventus Avenicci,0001A67D,NPC L Thigh [LThg],1,0.000,0.000,0.000,339.884,4.465,6.0000,20.487,0.000,0.000,0.000,0.0000,0.0000,0.0000,53.981,322.483,92.803,DeadBip,-,-,000001EB3A29D600,4,0,0,-,
93,860.323,11.0506,separate,ragdoll,Proventus Avenicci,0001A67D,NPC L Hand [LHnd],16,0.000,0.000,0.000,285.245,7.344,4.0000,8.334,0.000,0.000,0.000,0.0000,0.0000,0.0000,80.856,257.582,92.080,DeadBip,-,-,000001EB3A29CA00,1,0,0,-,
94,860.323,11.0506,separate,ragdoll,Proventus Avenicci,0001A67D,NPC L Thigh [LThg],1,0.000,0.000,0.000,339.884,4.465,6.0000,20.487,0.000,0.000,0.000,0.0000,0.0000,0.0000,53.981,322.483,92.803,DeadBip,-,-,000001EB3A166B00,16,0,0,-,
95,879.529,11.0508,touch,ragdoll,Proventus Avenicci,0001A67D,NPC R Foot [Rft ],8,0.000,0.000,0.000,205.762,11.895,3.0000,10.011,0.000,0.000,0.000,0.0000,0.0000,0.0000,36.464,197.350,45.405,Static,-,-,000001EAE4998400,-,0,0,-,
96,879.531,11.0508,separate,ragdoll,Proventus Avenicci,0001A67D,NPC R Hand [RHnd],17,0.000,0.000,0.000,293.095,5.895,4.0000,8.334,0.000,0.000,0.000,0.0000,0.0000,0.0000,-3.124,281.274,82.343,DeadBip,-,-,000001EB3A29C100,2,0,0,-,
97,879.532,11.0508,separate,ragdoll,Proventus Avenicci,0001A67D,NPC R Thigh [RThg],2,0.000,0.000,0.000,338.638,3.962,6.0000,20.487,0.000,0.000,0.000,0.0000,0.0000,0.0000,43.768,325.399,82.917,DeadBip,-,-,000001EB3A167400,17,0,0,-,
98,879.533,11.0508,separate,ragdoll,Proventus Avenicci,0001A67D,NPC L Forearm [LLar],14,0.000,0.000,0.000,303.915,5.915,2.0000,11.658,0.000,0.000,0.000,0.0000,0.0000,0.0000,46.184,289.651,79.583,DeadBip,-,-,000001EB3A29C400,0,0,0,-,
99,879.533,11.0508,separate,ragdoll,Proventus Avenicci,0001A67D,NPC COM [COM ],0,0.000,0.000,0.000,390.682,2.448,50.0000,17.687,0.000,0.000,0.000,0.0000,0.0000,0.0000,56.201,380.198,70.162,DeadBip,-,-,000001EB3A166E00,14,0,0,-,
100,879.884,11.0508,impact,ragdoll,Proventus Avenicci,0001A67D,NPC R Foot [Rft ],8,81.720,81.720,268.720,205.552,11.889,3.0000,10.011,-293.914,-111.759,-318.072,-0.0000,-0.5184,0.8552,36.427,197.148,45.359,Static,Carpet,shape,000001EAE4998400,-,1,1,-,
101,879.914,11.0508,separate,ragdoll,Proventus Avenicci,0001A67D,NPC R Foot [Rft ],8,0.000,0.000,0.000,170.961,4.780,3.0000,10.011,0.000,0.000,0.000,0.0000,0.0000,0.0000,30.813,145.758,83.862,Static,-,-,000001EAE4998400,-,0,0,-,
102,879.914,11.0508,separate,ragdoll,Proventus Avenicci,0001A67D,NPC R Forearm [RLar],15,0.000,0.000,0.000,302.267,2.029,6.0000,11.658,0.000,0.000,0.000,0.0000,0.0000,0.0000,31.663,288.301,85.119,DeadBip,-,-,000001EB3A29C400,0,0,0,-,
103,879.914,11.0508,separate,ragdoll,Proventus Avenicci,0001A67D,NPC COM [COM ],0,0.000,0.000,0.000,389.629,0.614,50.0000,17.687,0.000,0.000,0.000,0.0000,0.0000,0.0000,56.972,380.443,61.875,DeadBip,-,-,000001EB3A167700,15,0,0,-,
104,879.916,11.0508,separate,ragdoll,Proventus Avenicci,0001A67D,NPC L Hand [LHnd],16,0.000,0.000,0.000,299.337,4.985,4.0000,8.334,0.000,0.000,0.000,0.0000,0.0000,0.0000,84.933,273.927,85.750,DeadBip,-,-,000001EB3A29C400,0,0,0,-,
105,879.916,11.0508,separate,ragdoll,Proventus Avenicci,0001A67D,NPC COM [COM ],0,0.000,0.000,0.000,389.629,0.614,50.0000,17.687,0.000,0.000,0.000,0.0000,0.0000,0.0000,56.972,380.443,61.875,DeadBip,-,-,000001EB3A166B00,16,0,0,-,
106,888.730,11.0508,listener,ragdoll,Proventus Avenicci,0001A67D,-,-,0.000,0.000,0.000,0.000,0.000,0.0000,0.000,-311.888,-308.942,-318.000,0.1924,0.9813,0.0000,0.000,0.000,0.000,-,-,-,0000000000000000,-,0,0,-,tick
107,899.186,11.0508,touch,ragdoll,Proventus Avenicci,0001A67D,NPC L Foot [Lft ],7,0.000,0.000,0.000,213.039,4.924,3.0000,10.011,0.000,0.000,0.000,0.0000,0.0000,0.0000,36.104,190.249,88.812,Static,-,-,000001EAE4998400,-,0,0,-,
108,899.190,11.0508,separate,ragdoll,Proventus Avenicci,0001A67D,NPC R Hand [RHnd],17,0.000,0.000,0.000,305.626,4.505,4.0000,8.334,0.000,0.000,0.000,0.0000,0.0000,0.0000,-5.347,296.552,73.724,DeadBip,-,-,000001EB3A29C400,0,0,0,-,
109,899.191,11.0508,separate,ragdoll,Proventus Avenicci,0001A67D,NPC COM [COM ],0,0.000,0.000,0.000,381.920,0.497,50.0000,17.687,0.000,0.000,0.000,0.0000,0.0000,0.0000,55.572,375.045,46.001,DeadBip,-,-,000001EB3A167400,17,0,0,-,
110,899.545,11.0508,impact,ragdoll,Proventus Avenicci,0001A67D,NPC L Foot [Lft ],7,42.126,42.126,196.666,212.823,4.922,3.0000,10.011,-270.455,-111.807,-318.105,0.0000,-0.6137,0.7895,36.067,190.056,88.722,Static,Carpet,shape,000001EAE4998400,-,1,1,-,
111,899.574,11.0508,separate,ragdoll,Proventus Avenicci,0001A67D,NPC L Foot [Lft ],7,0.000,0.000,0.000,210.396,6.694,3.0000,10.011,0.000,0.000,0.000,0.0000,0.0000,0.0000,40.494,172.707,113.132,Static,-,-,000001EAE4998400,-,0,0,-,
112,899.576,11.0508,separate,ragdoll,Proventus Avenicci,0001A67D,NPC R Foot [Rft ],8,0.000,0.000,0.000,181.563,4.026,3.0000,10.011,0.000,0.000,0.000,0.0000,0.0000,0.0000,33.067,155.591,87.540,Static,-,-,000001EAE4AAA500,-,0,0,-,
113,908.625,11.0508,listener,ragdoll,Proventus Avenicci,0001A67D,-,-,0.000,0.000,0.000,0.000,0.000,0.0000,0.000,-311.888,-308.942,-318.000,0.1924,0.9813,0.0000,0.000,0.000,0.000,-,-,-,0000000000000000,-,0,0,-,tick
114,919.038,11.0508,separate,ragdoll,Proventus Avenicci,0001A67D,NPC R Foot [Rft ],8,0.000,0.000,0.000,193.529,3.758,3.0000,10.011,0.000,0.000,0.000,0.0000,0.0000,0.0000,35.383,165.402,94.041,Static,-,-,000001EA56BED300,-,0,0,-,
115,919.405,11.0508,separate,ragdoll,Proventus Avenicci,0001A67D,NPC L Foot [Lft ],7,0.000,0.000,0.000,204.981,6.782,3.0000,10.011,0.000,0.000,0.000,0.0000,0.0000,0.0000,42.449,174.109,99.505,Static,-,-,000001EA56BED300,-,0,0,-,
116,919.406,11.0508,separate,ragdoll,Proventus Avenicci,0001A67D,NPC L Foot [Lft ],7,0.000,0.000,0.000,204.981,6.782,3.0000,10.011,0.000,0.000,0.000,0.0000,0.0000,0.0000,42.449,174.109,99.505,Static,-,-,000001EAE4AAA500,-,0,0,-,
117,919.410,11.0508,separate,ragdoll,Proventus Avenicci,0001A67D,NPC L Hand [LHnd],16,0.000,0.000,0.000,313.558,7.885,4.0000,8.334,0.000,0.000,0.000,0.0000,0.0000,0.0000,83.873,294.628,66.920,DeadBip,-,-,000001EB3A29D000,3,0,0,-,
118,919.410,11.0508,separate,ragdoll,Proventus Avenicci,0001A67D,NPC Spine [Spn0],3,0.000,0.000,0.000,360.652,1.767,4.0000,17.297,0.000,0.000,0.000,0.0000,0.0000,0.0000,51.275,356.232,23.225,DeadBip,-,-,000001EB3A166B00,16,0,0,-,
119,938.235,11.0509,touch,ragdoll,Proventus Avenicci,0001A67D,NPC R Foot [Rft ],8,0.000,0.000,0.000,204.724,3.704,3.0000,10.011,0.000,0.000,0.000,0.0000,0.0000,0.0000,37.245,176.966,95.957,Static,-,-,000001EAE4998400,-,0,0,-,
120,938.239,11.0509,separate,ragdoll,Proventus Avenicci,0001A67D,NPC R Hand [RHnd],17,0.000,0.000,0.000,298.991,4.666,4.0000,8.334,0.000,0.000,0.000,0.0000,0.0000,0.0000,-3.723,293.978,54.393,DeadBip,-,-,000001EB3A29D000,3,0,0,-,
121,938.239,11.0509,separate,ragdoll,Proventus Avenicci,0001A67D,NPC Spine [Spn0],3,0.000,0.000,0.000,367.289,2.037,4.0000,17.297,0.000,0.000,0.000,0.0000,0.0000,0.0000,54.902,363.070,8.184,DeadBip,-,-,000001EB3A167400,17,0,0,-,
122,938.240,11.0509,separate,ragdoll,Proventus Avenicci,0001A67D,NPC L Hand [LHnd],16,0.000,0.000,0.000,316.407,7.910,4.0000,8.334,0.000,0.000,0.000,0.0000,0.0000,0.0000,83.845,298.628,62.491,DeadBip,-,-,000001EB3A29DF00,6,0,0,-,
123,938.241,11.0509,separate,ragdoll,Proventus Avenicci,0001A67D,NPC Spine1 [Spn1],6,0.000,0.000,0.000,366.494,0.467,4.0000,18.878,0.000,0.000,0.000,0.0000,0.0000,0.0000,56.445,361.781,15.694,DeadBip,-,-,000001EB3A166B00,16,0,0,-,
124,938.600,11.0509,separate,ragdoll,Proventus Avenicci,0001A67D,NPC R Hand [RHnd],17,0.000,0.000,0.000,305.165,6.408,4.0000,8.334,0.000,0.000,0.000,0.0000,0.0000,0.0000,2.720,301.231,48.765,DeadBip,-,-,000001EB3A29DF00,6,0,0,-,
125,938.600,11.0509,separate,ragdoll,Proventus Avenicci,0001A67D,NPC Spine1 [Spn1],6,0.000,0.000,0.000,348.189,0.237,4.0000,18.878,0.000,0.000,0.000,0.0000,0.0000,0.0000,47.745,344.620,13.896,DeadBip,-,-,000001EB3A167400,17,0,0,-,
126,948.151,11.0509,listener,ragdoll,Proventus Avenicci,0001A67D,-,-,0.000,0.000,0.000,0.000,0.000,0.0000,0.000,-311.888,-308.942,-318.000,0.1924,0.9813,0.0000,0.000,0.000,0.000,-,-,-,0000000000000000,-,0,0,-,tick
127,958.096,11.0509,separate,ragdoll,Proventus Avenicci,0001A67D,NPC R Foot [Rft ],8,0.000,0.000,0.000,204.584,2.952,3.0000,10.011,0.000,0.000,0.000,0.0000,0.0000,0.0000,35.518,181.196,88.097,Static,-,-,000001EAE4998400,-,0,0,-,
128,958.471,11.0509,separate,ragdoll,Proventus Avenicci,0001A67D,NPC R Forearm [RLar],15,0.000,0.000,0.000,316.696,5.421,6.0000,11.658,0.000,0.000,0.000,0.0000,0.0000,0.0000,32.327,313.415,31.975,DeadBip,-,-,000001EB3A29D000,3,0,0,-,
129,958.471,11.0509,separate,ragdoll,Proventus Avenicci,0001A67D,NPC Spine [Spn0],3,0.000,0.000,0.000,367.126,1.313,4.0000,17.297,0.000,0.000,0.000,0.0000,0.0000,0.0000,53.160,362.933,-15.332,DeadBip,-,-,000001EB3A167700,15,0,0,-,
130,958.473,11.0509,separate,ragdoll,Proventus Avenicci,0001A67D,NPC L Forearm [LLar],14,0.000,0.000,0.000,339.635,1.277,2.0000,11.658,0.000,0.000,0.000,0.0000,0.0000,0.0000,86.215,326.269,38.306,DeadBip,-,-,000001EB3A29D000,3,0,0,-,
131,958.473,11.0509,separate,ragdoll,Proventus Avenicci,0001A67D,NPC Spine [Spn0],3,0.000,0.000,0.000,367.126,1.313,4.0000,17.297,0.000,0.000,0.000,0.0000,0.0000,0.0000,53.160,362.933,-15.332,DeadBip,-,-,000001EB3A166E00,14,0,0,-,
132,989.156,11.0510,listener,ragdoll,Proventus Avenicci,0001A67D,-,-,0.000,0.000,0.000,0.000,0.000,0.0000,0.000,-311.888,-308.942,-318.000,0.1924,0.9813,0.0000,0.000,0.000,0.000,-,-,-,0000000000000000,-,0,0,-,tick
133,1008.611,11.0511,listener,ragdoll,Proventus Avenicci,0001A67D,-,-,0.000,0.000,0.000,0.000,0.000,0.0000,0.000,-311.888,-308.942,-318.000,0.1924,0.9813,0.0000,0.000,0.000,0.000,-,-,-,0000000000000000,-,0,0,-,tick
134,1048.916,11.0512,listener,ragdoll,Proventus Avenicci,0001A67D,-,-,0.000,0.000,0.000,0.000,0.000,0.0000,0.000,-311.888,-308.942,-318.000,0.1924,0.9813,0.0000,0.000,0.000,0.000,-,-,-,0000000000000000,-,0,0,-,tick
135,1068.834,11.0513,listener,ragdoll,Proventus Avenicci,0001A67D,-,-,0.000,0.000,0.000,0.000,0.000,0.0000,0.000,-311.888,-308.942,-318.000,0.1924,0.9813,0.0000,0.000,0.000,0.000,-,-,-,0000000000000000,-,0,0,-,tick
136,1080.512,11.0513,separate,ragdoll,Proventus Avenicci,0001A67D,NPC L Forearm [LLar],14,0.000,0.000,0.000,352.061,1.885,2.0000,11.658,0.000,0.000,0.000,0.0000,0.0000,0.0000,65.325,340.533,-60.967,DeadBip,-,-,000001EB3A29DC00,9,0,0,-,
137,1080.512,11.0513,separate,ragdoll,Proventus Avenicci,0001A67D,NPC Spine2 [Spn2],9,0.000,0.000,0.000,366.848,0.597,7.0000,23.052,0.000,0.000,0.000,0.0000,0.0000,0.0000,46.805,354.101,-83.661,DeadBip,-,-,000001EB3A166E00,14,0,0,-,
138,1080.515,11.0513,separate,ragdoll,Proventus Avenicci,0001A67D,NPC L Forearm [LLar],14,0.000,0.000,0.000,352.061,1.885,2.0000,11.658,0.000,0.000,0.000,0.0000,0.0000,0.0000,65.325,340.533,-60.967,DeadBip,-,-,000001EB3A29DF00,6,0,0,-,
139,1080.515,11.0513,separate,ragdoll,Proventus Avenicci,0001A67D,NPC Spine1 [Spn1],6,0.000,0.000,0.000,371.576,0.430,4.0000,18.878,0.000,0.000,0.000,0.0000,0.0000,0.0000,51.535,357.974,-85.249,DeadBip,-,-,000001EB3A166E00,14,0,0,-,
140,1111.233,11.0514,listener,ragdoll,Proventus Avenicci,0001A67D,-,-,0.000,0.000,0.000,0.000,0.000,0.0000,0.000,-311.888,-308.942,-318.000,0.1924,0.9813,0.0000,0.000,0.000,0.000,-,-,-,0000000000000000,-,0,0,-,tick
141,1122.525,11.0514,separate,ragdoll,Proventus Avenicci,0001A67D,NPC R Forearm [RLar],15,0.000,0.000,0.000,347.903,1.294,6.0000,11.658,0.000,0.000,0.000,0.0000,0.0000,0.0000,25.971,337.036,-82.270,DeadBip,-,-,000001EB3A29DF00,6,0,0,-,
142,1122.525,11.0514,separate,ragdoll,Proventus Avenicci,0001A67D,NPC Spine1 [Spn1],6,0.000,0.000,0.000,371.817,0.471,4.0000,18.878,0.000,0.000,0.000,0.0000,0.0000,0.0000,51.882,350.730,-112.002,DeadBip,-,-,000001EB3A167700,15,0,0,-,
143,1154.162,11.0515,listener,ragdoll,Proventus Avenicci,0001A67D,-,-,0.000,0.000,0.000,0.000,0.000,0.0000,0.000,-311.888,-308.942,-318.000,0.1924,0.9813,0.0000,0.000,0.000,0.000,-,-,-,0000000000000000,-,0,0,-,tick
144,1174.835,11.0515,listener,ragdoll,Proventus Avenicci,0001A67D,-,-,0.000,0.000,0.000,0.000,0.000,0.0000,0.000,-311.888,-308.942,-318.000,0.1924,0.9813,0.0000,0.000,0.000,0.000,-,-,-,0000000000000000,-,0,0,-,tick
145,1186.661,11.0515,separate,ragdoll,Proventus Avenicci,0001A67D,NPC R Forearm [RLar],15,0.000,0.000,0.000,356.732,1.457,6.0000,11.658,0.000,0.000,0.000,0.0000,0.0000,0.0000,38.785,328.388,-133.845,DeadBip,-,-,000001EB3A29DC00,9,0,0,-,
146,1186.662,11.0515,separate,ragdoll,Proventus Avenicci,0001A67D,NPC Spine2 [Spn2],9,0.000,0.000,0.000,390.260,0.686,7.0000,23.052,0.000,0.000,0.000,0.0000,0.0000,0.0000,50.714,353.510,-157.360,DeadBip,-,-,000001EB3A167700,15,0,0,-,
147,1216.713,11.0517,listener,ragdoll,Proventus Avenicci,0001A67D,-,-,0.000,0.000,0.000,0.000,0.000,0.0000,0.000,-311.888,-308.942,-318.000,0.1924,0.9813,0.0000,0.000,0.000,0.000,-,-,-,0000000000000000,-,0,0,-,tick
148,1238.448,11.0517,listener,ragdoll,Proventus Avenicci,0001A67D,-,-,0.000,0.000,0.000,0.000,0.000,0.0000,0.000,-311.888,-308.942,-318.000,0.1924,0.9813,0.0000,0.000,0.000,0.000,-,-,-,0000000000000000,-,0,0,-,tick
149,1282.150,11.0518,listener,ragdoll,Proventus Avenicci,0001A67D,-,-,0.000,0.000,0.000,0.000,0.000,0.0000,0.000,-311.888,-308.942,-318.000,0.1924,0.9813,0.0000,0.000,0.000,0.000,-,-,-,0000000000000000,-,0,0,-,tick
150,1293.967,11.0518,touch,ragdoll,Proventus Avenicci,0001A67D,NPC L Foot [Lft ],7,0.000,0.000,0.000,318.052,3.095,3.0000,10.011,0.000,0.000,0.000,0.0000,0.0000,0.0000,46.554,282.060,-139.399,Static,-,-,000001EAE4998400,-,0,0,-,
151,1293.970,11.0518,touch,ragdoll,Proventus Avenicci,0001A67D,NPC L Calf [LClf],5,0.000,0.000,0.000,327.185,1.172,6.0000,19.675,0.000,0.000,0.000,0.0000,0.0000,0.0000,45.617,277.733,-166.834,Static,-,-,000001EAE4998400,-,0,0,-,
152,1302.589,11.0519,listener,ragdoll,Proventus Avenicci,0001A67D,-,-,0.000,0.000,0.000,0.000,0.000,0.0000,0.000,-311.888,-308.942,-318.000,0.1924,0.9813,0.0000,0.000,0.000,0.000,-,-,-,0000000000000000,-,0,0,-,tick
153,1315.277,11.0519,impact,ragdoll,Proventus Avenicci,0001A67D,NPC L Calf [LClf],5,154.598,154.598,266.265,326.838,1.171,6.0000,19.675,-253.951,-14.755,-318.000,0.0000,0.0000,1.0000,45.569,277.438,-166.657,Static,Carpet,shape,000001EAE4998400,-,1,1,-,
154,1315.279,11.0519,impact,ragdoll,Proventus Avenicci,0001A67D,NPC L Foot [Lft ],7,144.763,144.763,258.029,317.714,3.093,3.0000,10.011,-254.931,-18.567,-318.000,-0.0000,0.0000,1.0000,46.504,281.760,-139.251,Static,Carpet,shape,000001EAE4998400,-,1,1,-,
155,1315.332,11.0519,touch,ragdoll,Proventus Avenicci,0001A67D,NPC L Calf [LClf],5,0.000,0.000,0.000,224.253,4.418,6.0000,19.675,0.000,0.000,0.000,0.0000,0.0000,0.0000,48.278,215.553,-38.671,Static,-,-,000001EA56BED300,-,0,0,-,
156,1336.752,11.0520,touch,ragdoll,Proventus Avenicci,0001A67D,NPC R Calf [RClf],4,0.000,0.000,0.000,330.102,1.639,6.0000,19.675,0.000,0.000,0.000,0.0000,0.0000,0.0000,43.585,285.143,-160.502,Static,-,-,000001EAE4998400,-,0,0,-,
157,1345.821,11.0520,listener,ragdoll,Proventus Avenicci,0001A67D,-,-,0.000,0.000,0.000,0.000,0.000,0.0000,0.000,-311.888,-308.942,-318.000,0.1924,0.9813,0.0000,0.000,0.000,0.000,-,-,-,0000000000000000,-,0,0,-,tick
158,1356.929,11.0520,impact,ragdoll,Proventus Avenicci,0001A67D,NPC R Calf [RClf],4,140.616,140.616,264.494,329.751,1.638,6.0000,19.675,-277.382,-4.458,-318.000,0.0000,0.0000,1.0000,43.538,284.840,-160.331,Static,Carpet,shape,000001EAE4998400,-,1,1,-,
159,1356.932,11.0520,impact,ragdoll,Proventus Avenicci,0001A67D,NPC L Calf [LClf],5,38.198,38.198,184.889,240.741,3.863,6.0000,19.675,-256.197,-0.468,-319.707,0.0000,0.0000,1.0000,39.563,229.858,-59.637,Static,Wood,shape,000001EA56BED300,-,0,1,-,
160,1357.422,11.0520,touch,ragdoll,Proventus Avenicci,0001A67D,NPC R Foot [Rft ],8,0.000,0.000,0.000,226.744,14.323,3.0000,10.011,0.000,0.000,0.000,0.0000,0.0000,0.0000,26.081,216.721,-61.355,Static,-,-,000001EAE4998400,-,0,0,-,
161,1367.839,11.0521,listener,ragdoll,Proventus Avenicci,0001A67D,-,-,0.000,0.000,0.000,0.000,0.000,0.0000,0.000,-311.888,-308.942,-318.000,0.1924,0.9813,0.0000,0.000,0.000,0.000,-,-,-,0000000000000000,-,0,0,-,tick
162,1376.865,11.0521,impact,ragdoll,Proventus Avenicci,0001A67D,NPC R Foot [Rft ],8,18.792,18.792,332.591,226.501,14.316,3.0000,10.011,-277.569,-3.992,-318.000,0.0000,0.0000,1.0000,26.053,216.489,-61.289,Static,Carpet,shape,000001EAE4998400,-,1,1,-,
163,1377.241,11.0521,touch,ragdoll,Proventus Avenicci,0001A67D,NPC R Thigh [RThg],2,0.000,0.000,0.000,333.947,6.526,6.0000,20.487,0.000,0.000,0.000,0.0000,0.0000,0.0000,41.266,277.593,-180.998,Static,-,-,000001EAE4998400,-,0,0,-,
164,1377.242,11.0521,touch,ragdoll,Proventus Avenicci,0001A67D,NPC COM [COM ],0,0.000,0.000,0.000,374.838,5.717,50.0000,17.687,0.000,0.000,0.000,0.0000,0.0000,0.0000,40.560,271.352,-255.395,Static,-,-,000001EAE4998400,-,0,0,-,
165,1396.717,11.0522,impact,ragdoll,Proventus Avenicci,0001A67D,NPC COM [COM ],0,260.429,260.429,202.151,374.436,5.714,50.0000,17.687,-259.761,61.024,-318.000,0.0000,0.0000,1.0000,40.516,271.061,-255.122,Static,Carpet,shape,000001EAE4998400,-,1,1,-,
166,1396.720,11.0522,impact,ragdoll,Proventus Avenicci,0001A67D,NPC R Thigh [RThg],2,242.401,242.401,207.699,333.590,6.523,6.0000,20.487,-265.402,57.535,-318.000,0.0000,0.0000,1.0000,41.222,277.296,-180.804,Static,Carpet,shape,000001EAE4998400,-,1,1,-,
167,1396.724,11.0522,impact,ragdoll,Proventus Avenicci,0001A67D,NPC L Calf [LClf],5,6.564,6.564,214.709,255.476,4.055,6.0000,19.675,-251.481,4.371,-319.666,0.0000,0.0000,1.0000,44.719,246.945,-47.813,Static,Wood,shape,000001EA56BED300,-,0,1,-,
168,1397.347,11.0522,touch,ragdoll,Proventus Avenicci,0001A67D,NPC L Forearm [LLar],14,0.000,0.000,0.000,473.124,3.546,2.0000,11.658,0.000,0.000,0.000,0.0000,0.0000,0.0000,44.828,377.824,-281.222,DeadBip,-,-,000001EB3A29CA00,1,0,0,-,
169,1397.347,11.0522,touch,ragdoll,Proventus Avenicci,0001A67D,NPC L Thigh [LThg],1,0.000,0.000,0.000,278.558,3.012,6.0000,20.487,0.000,0.000,0.000,0.0000,0.0000,0.0000,90.245,261.299,34.246,DeadBip,-,-,000001EB3A166E00,14,0,0,-,
170,1397.352,11.0522,touch,ragdoll,Proventus Avenicci,0001A67D,NPC L Hand [LHnd],16,0.000,0.000,0.000,482.745,5.046,4.0000,8.334,0.000,0.000,0.000,0.0000,0.0000,0.0000,48.018,380.229,-293.536,DeadBip,-,-,000001EB3A29CA00,1,0,0,-,
171,1397.352,11.0522,touch,ragdoll,Proventus Avenicci,0001A67D,NPC L Thigh [LThg],1,0.000,0.000,0.000,278.558,3.012,6.0000,20.487,0.000,0.000,0.000,0.0000,0.0000,0.0000,90.245,261.299,34.246,DeadBip,-,-,000001EB3A166B00,16,0,0,-,
172,1397.354,11.0522,touch,ragdoll,Proventus Avenicci,0001A67D,NPC L Forearm [LLar],14,0.000,0.000,0.000,473.124,3.546,2.0000,11.658,0.000,0.000,0.000,0.0000,0.0000,0.0000,44.828,377.824,-281.222,DeadBip,-,-,000001EB3A29DF00,6,0,0,-,
173,1397.354,11.0522,touch,ragdoll,Proventus Avenicci,0001A67D,NPC Spine1 [Spn1],6,0.000,0.000,0.000,450.315,20.601,4.0000,18.878,0.000,0.000,0.000,0.0000,0.0000,0.0000,90.970,406.449,-171.192,DeadBip,-,-,000001EB3A166E00,14,0,0,-,
174,1397.361,11.0522,separate,ragdoll,Proventus Avenicci,0001A67D,NPC L Calf [LClf],5,0.000,0.000,0.000,292.968,4.457,6.0000,19.675,0.000,0.000,0.000,0.0000,0.0000,0.0000,44.176,286.601,41.696,Static,-,-,000001EA56BED300,-,0,0,-,
175,1397.362,11.0522,touch,ragdoll,Proventus Avenicci,0001A67D,NPC L Calf [LClf],5,0.000,0.000,0.000,292.968,4.457,6.0000,19.675,0.000,0.000,0.000,0.0000,0.0000,0.0000,44.176,286.601,41.696,Static,-,-,000001EA56BED300,-,0,0,-,
176,1397.367,11.0522,touch,ragdoll,Proventus Avenicci,0001A67D,NPC COM [COM ],0,0.000,0.000,0.000,223.958,16.215,50.0000,17.687,0.000,0.000,0.000,0.0000,0.0000,0.0000,86.207,204.979,-26.634,Static,-,-,000001EA56BED300,-,0,0,-,
177,1405.859,11.0522,listener,ragdoll,Proventus Avenicci,0001A67D,-,-,0.000,0.000,0.000,0.000,0.000,0.0000,0.000,-311.888,-308.942,-318.000,0.1924,0.9813,0.0000,0.000,0.000,0.000,-,-,-,0000000000000000,-,0,0,-,tick
178,1415.884,11.0522,impact,ragdoll,Proventus Avenicci,0001A67D,NPC COM [COM ],0,15.496,15.496,24.207,223.722,16.206,50.0000,17.687,-257.954,65.774,-319.650,-0.0000,0.0000,1.0000,86.116,204.763,-26.606,Static,Wood,shape,000001EA56BED300,-,1,1,-,
179,1415.892,11.0522,impact,ragdoll,Proventus Avenicci,0001A67D,NPC L Forearm [LLar],14,262.004,262.004,218.430,472.625,3.545,2.0000,11.658,-243.079,60.881,-297.051,0.6159,0.0949,0.7821,44.781,377.426,-280.926,DeadBip,Skin,shape,000001EB3A29CA00,1,1,1,-,
180,1415.892,11.0522,impact,ragdoll,Proventus Avenicci,0001A67D,NPC L Thigh [LThg],1,262.004,-262.004,218.430,278.264,3.011,6.0000,20.487,-243.079,60.881,-297.051,0.6159,0.0949,0.7821,90.150,261.024,34.210,DeadBip,Skin,shape,000001EB3A166E00,14,1,1,-,
181,1415.893,11.0522,impact,ragdoll,Proventus Avenicci,0001A67D,NPC L Forearm [LLar],14,52.758,52.758,223.871,472.625,3.545,2.0000,11.658,-242.984,72.289,-291.550,0.8570,-0.4547,0.2425,44.781,377.426,-280.926,DeadBip,Skin,shape,000001EB3A29DF00,6,1,1,-,
182,1415.893,11.0522,impact,ragdoll,Proventus Avenicci,0001A67D,NPC Spine1 [Spn1],6,52.758,-52.758,223.871,449.840,20.591,4.0000,18.878,-242.984,72.289,-291.550,0.8570,-0.4547,0.2425,90.874,406.021,-171.012,DeadBip,Skin,shape,000001EB3A166E00,14,1,1,-,
183,1415.894,11.0522,impact,ragdoll,Proventus Avenicci,0001A67D,NPC L Hand [LHnd],16,299.685,299.685,109.591,482.237,5.044,4.0000,8.334,-243.848,57.542,-296.915,0.5192,-0.1715,0.8373,47.967,379.828,-293.227,DeadBip,Skin,shape,000001EB3A29CA00,1,1,1,-,
184,1415.895,11.0522,impact,ragdoll,Proventus Avenicci,0001A67D,NPC L Thigh [LThg],1,299.685,-299.685,109.591,278.264,3.011,6.0000,20.487,-243.848,57.542,-296.915,0.5192,-0.1715,0.8373,90.150,261.024,34.210,DeadBip,Skin,shape,000001EB3A166B00,16,1,1,-,
185,1415.932,11.0522,separate,ragdoll,Proventus Avenicci,0001A67D,NPC L Forearm [LLar],14,0.000,0.000,0.000,408.905,12.590,2.0000,11.658,0.000,0.000,0.000,0.0000,0.0000,0.0000,142.723,364.193,-119.153,DeadBip,-,-,000001EB3A29CA00,1,0,0,-,
186,1415.932,11.0522,separate,ragdoll,Proventus Avenicci,0001A67D,NPC L Thigh [LThg],1,0.000,0.000,0.000,246.704,3.148,6.0000,20.487,0.000,0.000,0.000,0.0000,0.0000,0.0000,90.123,229.609,4.544,DeadBip,-,-,000001EB3A166E00,14,0,0,-,
187,1415.935,11.0522,separate,ragdoll,Proventus Avenicci,0001A67D,NPC L Forearm [LLar],14,0.000,0.000,0.000,408.905,12.590,2.0000,11.658,0.000,0.000,0.000,0.0000,0.0000,0.0000,142.723,364.193,-119.153,DeadBip,-,-,000001EB3A29DF00,6,0,0,-,
188,1415.935,11.0522,separate,ragdoll,Proventus Avenicci,0001A67D,NPC Spine1 [Spn1],6,0.000,0.000,0.000,471.990,13.704,4.0000,18.878,0.000,0.000,0.000,0.0000,0.0000,0.0000,78.225,412.606,-215.433,DeadBip,-,-,000001EB3A166E00,14,0,0,-,
189,1415.941,11.0522,touch,ragdoll,Proventus Avenicci,0001A67D,NPC L Foot [Lft ],7,0.000,0.000,0.000,209.905,9.010,3.0000,10.011,0.000,0.000,0.000,0.0000,0.0000,0.0000,48.906,202.660,-24.442,Static,-,-,000001EA56BED300,-,0,0,-,
190,1415.943,11.0522,touch,ragdoll,Proventus Avenicci,0001A67D,NPC L Thigh [LThg],1,0.000,0.000,0.000,246.704,3.148,6.0000,20.487,0.000,0.000,0.000,0.0000,0.0000,0.0000,90.123,229.609,4.544,Static,-,-,000001EAE4998400,-,0,0,-,
191,1416.264,11.0522,impact,ragdoll,Proventus Avenicci,0001A67D,NPC L Foot [Lft ],7,13.766,13.766,253.816,209.684,9.005,3.0000,10.011,-249.513,6.927,-319.650,-0.0000,0.0000,1.0000,48.855,202.446,-24.416,Static,Wood,shape,000001EA56BED300,-,1,1,-,
192,1426.103,11.0523,listener,ragdoll,Proventus Avenicci,0001A67D,-,-,0.000,0.000,0.000,0.000,0.000,0.0000,0.000,-311.888,-308.942,-318.000,0.1924,0.9813,0.0000,0.000,0.000,0.000,-,-,-,0000000000000000,-,0,0,-,tick
193,1434.503,11.0523,separate,ragdoll,Proventus Avenicci,0001A67D,NPC L Hand [LHnd],16,0.000,0.000,0.000,421.048,14.798,4.0000,8.334,0.000,0.000,0.000,0.0000,0.0000,0.0000,215.517,358.061,-51.248,DeadBip,-,-,000001EB3A29CA00,1,0,0,-,
194,1434.503,11.0523,separate,ragdoll,Proventus Avenicci,0001A67D,NPC L Thigh [LThg],1,0.000,0.000,0.000,251.896,3.488,6.0000,20.487,0.000,0.000,0.000,0.0000,0.0000,0.0000,72.559,238.747,-34.450,DeadBip,-,-,000001EB3A166B00,16,0,0,-,
195,1434.506,11.0523,touch,ragdoll,Proventus Avenicci,0001A67D,NPC R Hand [RHnd],17,0.000,0.000,0.000,492.780,7.540,4.0000,8.334,0.000,0.000,0.000,0.0000,0.0000,0.0000,61.153,375.700,-312.957,DeadBip,-,-,000001EB3A29C100,2,0,0,-,
196,1434.506,11.0523,touch,ragdoll,Proventus Avenicci,0001A67D,NPC R Thigh [RThg],2,0.000,0.000,0.000,220.906,1.285,6.0000,20.487,0.000,0.000,0.000,0.0000,0.0000,0.0000,65.065,208.049,-35.800,DeadBip,-,-,000001EB3A167400,17,0,0,-,
197,1434.511,11.0523,touch,ragdoll,Proventus Avenicci,0001A67D,NPC R Calf [RClf],4,0.000,0.000,0.000,212.656,2.451,6.0000,19.675,0.000,0.000,0.000,0.0000,0.0000,0.0000,27.691,210.009,-18.767,Static,-,-,000001EA56BED300,-,0,0,-,
198,1434.829,11.0523,impact,ragdoll,Proventus Avenicci,0001A67D,NPC R Hand [RHnd],17,98.050,98.050,372.016,492.264,7.536,4.0000,8.334,-268.551,65.515,-301.861,-0.8438,0.1890,0.5022,61.089,375.307,-312.630,DeadBip,Skin,shape,000001EB3A29C100,2,1,1,-,
199,1434.830,11.0523,impact,ragdoll,Proventus Avenicci,0001A67D,NPC R Thigh [RThg],2,98.050,-98.050,372.016,220.675,1.284,6.0000,20.487,-268.551,65.515,-301.861,-0.8438,0.1890,0.5022,64.997,207.831,-35.762,DeadBip,Skin,shape,000001EB3A167400,17,1,1,-,
200,1434.862,11.0523,separate,ragdoll,Proventus Avenicci,0001A67D,NPC R Hand [RHnd],17,0.000,0.000,0.000,473.281,10.861,4.0000,8.334,0.000,0.000,0.000,0.0000,0.0000,0.0000,-30.109,391.041,-264.907,DeadBip,-,-,000001EB3A29C100,2,0,0,-,
201,1434.862,11.0523,separate,ragdoll,Proventus Avenicci,0001A67D,NPC R Thigh [RThg],2,0.000,0.000,0.000,192.541,0.757,6.0000,20.487,0.000,0.000,0.000,0.0000,0.0000,0.0000,56.479,181.612,-29.986,DeadBip,-,-,000001EB3A167400,17,0,0,-,
202,1434.866,11.0523,touch,ragdoll,Proventus Avenicci,0001A67D,NPC R Foot [Rft ],8,0.000,0.000,0.000,187.146,9.991,3.0000,10.011,0.000,0.000,0.000,0.0000,0.0000,0.0000,1.565,187.101,3.789,Static,-,-,000001EA56BED300,-,0,0,-,
203,1434.867,11.0523,touch,ragdoll,Proventus Avenicci,0001A67D,NPC Spine [Spn0],3,0.000,0.000,0.000,270.740,8.538,4.0000,17.297,0.000,0.000,0.000,0.0000,0.0000,0.0000,93.183,231.694,-104.569,Static,-,-,000001EAE4998400,-,0,0,-,
204,1453.464,11.0523,impact,ragdoll,Proventus Avenicci,0001A67D,NPC Spine [Spn0],3,119.777,119.777,145.402,270.463,8.533,4.0000,17.297,-247.953,80.758,-318.000,0.0000,0.0000,1.0000,93.088,231.458,-104.463,Static,Carpet,shape,000001EAE4998400,-,1,1,-,
205,1453.526,11.0523,touch,ragdoll,Proventus Avenicci,0001A67D,NPC Spine1 [Spn1],6,0.000,0.000,0.000,305.478,10.674,4.0000,18.878,0.000,0.000,0.000,0.0000,0.0000,0.0000,71.051,268.604,-126.968,Static,-,-,000001EAE4998400,-,0,0,-,
206,1453.913,11.0523,impact,ragdoll,Proventus Avenicci,0001A67D,NPC COM [COM ],0,40.384,40.384,228.847,213.090,2.702,50.0000,17.687,-248.242,75.855,-318.000,0.0000,0.0000,1.0000,79.082,194.016,-38.873,Static,Carpet,shape,000001EAE4998400,-,0,1,-,
207,1453.919,11.0523,impact,ragdoll,Proventus Avenicci,0001A67D,NPC Spine1 [Spn1],6,123.743,123.743,128.194,305.166,10.669,4.0000,18.878,-253.944,93.257,-318.000,0.0000,-0.0000,1.0000,70.979,268.329,-126.838,Static,Carpet,shape,000001EAE4998400,-,1,1,-,
208,1453.920,11.0523,impact,ragdoll,Proventus Avenicci,0001A67D,NPC L Foot [Lft ],7,70.257,70.257,252.578,223.261,5.810,3.0000,10.011,-244.412,11.884,-319.720,0.0000,0.0000,1.0000,31.080,215.295,-50.274,Static,Wood,shape,000001EA56BED300,-,0,1,-,
209,1463.211,11.0524,listener,ragdoll,Proventus Avenicci,0001A67D,-,-,0.000,0.000,0.000,0.000,0.000,0.0000,0.000,-311.888,-308.942,-318.000,0.1924,0.9813,0.0000,0.000,0.000,0.000,-,-,-,0000000000000000,-,0,0,-,tick
210,1471.985,11.0524,impact,ragdoll,Proventus Avenicci,0001A67D,NPC R Thigh [RThg],2,6.288,6.288,43.651,185.746,0.985,6.0000,20.487,-251.228,54.687,-306.065,-0.9416,0.3247,-0.0888,59.649,175.885,-2.850,DeadBip,Skin,shape,000001EB3A29CA00,1,0,1,-,
211,1471.986,11.0524,impact,ragdoll,Proventus Avenicci,0001A67D,NPC L Thigh [LThg],1,6.288,-6.288,43.651,211.457,1.908,6.0000,20.487,-251.228,54.687,-306.065,-0.9416,0.3247,-0.0888,59.055,202.889,7.918,DeadBip,Skin,shape,000001EB3A29C100,2,0,1,-,
212,1472.045,11.0524,touch,ragdoll,Proventus Avenicci,0001A67D,NPC Spine1 [Spn1],6,0.000,0.000,0.000,269.463,13.136,4.0000,18.878,0.000,0.000,0.000,0.0000,0.0000,0.0000,92.827,217.068,-129.905,Static,-,-,000001EA56BED300,-,0,0,-,
213,1472.047,11.0524,touch,ragdoll,Proventus Avenicci,0001A67D,NPC Spine2 [Spn2],9,0.000,0.000,0.000,409.041,11.551,7.0000,23.052,0.000,0.000,0.000,0.0000,0.0000,0.0000,47.998,299.258,-274.692,Static,-,-,000001EAE4998400,-,0,0,-,
214,1472.434,11.0524,impact,ragdoll,Proventus Avenicci,0001A67D,NPC Spine1 [Spn1],6,108.433,108.433,55.021,269.195,13.129,4.0000,18.878,-252.215,97.602,-319.650,0.0000,-0.0000,1.0000,92.734,216.852,-129.775,Static,Wood,shape,000001EA56BED300,-,1,1,-,
215,1472.438,11.0524,impact,ragdoll,Proventus Avenicci,0001A67D,NPC Spine2 [Spn2],9,273.041,273.041,129.027,408.633,11.546,7.0000,23.052,-252.420,110.305,-318.000,0.0000,0.0000,1.0000,47.951,298.960,-274.418,Static,Carpet,shape,000001EAE4998400,-,1,1,-,
216,1472.485,11.0524,touch,ragdoll,Proventus Avenicci,0001A67D,NPC R Forearm [RLar],15,0.000,0.000,0.000,461.379,8.567,6.0000,11.658,0.000,0.000,0.000,0.0000,0.0000,0.0000,36.153,367.359,-276.787,Static,-,-,000001EAE4998400,-,0,0,-,
217,1472.489,11.0524,separate,ragdoll,Proventus Avenicci,0001A67D,NPC Spine2 [Spn2],9,0.000,0.000,0.000,251.832,18.935,7.0000,23.052,0.000,0.000,0.000,0.0000,0.0000,0.0000,53.674,245.360,-18.358,Static,-,-,000001EAE4998400,-,0,0,-,
218,1472.490,11.0524,touch,ragdoll,Proventus Avenicci,0001A67D,NPC Spine2 [Spn2],9,0.000,0.000,0.000,251.832,18.935,7.0000,23.052,0.000,0.000,0.000,0.0000,0.0000,0.0000,53.674,245.360,-18.358,Static,-,-,000001EAE4998400,-,0,0,-,
219,1472.492,11.0524,touch,ragdoll,Proventus Avenicci,0001A67D,NPC R Hand [RHnd],17,0.000,0.000,0.000,499.537,9.996,4.0000,8.334,0.000,0.000,0.000,0.0000,0.0000,0.0000,-22.222,401.413,-296.496,Static,-,-,000001EAE4998400,-,0,0,-,
220,1472.493,11.0524,touch,ragdoll,Proventus Avenicci,0001A67D,NPC Spine2 [Spn2],9,0.000,0.000,0.000,251.832,18.935,7.0000,23.052,0.000,0.000,0.000,0.0000,0.0000,0.0000,53.674,245.360,-18.358,Static,-,-,000001EA56BED300,-,0,0,-,
221,1472.494,11.0524,touch,ragdoll,Proventus Avenicci,0001A67D,NPC R UpperArm [RUar],12,0.000,0.000,0.000,290.402,17.584,2.0000,14.463,0.000,0.000,0.000,0.0000,0.0000,0.0000,57.490,276.800,-66.405,Static,-,-,000001EAE4998400,-,0,0,-,
222,1491.205,11.0525,impact,ragdoll,Proventus Avenicci,0001A67D,NPC R UpperArm [RUar],12,144.880,144.880,488.374,290.122,17.575,2.0000,14.463,-270.728,109.651,-318.000,-0.0000,-0.0000,1.0000,57.434,276.534,-66.341,Static,Carpet,shape,000001EAE4998400,-,1,1,-,
223,1491.207,11.0525,impact,ragdoll,Proventus Avenicci,0001A67D,NPC R Forearm [RLar],15,302.923,302.923,396.155,460.935,8.563,6.0000,11.658,-278.067,92.637,-318.000,0.0000,-0.0000,1.0000,36.118,367.005,-276.521,Static,Carpet,shape,000001EAE4998400,-,1,1,-,
224,1491.208,11.0525,impact,ragdoll,Proventus Avenicci,0001A67D,NPC R Hand [RHnd],17,296.490,296.490,348.489,499.056,9.991,4.0000,8.334,-279.766,87.892,-318.000,0.0000,-0.0000,1.0000,-22.201,401.027,-296.211,Static,Carpet,shape,000001EAE4998400,-,1,1,-,
225,1491.263,11.0525,separate,ragdoll,Proventus Avenicci,0001A67D,NPC R Forearm [RLar],15,0.000,0.000,0.000,356.378,1.997,6.0000,11.658,0.000,0.000,0.000,0.0000,0.0000,0.0000,33.629,354.727,6.545,Static,-,-,000001EAE4998400,-,0,0,-,
226,1491.579,11.0525,impact,ragdoll,Proventus Avenicci,0001A67D,NPC Spine2 [Spn2],9,77.688,77.688,175.499,245.034,16.064,7.0000,23.052,-245.453,115.272,-318.000,0.0000,-0.0000,1.0000,40.446,238.337,-40.016,Static,Carpet,shape,000001EAE4998400,-,0,1,-,
227,1491.609,11.0525,separate,ragdoll,Proventus Avenicci,0001A67D,NPC R Thigh [RThg],2,0.000,0.000,0.000,186.562,1.275,6.0000,20.487,0.000,0.000,0.000,0.0000,0.0000,0.0000,51.441,174.357,41.938,Static,-,-,000001EAE4998400,-,0,0,-,
228,1491.612,11.0525,touch,ragdoll,Proventus Avenicci,0001A67D,NPC R Forearm [RLar],15,0.000,0.000,0.000,280.321,5.278,6.0000,11.658,0.000,0.000,0.000,0.0000,0.0000,0.0000,-1.450,279.100,26.093,Static,-,-,000001EAE4998400,-,0,0,-,
229,1491.614,11.0525,separate,ragdoll,Proventus Avenicci,0001A67D,NPC Spine1 [Spn1],6,0.000,0.000,0.000,205.629,11.812,4.0000,18.878,0.000,0.000,0.000,0.0000,0.0000,0.0000,83.375,125.173,140.227,Static,-,-,000001EA56BED300,-,0,0,-,
230,1491.616,11.0525,separate,ragdoll,Proventus Avenicci,0001A67D,NPC R Hand [RHnd],17,0.000,0.000,0.000,385.398,38.364,4.0000,8.334,0.000,0.000,0.000,0.0000,0.0000,0.0000,-16.365,385.048,1.435,Static,-,-,000001EAE4998400,-,0,0,-,
231,1491.617,11.0525,touch,ragdoll,Proventus Avenicci,0001A67D,NPC R Hand [RHnd],17,0.000,0.000,0.000,385.398,38.364,4.0000,8.334,0.000,0.000,0.000,0.0000,0.0000,0.0000,-16.365,385.048,1.435,Static,-,-,000001EAE4998400,-,0,0,-,
232,1501.254,11.0525,listener,ragdoll,Proventus Avenicci,0001A67D,-,-,0.000,0.000,0.000,0.000,0.000,0.0000,0.000,-311.888,-308.942,-318.000,0.1924,0.9813,0.0000,0.000,0.000,0.000,-,-,-,0000000000000000,-,0,0,-,tick
233,1510.578,11.0525,impact,ragdoll,Proventus Avenicci,0001A67D,NPC R Forearm [RLar],15,6.265,6.265,312.422,280.051,5.275,6.0000,11.658,-277.611,99.175,-318.000,0.0000,-0.0000,1.0000,-1.449,278.831,26.068,Static,Carpet,shape,000001EAE4998400,-,1,1,-,
234,1510.628,11.0525,separate,ragdoll,Proventus Avenicci,0001A67D,NPC COM [COM ],0,0.000,0.000,0.000,188.803,5.184,50.0000,17.687,0.000,0.000,0.000,0.0000,0.0000,0.0000,64.106,176.451,20.056,Static,-,-,000001EA56BED300,-,0,0,-,
235,1510.632,11.0525,touch,ragdoll,Proventus Avenicci,0001A67D,NPC R Forearm [RLar],15,0.000,0.000,0.000,293.105,16.621,6.0000,11.658,0.000,0.000,0.000,0.0000,0.0000,0.0000,-9.851,291.207,31.818,Static,-,-,000001EA56BED300,-,0,0,-,
236,1510.644,11.0525,touch,ragdoll,Proventus Avenicci,0001A67D,NPC R Hand [RHnd],17,0.000,0.000,0.000,325.822,19.421,4.0000,8.334,0.000,0.000,0.000,0.0000,0.0000,0.0000,-30.654,324.349,4.237,Static,-,-,000001EA56BED300,-,0,0,-,
237,1510.646,11.0525,touch,ragdoll,Proventus Avenicci,0001A67D,NPC L UpperArm [LUar],10,0.000,0.000,0.000,259.317,18.461,2.0000,14.463,0.000,0.000,0.000,0.0000,0.0000,0.0000,87.132,232.030,-76.260,Static,-,-,000001EAE4998400,-,0,0,-,
238,1510.649,11.0525,touch,ragdoll,Proventus Avenicci,0001A67D,NPC L Forearm [LLar],14,0.000,0.000,0.000,383.101,9.332,2.0000,11.658,0.000,0.000,0.000,0.0000,0.0000,0.0000,157.947,309.619,-161.107,Static,-,-,000001EA6640D000,-,0,0,-,
239,1510.958,11.0525,impact,ragdoll,Proventus Avenicci,0001A67D,NPC L UpperArm [LUar],10,136.397,136.397,267.152,259.068,18.452,2.0000,14.463,-223.753,116.539,-318.000,0.0000,-0.0000,1.0000,87.048,231.807,-76.186,Static,Carpet,shape,000001EAE4998400,-,1,1,-,
240,1510.972,11.0525,impact,ragdoll,Proventus Avenicci,0001A67D,NPC L Forearm [LLar],14,203.618,203.618,351.284,382.732,9.327,2.0000,11.658,-212.725,108.543,-304.258,-0.9835,-0.1810,0.0000,157.795,309.321,-160.952,Static,Stone,shape,000001EA6640D000,-,1,0,-,
241,1510.973,11.0525,impact,ragdoll,Proventus Avenicci,0001A67D,NPC L Forearm [LLar],14,203.618,203.618,351.284,382.732,9.327,2.0000,11.658,-212.725,108.543,-304.258,-0.9835,-0.1810,0.0000,157.795,309.321,-160.952,Static,Stone,shape,000001EA6640D000,-,0,1,-,
242,1510.973,11.0525,impact,ragdoll,Proventus Avenicci,0001A67D,NPC R Forearm [RLar],15,9.582,9.582,323.184,292.823,16.613,6.0000,11.658,-277.862,101.951,-319.650,0.0000,-0.0000,1.0000,-9.842,290.926,31.788,Static,Wood,shape,000001EA56BED300,-,1,1,-,
243,1511.003,11.0525,separate,ragdoll,Proventus Avenicci,0001A67D,NPC R Hand [RHnd],17,0.000,0.000,0.000,277.346,16.355,4.0000,8.334,0.000,0.000,0.000,0.0000,0.0000,0.0000,-48.933,272.988,2.084,Static,-,-,000001EA56BED300,-,0,0,-,
244,1511.004,11.0525,separate,ragdoll,Proventus Avenicci,0001A67D,NPC Spine2 [Spn2],9,0.000,0.000,0.000,284.410,1.162,7.0000,23.052,0.000,0.000,0.000,0.0000,0.0000,0.0000,60.833,276.754,24.404,Static,-,-,000001EA56BED300,-,0,0,-,
245,1511.006,11.0525,separate,ragdoll,Proventus Avenicci,0001A67D,NPC L Forearm [LLar],14,0.000,0.000,0.000,202.256,17.641,2.0000,11.658,0.000,0.000,0.000,0.0000,0.0000,0.0000,-13.636,197.060,-43.461,Static,-,-,000001EA6640D000,-,0,0,-,
246,1529.988,11.0526,separate,ragdoll,Proventus Avenicci,0001A67D,NPC Spine1 [Spn1],6,0.000,0.000,0.000,302.952,6.691,4.0000,18.878,0.000,0.000,0.000,0.0000,0.0000,0.0000,69.426,288.985,58.717,Static,-,-,000001EAE4998400,-,0,0,-,
247,1529.990,11.0526,touch,ragdoll,Proventus Avenicci,0001A67D,NPC L Forearm [LLar],14,0.000,0.000,0.000,144.467,15.300,2.0000,11.658,0.000,0.000,0.000,0.0000,0.0000,0.0000,-0.779,140.995,-31.474,Static,-,-,000001EAE4998400,-,0,0,-,
248,1530.004,11.0526,touch,ragdoll,Proventus Avenicci,0001A67D,NPC Head [Head],13,0.000,0.000,0.000,476.878,50.383,4.0000,15.108,0.000,0.000,0.000,0.0000,0.0000,0.0000,90.422,265.996,-385.334,Static,-,-,000001EAE490E500,-,0,0,-,
249,1530.342,11.0526,impact,ragdoll,Proventus Avenicci,0001A67D,NPC Head [Head],13,372.624,372.624,484.484,476.427,50.264,4.0000,15.108,-248.114,149.857,-318.000,0.0000,0.0000,1.0000,90.336,265.745,-384.970,Static,Carpet,shape,000001EAE490E500,-,1,1,-,
250,1530.343,11.0526,impact,ragdoll,Proventus Avenicci,0001A67D,NPC L Forearm [LLar],14,19.821,19.821,170.357,144.331,15.293,2.0000,11.658,-221.689,114.573,-318.000,0.0000,-0.0000,1.0000,-0.778,140.861,-31.444,Static,Carpet,shape,000001EAE4998400,-,1,1,-,
251,1530.377,11.0526,touch,ragdoll,Proventus Avenicci,0001A67D,NPC R Thigh [RThg],2,0.000,0.000,0.000,202.755,3.303,6.0000,20.487,0.000,0.000,0.000,0.0000,0.0000,0.0000,56.146,194.380,13.169,Static,-,-,000001EAE4998400,-,0,0,-,
252,1530.414,11.0526,touch,ragdoll,Proventus Avenicci,0001A67D,NPC L Forearm [LLar],14,0.000,0.000,0.000,211.593,10.968,2.0000,11.658,0.000,0.000,0.000,0.0000,0.0000,0.0000,69.060,199.336,-16.359,Static,-,-,000001EA6640D000,-,0,0,-,
253,1530.425,11.0526,touch,ragdoll,Proventus Avenicci,0001A67D,NPC L Hand [LHnd],16,0.000,0.000,0.000,310.492,10.064,4.0000,8.334,0.000,0.000,0.000,0.0000,0.0000,0.0000,164.674,250.846,-79.773,Static,-,-,000001EA6640D000,-,0,0,-,
254,1539.935,11.0526,listener,ragdoll,Proventus Avenicci,0001A67D,-,-,0.000,0.000,0.000,0.000,0.000,0.0000,0.000,-311.888,-308.942,-318.000,0.1924,0.9813,0.0000,0.000,0.000,0.000,-,-,-,0000000000000000,-,0,0,-,tick
255,1550.540,11.0526,impact,ragdoll,Proventus Avenicci,0001A67D,NPC L Forearm [LLar],14,103.646,103.646,253.602,211.391,10.963,2.0000,11.658,-212.667,108.494,-303.583,-1.0000,0.0000,0.0000,68.994,199.146,-16.344,Static,Stone,shape,000001EA6640D000,-,1,0,-,
256,1550.541,11.0526,impact,ragdoll,Proventus Avenicci,0001A67D,NPC L Forearm [LLar],14,247.330,247.330,117.833,211.391,10.963,2.0000,11.658,-212.667,108.494,-303.583,-0.7071,-0.7071,0.0000,68.994,199.146,-16.344,Static,Stone,shape,000001EA6640D000,-,0,0,-,
257,1550.542,11.0526,impact,ragdoll,Proventus Avenicci,0001A67D,NPC L Forearm [LLar],14,193.018,193.018,194.424,211.391,10.963,2.0000,11.658,-212.667,108.494,-303.583,-0.8174,-0.3213,0.4781,68.994,199.146,-16.344,Static,Stone,shape,000001EA6640D000,-,0,0,-,
258,1550.542,11.0526,impact,ragdoll,Proventus Avenicci,0001A67D,NPC L Forearm [LLar],14,193.018,193.018,194.424,211.391,10.963,2.0000,11.658,-212.667,108.494,-303.583,-0.8174,-0.3213,0.4781,68.994,199.146,-16.344,Static,Stone,shape,000001EA6640D000,-,0,0,-,
259,1550.542,11.0526,impact,ragdoll,Proventus Avenicci,0001A67D,NPC L Forearm [LLar],14,140.873,140.873,234.971,211.391,10.963,2.0000,11.658,-212.667,108.494,-303.583,-0.9877,-0.1564,0.0000,68.994,199.146,-16.344,Static,Stone,shape,000001EA6640D000,-,0,1,-,
260,1550.544,11.0526,impact,ragdoll,Proventus Avenicci,0001A67D,NPC L Hand [LHnd],16,180.576,180.576,261.732,310.196,10.059,4.0000,8.334,-209.051,105.097,-303.424,-0.2556,-0.2556,0.9324,164.517,250.607,-79.697,Static,Stone,shape,000001EA6640D000,-,1,0,-,
261,1550.544,11.0526,impact,ragdoll,Proventus Avenicci,0001A67D,NPC L Hand [LHnd],16,180.576,180.576,261.732,310.196,10.059,4.0000,8.334,-209.051,105.097,-303.424,-0.2556,-0.2556,0.9324,164.517,250.607,-79.697,Static,Stone,shape,000001EA6640D000,-,0,1,-,
262,1550.633,11.0526,separate,ragdoll,Proventus Avenicci,0001A67D,NPC Spine [Spn0],3,0.000,0.000,0.000,250.353,2.262,4.0000,17.297,0.000,0.000,0.000,0.0000,0.0000,0.0000,67.402,231.380,67.799,Static,-,-,000001EAE4998400,-,0,0,-,
263,1550.634,11.0526,separate,ragdoll,Proventus Avenicci,0001A67D,NPC R Forearm [RLar],15,0.000,0.000,0.000,270.013,1.765,6.0000,11.658,0.000,0.000,0.000,0.0000,0.0000,0.0000,-25.918,268.743,3.564,Static,-,-,000001EA56BED300,-,0,0,-,
264,1551.357,11.0526,touch,ragdoll,Proventus Avenicci,0001A67D,NPC COM [COM ],0,0.000,0.000,0.000,218.643,7.824,50.0000,17.687,0.000,0.000,0.000,0.0000,0.0000,0.0000,49.683,212.707,-9.596,Static,-,-,000001EA56BED300,-,0,0,-,
265,1559.021,11.0526,listener,ragdoll,Proventus Avenicci,0001A67D,-,-,0.000,0.000,0.000,0.000,0.000,0.0000,0.000,-311.888,-308.942,-318.000,0.1924,0.9813,0.0000,0.000,0.000,0.000,-,-,-,0000000000000000,-,0,0,-,tick
266,1570.415,11.0526,impact,ragdoll,Proventus Avenicci,0001A67D,NPC COM [COM ],0,15.561,15.561,326.173,218.436,7.820,50.0000,17.687,-242.065,95.681,-319.650,-0.0000,0.0000,1.0000,49.636,212.506,-9.587,Static,Wood,shape,000001EA56BED300,-,1,1,-,
267,1570.429,11.0526,impact,ragdoll,Proventus Avenicci,0001A67D,NPC L Forearm [LLar],14,9.620,9.620,28.213,152.562,40.610,2.0000,11.658,-212.652,109.848,-303.529,-0.7753,0.0000,0.6316,63.556,132.988,39.368,Static,Stone,shape,000001EA6640D000,-,0,0,-,
268,1570.429,11.0526,impact,ragdoll,Proventus Avenicci,0001A67D,NPC L Forearm [LLar],14,9.620,9.620,28.213,152.562,40.610,2.0000,11.658,-212.652,109.848,-303.529,-0.7753,0.0000,0.6316,63.556,132.988,39.368,Static,Stone,shape,000001EA6640D000,-,0,1,-,
269,1570.487,11.0526,separate,ragdoll,Proventus Avenicci,0001A67D,NPC COM [COM ],0,0.000,0.000,0.000,204.650,3.720,50.0000,17.687,0.000,0.000,0.000,0.0000,0.0000,0.0000,46.398,198.949,-12.167,Static,-,-,000001EA56BED300,-,0,0,-,
270,1570.496,11.0526,touch,ragdoll,Proventus Avenicci,0001A67D,NPC L UpperArm [LUar],10,0.000,0.000,0.000,182.896,23.385,2.0000,14.463,0.000,0.000,0.000,0.0000,0.0000,0.0000,84.266,162.151,7.557,Static,-,-,000001EA6640D000,-,0,0,-,
271,1570.509,11.0526,touch,ragdoll,Proventus Avenicci,0001A67D,NPC L UpperArm [LUar],10,0.000,0.000,0.000,182.896,23.385,2.0000,14.463,0.000,0.000,0.000,0.0000,0.0000,0.0000,84.266,162.151,7.557,Static,-,-,000001EAE4AD0D00,-,0,0,-,
272,1570.511,11.0526,touch,ragdoll,Proventus Avenicci,0001A67D,NPC L UpperArm [LUar],10,0.000,0.000,0.000,182.896,23.385,2.0000,14.463,0.000,0.000,0.000,0.0000,0.0000,0.0000,84.266,162.151,7.557,Static,-,-,000001EA56BED300,-,0,0,-,
273,1570.897,11.0526,impact,ragdoll,Proventus Avenicci,0001A67D,NPC L UpperArm [LUar],10,81.156,81.156,217.208,182.723,23.374,2.0000,14.463,-212.730,125.130,-307.805,-1.0000,-0.0000,0.0000,84.186,161.998,7.550,Static,Stone,shape,000001EA6640D000,-,1,1,-,
274,1570.898,11.0526,impact,ragdoll,Proventus Avenicci,0001A67D,NPC L UpperArm [LUar],10,28.384,28.384,125.040,182.723,23.374,2.0000,14.463,-227.276,135.628,-319.650,0.0000,0.0000,1.0000,84.186,161.998,7.550,Static,Wood,shape,000001EAE4AD0D00,-,1,1,-,
275,1570.898,11.0526,impact,ragdoll,Proventus Avenicci,0001A67D,NPC L UpperArm [LUar],10,28.384,28.384,98.789,182.723,23.374,2.0000,14.463,-227.276,135.628,-318.000,-0.0000,0.0000,1.0000,84.186,161.998,7.550,Static,Carpet,shape,000001EAE4998400,-,0,1,-,
276,1570.940,11.0526,separate,ragdoll,Proventus Avenicci,0001A67D,NPC L Forearm [LLar],14,0.000,0.000,0.000,157.640,18.027,2.0000,11.658,0.000,0.000,0.000,0.0000,0.0000,0.0000,-47.291,119.923,90.732,Static,-,-,000001EAE4998400,-,0,0,-,
277,1591.173,11.0527,touch,ragdoll,Proventus Avenicci,0001A67D,NPC L Forearm [LLar],14,0.000,0.000,0.000,148.946,10.406,2.0000,11.658,0.000,0.000,0.000,0.0000,0.0000,0.0000,-47.170,108.544,90.433,DeadBip,-,-,000001EB3A29DF00,6,0,0,-,
278,1591.174,11.0527,touch,ragdoll,Proventus Avenicci,0001A67D,NPC Spine1 [Spn1],6,0.000,0.000,0.000,202.524,1.899,4.0000,18.878,0.000,0.000,0.000,0.0000,0.0000,0.0000,31.233,199.911,-8.723,DeadBip,-,-,000001EB3A166E00,14,0,0,-,
279,1591.187,11.0527,touch,ragdoll,Proventus Avenicci,0001A67D,NPC R Hand [RHnd],17,0.000,0.000,0.000,278.078,18.520,4.0000,8.334,0.000,0.000,0.000,0.0000,0.0000,0.0000,-24.430,275.118,-32.259,Static,-,-,000001EA56BED300,-,0,0,-,
280,1591.531,11.0527,impact,ragdoll,Proventus Avenicci,0001A67D,NPC L Forearm [LLar],14,104.753,104.753,189.421,148.804,10.401,2.0000,11.658,-230.505,121.889,-302.457,0.9522,-0.0383,-0.3030,-47.125,108.440,90.347,DeadBip,Skin,shape,000001EB3A29DF00,6,1,1,-,
281,1591.531,11.0527,impact,ragdoll,Proventus Avenicci,0001A67D,NPC Spine1 [Spn1],6,104.753,-104.753,189.421,202.331,1.898,4.0000,18.878,-230.505,121.889,-302.457,0.9522,-0.0383,-0.3030,31.203,199.720,-8.715,DeadBip,Skin,shape,000001EB3A166E00,14,1,1,-,
282,1591.534,11.0527,impact,ragdoll,Proventus Avenicci,0001A67D,NPC R Hand [RHnd],17,32.080,32.080,421.997,277.812,18.511,4.0000,8.334,-283.204,119.128,-319.650,-0.0000,0.0000,1.0000,-24.407,274.855,-32.228,Static,Wood,shape,000001EA56BED300,-,1,1,-,
283,1591.575,11.0527,separate,ragdoll,Proventus Avenicci,0001A67D,NPC L Hand [LHnd],16,0.000,0.000,0.000,159.140,21.483,4.0000,8.334,0.000,0.000,0.000,0.0000,0.0000,0.0000,-126.783,75.333,59.804,Static,-,-,000001EA6640D000,-,0,0,-,
284,1600.695,11.0527,listener,ragdoll,Proventus Avenicci,0001A67D,-,-,0.000,0.000,0.000,0.000,0.000,0.0000,0.000,-311.888,-308.942,-318.000,0.1924,0.9813,0.0000,0.000,0.000,0.000,-,-,-,0000000000000000,-,0,0,-,tick
285,1611.963,11.0527,impact,ragdoll,Proventus Avenicci,0001A67D,NPC R Thigh [RThg],2,12.963,12.963,31.737,193.702,2.685,6.0000,20.487,-244.433,79.615,-307.487,-0.9230,0.3426,0.1753,58.867,184.129,-12.327,DeadBip,Skin,shape,000001EB3A29CA00,1,0,1,-,
286,1611.963,11.0527,impact,ragdoll,Proventus Avenicci,0001A67D,NPC L Thigh [LThg],1,12.963,-12.963,31.737,203.950,2.812,6.0000,20.487,-244.433,79.615,-307.487,-0.9230,0.3426,0.1753,44.851,195.100,-38.991,DeadBip,Skin,shape,000001EB3A29C100,2,0,1,-,
287,1612.029,11.0527,separate,ragdoll,Proventus Avenicci,0001A67D,NPC L UpperArm [LUar],10,0.000,0.000,0.000,169.337,4.231,2.0000,14.463,0.000,0.000,0.000,0.0000,0.0000,0.0000,67.521,155.287,-1.433,Static,-,-,000001EAE4AD0D00,-,0,0,-,
288,1612.030,11.0527,separate,ragdoll,Proventus Avenicci,0001A67D,NPC L UpperArm [LUar],10,0.000,0.000,0.000,169.337,4.231,2.0000,14.463,0.000,0.000,0.000,0.0000,0.0000,0.0000,67.521,155.287,-1.433,Static,-,-,000001EA56BED300,-,0,0,-,
289,1612.379,11.0527,touch,ragdoll,Proventus Avenicci,0001A67D,NPC R UpperArm [RUar],12,0.000,0.000,0.000,241.739,3.751,2.0000,14.463,0.000,0.000,0.000,0.0000,0.0000,0.0000,65.804,227.324,-49.308,Static,-,-,000001EAE490E500,-,0,0,-,
290,1612.387,11.0527,touch,ragdoll,Proventus Avenicci,0001A67D,NPC Spine2 [Spn2],9,0.000,0.000,0.000,195.454,2.586,7.0000,23.052,0.000,0.000,0.000,0.0000,0.0000,0.0000,64.615,179.317,-43.272,Static,-,-,000001EAE4AD0D00,-,0,0,-,
291,1612.389,11.0527,separate,ragdoll,Proventus Avenicci,0001A67D,NPC R UpperArm [RUar],12,0.000,0.000,0.000,241.739,3.751,2.0000,14.463,0.000,0.000,0.000,0.0000,0.0000,0.0000,65.804,227.324,-49.308,Static,-,-,000001EAE4998400,-,0,0,-,
292,1621.896,11.0528,listener,ragdoll,Proventus Avenicci,0001A67D,-,-,0.000,0.000,0.000,0.000,0.000,0.0000,0.000,-311.888,-308.942,-318.000,0.1924,0.9813,0.0000,0.000,0.000,0.000,-,-,-,0000000000000000,-,0,0,-,tick
293,1632.723,11.0528,impact,ragdoll,Proventus Avenicci,0001A67D,NPC Spine2 [Spn2],9,38.751,38.751,204.176,195.259,2.585,7.0000,23.052,-238.679,141.517,-319.650,-0.0000,0.0000,1.0000,64.551,179.139,-43.229,Static,Wood,shape,000001EAE4AD0D00,-,1,1,-,
294,1632.726,11.0528,impact,ragdoll,Proventus Avenicci,0001A67D,NPC R UpperArm [RUar],12,41.245,41.245,235.580,241.498,3.749,2.0000,14.463,-267.115,145.733,-318.000,-0.0000,0.0000,1.0000,65.738,227.098,-49.259,Static,Carpet,shape,000001EAE490E500,-,1,1,-,
295,1632.729,11.0528,impact,ragdoll,Proventus Avenicci,0001A67D,NPC L Forearm [LLar],14,87.108,87.108,181.913,159.236,12.060,2.0000,11.658,-212.658,124.172,-309.247,-1.0000,0.0000,0.0000,-19.684,157.434,13.538,Static,Stone,shape,000001EA6640D000,-,0,1,-,
296,1632.774,11.0528,touch,ragdoll,Proventus Avenicci,0001A67D,NPC L Forearm [LLar],14,0.000,0.000,0.000,152.040,8.598,2.0000,11.658,0.000,0.000,0.000,0.0000,0.0000,0.0000,-37.109,147.229,-7.928,DeadBip,-,-,000001EB3A29D000,3,0,0,-,
297,1632.774,11.0528,touch,ragdoll,Proventus Avenicci,0001A67D,NPC Spine [Spn0],3,0.000,0.000,0.000,194.286,2.125,4.0000,17.297,0.000,0.000,0.000,0.0000,0.0000,0.0000,36.609,185.679,-43.932,DeadBip,-,-,000001EB3A166E00,14,0,0,-,
298,1632.777,11.0528,touch,ragdoll,Proventus Avenicci,0001A67D,NPC R Hand [RHnd],17,0.000,0.000,0.000,280.761,6.095,4.0000,8.334,0.000,0.000,0.000,0.0000,0.0000,0.0000,-12.635,280.134,-13.866,Static,-,-,000001EAE4AD0D00,-,0,0,-,
299,1632.787,11.0528,separate,ragdoll,Proventus Avenicci,0001A67D,NPC R Hand [RHnd],17,0.000,0.000,0.000,280.761,6.095,4.0000,8.334,0.000,0.000,0.000,0.0000,0.0000,0.0000,-12.635,280.134,-13.866,Static,-,-,000001EA56BED300,-,0,0,-,
300,1632.795,11.0528,separate,ragdoll,Proventus Avenicci,0001A67D,NPC Head [Head],13,0.000,0.000,0.000,213.974,3.067,4.0000,15.108,0.000,0.000,0.000,0.0000,0.0000,0.0000,111.327,181.030,-24.890,Static,-,-,000001EAE490E500,-,0,0,-,
301,1633.115,11.0528,impact,ragdoll,Proventus Avenicci,0001A67D,NPC L Forearm [LLar],14,81.682,81.682,82.464,151.889,8.594,2.0000,11.658,-229.206,118.693,-301.860,0.9596,0.2052,0.1923,-37.072,147.082,-7.920,DeadBip,Skin,shape,000001EB3A29D000,3,1,1,-,
302,1633.115,11.0528,impact,ragdoll,Proventus Avenicci,0001A67D,NPC Spine [Spn0],3,81.682,-81.682,82.464,194.092,2.124,4.0000,17.297,-229.206,118.693,-301.860,0.9596,0.2052,0.1923,36.573,185.494,-43.888,DeadBip,Skin,shape,000001EB3A166E00,14,1,1,-,
303,1633.117,11.0528,impact,ragdoll,Proventus Avenicci,0001A67D,NPC R Hand [RHnd],17,13.837,13.837,287.181,280.481,6.092,4.0000,8.334,-283.910,129.968,-319.650,-0.0000,0.0000,1.0000,-12.622,279.855,-13.853,Static,Wood,shape,000001EAE4AD0D00,-,1,1,-,
304,1633.143,11.0528,touch,ragdoll,Proventus Avenicci,0001A67D,NPC L Hand [LHnd],16,0.000,0.000,0.000,197.320,20.341,4.0000,8.334,0.000,0.000,0.000,0.0000,0.0000,0.0000,-123.610,153.749,-4.159,DeadBip,-,-,000001EB3A29D000,3,0,0,-,
305,1633.143,11.0528,touch,ragdoll,Proventus Avenicci,0001A67D,NPC Spine [Spn0],3,0.000,0.000,0.000,179.509,2.224,4.0000,17.297,0.000,0.000,0.000,0.0000,0.0000,0.0000,27.652,169.051,-53.670,DeadBip,-,-,000001EB3A166B00,16,0,0,-,
306,1633.147,11.0528,touch,ragdoll,Proventus Avenicci,0001A67D,NPC Spine2 [Spn2],9,0.000,0.000,0.000,187.170,1.836,7.0000,23.052,0.000,0.000,0.000,0.0000,0.0000,0.0000,56.657,174.392,-37.547,Static,-,-,000001EAE490E500,-,0,0,-,
307,1633.149,11.0528,separate,ragdoll,Proventus Avenicci,0001A67D,NPC Spine2 [Spn2],9,0.000,0.000,0.000,187.170,1.836,7.0000,23.052,0.000,0.000,0.000,0.0000,0.0000,0.0000,56.657,174.392,-37.547,Static,-,-,000001EAE4998400,-,0,0,-,
308,1633.150,11.0528,touch,ragdoll,Proventus Avenicci,0001A67D,NPC Spine2 [Spn2],9,0.000,0.000,0.000,187.170,1.836,7.0000,23.052,0.000,0.000,0.000,0.0000,0.0000,0.0000,56.657,174.392,-37.547,Static,-,-,000001EAE4998400,-,0,0,-,
309,1633.153,11.0528,separate,ragdoll,Proventus Avenicci,0001A67D,NPC L UpperArm [LUar],10,0.000,0.000,0.000,168.028,3.469,2.0000,14.463,0.000,0.000,0.000,0.0000,0.0000,0.0000,78.491,146.000,-27.506,Static,-,-,000001EAE4998400,-,0,0,-,
310,1633.153,11.0528,touch,ragdoll,Proventus Avenicci,0001A67D,NPC L UpperArm [LUar],10,0.000,0.000,0.000,168.028,3.469,2.0000,14.463,0.000,0.000,0.000,0.0000,0.0000,0.0000,78.491,146.000,-27.506,Static,-,-,000001EAE4998400,-,0,0,-,
311,1654.008,11.0529,impact,ragdoll,Proventus Avenicci,0001A67D,NPC Spine2 [Spn2],9,18.012,18.012,189.425,186.980,1.835,7.0000,23.052,-237.462,143.555,-318.003,-0.0000,0.1104,0.9939,56.600,174.216,-37.509,Static,Carpet,shape,000001EAE4998400,-,1,1,-,
312,1654.009,11.0529,impact,ragdoll,Proventus Avenicci,0001A67D,NPC Spine2 [Spn2],9,36.950,36.950,187.250,186.980,1.835,7.0000,23.052,-237.462,144.995,-318.000,-0.0000,0.0000,1.0000,56.600,174.216,-37.509,Static,Carpet,shape,000001EAE490E500,-,1,1,-,
313,1654.011,11.0529,impact,ragdoll,Proventus Avenicci,0001A67D,NPC L UpperArm [LUar],10,5.265,5.265,141.014,167.858,3.468,2.0000,14.463,-223.046,143.627,-318.016,-0.0000,0.2547,0.9670,78.411,145.852,-27.478,Static,Carpet,shape,000001EAE4998400,-,1,1,-,
314,1654.015,11.0529,impact,ragdoll,Proventus Avenicci,0001A67D,NPC L Hand [LHnd],16,93.874,93.874,180.336,197.121,20.331,4.0000,8.334,-230.091,116.289,-299.850,0.8319,-0.2786,0.4799,-123.484,153.593,-4.155,DeadBip,Skin,shape,000001EB3A29D000,3,1,1,-,
315,1654.015,11.0529,impact,ragdoll,Proventus Avenicci,0001A67D,NPC Spine [Spn0],3,93.874,-93.874,180.336,179.327,2.223,4.0000,17.297,-230.091,116.289,-299.850,0.8319,-0.2786,0.4799,27.624,168.880,-53.616,DeadBip,Skin,shape,000001EB3A166B00,16,1,1,-,
316,1654.064,11.0529,touch,ragdoll,Proventus Avenicci,0001A67D,NPC L Thigh [LThg],1,0.000,0.000,0.000,207.649,1.967,6.0000,20.487,0.000,0.000,0.000,0.0000,0.0000,0.0000,31.556,198.577,-51.862,Static,-,-,000001EA56BED300,-,0,0,-,
317,1654.067,11.0529,touch,ragdoll,Proventus Avenicci,0001A67D,NPC COM [COM ],0,0.000,0.000,0.000,187.921,2.527,50.0000,17.687,0.000,0.000,0.000,0.0000,0.0000,0.0000,31.586,183.624,-24.472,Static,-,-,000001EA56BED300,-,0,0,-,
318,1654.396,11.0529,impact,ragdoll,Proventus Avenicci,0001A67D,NPC COM [COM ],0,20.561,20.561,191.987,187.731,2.526,50.0000,17.687,-238.476,112.763,-319.650,0.0000,-0.0000,1.0000,31.554,183.438,-24.448,Static,Wood,shape,000001EA56BED300,-,1,1,-,
319,1654.397,11.0529,impact,ragdoll,Proventus Avenicci,0001A67D,NPC L Thigh [LThg],1,42.180,42.180,192.497,207.439,1.966,6.0000,20.487,-235.955,87.099,-319.650,-0.0000,-0.0000,1.0000,31.524,198.375,-51.810,Static,Wood,shape,000001EA56BED300,-,1,1,-,
320,1654.435,11.0529,separate,ragdoll,Proventus Avenicci,0001A67D,NPC R Forearm [RLar],15,0.000,0.000,0.000,271.904,7.006,6.0000,11.658,0.000,0.000,0.000,0.0000,0.0000,0.0000,28.446,269.024,-27.362,Static,-,-,000001EAE4998400,-,0,0,-,
321,1663.941,11.0529,listener,ragdoll,Proventus Avenicci,0001A67D,-,-,0.000,0.000,0.000,0.000,0.000,0.0000,0.000,-311.888,-308.942,-318.000,0.1924,0.9813,0.0000,0.000,0.000,0.000,-,-,-,0000000000000000,-,0,0,-,tick
322,1675.937,11.0529,impact,ragdoll,Proventus Avenicci,0001A67D,NPC L Forearm [LLar],14,24.284,24.284,134.947,146.208,1.913,2.0000,11.658,-212.730,131.610,-304.415,-1.0000,0.0000,0.0000,13.681,145.449,-5.864,Static,Stone,shape,000001EA6640D000,-,0,1,-,
323,1676.367,11.0529,impact,ragdoll,Proventus Avenicci,0001A67D,NPC L UpperArm [LUar],10,22.765,22.765,129.269,143.544,3.220,2.0000,14.463,-212.726,148.513,-308.843,-0.9877,0.1564,0.0000,34.025,137.970,-20.283,Static,Stone,shape,000001EA6640D000,-,0,1,-,
324,1676.409,11.0529,touch,ragdoll,Proventus Avenicci,0001A67D,NPC R Hand [RHnd],17,0.000,0.000,0.000,291.136,7.968,4.0000,8.334,0.000,0.000,0.000,0.0000,0.0000,0.0000,1.520,289.558,-30.228,Static,-,-,000001EAE490E500,-,0,0,-,
325,1676.420,11.0529,touch,ragdoll,Proventus Avenicci,0001A67D,NPC Spine [Spn0],3,0.000,0.000,0.000,148.477,5.888,4.0000,17.297,0.000,0.000,0.000,0.0000,0.0000,0.0000,14.823,140.998,-44.106,Static,-,-,000001EAE4998400,-,0,0,-,
326,1676.422,11.0529,touch,ragdoll,Proventus Avenicci,0001A67D,NPC Spine1 [Spn1],6,0.000,0.000,0.000,117.491,3.714,4.0000,18.878,0.000,0.000,0.000,0.0000,0.0000,0.0000,21.976,106.807,-43.743,Static,-,-,000001EAE4998400,-,0,0,-,
327,1676.426,11.0529,separate,ragdoll,Proventus Avenicci,0001A67D,NPC R Hand [RHnd],17,0.000,0.000,0.000,291.136,7.968,4.0000,8.334,0.000,0.000,0.000,0.0000,0.0000,0.0000,1.520,289.558,-30.228,Static,-,-,000001EAE4998400,-,0,0,-,
328,1676.426,11.0529,touch,ragdoll,Proventus Avenicci,0001A67D,NPC R Hand [RHnd],17,0.000,0.000,0.000,291.136,7.968,4.0000,8.334,0.000,0.000,0.000,0.0000,0.0000,0.0000,1.520,289.558,-30.228,Static,-,-,000001EAE4998400,-,0,0,-,
329,1676.431,11.0529,touch,ragdoll,Proventus Avenicci,0001A67D,NPC Head [Head],13,0.000,0.000,0.000,157.450,4.611,4.0000,15.108,0.000,0.000,0.000,0.0000,0.0000,0.0000,92.314,117.937,-48.574,Static,-,-,000001EAE490E500,-,0,0,-,
330,1676.433,11.0529,touch,ragdoll,Proventus Avenicci,0001A67D,NPC R Forearm [RLar],15,0.000,0.000,0.000,259.496,9.356,6.0000,11.658,0.000,0.000,0.000,0.0000,0.0000,0.0000,20.529,254.981,-43.600,Static,-,-,000001EAE490E500,-,0,0,-,
331,1685.926,11.0530,listener,ragdoll,Proventus Avenicci,0001A67D,-,-,0.000,0.000,0.000,0.000,0.000,0.0000,0.000,-311.888,-308.942,-318.000,0.1924,0.9813,0.0000,0.000,0.000,0.000,-,-,-,0000000000000000,-,0,0,-,tick
332,1697.312,11.0530,impact,ragdoll,Proventus Avenicci,0001A67D,NPC Spine [Spn0],3,53.347,53.347,68.825,148.324,5.885,4.0000,17.297,-236.873,124.668,-318.000,0.0000,0.0000,1.0000,14.807,140.853,-44.061,Static,Carpet,shape,000001EAE4998400,-,1,1,-,
333,1697.315,11.0530,impact,ragdoll,Proventus Avenicci,0001A67D,NPC Spine1 [Spn1],6,39.068,39.068,144.654,117.370,3.712,4.0000,18.878,-237.123,136.395,-318.000,-0.0000,-0.0000,1.0000,21.953,106.697,-43.698,Static,Carpet,shape,000001EAE4998400,-,1,1,-,
334,1697.321,11.0530,impact,ragdoll,Proventus Avenicci,0001A67D,NPC Head [Head],13,47.569,47.569,126.665,157.288,4.599,4.0000,15.108,-234.254,175.480,-318.000,0.0000,0.0000,1.0000,92.219,117.815,-48.524,Static,Carpet,shape,000001EAE490E500,-,1,1,-,
335,1697.323,11.0530,impact,ragdoll,Proventus Avenicci,0001A67D,NPC L Forearm [LLar],14,18.235,18.235,108.198,116.720,4.770,2.0000,11.658,-212.724,133.496,-303.815,-0.9945,0.0000,0.1045,5.797,107.387,-45.365,Static,Stone,shape,000001EA6640D000,-,0,1,-,
336,1697.324,11.0530,impact,ragdoll,Proventus Avenicci,0001A67D,NPC R Forearm [RLar],15,34.289,34.289,322.444,259.228,9.351,6.0000,11.658,-280.439,149.979,-318.000,-0.0000,-0.0000,1.0000,20.508,254.719,-43.556,Static,Carpet,shape,000001EAE490E500,-,1,1,-,
337,1697.326,11.0530,impact,ragdoll,Proventus Avenicci,0001A67D,NPC R Hand [RHnd],17,30.250,30.250,267.946,290.836,7.964,4.0000,8.334,-284.069,144.504,-318.000,0.0000,-0.0000,1.0000,1.518,289.260,-30.197,Static,Carpet,shape,000001EAE490E500,-,1,1,-,
338,1697.368,11.0530,touch,ragdoll,Proventus Avenicci,0001A67D,NPC L UpperArm [LUar],10,0.000,0.000,0.000,85.283,6.508,2.0000,14.463,0.000,0.000,0.000,0.0000,0.0000,0.0000,46.939,69.541,-15.292,Static,-,-,000001EAE490E500,-,0,0,-,
339,1697.787,11.0530,touch,ragdoll,Proventus Avenicci,0001A67D,NPC R Forearm [RLar],15,0.000,0.000,0.000,242.290,6.835,6.0000,11.658,0.000,0.000,0.000,0.0000,0.0000,0.0000,9.351,238.631,-40.889,Static,-,-,000001EAE4AD0D00,-,0,0,-,
340,1718.550,11.0531,impact,ragdoll,Proventus Avenicci,0001A67D,NPC R Forearm [RLar],15,67.484,67.484,222.203,242.038,6.831,6.0000,11.658,-269.020,160.786,-319.650,-0.0000,-0.0000,1.0000,9.341,238.384,-40.847,Static,Wood,shape,000001EAE4AD0D00,-,1,1,-,
341,1718.555,11.0531,impact,ragdoll,Proventus Avenicci,0001A67D,NPC R Forearm [RLar],15,67.484,67.484,219.815,242.038,6.831,6.0000,11.658,-269.020,160.786,-318.000,0.0000,0.0000,1.0000,9.341,238.384,-40.847,Static,Carpet,shape,000001EAE490E500,-,0,1,-,
342,1718.614,11.0531,separate,ragdoll,Proventus Avenicci,0001A67D,NPC L UpperArm [LUar],10,0.000,0.000,0.000,78.527,5.428,2.0000,14.463,0.000,0.000,0.000,0.0000,0.0000,0.0000,15.141,77.053,-0.229,Static,-,-,000001EAE4998400,-,0,0,-,
343,1718.615,11.0531,touch,ragdoll,Proventus Avenicci,0001A67D,NPC L UpperArm [LUar],10,0.000,0.000,0.000,78.527,5.428,2.0000,14.463,0.000,0.000,0.000,0.0000,0.0000,0.0000,15.141,77.053,-0.229,Static,-,-,000001EAE4998400,-,0,0,-,
344,1718.618,11.0531,touch,ragdoll,Proventus Avenicci,0001A67D,NPC L UpperArm [LUar],10,0.000,0.000,0.000,78.527,5.428,2.0000,14.463,0.000,0.000,0.000,0.0000,0.0000,0.0000,15.141,77.053,-0.229,Static,-,-,000001EAE4AD0D00,-,0,0,-,
345,1718.942,11.0531,impact,ragdoll,Proventus Avenicci,0001A67D,NPC L Thigh [LThg],1,8.060,8.060,137.013,139.948,1.552,6.0000,20.487,-232.402,118.243,-318.000,0.0000,-0.0000,1.0000,9.369,139.611,-2.501,Static,Carpet,shape,000001EAE4998400,-,0,1,-,
346,1718.948,11.0531,impact,ragdoll,Proventus Avenicci,0001A67D,NPC L UpperArm [LUar],10,9.783,9.783,121.556,78.445,5.425,2.0000,14.463,-218.921,143.550,-318.002,0.0000,0.0993,0.9951,15.126,76.973,-0.228,Static,Carpet,shape,000001EAE4998400,-,1,1,-,
347,1718.977,11.0531,touch,ragdoll,Proventus Avenicci,0001A67D,NPC Spine [Spn0],3,0.000,0.000,0.000,148.661,4.463,4.0000,17.297,0.000,0.000,0.000,0.0000,0.0000,0.0000,2.255,145.702,-29.431,Static,-,-,000001EAE4AD0D00,-,0,0,-,
348,1718.984,11.0531,separate,ragdoll,Proventus Avenicci,0001A67D,NPC COM [COM ],0,0.000,0.000,0.000,132.407,4.701,50.0000,17.687,0.000,0.000,0.000,0.0000,0.0000,0.0000,9.240,131.981,-5.217,Static,-,-,000001EAE4998400,-,0,0,-,
349,1718.984,11.0531,touch,ragdoll,Proventus Avenicci,0001A67D,NPC COM [COM ],0,0.000,0.000,0.000,132.407,4.701,50.0000,17.687,0.000,0.000,0.000,0.0000,0.0000,0.0000,9.240,131.981,-5.217,Static,-,-,000001EAE4998400,-,0,0,-,
350,1718.987,11.0531,touch,ragdoll,Proventus Avenicci,0001A67D,NPC L Forearm [LLar],14,0.000,0.000,0.000,120.455,4.101,2.0000,11.658,0.000,0.000,0.000,0.0000,0.0000,0.0000,-35.104,107.366,-41.830,Static,-,-,000001EAE4998400,-,0,0,-,
351,1718.990,11.0531,separate,ragdoll,Proventus Avenicci,0001A67D,NPC R Hand [RHnd],17,0.000,0.000,0.000,249.408,5.973,4.0000,8.334,0.000,0.000,0.000,0.0000,0.0000,0.0000,7.067,248.602,-18.747,Static,-,-,000001EAE4998400,-,0,0,-,
352,1718.993,11.0531,touch,ragdoll,Proventus Avenicci,0001A67D,NPC R UpperArm [RUar],12,0.000,0.000,0.000,174.489,3.866,2.0000,14.463,0.000,0.000,0.000,0.0000,0.0000,0.0000,38.725,169.991,7.041,Static,-,-,000001EAE4AD0D00,-,0,0,-,
353,1718.994,11.0531,separate,ragdoll,Proventus Avenicci,0001A67D,NPC L UpperArm [LUar],10,0.000,0.000,0.000,101.980,4.151,2.0000,14.463,0.000,0.000,0.000,0.0000,0.0000,0.0000,15.289,100.584,-7.000,Static,-,-,000001EAE4AD0D00,-,0,0,-,
354,1718.996,11.0531,touch,ragdoll,Proventus Avenicci,0001A67D,NPC L Hand [LHnd],16,0.000,0.000,0.000,136.151,6.347,4.0000,8.334,0.000,0.000,0.000,0.0000,0.0000,0.0000,-28.762,131.787,-18.489,DeadBip,-,-,000001EB3A29C400,0,0,0,-,
355,1718.996,11.0531,touch,ragdoll,Proventus Avenicci,0001A67D,NPC COM [COM ],0,0.000,0.000,0.000,132.407,4.701,50.0000,17.687,0.000,0.000,0.000,0.0000,0.0000,0.0000,9.240,131.981,-5.217,DeadBip,-,-,000001EB3A166B00,16,0,0,-,
356,1727.831,11.0531,listener,ragdoll,Proventus Avenicci,0001A67D,-,-,0.000,0.000,0.000,0.000,0.000,0.0000,0.000,-311.888,-308.942,-318.000,0.1924,0.9813,0.0000,0.000,0.000,0.000,-,-,-,0000000000000000,-,0,0,-,tick
357,1739.967,11.0531,impact,ragdoll,Proventus Avenicci,0001A67D,NPC COM [COM ],0,6.808,6.808,88.748,132.269,4.699,50.0000,17.687,-237.492,123.120,-318.000,0.0000,-0.0000,1.0000,9.230,131.843,-5.212,Static,Carpet,shape,000001EAE4998400,-,1,1,-,
358,1739.971,11.0531,impact,ragdoll,Proventus Avenicci,0001A67D,NPC Spine [Spn0],3,31.808,31.808,86.895,148.506,4.461,4.0000,17.297,-236.580,130.148,-319.650,-0.0000,0.0000,1.0000,2.253,145.549,-29.400,Static,Wood,shape,000001EAE4AD0D00,-,1,1,-,
359,1739.984,11.0531,impact,ragdoll,Proventus Avenicci,0001A67D,NPC L Forearm [LLar],14,50.740,50.740,69.845,120.329,4.099,2.0000,11.658,-217.915,136.732,-318.000,-0.0000,0.0000,1.0000,-35.067,107.254,-41.786,Static,Carpet,shape,000001EAE4998400,-,1,1,-,
360,1739.986,11.0531,impact,ragdoll,Proventus Avenicci,0001A67D,NPC L Hand [LHnd],16,34.034,34.034,110.527,136.008,6.344,4.0000,8.334,-230.989,124.000,-302.426,0.7114,0.0963,0.6961,-28.732,131.650,-18.469,DeadBip,-,-,000001EB3A29C400,0,1,1,-,
361,1739.986,11.0531,impact,ragdoll,Proventus Avenicci,0001A67D,NPC COM [COM ],0,34.034,-34.034,110.527,132.269,4.699,50.0000,17.687,-230.989,124.000,-302.426,0.7114,0.0963,0.6961,9.230,131.843,-5.212,DeadBip,Skin,shape,000001EB3A166B00,16,1,1,-,
362,1740.050,11.0531,separate,ragdoll,Proventus Avenicci,0001A67D,NPC L Forearm [LLar],14,0.000,0.000,0.000,122.564,2.178,2.0000,11.658,0.000,0.000,0.000,0.0000,0.0000,0.0000,-13.296,121.784,-3.713,Static,-,-,000001EAE4998400,-,0,0,-,
363,1740.056,11.0531,separate,ragdoll,Proventus Avenicci,0001A67D,NPC L UpperArm [LUar],10,0.000,0.000,0.000,116.854,2.575,2.0000,14.463,0.000,0.000,0.000,0.0000,0.0000,0.0000,11.677,116.269,0.209,Static,-,-,000001EAE4998400,-,0,0,-,
364,1749.175,11.0531,listener,ragdoll,Proventus Avenicci,0001A67D,-,-,0.000,0.000,0.000,0.000,0.000,0.0000,0.000,-311.888,-308.942,-318.000,0.1924,0.9813,0.0000,0.000,0.000,0.000,-,-,-,0000000000000000,-,0,0,-,tick
365,1761.900,11.0531,separate,ragdoll,Proventus Avenicci,0001A67D,NPC Spine1 [Spn1],6,0.000,0.000,0.000,114.974,3.140,4.0000,18.878,0.000,0.000,0.000,0.0000,0.0000,0.0000,-1.319,108.924,-36.780,Static,-,-,000001EAE4998400,-,0,0,-,
366,1761.901,11.0531,separate,ragdoll,Proventus Avenicci,0001A67D,NPC Spine2 [Spn2],9,0.000,0.000,0.000,109.109,3.004,7.0000,23.052,0.000,0.000,0.000,0.0000,0.0000,0.0000,20.579,107.134,-1.902,Static,-,-,000001EAE4998400,-,0,0,-,
367,1762.409,11.0531,touch,ragdoll,Proventus Avenicci,0001A67D,NPC Spine1 [Spn1],6,0.000,0.000,0.000,101.777,2.520,4.0000,18.878,0.000,0.000,0.000,0.0000,0.0000,0.0000,-1.460,99.164,-22.865,Static,-,-,000001EAE490E500,-,0,0,-,
368,1762.412,11.0531,touch,ragdoll,Proventus Avenicci,0001A67D,NPC COM [COM ],0,0.000,0.000,0.000,126.537,1.221,50.0000,17.687,0.000,0.000,0.000,0.0000,0.0000,0.0000,3.639,126.363,-5.544,Static,-,-,000001EAE4AD0D00,-,0,0,-,
369,1762.419,11.0531,separate,ragdoll,Proventus Avenicci,0001A67D,NPC COM [COM ],0,0.000,0.000,0.000,126.537,1.221,50.0000,17.687,0.000,0.000,0.000,0.0000,0.0000,0.0000,3.639,126.363,-5.544,Static,-,-,000001EA56BED300,-,0,0,-,
370,1783.435,11.0533,impact,ragdoll,Proventus Avenicci,0001A67D,NPC Spine1 [Spn1],6,19.252,19.252,111.033,101.669,2.518,4.0000,18.878,-236.392,145.243,-318.000,0.0000,-0.0000,1.0000,-1.459,99.060,-22.841,Static,Carpet,shape,000001EAE490E500,-,1,1,-,
371,1783.446,11.0533,impact,ragdoll,Proventus Avenicci,0001A67D,NPC R Forearm [RLar],15,34.279,34.279,229.628,216.951,2.832,6.0000,11.658,-279.356,170.980,-319.650,-0.0000,0.0000,1.0000,28.166,213.360,-27.423,Static,Wood,shape,000001EAE4AD0D00,-,0,1,-,
372,1783.502,11.0533,touch,ragdoll,Proventus Avenicci,0001A67D,NPC L Forearm [LLar],14,0.000,0.000,0.000,96.644,3.372,2.0000,11.658,0.000,0.000,0.000,0.0000,0.0000,0.0000,-6.480,90.974,-31.968,DeadBip,-,-,000001EB3A29C400,0,0,0,-,
373,1783.502,11.0533,touch,ragdoll,Proventus Avenicci,0001A67D,NPC COM [COM ],0,0.000,0.000,0.000,120.992,1.899,50.0000,17.687,0.000,0.000,0.000,0.0000,0.0000,0.0000,1.758,120.975,-1.060,DeadBip,-,-,000001EB3A166E00,14,0,0,-,
374,1783.843,11.0533,impact,ragdoll,Proventus Avenicci,0001A67D,NPC L UpperArm [LUar],10,25.416,25.416,98.188,72.417,3.261,2.0000,14.463,-218.809,148.618,-318.000,0.0000,-0.0000,1.0000,10.570,71.051,-9.174,Static,Carpet,shape,000001EAE490E500,-,0,1,-,
375,1783.844,11.0533,impact,ragdoll,Proventus Avenicci,0001A67D,NPC L Forearm [LLar],14,24.223,24.223,20.565,96.542,3.370,2.0000,11.658,-229.345,132.437,-305.389,0.8652,0.3277,0.3795,-6.473,90.878,-31.934,DeadBip,-,-,000001EB3A29C400,0,1,1,-,
376,1783.844,11.0533,impact,ragdoll,Proventus Avenicci,0001A67D,NPC COM [COM ],0,24.223,-24.223,20.565,120.865,1.898,50.0000,17.687,-229.345,132.437,-305.389,0.8652,0.3277,0.3795,1.756,120.847,-1.059,DeadBip,Skin,shape,000001EB3A166E00,14,1,1,-,
377,1783.871,11.0533,touch,ragdoll,Proventus Avenicci,0001A67D,NPC L Forearm [LLar],14,0.000,0.000,0.000,93.921,2.474,2.0000,11.658,0.000,0.000,0.000,0.0000,0.0000,0.0000,-7.891,91.338,-20.401,DeadBip,-,-,000001EB3A29CA00,1,0,0,-,
378,1783.871,11.0533,touch,ragdoll,Proventus Avenicci,0001A67D,NPC L Thigh [LThg],1,0.000,0.000,0.000,102.153,1.351,6.0000,20.487,0.000,0.000,0.000,0.0000,0.0000,0.0000,20.854,100.000,0.509,DeadBip,-,-,000001EB3A166E00,14,0,0,-,
379,1794.016,11.0533,listener,ragdoll,Proventus Avenicci,0001A67D,-,-,0.000,0.000,0.000,0.000,0.000,0.0000,0.000,-311.888,-308.942,-318.000,0.1924,0.9813,0.0000,0.000,0.000,0.000,-,-,-,0000000000000000,-,0,0,-,tick
380,1804.214,11.0533,impact,ragdoll,Proventus Avenicci,0001A67D,NPC L Forearm [LLar],14,26.388,26.388,20.778,93.821,2.473,2.0000,11.658,-227.362,130.849,-306.795,0.6639,0.5607,0.4948,-7.883,91.241,-20.379,DeadBip,Skin,shape,000001EB3A29CA00,1,1,1,-,
381,1804.216,11.0533,impact,ragdoll,Proventus Avenicci,0001A67D,NPC L Thigh [LThg],1,26.388,-26.388,20.778,102.043,1.351,6.0000,20.487,-227.362,130.849,-306.795,0.6639,0.5607,0.4948,20.831,99.893,0.508,DeadBip,Skin,shape,000001EB3A166E00,14,1,1,-,
382,1804.277,11.0533,touch,ragdoll,Proventus Avenicci,0001A67D,NPC L Thigh [LThg],1,0.000,0.000,0.000,99.412,1.296,6.0000,20.487,0.000,0.000,0.000,0.0000,0.0000,0.0000,15.002,98.252,-2.025,Static,-,-,000001EAE4AD0D00,-,0,0,-,
383,1804.295,11.0533,touch,ragdoll,Proventus Avenicci,0001A67D,NPC L Thigh [LThg],1,0.000,0.000,0.000,99.412,1.296,6.0000,20.487,0.000,0.000,0.000,0.0000,0.0000,0.0000,15.002,98.252,-2.025,DeadBip,-,-,000001EB3A166B00,16,0,0,-,
384,1804.295,11.0533,touch,ragdoll,Proventus Avenicci,0001A67D,NPC L Hand [LHnd],16,0.000,0.000,0.000,112.968,4.436,4.0000,8.334,0.000,0.000,0.000,0.0000,0.0000,0.0000,-17.025,111.435,-7.348,DeadBip,-,-,000001EB3A29CA00,1,0,0,-,
385,1804.703,11.0533,impact,ragdoll,Proventus Avenicci,0001A67D,NPC L Thigh [LThg],1,10.217,10.217,13.690,99.305,1.295,6.0000,20.487,-225.745,132.849,-298.846,-0.4454,-0.3485,-0.8247,14.986,98.147,-2.023,DeadBip,Skin,shape,000001EB3A166B00,16,1,1,-,
386,1804.703,11.0533,impact,ragdoll,Proventus Avenicci,0001A67D,NPC L Hand [LHnd],16,10.217,-10.217,13.690,112.847,4.434,4.0000,8.334,-225.745,132.849,-298.846,-0.4454,-0.3485,-0.8247,-17.007,111.316,-7.340,DeadBip,Skin,shape,000001EB3A29CA00,1,1,1,-,
387,1813.899,11.0533,listener,ragdoll,Proventus Avenicci,0001A67D,-,-,0.000,0.000,0.000,0.000,0.000,0.0000,0.000,-311.888,-308.942,-318.000,0.1924,0.9813,0.0000,0.000,0.000,0.000,-,-,-,0000000000000000,-,0,0,-,tick
388,1824.795,11.0533,touch,ragdoll,Proventus Avenicci,0001A67D,NPC L Forearm [LLar],14,0.000,0.000,0.000,92.536,0.281,2.0000,11.658,0.000,0.000,0.000,0.0000,0.0000,0.0000,-21.713,87.865,-19.265,Static,-,-,000001EAE490E500,-,0,0,-,
389,1824.800,11.0533,separate,ragdoll,Proventus Avenicci,0001A67D,NPC R UpperArm [RUar],12,0.000,0.000,0.000,137.956,3.226,2.0000,14.463,0.000,0.000,0.000,0.0000,0.0000,0.0000,38.018,128.483,-32.842,Static,-,-,000001EAE490E500,-,0,0,-,
390,1824.801,11.0533,touch,ragdoll,Proventus Avenicci,0001A67D,NPC R UpperArm [RUar],12,0.000,0.000,0.000,137.956,3.226,2.0000,14.463,0.000,0.000,0.000,0.0000,0.0000,0.0000,38.018,128.483,-32.842,Static,-,-,000001EAE490E500,-,0,0,-,
391,1824.803,11.0533,separate,ragdoll,Proventus Avenicci,0001A67D,NPC R Thigh [RThg],2,0.000,0.000,0.000,88.048,0.424,6.0000,20.487,0.000,0.000,0.000,0.0000,0.0000,0.0000,-7.674,87.620,-4.036,Static,-,-,000001EAE4998400,-,0,0,-,
392,1824.818,11.0533,touch,ragdoll,Proventus Avenicci,0001A67D,NPC Spine1 [Spn1],6,0.000,0.000,0.000,96.070,1.876,4.0000,18.878,0.000,0.000,0.000,0.0000,0.0000,0.0000,7.729,95.633,-4.905,Static,-,-,000001EAE4AD0D00,-,0,0,-,
393,1825.278,11.0533,impact,ragdoll,Proventus Avenicci,0001A67D,NPC R UpperArm [RUar],12,32.009,32.009,152.974,137.808,3.224,2.0000,14.463,-259.334,182.568,-318.000,0.0000,0.0000,1.0000,37.977,128.345,-32.807,Static,Carpet,shape,000001EAE490E500,-,1,1,-,
394,1825.281,11.0533,impact,ragdoll,Proventus Avenicci,0001A67D,NPC L Forearm [LLar],14,19.271,19.271,89.170,92.437,0.281,2.0000,11.658,-218.905,145.171,-318.000,-0.0000,0.0000,1.0000,-21.690,87.771,-19.244,Static,Carpet,shape,000001EAE490E500,-,1,1,-,
395,1825.326,11.0533,touch,ragdoll,Proventus Avenicci,0001A67D,NPC L Hand [LHnd],16,0.000,0.000,0.000,95.141,4.702,4.0000,8.334,0.000,0.000,0.000,0.0000,0.0000,0.0000,-13.505,93.229,-13.332,DeadBip,-,-,000001EB3A29DF00,6,0,0,-,
396,1825.326,11.0533,touch,ragdoll,Proventus Avenicci,0001A67D,NPC Spine1 [Spn1],6,0.000,0.000,0.000,97.107,1.393,4.0000,18.878,0.000,0.000,0.000,0.0000,0.0000,0.0000,9.648,96.594,-2.493,DeadBip,-,-,000001EB3A166B00,16,0,0,-,
397,1845.026,11.0533,impact,ragdoll,Proventus Avenicci,0001A67D,NPC L Hand [LHnd],16,20.468,20.468,27.247,95.040,4.699,4.0000,8.334,-230.463,145.080,-301.623,0.5530,-0.6272,0.5485,-13.491,93.130,-13.318,DeadBip,Skin,shape,000001EB3A29DF00,6,1,1,-,
398,1845.027,11.0533,impact,ragdoll,Proventus Avenicci,0001A67D,NPC Spine1 [Spn1],6,20.468,-20.468,27.247,97.004,1.392,4.0000,18.878,-230.463,145.080,-301.623,0.5530,-0.6272,0.5485,9.638,96.491,-2.490,DeadBip,Skin,shape,000001EB3A166B00,16,1,1,-,
399,1845.581,11.0533,separate,ragdoll,Proventus Avenicci,0001A67D,NPC Spine [Spn0],3,0.000,0.000,0.000,82.562,1.158,4.0000,17.297,0.000,0.000,0.000,0.0000,0.0000,0.0000,-0.163,82.560,0.524,Static,-,-,000001EAE4998400,-,0,0,-,
400,1854.431,11.0534,listener,ragdoll,Proventus Avenicci,0001A67D,-,-,0.000,0.000,0.000,0.000,0.000,0.0000,0.000,-311.888,-308.942,-318.000,0.1924,0.9813,0.0000,0.000,0.000,0.000,-,-,-,0000000000000000,-,0,0,-,tick
401,1865.183,11.0534,touch,ragdoll,Proventus Avenicci,0001A67D,NPC Spine [Spn0],3,0.000,0.000,0.000,79.774,0.930,4.0000,17.297,0.000,0.000,0.000,0.0000,0.0000,0.0000,0.623,79.771,-0.298,Static,-,-,000001EAE490E500,-,0,0,-,
402,1885.240,11.0535,separate,ragdoll,Proventus Avenicci,0001A67D,NPC R Forearm [RLar],15,0.000,0.000,0.000,143.501,4.340,6.0000,11.658,0.000,0.000,0.000,0.0000,0.0000,0.0000,39.397,137.949,-3.252,Static,-,-,000001EAE490E500,-,0,0,-,
403,1885.242,11.0535,touch,ragdoll,Proventus Avenicci,0001A67D,NPC R Forearm [RLar],15,0.000,0.000,0.000,143.501,4.340,6.0000,11.658,0.000,0.000,0.000,0.0000,0.0000,0.0000,39.397,137.949,-3.252,Static,-,-,000001EAE490E500,-,0,0,-,
404,1885.595,11.0535,touch,ragdoll,Proventus Avenicci,0001A67D,NPC L Forearm [LLar],14,0.000,0.000,0.000,70.974,1.235,2.0000,11.658,0.000,0.000,0.000,0.0000,0.0000,0.0000,-5.609,63.464,-31.276,DeadBip,-,-,000001EB3A29DC00,9,0,0,-,
405,1885.595,11.0535,touch,ragdoll,Proventus Avenicci,0001A67D,NPC Spine2 [Spn2],9,0.000,0.000,0.000,53.886,0.176,7.0000,23.052,0.000,0.000,0.000,0.0000,0.0000,0.0000,10.093,52.932,-0.024,DeadBip,-,-,000001EB3A166E00,14,0,0,-,
406,1885.608,11.0535,touch,ragdoll,Proventus Avenicci,0001A67D,NPC L UpperArm [LUar],10,0.000,0.000,0.000,57.252,2.456,2.0000,14.463,0.000,0.000,0.000,0.0000,0.0000,0.0000,5.533,55.201,-14.144,Static,-,-,000001EAE4AD0D00,-,0,0,-,
407,1893.317,11.0535,listener,ragdoll,Proventus Avenicci,0001A67D,-,-,0.000,0.000,0.000,0.000,0.000,0.0000,0.000,-311.888,-308.942,-318.000,0.1924,0.9813,0.0000,0.000,0.000,0.000,-,-,-,0000000000000000,-,0,0,-,tick
408,1904.795,11.0535,impact,ragdoll,Proventus Avenicci,0001A67D,NPC L UpperArm [LUar],10,22.757,22.757,71.793,57.193,2.455,2.0000,14.463,-218.249,157.587,-319.650,-0.0000,0.0000,1.0000,5.528,55.144,-14.130,Static,Wood,shape,000001EAE4AD0D00,-,1,1,-,
409,1904.848,11.0535,separate,ragdoll,Proventus Avenicci,0001A67D,NPC L Forearm [LLar],14,0.000,0.000,0.000,61.536,1.334,2.0000,11.658,0.000,0.000,0.000,0.0000,0.0000,0.0000,-2.467,55.769,-25.892,Static,-,-,000001EAE490E500,-,0,0,-,
410,1904.849,11.0535,touch,ragdoll,Proventus Avenicci,0001A67D,NPC L Forearm [LLar],14,0.000,0.000,0.000,61.536,1.334,2.0000,11.658,0.000,0.000,0.000,0.0000,0.0000,0.0000,-2.467,55.769,-25.892,Static,-,-,000001EAE490E500,-,0,0,-,
411,1905.193,11.0535,impact,ragdoll,Proventus Avenicci,0001A67D,NPC L Forearm [LLar],14,23.181,23.181,58.005,61.473,1.334,2.0000,11.658,-218.945,151.652,-318.000,0.0000,0.0000,1.0000,-2.464,55.712,-25.866,Static,Carpet,shape,000001EAE490E500,-,1,1,-,
412,1905.228,11.0535,separate,ragdoll,Proventus Avenicci,0001A67D,NPC L Foot [Lft ],7,0.000,0.000,0.000,77.258,3.263,3.0000,10.011,0.000,0.000,0.000,0.0000,0.0000,0.0000,23.541,73.321,6.214,Static,-,-,000001EA56BED300,-,0,0,-,
413,1913.525,11.0536,listener,ragdoll,Proventus Avenicci,0001A67D,-,-,0.000,0.000,0.000,0.000,0.000,0.0000,0.000,-311.888,-308.942,-318.000,0.1924,0.9813,0.0000,0.000,0.000,0.000,-,-,-,0000000000000000,-,0,0,-,tick
414,1925.249,11.0536,separate,ragdoll,Proventus Avenicci,0001A67D,NPC L Forearm [LLar],14,0.000,0.000,0.000,41.617,1.874,2.0000,11.658,0.000,0.000,0.000,0.0000,0.0000,0.0000,-7.722,37.322,-16.716,DeadBip,-,-,000001EB3A29DC00,9,0,0,-,
415,1925.250,11.0536,separate,ragdoll,Proventus Avenicci,0001A67D,NPC Spine2 [Spn2],9,0.000,0.000,0.000,44.984,0.507,7.0000,23.052,0.000,0.000,0.000,0.0000,0.0000,0.0000,4.802,44.727,-0.019,DeadBip,-,-,000001EB3A166E00,14,0,0,-,
416,1925.599,11.0536,touch,ragdoll,Proventus Avenicci,0001A67D,NPC L Forearm [LLar],14,0.000,0.000,0.000,50.440,1.192,2.0000,11.658,0.000,0.000,0.000,0.0000,0.0000,0.0000,-8.450,48.779,-9.665,DeadBip,-,-,000001EB3A29DC00,9,0,0,-,
417,1925.599,11.0536,touch,ragdoll,Proventus Avenicci,0001A67D,NPC Spine2 [Spn2],9,0.000,0.000,0.000,44.829,0.579,7.0000,23.052,0.000,0.000,0.000,0.0000,0.0000,0.0000,4.236,44.629,0.003,DeadBip,-,-,000001EB3A166E00,14,0,0,-,
418,1945.332,11.0537,impact,ragdoll,Proventus Avenicci,0001A67D,NPC L Forearm [LLar],14,12.496,12.496,16.418,50.389,1.191,2.0000,11.658,-224.392,161.865,-309.507,0.4965,-0.8125,-0.3055,-8.442,48.730,-9.655,DeadBip,Skin,shape,000001EB3A29DC00,9,1,1,-,
419,1945.332,11.0537,impact,ragdoll,Proventus Avenicci,0001A67D,NPC Spine2 [Spn2],9,12.496,-12.496,16.418,44.784,0.578,7.0000,23.052,-224.392,161.865,-309.507,0.4965,-0.8125,-0.3055,4.231,44.584,0.003,DeadBip,Skin,shape,000001EB3A166E00,14,1,1,-,
420,1954.790,11.0537,listener,ragdoll,Proventus Avenicci,0001A67D,-,-,0.000,0.000,0.000,0.000,0.000,0.0000,0.000,-311.888,-308.942,-318.000,0.1924,0.9813,0.0000,0.000,0.000,0.000,-,-,-,0000000000000000,-,0,0,-,tick
421,1966.075,11.0537,touch,ragdoll,Proventus Avenicci,0001A67D,NPC R Thigh [RThg],2,0.000,0.000,0.000,37.325,0.953,6.0000,20.487,0.000,0.000,0.000,0.0000,0.0000,0.0000,-13.721,33.936,-7.294,Static,-,-,000001EAE4998400,-,0,0,-,
422,1966.455,11.0537,impact,ragdoll,Proventus Avenicci,0001A67D,NPC R Thigh [RThg],2,5.601,5.601,30.294,37.287,0.953,6.0000,20.487,-256.365,120.495,-318.000,0.0000,0.0000,1.0000,-13.708,33.902,-7.287,Static,Carpet,shape,000001EAE4998400,-,1,1,-,
423,1987.021,11.0538,separate,ragdoll,Proventus Avenicci,0001A67D,NPC L UpperArm [LUar],10,0.000,0.000,0.000,25.071,1.044,2.0000,14.463,0.000,0.000,0.000,0.0000,0.0000,0.0000,-2.225,24.529,4.684,Static,-,-,000001EA6640D000,-,0,0,-,
424,1987.023,11.0538,touch,ragdoll,Proventus Avenicci,0001A67D,NPC L Forearm [LLar],14,0.000,0.000,0.000,31.961,2.093,2.0000,11.658,0.000,0.000,0.000,0.0000,0.0000,0.0000,-5.585,25.883,-17.899,Static,-,-,000001EAE4AD0D00,-,0,0,-,
425,1994.838,11.0538,listener,ragdoll,Proventus Avenicci,0001A67D,-,-,0.000,0.000,0.000,0.000,0.000,0.0000,0.000,-311.888,-308.942,-318.000,0.1924,0.9813,0.0000,0.000,0.000,0.000,-,-,-,0000000000000000,-,0,0,-,tick
426,2007.710,11.0538,impact,ragdoll,Proventus Avenicci,0001A67D,NPC L Forearm [LLar],14,13.523,13.523,39.910,31.928,2.091,2.0000,11.658,-219.097,155.420,-319.650,-0.0000,-0.0000,1.0000,-5.579,25.857,-17.881,Static,Wood,shape,000001EAE4AD0D00,-,1,1,-,
427,2007.771,11.0538,separate,ragdoll,Proventus Avenicci,0001A67D,NPC COM [COM ],0,0.000,0.000,0.000,20.358,1.028,50.0000,17.687,0.000,0.000,0.000,0.0000,0.0000,0.0000,-7.978,18.520,-2.796,Static,-,-,000001EAE4998400,-,0,0,-,
428,2007.773,11.0538,touch,ragdoll,Proventus Avenicci,0001A67D,NPC COM [COM ],0,0.000,0.000,0.000,20.358,1.028,50.0000,17.687,0.000,0.000,0.000,0.0000,0.0000,0.0000,-7.978,18.520,-2.796,Static,-,-,000001EAE4998400,-,0,0,-,
429,2017.551,11.0539,listener,ragdoll,Proventus Avenicci,0001A67D,-,-,0.000,0.000,0.000,0.000,0.000,0.0000,0.000,-311.888,-308.942,-318.000,0.1924,0.9813,0.0000,0.000,0.000,0.000,-,-,-,0000000000000000,-,0,0,-,tick
430,2057.727,11.0540,listener,ragdoll,Proventus Avenicci,0001A67D,-,-,0.000,0.000,0.000,0.000,0.000,0.0000,0.000,-311.888,-308.942,-318.000,0.1924,0.9813,0.0000,0.000,0.000,0.000,-,-,-,0000000000000000,-,0,0,-,tick
431,2078.484,11.0541,listener,ragdoll,Proventus Avenicci,0001A67D,-,-,0.000,0.000,0.000,0.000,0.000,0.0000,0.000,-311.888,-308.942,-318.000,0.1924,0.9813,0.0000,0.000,0.000,0.000,-,-,-,0000000000000000,-,0,0,-,tick
432,2120.727,11.0542,listener,ragdoll,Proventus Avenicci,0001A67D,-,-,0.000,0.000,0.000,0.000,0.000,0.0000,0.000,-311.888,-308.942,-318.000,0.1924,0.9813,0.0000,0.000,0.000,0.000,-,-,-,0000000000000000,-,0,0,-,tick
433,2140.085,11.0542,listener,ragdoll,Proventus Avenicci,0001A67D,-,-,0.000,0.000,0.000,0.000,0.000,0.0000,0.000,-311.888,-308.942,-318.000,0.1924,0.9813,0.0000,0.000,0.000,0.000,-,-,-,0000000000000000,-,0,0,-,tick
434,2181.854,11.0543,listener,ragdoll,Proventus Avenicci,0001A67D,-,-,0.000,0.000,0.000,0.000,0.000,0.0000,0.000,-311.888,-308.942,-318.000,0.1924,0.9813,0.0000,0.000,0.000,0.000,-,-,-,0000000000000000,-,0,0,-,tick
435,2193.332,11.0543,separate,ragdoll,Proventus Avenicci,0001A67D,NPC L Thigh [LThg],1,0.000,0.000,0.000,11.970,1.008,6.0000,20.487,0.000,0.000,0.000,0.0000,0.0000,0.0000,-11.346,-0.554,3.776,Static,-,-,000001EA56BED300,-,0,0,-,
436,2193.336,11.0543,separate,ragdoll,Proventus Avenicci,0001A67D,NPC L Thigh [LThg],1,0.000,0.000,0.000,11.970,1.008,6.0000,20.487,0.000,0.000,0.000,0.0000,0.0000,0.0000,-11.346,-0.554,3.776,Static,-,-,000001EAE4AD0D00,-,0,0,-,
437,2204.350,11.0544,listener,ragdoll,Proventus Avenicci,0001A67D,-,-,0.000,0.000,0.000,0.000,0.000,0.0000,0.000,-311.888,-308.942,-318.000,0.1924,0.9813,0.0000,0.000,0.000,0.000,-,-,-,0000000000000000,-,0,0,-,tick
438,2233.941,11.0544,impact,ragdoll,Proventus Avenicci,0001A67D,NPC R Forearm [RLar],15,16.724,16.724,32.484,39.505,1.872,6.0000,11.658,-251.028,209.304,-318.000,0.0000,0.0000,1.0000,38.469,3.332,-8.348,Static,Carpet,shape,000001EAE490E500,-,0,1,-,
439,2243.046,11.0545,listener,ragdoll,Proventus Avenicci,0001A67D,-,-,0.000,0.000,0.000,0.000,0.000,0.0000,0.000,-311.888,-308.942,-318.000,0.1924,0.9813,0.0000,0.000,0.000,0.000,-,-,-,0000000000000000,-,0,0,-,tick
440,2254.379,11.0545,touch,ragdoll,Proventus Avenicci,0001A67D,NPC COM [COM ],0,0.000,0.000,0.000,9.475,1.063,50.0000,17.687,0.000,0.000,0.000,0.0000,0.0000,0.0000,-8.708,2.197,-3.020,Static,-,-,000001EAE490E500,-,0,0,-,
441,2284.351,11.0546,listener,ragdoll,Proventus Avenicci,0001A67D,-,-,0.000,0.000,0.000,0.000,0.000,0.0000,0.000,-311.888,-308.942,-318.000,0.1924,0.9813,0.0000,0.000,0.000,0.000,-,-,-,0000000000000000,-,0,0,-,tick
442,2303.450,11.0547,listener,ragdoll,Proventus Avenicci,0001A67D,-,-,0.000,0.000,0.000,0.000,0.000,0.0000,0.000,-311.888,-308.942,-318.000,0.1924,0.9813,0.0000,0.000,0.000,0.000,-,-,-,0000000000000000,-,0,0,-,tick
443,2343.073,11.0548,listener,ragdoll,Proventus Avenicci,0001A67D,-,-,0.000,0.000,0.000,0.000,0.000,0.0000,0.000,-311.888,-308.942,-318.000,0.1924,0.9813,0.0000,0.000,0.000,0.000,-,-,-,0000000000000000,-,0,0,-,tick
444,2354.284,11.0548,separate,ragdoll,Proventus Avenicci,0001A67D,NPC L Hand [LHnd],16,0.000,0.000,0.000,39.067,3.591,4.0000,8.334,0.000,0.000,0.000,0.0000,0.0000,0.0000,19.879,-26.414,-20.818,DeadBip,-,-,000001EB3A29DF00,6,0,0,-,
445,2354.284,11.0548,separate,ragdoll,Proventus Avenicci,0001A67D,NPC Spine1 [Spn1],6,0.000,0.000,0.000,1.997,0.407,4.0000,18.878,0.000,0.000,0.000,0.0000,0.0000,0.0000,1.913,-0.571,0.048,DeadBip,-,-,000001EB3A166B00,16,0,0,-,
446,2364.292,11.0549,listener,ragdoll,Proventus Avenicci,0001A67D,-,-,0.000,0.000,0.000,0.000,0.000,0.0000,0.000,-311.888,-308.942,-318.000,0.1924,0.9813,0.0000,0.000,0.000,0.000,-,-,-,0000000000000000,-,0,0,-,tick
447,2393.805,11.0549,separate,ragdoll,Proventus Avenicci,0001A67D,NPC L Forearm [LLar],14,0.000,0.000,0.000,18.567,2.575,2.0000,11.658,0.000,0.000,0.000,0.0000,0.0000,0.0000,10.329,-11.154,-10.661,DeadBip,-,-,000001EB3A29DC00,9,0,0,-,
448,2393.806,11.0549,separate,ragdoll,Proventus Avenicci,0001A67D,NPC Spine2 [Spn2],9,0.000,0.000,0.000,0.975,0.084,7.0000,23.052,0.000,0.000,0.000,0.0000,0.0000,0.0000,0.919,0.305,-0.115,DeadBip,-,-,000001EB3A166E00,14,0,0,-,
449,2403.183,11.0550,listener,ragdoll,Proventus Avenicci,0001A67D,-,-,0.000,0.000,0.000,0.000,0.000,0.0000,0.000,-311.888,-308.942,-318.000,0.1924,0.9813,0.0000,0.000,0.000,0.000,-,-,-,0000000000000000,-,0,0,-,tick
450,2413.961,11.0550,touch,ragdoll,Proventus Avenicci,0001A67D,NPC L Foot [Lft ],7,0.000,0.000,0.000,43.132,6.794,3.0000,10.011,0.000,0.000,0.000,0.0000,0.0000,0.0000,-6.732,-28.023,-32.091,Static,-,-,000001EA56BED300,-,0,0,-,
451,2414.340,11.0550,impact,ragdoll,Proventus Avenicci,0001A67D,NPC L Foot [Lft ],7,18.198,18.198,39.334,43.089,6.791,3.0000,10.011,-232.487,83.017,-319.650,0.0000,0.0000,1.0000,-6.725,-27.995,-32.059,Static,Wood,shape,000001EA56BED300,-,1,1,-,
452,2434.258,11.0551,touch,ragdoll,Proventus Avenicci,0001A67D,NPC L Forearm [LLar],14,0.000,0.000,0.000,21.326,3.386,2.0000,11.658,0.000,0.000,0.000,0.0000,0.0000,0.0000,6.746,-11.570,-16.595,Static,-,-,000001EAE4998400,-,0,0,-,
453,2434.639,11.0551,impact,ragdoll,Proventus Avenicci,0001A67D,NPC L Forearm [LLar],14,27.968,27.968,31.462,21.304,3.384,2.0000,11.658,-220.858,143.729,-318.056,0.0000,0.4587,0.8886,6.739,-11.559,-16.579,Static,Carpet,shape,000001EAE4998400,-,1,1,-,
454,2443.177,11.0551,listener,ragdoll,Proventus Avenicci,0001A67D,-,-,0.000,0.000,0.000,0.000,0.000,0.0000,0.000,-311.888,-308.942,-318.000,0.1924,0.9813,0.0000,0.000,0.000,0.000,-,-,-,0000000000000000,-,0,0,-,tick
455,2455.294,11.0551,impact,ragdoll,Proventus Avenicci,0001A67D,NPC L Forearm [LLar],14,9.709,9.709,22.231,18.103,2.699,2.0000,11.658,-212.637,148.703,-318.250,-0.7318,0.3781,0.5670,6.598,-9.381,-14.007,Static,Stone,shape,000001EA6640D000,-,0,1,-,
456,2463.726,11.0551,listener,ragdoll,Proventus Avenicci,0001A67D,-,-,0.000,0.000,0.000,0.000,0.000,0.0000,0.000,-311.888,-308.942,-318.000,0.1924,0.9813,0.0000,0.000,0.000,0.000,-,-,-,0000000000000000,-,0,0,-,tick
457,2497.571,11.0552,touch,ragdoll,Proventus Avenicci,0001A67D,NPC L Hand [LHnd],16,0.000,0.000,0.000,84.048,8.119,4.0000,8.334,0.000,0.000,0.000,0.0000,0.0000,0.0000,14.542,-31.327,-76.624,Static,-,-,000001EAE4998400,-,0,0,-,
458,2505.768,11.0552,listener,ragdoll,Proventus Avenicci,0001A67D,-,-,0.000,0.000,0.000,0.000,0.000,0.0000,0.000,-311.888,-308.942,-318.000,0.1924,0.9813,0.0000,0.000,0.000,0.000,-,-,-,0000000000000000,-,0,0,-,tick
459,2516.963,11.0552,impact,ragdoll,Proventus Avenicci,0001A67D,NPC L Hand [LHnd],16,76.666,76.666,49.405,83.964,8.115,4.0000,8.334,-222.533,137.904,-318.000,-0.0000,-0.0000,1.0000,14.527,-31.296,-76.547,Static,Carpet,shape,000001EAE4998400,-,1,1,-,
460,2517.010,11.0552,separate,ragdoll,Proventus Avenicci,0001A67D,NPC L Hand [LHnd],16,0.000,0.000,0.000,25.071,4.370,4.0000,8.334,0.000,0.000,0.000,0.0000,0.0000,0.0000,14.844,-20.148,-1.493,DeadBip,-,-,000001EB3A29D000,3,0,0,-,
461,2517.010,11.0552,separate,ragdoll,Proventus Avenicci,0001A67D,NPC Spine [Spn0],3,0.000,0.000,0.000,0.479,0.035,4.0000,17.297,0.000,0.000,0.000,0.0000,0.0000,0.0000,0.411,0.229,0.090,DeadBip,-,-,000001EB3A166B00,16,0,0,-,
462,2525.555,11.0553,listener,ragdoll,Proventus Avenicci,0001A67D,-,-,0.000,0.000,0.000,0.000,0.000,0.0000,0.000,-311.888,-308.942,-318.000,0.1924,0.9813,0.0000,0.000,0.000,0.000,-,-,-,0000000000000000,-,0,0,-,tick
463,2568.688,11.0554,listener,ragdoll,Proventus Avenicci,0001A67D,-,-,0.000,0.000,0.000,0.000,0.000,0.0000,0.000,-311.888,-308.942,-318.000,0.1924,0.9813,0.0000,0.000,0.000,0.000,-,-,-,0000000000000000,-,0,0,-,tick
464,2579.884,11.0554,separate,ragdoll,Proventus Avenicci,0001A67D,NPC L Forearm [LLar],14,0.000,0.000,0.000,14.832,2.226,2.0000,11.658,0.000,0.000,0.000,0.0000,0.0000,0.0000,1.637,-5.442,-13.700,DeadBip,-,-,000001EB3A29C400,0,0,0,-,
465,2579.884,11.0554,separate,ragdoll,Proventus Avenicci,0001A67D,NPC COM [COM ],0,0.000,0.000,0.000,0.119,0.012,50.0000,17.687,0.000,0.000,0.000,0.0000,0.0000,0.0000,-0.087,0.080,0.007,DeadBip,-,-,000001EB3A166E00,14,0,0,-,
466,2600.876,11.0555,separate,ragdoll,Proventus Avenicci,0001A67D,NPC L Hand [LHnd],16,0.000,0.000,0.000,63.745,6.025,4.0000,8.334,0.000,0.000,0.000,0.0000,0.0000,0.0000,15.909,-8.959,-61.074,DeadBip,-,-,000001EB3A29C400,0,0,0,-,
467,2600.876,11.0555,separate,ragdoll,Proventus Avenicci,0001A67D,NPC COM [COM ],0,0.000,0.000,0.000,0.080,0.008,50.0000,17.687,0.000,0.000,0.000,0.0000,0.0000,0.0000,0.035,-0.071,0.006,DeadBip,-,-,000001EB3A166B00,16,0,0,-,
468,2608.590,11.0555,listener,ragdoll,Proventus Avenicci,0001A67D,-,-,0.000,0.000,0.000,0.000,0.000,0.0000,0.000,-311.888,-308.942,-318.000,0.1924,0.9813,0.0000,0.000,0.000,0.000,-,-,-,0000000000000000,-,0,0,-,tick
469,2620.932,11.0555,touch,ragdoll,Proventus Avenicci,0001A67D,NPC L Hand [LHnd],16,0.000,0.000,0.000,69.683,6.415,4.0000,8.334,0.000,0.000,0.000,0.0000,0.0000,0.0000,15.894,-6.241,-67.558,Static,-,-,000001EA6640D000,-,0,0,-,
470,2621.319,11.0555,impact,ragdoll,Proventus Avenicci,0001A67D,NPC L Hand [LHnd],16,15.852,15.852,69.775,69.612,6.411,4.0000,8.334,-212.730,136.850,-312.394,-1.0000,-0.0000,-0.0000,15.878,-6.234,-67.489,Static,Stone,shape,000001EA6640D000,-,1,1,-,
471,2621.379,11.0555,touch,ragdoll,Proventus Avenicci,0001A67D,NPC L Hand [LHnd],16,0.000,0.000,0.000,49.082,6.742,4.0000,8.334,0.000,0.000,0.000,0.0000,0.0000,0.0000,4.467,-4.660,-48.655,Static,-,-,000001EAE4AD0D00,-,0,0,-,
472,2630.139,11.0556,listener,ragdoll,Proventus Avenicci,0001A67D,-,-,0.000,0.000,0.000,0.000,0.000,0.0000,0.000,-311.888,-308.942,-318.000,0.1924,0.9813,0.0000,0.000,0.000,0.000,-,-,-,0000000000000000,-,0,0,-,tick
473,2640.680,11.0556,impact,ragdoll,Proventus Avenicci,0001A67D,NPC L Forearm [LLar],14,5.073,5.073,33.914,20.726,3.362,2.0000,11.658,-212.709,142.823,-316.206,-1.0000,0.0000,0.0000,1.763,-0.650,-20.641,Static,Stone,shape,000001EA6640D000,-,0,1,-,
474,2640.685,11.0556,impact,ragdoll,Proventus Avenicci,0001A67D,NPC L Hand [LHnd],16,48.684,48.684,38.104,49.031,6.739,4.0000,8.334,-220.577,136.776,-319.650,0.0000,-0.0000,1.0000,4.462,-4.655,-48.605,Static,Wood,shape,000001EAE4AD0D00,-,1,1,-,
475,2670.260,11.0557,listener,ragdoll,Proventus Avenicci,0001A67D,-,-,0.000,0.000,0.000,0.000,0.000,0.0000,0.000,-311.888,-308.942,-318.000,0.1924,0.9813,0.0000,0.000,0.000,0.000,-,-,-,0000000000000000,-,0,0,-,tick
476,2690.538,11.0558,listener,ragdoll,Proventus Avenicci,0001A67D,-,-,0.000,0.000,0.000,0.000,0.000,0.0000,0.000,-311.888,-308.942,-318.000,0.1924,0.9813,0.0000,0.000,0.000,0.000,-,-,-,0000000000000000,-,0,0,-,tick
477,2729.798,11.0559,listener,ragdoll,Proventus Avenicci,0001A67D,-,-,0.000,0.000,0.000,0.000,0.000,0.0000,0.000,-311.888,-308.942,-318.000,0.1924,0.9813,0.0000,0.000,0.000,0.000,-,-,-,0000000000000000,-,0,0,-,tick
478,2770.641,11.0560,listener,ragdoll,Proventus Avenicci,0001A67D,-,-,0.000,0.000,0.000,0.000,0.000,0.0000,0.000,-311.888,-308.942,-318.000,0.1924,0.9813,0.0000,0.000,0.000,0.000,-,-,-,0000000000000000,-,0,0,-,tick
479,2790.776,11.0560,listener,ragdoll,Proventus Avenicci,0001A67D,-,-,0.000,0.000,0.000,0.000,0.000,0.0000,0.000,-311.888,-308.942,-318.000,0.1924,0.9813,0.0000,0.000,0.000,0.000,-,-,-,0000000000000000,-,0,0,-,tick
480,2830.107,11.0562,listener,ragdoll,Proventus Avenicci,0001A67D,-,-,0.000,0.000,0.000,0.000,0.000,0.0000,0.000,-311.888,-308.942,-318.000,0.1924,0.9813,0.0000,0.000,0.000,0.000,-,-,-,0000000000000000,-,0,0,-,tick
481,2851.347,11.0562,listener,ragdoll,Proventus Avenicci,0001A67D,-,-,0.000,0.000,0.000,0.000,0.000,0.0000,0.000,-311.888,-308.942,-318.000,0.1924,0.9813,0.0000,0.000,0.000,0.000,-,-,-,0000000000000000,-,0,0,-,tick
482,2892.103,11.0563,listener,ragdoll,Proventus Avenicci,0001A67D,-,-,0.000,0.000,0.000,0.000,0.000,0.0000,0.000,-311.888,-308.942,-318.000,0.1924,0.9813,0.0000,0.000,0.000,0.000,-,-,-,0000000000000000,-,0,0,-,tick
483,2912.605,11.0564,listener,ragdoll,Proventus Avenicci,0001A67D,-,-,0.000,0.000,0.000,0.000,0.000,0.0000,0.000,-311.888,-308.942,-318.000,0.1924,0.9813,0.0000,0.000,0.000,0.000,-,-,-,0000000000000000,-,0,0,-,tick
484,2924.783,11.0564,touch,ragdoll,Proventus Avenicci,0001A67D,NPC L Forearm [LLar],14,0.000,0.000,0.000,1.143,0.174,2.0000,11.658,0.000,0.000,0.000,0.0000,0.0000,0.0000,-1.112,0.008,-0.263,DeadBip,-,-,000001EB3A29C400,0,0,0,-,
485,2924.784,11.0564,touch,ragdoll,Proventus Avenicci,0001A67D,NPC COM [COM ],0,0.000,0.000,0.000,0.000,0.000,50.0000,17.687,0.000,0.000,0.000,0.0000,0.0000,0.0000,0.000,0.000,0.000,DeadBip,-,-,000001EB3A166E00,14,0,0,-,
486,2924.803,11.0564,separate,ragdoll,Proventus Avenicci,0001A67D,NPC L Hand [LHnd],16,0.000,0.000,0.000,4.260,0.901,4.0000,8.334,0.000,0.000,0.000,0.0000,0.0000,0.0000,-4.247,0.320,0.012,Static,-,-,000001EA6640D000,-,0,0,-,
487,2925.150,11.0564,touch,ragdoll,Proventus Avenicci,0001A67D,NPC L Hand [LHnd],16,0.000,0.000,0.000,4.247,0.904,4.0000,8.334,0.000,0.000,0.000,0.0000,0.0000,0.0000,-4.235,0.318,0.012,DeadBip,-,-,000001EB3A29C400,0,0,0,-,
488,2925.150,11.0564,touch,ragdoll,Proventus Avenicci,0001A67D,NPC COM [COM ],0,0.000,0.000,0.000,0.000,0.000,50.0000,17.687,0.000,0.000,0.000,0.0000,0.0000,0.0000,0.000,0.000,0.000,DeadBip,-,-,000001EB3A166B00,16,0,0,-,
489,2955.141,11.0565,listener,ragdoll,Proventus Avenicci,0001A67D,-,-,0.000,0.000,0.000,0.000,0.000,0.0000,0.000,-311.888,-308.942,-318.000,0.1924,0.9813,0.0000,0.000,0.000,0.000,-,-,-,0000000000000000,-,0,0,-,tick
490,2996.994,11.0566,listener,ragdoll,Proventus Avenicci,0001A67D,-,-,0.000,0.000,0.000,0.000,0.000,0.0000,0.000,-311.888,-308.942,-318.000,0.1924,0.9813,0.0000,0.000,0.000,0.000,-,-,-,0000000000000000,-,0,0,-,tick
491,3018.416,11.0567,listener,ragdoll,Proventus Avenicci,0001A67D,-,-,0.000,0.000,0.000,0.000,0.000,0.0000,0.000,-311.888,-308.942,-318.000,0.1924,0.9813,0.0000,0.000,0.000,0.000,-,-,-,0000000000000000,-,0,0,-,tick
492,3059.036,11.0568,listener,ragdoll,Proventus Avenicci,0001A67D,-,-,0.000,0.000,0.000,0.000,0.000,0.0000,0.000,-311.888,-308.942,-318.000,0.1924,0.9813,0.0000,0.000,0.000,0.000,-,-,-,0000000000000000,-,0,0,-,tick
493,3079.872,11.0568,listener,ragdoll,Proventus Avenicci,0001A67D,-,-,0.000,0.000,0.000,0.000,0.000,0.0000,0.000,-311.888,-308.942,-318.000,0.1924,0.9813,0.0000,0.000,0.000,0.000,-,-,-,0000000000000000,-,0,0,-,tick
494,3121.585,11.0570,listener,ragdoll,Proventus Avenicci,0001A67D,-,-,0.000,0.000,0.000,0.000,0.000,0.0000,0.000,-311.888,-308.942,-318.000,0.1924,0.9813,0.0000,0.000,0.000,0.000,-,-,-,0000000000000000,-,0,0,-,tick
495,3141.867,11.0570,listener,ragdoll,Proventus Avenicci,0001A67D,-,-,0.000,0.000,0.000,0.000,0.000,0.0000,0.000,-311.888,-308.942,-318.000,0.1924,0.9813,0.0000,0.000,0.000,0.000,-,-,-,0000000000000000,-,0,0,-,tick
496,3180.094,11.0571,listener,ragdoll,Proventus Avenicci,0001A67D,-,-,0.000,0.000,0.000,0.000,0.000,0.0000,0.000,-311.888,-308.942,-318.000,0.1924,0.9813,0.0000,0.000,0.000,0.000,-,-,-,0000000000000000,-,0,0,-,tick
497,3219.760,11.0572,listener,ragdoll,Proventus Avenicci,0001A67D,-,-,0.000,0.000,0.000,0.000,0.000,0.0000,0.000,-311.888,-308.942,-318.000,0.1924,0.9813,0.0000,0.000,0.000,0.000,-,-,-,0000000000000000,-,0,0,-,tick
498,3239.157,11.0573,listener,ragdoll,Proventus Avenicci,0001A67D,-,-,0.000,0.000,0.000,0.000,0.000,0.0000,0.000,-311.888,-308.942,-318.000,0.1924,0.9813,0.0000,0.000,0.000,0.000,-,-,-,0000000000000000,-,0,0,-,tick
499,3281.408,11.0574,listener,ragdoll,Proventus Avenicci,0001A67D,-,-,0.000,0.000,0.000,0.000,0.000,0.0000,0.000,-311.888,-308.942,-318.000,0.1924,0.9813,0.0000,0.000,0.000,0.000,-,-,-,0000000000000000,-,0,0,-,tick
500,3300.628,11.0575,listener,ragdoll,Proventus Avenicci,0001A67D,-,-,0.000,0.000,0.000,0.000,0.000,0.0000,0.000,-311.888,-308.942,-318.000,0.1924,0.9813,0.0000,0.000,0.000,0.000,-,-,-,0000000000000000,-,0,0,-,tick
501,3341.835,11.0576,listener,ragdoll,Proventus Avenicci,0001A67D,-,-,0.000,0.000,0.000,0.000,0.000,0.0000,0.000,-311.888,-308.942,-318.000,0.1924,0.9813,0.0000,0.000,0.000,0.000,-,-,-,0000000000000000,-,0,0,-,tick
502,3374.721,11.0577,touch,ragdoll,Proventus Avenicci,0001A67D,NPC L Hand [LHnd],16,0.000,0.000,0.000,6.515,1.350,4.0000,8.334,0.000,0.000,0.000,0.0000,0.0000,0.0000,-6.364,1.394,-0.004,DeadBip,-,-,000001EB3A29D000,3,0,0,-,
503,3374.722,11.0577,touch,ragdoll,Proventus Avenicci,0001A67D,NPC Spine [Spn0],3,0.000,0.000,0.000,0.000,0.000,4.0000,17.297,0.000,0.000,0.000,0.0000,0.0000,0.0000,0.000,0.000,0.000,DeadBip,-,-,000001EB3A166B00,16,0,0,-,
504,3375.124,11.0577,impact,ragdoll,Proventus Avenicci,0001A67D,NPC L Hand [LHnd],16,5.414,5.414,15.229,6.508,1.349,4.0000,8.334,-231.688,145.294,-310.627,0.6956,-0.6861,-0.2132,-6.357,1.392,-0.004,DeadBip,Skin,shape,000001EB3A29D000,3,1,1,-,
505,3375.124,11.0577,impact,ragdoll,Proventus Avenicci,0001A67D,NPC Spine [Spn0],3,5.414,-5.414,15.229,0.000,0.000,4.0000,17.297,-231.688,145.294,-310.627,0.6956,-0.6861,-0.2132,0.000,0.000,0.000,DeadBip,Skin,shape,000001EB3A166B00,16,1,1,-,
506,3384.335,11.0577,listener,ragdoll,Proventus Avenicci,0001A67D,-,-,0.000,0.000,0.000,0.000,0.000,0.0000,0.000,-311.888,-308.942,-318.000,0.1924,0.9813,0.0000,0.000,0.000,0.000,-,-,-,0000000000000000,-,0,0,-,tick
507,3405.323,11.0577,listener,ragdoll,Proventus Avenicci,0001A67D,-,-,0.000,0.000,0.000,0.000,0.000,0.0000,0.000,-311.888,-308.942,-318.000,0.1924,0.9813,0.0000,0.000,0.000,0.000,-,-,-,0000000000000000,-,0,0,-,tick
508,3447.014,11.0579,listener,ragdoll,Proventus Avenicci,0001A67D,-,-,0.000,0.000,0.000,0.000,0.000,0.0000,0.000,-311.888,-308.942,-318.000,0.1924,0.9813,0.0000,0.000,0.000,0.000,-,-,-,0000000000000000,-,0,0,-,tick
509,3467.460,11.0579,listener,ragdoll,Proventus Avenicci,0001A67D,-,-,0.000,0.000,0.000,0.000,0.000,0.0000,0.000,-311.888,-308.942,-318.000,0.1924,0.9813,0.0000,0.000,0.000,0.000,-,-,-,0000000000000000,-,0,0,-,tick
510,3509.404,11.0580,listener,ragdoll,Proventus Avenicci,0001A67D,-,-,0.000,0.000,0.000,0.000,0.000,0.0000,0.000,-311.888,-308.942,-318.000,0.1924,0.9813,0.0000,0.000,0.000,0.000,-,-,-,0000000000000000,-,0,0,-,tick
511,3528.562,11.0581,listener,ragdoll,Proventus Avenicci,0001A67D,-,-,0.000,0.000,0.000,0.000,0.000,0.0000,0.000,-311.888,-308.942,-318.000,0.1924,0.9813,0.0000,0.000,0.000,0.000,-,-,-,0000000000000000,-,0,0,-,tick
512,3568.772,11.0582,listener,ragdoll,Proventus Avenicci,0001A67D,-,-,0.000,0.000,0.000,0.000,0.000,0.0000,0.000,-311.888,-308.942,-318.000,0.1924,0.9813,0.0000,0.000,0.000,0.000,-,-,-,0000000000000000,-,0,0,-,tick
513,3608.729,11.0583,listener,ragdoll,Proventus Avenicci,0001A67D,-,-,0.000,0.000,0.000,0.000,0.000,0.0000,0.000,-311.888,-308.942,-318.000,0.1924,0.9813,0.0000,0.000,0.000,0.000,-,-,-,0000000000000000,-,0,0,-,tick
514,3628.254,11.0584,listener,ragdoll,Proventus Avenicci,0001A67D,-,-,0.000,0.000,0.000,0.000,0.000,0.0000,0.000,-311.888,-308.942,-318.000,0.1924,0.9813,0.0000,0.000,0.000,0.000,-,-,-,0000000000000000,-,0,0,-,tick
515,3668.366,11.0585,listener,ragdoll,Proventus Avenicci,0001A67D,-,-,0.000,0.000,0.000,0.000,0.000,0.0000,0.000,-311.888,-308.942,-318.000,0.1924,0.9813,0.0000,0.000,0.000,0.000,-,-,-,0000000000000000,-,0,0,-,tick
516,3688.557,11.0585,listener,ragdoll,Proventus Avenicci,0001A67D,-,-,0.000,0.000,0.000,0.000,0.000,0.0000,0.000,-311.888,-308.942,-318.000,0.1924,0.9813,0.0000,0.000,0.000,0.000,-,-,-,0000000000000000,-,0,0,-,tick
517,3728.367,11.0587,listener,ragdoll,Proventus Avenicci,0001A67D,-,-,0.000,0.000,0.000,0.000,0.000,0.0000,0.000,-311.888,-308.942,-318.000,0.1924,0.9813,0.0000,0.000,0.000,0.000,-,-,-,0000000000000000,-,0,0,-,tick
518,3769.802,11.0588,listener,ragdoll,Proventus Avenicci,0001A67D,-,-,0.000,0.000,0.000,0.000,0.000,0.0000,0.000,-311.888,-308.942,-318.000,0.1924,0.9813,0.0000,0.000,0.000,0.000,-,-,-,0000000000000000,-,0,0,-,tick
519,3790.385,11.0588,listener,ragdoll,Proventus Avenicci,0001A67D,-,-,0.000,0.000,0.000,0.000,0.000,0.0000,0.000,-311.888,-308.942,-318.000,0.1924,0.9813,0.0000,0.000,0.000,0.000,-,-,-,0000000000000000,-,0,0,-,tick
520,3831.397,11.0589,listener,ragdoll,Proventus Avenicci,0001A67D,-,-,0.000,0.000,0.000,0.000,0.000,0.0000,0.000,-311.888,-308.942,-318.000,0.1924,0.9813,0.0000,0.000,0.000,0.000,-,-,-,0000000000000000,-,0,0,-,tick
521,3853.642,11.0590,listener,ragdoll,Proventus Avenicci,0001A67D,-,-,0.000,0.000,0.000,0.000,0.000,0.0000,0.000,-311.888,-308.942,-318.000,0.1924,0.9813,0.0000,0.000,0.000,0.000,-,-,-,0000000000000000,-,0,0,-,tick
522,3894.981,11.0591,listener,ragdoll,Proventus Avenicci,0001A67D,-,-,0.000,0.000,0.000,0.000,0.000,0.0000,0.000,-311.888,-308.942,-318.000,0.1924,0.9813,0.0000,0.000,0.000,0.000,-,-,-,0000000000000000,-,0,0,-,tick
523,3916.068,11.0592,listener,ragdoll,Proventus Avenicci,0001A67D,-,-,0.000,0.000,0.000,0.000,0.000,0.0000,0.000,-311.888,-308.942,-318.000,0.1924,0.9813,0.0000,0.000,0.000,0.000,-,-,-,0000000000000000,-,0,0,-,tick
524,3957.956,11.0593,listener,ragdoll,Proventus Avenicci,0001A67D,-,-,0.000,0.000,0.000,0.000,0.000,0.0000,0.000,-311.888,-308.942,-318.000,0.1924,0.9813,0.0000,0.000,0.000,0.000,-,-,-,0000000000000000,-,0,0,-,tick
525,3978.868,11.0593,listener,ragdoll,Proventus Avenicci,0001A67D,-,-,0.000,0.000,0.000,0.000,0.000,0.0000,0.000,-311.888,-308.942,-318.000,0.1924,0.9813,0.0000,0.000,0.000,0.000,-,-,-,0000000000000000,-,0,0,-,tick
526,4020.762,11.0595,listener,ragdoll,Proventus Avenicci,0001A67D,-,-,0.000,0.000,0.000,0.000,0.000,0.0000,0.000,-311.888,-308.942,-318.000,0.1924,0.9813,0.0000,0.000,0.000,0.000,-,-,-,0000000000000000,-,0,0,-,tick
527,4042.233,11.0595,listener,ragdoll,Proventus Avenicci,0001A67D,-,-,0.000,0.000,0.000,0.000,0.000,0.0000,0.000,-311.888,-308.942,-318.000,0.1924,0.9813,0.0000,0.000,0.000,0.000,-,-,-,0000000000000000,-,0,0,-,tick
528,4082.440,11.0596,listener,ragdoll,Proventus Avenicci,0001A67D,-,-,0.000,0.000,0.000,0.000,0.000,0.0000,0.000,-311.888,-308.942,-318.000,0.1924,0.9813,0.0000,0.000,0.000,0.000,-,-,-,0000000000000000,-,0,0,-,tick
529,4124.254,11.0597,listener,ragdoll,Proventus Avenicci,0001A67D,-,-,0.000,0.000,0.000,0.000,0.000,0.0000,0.000,-311.888,-308.942,-318.000,0.1924,0.9813,0.0000,0.000,0.000,0.000,-,-,-,0000000000000000,-,0,0,-,tick
530,4143.189,11.0598,listener,ragdoll,Proventus Avenicci,0001A67D,-,-,0.000,0.000,0.000,0.000,0.000,0.0000,0.000,-311.888,-308.942,-318.000,0.1924,0.9813,0.0000,0.000,0.000,0.000,-,-,-,0000000000000000,-,0,0,-,tick
531,4183.693,11.0599,listener,ragdoll,Proventus Avenicci,0001A67D,-,-,0.000,0.000,0.000,0.000,0.000,0.0000,0.000,-311.888,-308.942,-318.000,0.1924,0.9813,0.0000,0.000,0.000,0.000,-,-,-,0000000000000000,-,0,0,-,tick
532,4204.586,11.0600,listener,ragdoll,Proventus Avenicci,0001A67D,-,-,0.000,0.000,0.000,0.000,0.000,0.0000,0.000,-311.888,-308.942,-318.000,0.1924,0.9813,0.0000,0.000,0.000,0.000,-,-,-,0000000000000000,-,0,0,-,tick
533,4244.352,11.0601,listener,ragdoll,Proventus Avenicci,0001A67D,-,-,0.000,0.000,0.000,0.000,0.000,0.0000,0.000,-311.888,-308.942,-318.000,0.1924,0.9813,0.0000,0.000,0.000,0.000,-,-,-,0000000000000000,-,0,0,-,tick
534,4286.425,11.0602,listener,ragdoll,Proventus Avenicci,0001A67D,-,-,0.000,0.000,0.000,0.000,0.000,0.0000,0.000,-311.888,-308.942,-318.000,0.1924,0.9813,0.0000,0.000,0.000,0.000,-,-,-,0000000000000000,-,0,0,-,tick
535,4306.387,11.0603,listener,ragdoll,Proventus Avenicci,0001A67D,-,-,0.000,0.000,0.000,0.000,0.000,0.0000,0.000,-311.888,-308.942,-318.000,0.1924,0.9813,0.0000,0.000,0.000,0.000,-,-,-,0000000000000000,-,0,0,-,tick
536,4346.888,11.0604,listener,ragdoll,Proventus Avenicci,0001A67D,-,-,0.000,0.000,0.000,0.000,0.000,0.0000,0.000,-311.888,-308.942,-318.000,0.1924,0.9813,0.0000,0.000,0.000,0.000,-,-,-,0000000000000000,-,0,0,-,tick
537,4368.187,11.0604,listener,ragdoll,Proventus Avenicci,0001A67D,-,-,0.000,0.000,0.000,0.000,0.000,0.0000,0.000,-311.888,-308.942,-318.000,0.1924,0.9813,0.0000,0.000,0.000,0.000,-,-,-,0000000000000000,-,0,0,-,tick
538,4411.522,11.0605,listener,ragdoll,Proventus Avenicci,0001A67D,-,-,0.000,0.000,0.000,0.000,0.000,0.0000,0.000,-311.888,-308.942,-318.000,0.1924,0.9813,0.0000,0.000,0.000,0.000,-,-,-,0000000000000000,-,0,0,-,tick
539,4430.468,11.0606,listener,ragdoll,Proventus Avenicci,0001A67D,-,-,0.000,0.000,0.000,0.000,0.000,0.0000,0.000,-311.888,-308.942,-318.000,0.1924,0.9813,0.0000,0.000,0.000,0.000,-,-,-,0000000000000000,-,0,0,-,tick
540,4470.305,11.0607,listener,ragdoll,Proventus Avenicci,0001A67D,-,-,0.000,0.000,0.000,0.000,0.000,0.0000,0.000,-311.888,-308.942,-318.000,0.1924,0.9813,0.0000,0.000,0.000,0.000,-,-,-,0000000000000000,-,0,0,-,tick
541,4510.691,11.0608,listener,ragdoll,Proventus Avenicci,0001A67D,-,-,0.000,0.000,0.000,0.000,0.000,0.0000,0.000,-311.888,-308.942,-318.000,0.1924,0.9813,0.0000,0.000,0.000,0.000,-,-,-,0000000000000000,-,0,0,-,tick
542,4534.044,11.0609,listener,ragdoll,Proventus Avenicci,0001A67D,-,-,0.000,0.000,0.000,0.000,0.000,0.0000,0.000,-311.888,-308.942,-318.000,0.1924,0.9813,0.0000,0.000,0.000,0.000,-,-,-,0000000000000000,-,0,0,-,tick
543,4571.762,11.0610,listener,ragdoll,Proventus Avenicci,0001A67D,-,-,0.000,0.000,0.000,0.000,0.000,0.0000,0.000,-311.888,-308.942,-318.000,0.1924,0.9813,0.0000,0.000,0.000,0.000,-,-,-,0000000000000000,-,0,0,-,tick
544,4593.332,11.0611,listener,ragdoll,Proventus Avenicci,0001A67D,-,-,0.000,0.000,0.000,0.000,0.000,0.0000,0.000,-311.888,-308.942,-318.000,0.1924,0.9813,0.0000,0.000,0.000,0.000,-,-,-,0000000000000000,-,0,0,-,tick
545,4633.114,11.0612,listener,ragdoll,Proventus Avenicci,0001A67D,-,-,0.000,0.000,0.000,0.000,0.000,0.0000,0.000,-311.888,-308.942,-318.000,0.1924,0.9813,0.0000,0.000,0.000,0.000,-,-,-,0000000000000000,-,0,0,-,tick
546,4654.243,11.0612,listener,ragdoll,Proventus Avenicci,0001A67D,-,-,0.000,0.000,0.000,0.000,0.000,0.0000,0.000,-311.888,-308.942,-318.000,0.1924,0.9813,0.0000,0.000,0.000,0.000,-,-,-,0000000000000000,-,0,0,-,tick
547,4695.719,11.0613,listener,ragdoll,Proventus Avenicci,0001A67D,-,-,0.000,0.000,0.000,0.000,0.000,0.0000,0.000,-311.888,-308.942,-318.000,0.1924,0.9813,0.0000,0.000,0.000,0.000,-,-,-,0000000000000000,-,0,0,-,tick
548,4737.397,11.0615,listener,ragdoll,Proventus Avenicci,0001A67D,-,-,0.000,0.000,0.000,0.000,0.000,0.0000,0.000,-311.888,-308.942,-318.000,0.1924,0.9813,0.0000,0.000,0.000,0.000,-,-,-,0000000000000000,-,0,0,-,tick
549,4758.145,11.0615,listener,ragdoll,Proventus Avenicci,0001A67D,-,-,0.000,0.000,0.000,0.000,0.000,0.0000,0.000,-311.888,-308.942,-318.000,0.1924,0.9813,0.0000,0.000,0.000,0.000,-,-,-,0000000000000000,-,0,0,-,tick
550,4799.990,11.0616,listener,ragdoll,Proventus Avenicci,0001A67D,-,-,0.000,0.000,0.000,0.000,0.000,0.0000,0.000,-311.888,-308.942,-318.000,0.1924,0.9813,0.0000,0.000,0.000,0.000,-,-,-,0000000000000000,-,0,0,-,tick
551,4821.997,11.0617,listener,ragdoll,Proventus Avenicci,0001A67D,-,-,0.000,0.000,0.000,0.000,0.000,0.0000,0.000,-311.888,-308.942,-318.000,0.1924,0.9813,0.0000,0.000,0.000,0.000,-,-,-,0000000000000000,-,0,0,-,tick
552,4862.919,11.0618,listener,ragdoll,Proventus Avenicci,0001A67D,-,-,0.000,0.000,0.000,0.000,0.000,0.0000,0.000,-311.888,-308.942,-318.000,0.1924,0.9813,0.0000,0.000,0.000,0.000,-,-,-,0000000000000000,-,0,0,-,tick
553,4882.796,11.0619,listener,ragdoll,Proventus Avenicci,0001A67D,-,-,0.000,0.000,0.000,0.000,0.000,0.0000,0.000,-311.888,-308.942,-318.000,0.1924,0.9813,0.0000,0.000,0.000,0.000,-,-,-,0000000000000000,-,0,0,-,tick
554,4922.478,11.0620,listener,ragdoll,Proventus Avenicci,0001A67D,-,-,0.000,0.000,0.000,0.000,0.000,0.0000,0.000,-311.888,-308.942,-318.000,0.1924,0.9813,0.0000,0.000,0.000,0.000,-,-,-,0000000000000000,-,0,0,-,tick
555,4960.932,11.0621,listener,ragdoll,Proventus Avenicci,0001A67D,-,-,0.000,0.000,0.000,0.000,0.000,0.0000,0.000,-311.888,-308.942,-318.000,0.1924,0.9813,0.0000,0.000,0.000,0.000,-,-,-,0000000000000000,-,0,0,-,tick
556,4980.823,11.0621,listener,ragdoll,Proventus Avenicci,0001A67D,-,-,0.000,0.000,0.000,0.000,0.000,0.0000,0.000,-311.888,-308.942,-318.000,0.1924,0.9813,0.0000,0.000,0.000,0.000,-,-,-,0000000000000000,-,0,0,-,tick
557,5020.312,11.0622,listener,ragdoll,Proventus Avenicci,0001A67D,-,-,0.000,0.000,0.000,0.000,0.000,0.0000,0.000,-311.888,-308.942,-318.000,0.1924,0.9813,0.0000,0.000,0.000,0.000,-,-,-,0000000000000000,-,0,0,-,tick
558,5059.521,11.0624,listener,ragdoll,Proventus Avenicci,0001A67D,-,-,0.000,0.000,0.000,0.000,0.000,0.0000,0.000,-311.888,-308.942,-318.000,0.1924,0.9813,0.0000,0.000,0.000,0.000,-,-,-,0000000000000000,-,0,0,-,tick
559,5080.671,11.0624,listener,ragdoll,Proventus Avenicci,0001A67D,-,-,0.000,0.000,0.000,0.000,0.000,0.0000,0.000,-311.888,-308.942,-318.000,0.1924,0.9813,0.0000,0.000,0.000,0.000,-,-,-,0000000000000000,-,0,0,-,tick
560,5122.093,11.0625,listener,ragdoll,Proventus Avenicci,0001A67D,-,-,0.000,0.000,0.000,0.000,0.000,0.0000,0.000,-311.888,-308.942,-318.000,0.1924,0.9813,0.0000,0.000,0.000,0.000,-,-,-,0000000000000000,-,0,0,-,tick
561,5141.269,11.0626,listener,ragdoll,Proventus Avenicci,0001A67D,-,-,0.000,0.000,0.000,0.000,0.000,0.0000,0.000,-311.888,-308.942,-318.000,0.1924,0.9813,0.0000,0.000,0.000,0.000,-,-,-,0000000000000000,-,0,0,-,tick
562,5183.189,11.0627,listener,ragdoll,Proventus Avenicci,0001A67D,-,-,0.000,0.000,0.000,0.000,0.000,0.0000,0.000,-311.888,-308.942,-318.000,0.1924,0.9813,0.0000,0.000,0.000,0.000,-,-,-,0000000000000000,-,0,0,-,tick
563,5205.150,11.0627,listener,ragdoll,Proventus Avenicci,0001A67D,-,-,0.000,0.000,0.000,0.000,0.000,0.0000,0.000,-311.888,-308.942,-318.000,0.1924,0.9813,0.0000,0.000,0.000,0.000,-,-,-,0000000000000000,-,0,0,-,tick
564,5246.148,11.0629,listener,ragdoll,Proventus Avenicci,0001A67D,-,-,0.000,0.000,0.000,0.000,0.000,0.0000,0.000,-311.888,-308.942,-318.000,0.1924,0.9813,0.0000,0.000,0.000,0.000,-,-,-,0000000000000000,-,0,0,-,tick
565,5267.980,11.0629,listener,ragdoll,Proventus Avenicci,0001A67D,-,-,0.000,0.000,0.000,0.000,0.000,0.0000,0.000,-311.888,-308.942,-318.000,0.1924,0.9813,0.0000,0.000,0.000,0.000,-,-,-,0000000000000000,-,0,0,-,tick
566,5310.158,11.0630,listener,ragdoll,Proventus Avenicci,0001A67D,-,-,0.000,0.000,0.000,0.000,0.000,0.0000,0.000,-311.888,-308.942,-318.000,0.1924,0.9813,0.0000,0.000,0.000,0.000,-,-,-,0000000000000000,-,0,0,-,tick
567,5332.605,11.0631,listener,ragdoll,Proventus Avenicci,0001A67D,-,-,0.000,0.000,0.000,0.000,0.000,0.0000,0.000,-311.888,-308.942,-318.000,0.1924,0.9813,0.0000,0.000,0.000,0.000,-,-,-,0000000000000000,-,0,0,-,tick
568,5375.317,11.0632,listener,ragdoll,Proventus Avenicci,0001A67D,-,-,0.000,0.000,0.000,0.000,0.000,0.0000,0.000,-311.888,-308.942,-318.000,0.1924,0.9813,0.0000,0.000,0.000,0.000,-,-,-,0000000000000000,-,0,0,-,tick
569,5397.213,11.0633,listener,ragdoll,Proventus Avenicci,0001A67D,-,-,0.000,0.000,0.000,0.000,0.000,0.0000,0.000,-311.888,-308.942,-318.000,0.1924,0.9813,0.0000,0.000,0.000,0.000,-,-,-,0000000000000000,-,0,0,-,tick
570,5437.750,11.0634,listener,ragdoll,Proventus Avenicci,0001A67D,-,-,0.000,0.000,0.000,0.000,0.000,0.0000,0.000,-311.888,-308.942,-318.000,0.1924,0.9813,0.0000,0.000,0.000,0.000,-,-,-,0000000000000000,-,0,0,-,tick
571,5478.885,11.0635,listener,ragdoll,Proventus Avenicci,0001A67D,-,-,0.000,0.000,0.000,0.000,0.000,0.0000,0.000,-311.888,-308.942,-318.000,0.1924,0.9813,0.0000,0.000,0.000,0.000,-,-,-,0000000000000000,-,0,0,-,tick
572,5497.656,11.0636,listener,ragdoll,Proventus Avenicci,0001A67D,-,-,0.000,0.000,0.000,0.000,0.000,0.0000,0.000,-311.888,-308.942,-318.000,0.1924,0.9813,0.0000,0.000,0.000,0.000,-,-,-,0000000000000000,-,0,0,-,tick
573,5536.113,11.0637,listener,ragdoll,Proventus Avenicci,0001A67D,-,-,0.000,0.000,0.000,0.000,0.000,0.0000,0.000,-311.888,-308.942,-318.000,0.1924,0.9813,0.0000,0.000,0.000,0.000,-,-,-,0000000000000000,-,0,0,-,tick
574,5575.148,11.0638,listener,ragdoll,Proventus Avenicci,0001A67D,-,-,0.000,0.000,0.000,0.000,0.000,0.0000,0.000,-311.888,-308.942,-318.000,0.1924,0.9813,0.0000,0.000,0.000,0.000,-,-,-,0000000000000000,-,0,0,-,tick
575,5595.025,11.0638,listener,ragdoll,Proventus Avenicci,0001A67D,-,-,0.000,0.000,0.000,0.000,0.000,0.0000,0.000,-311.888,-308.942,-318.000,0.1924,0.9813,0.0000,0.000,0.000,0.000,-,-,-,0000000000000000,-,0,0,-,tick
576,5634.535,11.0640,listener,ragdoll,Proventus Avenicci,0001A67D,-,-,0.000,0.000,0.000,0.000,0.000,0.0000,0.000,-311.888,-308.942,-318.000,0.1924,0.9813,0.0000,0.000,0.000,0.000,-,-,-,0000000000000000,-,0,0,-,tick
577,5655.226,11.0640,listener,ragdoll,Proventus Avenicci,0001A67D,-,-,0.000,0.000,0.000,0.000,0.000,0.0000,0.000,-311.888,-308.942,-318.000,0.1924,0.9813,0.0000,0.000,0.000,0.000,-,-,-,0000000000000000,-,0,0,-,tick
578,5697.717,11.0641,listener,ragdoll,Proventus Avenicci,0001A67D,-,-,0.000,0.000,0.000,0.000,0.000,0.0000,0.000,-311.888,-308.942,-318.000,0.1924,0.9813,0.0000,0.000,0.000,0.000,-,-,-,0000000000000000,-,0,0,-,tick
579,5739.990,11.0642,listener,ragdoll,Proventus Avenicci,0001A67D,-,-,0.000,0.000,0.000,0.000,0.000,0.0000,0.000,-311.888,-308.942,-318.000,0.1924,0.9813,0.0000,0.000,0.000,0.000,-,-,-,0000000000000000,-,0,0,-,tick
580,5760.760,11.0643,listener,ragdoll,Proventus Avenicci,0001A67D,-,-,0.000,0.000,0.000,0.000,0.000,0.0000,0.000,-311.888,-308.942,-318.000,0.1924,0.9813,0.0000,0.000,0.000,0.000,-,-,-,0000000000000000,-,0,0,-,tick
581,5804.829,11.0644,listener,ragdoll,Proventus Avenicci,0001A67D,-,-,0.000,0.000,0.000,0.000,0.000,0.0000,0.000,-311.888,-308.942,-318.000,0.1924,0.9813,0.0000,0.000,0.000,0.000,-,-,-,0000000000000000,-,0,0,-,tick
582,5827.028,11.0645,listener,ragdoll,Proventus Avenicci,0001A67D,-,-,0.000,0.000,0.000,0.000,0.000,0.0000,0.000,-311.888,-308.942,-318.000,0.1924,0.9813,0.0000,0.000,0.000,0.000,-,-,-,0000000000000000,-,0,0,-,tick
583,5869.501,11.0646,listener,ragdoll,Proventus Avenicci,0001A67D,-,-,0.000,0.000,0.000,0.000,0.000,0.0000,0.000,-311.888,-308.942,-318.000,0.1924,0.9813,0.0000,0.000,0.000,0.000,-,-,-,0000000000000000,-,0,0,-,tick
584,5890.309,11.0646,listener,ragdoll,Proventus Avenicci,0001A67D,-,-,0.000,0.000,0.000,0.000,0.000,0.0000,0.000,-311.888,-308.942,-318.000,0.1924,0.9813,0.0000,0.000,0.000,0.000,-,-,-,0000000000000000,-,0,0,-,tick
585,5930.426,11.0648,listener,ragdoll,Proventus Avenicci,0001A67D,-,-,0.000,0.000,0.000,0.000,0.000,0.0000,0.000,-311.888,-308.942,-318.000,0.1924,0.9813,0.0000,0.000,0.000,0.000,-,-,-,0000000000000000,-,0,0,-,tick
586,5949.952,11.0648,listener,ragdoll,Proventus Avenicci,0001A67D,-,-,0.000,0.000,0.000,0.000,0.000,0.0000,0.000,-311.888,-308.942,-318.000,0.1924,0.9813,0.0000,0.000,0.000,0.000,-,-,-,0000000000000000,-,0,0,-,tick
587,5988.399,11.0649,listener,ragdoll,Proventus Avenicci,0001A67D,-,-,0.000,0.000,0.000,0.000,0.000,0.0000,0.000,-311.888,-308.942,-318.000,0.1924,0.9813,0.0000,0.000,0.000,0.000,-,-,-,0000000000000000,-,0,0,-,tick
588,6025.311,11.0650,listener,ragdoll,Proventus Avenicci,0001A67D,-,-,0.000,0.000,0.000,0.000,0.000,0.0000,0.000,-311.888,-308.942,-318.000,0.1924,0.9813,0.0000,0.000,0.000,0.000,-,-,-,0000000000000000,-,0,0,-,tick
589,6045.376,11.0651,listener,ragdoll,Proventus Avenicci,0001A67D,-,-,0.000,0.000,0.000,0.000,0.000,0.0000,0.000,-311.888,-308.942,-318.000,0.1924,0.9813,0.0000,0.000,0.000,0.000,-,-,-,0000000000000000,-,0,0,-,tick
590,6085.061,11.0652,listener,ragdoll,Proventus Avenicci,0001A67D,-,-,0.000,0.000,0.000,0.000,0.000,0.0000,0.000,-311.888,-308.942,-318.000,0.1924,0.9813,0.0000,0.000,0.000,0.000,-,-,-,0000000000000000,-,0,0,-,tick
591,6124.592,11.0653,listener,ragdoll,Proventus Avenicci,0001A67D,-,-,0.000,0.000,0.000,0.000,0.000,0.0000,0.000,-311.888,-308.942,-318.000,0.1924,0.9813,0.0000,0.000,0.000,0.000,-,-,-,0000000000000000,-,0,0,-,tick
592,6145.435,11.0654,listener,ragdoll,Proventus Avenicci,0001A67D,-,-,0.000,0.000,0.000,0.000,0.000,0.0000,0.000,-311.888,-308.942,-318.000,0.1924,0.9813,0.0000,0.000,0.000,0.000,-,-,-,0000000000000000,-,0,0,-,tick
593,6187.719,11.0655,listener,ragdoll,Proventus Avenicci,0001A67D,-,-,0.000,0.000,0.000,0.000,0.000,0.0000,0.000,-311.888,-308.942,-318.000,0.1924,0.9813,0.0000,0.000,0.000,0.000,-,-,-,0000000000000000,-,0,0,-,tick
594,6210.049,11.0655,listener,ragdoll,Proventus Avenicci,0001A67D,-,-,0.000,0.000,0.000,0.000,0.000,0.0000,0.000,-311.888,-308.942,-318.000,0.1924,0.9813,0.0000,0.000,0.000,0.000,-,-,-,0000000000000000,-,0,0,-,tick
595,6252.441,11.0657,listener,ragdoll,Proventus Avenicci,0001A67D,-,-,0.000,0.000,0.000,0.000,0.000,0.0000,0.000,-311.888,-308.942,-318.000,0.1924,0.9813,0.0000,0.000,0.000,0.000,-,-,-,0000000000000000,-,0,0,-,tick
596,6274.528,11.0657,listener,ragdoll,Proventus Avenicci,0001A67D,-,-,0.000,0.000,0.000,0.000,0.000,0.0000,0.000,-311.888,-308.942,-318.000,0.1924,0.9813,0.0000,0.000,0.000,0.000,-,-,-,0000000000000000,-,0,0,-,tick
597,6318.511,11.0658,listener,ragdoll,Proventus Avenicci,0001A67D,-,-,0.000,0.000,0.000,0.000,0.000,0.0000,0.000,-311.888,-308.942,-318.000,0.1924,0.9813,0.0000,0.000,0.000,0.000,-,-,-,0000000000000000,-,0,0,-,tick
598,6339.950,11.0659,listener,ragdoll,Proventus Avenicci,0001A67D,-,-,0.000,0.000,0.000,0.000,0.000,0.0000,0.000,-311.888,-308.942,-318.000,0.1924,0.9813,0.0000,0.000,0.000,0.000,-,-,-,0000000000000000,-,0,0,-,tick
599,6383.744,11.0660,listener,ragdoll,Proventus Avenicci,0001A67D,-,-,0.000,0.000,0.000,0.000,0.000,0.0000,0.000,-311.888,-308.942,-318.000,0.1924,0.9813,0.0000,0.000,0.000,0.000,-,-,-,0000000000000000,-,0,0,-,tick
600,6404.082,11.0661,listener,ragdoll,Proventus Avenicci,0001A67D,-,-,0.000,0.000,0.000,0.000,0.000,0.0000,0.000,-311.888,-308.942,-318.000,0.1924,0.9813,0.0000,0.000,0.000,0.000,-,-,-,0000000000000000,-,0,0,-,tick
601,6446.403,11.0662,listener,ragdoll,Proventus Avenicci,0001A67D,-,-,0.000,0.000,0.000,0.000,0.000,0.0000,0.000,-311.888,-308.942,-318.000,0.1924,0.9813,0.0000,0.000,0.000,0.000,-,-,-,0000000000000000,-,0,0,-,tick
602,6466.139,11.0663,listener,ragdoll,Proventus Avenicci,0001A67D,-,-,0.000,0.000,0.000,0.000,0.000,0.0000,0.000,-311.888,-308.942,-318.000,0.1924,0.9813,0.0000,0.000,0.000,0.000,-,-,-,0000000000000000,-,0,0,-,tick
603,6505.305,11.0664,listener,ragdoll,Proventus Avenicci,0001A67D,-,-,0.000,0.000,0.000,0.000,0.000,0.0000,0.000,-311.888,-308.942,-318.000,0.1924,0.9813,0.0000,0.000,0.000,0.000,-,-,-,0000000000000000,-,0,0,-,tick
604,6543.524,11.0665,listener,ragdoll,Proventus Avenicci,0001A67D,-,-,0.000,0.000,0.000,0.000,0.000,0.0000,0.000,-311.888,-308.942,-318.000,0.1924,0.9813,0.0000,0.000,0.000,0.000,-,-,-,0000000000000000,-,0,0,-,tick
605,6566.490,11.0665,listener,ragdoll,Proventus Avenicci,0001A67D,-,-,0.000,0.000,0.000,0.000,0.000,0.0000,0.000,-311.888,-308.942,-318.000,0.1924,0.9813,0.0000,0.000,0.000,0.000,-,-,-,0000000000000000,-,0,0,-,tick
606,6604.239,11.0666,listener,ragdoll,Proventus Avenicci,0001A67D,-,-,0.000,0.000,0.000,0.000,0.000,0.0000,0.000,-311.888,-308.942,-318.000,0.1924,0.9813,0.0000,0.000,0.000,0.000,-,-,-,0000000000000000,-,0,0,-,tick
607,6625.087,11.0667,listener,ragdoll,Proventus Avenicci,0001A67D,-,-,0.000,0.000,0.000,0.000,0.000,0.0000,0.000,-311.888,-308.942,-318.000,0.1924,0.9813,0.0000,0.000,0.000,0.000,-,-,-,0000000000000000,-,0,0,-,tick
608,6666.337,11.0668,listener,ragdoll,Proventus Avenicci,0001A67D,-,-,0.000,0.000,0.000,0.000,0.000,0.0000,0.000,-311.888,-308.942,-318.000,0.1924,0.9813,0.0000,0.000,0.000,0.000,-,-,-,0000000000000000,-,0,0,-,tick
609,6687.402,11.0669,listener,ragdoll,Proventus Avenicci,0001A67D,-,-,0.000,0.000,0.000,0.000,0.000,0.0000,0.000,-311.888,-308.942,-318.000,0.1924,0.9813,0.0000,0.000,0.000,0.000,-,-,-,0000000000000000,-,0,0,-,tick
610,6728.720,11.0670,listener,ragdoll,Proventus Avenicci,0001A67D,-,-,0.000,0.000,0.000,0.000,0.000,0.0000,0.000,-311.888,-308.942,-318.000,0.1924,0.9813,0.0000,0.000,0.000,0.000,-,-,-,0000000000000000,-,0,0,-,tick
611,6771.030,11.0671,listener,ragdoll,Proventus Avenicci,0001A67D,-,-,0.000,0.000,0.000,0.000,0.000,0.0000,0.000,-311.888,-308.942,-318.000,0.1924,0.9813,0.0000,0.000,0.000,0.000,-,-,-,0000000000000000,-,0,0,-,tick
612,6791.801,11.0672,listener,ragdoll,Proventus Avenicci,0001A67D,-,-,0.000,0.000,0.000,0.000,0.000,0.0000,0.000,-311.888,-308.942,-318.000,0.1924,0.9813,0.0000,0.000,0.000,0.000,-,-,-,0000000000000000,-,0,0,-,tick
0,6816.880,11.0672,state,animated,Proventus Avenicci,0001A67D,-,-,0.000,0.000,0.000,0.000,0.000,0.0000,0.000,0.000,0.000,0.000,0.0000,0.0000,0.0000,0.000,0.000,0.000,-,-,-,0000000000000000,-,0,0,0,session_stop
