seq,t_ms,game_hour,event,phase,actor,actor_id,limb,limb_index,impact_speed,normal_speed,tangent_speed,body_speed,angular_speed,mass,limb_radius,pos_x,pos_y,pos_z,nrm_x,nrm_y,nrm_z,vel_x,vel_y,vel_z,other_layer,other_material,material_source,other_body,other_limb,manifold_first,manifold_last,dropped,state
1,100.000,0.0000,state,unknown,Proventus Avenicci,0001A67D,-,-,0.000,0.000,0.000,0.000,0.000,0.0000,0.000,0.000,0.000,0.000,0.0000,0.0000,0.0000,0.000,0.000,0.000,-,-,-,0000000000000000,-,0,0,0,ragdoll_start
2,104.122,0.0000,impact,ragdoll,Proventus Avenicci,0001A67D,NPC R Forearm [RLar],15,11.556,11.556,51.256,189.376,2.758,6.0000,11.658,280.850,2914.124,65.381,0.9713,-0.2281,-0.0676,-40.436,179.167,46.123,-,Skin,shape,000001D1AF7ADF00,6,1,1,0,-
3,104.123,0.0000,impact,ragdoll,Proventus Avenicci,0001A67D,NPC Spine1 [Spn1],6,11.556,11.556,51.256,152.935,5.736,4.0000,18.878,280.850,2914.124,65.381,0.9713,-0.2281,-0.0676,-24.589,148.544,26.819,-,Skin,shape,000001D1AF7AD000,15,1,1,0,-
4,171.365,0.0000,impact,ragdoll,Proventus Avenicci,0001A67D,NPC R Hand [RHnd],17,6.747,6.747,42.830,269.166,2.592,4.0000,8.334,277.470,2929.505,58.730,0.9544,0.1714,0.2445,-34.049,266.442,17.324,-,Skin,shape,000001D1AF7AE200,3,1,1,0,-
5,171.365,0.0000,impact,ragdoll,Proventus Avenicci,0001A67D,NPC Spine [Spn0],3,6.747,6.747,42.830,258.735,1.698,4.0000,17.297,277.470,2929.505,58.730,0.9544,0.1714,0.2445,-28.486,255.622,28.109,-,Skin,shape,000001D1AF7ACD00,17,1,1,0,-
6,270.922,0.0000,impact,ragdoll,Proventus Avenicci,0001A67D,NPC R Hand [RHnd],17,47.128,47.128,52.667,475.953,10.141,4.0000,8.334,274.158,2967.530,53.325,0.8151,0.0636,0.5758,-45.770,471.094,-50.068,-,Skin,shape,000001D1AF7AEB00,2,1,1,0,-
7,270.922,0.0000,impact,ragdoll,Proventus Avenicci,0001A67D,NPC R Thigh [RThg],2,47.128,47.128,52.667,417.102,1.326,6.0000,20.487,274.158,2967.530,53.325,0.8151,0.0636,0.5758,-35.865,415.417,10.772,-,Skin,shape,000001D1AF7ACD00,17,1,1,0,-
8,338.249,0.0000,impact,ragdoll,Proventus Avenicci,0001A67D,NPC L Forearm [LLar],14,36.788,36.788,68.998,479.032,6.524,2.0000,11.658,247.181,3006.006,77.611,-0.8206,0.4892,-0.2956,-9.699,478.225,-26.042,-,Skin,shape,000001D1AF7ADC00,9,1,1,0,-
9,338.250,0.0000,impact,ragdoll,Proventus Avenicci,0001A67D,NPC Spine2 [Spn2],9,36.788,36.788,68.998,543.487,2.451,7.0000,23.052,247.181,3006.006,77.611,-0.8206,0.4892,-0.2956,-35.000,541.114,36.733,-,Skin,shape,000001D1AF7AC700,14,1,1,0,-
10,338.749,0.0000,impact,ragdoll,Proventus Avenicci,0001A67D,NPC R Forearm [RLar],15,23.681,23.681,99.587,602.076,3.132,6.0000,11.658,273.198,2998.918,77.514,0.8371,-0.4230,-0.3470,-40.530,599.626,-36.071,-,Skin,shape,000001D1AF7ADC00,9,1,1,0,-
11,338.749,0.0000,impact,ragdoll,Proventus Avenicci,0001A67D,NPC Spine2 [Spn2],9,23.681,23.681,99.587,539.981,2.392,7.0000,23.052,273.198,2998.918,77.514,0.8371,-0.4230,-0.3470,-29.987,537.752,38.773,-,Skin,shape,000001D1AF7AD000,15,1,1,0,-
12,404.341,0.0000,impact,ragdoll,Proventus Avenicci,0001A67D,NPC L Forearm [LLar],14,57.044,57.044,24.115,603.735,5.326,2.0000,11.658,246.659,3046.765,71.745,-0.8331,0.5021,0.2322,-20.092,603.365,6.593,-,Skin,shape,000001D1AF7ADF00,6,1,1,0,-
13,404.342,0.0000,impact,ragdoll,Proventus Avenicci,0001A67D,NPC Spine1 [Spn1],6,57.044,57.044,24.115,673.491,1.487,4.0000,18.878,246.659,3046.765,71.745,-0.8331,0.5021,0.2322,-41.861,671.947,18.031,-,Skin,shape,000001D1AF7AC700,14,1,1,0,-
14,437.112,0.0000,impact,ragdoll,Proventus Avenicci,0001A67D,NPC Spine1 [Spn1],6,31.841,31.841,90.904,736.949,1.786,4.0000,18.878,244.641,3072.782,66.119,0.5441,-0.8106,0.2164,-40.835,735.731,11.274,-,Skin,shape,000001D1AF7AC400,16,1,1,0,-
15,437.113,0.0000,impact,ragdoll,Proventus Avenicci,0001A67D,NPC L Hand [LHnd],16,31.841,31.841,90.904,662.920,7.005,4.0000,8.334,244.641,3072.782,66.119,0.5441,-0.8106,0.2164,-86.423,657.034,-17.343,-,Skin,shape,000001D1AF7ADF00,6,1,1,0,-
16,437.608,0.0000,impact,ragdoll,Proventus Avenicci,0001A67D,NPC R Foot [Rft ],8,468.636,468.636,291.898,562.431,3.876,3.0000,10.011,271.915,3095.604,-9.556,-0.0000,-0.7499,0.6615,8.289,558.037,-69.675,Static,StoneStairs,shape,000001D1AB022B00,-,1,0,0,-
17,437.608,0.0000,impact,ragdoll,Proventus Avenicci,0001A67D,NPC R Foot [Rft ],8,468.636,468.636,291.898,562.431,3.876,3.0000,10.011,271.915,3095.604,-9.556,-0.0000,-0.7499,0.6615,8.289,558.037,-69.675,Static,StoneStairs,shape,000001D1AB022B00,-,0,1,0,-
18,471.492,0.0000,impact,ragdoll,Proventus Avenicci,0001A67D,NPC Spine [Spn0],3,28.075,28.075,61.593,785.797,0.597,4.0000,17.297,241.071,3101.772,63.136,0.5970,-0.7790,-0.1919,-53.286,783.987,1.013,-,Skin,shape,000001D1AF7AC400,16,1,1,0,-
19,471.492,0.0000,impact,ragdoll,Proventus Avenicci,0001A67D,NPC L Hand [LHnd],16,28.075,28.075,61.593,731.384,3.607,4.0000,8.334,241.071,3101.772,63.136,0.5970,-0.7790,-0.1919,-92.155,725.182,-23.245,-,Skin,shape,000001D1AF7AE200,3,1,1,0,-
20,487.833,0.0000,impact,ragdoll,Proventus Avenicci,0001A67D,NPC R Foot [Rft ],8,116.189,116.189,294.140,261.741,47.017,3.0000,10.011,272.237,3104.533,-8.763,0.0000,-0.0774,0.9970,-58.779,251.156,44.433,Static,StoneStairs,shape,000001D1AB022B00,-,1,1,0,-
21,522.104,0.0000,impact,ragdoll,Proventus Avenicci,0001A67D,NPC R Calf [RClf],4,220.596,220.596,508.508,658.782,10.693,6.0000,19.675,267.982,3127.831,7.531,0.0000,-0.4629,0.8864,15.026,651.842,94.184,Static,StoneStairs,shape,000001D1AB022B00,-,1,0,0,-
22,522.105,0.0000,impact,ragdoll,Proventus Avenicci,0001A67D,NPC R Calf [RClf],4,220.596,220.596,508.508,658.782,10.693,6.0000,19.675,267.982,3127.831,7.531,0.0000,-0.4629,0.8864,15.026,651.842,94.184,Static,StoneStairs,shape,000001D1AB022B00,-,0,1,0,-
23,555.503,0.0000,impact,ragdoll,Proventus Avenicci,0001A67D,NPC R Thigh [RThg],2,395.135,395.135,109.108,590.796,18.063,6.0000,20.487,267.893,3159.532,25.024,0.0000,-0.9759,0.2183,2.411,590.765,-5.592,Static,StoneStairs,shape,000001D1AB022B00,-,1,1,0,-
24,574.052,0.0000,impact,ragdoll,Proventus Avenicci,0001A67D,NPC L Calf [LClf],5,61.421,61.421,1106.471,823.417,1.709,6.0000,19.675,255.435,3126.470,45.942,-0.9191,0.2143,0.3306,-72.660,819.840,24.460,-,Skin,shape,000001D1AF7AE800,4,1,1,0,-
25,574.053,0.0000,impact,ragdoll,Proventus Avenicci,0001A67D,NPC R Calf [RClf],4,61.421,61.421,1106.471,659.989,12.150,6.0000,19.675,255.435,3126.470,45.942,-0.9191,0.2143,0.3306,-204.373,15.789,627.350,-,Skin,shape,000001D1AF7AF100,5,1,1,0,-
26,589.705,0.0000,impact,ragdoll,Proventus Avenicci,0001A67D,NPC R Thigh [RThg],2,167.937,167.937,543.459,602.617,31.399,6.0000,20.487,248.115,3157.117,39.551,0.9213,0.2951,0.2534,-219.889,491.715,270.208,-,Skin,shape,000001D1AF7AF400,1,0,1,0,-
27,589.706,0.0000,impact,ragdoll,Proventus Avenicci,0001A67D,NPC L Thigh [LThg],1,167.937,167.937,543.459,833.551,4.553,6.0000,20.487,248.115,3157.117,39.551,0.9213,0.2951,0.2534,-41.266,831.609,-39.127,-,Skin,shape,000001D1AF7AEB00,2,0,1,0,-
28,589.708,0.0000,impact,ragdoll,Proventus Avenicci,0001A67D,NPC R Calf [RClf],4,173.193,173.193,1176.930,720.812,16.470,6.0000,19.675,248.556,3125.788,53.718,0.9499,-0.0012,-0.3126,-230.339,168.205,661.983,-,Skin,shape,000001D1AF7AEE00,7,1,1,0,-
29,589.708,0.0000,impact,ragdoll,Proventus Avenicci,0001A67D,NPC L Foot [Lft ],7,173.193,173.193,1176.930,825.848,3.397,3.0000,10.011,248.556,3125.788,53.718,0.9499,-0.0012,-0.3126,-76.841,822.192,-10.971,-,Skin,shape,000001D1AF7AE800,4,1,1,0,-
30,590.419,0.0000,impact,ragdoll,Proventus Avenicci,0001A67D,NPC L Thigh [LThg],1,171.673,171.673,741.809,791.951,9.098,6.0000,20.487,240.110,3169.420,26.980,0.0000,-0.1289,0.9917,-96.170,780.577,-92.935,Static,StoneStairs,shape,000001D1AB022B00,-,1,0,0,-
31,590.421,0.0000,impact,ragdoll,Proventus Avenicci,0001A67D,NPC L Thigh [LThg],1,466.498,466.498,625.913,791.951,9.098,6.0000,20.487,241.539,3184.812,38.751,0.0000,-0.4385,0.8987,-96.170,780.577,-92.935,Static,StoneStairs,shape,000001D1AB022B00,-,0,0,0,-
32,590.421,0.0000,impact,ragdoll,Proventus Avenicci,0001A67D,NPC L Thigh [LThg],1,466.498,466.498,625.913,791.951,9.098,6.0000,20.487,241.539,3184.812,38.751,0.0000,-0.4385,0.8987,-96.170,780.577,-92.935,Static,StoneStairs,shape,000001D1AB022B00,-,0,0,0,-
33,590.421,0.0000,impact,ragdoll,Proventus Avenicci,0001A67D,NPC L Thigh [LThg],1,149.665,149.665,751.059,791.951,9.098,6.0000,20.487,240.404,3163.111,26.179,0.0000,-0.1289,0.9917,-96.170,780.577,-92.935,Static,StoneStairs,shape,000001D1AB022B00,-,0,1,0,-
34,606.990,0.0000,impact,ragdoll,Proventus Avenicci,0001A67D,NPC L Thigh [LThg],1,635.044,635.044,428.529,642.060,12.296,6.0000,20.487,240.812,3183.421,32.967,0.0000,-0.9732,0.2298,-83.353,606.123,194.700,Static,StoneStairs,shape,000001D1AB022B00,-,0,1,0,-
35,606.992,0.0000,impact,ragdoll,Proventus Avenicci,0001A67D,NPC R Thigh [RThg],2,154.850,154.850,802.103,770.852,29.516,6.0000,20.487,244.897,3155.281,47.245,0.9166,0.3656,0.1617,-231.988,639.504,362.532,-,Skin,shape,000001D1AF7AF100,5,1,1,0,-
36,606.992,0.0000,impact,ragdoll,Proventus Avenicci,0001A67D,NPC L Calf [LClf],5,154.850,154.850,802.103,747.781,13.245,6.0000,19.675,244.897,3155.281,47.245,0.9166,0.3656,0.1617,-178.631,707.251,164.510,-,Skin,shape,000001D1AF7AEB00,2,1,1,0,-
37,607.521,0.0000,impact,ragdoll,Proventus Avenicci,0001A67D,NPC R Thigh [RThg],2,209.004,209.004,390.282,807.310,23.592,6.0000,20.487,244.510,3169.056,47.768,0.8367,-0.2037,0.5083,-122.853,713.527,357.121,-,Skin,shape,000001D1AF7AF400,1,0,1,0,-
38,607.521,0.0000,impact,ragdoll,Proventus Avenicci,0001A67D,NPC L Thigh [LThg],1,209.004,209.004,390.282,410.767,37.218,6.0000,20.487,244.510,3169.056,47.768,0.8367,-0.2037,0.5083,-93.655,277.618,287.900,-,Skin,shape,000001D1AF7AEB00,2,0,1,0,-
39,607.524,0.0000,impact,ragdoll,Proventus Avenicci,0001A67D,NPC R Forearm [RLar],15,17.027,17.027,84.424,866.213,3.028,6.0000,11.658,262.915,3201.858,74.387,0.8032,0.1525,-0.5759,-34.441,864.986,-30.629,-,Skin,shape,000001D1AF7ADC00,9,1,1,0,-
40,607.525,0.0000,impact,ragdoll,Proventus Avenicci,0001A67D,NPC Spine2 [Spn2],9,17.027,17.027,84.424,867.719,2.523,7.0000,23.052,262.915,3201.858,74.387,0.8032,0.1525,-0.5759,28.603,867.221,6.813,-,Skin,shape,000001D1AF7AD000,15,1,1,0,-
41,607.525,0.0000,impact,ragdoll,Proventus Avenicci,0001A67D,NPC R Hand [RHnd],17,94.025,94.025,818.047,843.742,4.794,4.0000,8.334,275.757,3205.989,40.146,-0.0000,-0.0645,0.9979,-55.590,840.967,-39.807,Static,StoneStairs,shape,000001D1AB022B00,-,1,1,0,-
42,607.733,0.0000,impact,ragdoll,Proventus Avenicci,0001A67D,NPC R Hand [RHnd],17,822.880,820.162,187.357,844.448,5.064,4.0000,8.334,275.611,3210.756,48.637,0.0000,-0.9899,0.1414,-51.396,841.191,53.368,Static,StoneStairs,shape,000001D1AB022B00,-,0,0,0,-
43,623.815,0.0000,impact,ragdoll,Proventus Avenicci,0001A67D,NPC COM [COM ],0,71.532,71.532,318.377,482.869,33.785,50.0000,17.687,245.038,3198.118,39.637,-0.0000,-0.0645,0.9979,-7.224,482.262,23.100,Static,StoneStairs,shape,000001D1AB022B00,-,1,0,0,-
44,623.815,0.0000,impact,ragdoll,Proventus Avenicci,0001A67D,NPC COM [COM ],0,422.374,422.374,296.292,482.869,33.785,50.0000,17.687,245.038,3210.542,47.135,0.0000,-0.9899,0.1414,-7.224,482.262,23.100,Static,StoneStairs,shape,000001D1AB022B00,-,0,0,0,-
45,623.816,0.0000,impact,ragdoll,Proventus Avenicci,0001A67D,NPC COM [COM ],0,32.850,32.850,346.961,482.869,33.785,50.0000,17.687,245.256,3196.166,39.504,0.0000,-0.0645,0.9979,-7.224,482.262,23.100,Static,StoneStairs,shape,000001D1AB022B00,-,0,1,0,-
46,623.823,0.0000,impact,ragdoll,Proventus Avenicci,0001A67D,NPC L Thigh [LThg],1,148.465,148.465,1.859,345.594,33.569,6.0000,20.487,240.866,3194.618,39.411,-0.0000,-0.0645,0.9979,6.927,249.987,238.524,Static,StoneStairs,shape,000001D1AB022B00,-,0,1,0,-
47,623.826,0.0000,impact,ragdoll,Proventus Avenicci,0001A67D,NPC Spine [Spn0],3,541.226,541.226,210.571,598.672,19.482,4.0000,17.297,245.471,3211.372,52.901,-0.0000,-0.9439,0.3302,-153.729,576.433,-50.008,Static,StoneStairs,shape,000001D1AB022B00,-,1,0,0,-
48,623.826,0.0000,impact,ragdoll,Proventus Avenicci,0001A67D,NPC Spine [Spn0],3,541.226,541.226,210.571,598.672,19.482,4.0000,17.297,245.471,3211.372,52.901,-0.0000,-0.9439,0.3302,-153.729,576.433,-50.008,Static,StoneStairs,shape,000001D1AB022B00,-,0,1,0,-
49,623.831,0.0000,impact,ragdoll,Proventus Avenicci,0001A67D,NPC R Forearm [RLar],15,82.345,82.345,866.431,870.652,3.230,6.0000,11.658,273.917,3211.680,53.134,0.0000,-0.1714,0.9852,-35.531,867.120,69.821,Static,StoneStairs,shape,000001D1AB022B00,-,1,0,0,-
50,623.832,0.0000,impact,ragdoll,Proventus Avenicci,0001A67D,NPC L Hand [LHnd],16,12.792,12.792,865.491,826.171,7.416,4.0000,8.334,225.366,3219.620,53.021,0.0000,0.0144,0.9999,-73.063,822.565,-24.641,Static,StoneStairs,shape,000001D1AB022B00,-,1,1,0,-
51,624.333,0.0000,impact,ragdoll,Proventus Avenicci,0001A67D,NPC COM [COM ],0,70.700,70.700,155.595,150.542,13.720,50.0000,17.687,250.982,3210.835,49.186,0.0000,-0.9899,0.1414,43.314,50.671,134.979,Static,StoneStairs,shape,000001D1AB022B00,-,0,1,0,-
52,624.336,0.0000,impact,ragdoll,Proventus Avenicci,0001A67D,NPC Spine1 [Spn1],6,25.789,25.789,271.115,355.361,36.246,4.0000,18.878,246.665,3212.617,53.122,-0.0000,0.0144,0.9999,-72.326,347.110,-23.770,Static,StoneStairs,shape,000001D1AB022B00,-,1,1,0,-
53,647.004,0.0000,impact,ragdoll,Proventus Avenicci,0001A67D,NPC Spine [Spn0],3,11.664,11.664,68.315,148.212,11.171,4.0000,17.297,251.833,3211.411,52.979,0.0000,-0.8323,0.5544,48.052,77.736,116.683,Static,StoneStairs,shape,000001D1AB022B00,-,0,0,0,-
54,647.004,0.0000,impact,ragdoll,Proventus Avenicci,0001A67D,NPC Spine [Spn0],3,11.664,11.664,68.315,148.212,11.171,4.0000,17.297,251.833,3211.411,52.979,0.0000,-0.8323,0.5544,48.052,77.736,116.683,Static,StoneStairs,shape,000001D1AB022B00,-,0,1,0,-
55,647.012,0.0000,impact,ragdoll,Proventus Avenicci,0001A67D,NPC L Hand [LHnd],16,811.088,811.088,101.055,814.754,15.285,4.0000,8.334,224.490,3236.019,60.881,0.0000,-0.9990,0.0450,-47.140,812.976,25.939,Static,StoneStairs,shape,000001D1AB022B00,-,0,0,0,-
56,647.012,0.0000,impact,ragdoll,Proventus Avenicci,0001A67D,NPC L Hand [LHnd],16,833.189,833.189,129.212,814.754,15.285,4.0000,8.334,224.690,3235.996,57.688,0.0000,-0.9990,0.0450,-47.140,812.976,25.939,Static,StoneStairs,shape,000001D1AB022B00,-,0,1,0,-
57,647.270,0.0000,impact,ragdoll,Proventus Avenicci,0001A67D,NPC R Hand [RHnd],17,136.193,109.270,217.259,258.196,22.514,4.0000,8.334,274.285,3211.493,53.858,0.0000,-0.9465,0.3227,-28.316,181.839,181.101,Static,StoneStairs,shape,000001D1AB022B00,-,0,0,0,-
58,654.620,0.0000,impact,ragdoll,Proventus Avenicci,0001A67D,NPC R UpperArm [RUar],12,493.755,493.755,229.916,585.366,15.471,2.0000,14.463,267.646,3236.544,66.775,0.0000,-0.2660,0.9640,-6.982,431.193,-395.824,Static,StoneStairs,shape,000001D1AB022B00,-,1,0,0,-
59,654.621,0.0000,impact,ragdoll,Proventus Avenicci,0001A67D,NPC R UpperArm [RUar],12,480.798,480.798,255.907,585.366,15.471,2.0000,14.463,267.646,3236.544,66.775,0.0000,-0.2140,0.9768,-6.982,431.193,-395.824,Static,StoneStairs,shape,000001D1AB022B00,-,0,1,0,-
60,654.622,0.0000,impact,ragdoll,Proventus Avenicci,0001A67D,NPC L Forearm [LLar],14,93.812,93.812,63.704,304.659,33.015,2.0000,11.658,222.757,3236.271,66.465,0.0000,-0.9958,0.0919,-273.186,131.993,27.647,Static,StoneStairs,shape,000001D1AB022B00,-,1,0,0,-
61,654.622,0.0000,impact,ragdoll,Proventus Avenicci,0001A67D,NPC L Forearm [LLar],14,92.777,92.777,65.203,304.659,33.015,2.0000,11.658,222.757,3236.271,66.465,0.0000,-0.9685,0.2489,-273.186,131.993,27.647,Static,StoneStairs,shape,000001D1AB022B00,-,0,1,0,-
62,655.156,0.0000,impact,ragdoll,Proventus Avenicci,0001A67D,NPC Spine2 [Spn2],9,232.030,232.030,169.292,253.440,19.493,7.0000,23.052,247.352,3236.479,66.754,0.0000,-0.3990,0.9170,-17.748,233.256,-97.511,Static,StoneStairs,shape,000001D1AB022B00,-,1,0,0,-
63,655.157,0.0000,impact,ragdoll,Proventus Avenicci,0001A67D,NPC Spine2 [Spn2],9,232.030,232.030,169.292,253.440,19.493,7.0000,23.052,247.352,3236.479,66.754,0.0000,-0.3990,0.9170,-17.748,233.256,-97.511,Static,StoneStairs,shape,000001D1AB022B00,-,0,1,0,-
64,671.704,0.0000,impact,ragdoll,Proventus Avenicci,0001A67D,NPC R UpperArm [RUar],12,54.012,54.012,40.757,97.372,13.230,2.0000,14.463,266.363,3243.327,67.204,-0.0000,-0.0625,0.9980,-57.485,78.054,9.175,Static,StoneStairs,shape,000001D1AB022B00,-,0,1,0,-
65,671.706,0.0000,impact,ragdoll,Proventus Avenicci,0001A67D,NPC L Forearm [LLar],14,27.435,27.435,76.723,158.187,11.501,2.0000,11.658,219.975,3236.271,66.472,-0.0000,-0.9938,0.1109,-141.392,67.855,20.669,Static,StoneStairs,shape,000001D1AB022B00,-,1,0,0,-
66,671.706,0.0000,impact,ragdoll,Proventus Avenicci,0001A67D,NPC L Forearm [LLar],14,27.434,27.434,76.723,158.187,11.501,2.0000,11.658,219.975,3236.271,66.472,0.0000,-0.9685,0.2489,-141.392,67.855,20.669,Static,StoneStairs,shape,000001D1AB022B00,-,0,1,0,-
67,671.708,0.0000,impact,ragdoll,Proventus Avenicci,0001A67D,NPC R Hand [RHnd],17,37.159,37.159,475.386,234.691,30.045,4.0000,8.334,262.903,3209.240,62.682,0.9709,0.1331,-0.1992,28.133,167.301,162.168,-,Skin,shape,000001D1AF7AE200,3,1,1,0,-
68,671.709,0.0000,impact,ragdoll,Proventus Avenicci,0001A67D,NPC Spine [Spn0],3,37.159,37.159,475.386,381.800,14.697,4.0000,17.297,262.903,3209.240,62.682,0.9709,0.1331,-0.1992,122.765,84.753,351.450,-,Skin,shape,000001D1AF7ACD00,17,1,1,0,-
69,672.239,0.0000,impact,ragdoll,Proventus Avenicci,0001A67D,NPC Neck [Neck],11,160.345,160.345,370.342,167.475,29.506,6.0000,8.431,249.266,3248.302,67.516,0.0000,-0.0625,0.9980,-46.054,-3.371,-160.983,Static,StoneStairs,shape,000001D1AB022B00,-,1,1,0,-
70,672.264,0.0000,impact,ragdoll,Proventus Avenicci,0001A67D,NPC Head [Head],13,559.290,559.290,806.924,544.589,67.152,4.0000,15.108,251.235,3257.296,68.080,-0.0000,-0.0625,0.9980,21.548,126.706,-529.205,Static,StoneStairs,shape,000001D1AB022B00,-,1,0,0,-
71,672.265,0.0000,impact,ragdoll,Proventus Avenicci,0001A67D,NPC Head [Head],13,325.324,325.324,1205.549,544.589,67.152,4.0000,15.108,251.235,3266.853,77.236,-0.0000,-0.9229,0.3850,21.548,126.706,-529.205,Static,StoneStairs,shape,000001D1AB022B00,-,0,1,0,-
72,755.918,0.0000,impact,ragdoll,Proventus Avenicci,0001A67D,NPC Head [Head],13,14.015,14.015,45.529,95.354,9.631,4.0000,15.108,249.314,3267.869,79.670,-0.0000,-0.9052,0.4251,-10.797,53.362,78.283,Static,StoneStairs,shape,000001D1AB022B00,-,1,1,0,-
73,821.339,0.0000,impact,ragdoll,Proventus Avenicci,0001A67D,NPC L Thigh [LThg],1,168.929,168.929,94.703,612.936,9.995,6.0000,20.487,242.242,3219.126,161.314,-0.4305,0.7042,-0.5646,26.504,360.190,495.228,-,Skin,shape,000001D1AF7AE800,4,1,1,0,-
74,821.340,0.0000,impact,ragdoll,Proventus Avenicci,0001A67D,NPC R Calf [RClf],4,168.929,168.929,94.703,799.838,10.751,6.0000,19.675,242.242,3219.126,161.314,-0.4305,0.7042,-0.5646,-31.695,548.651,581.135,-,Skin,shape,000001D1AF7AF400,1,1,1,0,-
75,821.342,0.0000,impact,ragdoll,Proventus Avenicci,0001A67D,NPC R Foot [Rft ],8,178.254,178.254,124.338,717.923,9.184,3.0000,10.011,236.166,3224.026,159.655,0.3369,-0.7967,0.5018,-57.937,555.372,451.242,-,Skin,shape,000001D1AF7AF400,1,1,1,0,-
76,821.342,0.0000,impact,ragdoll,Proventus Avenicci,0001A67D,NPC L Thigh [LThg],1,178.254,178.254,124.338,612.936,9.995,6.0000,20.487,236.166,3224.026,159.655,0.3369,-0.7967,0.5018,26.504,360.190,495.228,-,Skin,shape,000001D1AF7AE500,8,1,1,0,-
77,1456.489,0.0000,impact,ragdoll,Proventus Avenicci,0001A67D,NPC L Foot [Lft ],7,58.606,58.606,542.697,572.734,2.894,3.0000,10.011,215.789,3657.417,288.022,-0.0000,-0.1289,0.9917,54.251,569.689,23.125,Static,StoneStairs,shape,000001D1AB1E5000,-,1,1,0,-
78,1474.457,0.0000,impact,ragdoll,Proventus Avenicci,0001A67D,NPC L Foot [Lft ],7,24.439,24.439,570.703,566.998,4.836,3.0000,10.011,216.964,3666.932,289.259,0.0000,-0.1289,0.9917,61.254,561.756,46.528,Static,StoneStairs,shape,000001D1AB1E5000,-,1,1,0,-
79,1494.796,0.0000,impact,ragdoll,Proventus Avenicci,0001A67D,NPC L Foot [Lft ],7,524.879,524.879,211.766,559.481,5.484,3.0000,10.011,218.316,3679.948,297.715,-0.0000,-0.9732,0.2298,67.974,553.700,42.597,Static,StoneStairs,shape,000001D1AB1E5000,-,0,1,0,-
80,1494.798,0.0000,impact,ragdoll,Proventus Avenicci,0001A67D,NPC R Foot [Rft ],8,134.782,134.782,487.354,529.658,4.259,3.0000,10.011,271.766,3688.685,301.350,0.0000,-0.0645,0.9979,-22.304,517.585,-110.209,Static,StoneStairs,shape,000001D1AB1E5000,-,1,1,0,-
81,1495.276,0.0000,impact,ragdoll,Proventus Avenicci,0001A67D,NPC R Calf [RClf],4,16.053,16.053,565.837,550.395,2.661,6.0000,19.675,269.828,3681.167,300.787,0.0000,-0.0822,0.9966,-14.351,549.405,29.715,Static,StoneStairs,shape,000001D1AB1E5000,-,1,0,0,-
82,1510.422,0.0000,impact,ragdoll,Proventus Avenicci,0001A67D,NPC R Foot [Rft ],8,10.610,10.610,557.360,550.633,16.371,3.0000,10.011,271.561,3697.941,301.948,-0.0000,-0.0645,0.9979,6.509,547.074,62.169,Static,StoneStairs,shape,000001D1AB1E5000,-,1,0,0,-
83,1510.423,0.0000,impact,ragdoll,Proventus Avenicci,0001A67D,NPC R Foot [Rft ],8,513.094,513.094,168.383,550.633,16.371,3.0000,10.011,276.984,3706.269,307.287,0.0000,-0.9899,0.1414,6.509,547.074,62.169,Static,StoneStairs,shape,000001D1AB1E5000,-,0,1,0,-
84,1510.917,0.0000,impact,ragdoll,Proventus Avenicci,0001A67D,NPC R Calf [RClf],4,32.036,32.036,502.419,550.757,6.060,6.0000,19.675,269.081,3698.448,301.981,-0.0000,-0.0645,0.9979,-49.512,546.992,41.008,Static,StoneStairs,shape,000001D1AB1E5000,-,1,0,0,-
85,1510.918,0.0000,impact,ragdoll,Proventus Avenicci,0001A67D,NPC R Calf [RClf],4,21.094,21.094,502.797,550.757,6.060,6.0000,19.675,269.469,3694.980,301.702,0.0000,-0.0645,0.9979,-49.512,546.992,41.008,Static,StoneStairs,shape,000001D1AB1E5000,-,0,1,0,-
86,1510.918,0.0000,impact,ragdoll,Proventus Avenicci,0001A67D,NPC L Foot [Lft ],7,48.291,48.291,316.495,253.816,19.666,3.0000,10.011,219.103,3680.636,300.618,-0.0000,-0.9417,0.3366,-123.700,88.195,203.329,Static,StoneStairs,shape,000001D1AB1E5000,-,1,1,0,-
87,1510.920,0.0000,impact,ragdoll,Proventus Avenicci,0001A67D,NPC R Foot [Rft ],8,13.318,13.318,542.312,294.114,63.422,3.0000,10.011,276.804,3706.604,309.618,0.0000,-0.9899,0.1414,55.880,195.076,212.899,Static,StoneStairs,shape,000001D1AB1E5000,-,0,0,0,-
88,1510.920,0.0000,impact,ragdoll,Proventus Avenicci,0001A67D,NPC R Foot [Rft ],8,370.769,370.769,517.673,294.114,63.422,3.0000,10.011,271.855,3706.152,306.468,0.0000,-0.9899,0.1414,55.880,195.076,212.899,Static,StoneStairs,shape,000001D1AB1E5000,-,0,1,0,-
89,1526.756,0.0000,impact,ragdoll,Proventus Avenicci,0001A67D,NPC R Calf [RClf],4,271.384,271.384,168.426,408.214,14.273,6.0000,19.675,269.631,3706.226,306.989,0.0000,-0.9899,0.1414,49.288,382.876,132.722,Static,StoneStairs,shape,000001D1AB1E5000,-,0,0,0,-
90,1526.757,0.0000,impact,ragdoll,Proventus Avenicci,0001A67D,NPC R Calf [RClf],4,349.501,349.501,200.478,408.214,14.273,6.0000,19.675,269.631,3707.471,314.586,0.0000,-0.9465,0.3227,49.288,382.876,132.722,Static,StoneStairs,shape,000001D1AB1E5000,-,0,1,0,-
91,1527.237,0.0000,impact,ragdoll,Proventus Avenicci,0001A67D,NPC R Foot [Rft ],8,38.311,38.311,253.626,81.725,35.379,3.0000,10.011,272.781,3707.443,314.614,0.0000,-0.9465,0.3227,-7.796,-77.184,25.705,Static,StoneStairs,shape,000001D1AB1E5000,-,0,1,0,-
92,1546.372,0.0000,impact,ragdoll,Proventus Avenicci,0001A67D,NPC R Calf [RClf],4,26.149,26.149,79.820,172.360,10.246,6.0000,19.675,271.919,3707.442,314.615,0.0000,-0.9465,0.3227,167.667,13.005,-37.769,Static,StoneStairs,shape,000001D1AB1E5000,-,0,1,0,-
93,1546.897,0.0000,impact,ragdoll,Proventus Avenicci,0001A67D,NPC R Foot [Rft ],8,297.653,297.653,158.992,320.834,48.111,3.0000,10.011,276.573,3707.424,314.637,0.0000,-0.9465,0.3227,226.977,201.214,-104.540,Static,StoneStairs,shape,000001D1AB1E5000,-,0,1,0,-
94,1560.594,0.0000,impact,ragdoll,Proventus Avenicci,0001A67D,NPC R Foot [Rft ],8,106.356,106.356,207.849,194.134,28.407,3.0000,10.011,282.493,3707.410,314.657,0.0000,-0.9465,0.3227,114.754,-152.261,-36.551,Static,StoneStairs,shape,000001D1AB1E5000,-,0,1,0,-
95,1578.048,0.0000,impact,ragdoll,Proventus Avenicci,0001A67D,NPC R Foot [Rft ],8,149.017,149.017,588.565,248.865,55.469,3.0000,10.011,278.629,3707.416,314.648,0.0000,-0.9465,0.3227,91.425,-230.343,22.747,Static,StoneStairs,shape,000001D1AB1E5000,-,0,1,0,-
96,1677.210,0.0000,impact,ragdoll,Proventus Avenicci,0001A67D,NPC R Forearm [RLar],15,292.454,292.454,264.023,747.040,18.803,6.0000,11.658,262.579,3736.615,393.253,0.9966,0.0781,0.0244,-284.143,688.030,62.818,-,Skin,shape,000001D1AF7ADF00,6,1,1,0,-
97,1677.211,0.0000,impact,ragdoll,Proventus Avenicci,0001A67D,NPC Spine1 [Spn1],6,292.454,292.454,264.023,593.423,7.278,4.0000,18.878,262.579,3736.615,393.253,0.9966,0.0781,0.0244,30.363,577.051,135.059,-,Skin,shape,000001D1AF7AD000,15,1,1,0,-
98,1677.212,0.0000,impact,ragdoll,Proventus Avenicci,0001A67D,NPC R Forearm [RLar],15,241.993,241.993,164.247,747.040,18.803,6.0000,11.658,263.633,3739.895,398.616,0.8180,-0.2564,-0.5150,-284.143,688.030,62.818,-,Skin,shape,000001D1AF7ADC00,9,1,1,0,-
99,1677.212,0.0000,impact,ragdoll,Proventus Avenicci,0001A67D,NPC Spine2 [Spn2],9,241.993,241.993,164.247,655.987,4.706,7.0000,23.052,263.633,3739.895,398.616,0.8180,-0.2564,-0.5150,9.882,647.052,107.452,-,Skin,shape,000001D1AF7AD000,15,1,1,0,-
100,1694.562,0.0000,impact,ragdoll,Proventus Avenicci,0001A67D,NPC R Thigh [RThg],2,63.312,63.312,233.153,385.503,12.051,6.0000,20.487,259.175,3726.060,358.696,0.5141,-0.3724,0.7727,-98.403,331.056,171.266,-,Skin,shape,000001D1AF7AF400,1,0,1,0,-
101,1694.563,0.0000,impact,ragdoll,Proventus Avenicci,0001A67D,NPC L Thigh [LThg],1,63.312,63.312,233.153,390.420,5.602,6.0000,20.487,259.175,3726.060,358.696,0.5141,-0.3724,0.7727,24.209,367.875,128.491,-,Skin,shape,000001D1AF7AEB00,2,0,1,0,-
102,1694.984,0.0000,impact,ragdoll,Proventus Avenicci,0001A67D,NPC R Forearm [RLar],15,98.939,98.939,23.643,692.768,10.444,6.0000,11.658,260.635,3751.254,391.977,0.9998,0.0148,0.0126,-120.499,677.449,80.438,-,Skin,shape,000001D1AF7ADF00,6,0,1,0,-
103,1694.984,0.0000,impact,ragdoll,Proventus Avenicci,0001A67D,NPC Spine1 [Spn1],6,98.939,98.939,23.643,596.994,4.696,4.0000,18.878,260.635,3751.254,391.977,0.9998,0.0148,0.0126,6.893,589.573,93.580,-,Skin,shape,000001D1AF7AD000,15,0,1,0,-
104,1727.758,0.0000,impact,ragdoll,Proventus Avenicci,0001A67D,NPC R Forearm [RLar],15,50.485,50.485,268.099,606.631,9.645,6.0000,11.658,260.556,3764.113,392.854,0.6946,0.6221,0.3614,-97.989,597.859,31.047,-,Skin,shape,000001D1AF7AE200,3,1,1,0,-
105,1727.759,0.0000,impact,ragdoll,Proventus Avenicci,0001A67D,NPC Spine [Spn0],3,50.485,50.485,268.099,504.965,10.965,4.0000,17.297,260.556,3764.113,392.854,0.6946,0.6221,0.3614,20.257,501.091,59.052,-,Skin,shape,000001D1AF7AD000,15,1,1,0,-
106,1761.405,0.0000,impact,ragdoll,Proventus Avenicci,0001A67D,NPC L Hand [LHnd],16,444.760,444.760,134.573,455.851,10.373,4.0000,8.334,230.041,3839.803,382.945,0.0000,-0.9224,0.3861,9.600,371.492,-264.011,Static,StoneStairs,shape,000001D1AB1E5000,-,1,0,0,-
107,1761.405,0.0000,impact,ragdoll,Proventus Avenicci,0001A67D,NPC L Hand [LHnd],16,444.760,444.760,134.573,455.851,10.373,4.0000,8.334,230.041,3839.803,382.945,0.0000,-0.9224,0.3861,9.600,371.492,-264.011,Static,StoneStairs,shape,000001D1AB1E5000,-,0,1,0,-
108,1830.366,0.0000,impact,ragdoll,Proventus Avenicci,0001A67D,NPC R Hand [RHnd],17,587.874,587.874,40.621,586.878,8.842,4.0000,8.334,262.598,3839.249,376.485,0.0000,-0.9962,0.0869,-13.941,581.475,-78.224,Static,StoneStairs,shape,000001D1AB1E5000,-,1,0,0,-
109,1830.367,0.0000,impact,ragdoll,Proventus Avenicci,0001A67D,NPC R Hand [RHnd],17,586.033,586.033,48.955,586.878,8.842,4.0000,8.334,262.494,3839.371,378.176,0.0000,-0.9962,0.0868,-13.941,581.475,-78.224,Static,StoneStairs,shape,000001D1AB1E5000,-,0,1,0,-
110,1830.936,0.0000,impact,ragdoll,Proventus Avenicci,0001A67D,NPC R Hand [RHnd],17,192.113,192.113,330.782,203.627,51.329,4.0000,8.334,262.031,3834.067,369.584,-0.0000,0.0147,0.9999,-56.157,-33.774,-192.794,Static,StoneStairs,shape,000001D1AB1E5000,-,0,1,0,-
111,1844.701,0.0000,impact,ragdoll,Proventus Avenicci,0001A67D,NPC Head [Head],13,420.061,420.061,335.584,572.527,9.451,4.0000,15.108,245.336,3867.901,401.883,0.0000,-0.4331,0.9013,-141.297,509.502,-219.614,Static,StoneStairs,shape,000001D1AB1E5000,-,1,0,0,-
112,1844.702,0.0000,impact,ragdoll,Proventus Avenicci,0001A67D,NPC Head [Head],13,420.061,420.061,335.584,572.527,9.451,4.0000,15.108,245.336,3867.901,401.883,0.0000,-0.4331,0.9013,-141.297,509.502,-219.614,Static,StoneStairs,shape,000001D1AB1E5000,-,0,1,0,-
113,1844.704,0.0000,impact,ragdoll,Proventus Avenicci,0001A67D,NPC R Forearm [RLar],15,141.841,141.841,36.791,238.823,13.508,6.0000,11.658,266.548,3839.778,382.849,0.0000,-0.9650,0.2624,52.942,229.697,38.378,Static,StoneStairs,shape,000001D1AB1E5000,-,0,0,0,-
114,1844.705,0.0000,impact,ragdoll,Proventus Avenicci,0001A67D,NPC R Forearm [RLar],15,142.517,142.517,34.081,238.823,13.508,6.0000,11.658,266.548,3839.778,382.849,0.0000,-0.9938,0.1110,52.942,229.697,38.378,Static,StoneStairs,shape,000001D1AB1E5000,-,0,1,0,-
115,1844.706,0.0000,impact,ragdoll,Proventus Avenicci,0001A67D,NPC R Hand [RHnd],17,83.959,83.959,337.552,82.111,23.909,4.0000,8.334,255.957,3831.117,386.171,0.5898,0.2627,-0.7637,42.916,18.398,67.542,-,Skin,shape,000001D1AF7ADF00,6,1,1,0,-
116,1844.706,0.0000,impact,ragdoll,Proventus Avenicci,0001A67D,NPC Spine1 [Spn1],6,83.959,83.959,337.552,438.675,7.644,4.0000,18.878,255.957,3831.117,386.171,0.5898,0.2627,-0.7637,-57.250,434.921,1.439,-,Skin,shape,000001D1AF7ACD00,17,1,1,0,-
117,1862.081,0.0000,impact,ragdoll,Proventus Avenicci,0001A67D,NPC Spine2 [Spn2],9,90.780,90.780,233.068,351.609,10.837,7.0000,23.052,244.424,3844.801,383.388,-0.0000,-0.0487,0.9988,-54.647,334.106,-94.952,Static,StoneStairs,shape,000001D1AB1E5000,-,1,1,0,-
118,1862.567,0.0000,impact,ragdoll,Proventus Avenicci,0001A67D,NPC Head [Head],13,57.135,57.135,13.954,313.619,37.672,4.0000,15.108,243.495,3869.477,402.140,0.0000,-0.1515,0.9885,-151.544,274.555,-3.371,Static,StoneStairs,shape,000001D1AB1E5000,-,0,1,0,-
119,1862.568,0.0000,impact,ragdoll,Proventus Avenicci,0001A67D,NPC R Forearm [RLar],15,189.705,189.705,288.036,165.474,16.993,6.0000,11.658,260.905,3828.124,390.362,0.6138,0.7003,-0.3644,-57.350,152.592,28.431,-,Skin,shape,000001D1AF7AE200,3,1,1,0,-
120,1862.568,0.0000,impact,ragdoll,Proventus Avenicci,0001A67D,NPC Spine [Spn0],3,189.705,189.705,288.036,390.439,6.731,4.0000,17.297,260.905,3828.124,390.362,0.6138,0.7003,-0.3644,-36.849,384.689,55.672,-,Skin,shape,000001D1AF7AD000,15,1,1,0,-
121,1862.571,0.0000,impact,ragdoll,Proventus Avenicci,0001A67D,NPC R Hand [RHnd],17,203.267,203.267,219.778,162.191,43.133,4.0000,8.334,259.111,3826.557,386.986,0.4538,0.5127,-0.7288,104.884,-116.260,42.295,-,Skin,shape,000001D1AF7AE200,3,1,1,0,-
122,1862.571,0.0000,impact,ragdoll,Proventus Avenicci,0001A67D,NPC Spine [Spn0],3,203.267,203.267,219.778,390.439,6.731,4.0000,17.297,259.111,3826.557,386.986,0.4538,0.5127,-0.7288,-36.849,384.689,55.672,-,Skin,shape,000001D1AF7ACD00,17,1,1,0,-
123,1879.114,0.0000,impact,ragdoll,Proventus Avenicci,0001A67D,NPC L Hand [LHnd],16,25.734,25.734,180.618,80.362,26.200,4.0000,8.334,225.609,3839.744,382.457,0.0000,-0.9962,0.0869,-62.603,21.881,-45.389,Static,StoneStairs,shape,000001D1AB1E5000,-,0,1,0,-
124,1879.601,0.0000,impact,ragdoll,Proventus Avenicci,0001A67D,NPC R UpperArm [RUar],12,295.027,295.027,72.559,319.289,16.844,2.0000,14.463,264.063,3867.682,401.014,-0.0000,-0.9993,0.0361,-5.157,313.326,-61.201,Static,StoneStairs,shape,000001D1AB1E5000,-,1,1,0,-
125,1879.602,0.0000,impact,ragdoll,Proventus Avenicci,0001A67D,NPC L Forearm [LLar],14,105.096,105.096,23.040,265.502,25.238,2.0000,11.658,222.053,3839.983,383.129,-0.0000,-0.4090,0.9125,106.295,223.977,-95.010,Static,StoneStairs,shape,000001D1AB1E5000,-,1,0,0,-
126,1879.603,0.0000,impact,ragdoll,Proventus Avenicci,0001A67D,NPC L Forearm [LLar],14,105.096,105.096,23.040,265.502,25.238,2.0000,11.658,222.053,3839.983,383.129,-0.0000,-0.4090,0.9125,106.295,223.977,-95.010,Static,StoneStairs,shape,000001D1AB1E5000,-,0,1,0,-
127,1895.609,0.0000,impact,ragdoll,Proventus Avenicci,0001A67D,NPC L Forearm [LLar],14,103.708,103.708,104.114,277.884,27.435,2.0000,11.658,221.131,3849.109,383.460,0.0000,-0.0487,0.9988,175.317,214.834,18.157,Static,StoneStairs,shape,000001D1AB1E5000,-,0,1,0,-
128,1896.164,0.0000,impact,ragdoll,Proventus Avenicci,0001A67D,NPC Spine2 [Spn2],9,194.268,194.268,104.263,231.150,9.765,7.0000,23.052,242.388,3867.709,401.635,-0.0000,-0.9816,0.1910,-61.718,196.790,104.379,Static,StoneStairs,shape,000001D1AB1E5000,-,1,0,0,-
129,1896.164,0.0000,impact,ragdoll,Proventus Avenicci,0001A67D,NPC Spine2 [Spn2],9,194.268,194.268,104.263,231.150,9.765,7.0000,23.052,242.388,3867.709,401.635,-0.0000,-0.9816,0.1910,-61.718,196.790,104.379,Static,StoneStairs,shape,000001D1AB1E5000,-,0,1,0,-
130,1896.167,0.0000,impact,ragdoll,Proventus Avenicci,0001A67D,NPC L Forearm [LLar],14,292.415,292.415,489.042,279.838,24.299,2.0000,11.658,231.739,3851.955,400.266,-0.8711,-0.3999,-0.2850,203.197,162.685,102.732,-,Skin,shape,000001D1AF7ADC00,9,1,1,0,-
131,1896.167,0.0000,impact,ragdoll,Proventus Avenicci,0001A67D,NPC Spine2 [Spn2],9,292.415,292.415,489.042,231.150,9.765,7.0000,23.052,231.739,3851.955,400.266,-0.8711,-0.3999,-0.2850,-61.718,196.790,104.379,-,Skin,shape,000001D1AF7AC700,14,1,1,0,-
132,1896.170,0.0000,impact,ragdoll,Proventus Avenicci,0001A67D,NPC L Hand [LHnd],16,42.944,42.944,228.955,207.847,50.181,4.0000,8.334,223.602,3839.785,382.887,-0.0000,-0.9756,0.2196,-92.420,81.906,167.183,Static,StoneStairs,shape,000001D1AB1E5000,-,0,1,0,-
133,1911.378,0.0000,impact,ragdoll,Proventus Avenicci,0001A67D,NPC R Forearm [RLar],15,143.503,143.503,396.576,93.718,4.006,6.0000,11.658,260.619,3833.918,392.450,0.7700,0.5176,-0.3732,-11.415,43.578,82.181,-,-,-,000001D1AF7AF700,0,1,1,0,-
134,1911.379,0.0000,impact,ragdoll,Proventus Avenicci,0001A67D,NPC COM [COM ],0,143.503,143.503,396.576,326.342,12.592,50.0000,17.687,260.619,3833.918,392.450,0.7700,0.5176,-0.3732,-38.064,322.557,31.731,-,Skin,shape,000001D1AF7AD000,15,1,1,0,-
135,1911.903,0.0000,impact,ragdoll,Proventus Avenicci,0001A67D,NPC Spine1 [Spn1],6,146.633,146.633,480.374,313.179,22.544,4.0000,18.878,227.072,3848.870,398.664,0.9824,-0.1306,0.1337,-130.907,154.258,239.058,-,Skin,shape,000001D1AF7AC700,14,1,1,0,-
136,1911.903,0.0000,impact,ragdoll,Proventus Avenicci,0001A67D,NPC L Forearm [LLar],14,146.633,146.633,480.374,207.295,4.475,2.0000,11.658,227.072,3848.870,398.664,0.9824,-0.1306,0.1337,-22.387,52.157,199.373,-,Skin,shape,000001D1AF7ADF00,6,1,1,0,-
137,1943.814,0.0000,impact,ragdoll,Proventus Avenicci,0001A67D,NPC Head [Head],13,121.219,121.219,157.111,137.660,11.346,4.0000,15.108,243.301,3895.559,412.974,0.0000,-1.0000,0.0000,59.492,122.582,19.612,Static,StoneStairs,shape,000001D1AB1E5000,-,0,1,0,-
138,1960.689,0.0000,impact,ragdoll,Proventus Avenicci,0001A67D,NPC Head [Head],13,98.917,98.917,177.412,45.681,18.514,4.0000,15.108,243.919,3895.590,419.061,0.0000,-0.9996,0.0272,9.390,6.890,44.172,Static,StoneStairs,shape,000001D1AB1E5000,-,0,1,0,-
139,1961.204,0.0000,impact,ragdoll,Proventus Avenicci,0001A67D,NPC L Thigh [LThg],1,27.933,27.933,96.427,99.391,7.245,6.0000,20.487,243.284,3839.934,383.102,-0.0000,-0.5499,0.8353,0.240,84.863,-51.738,Static,StoneStairs,shape,000001D1AB1E5000,-,1,0,0,-
140,1961.205,0.0000,impact,ragdoll,Proventus Avenicci,0001A67D,NPC L Thigh [LThg],1,27.933,27.933,96.427,99.391,7.245,6.0000,20.487,243.284,3839.934,383.102,-0.0000,-0.5499,0.8353,0.240,84.863,-51.738,Static,StoneStairs,shape,000001D1AB1E5000,-,0,1,0,-
141,1978.162,0.0000,impact,ragdoll,Proventus Avenicci,0001A67D,NPC L Calf [LClf],5,97.443,97.443,171.723,244.746,6.599,6.0000,19.675,257.812,3816.942,369.836,-0.0000,0.0147,0.9999,108.198,210.827,-61.203,Static,StoneStairs,shape,000001D1AB1E5000,-,1,0,0,-
142,1978.163,0.0000,impact,ragdoll,Proventus Avenicci,0001A67D,NPC L Calf [LClf],5,98.310,98.310,175.462,244.746,6.599,6.0000,19.675,258.171,3815.268,369.857,0.0000,-0.0159,0.9999,108.198,210.827,-61.203,Static,StoneStairs,shape,000001D1AB1E5000,-,0,1,0,-
143,1978.169,0.0000,impact,ragdoll,Proventus Avenicci,0001A67D,NPC Head [Head],13,70.278,70.278,51.270,60.251,3.300,4.0000,15.108,244.415,3895.593,419.054,0.0000,-0.9996,0.0272,12.068,53.819,-24.251,Static,StoneStairs,shape,000001D1AB1E5000,-,0,1,0,-
144,1998.888,0.0000,impact,ragdoll,Proventus Avenicci,0001A67D,NPC Head [Head],13,14.485,14.485,77.530,130.161,8.573,4.0000,15.108,245.890,3895.559,415.479,0.0000,-1.0000,0.0000,72.966,11.310,107.192,Static,StoneStairs,shape,000001D1AB1E5000,-,0,1,0,-
145,1998.890,0.0000,impact,ragdoll,Proventus Avenicci,0001A67D,NPC L Forearm [LLar],14,8.484,8.484,211.347,228.190,6.360,2.0000,11.658,219.608,3867.839,401.845,0.0000,-0.6102,0.7922,-143.767,147.354,98.430,Static,StoneStairs,shape,000001D1AB1E5000,-,1,1,0,-
146,2012.129,0.0000,impact,ragdoll,Proventus Avenicci,0001A67D,NPC Spine2 [Spn2],9,33.231,33.231,162.070,57.251,7.951,7.0000,23.052,242.144,3868.032,401.917,0.0000,-0.2745,0.9616,24.437,51.749,1.584,Static,StoneStairs,shape,000001D1AB1E5000,-,0,1,0,-
147,2012.658,0.0000,impact,ragdoll,Proventus Avenicci,0001A67D,NPC L Forearm [LLar],14,31.131,31.131,243.586,199.339,6.061,2.0000,11.658,215.206,3867.828,401.836,0.0000,-0.6416,0.7670,-116.237,140.946,79.744,Static,StoneStairs,shape,000001D1AB1E5000,-,0,1,0,-
148,2027.965,0.0000,impact,ragdoll,Proventus Avenicci,0001A67D,NPC L Calf [LClf],5,45.909,45.909,261.110,182.003,10.031,6.0000,19.675,274.707,3815.135,369.854,0.0000,-0.2116,0.9774,80.414,161.136,26.340,Static,StoneStairs,shape,000001D1AB1E5000,-,0,1,0,-
149,2027.967,0.0000,impact,ragdoll,Proventus Avenicci,0001A67D,NPC Spine1 [Spn1],6,106.167,106.167,92.788,105.722,9.587,4.0000,18.878,236.668,3867.756,401.755,-0.0000,-0.8456,0.5338,0.576,83.322,-65.072,Static,StoneStairs,shape,000001D1AB1E5000,-,1,0,0,-
150,2027.967,0.0000,impact,ragdoll,Proventus Avenicci,0001A67D,NPC Spine1 [Spn1],6,106.167,106.167,92.788,105.722,9.587,4.0000,18.878,236.668,3867.756,401.755,-0.0000,-0.8456,0.5338,0.576,83.322,-65.072,Static,StoneStairs,shape,000001D1AB1E5000,-,0,1,0,-
151,2028.429,0.0000,impact,ragdoll,Proventus Avenicci,0001A67D,NPC Spine [Spn0],3,33.861,33.861,62.363,64.309,10.400,4.0000,17.297,235.606,3850.375,383.660,0.0000,-0.0487,0.9988,-39.879,-32.737,-38.388,Static,StoneStairs,shape,000001D1AB1E5000,-,1,1,0,-
152,2028.432,0.0000,impact,ragdoll,Proventus Avenicci,0001A67D,NPC L Foot [Lft ],7,348.540,348.540,161.108,359.188,16.048,3.0000,10.011,289.111,3814.895,369.666,0.0000,-0.8975,0.4410,139.523,324.913,-63.092,Static,StoneStairs,shape,000001D1AB1E5000,-,1,0,0,-
153,2028.432,0.0000,impact,ragdoll,Proventus Avenicci,0001A67D,NPC L Foot [Lft ],7,348.540,348.540,161.108,359.188,16.048,3.0000,10.011,289.111,3814.895,369.666,0.0000,-0.8975,0.4410,139.523,324.913,-63.092,Static,StoneStairs,shape,000001D1AB1E5000,-,0,1,0,-
154,2077.356,0.0000,impact,ragdoll,Proventus Avenicci,0001A67D,NPC R Thigh [RThg],2,78.144,78.144,93.406,108.022,13.658,6.0000,20.487,271.835,3851.307,407.859,-0.4850,-0.7955,0.3632,74.051,-25.326,-74.457,-,Skin,shape,000001D1AF7AD000,15,1,1,0,-
155,2077.357,0.0000,impact,ragdoll,Proventus Avenicci,0001A67D,NPC R Forearm [RLar],15,78.144,78.144,93.406,73.479,7.076,6.0000,11.658,271.835,3851.307,407.859,-0.4850,-0.7955,0.3632,-13.494,72.220,1.187,-,Skin,shape,000001D1AF7AEB00,2,1,1,0,-
156,2144.809,0.0000,impact,ragdoll,Proventus Avenicci,0001A67D,NPC Spine2 [Spn2],9,15.555,15.555,37.050,51.725,3.382,7.0000,23.052,240.083,3868.004,401.914,0.0000,-0.2745,0.9616,-42.602,-19.053,-22.306,Static,StoneStairs,shape,000001D1AB1E5000,-,0,1,0,-
157,2145.612,0.0000,impact,ragdoll,Proventus Avenicci,0001A67D,NPC L Thigh [LThg],1,27.505,27.505,73.474,48.017,3.645,6.0000,20.487,251.829,3839.208,375.858,0.0000,-0.9962,0.0869,-28.880,2.452,-38.283,Static,StoneStairs,shape,000001D1AB1E5000,-,0,1,0,-
158,2145.620,0.0000,impact,ragdoll,Proventus Avenicci,0001A67D,NPC L Hand [LHnd],16,23.980,23.980,189.268,176.446,8.108,4.0000,8.334,193.189,3871.156,402.397,0.0000,-0.1515,0.9885,-126.752,122.632,-5.352,Static,StoneStairs,shape,000001D1AB1E5000,-,1,1,0,-
159,2145.621,0.0000,impact,ragdoll,Proventus Avenicci,0001A67D,NPC R Hand [RHnd],17,26.568,26.568,197.192,192.338,6.815,4.0000,8.334,283.035,3857.747,384.019,-0.0000,-0.0487,0.9988,0.372,191.558,-17.304,Static,StoneStairs,shape,000001D1AB1E5000,-,1,1,0,-
160,2162.222,0.0000,impact,ragdoll,Proventus Avenicci,0001A67D,NPC R Forearm [RLar],15,121.463,121.463,59.537,127.670,4.708,6.0000,11.658,274.441,3867.710,401.640,0.0000,-0.9785,0.2063,-13.812,126.799,-5.565,Static,StoneStairs,shape,000001D1AB1E5000,-,1,1,0,-
161,2179.224,0.0000,impact,ragdoll,Proventus Avenicci,0001A67D,NPC R Calf [RClf],4,181.146,181.146,95.180,279.727,15.295,6.0000,19.675,276.637,3827.414,389.007,-0.2368,0.4816,0.8438,106.827,-204.226,-158.515,-,Skin,shape,000001D1AF7AF100,5,1,1,0,-
162,2179.226,0.0000,impact,ragdoll,Proventus Avenicci,0001A67D,NPC L Calf [LClf],5,181.146,181.146,95.180,91.932,4.463,6.0000,19.675,276.637,3827.414,389.007,-0.2368,0.4816,0.8438,-53.855,59.143,-45.313,-,Skin,shape,000001D1AF7AE800,4,1,1,0,-
163,2179.226,0.0000,impact,ragdoll,Proventus Avenicci,0001A67D,NPC L Calf [LClf],5,149.812,149.812,50.452,91.932,4.463,6.0000,19.675,270.957,3830.916,392.491,0.2310,-0.5046,-0.8319,-53.855,59.143,-45.313,-,Skin,shape,000001D1AF7AEB00,2,1,1,0,-
164,2179.227,0.0000,impact,ragdoll,Proventus Avenicci,0001A67D,NPC R Thigh [RThg],2,149.812,149.812,50.452,87.737,8.130,6.0000,20.487,270.957,3830.916,392.491,0.2310,-0.5046,-0.8319,-10.793,-47.389,-73.045,-,Skin,shape,000001D1AF7AF100,5,1,1,0,-
165,2179.235,0.0000,impact,ragdoll,Proventus Avenicci,0001A67D,NPC R Hand [RHnd],17,49.483,49.483,31.678,51.129,5.780,4.0000,8.334,282.631,3867.374,392.484,-0.0000,-0.9993,0.0361,-13.182,49.310,-2.987,Static,StoneStairs,shape,000001D1AB1E5000,-,0,1,0,-
166,2179.767,0.0000,impact,ragdoll,Proventus Avenicci,0001A67D,NPC L Calf [LClf],5,106.512,106.512,67.653,111.184,3.985,6.0000,19.675,254.878,3826.924,369.689,0.0000,0.0147,0.9999,-37.246,35.000,-98.741,Static,StoneStairs,shape,000001D1AB1E5000,-,1,1,0,-
167,2179.775,0.0000,impact,ragdoll,Proventus Avenicci,0001A67D,NPC R Forearm [RLar],15,60.443,60.443,10.925,65.756,5.045,6.0000,11.658,274.708,3867.705,401.613,0.0000,-0.9869,0.1614,-23.063,60.601,-10.932,Static,StoneStairs,shape,000001D1AB1E5000,-,0,1,0,-
168,2179.776,0.0000,impact,ragdoll,Proventus Avenicci,0001A67D,NPC L Hand [LHnd],16,5.534,5.534,79.420,99.446,7.609,4.0000,8.334,190.452,3874.296,402.879,-0.0000,-0.1515,0.9885,-48.992,86.204,7.626,Static,StoneStairs,shape,000001D1AB1E5000,-,1,1,0,-
169,2210.344,0.0000,impact,ragdoll,Proventus Avenicci,0001A67D,NPC L Thigh [LThg],1,63.916,63.916,82.699,63.447,5.295,6.0000,20.487,251.108,3829.762,369.647,0.0000,0.0147,0.9999,-3.229,15.255,-61.501,Static,StoneStairs,shape,000001D1AB1E5000,-,0,1,0,-
170,2228.785,0.0000,impact,ragdoll,Proventus Avenicci,0001A67D,NPC L Foot [Lft ],7,123.323,123.323,114.565,139.949,7.849,3.0000,10.011,287.567,3820.123,369.789,-0.0000,0.0147,0.9999,-6.735,-88.198,-108.450,Static,StoneStairs,shape,000001D1AB1E5000,-,1,1,0,-
171,2228.787,0.0000,impact,ragdoll,Proventus Avenicci,0001A67D,NPC R UpperArm [RUar],12,43.065,43.065,57.620,73.704,1.929,2.0000,14.463,263.476,3867.903,401.884,0.0000,-0.4266,0.9044,-47.327,-6.887,-56.081,Static,StoneStairs,shape,000001D1AB1E5000,-,0,0,0,-
172,2228.787,0.0000,impact,ragdoll,Proventus Avenicci,0001A67D,NPC R UpperArm [RUar],12,43.065,43.065,57.620,73.704,1.929,2.0000,14.463,263.476,3867.903,401.884,0.0000,-0.4266,0.9044,-47.327,-6.887,-56.081,Static,StoneStairs,shape,000001D1AB1E5000,-,0,1,0,-
173,2244.625,0.0000,impact,ragdoll,Proventus Avenicci,0001A67D,NPC L Forearm [LLar],14,53.517,53.517,81.427,72.881,3.391,2.0000,11.658,192.746,3879.951,403.745,-0.0000,-0.1515,0.9885,-33.579,44.445,-46.996,Static,StoneStairs,shape,000001D1AB1E5000,-,1,1,0,-
174,2278.829,0.0000,impact,ragdoll,Proventus Avenicci,0001A67D,NPC R Calf [RClf],4,199.998,199.998,112.869,217.034,4.882,6.0000,19.675,279.232,3816.955,385.241,-0.2321,-0.3977,0.8877,2.362,-22.752,-215.825,-,Skin,shape,000001D1AF7AF100,5,1,1,0,-
175,2278.829,0.0000,impact,ragdoll,Proventus Avenicci,0001A67D,NPC L Calf [LClf],5,199.998,199.998,112.869,109.742,5.589,6.0000,19.675,279.232,3816.955,385.241,-0.2321,-0.3977,0.8877,32.127,-102.946,-20.330,-,Skin,shape,000001D1AF7AE800,4,1,1,0,-
176,2278.834,0.0000,impact,ragdoll,Proventus Avenicci,0001A67D,NPC Spine2 [Spn2],9,36.910,36.910,29.866,54.382,2.105,7.0000,23.052,230.371,3867.919,401.891,0.0000,-0.3814,0.9244,-27.127,-21.080,-42.156,Static,StoneStairs,shape,000001D1AB1E5000,-,0,1,0,-
177,2279.362,0.0000,impact,ragdoll,Proventus Avenicci,0001A67D,NPC L Calf [LClf],5,5.800,5.800,155.985,116.548,8.386,6.0000,19.675,264.649,3823.007,388.783,0.1542,-0.0279,-0.9876,52.499,-52.328,-89.939,-,Skin,shape,000001D1AF7AEB00,2,1,1,0,-
178,2279.362,0.0000,impact,ragdoll,Proventus Avenicci,0001A67D,NPC R Thigh [RThg],2,5.800,5.800,155.985,63.854,3.260,6.0000,20.487,264.649,3823.007,388.783,0.1542,-0.0279,-0.9876,7.043,-36.893,-51.640,-,Skin,shape,000001D1AF7AF100,5,1,1,0,-
179,2279.364,0.0000,impact,ragdoll,Proventus Avenicci,0001A67D,NPC L Foot [Lft ],7,84.207,84.207,268.080,227.025,11.496,3.0000,10.011,289.971,3815.148,369.856,0.0000,-0.1734,0.9848,83.148,-155.681,-142.794,Static,StoneStairs,shape,000001D1AB1E5000,-,1,1,0,-
180,2297.077,0.0000,impact,ragdoll,Proventus Avenicci,0001A67D,NPC R Calf [RClf],4,162.207,162.207,97.713,192.539,4.922,6.0000,19.675,284.314,3813.589,381.924,-0.3221,-0.5027,0.8022,-27.741,-49.137,-184.084,-,Skin,shape,000001D1AF7AEE00,7,1,1,0,-
181,2297.078,0.0000,impact,ragdoll,Proventus Avenicci,0001A67D,NPC L Foot [Lft ],7,162.207,162.207,97.713,157.346,7.396,3.0000,10.011,284.314,3813.589,381.924,-0.3221,-0.5027,0.8022,-2.996,-155.074,-26.472,-,Skin,shape,000001D1AF7AE800,4,1,1,0,-
182,2297.082,0.0000,impact,ragdoll,Proventus Avenicci,0001A67D,NPC R Foot [Rft ],8,352.796,352.796,202.247,254.282,26.169,3.0000,10.011,284.502,3813.421,380.048,0.6187,-0.7273,0.2971,-142.955,69.823,-198.364,-,Skin,shape,000001D1AF7AF100,5,1,1,0,-
183,2297.082,0.0000,impact,ragdoll,Proventus Avenicci,0001A67D,NPC L Calf [LClf],5,352.796,352.796,202.247,68.697,7.333,6.0000,19.675,284.502,3813.421,380.048,0.6187,-0.7273,0.2971,37.958,-55.861,-12.566,-,Skin,shape,000001D1AF7AE500,8,1,1,0,-
184,2311.049,0.0000,impact,ragdoll,Proventus Avenicci,0001A67D,NPC L Calf [LClf],5,102.960,102.960,62.810,54.599,4.678,6.0000,19.675,259.173,3824.969,386.701,-0.1330,0.0440,-0.9901,9.890,-53.651,2.179,-,Skin,shape,000001D1AF7AEB00,2,0,1,0,-
185,2311.050,0.0000,impact,ragdoll,Proventus Avenicci,0001A67D,NPC R Thigh [RThg],2,102.960,102.960,62.810,94.402,5.119,6.0000,20.487,259.173,3824.969,386.701,-0.1330,0.0440,-0.9901,-31.029,-59.876,-66.059,-,Skin,shape,000001D1AF7AF100,5,0,1,0,-
186,2311.516,0.0000,impact,ragdoll,Proventus Avenicci,0001A67D,NPC Head [Head],13,95.561,95.561,176.758,112.280,7.935,4.0000,15.108,232.978,3884.755,404.482,0.0000,-0.1515,0.9885,-29.991,-36.295,-101.932,Static,StoneStairs,shape,000001D1AB1E5000,-,1,1,0,-
187,2329.814,0.0000,impact,ragdoll,Proventus Avenicci,0001A67D,NPC L Thigh [LThg],1,6.220,6.220,39.281,42.110,3.243,6.0000,20.487,253.405,3826.529,369.695,0.0000,0.0147,0.9999,-12.895,-35.757,-18.122,Static,StoneStairs,shape,000001D1AB1E5000,-,0,0,0,-
188,2329.815,0.0000,impact,ragdoll,Proventus Avenicci,0001A67D,NPC L Thigh [LThg],1,6.031,6.031,39.263,42.110,3.243,6.0000,20.487,253.389,3826.686,369.692,0.0000,0.0147,0.9999,-12.895,-35.757,-18.122,Static,StoneStairs,shape,000001D1AB1E5000,-,0,1,0,-
189,2329.817,0.0000,impact,ragdoll,Proventus Avenicci,0001A67D,NPC R Thigh [RThg],2,15.995,15.995,24.523,63.678,2.034,6.0000,20.487,254.750,3826.542,383.900,0.1953,-0.0141,0.9806,-23.334,-56.221,-18.696,-,Skin,shape,000001D1AF7AF400,1,0,1,0,-
190,2329.817,0.0000,impact,ragdoll,Proventus Avenicci,0001A67D,NPC L Thigh [LThg],1,15.995,15.995,24.523,42.110,3.243,6.0000,20.487,254.750,3826.542,383.900,0.1953,-0.0141,0.9806,-12.895,-35.757,-18.122,-,Skin,shape,000001D1AF7AEB00,2,0,1,0,-
191,2330.397,0.0000,impact,ragdoll,Proventus Avenicci,0001A67D,NPC COM [COM ],0,10.415,10.415,27.272,43.292,3.020,50.0000,17.687,235.165,3839.955,383.116,-0.0000,-0.4875,0.8731,-19.817,-32.255,-21.001,Static,StoneStairs,shape,000001D1AB1E5000,-,1,0,0,-
192,2330.397,0.0000,impact,ragdoll,Proventus Avenicci,0001A67D,NPC COM [COM ],0,10.415,10.415,27.272,43.292,3.020,50.0000,17.687,235.165,3839.955,383.116,-0.0000,-0.4875,0.8731,-19.817,-32.255,-21.001,Static,StoneStairs,shape,000001D1AB1E5000,-,0,1,0,-
193,2330.400,0.0000,impact,ragdoll,Proventus Avenicci,0001A67D,NPC Spine [Spn0],3,30.791,30.791,20.961,40.602,2.713,4.0000,17.297,230.709,3842.342,383.268,0.0000,-0.0487,0.9988,-12.496,-29.015,-25.504,Static,StoneStairs,shape,000001D1AB1E5000,-,1,1,0,-
194,2377.796,0.0000,impact,ragdoll,Proventus Avenicci,0001A67D,NPC R Calf [RClf],4,7.886,7.886,12.950,50.971,2.523,6.0000,19.675,266.474,3817.343,381.004,-0.1635,-0.2044,0.9651,-25.052,-39.295,-20.648,-,Skin,shape,000001D1AF7AF100,5,0,1,0,-
195,2377.796,0.0000,impact,ragdoll,Proventus Avenicci,0001A67D,NPC L Calf [LClf],5,7.886,7.886,12.950,29.528,2.546,6.0000,19.675,266.474,3817.343,381.004,-0.1635,-0.2044,0.9651,-4.081,-29.245,0.044,-,Skin,shape,000001D1AF7AE800,4,0,1,0,-
196,2424.130,0.0000,state,unknown,Proventus Avenicci,0001A67D,-,-,0.000,0.000,0.000,0.000,0.000,0.0000,0.000,0.000,0.000,0.000,0.0000,0.0000,0.0000,0.000,0.000,0.000,-,-,-,0000000000000000,-,0,0,0,knock_get_up
197,5768.676,0.0000,state,unknown,Proventus Avenicci,0001A67D,-,-,0.000,0.000,0.000,0.000,0.000,0.0000,0.000,0.000,0.000,0.000,0.0000,0.0000,0.0000,0.000,0.000,0.000,-,-,-,0000000000000000,-,0,0,0,ragdoll_start
198,5773.470,0.0000,impact,ragdoll,Proventus Avenicci,0001A67D,NPC L Foot [Lft ],7,26.575,26.575,139.182,164.112,6.489,3.0000,10.011,222.503,3860.785,384.167,0.0000,-0.0487,0.9988,156.142,49.395,-10.614,Static,StoneStairs,shape,000001D1AB1E5000,-,1,1,0,-
199,5773.472,0.0000,impact,ragdoll,Proventus Avenicci,0001A67D,NPC R Foot [Rft ],8,24.540,24.540,103.619,112.573,9.284,3.0000,10.011,252.932,3844.292,383.363,0.0000,-0.0487,0.9988,93.279,62.140,-10.497,Static,StoneStairs,shape,000001D1AB1E5000,-,1,0,0,-
200,5773.472,0.0000,impact,ragdoll,Proventus Avenicci,0001A67D,NPC R Foot [Rft ],8,22.836,22.836,101.568,112.573,9.284,3.0000,10.011,249.105,3840.194,383.153,0.0000,-0.2252,0.9743,93.279,62.140,-10.497,Static,StoneStairs,shape,000001D1AB1E5000,-,0,1,0,-
201,5773.474,0.0000,impact,ragdoll,Proventus Avenicci,0001A67D,NPC L Forearm [LLar],14,86.022,86.022,34.278,220.790,6.043,2.0000,11.658,226.190,3849.349,448.754,-0.9233,0.2489,0.2925,193.109,107.007,-2.576,-,-,-,000001D1AF7AF700,0,1,1,0,-
202,5773.474,0.0000,impact,ragdoll,Proventus Avenicci,0001A67D,NPC COM [COM ],0,86.022,86.022,34.278,80.250,3.464,50.0000,17.687,226.190,3849.349,448.754,-0.9233,0.2489,0.2925,72.804,29.475,-16.455,-,Skin,shape,000001D1AF7AC700,14,1,1,0,-
203,5773.475,0.0000,impact,ragdoll,Proventus Avenicci,0001A67D,NPC L Forearm [LLar],14,67.106,67.106,28.221,220.790,6.043,2.0000,11.658,225.255,3850.397,446.431,-0.8190,0.1297,0.5590,193.109,107.007,-2.576,-,Skin,shape,000001D1AF7AF400,1,1,1,0,-
204,5773.475,0.0000,impact,ragdoll,Proventus Avenicci,0001A67D,NPC L Thigh [LThg],1,67.106,67.106,28.221,148.715,4.840,6.0000,20.487,225.255,3850.397,446.431,-0.8190,0.1297,0.5590,131.474,69.349,4.632,-,Skin,shape,000001D1AF7AC700,14,1,1,0,-
205,5773.475,0.0000,impact,ragdoll,Proventus Avenicci,0001A67D,NPC L Forearm [LLar],14,91.424,91.424,46.326,220.790,6.043,2.0000,11.658,225.894,3848.789,455.637,-0.9730,0.1309,0.1903,193.109,107.007,-2.576,-,Skin,shape,000001D1AF7AE200,3,1,1,0,-
206,5773.475,0.0000,impact,ragdoll,Proventus Avenicci,0001A67D,NPC Spine [Spn0],3,91.424,91.424,46.326,93.455,8.061,4.0000,17.297,225.894,3848.789,455.637,-0.9730,0.1309,0.1903,85.970,24.862,-26.922,-,Skin,shape,000001D1AF7AC700,14,1,1,0,-
207,5773.476,0.0000,impact,ragdoll,Proventus Avenicci,0001A67D,NPC L Forearm [LLar],14,92.266,92.266,66.527,220.790,6.043,2.0000,11.658,224.658,3847.643,463.801,-0.9926,0.0187,-0.1199,193.109,107.007,-2.576,-,Skin,shape,000001D1AF7ADF00,6,1,1,0,-
208,5773.476,0.0000,impact,ragdoll,Proventus Avenicci,0001A67D,NPC Spine1 [Spn1],6,92.266,92.266,66.527,109.512,6.366,4.0000,18.878,224.658,3847.643,463.801,-0.9926,0.0187,-0.1199,102.972,33.331,-16.694,-,Skin,shape,000001D1AF7AC700,14,1,1,0,-
209,5773.476,0.0000,impact,ragdoll,Proventus Avenicci,0001A67D,NPC L Forearm [LLar],14,48.973,48.973,115.302,220.790,6.043,2.0000,11.658,225.835,3847.303,469.938,-0.6609,0.0480,-0.7490,193.109,107.007,-2.576,-,Skin,shape,000001D1AF7ADC00,9,1,1,0,-
210,5773.476,0.0000,impact,ragdoll,Proventus Avenicci,0001A67D,NPC Spine2 [Spn2],9,48.973,48.973,115.302,132.533,4.228,7.0000,23.052,225.835,3847.303,469.938,-0.6609,0.0480,-0.7490,116.977,62.178,-3.937,-,Skin,shape,000001D1AF7AC700,14,1,1,0,-
211,5773.478,0.0000,impact,ragdoll,Proventus Avenicci,0001A67D,NPC L Hand [LHnd],16,76.022,76.022,89.396,200.934,1.850,4.0000,8.334,226.103,3850.333,445.597,-0.9328,0.3564,-0.0528,177.983,92.796,-9.254,-,-,-,000001D1AF7AF700,0,1,1,0,-
212,5773.478,0.0000,impact,ragdoll,Proventus Avenicci,0001A67D,NPC COM [COM ],0,76.022,76.022,89.396,80.250,3.464,50.0000,17.687,226.103,3850.333,445.597,-0.9328,0.3564,-0.0528,72.804,29.475,-16.455,-,Skin,shape,000001D1AF7AC400,16,1,1,0,-
213,5773.478,0.0000,impact,ragdoll,Proventus Avenicci,0001A67D,NPC L Hand [LHnd],16,60.367,60.367,30.246,200.934,1.850,4.0000,8.334,224.415,3851.504,443.776,-0.9410,0.2904,0.1736,177.983,92.796,-9.254,-,Skin,shape,000001D1AF7AF400,1,1,1,0,-
214,5773.478,0.0000,impact,ragdoll,Proventus Avenicci,0001A67D,NPC L Thigh [LThg],1,60.367,60.367,30.246,148.715,4.840,6.0000,20.487,224.415,3851.504,443.776,-0.9410,0.2904,0.1736,131.474,69.349,4.632,-,Skin,shape,000001D1AF7AC400,16,1,1,0,-
215,5773.479,0.0000,impact,ragdoll,Proventus Avenicci,0001A67D,NPC L Hand [LHnd],16,58.168,58.168,114.986,200.934,1.850,4.0000,8.334,226.994,3850.262,450.151,-0.8466,0.3000,-0.4396,177.983,92.796,-9.254,-,Skin,shape,000001D1AF7AE200,3,1,1,0,-
216,5773.479,0.0000,impact,ragdoll,Proventus Avenicci,0001A67D,NPC Spine [Spn0],3,58.168,58.168,114.986,93.455,8.061,4.0000,17.297,226.994,3850.262,450.151,-0.8466,0.3000,-0.4396,85.970,24.862,-26.922,-,Skin,shape,000001D1AF7AC400,16,1,1,0,-
217,5788.615,0.0000,impact,ragdoll,Proventus Avenicci,0001A67D,NPC L Calf [LClf],5,19.668,19.668,231.647,179.492,6.056,6.0000,19.675,225.403,3852.386,383.758,0.0000,-0.0487,0.9988,172.559,46.954,-15.356,Static,StoneStairs,shape,000001D1AB1E5000,-,1,1,0,-
218,5839.377,0.0000,impact,ragdoll,Proventus Avenicci,0001A67D,NPC L Foot [Lft ],7,27.826,27.826,147.779,154.277,2.261,3.0000,10.011,233.488,3851.125,383.610,0.0000,-0.0487,0.9988,144.526,-51.267,-16.896,Static,StoneStairs,shape,000001D1AB1E5000,-,0,1,0,-
219,5938.732,0.0000,impact,ragdoll,Proventus Avenicci,0001A67D,NPC L Foot [Lft ],7,5.904,5.904,179.846,181.522,5.640,3.0000,10.011,238.885,3850.651,383.673,-0.0000,-0.0487,0.9988,10.521,-180.355,-17.652,Static,StoneStairs,shape,000001D1AB1E5000,-,0,0,0,-
220,5939.310,0.0000,impact,ragdoll,Proventus Avenicci,0001A67D,NPC R Hand [RHnd],17,20.051,20.051,6.288,326.998,5.312,4.0000,8.334,274.826,3828.650,426.082,0.8322,-0.2791,0.4791,152.575,-235.674,-167.650,-,Skin,shape,000001D1AF7AEB00,2,1,1,0,-
221,5939.310,0.0000,impact,ragdoll,Proventus Avenicci,0001A67D,NPC R Thigh [RThg],2,20.051,20.051,6.288,315.421,1.302,6.0000,20.487,274.826,3828.650,426.082,0.8322,-0.2791,0.4791,164.653,-232.353,-135.617,-,Skin,shape,000001D1AF7ACD00,17,1,1,0,-
222,6174.572,0.0000,impact,ragdoll,Proventus Avenicci,0001A67D,NPC R Calf [RClf],4,272.646,272.646,763.764,786.776,2.074,6.0000,19.675,316.439,3732.614,328.847,0.0000,-0.2660,0.9640,116.469,-640.241,-442.203,Static,StoneStairs,shape,000001D1AB1E5000,-,1,0,0,-
223,6174.573,0.0000,impact,ragdoll,Proventus Avenicci,0001A67D,NPC R Calf [RClf],4,421.823,421.823,692.828,786.776,2.074,6.0000,19.675,316.439,3732.855,328.862,-0.0000,-0.0625,0.9980,116.469,-640.241,-442.203,Static,StoneStairs,shape,000001D1AB1E5000,-,0,1,0,-
224,6188.934,0.0000,impact,ragdoll,Proventus Avenicci,0001A67D,NPC L Forearm [LLar],14,76.263,76.263,24.205,796.624,2.818,2.0000,11.658,292.741,3728.899,370.928,-0.5739,0.5331,0.6216,217.947,-650.817,-404.407,-,Skin,shape,000001D1AF7AE200,3,1,1,0,-
225,6188.935,0.0000,impact,ragdoll,Proventus Avenicci,0001A67D,NPC Spine [Spn0],3,76.263,76.263,24.205,748.068,5.968,4.0000,17.297,292.741,3728.899,370.928,-0.5739,0.5331,0.6216,110.095,-612.949,-414.461,-,Skin,shape,000001D1AF7AC700,14,1,1,0,-
226,6205.494,0.0000,impact,ragdoll,Proventus Avenicci,0001A67D,NPC L Hand [LHnd],16,23.225,23.225,67.534,795.213,3.872,4.0000,8.334,294.103,3725.798,364.714,-0.5520,0.7703,0.3192,213.780,-663.812,-382.119,-,Skin,shape,000001D1AF7AE200,3,1,1,0,-
227,6205.494,0.0000,impact,ragdoll,Proventus Avenicci,0001A67D,NPC Spine [Spn0],3,23.225,23.225,67.534,809.256,1.667,4.0000,17.297,294.103,3725.798,364.714,-0.5520,0.7703,0.3192,147.149,-649.113,-460.321,-,Skin,shape,000001D1AF7AC400,16,1,1,0,-
228,6205.983,0.0000,impact,ragdoll,Proventus Avenicci,0001A67D,NPC L Thigh [LThg],1,456.147,456.147,865.155,860.865,9.194,6.0000,20.487,279.908,3734.813,328.985,0.0000,-0.0625,0.9980,152.600,-703.815,-471.641,Static,StoneStairs,shape,000001D1AB1E5000,-,1,1,0,-
229,6205.985,0.0000,impact,ragdoll,Proventus Avenicci,0001A67D,NPC L Calf [LClf],5,466.428,466.428,856.737,840.647,8.873,6.0000,19.675,276.829,3737.464,329.151,0.0000,-0.0625,0.9980,153.685,-700.373,-438.801,Static,StoneStairs,shape,000001D1AB1E5000,-,1,1,0,-
230,6221.172,0.0000,impact,ragdoll,Proventus Avenicci,0001A67D,NPC L Forearm [LLar],14,126.439,126.439,104.698,843.166,2.387,2.0000,11.658,293.732,3717.615,355.995,-0.1786,0.1635,0.9702,199.430,-707.999,-412.182,-,Skin,shape,000001D1AF7AF400,1,1,1,0,-
231,6221.172,0.0000,impact,ragdoll,Proventus Avenicci,0001A67D,NPC L Thigh [LThg],1,126.439,126.439,104.698,586.810,19.583,6.0000,20.487,293.732,3717.615,355.995,-0.1786,0.1635,0.9702,130.226,-551.921,-150.898,-,Skin,shape,000001D1AF7AC700,14,1,1,0,-
232,6221.176,0.0000,impact,ragdoll,Proventus Avenicci,0001A67D,NPC R Hand [RHnd],17,16.206,16.206,95.183,906.683,4.491,4.0000,8.334,328.378,3700.040,330.724,0.6181,-0.5240,0.5860,203.955,-713.300,-521.230,-,Skin,shape,000001D1AF7AEB00,2,1,1,0,-
233,6221.176,0.0000,impact,ragdoll,Proventus Avenicci,0001A67D,NPC R Thigh [RThg],2,16.206,16.206,95.183,851.819,5.774,6.0000,20.487,328.378,3700.040,330.724,0.6181,-0.5240,0.5860,198.532,-691.901,-455.471,-,Skin,shape,000001D1AF7ACD00,17,1,1,0,-
234,6238.810,0.0000,impact,ragdoll,Proventus Avenicci,0001A67D,NPC R Calf [RClf],4,458.496,458.496,615.374,783.067,12.646,6.0000,19.675,321.092,3680.912,300.846,-0.0000,-0.1527,0.9883,38.469,-554.679,-551.403,Static,StoneStairs,shape,000001D1AB1E5000,-,1,0,0,-
235,6238.811,0.0000,impact,ragdoll,Proventus Avenicci,0001A67D,NPC R Calf [RClf],4,458.496,458.496,615.374,783.067,12.646,6.0000,19.675,321.092,3680.912,300.846,-0.0000,-0.1527,0.9883,38.469,-554.679,-551.403,Static,StoneStairs,shape,000001D1AB1E5000,-,0,0,0,-
236,6238.812,0.0000,impact,ragdoll,Proventus Avenicci,0001A67D,NPC R Foot [Rft ],8,405.054,405.054,761.505,854.031,13.292,3.0000,10.011,310.193,3665.144,289.027,0.0000,-0.1289,0.9917,179.701,-670.320,-497.743,Static,StoneStairs,shape,000001D1AB1E5000,-,1,1,0,-
237,6255.705,0.0000,impact,ragdoll,Proventus Avenicci,0001A67D,NPC R Thigh [RThg],2,40.544,40.544,109.231,765.350,6.629,6.0000,20.487,306.768,3689.349,335.589,0.6967,-0.4632,-0.5477,159.462,-672.943,-327.842,-,Skin,shape,000001D1AF7AF400,1,1,1,0,-
238,6255.706,0.0000,impact,ragdoll,Proventus Avenicci,0001A67D,NPC L Thigh [LThg],1,40.544,40.544,109.231,835.417,5.529,6.0000,20.487,306.768,3689.349,335.589,0.6967,-0.4632,-0.5477,217.344,-745.483,-308.119,-,Skin,shape,000001D1AF7AEB00,2,1,1,0,-
239,6255.707,0.0000,impact,ragdoll,Proventus Avenicci,0001A67D,NPC R Thigh [RThg],2,314.456,314.456,685.668,765.350,6.629,6.0000,20.487,327.759,3685.393,301.137,0.0000,-0.0645,0.9979,159.462,-672.943,-327.842,Static,StoneStairs,shape,000001D1AB1E5000,-,1,1,0,-
240,6255.709,0.0000,impact,ragdoll,Proventus Avenicci,0001A67D,NPC R Calf [RClf],4,344.745,344.745,729.295,698.029,24.083,6.0000,19.675,330.320,3685.028,301.114,0.0000,-0.0645,0.9979,109.496,-680.857,-108.115,Static,StoneStairs,shape,000001D1AB1E5000,-,0,1,0,-
241,6256.186,0.0000,impact,ragdoll,Proventus Avenicci,0001A67D,NPC R Calf [RClf],4,10.979,10.979,701.686,579.723,8.783,6.0000,19.675,333.044,3680.940,300.849,0.0000,-0.0822,0.9966,423.849,-392.392,-49.591,Static,StoneStairs,shape,000001D1AB1E5000,-,1,0,0,-
242,6256.186,0.0000,impact,ragdoll,Proventus Avenicci,0001A67D,NPC R Calf [RClf],4,14.684,14.684,701.618,579.723,8.783,6.0000,19.675,333.044,3680.940,300.849,0.0000,-0.0744,0.9972,423.849,-392.392,-49.591,Static,StoneStairs,shape,000001D1AB1E5000,-,0,0,0,-
243,6256.189,0.0000,impact,ragdoll,Proventus Avenicci,0001A67D,NPC L Forearm [LLar],14,85.690,85.690,190.586,921.157,4.907,2.0000,11.658,304.403,3680.907,345.074,-0.4333,0.5135,0.7406,193.489,-800.958,-411.774,-,Skin,shape,000001D1AF7AE200,3,1,1,0,-
244,6256.189,0.0000,impact,ragdoll,Proventus Avenicci,0001A67D,NPC Spine [Spn0],3,85.690,85.690,190.586,865.474,10.795,4.0000,17.297,304.403,3680.907,345.074,-0.4333,0.5135,0.7406,113.047,-783.343,-350.199,-,Skin,shape,000001D1AF7AC700,14,1,1,0,-
245,6256.190,0.0000,impact,ragdoll,Proventus Avenicci,0001A67D,NPC L Hand [LHnd],16,114.485,114.485,125.892,884.746,4.962,4.0000,8.334,303.970,3686.776,339.418,-0.4013,0.6560,0.6392,208.346,-773.871,-374.821,-,-,-,000001D1AF7AF700,0,1,1,0,-
246,6256.190,0.0000,impact,ragdoll,Proventus Avenicci,0001A67D,NPC COM [COM ],0,114.485,114.485,125.892,819.660,18.221,50.0000,17.687,303.970,3686.776,339.418,-0.4013,0.6560,0.6392,107.462,-775.788,-241.762,-,Skin,shape,000001D1AF7AC400,16,1,1,0,-
247,6289.309,0.0000,impact,ragdoll,Proventus Avenicci,0001A67D,NPC L Forearm [LLar],14,34.116,34.116,221.206,1013.678,5.198,2.0000,11.658,307.382,3664.750,334.916,-0.2799,0.3696,0.8860,209.740,-962.831,-237.714,-,-,-,000001D1AF7AF700,0,1,1,0,-
248,6289.310,0.0000,impact,ragdoll,Proventus Avenicci,0001A67D,NPC COM [COM ],0,34.116,34.116,221.206,838.174,6.310,50.0000,17.687,307.382,3664.750,334.916,-0.2799,0.3696,0.8860,114.516,-780.921,-282.106,-,Skin,shape,000001D1AF7AC700,14,1,1,0,-
249,6289.980,0.0000,impact,ragdoll,Proventus Avenicci,0001A67D,NPC L Hand [LHnd],16,133.556,133.556,125.467,1048.225,16.500,4.0000,8.334,308.668,3655.961,333.286,-0.2878,0.8191,0.4963,226.679,-1013.704,-140.700,-,Skin,shape,000001D1AF7AE200,3,1,1,0,-
250,6289.981,0.0000,impact,ragdoll,Proventus Avenicci,0001A67D,NPC Spine [Spn0],3,133.556,133.556,125.467,846.302,8.457,4.0000,17.297,308.668,3655.961,333.286,-0.2878,0.8191,0.4963,100.231,-796.494,-267.915,-,Skin,shape,000001D1AF7AC400,16,1,1,0,-
251,6306.864,0.0000,impact,ragdoll,Proventus Avenicci,0001A67D,NPC R Foot [Rft ],8,476.876,476.876,870.907,931.515,17.944,3.0000,10.011,340.341,3635.495,270.542,-0.0000,-0.0786,0.9969,633.202,-429.834,-531.053,Static,StoneStairs,shape,000001D1AB1E5000,-,1,1,0,-
252,6323.118,0.0000,impact,ragdoll,Proventus Avenicci,0001A67D,NPC L Calf [LClf],5,481.282,481.282,905.529,989.538,7.321,6.0000,19.675,281.680,3658.536,288.167,0.0000,-0.1289,0.9917,298.975,-797.730,-503.413,Static,StoneStairs,shape,000001D1AB1E5000,-,1,1,0,-
253,6323.120,0.0000,impact,ragdoll,Proventus Avenicci,0001A67D,NPC L Foot [Lft ],7,562.520,562.520,881.099,1014.493,10.984,3.0000,10.011,272.457,3662.398,288.670,0.0000,-0.1289,0.9917,332.298,-713.682,-639.868,Static,StoneStairs,shape,000001D1AB1E5000,-,1,1,0,-
254,6357.621,0.0000,impact,ragdoll,Proventus Avenicci,0001A67D,NPC R Foot [Rft ],8,416.143,416.143,602.788,765.072,4.633,3.0000,10.011,367.913,3617.494,274.809,-0.9992,0.0193,-0.0343,431.656,-506.769,-377.086,Static,Stone,shape,000001D1AB1E5000,-,1,0,0,-
255,6374.297,0.0000,impact,ragdoll,Proventus Avenicci,0001A67D,NPC R Calf [RClf],4,40.935,40.935,665.440,756.016,14.288,6.0000,19.675,367.998,3603.801,264.642,-0.9992,0.0193,-0.0343,75.602,-607.459,-443.664,Static,Stone,shape,000001D1AB1E5000,-,1,0,0,-
256,6374.300,0.0000,impact,ragdoll,Proventus Avenicci,0001A67D,NPC R Calf [RClf],4,70.807,70.807,701.708,756.016,14.288,6.0000,19.675,367.891,3602.584,267.495,-0.9994,-0.0169,0.0306,75.602,-607.459,-443.664,Static,Stone,shape,000001D1AB1E5000,-,0,1,0,-
257,6375.021,0.0000,impact,ragdoll,Proventus Avenicci,0001A67D,NPC R Calf [RClf],4,466.615,466.615,404.429,772.272,16.444,6.0000,19.675,358.494,3600.829,253.323,0.0000,-0.0774,0.9970,13.169,-618.241,-462.611,Static,StoneStairs,shape,000001D1AB1E5000,-,0,1,0,-
258,6375.026,0.0000,impact,ragdoll,Proventus Avenicci,0001A67D,NPC R Foot [Rft ],8,7.698,7.698,760.763,678.862,14.154,3.0000,10.011,368.108,3606.648,263.248,-0.9992,0.0193,-0.0343,-25.571,-429.815,-524.842,Static,Stone,shape,000001D1AB1E5000,-,1,0,0,-
259,6375.026,0.0000,impact,ragdoll,Proventus Avenicci,0001A67D,NPC R Foot [Rft ],8,24.591,24.591,753.396,678.862,14.154,3.0000,10.011,368.039,3607.227,262.138,-0.9990,-0.0191,0.0393,-25.571,-429.815,-524.842,Static,Stone,shape,000001D1AB1E5000,-,0,0,0,-
260,6375.026,0.0000,impact,ragdoll,Proventus Avenicci,0001A67D,NPC R Foot [Rft ],8,486.314,486.314,434.024,678.862,14.154,3.0000,10.011,360.332,3602.904,253.484,0.0000,-0.0774,0.9970,-25.571,-429.815,-524.842,Static,StoneStairs,shape,000001D1AB1E5000,-,0,1,0,-
261,6390.519,0.0000,impact,ragdoll,Proventus Avenicci,0001A67D,NPC R Foot [Rft ],8,48.861,48.861,307.468,247.836,11.046,3.0000,10.011,368.055,3599.987,260.830,-0.9992,0.0193,-0.0343,13.140,-247.031,15.014,Static,Stone,shape,000001D1AB1E5000,-,0,0,0,-
262,6390.520,0.0000,impact,ragdoll,Proventus Avenicci,0001A67D,NPC R Foot [Rft ],8,38.967,38.967,310.955,247.836,11.046,3.0000,10.011,368.092,3600.358,260.118,-0.9990,-0.0191,0.0393,13.140,-247.031,15.014,Static,Stone,shape,000001D1AB1E5000,-,0,1,0,-
263,6410.600,0.0000,impact,ragdoll,Proventus Avenicci,0001A67D,NPC R Hand [RHnd],17,209.533,209.533,977.861,1005.242,2.891,4.0000,8.334,375.545,3533.136,253.211,-1.0000,-0.0000,0.0000,209.599,-912.887,-364.989,Static,Stone,shape,000001D1AB033D00,-,1,1,0,-
264,6424.417,0.0000,impact,ragdoll,Proventus Avenicci,0001A67D,NPC R Forearm [RLar],15,141.513,141.513,904.768,1006.054,15.318,6.0000,11.658,375.545,3512.641,250.160,-1.0000,-0.0000,-0.0000,124.892,-903.467,-424.609,Static,Stone,shape,000001D1AB033D00,-,1,1,0,-
265,6424.628,0.0000,impact,ragdoll,Proventus Avenicci,0001A67D,NPC Head [Head],13,980.277,973.466,412.209,1055.667,9.003,4.0000,15.108,354.690,3476.342,290.537,-0.1360,0.9907,0.0021,34.820,-978.300,-395.158,Static,Stone,shape,000001D1AB033D00,-,0,0,0,-
266,6439.897,0.0000,impact,ragdoll,Proventus Avenicci,0001A67D,NPC R Thigh [RThg],2,98.905,98.905,188.640,991.607,8.615,6.0000,20.487,339.009,3553.341,276.778,0.9726,-0.1770,-0.1508,127.161,-880.774,-437.437,-,Skin,shape,000001D1AF7AF400,1,0,1,0,-
267,6439.898,0.0000,impact,ragdoll,Proventus Avenicci,0001A67D,NPC L Thigh [LThg],1,98.905,98.905,188.640,1032.239,7.809,6.0000,20.487,339.009,3553.341,276.778,0.9726,-0.1770,-0.1508,195.319,-966.617,-304.993,-,Skin,shape,000001D1AF7AEB00,2,0,1,0,-
268,6440.184,0.0000,impact,ragdoll,Proventus Avenicci,0001A67D,NPC Head [Head],13,460.266,342.208,447.976,426.889,93.595,4.0000,15.108,354.465,3476.300,289.570,-0.1872,0.9823,0.0029,-28.462,-423.825,-42.381,Static,Stone,shape,000001D1AB033D00,-,0,0,0,-
269,6440.721,0.0000,impact,ragdoll,Proventus Avenicci,0001A67D,NPC R UpperArm [RUar],12,871.941,822.338,453.916,960.437,8.174,2.0000,14.463,360.172,3476.353,265.182,-0.0000,1.0000,-0.0000,51.408,-842.871,-457.564,Static,Stone,shape,000001D1AB033D00,-,0,0,0,-
270,6457.441,0.0000,impact,ragdoll,Proventus Avenicci,0001A67D,NPC Spine2 [Spn2],9,626.225,626.225,598.935,926.137,16.867,7.0000,23.052,354.216,3476.253,269.266,-0.6999,0.7141,0.0109,67.219,-776.645,-500.033,Static,Stone,shape,000001D1AB033D00,-,1,0,0,-
271,6457.442,0.0000,impact,ragdoll,Proventus Avenicci,0001A67D,NPC Spine2 [Spn2],9,626.225,626.225,598.935,926.137,16.867,7.0000,23.052,354.216,3476.253,269.266,-0.6999,0.7141,0.0109,67.219,-776.645,-500.033,Static,Stone,shape,000001D1AB033D00,-,0,1,0,-
272,6457.740,0.0000,impact,ragdoll,Proventus Avenicci,0001A67D,NPC Head [Head],13,126.390,5.717,189.589,553.540,57.241,4.0000,15.108,353.652,3475.655,283.990,-0.6045,0.7966,0.0094,-236.659,-320.923,-383.937,Static,Stone,shape,000001D1AB033D00,-,0,0,0,-
273,6458.344,0.0000,impact,ragdoll,Proventus Avenicci,0001A67D,NPC R UpperArm [RUar],12,444.277,138.062,116.318,157.038,21.757,2.0000,14.463,361.128,3476.353,259.922,0.0000,1.0000,0.0000,-51.883,-129.518,-72.071,Static,Stone,shape,000001D1AB033D00,-,0,0,0,-
274,6474.554,0.0000,impact,ragdoll,Proventus Avenicci,0001A67D,NPC R UpperArm [RUar],12,104.698,70.401,70.049,126.248,31.308,2.0000,14.463,360.096,3476.353,260.747,-0.0000,1.0000,0.0000,-91.783,-67.898,53.892,Static,Stone,shape,000001D1AB033D00,-,0,0,0,-
275,6490.995,0.0000,impact,ragdoll,Proventus Avenicci,0001A67D,NPC R Forearm [RLar],15,192.433,192.433,627.637,81.349,39.555,6.0000,11.658,357.544,3485.448,243.585,0.8704,-0.4779,0.1186,-11.624,57.546,56.312,-,Skin,shape,000001D1AF7AEB00,2,1,1,0,-
276,6490.996,0.0000,impact,ragdoll,Proventus Avenicci,0001A67D,NPC R Thigh [RThg],2,192.433,192.433,627.637,883.928,18.293,6.0000,20.487,357.544,3485.448,243.585,0.8704,-0.4779,0.1186,55.361,-752.798,-459.955,-,Skin,shape,000001D1AF7AD000,15,1,1,0,-
277,6491.250,0.0000,impact,ragdoll,Proventus Avenicci,0001A67D,NPC R UpperArm [RUar],12,115.720,28.690,28.381,112.897,31.106,2.0000,14.463,358.438,3476.353,261.022,-0.0000,1.0000,-0.0000,71.635,-15.014,85.958,Static,Stone,shape,000001D1AB033D00,-,0,0,0,-
278,6491.500,0.0000,impact,ragdoll,Proventus Avenicci,0001A67D,NPC Spine1 [Spn1],6,6.762,6.762,525.828,660.321,21.837,4.0000,18.878,353.775,3473.730,247.672,-0.9999,0.0000,0.0156,-10.260,-610.308,-251.877,Static,Stone,shape,000001D1AB033D00,-,1,1,0,-
279,6491.854,0.0000,impact,ragdoll,Proventus Avenicci,0001A67D,NPC R Thigh [RThg],2,502.254,441.036,455.557,594.974,10.038,6.0000,20.487,353.069,3476.013,236.552,-0.3867,0.9222,0.0060,-3.868,-515.329,-297.346,Static,Stone,shape,000001D1AB033D00,-,0,0,0,-
280,6508.690,0.0000,impact,ragdoll,Proventus Avenicci,0001A67D,NPC COM [COM ],0,8.532,8.532,452.449,817.263,52.905,50.0000,17.687,353.613,3476.075,236.814,-0.9787,0.2048,0.0153,-156.751,-623.521,-504.549,Static,Stone,shape,000001D1AB033D00,-,1,0,0,-
281,6508.692,0.0000,impact,ragdoll,Proventus Avenicci,0001A67D,NPC COM [COM ],0,8.532,8.532,452.450,817.263,52.905,50.0000,17.687,353.613,3476.075,236.814,-0.9787,0.2048,0.0153,-156.751,-623.521,-504.549,Static,Stone,shape,000001D1AB033D00,-,0,1,0,-
282,6508.701,0.0000,impact,ragdoll,Proventus Avenicci,0001A67D,NPC Spine2 [Spn2],9,57.444,57.444,247.548,490.940,22.355,7.0000,23.052,353.934,3468.263,257.873,-0.9999,-0.0000,0.0156,79.975,-477.907,-78.937,Static,Stone,shape,000001D1AB033D00,-,0,0,0,-
283,6508.702,0.0000,impact,ragdoll,Proventus Avenicci,0001A67D,NPC Spine2 [Spn2],9,42.646,42.646,250.421,490.940,22.355,7.0000,23.052,353.934,3469.168,257.837,-0.9999,-0.0000,0.0156,79.975,-477.907,-78.937,Static,Stone,shape,000001D1AB033D00,-,0,1,0,-
284,6509.021,0.0000,impact,ragdoll,Proventus Avenicci,0001A67D,NPC R Thigh [RThg],2,211.176,7.722,488.845,411.094,16.365,6.0000,20.487,352.745,3475.632,233.535,-0.5656,0.8246,0.0088,-246.702,-161.227,-286.604,Static,Stone,shape,000001D1AB033D00,-,0,0,0,-
285,6509.364,0.0000,impact,ragdoll,Proventus Avenicci,0001A67D,NPC R Thigh [RThg],2,447.071,447.071,746.687,316.742,14.150,6.0000,20.487,344.258,3497.002,250.540,0.7865,0.1637,-0.5956,-267.476,143.664,-90.235,-,Skin,shape,000001D1AF7AF400,1,0,1,0,-
286,6509.364,0.0000,impact,ragdoll,Proventus Avenicci,0001A67D,NPC L Thigh [LThg],1,447.071,447.071,746.687,820.010,10.538,6.0000,20.487,344.258,3497.002,250.540,0.7865,0.1637,-0.5956,-140.577,-608.401,-531.510,-,Skin,shape,000001D1AF7AEB00,2,0,1,0,-
287,6509.367,0.0000,impact,ragdoll,Proventus Avenicci,0001A67D,NPC Spine1 [Spn1],6,70.337,70.337,102.514,511.276,44.008,4.0000,18.878,353.737,3465.050,245.247,-0.9999,0.0000,0.0156,54.425,-476.888,-176.122,Static,Stone,shape,000001D1AB033D00,-,1,0,0,-
288,6509.598,0.0000,impact,ragdoll,Proventus Avenicci,0001A67D,NPC R Thigh [RThg],2,225.088,-43.258,322.329,399.679,13.669,6.0000,20.487,352.588,3475.202,231.408,-0.7112,0.7029,0.0111,-304.721,-162.165,-201.473,Static,Stone,shape,000001D1AB033D00,-,0,0,0,-
289,6524.411,0.0000,impact,ragdoll,Proventus Avenicci,0001A67D,NPC L Calf [LClf],5,149.588,149.588,723.544,805.573,21.777,6.0000,19.675,344.413,3496.493,246.380,-0.7762,-0.2730,0.5682,-300.558,-555.192,-500.374,-,Skin,shape,000001D1AF7AEB00,2,1,1,0,-
290,6524.412,0.0000,impact,ragdoll,Proventus Avenicci,0001A67D,NPC R Thigh [RThg],2,149.588,149.588,723.544,382.587,14.942,6.0000,20.487,344.413,3496.493,246.380,-0.7762,-0.2730,0.5682,-368.579,86.846,-54.590,-,Skin,shape,000001D1AF7AF100,5,1,1,0,-
291,6525.089,0.0000,impact,ragdoll,Proventus Avenicci,0001A67D,NPC R Thigh [RThg],2,121.147,121.147,514.079,424.780,25.350,6.0000,20.487,337.976,3473.124,233.335,0.7841,0.3514,-0.5116,-325.069,-271.443,-32.975,-,Skin,shape,000001D1AF7AF400,1,0,1,0,-
292,6525.090,0.0000,impact,ragdoll,Proventus Avenicci,0001A67D,NPC L Thigh [LThg],1,121.147,121.147,514.079,934.384,19.525,6.0000,20.487,337.976,3473.124,233.335,0.7841,0.3514,-0.5116,-332.947,-641.267,-592.450,-,Skin,shape,000001D1AF7AEB00,2,0,1,0,-
293,6525.096,0.0000,impact,ragdoll,Proventus Avenicci,0001A67D,NPC Spine2 [Spn2],9,303.221,303.221,297.279,309.043,28.086,7.0000,23.052,353.951,3449.223,255.013,-0.9999,-0.0000,0.0156,36.022,-28.798,-305.583,Static,Stone,shape,000001D1AC901900,-,1,1,0,-
294,6541.168,0.0000,impact,ragdoll,Proventus Avenicci,0001A67D,NPC Spine1 [Spn1],6,200.191,200.191,246.930,472.669,34.587,4.0000,18.878,353.637,3448.447,235.712,-0.9999,-0.0000,0.0156,121.946,-227.335,-396.061,Static,Stone,shape,000001D1AC901900,-,1,1,0,-
295,6541.171,0.0000,impact,ragdoll,Proventus Avenicci,0001A67D,NPC Spine2 [Spn2],9,57.732,57.732,221.099,549.988,26.150,7.0000,23.052,353.796,3456.093,246.900,-0.9999,-0.0000,0.0156,-17.335,-149.140,-529.097,Static,Stone,shape,000001D1AC901900,-,1,0,0,-
296,6541.171,0.0000,impact,ragdoll,Proventus Avenicci,0001A67D,NPC Spine2 [Spn2],9,160.181,160.181,172.328,549.988,26.150,7.0000,23.052,353.813,3448.893,247.318,-0.9999,-0.0000,0.0156,-17.335,-149.140,-529.097,Static,Stone,shape,000001D1AC901900,-,0,1,0,-
297,6574.665,0.0000,impact,ragdoll,Proventus Avenicci,0001A67D,NPC L Foot [Lft ],7,288.397,288.397,92.323,707.222,49.719,3.0000,10.011,304.698,3485.939,194.284,0.0000,-0.0629,0.9980,-443.892,-330.918,-440.018,Static,StoneStairs,shape,000001D1AB1E5000,-,1,1,0,-
298,6575.357,0.0000,impact,ragdoll,Proventus Avenicci,0001A67D,NPC L Foot [Lft ],7,188.689,188.689,165.462,574.570,58.738,3.0000,10.011,294.345,3484.586,194.199,-0.0000,-0.0629,0.9980,-476.798,-297.340,-119.927,Static,StoneStairs,shape,000001D1AB1E5000,-,1,1,0,-
299,6608.049,0.0000,impact,ragdoll,Proventus Avenicci,0001A67D,NPC R Foot [Rft ],8,782.105,761.212,463.176,902.120,30.339,3.0000,10.011,318.171,3510.013,208.926,-0.0000,-0.2204,0.9754,-307.263,-285.957,-798.523,Static,StoneStairs,shape,000001D1AB1E5000,-,0,0,0,-
300,6608.438,0.0000,impact,ragdoll,Proventus Avenicci,0001A67D,NPC L Forearm [LLar],14,279.107,279.107,308.078,394.477,28.001,2.0000,11.658,321.313,3428.690,217.448,-0.7578,-0.6440,0.1053,59.623,-195.164,-337.592,-,Skin,shape,000001D1AF7ADF00,6,1,1,0,-
301,6608.438,0.0000,impact,ragdoll,Proventus Avenicci,0001A67D,NPC Spine1 [Spn1],6,279.107,279.107,308.078,656.845,14.617,4.0000,18.878,321.313,3428.690,217.448,-0.7578,-0.6440,0.1053,-354.545,-388.145,-393.810,-,Skin,shape,000001D1AF7AC700,14,1,1,0,-
302,6608.439,0.0000,impact,ragdoll,Proventus Avenicci,0001A67D,NPC L Forearm [LLar],14,254.844,254.844,64.000,394.477,28.001,2.0000,11.658,319.916,3429.347,222.952,-0.5683,-0.6741,-0.4718,59.623,-195.164,-337.592,-,Skin,shape,000001D1AF7ADC00,9,1,1,0,-
303,6608.440,0.0000,impact,ragdoll,Proventus Avenicci,0001A67D,NPC Spine2 [Spn2],9,254.844,254.844,64.000,628.753,23.157,7.0000,23.052,319.916,3429.347,222.952,-0.5683,-0.6741,-0.4718,-312.444,-466.018,-283.790,-,Skin,shape,000001D1AF7AC700,14,1,1,0,-
304,6623.999,0.0000,impact,ragdoll,Proventus Avenicci,0001A67D,NPC R Calf [RClf],4,431.366,431.366,518.827,699.241,32.983,6.0000,19.675,319.733,3484.313,194.181,0.0000,-0.1346,0.9909,-348.361,-409.251,-447.321,Static,StoneStairs,shape,000001D1AB1E5000,-,1,0,0,-
305,6624.001,0.0000,impact,ragdoll,Proventus Avenicci,0001A67D,NPC R Calf [RClf],4,422.270,422.270,526.257,699.241,32.983,6.0000,19.675,319.733,3484.313,194.181,0.0000,-0.1887,0.9820,-348.361,-409.251,-447.321,Static,StoneStairs,shape,000001D1AB1E5000,-,0,1,0,-
306,6624.002,0.0000,impact,ragdoll,Proventus Avenicci,0001A67D,NPC L Calf [LClf],5,322.888,322.888,714.348,583.993,14.210,6.0000,19.675,284.094,3459.985,181.224,-0.0000,-0.2531,0.9674,-164.136,-424.031,-366.476,Static,StoneStairs,shape,000001D1AB1E5000,-,1,0,0,-
307,6624.002,0.0000,impact,ragdoll,Proventus Avenicci,0001A67D,NPC L Calf [LClf],5,322.888,322.888,714.348,583.993,14.210,6.0000,19.675,284.094,3459.985,181.224,-0.0000,-0.2531,0.9674,-164.136,-424.031,-366.476,Static,StoneStairs,shape,000001D1AB1E5000,-,0,1,0,-
308,6624.008,0.0000,impact,ragdoll,Proventus Avenicci,0001A67D,NPC L Forearm [LLar],14,173.714,173.714,871.632,556.318,49.899,2.0000,11.658,321.718,3425.140,201.711,-0.6564,-0.7364,0.1639,-45.440,-418.463,-363.750,-,Skin,shape,000001D1AF7AE200,3,1,1,0,-
309,6624.008,0.0000,impact,ragdoll,Proventus Avenicci,0001A67D,NPC Spine [Spn0],3,173.714,173.714,871.632,632.171,26.591,4.0000,17.297,321.718,3425.140,201.711,-0.6564,-0.7364,0.1639,-173.923,-327.009,-512.305,-,Skin,shape,000001D1AF7AC700,14,1,1,0,-
310,6624.011,0.0000,impact,ragdoll,Proventus Avenicci,0001A67D,NPC L Hand [LHnd],16,447.805,447.805,708.844,432.393,49.625,4.0000,8.334,323.210,3423.939,200.424,-0.4851,-0.8743,0.0161,103.027,83.630,-411.527,-,Skin,shape,000001D1AF7AE200,3,1,1,0,-
311,6624.011,0.0000,impact,ragdoll,Proventus Avenicci,0001A67D,NPC Spine [Spn0],3,447.805,447.805,708.844,632.171,26.591,4.0000,17.297,323.210,3423.939,200.424,-0.4851,-0.8743,0.0161,-173.923,-327.009,-512.305,-,Skin,shape,000001D1AF7AC400,16,1,1,0,-
312,6624.011,0.0000,impact,ragdoll,Proventus Avenicci,0001A67D,NPC L Hand [LHnd],16,543.516,543.516,209.636,432.393,49.625,4.0000,8.334,322.871,3424.543,207.233,-0.3459,-0.7306,-0.5888,103.027,83.630,-411.527,-,Skin,shape,000001D1AF7ADF00,6,1,1,0,-
313,6624.011,0.0000,impact,ragdoll,Proventus Avenicci,0001A67D,NPC Spine1 [Spn1],6,543.516,543.516,209.636,694.779,15.673,4.0000,18.878,322.871,3424.543,207.233,-0.3459,-0.7306,-0.5888,-339.810,-434.359,-422.586,-,Skin,shape,000001D1AF7AC400,16,1,1,0,-
314,6640.800,0.0000,impact,ragdoll,Proventus Avenicci,0001A67D,NPC L Foot [Lft ],7,309.695,309.695,1239.492,836.258,62.098,3.0000,10.011,270.526,3444.538,169.445,0.0000,-0.0491,0.9988,-119.886,-743.816,-362.895,Static,StoneStairs,shape,000001D1AB022B00,-,1,1,0,-
315,6658.442,0.0000,impact,ragdoll,Proventus Avenicci,0001A67D,NPC L Calf [LClf],5,293.497,293.497,542.459,567.568,18.009,6.0000,19.675,294.144,3431.879,168.794,-0.0000,-0.4454,0.8953,-191.394,-389.394,-365.888,Static,StoneStairs,shape,000001D1AB022B00,-,1,0,0,-
316,6658.443,0.0000,impact,ragdoll,Proventus Avenicci,0001A67D,NPC L Calf [LClf],5,293.497,293.497,542.459,567.568,18.009,6.0000,19.675,294.144,3431.879,168.794,-0.0000,-0.4454,0.8953,-191.394,-389.394,-365.888,Static,StoneStairs,shape,000001D1AB022B00,-,0,1,0,-
317,6674.976,0.0000,impact,ragdoll,Proventus Avenicci,0001A67D,NPC L Thigh [LThg],1,218.836,218.836,307.109,487.019,11.564,6.0000,20.487,296.438,3419.960,159.048,0.0000,-0.0774,0.9970,-167.018,-348.436,-296.454,Static,StoneStairs,shape,000001D1AB022B00,-,1,0,0,-
318,6674.976,0.0000,impact,ragdoll,Proventus Avenicci,0001A67D,NPC L Thigh [LThg],1,310.220,310.220,320.607,487.019,11.564,6.0000,20.487,317.649,3415.448,158.700,0.0000,-0.0774,0.9970,-167.018,-348.436,-296.454,Static,StoneStairs,shape,000001D1AB022B00,-,0,1,0,-
319,6691.158,0.0000,impact,ragdoll,Proventus Avenicci,0001A67D,NPC COM [COM ],0,202.652,202.652,438.241,478.231,11.800,50.0000,17.687,317.423,3411.895,158.424,0.0000,-0.0774,0.9970,-140.358,-400.401,-220.644,Static,StoneStairs,shape,000001D1AB022B00,-,1,1,0,-
320,6691.167,0.0000,impact,ragdoll,Proventus Avenicci,0001A67D,NPC L Foot [Lft ],7,202.545,202.545,365.429,613.629,18.893,3.0000,10.011,269.259,3418.661,158.949,0.0000,-0.0774,0.9970,-208.261,-525.571,-238.626,Static,StoneStairs,shape,000001D1AB022B00,-,1,1,0,-
321,6707.353,0.0000,impact,ragdoll,Proventus Avenicci,0001A67D,NPC Spine [Spn0],3,60.578,60.578,139.683,403.201,23.933,4.0000,17.297,320.688,3404.263,157.831,-0.0000,-0.0774,0.9970,-66.090,-393.842,-55.600,Static,StoneStairs,shape,000001D1AB022B00,-,1,1,0,-
322,6723.277,0.0000,impact,ragdoll,Proventus Avenicci,0001A67D,NPC L Calf [LClf],5,261.827,261.827,131.565,435.798,24.150,6.0000,19.675,291.887,3410.911,175.572,-0.4397,-0.3243,-0.8375,-8.601,-434.526,-32.139,-,Skin,shape,000001D1AF7AEB00,2,1,1,0,-
323,6723.278,0.0000,impact,ragdoll,Proventus Avenicci,0001A67D,NPC R Thigh [RThg],2,261.827,261.827,131.565,597.509,14.583,6.0000,20.487,291.887,3410.911,175.572,-0.4397,-0.3243,-0.8375,-124.436,-576.769,-94.182,-,Skin,shape,000001D1AF7AF100,5,1,1,0,-
324,6723.787,0.0000,impact,ragdoll,Proventus Avenicci,0001A67D,NPC L Thigh [LThg],1,198.046,198.046,310.924,368.338,28.614,6.0000,20.487,290.905,3403.768,157.793,0.0000,-0.0774,0.9970,-102.783,-334.493,-114.991,Static,StoneStairs,shape,000001D1AB022B00,-,0,1,0,-
325,6739.826,0.0000,impact,ragdoll,Proventus Avenicci,0001A67D,NPC R Calf [RClf],4,270.503,270.503,138.185,761.056,20.749,6.0000,19.675,287.831,3403.185,169.760,-0.3563,0.4839,0.7993,-296.841,-672.873,-195.792,-,Skin,shape,000001D1AF7AF400,1,1,1,0,-
326,6739.826,0.0000,impact,ragdoll,Proventus Avenicci,0001A67D,NPC L Thigh [LThg],1,270.503,270.503,138.185,347.575,17.797,6.0000,20.487,287.831,3403.185,169.760,-0.3563,0.4839,0.7993,-49.440,-342.048,36.974,-,Skin,shape,000001D1AF7AE800,4,1,1,0,-
327,6739.827,0.0000,impact,ragdoll,Proventus Avenicci,0001A67D,NPC R Calf [RClf],4,401.915,401.915,313.821,761.056,20.749,6.0000,19.675,280.904,3402.494,170.020,0.2451,0.5556,0.7945,-296.841,-672.873,-195.792,-,Skin,shape,000001D1AF7AF100,5,1,1,0,-
328,6739.827,0.0000,impact,ragdoll,Proventus Avenicci,0001A67D,NPC L Calf [LClf],5,401.915,401.915,313.821,489.967,21.227,6.0000,19.675,280.904,3402.494,170.020,0.2451,0.5556,0.7945,-52.316,-486.087,-32.405,-,Skin,shape,000001D1AF7AE800,4,1,1,0,-
329,7073.598,0.0000,impact,ragdoll,Proventus Avenicci,0001A67D,NPC L Hand [LHnd],16,112.000,112.000,306.444,975.430,32.436,4.0000,8.334,291.254,3179.030,130.775,0.6308,0.7640,-0.1356,-480.356,-825.523,-198.076,-,Skin,shape,000001D1AF7AF100,5,1,0,0,-
330,7073.599,0.0000,impact,ragdoll,Proventus Avenicci,0001A67D,NPC L Calf [LClf],5,112.000,112.000,306.444,1087.157,18.422,6.0000,19.675,291.254,3179.030,130.775,0.6308,0.7640,-0.1356,-152.532,-999.971,-398.376,-,Skin,shape,000001D1AF7AC400,16,1,0,0,-
331,7073.599,0.0000,impact,ragdoll,Proventus Avenicci,0001A67D,NPC L Hand [LHnd],16,111.964,111.964,306.522,975.430,32.436,4.0000,8.334,291.212,3179.056,130.729,0.6301,0.7647,-0.1348,-480.356,-825.523,-198.076,-,Skin,shape,000001D1AF7AF100,5,0,1,0,-
332,7073.600,0.0000,impact,ragdoll,Proventus Avenicci,0001A67D,NPC L Calf [LClf],5,111.964,111.964,306.522,1087.157,18.422,6.0000,19.675,291.212,3179.056,130.729,0.6301,0.7647,-0.1348,-152.532,-999.971,-398.376,-,Skin,shape,000001D1AF7AC400,16,0,1,0,-
333,7106.942,0.0000,impact,ragdoll,Proventus Avenicci,0001A67D,NPC L Hand [LHnd],16,146.101,146.101,226.467,965.955,5.869,4.0000,8.334,276.488,3156.512,112.562,0.7495,0.4759,0.4601,-395.573,-777.419,-414.984,-,Skin,shape,000001D1AF7AF400,1,1,1,0,-
334,7106.943,0.0000,impact,ragdoll,Proventus Avenicci,0001A67D,NPC L Thigh [LThg],1,146.101,146.101,226.467,830.669,11.360,6.0000,20.487,276.488,3156.512,112.562,0.7495,0.4759,0.4601,-214.454,-758.598,-261.819,-,Skin,shape,000001D1AF7AC400,16,1,1,0,-
335,7173.345,0.0000,impact,ragdoll,Proventus Avenicci,0001A67D,NPC R Hand [RHnd],17,404.782,395.317,412.298,584.102,3.734,4.0000,8.334,287.584,3086.097,-15.650,0.0000,-0.0000,1.0000,-14.223,-421.214,-404.415,Static,Wood,shape,000001D1ACAA9000,-,0,0,0,-
336,7191.207,0.0000,impact,ragdoll,Proventus Avenicci,0001A67D,NPC L Hand [LHnd],16,180.249,180.249,150.822,949.983,10.858,4.0000,8.334,254.437,3090.265,62.499,0.5384,0.2233,0.8126,-274.160,-729.413,-543.380,-,Skin,shape,000001D1AF7AF400,1,1,1,0,-
337,7191.208,0.0000,impact,ragdoll,Proventus Avenicci,0001A67D,NPC L Thigh [LThg],1,180.249,180.249,150.822,956.702,13.662,6.0000,20.487,254.437,3090.265,62.499,0.5384,0.2233,0.8126,-187.451,-753.802,-558.500,-,Skin,shape,000001D1AF7AC400,16,1,1,0,-
338,7224.076,0.0000,impact,ragdoll,Proventus Avenicci,0001A67D,NPC L Forearm [LLar],14,100.801,100.801,162.799,757.392,4.162,2.0000,11.658,277.147,3067.282,47.780,-0.3624,0.0189,0.9318,-64.505,-648.516,-385.887,-,Skin,shape,000001D1AF7ADC00,9,1,1,0,-
339,7224.077,0.0000,impact,ragdoll,Proventus Avenicci,0001A67D,NPC Spine2 [Spn2],9,100.801,100.801,162.799,768.248,3.126,7.0000,23.052,277.147,3067.282,47.780,-0.3624,0.0189,0.9318,-63.251,-713.833,-276.852,-,Skin,shape,000001D1AF7AC700,14,1,1,0,-
340,7239.839,0.0000,impact,ragdoll,Proventus Avenicci,0001A67D,NPC R Forearm [RLar],15,318.830,318.830,32.721,397.215,33.076,6.0000,11.658,283.875,3051.827,-15.650,-0.0000,0.0000,1.0000,34.727,-357.960,-168.636,Static,Wood,shape,000001D1ACAA9000,-,1,1,0,-
341,7240.420,0.0000,impact,ragdoll,Proventus Avenicci,0001A67D,NPC Spine2 [Spn2],9,280.145,280.145,172.636,731.763,13.221,7.0000,23.052,284.201,3058.421,9.112,-0.2784,-0.5801,0.7655,-67.071,-694.342,-221.060,-,Skin,shape,000001D1AF7ACD00,17,1,1,0,-
342,7240.420,0.0000,impact,ragdoll,Proventus Avenicci,0001A67D,NPC R Hand [RHnd],17,280.145,280.145,172.636,593.364,66.334,4.0000,8.334,284.201,3058.421,9.112,-0.2784,-0.5801,0.7655,-74.226,-543.830,225.433,-,Skin,shape,000001D1AF7ADC00,9,1,1,0,-
343,7256.946,0.0000,impact,ragdoll,Proventus Avenicci,0001A67D,NPC R UpperArm [RUar],12,172.978,172.978,63.945,429.897,26.181,2.0000,14.463,284.298,3046.994,-15.650,0.0000,-0.0000,1.0000,47.332,-376.275,-202.455,Static,Wood,shape,000001D1ACAA9000,-,1,1,0,-
344,7307.240,0.0000,impact,ragdoll,Proventus Avenicci,0001A67D,NPC L Foot [Lft ],7,547.745,555.093,743.939,911.495,5.662,3.0000,10.011,209.619,2961.210,-15.650,-0.0000,0.0000,1.0000,-344.986,-646.659,-541.885,Static,Wood,shape,000001D1ACAA9000,-,0,0,0,-
345,7307.253,0.0000,impact,ragdoll,Proventus Avenicci,0001A67D,NPC L Calf [LClf],5,556.899,564.217,749.790,937.666,6.768,6.0000,19.675,212.210,2964.128,-15.650,-0.0000,-0.0000,1.0000,-242.926,-696.957,-578.320,Static,Wood,shape,000001D1ACAA9000,-,0,0,0,-
346,7307.476,0.0000,impact,ragdoll,Proventus Avenicci,0001A67D,NPC R Thigh [RThg],2,453.536,453.536,617.671,874.971,10.310,6.0000,20.487,236.288,3006.088,-15.650,0.0000,-0.0000,1.0000,-53.050,-705.313,-515.066,Static,Wood,shape,000001D1ACAA9000,-,1,1,0,-
347,7307.477,0.0000,impact,ragdoll,Proventus Avenicci,0001A67D,NPC L Foot [Lft ],7,306.879,306.879,108.539,682.131,108.949,3.0000,10.011,202.332,2953.653,-15.650,0.0000,-0.0000,1.0000,-344.751,-587.461,36.597,Static,Wood,shape,000001D1ACAA9000,-,0,1,0,-
348,7307.665,0.0000,impact,ragdoll,Proventus Avenicci,0001A67D,NPC R Calf [RClf],4,937.263,836.074,709.209,994.562,15.587,6.0000,19.675,196.178,2983.378,-15.650,0.0000,-0.0000,1.0000,-49.857,-722.277,-681.897,Static,Wood,shape,000001D1ACAA9000,-,0,0,0,-
349,7307.668,0.0000,impact,ragdoll,Proventus Avenicci,0001A67D,NPC R Calf [RClf],4,736.239,857.336,649.866,530.040,51.065,6.0000,19.675,207.261,3007.098,-15.669,0.0000,0.0000,1.0000,37.688,-522.822,-78.604,Static,Wood,shape,000001D1ACAA9000,-,0,1,0,-
350,7307.672,0.0000,impact,ragdoll,Proventus Avenicci,0001A67D,NPC R Foot [Rft ],8,955.698,924.773,738.445,1200.036,11.937,3.0000,10.011,185.932,2979.700,-15.650,0.0000,0.0000,1.0000,10.966,-746.578,-939.461,Static,Wood,shape,000001D1ACAA9000,-,0,0,0,-
351,7307.678,0.0000,impact,ragdoll,Proventus Avenicci,0001A67D,NPC R Thigh [RThg],2,556.151,365.860,627.717,722.810,21.348,6.0000,20.487,213.709,3004.667,-15.650,-0.0000,0.0000,1.0000,-121.766,-686.428,-190.904,Static,Wood,shape,000001D1ACAA9000,-,0,0,0,-
352,7307.683,0.0000,impact,ragdoll,Proventus Avenicci,0001A67D,NPC R Foot [Rft ],8,443.188,382.709,906.907,711.199,159.709,3.0000,10.011,192.843,2978.713,-15.650,0.0000,-0.0000,1.0000,96.271,-699.795,82.598,Static,Wood,shape,000001D1ACAA9000,-,0,0,0,-
353,7325.067,0.0000,impact,ragdoll,Proventus Avenicci,0001A67D,NPC COM [COM ],0,319.312,319.312,651.875,745.649,6.745,50.0000,17.687,239.379,2998.440,-15.650,0.0000,0.0000,1.0000,-29.109,-672.771,-320.194,Static,Wood,shape,000001D1ACAA9000,-,1,1,0,-
354,7325.072,0.0000,impact,ragdoll,Proventus Avenicci,0001A67D,NPC Spine [Spn0],3,341.876,341.876,591.559,758.806,9.481,4.0000,17.297,247.027,3000.174,-15.650,-0.0000,0.0000,1.0000,-83.100,-669.773,-346.820,Static,Wood,shape,000001D1ACAA9000,-,1,1,0,-
355,7325.075,0.0000,impact,ragdoll,Proventus Avenicci,0001A67D,NPC Spine1 [Spn1],6,341.080,341.080,509.853,705.894,11.236,4.0000,18.878,259.469,3000.005,-15.650,-0.0000,-0.0000,1.0000,-110.184,-606.391,-344.145,Static,Wood,shape,000001D1ACAA9000,-,1,1,0,-
356,7325.782,0.0000,impact,ragdoll,Proventus Avenicci,0001A67D,NPC L Forearm [LLar],14,443.642,443.642,137.236,893.962,8.608,2.0000,11.658,252.927,2993.085,11.693,-0.3094,-0.1709,0.9355,-80.284,-745.953,-486.083,-,Skin,shape,000001D1AF7ADF00,6,1,1,0,-
357,7325.783,0.0000,impact,ragdoll,Proventus Avenicci,0001A67D,NPC Spine1 [Spn1],6,443.642,443.642,137.236,531.104,25.042,4.0000,18.878,252.927,2993.085,11.693,-0.3094,-0.1709,0.9355,-153.108,-508.489,8.236,-,Skin,shape,000001D1AF7AC700,14,1,1,0,-
358,7325.784,0.0000,impact,ragdoll,Proventus Avenicci,0001A67D,NPC L Forearm [LLar],14,285.096,285.096,445.843,893.962,8.608,2.0000,11.658,261.071,2988.902,15.308,-0.6931,-0.2192,0.6867,-80.284,-745.953,-486.083,-,Skin,shape,000001D1AF7ADC00,9,1,1,0,-
359,7325.784,0.0000,impact,ragdoll,Proventus Avenicci,0001A67D,NPC Spine2 [Spn2],9,285.096,285.096,445.843,619.376,21.288,7.0000,23.052,261.071,2988.902,15.308,-0.6931,-0.2192,0.6867,-73.993,-612.124,-58.782,-,Skin,shape,000001D1AF7AC700,14,1,1,0,-
360,7325.786,0.0000,impact,ragdoll,Proventus Avenicci,0001A67D,NPC L Hand [LHnd],16,320.579,320.579,638.652,856.947,9.355,4.0000,8.334,239.812,2994.740,7.682,0.1039,0.3927,0.9138,-116.640,-733.046,-428.249,-,-,-,000001D1AF7AF700,0,1,1,0,-
361,7325.786,0.0000,impact,ragdoll,Proventus Avenicci,0001A67D,NPC COM [COM ],0,320.579,320.579,638.652,580.236,49.304,50.0000,17.687,239.812,2994.740,7.682,0.1039,0.3927,0.9138,-37.513,-578.630,-21.306,-,Skin,shape,000001D1AF7AC400,16,1,1,0,-
362,7325.786,0.0000,impact,ragdoll,Proventus Avenicci,0001A67D,NPC L Hand [LHnd],16,357.278,357.278,441.709,856.947,9.355,4.0000,8.334,243.318,2995.875,8.681,-0.2742,0.3124,0.9095,-116.640,-733.046,-428.249,-,Skin,shape,000001D1AF7AE200,3,1,1,0,-
363,7325.786,0.0000,impact,ragdoll,Proventus Avenicci,0001A67D,NPC Spine [Spn0],3,357.278,357.278,441.709,572.496,32.929,4.0000,17.297,243.318,2995.875,8.681,-0.2742,0.3124,0.9095,-113.171,-561.037,-13.465,-,Skin,shape,000001D1AF7AC400,16,1,1,0,-
364,7325.787,0.0000,impact,ragdoll,Proventus Avenicci,0001A67D,NPC L Hand [LHnd],16,332.447,332.447,405.950,856.947,9.355,4.0000,8.334,249.008,2996.545,9.164,-0.7148,0.1872,0.6739,-116.640,-733.046,-428.249,-,Skin,shape,000001D1AF7ADF00,6,1,1,0,-
365,7325.787,0.0000,impact,ragdoll,Proventus Avenicci,0001A67D,NPC Spine1 [Spn1],6,332.447,332.447,405.950,531.104,25.042,4.0000,18.878,249.008,2996.545,9.164,-0.7148,0.1872,0.6739,-153.108,-508.489,8.236,-,Skin,shape,000001D1AF7AC400,16,1,1,0,-
366,7340.632,0.0000,impact,ragdoll,Proventus Avenicci,0001A67D,NPC L Thigh [LThg],1,130.023,130.023,889.345,776.688,11.388,6.0000,20.487,220.664,2964.233,-15.650,-0.0000,0.0000,1.0000,-81.238,-744.380,-206.259,Static,Wood,shape,000001D1ACAA9000,-,1,1,0,-
367,7340.640,0.0000,impact,ragdoll,Proventus Avenicci,0001A67D,NPC Spine2 [Spn2],9,161.967,161.967,144.332,640.949,26.531,7.0000,23.052,271.549,2988.616,-15.650,-0.0000,-0.0000,1.0000,-13.849,-607.844,-202.854,Static,Wood,shape,000001D1ACAA9000,-,1,1,0,-
368,7340.913,0.0000,impact,ragdoll,Proventus Avenicci,0001A67D,NPC L Calf [LClf],5,126.103,100.107,531.008,564.885,16.961,6.0000,19.675,199.539,2942.127,-15.650,0.0000,-0.0000,1.0000,-76.166,-559.705,-4.946,Static,Wood,shape,000001D1ACAA9000,-,0,0,0,-
369,7340.924,0.0000,impact,ragdoll,Proventus Avenicci,0001A67D,NPC L Foot [Lft ],7,96.056,111.119,516.729,368.842,28.958,3.0000,10.011,195.109,2937.088,-15.650,-0.0000,0.0000,1.0000,-162.387,-324.665,-65.324,Static,Wood,shape,000001D1ACAA9000,-,0,0,0,-
370,7340.931,0.0000,impact,ragdoll,Proventus Avenicci,0001A67D,NPC L Foot [Lft ],7,193.845,155.272,158.693,364.286,33.715,3.0000,10.011,182.298,2935.612,-8.435,0.9939,-0.1107,-0.0001,-159.035,-314.191,93.253,Static,Stone,shape,000001D1AB172E00,-,1,0,0,-
371,7340.931,0.0000,impact,ragdoll,Proventus Avenicci,0001A67D,NPC L Foot [Lft ],7,196.487,158.644,155.322,364.286,33.715,3.0000,10.011,182.298,2935.612,-8.435,0.9967,-0.0811,-0.0001,-159.035,-314.191,93.253,Static,Stone,shape,000001D1AB172E00,-,0,1,0,-
372,7341.200,0.0000,impact,ragdoll,Proventus Avenicci,0001A67D,NPC L Hand [LHnd],16,160.676,160.676,342.819,898.891,33.245,4.0000,8.334,248.095,2984.825,8.254,-0.6954,0.0514,0.7168,102.172,-891.633,-50.556,-,Skin,shape,000001D1AF7ADF00,6,1,1,0,-
373,7341.200,0.0000,impact,ragdoll,Proventus Avenicci,0001A67D,NPC Spine1 [Spn1],6,160.676,160.676,342.819,575.185,30.859,4.0000,18.878,248.095,2984.825,8.254,-0.6954,0.0514,0.7168,-80.161,-566.130,62.520,-,Skin,shape,000001D1AF7AC400,16,1,1,0,-
374,7357.163,0.0000,impact,ragdoll,Proventus Avenicci,0001A67D,NPC R Foot [Rft ],8,210.291,210.291,324.870,161.311,51.884,3.0000,10.011,189.440,2967.127,-15.650,0.0000,-0.0000,1.0000,72.281,-101.217,-102.723,Static,Wood,shape,000001D1ACAA9000,-,0,1,0,-
375,7377.703,0.0000,impact,ragdoll,Proventus Avenicci,0001A67D,NPC COM [COM ],0,51.337,51.337,424.532,520.938,13.555,50.0000,17.687,236.656,2963.781,-15.650,-0.0000,-0.0000,1.0000,-28.951,-519.953,-13.682,Static,Wood,shape,000001D1ACAA9000,-,0,1,0,-
376,7377.929,0.0000,impact,ragdoll,Proventus Avenicci,0001A67D,NPC Spine2 [Spn2],9,161.192,62.165,372.248,547.497,16.052,7.0000,23.052,266.361,2958.415,-15.650,0.0000,0.0000,1.0000,-142.652,-525.733,-54.848,Static,Wood,shape,000001D1ACAA9000,-,0,0,0,-
377,7390.383,0.0000,impact,ragdoll,Proventus Avenicci,0001A67D,NPC Spine [Spn0],3,13.883,13.883,416.193,533.005,14.508,4.0000,17.297,242.639,2960.041,-15.650,-0.0000,-0.0000,1.0000,-32.387,-531.146,30.476,Static,Wood,shape,000001D1ACAA9000,-,0,1,0,-
378,7390.384,0.0000,impact,ragdoll,Proventus Avenicci,0001A67D,NPC L Calf [LClf],5,19.801,19.801,442.244,511.549,14.767,6.0000,19.675,209.830,2928.019,-15.650,0.0000,0.0000,1.0000,-104.918,-500.505,-13.004,Static,Wood,shape,000001D1AAFB4100,-,0,1,0,-
379,7390.385,0.0000,impact,ragdoll,Proventus Avenicci,0001A67D,NPC L Calf [LClf],5,25.844,25.844,440.617,511.549,14.767,6.0000,19.675,215.889,2932.542,-15.650,-0.0000,-0.0000,1.0000,-104.918,-500.505,-13.004,Static,Wood,shape,000001D1ACAA9000,-,0,1,0,-
380,7390.391,0.0000,impact,ragdoll,Proventus Avenicci,0001A67D,NPC L UpperArm [LUar],10,274.858,274.858,349.073,654.526,26.882,2.0000,14.463,270.238,2943.931,-15.650,0.0000,-0.0000,1.0000,-137.111,-569.430,-292.154,Static,Wood,shape,000001D1ACAA9000,-,1,1,0,-
381,7390.682,0.0000,impact,ragdoll,Proventus Avenicci,0001A67D,NPC Spine2 [Spn2],9,181.648,25.057,386.821,436.175,10.594,7.0000,23.052,265.624,2955.203,-15.650,0.0000,0.0000,1.0000,-73.777,-429.386,-20.825,Static,Wood,shape,000001D1ACAA9000,-,0,0,0,-
382,7406.253,0.0000,impact,ragdoll,Proventus Avenicci,0001A67D,NPC L Calf [LClf],5,80.564,80.564,310.133,391.015,25.703,6.0000,19.675,214.649,2925.416,-15.650,0.0000,-0.0000,1.0000,-42.484,-388.019,-23.004,Static,Wood,shape,000001D1AAFB4100,-,0,1,0,-
383,7406.255,0.0000,impact,ragdoll,Proventus Avenicci,0001A67D,NPC L Calf [LClf],5,36.047,36.047,311.721,391.015,25.703,6.0000,19.675,214.649,2927.950,-15.666,0.0000,0.0000,1.0000,-42.484,-388.019,-23.004,Static,Wood,shape,000001D1ACAA9000,-,1,1,0,-
384,7406.256,0.0000,impact,ragdoll,Proventus Avenicci,0001A67D,NPC Spine1 [Spn1],6,72.411,72.411,333.721,481.510,11.935,4.0000,18.878,251.355,2953.684,-15.650,-0.0000,0.0000,1.0000,5.960,-480.244,-34.385,Static,Wood,shape,000001D1ACAA9000,-,0,1,0,-
385,7406.791,0.0000,impact,ragdoll,Proventus Avenicci,0001A67D,NPC L Thigh [LThg],1,9.097,9.097,358.632,401.260,21.816,6.0000,20.487,233.404,2941.800,-15.650,-0.0000,0.0000,1.0000,-93.669,-390.070,8.971,Static,Wood,shape,000001D1ACAA9000,-,1,1,0,-
386,7406.796,0.0000,impact,ragdoll,Proventus Avenicci,0001A67D,NPC L UpperArm [LUar],10,45.694,45.694,224.047,366.869,19.525,2.0000,14.463,265.444,2928.169,-15.687,0.0000,0.0000,1.0000,82.880,-356.222,28.812,Static,Wood,shape,000001D1AAFB4100,-,1,1,0,-
387,7440.745,0.0000,impact,ragdoll,Proventus Avenicci,0001A67D,NPC L UpperArm [LUar],10,18.277,18.277,471.210,513.823,25.456,2.0000,14.463,272.285,2926.031,-15.650,-0.0000,0.0000,1.0000,158.930,-487.417,-34.360,Static,Wood,shape,000001D1AAFB4100,-,1,1,0,-
388,7440.746,0.0000,impact,ragdoll,Proventus Avenicci,0001A67D,NPC L UpperArm [LUar],10,26.265,26.265,459.918,513.823,25.456,2.0000,14.463,272.285,2927.965,-15.662,0.0000,0.0000,1.0000,158.930,-487.417,-34.360,Static,Wood,shape,000001D1ACAA9000,-,1,1,0,-
389,7440.747,0.0000,impact,ragdoll,Proventus Avenicci,0001A67D,NPC L Forearm [LLar],14,75.073,75.073,897.755,782.665,39.879,2.0000,11.658,263.031,2911.073,-15.650,0.0000,-0.0000,1.0000,315.532,-693.825,-177.797,Static,Wood,shape,000001D1AAFB4100,-,1,1,0,-
390,7458.112,0.0000,impact,ragdoll,Proventus Avenicci,0001A67D,NPC L Forearm [LLar],14,192.145,192.145,597.275,726.826,17.836,2.0000,11.658,268.147,2900.919,-14.120,0.0000,0.0000,1.0000,245.783,-637.554,-247.774,Static,Carpet,shape,000001D1AB089900,-,1,1,0,-
391,7458.702,0.0000,impact,ragdoll,Proventus Avenicci,0001A67D,NPC Spine [Spn0],3,10.759,10.759,463.107,461.351,5.925,4.0000,17.297,241.747,2926.271,-15.650,0.0000,0.0000,1.0000,2.110,-461.275,-8.115,Static,Wood,shape,000001D1AAFB4100,-,1,1,0,-
392,7458.703,0.0000,impact,ragdoll,Proventus Avenicci,0001A67D,NPC Spine [Spn0],3,10.045,10.045,462.690,461.351,5.925,4.0000,17.297,241.747,2928.004,-15.654,0.0000,0.0000,1.0000,2.110,-461.275,-8.115,Static,Wood,shape,000001D1ACAA9000,-,1,1,0,-
393,7458.704,0.0000,impact,ragdoll,Proventus Avenicci,0001A67D,NPC Spine1 [Spn1],6,36.044,36.044,490.676,505.757,4.509,4.0000,18.878,251.034,2926.494,-15.650,-0.0000,0.0000,1.0000,-14.638,-504.501,-32.475,Static,Wood,shape,000001D1AAFB4100,-,1,1,0,-
394,7458.705,0.0000,impact,ragdoll,Proventus Avenicci,0001A67D,NPC Spine1 [Spn1],6,34.775,34.775,490.778,505.757,4.509,4.0000,18.878,251.034,2928.014,-15.653,0.0000,0.0000,1.0000,-14.638,-504.501,-32.475,Static,Wood,shape,000001D1ACAA9000,-,0,1,0,-
395,7458.706,0.0000,impact,ragdoll,Proventus Avenicci,0001A67D,NPC Spine2 [Spn2],9,6.082,6.082,521.266,516.503,2.318,7.0000,23.052,264.062,2923.999,-15.650,0.0000,0.0000,1.0000,8.184,-516.404,-5.942,Static,Wood,shape,000001D1AAFB4100,-,1,1,0,-
396,7458.706,0.0000,impact,ragdoll,Proventus Avenicci,0001A67D,NPC Spine2 [Spn2],9,6.833,6.833,520.969,516.503,2.318,7.0000,23.052,264.062,2927.957,-15.664,0.0000,0.0000,1.0000,8.184,-516.404,-5.942,Static,Wood,shape,000001D1ACAA9000,-,0,1,0,-
397,7458.707,0.0000,impact,ragdoll,Proventus Avenicci,0001A67D,NPC L UpperArm [LUar],10,79.127,79.127,533.346,519.011,8.579,2.0000,14.463,270.590,2901.924,-14.129,0.0000,0.1913,0.9815,81.677,-511.533,32.181,Static,Carpet,shape,000001D1AB089900,-,1,1,0,-
398,7458.710,0.0000,impact,ragdoll,Proventus Avenicci,0001A67D,NPC L Hand [LHnd],16,327.804,327.804,628.572,799.005,31.050,4.0000,8.334,262.070,2879.290,-14.120,-0.0000,0.0000,1.0000,247.775,-685.310,-327.668,Static,Carpet,shape,000001D1AB089900,-,1,1,0,-
399,7523.663,0.0000,impact,ragdoll,Proventus Avenicci,0001A67D,NPC L Thigh [LThg],1,10.603,10.603,377.746,436.616,9.428,6.0000,20.487,228.619,2894.576,-14.120,-0.0000,-0.0000,1.0000,-13.970,-436.366,-4.807,Static,Carpet,shape,000001D1AB089900,-,1,1,0,-
400,7523.671,0.0000,impact,ragdoll,Proventus Avenicci,0001A67D,NPC L Foot [Lft ],7,117.082,117.082,404.718,418.177,15.277,3.0000,10.011,192.522,2855.583,-15.650,-0.0000,0.0000,1.0000,-117.492,-392.587,-83.327,Static,Wood,shape,000001D1AAFB4100,-,1,1,0,-
401,7523.675,0.0000,impact,ragdoll,Proventus Avenicci,0001A67D,NPC L Forearm [LLar],14,24.862,24.862,453.923,442.570,2.490,2.0000,11.658,275.900,2868.788,-14.120,-0.0000,0.0000,1.0000,65.747,-437.409,-14.793,Static,Carpet,shape,000001D1AB089900,-,1,1,0,-
402,7574.437,0.0000,impact,ragdoll,Proventus Avenicci,0001A67D,NPC L Hand [LHnd],16,63.193,63.193,345.309,367.362,11.656,4.0000,8.334,282.002,2829.537,-14.120,0.0000,0.0000,1.0000,54.596,-357.737,-63.232,Static,Carpet,shape,000001D1AB089900,-,1,1,0,-
403,7591.572,0.0000,impact,ragdoll,Proventus Avenicci,0001A67D,NPC L Calf [LClf],5,34.771,34.771,446.492,384.281,5.163,6.0000,19.675,204.349,2849.961,-15.650,-0.0000,-0.0000,1.0000,-52.133,-378.071,-44.904,Static,Wood,shape,000001D1AAFB4100,-,1,1,0,-
404,7612.681,0.0000,impact,ragdoll,Proventus Avenicci,0001A67D,NPC L Thigh [LThg],1,24.023,24.023,452.730,442.854,3.694,6.0000,20.487,209.776,2846.228,-15.650,0.0000,0.0000,1.0000,-10.878,-442.025,-24.807,Static,Wood,shape,000001D1AAFB4100,-,0,1,0,-
405,7626.540,0.0000,impact,ragdoll,Proventus Avenicci,0001A67D,NPC L Calf [LClf],5,47.023,47.023,360.663,379.733,3.893,6.0000,19.675,179.609,2827.018,-15.650,0.0000,-0.0000,1.0000,-42.401,-374.746,-44.330,Static,Wood,shape,000001D1AAFB4100,-,0,1,0,-
406,7627.129,0.0000,impact,ragdoll,Proventus Avenicci,0001A67D,NPC L Thigh [LThg],1,16.394,16.394,416.587,417.489,1.979,6.0000,20.487,219.780,2841.001,-14.120,-0.0028,0.0000,1.0000,-16.404,-416.668,-20.402,Static,Carpet,shape,000001D1AB089900,-,0,1,0,-
407,7627.131,0.0000,impact,ragdoll,Proventus Avenicci,0001A67D,NPC L Thigh [LThg],1,40.310,40.310,413.518,417.489,1.979,6.0000,20.487,207.856,2834.954,-15.650,-0.0000,0.0000,1.0000,-16.404,-416.668,-20.402,Static,Wood,shape,000001D1AAFB4100,-,0,1,0,-
408,7691.844,0.0000,impact,ragdoll,Proventus Avenicci,0001A67D,NPC L Hand [LHnd],16,106.955,106.955,230.360,290.080,6.011,4.0000,8.334,285.965,2796.381,-15.650,0.0000,0.0000,1.0000,25.291,-268.451,-106.960,Static,Wood,shape,000001D1AAFB4100,-,1,1,0,-
409,7725.270,0.0000,impact,ragdoll,Proventus Avenicci,0001A67D,NPC R Calf [RClf],4,95.224,95.224,320.528,397.774,9.849,6.0000,19.675,188.737,2845.547,-15.650,0.0000,0.0000,1.0000,-33.912,-375.356,-127.208,Static,Wood,shape,000001D1AAFB4100,-,1,1,0,-
410,7742.043,0.0000,impact,ragdoll,Proventus Avenicci,0001A67D,NPC R Foot [Rft ],8,144.084,144.084,276.884,382.230,18.804,3.0000,10.011,177.432,2838.900,-15.650,-0.0000,-0.0000,1.0000,-74.603,-363.844,-90.289,Static,Wood,shape,000001D1AAFB4100,-,1,1,0,-
411,7758.301,0.0000,impact,ragdoll,Proventus Avenicci,0001A67D,NPC L Thigh [LThg],1,14.527,14.527,162.030,312.243,5.983,6.0000,20.487,202.515,2805.577,-4.212,0.3822,-0.8956,-0.2275,30.757,-310.715,2.421,-,Skin,shape,000001D1AF7AE800,4,1,1,0,-
412,7758.301,0.0000,impact,ragdoll,Proventus Avenicci,0001A67D,NPC R Calf [RClf],4,14.527,14.527,162.030,344.179,5.608,6.0000,19.675,202.515,2805.577,-4.212,0.3822,-0.8956,-0.2275,-46.179,-338.874,-38.620,-,Skin,shape,000001D1AF7AF400,1,1,1,0,-
413,7758.305,0.0000,impact,ragdoll,Proventus Avenicci,0001A67D,NPC L Calf [LClf],5,55.356,55.356,165.527,286.583,6.256,6.0000,19.675,204.206,2802.977,-3.827,-0.1090,-0.9398,-0.3237,22.232,-284.230,29.129,-,Skin,shape,000001D1AF7AEB00,2,1,1,0,-
414,7758.305,0.0000,impact,ragdoll,Proventus Avenicci,0001A67D,NPC R Thigh [RThg],2,55.356,55.356,165.527,356.491,7.189,6.0000,20.487,204.206,2802.977,-3.827,-0.1090,-0.9398,-0.3237,-40.763,-353.775,-16.358,-,Skin,shape,000001D1AF7AF100,5,1,1,0,-
415,7907.958,0.0000,impact,ragdoll,Proventus Avenicci,0001A67D,NPC R Hand [RHnd],17,285.483,285.483,203.278,382.012,11.675,4.0000,8.334,237.113,2693.369,-14.120,0.0000,0.0000,1.0000,69.842,-243.755,-285.725,Static,Carpet,shape,000001D1AB089900,-,1,1,0,-
416,7924.484,0.0000,impact,ragdoll,Proventus Avenicci,0001A67D,NPC R Hand [RHnd],17,96.850,96.850,202.277,208.532,51.870,4.0000,8.334,238.364,2688.605,-15.650,0.0000,0.0000,1.0000,42.325,-179.596,-97.158,Static,Wood,shape,000001D1AAFB4100,-,1,1,0,-
417,7990.177,0.0000,impact,ragdoll,Proventus Avenicci,0001A67D,NPC L Forearm [LLar],14,36.423,36.423,131.040,324.939,11.703,2.0000,11.658,282.647,2733.841,-14.120,0.0000,0.0000,1.0000,-7.884,-320.101,-55.307,Static,Carpet,shape,000001D1AB089900,-,1,1,0,-
418,7990.180,0.0000,impact,ragdoll,Proventus Avenicci,0001A67D,NPC L Hand [LHnd],16,7.974,7.974,110.951,183.451,11.811,4.0000,8.334,281.235,2736.641,-15.650,0.0000,0.0000,1.0000,-1.368,-183.289,-7.594,Static,Wood,shape,000001D1AAFB4100,-,0,1,0,-
419,8040.570,0.0000,impact,ragdoll,Proventus Avenicci,0001A67D,NPC Spine2 [Spn2],9,110.415,110.415,360.666,365.483,2.860,7.0000,23.052,253.300,2693.872,-14.120,-0.0000,0.0000,1.0000,-33.143,-348.775,-104.093,Static,Carpet,shape,000001D1AB089900,-,1,1,0,-
420,8041.220,0.0000,impact,ragdoll,Proventus Avenicci,0001A67D,NPC Head [Head],13,136.672,136.672,339.260,362.817,7.933,4.0000,15.108,266.279,2672.550,-14.120,0.0000,0.0000,1.0000,-59.021,-331.216,-135.826,Static,Carpet,shape,000001D1AB089900,-,1,1,0,-
421,8072.831,0.0000,impact,ragdoll,Proventus Avenicci,0001A67D,NPC Head [Head],13,26.593,26.593,353.940,300.248,5.714,4.0000,15.108,265.686,2665.167,-15.678,-0.0000,0.0000,1.0000,-8.950,-298.943,-26.497,Static,Wood,shape,000001D1ACB97400,-,1,1,0,-
422,8073.353,0.0000,impact,ragdoll,Proventus Avenicci,0001A67D,NPC Spine [Spn0],3,45.638,45.638,340.554,325.222,2.316,4.0000,17.297,233.138,2699.182,-14.120,0.0000,0.0000,1.0000,-25.393,-321.275,-43.670,Static,Carpet,shape,000001D1AB089900,-,1,1,0,-
423,8140.289,0.0000,impact,ragdoll,Proventus Avenicci,0001A67D,NPC R Forearm [RLar],15,10.700,10.700,230.665,264.868,3.750,6.0000,11.658,230.134,2637.835,-15.678,0.0000,-0.0000,1.0000,-40.900,-260.889,-20.476,Static,Wood,shape,000001D1ACB97400,-,1,1,0,-
424,8140.741,0.0000,impact,ragdoll,Proventus Avenicci,0001A67D,NPC COM [COM ],0,86.587,86.587,341.439,318.023,2.978,50.0000,17.687,224.221,2683.000,-14.120,0.0000,0.0000,1.0000,-28.588,-306.402,-80.244,Static,Carpet,shape,000001D1AB089900,-,1,1,0,-
425,8140.743,0.0000,impact,ragdoll,Proventus Avenicci,0001A67D,NPC Spine1 [Spn1],6,11.281,11.281,329.914,296.517,2.678,4.0000,18.878,240.369,2671.601,-14.122,-0.0000,-0.0988,0.9951,-19.452,-293.735,-35.541,Static,Carpet,shape,000001D1AB089900,-,1,1,0,-
426,8157.879,0.0000,impact,ragdoll,Proventus Avenicci,0001A67D,NPC COM [COM ],0,64.556,64.556,43.689,209.129,20.831,50.0000,17.687,220.973,2673.729,-14.120,0.0000,0.0000,1.0000,-18.547,-208.116,-8.872,Static,Carpet,shape,000001D1AB089900,-,0,1,0,-
427,8157.883,0.0000,impact,ragdoll,Proventus Avenicci,0001A67D,NPC Spine [Spn0],3,15.711,15.711,62.462,214.501,13.838,4.0000,17.297,231.015,2674.473,-14.120,-0.0000,0.0000,1.0000,-24.759,-205.379,-56.720,Static,Carpet,shape,000001D1AB089900,-,1,1,0,-
428,8157.885,0.0000,impact,ragdoll,Proventus Avenicci,0001A67D,NPC Spine1 [Spn1],6,49.363,49.363,210.913,283.663,6.216,4.0000,18.878,239.982,2665.871,-15.678,-0.0000,0.0000,1.0000,-18.663,-274.763,-67.985,Static,Wood,shape,000001D1ACB97400,-,1,1,0,-
429,8173.309,0.0000,impact,ragdoll,Proventus Avenicci,0001A67D,NPC Spine [Spn0],3,5.202,5.202,104.031,178.368,6.969,4.0000,17.297,226.945,2665.915,-15.678,-0.0000,0.0000,1.0000,-42.110,-172.861,12.696,Static,Wood,shape,000001D1ACB97400,-,1,1,0,-
430,8173.312,0.0000,impact,ragdoll,Proventus Avenicci,0001A67D,NPC Spine2 [Spn2],9,29.839,29.839,218.688,244.906,10.387,7.0000,23.052,249.916,2652.514,-15.678,0.0000,0.0000,1.0000,-30.994,-236.025,-57.539,Static,Wood,shape,000001D1ACB97400,-,1,1,0,-
431,8221.741,0.0000,impact,ragdoll,Proventus Avenicci,0001A67D,NPC L Thigh [LThg],1,42.482,42.482,205.449,203.103,2.207,6.0000,20.487,220.603,2672.067,-15.688,0.0000,0.0000,1.0000,7.250,-199.847,-35.487,Static,Wood,shape,000001D1ACB97400,-,1,1,0,-
432,8252.014,0.0000,state,unknown,Proventus Avenicci,0001A67D,-,-,0.000,0.000,0.000,0.000,0.000,0.0000,0.000,0.000,0.000,0.000,0.0000,0.0000,0.0000,0.000,0.000,0.000,-,-,-,0000000000000000,-,0,0,0,knock_get_up
433,11570.561,0.0000,state,unknown,Proventus Avenicci,0001A67D,-,-,0.000,0.000,0.000,0.000,0.000,0.0000,0.000,0.000,0.000,0.000,0.0000,0.0000,0.0000,0.000,0.000,0.000,-,-,-,0000000000000000,-,0,0,0,ragdoll_start
434,11574.438,0.0000,impact,ragdoll,Proventus Avenicci,0001A67D,NPC L Foot [Lft ],7,45.014,45.014,91.536,101.414,4.764,3.0000,10.011,254.374,2649.996,-15.678,-0.0000,-0.0000,1.0000,-59.154,-76.711,-30.018,Static,Wood,shape,000001D1ACB97400,-,1,1,0,-
435,11574.439,0.0000,impact,ragdoll,Proventus Avenicci,0001A67D,NPC R Foot [Rft ],8,17.090,17.090,48.837,54.440,3.993,3.0000,10.011,220.442,2645.142,-15.678,0.0000,-0.0000,1.0000,-26.488,-46.166,-11.435,Static,Wood,shape,000001D1ACB97400,-,1,1,0,-
436,11574.440,0.0000,impact,ragdoll,Proventus Avenicci,0001A67D,NPC L Forearm [LLar],14,51.387,51.387,7.390,117.026,4.552,2.0000,11.658,245.161,2658.471,49.687,0.8934,0.3304,0.3043,-46.321,-106.054,-17.383,-,-,-,000001D1AF7AF700,0,1,1,0,-
437,11574.440,0.0000,impact,ragdoll,Proventus Avenicci,0001A67D,NPC COM [COM ],0,51.387,51.387,7.390,39.697,2.124,50.0000,17.687,245.161,2658.471,49.687,0.8934,0.3304,0.3043,-17.136,-30.683,-18.460,-,Skin,shape,000001D1AF7AC700,14,1,1,0,-
438,11574.441,0.0000,impact,ragdoll,Proventus Avenicci,0001A67D,NPC L Forearm [LLar],14,40.484,40.484,12.939,117.026,4.552,2.0000,11.658,246.422,2658.214,47.320,0.7371,0.3562,0.5743,-46.321,-106.054,-17.383,-,Skin,shape,000001D1AF7AF400,1,1,1,0,-
439,11574.441,0.0000,impact,ragdoll,Proventus Avenicci,0001A67D,NPC L Thigh [LThg],1,40.484,40.484,12.939,76.840,2.270,6.0000,20.487,246.422,2658.214,47.320,0.7371,0.3562,0.5743,-30.819,-70.062,-6.768,-,Skin,shape,000001D1AF7AC700,14,1,1,0,-
440,11574.441,0.0000,impact,ragdoll,Proventus Avenicci,0001A67D,NPC L Forearm [LLar],14,50.804,50.804,25.217,117.026,4.552,2.0000,11.658,245.159,2659.051,56.455,0.8679,0.4643,0.1768,-46.321,-106.054,-17.383,-,Skin,shape,000001D1AF7AE200,3,1,1,0,-
441,11574.441,0.0000,impact,ragdoll,Proventus Avenicci,0001A67D,NPC Spine [Spn0],3,50.804,50.804,25.217,49.189,3.703,4.0000,17.297,245.159,2659.051,56.455,0.8679,0.4643,0.1768,-25.087,-36.754,-20.961,-,Skin,shape,000001D1AF7AC700,14,1,1,0,-
442,11574.442,0.0000,impact,ragdoll,Proventus Avenicci,0001A67D,NPC L Forearm [LLar],14,35.370,35.370,46.998,117.026,4.552,2.0000,11.658,245.213,2660.627,64.772,0.8117,0.5728,-0.1139,-46.321,-106.054,-17.383,-,Skin,shape,000001D1AF7ADF00,6,1,1,0,-
443,11574.442,0.0000,impact,ragdoll,Proventus Avenicci,0001A67D,NPC Spine1 [Spn1],6,35.370,35.370,46.998,67.160,3.557,4.0000,18.878,245.213,2660.627,64.772,0.8117,0.5728,-0.1139,-34.184,-55.875,-14.832,-,Skin,shape,000001D1AF7AC700,14,1,1,0,-
444,11574.442,0.0000,impact,ragdoll,Proventus Avenicci,0001A67D,NPC L Forearm [LLar],14,12.927,12.927,46.998,117.026,4.552,2.0000,11.658,244.097,2660.211,70.889,0.5678,0.3595,-0.7405,-46.321,-106.054,-17.383,-,Skin,shape,000001D1AF7ADC00,9,1,1,0,-
445,11574.442,0.0000,impact,ragdoll,Proventus Avenicci,0001A67D,NPC Spine2 [Spn2],9,12.927,12.927,46.998,78.335,2.193,7.0000,23.052,244.097,2660.211,70.889,0.5678,0.3595,-0.7405,-32.140,-70.797,-9.546,-,Skin,shape,000001D1AF7AC700,14,1,1,0,-
446,11574.444,0.0000,impact,ragdoll,Proventus Avenicci,0001A67D,NPC L Hand [LHnd],16,42.725,42.725,47.151,115.089,1.262,4.0000,8.334,245.863,2657.626,46.493,0.9702,0.2380,-0.0451,-42.071,-105.466,-18.774,-,-,-,000001D1AF7AF700,0,1,1,0,-
447,11574.444,0.0000,impact,ragdoll,Proventus Avenicci,0001A67D,NPC COM [COM ],0,42.725,42.725,47.151,39.697,2.124,50.0000,17.687,245.863,2657.626,46.493,0.9702,0.2380,-0.0451,-17.136,-30.683,-18.460,-,Skin,shape,000001D1AF7AC400,16,1,1,0,-
448,11574.444,0.0000,impact,ragdoll,Proventus Avenicci,0001A67D,NPC L Hand [LHnd],16,33.343,33.343,24.603,115.089,1.262,4.0000,8.334,247.819,2657.714,44.675,0.9399,0.2837,0.1903,-42.071,-105.466,-18.774,-,Skin,shape,000001D1AF7AF400,1,1,1,0,-
449,11574.444,0.0000,impact,ragdoll,Proventus Avenicci,0001A67D,NPC L Thigh [LThg],1,33.343,33.343,24.603,76.840,2.270,6.0000,20.487,247.819,2657.714,44.675,0.9399,0.2837,0.1903,-30.819,-70.062,-6.768,-,Skin,shape,000001D1AF7AC400,16,1,1,0,-
450,11574.445,0.0000,impact,ragdoll,Proventus Avenicci,0001A67D,NPC L Hand [LHnd],16,29.755,29.755,65.236,115.089,1.262,4.0000,8.334,245.115,2657.110,51.046,0.8628,0.2414,-0.4442,-42.071,-105.466,-18.774,-,Skin,shape,000001D1AF7AE200,3,1,1,0,-
451,11574.445,0.0000,impact,ragdoll,Proventus Avenicci,0001A67D,NPC Spine [Spn0],3,29.755,29.755,65.236,49.189,3.703,4.0000,17.297,245.115,2657.110,51.046,0.8628,0.2414,-0.4442,-25.087,-36.754,-20.961,-,Skin,shape,000001D1AF7AC400,16,1,1,0,-
452,11592.540,0.0000,impact,ragdoll,Proventus Avenicci,0001A67D,NPC L Calf [LClf],5,18.308,18.308,100.157,68.706,3.459,6.0000,19.675,247.062,2655.681,-15.678,-0.0000,0.0000,1.0000,-42.374,-51.516,-16.461,Static,Wood,shape,000001D1ACB97400,-,1,1,0,-
453,11624.958,0.0000,impact,ragdoll,Proventus Avenicci,0001A67D,NPC R Foot [Rft ],8,10.747,10.747,44.688,56.599,4.107,3.0000,10.011,219.807,2651.401,-15.678,0.0000,-0.0000,1.0000,-49.440,27.200,-4.394,Static,Wood,shape,000001D1ACB97400,-,0,1,0,-
454,11756.997,0.0000,impact,ragdoll,Proventus Avenicci,0001A67D,NPC R Hand [RHnd],17,9.896,9.896,15.799,293.778,1.451,4.0000,8.334,217.810,2669.162,41.228,-0.9105,-0.3476,0.2242,-11.764,293.439,-7.794,-,Skin,shape,000001D1AF7AEB00,2,1,1,0,-
455,11756.998,0.0000,impact,ragdoll,Proventus Avenicci,0001A67D,NPC R Thigh [RThg],2,9.896,9.896,15.799,279.233,2.019,6.0000,20.487,217.810,2669.162,41.228,-0.9105,-0.3476,0.2242,-16.545,278.353,14.727,-,Skin,shape,000001D1AF7ACD00,17,1,1,0,-
456,11774.197,0.0000,impact,ragdoll,Proventus Avenicci,0001A67D,NPC L Foot [Lft ],7,132.854,132.854,189.048,224.716,2.046,3.0000,10.011,248.626,2671.333,-14.233,-0.0000,-0.6343,0.7731,11.697,224.109,11.638,Static,Carpet,shape,000001D1AB089900,-,1,1,0,-
457,11774.740,0.0000,impact,ragdoll,Proventus Avenicci,0001A67D,NPC L Hand [LHnd],16,31.963,31.963,30.872,271.871,0.655,4.0000,8.334,240.976,2678.429,57.964,0.7800,-0.0741,-0.6214,-20.552,268.523,37.238,-,Skin,shape,000001D1AF7ADF00,6,1,1,0,-
458,11774.740,0.0000,impact,ragdoll,Proventus Avenicci,0001A67D,NPC Spine1 [Spn1],6,31.963,31.963,30.872,300.579,1.534,4.0000,18.878,240.976,2678.429,57.964,0.7800,-0.0741,-0.6214,-4.642,300.528,2.950,-,Skin,shape,000001D1AF7AC400,16,1,1,0,-
459,12109.722,0.0000,impact,ragdoll,Proventus Avenicci,0001A67D,NPC R Calf [RClf],4,16.962,16.962,817.574,824.081,3.055,6.0000,19.675,212.561,2845.529,-15.650,-0.0000,-0.0000,1.0000,37.722,823.004,-18.701,Static,Wood,shape,000001D1AAFB4100,-,1,1,0,-
460,12362.071,0.0000,impact,ragdoll,Proventus Avenicci,0001A67D,NPC R Calf [RClf],4,951.616,946.249,557.329,1108.899,1.647,6.0000,19.675,225.516,3095.079,-9.150,-0.0000,-0.8628,0.5055,48.376,1107.789,-10.929,Static,StoneStairs,shape,000001D1AB022B00,-,0,0,0,-
461,12362.097,0.0000,impact,ragdoll,Proventus Avenicci,0001A67D,NPC R Foot [Rft ],8,1096.006,1095.013,39.383,1098.485,1.349,3.0000,10.011,220.972,3095.517,-11.068,0.0000,-1.0000,0.0000,39.781,1097.757,4.052,Static,StoneStairs,shape,000001D1AB022B00,-,0,0,0,-
462,12377.624,0.0000,impact,ragdoll,Proventus Avenicci,0001A67D,NPC R Foot [Rft ],8,242.655,242.655,398.727,105.799,176.220,3.0000,10.011,216.895,3095.550,-9.638,-0.0000,-0.9049,0.4256,-51.765,53.023,75.514,Static,StoneStairs,shape,000001D1AB022B00,-,0,1,0,-
463,12378.154,0.0000,impact,ragdoll,Proventus Avenicci,0001A67D,NPC R Thigh [RThg],2,300.471,300.471,537.117,893.845,33.280,6.0000,20.487,238.952,3127.738,7.461,0.0000,-0.7274,0.6863,263.705,838.030,164.699,Static,StoneStairs,shape,000001D1AB022B00,-,1,0,0,-
464,12378.155,0.0000,impact,ragdoll,Proventus Avenicci,0001A67D,NPC R Thigh [RThg],2,300.471,300.471,537.117,893.845,33.280,6.0000,20.487,238.952,3127.738,7.461,0.0000,-0.7274,0.6863,263.705,838.030,164.699,Static,StoneStairs,shape,000001D1AB022B00,-,0,1,0,-
465,12378.160,0.0000,impact,ragdoll,Proventus Avenicci,0001A67D,NPC R Forearm [RLar],15,44.082,44.082,21.879,1160.363,2.938,6.0000,11.658,238.265,3140.397,46.870,-0.9637,0.1024,-0.2468,77.610,1155.951,-64.788,-,Skin,shape,000001D1AF7ADF00,6,1,1,0,-
466,12378.160,0.0000,impact,ragdoll,Proventus Avenicci,0001A67D,NPC Spine1 [Spn1],6,44.082,44.082,21.879,1153.223,1.317,4.0000,18.878,238.265,3140.397,46.870,-0.9637,0.1024,-0.2468,32.392,1149.962,-80.394,-,Skin,shape,000001D1AF7AD000,15,1,1,0,-
467,12398.254,0.0000,impact,ragdoll,Proventus Avenicci,0001A67D,NPC R Thigh [RThg],2,408.433,408.433,254.424,922.369,23.983,6.0000,20.487,249.553,3124.347,26.995,-0.8094,0.2682,-0.5224,97.272,908.127,128.866,-,Skin,shape,000001D1AF7AF400,1,0,1,0,-
468,12398.255,0.0000,impact,ragdoll,Proventus Avenicci,0001A67D,NPC L Thigh [LThg],1,408.433,408.433,254.424,1126.797,3.077,6.0000,20.487,249.553,3124.347,26.995,-0.8094,0.2682,-0.5224,63.697,1124.316,-39.079,-,Skin,shape,000001D1AF7AEB00,2,0,1,0,-
469,12398.256,0.0000,impact,ragdoll,Proventus Avenicci,0001A67D,NPC R Thigh [RThg],2,447.600,447.600,429.378,922.369,23.983,6.0000,20.487,250.814,3118.416,26.564,-0.6856,0.6385,-0.3496,97.272,908.127,128.866,-,Skin,shape,000001D1AF7AF100,5,1,1,0,-
470,12398.256,0.0000,impact,ragdoll,Proventus Avenicci,0001A67D,NPC L Calf [LClf],5,447.600,447.600,429.378,1115.866,1.844,6.0000,19.675,250.814,3118.416,26.564,-0.6856,0.6385,-0.3496,36.223,1114.967,-26.316,-,Skin,shape,000001D1AF7AEB00,2,1,1,0,-
471,12398.257,0.0000,impact,ragdoll,Proventus Avenicci,0001A67D,NPC R Calf [RClf],4,513.860,513.860,543.100,923.938,30.541,6.0000,19.675,249.071,3121.000,26.157,-0.8361,0.1283,-0.5334,226.697,524.413,726.128,-,Skin,shape,000001D1AF7AF400,1,1,1,0,-
472,12398.257,0.0000,impact,ragdoll,Proventus Avenicci,0001A67D,NPC L Thigh [LThg],1,513.860,513.860,543.100,1126.797,3.077,6.0000,20.487,249.071,3121.000,26.157,-0.8361,0.1283,-0.5334,63.697,1124.316,-39.079,-,Skin,shape,000001D1AF7AE800,4,1,1,0,-
473,12398.472,0.0000,impact,ragdoll,Proventus Avenicci,0001A67D,NPC COM [COM ],0,831.482,797.650,577.422,1046.579,11.939,50.0000,17.687,252.003,3160.422,26.480,-0.0000,-0.7618,0.6478,25.169,1044.290,-64.448,Static,StoneStairs,shape,000001D1AB022B00,-,0,0,0,-
474,12398.482,0.0000,impact,ragdoll,Proventus Avenicci,0001A67D,NPC COM [COM ],0,198.250,-29.623,387.338,733.412,64.491,50.0000,17.687,250.505,3170.286,26.896,0.0000,-0.1289,0.9917,234.562,56.025,692.629,Static,StoneStairs,shape,000001D1AB022B00,-,0,0,0,-
475,12415.089,0.0000,impact,ragdoll,Proventus Avenicci,0001A67D,NPC R Thigh [RThg],2,908.032,908.032,195.643,1005.832,9.216,6.0000,20.487,248.629,3157.991,17.186,0.0000,-0.9759,0.2183,-4.427,1000.071,107.411,Static,StoneStairs,shape,000001D1AB022B00,-,1,0,0,-
476,12415.090,0.0000,impact,ragdoll,Proventus Avenicci,0001A67D,NPC R Thigh [RThg],2,831.118,831.118,555.104,1005.832,9.216,6.0000,20.487,247.963,3159.692,25.619,-0.0000,-0.8184,0.5746,-4.427,1000.071,107.411,Static,StoneStairs,shape,000001D1AB022B00,-,0,0,0,-
477,12415.090,0.0000,impact,ragdoll,Proventus Avenicci,0001A67D,NPC R Thigh [RThg],2,831.118,831.118,555.104,1005.832,9.216,6.0000,20.487,247.963,3159.692,25.619,-0.0000,-0.8184,0.5746,-4.427,1000.071,107.411,Static,StoneStairs,shape,000001D1AB022B00,-,0,1,0,-
478,12415.091,0.0000,impact,ragdoll,Proventus Avenicci,0001A67D,NPC Spine [Spn0],3,291.703,291.703,928.332,1076.818,13.226,4.0000,17.297,249.479,3164.846,26.404,-0.0000,-0.1289,0.9917,19.131,1067.722,-138.347,Static,StoneStairs,shape,000001D1AB022B00,-,1,1,0,-
479,12415.095,0.0000,impact,ragdoll,Proventus Avenicci,0001A67D,NPC L Forearm [LLar],14,766.763,766.763,432.908,1179.336,8.459,2.0000,11.658,261.832,3153.010,45.159,0.5311,-0.0014,0.8473,116.084,1169.277,-100.752,-,-,-,000001D1AF7AF700,0,1,1,0,-
480,12415.095,0.0000,impact,ragdoll,Proventus Avenicci,0001A67D,NPC COM [COM ],0,766.763,766.763,432.908,769.248,53.681,50.0000,17.687,261.832,3153.010,45.159,0.5311,-0.0014,0.8473,237.488,80.565,727.222,-,Skin,shape,000001D1AF7AC700,14,1,1,0,-
481,12415.097,0.0000,impact,ragdoll,Proventus Avenicci,0001A67D,NPC R Forearm [RLar],15,206.592,206.592,1148.304,1170.497,3.691,6.0000,11.658,225.931,3162.620,26.115,0.0000,-0.1289,0.9917,45.532,1168.322,-54.885,Static,StoneStairs,shape,000001D1AB022B00,-,1,1,0,-
482,12415.645,0.0000,impact,ragdoll,Proventus Avenicci,0001A67D,NPC R Thigh [RThg],2,13.139,13.139,798.532,532.333,11.692,6.0000,20.487,252.964,3133.357,28.913,-0.8861,0.4630,-0.0202,37.515,140.508,512.083,-,Skin,shape,000001D1AF7AF100,5,1,1,0,-
483,12415.646,0.0000,impact,ragdoll,Proventus Avenicci,0001A67D,NPC L Calf [LClf],5,13.139,13.139,798.532,825.862,18.755,6.0000,19.675,252.964,3133.357,28.913,-0.8861,0.4630,-0.0202,135.020,795.534,-175.908,-,Skin,shape,000001D1AF7AEB00,2,1,1,0,-
484,12415.650,0.0000,impact,ragdoll,Proventus Avenicci,0001A67D,NPC R Forearm [RLar],15,48.646,48.646,472.988,1097.620,12.137,6.0000,11.658,236.734,3180.757,49.821,-0.7014,0.0427,-0.7115,47.114,1092.609,93.576,-,Skin,shape,000001D1AF7ADC00,9,1,1,0,-
485,12415.650,0.0000,impact,ragdoll,Proventus Avenicci,0001A67D,NPC Spine2 [Spn2],9,48.646,48.646,472.988,916.957,34.757,7.0000,23.052,236.734,3180.757,49.821,-0.7014,0.0427,-0.7115,59.131,914.786,-21.927,-,Skin,shape,000001D1AF7AD000,15,1,1,0,-
486,12415.652,0.0000,impact,ragdoll,Proventus Avenicci,0001A67D,NPC R Hand [RHnd],17,5.117,5.117,1224.345,1103.047,24.734,4.0000,8.334,225.488,3165.654,26.509,-0.0000,-0.1289,0.9917,15.077,1094.422,136.837,Static,StoneStairs,shape,000001D1AB022B00,-,1,1,0,-
487,12415.864,0.0000,impact,ragdoll,Proventus Avenicci,0001A67D,NPC R Forearm [RLar],15,712.284,672.520,776.739,1030.539,16.602,6.0000,11.658,229.022,3184.750,39.750,-0.0000,-0.6855,0.7281,70.325,1027.315,41.102,Static,StoneStairs,shape,000001D1AB022B00,-,0,0,0,-
488,12415.873,0.0000,impact,ragdoll,Proventus Avenicci,0001A67D,NPC R Forearm [RLar],15,335.297,401.196,512.251,518.915,55.061,6.0000,11.658,228.038,3183.304,32.402,0.0000,-0.9732,0.2298,1.768,139.789,499.728,Static,StoneStairs,shape,000001D1AB022B00,-,0,1,0,-
489,12428.271,0.0000,impact,ragdoll,Proventus Avenicci,0001A67D,NPC L Calf [LClf],5,841.120,841.120,709.906,936.222,19.445,6.0000,19.675,260.905,3127.709,7.425,0.0000,-0.8109,0.5852,254.990,895.418,98.581,Static,StoneStairs,shape,000001D1AB022B00,-,1,0,0,-
490,12428.272,0.0000,impact,ragdoll,Proventus Avenicci,0001A67D,NPC L Calf [LClf],5,841.120,841.120,709.906,936.222,19.445,6.0000,19.675,260.905,3127.709,7.425,0.0000,-0.8109,0.5852,254.990,895.418,98.581,Static,StoneStairs,shape,000001D1AB022B00,-,0,1,0,-
491,12428.274,0.0000,impact,ragdoll,Proventus Avenicci,0001A67D,NPC Spine2 [Spn2],9,77.899,77.899,408.875,962.735,27.037,7.0000,23.052,246.191,3189.132,39.057,-0.0000,-0.0645,0.9979,109.384,956.476,6.927,Static,StoneStairs,shape,000001D1AB022B00,-,1,1,0,-
492,12428.275,0.0000,impact,ragdoll,Proventus Avenicci,0001A67D,NPC R UpperArm [RUar],12,88.488,88.488,1047.243,1106.679,5.185,2.0000,14.463,229.954,3190.739,39.160,-0.0000,-0.0645,0.9979,131.646,1098.704,-16.085,Static,StoneStairs,shape,000001D1AB022B00,-,1,1,0,-
493,12428.835,0.0000,impact,ragdoll,Proventus Avenicci,0001A67D,NPC R Forearm [RLar],15,119.271,119.271,204.433,312.361,36.294,6.0000,11.658,240.758,3186.182,47.545,-0.9013,0.4109,-0.1370,17.095,305.020,65.115,-,Skin,shape,000001D1AF7ADF00,6,1,1,0,-
494,12428.836,0.0000,impact,ragdoll,Proventus Avenicci,0001A67D,NPC Spine1 [Spn1],6,119.271,119.271,204.433,593.911,14.541,4.0000,18.878,240.758,3186.182,47.545,-0.9013,0.4109,-0.1370,-32.143,532.437,261.166,-,Skin,shape,000001D1AF7AD000,15,1,1,0,-
495,12428.837,0.0000,impact,ragdoll,Proventus Avenicci,0001A67D,NPC R Forearm [RLar],15,113.793,113.793,319.135,312.361,36.294,6.0000,11.658,230.520,3194.288,39.347,0.0000,-0.0645,0.9979,17.095,305.020,65.115,Static,StoneStairs,shape,000001D1AB022B00,-,0,0,0,-
496,12428.837,0.0000,impact,ragdoll,Proventus Avenicci,0001A67D,NPC R Forearm [RLar],15,77.868,77.868,216.750,312.361,36.294,6.0000,11.658,226.982,3183.333,32.373,0.0000,-0.9732,0.2298,17.095,305.020,65.115,Static,StoneStairs,shape,000001D1AB022B00,-,0,1,0,-
497,12428.838,0.0000,impact,ragdoll,Proventus Avenicci,0001A67D,NPC R Hand [RHnd],17,243.544,243.544,211.908,506.991,55.225,4.0000,8.334,223.001,3183.721,34.687,-0.0000,-0.9732,0.2298,-161.308,333.436,346.180,Static,StoneStairs,shape,000001D1AB022B00,-,0,1,0,-
498,12443.530,0.0000,impact,ragdoll,Proventus Avenicci,0001A67D,NPC Spine2 [Spn2],9,598.249,598.249,315.008,795.201,33.003,7.0000,23.052,248.701,3211.402,52.964,0.0000,-0.8587,0.5126,218.793,761.828,63.972,Static,StoneStairs,shape,000001D1AB022B00,-,0,0,0,-
499,12443.531,0.0000,impact,ragdoll,Proventus Avenicci,0001A67D,NPC Spine2 [Spn2],9,598.248,598.248,315.008,795.201,33.003,7.0000,23.052,248.701,3211.402,52.964,0.0000,-0.8587,0.5126,218.793,761.828,63.972,Static,StoneStairs,shape,000001D1AB022B00,-,0,1,0,-
500,12443.533,0.0000,impact,ragdoll,Proventus Avenicci,0001A67D,NPC R UpperArm [RUar],12,662.971,662.971,76.689,600.977,36.442,2.0000,14.463,230.958,3211.428,53.003,0.0000,-0.7827,0.6224,27.568,593.527,-90.221,Static,StoneStairs,shape,000001D1AB022B00,-,1,0,0,-
501,12443.533,0.0000,impact,ragdoll,Proventus Avenicci,0001A67D,NPC R UpperArm [RUar],12,662.971,662.971,76.689,600.977,36.442,2.0000,14.463,230.958,3211.428,53.003,0.0000,-0.7827,0.6224,27.568,593.527,-90.221,Static,StoneStairs,shape,000001D1AB022B00,-,0,1,0,-
502,12444.184,0.0000,impact,ragdoll,Proventus Avenicci,0001A67D,NPC Head [Head],13,775.096,874.846,1751.669,962.793,170.628,4.0000,15.108,250.318,3236.243,65.853,-0.0000,-0.9990,0.0450,513.756,542.348,-607.358,Static,StoneStairs,shape,000001D1AB022B00,-,0,0,0,-
503,12458.582,0.0000,impact,ragdoll,Proventus Avenicci,0001A67D,NPC Head [Head],13,221.045,221.045,362.830,210.101,55.584,4.0000,15.108,252.012,3236.197,64.829,0.0000,-0.9990,0.0450,52.004,201.771,26.951,Static,StoneStairs,shape,000001D1AB022B00,-,0,0,0,-
504,12458.583,0.0000,impact,ragdoll,Proventus Avenicci,0001A67D,NPC Head [Head],13,122.182,122.182,374.900,210.101,55.584,4.0000,15.108,252.012,3236.274,66.372,0.0000,-0.9685,0.2489,52.004,201.771,26.951,Static,StoneStairs,shape,000001D1AB022B00,-,0,1,0,-
505,12475.153,0.0000,impact,ragdoll,Proventus Avenicci,0001A67D,NPC Neck [Neck],11,14.728,14.728,185.981,116.056,17.745,6.0000,8.431,251.648,3236.205,65.001,0.0000,-0.9990,0.0450,110.283,13.147,-33.674,Static,StoneStairs,shape,000001D1AB022B00,-,1,1,0,-
506,12492.882,0.0000,impact,ragdoll,Proventus Avenicci,0001A67D,NPC L UpperArm [LUar],10,81.869,81.869,143.777,406.319,29.923,2.0000,14.463,265.988,3236.376,66.685,0.0000,-0.6940,0.7199,131.994,378.181,68.200,Static,StoneStairs,shape,000001D1AB022B00,-,1,0,0,-
507,12492.883,0.0000,impact,ragdoll,Proventus Avenicci,0001A67D,NPC L UpperArm [LUar],10,81.869,81.869,143.777,406.319,29.923,2.0000,14.463,265.988,3236.376,66.685,0.0000,-0.6940,0.7199,131.994,378.181,68.200,Static,StoneStairs,shape,000001D1AB022B00,-,0,1,0,-
508,12493.350,0.0000,impact,ragdoll,Proventus Avenicci,0001A67D,NPC Neck [Neck],11,39.834,39.834,315.347,148.256,59.349,6.0000,8.431,253.891,3236.219,65.313,0.0000,-0.9990,0.0450,130.939,40.144,56.775,Static,StoneStairs,shape,000001D1AB022B00,-,0,1,0,-
509,12524.789,0.0000,impact,ragdoll,Proventus Avenicci,0001A67D,NPC L UpperArm [LUar],10,22.319,22.319,412.173,457.427,26.559,2.0000,14.463,270.173,3251.455,67.692,0.0000,-0.0625,0.9980,-171.373,421.892,43.333,Static,StoneStairs,shape,000001D1AB022B00,-,0,1,0,-
510,12524.793,0.0000,impact,ragdoll,Proventus Avenicci,0001A67D,NPC L Forearm [LLar],14,432.347,432.347,766.917,804.727,29.936,2.0000,11.658,275.965,3268.023,79.832,-0.0000,-0.4638,0.8859,-463.174,646.456,-123.089,Static,StoneStairs,shape,000001D1AB022B00,-,1,0,0,-
511,12524.793,0.0000,impact,ragdoll,Proventus Avenicci,0001A67D,NPC L Forearm [LLar],14,432.347,432.347,766.917,804.727,29.936,2.0000,11.658,275.965,3268.023,79.832,-0.0000,-0.4638,0.8859,-463.174,646.456,-123.089,Static,StoneStairs,shape,000001D1AB022B00,-,0,1,0,-
512,12541.069,0.0000,impact,ragdoll,Proventus Avenicci,0001A67D,NPC L Hand [LHnd],16,214.032,214.032,862.461,596.865,46.002,4.0000,8.334,269.427,3291.364,86.426,0.0000,-0.9923,0.1240,-522.796,187.594,-218.496,Static,StoneStairs,shape,000001D1AB022B00,-,1,0,0,-
513,12541.070,0.0000,impact,ragdoll,Proventus Avenicci,0001A67D,NPC L Hand [LHnd],16,208.641,208.641,304.768,596.865,46.002,4.0000,8.334,269.427,3281.365,79.258,-0.0000,0.0465,0.9989,-522.796,187.594,-218.496,Static,StoneStairs,shape,000001D1AB022B00,-,0,1,0,-
514,12648.393,0.0000,impact,ragdoll,Proventus Avenicci,0001A67D,NPC Head [Head],13,366.654,366.654,198.907,522.899,15.588,4.0000,15.108,262.583,3265.941,103.356,0.1199,-0.9416,0.3148,198.960,330.331,353.157,-,Skin,shape,000001D1AF7AC400,16,1,1,0,-
515,12648.394,0.0000,impact,ragdoll,Proventus Avenicci,0001A67D,NPC L Hand [LHnd],16,366.654,366.654,198.907,406.332,15.290,4.0000,8.334,262.583,3265.941,103.356,0.1199,-0.9416,0.3148,197.441,-55.520,350.771,-,Skin,shape,000001D1AF7AD600,13,1,1,0,-
516,12691.754,0.0000,impact,ragdoll,Proventus Avenicci,0001A67D,NPC R Hand [RHnd],17,169.224,169.224,167.684,662.390,22.033,4.0000,8.334,271.516,3274.979,153.500,-0.9295,0.2378,0.2820,245.389,469.672,397.433,-,Skin,shape,000001D1AF7ADC00,9,1,1,0,-
517,12691.754,0.0000,impact,ragdoll,Proventus Avenicci,0001A67D,NPC Spine2 [Spn2],9,169.224,169.224,167.684,676.451,9.321,7.0000,23.052,271.516,3274.979,153.500,-0.9295,0.2378,0.2820,106.312,420.077,519.442,-,Skin,shape,000001D1AF7ACD00,17,1,1,0,-
518,12759.418,0.0000,impact,ragdoll,Proventus Avenicci,0001A67D,NPC L Foot [Lft ],7,229.878,229.878,1192.662,1181.476,16.231,3.0000,10.011,375.545,3305.551,224.765,-1.0000,-0.0000,0.0000,230.022,919.677,705.102,Static,Stone,shape,000001D1AC901900,-,1,1,0,-
519,12775.579,0.0000,impact,ragdoll,Proventus Avenicci,0001A67D,NPC L Foot [Lft ],7,146.556,146.556,1380.878,1167.264,25.638,3.0000,10.011,375.694,3305.479,227.474,-1.0000,-0.0000,0.0000,9.874,882.113,764.384,Static,Stone,shape,000001D1AC901900,-,0,1,0,-
520,12791.210,0.0000,impact,ragdoll,Proventus Avenicci,0001A67D,NPC R Forearm [RLar],15,87.289,87.289,98.049,834.166,7.501,6.0000,11.658,291.482,3339.079,218.158,-0.9546,0.1068,0.2782,198.852,698.857,409.744,-,Skin,shape,000001D1AF7ADF00,6,1,1,0,-
521,12791.211,0.0000,impact,ragdoll,Proventus Avenicci,0001A67D,NPC Spine1 [Spn1],6,87.289,87.289,98.049,812.734,6.301,4.0000,18.878,291.482,3339.079,218.158,-0.9546,0.1068,0.2782,137.628,619.641,507.581,-,Skin,shape,000001D1AF7AD000,15,1,1,0,-
522,12878.676,0.0000,impact,ragdoll,Proventus Avenicci,0001A67D,NPC R Thigh [RThg],2,170.931,170.931,125.297,819.581,7.544,6.0000,20.487,345.870,3402.448,267.467,-0.6869,-0.1921,0.7009,192.135,726.112,327.963,-,Skin,shape,000001D1AF7AF400,1,0,1,0,-
523,12878.677,0.0000,impact,ragdoll,Proventus Avenicci,0001A67D,NPC L Thigh [LThg],1,170.931,170.931,125.297,801.138,9.286,6.0000,20.487,345.870,3402.448,267.467,-0.6869,-0.1921,0.7009,138.956,675.617,407.498,-,Skin,shape,000001D1AF7AEB00,2,0,1,0,-
524,12878.679,0.0000,impact,ragdoll,Proventus Avenicci,0001A67D,NPC R Calf [RClf],4,224.661,224.661,232.111,933.096,12.166,6.0000,19.675,351.221,3398.803,279.409,-0.9941,-0.0234,0.1062,303.187,774.552,422.867,-,Skin,shape,000001D1AF7AF100,5,1,1,0,-
525,12878.679,0.0000,impact,ragdoll,Proventus Avenicci,0001A67D,NPC L Calf [LClf],5,224.661,224.661,232.111,928.100,11.350,6.0000,19.675,351.221,3398.803,279.409,-0.9941,-0.0234,0.1062,47.470,790.432,484.080,-,Skin,shape,000001D1AF7AE800,4,1,1,0,-
526,12911.033,0.0000,impact,ragdoll,Proventus Avenicci,0001A67D,NPC L Thigh [LThg],1,718.482,711.081,389.326,789.250,4.127,6.0000,20.487,356.488,3435.576,276.605,0.0000,-1.0000,0.0000,148.884,684.083,364.388,Static,Stone,shape,000001D1AC901900,-,0,0,0,-
527,12911.048,0.0000,impact,ragdoll,Proventus Avenicci,0001A67D,NPC L Calf [LClf],5,734.593,729.606,395.122,878.521,4.482,6.0000,19.675,361.054,3435.576,279.826,0.0000,-1.0000,-0.0000,126.479,779.585,384.772,Static,Stone,shape,000001D1AC901900,-,0,0,0,-
528,12911.326,0.0000,impact,ragdoll,Proventus Avenicci,0001A67D,NPC L Calf [LClf],5,1115.960,1115.960,91.573,516.847,61.828,6.0000,19.675,361.326,3435.576,306.467,0.0000,-1.0000,0.0000,96.401,344.521,373.019,Static,Stone,shape,000001D1AC901900,-,0,0,0,-
529,12911.326,0.0000,impact,ragdoll,Proventus Avenicci,0001A67D,NPC L Calf [LClf],5,1115.266,1115.266,91.666,516.847,61.828,6.0000,19.675,361.258,3435.576,306.469,0.0000,-1.0000,0.0000,96.401,344.521,373.019,Static,Stone,shape,000001D1AC901900,-,0,0,0,-
530,12911.327,0.0000,impact,ragdoll,Proventus Avenicci,0001A67D,NPC L Calf [LClf],5,145.087,145.087,56.350,516.847,61.828,6.0000,19.675,368.648,3435.718,288.977,0.0000,-1.0000,0.0000,96.401,344.521,373.019,Static,Stone,shape,000001D1AC901900,-,0,1,0,-
531,12911.328,0.0000,impact,ragdoll,Proventus Avenicci,0001A67D,NPC L Foot [Lft ],7,851.540,851.540,400.412,1003.908,22.343,3.0000,10.011,362.578,3435.576,310.895,-0.0000,-1.0000,0.0000,20.402,877.223,487.744,Static,Stone,shape,000001D1AC901900,-,0,1,0,-
532,12930.042,0.0000,impact,ragdoll,Proventus Avenicci,0001A67D,NPC R Thigh [RThg],2,144.091,144.091,861.323,866.079,5.195,6.0000,20.487,354.525,3436.957,295.806,-0.9999,0.0000,0.0156,174.013,776.735,341.314,Static,Stone,shape,000001D1AC901900,-,1,1,0,-
533,12930.044,0.0000,impact,ragdoll,Proventus Avenicci,0001A67D,NPC R Calf [RClf],4,564.860,564.860,653.789,984.710,9.976,6.0000,19.675,360.039,3427.317,311.987,-0.7773,-0.4517,-0.4379,222.620,846.159,451.785,-,Skin,shape,000001D1AF7AEE00,7,1,1,0,-
534,12930.044,0.0000,impact,ragdoll,Proventus Avenicci,0001A67D,NPC L Foot [Lft ],7,564.860,564.860,653.789,488.216,55.997,3.0000,10.011,360.039,3427.317,311.987,-0.7773,-0.4517,-0.4379,23.937,-130.016,469.976,-,Skin,shape,000001D1AF7AE800,4,1,1,0,-
535,12930.045,0.0000,impact,ragdoll,Proventus Avenicci,0001A67D,NPC R Calf [RClf],4,395.009,395.009,870.712,984.710,9.976,6.0000,19.675,354.620,3435.824,300.947,-0.9568,-0.2903,0.0149,222.620,846.159,451.785,Static,Stone,shape,000001D1AC901900,-,1,0,0,-
536,12930.045,0.0000,impact,ragdoll,Proventus Avenicci,0001A67D,NPC R Calf [RClf],4,395.009,395.009,870.712,984.710,9.976,6.0000,19.675,354.620,3435.824,300.947,-0.9568,-0.2903,0.0149,222.620,846.159,451.785,Static,Stone,shape,000001D1AC901900,-,0,1,0,-
537,12930.049,0.0000,impact,ragdoll,Proventus Avenicci,0001A67D,NPC L Foot [Lft ],7,41.449,41.449,485.840,488.216,55.997,3.0000,10.011,361.740,3435.604,314.960,0.0000,-1.0000,0.0000,23.937,-130.016,469.976,Static,Stone,shape,000001D1AC901900,-,0,1,0,-
538,12930.800,0.0000,impact,ragdoll,Proventus Avenicci,0001A67D,NPC L Calf [LClf],5,288.148,288.148,699.383,478.919,45.349,6.0000,19.675,375.545,3426.795,312.351,-1.0000,-0.0000,-0.0000,34.713,-258.619,401.590,Static,Stone,shape,000001D1AC901900,-,0,0,0,-
539,12930.802,0.0000,impact,ragdoll,Proventus Avenicci,0001A67D,NPC L Foot [Lft ],7,145.144,145.144,772.233,447.773,72.172,3.0000,10.011,361.861,3435.630,317.238,0.0000,-1.0000,0.0000,268.139,-218.016,284.730,Static,Stone,shape,000001D1AC901900,-,0,1,0,-
540,12930.803,0.0000,impact,ragdoll,Proventus Avenicci,0001A67D,NPC R Foot [Rft ],8,624.922,624.922,1002.073,1001.750,54.067,3.0000,10.011,362.982,3423.328,315.689,-0.4481,-0.6441,0.6200,-63.170,898.426,438.569,-,Skin,shape,000001D1AF7AF100,5,1,1,0,-
541,12930.803,0.0000,impact,ragdoll,Proventus Avenicci,0001A67D,NPC L Calf [LClf],5,624.922,624.922,1002.073,478.919,45.349,6.0000,19.675,362.982,3423.328,315.689,-0.4481,-0.6441,0.6200,34.713,-258.619,401.590,-,Skin,shape,000001D1AF7AE500,8,1,1,0,-
542,12946.374,0.0000,impact,ragdoll,Proventus Avenicci,0001A67D,NPC R Calf [RClf],4,257.466,257.466,308.057,716.225,36.326,6.0000,19.675,354.701,3449.417,307.088,-0.9999,-0.0000,0.0156,-38.212,617.116,361.506,Static,Stone,shape,000001D1AC901900,-,0,1,0,-
543,12946.379,0.0000,impact,ragdoll,Proventus Avenicci,0001A67D,NPC R Forearm [RLar],15,129.559,129.559,196.762,704.523,9.682,6.0000,11.658,309.625,3434.910,282.742,-0.9922,-0.0298,-0.1212,119.358,585.143,373.782,-,Skin,shape,000001D1AF7ADF00,6,1,1,0,-
544,12946.379,0.0000,impact,ragdoll,Proventus Avenicci,0001A67D,NPC Spine1 [Spn1],6,129.559,129.559,196.762,810.175,6.382,4.0000,18.878,309.625,3434.910,282.742,-0.9922,-0.0298,-0.1212,-54.941,660.419,466.060,-,Skin,shape,000001D1AF7AD000,15,1,1,0,-
545,12962.496,0.0000,impact,ragdoll,Proventus Avenicci,0001A67D,NPC L Calf [LClf],5,128.697,128.697,337.671,270.901,19.407,6.0000,19.675,354.782,3435.578,292.202,-0.1066,-0.9943,0.0017,-227.129,-37.052,142.924,Static,Stone,shape,000001D1AC901900,-,0,1,0,-
546,12963.282,0.0000,impact,ragdoll,Proventus Avenicci,0001A67D,NPC L Forearm [LLar],14,590.895,590.895,321.118,908.658,11.582,2.0000,11.658,350.443,3424.872,287.529,0.1414,-0.7891,-0.5978,22.860,611.531,671.690,-,Skin,shape,000001D1AF7AF400,1,1,1,0,-
547,12963.283,0.0000,impact,ragdoll,Proventus Avenicci,0001A67D,NPC L Thigh [LThg],1,590.895,590.895,321.118,379.982,15.477,6.0000,20.487,350.443,3424.872,287.529,0.1414,-0.7891,-0.5978,-90.147,278.946,241.763,-,Skin,shape,000001D1AF7AC700,14,1,1,0,-
548,12963.287,0.0000,impact,ragdoll,Proventus Avenicci,0001A67D,NPC R Forearm [RLar],15,101.782,101.782,62.963,694.469,9.813,6.0000,11.658,307.817,3437.637,290.070,-0.7798,0.5555,-0.2886,55.828,601.456,342.667,-,Skin,shape,000001D1AF7ADC00,9,1,1,0,-
549,12963.287,0.0000,impact,ragdoll,Proventus Avenicci,0001A67D,NPC Spine2 [Spn2],9,101.782,101.782,62.963,779.989,2.422,7.0000,23.052,307.817,3437.637,290.070,-0.7798,0.5555,-0.2886,-103.219,647.581,422.334,-,Skin,shape,000001D1AF7AD000,15,1,1,0,-
550,12978.833,0.0000,impact,ragdoll,Proventus Avenicci,0001A67D,NPC L Forearm [LLar],14,220.481,220.481,218.582,857.319,11.029,2.0000,11.658,347.979,3430.496,294.278,0.1888,-0.8989,-0.3954,-109.543,453.761,719.095,-,Skin,shape,000001D1AF7AF400,1,1,1,0,-
551,12978.834,0.0000,impact,ragdoll,Proventus Avenicci,0001A67D,NPC L Thigh [LThg],1,220.481,220.481,218.582,534.590,19.775,6.0000,20.487,347.979,3430.496,294.278,0.1888,-0.8989,-0.3954,-38.399,413.111,337.121,-,Skin,shape,000001D1AF7AC700,14,1,1,0,-
552,12996.602,0.0000,impact,ragdoll,Proventus Avenicci,0001A67D,NPC L Thigh [LThg],1,13.072,13.072,722.179,585.012,14.415,6.0000,20.487,354.601,3455.885,299.712,-0.9999,-0.0000,0.0156,30.636,403.296,422.673,Static,Stone,shape,000001D1AB033D00,-,1,1,0,-
553,12996.606,0.0000,impact,ragdoll,Proventus Avenicci,0001A67D,NPC R Thigh [RThg],2,36.607,36.607,719.586,635.080,6.174,6.0000,20.487,354.945,3471.780,322.442,-0.9999,-0.0000,0.0156,56.408,540.888,328.002,Static,Stone,shape,000001D1AB033D00,-,1,0,0,-
554,12996.606,0.0000,impact,ragdoll,Proventus Avenicci,0001A67D,NPC R Thigh [RThg],2,34.704,34.704,715.657,635.080,6.174,6.0000,20.487,354.939,3473.053,322.392,-0.9999,0.0000,0.0156,56.408,540.888,328.002,Static,Stone,shape,000001D1AB033D00,-,0,1,0,-
555,12996.608,0.0000,impact,ragdoll,Proventus Avenicci,0001A67D,NPC R Calf [RClf],4,32.791,32.791,759.764,741.404,12.084,6.0000,19.675,355.012,3471.923,327.006,-0.9999,-0.0000,0.0156,-70.147,689.533,263.256,Static,Stone,shape,000001D1AB033D00,-,1,0,0,-
556,12996.608,0.0000,impact,ragdoll,Proventus Avenicci,0001A67D,NPC R Calf [RClf],4,33.407,33.407,758.775,741.404,12.084,6.0000,19.675,355.011,3472.339,326.989,-0.9999,-0.0000,0.0156,-70.147,689.533,263.256,Static,Stone,shape,000001D1AB033D00,-,0,1,0,-
557,12996.616,0.0000,impact,ragdoll,Proventus Avenicci,0001A67D,NPC L Hand [LHnd],16,457.025,457.025,875.439,950.472,13.602,4.0000,8.334,362.811,3435.576,293.465,0.0000,-1.0000,0.0000,-200.465,456.769,809.057,Static,Stone,shape,000001D1AC901900,-,1,0,0,-
558,12996.617,0.0000,impact,ragdoll,Proventus Avenicci,0001A67D,NPC L Hand [LHnd],16,449.574,449.574,862.400,950.472,13.602,4.0000,8.334,361.063,3435.607,293.521,0.0000,-1.0000,0.0000,-200.465,456.769,809.057,Static,Stone,shape,000001D1AC901900,-,0,1,0,-
559,13012.008,0.0000,impact,ragdoll,Proventus Avenicci,0001A67D,NPC COM [COM ],0,87.506,87.506,713.699,586.002,12.107,50.0000,17.687,354.560,3473.058,298.068,-0.9999,0.0000,0.0156,77.545,447.872,369.859,Static,Stone,shape,000001D1AB033D00,-,1,1,0,-
560,13012.551,0.0000,impact,ragdoll,Proventus Avenicci,0001A67D,NPC L Thigh [LThg],1,54.127,54.127,504.381,457.383,10.743,6.0000,20.487,354.734,3451.103,309.122,-0.9999,-0.0000,0.0156,32.778,389.515,237.493,Static,Stone,shape,000001D1AC901900,-,0,1,0,-
561,13012.554,0.0000,impact,ragdoll,Proventus Avenicci,0001A67D,NPC L Calf [LClf],5,75.159,75.159,390.492,400.288,15.784,6.0000,19.675,354.763,3445.544,311.085,-0.9999,-0.0000,0.0156,-98.494,368.913,120.134,Static,Stone,shape,000001D1AC901900,-,0,1,0,-
562,13012.558,0.0000,impact,ragdoll,Proventus Avenicci,0001A67D,NPC L Hand [LHnd],16,372.666,372.666,350.191,708.839,69.602,4.0000,8.334,351.559,3432.420,311.366,0.7989,-0.1837,-0.5727,-271.868,-31.099,653.891,-,Skin,shape,000001D1AF7AF100,5,1,1,0,-
563,13012.559,0.0000,impact,ragdoll,Proventus Avenicci,0001A67D,NPC L Calf [LClf],5,372.666,372.666,350.191,400.288,15.784,6.0000,19.675,351.559,3432.420,311.366,0.7989,-0.1837,-0.5727,-98.494,368.913,120.134,-,Skin,shape,000001D1AF7AC400,16,1,1,0,-
564,13030.758,0.0000,impact,ragdoll,Proventus Avenicci,0001A67D,NPC L Hand [LHnd],16,549.497,549.497,285.418,695.108,34.539,4.0000,8.334,346.632,3426.571,312.423,0.8947,0.4428,0.0594,-551.494,96.278,412.019,-,Skin,shape,000001D1AF7AEE00,7,1,1,0,-
565,13030.759,0.0000,impact,ragdoll,Proventus Avenicci,0001A67D,NPC L Foot [Lft ],7,549.497,549.497,285.418,710.904,46.572,3.0000,10.011,346.632,3426.571,312.423,0.8947,0.4428,0.0594,-265.445,637.796,167.749,-,Skin,shape,000001D1AF7AC400,16,1,1,0,-
566,13047.127,0.0000,impact,ragdoll,Proventus Avenicci,0001A67D,NPC L Hand [LHnd],16,259.280,259.280,35.452,657.043,33.508,4.0000,8.334,337.890,3432.242,319.290,0.9981,0.0481,-0.0376,-558.274,199.535,283.235,-,Skin,shape,000001D1AF7AEE00,7,0,1,0,-
567,13047.128,0.0000,impact,ragdoll,Proventus Avenicci,0001A67D,NPC L Foot [Lft ],7,259.280,259.280,35.452,610.630,19.894,3.0000,10.011,337.890,3432.242,319.290,0.9981,0.0481,-0.0376,-310.733,462.747,249.357,-,Skin,shape,000001D1AF7AC400,16,0,1,0,-
568,13280.367,0.0000,impact,ragdoll,Proventus Avenicci,0001A67D,NPC R Foot [Rft ],8,144.690,144.690,81.370,310.793,19.788,3.0000,10.011,364.626,3606.330,426.274,-1.0000,-0.0000,-0.0000,141.763,265.855,76.266,Static,Stone,shape,000001D1AB033D00,-,1,1,0,-
569,13345.772,0.0000,impact,ragdoll,Proventus Avenicci,0001A67D,NPC R Thigh [RThg],2,58.143,58.143,61.204,484.347,2.414,6.0000,20.487,312.325,3615.762,395.985,0.7257,0.4858,-0.4872,-110.352,465.657,74.686,-,Skin,shape,000001D1AF7AF400,1,0,1,0,-
570,13345.773,0.0000,impact,ragdoll,Proventus Avenicci,0001A67D,NPC L Thigh [LThg],1,58.143,58.143,61.204,576.100,7.566,6.0000,20.487,312.325,3615.762,395.985,0.7257,0.4858,-0.4872,-115.746,554.963,102.521,-,Skin,shape,000001D1AF7AEB00,2,0,1,0,-
571,13446.306,0.0000,impact,ragdoll,Proventus Avenicci,0001A67D,NPC R Forearm [RLar],15,190.673,190.673,139.680,253.251,6.796,6.0000,11.658,355.887,3691.597,368.383,-0.3401,-0.9404,0.0053,-63.727,226.648,93.306,Static,Stone,shape,000001D1AB033D00,-,1,0,0,-
572,13446.308,0.0000,impact,ragdoll,Proventus Avenicci,0001A67D,NPC R Forearm [RLar],15,190.673,190.673,139.680,253.251,6.796,6.0000,11.658,355.887,3691.597,368.383,-0.3401,-0.9404,0.0053,-63.727,226.648,93.306,Static,Stone,shape,000001D1AB033D00,-,0,1,0,-
573,13463.240,0.0000,impact,ragdoll,Proventus Avenicci,0001A67D,NPC L Hand [LHnd],16,116.820,114.693,682.133,692.363,6.087,4.0000,8.334,275.913,3732.538,328.837,0.0000,-0.2660,0.9640,174.507,666.857,64.926,Static,StoneStairs,shape,000001D1AB1E5000,-,0,0,0,-
574,13463.254,0.0000,impact,ragdoll,Proventus Avenicci,0001A67D,NPC L Hand [LHnd],16,338.606,336.744,364.396,665.631,22.203,4.0000,8.334,276.511,3732.331,323.066,0.0000,-0.9990,0.0450,164.258,545.690,343.958,Static,StoneStairs,shape,000001D1AB1E5000,-,0,1,0,-
575,13528.835,0.0000,impact,ragdoll,Proventus Avenicci,0001A67D,NPC L Forearm [LLar],14,262.121,262.121,388.142,515.539,7.514,2.0000,11.658,292.623,3763.897,341.783,-0.0000,-0.8250,0.5652,163.089,455.595,177.806,Static,StoneStairs,shape,000001D1AB1E5000,-,1,1,0,-
576,13577.123,0.0000,impact,ragdoll,Proventus Avenicci,0001A67D,NPC L Hand [LHnd],16,275.826,275.826,165.146,354.961,3.388,4.0000,8.334,296.319,3762.765,361.469,-0.5337,0.7977,-0.2808,110.376,267.440,205.645,-,Skin,shape,000001D1AF7ADF00,6,1,1,0,-
577,13577.124,0.0000,impact,ragdoll,Proventus Avenicci,0001A67D,NPC Spine1 [Spn1],6,275.826,275.826,165.146,466.169,7.324,4.0000,18.878,296.319,3762.765,361.469,-0.5337,0.7977,-0.2808,20.568,464.486,-33.807,-,Skin,shape,000001D1AF7AC400,16,1,1,0,-
578,13591.428,0.0000,impact,ragdoll,Proventus Avenicci,0001A67D,NPC Spine [Spn0],3,102.376,102.376,239.389,496.796,8.067,4.0000,17.297,291.201,3769.932,362.254,-0.0024,-0.8725,0.4887,8.578,495.068,-40.500,-,Skin,shape,000001D1AF7AC400,16,1,1,0,-
579,13591.429,0.0000,impact,ragdoll,Proventus Avenicci,0001A67D,NPC L Hand [LHnd],16,102.376,102.376,239.389,500.940,14.191,4.0000,8.334,291.201,3769.932,362.254,-0.0024,-0.8725,0.4887,-19.777,485.939,120.053,-,Skin,shape,000001D1AF7AE200,3,1,1,0,-
580,13591.432,0.0000,impact,ragdoll,Proventus Avenicci,0001A67D,NPC L Forearm [LLar],14,46.931,46.931,232.723,398.934,16.873,2.0000,11.658,311.051,3773.007,360.891,-0.3819,0.9225,0.0563,48.952,380.429,109.662,-,Skin,shape,000001D1AF7ADC00,9,1,1,0,-
581,13591.433,0.0000,impact,ragdoll,Proventus Avenicci,0001A67D,NPC Spine2 [Spn2],9,46.931,46.931,232.723,352.017,5.200,7.0000,23.052,311.051,3773.007,360.891,-0.3819,0.9225,0.0563,65.372,345.877,-3.442,-,Skin,shape,000001D1AF7AC700,14,1,1,0,-
582,13591.912,0.0000,impact,ragdoll,Proventus Avenicci,0001A67D,NPC L UpperArm [LUar],10,410.586,410.586,240.694,349.064,12.188,2.0000,14.463,315.174,3787.875,351.473,0.0000,-0.9923,0.1240,103.545,330.295,45.048,Static,StoneStairs,shape,000001D1AB1E5000,-,1,1,0,-
583,13591.914,0.0000,impact,ragdoll,Proventus Avenicci,0001A67D,NPC L Forearm [LLar],14,254.933,254.933,562.107,463.258,22.160,2.0000,11.658,300.674,3788.261,354.813,-0.0000,-0.6034,0.7974,67.541,455.175,53.501,Static,StoneStairs,shape,000001D1AB1E5000,-,1,0,0,-
584,13591.914,0.0000,impact,ragdoll,Proventus Avenicci,0001A67D,NPC L Forearm [LLar],14,254.933,254.933,562.106,463.258,22.160,2.0000,11.658,300.674,3788.261,354.813,-0.0000,-0.6034,0.7974,67.541,455.175,53.501,Static,StoneStairs,shape,000001D1AB1E5000,-,0,1,0,-
585,13608.724,0.0000,impact,ragdoll,Proventus Avenicci,0001A67D,NPC Spine1 [Spn1],6,261.008,261.008,233.644,442.482,9.550,4.0000,18.878,300.977,3781.742,362.580,0.0979,-0.9938,0.0536,9.371,438.328,-59.756,-,Skin,shape,000001D1AF7AC700,14,1,1,0,-
586,13608.725,0.0000,impact,ragdoll,Proventus Avenicci,0001A67D,NPC L Forearm [LLar],14,261.008,261.008,233.644,222.826,25.225,2.0000,11.658,300.977,3781.742,362.580,0.0979,-0.9938,0.0536,112.986,136.874,134.725,-,Skin,shape,000001D1AF7ADF00,6,1,1,0,-
587,13609.491,0.0000,impact,ragdoll,Proventus Avenicci,0001A67D,NPC L UpperArm [LUar],10,238.581,238.581,252.349,360.946,6.963,2.0000,14.463,317.585,3788.299,354.838,0.0000,-0.4957,0.8685,34.761,356.040,-48.051,Static,StoneStairs,shape,000001D1AB1E5000,-,0,0,0,-
588,13609.492,0.0000,impact,ragdoll,Proventus Avenicci,0001A67D,NPC L UpperArm [LUar],10,238.581,238.581,252.349,360.946,6.963,2.0000,14.463,317.585,3788.299,354.838,0.0000,-0.4957,0.8685,34.761,356.040,-48.051,Static,StoneStairs,shape,000001D1AB1E5000,-,0,1,0,-
589,13609.494,0.0000,impact,ragdoll,Proventus Avenicci,0001A67D,NPC L Forearm [LLar],14,187.256,187.256,355.943,377.642,31.742,2.0000,11.658,310.174,3789.201,354.930,0.0000,-0.0629,0.9980,-26.317,376.450,14.353,Static,StoneStairs,shape,000001D1AB1E5000,-,1,1,0,-
590,13625.232,0.0000,impact,ragdoll,Proventus Avenicci,0001A67D,NPC Spine [Spn0],3,159.508,159.508,250.837,459.107,8.592,4.0000,17.297,296.571,3787.502,365.485,-0.2899,-0.9449,0.1518,3.805,455.103,-60.379,-,Skin,shape,000001D1AF7AC700,14,1,1,0,-
591,13625.233,0.0000,impact,ragdoll,Proventus Avenicci,0001A67D,NPC L Forearm [LLar],14,159.508,159.508,250.837,270.640,20.453,2.0000,11.658,296.571,3787.502,365.485,-0.2899,-0.9449,0.1518,33.849,209.172,168.367,-,Skin,shape,000001D1AF7AE200,3,1,1,0,-
592,13625.240,0.0000,impact,ragdoll,Proventus Avenicci,0001A67D,NPC L UpperArm [LUar],10,220.874,220.874,173.403,235.071,6.612,2.0000,14.463,326.801,3787.955,352.194,0.0000,-0.9923,0.1240,85.152,190.986,107.388,Static,StoneStairs,shape,000001D1AB1E5000,-,0,1,0,-
593,13625.713,0.0000,impact,ragdoll,Proventus Avenicci,0001A67D,NPC L Hand [LHnd],16,25.211,25.211,426.536,538.332,20.670,4.0000,8.334,288.511,3783.987,369.971,0.2792,0.9220,-0.2683,147.751,492.307,160.015,-,-,-,000001D1AF7AF700,0,1,1,0,-
594,13625.713,0.0000,impact,ragdoll,Proventus Avenicci,0001A67D,NPC COM [COM ],0,25.211,25.211,426.536,488.295,9.119,50.0000,17.687,288.511,3783.987,369.971,0.2792,0.9220,-0.2683,-7.746,482.431,-75.047,-,Skin,shape,000001D1AF7AC400,16,1,1,0,-
595,13641.780,0.0000,impact,ragdoll,Proventus Avenicci,0001A67D,NPC Spine2 [Spn2],9,258.185,258.185,178.729,287.112,6.829,7.0000,23.052,318.331,3788.161,354.693,-0.0000,-0.8896,0.4567,-4.585,286.987,-7.149,Static,StoneStairs,shape,000001D1AB1E5000,-,1,0,0,-
596,13641.781,0.0000,impact,ragdoll,Proventus Avenicci,0001A67D,NPC Spine2 [Spn2],9,258.185,258.185,178.729,287.112,6.829,7.0000,23.052,318.331,3788.161,354.693,-0.0000,-0.8896,0.4567,-4.585,286.987,-7.149,Static,StoneStairs,shape,000001D1AB1E5000,-,0,1,0,-
597,13659.206,0.0000,impact,ragdoll,Proventus Avenicci,0001A67D,NPC COM [COM ],0,97.912,97.912,387.871,394.601,17.369,50.0000,17.687,286.833,3791.332,355.065,-0.0000,-0.0629,0.9980,-4.721,387.336,-75.222,Static,StoneStairs,shape,000001D1AB1E5000,-,1,1,0,-
598,13659.212,0.0000,impact,ragdoll,Proventus Avenicci,0001A67D,NPC L Forearm [LLar],14,362.695,362.695,489.145,379.356,27.501,2.0000,11.658,306.648,3814.481,365.275,-0.0000,-0.9961,0.0887,278.145,255.757,33.684,Static,StoneStairs,shape,000001D1AB1E5000,-,0,0,0,-
599,13659.212,0.0000,impact,ragdoll,Proventus Avenicci,0001A67D,NPC L Forearm [LLar],14,6.368,6.368,626.283,379.356,27.501,2.0000,11.658,309.573,3807.190,356.062,0.0000,-0.0629,0.9980,278.145,255.757,33.684,Static,StoneStairs,shape,000001D1AB1E5000,-,0,1,0,-
600,13659.213,0.0000,impact,ragdoll,Proventus Avenicci,0001A67D,NPC L Hand [LHnd],16,366.121,366.121,377.036,503.018,31.195,4.0000,8.334,300.188,3814.701,367.757,0.0000,-0.9961,0.0887,344.249,365.861,-25.802,Static,StoneStairs,shape,000001D1AB1E5000,-,1,1,0,-
601,13676.945,0.0000,impact,ragdoll,Proventus Avenicci,0001A67D,NPC Spine [Spn0],3,90.056,90.056,288.863,250.165,12.331,4.0000,17.297,300.718,3803.342,367.731,-0.4294,-0.8950,-0.1209,-40.761,245.944,20.800,-,Skin,shape,000001D1AF7AC400,16,1,1,0,-
602,13676.946,0.0000,impact,ragdoll,Proventus Avenicci,0001A67D,NPC L Hand [LHnd],16,90.056,90.056,288.863,299.027,20.398,4.0000,8.334,300.718,3803.342,367.731,-0.4294,-0.8950,-0.1209,298.756,-9.064,-8.947,-,Skin,shape,000001D1AF7AE200,3,1,1,0,-
603,13677.479,0.0000,impact,ragdoll,Proventus Avenicci,0001A67D,NPC Spine1 [Spn1],6,39.193,39.193,68.221,154.486,8.426,4.0000,18.878,304.284,3788.319,354.848,0.0000,-0.4387,0.8987,-82.515,128.423,23.765,Static,StoneStairs,shape,000001D1AB1E5000,-,1,0,0,-
604,13677.480,0.0000,impact,ragdoll,Proventus Avenicci,0001A67D,NPC Spine1 [Spn1],6,39.193,39.193,68.221,154.486,8.426,4.0000,18.878,304.284,3788.319,354.848,0.0000,-0.4387,0.8987,-82.515,128.423,23.765,Static,StoneStairs,shape,000001D1AB1E5000,-,0,1,0,-
605,13697.152,0.0000,impact,ragdoll,Proventus Avenicci,0001A67D,NPC L Thigh [LThg],1,247.818,247.818,300.309,317.016,16.680,6.0000,20.487,283.591,3814.881,369.634,-0.0000,-0.9374,0.3482,53.613,305.668,-64.743,Static,StoneStairs,shape,000001D1AB1E5000,-,1,0,0,-
606,13697.153,0.0000,impact,ragdoll,Proventus Avenicci,0001A67D,NPC L Thigh [LThg],1,247.818,247.818,300.309,317.016,16.680,6.0000,20.487,283.591,3814.881,369.634,-0.0000,-0.9374,0.3482,53.613,305.668,-64.743,Static,StoneStairs,shape,000001D1AB1E5000,-,0,1,0,-
607,13724.423,0.0000,impact,ragdoll,Proventus Avenicci,0001A67D,NPC L Thigh [LThg],1,89.938,89.938,102.861,248.429,10.630,6.0000,20.487,288.667,3814.510,364.938,0.0000,-0.9961,0.0887,42.340,240.696,-44.608,Static,StoneStairs,shape,000001D1AB1E5000,-,0,1,0,-
608,13743.359,0.0000,impact,ragdoll,Proventus Avenicci,0001A67D,NPC R Thigh [RThg],2,145.222,145.222,237.309,392.103,18.842,6.0000,20.487,270.883,3814.434,379.373,-0.3431,-0.8724,-0.3482,-14.218,370.841,-126.568,-,Skin,shape,000001D1AF7AF400,1,0,1,0,-
609,13743.360,0.0000,impact,ragdoll,Proventus Avenicci,0001A67D,NPC L Thigh [LThg],1,145.222,145.222,237.309,122.925,13.765,6.0000,20.487,270.883,3814.434,379.373,-0.3431,-0.8724,-0.3482,34.230,114.479,28.868,-,Skin,shape,000001D1AF7AEB00,2,0,1,0,-
610,13743.363,0.0000,impact,ragdoll,Proventus Avenicci,0001A67D,NPC L Calf [LClf],5,496.140,496.140,101.366,448.332,16.431,6.0000,19.675,258.484,3839.914,383.089,-0.0000,-0.6058,0.7956,25.726,336.408,-295.245,Static,StoneStairs,shape,000001D1AB1E5000,-,1,0,0,-
611,13743.363,0.0000,impact,ragdoll,Proventus Avenicci,0001A67D,NPC L Calf [LClf],5,496.140,496.140,101.366,448.332,16.431,6.0000,19.675,258.484,3839.914,383.089,-0.0000,-0.6058,0.7956,25.726,336.408,-295.245,Static,StoneStairs,shape,000001D1AB1E5000,-,0,1,0,-
612,13743.871,0.0000,impact,ragdoll,Proventus Avenicci,0001A67D,NPC L Thigh [LThg],1,147.516,147.516,85.202,158.847,12.614,6.0000,20.487,289.850,3814.579,365.069,0.0000,-0.9961,0.0887,46.173,105.111,109.781,Static,StoneStairs,shape,000001D1AB1E5000,-,0,1,0,-
613,13743.873,0.0000,impact,ragdoll,Proventus Avenicci,0001A67D,NPC R Thigh [RThg],2,437.119,437.119,133.873,295.234,14.735,6.0000,20.487,256.563,3814.955,369.753,0.0000,-0.7243,0.6895,-3.578,258.094,-143.310,Static,StoneStairs,shape,000001D1AB1E5000,-,1,0,0,-
614,13743.873,0.0000,impact,ragdoll,Proventus Avenicci,0001A67D,NPC R Thigh [RThg],2,437.119,437.119,133.873,295.234,14.735,6.0000,20.487,256.563,3814.955,369.753,0.0000,-0.7243,0.6895,-3.578,258.094,-143.310,Static,StoneStairs,shape,000001D1AB1E5000,-,0,1,0,-
615,13743.874,0.0000,impact,ragdoll,Proventus Avenicci,0001A67D,NPC Spine [Spn0],3,44.943,44.943,214.780,137.818,13.387,4.0000,17.297,285.982,3788.590,354.863,0.0000,-0.1887,0.9820,-89.894,92.575,48.402,Static,StoneStairs,shape,000001D1AB1E5000,-,0,1,0,-
616,13743.874,0.0000,impact,ragdoll,Proventus Avenicci,0001A67D,NPC R Calf [RClf],4,447.850,447.850,264.664,659.339,25.811,6.0000,19.675,251.958,3815.038,369.817,-0.0000,-0.4882,0.8727,-176.002,609.728,-178.839,Static,StoneStairs,shape,000001D1AB1E5000,-,1,0,0,-
617,13743.875,0.0000,impact,ragdoll,Proventus Avenicci,0001A67D,NPC R Calf [RClf],4,447.850,447.850,264.664,659.339,25.811,6.0000,19.675,251.958,3815.038,369.817,-0.0000,-0.4882,0.8727,-176.002,609.728,-178.839,Static,StoneStairs,shape,000001D1AB1E5000,-,0,1,0,-
618,13743.877,0.0000,impact,ragdoll,Proventus Avenicci,0001A67D,NPC L Foot [Lft ],7,250.272,250.272,851.173,323.044,65.506,3.0000,10.011,245.295,3845.674,383.431,0.0000,-0.0487,0.9988,301.436,26.118,-113.187,Static,StoneStairs,shape,000001D1AB1E5000,-,1,1,0,-
619,13743.880,0.0000,impact,ragdoll,Proventus Avenicci,0001A67D,NPC L Hand [LHnd],16,65.036,65.036,357.189,253.187,23.656,4.0000,8.334,319.875,3809.421,356.204,-0.0000,-0.0629,0.9980,239.323,-46.846,-68.073,Static,StoneStairs,shape,000001D1AB1E5000,-,0,1,0,-
620,13775.999,0.0000,impact,ragdoll,Proventus Avenicci,0001A67D,NPC R Hand [RHnd],17,327.698,327.698,306.351,454.797,4.755,4.0000,8.334,263.868,3761.339,335.671,0.0000,-0.9229,0.3850,-310.151,280.475,-178.831,Static,StoneStairs,shape,000001D1AB1E5000,-,1,0,0,-
621,13776.000,0.0000,impact,ragdoll,Proventus Avenicci,0001A67D,NPC R Hand [RHnd],17,327.628,327.628,306.168,454.797,4.755,4.0000,8.334,263.871,3761.358,335.716,-0.0000,-0.9229,0.3850,-310.151,280.475,-178.831,Static,StoneStairs,shape,000001D1AB1E5000,-,0,1,0,-
622,13776.427,0.0000,impact,ragdoll,Proventus Avenicci,0001A67D,NPC R Hand [RHnd],17,151.813,151.813,526.243,396.224,45.202,4.0000,8.334,261.090,3757.605,330.413,-0.0000,-0.0625,0.9980,-355.850,-76.491,-156.568,Static,StoneStairs,shape,000001D1AB1E5000,-,1,0,0,-
623,13776.428,0.0000,impact,ragdoll,Proventus Avenicci,0001A67D,NPC R Hand [RHnd],17,40.112,40.112,529.895,396.224,45.202,4.0000,8.334,261.153,3761.370,335.711,0.0000,-0.9229,0.3850,-355.850,-76.491,-156.568,Static,StoneStairs,shape,000001D1AB1E5000,-,0,1,0,-
624,13791.537,0.0000,impact,ragdoll,Proventus Avenicci,0001A67D,NPC R Forearm [RLar],15,26.571,26.571,327.817,284.370,12.697,6.0000,11.658,260.606,3763.844,341.663,0.0000,-0.8418,0.5398,-271.755,83.340,8.358,Static,StoneStairs,shape,000001D1AB1E5000,-,0,1,0,-
625,13791.951,0.0000,impact,ragdoll,Proventus Avenicci,0001A67D,NPC L Calf [LClf],5,85.143,85.143,130.513,162.087,4.996,6.0000,19.675,265.211,3820.194,382.935,0.5994,0.7713,0.2142,107.013,117.793,30.748,-,Skin,shape,000001D1AF7AEB00,2,1,1,0,-
626,13791.951,0.0000,impact,ragdoll,Proventus Avenicci,0001A67D,NPC R Thigh [RThg],2,85.143,85.143,130.513,217.506,9.356,6.0000,20.487,265.211,3820.194,382.935,0.5994,0.7713,0.2142,0.828,127.487,176.224,-,Skin,shape,000001D1AF7AF100,5,1,1,0,-
627,13824.799,0.0000,impact,ragdoll,Proventus Avenicci,0001A67D,NPC R Calf [RClf],4,199.425,199.425,116.801,212.224,6.074,6.0000,19.675,239.538,3840.020,383.144,0.0000,-0.3039,0.9527,-33.602,178.837,-109.212,Static,StoneStairs,shape,000001D1AB1E5000,-,1,1,0,-
628,13824.804,0.0000,impact,ragdoll,Proventus Avenicci,0001A67D,NPC R Foot [Rft ],8,473.685,473.685,282.058,406.290,35.962,3.0000,10.011,227.089,3845.958,383.445,0.0000,-0.0487,0.9988,58.228,132.930,-379.487,Static,StoneStairs,shape,000001D1AB1E5000,-,1,1,0,-
629,13825.296,0.0000,impact,ragdoll,Proventus Avenicci,0001A67D,NPC R Calf [RClf],4,10.431,10.431,158.332,139.167,3.225,6.0000,19.675,241.286,3840.004,383.138,0.0000,-0.3466,0.9380,-13.033,135.309,29.818,Static,StoneStairs,shape,000001D1AB1E5000,-,0,1,0,-
630,13857.747,0.0000,impact,ragdoll,Proventus Avenicci,0001A67D,NPC L Foot [Lft ],7,328.865,328.865,335.648,362.540,20.794,3.0000,10.011,261.845,3867.492,395.764,0.0000,-0.9993,0.0361,234.742,274.174,34.055,Static,StoneStairs,shape,000001D1AB1E5000,-,1,1,0,-
631,13858.248,0.0000,impact,ragdoll,Proventus Avenicci,0001A67D,NPC L Calf [LClf],5,90.566,90.566,226.581,187.445,7.534,6.0000,19.675,272.903,3867.594,398.585,-0.0000,-0.9993,0.0361,164.153,81.133,40.085,Static,StoneStairs,shape,000001D1AB1E5000,-,0,1,0,-
632,13874.638,0.0000,impact,ragdoll,Proventus Avenicci,0001A67D,NPC COM [COM ],0,18.221,18.221,79.669,85.565,7.305,50.0000,17.687,282.078,3814.994,369.788,-0.0000,-0.6139,0.7894,-76.034,38.870,5.406,Static,StoneStairs,shape,000001D1AB1E5000,-,1,0,0,-
633,13874.639,0.0000,impact,ragdoll,Proventus Avenicci,0001A67D,NPC COM [COM ],0,18.221,18.221,79.669,85.565,7.305,50.0000,17.687,282.078,3814.994,369.788,-0.0000,-0.6139,0.7894,-76.034,38.870,5.406,Static,StoneStairs,shape,000001D1AB1E5000,-,0,1,0,-
634,13874.652,0.0000,impact,ragdoll,Proventus Avenicci,0001A67D,NPC R Forearm [RLar],15,61.410,61.410,236.547,235.618,3.219,6.0000,11.658,239.414,3763.885,341.764,0.0000,-0.8418,0.5398,-206.563,93.860,63.543,Static,StoneStairs,shape,000001D1AB1E5000,-,1,1,0,-
635,13874.653,0.0000,impact,ragdoll,Proventus Avenicci,0001A67D,NPC R Hand [RHnd],17,103.975,103.975,230.419,245.006,4.013,4.0000,8.334,235.366,3761.948,337.131,0.0000,-0.9229,0.3850,-204.660,128.433,40.590,Static,StoneStairs,shape,000001D1AB1E5000,-,0,0,0,-
636,13874.654,0.0000,impact,ragdoll,Proventus Avenicci,0001A67D,NPC R Hand [RHnd],17,102.994,102.994,230.453,245.006,4.013,4.0000,8.334,235.379,3762.042,337.357,-0.0000,-0.9229,0.3850,-204.660,128.433,40.590,Static,StoneStairs,shape,000001D1AB1E5000,-,0,1,0,-
637,13891.951,0.0000,impact,ragdoll,Proventus Avenicci,0001A67D,NPC R Foot [Rft ],8,39.014,39.014,114.137,107.432,5.484,3.0000,10.011,228.993,3850.573,383.669,-0.0000,-0.0487,0.9988,43.033,94.463,-27.686,Static,StoneStairs,shape,000001D1AB1E5000,-,1,1,0,-
638,13945.127,0.0000,impact,ragdoll,Proventus Avenicci,0001A67D,NPC R Calf [RClf],4,28.073,28.073,135.087,73.197,6.305,6.0000,19.675,242.542,3851.872,383.711,0.0000,-0.0487,0.9988,46.643,48.811,-28.280,Static,StoneStairs,shape,000001D1AB1E5000,-,0,1,0,-
639,13963.081,0.0000,impact,ragdoll,Proventus Avenicci,0001A67D,NPC R Thigh [RThg],2,35.605,35.605,70.039,48.182,6.177,6.0000,20.487,260.454,3827.318,369.661,0.0000,0.0147,0.9999,-5.511,0.862,-47.858,Static,StoneStairs,shape,000001D1AB1E5000,-,1,1,0,-
640,13977.978,0.0000,impact,ragdoll,Proventus Avenicci,0001A67D,NPC COM [COM ],0,8.255,8.255,20.770,59.959,5.045,50.0000,17.687,274.761,3814.968,369.765,-0.0000,-0.6897,0.7241,-36.995,-27.662,-38.227,Static,StoneStairs,shape,000001D1AB1E5000,-,0,0,0,-
641,13977.979,0.0000,impact,ragdoll,Proventus Avenicci,0001A67D,NPC COM [COM ],0,8.255,8.255,20.769,59.959,5.045,50.0000,17.687,274.761,3814.968,369.765,-0.0000,-0.6897,0.7241,-36.995,-27.662,-38.227,Static,StoneStairs,shape,000001D1AB1E5000,-,0,1,0,-
642,13978.452,0.0000,impact,ragdoll,Proventus Avenicci,0001A67D,NPC COM [COM ],0,7.413,7.413,53.252,63.825,3.403,50.0000,17.687,271.472,3814.976,369.773,0.0000,-0.6646,0.7472,-36.574,-37.889,-36.060,Static,StoneStairs,shape,000001D1AB1E5000,-,0,0,0,-
643,13978.452,0.0000,impact,ragdoll,Proventus Avenicci,0001A67D,NPC COM [COM ],0,7.413,7.413,53.252,63.825,3.403,50.0000,17.687,271.472,3814.976,369.773,0.0000,-0.6646,0.7472,-36.574,-37.889,-36.060,Static,StoneStairs,shape,000001D1AB1E5000,-,0,1,0,-
644,13978.459,0.0000,impact,ragdoll,Proventus Avenicci,0001A67D,NPC R Foot [Rft ],8,129.000,129.000,170.126,133.564,12.043,3.0000,10.011,236.476,3867.224,388.347,-0.0000,-0.9993,0.0361,98.217,90.492,1.982,Static,StoneStairs,shape,000001D1AB1E5000,-,0,0,0,-
645,13978.459,0.0000,impact,ragdoll,Proventus Avenicci,0001A67D,NPC R Foot [Rft ],8,99.557,99.557,170.182,133.564,12.043,3.0000,10.011,236.671,3867.340,391.188,0.0000,-0.9993,0.0361,98.217,90.492,1.982,Static,StoneStairs,shape,000001D1AB1E5000,-,0,1,0,-
646,14008.863,0.0000,impact,ragdoll,Proventus Avenicci,0001A67D,NPC R Thigh [RThg],2,14.468,14.468,46.893,34.647,1.848,6.0000,20.487,265.477,3815.073,369.834,-0.0000,-0.3890,0.9212,-6.877,-26.640,-21.057,Static,StoneStairs,shape,000001D1AB1E5000,-,0,0,0,-
647,14008.864,0.0000,impact,ragdoll,Proventus Avenicci,0001A67D,NPC R Thigh [RThg],2,14.468,14.468,46.893,34.647,1.848,6.0000,20.487,265.477,3815.073,369.834,-0.0000,-0.3890,0.9212,-6.877,-26.640,-21.057,Static,StoneStairs,shape,000001D1AB1E5000,-,0,1,0,-
648,14025.701,0.0000,impact,ragdoll,Proventus Avenicci,0001A67D,NPC R Hand [RHnd],17,7.761,7.761,142.082,149.622,5.482,4.0000,8.334,220.995,3769.322,341.696,0.0000,0.0465,0.9989,-51.890,139.628,-14.082,Static,StoneStairs,shape,000001D1AB1E5000,-,0,1,0,-
649,14042.191,0.0000,impact,ragdoll,Proventus Avenicci,0001A67D,NPC L Foot [Lft ],7,14.769,14.769,119.250,147.040,8.841,3.0000,10.011,294.626,3862.323,384.242,0.0000,-0.0487,0.9988,120.676,-74.259,-39.288,Static,StoneStairs,shape,000001D1AB1E5000,-,0,1,0,-
650,14059.174,0.0000,impact,ragdoll,Proventus Avenicci,0001A67D,NPC R Hand [RHnd],17,18.574,18.574,163.638,156.750,4.523,4.0000,8.334,219.824,3772.946,341.528,-0.0000,0.0465,0.9989,-48.723,146.818,-25.323,Static,StoneStairs,shape,000001D1AB1E5000,-,0,1,0,-
651,14059.642,0.0000,impact,ragdoll,Proventus Avenicci,0001A67D,NPC R Forearm [RLar],15,125.947,125.947,88.140,161.263,3.317,6.0000,11.658,217.496,3788.176,354.720,0.0000,-0.8470,0.5316,-77.595,140.924,-11.189,Static,StoneStairs,shape,000001D1AB1E5000,-,1,0,0,-
652,14059.643,0.0000,impact,ragdoll,Proventus Avenicci,0001A67D,NPC R Forearm [RLar],15,125.947,125.947,88.140,161.263,3.317,6.0000,11.658,217.496,3788.176,354.720,0.0000,-0.8470,0.5316,-77.595,140.924,-11.189,Static,StoneStairs,shape,000001D1AB1E5000,-,0,1,0,-
653,14074.714,0.0000,impact,ragdoll,Proventus Avenicci,0001A67D,NPC L Thigh [LThg],1,42.125,42.125,95.070,94.113,2.531,6.0000,20.487,285.449,3829.921,369.602,0.0000,0.0147,0.9999,-10.264,-85.063,-38.938,Static,StoneStairs,shape,000001D1AB1E5000,-,0,1,0,-
654,14074.718,0.0000,impact,ragdoll,Proventus Avenicci,0001A67D,NPC Spine [Spn0],3,24.332,24.332,70.445,74.296,3.164,4.0000,17.297,269.975,3797.417,355.448,0.0000,-0.0629,0.9980,-53.387,-43.272,-28.238,Static,StoneStairs,shape,000001D1AB1E5000,-,1,1,0,-
655,14075.228,0.0000,impact,ragdoll,Proventus Avenicci,0001A67D,NPC Spine1 [Spn1],6,28.335,28.335,104.593,107.129,3.622,4.0000,18.878,261.450,3788.409,354.878,-0.0000,-0.1811,0.9835,-100.982,-15.379,-32.293,Static,StoneStairs,shape,000001D1AB1E5000,-,1,0,0,-
656,14075.228,0.0000,impact,ragdoll,Proventus Avenicci,0001A67D,NPC Spine1 [Spn1],6,28.136,28.136,104.646,107.129,3.622,4.0000,18.878,261.450,3788.409,354.878,0.0000,-0.1887,0.9820,-100.982,-15.379,-32.293,Static,StoneStairs,shape,000001D1AB1E5000,-,0,1,0,-
657,14075.229,0.0000,impact,ragdoll,Proventus Avenicci,0001A67D,NPC L Foot [Lft ],7,9.022,9.022,147.465,167.883,5.714,3.0000,10.011,299.139,3858.871,384.074,0.0000,-0.0487,0.9988,113.052,-121.235,-26.569,Static,StoneStairs,shape,000001D1AB1E5000,-,0,1,0,-
658,14091.991,0.0000,impact,ragdoll,Proventus Avenicci,0001A67D,NPC Spine [Spn0],3,11.353,11.353,82.287,79.758,3.450,4.0000,17.297,267.622,3802.291,355.724,0.0000,-0.0629,0.9980,-62.202,-48.399,-12.243,Static,StoneStairs,shape,000001D1AB1E5000,-,0,1,0,-
659,14092.000,0.0000,impact,ragdoll,Proventus Avenicci,0001A67D,NPC R UpperArm [RUar],12,42.658,42.658,108.238,119.497,2.404,2.0000,14.463,220.798,3788.282,354.828,-0.0000,-0.5425,0.8401,-103.670,58.148,-12.289,Static,StoneStairs,shape,000001D1AB1E5000,-,1,0,0,-
660,14092.000,0.0000,impact,ragdoll,Proventus Avenicci,0001A67D,NPC R UpperArm [RUar],12,42.658,42.658,108.238,119.497,2.404,2.0000,14.463,220.798,3788.282,354.828,-0.0000,-0.5425,0.8401,-103.670,58.148,-12.289,Static,StoneStairs,shape,000001D1AB1E5000,-,0,1,0,-
661,14128.073,0.0000,impact,ragdoll,Proventus Avenicci,0001A67D,NPC R Hand [RHnd],17,95.023,95.023,22.647,99.005,3.251,4.0000,8.334,217.455,3787.059,346.045,0.0000,-0.9923,0.1240,-26.350,93.071,-21.108,Static,StoneStairs,shape,000001D1AB1E5000,-,0,1,0,-
662,14158.557,0.0000,impact,ragdoll,Proventus Avenicci,0001A67D,NPC L Foot [Lft ],7,34.806,34.806,210.572,210.401,3.447,3.0000,10.011,307.215,3840.208,383.150,0.0000,-0.2252,0.9743,93.905,-166.687,-87.554,Static,StoneStairs,shape,000001D1AB1E5000,-,0,1,0,-
663,14192.663,0.0000,impact,ragdoll,Proventus Avenicci,0001A67D,NPC Spine [Spn0],3,24.727,24.727,82.222,91.852,2.202,4.0000,17.297,256.194,3800.944,355.615,0.0000,-0.0629,0.9980,-51.840,-61.378,-44.522,Static,StoneStairs,shape,000001D1AB1E5000,-,0,1,0,-
664,14209.390,0.0000,impact,ragdoll,Proventus Avenicci,0001A67D,NPC COM [COM ],0,25.584,25.584,144.501,85.630,5.167,50.0000,17.687,266.820,3793.963,355.230,-0.0000,-0.0629,0.9980,-42.231,-69.770,-26.102,Static,StoneStairs,shape,000001D1AB1E5000,-,1,1,0,-
665,14224.901,0.0000,impact,ragdoll,Proventus Avenicci,0001A67D,NPC L Thigh [LThg],1,5.663,5.663,113.754,98.604,3.086,6.0000,20.487,271.795,3793.561,355.205,-0.0000,-0.0629,0.9980,-26.664,-87.922,-35.798,Static,StoneStairs,shape,000001D1AB1E5000,-,0,1,0,-
666,14224.904,0.0000,impact,ragdoll,Proventus Avenicci,0001A67D,NPC R Thigh [RThg],2,31.907,31.907,60.920,57.279,2.572,6.0000,20.487,257.553,3826.976,369.651,0.0000,0.0147,0.9999,-7.959,-54.865,-14.399,Static,StoneStairs,shape,000001D1AB1E5000,-,0,1,0,-
667,14224.916,0.0000,impact,ragdoll,Proventus Avenicci,0001A67D,NPC L Hand [LHnd],16,176.168,176.168,305.260,251.093,17.272,4.0000,8.334,265.938,3747.840,329.801,0.0000,-0.0625,0.9980,-177.976,-5.725,-177.029,Static,StoneStairs,shape,000001D1AB1E5000,-,1,1,0,-
668,14243.494,0.0000,impact,ragdoll,Proventus Avenicci,0001A67D,NPC R Calf [RClf],4,23.458,23.458,69.604,71.864,2.739,6.0000,19.675,257.910,3853.706,383.783,0.0000,-0.0487,0.9988,46.194,-49.572,-23.941,Static,StoneStairs,shape,000001D1AB1E5000,-,0,1,0,-
669,14304.523,0.0000,state,unknown,Proventus Avenicci,0001A67D,-,-,0.000,0.000,0.000,0.000,0.000,0.0000,0.000,0.000,0.000,0.000,0.0000,0.0000,0.0000,0.000,0.000,0.000,-,-,-,0000000000000000,-,0,0,0,knock_get_up
670,18102.397,0.0000,state,unknown,Proventus Avenicci,0001A67D,-,-,0.000,0.000,0.000,0.000,0.000,0.0000,0.000,0.000,0.000,0.000,0.0000,0.0000,0.0000,0.000,0.000,0.000,-,-,-,0000000000000000,-,0,0,0,ragdoll_start
671,18106.471,0.0000,impact,ragdoll,Proventus Avenicci,0001A67D,NPC L Foot [Lft ],7,19.189,19.189,132.769,126.530,9.063,3.0000,10.011,231.907,3798.558,355.461,0.0000,-0.0629,0.9980,5.916,126.258,-5.811,Static,StoneStairs,shape,000001D1AB1E5000,-,1,0,0,-
672,18106.472,0.0000,impact,ragdoll,Proventus Avenicci,0001A67D,NPC L Foot [Lft ],7,18.721,18.721,124.585,126.530,9.063,3.0000,10.011,231.666,3800.653,355.652,0.0000,-0.0629,0.9980,5.916,126.258,-5.811,Static,StoneStairs,shape,000001D1AB1E5000,-,0,1,0,-
673,18123.881,0.0000,impact,ragdoll,Proventus Avenicci,0001A67D,NPC R Foot [Rft ],8,5.131,5.131,221.319,190.123,7.120,3.0000,10.011,188.252,3793.650,355.091,0.0000,-0.0629,0.9980,34.686,-185.089,-26.190,Static,StoneStairs,shape,000001D1AB1E5000,-,0,1,0,-
674,18138.946,0.0000,impact,ragdoll,Proventus Avenicci,0001A67D,NPC R Foot [Rft ],8,11.362,11.362,238.163,214.240,5.880,3.0000,10.011,188.602,3792.945,355.166,-0.0000,-0.0629,0.9980,39.889,-209.076,-24.388,Static,StoneStairs,shape,000001D1AB1E5000,-,1,0,0,-
675,18138.947,0.0000,impact,ragdoll,Proventus Avenicci,0001A67D,NPC R Foot [Rft ],8,11.376,11.376,230.195,214.240,5.880,3.0000,10.011,190.024,3793.575,355.206,0.0000,-0.0629,0.9980,39.889,-209.076,-24.388,Static,StoneStairs,shape,000001D1AB1E5000,-,0,1,0,-
676,18155.738,0.0000,impact,ragdoll,Proventus Avenicci,0001A67D,NPC L Calf [LClf],5,60.203,60.203,50.776,64.797,6.724,6.0000,19.675,233.220,3814.677,367.476,0.0000,-0.9961,0.0887,13.985,5.585,-63.023,Static,StoneStairs,shape,000001D1AB1E5000,-,1,1,0,-
677,18173.548,0.0000,impact,ragdoll,Proventus Avenicci,0001A67D,NPC R Foot [Rft ],8,21.555,21.555,144.732,150.012,5.589,3.0000,10.011,192.544,3788.442,354.882,0.0000,-0.0861,0.9963,38.350,-141.676,-30.998,Static,StoneStairs,shape,000001D1AB1E5000,-,0,1,0,-
678,18274.063,0.0000,impact,ragdoll,Proventus Avenicci,0001A67D,NPC R Foot [Rft ],8,198.970,198.970,174.240,286.833,6.165,3.0000,10.011,196.582,3769.149,341.704,-0.0000,0.0465,0.9989,37.532,-218.141,-182.426,Static,StoneStairs,shape,000001D1AB1E5000,-,1,1,0,-
679,18306.170,0.0000,impact,ragdoll,Proventus Avenicci,0001A67D,NPC L Calf [LClf],5,17.294,17.294,245.759,354.282,9.482,6.0000,19.675,234.019,3788.380,354.871,0.0000,-0.2644,0.9644,66.005,-295.129,-184.547,Static,StoneStairs,shape,000001D1AB1E5000,-,1,0,0,-
680,18306.171,0.0000,impact,ragdoll,Proventus Avenicci,0001A67D,NPC L Calf [LClf],5,17.294,17.294,245.759,354.282,9.482,6.0000,19.675,234.019,3788.380,354.871,0.0000,-0.2644,0.9644,66.005,-295.129,-184.547,Static,StoneStairs,shape,000001D1AB1E5000,-,0,1,0,-
681,18356.195,0.0000,impact,ragdoll,Proventus Avenicci,0001A67D,NPC L Calf [LClf],5,46.383,46.383,413.507,444.602,4.642,6.0000,19.675,233.860,3763.994,341.879,0.0000,-0.5457,0.8380,38.875,-345.441,-277.182,Static,StoneStairs,shape,000001D1AB1E5000,-,1,1,0,-
682,18356.197,0.0000,impact,ragdoll,Proventus Avenicci,0001A67D,NPC R Foot [Rft ],8,474.323,474.323,348.104,593.293,8.014,3.0000,10.011,196.843,3750.584,329.973,0.0000,-0.0625,0.9980,-5.135,-350.284,-478.823,Static,StoneStairs,shape,000001D1AB1E5000,-,1,0,0,-
683,18373.230,0.0000,impact,ragdoll,Proventus Avenicci,0001A67D,NPC R Calf [RClf],4,81.516,81.516,257.656,439.527,14.083,6.0000,19.675,201.426,3743.718,329.543,-0.0000,-0.0625,0.9980,23.026,-375.190,-227.786,Static,StoneStairs,shape,000001D1AB1E5000,-,1,0,0,-
684,18373.231,0.0000,impact,ragdoll,Proventus Avenicci,0001A67D,NPC R Calf [RClf],4,130.787,130.787,257.035,439.527,14.083,6.0000,19.675,201.419,3739.433,329.263,0.0000,-0.0625,0.9980,23.026,-375.190,-227.786,Static,StoneStairs,shape,000001D1AB1E5000,-,0,1,0,-
685,18392.857,0.0000,impact,ragdoll,Proventus Avenicci,0001A67D,NPC L Thigh [LThg],1,342.884,342.884,314.753,546.148,5.824,6.0000,20.487,233.999,3737.752,329.169,0.0000,-0.0625,0.9980,48.650,-398.186,-370.618,Static,StoneStairs,shape,000001D1AB1E5000,-,1,1,0,-
686,18392.861,0.0000,impact,ragdoll,Proventus Avenicci,0001A67D,NPC R Calf [RClf],4,35.831,35.831,214.066,403.623,17.595,6.0000,19.675,199.640,3732.637,328.846,0.0000,-0.2660,0.9640,-69.011,-362.240,-164.107,Static,StoneStairs,shape,000001D1AB1E5000,-,0,1,0,-
687,18392.862,0.0000,impact,ragdoll,Proventus Avenicci,0001A67D,NPC L Calf [LClf],5,326.319,326.319,308.854,470.810,4.595,6.0000,19.675,236.099,3743.295,329.450,0.0000,-0.0625,0.9980,29.626,-339.256,-325.099,Static,StoneStairs,shape,000001D1AB1E5000,-,0,0,0,-
688,18392.862,0.0000,impact,ragdoll,Proventus Avenicci,0001A67D,NPC L Calf [LClf],5,345.688,345.688,308.629,470.810,4.595,6.0000,19.675,236.673,3738.593,329.222,-0.0000,-0.0625,0.9980,29.626,-339.256,-325.099,Static,StoneStairs,shape,000001D1AB1E5000,-,0,1,0,-
689,18423.145,0.0000,impact,ragdoll,Proventus Avenicci,0001A67D,NPC R Calf [RClf],4,126.107,126.107,562.111,356.087,20.991,6.0000,19.675,188.611,3732.475,328.816,-0.0000,-0.4124,0.9110,-258.844,-161.219,-183.865,Static,StoneStairs,shape,000001D1AB1E5000,-,0,0,0,-
690,18423.145,0.0000,impact,ragdoll,Proventus Avenicci,0001A67D,NPC R Calf [RClf],4,126.107,126.107,562.111,356.087,20.991,6.0000,19.675,188.611,3732.475,328.816,-0.0000,-0.4124,0.9110,-258.844,-161.219,-183.865,Static,StoneStairs,shape,000001D1AB1E5000,-,0,1,0,-
691,18423.148,0.0000,impact,ragdoll,Proventus Avenicci,0001A67D,NPC R Foot [Rft ],8,72.987,72.987,500.333,368.878,27.407,3.0000,10.011,181.992,3732.802,328.795,0.0000,-0.2660,0.9640,-354.821,-69.639,-72.964,Static,StoneStairs,shape,000001D1AB1E5000,-,0,1,0,-
692,18440.139,0.0000,impact,ragdoll,Proventus Avenicci,0001A67D,NPC R Calf [RClf],4,107.574,107.574,157.826,309.219,22.677,6.0000,19.675,190.232,3707.564,315.170,0.0000,-0.3944,0.9189,-174.052,-216.330,-136.101,Static,StoneStairs,shape,000001D1AB1E5000,-,0,1,0,-
693,18458.947,0.0000,impact,ragdoll,Proventus Avenicci,0001A67D,NPC R Calf [RClf],4,35.725,35.725,158.124,260.016,16.409,6.0000,19.675,187.356,3712.153,315.105,0.0000,0.0144,0.9999,-76.975,-241.720,-57.049,Static,StoneStairs,shape,000001D1AB1E5000,-,0,1,0,-
694,18458.951,0.0000,impact,ragdoll,Proventus Avenicci,0001A67D,NPC R Foot [Rft ],8,32.733,32.733,491.181,532.306,24.687,3.0000,10.011,172.837,3732.594,328.846,0.0000,-0.0708,0.9975,-346.502,-399.385,-61.461,Static,StoneStairs,shape,000001D1AB1E5000,-,0,1,0,-
695,18473.855,0.0000,impact,ragdoll,Proventus Avenicci,0001A67D,NPC R Foot [Rft ],8,127.767,127.767,595.489,488.993,26.892,3.0000,10.011,156.926,3720.317,331.058,0.9999,-0.0000,0.0156,-145.616,-451.324,-119.233,Static,Stone,shape,000001D1ACA1AE00,-,1,1,0,-
696,18575.591,0.0000,impact,ragdoll,Proventus Avenicci,0001A67D,NPC L Calf [LClf],5,495.477,495.477,553.121,861.283,10.376,6.0000,19.675,233.296,3664.254,288.911,0.0000,-0.1289,0.9917,-43.498,-682.569,-523.466,Static,StoneStairs,shape,000001D1AB1E5000,-,1,1,0,-
697,18591.750,0.0000,impact,ragdoll,Proventus Avenicci,0001A67D,NPC L Calf [LClf],5,26.744,26.744,413.749,604.262,14.476,6.0000,19.675,232.345,3655.919,287.827,0.0000,-0.1715,0.9852,55.943,-594.185,-94.585,Static,StoneStairs,shape,000001D1AB1E5000,-,1,1,0,-
698,18660.481,0.0000,impact,ragdoll,Proventus Avenicci,0001A67D,NPC R Thigh [RThg],2,385.986,385.986,570.945,698.080,5.971,6.0000,20.487,214.715,3591.869,252.626,0.0000,-0.1045,0.9945,100.145,-531.757,-441.046,Static,StoneStairs,shape,000001D1AB1E5000,-,1,0,0,-
699,18660.483,0.0000,impact,ragdoll,Proventus Avenicci,0001A67D,NPC R Thigh [RThg],2,400.463,400.463,558.149,698.080,5.971,6.0000,20.487,211.953,3598.335,253.130,0.0000,-0.0774,0.9970,100.145,-531.757,-441.046,Static,StoneStairs,shape,000001D1AB1E5000,-,0,1,0,-
700,18713.585,0.0000,impact,ragdoll,Proventus Avenicci,0001A67D,NPC L Thigh [LThg],1,148.692,148.692,53.645,694.626,3.828,6.0000,20.487,250.484,3560.155,256.891,-0.9542,0.0713,-0.2904,36.395,-604.624,-340.015,-,Skin,shape,000001D1AF7AC400,16,1,0,0,-
701,18713.586,0.0000,impact,ragdoll,Proventus Avenicci,0001A67D,NPC L Hand [LHnd],16,148.692,148.692,53.645,731.941,13.218,4.0000,8.334,250.484,3560.155,256.891,-0.9542,0.0713,-0.2904,-92.827,-581.638,-434.531,-,Skin,shape,000001D1AF7AF400,1,1,0,0,-
702,18713.586,0.0000,impact,ragdoll,Proventus Avenicci,0001A67D,NPC L Thigh [LThg],1,148.380,148.380,54.406,694.626,3.828,6.0000,20.487,250.499,3560.086,256.868,-0.9541,0.0716,-0.2908,36.395,-604.624,-340.015,-,Skin,shape,000001D1AF7AC400,16,0,1,0,-
703,18713.586,0.0000,impact,ragdoll,Proventus Avenicci,0001A67D,NPC L Hand [LHnd],16,148.380,148.380,54.406,731.941,13.218,4.0000,8.334,250.499,3560.086,256.868,-0.9541,0.0716,-0.2908,-92.827,-581.638,-434.531,-,Skin,shape,000001D1AF7AF400,1,0,1,0,-
704,18768.576,0.0000,impact,ragdoll,Proventus Avenicci,0001A67D,NPC R Thigh [RThg],2,54.608,54.608,49.816,657.259,7.271,6.0000,20.487,232.273,3544.921,247.412,-0.8484,-0.4600,0.2620,42.416,-589.926,-286.665,-,Skin,shape,000001D1AF7AF400,1,0,1,0,-
705,18768.576,0.0000,impact,ragdoll,Proventus Avenicci,0001A67D,NPC L Thigh [LThg],1,54.608,54.608,49.816,686.063,1.738,6.0000,20.487,232.273,3544.921,247.412,-0.8484,-0.4600,0.2620,1.121,-595.014,-341.524,-,Skin,shape,000001D1AF7AEB00,2,0,1,0,-
706,18844.827,0.0000,impact,ragdoll,Proventus Avenicci,0001A67D,NPC R Thigh [RThg],2,35.785,35.785,47.408,728.605,4.893,6.0000,20.487,237.284,3499.283,231.060,-0.9726,-0.2261,0.0544,46.827,-659.155,-306.899,-,Skin,shape,000001D1AF7AF100,5,1,1,0,-
707,18844.828,0.0000,impact,ragdoll,Proventus Avenicci,0001A67D,NPC L Calf [LClf],5,35.785,35.785,47.408,791.495,4.407,6.0000,19.675,237.284,3499.283,231.060,-0.9726,-0.2261,0.0544,26.691,-676.491,-410.014,-,Skin,shape,000001D1AF7AEB00,2,1,1,0,-
708,18898.065,0.0000,impact,ragdoll,Proventus Avenicci,0001A67D,NPC R Hand [RHnd],17,607.938,607.938,552.740,821.382,5.251,4.0000,8.334,237.179,3384.861,141.821,0.0000,-0.1515,0.9885,127.560,-439.314,-682.202,Static,StoneStairs,shape,000001D1AB022B00,-,1,1,0,-
709,18914.536,0.0000,impact,ragdoll,Proventus Avenicci,0001A67D,NPC Spine2 [Spn2],9,555.768,555.768,561.378,836.868,6.227,7.0000,23.052,254.283,3414.280,158.590,0.0000,-0.0774,0.9970,46.245,-561.790,-618.548,Static,StoneStairs,shape,000001D1AB022B00,-,1,0,0,-
710,18914.537,0.0000,impact,ragdoll,Proventus Avenicci,0001A67D,NPC Spine2 [Spn2],9,573.695,573.695,561.754,836.868,6.227,7.0000,23.052,254.789,3410.498,158.315,0.0000,-0.0774,0.9970,46.245,-561.790,-618.548,Static,StoneStairs,shape,000001D1AB022B00,-,0,1,0,-
711,18914.538,0.0000,impact,ragdoll,Proventus Avenicci,0001A67D,NPC Neck [Neck],11,363.906,363.906,746.913,856.570,7.188,6.0000,8.431,261.665,3399.733,157.444,0.0000,-0.5026,0.8645,50.068,-486.027,-703.550,Static,StoneStairs,shape,000001D1AB022B00,-,1,0,0,-
712,18914.538,0.0000,impact,ragdoll,Proventus Avenicci,0001A67D,NPC Neck [Neck],11,363.906,363.906,746.914,856.570,7.188,6.0000,8.431,261.665,3399.733,157.444,0.0000,-0.5026,0.8645,50.068,-486.027,-703.550,Static,StoneStairs,shape,000001D1AB022B00,-,0,1,0,-
713,18915.100,0.0000,impact,ragdoll,Proventus Avenicci,0001A67D,NPC Spine2 [Spn2],9,7.289,7.289,704.094,748.739,8.291,7.0000,23.052,250.998,3399.879,157.491,0.0000,-0.1045,0.9945,50.145,-744.413,-62.809,Static,StoneStairs,shape,000001D1AB022B00,-,0,0,0,-
714,18915.100,0.0000,impact,ragdoll,Proventus Avenicci,0001A67D,NPC Spine2 [Spn2],9,20.325,20.325,703.839,748.739,8.291,7.0000,23.052,250.998,3399.879,157.491,0.0000,-0.0858,0.9963,50.145,-744.413,-62.809,Static,StoneStairs,shape,000001D1AB022B00,-,0,1,0,-
715,18915.104,0.0000,impact,ragdoll,Proventus Avenicci,0001A67D,NPC Head [Head],13,341.619,341.619,514.788,593.976,50.138,4.0000,15.108,268.331,3388.470,142.374,-0.0000,-0.1515,0.9885,-79.975,-428.965,-402.991,Static,StoneStairs,shape,000001D1AB022B00,-,1,0,0,-
716,18915.105,0.0000,impact,ragdoll,Proventus Avenicci,0001A67D,NPC L Forearm [LLar],14,522.358,522.358,547.005,740.465,12.601,2.0000,11.658,264.457,3432.033,168.830,0.0000,-0.0564,0.9984,24.984,-490.370,-554.259,Static,StoneStairs,shape,000001D1AB022B00,-,1,0,0,-
717,18915.105,0.0000,impact,ragdoll,Proventus Avenicci,0001A67D,NPC L Forearm [LLar],14,515.505,515.505,553.063,740.465,12.601,2.0000,11.658,261.690,3436.843,169.067,-0.0000,-0.0491,0.9988,24.984,-490.370,-554.259,Static,StoneStairs,shape,000001D1AB022B00,-,0,1,0,-
718,18931.573,0.0000,impact,ragdoll,Proventus Avenicci,0001A67D,NPC L Hand [LHnd],16,210.974,210.974,723.241,593.728,63.161,4.0000,8.334,257.294,3436.326,169.042,0.0000,-0.0491,0.9988,1.258,-543.737,-238.456,Static,StoneStairs,shape,000001D1AB022B00,-,1,1,0,-
719,18932.172,0.0000,impact,ragdoll,Proventus Avenicci,0001A67D,NPC L Thigh [LThg],1,112.209,112.209,463.281,793.594,5.644,6.0000,20.487,252.831,3430.643,173.795,-0.9549,-0.0886,0.2834,73.368,-728.799,-305.386,-,Skin,shape,000001D1AF7AC400,16,1,1,0,-
720,18932.173,0.0000,impact,ragdoll,Proventus Avenicci,0001A67D,NPC L Hand [LHnd],16,112.209,112.209,463.281,582.850,67.439,4.0000,8.334,252.831,3430.643,173.795,-0.9549,-0.0886,0.2834,25.462,-581.874,-22.097,-,Skin,shape,000001D1AF7AF400,1,1,1,0,-
721,18932.179,0.0000,impact,ragdoll,Proventus Avenicci,0001A67D,NPC Spine [Spn0],3,116.144,116.144,993.719,701.708,29.903,4.0000,17.297,240.208,3408.958,158.196,0.0000,-0.0774,0.9970,74.402,-665.740,-208.925,Static,StoneStairs,shape,000001D1AB022B00,-,1,1,0,-
722,18932.180,0.0000,impact,ragdoll,Proventus Avenicci,0001A67D,NPC R Calf [RClf],4,52.645,52.645,61.872,822.320,4.604,6.0000,19.675,242.868,3428.211,195.664,-0.7716,0.0403,0.6348,133.012,-709.056,-394.660,-,Skin,shape,000001D1AF7AF100,5,1,1,0,-
723,18932.180,0.0000,impact,ragdoll,Proventus Avenicci,0001A67D,NPC L Calf [LClf],5,52.645,52.645,61.872,743.956,5.591,6.0000,19.675,242.868,3428.211,195.664,-0.7716,0.0403,0.6348,60.521,-661.372,-335.253,-,Skin,shape,000001D1AF7AE800,4,1,1,0,-
724,18949.861,0.0000,impact,ragdoll,Proventus Avenicci,0001A67D,NPC COM [COM ],0,286.512,286.512,873.978,742.071,20.147,50.0000,17.687,235.928,3409.483,158.236,-0.0000,-0.0774,0.9970,-10.684,-650.737,-356.506,Static,StoneStairs,shape,000001D1AB022B00,-,1,1,0,-
725,18949.866,0.0000,impact,ragdoll,Proventus Avenicci,0001A67D,NPC R Thigh [RThg],2,91.305,91.305,80.801,759.164,5.573,6.0000,20.487,237.977,3427.940,184.119,-0.4967,-0.6263,0.6009,-2.029,-634.068,-417.471,-,Skin,shape,000001D1AF7AF400,1,0,1,0,-
726,18949.866,0.0000,impact,ragdoll,Proventus Avenicci,0001A67D,NPC L Thigh [LThg],1,91.305,91.305,80.801,757.155,1.971,6.0000,20.487,237.977,3427.940,184.119,-0.4967,-0.6263,0.6009,42.355,-686.546,-316.456,-,Skin,shape,000001D1AF7AEB00,2,0,1,0,-
727,18950.512,0.0000,impact,ragdoll,Proventus Avenicci,0001A67D,NPC R Hand [RHnd],17,99.401,99.401,62.965,486.884,12.705,4.0000,8.334,260.197,3364.650,150.989,-0.8394,-0.4903,-0.2344,183.921,-447.959,-50.615,-,Skin,shape,000001D1AF7AD600,13,1,1,0,-
728,18950.513,0.0000,impact,ragdoll,Proventus Avenicci,0001A67D,NPC Head [Head],13,99.401,99.401,62.965,552.482,27.357,4.0000,15.108,260.197,3364.650,150.989,-0.8394,-0.4903,-0.2344,111.213,-539.405,-43.716,-,Skin,shape,000001D1AF7ACD00,17,1,1,0,-
729,18965.085,0.0000,impact,ragdoll,Proventus Avenicci,0001A67D,NPC R Calf [RClf],4,110.643,110.643,571.690,704.901,13.938,6.0000,19.675,237.773,3416.950,181.622,-0.6236,-0.2549,0.7390,-145.216,-606.906,-327.815,-,Skin,shape,000001D1AF7AF400,1,1,1,0,-
730,18965.086,0.0000,impact,ragdoll,Proventus Avenicci,0001A67D,NPC L Thigh [LThg],1,110.643,110.643,571.690,362.635,9.862,6.0000,20.487,237.773,3416.950,181.622,-0.6236,-0.2549,0.7390,21.730,-331.684,144.975,-,Skin,shape,000001D1AF7AE800,4,1,1,0,-
731,18965.712,0.0000,impact,ragdoll,Proventus Avenicci,0001A67D,NPC R Calf [RClf],4,101.112,101.112,952.481,627.914,25.016,6.0000,19.675,254.617,3401.215,196.754,-0.6694,0.1726,0.7226,-203.454,-556.571,-207.632,-,Skin,shape,000001D1AF7AEE00,7,1,1,0,-
732,18965.712,0.0000,impact,ragdoll,Proventus Avenicci,0001A67D,NPC L Foot [Lft ],7,101.112,101.112,952.481,494.926,22.277,3.0000,10.011,254.617,3401.215,196.754,-0.6694,0.1726,0.7226,373.910,-305.046,109.954,-,Skin,shape,000001D1AF7AE800,4,1,1,0,-
733,18980.733,0.0000,impact,ragdoll,Proventus Avenicci,0001A67D,NPC L Thigh [LThg],1,16.600,16.600,473.209,627.886,18.946,6.0000,20.487,240.165,3399.780,157.467,-0.0000,-0.3678,0.9299,-29.778,-615.375,-121.109,Static,StoneStairs,shape,000001D1AB022B00,-,1,1,0,-
734,18980.738,0.0000,impact,ragdoll,Proventus Avenicci,0001A67D,NPC Spine2 [Spn2],9,81.183,81.183,77.897,632.385,9.973,7.0000,23.052,255.064,3348.561,149.237,0.0340,0.6614,0.7492,94.982,-575.168,-245.093,-,Skin,shape,000001D1AF7ACD00,17,1,1,0,-
735,18980.738,0.0000,impact,ragdoll,Proventus Avenicci,0001A67D,NPC R Hand [RHnd],17,81.183,81.183,77.897,604.275,7.113,4.0000,8.334,255.064,3348.561,149.237,0.0340,0.6614,0.7492,145.940,-570.622,-135.058,-,Skin,shape,000001D1AF7ADC00,9,1,1,0,-
736,19047.138,0.0000,impact,ragdoll,Proventus Avenicci,0001A67D,NPC L Thigh [LThg],1,36.762,36.762,168.318,607.861,7.220,6.0000,20.487,258.041,3360.814,163.048,-0.8703,-0.3115,0.3815,99.867,-589.558,-109.285,-,Skin,shape,000001D1AF7AC400,16,1,0,0,-
737,19047.138,0.0000,impact,ragdoll,Proventus Avenicci,0001A67D,NPC L Hand [LHnd],16,36.762,36.762,168.318,707.808,15.486,4.0000,8.334,258.041,3360.814,163.048,-0.8703,-0.3115,0.3815,34.205,-672.912,-216.821,-,Skin,shape,000001D1AF7AF400,1,1,0,0,-
738,19047.139,0.0000,impact,ragdoll,Proventus Avenicci,0001A67D,NPC L Thigh [LThg],1,36.328,36.328,168.777,607.861,7.220,6.0000,20.487,258.031,3360.803,162.976,-0.8700,-0.3122,0.3817,99.867,-589.558,-109.285,-,Skin,shape,000001D1AF7AC400,16,0,1,0,-
739,19047.139,0.0000,impact,ragdoll,Proventus Avenicci,0001A67D,NPC L Hand [LHnd],16,36.328,36.328,168.777,707.808,15.486,4.0000,8.334,258.031,3360.803,162.976,-0.8700,-0.3122,0.3817,34.205,-672.912,-216.821,-,Skin,shape,000001D1AF7AF400,1,0,1,0,-
740,19224.850,0.0000,impact,ragdoll,Proventus Avenicci,0001A67D,NPC Spine1 [Spn1],6,36.980,36.980,95.546,646.893,0.741,4.0000,18.878,270.166,3246.347,110.062,-0.6309,-0.7671,-0.1163,50.718,-587.424,-266.140,-,Skin,shape,000001D1AF7AC400,16,1,1,0,-
741,19224.850,0.0000,impact,ragdoll,Proventus Avenicci,0001A67D,NPC L Hand [LHnd],16,36.980,36.980,95.546,728.004,7.782,4.0000,8.334,270.166,3246.347,110.062,-0.6309,-0.7671,-0.1163,69.487,-639.234,-341.382,-,Skin,shape,000001D1AF7ADF00,6,1,1,0,-
742,19258.984,0.0000,impact,ragdoll,Proventus Avenicci,0001A67D,NPC L Forearm [LLar],14,44.519,44.519,41.547,673.221,4.518,2.0000,11.658,276.185,3219.096,106.271,0.2572,0.8941,0.3666,42.588,-597.519,-307.219,-,Skin,shape,000001D1AF7ADC00,9,1,1,0,-
743,19258.985,0.0000,impact,ragdoll,Proventus Avenicci,0001A67D,NPC Spine2 [Spn2],9,44.519,44.519,41.547,644.230,1.643,7.0000,23.052,276.185,3219.096,106.271,0.2572,0.8941,0.3666,60.520,-567.336,-299.163,-,Skin,shape,000001D1AF7AC700,14,1,1,0,-
744,19276.247,0.0000,impact,ragdoll,Proventus Avenicci,0001A67D,NPC L Hand [LHnd],16,56.664,56.664,29.078,714.850,8.805,4.0000,8.334,275.499,3210.307,95.923,0.1150,0.9927,-0.0375,83.723,-624.591,-337.471,-,Skin,shape,000001D1AF7ADC00,9,1,1,0,-
745,19276.248,0.0000,impact,ragdoll,Proventus Avenicci,0001A67D,NPC Spine2 [Spn2],9,56.664,56.664,29.078,648.647,1.552,7.0000,23.052,275.499,3210.307,95.923,0.1150,0.9927,-0.0375,62.058,-563.912,-314.476,-,Skin,shape,000001D1AF7AC400,16,1,1,0,-
746,19294.583,0.0000,impact,ragdoll,Proventus Avenicci,0001A67D,NPC R Hand [RHnd],17,310.295,310.295,566.503,647.435,7.182,4.0000,8.334,262.115,3171.279,27.241,0.0000,-0.1289,0.9917,-77.896,-517.996,-380.506,Static,StoneStairs,shape,000001D1AB022B00,-,1,1,0,-
747,19456.501,0.0000,impact,ragdoll,Proventus Avenicci,0001A67D,NPC Spine1 [Spn1],6,167.520,167.520,70.598,686.176,2.882,4.0000,18.878,261.279,3085.716,32.738,0.4244,0.8369,0.3456,35.641,-577.020,-369.616,-,Skin,shape,000001D1AF7AD000,15,1,1,0,-
748,19456.502,0.0000,impact,ragdoll,Proventus Avenicci,0001A67D,NPC R Forearm [RLar],15,167.520,167.520,70.598,566.229,14.528,6.0000,11.658,261.279,3085.716,32.738,0.4244,0.8369,0.3456,67.764,-510.354,-235.717,-,Skin,shape,000001D1AF7ADF00,6,1,1,0,-
749,19504.558,0.0000,impact,ragdoll,Proventus Avenicci,0001A67D,NPC R Hand [RHnd],17,401.613,414.667,618.299,719.034,7.174,4.0000,8.334,257.937,3050.306,-15.650,0.0000,-0.0000,1.0000,-25.447,-595.769,-401.772,Static,Wood,shape,000001D1ACAA9000,-,0,0,0,-
750,19518.667,0.0000,impact,ragdoll,Proventus Avenicci,0001A67D,NPC R Hand [RHnd],17,226.323,45.085,257.369,401.867,48.048,4.0000,8.334,257.646,3047.602,-15.650,0.0000,-0.0000,1.0000,-33.987,-386.928,-103.096,Static,Wood,shape,000001D1ACAA9000,-,0,0,0,-
751,19518.682,0.0000,impact,ragdoll,Proventus Avenicci,0001A67D,NPC Head [Head],13,454.366,455.092,559.932,714.257,2.782,4.0000,15.108,302.621,3044.090,-15.650,0.0000,-0.0000,1.0000,19.891,-551.807,-453.074,Static,Wood,shape,000001D1ACAA9000,-,0,0,0,-
752,19519.182,0.0000,impact,ragdoll,Proventus Avenicci,0001A67D,NPC Head [Head],13,156.915,167.052,453.386,514.673,30.163,4.0000,15.108,303.096,3041.530,-15.650,0.0000,0.0000,1.0000,179.289,-446.897,-181.734,Static,Wood,shape,000001D1ACAA9000,-,0,0,0,-
753,19533.419,0.0000,impact,ragdoll,Proventus Avenicci,0001A67D,NPC R UpperArm [RUar],12,306.381,306.381,484.713,705.575,15.505,2.0000,14.463,276.027,3032.628,-15.650,0.0000,0.0000,1.0000,-1.123,-645.331,-285.277,Static,Wood,shape,000001D1ACAA9000,-,1,1,0,-
754,19533.423,0.0000,impact,ragdoll,Proventus Avenicci,0001A67D,NPC R Forearm [RLar],15,54.162,54.162,275.507,581.424,28.999,6.0000,11.658,257.081,3037.746,-15.650,0.0000,0.0000,1.0000,-21.013,-556.753,-166.248,Static,Wood,shape,000001D1ACAA9000,-,1,1,0,-
755,19533.700,0.0000,impact,ragdoll,Proventus Avenicci,0001A67D,NPC Head [Head],13,192.177,183.762,414.845,428.525,41.492,4.0000,15.108,303.747,3039.093,-15.650,0.0000,-0.0000,1.0000,140.307,-364.510,-176.297,Static,Wood,shape,000001D1ACAA9000,-,0,0,0,-
756,19533.710,0.0000,impact,ragdoll,Proventus Avenicci,0001A67D,NPC L Hand [LHnd],16,472.530,489.054,605.594,757.116,7.792,4.0000,8.334,290.078,3062.187,-15.650,-0.0000,0.0000,1.0000,13.031,-585.212,-480.189,Static,Wood,shape,000001D1ACAA9000,-,0,0,0,-
757,19534.076,0.0000,impact,ragdoll,Proventus Avenicci,0001A67D,NPC R Thigh [RThg],2,426.236,426.236,193.893,750.633,6.646,6.0000,20.487,253.995,3043.104,-5.806,-0.3678,0.6453,0.6696,64.295,-590.665,-458.727,-,Skin,shape,000001D1AF7ACD00,17,1,1,0,-
758,19534.077,0.0000,impact,ragdoll,Proventus Avenicci,0001A67D,NPC R Hand [RHnd],17,426.236,426.236,193.893,497.439,18.934,4.0000,8.334,253.995,3043.104,-5.806,-0.3678,0.6453,0.6696,-120.253,-482.519,12.664,-,Skin,shape,000001D1AF7AEB00,2,1,1,0,-
759,19534.078,0.0000,impact,ragdoll,Proventus Avenicci,0001A67D,NPC Spine [Spn0],3,242.808,242.808,280.565,666.207,4.562,4.0000,17.297,257.742,3042.937,-5.776,0.4129,0.6106,0.6758,18.415,-537.986,-392.510,-,Skin,shape,000001D1AF7ACD00,17,1,1,0,-
760,19534.078,0.0000,impact,ragdoll,Proventus Avenicci,0001A67D,NPC R Hand [RHnd],17,242.808,242.808,280.565,497.439,18.934,4.0000,8.334,257.742,3042.937,-5.776,0.4129,0.6106,0.6758,-120.253,-482.519,12.664,-,Skin,shape,000001D1AF7AE200,3,1,1,0,-
761,19534.080,0.0000,impact,ragdoll,Proventus Avenicci,0001A67D,NPC Spine1 [Spn1],6,328.970,328.970,423.576,595.236,7.000,4.0000,18.878,286.509,3059.337,-7.536,-0.7495,-0.3724,0.5474,27.998,-482.594,-347.310,-,Skin,shape,000001D1AF7AC400,16,1,1,0,-
762,19534.080,0.0000,impact,ragdoll,Proventus Avenicci,0001A67D,NPC L Hand [LHnd],16,328.970,328.970,423.576,495.125,86.341,4.0000,8.334,286.509,3059.337,-7.536,-0.7495,-0.3724,0.5474,10.387,-410.255,277.004,-,Skin,shape,000001D1AF7ADF00,6,1,1,0,-
763,19534.080,0.0000,impact,ragdoll,Proventus Avenicci,0001A67D,NPC Spine1 [Spn1],6,78.258,78.258,305.435,595.236,7.000,4.0000,18.878,259.405,3041.589,-6.296,0.7471,0.3308,0.5766,27.998,-482.594,-347.310,-,Skin,shape,000001D1AF7ACD00,17,1,1,0,-
764,19534.081,0.0000,impact,ragdoll,Proventus Avenicci,0001A67D,NPC R Hand [RHnd],17,78.258,78.258,305.435,497.439,18.934,4.0000,8.334,259.405,3041.589,-6.296,0.7471,0.3308,0.5766,-120.253,-482.519,12.664,-,Skin,shape,000001D1AF7ADF00,6,1,1,0,-
765,19534.082,0.0000,impact,ragdoll,Proventus Avenicci,0001A67D,NPC Spine2 [Spn2],9,236.863,236.863,862.338,646.003,17.344,7.0000,23.052,286.130,3046.399,-15.650,-0.0000,0.0000,1.0000,91.275,-606.839,-201.830,Static,Wood,shape,000001D1ACAA9000,-,1,1,0,-
766,19534.084,0.0000,impact,ragdoll,Proventus Avenicci,0001A67D,NPC Neck [Neck],11,133.047,133.047,502.952,613.524,25.767,6.0000,8.431,296.785,3036.985,-15.650,-0.0000,-0.0000,1.0000,139.980,-582.399,-132.775,Static,Wood,shape,000001D1ACAA9000,-,1,1,0,-
767,19534.339,0.0000,impact,ragdoll,Proventus Avenicci,0001A67D,NPC Head [Head],13,175.447,161.642,461.164,345.589,55.855,4.0000,15.108,304.349,3036.405,-15.650,0.0000,0.0000,1.0000,21.325,-313.868,-143.051,Static,Wood,shape,000001D1ACAA9000,-,0,0,0,-
768,19534.346,0.0000,impact,ragdoll,Proventus Avenicci,0001A67D,NPC R Foot [Rft ],8,655.387,667.443,573.735,862.360,8.010,3.0000,10.011,194.027,3031.583,-15.650,0.0000,0.0000,1.0000,64.505,-564.140,-649.037,Static,Wood,shape,000001D1ACAA9000,-,0,0,0,-
769,19534.350,0.0000,impact,ragdoll,Proventus Avenicci,0001A67D,NPC R Hand [RHnd],17,277.580,385.403,963.288,844.192,49.890,4.0000,8.334,255.530,3035.225,-15.650,-0.0000,-0.0000,1.0000,-41.281,-771.308,-340.645,Static,Wood,shape,000001D1ACAA9000,-,0,0,0,-
770,19551.402,0.0000,impact,ragdoll,Proventus Avenicci,0001A67D,NPC Spine1 [Spn1],6,87.385,87.385,273.302,615.946,13.677,4.0000,18.878,264.416,3027.941,0.910,0.4699,0.8786,0.0855,96.479,-603.048,-80.093,-,Skin,shape,000001D1AF7AD000,15,1,1,0,-
771,19551.402,0.0000,impact,ragdoll,Proventus Avenicci,0001A67D,NPC R Forearm [RLar],15,87.385,87.385,273.302,559.132,26.887,6.0000,11.658,264.416,3027.941,0.910,0.4699,0.8786,0.0855,-28.641,-541.188,-137.564,-,Skin,shape,000001D1AF7ADF00,6,1,1,0,-
772,19551.697,0.0000,impact,ragdoll,Proventus Avenicci,0001A67D,NPC R Calf [RClf],4,636.658,606.451,703.501,649.091,23.669,6.0000,19.675,227.347,3038.573,-15.650,0.0000,0.0000,1.0000,12.168,-570.265,-309.788,Static,Wood,shape,000001D1ACAA9000,-,0,0,0,-
773,19551.710,0.0000,impact,ragdoll,Proventus Avenicci,0001A67D,NPC R Thigh [RThg],2,609.110,658.929,670.527,791.718,17.375,6.0000,20.487,231.873,3039.963,-15.650,0.0000,0.0000,1.0000,0.693,-594.973,-522.326,Static,Wood,shape,000001D1ACAA9000,-,0,0,0,-
774,19552.070,0.0000,impact,ragdoll,Proventus Avenicci,0001A67D,NPC COM [COM ],0,110.997,110.997,280.624,641.954,8.871,50.0000,17.687,255.042,3034.076,-7.925,0.1487,0.8720,0.4664,11.847,-544.521,-339.796,-,Skin,shape,000001D1AF7ACD00,17,1,1,0,-
775,19552.070,0.0000,impact,ragdoll,Proventus Avenicci,0001A67D,NPC R Hand [RHnd],17,110.997,110.997,280.624,558.549,34.232,4.0000,8.334,255.042,3034.076,-7.925,0.1487,0.8720,0.4664,-175.966,-526.691,-60.075,-,-,-,000001D1AF7AF700,0,1,1,0,-
776,19552.074,0.0000,impact,ragdoll,Proventus Avenicci,0001A67D,NPC R Calf [RClf],4,303.365,303.365,206.434,459.376,52.357,6.0000,19.675,202.954,3028.262,-15.650,-0.0000,0.0000,1.0000,-62.670,-447.798,81.089,Static,Wood,shape,000001D1ACAA9000,-,0,1,0,-
777,19552.354,0.0000,impact,ragdoll,Proventus Avenicci,0001A67D,NPC Head [Head],13,62.166,98.021,488.821,352.022,33.273,4.0000,15.108,304.408,3030.878,-15.650,0.0000,0.0000,1.0000,-11.732,-341.650,-84.007,Static,Wood,shape,000001D1ACAA9000,-,0,0,0,-
778,19564.160,0.0000,impact,ragdoll,Proventus Avenicci,0001A67D,NPC Spine [Spn0],3,246.874,246.874,792.401,613.460,20.045,4.0000,17.297,268.749,3044.770,-15.650,0.0000,0.0000,1.0000,179.992,-538.978,-231.169,Static,Wood,shape,000001D1ACAA9000,-,1,1,0,-
779,19564.166,0.0000,impact,ragdoll,Proventus Avenicci,0001A67D,NPC Spine1 [Spn1],6,11.179,11.179,454.590,568.169,20.963,4.0000,18.878,288.775,3049.209,-7.572,-0.7171,-0.5908,0.3698,126.997,-551.446,-50.947,-,Skin,shape,000001D1AF7AC400,16,1,1,0,-
780,19564.166,0.0000,impact,ragdoll,Proventus Avenicci,0001A67D,NPC L Hand [LHnd],16,11.179,11.179,454.590,441.990,19.723,4.0000,8.334,288.775,3049.209,-7.572,-0.7171,-0.5908,0.3698,102.148,-416.319,107.702,-,Skin,shape,000001D1AF7ADF00,6,1,1,0,-
781,19564.167,0.0000,impact,ragdoll,Proventus Avenicci,0001A67D,NPC Spine1 [Spn1],6,59.344,59.344,844.607,568.169,20.963,4.0000,18.878,276.962,3039.476,-15.650,0.0000,-0.0000,1.0000,126.997,-551.446,-50.947,Static,Wood,shape,000001D1ACAA9000,-,1,1,0,-
782,19564.450,0.0000,impact,ragdoll,Proventus Avenicci,0001A67D,NPC R Foot [Rft ],8,222.839,122.508,367.780,356.612,17.079,3.0000,10.011,191.357,3021.469,-15.650,-0.0000,-0.0000,1.0000,85.689,-336.914,-79.487,Static,Wood,shape,000001D1ACAA9000,-,0,0,0,-
783,19564.460,0.0000,impact,ragdoll,Proventus Avenicci,0001A67D,NPC R Hand [RHnd],17,52.042,149.051,790.967,669.037,41.099,4.0000,8.334,252.675,3024.777,-15.650,-0.0000,-0.0000,1.0000,-159.422,-648.594,-39.007,Static,Wood,shape,000001D1ACAA9000,-,0,0,0,-
784,19564.879,0.0000,impact,ragdoll,Proventus Avenicci,0001A67D,NPC COM [COM ],0,269.350,269.350,628.909,591.773,14.779,50.0000,17.687,260.710,3043.988,-15.650,-0.0000,0.0000,1.0000,24.497,-530.165,-261.764,Static,Wood,shape,000001D1ACAA9000,-,1,1,0,-
785,19564.883,0.0000,impact,ragdoll,Proventus Avenicci,0001A67D,NPC R Thigh [RThg],2,194.333,194.333,621.342,566.385,14.749,6.0000,20.487,252.682,3034.436,-15.650,-0.0000,0.0000,1.0000,44.206,-563.097,-41.946,Static,Wood,shape,000001D1ACAA9000,-,0,1,0,-
786,19581.277,0.0000,impact,ragdoll,Proventus Avenicci,0001A67D,NPC COM [COM ],0,83.881,83.881,266.526,433.691,18.101,50.0000,17.687,258.374,3034.971,-15.650,-0.0000,0.0000,1.0000,39.487,-430.327,-36.706,Static,Wood,shape,000001D1ACAA9000,-,0,1,0,-
787,19581.894,0.0000,impact,ragdoll,Proventus Avenicci,0001A67D,NPC Spine [Spn0],3,126.188,126.188,124.422,354.193,25.145,4.0000,17.297,266.111,3027.273,-15.650,0.0000,-0.0000,1.0000,-22.365,-348.312,-60.258,Static,Wood,shape,000001D1ACAA9000,-,0,1,0,-
788,19581.901,0.0000,impact,ragdoll,Proventus Avenicci,0001A67D,NPC R Forearm [RLar],15,187.831,187.831,599.414,574.940,13.733,6.0000,11.658,268.326,3004.294,-15.650,0.0000,-0.0000,1.0000,156.845,-540.327,-118.331,Static,Wood,shape,000001D1ACAA9000,-,0,1,0,-
789,19595.895,0.0000,impact,ragdoll,Proventus Avenicci,0001A67D,NPC Spine1 [Spn1],6,42.078,42.078,301.491,285.185,13.839,4.0000,18.878,275.639,3016.634,-15.650,0.0000,0.0000,1.0000,61.529,-278.345,-8.296,Static,Wood,shape,000001D1ACAA9000,-,0,1,0,-
790,19611.035,0.0000,impact,ragdoll,Proventus Avenicci,0001A67D,NPC L Forearm [LLar],14,25.005,25.005,256.542,512.207,11.057,2.0000,11.658,295.906,3024.375,1.536,0.5304,0.8140,-0.2368,84.258,-500.922,65.834,-,Skin,shape,000001D1AF7ADC00,9,1,1,0,-
791,19611.035,0.0000,impact,ragdoll,Proventus Avenicci,0001A67D,NPC Spine2 [Spn2],9,25.005,25.005,256.542,364.568,13.479,7.0000,23.052,295.906,3024.375,1.536,0.5304,0.8140,-0.2368,-15.145,-349.878,101.321,-,Skin,shape,000001D1AF7AC700,14,1,1,0,-
792,19611.715,0.0000,impact,ragdoll,Proventus Avenicci,0001A67D,NPC R Hand [RHnd],17,173.152,124.556,772.368,667.012,32.405,4.0000,8.334,255.590,2985.354,-15.650,0.0000,0.0000,1.0000,201.073,-631.793,-72.890,Static,Wood,shape,000001D1ACAA9000,-,0,0,0,-
793,19628.259,0.0000,impact,ragdoll,Proventus Avenicci,0001A67D,NPC R Hand [RHnd],17,108.969,148.688,543.086,409.724,51.919,4.0000,8.334,256.554,2978.519,-15.650,-0.0000,-0.0000,1.0000,35.269,-385.550,-134.094,Static,Wood,shape,000001D1ACAA9000,-,0,0,0,-
794,19644.066,0.0000,impact,ragdoll,Proventus Avenicci,0001A67D,NPC R Thigh [RThg],2,11.459,11.459,317.118,335.345,5.046,6.0000,20.487,240.570,3020.007,2.418,0.3100,-0.8083,-0.5006,-6.496,-332.034,46.559,-,Skin,shape,000001D1AF7AF400,1,0,1,0,-
795,19644.067,0.0000,impact,ragdoll,Proventus Avenicci,0001A67D,NPC L Thigh [LThg],1,11.459,11.459,317.118,436.051,11.592,6.0000,20.487,240.570,3020.007,2.418,0.3100,-0.8083,-0.5006,17.109,-400.409,171.816,-,Skin,shape,000001D1AF7AEB00,2,0,1,0,-
796,19645.004,0.0000,impact,ragdoll,Proventus Avenicci,0001A67D,NPC R Hand [RHnd],17,82.376,109.044,409.925,430.343,22.314,4.0000,8.334,256.806,2973.114,-15.650,-0.0000,0.0000,1.0000,28.949,-414.292,-112.779,Static,Wood,shape,000001D1ACAA9000,-,0,0,0,-
797,19660.711,0.0000,impact,ragdoll,Proventus Avenicci,0001A67D,NPC R Hand [RHnd],17,54.935,74.720,451.856,433.407,27.890,4.0000,8.334,256.779,2966.292,-15.650,-0.0000,-0.0000,1.0000,-9.376,-427.268,-72.079,Static,Wood,shape,000001D1ACAA9000,-,0,0,0,-
798,19696.481,0.0000,impact,ragdoll,Proventus Avenicci,0001A67D,NPC R Hand [RHnd],17,32.685,-11.310,382.749,405.819,19.170,4.0000,8.334,255.842,2955.697,-15.650,0.0000,-0.0000,1.0000,-19.509,-405.274,-7.817,Static,Wood,shape,000001D1ACAA9000,-,0,0,0,-
799,19749.040,0.0000,impact,ragdoll,Proventus Avenicci,0001A67D,NPC R Thigh [RThg],2,22.260,22.260,569.393,454.199,10.074,6.0000,20.487,234.462,2964.456,-15.650,0.0000,0.0000,1.0000,16.778,-453.037,27.810,Static,Wood,shape,000001D1ACAA9000,-,1,1,0,-
800,19749.581,0.0000,impact,ragdoll,Proventus Avenicci,0001A67D,NPC R Calf [RClf],4,23.996,23.996,547.501,418.076,7.039,6.0000,19.675,231.074,2957.633,-15.650,0.0000,0.0000,1.0000,76.221,-411.069,0.755,Static,Wood,shape,000001D1ACAA9000,-,1,1,0,-
801,19781.273,0.0000,impact,ragdoll,Proventus Avenicci,0001A67D,NPC R Hand [RHnd],17,10.679,10.679,460.018,410.768,15.146,4.0000,8.334,255.093,2928.008,-15.653,0.0000,0.0000,1.0000,-1.449,-410.745,-4.120,Static,Wood,shape,000001D1ACAA9000,-,1,1,0,-
802,19811.836,0.0000,impact,ragdoll,Proventus Avenicci,0001A67D,NPC L Foot [Lft ],7,240.136,240.136,428.321,446.926,7.916,3.0000,10.011,189.931,2954.145,-15.650,0.0000,0.0000,1.0000,-21.685,-380.600,-233.274,Static,Wood,shape,000001D1ACAA9000,-,1,1,0,-
803,19812.342,0.0000,impact,ragdoll,Proventus Avenicci,0001A67D,NPC R Calf [RClf],4,7.065,7.065,508.379,437.285,4.030,6.0000,19.675,236.845,2925.567,-15.650,0.0000,0.0000,1.0000,63.719,-432.305,-16.461,Static,Wood,shape,000001D1AAFB4100,-,1,1,0,-
804,19812.343,0.0000,impact,ragdoll,Proventus Avenicci,0001A67D,NPC L Calf [LClf],5,86.672,86.672,428.960,450.543,11.099,6.0000,19.675,200.167,2954.415,-15.650,0.0000,0.0000,1.0000,-10.172,-410.193,-186.084,Static,Wood,shape,000001D1ACAA9000,-,1,1,0,-
805,19828.060,0.0000,impact,ragdoll,Proventus Avenicci,0001A67D,NPC L Foot [Lft ],7,10.699,10.699,251.865,302.560,11.378,3.0000,10.011,182.299,2948.223,-9.028,1.0000,-0.0000,-0.0000,-5.631,-297.201,-56.413,Static,Stone,shape,000001D1AB172E00,-,1,1,0,-
806,19841.718,0.0000,impact,ragdoll,Proventus Avenicci,0001A67D,NPC L Thigh [LThg],1,110.566,110.566,531.674,469.003,5.214,6.0000,20.487,230.954,2938.411,-15.650,-0.0000,0.0000,1.0000,15.828,-460.686,-86.493,Static,Wood,shape,000001D1ACAA9000,-,1,1,0,-
807,19841.720,0.0000,impact,ragdoll,Proventus Avenicci,0001A67D,NPC L Calf [LClf],5,120.845,120.845,498.609,447.611,6.898,6.0000,19.675,226.156,2937.566,-15.650,0.0000,-0.0000,1.0000,66.018,-433.438,-90.160,Static,Wood,shape,000001D1ACAA9000,-,0,1,0,-
808,19870.855,0.0000,impact,ragdoll,Proventus Avenicci,0001A67D,NPC L Calf [LClf],5,72.779,72.779,394.057,324.264,8.114,6.0000,19.675,226.145,2927.540,-15.650,-0.0000,-0.0000,1.0000,4.661,-322.349,-34.878,Static,Wood,shape,000001D1AAFB4100,-,1,1,0,-
809,19870.856,0.0000,impact,ragdoll,Proventus Avenicci,0001A67D,NPC L Calf [LClf],5,75.622,75.622,393.943,324.264,8.114,6.0000,19.675,226.145,2928.028,-15.651,0.0000,0.0000,1.0000,4.661,-322.349,-34.878,Static,Wood,shape,000001D1ACAA9000,-,0,1,0,-
810,19886.353,0.0000,impact,ragdoll,Proventus Avenicci,0001A67D,NPC R Thigh [RThg],2,8.977,8.977,485.589,433.501,3.823,6.0000,20.487,239.630,2895.566,-15.650,-0.0000,-0.0000,1.0000,-36.920,-430.624,-33.513,Static,Wood,shape,000001D1AAFB4100,-,1,1,0,-
811,19903.243,0.0000,impact,ragdoll,Proventus Avenicci,0001A67D,NPC R Hand [RHnd],17,11.905,11.905,360.929,374.716,4.060,4.0000,8.334,257.758,2875.516,-14.120,0.0000,0.0000,1.0000,20.038,-373.987,-11.985,Static,Carpet,shape,000001D1AB089900,-,1,1,0,-
812,19903.680,0.0000,impact,ragdoll,Proventus Avenicci,0001A67D,NPC R Thigh [RThg],2,30.711,30.711,432.792,416.602,2.457,6.0000,20.487,238.440,2885.565,-14.120,-0.0000,0.0000,1.0000,-44.113,-411.366,-48.886,Static,Carpet,shape,000001D1AB089900,-,1,1,0,-
813,19921.055,0.0000,impact,ragdoll,Proventus Avenicci,0001A67D,NPC L Foot [Lft ],7,17.992,17.992,306.529,295.024,1.825,3.0000,10.011,191.538,2927.750,-15.830,0.0000,0.0000,1.0000,-25.102,-293.945,-2.216,Static,Wood,shape,000001D1ACAA9000,-,0,1,0,-
814,19921.059,0.0000,impact,ragdoll,Proventus Avenicci,0001A67D,NPC L Hand [LHnd],16,93.805,93.805,327.012,337.882,5.359,4.0000,8.334,306.930,2909.291,-15.650,-0.0000,0.0000,1.0000,-109.509,-305.573,-93.793,Static,Wood,shape,000001D1AAFB4100,-,1,1,0,-
815,19937.309,0.0000,impact,ragdoll,Proventus Avenicci,0001A67D,NPC L Thigh [LThg],1,205.259,205.259,287.479,377.157,5.585,6.0000,20.487,228.566,2902.131,-14.222,0.0000,0.6047,0.7965,-26.553,-373.492,-45.232,Static,Carpet,shape,000001D1AB089900,-,1,1,0,-
816,19953.226,0.0000,impact,ragdoll,Proventus Avenicci,0001A67D,NPC COM [COM ],0,94.451,94.451,427.185,422.460,3.833,50.0000,17.687,252.730,2897.234,-14.120,0.0000,-0.0000,1.0000,-4.589,-411.746,-94.429,Static,Carpet,shape,000001D1AB089900,-,1,1,0,-
817,19953.232,0.0000,impact,ragdoll,Proventus Avenicci,0001A67D,NPC Spine [Spn0],3,83.599,83.599,444.221,423.266,2.001,4.0000,17.297,259.819,2897.351,-14.120,0.0000,0.0000,1.0000,-14.051,-415.396,-80.017,Static,Carpet,shape,000001D1AB089900,-,1,1,0,-
818,19953.238,0.0000,impact,ragdoll,Proventus Avenicci,0001A67D,NPC L Hand [LHnd],16,34.885,34.885,314.391,292.132,7.110,4.0000,8.334,304.904,2901.861,-14.121,0.0000,0.0663,0.9978,-74.700,-281.966,-16.016,Static,Carpet,shape,000001D1AB089900,-,1,1,0,-
819,19953.758,0.0000,impact,ragdoll,Proventus Avenicci,0001A67D,NPC L Calf [LClf],5,5.905,5.905,270.492,188.927,7.407,6.0000,19.675,198.364,2909.969,-15.650,0.0000,-0.0000,1.0000,25.032,-182.268,42.953,Static,Wood,shape,000001D1AAFB4100,-,0,1,0,-
820,20003.190,0.0000,impact,ragdoll,Proventus Avenicci,0001A67D,NPC COM [COM ],0,25.678,25.678,327.017,312.110,3.807,50.0000,17.687,251.286,2878.994,-14.120,0.0000,0.0000,1.0000,-6.006,-311.282,-21.916,Static,Carpet,shape,000001D1AB089900,-,1,1,0,-
821,20038.355,0.0000,impact,ragdoll,Proventus Avenicci,0001A67D,NPC R Forearm [RLar],15,38.048,38.048,541.593,381.246,14.802,6.0000,11.658,260.064,2822.540,-14.120,0.0000,-0.0000,1.0000,-15.223,-364.608,-110.355,Static,Carpet,shape,000001D1AB089900,-,1,1,0,-
822,20054.633,0.0000,impact,ragdoll,Proventus Avenicci,0001A67D,NPC COM [COM ],0,30.089,30.089,248.324,285.609,3.123,50.0000,17.687,250.900,2861.230,-15.650,-0.0000,0.0000,1.0000,0.448,-284.776,-21.799,Static,Wood,shape,000001D1AAFB4100,-,0,1,0,-
823,20070.622,0.0000,impact,ragdoll,Proventus Avenicci,0001A67D,NPC COM [COM ],0,35.735,35.735,114.415,241.679,11.647,50.0000,17.687,250.810,2856.870,-14.120,-0.0000,-0.0000,1.0000,-3.414,-241.638,-2.802,Static,Carpet,shape,000001D1AB089900,-,0,1,0,-
824,20070.628,0.0000,impact,ragdoll,Proventus Avenicci,0001A67D,NPC Spine [Spn0],3,25.304,25.304,222.736,295.108,5.086,4.0000,17.297,256.698,2854.836,-14.120,0.0000,0.0000,1.0000,-14.048,-294.638,-8.943,Static,Carpet,shape,000001D1AB089900,-,0,1,0,-
825,20087.904,0.0000,impact,ragdoll,Proventus Avenicci,0001A67D,NPC R UpperArm [RUar],12,134.194,134.194,274.991,312.563,8.729,2.0000,14.463,281.242,2827.592,-14.120,0.0000,-0.0000,1.0000,-34.242,-288.653,-114.902,Static,Carpet,shape,000001D1AB089900,-,1,1,0,-
826,20121.517,0.0000,impact,ragdoll,Proventus Avenicci,0001A67D,NPC L Thigh [LThg],1,43.640,43.640,241.452,257.524,3.065,6.0000,20.487,228.122,2857.336,-15.650,-0.0000,-0.0000,1.0000,15.968,-255.401,-28.881,Static,Wood,shape,000001D1AAFB4100,-,1,1,0,-
827,20153.886,0.0000,impact,ragdoll,Proventus Avenicci,0001A67D,NPC R Thigh [RThg],2,44.593,44.593,123.042,206.885,6.414,6.0000,20.487,229.989,2844.470,-5.568,0.2286,-0.9735,0.0115,-41.707,-202.507,7.261,-,Skin,shape,000001D1AF7AF400,1,0,1,0,-
828,20153.887,0.0000,impact,ragdoll,Proventus Avenicci,0001A67D,NPC L Thigh [LThg],1,44.593,44.593,123.042,244.084,3.654,6.0000,20.487,229.989,2844.470,-5.568,0.2286,-0.9735,0.0115,13.344,-242.886,-20.138,-,Skin,shape,000001D1AF7AEB00,2,0,1,0,-
829,20153.891,0.0000,impact,ragdoll,Proventus Avenicci,0001A67D,NPC L Calf [LClf],5,5.845,5.845,210.390,248.787,3.819,6.0000,19.675,223.355,2852.615,-15.650,-0.0000,0.0000,1.0000,2.853,-247.431,-25.787,Static,Wood,shape,000001D1AAFB4100,-,1,1,0,-
830,20153.895,0.0000,impact,ragdoll,Proventus Avenicci,0001A67D,NPC R UpperArm [RUar],12,37.822,37.822,314.090,303.586,2.919,2.0000,14.463,279.338,2808.898,-15.650,-0.0000,-0.0000,1.0000,-30.186,-300.653,-29.349,Static,Wood,shape,000001D1AAFB4100,-,1,1,0,-
831,20170.374,0.0000,impact,ragdoll,Proventus Avenicci,0001A67D,NPC R Thigh [RThg],2,24.815,24.815,235.164,240.213,1.224,6.0000,20.487,243.176,2828.017,-15.650,-0.0000,-0.0000,1.0000,-28.425,-238.155,-13.287,Static,Wood,shape,000001D1AAFB4100,-,0,1,0,-
832,20170.376,0.0000,impact,ragdoll,Proventus Avenicci,0001A67D,NPC L Calf [LClf],5,15.517,15.517,213.883,233.205,1.783,6.0000,19.675,209.038,2847.144,-15.675,0.0000,0.0000,1.0000,2.709,-232.986,-9.722,Static,Wood,shape,000001D1AAFB4100,-,0,1,0,-
833,20187.561,0.0000,impact,ragdoll,Proventus Avenicci,0001A67D,NPC Spine2 [Spn2],9,62.133,62.133,303.592,271.268,2.250,7.0000,23.052,277.567,2820.506,-14.120,0.0000,0.0000,1.0000,2.274,-265.537,-55.421,Static,Carpet,shape,000001D1AB089900,-,1,1,0,-
834,20187.564,0.0000,impact,ragdoll,Proventus Avenicci,0001A67D,NPC Head [Head],13,94.063,94.063,279.758,285.379,2.557,4.0000,15.108,296.772,2809.595,-14.120,0.0000,-0.0000,1.0000,-12.394,-269.107,-94.177,Static,Carpet,shape,000001D1AB089900,-,1,1,0,-
835,20219.760,0.0000,impact,ragdoll,Proventus Avenicci,0001A67D,NPC R Thigh [RThg],2,12.278,12.278,207.803,204.098,3.527,6.0000,20.487,238.549,2817.458,-15.650,0.0000,0.0000,1.0000,10.499,-203.375,-13.573,Static,Wood,shape,000001D1AAFB4100,-,0,1,0,-
836,20219.764,0.0000,impact,ragdoll,Proventus Avenicci,0001A67D,NPC L Calf [LClf],5,19.173,19.173,192.585,233.764,4.262,6.0000,19.675,221.066,2835.131,-15.679,0.0000,0.0000,1.0000,-10.920,-233.349,-8.641,Static,Wood,shape,000001D1AAFB4100,-,0,1,0,-
837,20237.198,0.0000,impact,ragdoll,Proventus Avenicci,0001A67D,NPC Spine [Spn0],3,41.783,41.783,143.055,202.186,6.438,4.0000,17.297,253.726,2813.199,-15.650,-0.0000,-0.0000,1.0000,-7.442,-198.899,-35.543,Static,Wood,shape,000001D1AAFB4100,-,1,1,0,-
838,20237.202,0.0000,impact,ragdoll,Proventus Avenicci,0001A67D,NPC Spine1 [Spn1],6,29.183,29.183,222.495,232.361,3.708,4.0000,18.878,265.407,2812.704,-14.120,0.0000,-0.0000,1.0000,12.405,-229.011,-37.308,Static,Carpet,shape,000001D1AB089900,-,1,1,0,-
839,20270.402,0.0000,impact,ragdoll,Proventus Avenicci,0001A67D,NPC R Calf [RClf],4,40.674,40.674,195.528,208.380,1.777,6.0000,19.675,216.114,2800.370,-15.650,0.0000,0.0000,1.0000,-25.706,-201.833,-44.998,Static,Wood,shape,000001D1AAFB4100,-,1,1,0,-
840,20270.958,0.0000,impact,ragdoll,Proventus Avenicci,0001A67D,NPC L Thigh [LThg],1,6.225,6.225,185.188,202.287,2.046,6.0000,20.487,230.335,2825.531,-15.663,0.0000,0.0000,1.0000,-3.867,-201.936,-11.277,Static,Wood,shape,000001D1AAFB4100,-,0,1,0,-
841,20270.966,0.0000,impact,ragdoll,Proventus Avenicci,0001A67D,NPC L Hand [LHnd],16,39.815,39.815,7.584,253.798,3.492,4.0000,8.334,282.108,2807.661,-2.549,0.3903,0.7173,-0.5772,-2.828,-253.782,0.165,-,Skin,shape,000001D1AF7ADC00,9,1,1,0,-
842,20270.967,0.0000,impact,ragdoll,Proventus Avenicci,0001A67D,NPC Spine2 [Spn2],9,39.815,39.815,7.584,200.681,1.869,7.0000,23.052,282.108,2807.661,-2.549,0.3903,0.7173,-0.5772,-0.867,-200.678,0.536,-,Skin,shape,000001D1AF7AC400,16,1,1,0,-
843,20288.341,0.0000,impact,ragdoll,Proventus Avenicci,0001A67D,NPC Spine [Spn0],3,22.461,22.461,172.027,195.637,2.348,4.0000,17.297,253.207,2801.959,-15.650,0.0000,0.0000,1.0000,11.069,-194.658,-16.105,Static,Wood,shape,000001D1AAFB4100,-,1,1,0,-
844,20320.632,0.0000,impact,ragdoll,Proventus Avenicci,0001A67D,NPC Spine [Spn0],3,5.165,5.165,189.350,195.258,1.781,4.0000,17.297,256.653,2799.236,-15.659,0.0000,0.0000,1.0000,-0.053,-195.216,-4.066,Static,Wood,shape,000001D1AAFB4100,-,0,1,0,-
845,20320.640,0.0000,impact,ragdoll,Proventus Avenicci,0001A67D,NPC L Forearm [LLar],14,13.878,13.878,14.944,219.540,1.162,2.0000,11.658,283.670,2798.979,1.989,0.4862,0.8485,-0.2089,9.265,-219.307,-4.021,-,Skin,shape,000001D1AF7ADC00,9,1,1,0,-
846,20320.640,0.0000,impact,ragdoll,Proventus Avenicci,0001A67D,NPC Spine2 [Spn2],9,13.878,13.878,14.944,203.534,1.679,7.0000,23.052,283.670,2798.979,1.989,0.4862,0.8485,-0.2089,5.463,-203.293,-8.243,-,Skin,shape,000001D1AF7AC700,14,1,1,0,-
847,20353.156,0.0000,impact,ragdoll,Proventus Avenicci,0001A67D,NPC Spine [Spn0],3,10.360,10.360,211.864,202.267,1.090,4.0000,17.297,259.387,2796.495,-15.660,0.0000,0.0000,1.0000,-4.940,-202.175,-3.607,Static,Wood,shape,000001D1AAFB4100,-,0,1,0,-
848,20371.019,0.0000,impact,ragdoll,Proventus Avenicci,0001A67D,NPC L Thigh [LThg],1,11.134,11.134,180.641,205.838,1.831,6.0000,20.487,252.481,2803.331,-15.676,0.0000,0.0000,1.0000,-2.820,-205.662,-8.033,Static,Wood,shape,000001D1AAFB4100,-,0,1,0,-
849,20487.749,0.0000,impact,ragdoll,Proventus Avenicci,0001A67D,NPC Spine1 [Spn1],6,9.355,9.355,213.585,203.063,1.188,4.0000,18.878,265.831,2762.544,-15.650,0.0000,-0.0000,1.0000,-6.565,-202.877,-5.687,Static,Wood,shape,000001D1AAFB4100,-,1,1,0,-
850,20539.522,0.0000,impact,ragdoll,Proventus Avenicci,0001A67D,NPC R Foot [Rft ],8,211.165,211.165,165.326,263.323,6.527,3.0000,10.011,183.132,2732.529,-15.650,0.0000,0.0000,1.0000,-12.540,-174.085,-197.171,Static,Wood,shape,000001D1AAFB4100,-,1,1,0,-
851,20639.727,0.0000,impact,ragdoll,Proventus Avenicci,0001A67D,NPC R Thigh [RThg],2,6.577,6.577,203.089,203.636,0.313,6.0000,20.487,219.761,2728.459,-14.120,-0.0398,0.0000,0.9992,-12.655,-203.188,-4.704,Static,Carpet,shape,000001D1AB089900,-,0,1,0,-
852,20870.002,0.0000,impact,ragdoll,Proventus Avenicci,0001A67D,NPC R Forearm [RLar],15,5.297,5.297,202.805,200.528,1.062,6.0000,11.658,259.729,2630.411,-15.678,-0.0000,-0.0000,1.0000,-24.951,-198.754,-9.262,Static,Wood,shape,000001D1ACB97400,-,1,1,0,-
853,20886.582,0.0000,impact,ragdoll,Proventus Avenicci,0001A67D,NPC L Hand [LHnd],16,21.633,21.633,34.834,207.611,0.378,4.0000,8.334,287.842,2673.035,-4.831,-0.3337,0.8636,-0.3780,-5.483,-207.538,-0.231,-,Skin,shape,000001D1AF7AD600,13,1,1,0,-
854,20886.582,0.0000,impact,ragdoll,Proventus Avenicci,0001A67D,NPC Head [Head],13,21.633,21.633,34.834,211.205,1.288,4.0000,15.108,287.842,2673.035,-4.831,-0.3337,0.8636,-0.3780,-23.582,-206.348,-38.362,-,Skin,shape,000001D1AF7AC400,16,1,1,0,-
855,20970.630,0.0000,impact,ragdoll,Proventus Avenicci,0001A67D,NPC R Calf [RClf],4,8.114,8.114,204.464,207.878,1.002,6.0000,19.675,186.293,2647.324,-15.687,0.0000,0.0000,1.0000,-15.000,-206.955,-12.562,Static,Wood,shape,000001D1ACB97400,-,0,1,0,-
856,21003.176,0.0000,impact,ragdoll,Proventus Avenicci,0001A67D,NPC COM [COM ],0,16.628,16.628,210.593,208.517,0.251,50.0000,17.687,241.170,2671.995,-15.655,0.0000,0.0000,1.0000,-19.298,-207.023,-15.758,Static,Wood,shape,000001D1AAFB4100,-,1,1,0,-
857,21106.560,0.0000,impact,ragdoll,Proventus Avenicci,0001A67D,NPC R Hand [RHnd],17,81.495,81.495,185.504,214.318,5.104,4.0000,8.334,252.858,2578.205,-23.657,0.0000,0.0000,1.0000,13.964,-197.708,-81.539,Static,WoodStairs,shape,000001D1ACB97400,-,1,1,0,-
858,21141.871,0.0000,impact,ragdoll,Proventus Avenicci,0001A67D,NPC L Calf [LClf],5,8.970,8.970,211.296,215.540,1.466,6.0000,19.675,192.746,2646.146,-15.747,0.0000,0.0000,1.0000,-20.002,-214.592,-2.737,Static,Wood,shape,000001D1ACB97400,-,0,1,0,-
859,21240.630,0.0000,impact,ragdoll,Proventus Avenicci,0001A67D,NPC L Hand [LHnd],16,28.845,28.845,34.852,220.263,1.155,4.0000,8.334,280.705,2600.494,-7.204,-0.3130,0.8973,-0.3113,-0.282,-220.262,-0.292,-,Skin,shape,000001D1AF7AD600,13,1,1,0,-
860,21240.631,0.0000,impact,ragdoll,Proventus Avenicci,0001A67D,NPC Head [Head],13,28.845,28.845,34.852,225.501,1.782,4.0000,15.108,280.705,2600.494,-7.204,-0.3130,0.8973,-0.3113,-20.151,-216.347,-60.319,-,Skin,shape,000001D1AF7AC400,16,1,1,0,-
861,21272.422,0.0000,impact,ragdoll,Proventus Avenicci,0001A67D,NPC R UpperArm [RUar],12,65.324,65.324,213.046,231.790,1.832,2.0000,14.463,264.678,2576.092,-23.657,-0.0000,-0.0166,0.9999,-37.245,-217.031,-72.366,Static,WoodStairs,shape,000001D1ACB97400,-,1,0,0,-
862,21272.423,0.0000,impact,ragdoll,Proventus Avenicci,0001A67D,NPC R UpperArm [RUar],12,46.771,46.771,217.873,231.790,1.832,2.0000,14.463,264.678,2576.092,-23.657,-0.0000,-0.1045,0.9945,-37.245,-217.031,-72.366,Static,WoodStairs,shape,000001D1ACB97400,-,0,1,0,-
863,21305.317,0.0000,impact,ragdoll,Proventus Avenicci,0001A67D,NPC R Foot [Rft ],8,98.958,98.958,209.770,241.729,1.895,3.0000,10.011,171.105,2577.008,-23.657,-0.0000,-0.0000,1.0000,-13.116,-221.247,-96.493,Static,WoodStairs,shape,000001D1ACB97400,-,1,1,0,-
864,21305.840,0.0000,impact,ragdoll,Proventus Avenicci,0001A67D,NPC R Foot [Rft ],8,51.694,51.694,203.729,220.039,4.598,3.0000,10.011,165.382,2575.271,-19.036,1.0000,-0.0000,0.0000,-42.753,-215.838,-1.849,Static,Wood,shape,000001D1ACB97400,-,1,0,0,-
865,21388.431,0.0000,impact,ragdoll,Proventus Avenicci,0001A67D,NPC L Hand [LHnd],16,105.218,105.218,222.392,252.511,2.075,4.0000,8.334,273.812,2578.073,-23.657,-0.0000,-0.0000,1.0000,-30.560,-227.481,-105.263,Static,WoodStairs,shape,000001D1ACB97400,-,1,1,0,-
866,21404.798,0.0000,impact,ragdoll,Proventus Avenicci,0001A67D,NPC R UpperArm [RUar],12,79.585,79.585,242.246,262.271,0.832,2.0000,14.463,258.541,2543.979,-37.661,-0.0000,-0.1809,0.9835,-27.777,-229.724,-123.457,Static,WoodStairs,shape,000001D1ACB97400,-,1,1,0,-
867,21405.414,0.0000,impact,ragdoll,Proventus Avenicci,0001A67D,NPC Spine [Spn0],3,26.398,26.398,246.699,254.405,0.733,4.0000,17.297,236.921,2576.000,-23.671,-0.0000,-0.2803,0.9599,-24.847,-234.909,-94.458,Static,WoodStairs,shape,000001D1ACB97400,-,1,0,0,-
868,21405.414,0.0000,impact,ragdoll,Proventus Avenicci,0001A67D,NPC Spine [Spn0],3,26.398,26.398,246.699,254.405,0.733,4.0000,17.297,236.921,2576.000,-23.671,-0.0000,-0.2803,0.9599,-24.847,-234.909,-94.458,Static,WoodStairs,shape,000001D1ACB97400,-,0,1,0,-
869,21437.442,0.0000,impact,ragdoll,Proventus Avenicci,0001A67D,NPC COM [COM ],0,15.030,15.030,255.920,259.857,0.430,50.0000,17.687,230.787,2575.980,-23.677,-0.0000,-0.3354,0.9421,-21.811,-238.712,-100.331,Static,WoodStairs,shape,000001D1ACB97400,-,1,0,0,-
870,21437.443,0.0000,impact,ragdoll,Proventus Avenicci,0001A67D,NPC COM [COM ],0,15.030,15.030,255.920,259.857,0.430,50.0000,17.687,230.787,2575.980,-23.677,-0.0000,-0.3354,0.9421,-21.811,-238.712,-100.331,Static,WoodStairs,shape,000001D1ACB97400,-,0,1,0,-
871,21438.095,0.0000,impact,ragdoll,Proventus Avenicci,0001A67D,NPC R Foot [Rft ],8,23.139,23.139,256.824,248.640,1.792,3.0000,10.011,165.363,2544.965,-16.142,0.9945,-0.0000,0.1045,-2.753,-232.611,-87.784,Static,Wood,shape,000001D1ACB97400,-,0,1,0,-
872,21455.828,0.0000,impact,ragdoll,Proventus Avenicci,0001A67D,NPC L Thigh [LThg],1,71.500,71.500,233.652,253.032,1.420,6.0000,20.487,218.884,2576.149,-23.661,-0.0000,-0.1045,0.9945,-19.541,-234.275,-93.588,Static,WoodStairs,shape,000001D1ACB97400,-,1,1,0,-
873,21486.867,0.0000,impact,ragdoll,Proventus Avenicci,0001A67D,NPC L Foot [Lft ],7,29.284,29.284,275.947,249.783,4.000,3.0000,10.011,165.382,2581.285,-16.193,1.0000,-0.0000,-0.0000,-25.534,-238.283,-70.433,Static,Wood,shape,000001D1ACB97400,-,1,1,0,-
874,21487.497,0.0000,impact,ragdoll,Proventus Avenicci,0001A67D,NPC R Foot [Rft ],8,5.407,5.407,282.705,268.428,2.262,3.0000,10.011,165.355,2533.018,-20.563,1.0000,-0.0000,0.0000,-5.315,-243.483,-112.877,Static,Wood,shape,000001D1ACB97400,-,0,1,0,-
875,21487.499,0.0000,impact,ragdoll,Proventus Avenicci,0001A67D,NPC Spine2 [Spn2],9,65.638,65.638,254.742,286.277,1.521,7.0000,23.052,257.534,2543.953,-37.667,-0.0000,-0.2538,0.9672,-24.596,-252.540,-132.563,Static,WoodStairs,shape,000001D1ACB97400,-,1,1,0,-
876,21503.487,0.0000,impact,ragdoll,Proventus Avenicci,0001A67D,NPC R Thigh [RThg],2,127.375,127.375,220.702,267.741,1.737,6.0000,20.487,202.273,2544.460,-37.655,0.0000,0.0000,1.0000,-19.491,-238.331,-120.431,Static,WoodStairs,shape,000001D1ACB97400,-,1,1,0,-
877,21503.489,0.0000,impact,ragdoll,Proventus Avenicci,0001A67D,NPC Spine1 [Spn1],6,85.442,85.442,256.380,266.693,3.174,4.0000,18.878,244.717,2544.001,-37.658,-0.0000,-0.1162,0.9932,-9.149,-241.950,-111.810,Static,WoodStairs,shape,000001D1ACB97400,-,1,1,0,-
878,21503.490,0.0000,impact,ragdoll,Proventus Avenicci,0001A67D,NPC L Foot [Lft ],7,19.523,19.523,156.351,205.571,6.319,3.0000,10.011,170.310,2576.655,-23.657,0.0000,0.0000,1.0000,-10.449,-202.158,-35.813,Static,WoodStairs,shape,000001D1ACB97400,-,0,1,0,-
879,21520.770,0.0000,impact,ragdoll,Proventus Avenicci,0001A67D,NPC R UpperArm [RUar],12,47.551,47.551,239.045,252.190,2.032,2.0000,14.463,252.475,2511.959,-51.667,-0.0000,-0.2766,0.9610,-51.349,-221.022,-110.056,Static,WoodStairs,shape,000001D1ACB97400,-,1,1,0,-
880,21535.926,0.0000,impact,ragdoll,Proventus Avenicci,0001A67D,NPC R Hand [RHnd],17,147.684,147.684,191.942,257.462,5.054,4.0000,8.334,239.742,2488.852,-65.652,-0.0000,-0.0000,1.0000,-21.107,-209.757,-147.795,Static,WoodStairs,shape,000001D1ACB97400,-,1,1,0,-
881,21536.469,0.0000,impact,ragdoll,Proventus Avenicci,0001A67D,NPC R UpperArm [RUar],12,50.408,50.408,192.525,177.949,4.881,2.0000,14.463,254.339,2511.963,-51.666,-0.0000,-0.2659,0.9640,23.342,-152.082,-89.397,Static,WoodStairs,shape,000001D1ACB97400,-,0,1,0,-
882,21555.310,0.0000,impact,ragdoll,Proventus Avenicci,0001A67D,NPC R Calf [RClf],4,32.988,32.988,259.918,278.044,4.058,6.0000,19.675,165.382,2517.080,-29.918,1.0000,0.0000,-0.0000,-16.598,-266.837,-76.362,Static,Wood,shape,000001D1ACB97400,-,1,1,0,-
883,21586.680,0.0000,impact,ragdoll,Proventus Avenicci,0001A67D,NPC L Foot [Lft ],7,12.043,12.043,262.706,282.461,3.115,3.0000,10.011,165.267,2557.743,-16.288,0.9945,-0.0000,0.1045,-0.608,-256.286,-118.748,Static,Wood,shape,000001D1ACB97400,-,0,1,0,-
884,21604.795,0.0000,impact,ragdoll,Proventus Avenicci,0001A67D,NPC L Foot [Lft ],7,14.275,14.275,263.518,291.299,2.574,3.0000,10.011,165.283,2546.263,-16.272,0.9945,-0.0000,0.1045,3.578,-258.196,-134.822,Static,Wood,shape,000001D1ACB97400,-,0,1,0,-
885,21653.631,0.0000,impact,ragdoll,Proventus Avenicci,0001A67D,NPC COM [COM ],0,167.162,167.162,279.740,314.058,1.496,50.0000,17.687,226.896,2517.843,-51.654,0.0000,0.0000,1.0000,-6.169,-263.795,-170.313,Static,WoodStairs,shape,000001D1ACB97400,-,1,1,0,-
886,21653.636,0.0000,impact,ragdoll,Proventus Avenicci,0001A67D,NPC Spine [Spn0],3,158.391,158.391,278.101,309.124,1.495,4.0000,17.297,233.692,2512.854,-51.654,0.0000,0.0000,1.0000,-4.679,-263.265,-161.947,Static,WoodStairs,shape,000001D1ACB97400,-,1,1,0,-
887,21670.641,0.0000,impact,ragdoll,Proventus Avenicci,0001A67D,NPC L Hand [LHnd],16,89.960,89.960,297.921,312.618,4.355,4.0000,8.334,271.814,2511.963,-51.666,-0.0000,-0.2646,0.9644,-17.054,-264.457,-165.837,Static,WoodStairs,shape,000001D1ACB97400,-,1,0,0,-
888,21670.643,0.0000,impact,ragdoll,Proventus Avenicci,0001A67D,NPC L Hand [LHnd],16,89.960,89.960,297.921,312.618,4.355,4.0000,8.334,271.814,2511.963,-51.666,-0.0000,-0.2646,0.9644,-17.054,-264.457,-165.837,Static,WoodStairs,shape,000001D1ACB97400,-,0,1,0,-
889,21705.816,0.0000,impact,ragdoll,Proventus Avenicci,0001A67D,NPC L Calf [LClf],5,143.971,143.971,271.816,347.232,3.917,6.0000,19.675,201.604,2518.890,-51.654,-0.0000,-0.0000,1.0000,9.086,-290.529,-189.948,Static,WoodStairs,shape,000001D1ACB97400,-,1,1,0,-
890,21705.819,0.0000,impact,ragdoll,Proventus Avenicci,0001A67D,NPC L Foot [Lft ],7,245.639,245.639,314.463,399.051,3.777,3.0000,10.011,172.078,2522.468,-51.654,0.0000,-0.0000,1.0000,9.111,-314.785,-245.090,Static,WoodStairs,shape,000001D1ACB97400,-,0,1,0,-
891,21724.006,0.0000,impact,ragdoll,Proventus Avenicci,0001A67D,NPC L Thigh [LThg],1,42.775,42.775,173.578,292.623,14.395,6.0000,20.487,206.537,2512.755,-51.654,0.0000,0.0000,1.0000,-14.569,-290.487,-32.141,Static,WoodStairs,shape,000001D1ACB97400,-,1,1,0,-
892,21724.009,0.0000,impact,ragdoll,Proventus Avenicci,0001A67D,NPC L Calf [LClf],5,41.568,41.568,147.806,278.943,16.031,6.0000,19.675,189.768,2512.070,-51.654,-0.0000,-0.1045,0.9945,-19.720,-273.041,-53.565,Static,WoodStairs,shape,000001D1ACB97400,-,0,1,0,-
893,21724.010,0.0000,impact,ragdoll,Proventus Avenicci,0001A67D,NPC L Foot [Lft ],7,55.510,55.510,173.135,232.377,10.900,3.0000,10.011,172.486,2512.173,-51.674,-0.0000,-0.1045,0.9945,-2.097,-229.230,-38.058,Static,WoodStairs,shape,000001D1ACB97400,-,0,1,0,-
894,21740.116,0.0000,impact,ragdoll,Proventus Avenicci,0001A67D,NPC L Calf [LClf],5,27.442,27.442,255.622,274.467,12.335,6.0000,19.675,165.382,2508.403,-43.485,1.0000,0.0000,-0.0000,-26.194,-272.820,-14.669,Static,Wood,shape,000001D1ACB97400,-,1,0,0,-
895,21740.130,0.0000,impact,ragdoll,Proventus Avenicci,0001A67D,NPC R Hand [RHnd],17,189.224,189.224,275.459,334.492,16.466,4.0000,8.334,226.481,2440.183,-79.650,0.0000,0.0000,1.0000,-52.159,-270.863,-189.203,Static,Wood,shape,000001D1AC915600,-,1,1,0,-
896,21775.100,0.0000,impact,ragdoll,Proventus Avenicci,0001A67D,NPC R Hand [RHnd],17,7.093,7.093,281.371,250.039,7.658,4.0000,8.334,223.171,2432.023,-79.652,0.0000,0.0000,1.0000,-123.295,-217.467,-5.050,Static,Wood,shape,000001D1AC915600,-,1,1,0,-
897,21775.102,0.0000,impact,ragdoll,Proventus Avenicci,0001A67D,NPC R Hand [RHnd],17,5.125,5.125,282.031,250.039,7.658,4.0000,8.334,223.171,2431.568,-79.650,0.0000,-0.0000,1.0000,-123.295,-217.467,-5.050,Static,Wood,shape,000001D1AC8FBA00,-,1,1,0,-
898,21809.588,0.0000,impact,ragdoll,Proventus Avenicci,0001A67D,NPC R Forearm [RLar],15,21.632,21.632,273.219,268.773,4.555,6.0000,11.658,225.844,2429.615,-79.650,-0.0000,-0.0000,1.0000,-74.436,-254.869,-41.708,Static,Wood,shape,000001D1AC8FBA00,-,1,1,0,-
899,21810.137,0.0000,impact,ragdoll,Proventus Avenicci,0001A67D,NPC R Foot [Rft ],8,143.070,143.070,275.980,298.075,4.019,3.0000,10.011,170.593,2452.124,-79.650,0.0000,0.0000,1.0000,13.975,-263.840,-137.992,Static,Wood,shape,000001D1AC915600,-,1,1,0,-
900,21810.140,0.0000,impact,ragdoll,Proventus Avenicci,0001A67D,NPC R Forearm [RLar],15,10.462,10.462,250.614,254.369,4.405,6.0000,11.658,227.812,2431.934,-79.672,0.0000,0.0000,1.0000,-67.070,-244.420,-21.535,Static,Wood,shape,000001D1AC915600,-,1,1,0,-
901,21829.162,0.0000,impact,ragdoll,Proventus Avenicci,0001A67D,NPC R UpperArm [RUar],12,83.884,83.884,284.078,278.923,3.918,2.0000,14.463,247.010,2445.118,-79.650,0.0000,-0.0000,1.0000,-45.876,-266.373,-68.841,Static,Wood,shape,000001D1AC915600,-,1,1,0,-
902,21829.632,0.0000,impact,ragdoll,Proventus Avenicci,0001A67D,NPC Head [Head],13,154.684,154.684,288.740,316.806,4.276,4.0000,15.108,267.921,2443.983,-79.650,0.0000,-0.0000,1.0000,-41.283,-273.393,-154.655,Static,Wood,shape,000001D1AC915600,-,1,1,0,-
903,21844.653,0.0000,impact,ragdoll,Proventus Avenicci,0001A67D,NPC R UpperArm [RUar],12,21.050,21.050,254.665,262.668,1.580,2.0000,14.463,239.451,2432.101,-79.658,0.0000,0.0000,1.0000,-62.258,-254.535,-18.167,Static,Wood,shape,000001D1AC8FBA00,-,1,1,0,-
904,21844.657,0.0000,impact,ragdoll,Proventus Avenicci,0001A67D,NPC R Forearm [RLar],15,44.367,44.367,272.359,265.616,1.991,6.0000,11.658,234.196,2431.892,-79.691,0.0000,0.0000,1.0000,-72.522,-253.785,-29.756,Static,Wood,shape,000001D1AC915600,-,1,1,0,-
905,21845.179,0.0000,impact,ragdoll,Proventus Avenicci,0001A67D,NPC R Foot [Rft ],8,163.618,163.618,248.344,276.482,6.058,3.0000,10.011,160.365,2437.916,-77.578,0.8382,0.4913,0.2370,-14.898,-274.423,-30.210,Static,Wood,shape,000001D1AB184100,-,1,1,0,-
906,21876.848,0.0000,impact,ragdoll,Proventus Avenicci,0001A67D,NPC R UpperArm [RUar],12,7.323,7.323,374.747,339.570,4.596,2.0000,14.463,245.805,2431.921,-79.677,0.0000,0.0000,1.0000,3.624,-339.545,1.923,Static,Wood,shape,000001D1AC915600,-,1,1,0,-
907,21876.850,0.0000,impact,ragdoll,Proventus Avenicci,0001A67D,NPC Head [Head],13,9.091,9.091,224.587,261.282,4.324,4.0000,15.108,268.268,2432.074,-79.653,0.0000,0.0000,1.0000,20.505,-260.460,-2.924,Static,Wood,shape,000001D1AC8FBA00,-,1,1,0,-
908,21877.751,0.0000,impact,ragdoll,Proventus Avenicci,0001A67D,NPC L Hand [LHnd],16,167.451,167.451,313.069,326.808,8.087,4.0000,8.334,270.345,2452.480,-79.650,0.0000,0.0000,1.0000,-4.105,-280.687,-167.336,Static,Wood,shape,000001D1AC915600,-,1,1,0,-
909,21893.894,0.0000,impact,ragdoll,Proventus Avenicci,0001A67D,NPC R Foot [Rft ],8,15.908,15.908,391.895,293.722,13.577,3.0000,10.011,174.479,2431.893,-79.690,0.0000,0.0000,1.0000,42.507,-290.611,3.332,Static,Wood,shape,000001D1AC915600,-,1,1,0,-
910,21924.820,0.0000,impact,ragdoll,Proventus Avenicci,0001A67D,NPC R Thigh [RThg],2,104.733,104.733,368.584,309.697,6.725,6.0000,20.487,203.646,2431.865,-79.650,0.0000,0.0000,1.0000,-9.126,-289.358,-110.004,Static,Wood,shape,000001D1AC8FBA00,-,1,1,0,-
911,21924.822,0.0000,impact,ragdoll,Proventus Avenicci,0001A67D,NPC R Calf [RClf],4,98.572,98.572,367.525,282.857,7.020,6.0000,19.675,199.094,2429.962,-79.650,0.0000,0.0000,1.0000,-6.315,-275.912,-61.972,Static,Wood,shape,000001D1AC8FBA00,-,1,1,0,-
912,21956.232,0.0000,impact,ragdoll,Proventus Avenicci,0001A67D,NPC R Thigh [RThg],2,95.700,95.700,339.249,276.739,7.013,6.0000,20.487,208.215,2431.858,-79.712,0.0000,0.0000,1.0000,-10.138,-267.488,-70.227,Static,Wood,shape,000001D1AC915600,-,1,1,0,-
913,21971.623,0.0000,impact,ragdoll,Proventus Avenicci,0001A67D,NPC COM [COM ],0,177.507,177.507,317.853,319.442,4.140,50.0000,17.687,231.101,2434.287,-79.650,0.0000,0.0000,1.0000,5.452,-272.099,-167.259,Static,Wood,shape,000001D1AC915600,-,1,1,0,-
914,21971.627,0.0000,impact,ragdoll,Proventus Avenicci,0001A67D,NPC L Thigh [LThg],1,190.298,190.298,322.705,344.401,4.860,6.0000,20.487,229.318,2437.838,-79.650,-0.0000,-0.0000,1.0000,6.898,-278.022,-203.147,Static,Wood,shape,000001D1AC915600,-,1,1,0,-
915,21987.583,0.0000,impact,ragdoll,Proventus Avenicci,0001A67D,NPC L Thigh [LThg],1,167.491,167.491,295.309,239.446,9.374,6.0000,20.487,207.295,2439.389,-79.650,0.0000,0.0000,1.0000,-15.225,-225.072,-80.283,Static,Wood,shape,000001D1AC915600,-,0,1,0,-
916,21987.589,0.0000,impact,ragdoll,Proventus Avenicci,0001A67D,NPC Spine2 [Spn2],9,27.157,27.157,293.788,283.035,1.587,7.0000,23.052,257.235,2413.964,-79.650,0.0000,0.0000,1.0000,3.849,-282.038,-23.416,Static,Wood,shape,000001D1AC8FBA00,-,1,1,0,-
917,21987.592,0.0000,impact,ragdoll,Proventus Avenicci,0001A67D,NPC L Forearm [LLar],14,25.192,25.192,268.521,267.397,4.743,2.0000,11.658,273.709,2425.838,-79.650,0.0000,-0.0000,1.0000,0.827,-263.674,-44.458,Static,Wood,shape,000001D1AC8FBA00,-,1,1,0,-
918,22002.576,0.0000,impact,ragdoll,Proventus Avenicci,0001A67D,NPC COM [COM ],0,29.458,29.458,131.124,213.506,8.149,50.0000,17.687,228.215,2424.207,-79.650,0.0000,0.0000,1.0000,-13.127,-212.879,-9.751,Static,Wood,shape,000001D1AC8FBA00,-,0,1,0,-
919,22002.584,0.0000,impact,ragdoll,Proventus Avenicci,0001A67D,NPC Spine1 [Spn1],6,44.469,44.469,189.315,251.277,11.932,4.0000,18.878,246.796,2418.190,-79.650,-0.0000,-0.0000,1.0000,55.445,-230.872,-82.246,Static,Wood,shape,000001D1AC8FBA00,-,1,1,0,-
920,22002.591,0.0000,impact,ragdoll,Proventus Avenicci,0001A67D,NPC L Hand [LHnd],16,108.924,108.924,99.688,270.424,3.488,4.0000,8.334,255.807,2419.260,-70.745,0.9322,0.1107,-0.3446,-30.729,-268.673,-0.003,-,Skin,shape,000001D1AF7ADF00,6,1,1,0,-
921,22002.591,0.0000,impact,ragdoll,Proventus Avenicci,0001A67D,NPC Spine1 [Spn1],6,108.924,108.924,99.688,251.277,11.932,4.0000,18.878,255.807,2419.260,-70.745,0.9322,0.1107,-0.3446,55.445,-230.872,-82.246,-,Skin,shape,000001D1AF7AC400,16,1,1,0,-
922,22003.052,0.0000,impact,ragdoll,Proventus Avenicci,0001A67D,NPC R Calf [RClf],4,119.054,119.054,158.346,265.963,14.661,6.0000,19.675,196.984,2408.891,-79.650,0.0000,-0.0000,1.0000,6.957,-258.576,-61.855,Static,Wood,shape,000001D1AC8FBA00,-,1,1,0,-
923,22003.059,0.0000,impact,ragdoll,Proventus Avenicci,0001A67D,NPC L Foot [Lft ],7,198.428,198.428,294.945,356.613,7.817,3.0000,10.011,173.252,2437.867,-79.650,0.0000,0.0000,1.0000,-25.571,-295.957,-197.303,Static,Wood,shape,000001D1AC915600,-,1,1,0,-
924,22019.919,0.0000,impact,ragdoll,Proventus Avenicci,0001A67D,NPC L Foot [Lft ],7,54.152,54.152,147.840,248.533,18.360,3.0000,10.011,172.797,2432.249,-79.729,0.0000,0.0000,1.0000,-49.613,-241.579,-30.772,Static,Wood,shape,000001D1AC8FBA00,-,1,1,0,-
925,22020.541,0.0000,impact,ragdoll,Proventus Avenicci,0001A67D,NPC L Thigh [LThg],1,17.992,17.992,161.924,227.679,10.318,6.0000,20.487,207.290,2431.980,-79.658,0.0000,0.0000,1.0000,-28.921,-225.131,-17.810,Static,Wood,shape,000001D1AC915600,-,1,1,0,-
926,22020.542,0.0000,impact,ragdoll,Proventus Avenicci,0001A67D,NPC L Thigh [LThg],1,34.173,34.173,161.762,227.679,10.318,6.0000,20.487,207.290,2430.314,-79.650,0.0000,0.0000,1.0000,-28.921,-225.131,-17.810,Static,Wood,shape,000001D1AC8FBA00,-,1,1,0,-
927,22020.545,0.0000,impact,ragdoll,Proventus Avenicci,0001A67D,NPC L Calf [LClf],5,24.260,24.260,135.280,260.815,14.831,6.0000,19.675,202.029,2432.013,-79.653,0.0000,0.0000,1.0000,-21.769,-256.213,-43.654,Static,Wood,shape,000001D1AC915600,-,1,1,0,-
928,22020.545,0.0000,impact,ragdoll,Proventus Avenicci,0001A67D,NPC L Calf [LClf],5,36.591,36.591,135.275,260.815,14.831,6.0000,19.675,202.029,2431.176,-79.650,0.0000,-0.0000,1.0000,-21.769,-256.213,-43.654,Static,Wood,shape,000001D1AC8FBA00,-,1,1,0,-
929,22254.595,0.0000,impact,ragdoll,Proventus Avenicci,0001A67D,NPC R UpperArm [RUar],12,37.335,37.335,219.789,253.526,4.791,2.0000,14.463,249.876,2327.932,-79.650,0.0000,-0.0000,1.0000,-30.659,-249.674,-31.595,Static,Wood,shape,000001D1AC8FBA00,-,1,1,0,-
930,22422.608,0.0000,impact,ragdoll,Proventus Avenicci,0001A67D,NPC Spine [Spn0],3,51.645,51.645,273.619,257.419,1.976,4.0000,17.297,235.212,2323.878,-79.650,-0.0000,0.0000,1.0000,0.964,-253.307,-45.820,Static,Wood,shape,000001D1AC8FBA00,-,1,1,0,-
931,22457.079,0.0000,impact,ragdoll,Proventus Avenicci,0001A67D,NPC Spine1 [Spn1],6,18.569,18.569,238.646,253.382,2.799,4.0000,18.878,243.227,2309.535,-79.650,-0.0000,-0.0000,1.0000,11.929,-251.625,-27.299,Static,Wood,shape,000001D1AC8FBA00,-,1,1,0,-
932,23103.647,0.0000,impact,ragdoll,Proventus Avenicci,0001A67D,NPC L Foot [Lft ],7,13.438,13.438,243.124,243.251,0.058,3.0000,10.011,147.164,2171.189,-75.233,1.0000,-0.0000,-0.0000,-13.330,-242.884,0.860,Static,Wood,shape,000001D1AAF8F100,-,1,1,0,-
933,23811.127,0.0000,impact,ragdoll,Proventus Avenicci,0001A67D,NPC R Foot [Rft ],8,141.792,141.792,220.217,263.023,0.319,3.0000,10.011,144.946,1951.164,-76.465,0.8383,0.5031,0.2100,-11.563,-262.767,1.075,Static,Wood,shape,000001D1AB122E00,-,1,1,0,-
934,23828.629,0.0000,impact,ragdoll,Proventus Avenicci,0001A67D,NPC R Foot [Rft ],8,114.168,114.168,209.135,232.522,15.291,3.0000,10.011,146.347,1945.787,-69.541,0.8382,0.4913,0.2370,47.431,-213.073,80.102,Static,Wood,shape,000001D1AB122E00,-,0,0,0,-
935,23828.630,0.0000,impact,ragdoll,Proventus Avenicci,0001A67D,NPC R Foot [Rft ],8,140.025,140.025,224.263,232.522,15.291,3.0000,10.011,144.821,1947.135,-66.923,0.8627,0.5057,0.0077,47.431,-213.073,80.102,Static,Wood,shape,000001D1AB122E00,-,0,1,0,-
936,23843.676,0.0000,impact,ragdoll,Proventus Avenicci,0001A67D,NPC R Thigh [RThg],2,17.420,17.420,11.403,246.979,1.582,6.0000,20.487,189.768,1980.452,-72.475,0.4264,-0.9036,0.0417,-19.011,-245.953,12.020,-,Skin,shape,000001D1AF7AF400,1,0,1,0,-
937,23843.676,0.0000,impact,ragdoll,Proventus Avenicci,0001A67D,NPC L Thigh [LThg],1,17.420,17.420,11.403,259.916,0.353,6.0000,20.487,189.768,1980.452,-72.475,0.4264,-0.9036,0.0417,2.332,-259.899,-1.745,-,Skin,shape,000001D1AF7AEB00,2,0,1,0,-
938,23843.685,0.0000,impact,ragdoll,Proventus Avenicci,0001A67D,NPC R Foot [Rft ],8,12.913,12.913,261.637,259.363,7.709,3.0000,10.011,148.906,1942.233,-71.007,0.8382,0.4913,0.2370,71.253,-217.760,121.543,Static,Wood,shape,000001D1AB122E00,-,0,1,0,-
939,23860.355,0.0000,impact,ragdoll,Proventus Avenicci,0001A67D,NPC R Foot [Rft ],8,132.379,132.379,336.466,312.639,8.609,3.0000,10.011,150.508,1939.693,-71.274,0.8382,0.4913,0.2370,-3.368,-278.677,141.671,Static,Wood,shape,000001D1AB122E00,-,0,0,0,-
940,23860.356,0.0000,impact,ragdoll,Proventus Avenicci,0001A67D,NPC R Foot [Rft ],8,145.979,145.979,333.043,312.639,8.609,3.0000,10.011,150.516,1939.935,-71.812,0.8383,0.5031,0.2100,-3.368,-278.677,141.671,Static,Wood,shape,000001D1AB122E00,-,0,1,0,-
941,23875.379,0.0000,impact,ragdoll,Proventus Avenicci,0001A67D,NPC R Foot [Rft ],8,195.116,195.116,357.046,342.248,14.275,3.0000,10.011,151.592,1935.648,-66.807,0.8627,0.5057,0.0077,-11.043,-293.771,175.245,Static,Wood,shape,000001D1AB122E00,-,0,1,0,-
942,23890.921,0.0000,impact,ragdoll,Proventus Avenicci,0001A67D,NPC R Foot [Rft ],8,13.796,13.796,313.393,308.075,3.318,3.0000,10.011,152.621,1933.886,-66.086,0.8627,0.5057,0.0077,132.322,-237.656,144.640,Static,Wood,shape,000001D1AB122E00,-,0,1,0,-
943,23923.132,0.0000,impact,ragdoll,Proventus Avenicci,0001A67D,NPC L Forearm [LLar],14,7.218,7.218,16.340,272.132,1.291,2.0000,11.658,248.742,1945.268,-66.962,0.9108,0.3371,-0.2384,12.641,-271.768,-6.191,-,Skin,shape,000001D1AF7ADC00,9,1,1,0,-
944,23923.132,0.0000,impact,ragdoll,Proventus Avenicci,0001A67D,NPC Spine2 [Spn2],9,7.218,7.218,16.340,269.056,0.323,7.0000,23.052,248.742,1945.268,-66.962,0.9108,0.3371,-0.2384,13.285,-268.725,-1.096,-,Skin,shape,000001D1AF7AC700,14,1,1,0,-
945,23940.084,0.0000,impact,ragdoll,Proventus Avenicci,0001A67D,NPC R Foot [Rft ],8,7.203,7.203,564.581,420.335,23.522,3.0000,10.011,158.290,1923.924,-53.419,0.8627,0.5057,0.0077,206.917,-234.238,281.069,Static,Wood,shape,000001D1AB122E00,-,1,0,0,-
946,23958.779,0.0000,impact,ragdoll,Proventus Avenicci,0001A67D,NPC L Foot [Lft ],7,119.555,119.555,233.370,262.712,0.610,3.0000,10.011,143.790,1952.768,-75.694,0.8383,0.5031,0.2100,10.840,-262.021,15.654,Static,Wood,shape,000001D1AB122E00,-,1,1,0,-
947,23992.572,0.0000,impact,ragdoll,Proventus Avenicci,0001A67D,NPC L Calf [LClf],5,116.810,116.810,242.367,272.312,1.003,6.0000,19.675,150.500,1940.085,-72.095,0.8383,0.5031,0.2100,14.324,-271.559,14.296,Static,Wood,shape,000001D1AB122E00,-,1,1,0,-
948,24010.522,0.0000,impact,ragdoll,Proventus Avenicci,0001A67D,NPC L Foot [Lft ],7,23.222,23.222,203.355,207.711,6.328,3.0000,10.011,149.684,1941.137,-71.357,0.8382,0.4913,0.2370,41.873,-168.057,114.662,Static,Wood,shape,000001D1AB122E00,-,0,1,0,-
949,24011.098,0.0000,impact,ragdoll,Proventus Avenicci,0001A67D,NPC R Hand [RHnd],17,62.477,62.477,262.614,270.663,0.424,4.0000,8.334,201.710,1874.547,-78.084,-0.5149,0.2092,0.8314,11.471,-270.420,-0.001,Static,Carpet,shape,000001D1AB0D9000,-,1,1,0,-
950,24029.119,0.0000,impact,ragdoll,Proventus Avenicci,0001A67D,NPC L Foot [Lft ],7,27.115,27.115,132.976,144.720,5.470,3.0000,10.011,151.207,1937.396,-68.984,0.8382,0.4913,0.2370,22.716,-118.210,80.338,Static,Wood,shape,000001D1AB122E00,-,0,0,0,-
951,24029.120,0.0000,impact,ragdoll,Proventus Avenicci,0001A67D,NPC L Foot [Lft ],7,19.531,19.531,141.815,144.720,5.470,3.0000,10.011,148.965,1942.136,-70.883,0.8383,0.5031,0.2100,22.716,-118.210,80.338,Static,Wood,shape,000001D1AB122E00,-,0,1,0,-
952,24044.452,0.0000,impact,ragdoll,Proventus Avenicci,0001A67D,NPC L Foot [Lft ],7,9.576,9.576,154.937,162.317,2.918,3.0000,10.011,148.800,1942.365,-70.776,0.8383,0.5031,0.2100,47.871,-138.893,69.020,Static,Wood,shape,000001D1AB122E00,-,0,1,0,-
953,24045.003,0.0000,impact,ragdoll,Proventus Avenicci,0001A67D,NPC L Calf [LClf],5,70.376,70.376,148.092,198.384,1.942,6.0000,19.675,153.565,1932.280,-66.466,0.8627,0.5057,0.0077,18.107,-191.153,49.886,Static,Wood,shape,000001D1AB122E00,-,0,1,0,-
954,24061.568,0.0000,impact,ragdoll,Proventus Avenicci,0001A67D,NPC R UpperArm [RUar],12,121.019,121.019,254.889,280.611,0.866,2.0000,14.463,222.810,1874.674,-78.057,0.0000,0.4634,0.8861,22.856,-279.621,5.679,Static,Carpet,shape,000001D1AB0D9000,-,1,1,0,-
955,24095.537,0.0000,impact,ragdoll,Proventus Avenicci,0001A67D,NPC L Calf [LClf],5,12.821,12.821,78.446,192.592,6.452,6.0000,19.675,156.473,1927.299,-66.679,0.8382,0.4913,0.2370,33.070,-187.359,29.911,Static,Wood,shape,000001D1AB122E00,-,0,1,0,-
956,24111.510,0.0000,impact,ragdoll,Proventus Avenicci,0001A67D,NPC L Thigh [LThg],1,5.999,5.999,304.454,286.609,3.179,6.0000,20.487,210.951,1919.967,-79.658,0.0000,0.0000,1.0000,28.025,-284.801,15.736,Static,Wood,shape,000001D1AC8FBA00,-,0,1,0,-
957,24128.425,0.0000,impact,ragdoll,Proventus Avenicci,0001A67D,NPC L Foot [Lft ],7,21.545,21.545,171.559,209.653,7.612,3.0000,10.011,156.248,1927.688,-66.688,0.8382,0.4913,0.2370,98.685,-184.963,1.987,Static,Wood,shape,000001D1AB122E00,-,0,1,0,-
958,24129.023,0.0000,impact,ragdoll,Proventus Avenicci,0001A67D,NPC L Thigh [LThg],1,6.731,6.731,251.725,259.507,2.471,6.0000,20.487,193.074,1919.942,-79.665,0.0000,0.0000,1.0000,36.525,-256.900,-3.510,Static,Wood,shape,000001D1AC8FBA00,-,1,1,0,-
959,24160.378,0.0000,impact,ragdoll,Proventus Avenicci,0001A67D,NPC L Foot [Lft ],7,8.441,8.441,162.587,219.434,8.532,3.0000,10.011,160.267,1920.831,-65.429,0.8437,0.5369,-0.0041,126.038,-179.391,-9.195,Static,Wood,shape,000001D1AB122E00,-,0,1,0,-
960,24160.383,0.0000,impact,ragdoll,Proventus Avenicci,0001A67D,NPC L Hand [LHnd],16,210.004,210.004,211.630,295.623,2.652,4.0000,8.334,257.933,1874.799,-78.150,0.0000,0.7137,0.7005,27.968,-294.297,0.011,Static,Carpet,shape,000001D1AB0D9000,-,1,1,0,-
961,24176.067,0.0000,impact,ragdoll,Proventus Avenicci,0001A67D,NPC R Thigh [RThg],2,185.949,185.949,247.623,293.593,1.220,6.0000,20.487,208.848,1874.745,-78.102,0.0000,0.6064,0.7952,15.501,-293.183,0.302,Static,Carpet,shape,000001D1AB0D9000,-,1,1,0,-
962,24176.626,0.0000,impact,ragdoll,Proventus Avenicci,0001A67D,NPC Spine1 [Spn1],6,121.840,121.840,246.811,287.209,1.359,4.0000,18.878,234.149,1874.643,-78.042,0.0000,0.4029,0.9152,32.771,-285.187,-9.117,Static,Carpet,shape,000001D1AB0D9000,-,1,1,0,-
963,24193.354,0.0000,impact,ragdoll,Proventus Avenicci,0001A67D,NPC L Calf [LClf],5,51.898,51.898,227.601,255.523,1.432,6.0000,19.675,160.490,1920.111,-66.686,0.8627,0.5057,0.0077,57.214,-248.801,-10.792,Static,Wood,shape,000001D1AB122E00,-,0,0,0,-
964,24210.218,0.0000,impact,ragdoll,Proventus Avenicci,0001A67D,NPC L Foot [Lft ],7,99.176,99.176,237.795,234.205,5.158,3.0000,10.011,160.476,1920.070,-66.771,0.8627,0.5057,0.0077,44.891,-227.686,-31.555,Static,Wood,shape,000001D1AB122E00,-,0,1,0,-
965,24315.566,0.0000,impact,ragdoll,Proventus Avenicci,0001A67D,NPC L Thigh [LThg],1,48.221,48.221,309.631,309.274,1.555,6.0000,20.487,201.920,1869.587,-78.002,-0.0948,0.0000,0.9955,26.060,-306.595,-31.154,Static,Carpet,shape,000001D1AB0D9000,-,1,1,0,-
966,24315.572,0.0000,impact,ragdoll,Proventus Avenicci,0001A67D,NPC L Foot [Lft ],7,81.621,81.621,315.191,327.393,1.483,3.0000,10.011,175.740,1892.669,-79.650,-0.0000,0.0000,1.0000,21.366,-315.659,-84.197,Static,Wood,shape,000001D1AB1B7A00,-,1,1,0,-
967,24316.191,0.0000,impact,ragdoll,Proventus Avenicci,0001A67D,NPC Spine [Spn0],3,15.557,15.557,302.597,304.349,0.778,4.0000,17.297,225.420,1841.122,-78.000,-0.0000,0.0000,1.0000,19.974,-303.383,-13.712,Static,Carpet,shape,000001D1AB0D9000,-,0,1,0,-
968,24334.148,0.0000,impact,ragdoll,Proventus Avenicci,0001A67D,NPC Spine1 [Spn1],6,8.319,8.319,302.727,301.857,0.785,4.0000,18.878,236.651,1836.551,-78.000,0.0000,0.0000,1.0000,17.972,-301.151,-10.133,Static,Carpet,shape,000001D1AB0D9000,-,1,1,0,-
969,24334.637,0.0000,impact,ragdoll,Proventus Avenicci,0001A67D,NPC L Thigh [LThg],1,31.513,31.513,275.284,304.505,3.872,6.0000,20.487,201.199,1861.955,-79.650,0.0000,0.0000,1.0000,21.492,-302.225,-30.357,Static,Wood,shape,000001D1AB1B7A00,-,1,1,0,-
970,24370.353,0.0000,impact,ragdoll,Proventus Avenicci,0001A67D,NPC R Thigh [RThg],2,95.384,95.384,295.812,283.263,3.584,6.0000,20.487,194.429,1819.688,-79.650,0.0000,0.0000,1.0000,15.689,-275.419,-64.312,Static,Wood,shape,000001D1AB1B7A00,-,1,1,0,-
971,24370.355,0.0000,impact,ragdoll,Proventus Avenicci,0001A67D,NPC L Calf [LClf],5,19.085,19.085,281.196,283.476,2.254,6.0000,19.675,174.337,1868.525,-79.650,-0.0000,-0.0000,1.0000,12.995,-282.975,-10.720,Static,Wood,shape,000001D1AB1B7A00,-,1,1,0,-
972,24370.361,0.0000,impact,ragdoll,Proventus Avenicci,0001A67D,NPC L Hand [LHnd],16,18.015,18.015,325.505,303.129,2.695,4.0000,8.334,265.032,1836.334,-78.000,0.0000,-0.0000,1.0000,34.710,-300.595,-18.025,Static,Carpet,shape,000001D1AB0D9000,-,1,1,0,-
973,24388.516,0.0000,impact,ragdoll,Proventus Avenicci,0001A67D,NPC R Thigh [RThg],2,15.726,15.726,194.956,238.588,5.723,6.0000,20.487,201.945,1818.441,-78.000,-0.0441,-0.0000,0.9990,-0.850,-238.105,-15.152,Static,Carpet,shape,000001D1AB0D9000,-,0,1,0,-
974,24404.878,0.0000,impact,ragdoll,Proventus Avenicci,0001A67D,NPC Spine [Spn0],3,19.793,19.793,264.389,267.151,3.019,4.0000,17.297,227.117,1816.482,-79.650,0.0000,0.0000,1.0000,12.480,-265.732,-24.499,Static,Wood,shape,000001D1AB1B7A00,-,1,1,0,-
975,24404.881,0.0000,impact,ragdoll,Proventus Avenicci,0001A67D,NPC R Calf [RClf],4,28.814,28.814,192.816,269.809,4.145,6.0000,19.675,189.669,1807.447,-79.650,0.0000,-0.0000,1.0000,-12.753,-267.568,-32.276,Static,Wood,shape,000001D1AB1B7A00,-,1,1,0,-
976,24483.778,0.0000,impact,ragdoll,Proventus Avenicci,0001A67D,NPC L Hand [LHnd],16,47.888,47.888,310.618,295.126,2.934,4.0000,8.334,268.500,1797.213,-78.000,0.0000,-0.0000,1.0000,14.834,-290.849,-47.808,Static,Carpet,shape,000001D1AB0D9000,-,0,1,0,-
977,24569.299,0.0000,impact,ragdoll,Proventus Avenicci,0001A67D,NPC Spine1 [Spn1],6,19.244,19.244,248.310,239.339,0.768,4.0000,18.878,241.269,1774.745,-79.650,-0.0000,0.0000,1.0000,15.034,-238.246,-17.210,Static,Wood,shape,000001D1AB1B7A00,-,1,1,0,-
978,24569.305,0.0000,impact,ragdoll,Proventus Avenicci,0001A67D,NPC L Hand [LHnd],16,28.819,28.819,20.131,271.049,2.380,4.0000,8.334,259.907,1771.428,-66.502,0.7501,0.5187,-0.4102,0.819,-270.845,-10.467,-,Skin,shape,000001D1AF7ADC00,9,1,1,0,-
979,24569.305,0.0000,impact,ragdoll,Proventus Avenicci,0001A67D,NPC Spine2 [Spn2],9,28.819,28.819,20.131,238.077,0.654,7.0000,23.052,259.907,1771.428,-66.502,0.7501,0.5187,-0.4102,15.039,-237.348,-10.966,-,Skin,shape,000001D1AF7AC400,16,1,1,0,-
980,24642.967,0.0000,impact,ragdoll,Proventus Avenicci,0001A67D,NPC L Hand [LHnd],16,31.505,31.505,264.224,255.654,2.111,4.0000,8.334,268.570,1757.541,-79.650,-0.0000,0.0000,1.0000,-5.380,-253.657,-31.433,Static,Wood,shape,000001D1AB1B7A00,-,1,1,0,-
981,24696.556,0.0000,impact,ragdoll,Proventus Avenicci,0001A67D,NPC L Forearm [LLar],14,8.846,8.846,264.400,242.892,2.011,2.0000,11.658,271.546,1748.336,-78.000,0.0000,0.0000,1.0000,3.102,-242.566,-12.190,Static,Carpet,shape,000001D1AB0D9000,-,1,1,0,-
982,24697.207,0.0000,impact,ragdoll,Proventus Avenicci,0001A67D,NPC L Forearm [LLar],14,11.309,11.309,2.859,243.014,1.490,2.0000,11.658,262.370,1740.740,-65.471,0.8430,0.4927,-0.2160,-0.567,-242.733,-11.667,-,Skin,shape,000001D1AF7ADC00,9,1,1,0,-
983,24697.207,0.0000,impact,ragdoll,Proventus Avenicci,0001A67D,NPC Spine2 [Spn2],9,11.309,11.309,2.859,233.360,0.239,7.0000,23.052,262.370,1740.740,-65.471,0.8430,0.4927,-0.2160,2.781,-233.341,1.146,-,Skin,shape,000001D1AF7AC700,14,1,1,0,-
984,24766.136,0.0000,impact,ragdoll,Proventus Avenicci,0001A67D,NPC R Hand [RHnd],17,5.298,5.298,240.652,241.298,0.646,4.0000,8.334,215.843,1673.616,-78.000,0.0000,-0.0000,1.0000,0.865,-241.238,-5.303,Static,Carpet,shape,000001D1AB0D9000,-,1,1,0,-
985,24782.683,0.0000,impact,ragdoll,Proventus Avenicci,0001A67D,NPC R UpperArm [RUar],12,16.975,16.975,242.921,240.238,0.539,2.0000,14.463,243.984,1691.171,-78.000,-0.0000,0.0000,1.0000,-2.267,-239.768,-14.850,Static,Carpet,shape,000001D1AB0D9000,-,1,1,0,-
986,24846.015,0.0000,impact,ragdoll,Proventus Avenicci,0001A67D,NPC R UpperArm [RUar],12,109.112,109.112,226.167,250.281,0.147,2.0000,14.463,237.854,1668.142,-78.051,0.0000,0.4410,0.8975,-10.199,-250.070,1.220,Static,Carpet,shape,000001D1AB0D8D00,-,1,1,0,-
987,24893.493,0.0000,impact,ragdoll,Proventus Avenicci,0001A67D,NPC R UpperArm [RUar],12,6.223,6.223,253.492,254.977,0.482,2.0000,14.463,242.762,1664.532,-78.000,0.0000,0.0000,1.0000,-17.410,-254.242,-8.430,Static,Carpet,shape,000001D1AB0D8D00,-,1,1,0,-
988,24924.843,0.0000,impact,ragdoll,Proventus Avenicci,0001A67D,NPC R Foot [Rft ],8,174.145,174.145,289.002,330.045,3.477,3.0000,10.011,160.758,1672.171,-79.650,0.0000,0.0000,1.0000,-70.918,-267.769,-179.444,Static,Wood,shape,000001D1AB1B7A00,-,1,1,0,-
989,25023.410,0.0000,impact,ragdoll,Proventus Avenicci,0001A67D,NPC Spine [Spn0],3,6.420,6.420,258.701,260.946,0.251,4.0000,17.297,226.766,1667.934,-78.000,0.0000,0.0243,0.9997,-30.366,-259.173,0.492,Static,Carpet,shape,000001D1AB0D8D00,-,1,1,0,-
990,25092.186,0.0000,impact,ragdoll,Proventus Avenicci,0001A67D,NPC L Thigh [LThg],1,60.491,60.491,258.002,267.103,0.465,6.0000,20.487,207.268,1668.040,-78.014,0.0000,0.2360,0.9717,-37.272,-264.478,2.487,Static,Carpet,shape,000001D1AB0D8D00,-,1,1,0,-
991,25267.828,0.0000,impact,ragdoll,Proventus Avenicci,0001A67D,NPC L Calf [LClf],5,16.825,16.825,281.050,286.395,0.774,6.0000,19.675,162.102,1635.699,-79.650,0.0000,-0.0000,1.0000,-49.782,-280.922,-25.024,Static,Wood,shape,000001D1AB1B7A00,-,1,1,0,-
992,25367.273,0.0000,impact,ragdoll,Proventus Avenicci,0001A67D,NPC L Calf [LClf],5,7.462,7.462,284.947,292.532,0.625,6.0000,19.675,180.356,1598.343,-79.650,0.0000,0.0000,1.0000,-64.171,-285.371,-4.572,Static,Wood,shape,000001D1AB1B7A00,-,0,1,0,-
993,25719.869,0.0000,impact,ragdoll,Proventus Avenicci,0001A67D,NPC L Calf [LClf],5,11.828,11.828,286.819,295.875,1.693,6.0000,19.675,127.955,1507.893,-79.650,0.0000,0.0000,1.0000,-101.171,-277.999,-4.798,Static,Wood,shape,000001D0DA051300,-,1,1,0,-
994,25737.878,0.0000,impact,ragdoll,Proventus Avenicci,0001A67D,NPC R Hand [RHnd],17,216.483,216.483,193.448,286.756,2.896,4.0000,8.334,160.705,1412.639,-76.133,0.8382,0.4913,0.2370,-101.149,-268.324,0.033,Static,Wood,shape,000001D1AB021C00,-,1,1,0,-
995,25755.105,0.0000,impact,ragdoll,Proventus Avenicci,0001A67D,NPC R Foot [Rft ],8,240.288,239.238,170.837,294.791,0.824,3.0000,10.011,112.057,1442.423,-76.238,-0.1843,0.9451,0.2698,-110.420,-273.329,0.834,Static,Wood,shape,000001D1AB021C00,-,0,0,0,-
996,25755.117,0.0000,impact,ragdoll,Proventus Avenicci,0001A67D,NPC R Foot [Rft ],8,245.692,252.372,239.486,161.487,39.715,3.0000,10.011,115.508,1439.889,-66.906,0.0000,0.9998,0.0197,-136.631,-19.428,83.861,Static,Wood,shape,000001D1AB021C00,-,0,0,0,-
997,25755.118,0.0000,impact,ragdoll,Proventus Avenicci,0001A67D,NPC R Foot [Rft ],8,254.077,255.431,224.042,161.487,39.715,3.0000,10.011,116.990,1440.367,-68.607,0.0000,0.9671,0.2542,-136.631,-19.428,83.861,Static,Wood,shape,000001D1AB021C00,-,0,0,0,-
998,25755.420,0.0000,impact,ragdoll,Proventus Avenicci,0001A67D,NPC L Calf [LClf],5,6.054,6.054,287.317,295.517,0.985,6.0000,19.675,123.787,1496.685,-79.650,-0.0000,-0.0000,1.0000,-105.828,-275.868,-5.227,Static,Wood,shape,000001D0DA051300,-,0,1,0,-
999,25772.892,0.0000,impact,ragdoll,Proventus Avenicci,0001A67D,NPC R Calf [RClf],4,103.915,103.915,275.020,274.052,16.771,6.0000,19.675,118.300,1440.869,-70.346,0.0006,0.9668,0.2554,-174.776,-207.307,39.770,Static,Wood,shape,000001D1AB021C00,-,1,1,0,-
1000,25772.903,0.0000,impact,ragdoll,Proventus Avenicci,0001A67D,NPC R Foot [Rft ],8,5.643,5.643,189.858,230.755,15.342,3.0000,10.011,112.213,1441.902,-74.323,-0.3343,0.9016,0.2746,-194.504,-108.639,60.114,Static,Wood,shape,000001D1AB021C00,-,0,0,0,-
1001,25772.903,0.0000,impact,ragdoll,Proventus Avenicci,0001A67D,NPC R Foot [Rft ],8,5.643,5.643,189.858,230.755,15.342,3.0000,10.011,112.213,1441.902,-74.323,-0.3343,0.9016,0.2746,-194.504,-108.639,60.114,Static,Wood,shape,000001D1AB021C00,-,0,0,0,-
1002,25773.591,0.0000,impact,ragdoll,Proventus Avenicci,0001A67D,NPC R Calf [RClf],4,82.656,82.656,234.974,196.859,6.360,6.0000,19.675,125.693,1443.328,-80.019,0.0001,0.9989,0.0479,-165.967,-91.720,52.876,Static,Wood,shape,000001D1AB021C00,-,0,1,0,-
1003,25792.007,0.0000,impact,ragdoll,Proventus Avenicci,0001A67D,NPC L Calf [LClf],5,13.374,13.374,297.657,306.085,1.377,6.0000,19.675,128.042,1488.564,-79.650,0.0000,0.0000,1.0000,-106.735,-286.633,-11.728,Static,Wood,shape,000001D1AB1B7A00,-,0,1,0,-
1004,25792.013,0.0000,impact,ragdoll,Proventus Avenicci,0001A67D,NPC R Foot [Rft ],8,66.145,66.145,173.969,205.944,10.974,3.0000,10.011,113.041,1439.885,-66.851,0.0000,0.9671,0.2542,-198.855,-37.916,37.843,Static,Wood,shape,000001D1AB021C00,-,0,1,0,-
1005,25792.017,0.0000,impact,ragdoll,Proventus Avenicci,0001A67D,NPC L Forearm [LLar],14,17.879,17.879,351.229,251.183,7.260,2.0000,11.658,216.975,1458.119,-78.000,0.0000,0.0000,1.0000,-98.810,-226.938,-42.763,Static,Carpet,shape,000001D1AB0D8D00,-,1,1,0,-
1006,25809.497,0.0000,impact,ragdoll,Proventus Avenicci,0001A67D,NPC R Thigh [RThg],2,148.835,148.835,198.333,246.894,5.159,6.0000,20.487,140.592,1441.880,-74.198,-0.0000,0.9671,0.2542,-119.423,-215.050,21.181,Static,Wood,shape,000001D1AB021C00,-,1,0,0,-
1007,25809.498,0.0000,impact,ragdoll,Proventus Avenicci,0001A67D,NPC R Thigh [RThg],2,183.592,183.592,175.863,246.894,5.159,6.0000,20.487,142.504,1441.852,-74.100,0.1612,0.9507,0.2649,-119.423,-215.050,21.181,Static,Wood,shape,000001D1AB021C00,-,0,1,0,-
1008,25827.245,0.0000,impact,ragdoll,Proventus Avenicci,0001A67D,NPC R Thigh [RThg],2,221.239,221.239,111.397,185.893,11.324,6.0000,20.487,148.106,1466.576,-71.982,0.0342,-0.9953,0.0905,-141.278,-99.410,68.663,-,Skin,shape,000001D1AF7AF400,1,0,1,0,-
1009,25827.245,0.0000,impact,ragdoll,Proventus Avenicci,0001A67D,NPC L Thigh [LThg],1,221.239,221.239,111.397,317.359,4.819,6.0000,20.487,148.106,1466.576,-71.982,0.0342,-0.9953,0.0905,-99.135,-300.819,-19.919,-,Skin,shape,000001D1AF7AEB00,2,0,1,0,-
1010,25827.823,0.0000,impact,ragdoll,Proventus Avenicci,0001A67D,NPC R Thigh [RThg],2,213.967,213.967,193.419,281.759,6.550,6.0000,20.487,142.460,1441.593,-73.105,0.0157,0.9667,0.2556,-111.160,-258.507,14.343,Static,Wood,shape,000001D1AB021C00,-,0,1,0,-
1011,25845.265,0.0000,impact,ragdoll,Proventus Avenicci,0001A67D,NPC Spine [Spn0],3,15.276,15.276,381.409,311.129,7.597,4.0000,17.297,175.807,1451.942,-79.650,-0.0000,-0.0000,1.0000,-113.486,-289.511,10.266,Static,Wood,shape,000001D1AB1B7A00,-,0,1,0,-
1012,25845.278,0.0000,impact,ragdoll,Proventus Avenicci,0001A67D,NPC R Hand [RHnd],17,7.557,7.557,240.564,211.798,10.894,4.0000,8.334,167.954,1407.952,-79.662,0.0000,0.0000,1.0000,-40.047,-207.975,0.922,Static,Wood,shape,000001D1AB1B7A00,-,1,1,0,-
1013,25845.815,0.0000,impact,ragdoll,Proventus Avenicci,0001A67D,NPC R Calf [RClf],4,176.692,176.692,276.196,116.305,17.169,6.0000,19.675,131.298,1441.275,-71.897,0.0000,0.9671,0.2542,-110.400,24.991,26.725,Static,Wood,shape,000001D1AB021C00,-,0,0,0,-
1014,25845.815,0.0000,impact,ragdoll,Proventus Avenicci,0001A67D,NPC R Calf [RClf],4,23.342,23.342,274.703,116.305,17.169,6.0000,19.675,121.836,1440.934,-70.599,0.0006,0.9668,0.2554,-110.400,24.991,26.725,Static,Wood,shape,000001D1AB021C00,-,0,1,0,-
1015,25863.170,0.0000,impact,ragdoll,Proventus Avenicci,0001A67D,NPC R Calf [RClf],4,244.721,244.721,111.541,140.918,12.785,6.0000,19.675,132.182,1462.244,-71.290,-0.1363,-0.9748,0.1766,-87.799,93.743,57.977,-,Skin,shape,000001D1AF7AF100,5,1,1,0,-
1016,25863.170,0.0000,impact,ragdoll,Proventus Avenicci,0001A67D,NPC L Calf [LClf],5,244.721,244.721,111.541,305.082,9.144,6.0000,19.675,132.182,1462.244,-71.290,-0.1363,-0.9748,0.1766,-94.078,-286.336,47.286,-,Skin,shape,000001D1AF7AE800,4,1,1,0,-
1017,25863.173,0.0000,impact,ragdoll,Proventus Avenicci,0001A67D,NPC R Calf [RClf],4,32.664,32.664,228.673,140.918,12.785,6.0000,19.675,129.412,1441.802,-73.952,0.0006,0.9668,0.2554,-87.799,93.743,57.977,Static,Wood,shape,000001D1AB021C00,-,0,1,0,-
1018,25863.174,0.0000,impact,ragdoll,Proventus Avenicci,0001A67D,NPC L Calf [LClf],5,296.439,296.439,57.761,305.082,9.144,6.0000,19.675,136.673,1456.458,-70.552,0.1326,0.9694,-0.2066,-94.078,-286.336,47.286,-,Skin,shape,000001D1AF7AEB00,2,1,0,0,-
1019,25863.174,0.0000,impact,ragdoll,Proventus Avenicci,0001A67D,NPC R Thigh [RThg],2,296.439,296.439,57.761,170.027,15.874,6.0000,20.487,136.673,1456.458,-70.552,0.1326,0.9694,-0.2066,-109.746,-99.970,82.891,-,Skin,shape,000001D1AF7AF100,5,1,0,0,-
1020,25863.174,0.0000,impact,ragdoll,Proventus Avenicci,0001A67D,NPC L Calf [LClf],5,282.574,282.574,41.197,305.082,9.144,6.0000,19.675,138.075,1456.157,-70.630,0.2074,0.9540,-0.2167,-94.078,-286.336,47.286,-,Skin,shape,000001D1AF7AEB00,2,0,1,0,-
1021,25863.174,0.0000,impact,ragdoll,Proventus Avenicci,0001A67D,NPC R Thigh [RThg],2,282.574,282.574,41.197,170.027,15.874,6.0000,20.487,138.075,1456.157,-70.630,0.2074,0.9540,-0.2167,-109.746,-99.970,82.891,-,Skin,shape,000001D1AF7AF100,5,0,1,0,-
1022,25863.676,0.0000,impact,ragdoll,Proventus Avenicci,0001A67D,NPC R Forearm [RLar],15,51.707,51.707,243.296,245.182,22.040,6.0000,11.658,160.184,1402.880,-70.995,0.9242,-0.2745,0.2655,-149.196,-194.349,-9.115,Static,Wood,shape,000001D1AB021C00,-,1,1,0,-
1023,25882.137,0.0000,impact,ragdoll,Proventus Avenicci,0001A67D,NPC R Calf [RClf],4,299.908,299.908,76.384,178.972,10.534,6.0000,19.675,109.923,1464.525,-68.263,-0.1474,-0.8898,0.4319,-28.243,132.803,116.605,-,Skin,shape,000001D1AF7AEE00,7,1,1,0,-
1024,25882.138,0.0000,impact,ragdoll,Proventus Avenicci,0001A67D,NPC L Foot [Lft ],7,299.908,299.908,76.384,218.921,24.899,3.0000,10.011,109.923,1464.525,-68.263,-0.1474,-0.8898,0.4319,-79.400,-179.391,97.164,-,Skin,shape,000001D1AF7AE800,4,1,1,0,-
1025,25882.704,0.0000,impact,ragdoll,Proventus Avenicci,0001A67D,NPC L Thigh [LThg],1,250.158,250.158,278.618,183.038,5.823,6.0000,20.487,134.125,1454.824,-67.794,0.7928,0.4754,-0.3814,-52.120,-175.421,-3.733,-,Skin,shape,000001D1AF7AE800,4,1,1,0,-
1026,25882.704,0.0000,impact,ragdoll,Proventus Avenicci,0001A67D,NPC R Calf [RClf],4,250.158,250.158,278.618,260.360,6.109,6.0000,19.675,134.125,1454.824,-67.794,0.7928,0.4754,-0.3814,68.178,218.562,123.974,-,Skin,shape,000001D1AF7AF400,1,1,1,0,-
1027,25882.706,0.0000,impact,ragdoll,Proventus Avenicci,0001A67D,NPC R Thigh [RThg],2,28.293,28.293,148.840,70.236,13.650,6.0000,20.487,142.013,1439.878,-66.688,0.4415,0.8971,0.0165,-37.866,-13.712,57.544,Static,Wood,shape,000001D1AB021C00,-,0,0,0,-
1028,25882.707,0.0000,impact,ragdoll,Proventus Avenicci,0001A67D,NPC R Thigh [RThg],2,28.293,28.293,148.840,70.236,13.650,6.0000,20.487,142.013,1439.878,-66.688,0.4415,0.8971,0.0165,-37.866,-13.712,57.544,Static,Wood,shape,000001D1AB021C00,-,0,1,0,-
1029,25882.713,0.0000,impact,ragdoll,Proventus Avenicci,0001A67D,NPC R Forearm [RLar],15,30.248,30.248,270.001,244.040,10.830,6.0000,11.658,158.863,1398.466,-71.001,0.9171,-0.2818,0.2821,-118.891,-212.236,-19.394,Static,Wood,shape,000001D1AB021C00,-,1,1,0,-
1030,25900.638,0.0000,impact,ragdoll,Proventus Avenicci,0001A67D,NPC L Forearm [LLar],14,34.924,34.924,336.319,314.742,3.835,2.0000,11.658,204.543,1432.931,-79.650,-0.0000,0.0000,1.0000,-160.519,-265.425,-53.345,Static,Wood,shape,000001D1AB1B7A00,-,1,1,0,-
1031,25917.742,0.0000,impact,ragdoll,Proventus Avenicci,0001A67D,NPC R Thigh [RThg],2,6.189,6.189,64.245,34.590,7.219,6.0000,20.487,142.055,1439.834,-66.639,0.0000,0.9998,0.0197,-3.535,-24.781,23.872,Static,Wood,shape,000001D1AB021C00,-,0,1,0,-
1032,25917.751,0.0000,impact,ragdoll,Proventus Avenicci,0001A67D,NPC R Foot [Rft ],8,115.139,115.139,176.187,523.250,10.379,3.0000,10.011,114.150,1471.075,-64.022,-0.7778,-0.2928,0.5561,253.111,435.924,140.341,-,Skin,shape,000001D1AF7AF100,5,1,1,0,-
1033,25917.751,0.0000,impact,ragdoll,Proventus Avenicci,0001A67D,NPC L Calf [LClf],5,115.139,115.139,176.187,159.869,7.374,6.0000,19.675,114.150,1471.075,-64.022,-0.7778,-0.2928,0.5561,119.576,95.030,47.213,-,Skin,shape,000001D1AF7AE500,8,1,1,0,-
1034,25918.231,0.0000,impact,ragdoll,Proventus Avenicci,0001A67D,NPC L UpperArm [LUar],10,8.765,8.765,327.729,291.054,6.212,2.0000,14.463,204.340,1436.246,-78.000,0.0000,0.0000,1.0000,-81.548,-279.385,-2.521,Static,Carpet,shape,000001D1AB0D8D00,-,1,1,0,-
1035,25918.233,0.0000,impact,ragdoll,Proventus Avenicci,0001A67D,NPC L Forearm [LLar],14,5.796,5.796,311.406,310.258,5.443,2.0000,11.658,202.855,1427.969,-78.011,-0.2067,0.0000,0.9784,-144.859,-272.196,-34.422,Static,Carpet,shape,000001D1AB0D8D00,-,1,1,0,-
1036,25918.233,0.0000,impact,ragdoll,Proventus Avenicci,0001A67D,NPC R Forearm [RLar],15,82.050,82.050,363.859,313.004,10.887,6.0000,11.658,155.004,1390.202,-66.818,0.9558,-0.2937,0.0156,-195.862,-240.774,-40.463,Static,Wood,shape,000001D1AB021C00,-,0,1,0,-
1037,25934.130,0.0000,impact,ragdoll,Proventus Avenicci,0001A67D,NPC COM [COM ],0,37.780,37.780,62.327,61.274,6.160,50.0000,17.687,147.761,1431.764,-70.000,0.8382,0.4913,0.2370,-15.954,-58.521,8.672,Static,Wood,shape,000001D1AB021C00,-,1,1,0,-
1038,25934.135,0.0000,impact,ragdoll,Proventus Avenicci,0001A67D,NPC R Thigh [RThg],2,23.733,23.733,80.874,53.737,6.118,6.0000,20.487,142.093,1439.807,-66.676,0.6713,0.6895,0.2720,-6.139,-29.447,44.530,Static,Wood,shape,000001D1AB021C00,-,0,0,0,-
1039,25934.135,0.0000,impact,ragdoll,Proventus Avenicci,0001A67D,NPC R Thigh [RThg],2,30.697,30.697,78.495,53.737,6.118,6.0000,20.487,142.093,1439.807,-66.676,0.8383,0.5031,0.2100,-6.139,-29.447,44.530,Static,Wood,shape,000001D1AB021C00,-,0,1,0,-
1040,25934.138,0.0000,impact,ragdoll,Proventus Avenicci,0001A67D,NPC Spine [Spn0],3,67.769,67.769,37.770,89.884,4.546,4.0000,17.297,151.832,1424.199,-68.713,0.8382,0.4913,0.2370,-36.378,-81.602,9.849,Static,Wood,shape,000001D1AB021C00,-,1,1,0,-
1041,25934.149,0.0000,impact,ragdoll,Proventus Avenicci,0001A67D,NPC R Forearm [RLar],15,125.557,125.557,403.556,309.634,12.728,6.0000,11.658,156.694,1395.961,-61.686,0.9558,-0.2937,0.0156,-141.318,-271.865,-44.637,Static,Wood,shape,000001D1AB021C00,-,0,1,0,-
1042,25951.442,0.0000,impact,ragdoll,Proventus Avenicci,0001A67D,NPC Spine [Spn0],3,72.036,72.036,15.934,104.930,4.176,4.0000,17.297,151.798,1423.284,-65.705,0.8627,0.5057,0.0077,-25.031,-101.115,-12.623,Static,Wood,shape,000001D1AB021C00,-,0,1,0,-
1043,25951.448,0.0000,impact,ragdoll,Proventus Avenicci,0001A67D,NPC R UpperArm [RUar],12,136.196,136.196,358.168,295.737,6.139,2.0000,14.463,156.246,1394.480,-62.102,0.9558,-0.2937,0.0156,-221.074,-195.574,-18.376,Static,Wood,shape,000001D1AB021C00,-,1,1,0,-
1044,25968.791,0.0000,impact,ragdoll,Proventus Avenicci,0001A67D,NPC Spine1 [Spn1],6,115.988,115.988,77.063,141.435,2.044,4.0000,18.878,158.340,1412.063,-61.812,0.8627,0.5057,0.0077,-62.942,-116.470,-49.768,Static,Wood,shape,000001D1AB021C00,-,1,1,0,-
1045,25969.273,0.0000,impact,ragdoll,Proventus Avenicci,0001A67D,NPC R Forearm [RLar],15,8.365,8.365,332.629,294.092,8.164,6.0000,11.658,153.090,1384.134,-63.647,0.9182,-0.3956,0.0201,-119.584,-267.133,-28.809,Static,Wood,shape,000001D1AB021C00,-,1,1,0,-
1046,25984.098,0.0000,impact,ragdoll,Proventus Avenicci,0001A67D,NPC R Thigh [RThg],2,24.830,24.830,50.214,81.218,7.052,6.0000,20.487,146.479,1432.559,-67.111,0.8382,0.4913,0.2370,72.782,-34.970,8.736,Static,Wood,shape,000001D1AB021C00,-,0,0,0,-
1047,25984.098,0.0000,impact,ragdoll,Proventus Avenicci,0001A67D,NPC R Thigh [RThg],2,12.460,12.460,46.161,81.218,7.052,6.0000,20.487,145.131,1435.494,-68.462,0.8383,0.5031,0.2100,72.782,-34.970,8.736,Static,Wood,shape,000001D1AB021C00,-,0,1,0,-
1048,25984.583,0.0000,impact,ragdoll,Proventus Avenicci,0001A67D,NPC R Thigh [RThg],2,7.693,7.693,52.507,88.796,6.149,6.0000,20.487,146.779,1433.146,-69.458,0.8383,0.5031,0.2100,82.151,-31.072,13.053,Static,Wood,shape,000001D1AB021C00,-,0,1,0,-
1049,25984.587,0.0000,impact,ragdoll,Proventus Avenicci,0001A67D,NPC L Forearm [LLar],14,22.129,22.129,323.927,308.665,5.116,2.0000,11.658,193.255,1408.029,-79.650,0.0000,0.0000,1.0000,-83.558,-293.889,-43.834,Static,Wood,shape,000001D1AB1B7A00,-,1,1,0,-
1050,25984.588,0.0000,impact,ragdoll,Proventus Avenicci,0001A67D,NPC L Forearm [LLar],14,21.389,21.389,324.071,308.665,5.116,2.0000,11.658,193.255,1407.855,-79.650,0.0000,-0.0000,1.0000,-83.558,-293.889,-43.834,Static,Wood,shape,000001D1AAF59600,-,1,1,0,-
1051,26000.698,0.0000,impact,ragdoll,Proventus Avenicci,0001A67D,NPC Spine [Spn0],3,103.477,103.477,13.653,127.631,5.572,4.0000,17.297,153.170,1420.959,-66.774,0.8627,0.5057,0.0077,-65.022,-106.204,-27.972,Static,Wood,shape,000001D1AB021C00,-,0,1,0,-
1052,26000.704,0.0000,impact,ragdoll,Proventus Avenicci,0001A67D,NPC Spine1 [Spn1],6,152.783,152.783,23.395,182.914,6.043,4.0000,18.878,159.806,1414.669,-77.436,0.8383,0.5031,0.2100,-103.716,-147.355,-31.416,Static,Wood,shape,000001D1AB021C00,-,0,1,0,-
1053,26000.707,0.0000,impact,ragdoll,Proventus Avenicci,0001A67D,NPC L Forearm [LLar],14,14.438,14.438,340.911,317.517,6.025,2.0000,11.658,193.568,1407.999,-79.653,0.0000,0.0000,1.0000,-100.141,-299.835,-29.796,Static,Wood,shape,000001D1AB1B7A00,-,0,1,0,-
1054,26000.979,0.0000,impact,ragdoll,Proventus Avenicci,0001A67D,NPC L Thigh [LThg],1,10.755,6.569,93.852,88.103,4.064,6.0000,20.487,164.379,1438.802,-79.650,-0.0000,-0.0000,1.0000,27.252,-82.702,13.409,Static,Wood,shape,000001D1AB1B7A00,-,0,0,0,-
1055,26000.993,0.0000,impact,ragdoll,Proventus Avenicci,0001A67D,NPC L Thigh [LThg],1,16.850,8.356,1.031,42.085,3.830,6.0000,20.487,164.408,1438.765,-79.650,-0.0000,-0.0000,1.0000,16.131,-20.405,33.084,Static,Wood,shape,000001D1AB1B7A00,-,0,0,0,-
1056,26001.288,0.0000,impact,ragdoll,Proventus Avenicci,0001A67D,NPC Spine1 [Spn1],6,23.333,23.333,92.042,133.031,12.632,4.0000,18.878,172.680,1417.359,-79.650,0.0000,0.0000,1.0000,-54.419,-112.992,-44.369,Static,Wood,shape,000001D1AB1B7A00,-,1,1,0,-
1057,26001.293,0.0000,impact,ragdoll,Proventus Avenicci,0001A67D,NPC L Hand [LHnd],16,68.044,68.044,55.779,297.008,3.230,4.0000,8.334,187.117,1391.169,-65.116,0.0394,0.5392,-0.8412,-121.824,-269.985,21.920,-,Skin,shape,000001D1AF7AD600,13,1,1,0,-
1058,26001.293,0.0000,impact,ragdoll,Proventus Avenicci,0001A67D,NPC Head [Head],13,68.044,68.044,55.779,314.765,8.448,4.0000,15.108,187.117,1391.169,-65.116,0.0394,0.5392,-0.8412,-217.434,-225.066,-33.840,-,Skin,shape,000001D1AF7AC400,16,1,1,0,-
1059,26001.518,0.0000,impact,ragdoll,Proventus Avenicci,0001A67D,NPC L Thigh [LThg],1,18.675,11.590,29.592,55.849,3.801,6.0000,20.487,164.444,1438.657,-79.650,0.0000,0.0000,1.0000,37.776,-36.055,19.800,Static,Wood,shape,000001D1AB1B7A00,-,0,0,0,-
1060,26017.530,0.0000,impact,ragdoll,Proventus Avenicci,0001A67D,NPC L Thigh [LThg],1,25.335,3.647,29.243,40.892,2.769,6.0000,20.487,164.572,1438.270,-79.650,0.0000,-0.0000,1.0000,25.001,-28.826,14.703,Static,Wood,shape,000001D1AB1B7A00,-,0,0,0,-
1061,26018.066,0.0000,impact,ragdoll,Proventus Avenicci,0001A67D,NPC L Thigh [LThg],1,37.498,5.007,20.524,38.165,2.846,6.0000,20.487,164.599,1437.786,-79.650,-0.0000,0.0000,1.0000,31.610,-18.322,11.031,Static,Wood,shape,000001D1AB1B7A00,-,0,0,0,-
1062,26034.191,0.0000,impact,ragdoll,Proventus Avenicci,0001A67D,NPC COM [COM ],0,70.613,70.613,60.884,108.665,9.157,50.0000,17.687,153.101,1426.915,-80.127,0.8567,0.5150,0.0291,13.439,-107.283,10.847,Static,Wood,shape,000001D1AB021C00,-,0,1,0,-
1063,26034.198,0.0000,impact,ragdoll,Proventus Avenicci,0001A67D,NPC Spine [Spn0],3,15.892,15.892,274.208,162.116,9.595,4.0000,17.297,157.783,1419.094,-80.147,0.8567,0.5150,0.0291,79.825,-139.608,-20.475,Static,Wood,shape,000001D1AB021C00,-,0,1,0,-
1064,26034.202,0.0000,impact,ragdoll,Proventus Avenicci,0001A67D,NPC Spine1 [Spn1],6,24.941,24.941,114.549,118.640,6.538,4.0000,18.878,160.511,1408.456,-64.260,0.8616,0.5075,-0.0042,37.403,-101.920,-47.842,Static,Wood,shape,000001D1AB021C00,-,0,1,0,-
1065,26034.207,0.0000,impact,ragdoll,Proventus Avenicci,0001A67D,NPC R UpperArm [RUar],12,45.847,45.847,129.085,141.903,5.533,2.0000,14.463,152.992,1383.932,-65.161,0.6272,-0.7780,0.0364,-111.147,-46.159,-75.181,Static,Wood,shape,000001D1AB021C00,-,0,0,0,-
1066,26034.207,0.0000,impact,ragdoll,Proventus Avenicci,0001A67D,NPC R UpperArm [RUar],12,45.847,45.847,129.085,141.903,5.533,2.0000,14.463,152.992,1383.932,-65.161,0.6272,-0.7780,0.0364,-111.147,-46.159,-75.181,Static,Wood,shape,000001D1AB021C00,-,0,1,0,-
1067,26034.209,0.0000,impact,ragdoll,Proventus Avenicci,0001A67D,NPC L Forearm [LLar],14,9.966,9.966,322.750,315.143,3.566,2.0000,11.658,195.563,1407.941,-79.665,0.0000,0.0000,1.0000,-112.476,-294.352,-4.621,Static,Wood,shape,000001D1AB1B7A00,-,1,1,0,-
1068,26068.392,0.0000,impact,ragdoll,Proventus Avenicci,0001A67D,NPC L Foot [Lft ],7,82.006,82.006,182.205,168.883,6.400,3.0000,10.011,149.947,1493.345,-79.650,-0.0000,0.0000,1.0000,118.346,-99.024,-68.629,Static,Wood,shape,000001D1AB1B7A00,-,1,1,0,-
1069,26068.396,0.0000,impact,ragdoll,Proventus Avenicci,0001A67D,NPC R UpperArm [RUar],12,45.180,45.180,56.936,74.211,6.900,2.0000,14.463,149.445,1381.642,-66.685,0.5296,-0.8473,0.0392,-63.697,-27.077,26.773,Static,Wood,shape,000001D1AB021C00,-,0,0,0,-
1070,26068.396,0.0000,impact,ragdoll,Proventus Avenicci,0001A67D,NPC R UpperArm [RUar],12,35.008,35.008,67.432,74.211,6.900,2.0000,14.463,149.669,1381.284,-68.143,0.5084,-0.8135,0.2824,-63.697,-27.077,26.773,Static,Wood,shape,000001D1AB021C00,-,0,1,0,-
1071,26068.398,0.0000,impact,ragdoll,Proventus Avenicci,0001A67D,NPC L Forearm [LLar],14,118.659,118.659,129.390,305.533,5.322,2.0000,11.658,181.424,1382.246,-66.556,0.2436,0.4463,-0.8611,-134.063,-273.134,-27.840,-,Skin,shape,000001D1AF7AD600,13,1,1,0,-
1072,26068.398,0.0000,impact,ragdoll,Proventus Avenicci,0001A67D,NPC Head [Head],13,118.659,118.659,129.390,81.310,2.850,4.0000,15.108,181.424,1382.246,-66.556,0.2436,0.4463,-0.8611,-33.117,-73.548,-10.259,-,Skin,shape,000001D1AF7AC700,14,1,1,0,-
1073,26068.401,0.0000,impact,ragdoll,Proventus Avenicci,0001A67D,NPC R Forearm [RLar],15,158.383,158.383,62.427,208.837,6.980,6.0000,11.658,143.962,1378.232,-66.316,0.5296,-0.8473,0.0392,-171.962,118.243,-7.796,Static,Wood,shape,000001D1AB021C00,-,1,0,0,-
1074,26068.401,0.0000,impact,ragdoll,Proventus Avenicci,0001A67D,NPC R Forearm [RLar],15,147.329,147.329,93.786,208.837,6.980,6.0000,11.658,144.145,1377.940,-67.831,0.5084,-0.8135,0.2824,-171.962,118.243,-7.796,Static,Wood,shape,000001D1AB021C00,-,0,1,0,-
1075,26068.689,0.0000,impact,ragdoll,Proventus Avenicci,0001A67D,NPC L Thigh [LThg],1,17.288,5.094,132.897,120.326,4.619,6.0000,20.487,165.981,1434.700,-79.650,-0.0000,0.0000,1.0000,60.145,-98.792,-33.182,Static,Wood,shape,000001D1AB1B7A00,-,0,0,0,-
1076,26069.003,0.0000,impact,ragdoll,Proventus Avenicci,0001A67D,NPC L UpperArm [LUar],10,69.841,69.841,249.681,154.559,9.662,2.0000,14.463,191.557,1395.275,-79.650,-0.0000,0.0000,1.0000,-21.351,-135.516,-71.189,Static,Wood,shape,000001D1AAF59600,-,1,1,0,-
1077,26069.005,0.0000,impact,ragdoll,Proventus Avenicci,0001A67D,NPC L Forearm [LLar],14,67.847,67.847,249.250,231.950,5.433,2.0000,11.658,191.420,1394.546,-79.650,-0.0000,0.0000,1.0000,-122.964,-193.716,-33.983,Static,Wood,shape,000001D1AAF59600,-,0,1,0,-
1078,26069.007,0.0000,impact,ragdoll,Proventus Avenicci,0001A67D,NPC L Hand [LHnd],16,92.272,92.272,134.431,228.950,3.714,4.0000,8.334,167.818,1380.983,-69.082,0.8743,-0.0488,-0.4829,-122.517,-193.410,0.008,-,Skin,shape,000001D1AF7AD300,12,1,1,0,-
1079,26069.007,0.0000,impact,ragdoll,Proventus Avenicci,0001A67D,NPC R UpperArm [RUar],12,92.272,92.272,134.431,27.500,5.839,2.0000,14.463,167.818,1380.983,-69.082,0.8743,-0.0488,-0.4829,-8.434,-23.477,11.574,-,Skin,shape,000001D1AF7AC400,16,1,1,0,-
1080,26069.226,0.0000,impact,ragdoll,Proventus Avenicci,0001A67D,NPC L Thigh [LThg],1,22.228,3.642,97.286,91.464,4.099,6.0000,20.487,166.358,1433.794,-79.650,0.0000,-0.0000,1.0000,52.477,-70.549,-25.191,Static,Wood,shape,000001D1AB1B7A00,-,0,0,0,-
1081,26086.686,0.0000,impact,ragdoll,Proventus Avenicci,0001A67D,NPC L Thigh [LThg],1,12.102,2.026,84.180,79.572,3.260,6.0000,20.487,166.476,1433.657,-79.650,0.0000,-0.0000,1.0000,34.967,-70.963,-8.560,Static,Wood,shape,000001D1AB1B7A00,-,0,0,0,-
1082,26087.085,0.0000,impact,ragdoll,Proventus Avenicci,0001A67D,NPC R Forearm [RLar],15,42.405,42.405,43.465,138.940,10.649,6.0000,11.658,141.901,1376.690,-67.453,0.4091,-0.8696,0.2767,-135.807,28.943,4.815,Static,Wood,shape,000001D1AB021C00,-,0,1,0,-
1083,26087.321,0.0000,impact,ragdoll,Proventus Avenicci,0001A67D,NPC L Thigh [LThg],1,8.261,0.185,40.081,50.225,2.486,6.0000,20.487,166.679,1433.350,-79.650,0.0000,-0.0000,1.0000,32.753,-37.415,7.069,Static,Wood,shape,000001D1AB1B7A00,-,0,0,0,-
1084,26102.671,0.0000,impact,ragdoll,Proventus Avenicci,0001A67D,NPC Spine1 [Spn1],6,42.665,42.665,94.747,110.630,2.219,4.0000,18.878,164.331,1408.235,-80.216,0.8383,0.5031,0.2100,10.251,-109.129,14.992,Static,Wood,shape,000001D1AB021C00,-,0,1,0,-
1085,26103.225,0.0000,impact,ragdoll,Proventus Avenicci,0001A67D,NPC Spine [Spn0],3,16.255,16.255,91.538,104.935,0.977,4.0000,17.297,159.024,1415.708,-76.944,0.8383,0.5031,0.2100,34.329,-98.790,8.559,Static,Wood,shape,000001D1AB021C00,-,0,1,0,-
1086,26103.232,0.0000,impact,ragdoll,Proventus Avenicci,0001A67D,NPC R Forearm [RLar],15,26.056,26.056,49.737,125.817,8.992,6.0000,11.658,141.989,1376.770,-67.338,0.5020,-0.8206,0.2731,-124.888,14.053,5.953,Static,Wood,shape,000001D1AB021C00,-,1,0,0,-
1087,26103.233,0.0000,impact,ragdoll,Proventus Avenicci,0001A67D,NPC R Forearm [RLar],15,22.119,22.119,52.496,125.817,8.992,6.0000,11.658,141.831,1376.677,-67.329,0.4091,-0.8696,0.2767,-124.888,14.053,5.953,Static,Wood,shape,000001D1AB021C00,-,0,1,0,-
1088,26120.353,0.0000,impact,ragdoll,Proventus Avenicci,0001A67D,NPC R Hand [RHnd],17,224.263,224.263,161.779,245.564,14.086,4.0000,8.334,125.354,1360.848,-74.642,1.0000,0.0000,-0.0000,-224.478,98.067,17.149,Static,Stone,shape,000001D1AAF59600,-,0,1,0,-
1089,26138.204,0.0000,impact,ragdoll,Proventus Avenicci,0001A67D,NPC Spine1 [Spn1],6,19.834,19.834,90.174,110.905,1.938,4.0000,18.878,160.515,1408.162,-66.690,0.8627,0.5057,0.0077,21.828,-108.394,8.614,Static,Wood,shape,000001D1AB021C00,-,0,0,0,-
1090,26154.630,0.0000,impact,ragdoll,Proventus Avenicci,0001A67D,NPC R Thigh [RThg],2,77.812,77.812,93.072,82.352,3.137,6.0000,20.487,142.223,1439.453,-56.457,0.7431,0.6690,0.0112,27.777,-75.830,16.124,Static,Wood,shape,000001D1AB021C00,-,0,1,0,-
1091,26172.373,0.0000,impact,ragdoll,Proventus Avenicci,0001A67D,NPC Spine [Spn0],3,27.826,27.826,31.049,84.774,4.422,4.0000,17.297,161.070,1408.441,-68.720,0.8390,0.4897,0.2372,11.428,-83.610,8.080,Static,Wood,shape,000001D1AB021C00,-,0,0,0,-
1092,26172.374,0.0000,impact,ragdoll,Proventus Avenicci,0001A67D,NPC Spine [Spn0],3,29.138,29.138,29.451,84.774,4.422,4.0000,17.297,160.504,1408.446,-66.767,0.8627,0.5057,0.0077,11.428,-83.610,8.080,Static,Wood,shape,000001D1AB021C00,-,0,1,0,-
1093,26172.966,0.0000,impact,ragdoll,Proventus Avenicci,0001A67D,NPC L Forearm [LLar],14,8.421,8.421,27.164,99.036,2.815,2.0000,11.658,177.865,1371.033,-66.621,0.1091,0.5299,-0.8410,-47.122,-87.059,-2.889,-,Skin,shape,000001D1AF7AD600,13,1,1,0,-
1094,26172.966,0.0000,impact,ragdoll,Proventus Avenicci,0001A67D,NPC Head [Head],13,8.421,8.421,27.164,124.585,1.274,4.0000,15.108,177.865,1371.033,-66.621,0.1091,0.5299,-0.8410,-86.568,-86.857,-21.983,-,Skin,shape,000001D1AF7AC700,14,1,1,0,-
1095,26189.595,0.0000,impact,ragdoll,Proventus Avenicci,0001A67D,NPC Spine [Spn0],3,36.417,36.417,73.357,111.932,2.502,4.0000,17.297,164.286,1408.298,-80.197,0.8567,0.5150,0.0291,19.534,-109.906,-8.235,Static,Wood,shape,000001D1AB021C00,-,0,1,0,-
1096,26189.885,0.0000,impact,ragdoll,Proventus Avenicci,0001A67D,NPC L Thigh [LThg],1,10.166,4.811,133.089,138.695,2.099,6.0000,20.487,172.577,1423.184,-79.650,-0.0000,0.0000,1.0000,32.749,-134.766,1.444,Static,Wood,shape,000001D1AB1B7A00,-,0,0,0,-
1097,26206.361,0.0000,impact,ragdoll,Proventus Avenicci,0001A67D,NPC R Calf [RClf],4,124.628,124.628,109.868,189.406,6.981,6.0000,19.675,144.151,1436.132,-52.700,0.8627,0.5057,0.0077,-93.091,-161.723,32.469,Static,Wood,shape,000001D1AB021C00,-,1,1,0,-
1098,26223.062,0.0000,impact,ragdoll,Proventus Avenicci,0001A67D,NPC Spine [Spn0],3,42.616,42.616,92.644,136.255,4.027,4.0000,17.297,164.299,1408.196,-80.192,0.8383,0.5031,0.2100,3.150,-135.866,-9.798,Static,Wood,shape,000001D1AB021C00,-,0,1,0,-
1099,26223.064,0.0000,impact,ragdoll,Proventus Avenicci,0001A67D,NPC R Calf [RClf],4,142.463,142.463,74.525,162.990,1.605,6.0000,19.675,142.226,1439.372,-50.221,0.7431,0.6690,0.0112,-68.250,-147.753,-8.752,Static,Wood,shape,000001D1AB021C00,-,0,1,0,-
1100,26223.682,0.0000,impact,ragdoll,Proventus Avenicci,0001A67D,NPC Spine [Spn0],3,5.511,5.511,115.763,118.763,5.739,4.0000,17.297,175.649,1408.009,-79.652,0.0000,0.0000,1.0000,10.369,-117.356,-14.993,Static,Wood,shape,000001D1AB1B7A00,-,1,1,0,-
1101,26223.683,0.0000,impact,ragdoll,Proventus Avenicci,0001A67D,NPC Spine [Spn0],3,7.337,7.337,114.400,118.763,5.739,4.0000,17.297,175.649,1407.167,-79.650,-0.0000,-0.0000,1.0000,10.369,-117.356,-14.993,Static,Wood,shape,000001D1AAF59600,-,1,1,0,-
1102,26238.842,0.0000,impact,ragdoll,Proventus Avenicci,0001A67D,NPC COM [COM ],0,26.057,26.057,7.781,119.277,9.787,50.0000,17.687,161.067,1408.435,-68.695,0.8489,0.4708,0.2402,24.157,-115.701,16.023,Static,Wood,shape,000001D1AB021C00,-,0,0,0,-
1103,26238.842,0.0000,impact,ragdoll,Proventus Avenicci,0001A67D,NPC COM [COM ],0,27.035,27.035,3.569,119.277,9.787,50.0000,17.687,160.502,1408.449,-66.731,0.8627,0.5057,0.0077,24.157,-115.701,16.023,Static,Wood,shape,000001D1AB021C00,-,0,1,0,-
1104,26238.848,0.0000,impact,ragdoll,Proventus Avenicci,0001A67D,NPC Spine [Spn0],3,8.527,8.527,74.458,141.779,6.351,4.0000,17.297,164.095,1407.506,-80.186,0.9344,-0.2778,0.2230,-32.419,-138.017,1.356,Static,Wood,shape,000001D1AB021C00,-,0,1,0,-
1105,26239.126,0.0000,impact,ragdoll,Proventus Avenicci,0001A67D,NPC L Thigh [LThg],1,11.798,19.511,166.853,155.562,3.401,6.0000,20.487,164.041,1435.582,-79.650,-0.0000,0.0000,1.0000,39.208,-150.237,-9.551,Static,Wood,shape,000001D1AB1B7A00,-,0,0,0,-
1106,26239.137,0.0000,impact,ragdoll,Proventus Avenicci,0001A67D,NPC L Thigh [LThg],1,35.398,34.324,136.207,149.930,4.215,6.0000,20.487,174.941,1408.207,-79.770,0.0000,0.0000,1.0000,37.248,-143.675,21.188,Static,Wood,shape,000001D1AAF59600,-,1,1,0,-
1107,26239.469,0.0000,impact,ragdoll,Proventus Avenicci,0001A67D,NPC L Calf [LClf],5,5.002,5.002,172.865,214.096,4.870,6.0000,19.675,160.929,1440.863,-79.653,0.0000,0.0000,1.0000,-54.000,-207.054,-7.042,Static,Wood,shape,000001D1AB1B7A00,-,0,1,0,-
1108,26239.886,0.0000,impact,ragdoll,Proventus Avenicci,0001A67D,NPC L Thigh [LThg],1,17.475,33.807,137.687,128.586,2.313,6.0000,20.487,164.234,1434.344,-79.650,0.0000,0.0000,1.0000,34.281,-122.639,-17.857,Static,Wood,shape,000001D1AB1B7A00,-,0,0,0,-
1109,26256.059,0.0000,impact,ragdoll,Proventus Avenicci,0001A67D,NPC L Thigh [LThg],1,37.099,51.563,141.888,126.681,2.339,6.0000,20.487,164.304,1433.705,-79.650,0.0000,0.0000,1.0000,15.370,-122.758,-27.245,Static,Wood,shape,000001D1AB1B7A00,-,0,0,0,-
1110,26256.610,0.0000,impact,ragdoll,Proventus Avenicci,0001A67D,NPC L Thigh [LThg],1,64.989,19.943,130.114,116.035,2.331,6.0000,20.487,164.382,1432.418,-79.650,-0.0000,0.0000,1.0000,16.807,-113.928,-14.213,Static,Wood,shape,000001D1AB1B7A00,-,0,0,0,-
1111,26256.617,0.0000,impact,ragdoll,Proventus Avenicci,0001A67D,NPC L Thigh [LThg],1,16.702,15.960,121.943,104.353,6.684,6.0000,20.487,156.523,1419.497,-75.558,0.8382,0.4913,0.2370,15.736,-94.109,42.256,Static,Wood,shape,000001D1AB021C00,-,1,0,0,-
1112,26256.617,0.0000,impact,ragdoll,Proventus Avenicci,0001A67D,NPC L Thigh [LThg],1,23.687,22.788,76.819,104.353,6.684,6.0000,20.487,163.149,1408.408,-76.005,0.9036,0.3432,0.2564,15.736,-94.109,42.256,Static,Wood,shape,000001D1AB021C00,-,0,0,0,-
1113,26256.617,0.0000,impact,ragdoll,Proventus Avenicci,0001A67D,NPC L Thigh [LThg],1,11.465,10.804,159.471,104.353,6.684,6.0000,20.487,152.924,1425.541,-75.671,0.8383,0.5031,0.2100,15.736,-94.109,42.256,Static,Wood,shape,000001D1AB021C00,-,0,1,0,-
1114,26270.437,0.0000,impact,ragdoll,Proventus Avenicci,0001A67D,NPC R Thigh [RThg],2,29.658,29.658,118.083,120.534,3.268,6.0000,20.487,159.807,1409.572,-62.637,0.8627,0.5057,0.0077,11.724,-119.695,8.010,Static,Wood,shape,000001D1AB021C00,-,1,0,0,-
1115,26270.437,0.0000,impact,ragdoll,Proventus Avenicci,0001A67D,NPC R Thigh [RThg],2,17.512,17.512,120.145,120.534,3.268,6.0000,20.487,160.495,1408.491,-62.488,0.9074,0.4203,-0.0045,11.724,-119.695,8.010,Static,Wood,shape,000001D1AB021C00,-,0,0,0,-
1116,26270.438,0.0000,impact,ragdoll,Proventus Avenicci,0001A67D,NPC R Thigh [RThg],2,33.783,33.783,116.795,120.534,3.268,6.0000,20.487,160.161,1409.019,-62.486,0.8437,0.5369,-0.0041,11.724,-119.695,8.010,Static,Wood,shape,000001D1AB021C00,-,0,1,0,-
1117,26270.443,0.0000,impact,ragdoll,Proventus Avenicci,0001A67D,NPC L Calf [LClf],5,157.749,157.749,148.563,184.160,4.755,6.0000,19.675,142.750,1441.540,-73.405,0.7402,0.6303,0.2344,-45.884,-177.350,-18.875,Static,Wood,shape,000001D1AB021C00,-,1,1,0,-
1118,26271.293,0.0000,impact,ragdoll,Proventus Avenicci,0001A67D,NPC L Thigh [LThg],1,13.380,29.504,137.964,118.966,2.927,6.0000,20.487,164.905,1431.007,-79.650,0.0000,-0.0000,1.0000,38.563,-112.457,-4.369,Static,Wood,shape,000001D1AB1B7A00,-,0,0,0,-
1119,26271.304,0.0000,impact,ragdoll,Proventus Avenicci,0001A67D,NPC L Thigh [LThg],1,15.950,15.899,125.697,113.383,2.713,6.0000,20.487,156.810,1419.090,-75.729,0.8383,0.5031,0.2100,35.589,-103.693,28.928,Static,Wood,shape,000001D1AB021C00,-,0,1,0,-
1120,26286.994,0.0000,impact,ragdoll,Proventus Avenicci,0001A67D,NPC L Thigh [LThg],1,45.235,45.235,109.285,124.134,2.376,6.0000,20.487,163.068,1408.406,-75.715,0.8384,0.4907,0.2371,16.722,-120.190,26.155,Static,Wood,shape,000001D1AB021C00,-,0,1,0,-
1121,26287.276,0.0000,impact,ragdoll,Proventus Avenicci,0001A67D,NPC L Thigh [LThg],1,54.869,18.673,148.734,138.369,2.977,6.0000,20.487,165.427,1429.557,-79.650,0.0000,0.0000,1.0000,57.937,-125.446,-7.255,Static,Wood,shape,000001D1AB1B7A00,-,0,0,0,-
1122,26287.789,0.0000,impact,ragdoll,Proventus Avenicci,0001A67D,NPC L Thigh [LThg],1,37.826,25.167,138.649,138.498,3.498,6.0000,20.487,165.837,1428.793,-79.650,-0.0000,-0.0000,1.0000,32.200,-133.234,-19.842,Static,Wood,shape,000001D1AB1B7A00,-,0,0,0,-
1123,26287.796,0.0000,impact,ragdoll,Proventus Avenicci,0001A67D,NPC L Thigh [LThg],1,70.375,68.825,63.372,126.622,5.709,6.0000,20.487,164.365,1408.355,-80.293,0.8567,0.5150,0.0291,28.002,-121.866,19.943,Static,Wood,shape,000001D1AB021C00,-,0,0,0,-
1124,26287.796,0.0000,impact,ragdoll,Proventus Avenicci,0001A67D,NPC L Thigh [LThg],1,45.158,42.713,83.237,126.622,5.709,6.0000,20.487,164.365,1408.355,-80.293,0.7139,0.4149,0.5641,28.002,-121.866,19.943,Static,Wood,shape,000001D1AB021C00,-,0,1,0,-
1125,26301.996,0.0000,impact,ragdoll,Proventus Avenicci,0001A67D,NPC L Thigh [LThg],1,45.049,15.446,148.042,149.104,5.756,6.0000,20.487,166.461,1427.752,-79.650,0.0000,0.0000,1.0000,25.738,-145.819,-17.504,Static,Wood,shape,000001D1AB1B7A00,-,0,0,0,-
1126,26302.244,0.0000,impact,ragdoll,Proventus Avenicci,0001A67D,NPC L Thigh [LThg],1,38.969,38.969,124.811,119.468,8.778,6.0000,20.487,176.800,1408.040,-79.650,0.0000,0.0000,1.0000,18.139,-113.723,31.793,Static,Wood,shape,000001D1AB1B7A00,-,0,1,0,-
1127,26302.245,0.0000,impact,ragdoll,Proventus Avenicci,0001A67D,NPC L Thigh [LThg],1,41.278,41.278,125.916,119.468,8.778,6.0000,20.487,176.952,1407.705,-79.650,0.0000,0.0000,1.0000,18.139,-113.723,31.793,Static,Wood,shape,000001D1AAF59600,-,1,1,0,-
1128,26302.252,0.0000,impact,ragdoll,Proventus Avenicci,0001A67D,NPC R UpperArm [RUar],12,8.576,8.576,86.602,89.528,4.747,2.0000,14.463,141.530,1376.822,-65.306,0.2344,-0.9718,0.0262,-88.736,-11.379,3.425,Static,Wood,shape,000001D1AB021C00,-,0,1,0,-
1129,26302.450,0.0000,impact,ragdoll,Proventus Avenicci,0001A67D,NPC L Thigh [LThg],1,51.150,26.076,142.026,139.755,7.072,6.0000,20.487,167.168,1426.414,-79.650,0.0000,0.0000,1.0000,46.537,-129.922,-22.042,Static,Wood,shape,000001D1AB1B7A00,-,0,0,0,-
1130,26302.457,0.0000,impact,ragdoll,Proventus Avenicci,0001A67D,NPC L Thigh [LThg],1,27.807,26.760,120.267,124.974,9.083,6.0000,20.487,176.435,1407.950,-79.650,0.0000,0.0000,1.0000,41.429,-114.881,26.546,Static,Wood,shape,000001D1AAF59600,-,0,1,0,-
1131,26318.509,0.0000,impact,ragdoll,Proventus Avenicci,0001A67D,NPC R Forearm [RLar],15,50.568,50.568,35.041,72.943,6.252,6.0000,11.658,125.341,1354.218,-71.924,0.9611,0.0000,0.2762,-61.990,-7.923,-37.618,Static,Stone,shape,000001D1AAF59600,-,1,0,0,-
1132,26318.510,0.0000,impact,ragdoll,Proventus Avenicci,0001A67D,NPC R Forearm [RLar],15,50.568,50.568,35.041,72.943,6.252,6.0000,11.658,125.341,1354.218,-71.924,0.9611,0.0000,0.2762,-61.990,-7.923,-37.618,Static,Stone,shape,000001D1AAF59600,-,0,1,0,-
1133,26318.778,0.0000,impact,ragdoll,Proventus Avenicci,0001A67D,NPC L Thigh [LThg],1,21.326,40.949,158.697,155.768,6.045,6.0000,20.487,167.689,1425.464,-79.650,-0.0000,0.0000,1.0000,41.512,-147.119,-29.938,Static,Wood,shape,000001D1AB1B7A00,-,0,0,0,-
1134,26319.382,0.0000,impact,ragdoll,Proventus Avenicci,0001A67D,NPC L Thigh [LThg],1,29.699,11.414,142.328,143.777,5.501,6.0000,20.487,168.291,1424.558,-79.650,0.0000,0.0000,1.0000,54.912,-132.208,-13.321,Static,Wood,shape,000001D1AB1B7A00,-,0,0,0,-
1135,26334.034,0.0000,impact,ragdoll,Proventus Avenicci,0001A67D,NPC R Forearm [RLar],15,57.132,57.132,12.450,35.189,4.470,6.0000,11.658,119.288,1359.552,-71.900,0.0000,0.0000,1.0000,-29.881,7.928,-16.810,Static,Stone,shape,000001D1AAF59600,-,0,1,0,-
1136,26334.301,0.0000,impact,ragdoll,Proventus Avenicci,0001A67D,NPC L Thigh [LThg],1,50.327,12.866,130.885,133.221,4.866,6.0000,20.487,169.122,1423.413,-79.650,-0.0000,0.0000,1.0000,45.155,-124.248,-16.468,Static,Wood,shape,000001D1AB1B7A00,-,0,0,0,-
1137,26334.829,0.0000,impact,ragdoll,Proventus Avenicci,0001A67D,NPC L Thigh [LThg],1,31.160,16.908,120.822,115.486,4.294,6.0000,20.487,169.872,1422.653,-79.650,-0.0000,0.0000,1.0000,55.022,-100.339,-15.547,Static,Wood,shape,000001D1AB1B7A00,-,0,0,0,-
1138,26350.674,0.0000,impact,ragdoll,Proventus Avenicci,0001A67D,NPC R Forearm [RLar],15,16.915,16.915,15.066,38.770,5.380,6.0000,11.658,125.342,1355.009,-71.930,0.9657,0.0000,0.2598,-37.542,3.266,9.112,Static,Stone,shape,000001D1AAF59600,-,0,0,0,-
1139,26350.675,0.0000,impact,ragdoll,Proventus Avenicci,0001A67D,NPC R Forearm [RLar],15,16.915,16.915,15.066,38.770,5.380,6.0000,11.658,125.342,1355.009,-71.930,0.9657,0.0000,0.2598,-37.542,3.266,9.112,Static,Stone,shape,000001D1AAF59600,-,0,1,0,-
1140,26350.925,0.0000,impact,ragdoll,Proventus Avenicci,0001A67D,NPC L Thigh [LThg],1,21.467,10.270,132.772,124.709,3.960,6.0000,20.487,170.482,1421.964,-79.650,-0.0000,-0.0000,1.0000,53.963,-112.266,-6.059,Static,Wood,shape,000001D1AB1B7A00,-,0,0,0,-
1141,26351.352,0.0000,impact,ragdoll,Proventus Avenicci,0001A67D,NPC L Thigh [LThg],1,31.086,10.862,129.654,118.270,3.791,6.0000,20.487,171.316,1421.088,-79.650,0.0000,0.0000,1.0000,59.768,-101.918,-5.323,Static,Wood,shape,000001D1AB1B7A00,-,0,0,0,-
1142,26437.053,0.0000,impact,ragdoll,Proventus Avenicci,0001A67D,NPC L Foot [Lft ],7,47.229,47.229,247.524,229.925,4.673,3.0000,10.011,173.785,1452.241,-79.650,-0.0000,0.0000,1.0000,158.893,-159.760,-45.774,Static,Wood,shape,000001D1AB1B7A00,-,1,1,0,-
1143,26437.592,0.0000,impact,ragdoll,Proventus Avenicci,0001A67D,NPC L Hand [LHnd],16,124.814,124.814,49.433,143.659,5.692,4.0000,8.334,137.214,1347.841,-73.729,0.9963,0.0064,-0.0860,-110.983,-90.884,7.790,-,Skin,shape,000001D1AF7ACD00,17,1,1,0,-
1144,26437.593,0.0000,impact,ragdoll,Proventus Avenicci,0001A67D,NPC R Hand [RHnd],17,124.814,124.814,49.433,78.396,4.858,4.0000,8.334,137.214,1347.841,-73.729,0.9963,0.0064,-0.0860,17.406,-62.232,44.386,-,Skin,shape,000001D1AF7AC400,16,1,1,0,-
1145,26456.073,0.0000,impact,ragdoll,Proventus Avenicci,0001A67D,NPC R Thigh [RThg],2,51.931,51.931,132.019,180.378,3.913,6.0000,20.487,158.473,1411.643,-54.503,0.8627,0.5057,0.0077,-15.400,-179.412,-10.509,Static,Wood,shape,000001D1AB021C00,-,0,1,0,-
1146,26456.077,0.0000,impact,ragdoll,Proventus Avenicci,0001A67D,NPC R Calf [RClf],4,53.068,53.068,134.227,181.195,3.415,6.0000,19.675,157.908,1412.642,-51.425,0.8627,0.5057,0.0077,78.877,-162.356,-15.830,Static,Wood,shape,000001D1AB021C00,-,1,0,0,-
1147,26456.077,0.0000,impact,ragdoll,Proventus Avenicci,0001A67D,NPC R Calf [RClf],4,59.760,59.760,132.372,181.195,3.415,6.0000,19.675,158.276,1412.067,-51.205,0.8437,0.5369,-0.0041,78.877,-162.356,-15.830,Static,Wood,shape,000001D1AB021C00,-,0,1,0,-
1148,26473.830,0.0000,impact,ragdoll,Proventus Avenicci,0001A67D,NPC L Thigh [LThg],1,5.415,5.415,228.941,227.703,3.841,6.0000,20.487,176.745,1407.960,-79.660,0.0000,0.0000,1.0000,-29.957,-225.704,-2.978,Static,Wood,shape,000001D1AB1B7A00,-,1,1,0,-
1149,26473.849,0.0000,impact,ragdoll,Proventus Avenicci,0001A67D,NPC R Hand [RHnd],17,44.875,44.875,89.972,133.685,8.873,4.0000,8.334,125.354,1345.749,-72.007,0.9992,0.0000,0.0404,-47.932,-101.911,72.030,Static,Stone,shape,000001D1AAF59600,-,0,1,0,-
1150,26490.842,0.0000,impact,ragdoll,Proventus Avenicci,0001A67D,NPC L Thigh [LThg],1,14.632,14.632,248.103,246.020,3.275,6.0000,20.487,176.879,1402.484,-79.650,-0.0000,-0.0000,1.0000,-49.071,-240.957,-7.593,Static,Wood,shape,000001D1AAF59600,-,0,1,0,-
1151,26490.852,0.0000,impact,ragdoll,Proventus Avenicci,0001A67D,NPC L Calf [LClf],5,18.935,18.935,248.124,250.035,2.563,6.0000,19.675,177.626,1408.030,-79.650,0.0000,0.0000,1.0000,34.654,-246.447,-24.092,Static,Wood,shape,000001D1AB1B7A00,-,1,1,0,-
1152,26490.852,0.0000,impact,ragdoll,Proventus Avenicci,0001A67D,NPC L Calf [LClf],5,18.842,18.842,248.119,250.035,2.563,6.0000,19.675,177.626,1407.803,-79.650,0.0000,0.0000,1.0000,34.654,-246.447,-24.092,Static,Wood,shape,000001D1AAF59600,-,1,1,0,-
1153,26491.434,0.0000,impact,ragdoll,Proventus Avenicci,0001A67D,NPC R Calf [RClf],4,87.191,87.191,152.200,221.829,5.250,6.0000,19.675,158.315,1411.820,-53.587,0.8627,0.5057,0.0077,39.891,-216.998,-22.986,Static,Wood,shape,000001D1AB021C00,-,0,1,0,-
1154,26527.382,0.0000,impact,ragdoll,Proventus Avenicci,0001A67D,NPC L Forearm [LLar],14,23.811,23.811,27.246,203.084,2.224,2.0000,11.658,157.901,1342.087,-70.524,-0.1081,-0.8683,-0.4842,-129.007,-156.845,0.250,-,Skin,shape,000001D1AF7ADF00,6,1,1,0,-
1155,26527.383,0.0000,impact,ragdoll,Proventus Avenicci,0001A67D,NPC Spine1 [Spn1],6,23.811,23.811,27.246,224.090,2.165,4.0000,18.878,157.901,1342.087,-70.524,-0.1081,-0.8683,-0.4842,-98.324,-199.367,28.307,-,Skin,shape,000001D1AF7AC700,14,1,1,0,-
1156,26545.115,0.0000,impact,ragdoll,Proventus Avenicci,0001A67D,NPC L Calf [LClf],5,11.565,11.565,1.222,246.610,2.556,6.0000,19.675,171.575,1390.990,-62.192,0.4682,0.1511,-0.8706,16.861,-246.023,2.233,-,Skin,shape,000001D1AF7AEB00,2,1,1,0,-
1157,26545.116,0.0000,impact,ragdoll,Proventus Avenicci,0001A67D,NPC R Thigh [RThg],2,11.565,11.565,1.222,218.986,3.230,6.0000,20.487,171.575,1390.990,-62.192,0.4682,0.1511,-0.8706,-41.472,-214.496,-15.037,-,Skin,shape,000001D1AF7AF100,5,1,1,0,-
1158,26562.961,0.0000,impact,ragdoll,Proventus Avenicci,0001A67D,NPC Spine2 [Spn2],9,65.250,65.250,68.778,224.860,0.703,7.0000,23.052,133.384,1336.024,-66.596,0.8077,-0.0910,0.5826,-88.778,-206.521,5.442,-,Skin,shape,000001D1AF7ACD00,17,1,1,0,-
1159,26562.961,0.0000,impact,ragdoll,Proventus Avenicci,0001A67D,NPC R Hand [RHnd],17,65.250,65.250,68.778,146.112,3.928,4.0000,8.334,133.384,1336.024,-66.596,0.8077,-0.0910,0.5826,-14.061,-142.874,27.165,-,Skin,shape,000001D1AF7ADC00,9,1,1,0,-
1160,26580.201,0.0000,impact,ragdoll,Proventus Avenicci,0001A67D,NPC L Forearm [LLar],14,53.210,53.210,77.561,218.479,1.860,2.0000,11.658,132.520,1330.927,-71.089,0.6953,-0.5706,-0.4370,-116.692,-184.696,1.838,-,Skin,shape,000001D1AF7ACD00,17,1,1,0,-
1161,26580.202,0.0000,impact,ragdoll,Proventus Avenicci,0001A67D,NPC R Hand [RHnd],17,53.210,53.210,77.561,178.946,6.450,4.0000,8.334,132.520,1330.927,-71.089,0.6953,-0.5706,-0.4370,-19.572,-175.178,30.842,-,Skin,shape,000001D1AF7AC700,14,1,1,0,-
1162,26596.654,0.0000,impact,ragdoll,Proventus Avenicci,0001A67D,NPC L Calf [LClf],5,25.889,25.889,14.088,251.692,1.767,6.0000,19.675,171.220,1383.150,-61.700,0.4385,0.0234,-0.8984,-10.562,-251.433,4.319,-,Skin,shape,000001D1AF7AEB00,2,0,1,0,-
1163,26596.654,0.0000,impact,ragdoll,Proventus Avenicci,0001A67D,NPC R Thigh [RThg],2,25.889,25.889,14.088,231.746,2.955,6.0000,20.487,171.220,1383.150,-61.700,0.4385,0.0234,-0.8984,-37.055,-228.596,-8.763,-,Skin,shape,000001D1AF7AF100,5,0,1,0,-
1164,26612.854,0.0000,impact,ragdoll,Proventus Avenicci,0001A67D,NPC L Hand [LHnd],16,88.548,88.548,180.430,199.185,0.541,4.0000,8.334,125.354,1321.502,-74.617,1.0000,0.0000,-0.0000,-88.552,-178.345,5.126,Static,Stone,shape,000001D1AAF59600,-,0,1,0,-
1165,26679.111,0.0000,impact,ragdoll,Proventus Avenicci,0001A67D,NPC L Thigh [LThg],1,12.335,12.335,214.228,207.737,1.043,6.0000,20.487,171.495,1356.819,-79.650,-0.0000,0.0000,1.0000,-35.353,-204.614,-6.172,Static,Wood,shape,000001D1AAF59600,-,0,1,0,-
1166,26695.611,0.0000,impact,ragdoll,Proventus Avenicci,0001A67D,NPC R Forearm [RLar],15,25.090,25.090,251.936,235.941,5.542,6.0000,11.658,112.750,1312.016,-71.671,0.0000,-0.0000,1.0000,-87.053,-218.402,-19.757,Static,Stone,shape,000001D1AAF59600,-,1,0,0,-
1167,26695.612,0.0000,impact,ragdoll,Proventus Avenicci,0001A67D,NPC R Forearm [RLar],15,26.313,26.313,252.506,235.941,5.542,6.0000,11.658,113.001,1311.984,-71.671,0.0000,0.0000,1.0000,-87.053,-218.402,-19.757,Static,Stone,shape,000001D1AAF59600,-,0,1,0,-
1168,26713.560,0.0000,impact,ragdoll,Proventus Avenicci,0001A67D,NPC R Hand [RHnd],17,9.200,9.200,351.372,287.600,22.425,4.0000,8.334,111.912,1303.410,-71.672,0.0000,0.0000,1.0000,-192.905,-213.275,-3.943,Static,Stone,shape,000001D1AAF59600,-,0,1,0,-
1169,26714.098,0.0000,impact,ragdoll,Proventus Avenicci,0001A67D,NPC Spine1 [Spn1],6,50.909,50.909,48.866,196.440,0.326,4.0000,18.878,134.225,1306.729,-71.259,0.8448,0.3096,0.4364,-39.278,-192.433,3.901,-,Skin,shape,000001D1AF7AC400,16,1,1,0,-
1170,26714.098,0.0000,impact,ragdoll,Proventus Avenicci,0001A67D,NPC L Hand [LHnd],16,50.909,50.909,48.866,136.013,2.421,4.0000,8.334,134.225,1306.729,-71.259,0.8448,0.3096,0.4364,-0.025,-135.973,3.300,-,Skin,shape,000001D1AF7ADF00,6,1,1,0,-
1171,26783.686,0.0000,impact,ragdoll,Proventus Avenicci,0001A67D,NPC R Forearm [RLar],15,34.730,34.730,278.007,240.553,4.550,6.0000,11.658,110.850,1296.591,-71.764,0.0000,0.0000,1.0000,-91.033,-220.717,-29.371,Static,Stone,shape,000001D1AAF59600,-,0,1,0,-
1172,26802.445,0.0000,impact,ragdoll,Proventus Avenicci,0001A67D,NPC L Calf [LClf],5,9.405,9.405,193.631,185.618,1.022,6.0000,19.675,180.086,1353.411,-79.656,0.0000,0.0000,1.0000,-16.961,-184.704,-7.110,Static,Wood,shape,000001D1AAF59600,-,0,1,0,-
1173,26890.940,0.0000,impact,ragdoll,Proventus Avenicci,0001A67D,NPC Spine [Spn0],3,35.896,35.896,11.110,156.840,0.113,4.0000,17.297,134.289,1283.804,-72.514,0.8551,0.4481,0.2608,-33.675,-153.162,2.480,-,Skin,shape,000001D1AF7AC400,16,1,1,0,-
1174,26890.940,0.0000,impact,ragdoll,Proventus Avenicci,0001A67D,NPC L Hand [LHnd],16,35.896,35.896,11.110,137.266,1.110,4.0000,8.334,134.289,1283.804,-72.514,0.8551,0.4481,0.2608,0.018,-137.249,2.100,-,Skin,shape,000001D1AF7AE200,3,1,1,0,-
1175,26937.994,0.0000,impact,ragdoll,Proventus Avenicci,0001A67D,NPC Spine [Spn0],3,55.727,55.727,37.103,145.152,0.947,4.0000,17.297,136.763,1273.576,-74.134,0.6165,0.6832,0.3913,-26.855,-142.477,6.937,-,Skin,shape,000001D1AF7AC700,14,1,1,0,-
1176,26937.995,0.0000,impact,ragdoll,Proventus Avenicci,0001A67D,NPC L Forearm [LLar],14,55.727,55.727,37.103,102.612,2.379,2.0000,11.658,136.763,1273.576,-74.134,0.6165,0.6832,0.3913,8.665,-102.204,2.926,-,Skin,shape,000001D1AF7AE200,3,1,1,0,-
1177,27021.581,0.0000,impact,ragdoll,Proventus Avenicci,0001A67D,NPC Head [Head],13,52.686,52.686,101.335,127.329,1.883,4.0000,15.108,120.083,1236.394,-71.671,-0.0000,-0.0000,1.0000,3.386,-115.747,-52.953,Static,Stone,shape,000001D1AAF59600,-,1,1,0,-
1178,27039.711,0.0000,impact,ragdoll,Proventus Avenicci,0001A67D,NPC R UpperArm [RUar],12,31.730,31.730,125.775,122.831,1.522,2.0000,14.463,105.754,1261.029,-71.671,0.0000,-0.0000,1.0000,-0.505,-120.020,-26.120,Static,Stone,shape,000001D1AAF59600,-,1,1,0,-
1179,27040.216,0.0000,impact,ragdoll,Proventus Avenicci,0001A67D,NPC Head [Head],13,70.021,70.021,41.228,105.162,5.842,4.0000,15.108,107.578,1241.593,-65.641,0.8268,-0.5067,0.2442,-0.838,-101.364,-27.993,-,Skin,shape,000001D1AF7ACD00,17,1,1,0,-
1180,27040.216,0.0000,impact,ragdoll,Proventus Avenicci,0001A67D,NPC R Hand [RHnd],17,70.021,70.021,41.228,136.304,3.053,4.0000,8.334,107.578,1241.593,-65.641,0.8268,-0.5067,0.2442,63.735,-120.486,0.016,-,Skin,shape,000001D1AF7AD600,13,1,1,0,-
1181,27092.011,0.0000,impact,ragdoll,Proventus Avenicci,0001A67D,NPC R Forearm [RLar],15,13.017,13.017,108.245,112.480,1.959,6.0000,11.658,96.535,1256.183,-71.796,0.0000,0.0000,1.0000,-3.527,-112.419,-1.094,Static,Stone,shape,000001D1AAF59600,-,0,1,0,-
1182,27362.255,0.0000,impact,ragdoll,Proventus Avenicci,0001A67D,NPC R Forearm [RLar],15,8.477,8.477,47.215,45.477,0.825,6.0000,11.658,103.199,1236.714,-71.671,0.0000,-0.0000,1.0000,2.257,-45.123,-5.195,Static,Stone,shape,000001D1AAF59600,-,0,0,0,-
1183,27362.256,0.0000,impact,ragdoll,Proventus Avenicci,0001A67D,NPC R Forearm [RLar],15,7.626,7.626,47.197,45.477,0.825,6.0000,11.658,103.404,1235.106,-71.671,0.0000,0.0000,1.0000,2.257,-45.123,-5.195,Static,Stone,shape,000001D1AAF59600,-,0,1,0,-
1184,27520.285,0.0000,impact,ragdoll,Proventus Avenicci,0001A67D,NPC R Forearm [RLar],15,6.278,6.278,17.212,28.103,3.867,6.0000,11.658,103.241,1233.827,-71.671,0.0000,0.0000,1.0000,-14.945,4.474,-23.375,Static,Stone,shape,000001D1AAF59600,-,0,1,0,-
1185,27533.060,0.0000,state,unknown,Proventus Avenicci,0001A67D,-,-,0.000,0.000,0.000,0.000,0.000,0.0000,0.000,0.000,0.000,0.000,0.0000,0.0000,0.0000,0.000,0.000,0.000,-,-,-,0000000000000000,-,0,0,0,knock_get_up
1186,28798.513,0.0000,state,unknown,Proventus Avenicci,0001A67D,-,-,0.000,0.000,0.000,0.000,0.000,0.0000,0.000,0.000,0.000,0.000,0.0000,0.0000,0.0000,0.000,0.000,0.000,-,-,-,0000000000000000,-,0,0,0,ragdoll_start
1187,28818.758,0.0000,impact,ragdoll,Proventus Avenicci,0001A67D,NPC R Foot [Rft ],8,44.092,44.092,368.154,44.203,41.702,3.0000,10.011,167.228,1278.457,-72.634,-0.9827,-0.0402,0.1808,14.633,34.683,23.171,-,Skin,shape,000001D1AF7AF100,5,1,1,0,-
1188,28818.758,0.0000,impact,ragdoll,Proventus Avenicci,0001A67D,NPC L Calf [LClf],5,44.092,44.092,368.154,51.469,10.229,6.0000,19.675,167.228,1278.457,-72.634,-0.9827,-0.0402,0.1808,-44.464,-23.621,10.680,-,Skin,shape,000001D1AF7AE500,8,1,1,0,-
1189,28850.677,0.0000,impact,ragdoll,Proventus Avenicci,0001A67D,NPC R Calf [RClf],4,169.403,169.403,259.436,115.709,30.351,6.0000,19.675,165.879,1277.541,-70.469,-0.9442,0.0418,0.3268,76.233,79.711,34.975,-,Skin,shape,000001D1AF7AF100,5,1,1,0,-
1190,28850.677,0.0000,impact,ragdoll,Proventus Avenicci,0001A67D,NPC L Calf [LClf],5,169.403,169.403,259.436,48.470,8.892,6.0000,19.675,165.879,1277.541,-70.469,-0.9442,0.0418,0.3268,-31.493,-36.725,-2.957,-,Skin,shape,000001D1AF7AE800,4,1,1,0,-
1191,28934.401,0.0000,impact,ragdoll,Proventus Avenicci,0001A67D,NPC Spine2 [Spn2],9,19.021,19.021,157.858,175.457,8.216,7.0000,23.052,123.533,1250.052,-48.110,0.5178,-0.3876,0.7627,-107.193,116.323,75.919,-,Skin,shape,000001D1AF7AD000,15,1,1,0,-
1192,28934.402,0.0000,impact,ragdoll,Proventus Avenicci,0001A67D,NPC R Forearm [RLar],15,19.021,19.021,157.858,166.502,48.962,6.0000,11.658,123.533,1250.052,-48.110,0.5178,-0.3876,0.7627,-75.538,99.946,109.671,-,Skin,shape,000001D1AF7ADC00,9,1,1,0,-
1193,28934.971,0.0000,impact,ragdoll,Proventus Avenicci,0001A67D,NPC Spine1 [Spn1],6,64.274,64.274,24.337,164.400,4.632,4.0000,18.878,124.317,1251.864,-49.138,0.9607,-0.1213,0.2495,-137.031,86.478,27.772,-,Skin,shape,000001D1AF7AD000,15,1,1,0,-
1194,28934.971,0.0000,impact,ragdoll,Proventus Avenicci,0001A67D,NPC R Forearm [RLar],15,64.274,64.274,24.337,148.003,9.881,6.0000,11.658,124.317,1251.864,-49.138,0.9607,-0.1213,0.2495,-57.702,111.521,78.347,-,Skin,shape,000001D1AF7ADF00,6,1,1,0,-
1195,28950.869,0.0000,impact,ragdoll,Proventus Avenicci,0001A67D,NPC L Foot [Lft ],7,90.075,90.075,426.453,253.716,25.723,3.0000,10.011,202.629,1287.935,-78.124,-0.6587,0.0000,0.7524,94.241,-235.552,-2.371,Static,Carpet,shape,000001D1AC943100,-,1,1,0,-
1196,29002.585,0.0000,impact,ragdoll,Proventus Avenicci,0001A67D,NPC R Calf [RClf],4,44.163,44.163,156.625,205.130,7.055,6.0000,19.675,171.320,1277.583,-79.650,0.0000,-0.0000,1.0000,198.240,-52.069,-8.242,Static,Wood,shape,000001D1AAF59600,-,0,1,0,-
1197,29036.282,0.0000,impact,ragdoll,Proventus Avenicci,0001A67D,NPC Spine [Spn0],3,117.050,117.050,242.052,172.519,5.147,4.0000,17.297,116.182,1262.752,-53.872,0.9998,-0.0150,-0.0157,-136.465,100.936,-30.852,-,Skin,shape,000001D1AF7AD000,15,1,1,0,-
1198,29036.283,0.0000,impact,ragdoll,Proventus Avenicci,0001A67D,NPC R Forearm [RLar],15,117.050,117.050,242.052,200.748,35.033,6.0000,11.658,116.182,1262.752,-53.872,0.9998,-0.0150,-0.0157,-56.510,171.832,87.063,-,Skin,shape,000001D1AF7AE200,3,1,1,0,-
1199,29125.518,0.0000,impact,ragdoll,Proventus Avenicci,0001A67D,NPC COM [COM ],0,89.372,89.372,15.414,150.326,7.994,50.0000,17.687,125.016,1269.793,-75.978,1.0000,0.0000,0.0000,-129.762,74.668,-13.575,Static,Stone,shape,000001D1AAF59600,-,1,0,0,-
1200,29125.519,0.0000,impact,ragdoll,Proventus Avenicci,0001A67D,NPC COM [COM ],0,19.725,19.725,106.416,150.326,7.994,50.0000,17.687,125.006,1268.951,-71.671,0.1045,0.0000,0.9945,-129.762,74.668,-13.575,Static,Stone,shape,000001D1AAF59600,-,0,0,0,-
1201,29125.519,0.0000,impact,ragdoll,Proventus Avenicci,0001A67D,NPC COM [COM ],0,9.313,9.313,107.828,150.326,7.994,50.0000,17.687,125.006,1268.951,-71.671,0.0058,-0.0000,1.0000,-129.762,74.668,-13.575,Static,Stone,shape,000001D1AAF59600,-,0,1,0,-
1202,29125.520,0.0000,impact,ragdoll,Proventus Avenicci,0001A67D,NPC L Thigh [LThg],1,41.005,41.005,178.487,200.223,7.310,6.0000,20.487,125.072,1263.763,-71.678,0.1934,0.0000,0.9811,-200.041,-8.408,-1.420,Static,Stone,shape,000001D1AAF59600,-,1,0,0,-
1203,29125.520,0.0000,impact,ragdoll,Proventus Avenicci,0001A67D,NPC L Thigh [LThg],1,41.005,41.005,178.487,200.223,7.310,6.0000,20.487,125.072,1263.763,-71.678,0.1934,0.0000,0.9811,-200.041,-8.408,-1.420,Static,Stone,shape,000001D1AAF59600,-,0,1,0,-
1204,29145.970,0.0000,impact,ragdoll,Proventus Avenicci,0001A67D,NPC L Thigh [LThg],1,99.047,99.047,24.184,140.657,6.986,6.0000,20.487,125.064,1262.911,-76.197,1.0000,0.0000,0.0000,-137.446,-29.863,-1.051,Static,Stone,shape,000001D1AAF59600,-,0,1,0,-
1205,29213.821,0.0000,impact,ragdoll,Proventus Avenicci,0001A67D,NPC L Calf [LClf],5,61.645,61.645,317.085,400.181,10.379,6.0000,19.675,125.091,1242.372,-71.682,0.2485,0.0000,0.9686,-398.100,30.580,26.947,Static,Stone,shape,000001D1AAF59600,-,1,0,0,-
1206,29213.821,0.0000,impact,ragdoll,Proventus Avenicci,0001A67D,NPC L Calf [LClf],5,61.645,61.645,317.085,400.181,10.379,6.0000,19.675,125.091,1242.372,-71.682,0.2485,0.0000,0.9686,-398.100,30.580,26.947,Static,Stone,shape,000001D1AAF59600,-,0,1,0,-
1207,29229.820,0.0000,impact,ragdoll,Proventus Avenicci,0001A67D,NPC L Calf [LClf],5,331.628,331.628,112.425,390.880,9.680,6.0000,19.675,125.091,1232.986,-77.136,1.0000,0.0000,0.0000,-379.695,42.514,82.529,Static,Stone,shape,000001D1AAF59600,-,0,1,0,-
1208,29229.826,0.0000,impact,ragdoll,Proventus Avenicci,0001A67D,NPC R Forearm [RLar],15,120.206,120.206,281.642,316.940,5.460,6.0000,11.658,92.810,1302.605,-71.740,-0.5964,-0.0000,0.8027,-126.111,161.728,-241.642,Static,Stone,shape,000001D1AAF59600,-,1,0,0,-
1209,29229.827,0.0000,impact,ragdoll,Proventus Avenicci,0001A67D,NPC R Forearm [RLar],15,120.206,120.206,281.642,316.940,5.460,6.0000,11.658,92.810,1302.605,-71.740,-0.5964,-0.0000,0.8027,-126.111,161.728,-241.642,Static,Stone,shape,000001D1AAF59600,-,0,1,0,-
1210,29229.830,0.0000,impact,ragdoll,Proventus Avenicci,0001A67D,NPC R Hand [RHnd],17,253.539,253.539,307.378,373.781,11.525,4.0000,8.334,79.205,1299.080,-79.651,0.0000,0.0000,1.0000,-141.420,235.289,-253.676,Static,Wood,shape,000001D0D9F29000,-,1,1,0,-
1211,29230.101,0.0000,impact,ragdoll,Proventus Avenicci,0001A67D,NPC L Foot [Lft ],7,469.400,427.210,273.020,424.152,30.061,3.0000,10.011,125.354,1217.432,-74.779,1.0000,0.0000,0.0000,-397.653,118.288,88.233,Static,Stone,shape,000001D1AAF59600,-,0,0,0,-
1212,29230.113,0.0000,impact,ragdoll,Proventus Avenicci,0001A67D,NPC L Foot [Lft ],7,30.281,-6.874,718.966,193.905,71.733,3.0000,10.011,128.201,1216.130,-79.671,-0.0000,-0.1045,0.9945,86.461,108.780,135.242,Static,Stone,shape,000001D0D9F29000,-,1,0,0,-
1213,29230.113,0.0000,impact,ragdoll,Proventus Avenicci,0001A67D,NPC L Foot [Lft ],7,8.380,-30.315,718.359,193.905,71.733,3.0000,10.011,128.201,1216.130,-79.671,0.0000,0.0000,1.0000,86.461,108.780,135.242,Static,Wood,shape,000001D0D9F29000,-,0,0,0,-
1214,29247.806,0.0000,impact,ragdoll,Proventus Avenicci,0001A67D,NPC R UpperArm [RUar],12,74.876,74.876,124.173,189.305,8.290,2.0000,14.463,94.535,1314.006,-71.671,0.0000,-0.0000,1.0000,-109.299,104.054,-114.293,Static,Stone,shape,000001D1AAF59600,-,1,0,0,-
1215,29247.807,0.0000,impact,ragdoll,Proventus Avenicci,0001A67D,NPC R UpperArm [RUar],12,99.416,99.416,117.560,189.305,8.290,2.0000,14.463,98.083,1317.069,-71.681,0.0000,0.0000,1.0000,-109.299,104.054,-114.293,Static,Stone,shape,000001D1AAF59600,-,0,1,0,-
1216,29263.644,0.0000,impact,ragdoll,Proventus Avenicci,0001A67D,NPC L Foot [Lft ],7,29.747,29.747,334.026,324.544,6.604,3.0000,10.011,125.188,1221.597,-71.723,0.5250,0.0000,0.8511,-249.659,165.304,125.193,Static,Stone,shape,000001D1AAF59600,-,0,0,0,-
1217,29263.645,0.0000,impact,ragdoll,Proventus Avenicci,0001A67D,NPC L Foot [Lft ],7,29.747,29.747,334.026,324.544,6.604,3.0000,10.011,125.188,1221.597,-71.723,0.5250,0.0000,0.8511,-249.659,165.304,125.193,Static,Stone,shape,000001D1AAF59600,-,0,1,0,-
1218,29263.647,0.0000,impact,ragdoll,Proventus Avenicci,0001A67D,NPC R UpperArm [RUar],12,151.109,151.109,83.806,180.528,13.278,2.0000,14.463,97.643,1325.594,-71.671,-0.0000,-0.0000,1.0000,-110.032,105.829,-96.351,Static,Stone,shape,000001D1AAF59600,-,1,0,0,-
1219,29263.647,0.0000,impact,ragdoll,Proventus Avenicci,0001A67D,NPC R UpperArm [RUar],12,148.652,148.652,83.550,180.528,13.278,2.0000,14.463,98.388,1325.570,-71.674,0.0000,0.0000,1.0000,-110.032,105.829,-96.351,Static,Stone,shape,000001D1AAF59600,-,0,0,0,-
1220,29263.647,0.0000,impact,ragdoll,Proventus Avenicci,0001A67D,NPC R UpperArm [RUar],12,61.770,61.770,105.990,180.528,13.278,2.0000,14.463,93.052,1318.397,-71.673,-0.1045,-0.0000,0.9945,-110.032,105.829,-96.351,Static,Stone,shape,000001D1AAF59600,-,0,1,0,-
1221,29332.026,0.0000,impact,ragdoll,Proventus Avenicci,0001A67D,NPC R Thigh [RThg],2,106.818,106.818,21.119,280.321,3.129,6.0000,20.487,104.203,1276.561,-54.145,0.7097,0.6882,0.1509,-254.275,108.074,47.371,-,Skin,shape,000001D1AF7AF400,1,0,1,0,-
1222,29332.027,0.0000,impact,ragdoll,Proventus Avenicci,0001A67D,NPC L Thigh [LThg],1,106.818,106.818,21.119,287.800,1.497,6.0000,20.487,104.203,1276.561,-54.145,0.7097,0.6882,0.1509,-217.548,182.373,47.350,-,Skin,shape,000001D1AF7AEB00,2,0,1,0,-
1223,29332.027,0.0000,impact,ragdoll,Proventus Avenicci,0001A67D,NPC Spine [Spn0],3,64.057,64.057,114.376,276.507,1.785,4.0000,17.297,84.641,1317.033,-58.586,0.4538,-0.7584,0.4679,-212.350,165.643,62.657,-,Skin,shape,000001D1AF7AD000,15,1,1,0,-
1224,29332.027,0.0000,impact,ragdoll,Proventus Avenicci,0001A67D,NPC R Forearm [RLar],15,64.057,64.057,114.376,155.230,4.762,6.0000,11.658,84.641,1317.033,-58.586,0.4538,-0.7584,0.4679,-76.751,131.780,28.980,-,Skin,shape,000001D1AF7AE200,3,1,1,0,-
1225,29366.918,0.0000,impact,ragdoll,Proventus Avenicci,0001A67D,NPC R Thigh [RThg],2,128.855,128.855,41.058,287.440,4.027,6.0000,20.487,99.901,1274.752,-54.014,0.7520,0.6321,0.1869,-262.249,111.794,36.729,-,Skin,shape,000001D1AF7AF100,5,1,1,0,-
1226,29366.918,0.0000,impact,ragdoll,Proventus Avenicci,0001A67D,NPC L Calf [LClf],5,128.855,128.855,41.058,286.437,2.874,6.0000,19.675,99.901,1274.752,-54.014,0.7520,0.6321,0.1869,-210.002,176.269,82.913,-,Skin,shape,000001D1AF7AEB00,2,1,1,0,-
1227,29420.100,0.0000,impact,ragdoll,Proventus Avenicci,0001A67D,NPC R Calf [RClf],4,14.038,14.038,23.315,314.152,2.386,6.0000,19.675,85.250,1285.111,-50.162,0.9982,0.0235,0.0545,-296.005,104.043,15.750,-,Skin,shape,000001D1AF7AF400,1,1,1,0,-
1228,29420.102,0.0000,impact,ragdoll,Proventus Avenicci,0001A67D,NPC L Thigh [LThg],1,14.038,14.038,23.315,290.443,2.732,6.0000,20.487,85.250,1285.111,-50.162,0.9982,0.0235,0.0545,-242.467,158.816,18.550,-,Skin,shape,000001D1AF7AE800,4,1,1,0,-
1229,29455.601,0.0000,impact,ragdoll,Proventus Avenicci,0001A67D,NPC R Calf [RClf],4,11.756,11.756,18.281,312.495,2.004,6.0000,19.675,76.515,1285.983,-50.011,0.9504,0.3069,0.0504,-288.825,119.289,-1.719,-,Skin,shape,000001D1AF7AF100,5,1,1,0,-
1230,29455.602,0.0000,impact,ragdoll,Proventus Avenicci,0001A67D,NPC L Calf [LClf],5,11.756,11.756,18.281,303.571,1.087,6.0000,19.675,76.515,1285.983,-50.011,0.9504,0.3069,0.0504,-263.232,151.196,-1.963,-,Skin,shape,000001D1AF7AE800,4,1,1,0,-
1231,29506.774,0.0000,impact,ragdoll,Proventus Avenicci,0001A67D,NPC Spine [Spn0],3,6.562,6.562,25.381,278.787,1.821,4.0000,17.297,54.503,1344.603,-59.736,0.2388,-0.8135,0.5303,-216.087,168.307,-51.975,-,Skin,shape,000001D1AF7AD000,15,1,1,0,-
1232,29506.774,0.0000,impact,ragdoll,Proventus Avenicci,0001A67D,NPC R Forearm [RLar],15,6.562,6.562,25.381,245.132,5.077,6.0000,11.658,54.503,1344.603,-59.736,0.2388,-0.8135,0.5303,-185.239,157.509,-31.102,-,Skin,shape,000001D1AF7AE200,3,1,1,0,-
1233,29586.000,0.0000,impact,ragdoll,Proventus Avenicci,0001A67D,NPC Spine [Spn0],3,106.497,106.497,31.889,286.599,1.668,4.0000,17.297,25.628,1348.985,-70.707,0.4760,-0.2291,0.8491,-209.557,165.923,-103.413,-,Skin,shape,000001D1AF7ACD00,17,1,1,0,-
1234,29586.002,0.0000,impact,ragdoll,Proventus Avenicci,0001A67D,NPC R Hand [RHnd],17,106.497,106.497,31.889,236.339,5.808,4.0000,8.334,25.628,1348.985,-70.707,0.4760,-0.2291,0.8491,-192.751,136.760,0.044,-,Skin,shape,000001D1AF7AE200,3,1,1,0,-
1235,29602.261,0.0000,impact,ragdoll,Proventus Avenicci,0001A67D,NPC R UpperArm [RUar],12,127.766,127.766,235.149,247.125,3.769,2.0000,14.463,47.322,1376.476,-79.651,0.0000,0.0000,1.0000,-183.090,124.268,-110.029,Static,Wood,shape,000001D0D9F29000,-,1,1,0,-
1236,29602.936,0.0000,impact,ragdoll,Proventus Avenicci,0001A67D,NPC R Forearm [RLar],15,23.634,23.634,240.486,242.221,2.402,6.0000,11.658,23.390,1357.916,-79.651,0.0000,0.0000,1.0000,-195.738,138.485,-34.340,Static,Wood,shape,000001D0D9F29000,-,1,1,0,-
1237,29635.215,0.0000,impact,ragdoll,Proventus Avenicci,0001A67D,NPC COM [COM ],0,98.790,98.790,47.912,285.812,6.975,50.0000,17.687,15.783,1354.983,-71.804,0.5124,-0.5945,0.6197,-211.061,172.252,-86.437,-,Skin,shape,000001D1AF7ACD00,17,1,1,0,-
1238,29635.215,0.0000,impact,ragdoll,Proventus Avenicci,0001A67D,NPC R Hand [RHnd],17,98.790,98.790,47.912,212.888,11.010,4.0000,8.334,15.783,1354.983,-71.804,0.5124,-0.5945,0.6197,-158.351,142.289,0.026,-,-,-,000001D1AF7AF700,0,1,1,0,-
1239,29635.852,0.0000,impact,ragdoll,Proventus Avenicci,0001A67D,NPC COM [COM ],0,46.097,46.097,50.547,273.620,7.546,50.0000,17.687,18.773,1359.490,-71.293,0.2208,-0.8018,0.5553,-204.439,167.880,-69.919,-,Skin,shape,000001D1AF7AD000,15,1,1,0,-
1240,29635.852,0.0000,impact,ragdoll,Proventus Avenicci,0001A67D,NPC R Forearm [RLar],15,46.097,46.097,50.547,187.305,10.611,6.0000,11.658,18.773,1359.490,-71.293,0.2208,-0.8018,0.5553,-143.549,120.313,1.245,-,-,-,000001D1AF7AF700,0,1,1,0,-
1241,29652.650,0.0000,impact,ragdoll,Proventus Avenicci,0001A67D,NPC Spine1 [Spn1],6,23.305,23.305,35.321,178.421,2.956,4.0000,18.878,12.301,1363.312,-71.178,0.6125,0.2490,0.7503,-151.273,94.551,-3.265,-,Skin,shape,000001D1AF7ACD00,17,1,1,0,-
1242,29652.651,0.0000,impact,ragdoll,Proventus Avenicci,0001A67D,NPC R Hand [RHnd],17,23.305,23.305,35.321,191.412,10.603,4.0000,8.334,12.301,1363.312,-71.178,0.6125,0.2490,0.7503,-143.595,126.567,0.054,-,Skin,shape,000001D1AF7ADF00,6,1,1,0,-
1243,29669.526,0.0000,impact,ragdoll,Proventus Avenicci,0001A67D,NPC L Thigh [LThg],1,170.405,170.405,164.929,314.976,4.755,6.0000,20.487,8.513,1359.411,-72.076,0.2640,-0.7832,0.5629,-221.701,204.842,-89.987,-,Skin,shape,000001D1AF7ACD00,17,1,1,0,-
1244,29669.526,0.0000,impact,ragdoll,Proventus Avenicci,0001A67D,NPC R Hand [RHnd],17,170.405,170.405,164.929,125.587,10.810,4.0000,8.334,8.513,1359.411,-72.076,0.2640,-0.7832,0.5629,-119.518,38.567,0.009,-,Skin,shape,000001D1AF7AF400,1,1,1,0,-
1245,29669.529,0.0000,impact,ragdoll,Proventus Avenicci,0001A67D,NPC L Foot [Lft ],7,171.892,171.892,385.470,440.533,6.650,3.0000,10.011,15.064,1290.410,-79.651,0.0000,0.0000,1.0000,-357.691,185.802,-177.775,Static,Wood,shape,000001D0D9F29000,-,1,1,0,-
1246,29702.727,0.0000,impact,ragdoll,Proventus Avenicci,0001A67D,NPC R Thigh [RThg],2,174.535,174.535,327.659,288.160,5.815,6.0000,20.487,23.988,1329.939,-79.651,-0.0000,0.0000,1.0000,-221.042,142.811,-117.395,Static,Wood,shape,000001D0D9F29000,-,1,1,0,-
1247,29702.729,0.0000,impact,ragdoll,Proventus Avenicci,0001A67D,NPC R Calf [RClf],4,53.835,53.835,40.788,358.737,2.169,6.0000,19.675,12.987,1326.377,-72.915,0.9926,-0.1191,0.0246,-264.311,157.415,-184.533,-,Skin,shape,000001D1AF7AF100,5,1,1,0,-
1248,29702.729,0.0000,impact,ragdoll,Proventus Avenicci,0001A67D,NPC L Calf [LClf],5,53.835,53.835,40.788,350.861,5.952,6.0000,19.675,12.987,1326.377,-72.915,0.9926,-0.1191,0.0246,-261.389,199.464,-122.448,-,Skin,shape,000001D1AF7AE800,4,1,1,0,-
1249,29702.730,0.0000,impact,ragdoll,Proventus Avenicci,0001A67D,NPC L Calf [LClf],5,132.953,132.953,289.911,350.861,5.952,6.0000,19.675,7.643,1327.019,-79.651,0.0000,0.0000,1.0000,-261.389,199.464,-122.448,Static,Wood,shape,000001D0D9F29000,-,1,1,0,-
1250,29702.736,0.0000,impact,ragdoll,Proventus Avenicci,0001A67D,NPC L Hand [LHnd],16,154.494,154.494,218.577,176.689,23.504,4.0000,8.334,-11.223,1405.966,-79.651,0.0000,-0.0000,1.0000,28.065,80.416,-154.806,Static,Wood,shape,000001D0D9F29000,-,1,1,0,-
1251,29724.016,0.0000,impact,ragdoll,Proventus Avenicci,0001A67D,NPC L Thigh [LThg],1,39.830,39.830,30.074,267.681,3.908,6.0000,20.487,5.215,1369.062,-71.674,-0.2092,-0.8632,0.4595,-217.817,155.587,-1.051,-,Skin,shape,000001D1AF7AD000,15,1,1,0,-
1252,29724.017,0.0000,impact,ragdoll,Proventus Avenicci,0001A67D,NPC R Forearm [RLar],15,39.830,39.830,30.074,212.335,6.439,6.0000,11.658,5.215,1369.062,-71.674,-0.2092,-0.8632,0.4595,-160.671,138.418,10.555,-,Skin,shape,000001D1AF7AF400,1,1,1,0,-
1253,29724.021,0.0000,impact,ragdoll,Proventus Avenicci,0001A67D,NPC R Foot [Rft ],8,201.683,201.683,296.351,332.217,6.037,3.0000,10.011,24.690,1295.023,-79.651,0.0000,0.0000,1.0000,-253.279,88.821,-195.778,Static,Wood,shape,000001D0D9F29000,-,1,1,0,-
1254,29736.374,0.0000,impact,ragdoll,Proventus Avenicci,0001A67D,NPC R Forearm [RLar],15,9.825,9.825,162.948,207.174,6.655,6.0000,11.658,6.064,1377.901,-79.688,0.0000,0.0000,1.0000,-154.358,137.964,7.799,Static,Wood,shape,000001D0D9F29000,-,0,1,0,-
1255,29771.387,0.0000,impact,ragdoll,Proventus Avenicci,0001A67D,NPC L Forearm [LLar],14,50.214,50.214,39.909,98.240,5.052,2.0000,11.658,3.313,1400.267,-54.261,-0.7852,0.6179,0.0417,-54.091,61.310,54.464,-,Skin,shape,000001D1AF7ADC00,9,1,1,0,-
1256,29771.387,0.0000,impact,ragdoll,Proventus Avenicci,0001A67D,NPC Spine2 [Spn2],9,50.214,50.214,39.909,157.224,4.150,7.0000,23.052,3.313,1400.267,-54.261,-0.7852,0.6179,0.0417,-122.505,97.292,15.691,-,Skin,shape,000001D1AF7AC700,14,1,1,0,-
1257,29842.311,0.0000,impact,ragdoll,Proventus Avenicci,0001A67D,NPC Spine2 [Spn2],9,143.300,143.300,44.941,155.319,1.852,7.0000,23.052,-6.910,1407.768,-66.117,0.6139,-0.4507,0.6481,-124.748,92.528,-0.630,-,Skin,shape,000001D1AF7AC400,16,1,1,0,-
1258,29842.311,0.0000,impact,ragdoll,Proventus Avenicci,0001A67D,NPC L Hand [LHnd],16,143.300,143.300,44.941,65.755,10.794,4.0000,8.334,-6.910,1407.768,-66.117,0.6139,-0.4507,0.6481,18.703,36.634,51.302,-,Skin,shape,000001D1AF7ADC00,9,1,1,0,-
1259,29860.808,0.0000,impact,ragdoll,Proventus Avenicci,0001A67D,NPC R UpperArm [RUar],12,28.220,28.220,84.911,158.152,2.541,2.0000,14.463,-8.627,1409.106,-70.094,0.6653,-0.7391,-0.1058,-120.983,101.855,-0.932,-,Skin,shape,000001D1AF7AC400,16,1,1,0,-
1260,29860.809,0.0000,impact,ragdoll,Proventus Avenicci,0001A67D,NPC L Hand [LHnd],16,28.220,28.220,84.911,140.871,7.971,4.0000,8.334,-8.627,1409.106,-70.094,0.6653,-0.7391,-0.1058,-82.087,111.439,-26.221,-,Skin,shape,000001D1AF7AD300,12,1,1,0,-
1261,29895.301,0.0000,impact,ragdoll,Proventus Avenicci,0001A67D,NPC R Thigh [RThg],2,31.438,31.438,180.603,193.948,1.689,6.0000,20.487,-11.505,1373.650,-79.655,0.0000,0.0000,1.0000,-168.046,95.627,-15.228,Static,Wood,shape,000001D0D9F29000,-,0,1,0,-
1262,29912.569,0.0000,impact,ragdoll,Proventus Avenicci,0001A67D,NPC L Thigh [LThg],1,8.548,8.548,263.000,234.842,3.771,6.0000,20.487,-40.040,1366.480,-79.684,0.0000,0.0000,1.0000,-190.838,135.215,-21.172,Static,Wood,shape,000001D0D9F29000,-,0,1,0,-
1263,29928.002,0.0000,impact,ragdoll,Proventus Avenicci,0001A67D,NPC L Thigh [LThg],1,11.128,11.128,261.657,230.653,3.788,6.0000,20.487,-43.175,1365.938,-79.651,0.0000,-0.0000,1.0000,-185.513,133.600,-30.609,Static,Wood,shape,000001D0D9F29000,-,1,0,0,-
1264,29928.003,0.0000,impact,ragdoll,Proventus Avenicci,0001A67D,NPC L Thigh [LThg],1,11.023,11.023,261.832,230.653,3.788,6.0000,20.487,-43.156,1365.864,-79.651,0.0000,0.0000,1.0000,-185.513,133.600,-30.609,Static,Wood,shape,000001D0D9F29000,-,0,1,0,-
1265,29928.618,0.0000,impact,ragdoll,Proventus Avenicci,0001A67D,NPC L Hand [LHnd],16,18.948,18.948,229.548,155.091,10.809,4.0000,8.334,-18.110,1421.412,-79.650,0.0000,-0.0000,1.0000,-89.271,125.400,-18.935,Static,Wood,shape,000001D0DA051300,-,1,1,0,-
1266,29944.770,0.0000,impact,ragdoll,Proventus Avenicci,0001A67D,NPC COM [COM ],0,47.926,47.926,165.232,185.320,1.605,50.0000,17.687,-21.853,1382.779,-79.651,0.0000,0.0000,1.0000,-144.992,103.577,-50.918,Static,Wood,shape,000001D0D9F29000,-,1,1,0,-
1267,29992.694,0.0000,impact,ragdoll,Proventus Avenicci,0001A67D,NPC R UpperArm [RUar],12,55.382,55.382,144.311,79.167,10.092,2.0000,14.463,-14.016,1408.161,-79.677,0.0000,0.0000,1.0000,-72.529,28.585,-13.779,Static,Wood,shape,000001D0D9F29000,-,0,1,0,-
1268,29992.697,0.0000,impact,ragdoll,Proventus Avenicci,0001A67D,NPC R Forearm [RLar],15,16.206,16.206,230.979,151.591,10.087,6.0000,11.658,-32.670,1408.434,-79.650,-0.0000,0.0000,1.0000,-96.762,112.819,-29.814,Static,Wood,shape,000001D0DA051300,-,1,1,0,-
1269,30011.166,0.0000,impact,ragdoll,Proventus Avenicci,0001A67D,NPC COM [COM ],0,37.230,37.230,118.859,134.903,1.736,50.0000,17.687,-34.432,1390.641,-79.651,-0.0000,0.0000,1.0000,-112.662,66.156,-33.605,Static,Wood,shape,000001D0D9F29000,-,0,1,0,-
1270,30027.424,0.0000,impact,ragdoll,Proventus Avenicci,0001A67D,NPC R Forearm [RLar],15,38.163,38.163,157.098,126.368,7.257,6.0000,11.658,-28.707,1408.215,-79.705,0.0000,0.0000,1.0000,-83.457,93.065,-18.512,Static,Wood,shape,000001D0D9F29000,-,1,1,0,-
1271,30045.229,0.0000,impact,ragdoll,Proventus Avenicci,0001A67D,NPC R Forearm [RLar],15,36.925,36.925,105.137,100.631,4.490,6.0000,11.658,-24.338,1408.203,-79.698,0.0000,0.0000,1.0000,-54.147,81.095,-24.867,Static,Wood,shape,000001D0D9F29000,-,1,1,0,-
1272,30045.902,0.0000,impact,ragdoll,Proventus Avenicci,0001A67D,NPC L Foot [Lft ],7,80.641,80.641,278.055,300.689,6.495,3.0000,10.011,-104.450,1370.596,-78.093,0.5820,0.0000,0.8132,-138.089,267.086,-3.272,Static,Carpet,shape,000001D1AB13BD00,-,1,1,0,-
1273,30095.314,0.0000,impact,ragdoll,Proventus Avenicci,0001A67D,NPC Spine1 [Spn1],6,26.518,26.518,49.937,74.257,0.861,4.0000,18.878,-41.485,1418.252,-72.027,0.5595,-0.5921,0.5799,-59.108,44.790,3.769,-,Skin,shape,000001D1AF7ACD00,17,1,1,0,-
1274,30095.315,0.0000,impact,ragdoll,Proventus Avenicci,0001A67D,NPC R Hand [RHnd],17,26.518,26.518,49.937,46.815,2.275,4.0000,8.334,-41.485,1418.252,-72.027,0.5595,-0.5921,0.5799,-46.414,6.113,-0.057,-,Skin,shape,000001D1AF7ADF00,6,1,1,0,-
1275,30235.907,0.0000,impact,ragdoll,Proventus Avenicci,0001A67D,NPC Spine [Spn0],3,13.356,13.356,18.623,38.648,1.127,4.0000,17.297,-49.202,1419.481,-72.785,0.3033,-0.8541,0.4225,-33.153,19.619,-3.106,-,Skin,shape,000001D1AF7ACD00,17,1,1,0,-
1276,30235.907,0.0000,impact,ragdoll,Proventus Avenicci,0001A67D,NPC R Hand [RHnd],17,13.356,13.356,18.623,32.986,0.610,4.0000,8.334,-49.202,1419.481,-72.785,0.3033,-0.8541,0.4225,-32.428,6.039,0.005,-,Skin,shape,000001D1AF7AE200,3,1,1,0,-
1277,30269.810,0.0000,impact,ragdoll,Proventus Avenicci,0001A67D,NPC COM [COM ],0,5.659,5.659,5.900,33.717,1.087,50.0000,17.687,-45.313,1416.483,-74.153,-0.2828,-0.9322,0.2260,-28.342,18.262,0.136,-,Skin,shape,000001D1AF7AD000,15,1,1,0,-
1278,30269.811,0.0000,impact,ragdoll,Proventus Avenicci,0001A67D,NPC R Forearm [RLar],15,5.659,5.659,5.900,19.696,1.531,6.0000,11.658,-45.313,1416.483,-74.153,-0.2828,-0.9322,0.2260,-16.127,5.132,-10.076,-,-,-,000001D1AF7AF700,0,1,1,0,-
1279,30297.410,0.0000,state,unknown,Proventus Avenicci,0001A67D,-,-,0.000,0.000,0.000,0.000,0.000,0.0000,0.000,0.000,0.000,0.000,0.0000,0.0000,0.0000,0.000,0.000,0.000,-,-,-,0000000000000000,-,0,0,0,knock_get_up
1280,31027.497,0.0000,state,unknown,Proventus Avenicci,0001A67D,-,-,0.000,0.000,0.000,0.000,0.000,0.0000,0.000,0.000,0.000,0.000,0.0000,0.0000,0.0000,0.000,0.000,0.000,-,-,-,0000000000000000,-,0,0,0,ragdoll_start
1281,31031.487,0.0000,impact,ragdoll,Proventus Avenicci,0001A67D,NPC L Thigh [LThg],1,18.654,4.520,9.200,37.523,4.385,6.0000,20.487,-64.530,1414.372,-79.650,0.0000,-0.0000,1.0000,-7.140,36.473,5.170,Static,Wood,shape,000001D0DA051300,-,0,0,0,-
1282,31031.717,0.0000,impact,ragdoll,Proventus Avenicci,0001A67D,NPC R Calf [RClf],4,9.344,9.344,90.470,78.797,5.321,6.0000,19.675,-74.754,1386.131,-79.651,-0.0000,0.0000,1.0000,58.085,53.134,-3.443,Static,Wood,shape,000001D0D9F29000,-,0,1,0,-
1283,31031.719,0.0000,impact,ragdoll,Proventus Avenicci,0001A67D,NPC R Foot [Rft ],8,61.575,61.575,147.945,90.493,9.692,3.0000,10.011,-77.336,1376.950,-79.651,-0.0000,0.0000,1.0000,74.682,16.305,-48.433,Static,Wood,shape,000001D0D9F29000,-,1,1,0,-
1284,31031.895,0.0000,impact,ragdoll,Proventus Avenicci,0001A67D,NPC L Thigh [LThg],1,18.874,3.839,4.534,27.666,3.853,6.0000,20.487,-64.581,1414.594,-79.650,0.0000,-0.0000,1.0000,-6.319,26.464,5.012,Static,Wood,shape,000001D0DA051300,-,0,0,0,-
1285,31049.778,0.0000,impact,ragdoll,Proventus Avenicci,0001A67D,NPC L Thigh [LThg],1,22.877,2.734,15.877,38.304,4.061,6.0000,20.487,-64.616,1414.870,-79.650,0.0000,-0.0000,1.0000,-1.526,37.804,5.980,Static,Wood,shape,000001D0DA051300,-,0,0,0,-
1286,31050.362,0.0000,impact,ragdoll,Proventus Avenicci,0001A67D,NPC L Thigh [LThg],1,14.542,-10.868,2.347,25.706,3.745,6.0000,20.487,-64.644,1415.240,-79.650,-0.0000,0.0000,1.0000,-14.879,19.608,7.411,Static,Wood,shape,000001D0DA051300,-,0,0,0,-
1287,31129.820,0.0000,impact,ragdoll,Proventus Avenicci,0001A67D,NPC Head [Head],13,234.555,234.555,57.945,264.801,16.022,4.0000,15.108,-34.342,1459.446,-70.603,0.2246,-0.7771,0.5880,-230.832,116.608,56.914,-,Skin,shape,000001D1AF7AC400,16,1,1,0,-
1288,31129.820,0.0000,impact,ragdoll,Proventus Avenicci,0001A67D,NPC L Hand [LHnd],16,234.555,234.555,57.945,175.830,48.164,4.0000,8.334,-34.342,1459.446,-70.603,0.2246,-0.7771,0.5880,-76.170,-153.912,37.754,-,Skin,shape,000001D1AF7AD600,13,1,1,0,-
1289,31147.531,0.0000,impact,ragdoll,Proventus Avenicci,0001A67D,NPC L UpperArm [LUar],10,35.219,35.219,124.853,188.774,11.011,2.0000,14.463,-53.253,1470.034,-79.650,-0.0000,-0.0000,1.0000,-186.293,30.360,-2.956,Static,Wood,shape,000001D0DA051300,-,1,1,0,-
1290,31164.666,0.0000,impact,ragdoll,Proventus Avenicci,0001A67D,NPC L Calf [LClf],5,32.207,32.207,102.710,70.256,5.379,6.0000,19.675,-110.837,1382.587,-79.651,-0.0000,-0.0000,1.0000,-33.315,-61.523,6.392,Static,Wood,shape,000001D0D9F29000,-,0,1,0,-
1291,31164.668,0.0000,impact,ragdoll,Proventus Avenicci,0001A67D,NPC L Calf [LClf],5,32.207,32.207,102.231,70.256,5.379,6.0000,19.675,-110.837,1382.587,-78.000,0.0000,-0.0000,1.0000,-33.315,-61.523,6.392,Static,Carpet,shape,000001D1AB13BD00,-,0,1,0,-
1292,31165.174,0.0000,impact,ragdoll,Proventus Avenicci,0001A67D,NPC R Thigh [RThg],2,64.463,64.463,132.767,72.422,6.574,6.0000,20.487,-52.921,1407.873,-79.702,0.0000,0.0000,1.0000,-52.911,26.543,-41.725,Static,Wood,shape,000001D0DA051300,-,1,1,0,-
1293,31198.982,0.0000,impact,ragdoll,Proventus Avenicci,0001A67D,NPC L Forearm [LLar],14,44.053,44.053,264.798,237.807,16.001,2.0000,11.658,-59.474,1469.424,-79.650,0.0000,0.0000,1.0000,-206.503,-116.577,17.852,Static,Wood,shape,000001D0DA051300,-,0,1,0,-
1294,31249.465,0.0000,impact,ragdoll,Proventus Avenicci,0001A67D,NPC L Forearm [LLar],14,136.890,136.890,108.502,304.761,8.475,2.0000,11.658,-71.612,1454.671,-64.871,0.0843,0.6723,-0.7354,-271.743,-123.296,61.914,-,Skin,shape,000001D1AF7ADC00,9,1,1,0,-
1295,31249.465,0.0000,impact,ragdoll,Proventus Avenicci,0001A67D,NPC Spine2 [Spn2],9,136.890,136.890,108.502,240.745,8.534,7.0000,23.052,-71.612,1454.671,-64.871,0.0843,0.6723,-0.7354,-234.492,38.451,38.641,-,Skin,shape,000001D1AF7AC700,14,1,1,0,-
1296,31371.818,0.0000,impact,ragdoll,Proventus Avenicci,0001A67D,NPC L Forearm [LLar],14,89.391,89.391,371.169,352.360,7.328,2.0000,11.658,-104.640,1453.583,-78.010,0.2031,-0.0000,0.9792,-339.811,-92.775,-8.880,Static,Carpet,shape,000001D1AB13BD00,-,1,1,0,-
1297,31390.449,0.0000,impact,ragdoll,Proventus Avenicci,0001A67D,NPC R Thigh [RThg],2,28.245,28.245,47.874,170.095,4.626,6.0000,20.487,-76.745,1402.996,-71.175,0.8927,0.3882,0.2289,-105.099,133.436,-9.016,-,Skin,shape,000001D1AF7AF400,1,0,1,0,-
1298,31390.450,0.0000,impact,ragdoll,Proventus Avenicci,0001A67D,NPC L Thigh [LThg],1,28.245,28.245,47.874,45.881,5.437,6.0000,20.487,-76.745,1402.996,-71.175,0.8927,0.3882,0.2289,-31.533,33.320,0.713,-,Skin,shape,000001D1AF7AEB00,2,0,1,0,-
1299,31406.892,0.0000,impact,ragdoll,Proventus Avenicci,0001A67D,NPC L Forearm [LLar],14,11.704,11.704,372.359,335.781,8.938,2.0000,11.658,-110.331,1453.113,-78.000,-0.0000,0.0000,1.0000,-314.917,-116.489,2.609,Static,Carpet,shape,000001D1AB13BD00,-,1,1,0,-
1300,31407.342,0.0000,impact,ragdoll,Proventus Avenicci,0001A67D,NPC L Hand [LHnd],16,10.241,10.241,409.999,418.582,11.929,4.0000,8.334,-108.470,1457.112,-78.000,-0.0000,-0.0000,1.0000,-417.784,-23.709,-10.280,Static,Carpet,shape,000001D1AB13BD00,-,1,1,0,-
1301,31443.861,0.0000,impact,ragdoll,Proventus Avenicci,0001A67D,NPC R Thigh [RThg],2,12.101,12.101,201.896,190.843,5.497,6.0000,20.487,-68.274,1416.356,-79.650,0.0000,-0.0000,1.0000,-124.610,143.764,-15.006,Static,Wood,shape,000001D0DA051300,-,1,1,0,-
1302,31443.869,0.0000,impact,ragdoll,Proventus Avenicci,0001A67D,NPC L Forearm [LLar],14,18.536,18.536,371.886,323.455,10.531,2.0000,11.658,-123.237,1450.308,-79.650,-0.0000,-0.0000,1.0000,-305.379,-103.672,-24.881,Static,Wood,shape,000001D0DA051300,-,1,1,0,-
1303,31444.365,0.0000,impact,ragdoll,Proventus Avenicci,0001A67D,NPC Spine [Spn0],3,23.649,23.649,151.364,165.072,6.103,4.0000,17.297,-102.778,1426.281,-79.650,0.0000,-0.0000,1.0000,-160.318,27.014,-28.585,Static,Wood,shape,000001D0DA051300,-,1,1,0,-
1304,31461.687,0.0000,impact,ragdoll,Proventus Avenicci,0001A67D,NPC L Forearm [LLar],14,23.465,23.465,359.506,311.476,8.927,2.0000,11.658,-129.638,1448.850,-79.650,-0.0000,-0.0000,1.0000,-293.762,-97.599,-34.584,Static,Wood,shape,000001D1ACA24A00,-,1,1,0,-
1305,31462.254,0.0000,impact,ragdoll,Proventus Avenicci,0001A67D,NPC Spine [Spn0],3,25.018,25.018,122.057,154.994,5.797,4.0000,17.297,-105.315,1426.513,-78.000,-0.0000,0.0000,1.0000,-150.272,26.016,-27.648,Static,Carpet,shape,000001D1AB13BD00,-,1,1,0,-
1306,31462.257,0.0000,impact,ragdoll,Proventus Avenicci,0001A67D,NPC R Foot [Rft ],8,46.011,46.011,301.552,320.935,4.697,3.0000,10.011,-39.685,1408.360,-79.650,0.0000,0.0000,1.0000,-23.510,318.081,-35.652,Static,Wood,shape,000001D0DA051300,-,1,1,0,-
1307,31462.260,0.0000,impact,ragdoll,Proventus Avenicci,0001A67D,NPC L Hand [LHnd],16,23.207,23.207,446.731,426.799,17.168,4.0000,8.334,-131.126,1454.729,-79.650,0.0000,0.0000,1.0000,-419.340,-75.982,-23.186,Static,Wood,shape,000001D1ACA24A00,-,1,1,0,-
1308,31479.514,0.0000,impact,ragdoll,Proventus Avenicci,0001A67D,NPC COM [COM ],0,76.518,76.518,102.408,147.878,5.064,50.0000,17.687,-104.466,1425.683,-78.083,0.5511,0.0000,0.8345,-138.126,51.420,-12.041,Static,Carpet,shape,000001D1AB13BD00,-,1,1,0,-
1309,31479.521,0.0000,impact,ragdoll,Proventus Avenicci,0001A67D,NPC Spine1 [Spn1],6,35.021,35.021,141.969,174.761,5.653,4.0000,18.878,-114.831,1430.388,-78.000,0.0000,0.0000,1.0000,-170.884,5.362,-36.212,Static,Carpet,shape,000001D1AB13BD00,-,1,1,0,-
1310,31495.057,0.0000,impact,ragdoll,Proventus Avenicci,0001A67D,NPC R Calf [RClf],4,13.934,13.934,227.113,269.889,4.933,6.0000,19.675,-68.950,1425.038,-79.650,0.0000,-0.0000,1.0000,-67.124,260.563,-21.006,Static,Wood,shape,000001D0DA051300,-,1,1,0,-
1311,31511.053,0.0000,impact,ragdoll,Proventus Avenicci,0001A67D,NPC Head [Head],13,108.325,108.325,88.760,311.107,6.490,4.0000,15.108,-148.986,1447.765,-67.357,-0.0868,-0.1377,0.9867,-253.854,-145.508,-105.705,-,Skin,shape,000001D1AF7AC400,16,1,1,0,-
1312,31511.053,0.0000,impact,ragdoll,Proventus Avenicci,0001A67D,NPC L Hand [LHnd],16,108.325,108.325,88.760,372.461,8.251,4.0000,8.334,-148.986,1447.765,-67.357,-0.0868,-0.1377,0.9867,-322.606,-186.014,-7.145,-,Skin,shape,000001D1AF7AD600,13,1,1,0,-
1313,31511.055,0.0000,impact,ragdoll,Proventus Avenicci,0001A67D,NPC L Forearm [LLar],14,103.792,103.792,230.246,288.584,9.007,2.0000,11.658,-143.287,1429.905,-78.000,-0.0000,-0.0000,1.0000,-233.496,-154.237,-70.509,Static,Carpet,shape,000001D1AB13BD00,-,0,1,0,-
1314,31511.056,0.0000,impact,ragdoll,Proventus Avenicci,0001A67D,NPC L Forearm [LLar],14,103.792,103.792,228.556,288.584,9.007,2.0000,11.658,-143.287,1429.905,-79.650,0.0000,-0.0000,1.0000,-233.496,-154.237,-70.509,Static,Wood,shape,000001D1ACA24A00,-,0,1,0,-
1315,31511.607,0.0000,impact,ragdoll,Proventus Avenicci,0001A67D,NPC L UpperArm [LUar],10,34.678,34.678,219.134,187.448,6.863,2.0000,14.463,-144.552,1427.605,-78.000,-0.0000,0.0000,1.0000,-141.382,-118.706,-32.505,Static,Carpet,shape,000001D1AB13BD00,-,1,1,0,-
1316,31526.796,0.0000,impact,ragdoll,Proventus Avenicci,0001A67D,NPC Spine2 [Spn2],9,36.707,36.707,200.850,175.649,7.174,7.0000,23.052,-136.183,1432.430,-78.000,-0.0000,-0.0000,1.0000,-166.928,-27.502,-47.240,Static,Carpet,shape,000001D1AB13BD00,-,1,1,0,-
1317,31542.798,0.0000,impact,ragdoll,Proventus Avenicci,0001A67D,NPC L Forearm [LLar],14,57.329,57.329,41.527,116.492,7.301,2.0000,11.658,-155.992,1438.819,-63.841,0.2844,-0.1727,-0.9430,-62.541,-98.280,-0.062,-,Skin,shape,000001D1AF7AD600,13,1,1,0,-
1318,31542.798,0.0000,impact,ragdoll,Proventus Avenicci,0001A67D,NPC Head [Head],13,57.329,57.329,41.527,257.589,10.505,4.0000,15.108,-155.992,1438.819,-63.841,0.2844,-0.1727,-0.9430,-191.958,-149.520,-84.547,-,Skin,shape,000001D1AF7AC700,14,1,1,0,-
1319,31543.348,0.0000,impact,ragdoll,Proventus Avenicci,0001A67D,NPC Spine2 [Spn2],9,103.517,103.517,46.166,145.910,6.617,7.0000,23.052,-153.949,1439.237,-70.120,0.7609,-0.4030,0.5086,-135.755,-14.034,-51.608,-,Skin,shape,000001D1AF7AC400,16,1,1,0,-
1320,31543.348,0.0000,impact,ragdoll,Proventus Avenicci,0001A67D,NPC L Hand [LHnd],16,103.517,103.517,46.166,170.511,8.998,4.0000,8.334,-153.949,1439.237,-70.120,0.7609,-0.4030,0.5086,-93.022,-141.391,20.726,-,Skin,shape,000001D1AF7ADC00,9,1,1,0,-
1321,31543.352,0.0000,impact,ragdoll,Proventus Avenicci,0001A67D,NPC R Forearm [RLar],15,99.389,99.389,489.412,448.282,7.902,6.0000,11.658,-141.394,1485.631,-78.000,-0.0000,0.0000,1.0000,-436.196,-32.450,-98.166,Static,Carpet,shape,000001D1AB13BD00,-,1,1,0,-
1322,31543.353,0.0000,impact,ragdoll,Proventus Avenicci,0001A67D,NPC R Hand [RHnd],17,116.508,116.508,506.637,527.298,6.353,4.0000,8.334,-140.168,1491.522,-78.000,-0.0000,0.0000,1.0000,-513.242,-32.316,-116.539,Static,Carpet,shape,000001D1AB13BD00,-,1,1,0,-
1323,31560.196,0.0000,impact,ragdoll,Proventus Avenicci,0001A67D,NPC Spine1 [Spn1],6,46.410,46.410,167.310,150.530,5.720,4.0000,18.878,-127.176,1432.520,-79.650,0.0000,-0.0000,1.0000,-131.210,48.623,-55.489,Static,Wood,shape,000001D0DA051300,-,1,1,0,-
1324,31560.733,0.0000,impact,ragdoll,Proventus Avenicci,0001A67D,NPC L Hand [LHnd],16,19.501,19.501,168.418,150.535,6.453,4.0000,8.334,-159.602,1439.257,-79.650,-0.0000,-0.0000,1.0000,-94.663,-115.412,-19.483,Static,Wood,shape,000001D1ACA24A00,-,1,1,0,-
1325,31576.397,0.0000,impact,ragdoll,Proventus Avenicci,0001A67D,NPC R UpperArm [RUar],12,68.269,68.269,110.391,279.388,13.013,2.0000,14.463,-152.916,1454.550,-78.000,-0.0000,-0.0000,1.0000,-264.377,-73.155,-53.021,Static,Carpet,shape,000001D1AB13BD00,-,1,1,0,-
1326,31576.951,0.0000,impact,ragdoll,Proventus Avenicci,0001A67D,NPC R Thigh [RThg],2,53.098,53.098,91.703,162.522,6.731,6.0000,20.487,-104.615,1440.797,-78.016,0.2525,-0.0000,0.9676,-104.009,121.035,-30.757,Static,Carpet,shape,000001D1AB13BD00,-,1,1,0,-
1327,31593.871,0.0000,impact,ragdoll,Proventus Avenicci,0001A67D,NPC R Hand [RHnd],17,33.493,33.493,447.265,480.445,12.892,4.0000,8.334,-160.422,1488.975,-79.650,-0.0000,0.0000,1.0000,-469.301,-97.294,-33.446,Static,Wood,shape,000001D1ACA24A00,-,1,1,0,-
1328,31612.094,0.0000,impact,ragdoll,Proventus Avenicci,0001A67D,NPC R UpperArm [RUar],12,32.741,32.741,75.952,220.308,5.337,2.0000,14.463,-161.172,1439.897,-71.149,0.1324,0.9352,0.3284,-196.821,-84.916,-50.856,-,Skin,shape,000001D1AF7AC400,16,1,1,0,-
1329,31612.095,0.0000,impact,ragdoll,Proventus Avenicci,0001A67D,NPC L Hand [LHnd],16,32.741,32.741,75.952,92.438,3.385,4.0000,8.334,-161.172,1439.897,-71.149,0.1324,0.9352,0.3284,-45.210,-80.626,0.611,-,Skin,shape,000001D1AF7AD300,12,1,1,0,-
1330,31629.981,0.0000,impact,ragdoll,Proventus Avenicci,0001A67D,NPC R UpperArm [RUar],12,55.470,55.470,222.208,212.259,6.807,2.0000,14.463,-162.105,1450.643,-78.000,-0.0000,-0.0000,1.0000,-181.585,-95.151,-55.020,Static,Carpet,shape,000001D1AB13BD00,-,1,1,0,-
1331,31630.667,0.0000,impact,ragdoll,Proventus Avenicci,0001A67D,NPC R Hand [RHnd],17,26.698,26.698,470.286,421.496,20.147,4.0000,8.334,-178.203,1482.738,-78.000,-0.0000,0.0000,1.0000,-367.172,-205.251,-26.761,Static,Carpet,shape,000001D1AB13BD00,-,1,1,0,-
1332,31666.838,0.0000,impact,ragdoll,Proventus Avenicci,0001A67D,NPC R UpperArm [RUar],12,36.932,36.932,289.636,176.906,15.086,2.0000,14.463,-167.431,1446.709,-79.650,0.0000,0.0000,1.0000,-135.565,-105.213,-42.990,Static,Wood,shape,000001D1ACA24A00,-,1,1,0,-
1333,31684.669,0.0000,impact,ragdoll,Proventus Avenicci,0001A67D,NPC COM [COM ],0,28.340,28.340,10.789,98.420,11.661,50.0000,17.687,-118.051,1442.805,-79.650,0.0000,0.0000,1.0000,-76.737,60.389,-12.293,Static,Wood,shape,000001D0DA051300,-,0,1,0,-
1334,31684.671,0.0000,impact,ragdoll,Proventus Avenicci,0001A67D,NPC COM [COM ],0,28.341,28.341,25.762,98.420,11.661,50.0000,17.687,-118.051,1442.805,-78.000,-0.0000,0.0000,1.0000,-76.737,60.389,-12.293,Static,Carpet,shape,000001D1AB13BD00,-,0,1,0,-
1335,31684.688,0.0000,impact,ragdoll,Proventus Avenicci,0001A67D,NPC R UpperArm [RUar],12,20.084,20.084,238.643,164.091,10.127,2.0000,14.463,-167.653,1447.581,-79.654,0.0000,0.0000,1.0000,-127.632,-101.099,-20.365,Static,Wood,shape,000001D1ACA24A00,-,0,1,0,-
1336,31685.232,0.0000,impact,ragdoll,Proventus Avenicci,0001A67D,NPC Spine [Spn0],3,22.848,22.848,70.089,78.606,4.843,4.0000,17.297,-127.634,1443.823,-78.000,-0.0000,-0.0000,1.0000,-75.055,20.411,-11.363,Static,Carpet,shape,000001D1AB13BD00,-,0,1,0,-
1337,31685.240,0.0000,impact,ragdoll,Proventus Avenicci,0001A67D,NPC R Forearm [RLar],15,13.310,13.310,253.000,223.912,4.651,6.0000,11.658,-186.870,1469.053,-79.650,-0.0000,0.0000,1.0000,-180.928,-130.276,-20.738,Static,Wood,shape,000001D1ACA24A00,-,1,1,0,-
1338,31703.004,0.0000,impact,ragdoll,Proventus Avenicci,0001A67D,NPC R UpperArm [RUar],12,11.951,11.951,146.217,139.355,2.970,2.0000,14.463,-174.996,1454.877,-79.660,0.0000,0.0000,1.0000,-98.882,-97.489,-11.752,Static,Wood,shape,000001D1ACA24A00,-,0,1,0,-
1339,31739.052,0.0000,impact,ragdoll,Proventus Avenicci,0001A67D,NPC Spine [Spn0],3,8.957,8.957,78.800,76.285,3.950,4.0000,17.297,-128.069,1438.202,-79.654,0.0000,0.0000,1.0000,-69.016,32.189,-4.480,Static,Wood,shape,000001D0DA051300,-,0,1,0,-
1340,31774.845,0.0000,impact,ragdoll,Proventus Avenicci,0001A67D,NPC R Thigh [RThg],2,15.024,15.024,222.419,169.509,4.005,6.0000,20.487,-107.339,1468.456,-78.000,0.0000,0.0000,1.0000,-138.961,96.742,-8.008,Static,Carpet,shape,000001D1AB13BD00,-,1,1,0,-
1341,31858.998,0.0000,impact,ragdoll,Proventus Avenicci,0001A67D,NPC R Foot [Rft ],8,199.697,199.697,267.627,326.996,4.645,3.0000,10.011,-104.406,1511.917,-78.129,0.6696,-0.0000,0.7427,-287.911,155.023,1.085,Static,Carpet,shape,000001D1AB13BD00,-,1,1,0,-
1342,31910.583,0.0000,impact,ragdoll,Proventus Avenicci,0001A67D,NPC L Calf [LClf],5,11.039,11.039,177.628,214.756,2.812,6.0000,19.675,-106.447,1468.605,-78.000,0.0000,-0.0000,1.0000,-142.213,160.771,-6.939,Static,Carpet,shape,000001D1AB13BD00,-,1,1,0,-
1343,31927.230,0.0000,impact,ragdoll,Proventus Avenicci,0001A67D,NPC R Thigh [RThg],2,7.508,7.508,114.027,89.844,2.253,6.0000,20.487,-128.633,1481.692,-79.650,-0.0000,-0.0000,1.0000,-78.450,43.590,-4.179,Static,Wood,shape,000001D1ACA24A00,-,1,1,0,-
1344,31927.745,0.0000,impact,ragdoll,Proventus Avenicci,0001A67D,NPC R Thigh [RThg],2,25.079,25.079,11.859,91.803,2.525,6.0000,20.487,-119.365,1470.228,-70.896,-0.9333,0.3577,0.0314,-80.912,43.074,-5.054,-,Skin,shape,000001D1AF7AF400,1,0,1,0,-
1345,31927.745,0.0000,impact,ragdoll,Proventus Avenicci,0001A67D,NPC L Thigh [LThg],1,25.079,25.079,11.859,102.121,3.268,6.0000,20.487,-119.365,1470.228,-70.896,-0.9333,0.3577,0.0314,-67.827,76.342,-0.155,-,Skin,shape,000001D1AF7AEB00,2,0,1,0,-
1346,31944.543,0.0000,impact,ragdoll,Proventus Avenicci,0001A67D,NPC R Calf [RClf],4,15.334,15.334,143.370,179.329,3.589,6.0000,19.675,-129.073,1487.616,-79.650,-0.0000,0.0000,1.0000,-169.624,57.166,10.899,Static,Wood,shape,000001D1ACA24A00,-,1,1,0,-
1347,31996.887,0.0000,impact,ragdoll,Proventus Avenicci,0001A67D,NPC L Foot [Lft ],7,127.967,127.967,214.454,244.962,3.349,3.0000,10.011,-104.444,1508.983,-78.098,0.5940,-0.0000,0.8045,-206.047,132.480,-0.542,Static,Carpet,shape,000001D1AB13BD00,-,1,1,0,-
1348,32065.689,0.0000,impact,ragdoll,Proventus Avenicci,0001A67D,NPC L Thigh [LThg],1,7.202,7.202,88.302,63.955,2.240,6.0000,20.487,-127.979,1478.023,-79.659,0.0000,0.0000,1.0000,-48.413,41.109,-7.516,Static,Wood,shape,000001D1ACA24A00,-,1,1,0,-
1349,32115.202,0.0000,impact,ragdoll,Proventus Avenicci,0001A67D,NPC R Foot [Rft ],8,18.648,18.648,212.145,185.924,5.065,3.0000,10.011,-157.085,1525.270,-78.000,-0.0000,0.0000,1.0000,-183.993,-2.383,-26.623,Static,Carpet,shape,000001D1AB13BD00,-,1,1,0,-
1350,32318.959,0.0000,impact,ragdoll,Proventus Avenicci,0001A67D,NPC L Thigh [LThg],1,9.774,9.774,34.558,26.736,1.297,6.0000,20.487,-128.239,1477.546,-79.732,0.0000,0.0000,1.0000,-23.839,10.126,-6.631,Static,Wood,shape,000001D0DA051300,-,0,1,0,-
1351,32536.670,0.0000,state,unknown,Proventus Avenicci,0001A67D,-,-,0.000,0.000,0.000,0.000,0.000,0.0000,0.000,0.000,0.000,0.000,0.0000,0.0000,0.0000,0.000,0.000,0.000,-,-,-,0000000000000000,-,0,0,0,knock_get_up
1352,33615.604,0.0000,state,unknown,Proventus Avenicci,0001A67D,-,-,0.000,0.000,0.000,0.000,0.000,0.0000,0.000,0.000,0.000,0.000,0.0000,0.0000,0.0000,0.000,0.000,0.000,-,-,-,0000000000000000,-,0,0,0,ragdoll_start
1353,33735.246,0.0000,impact,ragdoll,Proventus Avenicci,0001A67D,NPC Spine1 [Spn1],6,169.132,169.132,110.465,162.531,2.145,4.0000,18.878,-148.106,1445.438,-59.460,0.9041,-0.0827,0.4193,-144.138,75.102,-0.485,-,Skin,shape,000001D1AF7AD000,15,1,1,0,-
1354,33735.246,0.0000,impact,ragdoll,Proventus Avenicci,0001A67D,NPC R Forearm [RLar],15,169.132,169.132,110.465,65.576,7.110,6.0000,11.658,-148.106,1445.438,-59.460,0.9041,-0.0827,0.4193,7.867,42.751,49.099,-,Skin,shape,000001D1AF7ADF00,6,1,1,0,-
1355,33735.248,0.0000,impact,ragdoll,Proventus Avenicci,0001A67D,NPC R Forearm [RLar],15,124.536,124.536,105.128,65.576,7.110,6.0000,11.658,-147.120,1442.278,-52.511,-0.4395,0.3374,-0.8324,7.867,42.751,49.099,-,Skin,shape,000001D1AF7ADC00,9,1,1,0,-
1356,33735.248,0.0000,impact,ragdoll,Proventus Avenicci,0001A67D,NPC Spine2 [Spn2],9,124.536,124.536,105.128,163.199,1.753,7.0000,23.052,-147.120,1442.278,-52.511,-0.4395,0.3374,-0.8324,-144.948,72.434,19.423,-,Skin,shape,000001D1AF7AD000,15,1,1,0,-
1357,33841.882,0.0000,impact,ragdoll,Proventus Avenicci,0001A67D,NPC L Calf [LClf],5,37.580,37.580,197.784,248.984,9.092,6.0000,19.675,-108.339,1463.706,-78.000,-0.0000,0.0000,1.0000,-88.922,-232.494,5.710,Static,Carpet,shape,000001D1AB13BD00,-,0,1,0,-
1358,33893.574,0.0000,impact,ragdoll,Proventus Avenicci,0001A67D,NPC COM [COM ],0,26.093,26.093,118.354,144.086,13.195,50.0000,17.687,-142.524,1466.632,-79.650,0.0000,-0.0000,1.0000,-104.206,92.060,-37.772,Static,Wood,shape,000001D1ACA24A00,-,1,1,0,-
1359,33928.096,0.0000,impact,ragdoll,Proventus Avenicci,0001A67D,NPC L Thigh [LThg],1,15.025,15.025,166.906,149.437,15.320,6.0000,20.487,-144.431,1464.677,-79.650,-0.0000,-0.0000,1.0000,-147.240,-25.529,0.182,Static,Wood,shape,000001D1ACA24A00,-,0,1,0,-
1360,33944.237,0.0000,impact,ragdoll,Proventus Avenicci,0001A67D,NPC R Thigh [RThg],2,14.892,14.892,102.822,30.208,9.395,6.0000,20.487,-127.941,1493.692,-79.670,0.0000,0.0000,1.0000,-27.942,11.289,-2.083,Static,Wood,shape,000001D1ACA24A00,-,1,1,0,-
1361,33944.771,0.0000,impact,ragdoll,Proventus Avenicci,0001A67D,NPC L Thigh [LThg],1,9.796,9.796,339.663,158.553,15.307,6.0000,20.487,-128.051,1451.251,-79.652,0.0000,0.0000,1.0000,-156.406,-25.803,-3.236,Static,Wood,shape,000001D0DA051300,-,1,1,0,-
1362,33944.773,0.0000,impact,ragdoll,Proventus Avenicci,0001A67D,NPC Spine [Spn0],3,24.541,24.541,89.569,117.259,3.332,4.0000,17.297,-154.475,1469.617,-78.000,0.0000,-0.0000,1.0000,-75.013,85.708,-27.871,Static,Carpet,shape,000001D1AB13BD00,-,1,1,0,-
1363,33960.832,0.0000,impact,ragdoll,Proventus Avenicci,0001A67D,NPC L Hand [LHnd],16,29.072,29.072,305.789,266.206,7.788,4.0000,8.334,-154.874,1433.804,-79.650,-0.0000,0.0000,1.0000,-223.200,142.113,-29.179,Static,Wood,shape,000001D1ACA24A00,-,1,1,0,-
1364,33977.492,0.0000,impact,ragdoll,Proventus Avenicci,0001A67D,NPC L Calf [LClf],5,14.476,14.476,396.179,310.933,17.213,6.0000,19.675,-128.068,1443.305,-79.654,0.0000,0.0000,1.0000,-255.569,-176.504,-14.496,Static,Wood,shape,000001D0DA051300,-,0,1,0,-
1365,33977.495,0.0000,impact,ragdoll,Proventus Avenicci,0001A67D,NPC L Foot [Lft ],7,12.052,12.052,599.763,481.747,16.073,3.0000,10.011,-111.835,1416.352,-78.000,0.0000,0.0000,1.0000,-403.476,-262.009,-25.254,Static,Carpet,shape,000001D1AB13BD00,-,1,1,0,-
1366,33994.366,0.0000,impact,ragdoll,Proventus Avenicci,0001A67D,NPC L Thigh [LThg],1,19.804,19.804,239.392,130.876,8.216,6.0000,20.487,-137.203,1447.641,-79.650,-0.0000,-0.0000,1.0000,-129.385,-18.861,-5.668,Static,Wood,shape,000001D1ACA24A00,-,0,1,0,-
1367,33994.827,0.0000,impact,ragdoll,Proventus Avenicci,0001A67D,NPC R Forearm [RLar],15,31.984,31.984,246.138,218.143,9.346,6.0000,11.658,-188.686,1480.914,-78.000,-0.0000,-0.0000,1.0000,-94.420,186.800,-61.456,Static,Carpet,shape,000001D1AB13BD00,-,1,1,0,-
1368,34014.922,0.0000,impact,ragdoll,Proventus Avenicci,0001A67D,NPC L Foot [Lft ],7,55.523,55.523,469.205,433.767,7.597,3.0000,10.011,-128.138,1409.060,-79.673,0.0000,0.0000,1.0000,-426.036,-65.374,-48.718,Static,Wood,shape,000001D0DA051300,-,1,1,0,-
1369,34014.924,0.0000,impact,ragdoll,Proventus Avenicci,0001A67D,NPC L Foot [Lft ],7,49.528,49.528,467.123,433.767,7.597,3.0000,10.011,-130.649,1409.060,-79.650,-0.0000,0.0000,1.0000,-426.036,-65.374,-48.718,Static,Wood,shape,000001D1ACA24A00,-,1,1,0,-
1370,34046.653,0.0000,impact,ragdoll,Proventus Avenicci,0001A67D,NPC L Calf [LClf],5,5.310,5.310,313.617,297.512,5.798,6.0000,19.675,-140.996,1421.061,-79.653,0.0000,0.0000,1.0000,-293.600,-48.063,1.638,Static,Wood,shape,000001D1ACA24A00,-,0,1,0,-
1371,34046.657,0.0000,impact,ragdoll,Proventus Avenicci,0001A67D,NPC L Foot [Lft ],7,17.544,17.544,393.992,387.594,5.036,3.0000,10.011,-141.117,1407.845,-79.651,0.0000,0.0000,1.0000,-383.616,-53.660,-13.739,Static,Wood,shape,000001D0D9F29000,-,1,1,0,-
1372,34063.735,0.0000,impact,ragdoll,Proventus Avenicci,0001A67D,NPC R Forearm [RLar],15,72.235,72.235,257.222,242.511,9.398,6.0000,11.658,-193.875,1493.627,-79.650,0.0000,0.0000,1.0000,-51.411,205.561,-117.954,Static,Wood,shape,000001D1ACA24A00,-,1,1,0,-
1373,34081.617,0.0000,impact,ragdoll,Proventus Avenicci,0001A67D,NPC Spine1 [Spn1],6,105.923,105.923,26.699,163.145,7.453,4.0000,18.878,-172.728,1482.289,-78.000,-0.0000,-0.0000,1.0000,-64.299,98.346,-113.181,Static,Carpet,shape,000001D1AB13BD00,-,1,1,0,-
1374,34082.231,0.0000,impact,ragdoll,Proventus Avenicci,0001A67D,NPC R UpperArm [RUar],12,205.170,205.170,98.014,261.582,6.573,2.0000,14.463,-185.677,1497.695,-78.000,-0.0000,0.0000,1.0000,20.721,159.216,-206.510,Static,Carpet,shape,000001D1AB13BD00,-,1,1,0,-
1375,34099.603,0.0000,impact,ragdoll,Proventus Avenicci,0001A67D,NPC R UpperArm [RUar],12,59.695,59.695,3.850,139.269,12.260,2.0000,14.463,-185.650,1499.210,-79.650,-0.0000,0.0000,1.0000,2.576,107.362,-88.671,Static,Wood,shape,000001D1ACA24A00,-,1,1,0,-
1376,34116.929,0.0000,impact,ragdoll,Proventus Avenicci,0001A67D,NPC R UpperArm [RUar],12,10.289,10.289,106.735,147.127,8.974,2.0000,14.463,-185.024,1500.762,-78.000,-0.0000,-0.0000,1.0000,75.961,121.759,-32.422,Static,Carpet,shape,000001D1AB13BD00,-,1,1,0,-
1377,34151.943,0.0000,impact,ragdoll,Proventus Avenicci,0001A67D,NPC R Foot [Rft ],8,113.495,113.495,322.273,249.006,12.544,3.0000,10.011,-91.745,1486.240,-79.650,0.0000,-0.0000,1.0000,-163.947,-161.090,-95.787,Static,Wood,shape,000001D0DA051300,-,1,1,0,-
1378,34151.947,0.0000,impact,ragdoll,Proventus Avenicci,0001A67D,NPC Head [Head],13,143.531,143.531,143.949,312.168,13.590,4.0000,15.108,-198.515,1511.504,-69.026,-0.4623,-0.2317,0.8559,96.062,277.866,-104.934,-,Skin,shape,000001D1AF7ACD00,17,1,1,0,-
1379,34151.947,0.0000,impact,ragdoll,Proventus Avenicci,0001A67D,NPC R Hand [RHnd],17,143.531,143.531,143.949,147.383,10.156,4.0000,8.334,-198.515,1511.504,-69.026,-0.4623,-0.2317,0.8559,54.117,137.088,0.010,-,Skin,shape,000001D1AF7AD600,13,1,1,0,-
1380,34152.535,0.0000,impact,ragdoll,Proventus Avenicci,0001A67D,NPC L Hand [LHnd],16,52.753,52.753,227.574,278.022,9.185,4.0000,8.334,-198.797,1463.132,-78.000,0.0000,-0.0000,1.0000,-228.076,149.983,-52.748,Static,Carpet,shape,000001D1AB13BD00,-,1,1,0,-
1381,34188.505,0.0000,impact,ragdoll,Proventus Avenicci,0001A67D,NPC L Forearm [LLar],14,39.914,39.914,197.142,266.265,8.748,2.0000,11.658,-208.830,1471.883,-78.000,-0.0000,-0.0000,1.0000,-168.957,192.870,-71.776,Static,Carpet,shape,000001D1AB13BD00,-,1,1,0,-
1382,34221.881,0.0000,impact,ragdoll,Proventus Avenicci,0001A67D,NPC L Thigh [LThg],1,16.120,16.120,84.127,118.182,2.532,6.0000,20.487,-169.722,1471.790,-78.000,-0.0000,0.0000,1.0000,-110.095,39.462,-16.995,Static,Carpet,shape,000001D1AB13BD00,-,0,1,0,-
1383,34221.904,0.0000,impact,ragdoll,Proventus Avenicci,0001A67D,NPC R Foot [Rft ],8,80.542,80.542,163.544,196.677,3.350,3.0000,10.011,-104.386,1474.655,-78.148,0.7094,0.0000,0.7048,-114.550,-159.709,-7.305,Static,Carpet,shape,000001D1AB13BD00,-,1,1,0,-
1384,34256.347,0.0000,impact,ragdoll,Proventus Avenicci,0001A67D,NPC Spine2 [Spn2],9,15.975,15.975,104.032,77.206,4.155,7.0000,23.052,-189.765,1504.996,-78.000,-0.0000,0.0000,1.0000,-0.652,76.556,-9.974,Static,Carpet,shape,000001D1AB13BD00,-,1,1,0,-
1385,34290.847,0.0000,impact,ragdoll,Proventus Avenicci,0001A67D,NPC R Forearm [RLar],15,21.182,21.182,128.306,109.906,5.537,6.0000,11.658,-169.376,1514.042,-78.000,-0.0000,-0.0000,1.0000,86.711,67.074,-7.842,Static,Carpet,shape,000001D1AB13BD00,-,0,1,0,-
1386,34290.848,0.0000,impact,ragdoll,Proventus Avenicci,0001A67D,NPC R Forearm [RLar],15,21.182,21.182,137.400,109.906,5.537,6.0000,11.658,-169.376,1514.042,-79.650,-0.0000,0.0000,1.0000,86.711,67.074,-7.842,Static,Wood,shape,000001D1ACA24A00,-,0,1,0,-
1387,34308.263,0.0000,impact,ragdoll,Proventus Avenicci,0001A67D,NPC L Calf [LClf],5,27.808,27.808,37.199,134.147,8.877,6.0000,19.675,-182.149,1446.757,-79.650,0.0000,-0.0000,1.0000,-125.660,33.273,-33.133,Static,Wood,shape,000001D1ACA24A00,-,1,1,0,-
1388,34325.312,0.0000,impact,ragdoll,Proventus Avenicci,0001A67D,NPC Spine2 [Spn2],9,32.561,32.561,63.574,58.133,3.053,7.0000,23.052,-189.186,1509.783,-78.000,0.0000,0.0000,1.0000,12.435,49.417,-27.978,Static,Carpet,shape,000001D1AB13BD00,-,1,1,0,-
1389,34377.627,0.0000,impact,ragdoll,Proventus Avenicci,0001A67D,NPC R Calf [RClf],4,9.331,9.331,188.335,144.449,4.291,6.0000,19.675,-128.041,1452.309,-79.651,0.0000,0.0000,1.0000,-118.397,-80.571,-18.870,Static,Wood,shape,000001D0DA051300,-,1,1,0,-
1390,34377.629,0.0000,impact,ragdoll,Proventus Avenicci,0001A67D,NPC R Calf [RClf],4,33.129,33.129,102.011,144.449,4.291,6.0000,19.675,-143.492,1467.731,-79.650,0.0000,0.0000,1.0000,-118.397,-80.571,-18.870,Static,Wood,shape,000001D1ACA24A00,-,1,1,0,-
1391,34378.176,0.0000,impact,ragdoll,Proventus Avenicci,0001A67D,NPC R Thigh [RThg],2,9.691,9.691,84.653,62.587,2.057,6.0000,20.487,-148.696,1469.790,-79.650,0.0000,-0.0000,1.0000,-60.122,-14.475,-9.646,Static,Wood,shape,000001D1ACA24A00,-,1,1,0,-
1392,34413.950,0.0000,impact,ragdoll,Proventus Avenicci,0001A67D,NPC L Calf [LClf],5,35.212,35.212,58.302,90.524,7.937,6.0000,19.675,-201.757,1427.339,-78.000,0.0000,-0.0000,1.0000,-81.263,36.269,-16.598,Static,Carpet,shape,000001D1AB13BD00,-,0,1,0,-
1393,34464.363,0.0000,impact,ragdoll,Proventus Avenicci,0001A67D,NPC Head [Head],13,17.857,17.857,26.953,37.732,1.134,4.0000,15.108,-186.566,1537.407,-78.000,-0.0000,0.0000,1.0000,25.770,20.938,-17.922,Static,Carpet,shape,000001D1AB13BD00,-,1,1,0,-
1394,35120.389,0.0000,state,unknown,Proventus Avenicci,0001A67D,-,-,0.000,0.000,0.000,0.000,0.000,0.0000,0.000,0.000,0.000,0.000,0.0000,0.0000,0.0000,0.000,0.000,0.000,-,-,-,0000000000000000,-,0,0,0,knock_get_up
1395,37496.009,0.0000,state,unknown,Proventus Avenicci,0001A67D,-,-,0.000,0.000,0.000,0.000,0.000,0.0000,0.000,0.000,0.000,0.000,0.0000,0.0000,0.0000,0.000,0.000,0.000,-,-,-,0000000000000000,-,0,0,0,ragdoll_start
1396,37613.761,0.0000,impact,ragdoll,Proventus Avenicci,0001A67D,NPC L Forearm [LLar],14,47.022,47.022,121.285,51.474,9.362,2.0000,11.658,-203.435,1484.970,-11.636,-0.9882,-0.0859,-0.1264,7.432,45.476,-22.941,-,Skin,shape,000001D1AF7ADF00,6,1,1,0,-
1397,37613.761,0.0000,impact,ragdoll,Proventus Avenicci,0001A67D,NPC Spine1 [Spn1],6,47.022,47.022,121.285,128.252,4.712,4.0000,18.878,-203.435,1484.970,-11.636,-0.9882,-0.0859,-0.1264,-43.380,-119.630,-15.981,-,Skin,shape,000001D1AF7AC700,14,1,1,0,-
1398,37704.484,0.0000,impact,ragdoll,Proventus Avenicci,0001A67D,NPC R Calf [RClf],4,27.192,27.192,432.295,164.125,13.824,6.0000,19.675,-152.221,1492.071,-78.000,-0.0000,-0.0000,1.0000,72.129,147.083,-10.053,Static,Carpet,shape,000001D1AB13BD00,-,1,1,0,-
1399,37704.490,0.0000,impact,ragdoll,Proventus Avenicci,0001A67D,NPC R UpperArm [RUar],12,240.576,240.576,100.448,301.782,9.355,2.0000,14.463,-211.628,1497.845,-9.912,0.4719,0.1014,0.8758,-165.009,-235.358,91.930,-,Skin,shape,000001D1AF7AC400,16,1,1,0,-
1400,37704.490,0.0000,impact,ragdoll,Proventus Avenicci,0001A67D,NPC L Hand [LHnd],16,240.576,240.576,100.448,283.352,24.736,4.0000,8.334,-211.628,1497.845,-9.912,0.4719,0.1014,0.8758,34.677,-177.498,218.130,-,Skin,shape,000001D1AF7AD300,12,1,1,0,-
1401,37817.397,0.0000,impact,ragdoll,Proventus Avenicci,0001A67D,NPC L Thigh [LThg],1,75.689,75.689,96.405,89.009,5.698,6.0000,20.487,-210.043,1485.548,-78.000,0.0000,0.0000,1.0000,-32.032,-10.632,-82.363,Static,Carpet,shape,000001D1AB13BD00,-,1,1,0,-
1402,37835.963,0.0000,impact,ragdoll,Proventus Avenicci,0001A67D,NPC L Foot [Lft ],7,23.201,23.201,67.043,56.264,5.959,3.0000,10.011,-198.772,1521.631,-78.000,-0.0000,0.0000,1.0000,31.403,38.077,-27.011,Static,Carpet,shape,000001D1AB13BD00,-,1,1,0,-
1403,37855.076,0.0000,impact,ragdoll,Proventus Avenicci,0001A67D,NPC L Calf [LClf],5,42.197,42.197,70.806,52.715,5.749,6.0000,19.675,-211.672,1490.038,-78.000,0.0000,0.0000,1.0000,37.116,17.321,-33.185,Static,Carpet,shape,000001D1AB13BD00,-,1,1,0,-
1404,37950.143,0.0000,impact,ragdoll,Proventus Avenicci,0001A67D,NPC R Thigh [RThg],2,102.285,102.285,161.525,313.345,4.068,6.0000,20.487,-207.045,1480.029,-59.860,0.2426,-0.0723,0.9674,-227.481,-211.500,-41.293,-,Skin,shape,000001D1AF7AF400,1,0,1,0,-
1405,37950.143,0.0000,impact,ragdoll,Proventus Avenicci,0001A67D,NPC L Thigh [LThg],1,102.285,102.285,161.525,209.440,6.843,6.0000,20.487,-207.045,1480.029,-59.860,0.2426,-0.0723,0.9674,-100.356,-182.128,-24.961,-,Skin,shape,000001D1AF7AEB00,2,0,1,0,-
1406,37987.432,0.0000,impact,ragdoll,Proventus Avenicci,0001A67D,NPC L UpperArm [LUar],10,348.809,348.809,273.989,447.034,5.292,2.0000,14.463,-223.309,1404.794,-78.000,0.0000,-0.0000,1.0000,-125.873,-263.823,-338.220,Static,Carpet,shape,000001D1AB13BD00,-,1,1,0,-
1407,37987.435,0.0000,impact,ragdoll,Proventus Avenicci,0001A67D,NPC L Forearm [LLar],14,364.073,364.073,305.720,475.234,6.574,2.0000,11.658,-228.114,1404.033,-78.000,-0.0000,-0.0000,1.0000,-74.655,-313.525,-349.251,Static,Carpet,shape,000001D1AB13BD00,-,1,1,0,-
1408,38005.362,0.0000,impact,ragdoll,Proventus Avenicci,0001A67D,NPC L Forearm [LLar],14,287.614,287.613,398.872,239.613,20.752,2.0000,11.658,-225.406,1406.192,-65.757,-0.4005,-0.3919,-0.8282,-150.289,-182.473,-39.131,-,Skin,shape,000001D1AF7ADC00,9,1,1,0,-
1409,38005.362,0.0000,impact,ragdoll,Proventus Avenicci,0001A67D,NPC Spine2 [Spn2],9,287.614,287.613,398.872,424.260,10.489,7.0000,23.052,-225.406,1406.192,-65.757,-0.4005,-0.3919,-0.8282,-111.184,-338.692,-230.047,-,Skin,shape,000001D1AF7AC700,14,1,1,0,-
1410,38005.952,0.0000,impact,ragdoll,Proventus Avenicci,0001A67D,NPC L UpperArm [LUar],10,92.528,92.528,76.472,273.711,24.843,2.0000,14.463,-224.220,1401.345,-79.651,-0.0000,-0.0000,1.0000,27.637,-229.614,-146.393,Static,Wood,shape,000001D0D9F29000,-,1,1,0,-
1411,38024.135,0.0000,impact,ragdoll,Proventus Avenicci,0001A67D,NPC Spine2 [Spn2],9,218.923,218.923,283.221,423.808,6.508,7.0000,23.052,-221.725,1405.069,-78.000,0.0000,0.0000,1.0000,-113.322,-344.346,-219.539,Static,Carpet,shape,000001D1AB13BD00,-,1,1,0,-
1412,38024.596,0.0000,impact,ragdoll,Proventus Avenicci,0001A67D,NPC COM [COM ],0,113.156,113.156,360.941,445.909,5.048,50.0000,17.687,-229.157,1435.792,-78.000,-0.0000,0.0000,1.0000,-244.142,-356.122,-111.387,Static,Carpet,shape,000001D1AB13BD00,-,1,1,0,-
1413,38024.600,0.0000,impact,ragdoll,Proventus Avenicci,0001A67D,NPC Head [Head],13,268.102,268.102,61.004,367.127,18.947,4.0000,15.108,-220.061,1379.794,-78.000,0.0000,0.0000,1.0000,-94.115,-234.726,-266.136,Static,Carpet,shape,000001D1AB13BD00,-,1,1,0,-
1414,38024.602,0.0000,impact,ragdoll,Proventus Avenicci,0001A67D,NPC L Hand [LHnd],16,217.480,217.480,102.015,330.803,21.531,4.0000,8.334,-245.169,1382.866,-78.000,-0.0000,0.0000,1.0000,-101.806,-227.473,-217.537,Static,Carpet,shape,000001D1AB13BD00,-,1,1,0,-
1415,38043.043,0.0000,impact,ragdoll,Proventus Avenicci,0001A67D,NPC L Thigh [LThg],1,95.612,95.612,388.077,335.814,5.465,6.0000,20.487,-221.541,1456.177,-79.650,-0.0000,0.0000,1.0000,-163.239,-291.057,-37.545,Static,Wood,shape,000001D1ACA24A00,-,1,1,0,-
1416,38043.802,0.0000,impact,ragdoll,Proventus Avenicci,0001A67D,NPC Spine [Spn0],3,154.255,154.255,110.523,353.730,18.607,4.0000,17.297,-234.216,1421.021,-78.000,-0.0000,0.0000,1.0000,-165.225,-272.870,-152.865,Static,Carpet,shape,000001D1AB13BD00,-,1,1,0,-
1417,38043.803,0.0000,impact,ragdoll,Proventus Avenicci,0001A67D,NPC L Calf [LClf],5,15.173,15.173,185.527,220.761,7.201,6.0000,19.675,-220.854,1458.797,-79.650,0.0000,-0.0000,1.0000,-77.730,-205.668,19.849,Static,Wood,shape,000001D1ACA24A00,-,1,1,0,-
1418,38062.011,0.0000,impact,ragdoll,Proventus Avenicci,0001A67D,NPC Spine1 [Spn1],6,84.663,84.663,178.214,382.588,10.855,4.0000,18.878,-233.417,1406.803,-78.000,-0.0000,-0.0000,1.0000,-192.237,-319.913,-84.106,Static,Carpet,shape,000001D1AB13BD00,-,1,1,0,-
1419,38062.017,0.0000,impact,ragdoll,Proventus Avenicci,0001A67D,NPC L Forearm [LLar],14,132.908,132.908,184.783,205.276,10.140,2.0000,11.658,-233.540,1399.303,-67.684,-0.0127,-0.7758,-0.6308,-105.997,-174.646,-20.045,-,Skin,shape,000001D1AF7ADF00,6,1,1,0,-
1420,38062.017,0.0000,impact,ragdoll,Proventus Avenicci,0001A67D,NPC Spine1 [Spn1],6,132.908,132.908,184.783,382.588,10.855,4.0000,18.878,-233.540,1399.303,-67.684,-0.0127,-0.7758,-0.6308,-192.237,-319.913,-84.106,-,Skin,shape,000001D1AF7AC700,14,1,1,0,-
1421,38062.533,0.0000,impact,ragdoll,Proventus Avenicci,0001A67D,NPC Head [Head],13,48.828,48.828,235.715,276.239,10.765,4.0000,15.108,-222.704,1370.844,-79.651,-0.0000,0.0000,1.0000,-73.442,-261.726,-49.131,Static,Wood,shape,000001D0D9F29000,-,1,1,0,-
1422,38098.437,0.0000,impact,ragdoll,Proventus Avenicci,0001A67D,NPC L Forearm [LLar],14,116.198,116.198,164.945,238.214,10.676,2.0000,11.658,-247.612,1373.460,-79.651,-0.0000,0.0000,1.0000,-51.663,-225.013,-58.703,Static,Wood,shape,000001D0D9F29000,-,0,1,0,-
1423,38098.438,0.0000,impact,ragdoll,Proventus Avenicci,0001A67D,NPC L Forearm [LLar],14,116.198,116.198,181.222,238.214,10.676,2.0000,11.658,-247.612,1373.460,-78.000,0.0000,-0.0000,1.0000,-51.663,-225.013,-58.703,Static,Carpet,shape,000001D1AB13BD00,-,0,1,0,-
1424,38116.661,0.0000,impact,ragdoll,Proventus Avenicci,0001A67D,NPC L Hand [LHnd],16,52.780,52.780,188.147,201.688,16.230,4.0000,8.334,-253.552,1369.037,-79.651,0.0000,0.0000,1.0000,-75.066,-179.575,-52.878,Static,Wood,shape,000001D0D9F29000,-,1,1,0,-
1425,38116.661,0.0000,impact,ragdoll,Proventus Avenicci,0001A67D,NPC L Hand [LHnd],16,50.012,50.012,193.446,201.688,16.230,4.0000,8.334,-253.303,1369.037,-78.000,-0.0366,0.0000,0.9993,-75.066,-179.575,-52.878,Static,Carpet,shape,000001D1AB13BD00,-,1,1,0,-
1426,38133.595,0.0000,impact,ragdoll,Proventus Avenicci,0001A67D,NPC Spine1 [Spn1],6,136.875,136.875,204.020,550.512,10.373,4.0000,18.878,-253.897,1367.189,-68.506,0.3556,0.6098,0.7083,-283.500,-468.210,58.907,-,Skin,shape,000001D1AF7AC400,16,1,1,0,-
1427,38133.595,0.0000,impact,ragdoll,Proventus Avenicci,0001A67D,NPC L Hand [LHnd],16,136.875,136.875,204.020,206.364,3.466,4.0000,8.334,-253.897,1367.189,-68.506,0.3556,0.6098,0.7083,-74.499,-183.923,-56.642,-,Skin,shape,000001D1AF7ADF00,6,1,1,0,-
1428,38133.600,0.0000,impact,ragdoll,Proventus Avenicci,0001A67D,NPC L Hand [LHnd],16,53.295,53.295,190.526,206.364,3.466,4.0000,8.334,-247.442,1365.352,-63.650,-0.6993,-0.0993,-0.7079,-74.499,-183.923,-56.642,-,Skin,shape,000001D1AF7ADC00,9,1,1,0,-
1429,38133.600,0.0000,impact,ragdoll,Proventus Avenicci,0001A67D,NPC Spine2 [Spn2],9,53.295,53.295,190.526,455.285,12.065,7.0000,23.052,-247.442,1365.352,-63.650,-0.6993,-0.0993,-0.7079,-229.701,-388.680,58.736,-,Skin,shape,000001D1AF7AC400,16,1,1,0,-
1430,38150.333,0.0000,impact,ragdoll,Proventus Avenicci,0001A67D,NPC L Hand [LHnd],16,28.463,28.463,230.833,348.834,25.694,4.0000,8.334,-253.535,1362.943,-78.075,-0.5013,-0.1576,0.8508,-113.373,-291.592,-154.292,Static,Carpet,shape,000001D1AB13BD00,-,1,1,0,-
1431,38150.339,0.0000,impact,ragdoll,Proventus Avenicci,0001A67D,NPC R Hand [RHnd],17,386.429,386.429,293.159,490.373,15.986,4.0000,8.334,-270.901,1320.439,-87.562,0.0000,0.0000,1.0000,-176.586,-239.981,-389.476,Static,WoodStairs,shape,000001D0D9F29000,-,1,0,0,-
1432,38150.340,0.0000,impact,ragdoll,Proventus Avenicci,0001A67D,NPC R Hand [RHnd],17,389.642,389.642,296.215,490.373,15.986,4.0000,8.334,-270.928,1320.019,-87.560,-0.0000,0.0000,1.0000,-176.586,-239.981,-389.476,Static,WoodStairs,shape,000001D0D9F29000,-,0,1,0,-
1433,38167.481,0.0000,impact,ragdoll,Proventus Avenicci,0001A67D,NPC L Hand [LHnd],16,55.808,55.808,51.881,237.527,20.866,4.0000,8.334,-251.653,1356.793,-64.666,-0.5085,0.0441,-0.8599,-33.331,-232.646,-34.412,-,Skin,shape,000001D1AF7ADC00,9,1,1,0,-
1434,38167.482,0.0000,impact,ragdoll,Proventus Avenicci,0001A67D,NPC Spine2 [Spn2],9,55.808,55.808,51.881,501.760,16.059,7.0000,23.052,-251.653,1356.793,-64.666,-0.5085,0.0441,-0.8599,-259.574,-428.752,23.585,-,Skin,shape,000001D1AF7AC400,16,1,1,0,-
1435,38167.483,0.0000,impact,ragdoll,Proventus Avenicci,0001A67D,NPC L Hand [LHnd],16,7.276,7.276,166.551,237.527,20.866,4.0000,8.334,-257.440,1359.223,-79.674,0.0000,0.0000,1.0000,-33.331,-232.646,-34.412,Static,Wood,shape,000001D0D9F29000,-,1,0,0,-
1436,38167.483,0.0000,impact,ragdoll,Proventus Avenicci,0001A67D,NPC L Hand [LHnd],16,34.184,34.184,171.114,237.527,20.866,4.0000,8.334,-257.674,1357.378,-79.651,-0.0000,-0.0000,1.0000,-33.331,-232.646,-34.412,Static,Wood,shape,000001D0D9F29000,-,0,1,0,-
1437,38203.113,0.0000,impact,ragdoll,Proventus Avenicci,0001A67D,NPC L Thigh [LThg],1,48.861,48.861,597.225,594.613,2.989,6.0000,20.487,-264.069,1378.108,-78.000,0.0000,-0.0000,1.0000,-327.354,-494.287,-45.648,Static,Carpet,shape,000001D1AB0AC700,-,1,1,0,-
1438,38276.789,0.0000,impact,ragdoll,Proventus Avenicci,0001A67D,NPC R Foot [Rft ],8,201.601,201.601,782.508,792.901,4.224,3.0000,10.011,-333.519,1375.288,-78.000,0.0000,0.0000,1.0000,-467.309,-610.152,-195.011,Static,Carpet,shape,000001D1AB0AC700,-,1,1,0,-
1439,38597.380,0.0000,impact,ragdoll,Proventus Avenicci,0001A67D,NPC R Thigh [RThg],2,289.237,289.237,612.448,656.497,3.714,6.0000,20.487,-418.980,1162.465,-135.650,-0.0000,-0.0000,1.0000,-276.453,-520.246,-289.665,Static,Wood,shape,000001D1AAE89600,-,1,1,0,-
1440,38597.381,0.0000,impact,ragdoll,Proventus Avenicci,0001A67D,NPC R Calf [RClf],4,289.565,289.565,628.296,742.607,3.695,6.0000,19.675,-424.153,1162.988,-135.650,0.0000,0.0000,1.0000,-288.477,-617.493,-294.872,Static,Wood,shape,000001D1AAE89600,-,1,1,0,-
1441,38597.974,0.0000,impact,ragdoll,Proventus Avenicci,0001A67D,NPC COM [COM ],0,287.012,287.012,525.950,611.793,5.469,50.0000,17.687,-395.026,1156.976,-135.650,-0.0000,-0.0000,1.0000,-270.421,-470.188,-282.996,Static,Wood,shape,000001D1AAE89600,-,1,1,0,-
1442,38597.977,0.0000,impact,ragdoll,Proventus Avenicci,0001A67D,NPC R Thigh [RThg],2,215.390,215.390,516.341,581.110,13.374,6.0000,20.487,-399.189,1154.389,-135.650,-0.0000,-0.0000,1.0000,-264.785,-506.561,-104.756,Static,Wood,shape,000001D1AAE89600,-,0,1,0,-
1443,38615.341,0.0000,impact,ragdoll,Proventus Avenicci,0001A67D,NPC L Thigh [LThg],1,188.295,188.295,631.695,464.118,26.939,6.0000,20.487,-416.295,1174.835,-135.650,0.0000,0.0000,1.0000,-264.664,-369.480,94.036,Static,Wood,shape,000001D1AAE89600,-,0,1,0,-
1444,38649.505,0.0000,impact,ragdoll,Proventus Avenicci,0001A67D,NPC R Thigh [RThg],2,235.412,235.412,277.262,337.513,14.646,6.0000,20.487,-429.556,1139.446,-143.559,0.0000,0.0000,1.0000,-197.419,-259.406,-87.461,Static,WoodStairs,shape,000001D1AAE89600,-,0,0,0,-
1445,38649.507,0.0000,impact,ragdoll,Proventus Avenicci,0001A67D,NPC R Calf [RClf],4,303.008,303.008,353.895,540.023,10.710,6.0000,19.675,-434.493,1138.244,-143.559,-0.0000,0.0000,1.0000,-93.572,-433.066,-308.745,Static,WoodStairs,shape,000001D1AAE89600,-,1,1,0,-
1446,38649.509,0.0000,impact,ragdoll,Proventus Avenicci,0001A67D,NPC R Foot [Rft ],8,351.765,351.765,721.945,743.273,15.022,3.0000,10.011,-466.566,1131.207,-143.559,0.0000,-0.0000,1.0000,-33.954,-659.284,-341.537,Static,WoodStairs,shape,000001D1AAE89600,-,1,1,0,-
1447,38649.512,0.0000,impact,ragdoll,Proventus Avenicci,0001A67D,NPC L Forearm [LLar],14,198.027,198.027,141.288,773.874,9.827,2.0000,11.658,-380.429,1126.434,-99.931,0.7132,0.4740,0.5164,-357.793,-663.532,-174.903,-,Skin,shape,000001D1AF7ADC00,9,1,1,0,-
1448,38649.512,0.0000,impact,ragdoll,Proventus Avenicci,0001A67D,NPC Spine2 [Spn2],9,198.027,198.027,141.288,565.701,11.583,7.0000,23.052,-380.429,1126.434,-99.931,0.7132,0.4740,0.5164,-210.783,-514.198,-105.773,-,Skin,shape,000001D1AF7AC700,14,1,1,0,-
1449,38650.095,0.0000,impact,ragdoll,Proventus Avenicci,0001A67D,NPC L Foot [Lft ],7,354.459,354.459,737.048,845.737,19.846,3.0000,10.011,-459.744,1171.905,-135.650,0.0000,-0.0000,1.0000,-429.511,-625.455,-373.627,Static,Wood,shape,000001D1AAE89600,-,1,1,0,-
1450,38650.098,0.0000,impact,ragdoll,Proventus Avenicci,0001A67D,NPC R Hand [RHnd],17,368.536,368.536,575.413,611.644,19.377,4.0000,8.334,-388.479,1088.675,-157.557,0.0000,-0.0000,1.0000,-234.458,-427.633,-369.145,Static,WoodStairs,shape,000001D1AAE89600,-,1,1,0,-
1451,38668.281,0.0000,impact,ragdoll,Proventus Avenicci,0001A67D,NPC L Calf [LClf],5,177.571,177.571,416.305,501.082,19.566,6.0000,19.675,-458.576,1157.094,-135.650,0.0000,0.0000,1.0000,-226.913,-446.759,-0.875,Static,Wood,shape,000001D1AAE89600,-,0,0,0,-
1452,38668.282,0.0000,impact,ragdoll,Proventus Avenicci,0001A67D,NPC L Calf [LClf],5,27.266,27.266,374.214,501.082,19.566,6.0000,19.675,-446.637,1151.740,-135.697,-0.0000,-0.1045,0.9945,-226.913,-446.759,-0.875,Static,WoodStairs,shape,000001D1AAE89600,-,0,1,0,-
1453,38723.545,0.0000,impact,ragdoll,Proventus Avenicci,0001A67D,NPC L Hand [LHnd],16,85.596,85.596,158.314,683.143,11.490,4.0000,8.334,-398.565,1093.575,-116.965,0.8512,0.3396,-0.4002,-353.617,-538.122,-228.173,-,Skin,shape,000001D1AF7ADC00,9,1,1,0,-
1454,38723.546,0.0000,impact,ragdoll,Proventus Avenicci,0001A67D,NPC Spine2 [Spn2],9,85.596,85.596,158.314,450.267,5.291,7.0000,23.052,-398.565,1093.575,-116.965,0.8512,0.3396,-0.4002,-251.702,-364.140,-82.395,-,Skin,shape,000001D1AF7AC400,16,1,1,0,-
1455,38740.966,0.0000,impact,ragdoll,Proventus Avenicci,0001A67D,NPC L Forearm [LLar],14,7.368,7.368,92.842,598.447,4.141,2.0000,11.658,-405.910,1091.716,-112.725,0.7794,-0.5697,0.2606,-258.111,-497.172,-210.567,-,Skin,shape,000001D1AF7ADF00,6,1,1,0,-
1456,38740.967,0.0000,impact,ragdoll,Proventus Avenicci,0001A67D,NPC Spine1 [Spn1],6,7.368,7.368,92.842,447.229,9.110,4.0000,18.878,-405.910,1091.716,-112.725,0.7794,-0.5697,0.2606,-230.928,-381.456,-34.320,-,Skin,shape,000001D1AF7AC700,14,1,1,0,-
1457,38795.932,0.0000,impact,ragdoll,Proventus Avenicci,0001A67D,NPC L Hand [LHnd],16,76.879,76.879,298.248,631.266,9.125,4.0000,8.334,-415.858,1063.603,-141.446,0.7441,0.1140,0.6582,-287.162,-550.243,-115.181,-,Skin,shape,000001D1AF7AD300,12,1,1,0,-
1458,38795.933,0.0000,impact,ragdoll,Proventus Avenicci,0001A67D,NPC R UpperArm [RUar],12,76.879,76.879,298.248,291.852,9.526,2.0000,14.463,-415.858,1063.603,-141.446,0.7441,0.1140,0.6582,-170.486,-189.136,-142.617,-,Skin,shape,000001D1AF7AC400,16,1,1,0,-
1459,38833.534,0.0000,impact,ragdoll,Proventus Avenicci,0001A67D,NPC R Forearm [RLar],15,58.802,58.802,160.884,236.553,12.193,6.0000,11.658,-425.509,1062.091,-171.571,0.0001,-0.0022,1.0000,-160.793,-144.661,-95.792,Static,WoodStairs,shape,000001D1AAE89600,-,1,1,0,-
1460,38852.790,0.0000,impact,ragdoll,Proventus Avenicci,0001A67D,NPC R Forearm [RLar],15,64.526,64.526,145.067,218.446,15.349,6.0000,11.658,-424.622,1056.062,-171.601,0.0001,-0.1045,0.9945,-155.302,-141.499,-59.816,Static,WoodStairs,shape,000001D1AAE89600,-,0,1,0,-
1461,38852.792,0.0000,impact,ragdoll,Proventus Avenicci,0001A67D,NPC L Hand [LHnd],16,132.402,132.402,221.096,571.736,22.203,4.0000,8.334,-431.201,1030.367,-142.464,0.7578,0.5971,0.2630,-294.461,-477.564,-110.035,-,Skin,shape,000001D1AF7AD600,13,1,1,0,-
1462,38852.793,0.0000,impact,ragdoll,Proventus Avenicci,0001A67D,NPC Head [Head],13,132.402,132.402,221.096,457.783,6.133,4.0000,15.108,-431.201,1030.367,-142.464,0.7578,0.5971,0.2630,-212.547,-283.710,-289.651,-,Skin,shape,000001D1AF7AC400,16,1,1,0,-
1463,38973.214,0.0000,impact,ragdoll,Proventus Avenicci,0001A67D,NPC Head [Head],13,301.023,301.023,259.634,423.716,5.370,4.0000,15.108,-467.735,994.043,-191.650,0.0000,-0.0000,1.0000,-214.964,-205.343,-301.926,Static,Wood,shape,000001D1AAE89000,-,1,1,0,-
1464,38990.344,0.0000,impact,ragdoll,Proventus Avenicci,0001A67D,NPC Head [Head],13,35.232,35.232,28.485,318.166,40.034,4.0000,15.108,-472.061,990.022,-191.650,0.0000,-0.0000,1.0000,-250.570,-194.824,-22.099,Static,Wood,shape,000001D1AAE89000,-,0,1,0,-
1465,39024.567,0.0000,impact,ragdoll,Proventus Avenicci,0001A67D,NPC Neck [Neck],11,36.824,36.824,205.218,341.375,34.892,6.0000,8.431,-480.624,982.165,-191.650,0.0000,0.0000,1.0000,-162.247,-298.066,-37.007,Static,Wood,shape,000001D1AAE89000,-,1,1,0,-
1466,39024.570,0.0000,impact,ragdoll,Proventus Avenicci,0001A67D,NPC R UpperArm [RUar],12,106.017,106.017,559.681,495.438,9.139,2.0000,14.463,-467.501,997.384,-191.650,-0.0000,-0.0000,1.0000,-251.957,-405.576,-132.228,Static,Wood,shape,000001D1AAE89000,-,1,1,0,-
1467,39024.573,0.0000,impact,ragdoll,Proventus Avenicci,0001A67D,NPC L Hand [LHnd],16,273.867,273.867,121.807,492.993,5.305,4.0000,8.334,-470.239,975.747,-177.450,0.6169,-0.5437,0.5691,-239.389,-365.030,-229.102,-,Skin,shape,000001D1AF7AD600,13,1,1,0,-
1468,39024.573,0.0000,impact,ragdoll,Proventus Avenicci,0001A67D,NPC Head [Head],13,273.867,273.867,121.807,323.917,37.646,4.0000,15.108,-470.239,975.747,-177.450,0.6169,-0.5437,0.5691,15.483,-323.532,3.046,-,Skin,shape,000001D1AF7AC400,16,1,1,0,-
1469,39025.089,0.0000,impact,ragdoll,Proventus Avenicci,0001A67D,NPC R UpperArm [RUar],12,70.747,70.747,537.041,446.049,12.941,2.0000,14.463,-464.522,1001.540,-191.661,0.0000,0.0000,1.0000,-269.414,-354.127,-31.136,Static,Wood,shape,000001D1AAE89000,-,0,1,0,-
1470,39045.725,0.0000,impact,ragdoll,Proventus Avenicci,0001A67D,NPC R UpperArm [RUar],12,17.839,17.839,309.981,300.323,10.067,2.0000,14.463,-466.450,1001.759,-191.669,0.0000,0.0000,1.0000,-233.163,-189.107,-8.186,Static,Wood,shape,000001D1AAE89000,-,0,1,0,-
1471,39061.306,0.0000,impact,ragdoll,Proventus Avenicci,0001A67D,NPC L Hand [LHnd],16,9.365,9.365,102.254,512.795,21.263,4.0000,8.334,-475.989,959.753,-179.726,0.4186,-0.8465,0.3289,-201.887,-466.513,-67.573,-,Skin,shape,000001D1AF7AD600,13,1,1,0,-
1472,39061.306,0.0000,impact,ragdoll,Proventus Avenicci,0001A67D,NPC Head [Head],13,9.365,9.365,102.254,363.203,10.966,4.0000,15.108,-475.989,959.753,-179.726,0.4186,-0.8465,0.3289,-23.667,-362.424,-2.332,-,Skin,shape,000001D1AF7AC400,16,1,1,0,-
1473,39079.203,0.0000,impact,ragdoll,Proventus Avenicci,0001A67D,NPC R Hand [RHnd],17,166.383,166.383,619.006,524.217,21.644,4.0000,8.334,-451.128,997.266,-191.650,0.0000,0.0000,1.0000,-309.517,-388.892,-166.631,Static,Wood,shape,000001D1AAE89000,-,1,1,0,-
1474,39097.042,0.0000,impact,ragdoll,Proventus Avenicci,0001A67D,NPC Spine2 [Spn2],9,77.868,77.868,305.700,302.933,8.098,7.0000,23.052,-495.606,967.494,-191.650,-0.0000,-0.0000,1.0000,-47.263,-289.714,-74.837,Static,Wood,shape,000001D1AAE89000,-,1,1,0,-
1475,39097.046,0.0000,impact,ragdoll,Proventus Avenicci,0001A67D,NPC R UpperArm [RUar],12,64.590,64.590,278.965,251.395,12.368,2.0000,14.463,-476.953,992.335,-191.650,0.0000,0.0000,1.0000,-145.570,-200.439,-42.814,Static,Wood,shape,000001D1AAE89000,-,0,1,0,-
1476,39097.049,0.0000,impact,ragdoll,Proventus Avenicci,0001A67D,NPC R Forearm [RLar],15,45.748,45.748,372.744,352.866,9.077,6.0000,11.658,-462.619,993.830,-191.650,0.0000,0.0000,1.0000,-261.800,-225.312,-72.179,Static,Wood,shape,000001D1AAE89000,-,1,1,0,-
1477,39133.641,0.0000,impact,ragdoll,Proventus Avenicci,0001A67D,NPC R Forearm [RLar],15,25.803,25.803,269.268,363.439,10.589,6.0000,11.658,-484.998,986.570,-191.650,0.0000,-0.0000,1.0000,-219.932,-289.298,4.970,Static,Wood,shape,000001D1AAE89000,-,0,1,0,-
1478,39187.547,0.0000,impact,ragdoll,Proventus Avenicci,0001A67D,NPC R UpperArm [RUar],12,42.744,42.744,267.948,302.538,5.146,2.0000,14.463,-491.458,959.569,-191.650,-0.0000,-0.1045,0.9945,-164.884,-248.359,-51.579,Static,WoodStairs,shape,000001D1AAE89000,-,0,1,0,-
1479,39187.554,0.0000,impact,ragdoll,Proventus Avenicci,0001A67D,NPC Head [Head],13,123.638,123.638,261.543,307.617,2.883,4.0000,15.108,-488.979,930.339,-199.559,-0.0000,-0.0000,1.0000,-122.381,-253.546,-123.957,Static,WoodStairs,shape,000001D1AAE89000,-,1,1,0,-
1480,39188.073,0.0000,impact,ragdoll,Proventus Avenicci,0001A67D,NPC R UpperArm [RUar],12,22.422,22.422,281.165,303.538,4.251,2.0000,14.463,-493.304,959.566,-191.650,0.0000,-0.0014,1.0000,-166.931,-252.664,-20.740,Static,Wood,shape,000001D1AAE89000,-,0,1,0,-
1481,39207.294,0.0000,impact,ragdoll,Proventus Avenicci,0001A67D,NPC Head [Head],13,16.800,16.800,24.253,232.236,27.915,4.0000,15.108,-490.917,927.672,-199.562,0.0000,-0.1385,0.9904,-84.980,-209.946,-51.327,Static,WoodStairs,shape,000001D1AAE89000,-,1,1,0,-
1482,39207.829,0.0000,impact,ragdoll,Proventus Avenicci,0001A67D,NPC Spine2 [Spn2],9,96.494,96.494,287.436,326.607,6.193,7.0000,23.052,-509.504,936.002,-199.559,-0.0000,-0.0000,1.0000,-162.565,-266.658,-95.597,Static,WoodStairs,shape,000001D1AAE89000,-,1,1,0,-
1483,39241.307,0.0000,impact,ragdoll,Proventus Avenicci,0001A67D,NPC Spine2 [Spn2],9,12.364,12.364,273.154,306.200,7.030,7.0000,23.052,-513.682,927.740,-199.560,-0.0000,-0.1045,0.9945,-139.680,-269.448,-40.568,Static,WoodStairs,shape,000001D1AAE89000,-,0,1,0,-
1484,39346.725,0.0000,impact,ragdoll,Proventus Avenicci,0001A67D,NPC R Calf [RClf],4,196.633,196.633,240.985,448.339,9.659,6.0000,19.675,-602.239,941.742,-199.559,-0.0000,-0.0000,1.0000,-243.394,-278.193,-253.724,Static,WoodStairs,shape,000001D1AAE89000,-,1,1,0,-
1485,39363.888,0.0000,impact,ragdoll,Proventus Avenicci,0001A67D,NPC R Calf [RClf],4,156.942,156.942,371.932,398.600,13.276,6.0000,19.675,-591.387,927.736,-199.559,-0.0000,-0.1045,0.9945,-241.216,-290.302,-128.145,Static,WoodStairs,shape,000001D1AAE89000,-,0,1,0,-
1486,39400.117,0.0000,impact,ragdoll,Proventus Avenicci,0001A67D,NPC R Thigh [RThg],2,17.392,17.392,210.710,367.637,13.479,6.0000,20.487,-578.131,895.729,-213.589,0.0000,-0.4145,0.9100,-179.132,-300.454,-113.121,Static,WoodStairs,shape,000001D1AAE89000,-,1,0,0,-
1487,39400.118,0.0000,impact,ragdoll,Proventus Avenicci,0001A67D,NPC R Thigh [RThg],2,17.392,17.392,210.710,367.637,13.479,6.0000,20.487,-578.131,895.729,-213.589,0.0000,-0.4145,0.9100,-179.132,-300.454,-113.121,Static,WoodStairs,shape,000001D1AAE89000,-,0,1,0,-
1488,39400.124,0.0000,impact,ragdoll,Proventus Avenicci,0001A67D,NPC L Foot [Lft ],7,283.104,283.104,352.014,495.433,8.860,3.0000,10.011,-634.219,834.742,-208.938,1.0000,-0.0000,-0.0000,-280.973,-276.740,-299.871,Static,Stone,shape,000001D1AAE89000,-,1,1,0,-
1489,39416.236,0.0000,impact,ragdoll,Proventus Avenicci,0001A67D,NPC R Thigh [RThg],2,59.025,59.025,199.164,388.605,13.518,6.0000,20.487,-584.479,898.901,-213.593,0.0000,0.0000,1.0000,-190.352,-318.884,-114.422,Static,WoodStairs,shape,000001D1AAE89000,-,0,0,0,-
1490,39450.233,0.0000,impact,ragdoll,Proventus Avenicci,0001A67D,NPC COM [COM ],0,227.797,227.797,264.053,398.804,7.204,50.0000,17.687,-585.543,866.966,-227.574,0.0000,0.0000,1.0000,-163.410,-273.926,-239.387,Static,WoodStairs,shape,000001D1AAE89000,-,1,1,0,-
1491,39465.199,0.0000,impact,ragdoll,Proventus Avenicci,0001A67D,NPC L Calf [LClf],5,175.911,175.911,345.675,445.584,14.762,6.0000,19.675,-622.255,831.798,-241.653,-0.0000,-0.6971,0.7170,-93.546,-225.125,-372.979,Static,WoodStairs,shape,000001D1AAE89000,-,1,0,0,-
1492,39465.200,0.0000,impact,ragdoll,Proventus Avenicci,0001A67D,NPC L Calf [LClf],5,175.911,175.911,345.674,445.584,14.762,6.0000,19.675,-622.255,831.798,-241.653,-0.0000,-0.6971,0.7170,-93.546,-225.125,-372.979,Static,WoodStairs,shape,000001D1AAE89000,-,0,1,0,-
1493,39465.206,0.0000,impact,ragdoll,Proventus Avenicci,0001A67D,NPC L Foot [Lft ],7,175.918,175.918,823.251,623.386,32.340,3.0000,10.011,-639.603,819.621,-231.319,1.0000,-0.0000,0.0000,-154.790,-325.194,-508.821,Static,Wood,shape,000001D0DA080D00,-,1,1,0,-
1494,39465.778,0.0000,impact,ragdoll,Proventus Avenicci,0001A67D,NPC Spine [Spn0],3,13.917,13.917,182.134,272.384,22.617,4.0000,17.297,-580.053,863.782,-229.125,-0.0000,-1.0000,0.0000,-55.824,-266.434,-9.462,Static,WoodStairs,shape,000001D1AAE89000,-,0,0,0,-
1495,39465.784,0.0000,impact,ragdoll,Proventus Avenicci,0001A67D,NPC Spine2 [Spn2],9,13.102,13.102,172.791,286.451,13.410,7.0000,23.052,-556.128,863.876,-227.576,0.0001,-0.2345,0.9721,-98.880,-258.668,-73.264,Static,WoodStairs,shape,000001D1AAE89000,-,1,0,0,-
1496,39465.784,0.0000,impact,ragdoll,Proventus Avenicci,0001A67D,NPC Spine2 [Spn2],9,13.102,13.102,172.791,286.451,13.410,7.0000,23.052,-556.128,863.876,-227.576,0.0001,-0.2345,0.9721,-98.880,-258.668,-73.264,Static,WoodStairs,shape,000001D1AAE89000,-,0,0,0,-
1497,39482.428,0.0000,impact,ragdoll,Proventus Avenicci,0001A67D,NPC R Foot [Rft ],8,273.542,256.151,299.687,465.088,28.271,3.0000,10.011,-634.530,895.152,-191.544,0.7066,-0.0000,0.7076,-353.074,-280.448,-113.994,Static,Stone,shape,000001D1AAE89000,-,0,0,0,-
1498,39495.917,0.0000,impact,ragdoll,Proventus Avenicci,0001A67D,NPC R Calf [RClf],4,188.657,188.657,336.118,422.827,6.983,6.0000,19.675,-634.219,893.899,-191.987,0.9993,-0.0000,0.0374,-205.413,-368.689,-25.618,Static,Stone,shape,000001D1AAE89000,-,1,0,0,-
1499,39495.919,0.0000,impact,ragdoll,Proventus Avenicci,0001A67D,NPC R Calf [RClf],4,194.308,194.308,332.883,422.827,6.983,6.0000,19.675,-634.219,893.899,-191.987,0.9945,-0.0000,0.1045,-205.413,-368.689,-25.618,Static,Wood,shape,000001D1AAE89000,-,0,1,0,-
1500,39496.451,0.0000,impact,ragdoll,Proventus Avenicci,0001A67D,NPC L Foot [Lft ],7,261.208,261.208,187.337,357.611,13.203,3.0000,10.011,-628.478,809.652,-255.650,-0.0000,0.0000,1.0000,-59.448,-207.860,-284.860,Static,Wood,shape,000001D1AAE89300,-,1,1,0,-
1501,39512.392,0.0000,impact,ragdoll,Proventus Avenicci,0001A67D,NPC R Foot [Rft ],8,18.830,18.830,94.742,115.339,20.450,3.0000,10.011,-644.100,889.030,-183.122,1.0000,0.0000,0.0000,-2.790,-114.568,-13.012,Static,Wood,shape,000001D1AAE30A00,-,1,1,0,-
1502,39540.063,0.0000,state,unknown,Proventus Avenicci,0001A67D,-,-,0.000,0.000,0.000,0.000,0.000,0.0000,0.000,0.000,0.000,0.000,0.0000,0.0000,0.0000,0.000,0.000,0.000,-,-,-,0000000000000000,-,0,0,0,knock_get_up
1503,41361.714,0.0000,state,unknown,Proventus Avenicci,0001A67D,-,-,0.000,0.000,0.000,0.000,0.000,0.0000,0.000,0.000,0.000,0.000,0.0000,0.0000,0.0000,0.000,0.000,0.000,-,-,-,0000000000000000,-,0,0,0,ragdoll_start
1504,41486.376,0.0000,impact,ragdoll,Proventus Avenicci,0001A67D,NPC COM [COM ],0,100.781,100.781,193.580,107.995,16.621,50.0000,17.687,-552.630,845.287,-241.554,0.0000,0.0000,1.0000,52.110,-26.894,-90.687,Static,WoodStairs,shape,000001D1AAE89000,-,1,1,0,-
1505,41506.926,0.0000,impact,ragdoll,Proventus Avenicci,0001A67D,NPC Spine [Spn0],3,62.441,62.441,56.479,90.633,2.736,4.0000,17.297,-556.875,839.102,-241.554,0.0000,0.0000,1.0000,48.288,-42.676,-63.729,Static,WoodStairs,shape,000001D1AAE89000,-,1,1,0,-
1506,41524.156,0.0000,impact,ragdoll,Proventus Avenicci,0001A67D,NPC L Forearm [LLar],14,421.096,421.096,329.549,416.010,21.411,2.0000,11.658,-589.834,809.113,-255.650,-0.0000,-0.0000,1.0000,210.021,60.812,-353.917,Static,Wood,shape,000001D1AAE89300,-,1,1,0,-
1507,41541.563,0.0000,impact,ragdoll,Proventus Avenicci,0001A67D,NPC R Thigh [RThg],2,44.233,44.233,182.403,100.295,7.962,6.0000,20.487,-541.694,863.833,-227.591,0.0001,-0.3559,0.9345,50.439,-48.675,-71.733,Static,WoodStairs,shape,000001D1AAE89000,-,1,0,0,-
1508,41541.564,0.0000,impact,ragdoll,Proventus Avenicci,0001A67D,NPC R Thigh [RThg],2,44.233,44.233,182.403,100.295,7.962,6.0000,20.487,-541.694,863.833,-227.591,0.0001,-0.3559,0.9345,50.439,-48.675,-71.733,Static,WoodStairs,shape,000001D1AAE89000,-,0,1,0,-
1509,41541.569,0.0000,impact,ragdoll,Proventus Avenicci,0001A67D,NPC R Foot [Rft ],8,92.983,92.983,169.149,138.732,25.456,3.0000,10.011,-516.642,895.645,-216.934,-0.0000,-1.0000,0.0000,29.948,63.335,119.743,Static,WoodStairs,shape,000001D1AAE89000,-,1,1,0,-
1510,41542.078,0.0000,impact,ragdoll,Proventus Avenicci,0001A67D,NPC L Thigh [LThg],1,66.075,66.075,77.857,90.693,2.819,6.0000,20.487,-555.061,847.202,-241.554,0.0000,0.0000,1.0000,17.958,-65.689,-59.898,Static,WoodStairs,shape,000001D1AAE89000,-,0,1,0,-
1511,41542.082,0.0000,impact,ragdoll,Proventus Avenicci,0001A67D,NPC L UpperArm [LUar],10,202.264,202.264,72.312,234.817,10.554,2.0000,14.463,-585.128,809.913,-255.650,0.0000,0.0000,1.0000,27.152,-114.840,-203.012,Static,Wood,shape,000001D1AAE89300,-,1,1,0,-
1512,41560.690,0.0000,impact,ragdoll,Proventus Avenicci,0001A67D,NPC L Hand [LHnd],16,52.584,52.584,143.407,195.626,23.554,4.0000,8.334,-596.698,824.470,-255.650,-0.0000,-0.0000,1.0000,96.279,161.940,-52.681,Static,Wood,shape,000001D1AAE89300,-,1,1,0,-
1513,41560.697,0.0000,impact,ragdoll,Proventus Avenicci,0001A67D,NPC L Hand [LHnd],16,162.174,162.174,272.476,195.626,23.554,4.0000,8.334,-596.698,831.692,-249.151,-0.0000,-1.0000,0.0000,96.279,161.940,-52.681,Static,WoodStairs,shape,000001D1AAE89000,-,1,1,0,-
1514,41597.281,0.0000,impact,ragdoll,Proventus Avenicci,0001A67D,NPC L Thigh [LThg],1,18.088,18.088,75.543,55.097,6.683,6.0000,20.487,-560.603,868.434,-227.643,0.0000,0.0000,1.0000,-20.877,-44.908,-24.148,Static,WoodStairs,shape,000001D1AAE89000,-,0,1,0,-
1515,41652.871,0.0000,impact,ragdoll,Proventus Avenicci,0001A67D,NPC L Thigh [LThg],1,16.016,16.016,81.186,75.527,4.779,6.0000,20.487,-565.223,863.745,-227.637,0.0001,-0.6079,0.7940,-68.434,-29.165,-13.061,Static,WoodStairs,shape,000001D1AAE89000,-,0,0,0,-
1516,41652.872,0.0000,impact,ragdoll,Proventus Avenicci,0001A67D,NPC L Thigh [LThg],1,16.016,16.016,81.186,75.527,4.779,6.0000,20.487,-565.223,863.745,-227.637,0.0001,-0.6079,0.7940,-68.434,-29.165,-13.061,Static,WoodStairs,shape,000001D1AAE89000,-,0,1,0,-
1517,41652.875,0.0000,impact,ragdoll,Proventus Avenicci,0001A67D,NPC L Forearm [LLar],14,113.670,113.670,90.112,194.295,5.719,2.0000,11.658,-569.364,808.423,-243.721,-0.6259,0.0245,-0.7795,181.505,-67.601,15.383,-,Skin,shape,000001D1AF7ADC00,9,1,1,0,-
1518,41652.875,0.0000,impact,ragdoll,Proventus Avenicci,0001A67D,NPC Spine2 [Spn2],9,113.670,113.670,90.112,230.434,8.101,7.0000,23.052,-569.364,808.423,-243.721,-0.6259,0.0245,-0.7795,147.410,-123.441,-127.014,-,Skin,shape,000001D1AF7AC700,14,1,1,0,-
1519,41703.925,0.0000,impact,ragdoll,Proventus Avenicci,0001A67D,NPC L Calf [LClf],5,70.978,70.978,113.295,163.731,6.684,6.0000,19.675,-573.390,867.600,-227.661,0.0000,0.0000,1.0000,-144.419,-52.327,-56.683,Static,WoodStairs,shape,000001D1AAE89000,-,1,1,0,-
1520,41704.517,0.0000,impact,ragdoll,Proventus Avenicci,0001A67D,NPC Spine2 [Spn2],9,122.112,122.112,198.799,211.652,8.378,7.0000,23.052,-553.007,804.880,-255.650,0.0000,-0.0000,1.0000,169.527,-28.078,-123.567,Static,Wood,shape,000001D1AAE89300,-,1,1,0,-
1521,41704.519,0.0000,impact,ragdoll,Proventus Avenicci,0001A67D,NPC L UpperArm [LUar],10,108.183,108.183,248.799,213.782,14.886,2.0000,14.463,-550.621,796.945,-255.650,0.0000,0.0000,1.0000,205.519,19.699,-55.468,Static,Wood,shape,000001D1AAE89300,-,0,1,0,-
1522,41735.782,0.0000,impact,ragdoll,Proventus Avenicci,0001A67D,NPC Head [Head],13,286.604,286.604,408.731,439.831,21.754,4.0000,15.108,-545.739,780.161,-255.650,0.0000,0.0000,1.0000,334.865,32.954,-283.250,Static,Wood,shape,000001D1AAE89300,-,1,1,0,-
1523,41768.893,0.0000,impact,ragdoll,Proventus Avenicci,0001A67D,NPC L Forearm [LLar],14,51.751,51.751,98.178,221.277,12.507,2.0000,11.658,-555.616,808.462,-242.588,-0.4279,-0.6639,-0.6134,160.993,-136.093,67.254,-,Skin,shape,000001D1AF7ADF00,6,1,1,0,-
1524,41768.893,0.0000,impact,ragdoll,Proventus Avenicci,0001A67D,NPC Spine1 [Spn1],6,51.751,51.751,98.178,128.667,5.379,4.0000,18.878,-555.616,808.462,-242.588,-0.4279,-0.6639,-0.6134,43.553,-119.888,16.886,-,Skin,shape,000001D1AF7AC700,14,1,1,0,-
1525,41769.322,0.0000,impact,ragdoll,Proventus Avenicci,0001A67D,NPC R UpperArm [RUar],12,77.347,77.347,207.993,220.293,5.411,2.0000,14.463,-569.558,798.296,-231.873,0.1226,-0.6490,0.7508,92.596,-196.501,-36.643,-,Skin,shape,000001D1AF7AC400,16,1,1,0,-
1526,41769.322,0.0000,impact,ragdoll,Proventus Avenicci,0001A67D,NPC L Hand [LHnd],16,77.347,77.347,207.993,268.182,5.909,4.0000,8.334,-569.558,798.296,-231.873,0.1226,-0.6490,0.7508,198.558,-161.104,80.883,-,Skin,shape,000001D1AF7AD300,12,1,1,0,-
1527,41785.658,0.0000,impact,ragdoll,Proventus Avenicci,0001A67D,NPC Spine2 [Spn2],9,54.067,54.067,43.315,174.423,5.670,7.0000,23.052,-562.363,798.284,-235.993,0.9893,0.0157,-0.1448,103.496,-139.745,13.534,-,Skin,shape,000001D1AF7AC400,16,1,1,0,-
1528,41785.659,0.0000,impact,ragdoll,Proventus Avenicci,0001A67D,NPC L Hand [LHnd],16,54.067,54.067,43.315,274.856,6.776,4.0000,8.334,-562.363,798.284,-235.993,0.9893,0.0157,-0.1448,157.187,-223.293,-31.280,-,Skin,shape,000001D1AF7ADC00,9,1,1,0,-
1529,41785.663,0.0000,impact,ragdoll,Proventus Avenicci,0001A67D,NPC L Hand [LHnd],16,56.295,56.295,35.880,274.856,6.776,4.0000,8.334,-558.260,805.337,-235.855,-0.7816,-0.6221,0.0459,157.187,-223.293,-31.280,-,Skin,shape,000001D1AF7ADF00,6,1,1,0,-
1530,41785.663,0.0000,impact,ragdoll,Proventus Avenicci,0001A67D,NPC Spine1 [Spn1],6,56.295,56.295,35.880,152.506,3.443,4.0000,18.878,-558.260,805.337,-235.855,-0.7816,-0.6221,0.0459,26.773,-149.734,10.991,-,Skin,shape,000001D1AF7AC400,16,1,1,0,-
1531,41874.892,0.0000,impact,ragdoll,Proventus Avenicci,0001A67D,NPC L Hand [LHnd],16,206.755,206.755,419.114,427.253,39.349,4.0000,8.334,-558.530,769.602,-255.650,-0.0000,0.0000,1.0000,181.233,-327.027,-206.767,Static,Wood,shape,000001D1AAE89300,-,1,1,0,-
1532,41894.213,0.0000,impact,ragdoll,Proventus Avenicci,0001A67D,NPC L Forearm [LLar],14,30.942,30.942,69.664,302.046,6.769,2.0000,11.658,-542.108,782.664,-243.384,0.1253,-0.6209,-0.7738,167.111,-251.474,-8.157,-,Skin,shape,000001D1AF7ADF00,6,1,1,0,-
1533,41894.214,0.0000,impact,ragdoll,Proventus Avenicci,0001A67D,NPC Spine1 [Spn1],6,30.942,30.942,69.664,307.836,2.877,4.0000,18.878,-542.108,782.664,-243.384,0.1253,-0.6209,-0.7738,106.258,-288.285,-19.069,-,Skin,shape,000001D1AF7AC700,14,1,1,0,-
1534,42001.914,0.0000,impact,ragdoll,Proventus Avenicci,0001A67D,NPC L Foot [Lft ],7,293.321,293.321,422.093,502.134,4.119,3.0000,10.011,-591.468,810.695,-255.650,-0.0000,0.0000,1.0000,105.187,-399.608,-285.284,Static,Wood,shape,000001D1AAE89300,-,1,1,0,-
1535,42001.917,0.0000,impact,ragdoll,Proventus Avenicci,0001A67D,NPC L Forearm [LLar],14,116.011,116.011,347.820,361.851,3.645,2.0000,11.658,-519.059,746.773,-263.559,-0.0000,-0.0000,1.0000,235.881,-246.776,-119.991,Static,WoodStairs,shape,000001D1AAE89300,-,1,1,0,-
1536,42019.112,0.0000,impact,ragdoll,Proventus Avenicci,0001A67D,NPC L Forearm [LLar],14,110.931,110.931,65.479,293.829,9.156,2.0000,11.658,-521.682,749.268,-249.242,0.4029,-0.4231,-0.8116,175.515,-231.374,-44.676,-,Skin,shape,000001D1AF7ADF00,6,1,1,0,-
1537,42019.112,0.0000,impact,ragdoll,Proventus Avenicci,0001A67D,NPC Spine1 [Spn1],6,110.931,110.931,65.479,348.358,1.974,4.0000,18.878,-521.682,749.268,-249.242,0.4029,-0.4231,-0.8116,155.734,-299.500,-86.024,-,Skin,shape,000001D1AF7AC700,14,1,1,0,-
1538,42019.542,0.0000,impact,ragdoll,Proventus Avenicci,0001A67D,NPC L Thigh [LThg],1,206.227,206.227,415.991,405.598,4.694,6.0000,20.487,-557.544,780.939,-255.650,-0.0000,0.0000,1.0000,115.764,-350.759,-167.560,Static,Wood,shape,000001D1AAE89300,-,1,0,0,-
1539,42019.543,0.0000,impact,ragdoll,Proventus Avenicci,0001A67D,NPC L Thigh [LThg],1,99.184,99.184,399.750,405.598,4.694,6.0000,20.487,-542.890,767.680,-255.669,-0.0000,-0.1045,0.9945,115.764,-350.759,-167.560,Static,WoodStairs,shape,000001D1AAE89300,-,0,1,0,-
1540,42019.544,0.0000,impact,ragdoll,Proventus Avenicci,0001A67D,NPC L Calf [LClf],5,224.740,224.740,373.463,440.853,8.003,6.0000,19.675,-561.806,784.179,-255.650,-0.0000,0.0000,1.0000,116.250,-404.424,-131.449,Static,Wood,shape,000001D1AAE89300,-,1,1,0,-
1541,42019.547,0.0000,impact,ragdoll,Proventus Avenicci,0001A67D,NPC L Forearm [LLar],14,90.354,90.354,220.527,272.984,11.934,2.0000,11.658,-522.454,735.686,-263.561,-0.0000,-0.1045,0.9945,158.239,-199.146,-99.105,Static,WoodStairs,shape,000001D1AAE89300,-,0,0,0,-
1542,42019.547,0.0000,impact,ragdoll,Proventus Avenicci,0001A67D,NPC L Forearm [LLar],14,91.470,91.470,220.066,272.984,11.934,2.0000,11.658,-522.454,735.686,-263.561,-0.0000,-0.0981,0.9952,158.239,-199.146,-99.105,Static,WoodStairs,shape,000001D1AAE89300,-,0,1,0,-
1543,42037.787,0.0000,impact,ragdoll,Proventus Avenicci,0001A67D,NPC L UpperArm [LUar],10,62.005,62.005,273.865,300.794,2.221,2.0000,14.463,-509.061,742.816,-263.559,0.0000,0.0000,1.0000,177.860,-234.556,-61.857,Static,WoodStairs,shape,000001D1AAE89300,-,1,1,0,-
1544,42115.479,0.0000,impact,ragdoll,Proventus Avenicci,0001A67D,NPC L Hand [LHnd],16,194.650,194.650,237.176,331.007,24.623,4.0000,8.334,-509.529,707.715,-277.557,0.0000,0.0000,1.0000,219.202,-153.663,-194.688,Static,WoodStairs,shape,000001D1AAE89300,-,1,1,0,-
1545,42116.005,0.0000,impact,ragdoll,Proventus Avenicci,0001A67D,NPC L Forearm [LLar],14,33.631,33.631,253.165,343.678,15.413,2.0000,11.658,-502.180,712.142,-277.586,0.0000,0.0000,1.0000,227.458,-238.797,-96.712,Static,WoodStairs,shape,000001D1AAE89300,-,1,0,0,-
1546,42116.005,0.0000,impact,ragdoll,Proventus Avenicci,0001A67D,NPC L Forearm [LLar],14,32.819,32.819,250.460,343.678,15.413,2.0000,11.658,-502.194,709.358,-277.557,-0.0000,-0.0000,1.0000,227.458,-238.797,-96.712,Static,WoodStairs,shape,000001D1AAE89300,-,0,1,0,-
1547,42131.603,0.0000,impact,ragdoll,Proventus Avenicci,0001A67D,NPC L Thigh [LThg],1,74.680,74.680,380.617,380.113,2.880,6.0000,20.487,-528.817,735.649,-263.566,-0.0000,-0.2034,0.9791,96.380,-335.531,-150.385,Static,WoodStairs,shape,000001D1AAE89300,-,1,0,0,-
1548,42131.604,0.0000,impact,ragdoll,Proventus Avenicci,0001A67D,NPC L Thigh [LThg],1,74.680,74.680,380.617,380.113,2.880,6.0000,20.487,-528.817,735.649,-263.566,-0.0000,-0.2034,0.9791,96.380,-335.531,-150.385,Static,WoodStairs,shape,000001D1AAE89300,-,0,1,0,-
1549,42132.125,0.0000,impact,ragdoll,Proventus Avenicci,0001A67D,NPC L Forearm [LLar],14,139.003,139.003,121.122,176.228,6.361,2.0000,11.658,-499.525,714.203,-262.206,0.4800,-0.2426,-0.8431,103.729,-133.063,-50.901,-,Skin,shape,000001D1AF7ADF00,6,1,1,0,-
1550,42132.126,0.0000,impact,ragdoll,Proventus Avenicci,0001A67D,NPC Spine1 [Spn1],6,139.003,139.003,121.122,343.742,2.455,4.0000,18.878,-499.525,714.203,-262.206,0.4800,-0.2426,-0.8431,160.038,-265.466,-148.574,-,Skin,shape,000001D1AF7AC700,14,1,1,0,-
1551,42132.127,0.0000,impact,ragdoll,Proventus Avenicci,0001A67D,NPC L Hand [LHnd],16,147.971,147.971,198.113,229.669,20.843,4.0000,8.334,-504.558,710.305,-261.425,-0.0408,-0.6459,-0.7623,133.190,-186.146,-18.917,-,Skin,shape,000001D1AF7ADF00,6,1,1,0,-
1552,42132.127,0.0000,impact,ragdoll,Proventus Avenicci,0001A67D,NPC Spine1 [Spn1],6,147.971,147.971,198.113,343.742,2.455,4.0000,18.878,-504.558,710.305,-261.425,-0.0408,-0.6459,-0.7623,160.038,-265.466,-148.574,-,Skin,shape,000001D1AF7AC400,16,1,1,0,-
1553,42148.370,0.0000,impact,ragdoll,Proventus Avenicci,0001A67D,NPC Spine2 [Spn2],9,29.123,29.123,22.055,302.166,2.761,7.0000,23.052,-499.378,701.536,-268.129,0.5901,0.4186,0.6903,130.377,-235.013,-138.112,-,Skin,shape,000001D1AF7AC400,16,1,1,0,-
1554,42148.370,0.0000,impact,ragdoll,Proventus Avenicci,0001A67D,NPC L Hand [LHnd],16,29.123,29.123,22.055,346.920,5.273,4.0000,8.334,-499.378,701.536,-268.129,0.5901,0.4186,0.6903,195.368,-250.928,-138.636,-,Skin,shape,000001D1AF7ADC00,9,1,1,0,-
1555,42163.937,0.0000,impact,ragdoll,Proventus Avenicci,0001A67D,NPC L Forearm [LLar],14,116.001,116.001,285.124,276.792,14.282,2.0000,11.658,-488.111,713.055,-277.578,0.0000,0.0000,1.0000,153.691,-219.898,-68.101,Static,WoodStairs,shape,000001D1AAE89300,-,0,0,0,-
1556,42234.311,0.0000,impact,ragdoll,Proventus Avenicci,0001A67D,NPC L Thigh [LThg],1,35.670,35.670,376.216,373.010,3.027,6.0000,20.487,-517.098,703.767,-277.574,-0.0000,-0.3069,0.9517,110.568,-320.292,-155.962,Static,WoodStairs,shape,000001D1AAE89300,-,1,1,0,-
1557,42252.725,0.0000,impact,ragdoll,Proventus Avenicci,0001A67D,NPC L Thigh [LThg],1,74.521,74.521,348.149,354.058,2.379,6.0000,20.487,-526.614,703.781,-277.570,-0.0000,-0.2659,0.9640,103.423,-301.688,-153.770,Static,WoodStairs,shape,000001D1AAE89300,-,0,1,0,-
1558,42252.731,0.0000,impact,ragdoll,Proventus Avenicci,0001A67D,NPC L Hand [LHnd],16,258.509,258.509,179.838,341.908,12.070,4.0000,8.334,-485.377,678.978,-291.561,0.0001,-0.0022,1.0000,131.751,-179.980,-259.133,Static,WoodStairs,shape,000001D1AAE89300,-,1,1,0,-
1559,42270.491,0.0000,impact,ragdoll,Proventus Avenicci,0001A67D,NPC Spine2 [Spn2],9,87.088,87.088,67.180,316.849,2.983,7.0000,23.052,-482.318,678.485,-280.666,0.4323,0.2538,0.8653,155.359,-255.020,-105.935,-,Skin,shape,000001D1AF7AC400,16,1,1,0,-
1560,42270.492,0.0000,impact,ragdoll,Proventus Avenicci,0001A67D,NPC L Hand [LHnd],16,87.088,87.088,67.180,233.796,24.040,4.0000,8.334,-482.318,678.485,-280.666,0.4323,0.2538,0.8653,109.572,-206.475,4.776,-,Skin,shape,000001D1AF7ADC00,9,1,1,0,-
1561,42271.113,0.0000,impact,ragdoll,Proventus Avenicci,0001A67D,NPC L Forearm [LLar],14,87.340,87.340,154.232,236.845,6.305,2.0000,11.658,-479.513,681.317,-291.557,0.0001,-0.0022,1.0000,124.190,-184.742,-80.886,Static,WoodStairs,shape,000001D1AAE89300,-,1,1,0,-
1562,42289.877,0.0000,impact,ragdoll,Proventus Avenicci,0001A67D,NPC Spine [Spn0],3,142.794,142.794,81.624,364.395,4.037,4.0000,17.297,-485.686,674.434,-283.500,-0.7103,0.2697,0.6502,153.245,-296.138,-146.976,-,Skin,shape,000001D1AF7AC400,16,1,1,0,-
1563,42289.878,0.0000,impact,ragdoll,Proventus Avenicci,0001A67D,NPC L Hand [LHnd],16,142.794,142.794,81.624,186.782,16.277,4.0000,8.334,-485.686,674.434,-283.500,-0.7103,0.2697,0.6502,61.240,-159.472,-75.536,-,Skin,shape,000001D1AF7AE200,3,1,1,0,-
1564,42327.042,0.0000,impact,ragdoll,Proventus Avenicci,0001A67D,NPC L Forearm [LLar],14,50.937,50.937,260.357,253.631,6.151,2.0000,11.658,-473.559,671.925,-291.580,0.0001,-0.0942,0.9956,112.833,-213.868,-76.536,Static,WoodStairs,shape,000001D1AAE89300,-,0,1,0,-
1565,42345.090,0.0000,impact,ragdoll,Proventus Avenicci,0001A67D,NPC L Thigh [LThg],1,73.208,73.208,349.108,366.440,2.823,6.0000,20.487,-503.986,671.861,-291.587,0.0001,-0.2762,0.9611,121.409,-298.903,-173.767,Static,WoodStairs,shape,000001D1AAE89300,-,1,1,0,-
1566,42362.600,0.0000,impact,ragdoll,Proventus Avenicci,0001A67D,NPC L Thigh [LThg],1,37.547,37.547,359.318,360.069,2.686,6.0000,20.487,-510.854,671.885,-291.580,0.0001,-0.2074,0.9783,128.285,-320.168,-103.367,Static,WoodStairs,shape,000001D1AAE89300,-,0,0,0,-
1567,42362.609,0.0000,impact,ragdoll,Proventus Avenicci,0001A67D,NPC L Forearm [LLar],14,75.583,75.583,191.556,249.407,8.446,2.0000,11.658,-468.325,682.348,-291.611,0.0000,0.0000,1.0000,122.087,-195.849,-94.560,Static,WoodStairs,shape,000001D1AAE89300,-,0,1,0,-
1568,42381.352,0.0000,impact,ragdoll,Proventus Avenicci,0001A67D,NPC R Thigh [RThg],2,175.353,175.353,153.028,394.948,2.448,6.0000,20.487,-517.225,667.143,-276.654,0.5660,-0.1655,0.8077,114.843,-346.835,-150.002,-,Skin,shape,000001D1AF7AF100,5,1,1,0,-
1569,42381.353,0.0000,impact,ragdoll,Proventus Avenicci,0001A67D,NPC L Calf [LClf],5,175.353,175.353,153.028,336.941,7.867,6.0000,19.675,-517.225,667.143,-276.654,0.5660,-0.1655,0.8077,100.987,-318.423,-44.019,-,Skin,shape,000001D1AF7AEB00,2,1,1,0,-
1570,42398.851,0.0000,impact,ragdoll,Proventus Avenicci,0001A67D,NPC R Hand [RHnd],17,242.962,242.962,225.053,331.494,11.896,4.0000,8.334,-439.551,623.295,-319.650,0.0000,-0.0000,1.0000,105.260,-199.063,-243.275,Static,Wood,shape,000001D1AB1B6500,-,1,1,0,-
1571,42416.480,0.0000,impact,ragdoll,Proventus Avenicci,0001A67D,NPC L Hand [LHnd],16,146.646,146.646,277.531,298.907,5.208,4.0000,8.334,-454.818,648.676,-305.554,0.0000,-0.0000,1.0000,185.159,-183.268,-146.542,Static,WoodStairs,shape,000001D1AAE89300,-,1,1,0,-
1572,42482.106,0.0000,impact,ragdoll,Proventus Avenicci,0001A67D,NPC R Forearm [RLar],15,64.340,64.340,180.275,216.384,3.614,6.0000,11.658,-433.733,605.821,-318.000,0.0000,-0.0000,1.0000,92.069,-181.387,-73.784,Static,Carpet,shape,000001D0DA561C00,-,1,1,0,-
1573,42482.109,0.0000,impact,ragdoll,Proventus Avenicci,0001A67D,NPC R Hand [RHnd],17,139.332,139.332,154.431,209.449,5.267,4.0000,8.334,-429.060,606.326,-318.105,-0.0000,0.6133,0.7898,116.471,-167.883,-46.029,Static,Carpet,shape,000001D0DA561C00,-,1,1,0,-
1574,42513.604,0.0000,impact,ragdoll,Proventus Avenicci,0001A67D,NPC COM [COM ],0,291.466,291.466,216.857,344.343,4.847,50.0000,17.687,-476.310,606.316,-318.097,0.0000,0.5921,0.8059,132.609,-269.794,-167.922,Static,Carpet,shape,000001D0DA561C00,-,1,1,0,-
1575,42530.308,0.0000,impact,ragdoll,Proventus Avenicci,0001A67D,NPC L Thigh [LThg],1,208.097,208.097,275.331,169.408,12.071,6.0000,20.487,-500.277,621.055,-319.650,0.0000,0.0000,1.0000,76.992,-127.089,-81.363,Static,Wood,shape,000001D1AB1B6500,-,1,1,0,-
1576,42564.202,0.0000,impact,ragdoll,Proventus Avenicci,0001A67D,NPC L Foot [Lft ],7,236.562,236.562,192.851,406.305,13.820,3.0000,10.011,-532.878,613.808,-319.650,0.0000,-0.0000,1.0000,22.995,-311.982,-259.272,Static,Wood,shape,000001D1AB1B6500,-,1,1,0,-
1577,42564.739,0.0000,impact,ragdoll,Proventus Avenicci,0001A67D,NPC L Calf [LClf],5,162.843,162.843,168.164,375.678,18.156,6.0000,19.675,-513.977,606.198,-318.033,-0.0000,0.3560,0.9345,104.529,-357.970,-45.448,Static,Carpet,shape,000001D0DA561C00,-,1,1,0,-
1578,42581.575,0.0000,impact,ragdoll,Proventus Avenicci,0001A67D,NPC R Forearm [RLar],15,58.452,58.452,138.977,189.082,8.797,6.0000,11.658,-423.704,595.696,-319.650,0.0000,0.0000,1.0000,83.629,-130.697,-108.059,Static,Wood,shape,000001D1AB1B6500,-,1,1,0,-
1579,42582.013,0.0000,impact,ragdoll,Proventus Avenicci,0001A67D,NPC R Thigh [RThg],2,65.070,65.070,106.949,233.034,8.205,6.0000,20.487,-493.980,602.089,-304.720,0.1211,-0.9795,0.1608,115.957,-167.218,-113.565,-,Skin,shape,000001D1AF7AF400,1,0,1,0,-
1580,42582.013,0.0000,impact,ragdoll,Proventus Avenicci,0001A67D,NPC L Thigh [LThg],1,65.070,65.070,106.949,215.919,17.116,6.0000,20.487,-493.980,602.089,-304.720,0.1211,-0.9795,0.1608,81.129,-181.392,84.475,-,Skin,shape,000001D1AF7AEB00,2,0,1,0,-
1581,42582.015,0.0000,impact,ragdoll,Proventus Avenicci,0001A67D,NPC R UpperArm [RUar],12,152.855,152.855,153.935,224.484,4.560,2.0000,14.463,-430.884,590.343,-318.000,-0.0000,-0.0000,1.0000,65.233,-157.618,-145.926,Static,Carpet,shape,000001D0DA561C00,-,1,1,0,-
1582,42614.963,0.0000,impact,ragdoll,Proventus Avenicci,0001A67D,NPC R Calf [RClf],4,75.613,75.613,219.188,370.867,18.481,6.0000,19.675,-492.851,580.891,-318.000,-0.0000,-0.0000,1.0000,-28.353,-348.117,-124.712,Static,Carpet,shape,000001D0DA561C00,-,1,1,0,-
1583,42614.968,0.0000,impact,ragdoll,Proventus Avenicci,0001A67D,NPC R Forearm [RLar],15,61.860,61.860,88.427,118.049,3.241,6.0000,11.658,-431.827,583.939,-319.650,0.0000,-0.0000,1.0000,48.131,-93.982,-52.785,Static,Wood,shape,000001D1AB1B6500,-,0,1,0,-
1584,42648.631,0.0000,impact,ragdoll,Proventus Avenicci,0001A67D,NPC R Forearm [RLar],15,39.735,39.735,50.058,86.381,6.670,6.0000,11.658,-431.128,582.140,-318.000,-0.0000,0.0000,1.0000,36.104,-75.760,-20.460,Static,Carpet,shape,000001D0DA561C00,-,0,1,0,-
1585,42649.239,0.0000,impact,ragdoll,Proventus Avenicci,0001A67D,NPC Spine [Spn0],3,48.789,48.789,145.440,165.328,0.953,4.0000,17.297,-455.453,594.536,-318.000,-0.0000,0.0000,1.0000,79.128,-137.776,-45.716,Static,Carpet,shape,000001D0DA561C00,-,1,1,0,-
1586,42682.880,0.0000,impact,ragdoll,Proventus Avenicci,0001A67D,NPC COM [COM ],0,41.158,41.158,145.834,155.668,5.233,50.0000,17.687,-462.213,590.693,-318.000,0.0000,-0.0000,1.0000,51.495,-141.124,-40.802,Static,Carpet,shape,000001D0DA561C00,-,1,1,0,-
1587,42682.885,0.0000,impact,ragdoll,Proventus Avenicci,0001A67D,NPC Spine1 [Spn1],6,130.080,130.080,127.036,175.666,1.036,4.0000,18.878,-432.825,583.251,-311.408,-0.5740,0.4305,0.6965,67.032,-158.905,-33.382,-,Skin,shape,000001D1AF7AD000,15,1,1,0,-
1588,42682.885,0.0000,impact,ragdoll,Proventus Avenicci,0001A67D,NPC R Forearm [RLar],15,130.080,130.080,127.036,22.568,5.815,6.0000,11.658,-432.825,583.251,-311.408,-0.5740,0.4305,0.6965,20.464,-9.516,0.045,-,Skin,shape,000001D1AF7ADF00,6,1,1,0,-
1589,42682.889,0.0000,impact,ragdoll,Proventus Avenicci,0001A67D,NPC R Forearm [RLar],15,75.943,75.943,103.566,22.568,5.815,6.0000,11.658,-427.245,587.625,-304.254,0.1747,-0.3020,-0.9372,20.464,-9.516,0.045,-,Skin,shape,000001D1AF7ADC00,9,1,1,0,-
1590,42682.889,0.0000,impact,ragdoll,Proventus Avenicci,0001A67D,NPC Spine2 [Spn2],9,75.943,75.943,103.566,180.891,1.618,7.0000,23.052,-427.245,587.625,-304.254,0.1747,-0.3020,-0.9372,58.432,-170.104,-19.275,-,Skin,shape,000001D1AF7AD000,15,1,1,0,-
1591,42699.490,0.0000,impact,ragdoll,Proventus Avenicci,0001A67D,NPC R Thigh [RThg],2,104.732,104.732,49.653,216.744,7.783,6.0000,20.487,-464.174,582.737,-318.000,0.0000,0.0000,1.0000,46.452,-148.241,-151.144,Static,Carpet,shape,000001D0DA561C00,-,1,1,0,-
1592,42699.494,0.0000,impact,ragdoll,Proventus Avenicci,0001A67D,NPC R Foot [Rft ],8,320.710,320.710,529.851,428.502,33.440,3.0000,10.011,-510.406,545.615,-318.000,-0.0000,0.0000,1.0000,270.735,-163.811,-288.933,Static,Carpet,shape,000001D0DA561C00,-,1,1,0,-
1593,42733.432,0.0000,impact,ragdoll,Proventus Avenicci,0001A67D,NPC R Calf [RClf],4,106.871,106.871,89.860,205.167,12.158,6.0000,19.675,-481.471,558.738,-318.000,0.0000,-0.0000,1.0000,108.106,-145.160,-96.620,Static,Carpet,shape,000001D0DA561C00,-,1,1,0,-
1594,42751.330,0.0000,impact,ragdoll,Proventus Avenicci,0001A67D,NPC R Thigh [RThg],2,85.601,85.601,129.208,144.073,3.080,6.0000,20.487,-477.659,560.459,-318.000,-0.0000,-0.0000,1.0000,51.987,-117.952,-64.357,Static,Carpet,shape,000001D0DA561C00,-,0,1,0,-
1595,42751.333,0.0000,impact,ragdoll,Proventus Avenicci,0001A67D,NPC R Foot [Rft ],8,23.559,23.559,353.306,304.984,11.625,3.0000,10.011,-497.761,527.393,-319.650,0.0000,-0.0000,1.0000,174.393,-246.561,-42.541,Static,Wood,shape,000001D1AB1B6500,-,1,1,0,-
1596,42785.721,0.0000,impact,ragdoll,Proventus Avenicci,0001A67D,NPC L Thigh [LThg],1,38.826,38.826,82.215,124.365,3.363,6.0000,20.487,-483.639,582.730,-318.000,-0.0000,0.0000,1.0000,4.643,-122.674,-19.903,Static,Carpet,shape,000001D0DA561C00,-,1,1,0,-
1597,42785.730,0.0000,impact,ragdoll,Proventus Avenicci,0001A67D,NPC R Thigh [RThg],2,77.758,77.758,190.865,176.590,3.344,6.0000,20.487,-474.742,556.706,-319.650,0.0000,-0.0000,1.0000,103.577,-128.736,-62.315,Static,Wood,shape,000001D1AB1B6500,-,1,1,0,-
1598,42785.733,0.0000,impact,ragdoll,Proventus Avenicci,0001A67D,NPC Spine1 [Spn1],6,38.075,38.075,38.872,101.487,4.561,4.0000,18.878,-438.838,575.858,-318.000,0.0000,0.0000,1.0000,27.290,-94.881,-23.503,Static,Carpet,shape,000001D0DA561C00,-,1,1,0,-
1599,42803.436,0.0000,impact,ragdoll,Proventus Avenicci,0001A67D,NPC L Forearm [LLar],14,54.708,54.708,17.718,201.316,3.792,2.0000,11.658,-430.335,589.897,-286.789,-0.2662,0.8606,0.4342,48.699,-194.997,-11.524,-,Skin,shape,000001D1AF7ADC00,9,1,1,0,-
1600,42803.436,0.0000,impact,ragdoll,Proventus Avenicci,0001A67D,NPC Spine2 [Spn2],9,54.708,54.708,17.718,122.034,4.948,7.0000,23.052,-430.335,589.897,-286.789,-0.2662,0.8606,0.4342,32.017,-115.744,-21.693,-,Skin,shape,000001D1AF7AC700,14,1,1,0,-
1601,42803.926,0.0000,impact,ragdoll,Proventus Avenicci,0001A67D,NPC R Thigh [RThg],2,34.701,34.701,136.096,135.081,2.356,6.0000,20.487,-472.245,553.410,-318.000,-0.0000,0.0000,1.0000,69.559,-108.454,-40.572,Static,Carpet,shape,000001D0DA561C00,-,0,1,0,-
1602,42803.928,0.0000,impact,ragdoll,Proventus Avenicci,0001A67D,NPC R Calf [RClf],4,30.661,30.661,127.484,155.911,3.542,6.0000,19.675,-475.036,548.984,-319.650,0.0000,-0.0000,1.0000,94.767,-120.966,-26.354,Static,Wood,shape,000001D1AB1B6500,-,1,1,0,-
1603,42803.929,0.0000,impact,ragdoll,Proventus Avenicci,0001A67D,NPC L Calf [LClf],5,37.615,37.615,91.939,190.687,6.776,6.0000,19.675,-488.783,578.538,-318.000,0.0000,0.0000,1.0000,75.450,-163.076,-63.836,Static,Carpet,shape,000001D0DA561C00,-,1,1,0,-
1604,42822.088,0.0000,impact,ragdoll,Proventus Avenicci,0001A67D,NPC COM [COM ],0,51.516,51.516,73.043,121.280,4.655,50.0000,17.687,-457.217,575.267,-319.650,-0.0000,0.0000,1.0000,26.021,-110.016,-43.912,Static,Wood,shape,000001D1AB1B6500,-,1,1,0,-
1605,42839.927,0.0000,impact,ragdoll,Proventus Avenicci,0001A67D,NPC Spine [Spn0],3,18.162,18.162,16.934,79.327,6.976,4.0000,17.297,-448.787,573.806,-319.650,-0.0000,-0.0000,1.0000,11.411,-78.481,-1.815,Static,Wood,shape,000001D1AB1B6500,-,1,1,0,-
1606,42839.932,0.0000,impact,ragdoll,Proventus Avenicci,0001A67D,NPC L Calf [LClf],5,107.928,107.928,211.641,193.222,5.339,6.0000,19.675,-495.526,549.485,-318.000,0.0000,0.0000,1.0000,88.399,-157.933,-67.657,Static,Carpet,shape,000001D0DA561C00,-,0,1,0,-
1607,42858.474,0.0000,impact,ragdoll,Proventus Avenicci,0001A67D,NPC L Foot [Lft ],7,65.945,65.945,333.546,271.004,12.616,3.0000,10.011,-501.705,540.254,-318.000,0.0000,-0.0000,1.0000,161.205,-209.548,-59.542,Static,Carpet,shape,000001D0DA561C00,-,1,1,0,-
1608,42874.661,0.0000,impact,ragdoll,Proventus Avenicci,0001A67D,NPC L Forearm [LLar],14,80.119,80.119,89.190,204.819,3.823,2.0000,11.658,-433.457,581.538,-296.173,0.3354,0.8014,0.4952,76.597,-187.963,-27.449,-,Skin,shape,000001D1AF7ADF00,6,1,1,0,-
1609,42874.662,0.0000,impact,ragdoll,Proventus Avenicci,0001A67D,NPC Spine1 [Spn1],6,80.119,80.119,89.190,77.736,4.483,4.0000,18.878,-433.457,581.538,-296.173,0.3354,0.8014,0.4952,22.012,-72.498,-17.391,-,Skin,shape,000001D1AF7AC700,14,1,1,0,-
1610,42874.664,0.0000,impact,ragdoll,Proventus Avenicci,0001A67D,NPC L Hand [LHnd],16,100.547,100.547,121.883,244.132,3.358,4.0000,8.334,-433.590,582.936,-300.583,0.3217,0.9460,0.0390,107.215,-215.426,-41.193,-,Skin,shape,000001D1AF7ADF00,6,1,1,0,-
1611,42874.664,0.0000,impact,ragdoll,Proventus Avenicci,0001A67D,NPC Spine1 [Spn1],6,100.547,100.547,121.883,77.736,4.483,4.0000,18.878,-433.590,582.936,-300.583,0.3217,0.9460,0.0390,22.012,-72.498,-17.391,-,Skin,shape,000001D1AF7AC400,16,1,1,0,-
1612,42890.145,0.0000,impact,ragdoll,Proventus Avenicci,0001A67D,NPC L Foot [Lft ],7,58.865,58.865,188.253,224.433,3.702,3.0000,10.011,-497.554,535.413,-319.650,-0.0000,0.0000,1.0000,153.402,-151.613,-62.059,Static,Wood,shape,000001D1AB1B6500,-,1,1,0,-
1613,42890.148,0.0000,impact,ragdoll,Proventus Avenicci,0001A67D,NPC Spine2 [Spn2],9,54.903,54.903,25.313,129.674,4.610,7.0000,23.052,-423.216,564.900,-318.000,0.0000,-0.0000,1.0000,26.926,-118.221,-45.981,Static,Carpet,shape,000001D0DA561C00,-,1,1,0,-
1614,42906.220,0.0000,impact,ragdoll,Proventus Avenicci,0001A67D,NPC L Calf [LClf],5,139.999,139.999,36.711,179.081,4.701,6.0000,19.675,-476.326,536.815,-311.230,-0.9569,0.2903,-0.0082,98.294,-149.532,-6.957,-,Skin,shape,000001D1AF7AE800,4,1,0,0,-
1615,42906.221,0.0000,impact,ragdoll,Proventus Avenicci,0001A67D,NPC R Calf [RClf],4,139.999,139.999,36.711,87.116,6.390,6.0000,19.675,-476.326,536.815,-311.230,-0.9569,0.2903,-0.0082,47.548,-72.981,1.444,-,Skin,shape,000001D1AF7AF100,5,1,0,0,-
1616,42906.221,0.0000,impact,ragdoll,Proventus Avenicci,0001A67D,NPC L Calf [LClf],5,133.146,133.146,30.722,179.081,4.701,6.0000,19.675,-475.071,540.241,-311.453,-0.9997,0.0194,0.0156,98.294,-149.532,-6.957,-,Skin,shape,000001D1AF7AE800,4,0,1,0,-
1617,42906.221,0.0000,impact,ragdoll,Proventus Avenicci,0001A67D,NPC R Calf [RClf],4,133.146,133.146,30.722,87.116,6.390,6.0000,19.675,-475.071,540.241,-311.453,-0.9997,0.0194,0.0156,47.548,-72.981,1.444,-,Skin,shape,000001D1AF7AF100,5,0,1,0,-
1618,42906.223,0.0000,impact,ragdoll,Proventus Avenicci,0001A67D,NPC L Calf [LClf],5,21.767,21.767,220.254,179.081,4.701,6.0000,19.675,-487.038,540.065,-319.650,0.0000,-0.0000,1.0000,98.294,-149.532,-6.957,Static,Wood,shape,000001D1AB1B6500,-,1,1,0,-
1619,42906.227,0.0000,impact,ragdoll,Proventus Avenicci,0001A67D,NPC R UpperArm [RUar],12,34.690,34.690,4.134,33.109,4.545,2.0000,14.463,-410.881,568.504,-318.000,0.0000,0.0000,1.0000,11.626,-27.433,-14.438,Static,Carpet,shape,000001D0DA561C00,-,0,1,0,-
1620,42906.230,0.0000,impact,ragdoll,Proventus Avenicci,0001A67D,NPC L Hand [LHnd],16,54.513,54.513,112.384,189.124,1.711,4.0000,8.334,-425.286,578.533,-297.792,-0.1270,0.9610,-0.2456,113.558,-150.423,-15.664,-,Skin,shape,000001D1AF7ADC00,9,1,1,0,-
1621,42906.230,0.0000,impact,ragdoll,Proventus Avenicci,0001A67D,NPC Spine2 [Spn2],9,54.513,54.513,112.384,103.985,4.770,7.0000,23.052,-425.286,578.533,-297.792,-0.1270,0.9610,-0.2456,32.083,-94.421,-29.466,-,Skin,shape,000001D1AF7AC400,16,1,1,0,-
1622,42921.855,0.0000,impact,ragdoll,Proventus Avenicci,0001A67D,NPC L Hand [LHnd],16,123.904,123.904,42.612,158.324,3.042,4.0000,8.334,-423.624,579.695,-309.409,-0.1130,0.6779,0.7264,101.043,-120.327,-19.446,-,Skin,shape,000001D1AF7AD000,15,1,1,0,-
1623,42921.856,0.0000,impact,ragdoll,Proventus Avenicci,0001A67D,NPC R Forearm [RLar],15,123.904,123.904,42.612,40.713,7.680,6.0000,11.658,-423.624,579.695,-309.409,-0.1130,0.6779,0.7264,11.259,-19.641,33.838,-,Skin,shape,000001D1AF7AC400,16,1,1,0,-
1624,42922.311,0.0000,impact,ragdoll,Proventus Avenicci,0001A67D,NPC R Calf [RClf],4,33.423,33.423,75.511,82.685,5.129,6.0000,19.675,-482.563,531.779,-312.307,0.9629,-0.2406,0.1226,54.278,-62.330,-2.369,-,Skin,shape,000001D1AF7AEE00,7,1,1,0,-
1625,42922.311,0.0000,impact,ragdoll,Proventus Avenicci,0001A67D,NPC L Foot [Lft ],7,33.423,33.423,75.511,147.390,4.502,3.0000,10.011,-482.563,531.779,-312.307,0.9629,-0.2406,0.1226,74.708,-126.922,-5.782,-,Skin,shape,000001D1AF7AE800,4,1,1,0,-
1626,42937.248,0.0000,impact,ragdoll,Proventus Avenicci,0001A67D,NPC R Thigh [RThg],2,30.004,30.004,64.077,63.026,2.550,6.0000,20.487,-479.594,542.270,-310.881,0.9996,0.0219,-0.0173,22.906,-58.705,1.150,-,Skin,shape,000001D1AF7AF100,5,1,1,0,-
1627,42937.249,0.0000,impact,ragdoll,Proventus Avenicci,0001A67D,NPC L Calf [LClf],5,30.004,30.004,64.077,118.951,2.702,6.0000,19.675,-479.594,542.270,-310.881,0.9996,0.0219,-0.0173,45.076,-110.008,3.968,-,Skin,shape,000001D1AF7AEB00,2,1,1,0,-
1628,43014.765,0.0000,impact,ragdoll,Proventus Avenicci,0001A67D,NPC L Forearm [LLar],14,27.058,27.058,70.557,123.044,1.835,2.0000,11.658,-418.010,572.365,-303.033,0.0349,0.2207,0.9747,39.571,-115.780,12.998,-,Skin,shape,000001D1AF7AD300,12,1,1,0,-
1629,43014.765,0.0000,impact,ragdoll,Proventus Avenicci,0001A67D,NPC R UpperArm [RUar],12,27.058,27.058,70.557,27.349,2.313,2.0000,14.463,-418.010,572.365,-303.033,0.0349,0.2207,0.9747,16.721,-17.815,12.287,-,Skin,shape,000001D1AF7AC700,14,1,1,0,-
1630,43075.548,0.0000,state,unknown,Proventus Avenicci,0001A67D,-,-,0.000,0.000,0.000,0.000,0.000,0.0000,0.000,0.000,0.000,0.000,0.0000,0.0000,0.0000,0.000,0.000,0.000,-,-,-,0000000000000000,-,0,0,0,knock_get_up
1631,45084.593,0.0000,state,unknown,Proventus Avenicci,0001A67D,-,-,0.000,0.000,0.000,0.000,0.000,0.0000,0.000,0.000,0.000,0.000,0.0000,0.0000,0.0000,0.000,0.000,0.000,-,-,-,0000000000000000,-,0,0,0,ragdoll_start
1632,45138.435,0.0000,impact,ragdoll,Proventus Avenicci,0001A67D,NPC L Calf [LClf],5,33.592,33.592,104.078,139.649,8.830,6.0000,19.675,-454.517,514.128,-310.676,-0.3722,0.7329,0.5695,-101.930,-62.590,-72.074,-,Skin,shape,000001D1AF7AE500,8,1,1,0,-
1633,45138.436,0.0000,impact,ragdoll,Proventus Avenicci,0001A67D,NPC R Foot [Rft ],8,33.592,33.592,104.078,18.805,6.106,3.0000,10.011,-454.517,514.128,-310.676,-0.3722,0.7329,0.5695,7.230,5.682,-16.404,-,Skin,shape,000001D1AF7AF100,5,1,1,0,-
1634,45155.191,0.0000,impact,ragdoll,Proventus Avenicci,0001A67D,NPC R Calf [RClf],4,27.298,27.298,61.369,124.583,4.425,6.0000,19.675,-453.705,513.388,-319.650,0.0000,-0.0000,1.0000,-63.364,-107.040,6.967,Static,Wood,shape,000001D1AB1B6500,-,1,1,0,-
1635,45205.065,0.0000,impact,ragdoll,Proventus Avenicci,0001A67D,NPC R Calf [RClf],4,43.528,43.528,240.108,225.915,6.848,6.0000,19.675,-470.693,505.798,-308.675,0.9738,0.1426,-0.1774,-137.802,-178.489,13.781,-,Skin,shape,000001D1AF7AEE00,7,1,1,0,-
1636,45205.065,0.0000,impact,ragdoll,Proventus Avenicci,0001A67D,NPC L Foot [Lft ],7,43.528,43.528,240.108,384.191,13.316,3.0000,10.011,-470.693,505.798,-308.675,0.9738,0.1426,-0.1774,-174.048,5.029,-342.469,-,Skin,shape,000001D1AF7AE800,4,1,1,0,-
1637,45221.947,0.0000,impact,ragdoll,Proventus Avenicci,0001A67D,NPC L Foot [Lft ],7,392.454,392.454,138.379,355.774,23.572,3.0000,10.011,-478.203,499.351,-318.000,-0.0000,0.0000,1.0000,-143.555,5.560,-325.479,Static,Carpet,shape,000001D0DA561C00,-,1,1,0,-
1638,45221.948,0.0000,impact,ragdoll,Proventus Avenicci,0001A67D,NPC L Foot [Lft ],7,392.454,392.454,157.633,355.774,23.572,3.0000,10.011,-478.203,499.351,-319.650,0.0000,-0.0000,1.0000,-143.555,5.560,-325.479,Static,Wood,shape,000001D1AB1B6500,-,1,1,0,-
1639,45275.354,0.0000,impact,ragdoll,Proventus Avenicci,0001A67D,NPC R Forearm [RLar],15,244.094,244.094,351.554,185.630,42.704,6.0000,11.658,-453.267,549.055,-275.089,0.9272,-0.2889,0.2384,-143.841,-26.348,114.342,-,Skin,shape,000001D1AF7ADF00,6,1,1,0,-
1640,45275.354,0.0000,impact,ragdoll,Proventus Avenicci,0001A67D,NPC Spine1 [Spn1],6,244.094,244.094,351.554,148.577,2.769,4.0000,18.878,-453.267,549.055,-275.089,0.9272,-0.2889,0.2384,37.751,-116.217,84.519,-,Skin,shape,000001D1AF7AD000,15,1,1,0,-
1641,45275.355,0.0000,impact,ragdoll,Proventus Avenicci,0001A67D,NPC R Forearm [RLar],15,178.345,178.345,272.785,185.630,42.704,6.0000,11.658,-450.298,553.590,-269.249,0.8481,-0.4578,-0.2666,-143.841,-26.348,114.342,-,Skin,shape,000001D1AF7ADC00,9,1,1,0,-
1642,45275.355,0.0000,impact,ragdoll,Proventus Avenicci,0001A67D,NPC Spine2 [Spn2],9,178.345,178.345,272.785,161.689,4.972,7.0000,23.052,-450.298,553.590,-269.249,0.8481,-0.4578,-0.2666,17.007,-120.018,107.003,-,Skin,shape,000001D1AF7AD000,15,1,1,0,-
1643,45345.626,0.0000,impact,ragdoll,Proventus Avenicci,0001A67D,NPC R Thigh [RThg],2,108.940,108.940,338.419,110.094,18.447,6.0000,20.487,-467.080,516.629,-305.921,0.2210,-0.4352,0.8728,-75.616,-63.825,-48.264,-,Skin,shape,000001D1AF7AF100,5,1,1,0,-
1644,45345.627,0.0000,impact,ragdoll,Proventus Avenicci,0001A67D,NPC L Calf [LClf],5,108.940,108.940,338.419,7.506,25.637,6.0000,19.675,-467.080,516.629,-305.921,0.2210,-0.4352,0.8728,-2.999,-2.418,6.442,-,Skin,shape,000001D1AF7AEB00,2,1,1,0,-
1645,45767.734,0.0000,impact,ragdoll,Proventus Avenicci,0001A67D,NPC R Calf [RClf],4,110.723,110.723,279.284,309.839,2.457,6.0000,19.675,-463.409,434.279,-318.000,0.0000,0.0000,1.0000,80.510,-285.538,-89.367,Static,Carpet,shape,000001D0DA561C00,-,1,1,0,-
1646,45785.871,0.0000,impact,ragdoll,Proventus Avenicci,0001A67D,NPC R Thigh [RThg],2,51.850,51.850,148.351,279.198,7.184,6.0000,20.487,-460.128,427.444,-318.000,0.0000,-0.0000,1.0000,22.597,-262.699,-91.818,Static,Carpet,shape,000001D0DA561C00,-,1,1,0,-
1647,45785.875,0.0000,impact,ragdoll,Proventus Avenicci,0001A67D,NPC R Calf [RClf],4,48.355,48.355,109.225,210.085,9.275,6.0000,19.675,-462.672,430.231,-319.650,0.0000,0.0000,1.0000,7.420,-205.978,-40.668,Static,Wood,shape,000001D1AB1B6500,-,1,1,0,-
1648,45785.877,0.0000,impact,ragdoll,Proventus Avenicci,0001A67D,NPC R Foot [Rft ],8,51.594,51.594,348.114,283.841,14.631,3.0000,10.011,-489.472,441.720,-318.000,0.0000,0.0000,1.0000,76.311,-269.621,-45.242,Static,Carpet,shape,000001D0DA561C00,-,1,1,0,-
1649,45805.112,0.0000,impact,ragdoll,Proventus Avenicci,0001A67D,NPC R Thigh [RThg],2,13.160,13.160,130.594,275.473,8.436,6.0000,20.487,-459.597,423.374,-319.650,0.0000,0.0000,1.0000,31.981,-264.943,-68.324,Static,Wood,shape,000001D1AB1B6500,-,1,1,0,-
1650,45876.905,0.0000,impact,ragdoll,Proventus Avenicci,0001A67D,NPC R Thigh [RThg],2,172.281,172.281,188.886,310.504,5.280,6.0000,20.487,-454.669,399.661,-318.027,0.0000,0.3227,0.9465,35.988,-287.698,-111.118,Static,Carpet,shape,000001D1AB056E00,-,1,1,0,-
1651,45896.107,0.0000,impact,ragdoll,Proventus Avenicci,0001A67D,NPC COM [COM ],0,176.003,176.003,178.657,354.193,9.336,50.0000,17.687,-444.337,381.552,-318.000,-0.0000,0.0000,1.0000,27.239,-312.852,-163.810,Static,Carpet,shape,000001D1AB056E00,-,1,1,0,-
1652,45914.551,0.0000,impact,ragdoll,Proventus Avenicci,0001A67D,NPC R UpperArm [RUar],12,287.490,287.490,274.551,417.414,5.328,2.0000,14.463,-445.288,336.110,-318.000,-0.0000,-0.0000,1.0000,3.758,-297.219,-293.055,Static,Carpet,shape,000001D1AB056E00,-,1,1,0,-
1653,45914.553,0.0000,impact,ragdoll,Proventus Avenicci,0001A67D,NPC R Forearm [RLar],15,282.742,282.742,295.148,445.352,3.879,6.0000,11.658,-440.035,336.533,-318.000,-0.0000,0.0000,1.0000,15.600,-323.426,-305.762,Static,Carpet,shape,000001D1AB056E00,-,1,1,0,-
1654,45915.117,0.0000,impact,ragdoll,Proventus Avenicci,0001A67D,NPC Spine [Spn0],3,101.548,101.548,33.614,296.313,13.818,4.0000,17.297,-444.562,366.316,-318.000,-0.0000,0.0000,1.0000,7.768,-278.912,-99.746,Static,Carpet,shape,000001D1AB056E00,-,1,1,0,-
1655,45933.358,0.0000,impact,ragdoll,Proventus Avenicci,0001A67D,NPC R UpperArm [RUar],12,228.391,228.391,64.564,338.350,30.057,2.0000,14.463,-456.723,328.197,-319.650,-0.0000,0.0000,1.0000,-63.693,-303.561,-135.183,Static,Wood,shape,000001D1AB1B6500,-,1,1,0,-
1656,45933.371,0.0000,impact,ragdoll,Proventus Avenicci,0001A67D,NPC R UpperArm [RUar],12,228.390,228.390,102.189,338.350,30.057,2.0000,14.463,-456.723,328.197,-318.000,0.0000,0.0000,1.0000,-63.693,-303.561,-135.183,Static,Carpet,shape,000001D1AB056E00,-,0,1,0,-
1657,45933.373,0.0000,impact,ragdoll,Proventus Avenicci,0001A67D,NPC R Forearm [RLar],15,229.500,229.500,282.131,253.349,22.252,6.0000,11.658,-447.969,335.462,-304.232,0.7209,-0.3516,-0.5972,-15.202,-238.651,-83.668,-,Skin,shape,000001D1AF7ADC00,9,1,1,0,-
1658,45933.373,0.0000,impact,ragdoll,Proventus Avenicci,0001A67D,NPC Spine2 [Spn2],9,229.500,229.500,282.131,440.122,4.449,7.0000,23.052,-447.969,335.462,-304.232,0.7209,-0.3516,-0.5972,-13.773,-363.726,-247.429,-,Skin,shape,000001D1AF7AD000,15,1,1,0,-
1659,45933.374,0.0000,impact,ragdoll,Proventus Avenicci,0001A67D,NPC R Forearm [RLar],15,205.025,205.025,118.827,253.349,22.252,6.0000,11.658,-439.704,319.262,-319.650,0.0000,0.0000,1.0000,-15.202,-238.651,-83.668,Static,Wood,shape,000001D1AB1B6500,-,1,0,0,-
1660,45933.374,0.0000,impact,ragdoll,Proventus Avenicci,0001A67D,NPC R Forearm [RLar],15,75.024,75.024,102.990,253.349,22.252,6.0000,11.658,-441.389,326.478,-319.663,0.0000,0.0000,1.0000,-15.202,-238.651,-83.668,Static,Wood,shape,000001D1AB1B6500,-,0,1,0,-
1661,45933.374,0.0000,impact,ragdoll,Proventus Avenicci,0001A67D,NPC R Forearm [RLar],15,205.025,205.025,136.958,253.349,22.252,6.0000,11.658,-439.704,319.262,-318.000,0.0000,0.0000,1.0000,-15.202,-238.651,-83.668,Static,Carpet,shape,000001D1AB056E00,-,0,1,0,-
1662,45933.375,0.0000,impact,ragdoll,Proventus Avenicci,0001A67D,NPC R Hand [RHnd],17,412.689,412.689,131.761,484.429,40.194,4.0000,8.334,-440.531,312.228,-319.650,0.0000,-0.0000,1.0000,45.508,-248.958,-413.062,Static,Wood,shape,000001D1AB1B6500,-,1,1,0,-
1663,45933.375,0.0000,impact,ragdoll,Proventus Avenicci,0001A67D,NPC R Hand [RHnd],17,412.689,412.689,115.070,484.429,40.194,4.0000,8.334,-440.531,312.228,-318.000,-0.0000,-0.0000,1.0000,45.508,-248.958,-413.062,Static,Carpet,shape,000001D1AB056E00,-,1,1,0,-
1664,45933.811,0.0000,impact,ragdoll,Proventus Avenicci,0001A67D,NPC Spine1 [Spn1],6,113.725,113.725,101.578,282.471,9.634,4.0000,18.878,-450.070,349.747,-318.000,0.0000,-0.0000,1.0000,-85.569,-242.839,-116.176,Static,Carpet,shape,000001D1AB056E00,-,1,1,0,-
1665,45952.380,0.0000,impact,ragdoll,Proventus Avenicci,0001A67D,NPC R Forearm [RLar],15,81.649,81.649,37.213,168.149,3.605,6.0000,11.658,-447.448,330.603,-305.672,0.7929,-0.3188,-0.5193,-16.192,-165.820,22.709,-,Skin,shape,000001D1AF7ADC00,9,1,1,0,-
1666,45952.381,0.0000,impact,ragdoll,Proventus Avenicci,0001A67D,NPC Spine2 [Spn2],9,81.649,81.649,37.213,252.555,4.637,7.0000,23.052,-447.448,330.603,-305.672,0.7929,-0.3188,-0.5193,-16.780,-241.851,-70.784,-,Skin,shape,000001D1AF7AD000,15,1,1,0,-
1667,45952.974,0.0000,impact,ragdoll,Proventus Avenicci,0001A67D,NPC Spine2 [Spn2],9,27.119,27.119,228.292,230.312,4.228,7.0000,23.052,-457.462,332.356,-318.000,-0.0000,0.0000,1.0000,-51.944,-223.109,-23.831,Static,Carpet,shape,000001D1AB056E00,-,1,1,0,-
1668,45989.882,0.0000,impact,ragdoll,Proventus Avenicci,0001A67D,NPC L Calf [LClf],5,121.749,121.749,419.585,451.911,8.354,6.0000,19.675,-415.676,401.013,-318.000,-0.0000,0.0000,1.0000,106.223,-424.105,-114.347,Static,Carpet,shape,000001D0DA561C00,-,1,1,0,-
1669,45989.884,0.0000,impact,ragdoll,Proventus Avenicci,0001A67D,NPC L Foot [Lft ],7,345.024,345.024,284.724,465.609,7.751,3.0000,10.011,-411.448,399.753,-318.069,0.0000,0.5058,0.8626,90.142,-427.774,-160.236,Static,Carpet,shape,000001D1AB056E00,-,1,1,0,-
1670,45989.887,0.0000,impact,ragdoll,Proventus Avenicci,0001A67D,NPC R UpperArm [RUar],12,17.970,17.970,49.234,148.289,12.553,2.0000,14.463,-453.463,314.767,-319.690,0.0000,0.0000,1.0000,-39.450,-137.519,39.011,Static,Wood,shape,000001D1AB1B6500,-,0,1,0,-
1671,45989.888,0.0000,impact,ragdoll,Proventus Avenicci,0001A67D,NPC Head [Head],13,40.598,40.598,412.203,150.510,34.535,4.0000,15.108,-463.736,305.168,-318.000,0.0000,0.0000,1.0000,47.775,-136.033,-43.194,Static,Carpet,shape,000001D1AB056E00,-,1,1,0,-
1672,45989.889,0.0000,impact,ragdoll,Proventus Avenicci,0001A67D,NPC R Forearm [RLar],15,102.558,102.558,23.123,103.724,14.354,6.0000,11.658,-445.583,330.438,-301.906,0.4222,-0.7635,-0.4887,-26.603,-82.218,57.369,-,Skin,shape,000001D1AF7ADF00,6,1,1,0,-
1673,45989.889,0.0000,impact,ragdoll,Proventus Avenicci,0001A67D,NPC Spine1 [Spn1],6,102.558,102.558,23.123,289.136,7.463,4.0000,18.878,-445.583,330.438,-301.906,0.4222,-0.7635,-0.4887,-56.078,-251.836,130.514,-,Skin,shape,000001D1AF7AD000,15,1,1,0,-
1674,46062.651,0.0000,impact,ragdoll,Proventus Avenicci,0001A67D,NPC Spine [Spn0],3,75.787,75.787,245.617,250.805,5.803,4.0000,17.297,-445.208,316.870,-306.322,-0.1693,0.7820,0.5998,6.986,-248.039,36.483,-,Skin,shape,000001D1AF7AD000,15,1,1,0,-
1675,46062.652,0.0000,impact,ragdoll,Proventus Avenicci,0001A67D,NPC R Forearm [RLar],15,75.787,75.787,245.617,106.353,6.119,6.0000,11.658,-445.208,316.870,-306.322,-0.1693,0.7820,0.5998,-26.417,-98.640,-29.721,-,Skin,shape,000001D1AF7AE200,3,1,1,0,-
1676,46062.654,0.0000,impact,ragdoll,Proventus Avenicci,0001A67D,NPC L Calf [LClf],5,103.289,103.289,240.564,351.451,7.549,6.0000,19.675,-414.150,350.024,-318.000,0.0000,-0.0000,1.0000,29.757,-349.432,-23.016,Static,Carpet,shape,000001D1AB056E00,-,1,1,0,-
1677,46063.153,0.0000,impact,ragdoll,Proventus Avenicci,0001A67D,NPC L Thigh [LThg],1,5.099,5.099,260.183,282.825,4.673,6.0000,20.487,-417.849,344.542,-318.000,-0.0000,0.0000,1.0000,11.842,-282.408,-9.751,Static,Carpet,shape,000001D1AB056E00,-,1,1,0,-
1678,46115.874,0.0000,impact,ragdoll,Proventus Avenicci,0001A67D,NPC COM [COM ],0,23.543,23.543,72.417,259.527,3.126,50.0000,17.687,-446.856,307.637,-308.245,0.1592,0.8640,0.4777,2.376,-256.699,-38.136,-,Skin,shape,000001D1AF7AD000,15,1,1,0,-
1679,46115.875,0.0000,impact,ragdoll,Proventus Avenicci,0001A67D,NPC R Forearm [RLar],15,23.543,23.543,72.417,160.015,10.974,6.0000,11.658,-446.856,307.637,-308.245,0.1592,0.8640,0.4777,-32.180,-155.895,-16.312,-,-,-,000001D1AF7AF700,0,1,1,0,-
1680,46115.879,0.0000,impact,ragdoll,Proventus Avenicci,0001A67D,NPC R Thigh [RThg],2,78.371,78.371,273.438,255.229,4.308,6.0000,20.487,-454.007,345.172,-319.650,-0.0000,0.0000,1.0000,10.397,-248.580,-56.939,Static,Wood,shape,000001D1AB1B6500,-,1,1,0,-
1681,46116.433,0.0000,impact,ragdoll,Proventus Avenicci,0001A67D,NPC R Foot [Rft ],8,122.621,122.621,318.228,231.432,19.339,3.0000,10.011,-466.497,378.673,-318.000,0.0000,0.0000,1.0000,74.472,-194.219,-101.457,Static,Carpet,shape,000001D1AB056E00,-,1,1,0,-
1682,46135.604,0.0000,impact,ragdoll,Proventus Avenicci,0001A67D,NPC Head [Head],13,54.642,54.642,422.211,331.937,9.330,4.0000,15.108,-468.472,275.804,-318.000,0.0000,0.0000,1.0000,-144.707,-294.249,-51.571,Static,Carpet,shape,000001D1AB056E00,-,1,1,0,-
1683,46169.380,0.0000,impact,ragdoll,Proventus Avenicci,0001A67D,NPC COM [COM ],0,130.745,130.745,223.853,257.378,7.601,50.0000,17.687,-443.526,294.433,-311.279,0.0337,0.8643,0.5018,24.526,-245.813,-72.235,-,Skin,shape,000001D1AF7AD000,15,1,1,0,-
1684,46169.381,0.0000,impact,ragdoll,Proventus Avenicci,0001A67D,NPC R Forearm [RLar],15,130.745,130.745,223.853,200.456,5.431,6.0000,11.658,-443.526,294.433,-311.279,0.0337,0.8643,0.5018,-112.840,-158.314,48.851,-,-,-,000001D1AF7AF700,0,1,1,0,-
1685,46169.383,0.0000,impact,ragdoll,Proventus Avenicci,0001A67D,NPC COM [COM ],0,62.814,62.814,124.378,257.378,7.601,50.0000,17.687,-443.201,308.377,-318.000,0.0000,0.0000,1.0000,24.526,-245.813,-72.235,Static,Carpet,shape,000001D1AB056E00,-,1,1,0,-
1686,46169.385,0.0000,impact,ragdoll,Proventus Avenicci,0001A67D,NPC L Thigh [LThg],1,57.313,57.313,173.226,260.087,5.858,6.0000,20.487,-416.116,318.905,-319.650,0.0000,-0.0000,1.0000,22.621,-247.268,-77.408,Static,Wood,shape,000001D1AB1B6500,-,1,1,0,-
1687,46169.391,0.0000,impact,ragdoll,Proventus Avenicci,0001A67D,NPC L Calf [LClf],5,48.857,48.857,167.343,294.206,6.807,6.0000,19.675,-412.335,321.543,-319.650,-0.0000,0.0000,1.0000,31.712,-292.389,-7.759,Static,Wood,shape,000001D1AB1B6500,-,1,1,0,-
1688,46169.874,0.0000,impact,ragdoll,Proventus Avenicci,0001A67D,NPC COM [COM ],0,113.185,113.185,212.675,231.909,15.266,50.0000,17.687,-435.416,292.402,-310.239,-0.1891,0.7689,0.6108,25.049,-229.709,-19.706,-,Skin,shape,000001D1AF7ACD00,17,1,1,0,-
1689,46169.874,0.0000,impact,ragdoll,Proventus Avenicci,0001A67D,NPC R Hand [RHnd],17,113.185,113.185,212.675,191.817,9.426,4.0000,8.334,-435.416,292.402,-310.239,-0.1891,0.7689,0.6108,-93.509,-167.481,-0.132,-,-,-,000001D1AF7AF700,0,1,1,0,-
1690,46169.877,0.0000,impact,ragdoll,Proventus Avenicci,0001A67D,NPC Spine [Spn0],3,164.653,164.653,42.256,285.832,8.819,4.0000,17.297,-436.447,290.962,-309.401,-0.4040,0.4689,0.7854,7.685,-279.314,-60.201,-,Skin,shape,000001D1AF7ACD00,17,1,1,0,-
1691,46169.877,0.0000,impact,ragdoll,Proventus Avenicci,0001A67D,NPC R Hand [RHnd],17,164.653,164.653,42.256,191.817,9.426,4.0000,8.334,-436.447,290.962,-309.401,-0.4040,0.4689,0.7854,-93.509,-167.481,-0.132,-,Skin,shape,000001D1AF7AE200,3,1,1,0,-
1692,46187.911,0.0000,impact,ragdoll,Proventus Avenicci,0001A67D,NPC Spine1 [Spn1],6,124.210,124.210,19.388,227.745,8.180,4.0000,18.878,-438.538,283.797,-309.345,-0.6290,0.0497,0.7758,14.679,-225.987,-24.136,-,Skin,shape,000001D1AF7ACD00,17,1,1,0,-
1693,46187.912,0.0000,impact,ragdoll,Proventus Avenicci,0001A67D,NPC R Hand [RHnd],17,124.210,124.210,19.388,287.926,25.552,4.0000,8.334,-438.538,283.797,-309.345,-0.6290,0.0497,0.7758,-82.729,-273.790,33.110,-,Skin,shape,000001D1AF7ADF00,6,1,1,0,-
1694,46224.698,0.0000,impact,ragdoll,Proventus Avenicci,0001A67D,NPC Spine2 [Spn2],9,19.867,19.867,101.172,188.829,5.637,7.0000,23.052,-462.475,271.446,-318.000,-0.0000,0.0000,1.0000,7.718,-185.515,-34.368,Static,Carpet,shape,000001D1AB056E00,-,1,1,0,-
1695,46224.703,0.0000,impact,ragdoll,Proventus Avenicci,0001A67D,NPC L Hand [LHnd],16,221.652,221.652,97.203,271.000,7.877,4.0000,8.334,-442.416,241.836,-318.000,-0.0000,0.0000,1.0000,32.746,-152.343,-221.722,Static,Carpet,shape,000001D1AB056E00,-,1,1,0,-
1696,46243.590,0.0000,impact,ragdoll,Proventus Avenicci,0001A67D,NPC L Thigh [LThg],1,74.878,74.878,88.550,212.838,6.232,6.0000,20.487,-435.543,278.621,-310.539,0.3416,0.7873,0.5132,11.206,-211.417,-21.848,-,Skin,shape,000001D1AF7ACD00,17,1,1,0,-
1697,46243.590,0.0000,impact,ragdoll,Proventus Avenicci,0001A67D,NPC R Hand [RHnd],17,74.878,74.878,88.550,143.523,8.623,4.0000,8.334,-435.543,278.621,-310.539,0.3416,0.7873,0.5132,-25.927,-140.637,12.158,-,Skin,shape,000001D1AF7AF400,1,1,1,0,-
1698,46243.599,0.0000,impact,ragdoll,Proventus Avenicci,0001A67D,NPC R Foot [Rft ],8,21.873,21.873,152.441,199.809,6.452,3.0000,10.011,-456.355,358.128,-319.650,0.0000,-0.0000,1.0000,105.511,-167.128,-29.312,Static,Wood,shape,000001D1AB1B6500,-,1,1,0,-
1699,46279.859,0.0000,impact,ragdoll,Proventus Avenicci,0001A67D,NPC L Thigh [LThg],1,60.451,60.451,48.027,224.915,4.355,6.0000,20.487,-440.686,275.587,-312.047,0.7362,0.4400,0.5142,8.551,-222.046,-34.773,-,Skin,shape,000001D1AF7AD000,15,1,1,0,-
1700,46279.860,0.0000,impact,ragdoll,Proventus Avenicci,0001A67D,NPC R Forearm [RLar],15,60.451,60.451,48.027,117.816,3.592,6.0000,11.658,-440.686,275.587,-312.047,0.7362,0.4400,0.5142,-11.184,-117.200,4.433,-,Skin,shape,000001D1AF7AF400,1,1,1,0,-
1701,46280.402,0.0000,impact,ragdoll,Proventus Avenicci,0001A67D,NPC R Calf [RClf],4,14.701,14.701,189.684,206.493,4.470,6.0000,19.675,-448.670,316.298,-318.000,0.0000,-0.0000,1.0000,68.770,-194.705,0.319,Static,Carpet,shape,000001D1AB056E00,-,1,1,0,-
1702,46280.407,0.0000,impact,ragdoll,Proventus Avenicci,0001A67D,NPC Head [Head],13,44.172,44.172,120.651,160.940,3.496,4.0000,15.108,-476.048,247.781,-319.650,0.0000,-0.0000,1.0000,-3.916,-154.616,-44.499,Static,Wood,shape,000001D1AB1B6500,-,1,1,0,-
1703,46298.543,0.0000,impact,ragdoll,Proventus Avenicci,0001A67D,NPC R Calf [RClf],4,8.485,8.485,170.452,193.910,4.971,6.0000,19.675,-449.464,318.436,-319.657,0.0000,0.0000,1.0000,66.574,-182.045,-5.372,Static,Wood,shape,000001D1AB1B6500,-,0,1,0,-
1704,46298.551,0.0000,impact,ragdoll,Proventus Avenicci,0001A67D,NPC L Hand [LHnd],16,41.769,41.769,105.397,134.519,3.011,4.0000,8.334,-443.046,232.355,-318.000,0.0000,0.0000,1.0000,-18.533,-126.551,-41.673,Static,Carpet,shape,000001D1AB056E00,-,0,1,0,-
1705,46317.680,0.0000,impact,ragdoll,Proventus Avenicci,0001A67D,NPC L Calf [LClf],5,52.109,52.109,267.264,311.112,4.045,6.0000,19.675,-410.744,290.862,-318.000,-0.0000,-0.0000,1.0000,20.627,-302.227,-70.879,Static,Carpet,shape,000001D1AB056E00,-,1,1,0,-
1706,46402.187,0.0000,impact,ragdoll,Proventus Avenicci,0001A67D,NPC L Hand [LHnd],16,53.196,53.196,137.049,148.554,0.797,4.0000,8.334,-445.251,219.700,-318.000,0.0000,0.0000,1.0000,-24.790,-136.481,-53.167,Static,Carpet,shape,000001D1AB056E00,-,1,1,0,-
1707,46451.815,0.0000,impact,ragdoll,Proventus Avenicci,0001A67D,NPC L Hand [LHnd],16,35.990,35.990,128.597,134.294,1.060,4.0000,8.334,-446.977,212.690,-319.650,0.0000,-0.0000,1.0000,-36.903,-123.998,-36.023,Static,Wood,shape,000001D1AB1B6500,-,1,1,0,-
1708,46504.190,0.0000,impact,ragdoll,Proventus Avenicci,0001A67D,NPC Spine2 [Spn2],9,27.203,27.203,8.708,126.315,1.205,7.0000,23.052,-450.916,211.133,-310.356,-0.4841,0.6483,0.5877,-8.879,-125.991,-1.650,-,Skin,shape,000001D1AF7AC400,16,1,1,0,-
1709,46504.191,0.0000,impact,ragdoll,Proventus Avenicci,0001A67D,NPC L Hand [LHnd],16,27.203,27.203,8.708,117.551,2.078,4.0000,8.334,-450.916,211.133,-310.356,-0.4841,0.6483,0.5877,-41.337,-110.043,-0.033,-,Skin,shape,000001D1AF7ADC00,9,1,1,0,-
1710,46615.075,0.0000,impact,ragdoll,Proventus Avenicci,0001A67D,NPC Spine2 [Spn2],9,11.276,11.276,13.455,104.758,1.355,7.0000,23.052,-456.200,195.007,-307.324,-0.2710,0.8552,0.4419,-7.705,-104.450,2.266,-,Skin,shape,000001D1AF7AC700,14,1,1,0,-
1711,46615.076,0.0000,impact,ragdoll,Proventus Avenicci,0001A67D,NPC L Forearm [LLar],14,11.276,11.276,13.455,119.625,1.487,2.0000,11.658,-456.200,195.007,-307.324,-0.2710,0.8552,0.4419,-49.159,-108.894,-5.959,-,Skin,shape,000001D1AF7ADC00,9,1,1,0,-
1712,46652.462,0.0000,impact,ragdoll,Proventus Avenicci,0001A67D,NPC L Foot [Lft ],7,38.772,38.772,156.867,168.862,1.796,3.0000,10.011,-380.320,206.074,-318.000,0.0000,-0.0000,1.0000,29.741,-162.430,-35.301,Static,Carpet,shape,000001D1AB056E00,-,1,1,0,-
1713,46723.016,0.0000,state,unknown,Proventus Avenicci,0001A67D,-,-,0.000,0.000,0.000,0.000,0.000,0.0000,0.000,0.000,0.000,0.000,0.0000,0.0000,0.0000,0.000,0.000,0.000,-,-,-,0000000000000000,-,0,0,0,knock_get_up
0,50091.394,0.0000,state,unknown,Proventus Avenicci,0001A67D,-,-,0.000,0.000,0.000,0.000,0.000,0.0000,0.000,0.000,0.000,0.000,0.0000,0.0000,0.0000,0.000,0.000,0.000,-,-,-,0000000000000000,-,0,0,0,session_stop
