seq,t_ms,game_hour,event,phase,actor,actor_id,limb,limb_index,impact_speed,normal_speed,tangent_speed,body_speed,angular_speed,mass,limb_radius,pos_x,pos_y,pos_z,nrm_x,nrm_y,nrm_z,vel_x,vel_y,vel_z,other_layer,other_material,material_source,other_body,other_limb,manifold_first,manifold_last,dropped,state
0,0.871,0.0000,state,unknown,Proventus Avenicci,0001A67D,-,-,0.000,0.000,0.000,0.000,0.000,0.0000,0.000,0.000,0.000,0.000,0.0000,0.0000,0.0000,0.000,0.000,0.000,-,-,-,0000000000000000,-,0,0,-,session_start
1,0.871,0.0000,limb_sample,unknown,Proventus Avenicci,0001A67D,NPC COM [COM ],0,0.000,0.000,0.000,35.987,0.989,0.0000,17.687,-305.434,-123.513,-248.975,0.0000,0.0000,0.0000,-35.801,-3.396,-1.359,-,-,-,0000000000000000,-,0,0,-,session_start
2,0.871,0.0000,limb_sample,unknown,Proventus Avenicci,0001A67D,NPC L Thigh [LThg],1,0.000,0.000,0.000,38.402,1.280,0.0000,20.487,-312.043,-123.801,-248.923,0.0000,0.0000,0.0000,-27.641,-26.483,-3.067,-,-,-,0000000000000000,-,0,0,-,session_start
3,0.871,0.0000,limb_sample,unknown,Proventus Avenicci,0001A67D,NPC R Thigh [RThg],2,0.000,0.000,0.000,35.297,2.071,0.0000,20.487,-298.826,-123.225,-249.028,0.0000,0.0000,0.0000,-34.328,7.968,-1.985,-,-,-,0000000000000000,-,0,0,-,session_start
4,0.871,0.0000,limb_sample,unknown,Proventus Avenicci,0001A67D,NPC Spine [Spn0],3,0.000,0.000,0.000,34.810,0.930,0.0000,17.297,-305.073,-128.539,-244.921,0.0000,0.0000,0.0000,-34.383,-5.291,-1.248,-,-,-,0000000000000000,-,0,0,-,session_start
5,0.871,0.0000,limb_sample,unknown,Proventus Avenicci,0001A67D,NPC R Calf [RClf],4,0.000,0.000,0.000,28.923,2.075,0.0000,19.675,-294.866,-121.355,-284.334,0.0000,0.0000,0.0000,-24.627,15.141,-0.894,-,-,-,0000000000000000,-,0,0,-,session_start
6,0.872,0.0000,limb_sample,unknown,Proventus Avenicci,0001A67D,NPC L Calf [LClf],5,0.000,0.000,0.000,61.580,1.280,0.0000,19.675,-315.804,-119.524,-284.057,0.0000,0.0000,0.0000,-7.997,-60.721,-6.410,-,-,-,0000000000000000,-,0,0,-,session_start
7,0.872,0.0000,limb_sample,unknown,Proventus Avenicci,0001A67D,NPC Spine1 [Spn1],6,0.000,0.000,0.000,33.173,1.122,0.0000,18.878,-305.088,-127.712,-236.212,0.0000,0.0000,0.0000,-31.406,-10.676,0.399,-,-,-,0000000000000000,-,0,0,-,session_start
8,0.872,0.0000,limb_sample,unknown,Proventus Avenicci,0001A67D,NPC L Foot [Lft ],7,0.000,0.000,0.000,74.833,0.362,0.0000,10.011,-317.629,-123.374,-311.679,0.0000,0.0000,0.0000,0.995,-74.719,-4.012,-,-,-,0000000000000000,-,0,0,-,session_start
9,0.872,0.0000,limb_sample,unknown,Proventus Avenicci,0001A67D,NPC R Foot [Rft ],8,0.000,0.000,0.000,38.307,3.392,0.0000,10.011,-293.607,-126.930,-311.675,0.0000,0.0000,0.0000,-29.507,24.408,-1.005,-,-,-,0000000000000000,-,0,0,-,session_start
10,0.872,0.0000,limb_sample,unknown,Proventus Avenicci,0001A67D,NPC Spine2 [Spn2],9,0.000,0.000,0.000,34.460,1.303,0.0000,23.052,-305.166,-128.514,-226.380,0.0000,0.0000,0.0000,-26.878,-21.560,-0.527,-,-,-,0000000000000000,-,0,0,-,session_start
11,0.872,0.0000,limb_sample,unknown,Proventus Avenicci,0001A67D,NPC L UpperArm [LUar],10,0.000,0.000,0.000,47.953,2.282,0.0000,14.463,-318.499,-128.986,-211.392,0.0000,0.0000,0.0000,-21.691,-42.638,-3.321,-,-,-,0000000000000000,-,0,0,-,session_start
12,0.872,0.0000,limb_sample,unknown,Proventus Avenicci,0001A67D,NPC Neck [Neck],11,0.000,0.000,0.000,38.551,0.592,0.0000,8.431,-306.288,-125.968,-204.517,0.0000,0.0000,0.0000,-24.973,-29.352,-0.989,-,-,-,0000000000000000,-,0,0,-,session_start
13,0.872,0.0000,limb_sample,unknown,Proventus Avenicci,0001A67D,NPC R UpperArm [RUar],12,0.000,0.000,0.000,36.762,1.283,0.0000,14.463,-292.542,-125.257,-212.274,0.0000,0.0000,0.0000,-33.438,-14.894,3.396,-,-,-,0000000000000000,-,0,0,-,session_start
14,0.873,0.0000,limb_sample,unknown,Proventus Avenicci,0001A67D,NPC Head [Head],13,0.000,0.000,0.000,33.611,1.452,0.0000,15.108,-306.468,-125.485,-197.143,0.0000,0.0000,0.0000,-24.286,-22.905,-3.905,-,-,-,0000000000000000,-,0,0,-,session_start
15,0.873,0.0000,limb_sample,unknown,Proventus Avenicci,0001A67D,NPC L Forearm [LLar],14,0.000,0.000,0.000,67.355,1.273,0.0000,11.658,-320.411,-129.337,-234.135,0.0000,0.0000,0.0000,-17.385,-65.017,-2.679,-,-,-,0000000000000000,-,0,0,-,session_start
16,0.873,0.0000,limb_sample,unknown,Proventus Avenicci,0001A67D,NPC R Forearm [RLar],15,0.000,0.000,0.000,44.243,0.609,0.0000,11.658,-290.262,-127.166,-234.913,0.0000,0.0000,0.0000,-42.990,-10.329,1.602,-,-,-,0000000000000000,-,0,0,-,session_start
17,0.873,0.0000,limb_sample,unknown,Proventus Avenicci,0001A67D,NPC L Hand [LHnd],16,0.000,0.000,0.000,72.953,0.774,0.0000,8.334,-325.570,-124.170,-248.411,0.0000,0.0000,0.0000,-26.884,-67.812,-0.978,-,-,-,0000000000000000,-,0,0,-,session_start
18,0.873,0.0000,limb_sample,unknown,Proventus Avenicci,0001A67D,NPC R Hand [RHnd],17,0.000,0.000,0.000,42.404,1.046,0.0000,8.334,-286.509,-120.178,-248.861,0.0000,0.0000,0.0000,-41.570,-7.823,2.975,-,-,-,0000000000000000,-,0,0,-,session_start
19,533.120,10.7696,state,animated,Proventus Avenicci,0001A67D,-,-,0.000,0.000,0.000,0.000,0.000,0.0000,0.000,0.000,0.000,0.000,0.0000,0.0000,0.0000,0.000,0.000,0.000,-,-,-,0000000000000000,-,0,0,-,ragdoll_rebuilt
20,861.012,10.7705,state,ragdoll,Proventus Avenicci,0001A67D,-,-,0.000,0.000,0.000,0.000,0.000,0.0000,0.000,0.000,0.000,0.000,0.0000,0.0000,0.0000,0.000,0.000,0.000,-,-,-,0000000000000000,-,0,0,-,ragdoll_start
21,861.013,10.7705,limb_sample,ragdoll,Proventus Avenicci,0001A67D,NPC COM [COM ],0,0.000,0.000,0.000,419.947,0.000,0.0000,17.687,-310.364,-123.976,-249.161,0.0000,0.0000,0.0000,3.242,393.562,146.472,-,-,-,0000000000000000,-,0,0,-,ragdoll_start
22,861.013,10.7705,limb_sample,ragdoll,Proventus Avenicci,0001A67D,NPC L Thigh [LThg],1,0.000,0.000,0.000,314.961,0.000,0.0000,20.487,-316.827,-125.376,-249.001,0.0000,0.0000,0.0000,-8.144,301.937,89.264,-,-,-,0000000000000000,-,0,0,-,ragdoll_start
23,861.013,10.7705,limb_sample,ragdoll,Proventus Avenicci,0001A67D,NPC R Thigh [RThg],2,0.000,0.000,0.000,314.961,0.000,0.0000,20.487,-303.901,-122.576,-249.322,0.0000,0.0000,0.0000,15.651,302.285,87.056,-,-,-,0000000000000000,-,0,0,-,ragdoll_start
24,861.013,10.7705,limb_sample,ragdoll,Proventus Avenicci,0001A67D,NPC Spine [Spn0],3,0.000,0.000,0.000,419.948,0.000,0.0000,17.297,-309.276,-129.043,-245.292,0.0000,0.0000,0.0000,3.697,387.813,161.068,-,-,-,0000000000000000,-,0,0,-,ragdoll_start
25,861.013,10.7705,limb_sample,ragdoll,Proventus Avenicci,0001A67D,NPC R Calf [RClf],4,0.000,0.000,0.000,209.974,0.000,0.0000,19.675,-299.517,-119.203,-284.399,0.0000,0.0000,0.0000,15.893,208.076,23.257,-,-,-,0000000000000000,-,0,0,-,ragdoll_start
26,861.014,10.7705,limb_sample,ragdoll,Proventus Avenicci,0001A67D,NPC L Calf [LClf],5,0.000,0.000,0.000,209.974,0.000,0.0000,19.675,-317.191,-125.625,-284.586,0.0000,0.0000,0.0000,-5.720,208.492,24.239,-,-,-,0000000000000000,-,0,0,-,ragdoll_start
27,861.014,10.7705,limb_sample,ragdoll,Proventus Avenicci,0001A67D,NPC Spine1 [Spn1],6,0.000,0.000,0.000,419.948,0.000,0.0000,18.878,-309.028,-128.470,-236.525,0.0000,0.0000,0.0000,4.618,378.374,182.119,-,-,-,0000000000000000,-,0,0,-,ragdoll_start
28,861.014,10.7705,limb_sample,ragdoll,Proventus Avenicci,0001A67D,NPC L Foot [Lft ],7,0.000,0.000,0.000,104.987,0.000,0.0000,10.011,-315.806,-132.852,-311.541,0.0000,0.0000,0.0000,-3.125,104.936,1.009,-,-,-,0000000000000000,-,0,0,-,ragdoll_start
29,861.014,10.7705,limb_sample,ragdoll,Proventus Avenicci,0001A67D,NPC R Foot [Rft ],8,0.000,0.000,0.000,104.987,0.000,0.0000,10.011,-295.890,-123.823,-311.638,0.0000,0.0000,0.0000,8.949,104.601,0.901,-,-,-,0000000000000000,-,0,0,-,ragdoll_start
30,861.014,10.7705,limb_sample,ragdoll,Proventus Avenicci,0001A67D,NPC Spine2 [Spn2],9,0.000,0.000,0.000,419.947,0.000,0.0000,23.052,-308.541,-130.392,-226.859,0.0000,0.0000,0.0000,5.443,365.194,207.267,-,-,-,0000000000000000,-,0,0,-,ragdoll_start
31,861.014,10.7705,limb_sample,ragdoll,Proventus Avenicci,0001A67D,NPC L UpperArm [LUar],10,0.000,0.000,0.000,419.947,0.000,0.0000,14.463,-321.664,-133.537,-212.114,0.0000,0.0000,0.0000,-19.776,366.160,204.675,-,-,-,0000000000000000,-,0,0,-,ragdoll_start
32,861.014,10.7705,limb_sample,ragdoll,Proventus Avenicci,0001A67D,NPC Neck [Neck],11,0.000,0.000,0.000,419.948,0.000,0.0000,8.431,-309.194,-130.175,-204.831,0.0000,0.0000,0.0000,4.454,351.960,229.042,-,-,-,0000000000000000,-,0,0,-,ragdoll_start
33,861.014,10.7705,limb_sample,ragdoll,Proventus Avenicci,0001A67D,NPC R UpperArm [RUar],12,0.000,0.000,0.000,419.947,0.000,0.0000,14.463,-295.994,-127.818,-211.823,0.0000,0.0000,0.0000,31.915,368.826,198.254,-,-,-,0000000000000000,-,0,0,-,ragdoll_start
34,861.014,10.7705,limb_sample,ragdoll,Proventus Avenicci,0001A67D,NPC Head [Head],13,0.000,0.000,0.000,419.948,0.000,0.0000,15.108,-309.336,-129.497,-197.469,0.0000,0.0000,0.0000,4.468,346.732,236.882,-,-,-,0000000000000000,-,0,0,-,ragdoll_start
35,861.014,10.7705,limb_sample,ragdoll,Proventus Avenicci,0001A67D,NPC L Forearm [LLar],14,0.000,0.000,0.000,314.961,0.000,0.0000,11.658,-320.746,-137.356,-234.554,0.0000,0.0000,0.0000,-20.746,286.807,128.498,-,-,-,0000000000000000,-,0,0,-,ragdoll_start
36,861.014,10.7705,limb_sample,ragdoll,Proventus Avenicci,0001A67D,NPC R Forearm [RLar],15,0.000,0.000,0.000,314.961,0.000,0.0000,11.658,-296.292,-127.461,-234.672,0.0000,0.0000,0.0000,28.251,289.297,121.282,-,-,-,0000000000000000,-,0,0,-,ragdoll_start
37,861.014,10.7705,limb_sample,ragdoll,Proventus Avenicci,0001A67D,NPC L Hand [LHnd],16,0.000,0.000,0.000,209.974,0.000,0.0000,8.334,-327.461,-133.332,-248.519,0.0000,0.0000,0.0000,-18.496,195.934,73.190,-,-,-,0000000000000000,-,0,0,-,ragdoll_start
38,861.014,10.7705,limb_sample,ragdoll,Proventus Avenicci,0001A67D,NPC R Hand [RHnd],17,0.000,0.000,0.000,209.974,0.000,0.0000,8.334,-292.571,-121.014,-248.909,0.0000,0.0000,0.0000,20.300,197.470,68.429,-,-,-,0000000000000000,-,0,0,-,ragdoll_start
39,861.015,10.7705,listener,ragdoll,Proventus Avenicci,0001A67D,-,-,0.000,0.000,0.000,0.000,0.000,0.0000,0.000,-311.888,-308.942,-318.000,0.0424,0.9991,0.0000,0.000,0.000,0.000,-,-,-,0000000000000000,-,0,0,-,ragdoll_start
40,861.015,10.7705,state,ragdoll,Proventus Avenicci,0001A67D,-,-,0.000,0.000,0.000,0.000,0.000,0.0000,0.000,0.000,0.000,0.000,0.0000,0.0000,0.0000,0.000,0.000,0.000,-,-,-,0000000000000000,-,0,0,-,knock_explode_lead_in
41,861.015,10.7705,listener,ragdoll,Proventus Avenicci,0001A67D,-,-,0.000,0.000,0.000,0.000,0.000,0.0000,0.000,-311.888,-308.942,-318.000,0.0424,0.9991,0.0000,0.000,0.000,0.000,-,-,-,0000000000000000,-,0,0,-,knock_explode_lead_in
42,871.844,10.7705,touch,ragdoll,Proventus Avenicci,0001A67D,NPC L Thigh [LThg],1,0.000,0.000,0.000,447.144,2.759,6.0000,20.487,0.000,0.000,0.000,0.0000,0.0000,0.0000,14.620,317.679,314.332,DeadBip,-,-,000001EB3A166B00,16,0,0,-,
43,871.845,10.7705,touch,ragdoll,Proventus Avenicci,0001A67D,NPC L Hand [LHnd],16,0.000,0.000,0.000,331.394,24.219,4.0000,8.334,0.000,0.000,0.000,0.0000,0.0000,0.0000,78.509,147.731,286.066,DeadBip,-,-,000001EB3A29CA00,1,0,0,-,
44,871.847,10.7705,touch,ragdoll,Proventus Avenicci,0001A67D,NPC L Thigh [LThg],1,0.000,0.000,0.000,447.144,2.759,6.0000,20.487,0.000,0.000,0.000,0.0000,0.0000,0.0000,14.620,317.679,314.332,DeadBip,-,-,000001EB3A166E00,14,0,0,-,
45,871.847,10.7705,touch,ragdoll,Proventus Avenicci,0001A67D,NPC L Forearm [LLar],14,0.000,0.000,0.000,580.162,34.866,2.0000,11.658,0.000,0.000,0.000,0.0000,0.0000,0.0000,-171.140,470.239,293.555,DeadBip,-,-,000001EB3A29CA00,1,0,0,-,
46,871.848,10.7705,touch,ragdoll,Proventus Avenicci,0001A67D,NPC COM [COM ],0,0.000,0.000,0.000,379.280,13.606,50.0000,17.687,0.000,0.000,0.000,0.0000,0.0000,0.0000,15.368,377.221,-36.354,DeadBip,-,-,000001EB3A166B00,16,0,0,-,
47,871.848,10.7705,touch,ragdoll,Proventus Avenicci,0001A67D,NPC L Hand [LHnd],16,0.000,0.000,0.000,331.394,24.219,4.0000,8.334,0.000,0.000,0.000,0.0000,0.0000,0.0000,78.509,147.731,286.066,DeadBip,-,-,000001EB3A29C400,0,0,0,-,
48,871.848,10.7705,touch,ragdoll,Proventus Avenicci,0001A67D,NPC Spine2 [Spn2],9,0.000,0.000,0.000,382.495,6.080,7.0000,23.052,0.000,0.000,0.000,0.0000,0.0000,0.0000,-17.016,373.065,82.678,DeadBip,-,-,000001EB3A167700,15,0,0,-,
49,871.849,10.7705,touch,ragdoll,Proventus Avenicci,0001A67D,NPC R Forearm [RLar],15,0.000,0.000,0.000,400.877,21.658,6.0000,11.658,0.000,0.000,0.000,0.0000,0.0000,0.0000,37.803,340.439,208.265,DeadBip,-,-,000001EB3A29DC00,9,0,0,-,
50,871.849,10.7705,touch,ragdoll,Proventus Avenicci,0001A67D,NPC Spine1 [Spn1],6,0.000,0.000,0.000,270.875,6.007,4.0000,18.878,0.000,0.000,0.000,0.0000,0.0000,0.0000,32.794,266.914,-32.480,DeadBip,-,-,000001EB3A166E00,14,0,0,-,
51,871.849,10.7705,touch,ragdoll,Proventus Avenicci,0001A67D,NPC L Forearm [LLar],14,0.000,0.000,0.000,580.162,34.866,2.0000,11.658,0.000,0.000,0.000,0.0000,0.0000,0.0000,-171.140,470.239,293.555,DeadBip,-,-,000001EB3A29DF00,6,0,0,-,
52,871.852,10.7705,touch,ragdoll,Proventus Avenicci,0001A67D,NPC R Foot [Rft ],8,0.000,0.000,0.000,398.089,51.061,3.0000,10.011,0.000,0.000,0.000,0.0000,0.0000,0.0000,-28.483,58.804,392.690,Static,-,-,000001EA56BED300,-,0,0,-,
53,871.853,10.7705,touch,ragdoll,Proventus Avenicci,0001A67D,NPC Spine1 [Spn1],6,0.000,0.000,0.000,270.875,6.007,4.0000,18.878,0.000,0.000,0.000,0.0000,0.0000,0.0000,32.794,266.914,-32.480,DeadBip,-,-,000001EB3A167700,15,0,0,-,
54,871.853,10.7705,touch,ragdoll,Proventus Avenicci,0001A67D,NPC R Forearm [RLar],15,0.000,0.000,0.000,400.877,21.658,6.0000,11.658,0.000,0.000,0.000,0.0000,0.0000,0.0000,37.803,340.439,208.265,DeadBip,-,-,000001EB3A29DF00,6,0,0,-,
55,871.853,10.7705,touch,ragdoll,Proventus Avenicci,0001A67D,NPC L Thigh [LThg],1,0.000,0.000,0.000,447.144,2.759,6.0000,20.487,0.000,0.000,0.000,0.0000,0.0000,0.0000,14.620,317.679,314.332,DeadBip,-,-,000001EB3A29D600,4,0,0,-,
56,871.854,10.7705,touch,ragdoll,Proventus Avenicci,0001A67D,NPC R Calf [RClf],4,0.000,0.000,0.000,471.685,7.047,6.0000,19.675,0.000,0.000,0.000,0.0000,0.0000,0.0000,-32.838,274.137,382.436,DeadBip,-,-,000001EB3A29CA00,1,0,0,-,
57,871.855,10.7705,touch,ragdoll,Proventus Avenicci,0001A67D,NPC R Foot [Rft ],8,0.000,0.000,0.000,398.089,51.061,3.0000,10.011,0.000,0.000,0.000,0.0000,0.0000,0.0000,-28.483,58.804,392.690,Static,-,-,000001EAE4AAA500,-,0,0,-,
58,871.855,10.7705,touch,ragdoll,Proventus Avenicci,0001A67D,NPC Spine2 [Spn2],9,0.000,0.000,0.000,382.495,6.080,7.0000,23.052,0.000,0.000,0.000,0.0000,0.0000,0.0000,-17.016,373.065,82.678,DeadBip,-,-,000001EB3A166E00,14,0,0,-,
59,871.855,10.7705,touch,ragdoll,Proventus Avenicci,0001A67D,NPC L Forearm [LLar],14,0.000,0.000,0.000,580.162,34.866,2.0000,11.658,0.000,0.000,0.000,0.0000,0.0000,0.0000,-171.140,470.239,293.555,DeadBip,-,-,000001EB3A29DC00,9,0,0,-,
60,871.856,10.7705,touch,ragdoll,Proventus Avenicci,0001A67D,NPC L Thigh [LThg],1,0.000,0.000,0.000,447.144,2.759,6.0000,20.487,0.000,0.000,0.000,0.0000,0.0000,0.0000,14.620,317.679,314.332,DeadBip,-,-,000001EB3A29C100,2,0,0,-,
61,871.856,10.7705,touch,ragdoll,Proventus Avenicci,0001A67D,NPC R Thigh [RThg],2,0.000,0.000,0.000,386.629,3.557,6.0000,20.487,0.000,0.000,0.000,0.0000,0.0000,0.0000,-15.625,262.772,283.177,DeadBip,-,-,000001EB3A29CA00,1,0,0,-,
62,871.857,10.7705,touch,ragdoll,Proventus Avenicci,0001A67D,NPC Spine [Spn0],3,0.000,0.000,0.000,364.101,3.748,4.0000,17.297,0.000,0.000,0.000,0.0000,0.0000,0.0000,54.309,358.274,-35.497,DeadBip,-,-,000001EB3A166B00,16,0,0,-,
63,871.857,10.7705,touch,ragdoll,Proventus Avenicci,0001A67D,NPC L Hand [LHnd],16,0.000,0.000,0.000,331.394,24.219,4.0000,8.334,0.000,0.000,0.000,0.0000,0.0000,0.0000,78.509,147.731,286.066,DeadBip,-,-,000001EB3A29D000,3,0,0,-,
64,871.857,10.7705,touch,ragdoll,Proventus Avenicci,0001A67D,NPC Spine [Spn0],3,0.000,0.000,0.000,364.101,3.748,4.0000,17.297,0.000,0.000,0.000,0.0000,0.0000,0.0000,54.309,358.274,-35.497,DeadBip,-,-,000001EB3A167700,15,0,0,-,
65,871.857,10.7705,touch,ragdoll,Proventus Avenicci,0001A67D,NPC R Forearm [RLar],15,0.000,0.000,0.000,400.877,21.658,6.0000,11.658,0.000,0.000,0.000,0.0000,0.0000,0.0000,37.803,340.439,208.265,DeadBip,-,-,000001EB3A29D000,3,0,0,-,
66,871.858,10.7705,touch,ragdoll,Proventus Avenicci,0001A67D,NPC Spine [Spn0],3,0.000,0.000,0.000,364.101,3.748,4.0000,17.297,0.000,0.000,0.000,0.0000,0.0000,0.0000,54.309,358.274,-35.497,DeadBip,-,-,000001EB3A166E00,14,0,0,-,
67,871.859,10.7705,touch,ragdoll,Proventus Avenicci,0001A67D,NPC L Forearm [LLar],14,0.000,0.000,0.000,580.162,34.866,2.0000,11.658,0.000,0.000,0.000,0.0000,0.0000,0.0000,-171.140,470.239,293.555,DeadBip,-,-,000001EB3A29D000,3,0,0,-,
68,871.861,10.7705,touch,ragdoll,Proventus Avenicci,0001A67D,NPC R Thigh [RThg],2,0.000,0.000,0.000,386.629,3.557,6.0000,20.487,0.000,0.000,0.000,0.0000,0.0000,0.0000,-15.625,262.772,283.177,DeadBip,-,-,000001EB3A29C700,5,0,0,-,
69,871.861,10.7705,touch,ragdoll,Proventus Avenicci,0001A67D,NPC L Calf [LClf],5,0.000,0.000,0.000,537.709,7.522,6.0000,19.675,0.000,0.000,0.000,0.0000,0.0000,0.0000,-24.134,329.383,424.329,DeadBip,-,-,000001EB3A29C100,2,0,0,-,
70,871.861,10.7705,touch,ragdoll,Proventus Avenicci,0001A67D,NPC R Thigh [RThg],2,0.000,0.000,0.000,386.629,3.557,6.0000,20.487,0.000,0.000,0.000,0.0000,0.0000,0.0000,-15.625,262.772,283.177,DeadBip,-,-,000001EB3A167700,15,0,0,-,
71,871.862,10.7705,touch,ragdoll,Proventus Avenicci,0001A67D,NPC R Forearm [RLar],15,0.000,0.000,0.000,400.877,21.658,6.0000,11.658,0.000,0.000,0.000,0.0000,0.0000,0.0000,37.803,340.439,208.265,DeadBip,-,-,000001EB3A29C100,2,0,0,-,
72,871.863,10.7705,touch,ragdoll,Proventus Avenicci,0001A67D,NPC L Foot [Lft ],7,0.000,0.000,0.000,458.739,51.506,3.0000,10.011,0.000,0.000,0.000,0.0000,0.0000,0.0000,10.014,85.228,450.641,Static,-,-,000001EA56BED300,-,0,0,-,
73,871.864,10.7705,touch,ragdoll,Proventus Avenicci,0001A67D,NPC L Foot [Lft ],7,0.000,0.000,0.000,458.739,51.506,3.0000,10.011,0.000,0.000,0.000,0.0000,0.0000,0.0000,10.014,85.228,450.641,Static,-,-,000001EAE4AAA500,-,0,0,-,
74,871.864,10.7705,touch,ragdoll,Proventus Avenicci,0001A67D,NPC COM [COM ],0,0.000,0.000,0.000,379.280,13.606,50.0000,17.687,0.000,0.000,0.000,0.0000,0.0000,0.0000,15.368,377.221,-36.354,DeadBip,-,-,000001EB3A166E00,14,0,0,-,
75,871.864,10.7705,touch,ragdoll,Proventus Avenicci,0001A67D,NPC L Forearm [LLar],14,0.000,0.000,0.000,580.162,34.866,2.0000,11.658,0.000,0.000,0.000,0.0000,0.0000,0.0000,-171.140,470.239,293.555,DeadBip,-,-,000001EB3A29C400,0,0,0,-,
76,871.865,10.7705,touch,ragdoll,Proventus Avenicci,0001A67D,NPC COM [COM ],0,0.000,0.000,0.000,379.280,13.606,50.0000,17.687,0.000,0.000,0.000,0.0000,0.0000,0.0000,15.368,377.221,-36.354,DeadBip,-,-,000001EB3A167700,15,0,0,-,
77,871.865,10.7705,touch,ragdoll,Proventus Avenicci,0001A67D,NPC R Forearm [RLar],15,0.000,0.000,0.000,400.877,21.658,6.0000,11.658,0.000,0.000,0.000,0.0000,0.0000,0.0000,37.803,340.439,208.265,DeadBip,-,-,000001EB3A29C400,0,0,0,-,
78,871.865,10.7705,touch,ragdoll,Proventus Avenicci,0001A67D,NPC COM [COM ],0,0.000,0.000,0.000,379.280,13.606,50.0000,17.687,0.000,0.000,0.000,0.0000,0.0000,0.0000,15.368,377.221,-36.354,DeadBip,-,-,000001EB3A167400,17,0,0,-,
79,871.865,10.7705,touch,ragdoll,Proventus Avenicci,0001A67D,NPC R Hand [RHnd],17,0.000,0.000,0.000,234.296,15.177,4.0000,8.334,0.000,0.000,0.000,0.0000,0.0000,0.0000,-14.040,152.949,176.930,DeadBip,-,-,000001EB3A29C400,0,0,0,-,
80,871.866,10.7705,touch,ragdoll,Proventus Avenicci,0001A67D,NPC Spine [Spn0],3,0.000,0.000,0.000,364.101,3.748,4.0000,17.297,0.000,0.000,0.000,0.0000,0.0000,0.0000,54.309,358.274,-35.497,DeadBip,-,-,000001EB3A167400,17,0,0,-,
81,871.866,10.7705,touch,ragdoll,Proventus Avenicci,0001A67D,NPC R Hand [RHnd],17,0.000,0.000,0.000,234.296,15.177,4.0000,8.334,0.000,0.000,0.000,0.0000,0.0000,0.0000,-14.040,152.949,176.930,DeadBip,-,-,000001EB3A29D000,3,0,0,-,
82,871.866,10.7705,touch,ragdoll,Proventus Avenicci,0001A67D,NPC R Thigh [RThg],2,0.000,0.000,0.000,386.629,3.557,6.0000,20.487,0.000,0.000,0.000,0.0000,0.0000,0.0000,-15.625,262.772,283.177,DeadBip,-,-,000001EB3A167400,17,0,0,-,
83,871.867,10.7705,touch,ragdoll,Proventus Avenicci,0001A67D,NPC R Hand [RHnd],17,0.000,0.000,0.000,234.296,15.177,4.0000,8.334,0.000,0.000,0.000,0.0000,0.0000,0.0000,-14.040,152.949,176.930,DeadBip,-,-,000001EB3A29C100,2,0,0,-,
84,872.074,10.7705,impact,ragdoll,Proventus Avenicci,0001A67D,NPC COM [COM ],0,78.730,78.730,254.792,378.890,13.599,50.0000,17.687,-297.057,-118.080,-250.097,-0.9865,-0.1321,0.0969,15.352,376.833,-36.317,DeadBip,Skin,shape,000001EB3A167400,17,1,1,-,
85,872.074,10.7705,impact,ragdoll,Proventus Avenicci,0001A67D,NPC R Hand [RHnd],17,78.730,-78.730,254.792,234.055,15.169,4.0000,8.334,-297.057,-118.080,-250.097,-0.9865,-0.1321,0.0969,-14.026,152.791,176.748,DeadBip,-,-,000001EB3A29C400,0,1,1,-,
86,872.075,10.7705,impact,ragdoll,Proventus Avenicci,0001A67D,NPC L Thigh [LThg],1,70.640,70.640,37.638,446.684,2.758,6.0000,20.487,-310.026,-119.297,-252.447,-0.9824,-0.1843,0.0308,14.605,317.352,314.009,DeadBip,Skin,shape,000001EB3A29C100,2,1,0,-,
87,872.075,10.7705,impact,ragdoll,Proventus Avenicci,0001A67D,NPC R Thigh [RThg],2,70.640,-70.640,37.638,386.231,3.555,6.0000,20.487,-310.026,-119.297,-252.447,-0.9824,-0.1843,0.0308,-15.609,262.501,282.885,DeadBip,Skin,shape,000001EB3A29CA00,1,1,0,-,
88,872.075,10.7705,impact,ragdoll,Proventus Avenicci,0001A67D,NPC L Thigh [LThg],1,14.621,14.621,64.578,446.684,2.758,6.0000,20.487,-307.016,-120.046,-274.454,-0.9551,-0.2932,0.0433,14.605,317.352,314.009,DeadBip,Skin,shape,000001EB3A29C100,2,0,1,-,
89,872.075,10.7705,impact,ragdoll,Proventus Avenicci,0001A67D,NPC R Thigh [RThg],2,14.621,-14.621,64.578,386.231,3.555,6.0000,20.487,-307.016,-120.046,-274.454,-0.9551,-0.2932,0.0433,-15.609,262.501,282.885,DeadBip,Skin,shape,000001EB3A29CA00,1,0,1,-,
90,872.076,10.7705,impact,ragdoll,Proventus Avenicci,0001A67D,NPC L Thigh [LThg],1,15.328,15.328,136.287,446.684,2.758,6.0000,20.487,-304.375,-119.546,-278.226,-0.9214,-0.2627,0.2865,14.605,317.352,314.009,DeadBip,Skin,shape,000001EB3A29D600,4,1,1,-,
91,872.076,10.7705,impact,ragdoll,Proventus Avenicci,0001A67D,NPC R Calf [RClf],4,15.328,-15.328,136.287,471.199,7.043,6.0000,19.675,-304.375,-119.546,-278.226,-0.9214,-0.2627,0.2865,-32.804,273.855,382.042,DeadBip,Skin,shape,000001EB3A29CA00,1,1,1,-,
92,872.077,10.7705,impact,ragdoll,Proventus Avenicci,0001A67D,NPC R Thigh [RThg],2,26.484,26.484,178.038,386.231,3.555,6.0000,20.487,-312.495,-122.248,-278.146,0.9122,0.3194,0.2567,-15.609,262.501,282.885,DeadBip,Skin,shape,000001EB3A29C700,5,1,1,-,
93,872.077,10.7705,impact,ragdoll,Proventus Avenicci,0001A67D,NPC L Calf [LClf],5,26.484,-26.484,178.038,537.155,7.518,6.0000,19.675,-312.495,-122.248,-278.146,0.9122,0.3194,0.2567,-24.109,329.044,423.892,DeadBip,Skin,shape,000001EB3A29C100,2,1,1,-,
94,872.077,10.7705,impact,ragdoll,Proventus Avenicci,0001A67D,NPC R Thigh [RThg],2,39.617,39.617,130.913,386.231,3.555,6.0000,20.487,-295.865,-119.084,-246.873,-0.7827,0.1117,-0.6123,-15.609,262.501,282.885,DeadBip,Skin,shape,000001EB3A167700,15,1,1,-,
95,872.077,10.7705,impact,ragdoll,Proventus Avenicci,0001A67D,NPC R Forearm [RLar],15,39.617,-39.617,130.913,400.464,21.647,6.0000,11.658,-295.865,-119.084,-246.873,-0.7827,0.1117,-0.6123,37.764,340.089,208.051,DeadBip,Skin,shape,000001EB3A29C100,2,1,1,-,
96,872.077,10.7705,impact,ragdoll,Proventus Avenicci,0001A67D,NPC R Thigh [RThg],2,10.330,10.330,204.049,386.231,3.555,6.0000,20.487,-297.030,-117.697,-251.464,-0.9808,-0.0522,-0.1881,-15.609,262.501,282.885,DeadBip,Skin,shape,000001EB3A167400,17,1,1,-,
97,872.077,10.7705,impact,ragdoll,Proventus Avenicci,0001A67D,NPC R Hand [RHnd],17,10.330,-10.330,204.049,234.055,15.169,4.0000,8.334,-297.030,-117.697,-251.464,-0.9808,-0.0522,-0.1881,-14.026,152.791,176.748,DeadBip,Skin,shape,000001EB3A29C100,2,1,1,-,
98,872.078,10.7705,impact,ragdoll,Proventus Avenicci,0001A67D,NPC Spine [Spn0],3,69.043,69.043,281.999,363.726,3.746,4.0000,17.297,-324.678,-127.731,-247.390,0.7362,0.4824,0.4747,54.253,357.905,-35.461,DeadBip,Skin,shape,000001EB3A166B00,16,1,1,-,
99,872.078,10.7705,impact,ragdoll,Proventus Avenicci,0001A67D,NPC L Hand [LHnd],16,69.043,-69.043,281.999,331.053,24.207,4.0000,8.334,-324.678,-127.731,-247.390,0.7362,0.4824,0.4747,78.428,147.579,285.771,DeadBip,Skin,shape,000001EB3A29D000,3,1,1,-,
100,872.079,10.7705,impact,ragdoll,Proventus Avenicci,0001A67D,NPC Spine [Spn0],3,196.684,196.684,206.671,363.726,3.746,4.0000,17.297,-296.225,-117.885,-247.802,-0.8130,-0.0915,0.5750,54.253,357.905,-35.461,DeadBip,Skin,shape,000001EB3A167400,17,1,1,-,
101,872.079,10.7705,impact,ragdoll,Proventus Avenicci,0001A67D,NPC R Hand [RHnd],17,196.684,-196.684,206.671,234.055,15.169,4.0000,8.334,-296.225,-117.885,-247.802,-0.8130,-0.0915,0.5750,-14.026,152.791,176.748,DeadBip,Skin,shape,000001EB3A29D000,3,1,1,-,
102,872.080,10.7705,impact,ragdoll,Proventus Avenicci,0001A67D,NPC Spine1 [Spn1],6,52.017,52.017,404.550,270.596,6.004,4.0000,18.878,-298.196,-122.243,-231.240,-0.9520,0.1162,0.2833,32.760,266.639,-32.447,DeadBip,Skin,shape,000001EB3A167700,15,1,1,-,
103,872.080,10.7705,impact,ragdoll,Proventus Avenicci,0001A67D,NPC R Forearm [RLar],15,52.017,-52.017,404.550,400.464,21.647,6.0000,11.658,-298.196,-122.243,-231.240,-0.9520,0.1162,0.2833,37.764,340.089,208.051,DeadBip,Skin,shape,000001EB3A29DF00,6,1,1,-,
104,872.083,10.7705,impact,ragdoll,Proventus Avenicci,0001A67D,NPC Spine2 [Spn2],9,51.890,51.890,633.582,382.101,6.077,7.0000,23.052,-321.947,-130.805,-227.638,0.6201,0.2517,0.7431,-16.998,372.681,82.593,DeadBip,Skin,shape,000001EB3A166E00,14,1,1,-,
105,872.083,10.7705,impact,ragdoll,Proventus Avenicci,0001A67D,NPC L Forearm [LLar],14,51.890,-51.890,633.582,579.565,34.848,2.0000,11.658,-321.947,-130.805,-227.638,0.6201,0.2517,0.7431,-170.963,469.755,293.253,DeadBip,Skin,shape,000001EB3A29DC00,9,1,1,-,
106,872.083,10.7705,impact,ragdoll,Proventus Avenicci,0001A67D,NPC Spine2 [Spn2],9,75.120,75.120,295.839,382.101,6.077,7.0000,23.052,-296.597,-123.159,-229.091,-0.5452,-0.1168,0.8301,-16.998,372.681,82.593,DeadBip,Skin,shape,000001EB3A167700,15,1,1,-,
107,872.083,10.7705,impact,ragdoll,Proventus Avenicci,0001A67D,NPC R Forearm [RLar],15,75.120,-75.120,295.839,400.464,21.647,6.0000,11.658,-296.597,-123.159,-229.091,-0.5452,-0.1168,0.8301,37.764,340.089,208.051,DeadBip,Skin,shape,000001EB3A29DC00,9,1,1,-,
108,872.293,10.7705,separate,ragdoll,Proventus Avenicci,0001A67D,NPC L Thigh [LThg],1,0.000,0.000,0.000,383.165,2.762,6.0000,20.487,0.000,0.000,0.000,0.0000,0.0000,0.0000,-19.550,377.823,60.682,DeadBip,-,-,000001EB3A166E00,14,0,0,-,
109,872.294,10.7705,separate,ragdoll,Proventus Avenicci,0001A67D,NPC L Forearm [LLar],14,0.000,0.000,0.000,466.582,18.812,2.0000,11.658,0.000,0.000,0.000,0.0000,0.0000,0.0000,-125.287,395.488,213.521,DeadBip,-,-,000001EB3A29CA00,1,0,0,-,
110,872.295,10.7705,separate,ragdoll,Proventus Avenicci,0001A67D,NPC L Thigh [LThg],1,0.000,0.000,0.000,383.165,2.762,6.0000,20.487,0.000,0.000,0.000,0.0000,0.0000,0.0000,-19.550,377.823,60.682,DeadBip,-,-,000001EB3A29D600,4,0,0,-,
111,872.295,10.7705,separate,ragdoll,Proventus Avenicci,0001A67D,NPC R Calf [RClf],4,0.000,0.000,0.000,211.216,9.117,6.0000,19.675,0.000,0.000,0.000,0.0000,0.0000,0.0000,-10.435,209.846,21.626,DeadBip,-,-,000001EB3A29CA00,1,0,0,-,
112,881.330,10.7705,state,ragdoll,Proventus Avenicci,0001A67D,-,-,0.000,0.000,0.000,0.000,0.000,0.0000,0.000,0.000,0.000,0.000,0.0000,0.0000,0.0000,0.000,0.000,0.000,-,-,-,0000000000000000,-,0,0,-,knock_explode
113,881.331,10.7705,listener,ragdoll,Proventus Avenicci,0001A67D,-,-,0.000,0.000,0.000,0.000,0.000,0.0000,0.000,-311.888,-308.942,-318.000,0.0424,0.9991,0.0000,0.000,0.000,0.000,-,-,-,0000000000000000,-,0,0,-,knock_explode
114,892.361,10.7705,separate,ragdoll,Proventus Avenicci,0001A67D,NPC Spine [Spn0],3,0.000,0.000,0.000,393.992,1.960,4.0000,17.297,0.000,0.000,0.000,0.0000,0.0000,0.0000,-1.203,380.324,102.871,DeadBip,-,-,000001EB3A166B00,16,0,0,-,
115,892.362,10.7705,separate,ragdoll,Proventus Avenicci,0001A67D,NPC L Hand [LHnd],16,0.000,0.000,0.000,261.442,37.329,4.0000,8.334,0.000,0.000,0.000,0.0000,0.0000,0.0000,-14.570,196.725,171.578,DeadBip,-,-,000001EB3A29D000,3,0,0,-,
116,892.364,10.7705,separate,ragdoll,Proventus Avenicci,0001A67D,NPC R Thigh [RThg],2,0.000,0.000,0.000,356.011,2.084,6.0000,20.487,0.000,0.000,0.000,0.0000,0.0000,0.0000,-8.148,349.689,66.295,DeadBip,-,-,000001EB3A29C700,5,0,0,-,
117,892.364,10.7705,separate,ragdoll,Proventus Avenicci,0001A67D,NPC L Calf [LClf],5,0.000,0.000,0.000,219.730,10.908,6.0000,19.675,0.000,0.000,0.000,0.0000,0.0000,0.0000,3.018,212.035,57.564,DeadBip,-,-,000001EB3A29C100,2,0,0,-,
118,892.690,10.7705,separate,ragdoll,Proventus Avenicci,0001A67D,NPC L Thigh [LThg],1,0.000,0.000,0.000,354.762,3.156,6.0000,20.487,0.000,0.000,0.000,0.0000,0.0000,0.0000,17.603,331.300,125.645,DeadBip,-,-,000001EB3A166B00,16,0,0,-,
119,892.690,10.7705,separate,ragdoll,Proventus Avenicci,0001A67D,NPC L Hand [LHnd],16,0.000,0.000,0.000,239.934,7.334,4.0000,8.334,0.000,0.000,0.000,0.0000,0.0000,0.0000,-42.000,209.017,110.072,DeadBip,-,-,000001EB3A29CA00,1,0,0,-,
120,892.690,10.7705,separate,ragdoll,Proventus Avenicci,0001A67D,NPC COM [COM ],0,0.000,0.000,0.000,376.656,4.069,50.0000,17.687,0.000,0.000,0.000,0.0000,0.0000,0.0000,6.224,370.892,65.349,DeadBip,-,-,000001EB3A166B00,16,0,0,-,
121,892.690,10.7705,separate,ragdoll,Proventus Avenicci,0001A67D,NPC L Hand [LHnd],16,0.000,0.000,0.000,239.934,7.334,4.0000,8.334,0.000,0.000,0.000,0.0000,0.0000,0.0000,-42.000,209.017,110.072,DeadBip,-,-,000001EB3A29C400,0,0,0,-,
122,892.692,10.7705,touch,ragdoll,Proventus Avenicci,0001A67D,NPC L Thigh [LThg],1,0.000,0.000,0.000,354.762,3.156,6.0000,20.487,0.000,0.000,0.000,0.0000,0.0000,0.0000,17.603,331.300,125.645,DeadBip,-,-,000001EB3A29D600,4,0,0,-,
123,892.692,10.7705,touch,ragdoll,Proventus Avenicci,0001A67D,NPC R Calf [RClf],4,0.000,0.000,0.000,288.591,6.666,6.0000,19.675,0.000,0.000,0.000,0.0000,0.0000,0.0000,-6.112,235.838,166.216,DeadBip,-,-,000001EB3A29CA00,1,0,0,-,
124,892.695,10.7705,touch,ragdoll,Proventus Avenicci,0001A67D,NPC R Thigh [RThg],2,0.000,0.000,0.000,342.913,3.367,6.0000,20.487,0.000,0.000,0.000,0.0000,0.0000,0.0000,-34.436,323.321,108.936,DeadBip,-,-,000001EB3A29C700,5,0,0,-,
125,892.695,10.7705,touch,ragdoll,Proventus Avenicci,0001A67D,NPC L Calf [LClf],5,0.000,0.000,0.000,316.253,5.563,6.0000,19.675,0.000,0.000,0.000,0.0000,0.0000,0.0000,-3.292,248.282,195.860,DeadBip,-,-,000001EB3A29C100,2,0,0,-,
126,892.696,10.7705,separate,ragdoll,Proventus Avenicci,0001A67D,NPC COM [COM ],0,0.000,0.000,0.000,376.656,4.069,50.0000,17.687,0.000,0.000,0.000,0.0000,0.0000,0.0000,6.224,370.892,65.349,DeadBip,-,-,000001EB3A166E00,14,0,0,-,
127,892.696,10.7705,separate,ragdoll,Proventus Avenicci,0001A67D,NPC L Forearm [LLar],14,0.000,0.000,0.000,226.503,2.341,2.0000,11.658,0.000,0.000,0.000,0.0000,0.0000,0.0000,-12.061,188.747,124.631,DeadBip,-,-,000001EB3A29C400,0,0,0,-,
128,911.962,10.7707,impact,ragdoll,Proventus Avenicci,0001A67D,NPC L Thigh [LThg],1,92.091,92.091,64.922,354.394,3.154,6.0000,20.487,-304.503,-109.414,-275.627,-0.9222,-0.2222,0.3164,17.584,330.956,125.515,DeadBip,Skin,shape,000001EB3A29D600,4,1,1,-,
129,911.963,10.7707,impact,ragdoll,Proventus Avenicci,0001A67D,NPC R Calf [RClf],4,92.091,-92.091,64.922,288.291,6.662,6.0000,19.675,-304.503,-109.414,-275.627,-0.9222,-0.2222,0.3164,-6.106,235.593,166.044,DeadBip,Skin,shape,000001EB3A29CA00,1,1,1,-,
130,911.965,10.7707,impact,ragdoll,Proventus Avenicci,0001A67D,NPC R Thigh [RThg],2,102.490,102.490,25.896,342.557,3.365,6.0000,20.487,-312.661,-111.762,-275.331,0.9233,0.2880,0.2543,-34.401,322.985,108.823,DeadBip,Skin,shape,000001EB3A29C700,5,1,1,-,
131,911.965,10.7707,impact,ragdoll,Proventus Avenicci,0001A67D,NPC L Calf [LClf],5,102.490,-102.490,25.896,315.925,5.561,6.0000,19.675,-312.661,-111.762,-275.331,0.9233,0.2880,0.2543,-3.289,248.024,195.656,DeadBip,Skin,shape,000001EB3A29C100,2,1,1,-,
132,912.200,10.7707,separate,ragdoll,Proventus Avenicci,0001A67D,NPC Spine [Spn0],3,0.000,0.000,0.000,391.607,1.539,4.0000,17.297,0.000,0.000,0.000,0.0000,0.0000,0.0000,-0.770,384.328,75.150,DeadBip,-,-,000001EB3A166E00,14,0,0,-,
133,912.201,10.7707,separate,ragdoll,Proventus Avenicci,0001A67D,NPC L Forearm [LLar],14,0.000,0.000,0.000,244.290,6.685,2.0000,11.658,0.000,0.000,0.000,0.0000,0.0000,0.0000,11.733,203.063,135.298,DeadBip,-,-,000001EB3A29D000,3,0,0,-,
134,912.202,10.7707,separate,ragdoll,Proventus Avenicci,0001A67D,NPC L Foot [Lft ],7,0.000,0.000,0.000,203.522,7.744,3.0000,10.011,0.000,0.000,0.000,0.0000,0.0000,0.0000,-12.442,108.644,171.647,Static,-,-,000001EA56BED300,-,0,0,-,
135,912.203,10.7707,separate,ragdoll,Proventus Avenicci,0001A67D,NPC Spine [Spn0],3,0.000,0.000,0.000,391.607,1.539,4.0000,17.297,0.000,0.000,0.000,0.0000,0.0000,0.0000,-0.770,384.328,75.150,DeadBip,-,-,000001EB3A167400,17,0,0,-,
136,912.204,10.7707,separate,ragdoll,Proventus Avenicci,0001A67D,NPC R Hand [RHnd],17,0.000,0.000,0.000,290.738,18.015,4.0000,8.334,0.000,0.000,0.000,0.0000,0.0000,0.0000,79.389,256.430,111.668,DeadBip,-,-,000001EB3A29D000,3,0,0,-,
137,921.939,10.7707,listener,ragdoll,Proventus Avenicci,0001A67D,-,-,0.000,0.000,0.000,0.000,0.000,0.0000,0.000,-311.888,-308.942,-318.000,0.0424,0.9991,0.0000,0.000,0.000,0.000,-,-,-,0000000000000000,-,0,0,-,tick
138,932.407,10.7707,separate,ragdoll,Proventus Avenicci,0001A67D,NPC Spine1 [Spn1],6,0.000,0.000,0.000,375.383,0.768,4.0000,18.878,0.000,0.000,0.000,0.0000,0.0000,0.0000,11.040,370.412,59.879,DeadBip,-,-,000001EB3A166E00,14,0,0,-,
139,932.408,10.7707,separate,ragdoll,Proventus Avenicci,0001A67D,NPC L Forearm [LLar],14,0.000,0.000,0.000,293.371,13.299,2.0000,11.658,0.000,0.000,0.000,0.0000,0.0000,0.0000,-13.443,267.560,119.571,DeadBip,-,-,000001EB3A29DF00,6,0,0,-,
140,932.409,10.7707,separate,ragdoll,Proventus Avenicci,0001A67D,NPC R Foot [Rft ],8,0.000,0.000,0.000,203.240,6.872,3.0000,10.011,0.000,0.000,0.000,0.0000,0.0000,0.0000,2.347,119.543,164.348,Static,-,-,000001EA56BED300,-,0,0,-,
141,932.410,10.7707,separate,ragdoll,Proventus Avenicci,0001A67D,NPC L Thigh [LThg],1,0.000,0.000,0.000,343.223,2.293,6.0000,20.487,0.000,0.000,0.000,0.0000,0.0000,0.0000,-5.455,334.043,78.664,DeadBip,-,-,000001EB3A29D600,4,0,0,-,
142,932.411,10.7707,separate,ragdoll,Proventus Avenicci,0001A67D,NPC R Calf [RClf],4,0.000,0.000,0.000,251.977,6.025,6.0000,19.675,0.000,0.000,0.000,0.0000,0.0000,0.0000,14.738,222.124,118.051,DeadBip,-,-,000001EB3A29CA00,1,0,0,-,
143,932.414,10.7707,separate,ragdoll,Proventus Avenicci,0001A67D,NPC L Foot [Lft ],7,0.000,0.000,0.000,222.189,10.699,3.0000,10.011,0.000,0.000,0.000,0.0000,0.0000,0.0000,-7.807,120.618,186.435,Static,-,-,000001EAE4AAA500,-,0,0,-,
144,932.414,10.7707,separate,ragdoll,Proventus Avenicci,0001A67D,NPC COM [COM ],0,0.000,0.000,0.000,367.104,0.783,50.0000,17.687,0.000,0.000,0.000,0.0000,0.0000,0.0000,2.641,362.033,60.750,DeadBip,-,-,000001EB3A167400,17,0,0,-,
145,932.414,10.7707,separate,ragdoll,Proventus Avenicci,0001A67D,NPC R Hand [RHnd],17,0.000,0.000,0.000,302.883,9.203,4.0000,8.334,0.000,0.000,0.000,0.0000,0.0000,0.0000,77.835,266.722,120.578,DeadBip,-,-,000001EB3A29C400,0,0,0,-,
146,932.790,10.7707,separate,ragdoll,Proventus Avenicci,0001A67D,NPC R Thigh [RThg],2,0.000,0.000,0.000,330.562,2.235,6.0000,20.487,0.000,0.000,0.000,0.0000,0.0000,0.0000,9.503,325.271,58.135,DeadBip,-,-,000001EB3A167400,17,0,0,-,
147,932.791,10.7707,separate,ragdoll,Proventus Avenicci,0001A67D,NPC R Hand [RHnd],17,0.000,0.000,0.000,310.491,11.454,4.0000,8.334,0.000,0.000,0.000,0.0000,0.0000,0.0000,81.025,278.551,110.674,DeadBip,-,-,000001EB3A29C100,2,0,0,-,
148,932.791,10.7707,separate,ragdoll,Proventus Avenicci,0001A67D,NPC R Foot [Rft ],8,0.000,0.000,0.000,200.398,6.719,3.0000,10.011,0.000,0.000,0.000,0.0000,0.0000,0.0000,-0.152,119.914,160.561,Static,-,-,000001EAE4AAA500,-,0,0,-,
149,941.626,10.7707,listener,ragdoll,Proventus Avenicci,0001A67D,-,-,0.000,0.000,0.000,0.000,0.000,0.0000,0.000,-311.888,-308.942,-318.000,0.0424,0.9991,0.0000,0.000,0.000,0.000,-,-,-,0000000000000000,-,0,0,-,tick
150,951.561,10.7707,separate,ragdoll,Proventus Avenicci,0001A67D,NPC R Thigh [RThg],2,0.000,0.000,0.000,330.403,2.173,6.0000,20.487,0.000,0.000,0.000,0.0000,0.0000,0.0000,12.027,327.564,41.513,DeadBip,-,-,000001EB3A29C700,5,0,0,-,
151,951.561,10.7707,separate,ragdoll,Proventus Avenicci,0001A67D,NPC L Calf [LClf],5,0.000,0.000,0.000,264.985,6.378,6.0000,19.675,0.000,0.000,0.000,0.0000,0.0000,0.0000,-18.838,240.032,110.665,DeadBip,-,-,000001EB3A29C100,2,0,0,-,
152,951.562,10.7707,separate,ragdoll,Proventus Avenicci,0001A67D,NPC R Thigh [RThg],2,0.000,0.000,0.000,330.403,2.173,6.0000,20.487,0.000,0.000,0.000,0.0000,0.0000,0.0000,12.027,327.564,41.513,DeadBip,-,-,000001EB3A167700,15,0,0,-,
153,951.562,10.7707,separate,ragdoll,Proventus Avenicci,0001A67D,NPC R Forearm [RLar],15,0.000,0.000,0.000,313.248,6.265,6.0000,11.658,0.000,0.000,0.000,0.0000,0.0000,0.0000,26.115,305.958,61.905,DeadBip,-,-,000001EB3A29C100,2,0,0,-,
154,951.924,10.7707,separate,ragdoll,Proventus Avenicci,0001A67D,NPC COM [COM ],0,0.000,0.000,0.000,358.815,0.737,50.0000,17.687,0.000,0.000,0.000,0.0000,0.0000,0.0000,4.194,357.405,31.499,DeadBip,-,-,000001EB3A167700,15,0,0,-,
155,951.924,10.7707,separate,ragdoll,Proventus Avenicci,0001A67D,NPC R Forearm [RLar],15,0.000,0.000,0.000,311.822,5.548,6.0000,11.658,0.000,0.000,0.000,0.0000,0.0000,0.0000,32.022,304.084,61.158,DeadBip,-,-,000001EB3A29C400,0,0,0,-,
156,980.667,10.7708,listener,ragdoll,Proventus Avenicci,0001A67D,-,-,0.000,0.000,0.000,0.000,0.000,0.0000,0.000,-311.888,-308.942,-318.000,0.0424,0.9991,0.0000,0.000,0.000,0.000,-,-,-,0000000000000000,-,0,0,-,tick
157,989.775,10.7708,separate,ragdoll,Proventus Avenicci,0001A67D,NPC Spine [Spn0],3,0.000,0.000,0.000,345.555,0.369,4.0000,17.297,0.000,0.000,0.000,0.0000,0.0000,0.0000,6.271,345.457,5.365,DeadBip,-,-,000001EB3A167700,15,0,0,-,
158,989.776,10.7708,separate,ragdoll,Proventus Avenicci,0001A67D,NPC R Forearm [RLar],15,0.000,0.000,0.000,316.970,7.204,6.0000,11.658,0.000,0.000,0.000,0.0000,0.0000,0.0000,38.766,313.647,24.353,DeadBip,-,-,000001EB3A29D000,3,0,0,-,
159,1008.244,10.7709,separate,ragdoll,Proventus Avenicci,0001A67D,NPC Spine2 [Spn2],9,0.000,0.000,0.000,354.352,1.913,7.0000,23.052,0.000,0.000,0.000,0.0000,0.0000,0.0000,2.125,354.057,-14.304,DeadBip,-,-,000001EB3A166E00,14,0,0,-,
160,1008.245,10.7709,separate,ragdoll,Proventus Avenicci,0001A67D,NPC L Forearm [LLar],14,0.000,0.000,0.000,319.048,4.569,2.0000,11.658,0.000,0.000,0.000,0.0000,0.0000,0.0000,-41.309,311.654,54.379,DeadBip,-,-,000001EB3A29DC00,9,0,0,-,
161,1019.437,10.7709,listener,ragdoll,Proventus Avenicci,0001A67D,-,-,0.000,0.000,0.000,0.000,0.000,0.0000,0.000,-311.888,-308.942,-318.000,0.0424,0.9991,0.0000,0.000,0.000,0.000,-,-,-,0000000000000000,-,0,0,-,tick
162,1053.981,10.7711,listener,ragdoll,Proventus Avenicci,0001A67D,-,-,0.000,0.000,0.000,0.000,0.000,0.0000,0.000,-311.888,-308.942,-318.000,0.0424,0.9991,0.0000,0.000,0.000,0.000,-,-,-,0000000000000000,-,0,0,-,tick
163,1072.533,10.7711,listener,ragdoll,Proventus Avenicci,0001A67D,-,-,0.000,0.000,0.000,0.000,0.000,0.0000,0.000,-311.888,-308.942,-318.000,0.0424,0.9991,0.0000,0.000,0.000,0.000,-,-,-,0000000000000000,-,0,0,-,tick
164,1111.110,10.7712,listener,ragdoll,Proventus Avenicci,0001A67D,-,-,0.000,0.000,0.000,0.000,0.000,0.0000,0.000,-311.888,-308.942,-318.000,0.0424,0.9991,0.0000,0.000,0.000,0.000,-,-,-,0000000000000000,-,0,0,-,tick
165,1150.697,10.7713,listener,ragdoll,Proventus Avenicci,0001A67D,-,-,0.000,0.000,0.000,0.000,0.000,0.0000,0.000,-311.888,-308.942,-318.000,0.0424,0.9991,0.0000,0.000,0.000,0.000,-,-,-,0000000000000000,-,0,0,-,tick
166,1173.970,10.7714,listener,ragdoll,Proventus Avenicci,0001A67D,-,-,0.000,0.000,0.000,0.000,0.000,0.0000,0.000,-311.888,-308.942,-318.000,0.0424,0.9991,0.0000,0.000,0.000,0.000,-,-,-,0000000000000000,-,0,0,-,tick
167,1212.586,10.7715,listener,ragdoll,Proventus Avenicci,0001A67D,-,-,0.000,0.000,0.000,0.000,0.000,0.0000,0.000,-311.888,-308.942,-318.000,0.0424,0.9991,0.0000,0.000,0.000,0.000,-,-,-,0000000000000000,-,0,0,-,tick
168,1233.159,10.7715,listener,ragdoll,Proventus Avenicci,0001A67D,-,-,0.000,0.000,0.000,0.000,0.000,0.0000,0.000,-311.888,-308.942,-318.000,0.0424,0.9991,0.0000,0.000,0.000,0.000,-,-,-,0000000000000000,-,0,0,-,tick
169,1275.427,10.7716,listener,ragdoll,Proventus Avenicci,0001A67D,-,-,0.000,0.000,0.000,0.000,0.000,0.0000,0.000,-311.888,-308.942,-318.000,0.0424,0.9991,0.0000,0.000,0.000,0.000,-,-,-,0000000000000000,-,0,0,-,tick
170,1296.639,10.7717,listener,ragdoll,Proventus Avenicci,0001A67D,-,-,0.000,0.000,0.000,0.000,0.000,0.0000,0.000,-311.888,-308.942,-318.000,0.0424,0.9991,0.0000,0.000,0.000,0.000,-,-,-,0000000000000000,-,0,0,-,tick
171,1337.549,10.7718,listener,ragdoll,Proventus Avenicci,0001A67D,-,-,0.000,0.000,0.000,0.000,0.000,0.0000,0.000,-311.888,-308.942,-318.000,0.0424,0.9991,0.0000,0.000,0.000,0.000,-,-,-,0000000000000000,-,0,0,-,tick
172,1349.315,10.7718,touch,ragdoll,Proventus Avenicci,0001A67D,NPC L Calf [LClf],5,0.000,0.000,0.000,324.783,3.223,6.0000,19.675,0.000,0.000,0.000,0.0000,0.0000,0.0000,8.356,296.336,-132.663,DeadBip,-,-,000001EB3A29D300,8,0,0,-,
173,1349.316,10.7718,touch,ragdoll,Proventus Avenicci,0001A67D,NPC R Foot [Rft ],8,0.000,0.000,0.000,333.269,3.399,3.0000,10.011,0.000,0.000,0.000,0.0000,0.0000,0.0000,-9.484,321.244,-88.210,DeadBip,-,-,000001EB3A29C700,5,0,0,-,
174,1368.876,10.7719,impact,ragdoll,Proventus Avenicci,0001A67D,NPC L Calf [LClf],5,12.494,12.494,2.939,324.449,3.221,6.0000,19.675,-304.545,-7.711,-272.699,-0.8801,0.4088,0.2415,8.347,296.031,-132.526,DeadBip,Skin,shape,000001EB3A29D300,8,1,1,-,
175,1368.877,10.7719,impact,ragdoll,Proventus Avenicci,0001A67D,NPC R Foot [Rft ],8,12.494,-12.494,2.939,332.926,3.398,3.0000,10.011,-304.545,-7.711,-272.699,-0.8801,0.4088,0.2415,-9.474,320.913,-88.119,DeadBip,Skin,shape,000001EB3A29C700,5,1,1,-,
176,1369.096,10.7719,touch,ragdoll,Proventus Avenicci,0001A67D,NPC R Calf [RClf],4,0.000,0.000,0.000,312.181,3.060,6.0000,19.675,0.000,0.000,0.000,0.0000,0.0000,0.0000,2.998,280.411,-137.178,DeadBip,-,-,000001EB3A29C700,5,0,0,-,
177,1369.096,10.7719,touch,ragdoll,Proventus Avenicci,0001A67D,NPC L Calf [LClf],5,0.000,0.000,0.000,327.885,3.145,6.0000,19.675,0.000,0.000,0.000,0.0000,0.0000,0.0000,7.802,296.829,-139.069,DeadBip,-,-,000001EB3A29D600,4,0,0,-,
178,1369.316,10.7719,impact,ragdoll,Proventus Avenicci,0001A67D,NPC R Calf [RClf],4,8.174,8.174,0.941,311.860,3.059,6.0000,19.675,-310.698,0.293,-274.287,0.9184,-0.2437,-0.3118,2.995,280.122,-137.037,DeadBip,Skin,shape,000001EB3A29C700,5,1,1,-,
179,1369.316,10.7719,impact,ragdoll,Proventus Avenicci,0001A67D,NPC L Calf [LClf],5,8.174,-8.174,0.941,327.547,3.143,6.0000,19.675,-310.698,0.293,-274.287,0.9184,-0.2437,-0.3118,7.793,296.523,-138.926,DeadBip,Skin,shape,000001EB3A29D600,4,1,1,-,
180,1378.449,10.7719,listener,ragdoll,Proventus Avenicci,0001A67D,-,-,0.000,0.000,0.000,0.000,0.000,0.0000,0.000,-311.888,-308.942,-318.000,0.0424,0.9991,0.0000,0.000,0.000,0.000,-,-,-,0000000000000000,-,0,0,-,tick
181,1398.379,10.7720,listener,ragdoll,Proventus Avenicci,0001A67D,-,-,0.000,0.000,0.000,0.000,0.000,0.0000,0.000,-311.888,-308.942,-318.000,0.0424,0.9991,0.0000,0.000,0.000,0.000,-,-,-,0000000000000000,-,0,0,-,tick
182,1427.564,10.7721,touch,ragdoll,Proventus Avenicci,0001A67D,NPC R Thigh [RThg],2,0.000,0.000,0.000,353.383,2.455,6.0000,20.487,0.000,0.000,0.000,0.0000,0.0000,0.0000,2.741,269.152,-228.974,Static,-,-,000001EAE4998400,-,0,0,-,
183,1427.735,10.7721,impact,ragdoll,Proventus Avenicci,0001A67D,NPC R Thigh [RThg],2,202.850,202.850,234.343,353.025,2.453,6.0000,20.487,-298.054,33.787,-318.000,0.0000,0.0000,1.0000,2.738,268.880,-228.742,Static,Carpet,shape,000001EAE4998400,-,1,1,-,
184,1427.896,10.7721,touch,ragdoll,Proventus Avenicci,0001A67D,NPC R Calf [RClf],4,0.000,0.000,0.000,244.411,0.508,6.0000,19.675,0.000,0.000,0.000,0.0000,0.0000,0.0000,8.447,243.089,23.940,Static,-,-,000001EAE4998400,-,0,0,-,
185,1437.253,10.7721,listener,ragdoll,Proventus Avenicci,0001A67D,-,-,0.000,0.000,0.000,0.000,0.000,0.0000,0.000,-311.888,-308.942,-318.000,0.0424,0.9991,0.0000,0.000,0.000,0.000,-,-,-,0000000000000000,-,0,0,-,tick
186,1446.586,10.7721,touch,ragdoll,Proventus Avenicci,0001A67D,NPC R Calf [RClf],4,0.000,0.000,0.000,219.131,2.805,6.0000,19.675,0.000,0.000,0.000,0.0000,0.0000,0.0000,-9.598,206.619,72.353,DeadBip,-,-,000001EB3A29CD00,7,0,0,-,
187,1446.587,10.7721,touch,ragdoll,Proventus Avenicci,0001A67D,NPC L Foot [Lft ],7,0.000,0.000,0.000,391.674,2.659,3.0000,10.011,0.000,0.000,0.000,0.0000,0.0000,0.0000,13.793,349.807,-175.652,DeadBip,-,-,000001EB3A29D600,4,0,0,-,
188,1446.591,10.7721,touch,ragdoll,Proventus Avenicci,0001A67D,NPC L Thigh [LThg],1,0.000,0.000,0.000,372.385,2.502,6.0000,20.487,0.000,0.000,0.000,0.0000,0.0000,0.0000,6.572,282.747,-242.244,Static,-,-,000001EAE4998400,-,0,0,-,
189,1446.749,10.7721,impact,ragdoll,Proventus Avenicci,0001A67D,NPC L Thigh [LThg],1,216.337,216.337,252.718,372.008,2.500,6.0000,20.487,-318.407,38.910,-318.000,0.0000,0.0000,1.0000,6.565,282.460,-241.999,Static,Carpet,shape,000001EAE4998400,-,1,1,-,
190,1446.751,10.7721,impact,ragdoll,Proventus Avenicci,0001A67D,NPC R Calf [RClf],4,102.425,102.425,257.212,218.909,2.803,6.0000,19.675,-309.969,24.975,-281.362,0.8717,-0.2722,-0.4075,-9.589,206.410,72.280,DeadBip,Skin,shape,000001EB3A29CD00,7,1,1,-,
191,1446.751,10.7721,impact,ragdoll,Proventus Avenicci,0001A67D,NPC L Foot [Lft ],7,102.425,-102.425,257.212,391.277,2.657,3.0000,10.011,-309.969,24.975,-281.362,0.8717,-0.2722,-0.4075,13.779,349.453,-175.474,DeadBip,Skin,shape,000001EB3A29D600,4,1,1,-,
192,1446.918,10.7721,separate,ragdoll,Proventus Avenicci,0001A67D,NPC L Calf [LClf],5,0.000,0.000,0.000,310.053,4.311,6.0000,19.675,0.000,0.000,0.000,0.0000,0.0000,0.0000,-3.469,308.453,31.276,DeadBip,-,-,000001EB3A29D300,8,0,0,-,
193,1446.918,10.7721,separate,ragdoll,Proventus Avenicci,0001A67D,NPC R Foot [Rft ],8,0.000,0.000,0.000,186.347,6.193,3.0000,10.011,0.000,0.000,0.000,0.0000,0.0000,0.0000,41.335,181.018,-15.782,DeadBip,-,-,000001EB3A29C700,5,0,0,-,
194,1446.919,10.7721,touch,ragdoll,Proventus Avenicci,0001A67D,NPC L Calf [LClf],5,0.000,0.000,0.000,310.053,4.311,6.0000,19.675,0.000,0.000,0.000,0.0000,0.0000,0.0000,-3.469,308.453,31.276,Static,-,-,000001EAE4998400,-,0,0,-,
195,1446.920,10.7721,touch,ragdoll,Proventus Avenicci,0001A67D,NPC COM [COM ],0,0.000,0.000,0.000,395.276,3.679,50.0000,17.687,0.000,0.000,0.000,0.0000,0.0000,0.0000,5.220,277.322,-281.618,Static,-,-,000001EAE4998400,-,0,0,-,
196,1446.921,10.7721,touch,ragdoll,Proventus Avenicci,0001A67D,NPC R Thigh [RThg],2,0.000,0.000,0.000,277.661,11.256,6.0000,20.487,0.000,0.000,0.000,0.0000,0.0000,0.0000,-6.622,254.879,-109.949,Static,-,-,000001EA56BED300,-,0,0,-,
197,1455.724,10.7722,listener,ragdoll,Proventus Avenicci,0001A67D,-,-,0.000,0.000,0.000,0.000,0.000,0.0000,0.000,-311.888,-308.942,-318.000,0.0424,0.9991,0.0000,0.000,0.000,0.000,-,-,-,0000000000000000,-,0,0,-,tick
198,1464.280,10.7722,impact,ragdoll,Proventus Avenicci,0001A67D,NPC COM [COM ],0,284.085,284.085,238.248,394.882,3.677,50.0000,17.687,-304.126,66.292,-318.000,-0.0000,0.0000,1.0000,5.214,277.045,-281.337,Static,Carpet,shape,000001EAE4998400,-,1,1,-,
199,1464.519,10.7722,separate,ragdoll,Proventus Avenicci,0001A67D,NPC R Calf [RClf],4,0.000,0.000,0.000,203.971,2.693,6.0000,19.675,0.000,0.000,0.000,0.0000,0.0000,0.0000,-5.757,202.941,-19.650,DeadBip,-,-,000001EB3A29CD00,7,0,0,-,
200,1464.520,10.7722,separate,ragdoll,Proventus Avenicci,0001A67D,NPC L Foot [Lft ],7,0.000,0.000,0.000,294.245,20.237,3.0000,10.011,0.000,0.000,0.000,0.0000,0.0000,0.0000,-15.941,292.558,-27.129,DeadBip,-,-,000001EB3A29D600,4,0,0,-,
201,1464.521,10.7722,separate,ragdoll,Proventus Avenicci,0001A67D,NPC Spine2 [Spn2],9,0.000,0.000,0.000,464.700,5.849,7.0000,23.052,0.000,0.000,0.000,0.0000,0.0000,0.0000,-13.106,371.465,-278.905,DeadBip,-,-,000001EB3A167700,15,0,0,-,
202,1464.521,10.7722,separate,ragdoll,Proventus Avenicci,0001A67D,NPC R Forearm [RLar],15,0.000,0.000,0.000,440.741,1.937,6.0000,11.658,0.000,0.000,0.000,0.0000,0.0000,0.0000,-0.848,324.750,-297.975,DeadBip,-,-,000001EB3A29DC00,9,0,0,-,
203,1464.525,10.7722,separate,ragdoll,Proventus Avenicci,0001A67D,NPC R Thigh [RThg],2,0.000,0.000,0.000,205.777,4.929,6.0000,20.487,0.000,0.000,0.000,0.0000,0.0000,0.0000,-24.336,179.862,96.963,Static,-,-,000001EA56BED300,-,0,0,-,
204,1464.883,10.7722,separate,ragdoll,Proventus Avenicci,0001A67D,NPC R Calf [RClf],4,0.000,0.000,0.000,160.996,5.268,6.0000,19.675,0.000,0.000,0.000,0.0000,0.0000,0.0000,1.305,160.811,7.612,DeadBip,-,-,000001EB3A29C700,5,0,0,-,
205,1464.884,10.7722,separate,ragdoll,Proventus Avenicci,0001A67D,NPC L Calf [LClf],5,0.000,0.000,0.000,257.531,6.423,6.0000,19.675,0.000,0.000,0.000,0.0000,0.0000,0.0000,4.919,254.253,40.666,DeadBip,-,-,000001EB3A29D600,4,0,0,-,
206,1464.886,10.7722,touch,ragdoll,Proventus Avenicci,0001A67D,NPC Spine [Spn0],3,0.000,0.000,0.000,231.765,16.685,4.0000,17.297,0.000,0.000,0.000,0.0000,0.0000,0.0000,-63.685,190.233,-116.063,Static,-,-,000001EAE4998400,-,0,0,-,
207,1464.889,10.7722,touch,ragdoll,Proventus Avenicci,0001A67D,NPC COM [COM ],0,0.000,0.000,0.000,176.200,14.792,50.0000,17.687,0.000,0.000,0.000,0.0000,0.0000,0.0000,-52.717,167.776,-10.896,Static,-,-,000001EA56BED300,-,0,0,-,
208,1482.580,10.7722,impact,ragdoll,Proventus Avenicci,0001A67D,NPC Spine [Spn0],3,124.309,124.309,124.786,231.536,16.677,4.0000,17.297,-304.746,78.096,-318.000,-0.0000,0.0000,1.0000,-63.622,190.045,-115.948,Static,Carpet,shape,000001EAE4998400,-,1,1,-,
209,1491.573,10.7723,listener,ragdoll,Proventus Avenicci,0001A67D,-,-,0.000,0.000,0.000,0.000,0.000,0.0000,0.000,-311.888,-308.942,-318.000,0.0424,0.9991,0.0000,0.000,0.000,0.000,-,-,-,0000000000000000,-,0,0,-,tick
210,1500.973,10.7723,separate,ragdoll,Proventus Avenicci,0001A67D,NPC COM [COM ],0,0.000,0.000,0.000,178.680,9.469,50.0000,17.687,0.000,0.000,0.000,0.0000,0.0000,0.0000,-55.296,169.882,-2.989,Static,-,-,000001EAE4998400,-,0,0,-,
211,1500.976,10.7723,touch,ragdoll,Proventus Avenicci,0001A67D,NPC COM [COM ],0,0.000,0.000,0.000,178.680,9.469,50.0000,17.687,0.000,0.000,0.000,0.0000,0.0000,0.0000,-55.296,169.882,-2.989,Static,-,-,000001EAE4998400,-,0,0,-,
212,1500.978,10.7723,touch,ragdoll,Proventus Avenicci,0001A67D,NPC R Hand [RHnd],17,0.000,0.000,0.000,441.102,21.142,4.0000,8.334,0.000,0.000,0.000,0.0000,0.0000,0.0000,-77.707,328.357,-284.102,Static,-,-,000001EAE4998400,-,0,0,-,
213,1501.182,10.7723,impact,ragdoll,Proventus Avenicci,0001A67D,NPC COM [COM ],0,10.819,10.819,88.040,178.508,9.464,50.0000,17.687,-312.541,75.411,-318.000,-0.0000,-0.0000,1.0000,-55.243,169.718,-2.986,Static,Carpet,shape,000001EAE4998400,-,1,1,-,
214,1501.190,10.7723,impact,ragdoll,Proventus Avenicci,0001A67D,NPC R Hand [RHnd],17,283.761,283.761,317.859,440.677,21.132,4.0000,8.334,-275.245,83.562,-318.000,-0.0000,0.0000,1.0000,-77.632,328.041,-283.828,Static,Carpet,shape,000001EAE4998400,-,1,1,-,
215,1501.372,10.7723,touch,ragdoll,Proventus Avenicci,0001A67D,NPC Spine1 [Spn1],6,0.000,0.000,0.000,334.507,16.083,4.0000,18.878,0.000,0.000,0.000,0.0000,0.0000,0.0000,-26.775,238.337,-233.182,Static,-,-,000001EAE4998400,-,0,0,-,
216,1501.373,10.7723,touch,ragdoll,Proventus Avenicci,0001A67D,NPC R Forearm [RLar],15,0.000,0.000,0.000,358.673,30.754,6.0000,11.658,0.000,0.000,0.000,0.0000,0.0000,0.0000,0.003,323.074,-155.786,Static,-,-,000001EAE4998400,-,0,0,-,
217,1501.374,10.7723,touch,ragdoll,Proventus Avenicci,0001A67D,NPC R Hand [RHnd],17,0.000,0.000,0.000,230.609,43.661,4.0000,8.334,0.000,0.000,0.000,0.0000,0.0000,0.0000,-2.441,230.480,7.302,Static,-,-,000001EA56BED300,-,0,0,-,
218,1518.618,10.7723,impact,ragdoll,Proventus Avenicci,0001A67D,NPC COM [COM ],0,7.044,7.044,35.220,205.571,16.421,50.0000,17.687,-313.012,77.306,-319.650,0.0000,0.0000,1.0000,-47.759,199.888,4.828,Static,Wood,shape,000001EA56BED300,-,0,1,-,
219,1518.627,10.7723,impact,ragdoll,Proventus Avenicci,0001A67D,NPC Spine1 [Spn1],6,212.226,212.226,18.342,334.182,16.075,4.0000,18.878,-303.575,96.895,-318.000,-0.0000,0.0000,1.0000,-26.749,238.105,-232.956,Static,Carpet,shape,000001EAE4998400,-,1,1,-,
220,1518.630,10.7723,impact,ragdoll,Proventus Avenicci,0001A67D,NPC R Forearm [RLar],15,67.580,67.580,234.577,358.324,30.739,6.0000,11.658,-280.018,89.618,-318.000,0.0000,-0.0000,1.0000,0.003,322.760,-155.634,Static,Carpet,shape,000001EAE4998400,-,1,1,-,
221,1518.854,10.7723,touch,ragdoll,Proventus Avenicci,0001A67D,NPC R Forearm [RLar],15,0.000,0.000,0.000,187.526,16.186,6.0000,11.658,0.000,0.000,0.000,0.0000,0.0000,0.0000,71.334,168.982,-39.018,Static,-,-,000001EA56BED300,-,0,0,-,
222,1519.012,10.7723,impact,ragdoll,Proventus Avenicci,0001A67D,NPC L Thigh [LThg],1,17.719,17.719,211.085,205.232,2.071,6.0000,20.487,-316.813,76.545,-318.000,-0.0000,0.0000,1.0000,-14.431,203.172,-25.159,Static,Carpet,shape,000001EAE4998400,-,0,1,-,
223,1519.179,10.7723,separate,ragdoll,Proventus Avenicci,0001A67D,NPC Spine1 [Spn1],6,0.000,0.000,0.000,260.113,13.851,4.0000,18.878,0.000,0.000,0.000,0.0000,0.0000,0.0000,-58.423,189.737,-168.063,DeadBip,-,-,000001EB3A167700,15,0,0,-,
224,1519.179,10.7723,separate,ragdoll,Proventus Avenicci,0001A67D,NPC R Forearm [RLar],15,0.000,0.000,0.000,167.290,15.133,6.0000,11.658,0.000,0.000,0.000,0.0000,0.0000,0.0000,91.625,133.617,-41.682,DeadBip,-,-,000001EB3A29DF00,6,0,0,-,
225,1519.183,10.7723,separate,ragdoll,Proventus Avenicci,0001A67D,NPC R Forearm [RLar],15,0.000,0.000,0.000,167.290,15.133,6.0000,11.658,0.000,0.000,0.000,0.0000,0.0000,0.0000,91.625,133.617,-41.682,Static,-,-,000001EA56BED300,-,0,0,-,
226,1519.184,10.7723,touch,ragdoll,Proventus Avenicci,0001A67D,NPC Spine2 [Spn2],9,0.000,0.000,0.000,385.428,5.938,7.0000,23.052,0.000,0.000,0.000,0.0000,0.0000,0.0000,-87.125,240.994,-287.899,Static,-,-,000001EAE4998400,-,0,0,-,
227,1527.862,10.7724,listener,ragdoll,Proventus Avenicci,0001A67D,-,-,0.000,0.000,0.000,0.000,0.000,0.0000,0.000,-311.888,-308.942,-318.000,0.0424,0.9991,0.0000,0.000,0.000,0.000,-,-,-,0000000000000000,-,0,0,-,tick
228,1536.331,10.7724,impact,ragdoll,Proventus Avenicci,0001A67D,NPC Spine [Spn0],3,47.309,47.309,170.690,224.931,5.962,4.0000,17.297,-313.195,91.493,-318.000,0.0000,0.0000,1.0000,-46.528,217.762,-31.764,Static,Carpet,shape,000001EAE4998400,-,0,1,-,
229,1536.336,10.7724,impact,ragdoll,Proventus Avenicci,0001A67D,NPC Spine1 [Spn1],6,187.197,187.197,16.944,259.869,13.844,4.0000,18.878,-310.945,102.352,-318.000,0.0000,0.0000,1.0000,-58.368,189.559,-167.905,Static,Carpet,shape,000001EAE4998400,-,0,1,-,
230,1536.338,10.7724,impact,ragdoll,Proventus Avenicci,0001A67D,NPC Spine2 [Spn2],9,284.353,284.353,162.286,385.066,5.935,7.0000,23.052,-304.768,116.789,-318.000,-0.0000,0.0000,1.0000,-87.044,240.768,-287.629,Static,Carpet,shape,000001EAE4998400,-,1,1,-,
231,1536.569,10.7724,touch,ragdoll,Proventus Avenicci,0001A67D,NPC R UpperArm [RUar],12,0.000,0.000,0.000,156.805,10.080,2.0000,14.463,0.000,0.000,0.000,0.0000,0.0000,0.0000,7.872,127.806,90.507,Static,-,-,000001EAE4998400,-,0,0,-,
232,1536.573,10.7724,separate,ragdoll,Proventus Avenicci,0001A67D,NPC R Forearm [RLar],15,0.000,0.000,0.000,169.173,6.506,6.0000,11.658,0.000,0.000,0.000,0.0000,0.0000,0.0000,39.972,163.338,-18.507,Static,-,-,000001EAE4998400,-,0,0,-,
233,1536.914,10.7724,touch,ragdoll,Proventus Avenicci,0001A67D,NPC R Thigh [RThg],2,0.000,0.000,0.000,289.203,3.295,6.0000,20.487,0.000,0.000,0.000,0.0000,0.0000,0.0000,-40.010,284.346,34.426,DeadBip,-,-,000001EB3A29C700,5,0,0,-,
234,1536.914,10.7724,touch,ragdoll,Proventus Avenicci,0001A67D,NPC L Calf [LClf],5,0.000,0.000,0.000,280.892,2.416,6.0000,19.675,0.000,0.000,0.000,0.0000,0.0000,0.0000,-11.811,274.656,-57.663,DeadBip,-,-,000001EB3A29C100,2,0,0,-,
235,1553.936,10.7725,impact,ragdoll,Proventus Avenicci,0001A67D,NPC R Thigh [RThg],2,50.473,50.473,35.118,288.937,3.293,6.0000,20.487,-313.502,58.363,-306.269,0.9524,0.2360,-0.1931,-39.973,284.084,34.394,DeadBip,Skin,shape,000001EB3A29C700,5,1,1,-,
236,1553.937,10.7725,impact,ragdoll,Proventus Avenicci,0001A67D,NPC L Calf [LClf],5,50.473,-50.473,35.118,280.633,2.415,6.0000,19.675,-313.502,58.363,-306.269,0.9524,0.2360,-0.1931,-11.800,274.402,-57.610,DeadBip,Skin,shape,000001EB3A29C100,2,1,1,-,
237,1554.175,10.7725,separate,ragdoll,Proventus Avenicci,0001A67D,NPC COM [COM ],0,0.000,0.000,0.000,261.911,6.420,50.0000,17.687,0.000,0.000,0.000,0.0000,0.0000,0.0000,-46.384,254.133,43.152,Static,-,-,000001EA56BED300,-,0,0,-,
238,1554.182,10.7725,touch,ragdoll,Proventus Avenicci,0001A67D,NPC Head [Head],13,0.000,0.000,0.000,450.541,16.394,4.0000,15.108,0.000,0.000,0.000,0.0000,0.0000,0.0000,-21.633,85.972,-441.733,Static,-,-,000001EAE490E500,-,0,0,-,
239,1554.183,10.7725,touch,ragdoll,Proventus Avenicci,0001A67D,NPC L Hand [LHnd],16,0.000,0.000,0.000,471.431,17.967,4.0000,8.334,0.000,0.000,0.000,0.0000,0.0000,0.0000,14.843,309.186,-355.571,Static,-,-,000001EAE4998400,-,0,0,-,
240,1554.399,10.7725,impact,ragdoll,Proventus Avenicci,0001A67D,NPC Head [Head],13,443.800,443.800,118.924,450.126,16.356,4.0000,15.108,-306.596,144.799,-318.000,0.0000,0.0000,1.0000,-21.613,85.893,-441.326,Static,Carpet,shape,000001EAE490E500,-,1,1,-,
241,1554.401,10.7725,impact,ragdoll,Proventus Avenicci,0001A67D,NPC L Hand [LHnd],16,354.876,354.876,400.504,470.996,17.959,4.0000,8.334,-340.237,96.653,-318.000,0.0000,0.0000,1.0000,14.829,308.901,-355.244,Static,Carpet,shape,000001EAE4998400,-,1,1,-,
242,1554.689,10.7725,touch,ragdoll,Proventus Avenicci,0001A67D,NPC R Calf [RClf],4,0.000,0.000,0.000,240.686,5.043,6.0000,19.675,0.000,0.000,0.000,0.0000,0.0000,0.0000,-3.454,231.385,-66.175,Static,-,-,000001EA56BED300,-,0,0,-,
243,1554.702,10.7725,touch,ragdoll,Proventus Avenicci,0001A67D,NPC R Forearm [RLar],15,0.000,0.000,0.000,161.298,9.138,6.0000,11.658,0.000,0.000,0.000,0.0000,0.0000,0.0000,36.923,156.967,-3.878,Static,-,-,000001EAE4998400,-,0,0,-,
244,1562.384,10.7725,listener,ragdoll,Proventus Avenicci,0001A67D,-,-,0.000,0.000,0.000,0.000,0.000,0.0000,0.000,-311.888,-308.942,-318.000,0.0424,0.9991,0.0000,0.000,0.000,0.000,-,-,-,0000000000000000,-,0,0,-,tick
245,1571.139,10.7725,impact,ragdoll,Proventus Avenicci,0001A67D,NPC R Calf [RClf],4,30.009,30.009,329.433,240.468,5.041,6.0000,19.675,-298.858,60.126,-319.650,-0.0000,0.0000,1.0000,-3.451,231.175,-66.115,Static,Wood,shape,000001EA56BED300,-,1,1,-,
246,1571.147,10.7725,impact,ragdoll,Proventus Avenicci,0001A67D,NPC R Forearm [RLar],15,13.518,13.518,200.454,161.152,9.134,6.0000,11.658,-277.077,98.867,-318.000,0.0000,-0.0000,1.0000,36.890,156.825,-3.874,Static,Carpet,shape,000001EAE4998400,-,1,1,-,
247,1571.361,10.7725,touch,ragdoll,Proventus Avenicci,0001A67D,NPC R Thigh [RThg],2,0.000,0.000,0.000,266.921,4.122,6.0000,20.487,0.000,0.000,0.000,0.0000,0.0000,0.0000,-20.220,265.764,14.407,Static,-,-,000001EA56BED300,-,0,0,-,
248,1571.369,10.7725,touch,ragdoll,Proventus Avenicci,0001A67D,NPC Spine2 [Spn2],9,0.000,0.000,0.000,195.705,13.336,7.0000,23.052,0.000,0.000,0.000,0.0000,0.0000,0.0000,-60.491,178.465,-52.836,Static,-,-,000001EA56BED300,-,0,0,-,
249,1571.371,10.7725,touch,ragdoll,Proventus Avenicci,0001A67D,NPC L UpperArm [LUar],10,0.000,0.000,0.000,240.886,17.551,2.0000,14.463,0.000,0.000,0.000,0.0000,0.0000,0.0000,-139.014,163.074,-110.036,Static,-,-,000001EAE4998400,-,0,0,-,
250,1571.372,10.7725,touch,ragdoll,Proventus Avenicci,0001A67D,NPC L Forearm [LLar],14,0.000,0.000,0.000,299.976,12.968,2.0000,11.658,0.000,0.000,0.000,0.0000,0.0000,0.0000,-155.500,238.107,-95.448,Static,-,-,000001EAE4998400,-,0,0,-,
251,1571.374,10.7725,touch,ragdoll,Proventus Avenicci,0001A67D,NPC Head [Head],13,0.000,0.000,0.000,236.466,18.339,4.0000,15.108,0.000,0.000,0.000,0.0000,0.0000,0.0000,14.883,233.620,-33.409,Static,-,-,000001EAE4AD0D00,-,0,0,-,
252,1571.579,10.7725,impact,ragdoll,Proventus Avenicci,0001A67D,NPC Spine2 [Spn2],9,67.675,67.675,32.842,195.528,13.330,7.0000,23.052,-313.804,125.156,-319.650,-0.0000,0.0000,1.0000,-60.436,178.304,-52.788,Static,Wood,shape,000001EA56BED300,-,1,1,-,
253,1571.579,10.7725,impact,ragdoll,Proventus Avenicci,0001A67D,NPC Spine2 [Spn2],9,67.675,67.675,17.141,195.528,13.330,7.0000,23.052,-313.804,125.156,-318.000,-0.0000,0.0000,1.0000,-60.436,178.304,-52.788,Static,Carpet,shape,000001EAE4998400,-,0,1,-,
254,1571.580,10.7725,impact,ragdoll,Proventus Avenicci,0001A67D,NPC L UpperArm [LUar],10,124.000,124.000,49.639,240.668,17.543,2.0000,14.463,-326.085,130.184,-318.000,0.0000,-0.0000,1.0000,-138.888,162.926,-109.937,Static,Carpet,shape,000001EAE4998400,-,1,1,-,
255,1571.581,10.7725,impact,ragdoll,Proventus Avenicci,0001A67D,NPC Head [Head],13,35.727,35.727,26.795,236.252,18.297,4.0000,15.108,-306.550,148.192,-319.650,0.0000,0.0000,1.0000,14.870,233.409,-33.379,Static,Wood,shape,000001EAE4AD0D00,-,1,1,-,
256,1571.582,10.7725,impact,ragdoll,Proventus Avenicci,0001A67D,NPC L Forearm [LLar],14,55.045,55.045,155.860,299.704,12.962,2.0000,11.658,-339.548,107.076,-318.000,0.0000,-0.0000,1.0000,-155.359,237.891,-95.362,Static,Carpet,shape,000001EAE4998400,-,1,1,-,
257,1572.096,10.7725,separate,ragdoll,Proventus Avenicci,0001A67D,NPC L Calf [LClf],5,0.000,0.000,0.000,262.470,3.319,6.0000,19.675,0.000,0.000,0.000,0.0000,0.0000,0.0000,-30.373,248.172,-79.868,Static,-,-,000001EAE4998400,-,0,0,-,
258,1572.099,10.7725,touch,ragdoll,Proventus Avenicci,0001A67D,NPC L Calf [LClf],5,0.000,0.000,0.000,262.470,3.319,6.0000,19.675,0.000,0.000,0.000,0.0000,0.0000,0.0000,-30.373,248.172,-79.868,Static,-,-,000001EAE4998400,-,0,0,-,
259,1572.103,10.7725,touch,ragdoll,Proventus Avenicci,0001A67D,NPC L Thigh [LThg],1,0.000,0.000,0.000,239.112,4.371,6.0000,20.487,0.000,0.000,0.000,0.0000,0.0000,0.0000,-19.637,236.404,-30.036,Static,-,-,000001EA56BED300,-,0,0,-,
260,1572.113,10.7725,separate,ragdoll,Proventus Avenicci,0001A67D,NPC Head [Head],13,0.000,0.000,0.000,139.586,7.670,4.0000,15.108,0.000,0.000,0.000,0.0000,0.0000,0.0000,-4.977,138.880,-13.108,Static,-,-,000001EAE4AD0D00,-,0,0,-,
261,1589.014,10.7726,impact,ragdoll,Proventus Avenicci,0001A67D,NPC L Thigh [LThg],1,63.521,63.521,270.102,238.901,4.369,6.0000,20.487,-318.637,70.875,-319.650,0.0000,-0.0000,1.0000,-19.619,236.196,-30.009,Static,Wood,shape,000001EA56BED300,-,1,1,-,
262,1589.016,10.7726,impact,ragdoll,Proventus Avenicci,0001A67D,NPC L Thigh [LThg],1,63.522,63.522,264.636,238.901,4.369,6.0000,20.487,-318.637,70.875,-318.000,0.0000,0.0000,1.0000,-19.619,236.196,-30.009,Static,Carpet,shape,000001EAE4998400,-,0,1,-,
263,1589.020,10.7726,impact,ragdoll,Proventus Avenicci,0001A67D,NPC L Calf [LClf],5,80.188,80.188,239.890,262.239,3.318,6.0000,19.675,-318.916,65.768,-318.000,0.0000,0.0000,1.0000,-30.346,247.953,-79.798,Static,Carpet,shape,000001EAE4998400,-,1,1,-,
264,1589.242,10.7726,separate,ragdoll,Proventus Avenicci,0001A67D,NPC R Hand [RHnd],17,0.000,0.000,0.000,219.708,15.079,4.0000,8.334,0.000,0.000,0.000,0.0000,0.0000,0.0000,-18.366,216.526,32.413,Static,-,-,000001EAE4998400,-,0,0,-,
265,1589.244,10.7726,touch,ragdoll,Proventus Avenicci,0001A67D,NPC R Hand [RHnd],17,0.000,0.000,0.000,219.708,15.079,4.0000,8.334,0.000,0.000,0.000,0.0000,0.0000,0.0000,-18.366,216.526,32.413,Static,-,-,000001EAE4998400,-,0,0,-,
266,1589.248,10.7726,separate,ragdoll,Proventus Avenicci,0001A67D,NPC Spine2 [Spn2],9,0.000,0.000,0.000,161.299,5.489,7.0000,23.052,0.000,0.000,0.000,0.0000,0.0000,0.0000,-50.132,153.255,4.130,Static,-,-,000001EA56BED300,-,0,0,-,
267,1597.408,10.7726,listener,ragdoll,Proventus Avenicci,0001A67D,-,-,0.000,0.000,0.000,0.000,0.000,0.0000,0.000,-311.888,-308.942,-318.000,0.0424,0.9991,0.0000,0.000,0.000,0.000,-,-,-,0000000000000000,-,0,0,-,tick
268,1607.514,10.7726,touch,ragdoll,Proventus Avenicci,0001A67D,NPC L Calf [LClf],5,0.000,0.000,0.000,256.663,3.678,6.0000,19.675,0.000,0.000,0.000,0.0000,0.0000,0.0000,-37.933,253.819,-3.580,Static,-,-,000001EA56BED300,-,0,0,-,
269,1607.921,10.7726,separate,ragdoll,Proventus Avenicci,0001A67D,NPC R Thigh [RThg],2,0.000,0.000,0.000,245.101,4.164,6.0000,20.487,0.000,0.000,0.000,0.0000,0.0000,0.0000,-20.882,244.099,-7.353,DeadBip,-,-,000001EB3A29C700,5,0,0,-,
270,1607.922,10.7726,separate,ragdoll,Proventus Avenicci,0001A67D,NPC L Calf [LClf],5,0.000,0.000,0.000,232.268,4.624,6.0000,19.675,0.000,0.000,0.000,0.0000,0.0000,0.0000,-31.789,229.972,-7.136,DeadBip,-,-,000001EB3A29C100,2,0,0,-,
271,1607.923,10.7726,separate,ragdoll,Proventus Avenicci,0001A67D,NPC R Thigh [RThg],2,0.000,0.000,0.000,245.101,4.164,6.0000,20.487,0.000,0.000,0.000,0.0000,0.0000,0.0000,-20.882,244.099,-7.353,Static,-,-,000001EAE4998400,-,0,0,-,
272,1607.924,10.7726,touch,ragdoll,Proventus Avenicci,0001A67D,NPC R Thigh [RThg],2,0.000,0.000,0.000,245.101,4.164,6.0000,20.487,0.000,0.000,0.000,0.0000,0.0000,0.0000,-20.882,244.099,-7.353,Static,-,-,000001EAE4998400,-,0,0,-,
273,1626.008,10.7727,impact,ragdoll,Proventus Avenicci,0001A67D,NPC R Thigh [RThg],2,17.622,17.622,276.568,244.883,4.162,6.0000,20.487,-300.040,79.320,-318.000,-0.0000,0.0000,1.0000,-20.863,243.882,-7.347,Static,Carpet,shape,000001EAE4998400,-,1,1,-,
274,1626.232,10.7727,separate,ragdoll,Proventus Avenicci,0001A67D,NPC R UpperArm [RUar],12,0.000,0.000,0.000,171.464,1.358,2.0000,14.463,0.000,0.000,0.000,0.0000,0.0000,0.0000,-34.137,167.967,4.633,Static,-,-,000001EAE4998400,-,0,0,-,
275,1626.243,10.7727,touch,ragdoll,Proventus Avenicci,0001A67D,NPC Head [Head],13,0.000,0.000,0.000,169.609,4.877,4.0000,15.108,0.000,0.000,0.000,0.0000,0.0000,0.0000,13.448,147.993,-81.758,Static,-,-,000001EAE4AD0D00,-,0,0,-,
276,1626.460,10.7727,impact,ragdoll,Proventus Avenicci,0001A67D,NPC Head [Head],13,81.802,81.802,109.613,169.459,4.866,4.0000,15.108,-305.849,155.796,-319.650,-0.0000,0.0000,1.0000,13.436,147.862,-81.686,Static,Wood,shape,000001EAE4AD0D00,-,1,1,-,
277,1626.657,10.7727,separate,ragdoll,Proventus Avenicci,0001A67D,NPC R Calf [RClf],4,0.000,0.000,0.000,215.645,6.331,6.0000,19.675,0.000,0.000,0.000,0.0000,0.0000,0.0000,14.735,205.547,-63.532,Static,-,-,000001EAE4998400,-,0,0,-,
278,1626.658,10.7727,touch,ragdoll,Proventus Avenicci,0001A67D,NPC R Calf [RClf],4,0.000,0.000,0.000,215.645,6.331,6.0000,19.675,0.000,0.000,0.000,0.0000,0.0000,0.0000,14.735,205.547,-63.532,Static,-,-,000001EAE4998400,-,0,0,-,
279,1626.665,10.7727,touch,ragdoll,Proventus Avenicci,0001A67D,NPC Neck [Neck],11,0.000,0.000,0.000,165.781,7.210,6.0000,8.431,0.000,0.000,0.000,0.0000,0.0000,0.0000,-4.545,165.709,-1.777,Static,-,-,000001EAE490E500,-,0,0,-,
280,1635.329,10.7727,listener,ragdoll,Proventus Avenicci,0001A67D,-,-,0.000,0.000,0.000,0.000,0.000,0.0000,0.000,-311.888,-308.942,-318.000,0.0424,0.9991,0.0000,0.000,0.000,0.000,-,-,-,0000000000000000,-,0,0,-,tick
281,1644.628,10.7727,impact,ragdoll,Proventus Avenicci,0001A67D,NPC R Calf [RClf],4,8.669,8.669,275.286,215.450,6.328,6.0000,19.675,-297.828,79.284,-318.000,-0.0000,0.0000,1.0000,14.721,205.361,-63.474,Static,Carpet,shape,000001EAE4998400,-,1,1,-,
282,1644.859,10.7727,touch,ragdoll,Proventus Avenicci,0001A67D,NPC R Forearm [RLar],15,0.000,0.000,0.000,201.678,8.816,6.0000,11.658,0.000,0.000,0.000,0.0000,0.0000,0.0000,-43.120,196.342,-16.263,Static,-,-,000001EA56BED300,-,0,0,-,
283,1644.862,10.7727,separate,ragdoll,Proventus Avenicci,0001A67D,NPC L UpperArm [LUar],10,0.000,0.000,0.000,213.344,2.376,2.0000,14.463,0.000,0.000,0.000,0.0000,0.0000,0.0000,-20.561,204.945,-55.592,Static,-,-,000001EAE4998400,-,0,0,-,
284,1644.863,10.7727,touch,ragdoll,Proventus Avenicci,0001A67D,NPC L UpperArm [LUar],10,0.000,0.000,0.000,213.344,2.376,2.0000,14.463,0.000,0.000,0.000,0.0000,0.0000,0.0000,-20.561,204.945,-55.592,Static,-,-,000001EAE4998400,-,0,0,-,
285,1645.070,10.7727,impact,ragdoll,Proventus Avenicci,0001A67D,NPC L UpperArm [LUar],10,39.724,39.724,199.779,213.151,2.375,2.0000,14.463,-327.611,143.516,-318.000,-0.0000,0.0326,0.9995,-20.543,204.759,-55.542,Static,Carpet,shape,000001EAE4998400,-,1,1,-,
286,1645.072,10.7727,impact,ragdoll,Proventus Avenicci,0001A67D,NPC R Forearm [RLar],15,35.762,35.762,212.993,201.495,8.812,6.0000,11.658,-276.490,115.154,-319.650,-0.0000,-0.0000,1.0000,-43.081,196.164,-16.248,Static,Wood,shape,000001EA56BED300,-,1,1,-,
287,1653.496,10.7727,listener,ragdoll,Proventus Avenicci,0001A67D,-,-,0.000,0.000,0.000,0.000,0.000,0.0000,0.000,-311.888,-308.942,-318.000,0.0424,0.9991,0.0000,0.000,0.000,0.000,-,-,-,0000000000000000,-,0,0,-,tick
288,1663.916,10.7727,touch,ragdoll,Proventus Avenicci,0001A67D,NPC L UpperArm [LUar],10,0.000,0.000,0.000,219.070,3.109,2.0000,14.463,0.000,0.000,0.000,0.0000,0.0000,0.0000,-12.223,217.746,-20.712,Static,-,-,000001EAE490E500,-,0,0,-,
289,1664.138,10.7727,impact,ragdoll,Proventus Avenicci,0001A67D,NPC L UpperArm [LUar],10,6.609,6.609,217.806,218.877,3.108,2.0000,14.463,-327.916,147.621,-318.000,-0.0000,0.0000,1.0000,-12.212,217.555,-20.694,Static,Carpet,shape,000001EAE490E500,-,1,1,-,
290,1682.847,10.7728,separate,ragdoll,Proventus Avenicci,0001A67D,NPC Spine2 [Spn2],9,0.000,0.000,0.000,198.938,3.190,7.0000,23.052,0.000,0.000,0.000,0.0000,0.0000,0.0000,-38.399,195.116,5.600,Static,-,-,000001EAE4998400,-,0,0,-,
291,1682.849,10.7728,touch,ragdoll,Proventus Avenicci,0001A67D,NPC Spine2 [Spn2],9,0.000,0.000,0.000,198.938,3.190,7.0000,23.052,0.000,0.000,0.000,0.0000,0.0000,0.0000,-38.399,195.116,5.600,Static,-,-,000001EAE4998400,-,0,0,-,
292,1682.855,10.7728,touch,ragdoll,Proventus Avenicci,0001A67D,NPC R Foot [Rft ],8,0.000,0.000,0.000,270.514,10.945,3.0000,10.011,0.000,0.000,0.000,0.0000,0.0000,0.0000,52.576,209.118,-163.351,Static,-,-,000001EAE4998400,-,0,0,-,
293,1683.070,10.7728,impact,ragdoll,Proventus Avenicci,0001A67D,NPC R Foot [Rft ],8,168.992,168.992,336.593,270.270,10.941,3.0000,10.011,-289.834,65.255,-318.000,0.0000,0.0000,1.0000,52.529,208.929,-163.203,Static,Carpet,shape,000001EAE4998400,-,1,1,-,
294,1692.142,10.7728,listener,ragdoll,Proventus Avenicci,0001A67D,-,-,0.000,0.000,0.000,0.000,0.000,0.0000,0.000,-311.888,-308.942,-318.000,0.0424,0.9991,0.0000,0.000,0.000,0.000,-,-,-,0000000000000000,-,0,0,-,tick
295,1701.758,10.7728,separate,ragdoll,Proventus Avenicci,0001A67D,NPC L UpperArm [LUar],10,0.000,0.000,0.000,220.189,2.389,2.0000,14.463,0.000,0.000,0.000,0.0000,0.0000,0.0000,-15.001,218.547,-22.260,Static,-,-,000001EAE4998400,-,0,0,-,
296,1701.762,10.7728,touch,ragdoll,Proventus Avenicci,0001A67D,NPC Spine2 [Spn2],9,0.000,0.000,0.000,195.530,2.995,7.0000,23.052,0.000,0.000,0.000,0.0000,0.0000,0.0000,-36.602,192.026,-4.259,Static,-,-,000001EAE490E500,-,0,0,-,
297,1701.764,10.7728,touch,ragdoll,Proventus Avenicci,0001A67D,NPC L UpperArm [LUar],10,0.000,0.000,0.000,220.189,2.389,2.0000,14.463,0.000,0.000,0.000,0.0000,0.0000,0.0000,-15.001,218.547,-22.260,Static,-,-,000001EAE4AD0D00,-,0,0,-,
298,1701.766,10.7728,touch,ragdoll,Proventus Avenicci,0001A67D,NPC L Forearm [LLar],14,0.000,0.000,0.000,231.628,2.498,2.0000,11.658,0.000,0.000,0.000,0.0000,0.0000,0.0000,-26.493,222.276,-59.522,Static,-,-,000001EAE490E500,-,0,0,-,
299,1701.982,10.7728,impact,ragdoll,Proventus Avenicci,0001A67D,NPC Spine2 [Spn2],9,6.971,6.971,227.084,195.353,2.993,7.0000,23.052,-318.747,149.351,-318.000,0.0000,-0.0000,1.0000,-36.569,191.853,-4.255,Static,Carpet,shape,000001EAE490E500,-,1,1,-,
300,1701.983,10.7728,impact,ragdoll,Proventus Avenicci,0001A67D,NPC L UpperArm [LUar],10,35.180,35.180,234.056,219.990,2.388,2.0000,14.463,-337.665,149.907,-319.650,0.0000,-0.0000,1.0000,-14.988,218.349,-22.240,Static,Wood,shape,000001EAE4AD0D00,-,1,1,-,
301,1701.986,10.7728,impact,ragdoll,Proventus Avenicci,0001A67D,NPC L Forearm [LLar],14,71.514,71.514,221.258,231.418,2.497,2.0000,11.658,-343.535,144.462,-318.001,0.0000,-0.0756,0.9971,-26.469,222.075,-59.469,Static,Carpet,shape,000001EAE490E500,-,1,1,-,
302,1702.178,10.7728,touch,ragdoll,Proventus Avenicci,0001A67D,NPC R Forearm [RLar],15,0.000,0.000,0.000,197.864,2.928,6.0000,11.658,0.000,0.000,0.000,0.0000,0.0000,0.0000,-41.508,193.345,-6.693,Static,-,-,000001EAE4AD0D00,-,0,0,-,
303,1702.187,10.7728,separate,ragdoll,Proventus Avenicci,0001A67D,NPC R Forearm [RLar],15,0.000,0.000,0.000,197.864,2.928,6.0000,11.658,0.000,0.000,0.000,0.0000,0.0000,0.0000,-41.508,193.345,-6.693,Static,-,-,000001EA56BED300,-,0,0,-,
304,1720.336,10.7729,impact,ragdoll,Proventus Avenicci,0001A67D,NPC R Forearm [RLar],15,18.300,18.300,228.749,197.680,2.927,6.0000,11.658,-278.983,128.124,-319.650,0.0000,0.0000,1.0000,-41.470,193.165,-6.687,Static,Wood,shape,000001EAE4AD0D00,-,1,1,-,
305,1720.339,10.7729,impact,ragdoll,Proventus Avenicci,0001A67D,NPC L Hand [LHnd],16,72.449,72.449,262.515,236.916,7.983,4.0000,8.334,-346.074,129.676,-318.000,0.0000,-0.0000,1.0000,-49.577,220.123,-72.227,Static,Carpet,shape,000001EAE4998400,-,0,1,-,
306,1720.972,10.7729,touch,ragdoll,Proventus Avenicci,0001A67D,NPC COM [COM ],0,0.000,0.000,0.000,167.601,8.752,50.0000,17.687,0.000,0.000,0.000,0.0000,0.0000,0.0000,-34.457,164.012,1.696,Static,-,-,000001EA56BED300,-,0,0,-,
307,1729.538,10.7729,listener,ragdoll,Proventus Avenicci,0001A67D,-,-,0.000,0.000,0.000,0.000,0.000,0.0000,0.000,-311.888,-308.942,-318.000,0.0424,0.9991,0.0000,0.000,0.000,0.000,-,-,-,0000000000000000,-,0,0,-,tick
308,1739.273,10.7729,touch,ragdoll,Proventus Avenicci,0001A67D,NPC R Hand [RHnd],17,0.000,0.000,0.000,186.351,4.502,4.0000,8.334,0.000,0.000,0.000,0.0000,0.0000,0.0000,-29.421,184.014,-0.160,Static,-,-,000001EAE4AD0D00,-,0,0,-,
309,1739.278,10.7729,separate,ragdoll,Proventus Avenicci,0001A67D,NPC Spine1 [Spn1],6,0.000,0.000,0.000,208.907,0.980,4.0000,18.878,0.000,0.000,0.000,0.0000,0.0000,0.0000,-38.571,204.277,-20.617,Static,-,-,000001EAE4998400,-,0,0,-,
310,1739.279,10.7729,separate,ragdoll,Proventus Avenicci,0001A67D,NPC R Hand [RHnd],17,0.000,0.000,0.000,186.351,4.502,4.0000,8.334,0.000,0.000,0.000,0.0000,0.0000,0.0000,-29.421,184.014,-0.160,Static,-,-,000001EA56BED300,-,0,0,-,
311,1739.281,10.7729,separate,ragdoll,Proventus Avenicci,0001A67D,NPC Spine2 [Spn2],9,0.000,0.000,0.000,204.966,1.219,7.0000,23.052,0.000,0.000,0.000,0.0000,0.0000,0.0000,-27.703,203.043,-4.151,Static,-,-,000001EAE4998400,-,0,0,-,
312,1739.496,10.7729,impact,ragdoll,Proventus Avenicci,0001A67D,NPC L UpperArm [LUar],10,20.446,20.446,207.242,208.146,1.312,2.0000,14.463,-338.089,157.648,-318.000,0.0000,-0.0000,1.0000,-16.933,206.988,-13.919,Static,Carpet,shape,000001EAE490E500,-,0,1,-,
313,1739.662,10.7729,touch,ragdoll,Proventus Avenicci,0001A67D,NPC L Forearm [LLar],14,0.000,0.000,0.000,211.526,2.811,2.0000,11.658,0.000,0.000,0.000,0.0000,0.0000,0.0000,-20.442,210.417,-7.086,Static,-,-,000001EAE4AD0D00,-,0,0,-,
314,1739.693,10.7729,separate,ragdoll,Proventus Avenicci,0001A67D,NPC COM [COM ],0,0.000,0.000,0.000,136.789,10.375,50.0000,17.687,0.000,0.000,0.000,0.0000,0.0000,0.0000,-20.797,133.965,18.218,Static,-,-,000001EA56BED300,-,0,0,-,
315,1739.695,10.7729,separate,ragdoll,Proventus Avenicci,0001A67D,NPC L Calf [LClf],5,0.000,0.000,0.000,179.118,5.474,6.0000,19.675,0.000,0.000,0.000,0.0000,0.0000,0.0000,-23.582,153.640,89.005,Static,-,-,000001EA56BED300,-,0,0,-,
316,1739.705,10.7729,separate,ragdoll,Proventus Avenicci,0001A67D,NPC L Forearm [LLar],14,0.000,0.000,0.000,211.526,2.811,2.0000,11.658,0.000,0.000,0.000,0.0000,0.0000,0.0000,-20.442,210.417,-7.086,Static,-,-,000001EAE4998400,-,0,0,-,
317,1748.395,10.7730,listener,ragdoll,Proventus Avenicci,0001A67D,-,-,0.000,0.000,0.000,0.000,0.000,0.0000,0.000,-311.888,-308.942,-318.000,0.0424,0.9991,0.0000,0.000,0.000,0.000,-,-,-,0000000000000000,-,0,0,-,tick
318,1758.519,10.7730,impact,ragdoll,Proventus Avenicci,0001A67D,NPC L Forearm [LLar],14,14.105,14.105,227.583,211.328,2.809,2.0000,11.658,-347.172,143.710,-319.650,0.0000,0.0000,1.0000,-20.423,210.219,-7.079,Static,Wood,shape,000001EAE4AD0D00,-,1,1,-,
319,1758.746,10.7730,touch,ragdoll,Proventus Avenicci,0001A67D,NPC Spine1 [Spn1],6,0.000,0.000,0.000,209.835,2.839,4.0000,18.878,0.000,0.000,0.000,0.0000,0.0000,0.0000,-52.451,193.382,-62.315,Static,-,-,000001EAE490E500,-,0,0,-,
320,1758.753,10.7730,touch,ragdoll,Proventus Avenicci,0001A67D,NPC COM [COM ],0,0.000,0.000,0.000,135.840,7.728,50.0000,17.687,0.000,0.000,0.000,0.0000,0.0000,0.0000,-19.177,133.976,11.626,Static,-,-,000001EAE4AD0D00,-,0,0,-,
321,1758.755,10.7730,separate,ragdoll,Proventus Avenicci,0001A67D,NPC L Forearm [LLar],14,0.000,0.000,0.000,208.949,3.210,2.0000,11.658,0.000,0.000,0.000,0.0000,0.0000,0.0000,-16.430,208.015,-10.930,Static,-,-,000001EAE490E500,-,0,0,-,
322,1758.970,10.7730,impact,ragdoll,Proventus Avenicci,0001A67D,NPC Spine1 [Spn1],6,65.317,65.317,225.420,209.638,2.838,4.0000,18.878,-324.266,148.140,-318.000,0.0000,0.0000,1.0000,-52.402,193.200,-62.257,Static,Carpet,shape,000001EAE490E500,-,1,1,-,
323,1759.167,10.7730,touch,ragdoll,Proventus Avenicci,0001A67D,NPC Spine [Spn0],3,0.000,0.000,0.000,154.232,5.703,4.0000,17.297,0.000,0.000,0.000,0.0000,0.0000,0.0000,-28.889,149.977,-21.450,Static,-,-,000001EAE4AD0D00,-,0,0,-,
324,1759.169,10.7730,touch,ragdoll,Proventus Avenicci,0001A67D,NPC L Hand [LHnd],16,0.000,0.000,0.000,213.371,3.146,4.0000,8.334,0.000,0.000,0.000,0.0000,0.0000,0.0000,-48.634,205.638,-29.577,Static,-,-,000001EAE4AD0D00,-,0,0,-,
325,1759.180,10.7730,touch,ragdoll,Proventus Avenicci,0001A67D,NPC L Forearm [LLar],14,0.000,0.000,0.000,214.467,2.222,2.0000,11.658,0.000,0.000,0.000,0.0000,0.0000,0.0000,-37.114,207.377,-40.171,Static,-,-,000001EAE490E500,-,0,0,-,
326,1777.673,10.7730,impact,ragdoll,Proventus Avenicci,0001A67D,NPC Spine [Spn0],3,18.936,18.936,82.070,154.089,5.700,4.0000,17.297,-325.514,139.353,-319.650,0.0000,0.0000,1.0000,-28.862,149.837,-21.431,Static,Wood,shape,000001EAE4AD0D00,-,1,1,-,
327,1777.683,10.7730,impact,ragdoll,Proventus Avenicci,0001A67D,NPC L Forearm [LLar],14,29.378,29.378,208.607,214.268,2.221,2.0000,11.658,-347.857,147.721,-318.000,0.0000,-0.0000,1.0000,-37.080,207.184,-40.133,Static,Carpet,shape,000001EAE490E500,-,1,1,-,
328,1777.685,10.7730,impact,ragdoll,Proventus Avenicci,0001A67D,NPC L Hand [LHnd],16,29.507,29.507,227.813,213.172,3.145,4.0000,8.334,-348.927,141.519,-319.650,-0.0000,0.0000,1.0000,-48.589,205.447,-29.549,Static,Wood,shape,000001EAE4AD0D00,-,1,1,-,
329,1777.887,10.7730,separate,ragdoll,Proventus Avenicci,0001A67D,NPC L Calf [LClf],5,0.000,0.000,0.000,193.969,2.378,6.0000,19.675,0.000,0.000,0.000,0.0000,0.0000,0.0000,-42.669,146.640,119.583,Static,-,-,000001EAE4998400,-,0,0,-,
330,1778.256,10.7730,touch,ragdoll,Proventus Avenicci,0001A67D,NPC L Hand [LHnd],16,0.000,0.000,0.000,185.074,3.419,4.0000,8.334,0.000,0.000,0.000,0.0000,0.0000,0.0000,-51.705,177.562,-7.122,Static,-,-,000001EAE490E500,-,0,0,-,
331,1778.261,10.7730,separate,ragdoll,Proventus Avenicci,0001A67D,NPC L Thigh [LThg],1,0.000,0.000,0.000,155.326,3.242,6.0000,20.487,0.000,0.000,0.000,0.0000,0.0000,0.0000,-25.868,141.146,59.454,Static,-,-,000001EA56BED300,-,0,0,-,
332,1778.264,10.7730,touch,ragdoll,Proventus Avenicci,0001A67D,NPC Spine2 [Spn2],9,0.000,0.000,0.000,162.360,3.399,7.0000,23.052,0.000,0.000,0.000,0.0000,0.0000,0.0000,-28.970,154.991,-38.722,Static,-,-,000001EAE4AD0D00,-,0,0,-,
333,1778.265,10.7730,touch,ragdoll,Proventus Avenicci,0001A67D,NPC L Thigh [LThg],1,0.000,0.000,0.000,155.326,3.242,6.0000,20.487,0.000,0.000,0.000,0.0000,0.0000,0.0000,-25.868,141.146,59.454,Static,-,-,000001EAE4AD0D00,-,0,0,-,
334,1778.266,10.7730,separate,ragdoll,Proventus Avenicci,0001A67D,NPC L Hand [LHnd],16,0.000,0.000,0.000,185.074,3.419,4.0000,8.334,0.000,0.000,0.000,0.0000,0.0000,0.0000,-51.705,177.562,-7.122,Static,-,-,000001EAE4998400,-,0,0,-,
335,1778.269,10.7730,touch,ragdoll,Proventus Avenicci,0001A67D,NPC R Thigh [RThg],2,0.000,0.000,0.000,150.117,1.081,6.0000,20.487,0.000,0.000,0.000,0.0000,0.0000,0.0000,-9.782,149.783,2.117,Static,-,-,000001EAE4AD0D00,-,0,0,-,
336,1787.139,10.7731,listener,ragdoll,Proventus Avenicci,0001A67D,-,-,0.000,0.000,0.000,0.000,0.000,0.0000,0.000,-311.888,-308.942,-318.000,0.0424,0.9991,0.0000,0.000,0.000,0.000,-,-,-,0000000000000000,-,0,0,-,tick
337,1797.203,10.7731,impact,ragdoll,Proventus Avenicci,0001A67D,NPC Spine2 [Spn2],9,42.269,42.269,182.987,162.208,3.398,7.0000,23.052,-321.449,165.409,-319.650,-0.0000,0.0000,1.0000,-28.943,154.845,-38.685,Static,Wood,shape,000001EAE4AD0D00,-,1,1,-,
338,1797.211,10.7731,impact,ragdoll,Proventus Avenicci,0001A67D,NPC L Hand [LHnd],16,7.025,7.025,173.815,184.900,3.417,4.0000,8.334,-349.878,145.027,-318.000,-0.0000,0.0000,1.0000,-51.656,177.395,-7.115,Static,Carpet,shape,000001EAE490E500,-,1,1,-,
339,1797.414,10.7731,separate,ragdoll,Proventus Avenicci,0001A67D,NPC R Forearm [RLar],15,0.000,0.000,0.000,171.469,3.623,6.0000,11.658,0.000,0.000,0.000,0.0000,0.0000,0.0000,-0.069,171.282,-8.008,Static,-,-,000001EAE4998400,-,0,0,-,
340,1797.423,10.7731,touch,ragdoll,Proventus Avenicci,0001A67D,NPC R Foot [Rft ],8,0.000,0.000,0.000,173.719,6.668,3.0000,10.011,0.000,0.000,0.000,0.0000,0.0000,0.0000,89.547,148.570,9.296,Static,-,-,000001EA56BED300,-,0,0,-,
341,1797.791,10.7731,separate,ragdoll,Proventus Avenicci,0001A67D,NPC Spine [Spn0],3,0.000,0.000,0.000,129.296,1.744,4.0000,17.297,0.000,0.000,0.000,0.0000,0.0000,0.0000,-18.227,126.841,-17.220,Static,-,-,000001EAE4998400,-,0,0,-,
342,1797.795,10.7731,touch,ragdoll,Proventus Avenicci,0001A67D,NPC L Thigh [LThg],1,0.000,0.000,0.000,149.676,2.712,6.0000,20.487,0.000,0.000,0.000,0.0000,0.0000,0.0000,-30.277,138.782,47.178,Static,-,-,000001EA56BED300,-,0,0,-,
343,1816.811,10.7732,touch,ragdoll,Proventus Avenicci,0001A67D,NPC R Forearm [RLar],15,0.000,0.000,0.000,163.505,2.991,6.0000,11.658,0.000,0.000,0.000,0.0000,0.0000,0.0000,-1.050,163.157,-10.602,Static,-,-,000001EAE490E500,-,0,0,-,
344,1816.823,10.7732,touch,ragdoll,Proventus Avenicci,0001A67D,NPC R UpperArm [RUar],12,0.000,0.000,0.000,163.670,2.417,2.0000,14.463,0.000,0.000,0.000,0.0000,0.0000,0.0000,-15.543,161.276,-23.164,Static,-,-,000001EAE490E500,-,0,0,-,
345,1816.825,10.7732,touch,ragdoll,Proventus Avenicci,0001A67D,NPC Spine [Spn0],3,0.000,0.000,0.000,134.139,1.523,4.0000,17.297,0.000,0.000,0.000,0.0000,0.0000,0.0000,-23.497,130.616,-19.514,Static,-,-,000001EAE490E500,-,0,0,-,
346,1817.049,10.7732,impact,ragdoll,Proventus Avenicci,0001A67D,NPC Spine [Spn0],3,16.834,16.834,120.535,134.011,1.522,4.0000,17.297,-326.453,144.919,-318.000,0.0000,0.0000,1.0000,-23.474,130.491,-19.496,Static,Carpet,shape,000001EAE490E500,-,1,1,-,
347,1817.053,10.7732,impact,ragdoll,Proventus Avenicci,0001A67D,NPC R UpperArm [RUar],12,22.379,22.379,175.336,163.514,2.416,2.0000,14.463,-295.648,156.417,-318.000,0.0000,0.0000,1.0000,-15.528,161.122,-23.142,Static,Carpet,shape,000001EAE490E500,-,1,1,-,
348,1826.113,10.7732,listener,ragdoll,Proventus Avenicci,0001A67D,-,-,0.000,0.000,0.000,0.000,0.000,0.0000,0.000,-311.888,-308.942,-318.000,0.0424,0.9991,0.0000,0.000,0.000,0.000,-,-,-,0000000000000000,-,0,0,-,tick
349,1835.929,10.7732,separate,ragdoll,Proventus Avenicci,0001A67D,NPC R Hand [RHnd],17,0.000,0.000,0.000,145.299,2.272,4.0000,8.334,0.000,0.000,0.000,0.0000,0.0000,0.0000,-21.392,143.716,0.075,Static,-,-,000001EAE4998400,-,0,0,-,
350,1835.930,10.7732,touch,ragdoll,Proventus Avenicci,0001A67D,NPC R Hand [RHnd],17,0.000,0.000,0.000,145.299,2.272,4.0000,8.334,0.000,0.000,0.000,0.0000,0.0000,0.0000,-21.392,143.716,0.075,Static,-,-,000001EAE4998400,-,0,0,-,
351,1836.302,10.7732,touch,ragdoll,Proventus Avenicci,0001A67D,NPC Spine1 [Spn1],6,0.000,0.000,0.000,139.213,0.592,4.0000,18.878,0.000,0.000,0.000,0.0000,0.0000,0.0000,-24.467,134.106,-28.233,Static,-,-,000001EAE4AD0D00,-,0,0,-,
352,1836.304,10.7732,touch,ragdoll,Proventus Avenicci,0001A67D,NPC R Hand [RHnd],17,0.000,0.000,0.000,147.941,2.272,4.0000,8.334,0.000,0.000,0.000,0.0000,0.0000,0.0000,-25.653,145.038,-13.871,Static,-,-,000001EAE490E500,-,0,0,-,
353,1854.382,10.7733,impact,ragdoll,Proventus Avenicci,0001A67D,NPC R Calf [RClf],4,15.010,15.010,196.676,173.155,3.055,6.0000,19.675,-286.148,95.491,-318.000,0.0000,0.0000,1.0000,46.524,166.766,-2.743,Static,Carpet,shape,000001EAE4998400,-,0,1,-,
354,1854.384,10.7733,impact,ragdoll,Proventus Avenicci,0001A67D,NPC Spine1 [Spn1],6,27.206,27.206,141.601,139.079,0.592,4.0000,18.878,-326.388,160.087,-319.650,0.0000,-0.0000,1.0000,-24.444,133.977,-28.206,Static,Wood,shape,000001EAE4AD0D00,-,1,1,-,
355,1854.391,10.7733,impact,ragdoll,Proventus Avenicci,0001A67D,NPC R Hand [RHnd],17,13.937,13.937,140.698,147.798,2.271,4.0000,8.334,-281.907,145.611,-318.000,0.0000,0.0000,1.0000,-25.628,144.898,-13.858,Static,Carpet,shape,000001EAE490E500,-,1,1,-,
356,1862.861,10.7733,listener,ragdoll,Proventus Avenicci,0001A67D,-,-,0.000,0.000,0.000,0.000,0.000,0.0000,0.000,-311.888,-308.942,-318.000,0.0424,0.9991,0.0000,0.000,0.000,0.000,-,-,-,0000000000000000,-,0,0,-,tick
357,1873.777,10.7733,separate,ragdoll,Proventus Avenicci,0001A67D,NPC R Thigh [RThg],2,0.000,0.000,0.000,140.523,1.891,6.0000,20.487,0.000,0.000,0.000,0.0000,0.0000,0.0000,8.604,138.590,-21.574,Static,-,-,000001EAE4AD0D00,-,0,0,-,
358,1873.780,10.7733,touch,ragdoll,Proventus Avenicci,0001A67D,NPC R Thigh [RThg],2,0.000,0.000,0.000,140.523,1.891,6.0000,20.487,0.000,0.000,0.000,0.0000,0.0000,0.0000,8.604,138.590,-21.574,Static,-,-,000001EAE4AD0D00,-,0,0,-,
359,1873.785,10.7733,separate,ragdoll,Proventus Avenicci,0001A67D,NPC COM [COM ],0,0.000,0.000,0.000,125.951,3.169,50.0000,17.687,0.000,0.000,0.000,0.0000,0.0000,0.0000,-14.831,124.915,-6.330,Static,-,-,000001EAE4998400,-,0,0,-,
360,1873.785,10.7733,touch,ragdoll,Proventus Avenicci,0001A67D,NPC COM [COM ],0,0.000,0.000,0.000,125.951,3.169,50.0000,17.687,0.000,0.000,0.000,0.0000,0.0000,0.0000,-14.831,124.915,-6.330,Static,-,-,000001EAE4998400,-,0,0,-,
361,1873.786,10.7733,separate,ragdoll,Proventus Avenicci,0001A67D,NPC L Thigh [LThg],1,0.000,0.000,0.000,144.137,1.135,6.0000,20.487,0.000,0.000,0.000,0.0000,0.0000,0.0000,-29.714,140.279,14.647,Static,-,-,000001EA56BED300,-,0,0,-,
362,1874.089,10.7733,impact,ragdoll,Proventus Avenicci,0001A67D,NPC R Thigh [RThg],2,24.768,24.768,157.233,140.390,1.890,6.0000,20.487,-301.196,127.973,-319.657,0.0000,0.0000,1.0000,8.596,138.459,-21.553,Static,Wood,shape,000001EAE4AD0D00,-,1,1,-,
363,1874.359,10.7733,touch,ragdoll,Proventus Avenicci,0001A67D,NPC COM [COM ],0,0.000,0.000,0.000,124.867,2.987,50.0000,17.687,0.000,0.000,0.000,0.0000,0.0000,0.0000,-14.134,123.820,-7.777,Static,-,-,000001EAE490E500,-,0,0,-,
364,1882.431,10.7733,listener,ragdoll,Proventus Avenicci,0001A67D,-,-,0.000,0.000,0.000,0.000,0.000,0.0000,0.000,-311.888,-308.942,-318.000,0.0424,0.9991,0.0000,0.000,0.000,0.000,-,-,-,0000000000000000,-,0,0,-,tick
365,1892.131,10.7733,separate,ragdoll,Proventus Avenicci,0001A67D,NPC R Thigh [RThg],2,0.000,0.000,0.000,134.831,1.758,6.0000,20.487,0.000,0.000,0.000,0.0000,0.0000,0.0000,9.488,133.665,-14.937,Static,-,-,000001EAE4AD0D00,-,0,0,-,
366,1892.133,10.7733,touch,ragdoll,Proventus Avenicci,0001A67D,NPC R Thigh [RThg],2,0.000,0.000,0.000,134.831,1.758,6.0000,20.487,0.000,0.000,0.000,0.0000,0.0000,0.0000,9.488,133.665,-14.937,Static,-,-,000001EAE4AD0D00,-,0,0,-,
367,1892.143,10.7733,separate,ragdoll,Proventus Avenicci,0001A67D,NPC R Thigh [RThg],2,0.000,0.000,0.000,134.831,1.758,6.0000,20.487,0.000,0.000,0.000,0.0000,0.0000,0.0000,9.488,133.665,-14.937,Static,-,-,000001EA56BED300,-,0,0,-,
368,1892.143,10.7733,touch,ragdoll,Proventus Avenicci,0001A67D,NPC R Thigh [RThg],2,0.000,0.000,0.000,134.831,1.758,6.0000,20.487,0.000,0.000,0.000,0.0000,0.0000,0.0000,9.488,133.665,-14.937,Static,-,-,000001EA56BED300,-,0,0,-,
369,1892.146,10.7733,separate,ragdoll,Proventus Avenicci,0001A67D,NPC R Foot [Rft ],8,0.000,0.000,0.000,164.176,1.830,3.0000,10.011,0.000,0.000,0.000,0.0000,0.0000,0.0000,48.881,156.728,0.894,Static,-,-,000001EAE4998400,-,0,0,-,
370,1892.146,10.7733,touch,ragdoll,Proventus Avenicci,0001A67D,NPC R Foot [Rft ],8,0.000,0.000,0.000,164.176,1.830,3.0000,10.011,0.000,0.000,0.000,0.0000,0.0000,0.0000,48.881,156.728,0.894,Static,-,-,000001EAE4998400,-,0,0,-,
371,1892.334,10.7733,impact,ragdoll,Proventus Avenicci,0001A67D,NPC R Thigh [RThg],2,10.977,10.977,142.972,134.703,1.757,6.0000,20.487,-300.685,128.066,-319.652,0.0000,0.0000,1.0000,9.479,133.538,-14.923,Static,Wood,shape,000001EA56BED300,-,1,1,-,
372,1892.335,10.7733,impact,ragdoll,Proventus Avenicci,0001A67D,NPC R Thigh [RThg],2,11.391,11.391,142.699,134.703,1.757,6.0000,20.487,-300.685,129.015,-319.650,0.0000,-0.0000,1.0000,9.479,133.538,-14.923,Static,Wood,shape,000001EAE4AD0D00,-,1,1,-,
373,1892.506,10.7733,separate,ragdoll,Proventus Avenicci,0001A67D,NPC L Thigh [LThg],1,0.000,0.000,0.000,108.106,1.549,6.0000,20.487,0.000,0.000,0.000,0.0000,0.0000,0.0000,-24.218,105.040,8.177,Static,-,-,000001EAE4998400,-,0,0,-,
374,1910.253,10.7735,touch,ragdoll,Proventus Avenicci,0001A67D,NPC R Calf [RClf],4,0.000,0.000,0.000,150.447,1.337,6.0000,19.675,0.000,0.000,0.000,0.0000,0.0000,0.0000,31.066,147.191,1.989,Static,-,-,000001EAE4AD0D00,-,0,0,-,
375,1910.257,10.7735,touch,ragdoll,Proventus Avenicci,0001A67D,NPC L Thigh [LThg],1,0.000,0.000,0.000,108.284,1.160,6.0000,20.487,0.000,0.000,0.000,0.0000,0.0000,0.0000,-24.369,105.369,5.392,Static,-,-,000001EAE490E500,-,0,0,-,
376,1910.607,10.7735,separate,ragdoll,Proventus Avenicci,0001A67D,NPC R Hand [RHnd],17,0.000,0.000,0.000,122.925,9.450,4.0000,8.334,0.000,0.000,0.000,0.0000,0.0000,0.0000,-12.928,122.243,0.297,Static,-,-,000001EAE4998400,-,0,0,-,
377,1919.273,10.7735,listener,ragdoll,Proventus Avenicci,0001A67D,-,-,0.000,0.000,0.000,0.000,0.000,0.0000,0.000,-311.888,-308.942,-318.000,0.0424,0.9991,0.0000,0.000,0.000,0.000,-,-,-,0000000000000000,-,0,0,-,tick
378,1928.830,10.7735,touch,ragdoll,Proventus Avenicci,0001A67D,NPC R Thigh [RThg],2,0.000,0.000,0.000,118.578,1.514,6.0000,20.487,0.000,0.000,0.000,0.0000,0.0000,0.0000,4.812,118.195,-8.213,Static,-,-,000001EAE490E500,-,0,0,-,
379,1929.046,10.7735,impact,ragdoll,Proventus Avenicci,0001A67D,NPC R Thigh [RThg],2,37.713,37.713,104.267,118.466,1.513,6.0000,20.487,-307.377,144.373,-318.016,-0.0000,-0.2531,0.9674,4.807,118.083,-8.205,Static,Carpet,shape,000001EAE490E500,-,1,1,-,
380,1954.969,10.7736,listener,ragdoll,Proventus Avenicci,0001A67D,-,-,0.000,0.000,0.000,0.000,0.000,0.0000,0.000,-311.888,-308.942,-318.000,0.0424,0.9991,0.0000,0.000,0.000,0.000,-,-,-,0000000000000000,-,0,0,-,tick
381,1974.192,10.7736,listener,ragdoll,Proventus Avenicci,0001A67D,-,-,0.000,0.000,0.000,0.000,0.000,0.0000,0.000,-311.888,-308.942,-318.000,0.0424,0.9991,0.0000,0.000,0.000,0.000,-,-,-,0000000000000000,-,0,0,-,tick
382,1982.952,10.7736,separate,ragdoll,Proventus Avenicci,0001A67D,NPC R Thigh [RThg],2,0.000,0.000,0.000,86.495,0.880,6.0000,20.487,0.000,0.000,0.000,0.0000,0.0000,0.0000,-2.556,85.463,-13.070,Static,-,-,000001EA56BED300,-,0,0,-,
383,2001.896,10.7736,separate,ragdoll,Proventus Avenicci,0001A67D,NPC COM [COM ],0,0.000,0.000,0.000,67.332,1.544,50.0000,17.687,0.000,0.000,0.000,0.0000,0.0000,0.0000,-4.529,67.104,-3.183,Static,-,-,000001EAE4998400,-,0,0,-,
384,2010.740,10.7737,listener,ragdoll,Proventus Avenicci,0001A67D,-,-,0.000,0.000,0.000,0.000,0.000,0.0000,0.000,-311.888,-308.942,-318.000,0.0424,0.9991,0.0000,0.000,0.000,0.000,-,-,-,0000000000000000,-,0,0,-,tick
385,2020.194,10.7737,separate,ragdoll,Proventus Avenicci,0001A67D,NPC R Thigh [RThg],2,0.000,0.000,0.000,95.141,2.301,6.0000,20.487,0.000,0.000,0.000,0.0000,0.0000,0.0000,16.137,93.686,-3.784,Static,-,-,000001EAE490E500,-,0,0,-,
386,2020.197,10.7737,touch,ragdoll,Proventus Avenicci,0001A67D,NPC R Thigh [RThg],2,0.000,0.000,0.000,95.141,2.301,6.0000,20.487,0.000,0.000,0.000,0.0000,0.0000,0.0000,16.137,93.686,-3.784,Static,-,-,000001EAE490E500,-,0,0,-,
387,2020.431,10.7737,impact,ragdoll,Proventus Avenicci,0001A67D,NPC R Thigh [RThg],2,22.146,22.146,102.885,95.054,2.300,6.0000,20.487,-299.495,144.400,-318.010,0.0000,-0.2007,0.9797,16.122,93.600,-3.780,Static,Carpet,shape,000001EAE490E500,-,1,1,-,
388,2020.638,10.7737,separate,ragdoll,Proventus Avenicci,0001A67D,NPC R Thigh [RThg],2,0.000,0.000,0.000,84.418,2.187,6.0000,20.487,0.000,0.000,0.000,0.0000,0.0000,0.0000,11.497,83.309,7.343,Static,-,-,000001EAE4998400,-,0,0,-,
389,2020.639,10.7737,touch,ragdoll,Proventus Avenicci,0001A67D,NPC R Thigh [RThg],2,0.000,0.000,0.000,84.418,2.187,6.0000,20.487,0.000,0.000,0.000,0.0000,0.0000,0.0000,11.497,83.309,7.343,Static,-,-,000001EAE4998400,-,0,0,-,
390,2039.263,10.7738,separate,ragdoll,Proventus Avenicci,0001A67D,NPC R Thigh [RThg],2,0.000,0.000,0.000,74.173,1.831,6.0000,20.487,0.000,0.000,0.000,0.0000,0.0000,0.0000,11.645,73.149,3.893,Static,-,-,000001EAE490E500,-,0,0,-,
391,2039.266,10.7738,touch,ragdoll,Proventus Avenicci,0001A67D,NPC R Thigh [RThg],2,0.000,0.000,0.000,74.173,1.831,6.0000,20.487,0.000,0.000,0.000,0.0000,0.0000,0.0000,11.645,73.149,3.893,Static,-,-,000001EAE490E500,-,0,0,-,
392,2048.559,10.7738,listener,ragdoll,Proventus Avenicci,0001A67D,-,-,0.000,0.000,0.000,0.000,0.000,0.0000,0.000,-311.888,-308.942,-318.000,0.0424,0.9991,0.0000,0.000,0.000,0.000,-,-,-,0000000000000000,-,0,0,-,tick
393,2077.128,10.7739,impact,ragdoll,Proventus Avenicci,0001A67D,NPC R Calf [RClf],4,7.126,7.126,74.378,97.721,1.757,6.0000,19.675,-294.118,143.506,-318.000,0.0000,0.0116,0.9999,40.409,88.972,0.629,Static,Carpet,shape,000001EAE4998400,-,0,1,-,
394,2077.785,10.7739,separate,ragdoll,Proventus Avenicci,0001A67D,NPC R Calf [RClf],4,0.000,0.000,0.000,96.100,1.162,6.0000,19.675,0.000,0.000,0.000,0.0000,0.0000,0.0000,37.878,87.750,-10.015,Static,-,-,000001EA56BED300,-,0,0,-,
395,2077.787,10.7739,touch,ragdoll,Proventus Avenicci,0001A67D,NPC R Calf [RClf],4,0.000,0.000,0.000,96.100,1.162,6.0000,19.675,0.000,0.000,0.000,0.0000,0.0000,0.0000,37.878,87.750,-10.015,Static,-,-,000001EA56BED300,-,0,0,-,
396,2086.662,10.7739,listener,ragdoll,Proventus Avenicci,0001A67D,-,-,0.000,0.000,0.000,0.000,0.000,0.0000,0.000,-311.888,-308.942,-318.000,0.0424,0.9991,0.0000,0.000,0.000,0.000,-,-,-,0000000000000000,-,0,0,-,tick
397,2096.721,10.7739,touch,ragdoll,Proventus Avenicci,0001A67D,NPC R Calf [RClf],4,0.000,0.000,0.000,96.970,1.158,6.0000,19.675,0.000,0.000,0.000,0.0000,0.0000,0.0000,34.932,89.074,-15.770,Static,-,-,000001EAE490E500,-,0,0,-,
398,2096.941,10.7739,impact,ragdoll,Proventus Avenicci,0001A67D,NPC R Calf [RClf],4,25.645,25.645,82.255,96.880,1.158,6.0000,19.675,-293.391,145.837,-318.000,-0.0000,-0.0000,1.0000,34.899,88.991,-15.756,Static,Carpet,shape,000001EAE490E500,-,1,1,-,
399,2105.569,10.7740,listener,ragdoll,Proventus Avenicci,0001A67D,-,-,0.000,0.000,0.000,0.000,0.000,0.0000,0.000,-311.888,-308.942,-318.000,0.0424,0.9991,0.0000,0.000,0.000,0.000,-,-,-,0000000000000000,-,0,0,-,tick
400,2115.116,10.7740,separate,ragdoll,Proventus Avenicci,0001A67D,NPC L Thigh [LThg],1,0.000,0.000,0.000,38.875,0.752,6.0000,20.487,0.000,0.000,0.000,0.0000,0.0000,0.0000,4.450,38.053,6.591,Static,-,-,000001EAE4AD0D00,-,0,0,-,
401,2115.471,10.7740,touch,ragdoll,Proventus Avenicci,0001A67D,NPC R Foot [Rft ],8,0.000,0.000,0.000,112.382,2.735,3.0000,10.011,0.000,0.000,0.000,0.0000,0.0000,0.0000,46.619,102.254,-0.703,Static,-,-,000001EAE4AD0D00,-,0,0,-,
402,2115.472,10.7740,separate,ragdoll,Proventus Avenicci,0001A67D,NPC R Foot [Rft ],8,0.000,0.000,0.000,112.382,2.735,3.0000,10.011,0.000,0.000,0.000,0.0000,0.0000,0.0000,46.619,102.254,-0.703,Static,-,-,000001EA56BED300,-,0,0,-,
403,2142.695,10.7741,listener,ragdoll,Proventus Avenicci,0001A67D,-,-,0.000,0.000,0.000,0.000,0.000,0.0000,0.000,-311.888,-308.942,-318.000,0.0424,0.9991,0.0000,0.000,0.000,0.000,-,-,-,0000000000000000,-,0,0,-,tick
404,2181.368,10.7742,listener,ragdoll,Proventus Avenicci,0001A67D,-,-,0.000,0.000,0.000,0.000,0.000,0.0000,0.000,-311.888,-308.942,-318.000,0.0424,0.9991,0.0000,0.000,0.000,0.000,-,-,-,0000000000000000,-,0,0,-,tick
405,2190.490,10.7742,separate,ragdoll,Proventus Avenicci,0001A67D,NPC R Calf [RClf],4,0.000,0.000,0.000,66.569,0.961,6.0000,19.675,0.000,0.000,0.000,0.0000,0.0000,0.0000,36.688,55.537,1.052,Static,-,-,000001EA56BED300,-,0,0,-,
406,2216.740,10.7743,listener,ragdoll,Proventus Avenicci,0001A67D,-,-,0.000,0.000,0.000,0.000,0.000,0.0000,0.000,-311.888,-308.942,-318.000,0.0424,0.9991,0.0000,0.000,0.000,0.000,-,-,-,0000000000000000,-,0,0,-,tick
407,2235.430,10.7743,listener,ragdoll,Proventus Avenicci,0001A67D,-,-,0.000,0.000,0.000,0.000,0.000,0.0000,0.000,-311.888,-308.942,-318.000,0.0424,0.9991,0.0000,0.000,0.000,0.000,-,-,-,0000000000000000,-,0,0,-,tick
408,2271.338,10.7744,listener,ragdoll,Proventus Avenicci,0001A67D,-,-,0.000,0.000,0.000,0.000,0.000,0.0000,0.000,-311.888,-308.942,-318.000,0.0424,0.9991,0.0000,0.000,0.000,0.000,-,-,-,0000000000000000,-,0,0,-,tick
409,2280.757,10.7744,separate,ragdoll,Proventus Avenicci,0001A67D,NPC R Thigh [RThg],2,0.000,0.000,0.000,13.104,0.947,6.0000,20.487,0.000,0.000,0.000,0.0000,0.0000,0.0000,8.906,9.611,-0.130,Static,-,-,000001EAE4998400,-,0,0,-,
410,2308.406,10.7745,listener,ragdoll,Proventus Avenicci,0001A67D,-,-,0.000,0.000,0.000,0.000,0.000,0.0000,0.000,-311.888,-308.942,-318.000,0.0424,0.9991,0.0000,0.000,0.000,0.000,-,-,-,0000000000000000,-,0,0,-,tick
411,2317.269,10.7745,separate,ragdoll,Proventus Avenicci,0001A67D,NPC R Foot [Rft ],8,0.000,0.000,0.000,45.889,1.363,3.0000,10.011,0.000,0.000,0.000,0.0000,0.0000,0.0000,15.046,43.343,0.904,Static,-,-,000001EAE4998400,-,0,0,-,
412,2317.271,10.7745,touch,ragdoll,Proventus Avenicci,0001A67D,NPC R Foot [Rft ],8,0.000,0.000,0.000,45.889,1.363,3.0000,10.011,0.000,0.000,0.000,0.0000,0.0000,0.0000,15.046,43.343,0.904,Static,-,-,000001EAE4998400,-,0,0,-,
413,2335.839,10.7746,touch,ragdoll,Proventus Avenicci,0001A67D,NPC R Foot [Rft ],8,0.000,0.000,0.000,37.081,1.061,3.0000,10.011,0.000,0.000,0.000,0.0000,0.0000,0.0000,11.130,35.095,-4.408,Static,-,-,000001EAE490E500,-,0,0,-,
414,2336.055,10.7746,impact,ragdoll,Proventus Avenicci,0001A67D,NPC R Foot [Rft ],8,6.398,6.398,40.803,37.047,1.060,3.0000,10.011,-254.925,144.483,-318.000,0.0000,-0.0348,0.9994,11.120,35.063,-4.404,Static,Carpet,shape,000001EAE490E500,-,1,1,-,
415,2336.222,10.7746,separate,ragdoll,Proventus Avenicci,0001A67D,NPC R Calf [RClf],4,0.000,0.000,0.000,24.613,0.645,6.0000,19.675,0.000,0.000,0.000,0.0000,0.0000,0.0000,8.547,23.014,-1.758,Static,-,-,000001EAE4998400,-,0,0,-,
416,2336.223,10.7746,separate,ragdoll,Proventus Avenicci,0001A67D,NPC R Foot [Rft ],8,0.000,0.000,0.000,32.885,0.495,3.0000,10.011,0.000,0.000,0.000,0.0000,0.0000,0.0000,12.876,30.259,-0.174,Static,-,-,000001EAE490E500,-,0,0,-,
417,2336.224,10.7746,touch,ragdoll,Proventus Avenicci,0001A67D,NPC R Foot [Rft ],8,0.000,0.000,0.000,32.885,0.495,3.0000,10.011,0.000,0.000,0.000,0.0000,0.0000,0.0000,12.876,30.259,-0.174,Static,-,-,000001EAE490E500,-,0,0,-,
418,2345.572,10.7746,listener,ragdoll,Proventus Avenicci,0001A67D,-,-,0.000,0.000,0.000,0.000,0.000,0.0000,0.000,-311.888,-308.942,-318.000,0.0424,0.9991,0.0000,0.000,0.000,0.000,-,-,-,0000000000000000,-,0,0,-,tick
419,2364.692,10.7747,listener,ragdoll,Proventus Avenicci,0001A67D,-,-,0.000,0.000,0.000,0.000,0.000,0.0000,0.000,-311.888,-308.942,-318.000,0.0424,0.9991,0.0000,0.000,0.000,0.000,-,-,-,0000000000000000,-,0,0,-,tick
420,2402.272,10.7748,listener,ragdoll,Proventus Avenicci,0001A67D,-,-,0.000,0.000,0.000,0.000,0.000,0.0000,0.000,-311.888,-308.942,-318.000,0.0424,0.9991,0.0000,0.000,0.000,0.000,-,-,-,0000000000000000,-,0,0,-,tick
421,2441.276,10.7749,listener,ragdoll,Proventus Avenicci,0001A67D,-,-,0.000,0.000,0.000,0.000,0.000,0.0000,0.000,-311.888,-308.942,-318.000,0.0424,0.9991,0.0000,0.000,0.000,0.000,-,-,-,0000000000000000,-,0,0,-,tick
422,2460.012,10.7749,listener,ragdoll,Proventus Avenicci,0001A67D,-,-,0.000,0.000,0.000,0.000,0.000,0.0000,0.000,-311.888,-308.942,-318.000,0.0424,0.9991,0.0000,0.000,0.000,0.000,-,-,-,0000000000000000,-,0,0,-,tick
423,2498.845,10.7750,listener,ragdoll,Proventus Avenicci,0001A67D,-,-,0.000,0.000,0.000,0.000,0.000,0.0000,0.000,-311.888,-308.942,-318.000,0.0424,0.9991,0.0000,0.000,0.000,0.000,-,-,-,0000000000000000,-,0,0,-,tick
424,2506.302,10.7750,touch,ragdoll,Proventus Avenicci,0001A67D,NPC L Thigh [LThg],1,0.000,0.000,0.000,29.394,1.989,6.0000,20.487,0.000,0.000,0.000,0.0000,0.0000,0.0000,3.800,-8.105,-27.998,Static,-,-,000001EAE4998400,-,0,0,-,
425,2506.490,10.7750,impact,ragdoll,Proventus Avenicci,0001A67D,NPC L Thigh [LThg],1,31.385,31.385,25.015,29.366,1.988,6.0000,20.487,-326.474,143.642,-318.021,0.0000,0.2837,0.9589,3.796,-8.097,-27.971,Static,Carpet,shape,000001EAE4998400,-,1,1,-,
426,2506.661,10.7750,touch,ragdoll,Proventus Avenicci,0001A67D,NPC L Thigh [LThg],1,0.000,0.000,0.000,7.502,1.927,6.0000,20.487,0.000,0.000,0.000,0.0000,0.0000,0.0000,3.014,-2.646,-6.340,Static,-,-,000001EAE4AD0D00,-,0,0,-,
427,2533.290,10.7752,listener,ragdoll,Proventus Avenicci,0001A67D,-,-,0.000,0.000,0.000,0.000,0.000,0.0000,0.000,-311.888,-308.942,-318.000,0.0424,0.9991,0.0000,0.000,0.000,0.000,-,-,-,0000000000000000,-,0,0,-,tick
428,2568.618,10.7753,listener,ragdoll,Proventus Avenicci,0001A67D,-,-,0.000,0.000,0.000,0.000,0.000,0.0000,0.000,-311.888,-308.942,-318.000,0.0424,0.9991,0.0000,0.000,0.000,0.000,-,-,-,0000000000000000,-,0,0,-,tick
429,2578.213,10.7753,separate,ragdoll,Proventus Avenicci,0001A67D,NPC R Foot [Rft ],8,0.000,0.000,0.000,13.359,1.414,3.0000,10.011,0.000,0.000,0.000,0.0000,0.0000,0.0000,-4.680,-12.485,-0.829,Static,-,-,000001EAE490E500,-,0,0,-,
430,2578.215,10.7753,touch,ragdoll,Proventus Avenicci,0001A67D,NPC R Foot [Rft ],8,0.000,0.000,0.000,13.359,1.414,3.0000,10.011,0.000,0.000,0.000,0.0000,0.0000,0.0000,-4.680,-12.485,-0.829,Static,-,-,000001EAE490E500,-,0,0,-,
431,2588.415,10.7753,listener,ragdoll,Proventus Avenicci,0001A67D,-,-,0.000,0.000,0.000,0.000,0.000,0.0000,0.000,-311.888,-308.942,-318.000,0.0424,0.9991,0.0000,0.000,0.000,0.000,-,-,-,0000000000000000,-,0,0,-,tick
432,2597.528,10.7753,touch,ragdoll,Proventus Avenicci,0001A67D,NPC L Calf [LClf],5,0.000,0.000,0.000,77.253,2.800,6.0000,19.675,0.000,0.000,0.000,0.0000,0.0000,0.0000,0.049,-38.097,-67.206,Static,-,-,000001EAE4998400,-,0,0,-,
433,2615.464,10.7753,impact,ragdoll,Proventus Avenicci,0001A67D,NPC L Calf [LClf],5,83.129,83.129,22.990,77.183,2.799,6.0000,19.675,-324.558,131.634,-318.000,-0.0000,-0.0000,1.0000,0.049,-38.062,-67.145,Static,Carpet,shape,000001EAE4998400,-,1,1,-,
434,2625.604,10.7754,listener,ragdoll,Proventus Avenicci,0001A67D,-,-,0.000,0.000,0.000,0.000,0.000,0.0000,0.000,-311.888,-308.942,-318.000,0.0424,0.9991,0.0000,0.000,0.000,0.000,-,-,-,0000000000000000,-,0,0,-,tick
435,2661.969,10.7755,listener,ragdoll,Proventus Avenicci,0001A67D,-,-,0.000,0.000,0.000,0.000,0.000,0.0000,0.000,-311.888,-308.942,-318.000,0.0424,0.9991,0.0000,0.000,0.000,0.000,-,-,-,0000000000000000,-,0,0,-,tick
436,2699.737,10.7756,listener,ragdoll,Proventus Avenicci,0001A67D,-,-,0.000,0.000,0.000,0.000,0.000,0.0000,0.000,-311.888,-308.942,-318.000,0.0424,0.9991,0.0000,0.000,0.000,0.000,-,-,-,0000000000000000,-,0,0,-,tick
437,2718.541,10.7757,listener,ragdoll,Proventus Avenicci,0001A67D,-,-,0.000,0.000,0.000,0.000,0.000,0.0000,0.000,-311.888,-308.942,-318.000,0.0424,0.9991,0.0000,0.000,0.000,0.000,-,-,-,0000000000000000,-,0,0,-,tick
438,2728.643,10.7757,impact,ragdoll,Proventus Avenicci,0001A67D,NPC L Thigh [LThg],1,44.849,44.849,22.246,25.707,1.963,6.0000,20.487,-325.201,136.647,-319.650,-0.0000,-0.0000,1.0000,-4.455,-0.404,-25.315,Static,Wood,shape,000001EAE4AD0D00,-,0,1,-,
439,2728.646,10.7757,impact,ragdoll,Proventus Avenicci,0001A67D,NPC L Thigh [LThg],1,44.849,44.849,19.216,25.707,1.963,6.0000,20.487,-325.201,136.647,-318.000,0.0000,0.0000,1.0000,-4.455,-0.404,-25.315,Static,Carpet,shape,000001EAE4998400,-,0,1,-,
440,2728.646,10.7757,impact,ragdoll,Proventus Avenicci,0001A67D,NPC L Thigh [LThg],1,31.173,31.173,17.321,25.707,1.963,6.0000,20.487,-326.287,144.491,-318.000,-0.0000,-0.0178,0.9998,-4.455,-0.404,-25.315,Static,Carpet,shape,000001EAE490E500,-,0,1,-,
441,2757.591,10.7758,listener,ragdoll,Proventus Avenicci,0001A67D,-,-,0.000,0.000,0.000,0.000,0.000,0.0000,0.000,-311.888,-308.942,-318.000,0.0424,0.9991,0.0000,0.000,0.000,0.000,-,-,-,0000000000000000,-,0,0,-,tick
442,2795.362,10.7759,listener,ragdoll,Proventus Avenicci,0001A67D,-,-,0.000,0.000,0.000,0.000,0.000,0.0000,0.000,-311.888,-308.942,-318.000,0.0424,0.9991,0.0000,0.000,0.000,0.000,-,-,-,0000000000000000,-,0,0,-,tick
443,2806.377,10.7759,touch,ragdoll,Proventus Avenicci,0001A67D,NPC L Calf [LClf],5,0.000,0.000,0.000,15.807,1.203,6.0000,19.675,0.000,0.000,0.000,0.0000,0.0000,0.0000,0.638,-15.126,4.546,Static,-,-,000001EAE4AD0D00,-,0,0,-,
444,2815.159,10.7759,listener,ragdoll,Proventus Avenicci,0001A67D,-,-,0.000,0.000,0.000,0.000,0.000,0.0000,0.000,-311.888,-308.942,-318.000,0.0424,0.9991,0.0000,0.000,0.000,0.000,-,-,-,0000000000000000,-,0,0,-,tick
445,2852.835,10.7760,listener,ragdoll,Proventus Avenicci,0001A67D,-,-,0.000,0.000,0.000,0.000,0.000,0.0000,0.000,-311.888,-308.942,-318.000,0.0424,0.9991,0.0000,0.000,0.000,0.000,-,-,-,0000000000000000,-,0,0,-,tick
446,2892.821,10.7761,listener,ragdoll,Proventus Avenicci,0001A67D,-,-,0.000,0.000,0.000,0.000,0.000,0.0000,0.000,-311.888,-308.942,-318.000,0.0424,0.9991,0.0000,0.000,0.000,0.000,-,-,-,0000000000000000,-,0,0,-,tick
447,2912.230,10.7762,listener,ragdoll,Proventus Avenicci,0001A67D,-,-,0.000,0.000,0.000,0.000,0.000,0.0000,0.000,-311.888,-308.942,-318.000,0.0424,0.9991,0.0000,0.000,0.000,0.000,-,-,-,0000000000000000,-,0,0,-,tick
448,2949.224,10.7763,listener,ragdoll,Proventus Avenicci,0001A67D,-,-,0.000,0.000,0.000,0.000,0.000,0.0000,0.000,-311.888,-308.942,-318.000,0.0424,0.9991,0.0000,0.000,0.000,0.000,-,-,-,0000000000000000,-,0,0,-,tick
449,2982.920,10.7764,listener,ragdoll,Proventus Avenicci,0001A67D,-,-,0.000,0.000,0.000,0.000,0.000,0.0000,0.000,-311.888,-308.942,-318.000,0.0424,0.9991,0.0000,0.000,0.000,0.000,-,-,-,0000000000000000,-,0,0,-,tick
450,3020.478,10.7765,listener,ragdoll,Proventus Avenicci,0001A67D,-,-,0.000,0.000,0.000,0.000,0.000,0.0000,0.000,-311.888,-308.942,-318.000,0.0424,0.9991,0.0000,0.000,0.000,0.000,-,-,-,0000000000000000,-,0,0,-,tick
451,3039.724,10.7766,listener,ragdoll,Proventus Avenicci,0001A67D,-,-,0.000,0.000,0.000,0.000,0.000,0.0000,0.000,-311.888,-308.942,-318.000,0.0424,0.9991,0.0000,0.000,0.000,0.000,-,-,-,0000000000000000,-,0,0,-,tick
452,3075.922,10.7767,listener,ragdoll,Proventus Avenicci,0001A67D,-,-,0.000,0.000,0.000,0.000,0.000,0.0000,0.000,-311.888,-308.942,-318.000,0.0424,0.9991,0.0000,0.000,0.000,0.000,-,-,-,0000000000000000,-,0,0,-,tick
453,3112.684,10.7768,listener,ragdoll,Proventus Avenicci,0001A67D,-,-,0.000,0.000,0.000,0.000,0.000,0.0000,0.000,-311.888,-308.942,-318.000,0.0424,0.9991,0.0000,0.000,0.000,0.000,-,-,-,0000000000000000,-,0,0,-,tick
454,3149.893,10.7769,listener,ragdoll,Proventus Avenicci,0001A67D,-,-,0.000,0.000,0.000,0.000,0.000,0.0000,0.000,-311.888,-308.942,-318.000,0.0424,0.9991,0.0000,0.000,0.000,0.000,-,-,-,0000000000000000,-,0,0,-,tick
455,3169.579,10.7769,listener,ragdoll,Proventus Avenicci,0001A67D,-,-,0.000,0.000,0.000,0.000,0.000,0.0000,0.000,-311.888,-308.942,-318.000,0.0424,0.9991,0.0000,0.000,0.000,0.000,-,-,-,0000000000000000,-,0,0,-,tick
456,3208.854,10.7770,listener,ragdoll,Proventus Avenicci,0001A67D,-,-,0.000,0.000,0.000,0.000,0.000,0.0000,0.000,-311.888,-308.942,-318.000,0.0424,0.9991,0.0000,0.000,0.000,0.000,-,-,-,0000000000000000,-,0,0,-,tick
457,3247.208,10.7771,listener,ragdoll,Proventus Avenicci,0001A67D,-,-,0.000,0.000,0.000,0.000,0.000,0.0000,0.000,-311.888,-308.942,-318.000,0.0424,0.9991,0.0000,0.000,0.000,0.000,-,-,-,0000000000000000,-,0,0,-,tick
458,3265.831,10.7772,listener,ragdoll,Proventus Avenicci,0001A67D,-,-,0.000,0.000,0.000,0.000,0.000,0.0000,0.000,-311.888,-308.942,-318.000,0.0424,0.9991,0.0000,0.000,0.000,0.000,-,-,-,0000000000000000,-,0,0,-,tick
459,3302.990,10.7773,listener,ragdoll,Proventus Avenicci,0001A67D,-,-,0.000,0.000,0.000,0.000,0.000,0.0000,0.000,-311.888,-308.942,-318.000,0.0424,0.9991,0.0000,0.000,0.000,0.000,-,-,-,0000000000000000,-,0,0,-,tick
460,3339.794,10.7774,listener,ragdoll,Proventus Avenicci,0001A67D,-,-,0.000,0.000,0.000,0.000,0.000,0.0000,0.000,-311.888,-308.942,-318.000,0.0424,0.9991,0.0000,0.000,0.000,0.000,-,-,-,0000000000000000,-,0,0,-,tick
461,3377.630,10.7775,listener,ragdoll,Proventus Avenicci,0001A67D,-,-,0.000,0.000,0.000,0.000,0.000,0.0000,0.000,-311.888,-308.942,-318.000,0.0424,0.9991,0.0000,0.000,0.000,0.000,-,-,-,0000000000000000,-,0,0,-,tick
462,3396.396,10.7775,listener,ragdoll,Proventus Avenicci,0001A67D,-,-,0.000,0.000,0.000,0.000,0.000,0.0000,0.000,-311.888,-308.942,-318.000,0.0424,0.9991,0.0000,0.000,0.000,0.000,-,-,-,0000000000000000,-,0,0,-,tick
463,3432.073,10.7776,listener,ragdoll,Proventus Avenicci,0001A67D,-,-,0.000,0.000,0.000,0.000,0.000,0.0000,0.000,-311.888,-308.942,-318.000,0.0424,0.9991,0.0000,0.000,0.000,0.000,-,-,-,0000000000000000,-,0,0,-,tick
464,3468.706,10.7777,listener,ragdoll,Proventus Avenicci,0001A67D,-,-,0.000,0.000,0.000,0.000,0.000,0.0000,0.000,-311.888,-308.942,-318.000,0.0424,0.9991,0.0000,0.000,0.000,0.000,-,-,-,0000000000000000,-,0,0,-,tick
465,3506.710,10.7778,listener,ragdoll,Proventus Avenicci,0001A67D,-,-,0.000,0.000,0.000,0.000,0.000,0.0000,0.000,-311.888,-308.942,-318.000,0.0424,0.9991,0.0000,0.000,0.000,0.000,-,-,-,0000000000000000,-,0,0,-,tick
466,3515.405,10.7778,touch,ragdoll,Proventus Avenicci,0001A67D,NPC L Calf [LClf],5,0.000,0.000,0.000,82.652,6.381,6.0000,19.675,0.000,0.000,0.000,0.0000,0.0000,0.0000,-14.213,-32.389,-74.701,Static,-,-,000001EA56BED300,-,0,0,-,
467,3533.425,10.7779,impact,ragdoll,Proventus Avenicci,0001A67D,NPC L Calf [LClf],5,20.088,20.088,52.098,82.576,6.378,6.0000,19.675,-324.434,128.149,-319.672,0.0000,0.0000,1.0000,-14.200,-32.359,-74.633,Static,Wood,shape,000001EA56BED300,-,1,1,-,
468,3533.657,10.7779,touch,ragdoll,Proventus Avenicci,0001A67D,NPC L Foot [Lft ],7,0.000,0.000,0.000,180.757,2.710,3.0000,10.011,0.000,0.000,0.000,0.0000,0.0000,0.0000,-16.807,-64.884,-167.871,Static,-,-,000001EAE4998400,-,0,0,-,
469,3533.910,10.7779,impact,ragdoll,Proventus Avenicci,0001A67D,NPC L Foot [Lft ],7,169.409,169.409,63.305,180.592,2.708,3.0000,10.011,-318.414,101.037,-318.000,0.0000,0.0000,1.0000,-16.792,-64.825,-167.718,Static,Carpet,shape,000001EAE4998400,-,1,1,-,
470,3541.876,10.7779,listener,ragdoll,Proventus Avenicci,0001A67D,-,-,0.000,0.000,0.000,0.000,0.000,0.0000,0.000,-311.888,-308.942,-318.000,0.0424,0.9991,0.0000,0.000,0.000,0.000,-,-,-,0000000000000000,-,0,0,-,tick
471,3552.280,10.7779,touch,ragdoll,Proventus Avenicci,0001A67D,NPC L Foot [Lft ],7,0.000,0.000,0.000,69.238,10.410,3.0000,10.011,0.000,0.000,0.000,0.0000,0.0000,0.0000,-19.479,-61.877,-24.202,Static,-,-,000001EA56BED300,-,0,0,-,
472,3561.336,10.7780,listener,ragdoll,Proventus Avenicci,0001A67D,-,-,0.000,0.000,0.000,0.000,0.000,0.0000,0.000,-311.888,-308.942,-318.000,0.0424,0.9991,0.0000,0.000,0.000,0.000,-,-,-,0000000000000000,-,0,0,-,tick
473,3596.530,10.7781,listener,ragdoll,Proventus Avenicci,0001A67D,-,-,0.000,0.000,0.000,0.000,0.000,0.0000,0.000,-311.888,-308.942,-318.000,0.0424,0.9991,0.0000,0.000,0.000,0.000,-,-,-,0000000000000000,-,0,0,-,tick
474,3633.527,10.7782,listener,ragdoll,Proventus Avenicci,0001A67D,-,-,0.000,0.000,0.000,0.000,0.000,0.0000,0.000,-311.888,-308.942,-318.000,0.0424,0.9991,0.0000,0.000,0.000,0.000,-,-,-,0000000000000000,-,0,0,-,tick
475,3672.480,10.7783,listener,ragdoll,Proventus Avenicci,0001A67D,-,-,0.000,0.000,0.000,0.000,0.000,0.0000,0.000,-311.888,-308.942,-318.000,0.0424,0.9991,0.0000,0.000,0.000,0.000,-,-,-,0000000000000000,-,0,0,-,tick
476,3693.303,10.7783,listener,ragdoll,Proventus Avenicci,0001A67D,-,-,0.000,0.000,0.000,0.000,0.000,0.0000,0.000,-311.888,-308.942,-318.000,0.0424,0.9991,0.0000,0.000,0.000,0.000,-,-,-,0000000000000000,-,0,0,-,tick
477,3729.653,10.7785,listener,ragdoll,Proventus Avenicci,0001A67D,-,-,0.000,0.000,0.000,0.000,0.000,0.0000,0.000,-311.888,-308.942,-318.000,0.0424,0.9991,0.0000,0.000,0.000,0.000,-,-,-,0000000000000000,-,0,0,-,tick
478,3766.261,10.7786,listener,ragdoll,Proventus Avenicci,0001A67D,-,-,0.000,0.000,0.000,0.000,0.000,0.0000,0.000,-311.888,-308.942,-318.000,0.0424,0.9991,0.0000,0.000,0.000,0.000,-,-,-,0000000000000000,-,0,0,-,tick
479,3785.610,10.7786,listener,ragdoll,Proventus Avenicci,0001A67D,-,-,0.000,0.000,0.000,0.000,0.000,0.0000,0.000,-311.888,-308.942,-318.000,0.0424,0.9991,0.0000,0.000,0.000,0.000,-,-,-,0000000000000000,-,0,0,-,tick
480,3822.886,10.7787,listener,ragdoll,Proventus Avenicci,0001A67D,-,-,0.000,0.000,0.000,0.000,0.000,0.0000,0.000,-311.888,-308.942,-318.000,0.0424,0.9991,0.0000,0.000,0.000,0.000,-,-,-,0000000000000000,-,0,0,-,tick
481,3860.035,10.7788,listener,ragdoll,Proventus Avenicci,0001A67D,-,-,0.000,0.000,0.000,0.000,0.000,0.0000,0.000,-311.888,-308.942,-318.000,0.0424,0.9991,0.0000,0.000,0.000,0.000,-,-,-,0000000000000000,-,0,0,-,tick
482,3897.319,10.7789,listener,ragdoll,Proventus Avenicci,0001A67D,-,-,0.000,0.000,0.000,0.000,0.000,0.0000,0.000,-311.888,-308.942,-318.000,0.0424,0.9991,0.0000,0.000,0.000,0.000,-,-,-,0000000000000000,-,0,0,-,tick
483,3914.599,10.7790,listener,ragdoll,Proventus Avenicci,0001A67D,-,-,0.000,0.000,0.000,0.000,0.000,0.0000,0.000,-311.888,-308.942,-318.000,0.0424,0.9991,0.0000,0.000,0.000,0.000,-,-,-,0000000000000000,-,0,0,-,tick
484,3950.820,10.7791,listener,ragdoll,Proventus Avenicci,0001A67D,-,-,0.000,0.000,0.000,0.000,0.000,0.0000,0.000,-311.888,-308.942,-318.000,0.0424,0.9991,0.0000,0.000,0.000,0.000,-,-,-,0000000000000000,-,0,0,-,tick
485,3989.093,10.7792,listener,ragdoll,Proventus Avenicci,0001A67D,-,-,0.000,0.000,0.000,0.000,0.000,0.0000,0.000,-311.888,-308.942,-318.000,0.0424,0.9991,0.0000,0.000,0.000,0.000,-,-,-,0000000000000000,-,0,0,-,tick
486,4025.493,10.7793,listener,ragdoll,Proventus Avenicci,0001A67D,-,-,0.000,0.000,0.000,0.000,0.000,0.0000,0.000,-311.888,-308.942,-318.000,0.0424,0.9991,0.0000,0.000,0.000,0.000,-,-,-,0000000000000000,-,0,0,-,tick
487,4044.066,10.7793,listener,ragdoll,Proventus Avenicci,0001A67D,-,-,0.000,0.000,0.000,0.000,0.000,0.0000,0.000,-311.888,-308.942,-318.000,0.0424,0.9991,0.0000,0.000,0.000,0.000,-,-,-,0000000000000000,-,0,0,-,tick
488,4081.385,10.7794,listener,ragdoll,Proventus Avenicci,0001A67D,-,-,0.000,0.000,0.000,0.000,0.000,0.0000,0.000,-311.888,-308.942,-318.000,0.0424,0.9991,0.0000,0.000,0.000,0.000,-,-,-,0000000000000000,-,0,0,-,tick
489,4120.026,10.7795,listener,ragdoll,Proventus Avenicci,0001A67D,-,-,0.000,0.000,0.000,0.000,0.000,0.0000,0.000,-311.888,-308.942,-318.000,0.0424,0.9991,0.0000,0.000,0.000,0.000,-,-,-,0000000000000000,-,0,0,-,tick
490,4140.667,10.7796,listener,ragdoll,Proventus Avenicci,0001A67D,-,-,0.000,0.000,0.000,0.000,0.000,0.0000,0.000,-311.888,-308.942,-318.000,0.0424,0.9991,0.0000,0.000,0.000,0.000,-,-,-,0000000000000000,-,0,0,-,tick
491,4177.757,10.7797,listener,ragdoll,Proventus Avenicci,0001A67D,-,-,0.000,0.000,0.000,0.000,0.000,0.0000,0.000,-311.888,-308.942,-318.000,0.0424,0.9991,0.0000,0.000,0.000,0.000,-,-,-,0000000000000000,-,0,0,-,tick
492,4215.227,10.7798,listener,ragdoll,Proventus Avenicci,0001A67D,-,-,0.000,0.000,0.000,0.000,0.000,0.0000,0.000,-311.888,-308.942,-318.000,0.0424,0.9991,0.0000,0.000,0.000,0.000,-,-,-,0000000000000000,-,0,0,-,tick
493,4251.493,10.7799,listener,ragdoll,Proventus Avenicci,0001A67D,-,-,0.000,0.000,0.000,0.000,0.000,0.0000,0.000,-311.888,-308.942,-318.000,0.0424,0.9991,0.0000,0.000,0.000,0.000,-,-,-,0000000000000000,-,0,0,-,tick
494,4270.033,10.7800,listener,ragdoll,Proventus Avenicci,0001A67D,-,-,0.000,0.000,0.000,0.000,0.000,0.0000,0.000,-311.888,-308.942,-318.000,0.0424,0.9991,0.0000,0.000,0.000,0.000,-,-,-,0000000000000000,-,0,0,-,tick
495,4308.091,10.7801,listener,ragdoll,Proventus Avenicci,0001A67D,-,-,0.000,0.000,0.000,0.000,0.000,0.0000,0.000,-311.888,-308.942,-318.000,0.0424,0.9991,0.0000,0.000,0.000,0.000,-,-,-,0000000000000000,-,0,0,-,tick
496,4346.155,10.7802,listener,ragdoll,Proventus Avenicci,0001A67D,-,-,0.000,0.000,0.000,0.000,0.000,0.0000,0.000,-311.888,-308.942,-318.000,0.0424,0.9991,0.0000,0.000,0.000,0.000,-,-,-,0000000000000000,-,0,0,-,tick
497,4381.716,10.7803,listener,ragdoll,Proventus Avenicci,0001A67D,-,-,0.000,0.000,0.000,0.000,0.000,0.0000,0.000,-311.888,-308.942,-318.000,0.0424,0.9991,0.0000,0.000,0.000,0.000,-,-,-,0000000000000000,-,0,0,-,tick
498,4399.922,10.7803,listener,ragdoll,Proventus Avenicci,0001A67D,-,-,0.000,0.000,0.000,0.000,0.000,0.0000,0.000,-311.888,-308.942,-318.000,0.0424,0.9991,0.0000,0.000,0.000,0.000,-,-,-,0000000000000000,-,0,0,-,tick
499,4436.761,10.7804,listener,ragdoll,Proventus Avenicci,0001A67D,-,-,0.000,0.000,0.000,0.000,0.000,0.0000,0.000,-311.888,-308.942,-318.000,0.0424,0.9991,0.0000,0.000,0.000,0.000,-,-,-,0000000000000000,-,0,0,-,tick
500,4474.280,10.7805,listener,ragdoll,Proventus Avenicci,0001A67D,-,-,0.000,0.000,0.000,0.000,0.000,0.0000,0.000,-311.888,-308.942,-318.000,0.0424,0.9991,0.0000,0.000,0.000,0.000,-,-,-,0000000000000000,-,0,0,-,tick
501,4513.489,10.7806,listener,ragdoll,Proventus Avenicci,0001A67D,-,-,0.000,0.000,0.000,0.000,0.000,0.0000,0.000,-311.888,-308.942,-318.000,0.0424,0.9991,0.0000,0.000,0.000,0.000,-,-,-,0000000000000000,-,0,0,-,tick
502,4529.519,10.7807,listener,ragdoll,Proventus Avenicci,0001A67D,-,-,0.000,0.000,0.000,0.000,0.000,0.0000,0.000,-311.888,-308.942,-318.000,0.0424,0.9991,0.0000,0.000,0.000,0.000,-,-,-,0000000000000000,-,0,0,-,tick
503,4567.498,10.7808,listener,ragdoll,Proventus Avenicci,0001A67D,-,-,0.000,0.000,0.000,0.000,0.000,0.0000,0.000,-311.888,-308.942,-318.000,0.0424,0.9991,0.0000,0.000,0.000,0.000,-,-,-,0000000000000000,-,0,0,-,tick
504,4605.070,10.7809,listener,ragdoll,Proventus Avenicci,0001A67D,-,-,0.000,0.000,0.000,0.000,0.000,0.0000,0.000,-311.888,-308.942,-318.000,0.0424,0.9991,0.0000,0.000,0.000,0.000,-,-,-,0000000000000000,-,0,0,-,tick
505,4624.142,10.7809,listener,ragdoll,Proventus Avenicci,0001A67D,-,-,0.000,0.000,0.000,0.000,0.000,0.0000,0.000,-311.888,-308.942,-318.000,0.0424,0.9991,0.0000,0.000,0.000,0.000,-,-,-,0000000000000000,-,0,0,-,tick
506,4662.274,10.7810,listener,ragdoll,Proventus Avenicci,0001A67D,-,-,0.000,0.000,0.000,0.000,0.000,0.0000,0.000,-311.888,-308.942,-318.000,0.0424,0.9991,0.0000,0.000,0.000,0.000,-,-,-,0000000000000000,-,0,0,-,tick
507,4698.445,10.7811,listener,ragdoll,Proventus Avenicci,0001A67D,-,-,0.000,0.000,0.000,0.000,0.000,0.0000,0.000,-311.888,-308.942,-318.000,0.0424,0.9991,0.0000,0.000,0.000,0.000,-,-,-,0000000000000000,-,0,0,-,tick
508,4734.356,10.7812,listener,ragdoll,Proventus Avenicci,0001A67D,-,-,0.000,0.000,0.000,0.000,0.000,0.0000,0.000,-311.888,-308.942,-318.000,0.0424,0.9991,0.0000,0.000,0.000,0.000,-,-,-,0000000000000000,-,0,0,-,tick
509,4754.114,10.7813,listener,ragdoll,Proventus Avenicci,0001A67D,-,-,0.000,0.000,0.000,0.000,0.000,0.0000,0.000,-311.888,-308.942,-318.000,0.0424,0.9991,0.0000,0.000,0.000,0.000,-,-,-,0000000000000000,-,0,0,-,tick
510,4791.246,10.7814,listener,ragdoll,Proventus Avenicci,0001A67D,-,-,0.000,0.000,0.000,0.000,0.000,0.0000,0.000,-311.888,-308.942,-318.000,0.0424,0.9991,0.0000,0.000,0.000,0.000,-,-,-,0000000000000000,-,0,0,-,tick
511,4828.426,10.7815,listener,ragdoll,Proventus Avenicci,0001A67D,-,-,0.000,0.000,0.000,0.000,0.000,0.0000,0.000,-311.888,-308.942,-318.000,0.0424,0.9991,0.0000,0.000,0.000,0.000,-,-,-,0000000000000000,-,0,0,-,tick
512,4865.031,10.7816,listener,ragdoll,Proventus Avenicci,0001A67D,-,-,0.000,0.000,0.000,0.000,0.000,0.0000,0.000,-311.888,-308.942,-318.000,0.0424,0.9991,0.0000,0.000,0.000,0.000,-,-,-,0000000000000000,-,0,0,-,tick
513,4882.956,10.7817,listener,ragdoll,Proventus Avenicci,0001A67D,-,-,0.000,0.000,0.000,0.000,0.000,0.0000,0.000,-311.888,-308.942,-318.000,0.0424,0.9991,0.0000,0.000,0.000,0.000,-,-,-,0000000000000000,-,0,0,-,tick
514,4919.393,10.7818,listener,ragdoll,Proventus Avenicci,0001A67D,-,-,0.000,0.000,0.000,0.000,0.000,0.0000,0.000,-311.888,-308.942,-318.000,0.0424,0.9991,0.0000,0.000,0.000,0.000,-,-,-,0000000000000000,-,0,0,-,tick
515,4956.880,10.7819,listener,ragdoll,Proventus Avenicci,0001A67D,-,-,0.000,0.000,0.000,0.000,0.000,0.0000,0.000,-311.888,-308.942,-318.000,0.0424,0.9991,0.0000,0.000,0.000,0.000,-,-,-,0000000000000000,-,0,0,-,tick
516,4994.489,10.7820,listener,ragdoll,Proventus Avenicci,0001A67D,-,-,0.000,0.000,0.000,0.000,0.000,0.0000,0.000,-311.888,-308.942,-318.000,0.0424,0.9991,0.0000,0.000,0.000,0.000,-,-,-,0000000000000000,-,0,0,-,tick
517,5014.264,10.7820,listener,ragdoll,Proventus Avenicci,0001A67D,-,-,0.000,0.000,0.000,0.000,0.000,0.0000,0.000,-311.888,-308.942,-318.000,0.0424,0.9991,0.0000,0.000,0.000,0.000,-,-,-,0000000000000000,-,0,0,-,tick
518,5049.909,10.7821,listener,ragdoll,Proventus Avenicci,0001A67D,-,-,0.000,0.000,0.000,0.000,0.000,0.0000,0.000,-311.888,-308.942,-318.000,0.0424,0.9991,0.0000,0.000,0.000,0.000,-,-,-,0000000000000000,-,0,0,-,tick
519,5088.447,10.7822,listener,ragdoll,Proventus Avenicci,0001A67D,-,-,0.000,0.000,0.000,0.000,0.000,0.0000,0.000,-311.888,-308.942,-318.000,0.0424,0.9991,0.0000,0.000,0.000,0.000,-,-,-,0000000000000000,-,0,0,-,tick
520,5106.994,10.7823,listener,ragdoll,Proventus Avenicci,0001A67D,-,-,0.000,0.000,0.000,0.000,0.000,0.0000,0.000,-311.888,-308.942,-318.000,0.0424,0.9991,0.0000,0.000,0.000,0.000,-,-,-,0000000000000000,-,0,0,-,tick
521,5145.355,10.7824,listener,ragdoll,Proventus Avenicci,0001A67D,-,-,0.000,0.000,0.000,0.000,0.000,0.0000,0.000,-311.888,-308.942,-318.000,0.0424,0.9991,0.0000,0.000,0.000,0.000,-,-,-,0000000000000000,-,0,0,-,tick
522,5181.844,10.7825,listener,ragdoll,Proventus Avenicci,0001A67D,-,-,0.000,0.000,0.000,0.000,0.000,0.0000,0.000,-311.888,-308.942,-318.000,0.0424,0.9991,0.0000,0.000,0.000,0.000,-,-,-,0000000000000000,-,0,0,-,tick
523,5218.165,10.7826,listener,ragdoll,Proventus Avenicci,0001A67D,-,-,0.000,0.000,0.000,0.000,0.000,0.0000,0.000,-311.888,-308.942,-318.000,0.0424,0.9991,0.0000,0.000,0.000,0.000,-,-,-,0000000000000000,-,0,0,-,tick
524,5237.279,10.7826,listener,ragdoll,Proventus Avenicci,0001A67D,-,-,0.000,0.000,0.000,0.000,0.000,0.0000,0.000,-311.888,-308.942,-318.000,0.0424,0.9991,0.0000,0.000,0.000,0.000,-,-,-,0000000000000000,-,0,0,-,tick
525,5272.895,10.7827,listener,ragdoll,Proventus Avenicci,0001A67D,-,-,0.000,0.000,0.000,0.000,0.000,0.0000,0.000,-311.888,-308.942,-318.000,0.0424,0.9991,0.0000,0.000,0.000,0.000,-,-,-,0000000000000000,-,0,0,-,tick
526,5309.945,10.7828,listener,ragdoll,Proventus Avenicci,0001A67D,-,-,0.000,0.000,0.000,0.000,0.000,0.0000,0.000,-311.888,-308.942,-318.000,0.0424,0.9991,0.0000,0.000,0.000,0.000,-,-,-,0000000000000000,-,0,0,-,tick
527,5347.946,10.7829,listener,ragdoll,Proventus Avenicci,0001A67D,-,-,0.000,0.000,0.000,0.000,0.000,0.0000,0.000,-311.888,-308.942,-318.000,0.0424,0.9991,0.0000,0.000,0.000,0.000,-,-,-,0000000000000000,-,0,0,-,tick
528,5368.324,10.7830,listener,ragdoll,Proventus Avenicci,0001A67D,-,-,0.000,0.000,0.000,0.000,0.000,0.0000,0.000,-311.888,-308.942,-318.000,0.0424,0.9991,0.0000,0.000,0.000,0.000,-,-,-,0000000000000000,-,0,0,-,tick
529,5406.243,10.7831,listener,ragdoll,Proventus Avenicci,0001A67D,-,-,0.000,0.000,0.000,0.000,0.000,0.0000,0.000,-311.888,-308.942,-318.000,0.0424,0.9991,0.0000,0.000,0.000,0.000,-,-,-,0000000000000000,-,0,0,-,tick
530,5443.600,10.7832,listener,ragdoll,Proventus Avenicci,0001A67D,-,-,0.000,0.000,0.000,0.000,0.000,0.0000,0.000,-311.888,-308.942,-318.000,0.0424,0.9991,0.0000,0.000,0.000,0.000,-,-,-,0000000000000000,-,0,0,-,tick
531,5463.212,10.7833,listener,ragdoll,Proventus Avenicci,0001A67D,-,-,0.000,0.000,0.000,0.000,0.000,0.0000,0.000,-311.888,-308.942,-318.000,0.0424,0.9991,0.0000,0.000,0.000,0.000,-,-,-,0000000000000000,-,0,0,-,tick
532,5501.052,10.7834,listener,ragdoll,Proventus Avenicci,0001A67D,-,-,0.000,0.000,0.000,0.000,0.000,0.0000,0.000,-311.888,-308.942,-318.000,0.0424,0.9991,0.0000,0.000,0.000,0.000,-,-,-,0000000000000000,-,0,0,-,tick
533,5534.937,10.7835,listener,ragdoll,Proventus Avenicci,0001A67D,-,-,0.000,0.000,0.000,0.000,0.000,0.0000,0.000,-311.888,-308.942,-318.000,0.0424,0.9991,0.0000,0.000,0.000,0.000,-,-,-,0000000000000000,-,0,0,-,tick
534,5570.261,10.7836,listener,ragdoll,Proventus Avenicci,0001A67D,-,-,0.000,0.000,0.000,0.000,0.000,0.0000,0.000,-311.888,-308.942,-318.000,0.0424,0.9991,0.0000,0.000,0.000,0.000,-,-,-,0000000000000000,-,0,0,-,tick
535,5589.667,10.7836,listener,ragdoll,Proventus Avenicci,0001A67D,-,-,0.000,0.000,0.000,0.000,0.000,0.0000,0.000,-311.888,-308.942,-318.000,0.0424,0.9991,0.0000,0.000,0.000,0.000,-,-,-,0000000000000000,-,0,0,-,tick
536,5626.662,10.7837,listener,ragdoll,Proventus Avenicci,0001A67D,-,-,0.000,0.000,0.000,0.000,0.000,0.0000,0.000,-311.888,-308.942,-318.000,0.0424,0.9991,0.0000,0.000,0.000,0.000,-,-,-,0000000000000000,-,0,0,-,tick
537,5663.342,10.7838,listener,ragdoll,Proventus Avenicci,0001A67D,-,-,0.000,0.000,0.000,0.000,0.000,0.0000,0.000,-311.888,-308.942,-318.000,0.0424,0.9991,0.0000,0.000,0.000,0.000,-,-,-,0000000000000000,-,0,0,-,tick
538,5701.970,10.7839,listener,ragdoll,Proventus Avenicci,0001A67D,-,-,0.000,0.000,0.000,0.000,0.000,0.0000,0.000,-311.888,-308.942,-318.000,0.0424,0.9991,0.0000,0.000,0.000,0.000,-,-,-,0000000000000000,-,0,0,-,tick
539,5722.322,10.7840,listener,ragdoll,Proventus Avenicci,0001A67D,-,-,0.000,0.000,0.000,0.000,0.000,0.0000,0.000,-311.888,-308.942,-318.000,0.0424,0.9991,0.0000,0.000,0.000,0.000,-,-,-,0000000000000000,-,0,0,-,tick
540,5761.572,10.7841,listener,ragdoll,Proventus Avenicci,0001A67D,-,-,0.000,0.000,0.000,0.000,0.000,0.0000,0.000,-311.888,-308.942,-318.000,0.0424,0.9991,0.0000,0.000,0.000,0.000,-,-,-,0000000000000000,-,0,0,-,tick
541,5799.391,10.7842,listener,ragdoll,Proventus Avenicci,0001A67D,-,-,0.000,0.000,0.000,0.000,0.000,0.0000,0.000,-311.888,-308.942,-318.000,0.0424,0.9991,0.0000,0.000,0.000,0.000,-,-,-,0000000000000000,-,0,0,-,tick
542,5817.900,10.7842,listener,ragdoll,Proventus Avenicci,0001A67D,-,-,0.000,0.000,0.000,0.000,0.000,0.0000,0.000,-311.888,-308.942,-318.000,0.0424,0.9991,0.0000,0.000,0.000,0.000,-,-,-,0000000000000000,-,0,0,-,tick
543,5855.817,10.7843,listener,ragdoll,Proventus Avenicci,0001A67D,-,-,0.000,0.000,0.000,0.000,0.000,0.0000,0.000,-311.888,-308.942,-318.000,0.0424,0.9991,0.0000,0.000,0.000,0.000,-,-,-,0000000000000000,-,0,0,-,tick
544,5893.503,10.7844,listener,ragdoll,Proventus Avenicci,0001A67D,-,-,0.000,0.000,0.000,0.000,0.000,0.0000,0.000,-311.888,-308.942,-318.000,0.0424,0.9991,0.0000,0.000,0.000,0.000,-,-,-,0000000000000000,-,0,0,-,tick
545,5930.040,10.7846,listener,ragdoll,Proventus Avenicci,0001A67D,-,-,0.000,0.000,0.000,0.000,0.000,0.0000,0.000,-311.888,-308.942,-318.000,0.0424,0.9991,0.0000,0.000,0.000,0.000,-,-,-,0000000000000000,-,0,0,-,tick
546,5947.850,10.7846,listener,ragdoll,Proventus Avenicci,0001A67D,-,-,0.000,0.000,0.000,0.000,0.000,0.0000,0.000,-311.888,-308.942,-318.000,0.0424,0.9991,0.0000,0.000,0.000,0.000,-,-,-,0000000000000000,-,0,0,-,tick
547,5984.364,10.7847,listener,ragdoll,Proventus Avenicci,0001A67D,-,-,0.000,0.000,0.000,0.000,0.000,0.0000,0.000,-311.888,-308.942,-318.000,0.0424,0.9991,0.0000,0.000,0.000,0.000,-,-,-,0000000000000000,-,0,0,-,tick
548,6022.553,10.7848,listener,ragdoll,Proventus Avenicci,0001A67D,-,-,0.000,0.000,0.000,0.000,0.000,0.0000,0.000,-311.888,-308.942,-318.000,0.0424,0.9991,0.0000,0.000,0.000,0.000,-,-,-,0000000000000000,-,0,0,-,tick
549,6042.203,10.7849,listener,ragdoll,Proventus Avenicci,0001A67D,-,-,0.000,0.000,0.000,0.000,0.000,0.0000,0.000,-311.888,-308.942,-318.000,0.0424,0.9991,0.0000,0.000,0.000,0.000,-,-,-,0000000000000000,-,0,0,-,tick
550,6078.840,10.7850,listener,ragdoll,Proventus Avenicci,0001A67D,-,-,0.000,0.000,0.000,0.000,0.000,0.0000,0.000,-311.888,-308.942,-318.000,0.0424,0.9991,0.0000,0.000,0.000,0.000,-,-,-,0000000000000000,-,0,0,-,tick
551,6114.660,10.7851,listener,ragdoll,Proventus Avenicci,0001A67D,-,-,0.000,0.000,0.000,0.000,0.000,0.0000,0.000,-311.888,-308.942,-318.000,0.0424,0.9991,0.0000,0.000,0.000,0.000,-,-,-,0000000000000000,-,0,0,-,tick
552,6153.053,10.7852,listener,ragdoll,Proventus Avenicci,0001A67D,-,-,0.000,0.000,0.000,0.000,0.000,0.0000,0.000,-311.888,-308.942,-318.000,0.0424,0.9991,0.0000,0.000,0.000,0.000,-,-,-,0000000000000000,-,0,0,-,tick
553,6171.155,10.7852,listener,ragdoll,Proventus Avenicci,0001A67D,-,-,0.000,0.000,0.000,0.000,0.000,0.0000,0.000,-311.888,-308.942,-318.000,0.0424,0.9991,0.0000,0.000,0.000,0.000,-,-,-,0000000000000000,-,0,0,-,tick
554,6207.949,10.7853,listener,ragdoll,Proventus Avenicci,0001A67D,-,-,0.000,0.000,0.000,0.000,0.000,0.0000,0.000,-311.888,-308.942,-318.000,0.0424,0.9991,0.0000,0.000,0.000,0.000,-,-,-,0000000000000000,-,0,0,-,tick
555,6246.515,10.7854,listener,ragdoll,Proventus Avenicci,0001A67D,-,-,0.000,0.000,0.000,0.000,0.000,0.0000,0.000,-311.888,-308.942,-318.000,0.0424,0.9991,0.0000,0.000,0.000,0.000,-,-,-,0000000000000000,-,0,0,-,tick
556,6282.505,10.7855,listener,ragdoll,Proventus Avenicci,0001A67D,-,-,0.000,0.000,0.000,0.000,0.000,0.0000,0.000,-311.888,-308.942,-318.000,0.0424,0.9991,0.0000,0.000,0.000,0.000,-,-,-,0000000000000000,-,0,0,-,tick
557,6300.777,10.7856,listener,ragdoll,Proventus Avenicci,0001A67D,-,-,0.000,0.000,0.000,0.000,0.000,0.0000,0.000,-311.888,-308.942,-318.000,0.0424,0.9991,0.0000,0.000,0.000,0.000,-,-,-,0000000000000000,-,0,0,-,tick
558,6338.208,10.7857,listener,ragdoll,Proventus Avenicci,0001A67D,-,-,0.000,0.000,0.000,0.000,0.000,0.0000,0.000,-311.888,-308.942,-318.000,0.0424,0.9991,0.0000,0.000,0.000,0.000,-,-,-,0000000000000000,-,0,0,-,tick
559,6375.896,10.7858,listener,ragdoll,Proventus Avenicci,0001A67D,-,-,0.000,0.000,0.000,0.000,0.000,0.0000,0.000,-311.888,-308.942,-318.000,0.0424,0.9991,0.0000,0.000,0.000,0.000,-,-,-,0000000000000000,-,0,0,-,tick
560,6413.664,10.7859,listener,ragdoll,Proventus Avenicci,0001A67D,-,-,0.000,0.000,0.000,0.000,0.000,0.0000,0.000,-311.888,-308.942,-318.000,0.0424,0.9991,0.0000,0.000,0.000,0.000,-,-,-,0000000000000000,-,0,0,-,tick
561,6431.929,10.7859,listener,ragdoll,Proventus Avenicci,0001A67D,-,-,0.000,0.000,0.000,0.000,0.000,0.0000,0.000,-311.888,-308.942,-318.000,0.0424,0.9991,0.0000,0.000,0.000,0.000,-,-,-,0000000000000000,-,0,0,-,tick
562,6468.259,10.7860,listener,ragdoll,Proventus Avenicci,0001A67D,-,-,0.000,0.000,0.000,0.000,0.000,0.0000,0.000,-311.888,-308.942,-318.000,0.0424,0.9991,0.0000,0.000,0.000,0.000,-,-,-,0000000000000000,-,0,0,-,tick
563,6505.865,10.7862,listener,ragdoll,Proventus Avenicci,0001A67D,-,-,0.000,0.000,0.000,0.000,0.000,0.0000,0.000,-311.888,-308.942,-318.000,0.0424,0.9991,0.0000,0.000,0.000,0.000,-,-,-,0000000000000000,-,0,0,-,tick
564,6543.268,10.7863,listener,ragdoll,Proventus Avenicci,0001A67D,-,-,0.000,0.000,0.000,0.000,0.000,0.0000,0.000,-311.888,-308.942,-318.000,0.0424,0.9991,0.0000,0.000,0.000,0.000,-,-,-,0000000000000000,-,0,0,-,tick
565,6562.250,10.7863,listener,ragdoll,Proventus Avenicci,0001A67D,-,-,0.000,0.000,0.000,0.000,0.000,0.0000,0.000,-311.888,-308.942,-318.000,0.0424,0.9991,0.0000,0.000,0.000,0.000,-,-,-,0000000000000000,-,0,0,-,tick
566,6598.080,10.7864,listener,ragdoll,Proventus Avenicci,0001A67D,-,-,0.000,0.000,0.000,0.000,0.000,0.0000,0.000,-311.888,-308.942,-318.000,0.0424,0.9991,0.0000,0.000,0.000,0.000,-,-,-,0000000000000000,-,0,0,-,tick
567,6636.417,10.7865,listener,ragdoll,Proventus Avenicci,0001A67D,-,-,0.000,0.000,0.000,0.000,0.000,0.0000,0.000,-311.888,-308.942,-318.000,0.0424,0.9991,0.0000,0.000,0.000,0.000,-,-,-,0000000000000000,-,0,0,-,tick
568,6656.039,10.7866,listener,ragdoll,Proventus Avenicci,0001A67D,-,-,0.000,0.000,0.000,0.000,0.000,0.0000,0.000,-311.888,-308.942,-318.000,0.0424,0.9991,0.0000,0.000,0.000,0.000,-,-,-,0000000000000000,-,0,0,-,tick
569,6693.045,10.7867,listener,ragdoll,Proventus Avenicci,0001A67D,-,-,0.000,0.000,0.000,0.000,0.000,0.0000,0.000,-311.888,-308.942,-318.000,0.0424,0.9991,0.0000,0.000,0.000,0.000,-,-,-,0000000000000000,-,0,0,-,tick
570,6730.769,10.7868,listener,ragdoll,Proventus Avenicci,0001A67D,-,-,0.000,0.000,0.000,0.000,0.000,0.0000,0.000,-311.888,-308.942,-318.000,0.0424,0.9991,0.0000,0.000,0.000,0.000,-,-,-,0000000000000000,-,0,0,-,tick
571,6766.484,10.7869,listener,ragdoll,Proventus Avenicci,0001A67D,-,-,0.000,0.000,0.000,0.000,0.000,0.0000,0.000,-311.888,-308.942,-318.000,0.0424,0.9991,0.0000,0.000,0.000,0.000,-,-,-,0000000000000000,-,0,0,-,tick
572,6803.114,10.7870,listener,ragdoll,Proventus Avenicci,0001A67D,-,-,0.000,0.000,0.000,0.000,0.000,0.0000,0.000,-311.888,-308.942,-318.000,0.0424,0.9991,0.0000,0.000,0.000,0.000,-,-,-,0000000000000000,-,0,0,-,tick
573,6822.149,10.7870,listener,ragdoll,Proventus Avenicci,0001A67D,-,-,0.000,0.000,0.000,0.000,0.000,0.0000,0.000,-311.888,-308.942,-318.000,0.0424,0.9991,0.0000,0.000,0.000,0.000,-,-,-,0000000000000000,-,0,0,-,tick
0,6850.327,10.7870,state,animated,Proventus Avenicci,0001A67D,-,-,0.000,0.000,0.000,0.000,0.000,0.0000,0.000,0.000,0.000,0.000,0.0000,0.0000,0.0000,0.000,0.000,0.000,-,-,-,0000000000000000,-,0,0,0,session_stop
