seq,t_ms,game_hour,event,phase,actor,actor_id,limb,limb_index,impact_speed,normal_speed,tangent_speed,body_speed,angular_speed,mass,limb_radius,pos_x,pos_y,pos_z,nrm_x,nrm_y,nrm_z,vel_x,vel_y,vel_z,other_layer,other_material,material_source,other_body,other_limb,manifold_first,manifold_last,dropped,state
0,0.975,0.0000,state,unknown,Proventus Avenicci,0001A67D,-,-,0.000,0.000,0.000,0.000,0.000,0.0000,0.000,0.000,0.000,0.000,0.0000,0.0000,0.0000,0.000,0.000,0.000,-,-,-,0000000000000000,-,0,0,-,session_start
1,0.976,0.0000,limb_sample,unknown,Proventus Avenicci,0001A67D,NPC COM [COM ],0,0.000,0.000,0.000,1.610,0.222,50.0000,17.687,-307.528,-120.607,-253.989,0.0000,0.0000,0.0000,0.640,0.116,-1.473,-,-,-,0000000000000000,-,0,0,-,session_start
2,0.976,0.0000,limb_sample,unknown,Proventus Avenicci,0001A67D,NPC L Thigh [LThg],1,0.000,0.000,0.000,0.463,0.052,6.0000,20.487,-314.093,-121.576,-254.094,0.0000,0.0000,0.0000,-0.143,-0.214,0.385,-,-,-,0000000000000000,-,0,0,-,session_start
3,0.976,0.0000,limb_sample,unknown,Proventus Avenicci,0001A67D,NPC R Thigh [RThg],2,0.000,0.000,0.000,5.389,0.322,6.0000,20.487,-301.250,-118.658,-253.861,0.0000,0.0000,0.0000,-0.162,3.537,4.062,-,-,-,0000000000000000,-,0,0,-,session_start
4,0.976,0.0000,limb_sample,unknown,Proventus Avenicci,0001A67D,NPC Spine [Spn0],3,0.000,0.000,0.000,1.531,0.212,4.0000,17.297,-306.633,-125.629,-250.083,0.0000,0.0000,0.0000,0.526,-0.219,-1.421,-,-,-,0000000000000000,-,0,0,-,session_start
5,0.976,0.0000,limb_sample,unknown,Proventus Avenicci,0001A67D,NPC R Calf [RClf],4,0.000,0.000,0.000,6.206,0.141,6.0000,19.675,-298.455,-118.461,-284.892,0.0000,0.0000,0.0000,0.702,1.731,5.918,-,-,-,0000000000000000,-,0,0,-,session_start
6,0.976,0.0000,limb_sample,unknown,Proventus Avenicci,0001A67D,NPC L Calf [LClf],5,0.000,0.000,0.000,3.277,0.157,6.0000,19.675,-316.566,-122.796,-284.977,0.0000,0.0000,0.0000,-0.177,2.988,1.335,-,-,-,0000000000000000,-,0,0,-,session_start
7,0.976,0.0000,limb_sample,unknown,Proventus Avenicci,0001A67D,NPC Spine1 [Spn1],6,0.000,0.000,0.000,1.470,0.154,4.0000,18.878,-307.068,-124.478,-241.321,0.0000,0.0000,0.0000,1.191,0.099,-0.855,-,-,-,0000000000000000,-,0,0,-,session_start
8,0.976,0.0000,limb_sample,unknown,Proventus Avenicci,0001A67D,NPC L Foot [Lft ],7,0.000,0.000,0.000,0.925,0.455,3.0000,10.011,-316.652,-129.329,-311.432,0.0000,0.0000,0.0000,0.198,0.707,0.563,-,-,-,0000000000000000,-,0,0,-,session_start
9,0.977,0.0000,limb_sample,unknown,Proventus Avenicci,0001A67D,NPC R Foot [Rft ],8,0.000,0.000,0.000,4.994,1.760,3.0000,10.011,-295.833,-123.972,-311.618,0.0000,0.0000,0.0000,0.976,3.887,-2.980,-,-,-,0000000000000000,-,0,0,-,session_start
10,0.977,0.0000,limb_sample,unknown,Proventus Avenicci,0001A67D,NPC Spine2 [Spn2],9,0.000,0.000,0.000,1.741,0.063,7.0000,23.052,-306.291,-126.565,-231.710,0.0000,0.0000,0.0000,1.555,0.757,-0.197,-,-,-,0000000000000000,-,0,0,-,session_start
11,0.977,0.0000,limb_sample,unknown,Proventus Avenicci,0001A67D,NPC L UpperArm [LUar],10,0.000,0.000,0.000,1.672,0.064,2.0000,14.463,-317.766,-131.436,-215.895,0.0000,0.0000,0.0000,1.357,0.900,0.379,-,-,-,0000000000000000,-,0,0,-,session_start
12,0.977,0.0000,limb_sample,unknown,Proventus Avenicci,0001A67D,NPC Neck [Neck],11,0.000,0.000,0.000,1.503,0.015,6.0000,8.431,-305.863,-126.340,-209.705,0.0000,0.0000,0.0000,1.190,0.917,0.021,-,-,-,0000000000000000,-,0,0,-,session_start
13,0.977,0.0000,limb_sample,unknown,Proventus Avenicci,0001A67D,NPC R UpperArm [RUar],12,0.000,0.000,0.000,1.544,0.033,2.0000,14.463,-293.914,-125.998,-216.805,0.0000,0.0000,0.0000,1.374,0.679,-0.184,-,-,-,0000000000000000,-,0,0,-,session_start
14,0.977,0.0000,limb_sample,unknown,Proventus Avenicci,0001A67D,NPC Head [Head],13,0.000,0.000,0.000,1.394,0.015,4.0000,15.108,-306.647,-124.535,-200.970,0.0000,0.0000,0.0000,1.187,0.729,0.046,-,-,-,0000000000000000,-,0,0,-,session_start
15,0.977,0.0000,limb_sample,unknown,Proventus Avenicci,0001A67D,NPC L Forearm [LLar],14,0.000,0.000,0.000,3.420,0.249,2.0000,11.658,-321.505,-132.279,-235.395,0.0000,0.0000,0.0000,3.267,0.638,0.788,-,-,-,0000000000000000,-,0,0,-,session_start
16,0.978,0.0000,limb_sample,unknown,Proventus Avenicci,0001A67D,NPC R Forearm [RLar],15,0.000,0.000,0.000,0.543,0.156,6.0000,11.658,-291.676,-125.878,-236.495,0.0000,0.0000,0.0000,0.141,0.519,-0.075,-,-,-,0000000000000000,-,0,0,-,session_start
17,0.978,0.0000,limb_sample,unknown,Proventus Avenicci,0001A67D,NPC L Hand [LHnd],16,0.000,0.000,0.000,6.196,0.361,4.0000,8.334,-319.728,-118.544,-242.602,0.0000,0.0000,0.0000,5.895,0.555,1.827,-,-,-,0000000000000000,-,0,0,-,session_start
18,0.978,0.0000,limb_sample,unknown,Proventus Avenicci,0001A67D,NPC R Hand [RHnd],17,0.000,0.000,0.000,1.795,0.358,4.0000,8.334,-298.035,-113.114,-242.400,0.0000,0.0000,0.0000,-1.647,-0.249,0.671,-,-,-,0000000000000000,-,0,0,-,session_start
19,817.677,10.6962,state,ragdoll,Proventus Avenicci,0001A67D,-,-,0.000,0.000,0.000,0.000,0.000,0.0000,0.000,0.000,0.000,0.000,0.0000,0.0000,0.0000,0.000,0.000,0.000,-,-,-,0000000000000000,-,0,0,-,ragdoll_start
20,817.677,10.6962,limb_sample,ragdoll,Proventus Avenicci,0001A67D,NPC COM [COM ],0,0.000,0.000,0.000,2.425,0.719,50.0000,17.687,-306.777,-120.040,-253.991,0.0000,0.0000,0.0000,0.094,-0.073,-2.422,-,-,-,0000000000000000,-,0,0,-,ragdoll_start
21,817.677,10.6962,limb_sample,ragdoll,Proventus Avenicci,0001A67D,NPC L Thigh [LThg],1,0.000,0.000,0.000,4.194,0.379,6.0000,20.487,-313.412,-120.971,-254.079,0.0000,0.0000,0.0000,-0.860,2.441,3.301,-,-,-,0000000000000000,-,0,0,-,ragdoll_start
22,817.678,10.6962,limb_sample,ragdoll,Proventus Avenicci,0001A67D,NPC R Thigh [RThg],2,0.000,0.000,0.000,4.757,0.381,6.0000,20.487,-300.535,-118.134,-253.878,0.0000,0.0000,0.0000,0.167,3.076,3.625,-,-,-,0000000000000000,-,0,0,-,ragdoll_start
23,817.678,10.6962,limb_sample,ragdoll,Proventus Avenicci,0001A67D,NPC Spine [Spn0],3,0.000,0.000,0.000,1.209,0.266,4.0000,17.297,-305.880,-125.068,-250.091,0.0000,0.0000,0.0000,-0.077,0.260,-1.178,-,-,-,0000000000000000,-,0,0,-,ragdoll_start
24,817.678,10.6962,limb_sample,ragdoll,Proventus Avenicci,0001A67D,NPC R Calf [RClf],4,0.000,0.000,0.000,7.075,0.177,6.0000,19.675,-298.090,-118.195,-284.927,0.0000,0.0000,0.0000,0.372,3.026,6.384,-,-,-,0000000000000000,-,0,0,-,ragdoll_start
25,817.678,10.6962,limb_sample,ragdoll,Proventus Avenicci,0001A67D,NPC L Calf [LClf],5,0.000,0.000,0.000,6.502,0.136,6.0000,19.675,-316.280,-122.292,-285.042,0.0000,0.0000,0.0000,-0.129,3.234,5.639,-,-,-,0000000000000000,-,0,0,-,ragdoll_start
26,817.678,10.6962,limb_sample,ragdoll,Proventus Avenicci,0001A67D,NPC Spine1 [Spn1],6,0.000,0.000,0.000,1.027,0.185,4.0000,18.878,-306.294,-123.982,-241.332,0.0000,0.0000,0.0000,0.348,-0.611,-0.748,-,-,-,0000000000000000,-,0,0,-,ragdoll_start
27,817.678,10.6962,limb_sample,ragdoll,Proventus Avenicci,0001A67D,NPC L Foot [Lft ],7,0.000,0.000,0.000,2.979,1.596,3.0000,10.011,-316.770,-128.779,-311.641,0.0000,0.0000,0.0000,-1.037,2.219,-1.696,-,-,-,0000000000000000,-,0,0,-,ragdoll_start
28,817.678,10.6962,limb_sample,ragdoll,Proventus Avenicci,0001A67D,NPC R Foot [Rft ],8,0.000,0.000,0.000,3.924,1.818,3.0000,10.011,-295.831,-123.941,-311.627,0.0000,0.0000,0.0000,0.328,3.240,-2.189,-,-,-,0000000000000000,-,0,0,-,ragdoll_start
29,817.678,10.6962,limb_sample,ragdoll,Proventus Avenicci,0001A67D,NPC Spine2 [Spn2],9,0.000,0.000,0.000,0.541,0.071,7.0000,23.052,-305.516,-125.973,-231.700,0.0000,0.0000,0.0000,0.469,-0.267,0.037,-,-,-,0000000000000000,-,0,0,-,ragdoll_start
30,817.678,10.6962,limb_sample,ragdoll,Proventus Avenicci,0001A67D,NPC L UpperArm [LUar],10,0.000,0.000,0.000,0.553,0.027,2.0000,14.463,-317.024,-130.574,-215.940,0.0000,0.0000,0.0000,0.108,0.446,0.309,-,-,-,0000000000000000,-,0,0,-,ragdoll_start
31,817.679,10.6962,limb_sample,ragdoll,Proventus Avenicci,0001A67D,NPC Neck [Neck],11,0.000,0.000,0.000,0.458,0.034,6.0000,8.431,-305.102,-125.358,-209.697,0.0000,0.0000,0.0000,0.398,0.197,0.111,-,-,-,0000000000000000,-,0,0,-,ragdoll_start
32,817.679,10.6962,limb_sample,ragdoll,Proventus Avenicci,0001A67D,NPC R UpperArm [RUar],12,0.000,0.000,0.000,0.388,0.019,2.0000,14.463,-293.078,-125.177,-216.860,0.0000,0.0000,0.0000,0.323,0.202,0.069,-,-,-,0000000000000000,-,0,0,-,ragdoll_start
33,817.679,10.6962,limb_sample,ragdoll,Proventus Avenicci,0001A67D,NPC Head [Head],13,0.000,0.000,0.000,0.481,0.042,4.0000,15.108,-305.696,-123.754,-200.917,0.0000,0.0000,0.0000,0.399,0.267,0.025,-,-,-,0000000000000000,-,0,0,-,ragdoll_start
34,817.679,10.6962,limb_sample,ragdoll,Proventus Avenicci,0001A67D,NPC L Forearm [LLar],14,0.000,0.000,0.000,0.949,0.039,2.0000,11.658,-320.751,-131.211,-235.375,0.0000,0.0000,0.0000,0.265,0.885,0.213,-,-,-,0000000000000000,-,0,0,-,ragdoll_start
35,817.679,10.6962,limb_sample,ragdoll,Proventus Avenicci,0001A67D,NPC R Forearm [RLar],15,0.000,0.000,0.000,0.567,0.028,6.0000,11.658,-291.105,-125.313,-236.509,0.0000,0.0000,0.0000,0.074,0.549,0.122,-,-,-,0000000000000000,-,0,0,-,ragdoll_start
36,817.679,10.6962,limb_sample,ragdoll,Proventus Avenicci,0001A67D,NPC L Hand [LHnd],16,0.000,0.000,0.000,1.454,0.056,4.0000,8.334,-318.300,-117.200,-241.920,0.0000,0.0000,0.0000,0.567,1.190,0.614,-,-,-,0000000000000000,-,0,0,-,ragdoll_start
37,817.679,10.6962,limb_sample,ragdoll,Proventus Avenicci,0001A67D,NPC R Hand [RHnd],17,0.000,0.000,0.000,0.893,0.110,4.0000,8.334,-298.173,-112.639,-241.904,0.0000,0.0000,0.0000,-0.102,0.724,0.514,-,-,-,0000000000000000,-,0,0,-,ragdoll_start
38,817.679,10.6962,listener,ragdoll,Proventus Avenicci,0001A67D,-,-,0.000,0.000,0.000,0.000,0.000,0.0000,0.000,-311.888,-308.942,-318.000,0.0424,0.9991,0.0000,0.000,0.000,0.000,-,-,-,0000000000000000,-,0,0,-,ragdoll_start
39,817.680,10.6962,listener,ragdoll,Proventus Avenicci,0001A67D,-,-,0.000,0.000,0.000,0.000,0.000,0.0000,0.000,-311.888,-308.942,-318.000,0.0424,0.9991,0.0000,0.000,0.000,0.000,-,-,-,0000000000000000,-,0,0,-,tick
40,858.643,10.6963,listener,ragdoll,Proventus Avenicci,0001A67D,-,-,0.000,0.000,0.000,0.000,0.000,0.0000,0.000,-311.888,-308.942,-318.000,0.0424,0.9991,0.0000,0.000,0.000,0.000,-,-,-,0000000000000000,-,0,0,-,tick
41,879.803,10.6964,state,ragdoll,Proventus Avenicci,0001A67D,-,-,0.000,0.000,0.000,0.000,0.000,0.0000,0.000,0.000,0.000,0.000,0.0000,0.0000,0.0000,0.000,0.000,0.000,-,-,-,0000000000000000,-,0,0,-,knock_explode_lead_in
42,879.804,10.6964,listener,ragdoll,Proventus Avenicci,0001A67D,-,-,0.000,0.000,0.000,0.000,0.000,0.0000,0.000,-311.888,-308.942,-318.000,0.0424,0.9991,0.0000,0.000,0.000,0.000,-,-,-,0000000000000000,-,0,0,-,knock_explode_lead_in
43,891.212,10.6964,touch,ragdoll,Proventus Avenicci,0001A67D,NPC L Foot [Lft ],7,0.000,0.000,0.000,153.172,19.464,3.0000,10.011,0.000,0.000,0.000,0.0000,0.0000,0.0000,-6.316,149.560,32.458,Static,-,-,000001EA56BED300,-,0,0,-,
44,891.215,10.6964,touch,ragdoll,Proventus Avenicci,0001A67D,NPC L Foot [Lft ],7,0.000,0.000,0.000,153.172,19.464,3.0000,10.011,0.000,0.000,0.000,0.0000,0.0000,0.0000,-6.316,149.560,32.458,Static,-,-,000001EAE4AAA500,-,0,0,-,
45,891.216,10.6964,touch,ragdoll,Proventus Avenicci,0001A67D,NPC R Thigh [RThg],2,0.000,0.000,0.000,341.624,4.820,6.0000,20.487,0.000,0.000,0.000,0.0000,0.0000,0.0000,12.601,324.629,105.662,DeadBip,-,-,000001EB3A29CA00,1,0,0,-,
46,891.216,10.6964,touch,ragdoll,Proventus Avenicci,0001A67D,NPC L Thigh [LThg],1,0.000,0.000,0.000,340.876,4.909,6.0000,20.487,0.000,0.000,0.000,0.0000,0.0000,0.0000,8.247,323.251,107.876,DeadBip,-,-,000001EB3A29C100,2,0,0,-,
47,891.217,10.6964,touch,ragdoll,Proventus Avenicci,0001A67D,NPC R Thigh [RThg],2,0.000,0.000,0.000,341.624,4.820,6.0000,20.487,0.000,0.000,0.000,0.0000,0.0000,0.0000,12.601,324.629,105.662,DeadBip,-,-,000001EB3A29C700,5,0,0,-,
48,891.218,10.6964,touch,ragdoll,Proventus Avenicci,0001A67D,NPC L Calf [LClf],5,0.000,0.000,0.000,254.177,1.921,6.0000,19.675,0.000,0.000,0.000,0.0000,0.0000,0.0000,5.630,216.310,133.359,DeadBip,-,-,000001EB3A29C100,2,0,0,-,
49,891.219,10.6964,touch,ragdoll,Proventus Avenicci,0001A67D,NPC R Calf [RClf],4,0.000,0.000,0.000,248.808,2.595,6.0000,19.675,0.000,0.000,0.000,0.0000,0.0000,0.0000,10.588,212.831,128.437,DeadBip,-,-,000001EB3A29CA00,1,0,0,-,
50,891.220,10.6964,touch,ragdoll,Proventus Avenicci,0001A67D,NPC L Thigh [LThg],1,0.000,0.000,0.000,340.876,4.909,6.0000,20.487,0.000,0.000,0.000,0.0000,0.0000,0.0000,8.247,323.251,107.876,DeadBip,-,-,000001EB3A29D600,4,0,0,-,
51,891.221,10.6964,touch,ragdoll,Proventus Avenicci,0001A67D,NPC R Foot [Rft ],8,0.000,0.000,0.000,151.969,18.527,3.0000,10.011,0.000,0.000,0.000,0.0000,0.0000,0.0000,3.829,148.970,29.798,Static,-,-,000001EA56BED300,-,0,0,-,
52,891.222,10.6964,touch,ragdoll,Proventus Avenicci,0001A67D,NPC R Foot [Rft ],8,0.000,0.000,0.000,151.969,18.527,3.0000,10.011,0.000,0.000,0.000,0.0000,0.0000,0.0000,3.829,148.970,29.798,Static,-,-,000001EAE4AAA500,-,0,0,-,
53,891.223,10.6964,touch,ragdoll,Proventus Avenicci,0001A67D,NPC R Foot [Rft ],8,0.000,0.000,0.000,151.969,18.527,3.0000,10.011,0.000,0.000,0.000,0.0000,0.0000,0.0000,3.829,148.970,29.798,Static,-,-,000001EAE4998400,-,0,0,-,
54,891.223,10.6964,touch,ragdoll,Proventus Avenicci,0001A67D,NPC R Forearm [RLar],15,0.000,0.000,0.000,312.665,9.043,6.0000,11.658,0.000,0.000,0.000,0.0000,0.0000,0.0000,29.319,284.166,127.080,DeadBip,-,-,000001EB3A29C400,0,0,0,-,
55,891.224,10.6964,touch,ragdoll,Proventus Avenicci,0001A67D,NPC COM [COM ],0,0.000,0.000,0.000,396.346,2.660,50.0000,17.687,0.000,0.000,0.000,0.0000,0.0000,0.0000,9.666,386.857,85.664,DeadBip,-,-,000001EB3A167700,15,0,0,-,
56,891.224,10.6964,touch,ragdoll,Proventus Avenicci,0001A67D,NPC R Forearm [RLar],15,0.000,0.000,0.000,312.665,9.043,6.0000,11.658,0.000,0.000,0.000,0.0000,0.0000,0.0000,29.319,284.166,127.080,DeadBip,-,-,000001EB3A29C100,2,0,0,-,
57,891.224,10.6964,touch,ragdoll,Proventus Avenicci,0001A67D,NPC R Thigh [RThg],2,0.000,0.000,0.000,341.624,4.820,6.0000,20.487,0.000,0.000,0.000,0.0000,0.0000,0.0000,12.601,324.629,105.662,DeadBip,-,-,000001EB3A167700,15,0,0,-,
58,891.225,10.6964,touch,ragdoll,Proventus Avenicci,0001A67D,NPC R Forearm [RLar],15,0.000,0.000,0.000,312.665,9.043,6.0000,11.658,0.000,0.000,0.000,0.0000,0.0000,0.0000,29.319,284.166,127.080,DeadBip,-,-,000001EB3A29D000,3,0,0,-,
59,891.225,10.6964,touch,ragdoll,Proventus Avenicci,0001A67D,NPC Spine [Spn0],3,0.000,0.000,0.000,406.170,0.174,4.0000,17.297,0.000,0.000,0.000,0.0000,0.0000,0.0000,8.291,387.238,122.278,DeadBip,-,-,000001EB3A167700,15,0,0,-,
60,891.226,10.6964,touch,ragdoll,Proventus Avenicci,0001A67D,NPC R Forearm [RLar],15,0.000,0.000,0.000,312.665,9.043,6.0000,11.658,0.000,0.000,0.000,0.0000,0.0000,0.0000,29.319,284.166,127.080,DeadBip,-,-,000001EB3A29DF00,6,0,0,-,
61,891.226,10.6964,touch,ragdoll,Proventus Avenicci,0001A67D,NPC Spine1 [Spn1],6,0.000,0.000,0.000,407.633,0.100,4.0000,18.878,0.000,0.000,0.000,0.0000,0.0000,0.0000,9.317,379.923,147.435,DeadBip,-,-,000001EB3A167700,15,0,0,-,
62,891.226,10.6964,touch,ragdoll,Proventus Avenicci,0001A67D,NPC R Forearm [RLar],15,0.000,0.000,0.000,312.665,9.043,6.0000,11.658,0.000,0.000,0.000,0.0000,0.0000,0.0000,29.319,284.166,127.080,DeadBip,-,-,000001EB3A29DC00,9,0,0,-,
63,891.227,10.6964,touch,ragdoll,Proventus Avenicci,0001A67D,NPC Spine2 [Spn2],9,0.000,0.000,0.000,407.566,0.458,7.0000,23.052,0.000,0.000,0.000,0.0000,0.0000,0.0000,14.121,372.997,163.659,DeadBip,-,-,000001EB3A167700,15,0,0,-,
64,891.227,10.6964,touch,ragdoll,Proventus Avenicci,0001A67D,NPC R Hand [RHnd],17,0.000,0.000,0.000,237.728,8.605,4.0000,8.334,0.000,0.000,0.000,0.0000,0.0000,0.0000,5.194,229.874,60.379,DeadBip,-,-,000001EB3A29C400,0,0,0,-,
65,891.227,10.6964,touch,ragdoll,Proventus Avenicci,0001A67D,NPC COM [COM ],0,0.000,0.000,0.000,396.346,2.660,50.0000,17.687,0.000,0.000,0.000,0.0000,0.0000,0.0000,9.666,386.857,85.664,DeadBip,-,-,000001EB3A167400,17,0,0,-,
66,891.228,10.6964,touch,ragdoll,Proventus Avenicci,0001A67D,NPC R Hand [RHnd],17,0.000,0.000,0.000,237.728,8.605,4.0000,8.334,0.000,0.000,0.000,0.0000,0.0000,0.0000,5.194,229.874,60.379,DeadBip,-,-,000001EB3A29C100,2,0,0,-,
67,891.228,10.6964,touch,ragdoll,Proventus Avenicci,0001A67D,NPC R Thigh [RThg],2,0.000,0.000,0.000,341.624,4.820,6.0000,20.487,0.000,0.000,0.000,0.0000,0.0000,0.0000,12.601,324.629,105.662,DeadBip,-,-,000001EB3A167400,17,0,0,-,
68,891.228,10.6964,touch,ragdoll,Proventus Avenicci,0001A67D,NPC R Hand [RHnd],17,0.000,0.000,0.000,237.728,8.605,4.0000,8.334,0.000,0.000,0.000,0.0000,0.0000,0.0000,5.194,229.874,60.379,DeadBip,-,-,000001EB3A29D000,3,0,0,-,
69,891.229,10.6964,touch,ragdoll,Proventus Avenicci,0001A67D,NPC Spine [Spn0],3,0.000,0.000,0.000,406.170,0.174,4.0000,17.297,0.000,0.000,0.000,0.0000,0.0000,0.0000,8.291,387.238,122.278,DeadBip,-,-,000001EB3A167400,17,0,0,-,
70,891.229,10.6964,touch,ragdoll,Proventus Avenicci,0001A67D,NPC R Hand [RHnd],17,0.000,0.000,0.000,237.728,8.605,4.0000,8.334,0.000,0.000,0.000,0.0000,0.0000,0.0000,5.194,229.874,60.379,DeadBip,-,-,000001EB3A29DF00,6,0,0,-,
71,891.229,10.6964,touch,ragdoll,Proventus Avenicci,0001A67D,NPC Spine1 [Spn1],6,0.000,0.000,0.000,407.633,0.100,4.0000,18.878,0.000,0.000,0.000,0.0000,0.0000,0.0000,9.317,379.923,147.435,DeadBip,-,-,000001EB3A167400,17,0,0,-,
72,891.230,10.6964,touch,ragdoll,Proventus Avenicci,0001A67D,NPC L Forearm [LLar],14,0.000,0.000,0.000,305.833,10.341,2.0000,11.658,0.000,0.000,0.000,0.0000,0.0000,0.0000,-20.135,278.107,125.638,DeadBip,-,-,000001EB3A29C400,0,0,0,-,
73,891.230,10.6964,touch,ragdoll,Proventus Avenicci,0001A67D,NPC COM [COM ],0,0.000,0.000,0.000,396.346,2.660,50.0000,17.687,0.000,0.000,0.000,0.0000,0.0000,0.0000,9.666,386.857,85.664,DeadBip,-,-,000001EB3A166E00,14,0,0,-,
74,891.231,10.6964,touch,ragdoll,Proventus Avenicci,0001A67D,NPC L Forearm [LLar],14,0.000,0.000,0.000,305.833,10.341,2.0000,11.658,0.000,0.000,0.000,0.0000,0.0000,0.0000,-20.135,278.107,125.638,DeadBip,-,-,000001EB3A29D000,3,0,0,-,
75,891.231,10.6964,touch,ragdoll,Proventus Avenicci,0001A67D,NPC Spine [Spn0],3,0.000,0.000,0.000,406.170,0.174,4.0000,17.297,0.000,0.000,0.000,0.0000,0.0000,0.0000,8.291,387.238,122.278,DeadBip,-,-,000001EB3A166E00,14,0,0,-,
76,891.231,10.6964,touch,ragdoll,Proventus Avenicci,0001A67D,NPC L Forearm [LLar],14,0.000,0.000,0.000,305.833,10.341,2.0000,11.658,0.000,0.000,0.000,0.0000,0.0000,0.0000,-20.135,278.107,125.638,DeadBip,-,-,000001EB3A29DF00,6,0,0,-,
77,891.232,10.6964,touch,ragdoll,Proventus Avenicci,0001A67D,NPC Spine1 [Spn1],6,0.000,0.000,0.000,407.633,0.100,4.0000,18.878,0.000,0.000,0.000,0.0000,0.0000,0.0000,9.317,379.923,147.435,DeadBip,-,-,000001EB3A166E00,14,0,0,-,
78,891.232,10.6964,touch,ragdoll,Proventus Avenicci,0001A67D,NPC L Forearm [LLar],14,0.000,0.000,0.000,305.833,10.341,2.0000,11.658,0.000,0.000,0.000,0.0000,0.0000,0.0000,-20.135,278.107,125.638,DeadBip,-,-,000001EB3A29DC00,9,0,0,-,
79,891.232,10.6964,touch,ragdoll,Proventus Avenicci,0001A67D,NPC Spine2 [Spn2],9,0.000,0.000,0.000,407.566,0.458,7.0000,23.052,0.000,0.000,0.000,0.0000,0.0000,0.0000,14.121,372.997,163.659,DeadBip,-,-,000001EB3A166E00,14,0,0,-,
80,891.233,10.6964,touch,ragdoll,Proventus Avenicci,0001A67D,NPC L Hand [LHnd],16,0.000,0.000,0.000,238.307,4.319,4.0000,8.334,0.000,0.000,0.000,0.0000,0.0000,0.0000,0.736,232.523,52.180,DeadBip,-,-,000001EB3A167400,17,0,0,-,
81,891.233,10.6964,touch,ragdoll,Proventus Avenicci,0001A67D,NPC R Hand [RHnd],17,0.000,0.000,0.000,237.728,8.605,4.0000,8.334,0.000,0.000,0.000,0.0000,0.0000,0.0000,5.194,229.874,60.379,DeadBip,-,-,000001EB3A166B00,16,0,0,-,
82,891.233,10.6964,touch,ragdoll,Proventus Avenicci,0001A67D,NPC L Hand [LHnd],16,0.000,0.000,0.000,238.307,4.319,4.0000,8.334,0.000,0.000,0.000,0.0000,0.0000,0.0000,0.736,232.523,52.180,DeadBip,-,-,000001EB3A29C400,0,0,0,-,
83,891.234,10.6964,touch,ragdoll,Proventus Avenicci,0001A67D,NPC COM [COM ],0,0.000,0.000,0.000,396.346,2.660,50.0000,17.687,0.000,0.000,0.000,0.0000,0.0000,0.0000,9.666,386.857,85.664,DeadBip,-,-,000001EB3A166B00,16,0,0,-,
84,891.234,10.6964,touch,ragdoll,Proventus Avenicci,0001A67D,NPC L Hand [LHnd],16,0.000,0.000,0.000,238.307,4.319,4.0000,8.334,0.000,0.000,0.000,0.0000,0.0000,0.0000,0.736,232.523,52.180,DeadBip,-,-,000001EB3A29CA00,1,0,0,-,
85,891.234,10.6964,touch,ragdoll,Proventus Avenicci,0001A67D,NPC L Thigh [LThg],1,0.000,0.000,0.000,340.876,4.909,6.0000,20.487,0.000,0.000,0.000,0.0000,0.0000,0.0000,8.247,323.251,107.876,DeadBip,-,-,000001EB3A166B00,16,0,0,-,
86,891.235,10.6964,touch,ragdoll,Proventus Avenicci,0001A67D,NPC L Hand [LHnd],16,0.000,0.000,0.000,238.307,4.319,4.0000,8.334,0.000,0.000,0.000,0.0000,0.0000,0.0000,0.736,232.523,52.180,DeadBip,-,-,000001EB3A29D000,3,0,0,-,
87,891.235,10.6964,touch,ragdoll,Proventus Avenicci,0001A67D,NPC Spine [Spn0],3,0.000,0.000,0.000,406.170,0.174,4.0000,17.297,0.000,0.000,0.000,0.0000,0.0000,0.0000,8.291,387.238,122.278,DeadBip,-,-,000001EB3A166B00,16,0,0,-,
88,891.235,10.6964,touch,ragdoll,Proventus Avenicci,0001A67D,NPC L Hand [LHnd],16,0.000,0.000,0.000,238.307,4.319,4.0000,8.334,0.000,0.000,0.000,0.0000,0.0000,0.0000,0.736,232.523,52.180,DeadBip,-,-,000001EB3A29DF00,6,0,0,-,
89,891.235,10.6964,touch,ragdoll,Proventus Avenicci,0001A67D,NPC Spine1 [Spn1],6,0.000,0.000,0.000,407.633,0.100,4.0000,18.878,0.000,0.000,0.000,0.0000,0.0000,0.0000,9.317,379.923,147.435,DeadBip,-,-,000001EB3A166B00,16,0,0,-,
90,891.403,10.6964,impact,ragdoll,Proventus Avenicci,0001A67D,NPC L Foot [Lft ],7,30.150,30.150,40.884,153.019,19.455,3.0000,10.011,-320.353,-118.631,-319.650,0.0000,0.0000,1.0000,-6.309,149.411,32.426,Static,Wood,shape,000001EA56BED300,-,1,1,-,
91,891.404,10.6964,impact,ragdoll,Proventus Avenicci,0001A67D,NPC L Foot [Lft ],7,30.150,30.150,70.729,153.019,19.455,3.0000,10.011,-320.353,-118.631,-318.000,0.0000,0.0000,1.0000,-6.309,149.411,32.426,Static,Carpet,shape,000001EAE4AAA500,-,1,1,-,
92,891.405,10.6964,impact,ragdoll,Proventus Avenicci,0001A67D,NPC R Foot [Rft ],8,31.983,31.983,47.327,151.817,18.518,3.0000,10.011,-296.773,-113.209,-319.650,-0.0000,0.0000,1.0000,3.825,148.821,29.769,Static,Wood,shape,000001EA56BED300,-,1,1,-,
93,891.406,10.6964,impact,ragdoll,Proventus Avenicci,0001A67D,NPC R Foot [Rft ],8,31.983,31.983,76.755,151.817,18.518,3.0000,10.011,-296.773,-113.209,-318.000,-0.0000,-0.0000,1.0000,3.825,148.821,29.769,Static,Carpet,shape,000001EAE4AAA500,-,1,1,-,
94,891.406,10.6964,impact,ragdoll,Proventus Avenicci,0001A67D,NPC R Foot [Rft ],8,85.556,85.556,44.764,151.817,18.518,3.0000,10.011,-296.773,-111.708,-318.045,0.0000,-0.4151,0.9098,3.825,148.821,29.769,Static,Carpet,shape,000001EAE4998400,-,1,1,-,
95,891.409,10.6964,impact,ragdoll,Proventus Avenicci,0001A67D,NPC L Forearm [LLar],14,8.050,8.050,161.191,305.528,10.336,2.0000,11.658,-317.862,-116.365,-240.876,-0.8841,0.0203,0.4669,-20.115,277.830,125.513,DeadBip,Skin,shape,000001EB3A29D000,3,1,1,-,
96,891.409,10.6964,impact,ragdoll,Proventus Avenicci,0001A67D,NPC Spine [Spn0],3,8.050,-8.050,161.191,405.765,0.174,4.0000,17.297,-317.862,-116.365,-240.876,-0.8841,0.0203,0.4669,8.283,386.852,122.156,DeadBip,Skin,shape,000001EB3A166E00,14,1,1,-,
97,891.411,10.6964,impact,ragdoll,Proventus Avenicci,0001A67D,NPC R Forearm [RLar],15,33.327,33.327,203.970,312.354,9.039,6.0000,11.658,-299.604,-113.100,-245.538,0.4560,0.2698,0.8481,29.289,283.883,126.953,DeadBip,-,-,000001EB3A29C400,0,1,1,-,
98,891.411,10.6964,impact,ragdoll,Proventus Avenicci,0001A67D,NPC COM [COM ],0,33.327,-33.327,203.970,395.951,2.659,50.0000,17.687,-299.604,-113.100,-245.538,0.4560,0.2698,0.8481,9.657,386.472,85.578,DeadBip,Skin,shape,000001EB3A167700,15,1,1,-,
99,891.412,10.6964,impact,ragdoll,Proventus Avenicci,0001A67D,NPC R Forearm [RLar],15,39.869,39.869,246.306,312.354,9.039,6.0000,11.658,-298.813,-113.552,-250.451,0.1963,0.2018,0.9595,29.289,283.883,126.953,DeadBip,Skin,shape,000001EB3A29C100,2,1,1,-,
100,891.412,10.6964,impact,ragdoll,Proventus Avenicci,0001A67D,NPC R Thigh [RThg],2,39.869,-39.869,246.306,341.284,4.817,6.0000,20.487,-298.813,-113.552,-250.451,0.1963,0.2018,0.9595,12.589,324.306,105.557,DeadBip,Skin,shape,000001EB3A167700,15,1,1,-,
101,891.412,10.6964,impact,ragdoll,Proventus Avenicci,0001A67D,NPC R Forearm [RLar],15,67.943,67.943,121.181,312.354,9.039,6.0000,11.658,-296.983,-111.544,-240.343,0.7392,0.4226,0.5244,29.289,283.883,126.953,DeadBip,Skin,shape,000001EB3A29D000,3,1,1,-,
102,891.412,10.6964,impact,ragdoll,Proventus Avenicci,0001A67D,NPC Spine [Spn0],3,67.943,-67.943,121.181,405.765,0.174,4.0000,17.297,-296.983,-111.544,-240.343,0.7392,0.4226,0.5244,8.283,386.852,122.156,DeadBip,Skin,shape,000001EB3A167700,15,1,1,-,
103,891.413,10.6964,impact,ragdoll,Proventus Avenicci,0001A67D,NPC L Hand [LHnd],16,79.944,79.944,171.613,238.070,4.317,4.0000,8.334,-314.414,-113.236,-246.481,-0.5366,0.3849,0.7509,0.735,232.292,52.128,DeadBip,-,-,000001EB3A29C400,0,1,1,-,
104,891.413,10.6964,impact,ragdoll,Proventus Avenicci,0001A67D,NPC COM [COM ],0,79.944,-79.944,171.613,395.951,2.659,50.0000,17.687,-314.414,-113.236,-246.481,-0.5366,0.3849,0.7509,9.657,386.472,85.578,DeadBip,Skin,shape,000001EB3A166B00,16,1,1,-,
105,891.413,10.6964,impact,ragdoll,Proventus Avenicci,0001A67D,NPC L Hand [LHnd],16,99.127,99.127,175.567,238.070,4.317,4.0000,8.334,-314.898,-115.122,-251.137,-0.2147,0.4011,0.8905,0.735,232.292,52.128,DeadBip,Skin,shape,000001EB3A29CA00,1,1,1,-,
106,891.414,10.6964,impact,ragdoll,Proventus Avenicci,0001A67D,NPC L Thigh [LThg],1,99.127,-99.127,175.567,340.536,4.907,6.0000,20.487,-314.898,-115.122,-251.137,-0.2147,0.4011,0.8905,8.239,322.929,107.768,DeadBip,Skin,shape,000001EB3A166B00,16,1,1,-,
107,891.414,10.6964,impact,ragdoll,Proventus Avenicci,0001A67D,NPC L Hand [LHnd],16,101.173,101.173,136.649,238.070,4.317,4.0000,8.334,-316.915,-111.398,-242.997,-0.7754,0.5907,0.2234,0.735,232.292,52.128,DeadBip,Skin,shape,000001EB3A29D000,3,1,1,-,
108,891.414,10.6964,impact,ragdoll,Proventus Avenicci,0001A67D,NPC Spine [Spn0],3,101.173,-101.173,136.649,405.765,0.174,4.0000,17.297,-316.915,-111.398,-242.997,-0.7754,0.5907,0.2234,8.283,386.852,122.156,DeadBip,Skin,shape,000001EB3A166B00,16,1,1,-,
109,891.415,10.6964,impact,ragdoll,Proventus Avenicci,0001A67D,NPC R Hand [RHnd],17,112.230,112.230,164.930,237.491,8.600,4.0000,8.334,-301.583,-110.213,-246.211,0.2394,0.5856,0.7744,5.189,229.645,60.319,DeadBip,-,-,000001EB3A29C400,0,1,1,-,
110,891.415,10.6964,impact,ragdoll,Proventus Avenicci,0001A67D,NPC COM [COM ],0,112.230,-112.230,164.930,395.951,2.659,50.0000,17.687,-301.583,-110.213,-246.211,0.2394,0.5856,0.7744,9.657,386.472,85.578,DeadBip,Skin,shape,000001EB3A167400,17,1,1,-,
111,891.416,10.6964,impact,ragdoll,Proventus Avenicci,0001A67D,NPC R Hand [RHnd],17,102.761,102.761,193.303,237.491,8.600,4.0000,8.334,-300.351,-111.819,-250.924,-0.0269,0.4535,0.8908,5.189,229.645,60.319,DeadBip,Skin,shape,000001EB3A29C100,2,1,1,-,
112,891.416,10.6964,impact,ragdoll,Proventus Avenicci,0001A67D,NPC R Thigh [RThg],2,102.761,-102.761,193.303,341.284,4.817,6.0000,20.487,-300.351,-111.819,-250.924,-0.0269,0.4535,0.8908,12.589,324.306,105.557,DeadBip,Skin,shape,000001EB3A167400,17,1,1,-,
113,891.416,10.6964,impact,ragdoll,Proventus Avenicci,0001A67D,NPC R Hand [RHnd],17,158.726,158.726,55.389,237.491,8.600,4.0000,8.334,-300.455,-107.308,-242.817,0.3406,0.9090,0.2404,5.189,229.645,60.319,DeadBip,Skin,shape,000001EB3A29D000,3,1,1,-,
114,891.416,10.6964,impact,ragdoll,Proventus Avenicci,0001A67D,NPC Spine [Spn0],3,158.726,-158.726,55.389,405.765,0.174,4.0000,17.297,-300.455,-107.308,-242.817,0.3406,0.9090,0.2404,8.283,386.852,122.156,DeadBip,Skin,shape,000001EB3A167400,17,1,1,-,
115,891.416,10.6964,impact,ragdoll,Proventus Avenicci,0001A67D,NPC R Hand [RHnd],17,31.673,31.673,157.735,237.491,8.600,4.0000,8.334,-301.386,-110.037,-240.349,0.2127,0.6371,-0.7409,5.189,229.645,60.319,DeadBip,Skin,shape,000001EB3A29DF00,6,1,1,-,
116,891.417,10.6964,impact,ragdoll,Proventus Avenicci,0001A67D,NPC Spine1 [Spn1],6,31.673,-31.673,157.735,407.227,0.100,4.0000,18.878,-301.386,-110.037,-240.349,0.2127,0.6371,-0.7409,9.308,379.544,147.288,DeadBip,Skin,shape,000001EB3A167400,17,1,1,-,
117,891.568,10.6964,separate,ragdoll,Proventus Avenicci,0001A67D,NPC R Foot [Rft ],8,0.000,0.000,0.000,161.089,9.437,3.0000,10.011,0.000,0.000,0.000,0.0000,0.0000,0.0000,-0.053,132.603,91.467,Static,-,-,000001EAE4AAA500,-,0,0,-,
118,891.569,10.6964,touch,ragdoll,Proventus Avenicci,0001A67D,NPC R Foot [Rft ],8,0.000,0.000,0.000,161.089,9.437,3.0000,10.011,0.000,0.000,0.000,0.0000,0.0000,0.0000,-0.053,132.603,91.467,Static,-,-,000001EAE4AAA500,-,0,0,-,
119,891.570,10.6964,separate,ragdoll,Proventus Avenicci,0001A67D,NPC R Forearm [RLar],15,0.000,0.000,0.000,367.343,3.990,6.0000,11.658,0.000,0.000,0.000,0.0000,0.0000,0.0000,24.587,346.687,118.931,DeadBip,-,-,000001EB3A29C100,2,0,0,-,
120,891.570,10.6964,separate,ragdoll,Proventus Avenicci,0001A67D,NPC R Thigh [RThg],2,0.000,0.000,0.000,330.695,3.028,6.0000,20.487,0.000,0.000,0.000,0.0000,0.0000,0.0000,14.970,313.331,104.684,DeadBip,-,-,000001EB3A167700,15,0,0,-,
121,891.572,10.6964,separate,ragdoll,Proventus Avenicci,0001A67D,NPC L Hand [LHnd],16,0.000,0.000,0.000,332.967,9.502,4.0000,8.334,0.000,0.000,0.000,0.0000,0.0000,0.0000,-63.135,309.586,105.059,DeadBip,-,-,000001EB3A167400,17,0,0,-,
122,891.572,10.6964,separate,ragdoll,Proventus Avenicci,0001A67D,NPC R Hand [RHnd],17,0.000,0.000,0.000,385.544,17.333,4.0000,8.334,0.000,0.000,0.000,0.0000,0.0000,0.0000,75.952,363.429,103.899,DeadBip,-,-,000001EB3A166B00,16,0,0,-,
123,911.386,10.6965,separate,ragdoll,Proventus Avenicci,0001A67D,NPC R Thigh [RThg],2,0.000,0.000,0.000,328.666,2.842,6.0000,20.487,0.000,0.000,0.000,0.0000,0.0000,0.0000,18.788,312.724,99.357,DeadBip,-,-,000001EB3A29C700,5,0,0,-,
124,911.386,10.6965,separate,ragdoll,Proventus Avenicci,0001A67D,NPC L Calf [LClf],5,0.000,0.000,0.000,261.403,3.225,6.0000,19.675,0.000,0.000,0.000,0.0000,0.0000,0.0000,2.693,235.819,112.755,DeadBip,-,-,000001EB3A29C100,2,0,0,-,
125,911.388,10.6965,separate,ragdoll,Proventus Avenicci,0001A67D,NPC R Foot [Rft ],8,0.000,0.000,0.000,139.525,9.583,3.0000,10.011,0.000,0.000,0.000,0.0000,0.0000,0.0000,1.991,112.803,82.090,Static,-,-,000001EAE4998400,-,0,0,-,
126,911.389,10.6965,touch,ragdoll,Proventus Avenicci,0001A67D,NPC R Foot [Rft ],8,0.000,0.000,0.000,139.525,9.583,3.0000,10.011,0.000,0.000,0.000,0.0000,0.0000,0.0000,1.991,112.803,82.090,Static,-,-,000001EAE4998400,-,0,0,-,
127,921.126,10.6965,state,ragdoll,Proventus Avenicci,0001A67D,-,-,0.000,0.000,0.000,0.000,0.000,0.0000,0.000,0.000,0.000,0.000,0.0000,0.0000,0.0000,0.000,0.000,0.000,-,-,-,0000000000000000,-,0,0,-,knock_explode
128,921.127,10.6965,listener,ragdoll,Proventus Avenicci,0001A67D,-,-,0.000,0.000,0.000,0.000,0.000,0.0000,0.000,-311.888,-308.942,-318.000,0.0424,0.9991,0.0000,0.000,0.000,0.000,-,-,-,0000000000000000,-,0,0,-,knock_explode
129,941.174,10.6966,listener,ragdoll,Proventus Avenicci,0001A67D,-,-,0.000,0.000,0.000,0.000,0.000,0.0000,0.000,-311.888,-308.942,-318.000,0.0424,0.9991,0.0000,0.000,0.000,0.000,-,-,-,0000000000000000,-,0,0,-,tick
130,953.457,10.6966,separate,ragdoll,Proventus Avenicci,0001A67D,NPC L Foot [Lft ],7,0.000,0.000,0.000,203.300,5.950,3.0000,10.011,0.000,0.000,0.000,0.0000,0.0000,0.0000,9.251,145.474,141.713,Static,-,-,000001EAE4AAA500,-,0,0,-,
131,974.155,10.6967,separate,ragdoll,Proventus Avenicci,0001A67D,NPC L Foot [Lft ],7,0.000,0.000,0.000,204.355,6.258,3.0000,10.011,0.000,0.000,0.000,0.0000,0.0000,0.0000,12.345,146.370,142.072,Static,-,-,000001EA56BED300,-,0,0,-,
132,974.158,10.6967,separate,ragdoll,Proventus Avenicci,0001A67D,NPC R Calf [RClf],4,0.000,0.000,0.000,251.982,2.868,6.0000,19.675,0.000,0.000,0.000,0.0000,0.0000,0.0000,10.792,236.091,87.404,DeadBip,-,-,000001EB3A29CA00,1,0,0,-,
133,974.158,10.6967,separate,ragdoll,Proventus Avenicci,0001A67D,NPC L Thigh [LThg],1,0.000,0.000,0.000,336.395,1.483,6.0000,20.487,0.000,0.000,0.000,0.0000,0.0000,0.0000,-2.082,333.220,46.062,DeadBip,-,-,000001EB3A29D600,4,0,0,-,
134,974.471,10.6967,separate,ragdoll,Proventus Avenicci,0001A67D,NPC R Hand [RHnd],17,0.000,0.000,0.000,370.753,9.891,4.0000,8.334,0.000,0.000,0.000,0.0000,0.0000,0.0000,66.323,359.806,59.992,DeadBip,-,-,000001EB3A29C100,2,0,0,-,
135,974.471,10.6967,separate,ragdoll,Proventus Avenicci,0001A67D,NPC R Thigh [RThg],2,0.000,0.000,0.000,310.995,2.511,6.0000,20.487,0.000,0.000,0.000,0.0000,0.0000,0.0000,11.522,308.456,37.949,DeadBip,-,-,000001EB3A167400,17,0,0,-,
136,983.661,10.6967,listener,ragdoll,Proventus Avenicci,0001A67D,-,-,0.000,0.000,0.000,0.000,0.000,0.0000,0.000,-311.888,-308.942,-318.000,0.0424,0.9991,0.0000,0.000,0.000,0.000,-,-,-,0000000000000000,-,0,0,-,tick
137,994.886,10.6967,separate,ragdoll,Proventus Avenicci,0001A67D,NPC R Foot [Rft ],8,0.000,0.000,0.000,187.215,10.270,3.0000,10.011,0.000,0.000,0.000,0.0000,0.0000,0.0000,21.794,135.988,126.814,Static,-,-,000001EA56BED300,-,0,0,-,
138,994.887,10.6967,separate,ragdoll,Proventus Avenicci,0001A67D,NPC R Foot [Rft ],8,0.000,0.000,0.000,187.215,10.270,3.0000,10.011,0.000,0.000,0.000,0.0000,0.0000,0.0000,21.794,135.988,126.814,Static,-,-,000001EAE4AAA500,-,0,0,-,
139,994.890,10.6967,separate,ragdoll,Proventus Avenicci,0001A67D,NPC L Forearm [LLar],14,0.000,0.000,0.000,344.024,5.183,2.0000,11.658,0.000,0.000,0.000,0.0000,0.0000,0.0000,-27.584,339.488,48.368,DeadBip,-,-,000001EB3A29C400,0,0,0,-,
140,994.890,10.6967,separate,ragdoll,Proventus Avenicci,0001A67D,NPC COM [COM ],0,0.000,0.000,0.000,346.960,3.215,50.0000,17.687,0.000,0.000,0.000,0.0000,0.0000,0.0000,8.362,346.367,18.470,DeadBip,-,-,000001EB3A166E00,14,0,0,-,
141,1005.221,10.6967,listener,ragdoll,Proventus Avenicci,0001A67D,-,-,0.000,0.000,0.000,0.000,0.000,0.0000,0.000,-311.888,-308.942,-318.000,0.0424,0.9991,0.0000,0.000,0.000,0.000,-,-,-,0000000000000000,-,0,0,-,tick
142,1015.435,10.6967,separate,ragdoll,Proventus Avenicci,0001A67D,NPC R Foot [Rft ],8,0.000,0.000,0.000,208.631,9.033,3.0000,10.011,0.000,0.000,0.000,0.0000,0.0000,0.0000,28.063,153.221,138.790,Static,-,-,000001EAE4998400,-,0,0,-,
143,1015.775,10.6967,separate,ragdoll,Proventus Avenicci,0001A67D,NPC L Hand [LHnd],16,0.000,0.000,0.000,347.945,6.498,4.0000,8.334,0.000,0.000,0.000,0.0000,0.0000,0.0000,-50.532,343.969,14.056,DeadBip,-,-,000001EB3A29CA00,1,0,0,-,
144,1015.775,10.6967,separate,ragdoll,Proventus Avenicci,0001A67D,NPC L Thigh [LThg],1,0.000,0.000,0.000,321.259,1.634,6.0000,20.487,0.000,0.000,0.000,0.0000,0.0000,0.0000,1.548,321.198,6.046,DeadBip,-,-,000001EB3A166B00,16,0,0,-,
145,1035.474,10.6969,separate,ragdoll,Proventus Avenicci,0001A67D,NPC L Hand [LHnd],16,0.000,0.000,0.000,346.950,6.382,4.0000,8.334,0.000,0.000,0.000,0.0000,0.0000,0.0000,-50.457,343.185,7.249,DeadBip,-,-,000001EB3A29C400,0,0,0,-,
146,1035.474,10.6969,separate,ragdoll,Proventus Avenicci,0001A67D,NPC COM [COM ],0,0.000,0.000,0.000,340.118,2.075,50.0000,17.687,0.000,0.000,0.000,0.0000,0.0000,0.0000,8.808,339.709,-14.155,DeadBip,-,-,000001EB3A166B00,16,0,0,-,
147,1035.477,10.6969,separate,ragdoll,Proventus Avenicci,0001A67D,NPC R Hand [RHnd],17,0.000,0.000,0.000,346.022,8.922,4.0000,8.334,0.000,0.000,0.000,0.0000,0.0000,0.0000,61.419,339.593,25.215,DeadBip,-,-,000001EB3A29C400,0,0,0,-,
148,1035.477,10.6969,separate,ragdoll,Proventus Avenicci,0001A67D,NPC COM [COM ],0,0.000,0.000,0.000,340.118,2.075,50.0000,17.687,0.000,0.000,0.000,0.0000,0.0000,0.0000,8.808,339.709,-14.155,DeadBip,-,-,000001EB3A167400,17,0,0,-,
149,1044.661,10.6969,listener,ragdoll,Proventus Avenicci,0001A67D,-,-,0.000,0.000,0.000,0.000,0.000,0.0000,0.000,-311.888,-308.942,-318.000,0.0424,0.9991,0.0000,0.000,0.000,0.000,-,-,-,0000000000000000,-,0,0,-,tick
150,1055.359,10.6969,separate,ragdoll,Proventus Avenicci,0001A67D,NPC R Forearm [RLar],15,0.000,0.000,0.000,350.894,1.228,6.0000,11.658,0.000,0.000,0.000,0.0000,0.0000,0.0000,39.316,348.579,8.573,DeadBip,-,-,000001EB3A29C400,0,0,0,-,
151,1055.360,10.6969,separate,ragdoll,Proventus Avenicci,0001A67D,NPC COM [COM ],0,0.000,0.000,0.000,338.057,1.994,50.0000,17.687,0.000,0.000,0.000,0.0000,0.0000,0.0000,7.953,336.672,-29.515,DeadBip,-,-,000001EB3A167700,15,0,0,-,
152,1055.668,10.6969,separate,ragdoll,Proventus Avenicci,0001A67D,NPC L Forearm [LLar],14,0.000,0.000,0.000,349.935,2.827,2.0000,11.658,0.000,0.000,0.000,0.0000,0.0000,0.0000,-29.822,348.656,-2.119,DeadBip,-,-,000001EB3A29DC00,9,0,0,-,
153,1055.668,10.6969,separate,ragdoll,Proventus Avenicci,0001A67D,NPC Spine2 [Spn2],9,0.000,0.000,0.000,361.232,0.522,7.0000,23.052,0.000,0.000,0.000,0.0000,0.0000,0.0000,14.905,360.465,-18.194,DeadBip,-,-,000001EB3A166E00,14,0,0,-,
154,1074.743,10.6970,separate,ragdoll,Proventus Avenicci,0001A67D,NPC L Forearm [LLar],14,0.000,0.000,0.000,355.174,3.686,2.0000,11.658,0.000,0.000,0.000,0.0000,0.0000,0.0000,-33.757,353.073,-18.663,DeadBip,-,-,000001EB3A29D000,3,0,0,-,
155,1074.743,10.6970,separate,ragdoll,Proventus Avenicci,0001A67D,NPC Spine [Spn0],3,0.000,0.000,0.000,349.042,1.615,4.0000,17.297,0.000,0.000,0.000,0.0000,0.0000,0.0000,8.382,344.691,-54.296,DeadBip,-,-,000001EB3A166E00,14,0,0,-,
156,1083.894,10.6970,listener,ragdoll,Proventus Avenicci,0001A67D,-,-,0.000,0.000,0.000,0.000,0.000,0.0000,0.000,-311.888,-308.942,-318.000,0.0424,0.9991,0.0000,0.000,0.000,0.000,-,-,-,0000000000000000,-,0,0,-,tick
157,1093.393,10.6970,separate,ragdoll,Proventus Avenicci,0001A67D,NPC L Hand [LHnd],16,0.000,0.000,0.000,354.205,5.449,4.0000,8.334,0.000,0.000,0.000,0.0000,0.0000,0.0000,-46.230,348.259,-45.159,DeadBip,-,-,000001EB3A29D000,3,0,0,-,
158,1093.394,10.6970,separate,ragdoll,Proventus Avenicci,0001A67D,NPC Spine [Spn0],3,0.000,0.000,0.000,346.268,1.817,4.0000,17.297,0.000,0.000,0.000,0.0000,0.0000,0.0000,5.680,339.551,-67.632,DeadBip,-,-,000001EB3A166B00,16,0,0,-,
159,1103.268,10.6970,listener,ragdoll,Proventus Avenicci,0001A67D,-,-,0.000,0.000,0.000,0.000,0.000,0.0000,0.000,-311.888,-308.942,-318.000,0.0424,0.9991,0.0000,0.000,0.000,0.000,-,-,-,0000000000000000,-,0,0,-,tick
160,1111.445,10.6970,separate,ragdoll,Proventus Avenicci,0001A67D,NPC L Hand [LHnd],16,0.000,0.000,0.000,355.727,6.292,4.0000,8.334,0.000,0.000,0.000,0.0000,0.0000,0.0000,-44.164,348.947,-53.172,DeadBip,-,-,000001EB3A29DF00,6,0,0,-,
161,1111.445,10.6970,separate,ragdoll,Proventus Avenicci,0001A67D,NPC Spine1 [Spn1],6,0.000,0.000,0.000,357.711,0.801,4.0000,18.878,0.000,0.000,0.000,0.0000,0.0000,0.0000,11.482,351.193,-66.998,DeadBip,-,-,000001EB3A166B00,16,0,0,-,
162,1139.309,10.6971,listener,ragdoll,Proventus Avenicci,0001A67D,-,-,0.000,0.000,0.000,0.000,0.000,0.0000,0.000,-311.888,-308.942,-318.000,0.0424,0.9991,0.0000,0.000,0.000,0.000,-,-,-,0000000000000000,-,0,0,-,tick
163,1149.633,10.6971,separate,ragdoll,Proventus Avenicci,0001A67D,NPC R Hand [RHnd],17,0.000,0.000,0.000,368.128,2.488,4.0000,8.334,0.000,0.000,0.000,0.0000,0.0000,0.0000,35.826,359.922,-68.485,DeadBip,-,-,000001EB3A29D000,3,0,0,-,
164,1149.634,10.6971,separate,ragdoll,Proventus Avenicci,0001A67D,NPC Spine [Spn0],3,0.000,0.000,0.000,344.888,1.462,4.0000,17.297,0.000,0.000,0.000,0.0000,0.0000,0.0000,4.741,329.428,-101.991,DeadBip,-,-,000001EB3A167400,17,0,0,-,
165,1168.857,10.6972,touch,ragdoll,Proventus Avenicci,0001A67D,NPC R Calf [RClf],4,0.000,0.000,0.000,267.271,4.557,6.0000,19.675,0.000,0.000,0.000,0.0000,0.0000,0.0000,5.863,266.746,-15.689,DeadBip,-,-,000001EB3A29C700,5,0,0,-,
166,1168.858,10.6972,touch,ragdoll,Proventus Avenicci,0001A67D,NPC L Calf [LClf],5,0.000,0.000,0.000,278.885,4.673,6.0000,19.675,0.000,0.000,0.000,0.0000,0.0000,0.0000,13.661,277.976,-17.868,DeadBip,-,-,000001EB3A29D600,4,0,0,-,
167,1168.860,10.6972,separate,ragdoll,Proventus Avenicci,0001A67D,NPC R Forearm [RLar],15,0.000,0.000,0.000,368.822,1.832,6.0000,11.658,0.000,0.000,0.000,0.0000,0.0000,0.0000,28.939,356.844,-88.629,DeadBip,-,-,000001EB3A29D000,3,0,0,-,
168,1168.860,10.6972,separate,ragdoll,Proventus Avenicci,0001A67D,NPC Spine [Spn0],3,0.000,0.000,0.000,346.796,1.516,4.0000,17.297,0.000,0.000,0.000,0.0000,0.0000,0.0000,8.233,327.379,-114.116,DeadBip,-,-,000001EB3A167700,15,0,0,-,
169,1169.039,10.6972,impact,ragdoll,Proventus Avenicci,0001A67D,NPC R Calf [RClf],4,21.158,21.158,12.477,267.016,4.555,6.0000,19.675,-306.946,-63.470,-279.872,0.9973,0.0103,-0.0727,5.857,266.491,-15.674,DeadBip,Skin,shape,000001EB3A29C700,5,1,1,-,
170,1169.039,10.6972,impact,ragdoll,Proventus Avenicci,0001A67D,NPC L Calf [LClf],5,21.158,-21.158,12.477,278.619,4.671,6.0000,19.675,-306.946,-63.470,-279.872,0.9973,0.0103,-0.0727,13.648,277.711,-17.851,DeadBip,Skin,shape,000001EB3A29D600,4,1,1,-,
171,1169.191,10.6972,separate,ragdoll,Proventus Avenicci,0001A67D,NPC L Forearm [LLar],14,0.000,0.000,0.000,374.539,8.196,2.0000,11.658,0.000,0.000,0.000,0.0000,0.0000,0.0000,-5.860,358.052,-109.744,DeadBip,-,-,000001EB3A29DF00,6,0,0,-,
172,1169.191,10.6972,separate,ragdoll,Proventus Avenicci,0001A67D,NPC Spine1 [Spn1],6,0.000,0.000,0.000,366.215,1.621,4.0000,18.878,0.000,0.000,0.000,0.0000,0.0000,0.0000,11.028,345.547,-120.785,DeadBip,-,-,000001EB3A166E00,14,0,0,-,
173,1178.316,10.6972,listener,ragdoll,Proventus Avenicci,0001A67D,-,-,0.000,0.000,0.000,0.000,0.000,0.0000,0.000,-311.888,-308.942,-318.000,0.0424,0.9991,0.0000,0.000,0.000,0.000,-,-,-,0000000000000000,-,0,0,-,tick
174,1197.507,10.6973,listener,ragdoll,Proventus Avenicci,0001A67D,-,-,0.000,0.000,0.000,0.000,0.000,0.0000,0.000,-311.888,-308.942,-318.000,0.0424,0.9991,0.0000,0.000,0.000,0.000,-,-,-,0000000000000000,-,0,0,-,tick
175,1207.353,10.6973,touch,ragdoll,Proventus Avenicci,0001A67D,NPC R Calf [RClf],4,0.000,0.000,0.000,277.047,4.493,6.0000,19.675,0.000,0.000,0.000,0.0000,0.0000,0.0000,2.785,274.381,-38.235,DeadBip,-,-,000001EB3A29CD00,7,0,0,-,
176,1207.354,10.6973,touch,ragdoll,Proventus Avenicci,0001A67D,NPC L Foot [Lft ],7,0.000,0.000,0.000,287.634,4.507,3.0000,10.011,0.000,0.000,0.000,0.0000,0.0000,0.0000,28.975,282.615,44.977,DeadBip,-,-,000001EB3A29D600,4,0,0,-,
177,1207.497,10.6973,impact,ragdoll,Proventus Avenicci,0001A67D,NPC R Calf [RClf],4,31.142,31.142,2.662,276.780,4.491,6.0000,19.675,-306.684,-56.150,-279.001,0.9686,0.2437,-0.0496,2.783,274.117,-38.198,DeadBip,Skin,shape,000001EB3A29CD00,7,1,1,-,
178,1207.497,10.6973,impact,ragdoll,Proventus Avenicci,0001A67D,NPC L Foot [Lft ],7,31.142,-31.142,2.662,287.357,4.505,3.0000,10.011,-306.684,-56.150,-279.001,0.9686,0.2437,-0.0496,28.947,282.342,44.934,DeadBip,Skin,shape,000001EB3A29D600,4,1,1,-,
179,1236.723,10.6974,listener,ragdoll,Proventus Avenicci,0001A67D,-,-,0.000,0.000,0.000,0.000,0.000,0.0000,0.000,-311.888,-308.942,-318.000,0.0424,0.9991,0.0000,0.000,0.000,0.000,-,-,-,0000000000000000,-,0,0,-,tick
180,1267.496,10.6975,touch,ragdoll,Proventus Avenicci,0001A67D,NPC R Foot [Rft ],8,0.000,0.000,0.000,300.009,6.176,3.0000,10.011,0.000,0.000,0.000,0.0000,0.0000,0.0000,-14.918,299.580,5.879,DeadBip,-,-,000001EB3A29C700,5,0,0,-,
181,1267.497,10.6975,touch,ragdoll,Proventus Avenicci,0001A67D,NPC L Calf [LClf],5,0.000,0.000,0.000,294.966,3.984,6.0000,19.675,0.000,0.000,0.000,0.0000,0.0000,0.0000,12.085,284.491,-76.969,DeadBip,-,-,000001EB3A29D300,8,0,0,-,
182,1267.668,10.6975,impact,ragdoll,Proventus Avenicci,0001A67D,NPC R Foot [Rft ],8,20.821,20.821,31.946,299.720,6.173,3.0000,10.011,-305.279,-37.119,-278.878,0.9359,-0.3506,0.0327,-14.904,299.292,5.873,DeadBip,Skin,shape,000001EB3A29C700,5,1,1,-,
183,1267.669,10.6975,impact,ragdoll,Proventus Avenicci,0001A67D,NPC L Calf [LClf],5,20.821,-20.821,31.946,294.682,3.982,6.0000,19.675,-305.279,-37.119,-278.878,0.9359,-0.3506,0.0327,12.073,284.217,-76.895,DeadBip,Skin,shape,000001EB3A29D300,8,1,1,-,
184,1276.902,10.6975,listener,ragdoll,Proventus Avenicci,0001A67D,-,-,0.000,0.000,0.000,0.000,0.000,0.0000,0.000,-311.888,-308.942,-318.000,0.0424,0.9991,0.0000,0.000,0.000,0.000,-,-,-,0000000000000000,-,0,0,-,tick
185,1297.502,10.6976,listener,ragdoll,Proventus Avenicci,0001A67D,-,-,0.000,0.000,0.000,0.000,0.000,0.0000,0.000,-311.888,-308.942,-318.000,0.0424,0.9991,0.0000,0.000,0.000,0.000,-,-,-,0000000000000000,-,0,0,-,tick
186,1308.153,10.6976,touch,ragdoll,Proventus Avenicci,0001A67D,NPC R Hand [RHnd],17,0.000,0.000,0.000,389.350,3.423,4.0000,8.334,0.000,0.000,0.000,0.0000,0.0000,0.0000,19.569,349.893,-169.661,DeadBip,-,-,000001EB3A29DC00,9,0,0,-,
187,1308.154,10.6976,touch,ragdoll,Proventus Avenicci,0001A67D,NPC Spine2 [Spn2],9,0.000,0.000,0.000,413.033,0.901,7.0000,23.052,0.000,0.000,0.000,0.0000,0.0000,0.0000,11.915,357.786,-206.018,DeadBip,-,-,000001EB3A167400,17,0,0,-,
188,1308.305,10.6976,impact,ragdoll,Proventus Avenicci,0001A67D,NPC R Hand [RHnd],17,17.888,17.888,71.417,388.968,3.421,4.0000,8.334,-289.985,37.238,-247.758,0.6556,0.5549,-0.5122,19.550,349.551,-169.495,DeadBip,Skin,shape,000001EB3A29DC00,9,1,1,-,
189,1308.305,10.6976,impact,ragdoll,Proventus Avenicci,0001A67D,NPC Spine2 [Spn2],9,17.888,-17.888,71.417,412.629,0.900,7.0000,23.052,-289.985,37.238,-247.758,0.6556,0.5549,-0.5122,11.903,357.436,-205.817,DeadBip,Skin,shape,000001EB3A167400,17,1,1,-,
190,1328.778,10.6977,separate,ragdoll,Proventus Avenicci,0001A67D,NPC R Hand [RHnd],17,0.000,0.000,0.000,393.187,3.032,4.0000,8.334,0.000,0.000,0.000,0.0000,0.0000,0.0000,19.341,347.642,-182.665,DeadBip,-,-,000001EB3A29DF00,6,0,0,-,
191,1328.779,10.6977,separate,ragdoll,Proventus Avenicci,0001A67D,NPC Spine1 [Spn1],6,0.000,0.000,0.000,405.584,2.070,4.0000,18.878,0.000,0.000,0.000,0.0000,0.0000,0.0000,10.347,336.296,-226.488,DeadBip,-,-,000001EB3A167400,17,0,0,-,
192,1338.122,10.6977,listener,ragdoll,Proventus Avenicci,0001A67D,-,-,0.000,0.000,0.000,0.000,0.000,0.0000,0.000,-311.888,-308.942,-318.000,0.0424,0.9991,0.0000,0.000,0.000,0.000,-,-,-,0000000000000000,-,0,0,-,tick
193,1358.440,10.6977,listener,ragdoll,Proventus Avenicci,0001A67D,-,-,0.000,0.000,0.000,0.000,0.000,0.0000,0.000,-311.888,-308.942,-318.000,0.0424,0.9991,0.0000,0.000,0.000,0.000,-,-,-,0000000000000000,-,0,0,-,tick
194,1391.282,10.6978,touch,ragdoll,Proventus Avenicci,0001A67D,NPC R Thigh [RThg],2,0.000,0.000,0.000,355.542,1.937,6.0000,20.487,0.000,0.000,0.000,0.0000,0.0000,0.0000,5.882,277.040,-222.765,Static,-,-,000001EAE4998400,-,0,0,-,
195,1391.284,10.6978,touch,ragdoll,Proventus Avenicci,0001A67D,NPC L Thigh [LThg],1,0.000,0.000,0.000,359.388,2.072,6.0000,20.487,0.000,0.000,0.000,0.0000,0.0000,0.0000,9.390,281.074,-223.761,Static,-,-,000001EAE4998400,-,0,0,-,
196,1399.486,10.6978,listener,ragdoll,Proventus Avenicci,0001A67D,-,-,0.000,0.000,0.000,0.000,0.000,0.0000,0.000,-311.888,-308.942,-318.000,0.0424,0.9991,0.0000,0.000,0.000,0.000,-,-,-,0000000000000000,-,0,0,-,tick
197,1410.699,10.6978,impact,ragdoll,Proventus Avenicci,0001A67D,NPC L Thigh [LThg],1,203.265,203.265,248.808,359.024,2.071,6.0000,20.487,-314.009,26.170,-318.000,0.0000,0.0000,1.0000,9.380,280.789,-223.534,Static,Carpet,shape,000001EAE4998400,-,1,1,-,
198,1410.702,10.6978,impact,ragdoll,Proventus Avenicci,0001A67D,NPC R Thigh [RThg],2,202.719,202.719,247.979,355.182,1.936,6.0000,20.487,-294.033,26.019,-318.000,-0.0000,0.0000,1.0000,5.876,276.759,-222.539,Static,Carpet,shape,000001EAE4998400,-,1,1,-,
199,1410.911,10.6978,touch,ragdoll,Proventus Avenicci,0001A67D,NPC R Calf [RClf],4,0.000,0.000,0.000,233.400,1.491,6.0000,19.675,0.000,0.000,0.000,0.0000,0.0000,0.0000,2.037,232.038,25.096,Static,-,-,000001EAE4998400,-,0,0,-,
200,1410.912,10.6978,touch,ragdoll,Proventus Avenicci,0001A67D,NPC L Calf [LClf],5,0.000,0.000,0.000,234.256,7.729,6.0000,19.675,0.000,0.000,0.000,0.0000,0.0000,0.0000,18.128,232.011,26.805,Static,-,-,000001EAE4998400,-,0,0,-,
201,1431.711,10.6980,touch,ragdoll,Proventus Avenicci,0001A67D,NPC L Forearm [LLar],14,0.000,0.000,0.000,439.882,3.226,2.0000,11.658,0.000,0.000,0.000,0.0000,0.0000,0.0000,19.581,342.950,-274.769,DeadBip,-,-,000001EB3A29DF00,6,0,0,-,
202,1431.712,10.6980,touch,ragdoll,Proventus Avenicci,0001A67D,NPC Spine1 [Spn1],6,0.000,0.000,0.000,433.293,1.858,4.0000,18.878,0.000,0.000,0.000,0.0000,0.0000,0.0000,10.052,322.604,-289.081,DeadBip,-,-,000001EB3A166E00,14,0,0,-,
203,1431.720,10.6980,touch,ragdoll,Proventus Avenicci,0001A67D,NPC L Thigh [LThg],1,0.000,0.000,0.000,274.547,12.281,6.0000,20.487,0.000,0.000,0.000,0.0000,0.0000,0.0000,33.685,255.435,-94.837,Static,-,-,000001EA56BED300,-,0,0,-,
204,1431.721,10.6980,touch,ragdoll,Proventus Avenicci,0001A67D,NPC R Thigh [RThg],2,0.000,0.000,0.000,276.749,12.640,6.0000,20.487,0.000,0.000,0.000,0.0000,0.0000,0.0000,-4.963,263.032,-85.905,Static,-,-,000001EA56BED300,-,0,0,-,
205,1431.880,10.6980,impact,ragdoll,Proventus Avenicci,0001A67D,NPC L Forearm [LLar],14,11.142,11.142,11.927,439.433,3.224,2.0000,11.658,-314.250,69.222,-285.930,-0.9820,-0.1609,0.0986,19.561,342.599,-274.489,DeadBip,Skin,shape,000001EB3A29DF00,6,1,1,-,
206,1431.880,10.6980,impact,ragdoll,Proventus Avenicci,0001A67D,NPC Spine1 [Spn1],6,11.142,-11.142,11.927,432.851,1.857,4.0000,18.878,-314.250,69.222,-285.930,-0.9820,-0.1609,0.0986,10.042,322.275,-288.786,DeadBip,Skin,shape,000001EB3A166E00,14,1,1,-,
207,1440.003,10.6980,listener,ragdoll,Proventus Avenicci,0001A67D,-,-,0.000,0.000,0.000,0.000,0.000,0.0000,0.000,-311.888,-308.942,-318.000,0.0424,0.9991,0.0000,0.000,0.000,0.000,-,-,-,0000000000000000,-,0,0,-,tick
208,1450.402,10.6980,impact,ragdoll,Proventus Avenicci,0001A67D,NPC R Thigh [RThg],2,240.360,240.360,148.968,295.660,12.426,6.0000,20.487,-294.673,58.254,-318.000,-0.0000,0.0000,1.0000,-5.161,277.337,-102.334,Static,Carpet,shape,000001EAE4998400,-,0,1,-,
209,1450.616,10.6980,touch,ragdoll,Proventus Avenicci,0001A67D,NPC R Calf [RClf],4,0.000,0.000,0.000,245.621,7.228,6.0000,19.675,0.000,0.000,0.000,0.0000,0.0000,0.0000,-6.010,235.808,68.468,DeadBip,-,-,000001EB3A29CA00,1,0,0,-,
210,1450.617,10.6980,touch,ragdoll,Proventus Avenicci,0001A67D,NPC L Thigh [LThg],1,0.000,0.000,0.000,313.124,13.275,6.0000,20.487,0.000,0.000,0.000,0.0000,0.0000,0.0000,43.686,283.068,-126.532,DeadBip,-,-,000001EB3A29D600,4,0,0,-,
211,1450.624,10.6980,separate,ragdoll,Proventus Avenicci,0001A67D,NPC R Thigh [RThg],2,0.000,0.000,0.000,295.848,5.730,6.0000,20.487,0.000,0.000,0.000,0.0000,0.0000,0.0000,5.538,288.531,65.154,Static,-,-,000001EA56BED300,-,0,0,-,
212,1450.626,10.6980,touch,ragdoll,Proventus Avenicci,0001A67D,NPC COM [COM ],0,0.000,0.000,0.000,355.427,12.154,50.0000,17.687,0.000,0.000,0.000,0.0000,0.0000,0.0000,9.498,271.163,-229.584,Static,-,-,000001EAE4998400,-,0,0,-,
213,1450.627,10.6980,touch,ragdoll,Proventus Avenicci,0001A67D,NPC COM [COM ],0,0.000,0.000,0.000,355.427,12.154,50.0000,17.687,0.000,0.000,0.000,0.0000,0.0000,0.0000,9.498,271.163,-229.584,Static,-,-,000001EA56BED300,-,0,0,-,
214,1450.807,10.6980,impact,ragdoll,Proventus Avenicci,0001A67D,NPC COM [COM ],0,194.166,194.166,292.089,355.064,12.147,50.0000,17.687,-299.092,63.432,-319.650,-0.0000,0.0000,1.0000,9.488,270.886,-229.350,Static,Wood,shape,000001EA56BED300,-,1,1,-,
215,1450.808,10.6980,impact,ragdoll,Proventus Avenicci,0001A67D,NPC COM [COM ],0,194.166,194.166,284.860,355.064,12.147,50.0000,17.687,-299.092,63.432,-318.000,-0.0000,0.0000,1.0000,9.488,270.886,-229.350,Static,Carpet,shape,000001EAE4998400,-,1,1,-,
216,1450.819,10.6980,impact,ragdoll,Proventus Avenicci,0001A67D,NPC L Thigh [LThg],1,270.949,270.949,139.211,312.804,13.268,6.0000,20.487,-310.634,60.462,-319.650,-0.0000,-0.0000,1.0000,43.641,282.779,-126.403,Static,Wood,shape,000001EA56BED300,-,0,1,-,
217,1450.820,10.6980,impact,ragdoll,Proventus Avenicci,0001A67D,NPC L Thigh [LThg],1,270.949,270.949,160.437,312.804,13.268,6.0000,20.487,-310.634,60.462,-318.000,-0.0000,0.0000,1.0000,43.641,282.779,-126.403,Static,Carpet,shape,000001EAE4998400,-,0,1,-,
218,1450.822,10.6980,impact,ragdoll,Proventus Avenicci,0001A67D,NPC R Calf [RClf],4,77.352,77.352,153.594,245.370,7.224,6.0000,19.675,-305.621,36.893,-306.867,0.9745,-0.2098,0.0800,-6.004,235.568,68.398,DeadBip,Skin,shape,000001EB3A29CA00,1,1,1,-,
219,1450.822,10.6980,impact,ragdoll,Proventus Avenicci,0001A67D,NPC L Thigh [LThg],1,77.352,-77.352,153.594,312.804,13.268,6.0000,20.487,-305.621,36.893,-306.867,0.9745,-0.2098,0.0800,43.641,282.779,-126.403,DeadBip,Skin,shape,000001EB3A29D600,4,1,1,-,
220,1450.980,10.6980,touch,ragdoll,Proventus Avenicci,0001A67D,NPC R Thigh [RThg],2,0.000,0.000,0.000,157.427,5.725,6.0000,20.487,0.000,0.000,0.000,0.0000,0.0000,0.0000,-9.781,132.831,83.925,DeadBip,-,-,000001EB3A29C700,5,0,0,-,
221,1450.980,10.6980,touch,ragdoll,Proventus Avenicci,0001A67D,NPC L Calf [LClf],5,0.000,0.000,0.000,227.119,4.887,6.0000,19.675,0.000,0.000,0.000,0.0000,0.0000,0.0000,31.470,215.949,62.916,DeadBip,-,-,000001EB3A29C100,2,0,0,-,
222,1450.983,10.6980,separate,ragdoll,Proventus Avenicci,0001A67D,NPC R Calf [RClf],4,0.000,0.000,0.000,193.526,4.581,6.0000,19.675,0.000,0.000,0.000,0.0000,0.0000,0.0000,20.568,147.122,124.034,Static,-,-,000001EAE4998400,-,0,0,-,
223,1459.924,10.6980,listener,ragdoll,Proventus Avenicci,0001A67D,-,-,0.000,0.000,0.000,0.000,0.000,0.0000,0.000,-311.888,-308.942,-318.000,0.0424,0.9991,0.0000,0.000,0.000,0.000,-,-,-,0000000000000000,-,0,0,-,tick
224,1470.119,10.6980,impact,ragdoll,Proventus Avenicci,0001A67D,NPC R Thigh [RThg],2,73.615,73.615,104.021,157.268,5.722,6.0000,20.487,-306.644,36.572,-304.393,0.9380,0.3457,-0.0260,-9.771,132.697,83.840,DeadBip,Skin,shape,000001EB3A29C700,5,1,1,-,
225,1470.120,10.6980,impact,ragdoll,Proventus Avenicci,0001A67D,NPC L Calf [LClf],5,73.615,-73.615,104.021,226.889,4.885,6.0000,19.675,-306.644,36.572,-304.393,0.9380,0.3457,-0.0260,31.438,215.731,62.852,DeadBip,Skin,shape,000001EB3A29C100,2,1,1,-,
226,1470.318,10.6980,touch,ragdoll,Proventus Avenicci,0001A67D,NPC L Forearm [LLar],14,0.000,0.000,0.000,479.226,14.963,2.0000,11.658,0.000,0.000,0.000,0.0000,0.0000,0.0000,34.444,419.607,-228.914,DeadBip,-,-,000001EB3A29DC00,9,0,0,-,
227,1470.318,10.6980,touch,ragdoll,Proventus Avenicci,0001A67D,NPC Spine2 [Spn2],9,0.000,0.000,0.000,492.060,7.601,7.0000,23.052,0.000,0.000,0.000,0.0000,0.0000,0.0000,-18.157,436.648,-226.124,DeadBip,-,-,000001EB3A166E00,14,0,0,-,
228,1470.321,10.6980,separate,ragdoll,Proventus Avenicci,0001A67D,NPC R Calf [RClf],4,0.000,0.000,0.000,144.304,1.533,6.0000,19.675,0.000,0.000,0.000,0.0000,0.0000,0.0000,1.248,74.863,123.360,DeadBip,-,-,000001EB3A29CA00,1,0,0,-,
229,1470.321,10.6980,separate,ragdoll,Proventus Avenicci,0001A67D,NPC L Thigh [LThg],1,0.000,0.000,0.000,76.969,5.491,6.0000,20.487,0.000,0.000,0.000,0.0000,0.0000,0.0000,-2.368,74.923,17.471,DeadBip,-,-,000001EB3A29D600,4,0,0,-,
230,1470.323,10.6980,separate,ragdoll,Proventus Avenicci,0001A67D,NPC L Calf [LClf],5,0.000,0.000,0.000,162.886,6.504,6.0000,19.675,0.000,0.000,0.000,0.0000,0.0000,0.0000,7.163,90.455,135.272,Static,-,-,000001EAE4998400,-,0,0,-,
231,1470.328,10.6980,touch,ragdoll,Proventus Avenicci,0001A67D,NPC Spine [Spn0],3,0.000,0.000,0.000,221.627,15.430,4.0000,17.297,0.000,0.000,0.000,0.0000,0.0000,0.0000,-46.785,169.188,-135.296,Static,-,-,000001EAE4998400,-,0,0,-,
232,1470.331,10.6980,touch,ragdoll,Proventus Avenicci,0001A67D,NPC Spine [Spn0],3,0.000,0.000,0.000,221.627,15.430,4.0000,17.297,0.000,0.000,0.000,0.0000,0.0000,0.0000,-46.785,169.188,-135.296,Static,-,-,000001EA56BED300,-,0,0,-,
233,1470.524,10.6980,impact,ragdoll,Proventus Avenicci,0001A67D,NPC Spine [Spn0],3,132.558,132.558,55.252,221.403,15.423,4.0000,17.297,-299.798,75.079,-319.650,0.0000,0.0000,1.0000,-46.738,169.017,-135.159,Static,Wood,shape,000001EA56BED300,-,1,1,-,
234,1470.524,10.6980,impact,ragdoll,Proventus Avenicci,0001A67D,NPC Spine [Spn0],3,132.558,132.558,43.754,221.403,15.423,4.0000,17.297,-299.798,75.079,-318.000,-0.0000,0.0000,1.0000,-46.738,169.017,-135.159,Static,Carpet,shape,000001EAE4998400,-,1,1,-,
235,1470.527,10.6980,impact,ragdoll,Proventus Avenicci,0001A67D,NPC L Forearm [LLar],14,89.187,89.187,168.870,478.741,14.956,2.0000,11.658,-313.341,82.345,-285.581,-0.8567,-0.4543,-0.2441,34.409,419.182,-228.682,DeadBip,Skin,shape,000001EB3A29DC00,9,1,1,-,
236,1470.527,10.6980,impact,ragdoll,Proventus Avenicci,0001A67D,NPC Spine2 [Spn2],9,89.187,-89.187,168.870,491.562,7.597,7.0000,23.052,-313.341,82.345,-285.581,-0.8567,-0.4543,-0.2441,-18.139,436.206,-225.895,DeadBip,Skin,shape,000001EB3A166E00,14,1,1,-,
237,1470.682,10.6980,touch,ragdoll,Proventus Avenicci,0001A67D,NPC R Calf [RClf],4,0.000,0.000,0.000,154.956,5.240,6.0000,19.675,0.000,0.000,0.000,0.0000,0.0000,0.0000,-15.656,106.960,111.022,DeadBip,-,-,000001EB3A29CA00,1,0,0,-,
238,1470.682,10.6980,touch,ragdoll,Proventus Avenicci,0001A67D,NPC L Thigh [LThg],1,0.000,0.000,0.000,135.455,4.054,6.0000,20.487,0.000,0.000,0.000,0.0000,0.0000,0.0000,6.874,129.089,40.458,DeadBip,-,-,000001EB3A29D600,4,0,0,-,
239,1470.684,10.6980,separate,ragdoll,Proventus Avenicci,0001A67D,NPC R Forearm [RLar],15,0.000,0.000,0.000,441.309,11.558,6.0000,11.658,0.000,0.000,0.000,0.0000,0.0000,0.0000,-0.836,362.230,-252.075,DeadBip,-,-,000001EB3A29DF00,6,0,0,-,
240,1470.684,10.6980,separate,ragdoll,Proventus Avenicci,0001A67D,NPC Spine1 [Spn1],6,0.000,0.000,0.000,253.972,12.626,4.0000,18.878,0.000,0.000,0.000,0.0000,0.0000,0.0000,-36.412,233.860,-92.116,DeadBip,-,-,000001EB3A167700,15,0,0,-,
241,1489.844,10.6981,impact,ragdoll,Proventus Avenicci,0001A67D,NPC R Calf [RClf],4,37.667,37.667,82.112,154.799,5.238,6.0000,19.675,-305.046,42.089,-303.485,0.9477,-0.2481,0.2006,-15.640,106.852,110.910,DeadBip,Skin,shape,000001EB3A29CA00,1,1,1,-,
242,1489.845,10.6981,impact,ragdoll,Proventus Avenicci,0001A67D,NPC L Thigh [LThg],1,37.667,-37.667,82.112,135.318,4.052,6.0000,20.487,-305.046,42.089,-303.485,0.9477,-0.2481,0.2006,6.867,128.958,40.417,DeadBip,Skin,shape,000001EB3A29D600,4,1,1,-,
243,1489.846,10.6981,impact,ragdoll,Proventus Avenicci,0001A67D,NPC R Calf [RClf],4,60.527,60.527,27.564,154.799,5.238,6.0000,19.675,-305.185,35.942,-299.815,0.9599,0.2607,-0.1030,-15.640,106.852,110.910,DeadBip,Skin,shape,000001EB3A29C700,5,0,1,-,
244,1489.846,10.6981,impact,ragdoll,Proventus Avenicci,0001A67D,NPC L Calf [LClf],5,60.527,-60.527,27.564,135.649,2.718,6.0000,19.675,-305.185,35.942,-299.815,0.9599,0.2607,-0.1030,13.442,116.020,68.987,DeadBip,Skin,shape,000001EB3A29D600,4,0,1,-,
245,1490.061,10.6981,separate,ragdoll,Proventus Avenicci,0001A67D,NPC Spine [Spn0],3,0.000,0.000,0.000,116.456,8.763,4.0000,17.297,0.000,0.000,0.000,0.0000,0.0000,0.0000,-15.227,114.858,-11.737,Static,-,-,000001EAE4998400,-,0,0,-,
246,1490.063,10.6981,touch,ragdoll,Proventus Avenicci,0001A67D,NPC Spine [Spn0],3,0.000,0.000,0.000,116.456,8.763,4.0000,17.297,0.000,0.000,0.000,0.0000,0.0000,0.0000,-15.227,114.858,-11.737,Static,-,-,000001EAE4998400,-,0,0,-,
247,1490.066,10.6981,touch,ragdoll,Proventus Avenicci,0001A67D,NPC L Hand [LHnd],16,0.000,0.000,0.000,340.504,26.488,4.0000,8.334,0.000,0.000,0.000,0.0000,0.0000,0.0000,65.304,261.940,-207.523,Static,-,-,000001EAE4998400,-,0,0,-,
248,1490.271,10.6981,impact,ragdoll,Proventus Avenicci,0001A67D,NPC Spine [Spn0],3,6.738,6.738,20.293,116.338,8.759,4.0000,17.297,-300.258,77.409,-318.000,-0.0000,0.0000,1.0000,-15.211,114.742,-11.725,Static,Carpet,shape,000001EAE4998400,-,1,1,-,
249,1490.275,10.6981,impact,ragdoll,Proventus Avenicci,0001A67D,NPC L Hand [LHnd],16,207.041,207.041,156.729,340.160,26.474,4.0000,8.334,-325.796,91.635,-318.000,0.0000,-0.0000,1.0000,65.238,261.675,-207.313,Static,Carpet,shape,000001EAE4998400,-,1,1,-,
250,1490.432,10.6981,touch,ragdoll,Proventus Avenicci,0001A67D,NPC L Hand [LHnd],16,0.000,0.000,0.000,256.392,16.117,4.0000,8.334,0.000,0.000,0.000,0.0000,0.0000,0.0000,32.105,254.364,2.229,DeadBip,-,-,000001EB3A29DF00,6,0,0,-,
251,1490.432,10.6981,touch,ragdoll,Proventus Avenicci,0001A67D,NPC Spine1 [Spn1],6,0.000,0.000,0.000,225.227,9.338,4.0000,18.878,0.000,0.000,0.000,0.0000,0.0000,0.0000,-7.659,212.163,-75.202,DeadBip,-,-,000001EB3A166B00,16,0,0,-,
252,1499.887,10.6981,listener,ragdoll,Proventus Avenicci,0001A67D,-,-,0.000,0.000,0.000,0.000,0.000,0.0000,0.000,-311.888,-308.942,-318.000,0.0424,0.9991,0.0000,0.000,0.000,0.000,-,-,-,0000000000000000,-,0,0,-,tick
253,1508.859,10.6981,impact,ragdoll,Proventus Avenicci,0001A67D,NPC L Hand [LHnd],16,64.420,64.420,169.895,256.132,16.109,4.0000,8.334,-314.937,92.477,-304.881,-0.9041,0.1594,-0.3965,32.073,254.106,2.226,DeadBip,Skin,shape,000001EB3A29DF00,6,1,1,-,
254,1508.860,10.6981,impact,ragdoll,Proventus Avenicci,0001A67D,NPC Spine1 [Spn1],6,64.420,-64.420,169.895,224.999,9.333,4.0000,18.878,-314.937,92.477,-304.881,-0.9041,0.1594,-0.3965,-7.651,211.948,-75.125,DeadBip,Skin,shape,000001EB3A166B00,16,1,1,-,
255,1509.231,10.6981,impact,ragdoll,Proventus Avenicci,0001A67D,NPC L Hand [LHnd],16,90.149,90.149,17.596,224.743,25.612,4.0000,8.334,-325.097,96.560,-318.000,-0.0000,0.0000,1.0000,-1.020,206.088,-89.644,Static,Carpet,shape,000001EAE4998400,-,0,1,-,
256,1509.382,10.6981,separate,ragdoll,Proventus Avenicci,0001A67D,NPC L Forearm [LLar],14,0.000,0.000,0.000,290.120,18.008,2.0000,11.658,0.000,0.000,0.000,0.0000,0.0000,0.0000,-184.552,223.852,-0.716,DeadBip,-,-,000001EB3A29DC00,9,0,0,-,
257,1509.382,10.6981,separate,ragdoll,Proventus Avenicci,0001A67D,NPC Spine2 [Spn2],9,0.000,0.000,0.000,359.069,10.625,7.0000,23.052,0.000,0.000,0.000,0.0000,0.0000,0.0000,-1.538,246.457,-261.128,DeadBip,-,-,000001EB3A166E00,14,0,0,-,
258,1509.384,10.6981,separate,ragdoll,Proventus Avenicci,0001A67D,NPC R Hand [RHnd],17,0.000,0.000,0.000,441.496,3.775,4.0000,8.334,0.000,0.000,0.000,0.0000,0.0000,0.0000,2.540,313.252,-311.104,DeadBip,-,-,000001EB3A29DC00,9,0,0,-,
259,1509.384,10.6981,separate,ragdoll,Proventus Avenicci,0001A67D,NPC Spine2 [Spn2],9,0.000,0.000,0.000,359.069,10.625,7.0000,23.052,0.000,0.000,0.000,0.0000,0.0000,0.0000,-1.538,246.457,-261.128,DeadBip,-,-,000001EB3A167400,17,0,0,-,
260,1509.386,10.6981,separate,ragdoll,Proventus Avenicci,0001A67D,NPC L Thigh [LThg],1,0.000,0.000,0.000,173.219,1.077,6.0000,20.487,0.000,0.000,0.000,0.0000,0.0000,0.0000,5.005,165.836,49.782,Static,-,-,000001EAE4998400,-,0,0,-,
261,1527.757,10.6982,impact,ragdoll,Proventus Avenicci,0001A67D,NPC Spine [Spn0],3,26.211,26.211,97.004,150.922,5.454,4.0000,17.297,-307.167,82.505,-319.650,0.0000,0.0000,1.0000,17.659,148.202,-22.402,Static,Wood,shape,000001EA56BED300,-,0,1,-,
262,1527.936,10.6982,separate,ragdoll,Proventus Avenicci,0001A67D,NPC L Forearm [LLar],14,0.000,0.000,0.000,287.545,10.633,2.0000,11.658,0.000,0.000,0.000,0.0000,0.0000,0.0000,-157.178,237.536,-39.418,DeadBip,-,-,000001EB3A29DF00,6,0,0,-,
263,1527.936,10.6982,separate,ragdoll,Proventus Avenicci,0001A67D,NPC Spine1 [Spn1],6,0.000,0.000,0.000,177.139,9.864,4.0000,18.878,0.000,0.000,0.000,0.0000,0.0000,0.0000,34.817,108.829,-135.360,DeadBip,-,-,000001EB3A166E00,14,0,0,-,
264,1527.940,10.6982,touch,ragdoll,Proventus Avenicci,0001A67D,NPC R Forearm [RLar],15,0.000,0.000,0.000,445.261,3.870,6.0000,11.658,0.000,0.000,0.000,0.0000,0.0000,0.0000,15.216,286.726,-340.314,Static,-,-,000001EAE4998400,-,0,0,-,
265,1527.943,10.6982,touch,ragdoll,Proventus Avenicci,0001A67D,NPC L Hand [LHnd],16,0.000,0.000,0.000,206.561,21.010,4.0000,8.334,0.000,0.000,0.000,0.0000,0.0000,0.0000,-9.648,206.330,-1.568,Static,-,-,000001EA56BED300,-,0,0,-,
266,1527.948,10.6982,touch,ragdoll,Proventus Avenicci,0001A67D,NPC Spine1 [Spn1],6,0.000,0.000,0.000,177.139,9.864,4.0000,18.878,0.000,0.000,0.000,0.0000,0.0000,0.0000,34.817,108.829,-135.360,Static,-,-,000001EAE4998400,-,0,0,-,
267,1528.111,10.6982,impact,ragdoll,Proventus Avenicci,0001A67D,NPC Spine1 [Spn1],6,133.837,133.837,34.576,176.963,9.859,4.0000,18.878,-298.951,95.599,-318.000,-0.0000,-0.0000,1.0000,34.782,108.721,-135.225,Static,Carpet,shape,000001EAE4998400,-,1,1,-,
268,1528.113,10.6982,impact,ragdoll,Proventus Avenicci,0001A67D,NPC R Forearm [RLar],15,315.733,315.733,318.198,444.817,3.869,6.0000,11.658,-279.834,114.720,-318.000,0.0000,-0.0000,1.0000,15.201,286.440,-339.976,Static,Carpet,shape,000001EAE4998400,-,1,1,-,
269,1528.263,10.6982,separate,ragdoll,Proventus Avenicci,0001A67D,NPC L Hand [LHnd],16,0.000,0.000,0.000,211.700,20.669,4.0000,8.334,0.000,0.000,0.000,0.0000,0.0000,0.0000,-20.451,210.302,-13.105,DeadBip,-,-,000001EB3A29DF00,6,0,0,-,
270,1528.263,10.6982,separate,ragdoll,Proventus Avenicci,0001A67D,NPC Spine1 [Spn1],6,0.000,0.000,0.000,99.141,7.691,4.0000,18.878,0.000,0.000,0.000,0.0000,0.0000,0.0000,36.201,91.171,-14.364,DeadBip,-,-,000001EB3A166B00,16,0,0,-,
271,1528.266,10.6982,touch,ragdoll,Proventus Avenicci,0001A67D,NPC R Hand [RHnd],17,0.000,0.000,0.000,253.923,69.757,4.0000,8.334,0.000,0.000,0.000,0.0000,0.0000,0.0000,-24.572,241.741,-73.720,Static,-,-,000001EAE4998400,-,0,0,-,
272,1528.267,10.6982,separate,ragdoll,Proventus Avenicci,0001A67D,NPC L Thigh [LThg],1,0.000,0.000,0.000,220.384,0.579,6.0000,20.487,0.000,0.000,0.000,0.0000,0.0000,0.0000,5.949,212.804,56.995,Static,-,-,000001EA56BED300,-,0,0,-,
273,1537.431,10.6982,listener,ragdoll,Proventus Avenicci,0001A67D,-,-,0.000,0.000,0.000,0.000,0.000,0.0000,0.000,-311.888,-308.942,-318.000,0.0424,0.9991,0.0000,0.000,0.000,0.000,-,-,-,0000000000000000,-,0,0,-,tick
274,1546.515,10.6982,impact,ragdoll,Proventus Avenicci,0001A67D,NPC R Forearm [RLar],15,249.838,249.838,420.808,309.204,20.780,6.0000,11.658,-277.848,105.095,-318.000,-0.0000,-0.0000,1.0000,23.362,282.388,-123.766,Static,Carpet,shape,000001EAE4998400,-,0,1,-,
275,1546.519,10.6982,impact,ragdoll,Proventus Avenicci,0001A67D,NPC R Hand [RHnd],17,73.121,73.121,367.461,253.675,69.723,4.0000,8.334,-278.606,122.596,-318.000,-0.0000,0.0000,1.0000,-24.548,241.504,-73.648,Static,Carpet,shape,000001EAE4998400,-,1,1,-,
276,1546.728,10.6982,separate,ragdoll,Proventus Avenicci,0001A67D,NPC R Foot [Rft ],8,0.000,0.000,0.000,183.988,10.836,3.0000,10.011,0.000,0.000,0.000,0.0000,0.0000,0.0000,44.131,178.457,-7.573,DeadBip,-,-,000001EB3A29C700,5,0,0,-,
277,1546.728,10.6982,separate,ragdoll,Proventus Avenicci,0001A67D,NPC L Calf [LClf],5,0.000,0.000,0.000,157.691,6.541,6.0000,19.675,0.000,0.000,0.000,0.0000,0.0000,0.0000,-25.955,154.626,-16.842,DeadBip,-,-,000001EB3A29D300,8,0,0,-,
278,1546.730,10.6982,touch,ragdoll,Proventus Avenicci,0001A67D,NPC R UpperArm [RUar],12,0.000,0.000,0.000,202.054,22.237,2.0000,14.463,0.000,0.000,0.000,0.0000,0.0000,0.0000,-2.978,198.370,38.291,Static,-,-,000001EAE4998400,-,0,0,-,
279,1546.734,10.6982,touch,ragdoll,Proventus Avenicci,0001A67D,NPC Spine2 [Spn2],9,0.000,0.000,0.000,286.790,16.757,7.0000,23.052,0.000,0.000,0.000,0.0000,0.0000,0.0000,-28.665,205.336,-198.151,Static,-,-,000001EAE4998400,-,0,0,-,
280,1546.740,10.6982,touch,ragdoll,Proventus Avenicci,0001A67D,NPC R Hand [RHnd],17,0.000,0.000,0.000,179.661,40.970,4.0000,8.334,0.000,0.000,0.000,0.0000,0.0000,0.0000,24.635,177.964,0.167,Static,-,-,000001EA56BED300,-,0,0,-,
281,1546.741,10.6982,touch,ragdoll,Proventus Avenicci,0001A67D,NPC R Forearm [RLar],15,0.000,0.000,0.000,105.031,8.445,6.0000,11.658,0.000,0.000,0.000,0.0000,0.0000,0.0000,44.569,88.049,-35.950,Static,-,-,000001EA56BED300,-,0,0,-,
282,1546.932,10.6982,impact,ragdoll,Proventus Avenicci,0001A67D,NPC Spine2 [Spn2],9,166.851,166.851,161.744,286.509,16.749,7.0000,23.052,-297.823,112.186,-318.000,-0.0000,-0.0000,1.0000,-28.637,205.135,-197.957,Static,Carpet,shape,000001EAE4998400,-,1,1,-,
283,1547.097,10.6982,separate,ragdoll,Proventus Avenicci,0001A67D,NPC COM [COM ],0,0.000,0.000,0.000,196.431,2.005,50.0000,17.687,0.000,0.000,0.000,0.0000,0.0000,0.0000,-4.383,184.540,67.165,Static,-,-,000001EA56BED300,-,0,0,-,
284,1556.621,10.6983,listener,ragdoll,Proventus Avenicci,0001A67D,-,-,0.000,0.000,0.000,0.000,0.000,0.0000,0.000,-311.888,-308.942,-318.000,0.0424,0.9991,0.0000,0.000,0.000,0.000,-,-,-,0000000000000000,-,0,0,-,tick
285,1565.590,10.6983,touch,ragdoll,Proventus Avenicci,0001A67D,NPC Head [Head],13,0.000,0.000,0.000,554.708,37.201,4.0000,15.108,0.000,0.000,0.000,0.0000,0.0000,0.0000,-123.829,95.880,-532.141,Static,-,-,000001EAE4998400,-,0,0,-,
286,1565.595,10.6983,separate,ragdoll,Proventus Avenicci,0001A67D,NPC R Thigh [RThg],2,0.000,0.000,0.000,174.854,3.465,6.0000,20.487,0.000,0.000,0.000,0.0000,0.0000,0.0000,4.637,170.762,37.319,Static,-,-,000001EAE4998400,-,0,0,-,
287,1565.599,10.6983,separate,ragdoll,Proventus Avenicci,0001A67D,NPC Spine [Spn0],3,0.000,0.000,0.000,216.340,5.148,4.0000,17.297,0.000,0.000,0.000,0.0000,0.0000,0.0000,-25.906,206.645,58.565,Static,-,-,000001EA56BED300,-,0,0,-,
288,1565.769,10.6983,impact,ragdoll,Proventus Avenicci,0001A67D,NPC Spine2 [Spn2],9,91.330,91.330,3.944,209.107,10.967,7.0000,23.052,-304.455,116.117,-318.000,0.0000,-0.0000,1.0000,-41.048,186.409,-85.397,Static,Carpet,shape,000001EAE4998400,-,0,1,-,
289,1565.771,10.6983,impact,ragdoll,Proventus Avenicci,0001A67D,NPC Head [Head],13,537.842,537.842,445.709,554.169,37.111,4.0000,15.108,-296.417,139.878,-318.000,-0.0000,-0.0000,1.0000,-123.709,95.786,-531.624,Static,Carpet,shape,000001EAE4998400,-,1,1,-,
290,1565.918,10.6983,separate,ragdoll,Proventus Avenicci,0001A67D,NPC R Forearm [RLar],15,0.000,0.000,0.000,116.191,24.740,6.0000,11.658,0.000,0.000,0.000,0.0000,0.0000,0.0000,15.023,106.562,43.810,DeadBip,-,-,000001EB3A29DC00,9,0,0,-,
291,1565.918,10.6983,separate,ragdoll,Proventus Avenicci,0001A67D,NPC Spine2 [Spn2],9,0.000,0.000,0.000,98.583,9.124,7.0000,23.052,0.000,0.000,0.000,0.0000,0.0000,0.0000,-53.701,82.552,-4.479,DeadBip,-,-,000001EB3A167700,15,0,0,-,
292,1565.920,10.6983,touch,ragdoll,Proventus Avenicci,0001A67D,NPC L Forearm [LLar],14,0.000,0.000,0.000,300.439,6.978,2.0000,11.658,0.000,0.000,0.000,0.0000,0.0000,0.0000,-46.616,274.078,-113.892,Static,-,-,000001EAE4998400,-,0,0,-,
293,1565.923,10.6983,separate,ragdoll,Proventus Avenicci,0001A67D,NPC R Forearm [RLar],15,0.000,0.000,0.000,116.191,24.740,6.0000,11.658,0.000,0.000,0.000,0.0000,0.0000,0.0000,15.023,106.562,43.810,Static,-,-,000001EA56BED300,-,0,0,-,
294,1565.923,10.6983,touch,ragdoll,Proventus Avenicci,0001A67D,NPC R Forearm [RLar],15,0.000,0.000,0.000,116.191,24.740,6.0000,11.658,0.000,0.000,0.000,0.0000,0.0000,0.0000,15.023,106.562,43.810,Static,-,-,000001EA56BED300,-,0,0,-,
295,1584.777,10.6983,impact,ragdoll,Proventus Avenicci,0001A67D,NPC L Forearm [LLar],14,98.587,98.587,250.162,300.149,6.974,2.0000,11.658,-329.427,113.174,-318.000,0.0000,-0.0000,1.0000,-46.571,273.814,-113.783,Static,Carpet,shape,000001EAE4998400,-,1,1,-,
296,1584.779,10.6983,impact,ragdoll,Proventus Avenicci,0001A67D,NPC R Forearm [RLar],15,20.556,20.556,208.657,116.079,24.729,6.0000,11.658,-278.505,121.616,-319.650,-0.0000,-0.0000,1.0000,15.008,106.459,43.768,Static,Wood,shape,000001EA56BED300,-,1,1,-,
297,1584.964,10.6983,separate,ragdoll,Proventus Avenicci,0001A67D,NPC R Hand [RHnd],17,0.000,0.000,0.000,126.213,28.447,4.0000,8.334,0.000,0.000,0.000,0.0000,0.0000,0.0000,-55.966,67.071,-91.099,Static,-,-,000001EA56BED300,-,0,0,-,
298,1584.965,10.6983,touch,ragdoll,Proventus Avenicci,0001A67D,NPC R Hand [RHnd],17,0.000,0.000,0.000,126.213,28.447,4.0000,8.334,0.000,0.000,0.000,0.0000,0.0000,0.0000,-55.966,67.071,-91.099,Static,-,-,000001EA56BED300,-,0,0,-,
299,1584.968,10.6983,touch,ragdoll,Proventus Avenicci,0001A67D,NPC R Hand [RHnd],17,0.000,0.000,0.000,126.213,28.447,4.0000,8.334,0.000,0.000,0.000,0.0000,0.0000,0.0000,-55.966,67.071,-91.099,Static,-,-,000001EAE4AD0D00,-,0,0,-,
300,1585.134,10.6983,impact,ragdoll,Proventus Avenicci,0001A67D,NPC R Hand [RHnd],17,83.873,83.873,67.638,126.092,28.433,4.0000,8.334,-280.045,128.049,-319.651,0.0000,0.0000,1.0000,-55.912,67.007,-91.012,Static,Wood,shape,000001EA56BED300,-,1,1,-,
301,1585.134,10.6983,impact,ragdoll,Proventus Avenicci,0001A67D,NPC R Hand [RHnd],17,90.852,90.852,62.019,126.092,28.433,4.0000,8.334,-280.045,128.479,-319.650,-0.0000,0.0000,1.0000,-55.912,67.007,-91.012,Static,Wood,shape,000001EAE4AD0D00,-,1,1,-,
302,1585.285,10.6983,separate,ragdoll,Proventus Avenicci,0001A67D,NPC Head [Head],13,0.000,0.000,0.000,154.320,5.807,4.0000,15.108,0.000,0.000,0.000,0.0000,0.0000,0.0000,-92.471,122.401,16.790,Static,-,-,000001EAE4998400,-,0,0,-,
303,1585.286,10.6983,touch,ragdoll,Proventus Avenicci,0001A67D,NPC L Hand [LHnd],16,0.000,0.000,0.000,172.797,13.058,4.0000,8.334,0.000,0.000,0.000,0.0000,0.0000,0.0000,-36.083,168.956,3.273,DeadBip,-,-,000001EB3A29DC00,9,0,0,-,
304,1585.286,10.6983,touch,ragdoll,Proventus Avenicci,0001A67D,NPC Spine2 [Spn2],9,0.000,0.000,0.000,167.960,6.418,7.0000,23.052,0.000,0.000,0.000,0.0000,0.0000,0.0000,-57.017,156.732,19.868,DeadBip,-,-,000001EB3A166B00,16,0,0,-,
305,1594.051,10.6984,listener,ragdoll,Proventus Avenicci,0001A67D,-,-,0.000,0.000,0.000,0.000,0.000,0.0000,0.000,-311.888,-308.942,-318.000,0.0424,0.9991,0.0000,0.000,0.000,0.000,-,-,-,0000000000000000,-,0,0,-,tick
306,1603.399,10.6984,impact,ragdoll,Proventus Avenicci,0001A67D,NPC L Hand [LHnd],16,14.311,14.311,79.621,172.631,13.052,4.0000,8.334,-316.510,117.053,-306.796,-0.8624,-0.2205,-0.4558,-36.048,168.794,3.270,DeadBip,Skin,shape,000001EB3A29DC00,9,1,1,-,
307,1603.399,10.6984,impact,ragdoll,Proventus Avenicci,0001A67D,NPC Spine2 [Spn2],9,14.311,-14.311,79.621,167.798,6.415,7.0000,23.052,-316.510,117.053,-306.796,-0.8624,-0.2205,-0.4558,-56.962,156.581,19.849,DeadBip,Skin,shape,000001EB3A166B00,16,1,1,-,
308,1603.578,10.6984,separate,ragdoll,Proventus Avenicci,0001A67D,NPC Spine1 [Spn1],6,0.000,0.000,0.000,181.213,2.936,4.0000,18.878,0.000,0.000,0.000,0.0000,0.0000,0.0000,-45.658,160.660,70.299,Static,-,-,000001EAE4998400,-,0,0,-,
309,1603.888,10.6984,separate,ragdoll,Proventus Avenicci,0001A67D,NPC R UpperArm [RUar],12,0.000,0.000,0.000,154.856,4.107,2.0000,14.463,0.000,0.000,0.000,0.0000,0.0000,0.0000,-32.420,142.634,50.839,Static,-,-,000001EAE4998400,-,0,0,-,
310,1603.890,10.6984,separate,ragdoll,Proventus Avenicci,0001A67D,NPC Spine [Spn0],3,0.000,0.000,0.000,186.616,3.619,4.0000,17.297,0.000,0.000,0.000,0.0000,0.0000,0.0000,-20.469,174.922,61.717,Static,-,-,000001EAE4998400,-,0,0,-,
311,1623.030,10.6985,separate,ragdoll,Proventus Avenicci,0001A67D,NPC L Hand [LHnd],16,0.000,0.000,0.000,168.908,13.703,4.0000,8.334,0.000,0.000,0.000,0.0000,0.0000,0.0000,-26.708,160.545,-45.188,DeadBip,-,-,000001EB3A29DC00,9,0,0,-,
312,1623.030,10.6985,separate,ragdoll,Proventus Avenicci,0001A67D,NPC Spine2 [Spn2],9,0.000,0.000,0.000,169.444,3.506,7.0000,23.052,0.000,0.000,0.000,0.0000,0.0000,0.0000,-45.729,162.609,13.359,DeadBip,-,-,000001EB3A166B00,16,0,0,-,
313,1623.033,10.6985,touch,ragdoll,Proventus Avenicci,0001A67D,NPC Head [Head],13,0.000,0.000,0.000,188.216,7.001,4.0000,15.108,0.000,0.000,0.000,0.0000,0.0000,0.0000,-82.425,153.091,-72.074,Static,-,-,000001EAE490E500,-,0,0,-,
314,1623.036,10.6985,separate,ragdoll,Proventus Avenicci,0001A67D,NPC COM [COM ],0,0.000,0.000,0.000,183.925,2.718,50.0000,17.687,0.000,0.000,0.000,0.0000,0.0000,0.0000,-9.789,181.169,30.174,Static,-,-,000001EAE4998400,-,0,0,-,
315,1623.038,10.6985,separate,ragdoll,Proventus Avenicci,0001A67D,NPC R Forearm [RLar],15,0.000,0.000,0.000,135.298,4.465,6.0000,11.658,0.000,0.000,0.000,0.0000,0.0000,0.0000,-17.989,121.486,56.772,Static,-,-,000001EA56BED300,-,0,0,-,
316,1633.548,10.6985,listener,ragdoll,Proventus Avenicci,0001A67D,-,-,0.000,0.000,0.000,0.000,0.000,0.0000,0.000,-311.888,-308.942,-318.000,0.0424,0.9991,0.0000,0.000,0.000,0.000,-,-,-,0000000000000000,-,0,0,-,tick
317,1642.251,10.6985,impact,ragdoll,Proventus Avenicci,0001A67D,NPC Head [Head],13,72.035,72.035,99.586,188.037,6.984,4.0000,15.108,-302.368,149.437,-318.000,-0.0000,0.0000,1.0000,-82.346,152.945,-72.005,Static,Carpet,shape,000001EAE490E500,-,1,1,-,
318,1642.476,10.6985,separate,ragdoll,Proventus Avenicci,0001A67D,NPC R Calf [RClf],4,0.000,0.000,0.000,187.841,1.901,6.0000,19.675,0.000,0.000,0.000,0.0000,0.0000,0.0000,11.979,174.712,-67.944,DeadBip,-,-,000001EB3A29CD00,7,0,0,-,
319,1642.476,10.6985,separate,ragdoll,Proventus Avenicci,0001A67D,NPC L Foot [Lft ],7,0.000,0.000,0.000,210.897,6.470,3.0000,10.011,0.000,0.000,0.000,0.0000,0.0000,0.0000,-23.217,177.661,-111.243,DeadBip,-,-,000001EB3A29D600,4,0,0,-,
320,1642.838,10.6985,touch,ragdoll,Proventus Avenicci,0001A67D,NPC L Hand [LHnd],16,0.000,0.000,0.000,147.602,13.491,4.0000,8.334,0.000,0.000,0.000,0.0000,0.0000,0.0000,-11.637,147.143,-0.352,DeadBip,-,-,000001EB3A29DC00,9,0,0,-,
321,1642.838,10.6985,touch,ragdoll,Proventus Avenicci,0001A67D,NPC Spine2 [Spn2],9,0.000,0.000,0.000,151.494,1.743,7.0000,23.052,0.000,0.000,0.000,0.0000,0.0000,0.0000,-43.421,143.656,20.690,DeadBip,-,-,000001EB3A166B00,16,0,0,-,
322,1653.386,10.6986,listener,ragdoll,Proventus Avenicci,0001A67D,-,-,0.000,0.000,0.000,0.000,0.000,0.0000,0.000,-311.888,-308.942,-318.000,0.0424,0.9991,0.0000,0.000,0.000,0.000,-,-,-,0000000000000000,-,0,0,-,tick
323,1661.798,10.6986,impact,ragdoll,Proventus Avenicci,0001A67D,NPC L Hand [LHnd],16,16.995,16.995,144.902,147.461,13.484,4.0000,8.334,-318.408,126.050,-306.926,-0.8203,-0.2017,-0.5352,-11.625,147.002,-0.352,DeadBip,Skin,shape,000001EB3A29DC00,9,1,1,-,
324,1661.799,10.6986,impact,ragdoll,Proventus Avenicci,0001A67D,NPC Spine2 [Spn2],9,16.995,-16.995,144.902,151.349,1.742,7.0000,23.052,-318.408,126.050,-306.926,-0.8203,-0.2017,-0.5352,-43.380,143.518,20.670,DeadBip,Skin,shape,000001EB3A166B00,16,1,1,-,
325,1681.467,10.6986,touch,ragdoll,Proventus Avenicci,0001A67D,NPC Head [Head],13,0.000,0.000,0.000,166.602,4.493,4.0000,15.108,0.000,0.000,0.000,0.0000,0.0000,0.0000,-49.766,147.601,-59.106,Static,-,-,000001EAE4AD0D00,-,0,0,-,
326,1681.658,10.6986,impact,ragdoll,Proventus Avenicci,0001A67D,NPC Head [Head],13,58.537,58.537,107.169,166.443,4.482,4.0000,15.108,-305.270,155.905,-319.650,-0.0000,0.0000,1.0000,-49.718,147.461,-59.050,Static,Wood,shape,000001EAE4AD0D00,-,1,1,-,
327,1681.812,10.6986,separate,ragdoll,Proventus Avenicci,0001A67D,NPC R Calf [RClf],4,0.000,0.000,0.000,206.643,3.084,6.0000,19.675,0.000,0.000,0.000,0.0000,0.0000,0.0000,12.860,183.228,-94.676,DeadBip,-,-,000001EB3A29CA00,1,0,0,-,
328,1681.812,10.6986,separate,ragdoll,Proventus Avenicci,0001A67D,NPC L Thigh [LThg],1,0.000,0.000,0.000,182.440,2.395,6.0000,20.487,0.000,0.000,0.000,0.0000,0.0000,0.0000,-9.099,176.403,-45.646,DeadBip,-,-,000001EB3A29D600,4,0,0,-,
329,1681.815,10.6986,separate,ragdoll,Proventus Avenicci,0001A67D,NPC L Hand [LHnd],16,0.000,0.000,0.000,139.697,7.407,4.0000,8.334,0.000,0.000,0.000,0.0000,0.0000,0.0000,-0.934,139.693,0.098,Static,-,-,000001EA56BED300,-,0,0,-,
330,1681.818,10.6986,touch,ragdoll,Proventus Avenicci,0001A67D,NPC L Hand [LHnd],16,0.000,0.000,0.000,139.697,7.407,4.0000,8.334,0.000,0.000,0.000,0.0000,0.0000,0.0000,-0.934,139.693,0.098,Static,-,-,000001EAE4AD0D00,-,0,0,-,
331,1691.002,10.6987,listener,ragdoll,Proventus Avenicci,0001A67D,-,-,0.000,0.000,0.000,0.000,0.000,0.0000,0.000,-311.888,-308.942,-318.000,0.0424,0.9991,0.0000,0.000,0.000,0.000,-,-,-,0000000000000000,-,0,0,-,tick
332,1700.510,10.6987,separate,ragdoll,Proventus Avenicci,0001A67D,NPC R Calf [RClf],4,0.000,0.000,0.000,209.717,3.228,6.0000,19.675,0.000,0.000,0.000,0.0000,0.0000,0.0000,13.740,184.091,-99.513,DeadBip,-,-,000001EB3A29C700,5,0,0,-,
333,1700.511,10.6987,separate,ragdoll,Proventus Avenicci,0001A67D,NPC L Calf [LClf],5,0.000,0.000,0.000,193.678,2.705,6.0000,19.675,0.000,0.000,0.000,0.0000,0.0000,0.0000,-8.926,166.723,-98.157,DeadBip,-,-,000001EB3A29D600,4,0,0,-,
334,1700.521,10.6987,touch,ragdoll,Proventus Avenicci,0001A67D,NPC L UpperArm [LUar],10,0.000,0.000,0.000,154.637,1.956,2.0000,14.463,0.000,0.000,0.000,0.0000,0.0000,0.0000,-33.515,140.691,-54.732,Static,-,-,000001EAE4998400,-,0,0,-,
335,1700.697,10.6987,impact,ragdoll,Proventus Avenicci,0001A67D,NPC L UpperArm [LUar],10,64.830,64.830,150.576,154.490,1.955,2.0000,14.463,-336.437,143.018,-318.000,0.0000,0.0000,1.0000,-33.483,140.556,-54.680,Static,Carpet,shape,000001EAE4998400,-,1,1,-,
336,1700.851,10.6987,separate,ragdoll,Proventus Avenicci,0001A67D,NPC L UpperArm [LUar],10,0.000,0.000,0.000,145.538,1.768,2.0000,14.463,0.000,0.000,0.000,0.0000,0.0000,0.0000,-37.922,140.509,0.731,Static,-,-,000001EAE4998400,-,0,0,-,
337,1700.853,10.6987,touch,ragdoll,Proventus Avenicci,0001A67D,NPC L Forearm [LLar],14,0.000,0.000,0.000,134.606,3.373,2.0000,11.658,0.000,0.000,0.000,0.0000,0.0000,0.0000,-20.185,131.321,-21.590,Static,-,-,000001EAE490E500,-,0,0,-,
338,1719.971,10.6988,impact,ragdoll,Proventus Avenicci,0001A67D,NPC L Forearm [LLar],14,58.747,58.747,138.735,134.479,3.371,2.0000,11.658,-339.591,144.339,-318.027,0.0000,-0.3224,0.9466,-20.166,131.197,-21.569,Static,Carpet,shape,000001EAE490E500,-,1,1,-,
339,1720.468,10.6988,touch,ragdoll,Proventus Avenicci,0001A67D,NPC L Thigh [LThg],1,0.000,0.000,0.000,188.131,2.380,6.0000,20.487,0.000,0.000,0.000,0.0000,0.0000,0.0000,-10.595,173.896,-71.002,Static,-,-,000001EAE4998400,-,0,0,-,
340,1720.472,10.6988,separate,ragdoll,Proventus Avenicci,0001A67D,NPC R Hand [RHnd],17,0.000,0.000,0.000,93.069,15.419,4.0000,8.334,0.000,0.000,0.000,0.0000,0.0000,0.0000,-27.855,88.803,-0.217,Static,-,-,000001EA56BED300,-,0,0,-,
341,1730.429,10.6988,listener,ragdoll,Proventus Avenicci,0001A67D,-,-,0.000,0.000,0.000,0.000,0.000,0.0000,0.000,-311.888,-308.942,-318.000,0.0424,0.9991,0.0000,0.000,0.000,0.000,-,-,-,0000000000000000,-,0,0,-,tick
342,1739.297,10.6988,impact,ragdoll,Proventus Avenicci,0001A67D,NPC L Thigh [LThg],1,91.795,91.795,197.138,187.949,2.379,6.0000,20.487,-312.361,86.636,-318.000,-0.0000,-0.0000,1.0000,-10.585,173.728,-70.933,Static,Carpet,shape,000001EAE4998400,-,1,1,-,
343,1739.541,10.6988,touch,ragdoll,Proventus Avenicci,0001A67D,NPC L UpperArm [LUar],10,0.000,0.000,0.000,142.049,2.305,2.0000,14.463,0.000,0.000,0.000,0.0000,0.0000,0.0000,-23.741,133.597,-42.027,Static,-,-,000001EAE490E500,-,0,0,-,
344,1739.759,10.6988,impact,ragdoll,Proventus Avenicci,0001A67D,NPC L UpperArm [LUar],10,33.879,33.879,133.233,141.911,2.304,2.0000,14.463,-337.566,147.750,-318.000,-0.0000,0.0000,1.0000,-23.718,133.467,-41.986,Static,Carpet,shape,000001EAE490E500,-,1,1,-,
345,1739.954,10.6988,touch,ragdoll,Proventus Avenicci,0001A67D,NPC L Calf [LClf],5,0.000,0.000,0.000,149.342,7.165,6.0000,19.675,0.000,0.000,0.000,0.0000,0.0000,0.0000,-5.787,135.433,-62.670,Static,-,-,000001EAE4998400,-,0,0,-,
346,1750.608,10.6988,listener,ragdoll,Proventus Avenicci,0001A67D,-,-,0.000,0.000,0.000,0.000,0.000,0.0000,0.000,-311.888,-308.942,-318.000,0.0424,0.9991,0.0000,0.000,0.000,0.000,-,-,-,0000000000000000,-,0,0,-,tick
347,1759.264,10.6988,touch,ragdoll,Proventus Avenicci,0001A67D,NPC L Hand [LHnd],16,0.000,0.000,0.000,128.310,5.165,4.0000,8.334,0.000,0.000,0.000,0.0000,0.0000,0.0000,1.015,128.306,0.054,DeadBip,-,-,000001EB3A29DF00,6,0,0,-,
348,1759.265,10.6988,touch,ragdoll,Proventus Avenicci,0001A67D,NPC Spine1 [Spn1],6,0.000,0.000,0.000,163.771,2.192,4.0000,18.878,0.000,0.000,0.000,0.0000,0.0000,0.0000,-33.407,156.662,-34.084,DeadBip,-,-,000001EB3A166B00,16,0,0,-,
349,1759.269,10.6988,separate,ragdoll,Proventus Avenicci,0001A67D,NPC Spine2 [Spn2],9,0.000,0.000,0.000,163.846,2.022,7.0000,23.052,0.000,0.000,0.000,0.0000,0.0000,0.0000,-37.018,158.469,-19.043,Static,-,-,000001EAE4998400,-,0,0,-,
350,1759.280,10.6988,touch,ragdoll,Proventus Avenicci,0001A67D,NPC L Foot [Lft ],7,0.000,0.000,0.000,263.129,7.400,3.0000,10.011,0.000,0.000,0.000,0.0000,0.0000,0.0000,-11.917,175.559,-195.637,Static,-,-,000001EAE4998400,-,0,0,-,
351,1759.471,10.6988,impact,ragdoll,Proventus Avenicci,0001A67D,NPC L Foot [Lft ],7,206.047,206.047,230.538,262.873,7.396,3.0000,10.011,-316.191,56.088,-318.000,0.0000,-0.0000,1.0000,-11.906,175.389,-195.447,Static,Carpet,shape,000001EAE4998400,-,1,1,-,
352,1759.475,10.6988,impact,ragdoll,Proventus Avenicci,0001A67D,NPC L Hand [LHnd],16,55.687,55.687,78.940,128.186,5.162,4.0000,8.334,-319.561,135.126,-306.232,-0.7471,0.2610,-0.6114,1.014,128.182,0.054,DeadBip,Skin,shape,000001EB3A29DF00,6,1,1,-,
353,1759.475,10.6988,impact,ragdoll,Proventus Avenicci,0001A67D,NPC Spine1 [Spn1],6,55.687,-55.687,78.940,163.612,2.191,4.0000,18.878,-319.561,135.126,-306.232,-0.7471,0.2610,-0.6114,-33.375,156.510,-34.051,DeadBip,Skin,shape,000001EB3A166B00,16,1,1,-,
354,1759.627,10.6988,touch,ragdoll,Proventus Avenicci,0001A67D,NPC R Foot [Rft ],8,0.000,0.000,0.000,247.032,2.081,3.0000,10.011,0.000,0.000,0.000,0.0000,0.0000,0.0000,23.324,172.448,-175.335,Static,-,-,000001EAE4998400,-,0,0,-,
355,1759.635,10.6988,separate,ragdoll,Proventus Avenicci,0001A67D,NPC L Forearm [LLar],14,0.000,0.000,0.000,143.365,2.081,2.0000,11.658,0.000,0.000,0.000,0.0000,0.0000,0.0000,-36.262,136.055,-26.970,Static,-,-,000001EAE490E500,-,0,0,-,
356,1759.635,10.6988,touch,ragdoll,Proventus Avenicci,0001A67D,NPC L Forearm [LLar],14,0.000,0.000,0.000,143.365,2.081,2.0000,11.658,0.000,0.000,0.000,0.0000,0.0000,0.0000,-36.262,136.055,-26.970,Static,-,-,000001EAE490E500,-,0,0,-,
357,1759.637,10.6988,touch,ragdoll,Proventus Avenicci,0001A67D,NPC R Calf [RClf],4,0.000,0.000,0.000,226.493,2.287,6.0000,19.675,0.000,0.000,0.000,0.0000,0.0000,0.0000,20.039,177.350,-139.443,Static,-,-,000001EAE4998400,-,0,0,-,
358,1778.893,10.6988,impact,ragdoll,Proventus Avenicci,0001A67D,NPC R Calf [RClf],4,111.869,111.869,200.580,226.271,2.286,6.0000,19.675,-293.014,88.096,-318.000,-0.0000,0.0000,1.0000,20.020,177.177,-139.307,Static,Carpet,shape,000001EAE4998400,-,1,1,-,
359,1778.896,10.6988,impact,ragdoll,Proventus Avenicci,0001A67D,NPC R Foot [Rft ],8,176.415,176.415,180.005,246.790,2.080,3.0000,10.011,-282.657,60.841,-318.000,0.0000,-0.0000,1.0000,23.301,172.279,-175.164,Static,Carpet,shape,000001EAE4998400,-,1,1,-,
360,1778.902,10.6988,impact,ragdoll,Proventus Avenicci,0001A67D,NPC L Forearm [LLar],14,53.284,53.284,122.660,143.224,2.080,2.0000,11.658,-333.580,144.360,-318.020,0.0000,-0.2808,0.9598,-36.227,135.922,-26.944,Static,Carpet,shape,000001EAE490E500,-,1,1,-,
361,1779.111,10.6988,touch,ragdoll,Proventus Avenicci,0001A67D,NPC COM [COM ],0,0.000,0.000,0.000,171.006,1.856,50.0000,17.687,0.000,0.000,0.000,0.0000,0.0000,0.0000,-18.552,157.814,-63.194,Static,-,-,000001EAE4998400,-,0,0,-,
362,1779.113,10.6988,separate,ragdoll,Proventus Avenicci,0001A67D,NPC L Forearm [LLar],14,0.000,0.000,0.000,131.009,6.240,2.0000,11.658,0.000,0.000,0.000,0.0000,0.0000,0.0000,-19.261,129.381,7.276,Static,-,-,000001EAE4998400,-,0,0,-,
363,1779.322,10.6988,impact,ragdoll,Proventus Avenicci,0001A67D,NPC COM [COM ],0,64.086,64.086,176.961,170.838,1.855,50.0000,17.687,-309.845,119.345,-318.000,0.0000,0.0000,1.0000,-18.534,157.660,-63.132,Static,Carpet,shape,000001EAE4998400,-,1,1,-,
364,1779.497,10.6988,separate,ragdoll,Proventus Avenicci,0001A67D,NPC L Forearm [LLar],14,0.000,0.000,0.000,126.303,6.068,2.0000,11.658,0.000,0.000,0.000,0.0000,0.0000,0.0000,-27.415,122.026,-17.617,Static,-,-,000001EAE490E500,-,0,0,-,
365,1779.497,10.6988,touch,ragdoll,Proventus Avenicci,0001A67D,NPC L Forearm [LLar],14,0.000,0.000,0.000,126.303,6.068,2.0000,11.658,0.000,0.000,0.000,0.0000,0.0000,0.0000,-27.415,122.026,-17.617,Static,-,-,000001EAE490E500,-,0,0,-,
366,1779.501,10.6988,touch,ragdoll,Proventus Avenicci,0001A67D,NPC L Foot [Lft ],7,0.000,0.000,0.000,115.955,5.648,3.0000,10.011,0.000,0.000,0.000,0.0000,0.0000,0.0000,-2.337,115.893,-2.983,Static,-,-,000001EA56BED300,-,0,0,-,
367,1788.245,10.6989,listener,ragdoll,Proventus Avenicci,0001A67D,-,-,0.000,0.000,0.000,0.000,0.000,0.0000,0.000,-311.888,-308.942,-318.000,0.0424,0.9991,0.0000,0.000,0.000,0.000,-,-,-,0000000000000000,-,0,0,-,tick
368,1798.813,10.6989,separate,ragdoll,Proventus Avenicci,0001A67D,NPC R Forearm [RLar],15,0.000,0.000,0.000,137.415,6.649,6.0000,11.658,0.000,0.000,0.000,0.0000,0.0000,0.0000,-25.708,134.244,14.160,Static,-,-,000001EAE4998400,-,0,0,-,
369,1798.816,10.6989,touch,ragdoll,Proventus Avenicci,0001A67D,NPC R Thigh [RThg],2,0.000,0.000,0.000,143.732,3.314,6.0000,20.487,0.000,0.000,0.000,0.0000,0.0000,0.0000,-17.437,141.909,-14.722,Static,-,-,000001EAE4998400,-,0,0,-,
370,1798.817,10.6989,separate,ragdoll,Proventus Avenicci,0001A67D,NPC R Hand [RHnd],17,0.000,0.000,0.000,72.110,3.736,4.0000,8.334,0.000,0.000,0.000,0.0000,0.0000,0.0000,-21.929,68.695,-0.124,Static,-,-,000001EAE4998400,-,0,0,-,
371,1798.817,10.6989,touch,ragdoll,Proventus Avenicci,0001A67D,NPC R Hand [RHnd],17,0.000,0.000,0.000,72.110,3.736,4.0000,8.334,0.000,0.000,0.000,0.0000,0.0000,0.0000,-21.929,68.695,-0.124,Static,-,-,000001EAE4998400,-,0,0,-,
372,1798.822,10.6989,touch,ragdoll,Proventus Avenicci,0001A67D,NPC R Foot [Rft ],8,0.000,0.000,0.000,171.818,4.434,3.0000,10.011,0.000,0.000,0.000,0.0000,0.0000,0.0000,30.310,160.105,-54.490,Static,-,-,000001EA56BED300,-,0,0,-,
373,1798.824,10.6989,touch,ragdoll,Proventus Avenicci,0001A67D,NPC L Forearm [LLar],14,0.000,0.000,0.000,124.002,9.791,2.0000,11.658,0.000,0.000,0.000,0.0000,0.0000,0.0000,-20.225,122.073,-8.091,Static,-,-,000001EAE4AD0D00,-,0,0,-,
374,1798.826,10.6989,touch,ragdoll,Proventus Avenicci,0001A67D,NPC Spine2 [Spn2],9,0.000,0.000,0.000,173.303,1.542,7.0000,23.052,0.000,0.000,0.000,0.0000,0.0000,0.0000,-39.050,167.581,20.628,Static,-,-,000001EAE490E500,-,0,0,-,
375,1798.831,10.6989,separate,ragdoll,Proventus Avenicci,0001A67D,NPC L Foot [Lft ],7,0.000,0.000,0.000,95.952,2.306,3.0000,10.011,0.000,0.000,0.000,0.0000,0.0000,0.0000,7.726,95.420,-6.490,Static,-,-,000001EA56BED300,-,0,0,-,
376,1799.008,10.6989,impact,ragdoll,Proventus Avenicci,0001A67D,NPC R Thigh [RThg],2,25.026,25.026,159.101,143.593,3.313,6.0000,20.487,-295.214,97.019,-318.000,-0.0000,0.0000,1.0000,-17.420,141.772,-14.708,Static,Carpet,shape,000001EAE4998400,-,1,1,-,
377,1799.009,10.6989,impact,ragdoll,Proventus Avenicci,0001A67D,NPC R Calf [RClf],4,27.456,27.456,182.833,162.869,4.789,6.0000,19.675,-290.279,67.181,-318.000,-0.0000,0.0000,1.0000,4.325,160.084,-29.674,Static,Carpet,shape,000001EAE4998400,-,0,1,-,
378,1799.011,10.6989,impact,ragdoll,Proventus Avenicci,0001A67D,NPC R Foot [Rft ],8,67.288,67.288,143.332,171.653,4.432,3.0000,10.011,-281.187,65.741,-319.650,0.0000,0.0000,1.0000,30.281,159.951,-54.437,Static,Wood,shape,000001EA56BED300,-,1,1,-,
379,1799.163,10.6989,separate,ragdoll,Proventus Avenicci,0001A67D,NPC R Thigh [RThg],2,0.000,0.000,0.000,145.212,1.972,6.0000,20.487,0.000,0.000,0.000,0.0000,0.0000,0.0000,5.828,145.022,-4.606,DeadBip,-,-,000001EB3A29C700,5,0,0,-,
380,1799.163,10.6989,separate,ragdoll,Proventus Avenicci,0001A67D,NPC L Calf [LClf],5,0.000,0.000,0.000,114.381,4.317,6.0000,19.675,0.000,0.000,0.000,0.0000,0.0000,0.0000,-17.735,88.354,-70.442,DeadBip,-,-,000001EB3A29C100,2,0,0,-,
381,1799.167,10.6989,separate,ragdoll,Proventus Avenicci,0001A67D,NPC L Hand [LHnd],16,0.000,0.000,0.000,120.594,1.071,4.0000,8.334,0.000,0.000,0.000,0.0000,0.0000,0.0000,-28.817,117.097,-0.862,Static,-,-,000001EAE4998400,-,0,0,-,
382,1799.167,10.6989,touch,ragdoll,Proventus Avenicci,0001A67D,NPC L Hand [LHnd],16,0.000,0.000,0.000,120.594,1.071,4.0000,8.334,0.000,0.000,0.000,0.0000,0.0000,0.0000,-28.817,117.097,-0.862,Static,-,-,000001EAE4998400,-,0,0,-,
383,1799.171,10.6989,touch,ragdoll,Proventus Avenicci,0001A67D,NPC R Hand [RHnd],17,0.000,0.000,0.000,69.865,3.100,4.0000,8.334,0.000,0.000,0.000,0.0000,0.0000,0.0000,-21.550,66.337,-4.012,Static,-,-,000001EAE490E500,-,0,0,-,
384,1818.382,10.6990,impact,ragdoll,Proventus Avenicci,0001A67D,NPC R Hand [RHnd],17,5.224,5.224,61.342,69.797,3.098,4.0000,8.334,-285.809,144.490,-318.000,0.0000,-0.0194,0.9998,-21.529,66.273,-4.008,Static,Carpet,shape,000001EAE490E500,-,1,1,-,
385,1818.564,10.6990,separate,ragdoll,Proventus Avenicci,0001A67D,NPC R Hand [RHnd],17,0.000,0.000,0.000,68.349,1.978,4.0000,8.334,0.000,0.000,0.000,0.0000,0.0000,0.0000,-21.912,64.727,1.347,Static,-,-,000001EAE490E500,-,0,0,-,
386,1818.565,10.6990,touch,ragdoll,Proventus Avenicci,0001A67D,NPC R Hand [RHnd],17,0.000,0.000,0.000,68.349,1.978,4.0000,8.334,0.000,0.000,0.000,0.0000,0.0000,0.0000,-21.912,64.727,1.347,Static,-,-,000001EAE490E500,-,0,0,-,
387,1818.567,10.6990,touch,ragdoll,Proventus Avenicci,0001A67D,NPC L Hand [LHnd],16,0.000,0.000,0.000,125.170,6.530,4.0000,8.334,0.000,0.000,0.000,0.0000,0.0000,0.0000,-31.389,120.922,-7.759,Static,-,-,000001EAE490E500,-,0,0,-,
388,1818.737,10.6990,impact,ragdoll,Proventus Avenicci,0001A67D,NPC L Hand [LHnd],16,7.966,7.966,144.260,125.050,6.527,4.0000,8.334,-329.690,145.190,-318.000,-0.0000,0.0000,1.0000,-31.358,120.806,-7.751,Static,Carpet,shape,000001EAE490E500,-,1,1,-,
389,1818.882,10.6990,touch,ragdoll,Proventus Avenicci,0001A67D,NPC R Forearm [RLar],15,0.000,0.000,0.000,147.345,8.674,6.0000,11.658,0.000,0.000,0.000,0.0000,0.0000,0.0000,-29.388,144.312,-4.556,Static,-,-,000001EAE490E500,-,0,0,-,
390,1818.883,10.6990,touch,ragdoll,Proventus Avenicci,0001A67D,NPC L Thigh [LThg],1,0.000,0.000,0.000,91.232,1.797,6.0000,20.487,0.000,0.000,0.000,0.0000,0.0000,0.0000,-8.524,88.743,-19.372,Static,-,-,000001EA56BED300,-,0,0,-,
391,1827.706,10.6990,listener,ragdoll,Proventus Avenicci,0001A67D,-,-,0.000,0.000,0.000,0.000,0.000,0.0000,0.000,-311.888,-308.942,-318.000,0.0424,0.9991,0.0000,0.000,0.000,0.000,-,-,-,0000000000000000,-,0,0,-,tick
392,1838.548,10.6990,touch,ragdoll,Proventus Avenicci,0001A67D,NPC L Calf [LClf],5,0.000,0.000,0.000,81.777,3.609,6.0000,19.675,0.000,0.000,0.000,0.0000,0.0000,0.0000,-9.968,81.167,0.223,Static,-,-,000001EA56BED300,-,0,0,-,
393,1838.898,10.6990,touch,ragdoll,Proventus Avenicci,0001A67D,NPC Spine [Spn0],3,0.000,0.000,0.000,127.224,2.523,4.0000,17.297,0.000,0.000,0.000,0.0000,0.0000,0.0000,-15.137,109.898,-62.284,Static,-,-,000001EAE4998400,-,0,0,-,
394,1848.045,10.6991,listener,ragdoll,Proventus Avenicci,0001A67D,-,-,0.000,0.000,0.000,0.000,0.000,0.0000,0.000,-311.888,-308.942,-318.000,0.0424,0.9991,0.0000,0.000,0.000,0.000,-,-,-,0000000000000000,-,0,0,-,tick
395,1858.214,10.6991,impact,ragdoll,Proventus Avenicci,0001A67D,NPC Spine [Spn0],3,64.355,64.355,81.115,127.100,2.522,4.0000,17.297,-312.427,135.921,-318.000,-0.0000,-0.0000,1.0000,-15.122,109.791,-62.223,Static,Carpet,shape,000001EAE4998400,-,1,1,-,
396,1858.429,10.6991,touch,ragdoll,Proventus Avenicci,0001A67D,NPC L Foot [Lft ],7,0.000,0.000,0.000,66.138,5.839,3.0000,10.011,0.000,0.000,0.000,0.0000,0.0000,0.0000,-4.407,65.675,-6.451,Static,-,-,000001EA56BED300,-,0,0,-,
397,1858.834,10.6991,separate,ragdoll,Proventus Avenicci,0001A67D,NPC L Foot [Lft ],7,0.000,0.000,0.000,71.741,8.009,3.0000,10.011,0.000,0.000,0.000,0.0000,0.0000,0.0000,-0.284,71.221,-8.625,Static,-,-,000001EAE4998400,-,0,0,-,
398,1858.835,10.6991,touch,ragdoll,Proventus Avenicci,0001A67D,NPC L Foot [Lft ],7,0.000,0.000,0.000,71.741,8.009,3.0000,10.011,0.000,0.000,0.000,0.0000,0.0000,0.0000,-0.284,71.221,-8.625,Static,-,-,000001EAE4998400,-,0,0,-,
399,1877.907,10.6991,touch,ragdoll,Proventus Avenicci,0001A67D,NPC L Forearm [LLar],14,0.000,0.000,0.000,112.863,7.146,2.0000,11.658,0.000,0.000,0.000,0.0000,0.0000,0.0000,-20.728,108.268,-24.219,DeadBip,-,-,000001EB3A29DC00,9,0,0,-,
400,1877.908,10.6991,touch,ragdoll,Proventus Avenicci,0001A67D,NPC Spine2 [Spn2],9,0.000,0.000,0.000,114.174,1.603,7.0000,23.052,0.000,0.000,0.000,0.0000,0.0000,0.0000,-36.070,99.606,-42.583,DeadBip,-,-,000001EB3A166E00,14,0,0,-,
401,1878.132,10.6991,impact,ragdoll,Proventus Avenicci,0001A67D,NPC L Forearm [LLar],14,37.026,37.026,57.672,112.753,7.143,2.0000,11.658,-327.306,158.803,-308.305,-0.8333,-0.2382,-0.4988,-20.707,108.162,-24.196,DeadBip,Skin,shape,000001EB3A29DC00,9,1,1,-,
402,1878.132,10.6991,impact,ragdoll,Proventus Avenicci,0001A67D,NPC Spine2 [Spn2],9,37.026,-37.026,57.672,114.062,1.602,7.0000,23.052,-327.306,158.803,-308.305,-0.8333,-0.2382,-0.4988,-36.035,99.508,-42.542,DeadBip,Skin,shape,000001EB3A166E00,14,1,1,-,
403,1878.301,10.6991,touch,ragdoll,Proventus Avenicci,0001A67D,NPC Spine1 [Spn1],6,0.000,0.000,0.000,124.172,2.442,4.0000,18.878,0.000,0.000,0.000,0.0000,0.0000,0.0000,-28.061,112.661,-44.031,Static,-,-,000001EAE490E500,-,0,0,-,
404,1887.035,10.6992,listener,ragdoll,Proventus Avenicci,0001A67D,-,-,0.000,0.000,0.000,0.000,0.000,0.0000,0.000,-311.888,-308.942,-318.000,0.0424,0.9991,0.0000,0.000,0.000,0.000,-,-,-,0000000000000000,-,0,0,-,tick
405,1897.182,10.6992,impact,ragdoll,Proventus Avenicci,0001A67D,NPC L Thigh [LThg],1,37.559,37.559,106.281,115.604,1.211,6.0000,20.487,-314.500,127.611,-318.000,0.0000,-0.0000,1.0000,0.490,111.889,-29.066,Static,Carpet,shape,000001EAE4998400,-,0,1,-,
406,1897.200,10.6992,impact,ragdoll,Proventus Avenicci,0001A67D,NPC Spine1 [Spn1],6,43.331,43.331,139.521,124.051,2.440,4.0000,18.878,-315.477,150.239,-318.000,-0.0000,-0.0000,1.0000,-28.033,112.551,-43.988,Static,Carpet,shape,000001EAE490E500,-,1,1,-,
407,1897.408,10.6992,touch,ragdoll,Proventus Avenicci,0001A67D,NPC COM [COM ],0,0.000,0.000,0.000,119.751,2.267,50.0000,17.687,0.000,0.000,0.000,0.0000,0.0000,0.0000,-13.227,112.359,-39.252,Static,-,-,000001EAE4AD0D00,-,0,0,-,
408,1897.410,10.6992,touch,ragdoll,Proventus Avenicci,0001A67D,NPC L Thigh [LThg],1,0.000,0.000,0.000,108.434,1.252,6.0000,20.487,0.000,0.000,0.000,0.0000,0.0000,0.0000,-2.889,108.291,-4.758,Static,-,-,000001EAE4AD0D00,-,0,0,-,
409,1897.559,10.6992,impact,ragdoll,Proventus Avenicci,0001A67D,NPC COM [COM ],0,35.007,35.007,123.650,119.634,2.266,50.0000,17.687,-311.019,132.751,-319.650,-0.0000,0.0000,1.0000,-13.214,112.249,-39.214,Static,Wood,shape,000001EAE4AD0D00,-,1,1,-,
410,1897.720,10.6992,separate,ragdoll,Proventus Avenicci,0001A67D,NPC L Hand [LHnd],16,0.000,0.000,0.000,90.114,8.480,4.0000,8.334,0.000,0.000,0.000,0.0000,0.0000,0.0000,-18.718,85.934,19.636,Static,-,-,000001EAE4998400,-,0,0,-,
411,1916.289,10.6993,touch,ragdoll,Proventus Avenicci,0001A67D,NPC R Calf [RClf],4,0.000,0.000,0.000,114.718,2.126,6.0000,19.675,0.000,0.000,0.000,0.0000,0.0000,0.0000,18.246,112.804,10.129,Static,-,-,000001EA56BED300,-,0,0,-,
412,1916.608,10.6993,separate,ragdoll,Proventus Avenicci,0001A67D,NPC Spine [Spn0],3,0.000,0.000,0.000,113.891,3.494,4.0000,17.297,0.000,0.000,0.000,0.0000,0.0000,0.0000,-12.484,103.811,-45.151,Static,-,-,000001EAE4998400,-,0,0,-,
413,1916.608,10.6993,touch,ragdoll,Proventus Avenicci,0001A67D,NPC Spine [Spn0],3,0.000,0.000,0.000,113.891,3.494,4.0000,17.297,0.000,0.000,0.000,0.0000,0.0000,0.0000,-12.484,103.811,-45.151,Static,-,-,000001EAE4998400,-,0,0,-,
414,1925.495,10.6993,listener,ragdoll,Proventus Avenicci,0001A67D,-,-,0.000,0.000,0.000,0.000,0.000,0.0000,0.000,-311.888,-308.942,-318.000,0.0424,0.9991,0.0000,0.000,0.000,0.000,-,-,-,0000000000000000,-,0,0,-,tick
415,1939.701,10.6993,impact,ragdoll,Proventus Avenicci,0001A67D,NPC Spine [Spn0],3,39.916,39.916,73.445,113.780,3.493,4.0000,17.297,-313.538,143.519,-318.000,0.0000,0.0387,0.9993,-12.472,103.710,-45.107,Static,Carpet,shape,000001EAE4998400,-,1,1,-,
416,1939.951,10.6993,touch,ragdoll,Proventus Avenicci,0001A67D,NPC Spine [Spn0],3,0.000,0.000,0.000,90.190,3.366,4.0000,17.297,0.000,0.000,0.000,0.0000,0.0000,0.0000,-15.780,88.340,-9.021,Static,-,-,000001EAE4AD0D00,-,0,0,-,
417,1939.955,10.6993,touch,ragdoll,Proventus Avenicci,0001A67D,NPC R Thigh [RThg],2,0.000,0.000,0.000,92.475,1.420,6.0000,20.487,0.000,0.000,0.000,0.0000,0.0000,0.0000,1.315,91.053,-16.103,Static,-,-,000001EA56BED300,-,0,0,-,
418,1940.325,10.6993,touch,ragdoll,Proventus Avenicci,0001A67D,NPC Spine [Spn0],3,0.000,0.000,0.000,66.428,4.302,4.0000,17.297,0.000,0.000,0.000,0.0000,0.0000,0.0000,-2.049,65.685,-9.695,Static,-,-,000001EAE490E500,-,0,0,-,
419,1945.985,10.6994,listener,ragdoll,Proventus Avenicci,0001A67D,-,-,0.000,0.000,0.000,0.000,0.000,0.0000,0.000,-311.888,-308.942,-318.000,0.0424,0.9991,0.0000,0.000,0.000,0.000,-,-,-,0000000000000000,-,0,0,-,tick
420,1958.703,10.6994,separate,ragdoll,Proventus Avenicci,0001A67D,NPC R Hand [RHnd],17,0.000,0.000,0.000,73.309,0.748,4.0000,8.334,0.000,0.000,0.000,0.0000,0.0000,0.0000,11.572,72.390,0.029,Static,-,-,000001EAE4998400,-,0,0,-,
421,1974.752,10.6994,impact,ragdoll,Proventus Avenicci,0001A67D,NPC L Forearm [LLar],14,35.280,35.280,81.199,75.837,8.434,2.0000,11.658,-348.886,170.485,-318.000,0.0000,-0.0000,1.0000,-25.025,69.464,-17.311,Static,Carpet,shape,000001EAE490E500,-,0,1,-,
422,1974.957,10.6994,touch,ragdoll,Proventus Avenicci,0001A67D,NPC Spine2 [Spn2],9,0.000,0.000,0.000,86.298,2.456,7.0000,23.052,0.000,0.000,0.000,0.0000,0.0000,0.0000,-21.253,70.052,-45.699,Static,-,-,000001EAE4AD0D00,-,0,0,-,
423,1974.963,10.6994,touch,ragdoll,Proventus Avenicci,0001A67D,NPC L UpperArm [LUar],10,0.000,0.000,0.000,60.473,5.045,2.0000,14.463,0.000,0.000,0.000,0.0000,0.0000,0.0000,-29.736,51.001,-13.103,Static,-,-,000001EAE4AD0D00,-,0,0,-,
424,1975.150,10.6994,impact,ragdoll,Proventus Avenicci,0001A67D,NPC Spine2 [Spn2],9,45.389,45.389,98.523,86.214,2.455,7.0000,23.052,-320.104,171.072,-319.650,0.0000,0.0000,1.0000,-21.232,69.984,-45.654,Static,Wood,shape,000001EAE4AD0D00,-,1,1,-,
425,1975.312,10.6995,touch,ragdoll,Proventus Avenicci,0001A67D,NPC Spine1 [Spn1],6,0.000,0.000,0.000,70.651,2.358,4.0000,18.878,0.000,0.000,0.000,0.0000,0.0000,0.0000,-7.022,68.863,-14.147,Static,-,-,000001EAE4AD0D00,-,0,0,-,
426,1975.315,10.6995,touch,ragdoll,Proventus Avenicci,0001A67D,NPC R Thigh [RThg],2,0.000,0.000,0.000,85.345,1.646,6.0000,20.487,0.000,0.000,0.000,0.0000,0.0000,0.0000,1.952,84.818,-9.267,Static,-,-,000001EAE4AD0D00,-,0,0,-,
427,1984.351,10.6995,listener,ragdoll,Proventus Avenicci,0001A67D,-,-,0.000,0.000,0.000,0.000,0.000,0.0000,0.000,-311.888,-308.942,-318.000,0.0424,0.9991,0.0000,0.000,0.000,0.000,-,-,-,0000000000000000,-,0,0,-,tick
428,1993.631,10.6995,impact,ragdoll,Proventus Avenicci,0001A67D,NPC R Thigh [RThg],2,8.364,8.364,72.587,85.263,1.645,6.0000,20.487,-296.180,127.988,-319.654,0.0000,0.0000,1.0000,1.950,84.736,-9.258,Static,Wood,shape,000001EAE4AD0D00,-,1,1,-,
429,1993.637,10.6995,impact,ragdoll,Proventus Avenicci,0001A67D,NPC Spine1 [Spn1],6,10.043,10.043,49.238,70.582,2.357,4.0000,18.878,-316.953,158.444,-319.650,-0.0000,0.0000,1.0000,-7.015,68.796,-14.133,Static,Wood,shape,000001EAE4AD0D00,-,1,1,-,
430,2021.781,10.6996,listener,ragdoll,Proventus Avenicci,0001A67D,-,-,0.000,0.000,0.000,0.000,0.000,0.0000,0.000,-311.888,-308.942,-318.000,0.0424,0.9991,0.0000,0.000,0.000,0.000,-,-,-,0000000000000000,-,0,0,-,tick
431,2031.236,10.6996,separate,ragdoll,Proventus Avenicci,0001A67D,NPC R Foot [Rft ],8,0.000,0.000,0.000,84.600,2.819,3.0000,10.011,0.000,0.000,0.000,0.0000,0.0000,0.0000,22.392,81.146,8.437,Static,-,-,000001EAE4998400,-,0,0,-,
432,2031.239,10.6996,touch,ragdoll,Proventus Avenicci,0001A67D,NPC R Foot [Rft ],8,0.000,0.000,0.000,84.600,2.819,3.0000,10.011,0.000,0.000,0.000,0.0000,0.0000,0.0000,22.392,81.146,8.437,Static,-,-,000001EAE4998400,-,0,0,-,
433,2031.247,10.6996,touch,ragdoll,Proventus Avenicci,0001A67D,NPC R Thigh [RThg],2,0.000,0.000,0.000,75.864,2.647,6.0000,20.487,0.000,0.000,0.000,0.0000,0.0000,0.0000,14.390,73.664,-11.043,Static,-,-,000001EAE490E500,-,0,0,-,
434,2031.248,10.6996,separate,ragdoll,Proventus Avenicci,0001A67D,NPC COM [COM ],0,0.000,0.000,0.000,66.357,2.974,50.0000,17.687,0.000,0.000,0.000,0.0000,0.0000,0.0000,8.963,65.459,-6.170,Static,-,-,000001EAE4998400,-,0,0,-,
435,2031.249,10.6996,touch,ragdoll,Proventus Avenicci,0001A67D,NPC COM [COM ],0,0.000,0.000,0.000,66.357,2.974,50.0000,17.687,0.000,0.000,0.000,0.0000,0.0000,0.0000,8.963,65.459,-6.170,Static,-,-,000001EAE4998400,-,0,0,-,
436,2031.452,10.6996,impact,ragdoll,Proventus Avenicci,0001A67D,NPC R Thigh [RThg],2,29.490,29.490,55.235,75.791,2.645,6.0000,20.487,-300.183,144.444,-318.003,0.0000,-0.1128,0.9936,14.376,73.593,-11.033,Static,Carpet,shape,000001EAE490E500,-,1,1,-,
437,2040.116,10.6996,listener,ragdoll,Proventus Avenicci,0001A67D,-,-,0.000,0.000,0.000,0.000,0.000,0.0000,0.000,-311.888,-308.942,-318.000,0.0424,0.9991,0.0000,0.000,0.000,0.000,-,-,-,0000000000000000,-,0,0,-,tick
438,2050.008,10.6996,touch,ragdoll,Proventus Avenicci,0001A67D,NPC COM [COM ],0,0.000,0.000,0.000,61.602,2.686,50.0000,17.687,0.000,0.000,0.000,0.0000,0.0000,0.0000,10.057,60.375,-6.965,Static,-,-,000001EAE490E500,-,0,0,-,
439,2069.226,10.6996,separate,ragdoll,Proventus Avenicci,0001A67D,NPC L UpperArm [LUar],10,0.000,0.000,0.000,39.255,1.675,2.0000,14.463,0.000,0.000,0.000,0.0000,0.0000,0.0000,-12.228,27.776,24.898,Static,-,-,000001EAE4AD0D00,-,0,0,-,
440,2069.584,10.6996,touch,ragdoll,Proventus Avenicci,0001A67D,NPC R UpperArm [RUar],12,0.000,0.000,0.000,75.574,4.274,2.0000,14.463,0.000,0.000,0.000,0.0000,0.0000,0.0000,-21.322,67.967,-25.244,Static,-,-,000001EAE490E500,-,0,0,-,
441,2078.281,10.6997,listener,ragdoll,Proventus Avenicci,0001A67D,-,-,0.000,0.000,0.000,0.000,0.000,0.0000,0.000,-311.888,-308.942,-318.000,0.0424,0.9991,0.0000,0.000,0.000,0.000,-,-,-,0000000000000000,-,0,0,-,tick
442,2087.840,10.6997,impact,ragdoll,Proventus Avenicci,0001A67D,NPC R UpperArm [RUar],12,21.601,21.601,56.412,75.503,4.272,2.0000,14.463,-294.639,182.448,-318.000,0.0000,0.0000,1.0000,-21.302,67.903,-25.221,Static,Carpet,shape,000001EAE490E500,-,1,1,-,
443,2088.216,10.6997,impact,ragdoll,Proventus Avenicci,0001A67D,NPC COM [COM ],0,16.232,16.232,43.698,52.630,3.051,50.0000,17.687,-304.516,149.305,-318.000,-0.0000,0.0000,1.0000,12.372,50.509,-8.109,Static,Carpet,shape,000001EAE490E500,-,0,1,-,
444,2107.231,10.6999,separate,ragdoll,Proventus Avenicci,0001A67D,NPC R Thigh [RThg],2,0.000,0.000,0.000,35.134,2.594,6.0000,20.487,0.000,0.000,0.000,0.0000,0.0000,0.0000,19.113,28.606,-7.124,Static,-,-,000001EAE4AD0D00,-,0,0,-,
445,2107.233,10.6999,touch,ragdoll,Proventus Avenicci,0001A67D,NPC R Thigh [RThg],2,0.000,0.000,0.000,35.134,2.594,6.0000,20.487,0.000,0.000,0.000,0.0000,0.0000,0.0000,19.113,28.606,-7.124,Static,-,-,000001EAE4AD0D00,-,0,0,-,
446,2116.543,10.6999,listener,ragdoll,Proventus Avenicci,0001A67D,-,-,0.000,0.000,0.000,0.000,0.000,0.0000,0.000,-311.888,-308.942,-318.000,0.0424,0.9991,0.0000,0.000,0.000,0.000,-,-,-,0000000000000000,-,0,0,-,tick
447,2126.820,10.6999,impact,ragdoll,Proventus Avenicci,0001A67D,NPC Spine [Spn0],3,11.739,11.739,47.505,47.476,1.991,4.0000,17.297,-307.091,157.881,-318.000,0.0000,0.0000,1.0000,2.455,47.103,-5.404,Static,Carpet,shape,000001EAE490E500,-,0,1,-,
448,2127.010,10.6999,separate,ragdoll,Proventus Avenicci,0001A67D,NPC R Thigh [RThg],2,0.000,0.000,0.000,31.068,1.547,6.0000,20.487,0.000,0.000,0.000,0.0000,0.0000,0.0000,14.301,27.489,-2.244,Static,-,-,000001EA56BED300,-,0,0,-,
449,2127.016,10.6999,separate,ragdoll,Proventus Avenicci,0001A67D,NPC R Thigh [RThg],2,0.000,0.000,0.000,31.068,1.547,6.0000,20.487,0.000,0.000,0.000,0.0000,0.0000,0.0000,14.301,27.489,-2.244,Static,-,-,000001EAE4AD0D00,-,0,0,-,
450,2127.017,10.6999,touch,ragdoll,Proventus Avenicci,0001A67D,NPC R Thigh [RThg],2,0.000,0.000,0.000,31.068,1.547,6.0000,20.487,0.000,0.000,0.000,0.0000,0.0000,0.0000,14.301,27.489,-2.244,Static,-,-,000001EAE4AD0D00,-,0,0,-,
451,2156.617,10.7000,listener,ragdoll,Proventus Avenicci,0001A67D,-,-,0.000,0.000,0.000,0.000,0.000,0.0000,0.000,-311.888,-308.942,-318.000,0.0424,0.9991,0.0000,0.000,0.000,0.000,-,-,-,0000000000000000,-,0,0,-,tick
452,2177.371,10.7000,listener,ragdoll,Proventus Avenicci,0001A67D,-,-,0.000,0.000,0.000,0.000,0.000,0.0000,0.000,-311.888,-308.942,-318.000,0.0424,0.9991,0.0000,0.000,0.000,0.000,-,-,-,0000000000000000,-,0,0,-,tick
453,2186.682,10.7000,touch,ragdoll,Proventus Avenicci,0001A67D,NPC R Forearm [RLar],15,0.000,0.000,0.000,58.229,2.647,6.0000,11.658,0.000,0.000,0.000,0.0000,0.0000,0.0000,7.657,54.375,-19.374,Static,-,-,000001EAE4AD0D00,-,0,0,-,
454,2186.868,10.7000,impact,ragdoll,Proventus Avenicci,0001A67D,NPC R Forearm [RLar],15,13.658,13.658,42.568,58.172,2.646,6.0000,11.658,-280.806,177.360,-319.650,-0.0000,0.0000,1.0000,7.649,54.322,-19.355,Static,Wood,shape,000001EAE4AD0D00,-,1,1,-,
455,2187.025,10.7000,separate,ragdoll,Proventus Avenicci,0001A67D,NPC Spine [Spn0],3,0.000,0.000,0.000,23.135,0.528,4.0000,17.297,0.000,0.000,0.000,0.0000,0.0000,0.0000,5.184,22.503,1.415,Static,-,-,000001EAE4998400,-,0,0,-,
456,2207.229,10.7001,separate,ragdoll,Proventus Avenicci,0001A67D,NPC L UpperArm [LUar],10,0.000,0.000,0.000,9.363,0.423,2.0000,14.463,0.000,0.000,0.000,0.0000,0.0000,0.0000,-3.002,8.133,3.537,Static,-,-,000001EAE490E500,-,0,0,-,
457,2216.593,10.7001,listener,ragdoll,Proventus Avenicci,0001A67D,-,-,0.000,0.000,0.000,0.000,0.000,0.0000,0.000,-311.888,-308.942,-318.000,0.0424,0.9991,0.0000,0.000,0.000,0.000,-,-,-,0000000000000000,-,0,0,-,tick
458,2236.687,10.7002,listener,ragdoll,Proventus Avenicci,0001A67D,-,-,0.000,0.000,0.000,0.000,0.000,0.0000,0.000,-311.888,-308.942,-318.000,0.0424,0.9991,0.0000,0.000,0.000,0.000,-,-,-,0000000000000000,-,0,0,-,tick
459,2267.954,10.7003,impact,ragdoll,Proventus Avenicci,0001A67D,NPC R UpperArm [RUar],12,7.054,7.054,21.027,26.117,1.483,2.0000,14.463,-305.622,197.372,-318.000,-0.0000,-0.0000,1.0000,-6.239,24.139,-7.777,Static,Carpet,shape,000001EAE490E500,-,0,1,-,
460,2277.356,10.7003,listener,ragdoll,Proventus Avenicci,0001A67D,-,-,0.000,0.000,0.000,0.000,0.000,0.0000,0.000,-311.888,-308.942,-318.000,0.0424,0.9991,0.0000,0.000,0.000,0.000,-,-,-,0000000000000000,-,0,0,-,tick
461,2288.331,10.7003,separate,ragdoll,Proventus Avenicci,0001A67D,NPC R Calf [RClf],4,0.000,0.000,0.000,20.822,0.679,6.0000,19.675,0.000,0.000,0.000,0.0000,0.0000,0.0000,13.241,16.068,-0.258,Static,-,-,000001EA56BED300,-,0,0,-,
462,2288.336,10.7003,touch,ragdoll,Proventus Avenicci,0001A67D,NPC R Calf [RClf],4,0.000,0.000,0.000,20.822,0.679,6.0000,19.675,0.000,0.000,0.000,0.0000,0.0000,0.0000,13.241,16.068,-0.258,Static,-,-,000001EAE4AD0D00,-,0,0,-,
463,2317.171,10.7004,listener,ragdoll,Proventus Avenicci,0001A67D,-,-,0.000,0.000,0.000,0.000,0.000,0.0000,0.000,-311.888,-308.942,-318.000,0.0424,0.9991,0.0000,0.000,0.000,0.000,-,-,-,0000000000000000,-,0,0,-,tick
464,2327.915,10.7004,touch,ragdoll,Proventus Avenicci,0001A67D,NPC R UpperArm [RUar],12,0.000,0.000,0.000,15.756,1.142,2.0000,14.463,0.000,0.000,0.000,0.0000,0.0000,0.0000,-9.559,5.229,-11.382,Static,-,-,000001EAE4AD0D00,-,0,0,-,
465,2328.157,10.7004,impact,ragdoll,Proventus Avenicci,0001A67D,NPC R UpperArm [RUar],12,13.382,13.382,12.879,15.740,1.142,2.0000,14.463,-306.283,197.952,-319.650,-0.0000,0.0000,1.0000,-9.549,5.224,-11.370,Static,Wood,shape,000001EAE4AD0D00,-,1,1,-,
466,2338.834,10.7005,listener,ragdoll,Proventus Avenicci,0001A67D,-,-,0.000,0.000,0.000,0.000,0.000,0.0000,0.000,-311.888,-308.942,-318.000,0.0424,0.9991,0.0000,0.000,0.000,0.000,-,-,-,0000000000000000,-,0,0,-,tick
467,2377.469,10.7006,listener,ragdoll,Proventus Avenicci,0001A67D,-,-,0.000,0.000,0.000,0.000,0.000,0.0000,0.000,-311.888,-308.942,-318.000,0.0424,0.9991,0.0000,0.000,0.000,0.000,-,-,-,0000000000000000,-,0,0,-,tick
468,2395.890,10.7006,listener,ragdoll,Proventus Avenicci,0001A67D,-,-,0.000,0.000,0.000,0.000,0.000,0.0000,0.000,-311.888,-308.942,-318.000,0.0424,0.9991,0.0000,0.000,0.000,0.000,-,-,-,0000000000000000,-,0,0,-,tick
469,2433.461,10.7007,listener,ragdoll,Proventus Avenicci,0001A67D,-,-,0.000,0.000,0.000,0.000,0.000,0.0000,0.000,-311.888,-308.942,-318.000,0.0424,0.9991,0.0000,0.000,0.000,0.000,-,-,-,0000000000000000,-,0,0,-,tick
470,2470.724,10.7008,listener,ragdoll,Proventus Avenicci,0001A67D,-,-,0.000,0.000,0.000,0.000,0.000,0.0000,0.000,-311.888,-308.942,-318.000,0.0424,0.9991,0.0000,0.000,0.000,0.000,-,-,-,0000000000000000,-,0,0,-,tick
471,2508.768,10.7009,listener,ragdoll,Proventus Avenicci,0001A67D,-,-,0.000,0.000,0.000,0.000,0.000,0.0000,0.000,-311.888,-308.942,-318.000,0.0424,0.9991,0.0000,0.000,0.000,0.000,-,-,-,0000000000000000,-,0,0,-,tick
472,2528.055,10.7010,listener,ragdoll,Proventus Avenicci,0001A67D,-,-,0.000,0.000,0.000,0.000,0.000,0.0000,0.000,-311.888,-308.942,-318.000,0.0424,0.9991,0.0000,0.000,0.000,0.000,-,-,-,0000000000000000,-,0,0,-,tick
473,2567.000,10.7011,listener,ragdoll,Proventus Avenicci,0001A67D,-,-,0.000,0.000,0.000,0.000,0.000,0.0000,0.000,-311.888,-308.942,-318.000,0.0424,0.9991,0.0000,0.000,0.000,0.000,-,-,-,0000000000000000,-,0,0,-,tick
474,2606.349,10.7012,listener,ragdoll,Proventus Avenicci,0001A67D,-,-,0.000,0.000,0.000,0.000,0.000,0.0000,0.000,-311.888,-308.942,-318.000,0.0424,0.9991,0.0000,0.000,0.000,0.000,-,-,-,0000000000000000,-,0,0,-,tick
475,2626.547,10.7013,listener,ragdoll,Proventus Avenicci,0001A67D,-,-,0.000,0.000,0.000,0.000,0.000,0.0000,0.000,-311.888,-308.942,-318.000,0.0424,0.9991,0.0000,0.000,0.000,0.000,-,-,-,0000000000000000,-,0,0,-,tick
476,2657.171,10.7014,touch,ragdoll,Proventus Avenicci,0001A67D,NPC L Thigh [LThg],1,0.000,0.000,0.000,0.210,0.021,6.0000,20.487,0.000,0.000,0.000,0.0000,0.0000,0.0000,-0.137,-0.123,-0.101,Static,-,-,000001EAE490E500,-,0,0,-,
477,2666.241,10.7014,listener,ragdoll,Proventus Avenicci,0001A67D,-,-,0.000,0.000,0.000,0.000,0.000,0.0000,0.000,-311.888,-308.942,-318.000,0.0424,0.9991,0.0000,0.000,0.000,0.000,-,-,-,0000000000000000,-,0,0,-,tick
478,2707.036,10.7015,listener,ragdoll,Proventus Avenicci,0001A67D,-,-,0.000,0.000,0.000,0.000,0.000,0.0000,0.000,-311.888,-308.942,-318.000,0.0424,0.9991,0.0000,0.000,0.000,0.000,-,-,-,0000000000000000,-,0,0,-,tick
479,2726.048,10.7015,listener,ragdoll,Proventus Avenicci,0001A67D,-,-,0.000,0.000,0.000,0.000,0.000,0.0000,0.000,-311.888,-308.942,-318.000,0.0424,0.9991,0.0000,0.000,0.000,0.000,-,-,-,0000000000000000,-,0,0,-,tick
480,2766.041,10.7016,listener,ragdoll,Proventus Avenicci,0001A67D,-,-,0.000,0.000,0.000,0.000,0.000,0.0000,0.000,-311.888,-308.942,-318.000,0.0424,0.9991,0.0000,0.000,0.000,0.000,-,-,-,0000000000000000,-,0,0,-,tick
481,2785.538,10.7017,listener,ragdoll,Proventus Avenicci,0001A67D,-,-,0.000,0.000,0.000,0.000,0.000,0.0000,0.000,-311.888,-308.942,-318.000,0.0424,0.9991,0.0000,0.000,0.000,0.000,-,-,-,0000000000000000,-,0,0,-,tick
482,2822.951,10.7018,listener,ragdoll,Proventus Avenicci,0001A67D,-,-,0.000,0.000,0.000,0.000,0.000,0.0000,0.000,-311.888,-308.942,-318.000,0.0424,0.9991,0.0000,0.000,0.000,0.000,-,-,-,0000000000000000,-,0,0,-,tick
483,2861.155,10.7019,listener,ragdoll,Proventus Avenicci,0001A67D,-,-,0.000,0.000,0.000,0.000,0.000,0.0000,0.000,-311.888,-308.942,-318.000,0.0424,0.9991,0.0000,0.000,0.000,0.000,-,-,-,0000000000000000,-,0,0,-,tick
484,2880.242,10.7020,listener,ragdoll,Proventus Avenicci,0001A67D,-,-,0.000,0.000,0.000,0.000,0.000,0.0000,0.000,-311.888,-308.942,-318.000,0.0424,0.9991,0.0000,0.000,0.000,0.000,-,-,-,0000000000000000,-,0,0,-,tick
485,2919.317,10.7021,listener,ragdoll,Proventus Avenicci,0001A67D,-,-,0.000,0.000,0.000,0.000,0.000,0.0000,0.000,-311.888,-308.942,-318.000,0.0424,0.9991,0.0000,0.000,0.000,0.000,-,-,-,0000000000000000,-,0,0,-,tick
486,2958.356,10.7022,listener,ragdoll,Proventus Avenicci,0001A67D,-,-,0.000,0.000,0.000,0.000,0.000,0.0000,0.000,-311.888,-308.942,-318.000,0.0424,0.9991,0.0000,0.000,0.000,0.000,-,-,-,0000000000000000,-,0,0,-,tick
487,2978.406,10.7022,listener,ragdoll,Proventus Avenicci,0001A67D,-,-,0.000,0.000,0.000,0.000,0.000,0.0000,0.000,-311.888,-308.942,-318.000,0.0424,0.9991,0.0000,0.000,0.000,0.000,-,-,-,0000000000000000,-,0,0,-,tick
488,3019.104,10.7023,listener,ragdoll,Proventus Avenicci,0001A67D,-,-,0.000,0.000,0.000,0.000,0.000,0.0000,0.000,-311.888,-308.942,-318.000,0.0424,0.9991,0.0000,0.000,0.000,0.000,-,-,-,0000000000000000,-,0,0,-,tick
489,3059.046,10.7024,listener,ragdoll,Proventus Avenicci,0001A67D,-,-,0.000,0.000,0.000,0.000,0.000,0.0000,0.000,-311.888,-308.942,-318.000,0.0424,0.9991,0.0000,0.000,0.000,0.000,-,-,-,0000000000000000,-,0,0,-,tick
490,3079.891,10.7025,listener,ragdoll,Proventus Avenicci,0001A67D,-,-,0.000,0.000,0.000,0.000,0.000,0.0000,0.000,-311.888,-308.942,-318.000,0.0424,0.9991,0.0000,0.000,0.000,0.000,-,-,-,0000000000000000,-,0,0,-,tick
491,3118.881,10.7026,listener,ragdoll,Proventus Avenicci,0001A67D,-,-,0.000,0.000,0.000,0.000,0.000,0.0000,0.000,-311.888,-308.942,-318.000,0.0424,0.9991,0.0000,0.000,0.000,0.000,-,-,-,0000000000000000,-,0,0,-,tick
492,3137.673,10.7027,listener,ragdoll,Proventus Avenicci,0001A67D,-,-,0.000,0.000,0.000,0.000,0.000,0.0000,0.000,-311.888,-308.942,-318.000,0.0424,0.9991,0.0000,0.000,0.000,0.000,-,-,-,0000000000000000,-,0,0,-,tick
493,3177.756,10.7028,listener,ragdoll,Proventus Avenicci,0001A67D,-,-,0.000,0.000,0.000,0.000,0.000,0.0000,0.000,-311.888,-308.942,-318.000,0.0424,0.9991,0.0000,0.000,0.000,0.000,-,-,-,0000000000000000,-,0,0,-,tick
494,3213.051,10.7029,listener,ragdoll,Proventus Avenicci,0001A67D,-,-,0.000,0.000,0.000,0.000,0.000,0.0000,0.000,-311.888,-308.942,-318.000,0.0424,0.9991,0.0000,0.000,0.000,0.000,-,-,-,0000000000000000,-,0,0,-,tick
495,3252.917,10.7030,listener,ragdoll,Proventus Avenicci,0001A67D,-,-,0.000,0.000,0.000,0.000,0.000,0.0000,0.000,-311.888,-308.942,-318.000,0.0424,0.9991,0.0000,0.000,0.000,0.000,-,-,-,0000000000000000,-,0,0,-,tick
496,3272.118,10.7030,listener,ragdoll,Proventus Avenicci,0001A67D,-,-,0.000,0.000,0.000,0.000,0.000,0.0000,0.000,-311.888,-308.942,-318.000,0.0424,0.9991,0.0000,0.000,0.000,0.000,-,-,-,0000000000000000,-,0,0,-,tick
497,3310.012,10.7032,listener,ragdoll,Proventus Avenicci,0001A67D,-,-,0.000,0.000,0.000,0.000,0.000,0.0000,0.000,-311.888,-308.942,-318.000,0.0424,0.9991,0.0000,0.000,0.000,0.000,-,-,-,0000000000000000,-,0,0,-,tick
498,3349.878,10.7033,listener,ragdoll,Proventus Avenicci,0001A67D,-,-,0.000,0.000,0.000,0.000,0.000,0.0000,0.000,-311.888,-308.942,-318.000,0.0424,0.9991,0.0000,0.000,0.000,0.000,-,-,-,0000000000000000,-,0,0,-,tick
499,3369.630,10.7033,listener,ragdoll,Proventus Avenicci,0001A67D,-,-,0.000,0.000,0.000,0.000,0.000,0.0000,0.000,-311.888,-308.942,-318.000,0.0424,0.9991,0.0000,0.000,0.000,0.000,-,-,-,0000000000000000,-,0,0,-,tick
500,3408.608,10.7034,listener,ragdoll,Proventus Avenicci,0001A67D,-,-,0.000,0.000,0.000,0.000,0.000,0.0000,0.000,-311.888,-308.942,-318.000,0.0424,0.9991,0.0000,0.000,0.000,0.000,-,-,-,0000000000000000,-,0,0,-,tick
501,3427.998,10.7035,listener,ragdoll,Proventus Avenicci,0001A67D,-,-,0.000,0.000,0.000,0.000,0.000,0.0000,0.000,-311.888,-308.942,-318.000,0.0424,0.9991,0.0000,0.000,0.000,0.000,-,-,-,0000000000000000,-,0,0,-,tick
502,3468.356,10.7036,listener,ragdoll,Proventus Avenicci,0001A67D,-,-,0.000,0.000,0.000,0.000,0.000,0.0000,0.000,-311.888,-308.942,-318.000,0.0424,0.9991,0.0000,0.000,0.000,0.000,-,-,-,0000000000000000,-,0,0,-,tick
503,3507.368,10.7037,listener,ragdoll,Proventus Avenicci,0001A67D,-,-,0.000,0.000,0.000,0.000,0.000,0.0000,0.000,-311.888,-308.942,-318.000,0.0424,0.9991,0.0000,0.000,0.000,0.000,-,-,-,0000000000000000,-,0,0,-,tick
504,3526.252,10.7037,listener,ragdoll,Proventus Avenicci,0001A67D,-,-,0.000,0.000,0.000,0.000,0.000,0.0000,0.000,-311.888,-308.942,-318.000,0.0424,0.9991,0.0000,0.000,0.000,0.000,-,-,-,0000000000000000,-,0,0,-,tick
505,3565.600,10.7039,listener,ragdoll,Proventus Avenicci,0001A67D,-,-,0.000,0.000,0.000,0.000,0.000,0.0000,0.000,-311.888,-308.942,-318.000,0.0424,0.9991,0.0000,0.000,0.000,0.000,-,-,-,0000000000000000,-,0,0,-,tick
506,3604.111,10.7040,listener,ragdoll,Proventus Avenicci,0001A67D,-,-,0.000,0.000,0.000,0.000,0.000,0.0000,0.000,-311.888,-308.942,-318.000,0.0424,0.9991,0.0000,0.000,0.000,0.000,-,-,-,0000000000000000,-,0,0,-,tick
507,3623.061,10.7040,listener,ragdoll,Proventus Avenicci,0001A67D,-,-,0.000,0.000,0.000,0.000,0.000,0.0000,0.000,-311.888,-308.942,-318.000,0.0424,0.9991,0.0000,0.000,0.000,0.000,-,-,-,0000000000000000,-,0,0,-,tick
508,3660.470,10.7041,listener,ragdoll,Proventus Avenicci,0001A67D,-,-,0.000,0.000,0.000,0.000,0.000,0.0000,0.000,-311.888,-308.942,-318.000,0.0424,0.9991,0.0000,0.000,0.000,0.000,-,-,-,0000000000000000,-,0,0,-,tick
509,3697.901,10.7042,listener,ragdoll,Proventus Avenicci,0001A67D,-,-,0.000,0.000,0.000,0.000,0.000,0.0000,0.000,-311.888,-308.942,-318.000,0.0424,0.9991,0.0000,0.000,0.000,0.000,-,-,-,0000000000000000,-,0,0,-,tick
510,3718.246,10.7043,listener,ragdoll,Proventus Avenicci,0001A67D,-,-,0.000,0.000,0.000,0.000,0.000,0.0000,0.000,-311.888,-308.942,-318.000,0.0424,0.9991,0.0000,0.000,0.000,0.000,-,-,-,0000000000000000,-,0,0,-,tick
511,3755.931,10.7044,listener,ragdoll,Proventus Avenicci,0001A67D,-,-,0.000,0.000,0.000,0.000,0.000,0.0000,0.000,-311.888,-308.942,-318.000,0.0424,0.9991,0.0000,0.000,0.000,0.000,-,-,-,0000000000000000,-,0,0,-,tick
512,3796.994,10.7045,listener,ragdoll,Proventus Avenicci,0001A67D,-,-,0.000,0.000,0.000,0.000,0.000,0.0000,0.000,-311.888,-308.942,-318.000,0.0424,0.9991,0.0000,0.000,0.000,0.000,-,-,-,0000000000000000,-,0,0,-,tick
513,3817.802,10.7045,listener,ragdoll,Proventus Avenicci,0001A67D,-,-,0.000,0.000,0.000,0.000,0.000,0.0000,0.000,-311.888,-308.942,-318.000,0.0424,0.9991,0.0000,0.000,0.000,0.000,-,-,-,0000000000000000,-,0,0,-,tick
514,3857.419,10.7047,listener,ragdoll,Proventus Avenicci,0001A67D,-,-,0.000,0.000,0.000,0.000,0.000,0.0000,0.000,-311.888,-308.942,-318.000,0.0424,0.9991,0.0000,0.000,0.000,0.000,-,-,-,0000000000000000,-,0,0,-,tick
515,3897.459,10.7048,listener,ragdoll,Proventus Avenicci,0001A67D,-,-,0.000,0.000,0.000,0.000,0.000,0.0000,0.000,-311.888,-308.942,-318.000,0.0424,0.9991,0.0000,0.000,0.000,0.000,-,-,-,0000000000000000,-,0,0,-,tick
516,3916.426,10.7048,listener,ragdoll,Proventus Avenicci,0001A67D,-,-,0.000,0.000,0.000,0.000,0.000,0.0000,0.000,-311.888,-308.942,-318.000,0.0424,0.9991,0.0000,0.000,0.000,0.000,-,-,-,0000000000000000,-,0,0,-,tick
517,3957.087,10.7049,listener,ragdoll,Proventus Avenicci,0001A67D,-,-,0.000,0.000,0.000,0.000,0.000,0.0000,0.000,-311.888,-308.942,-318.000,0.0424,0.9991,0.0000,0.000,0.000,0.000,-,-,-,0000000000000000,-,0,0,-,tick
518,3976.340,10.7050,listener,ragdoll,Proventus Avenicci,0001A67D,-,-,0.000,0.000,0.000,0.000,0.000,0.0000,0.000,-311.888,-308.942,-318.000,0.0424,0.9991,0.0000,0.000,0.000,0.000,-,-,-,0000000000000000,-,0,0,-,tick
519,4015.081,10.7051,listener,ragdoll,Proventus Avenicci,0001A67D,-,-,0.000,0.000,0.000,0.000,0.000,0.0000,0.000,-311.888,-308.942,-318.000,0.0424,0.9991,0.0000,0.000,0.000,0.000,-,-,-,0000000000000000,-,0,0,-,tick
520,4052.610,10.7052,listener,ragdoll,Proventus Avenicci,0001A67D,-,-,0.000,0.000,0.000,0.000,0.000,0.0000,0.000,-311.888,-308.942,-318.000,0.0424,0.9991,0.0000,0.000,0.000,0.000,-,-,-,0000000000000000,-,0,0,-,tick
521,4090.904,10.7053,listener,ragdoll,Proventus Avenicci,0001A67D,-,-,0.000,0.000,0.000,0.000,0.000,0.0000,0.000,-311.888,-308.942,-318.000,0.0424,0.9991,0.0000,0.000,0.000,0.000,-,-,-,0000000000000000,-,0,0,-,tick
522,4110.880,10.7054,listener,ragdoll,Proventus Avenicci,0001A67D,-,-,0.000,0.000,0.000,0.000,0.000,0.0000,0.000,-311.888,-308.942,-318.000,0.0424,0.9991,0.0000,0.000,0.000,0.000,-,-,-,0000000000000000,-,0,0,-,tick
523,4148.554,10.7055,listener,ragdoll,Proventus Avenicci,0001A67D,-,-,0.000,0.000,0.000,0.000,0.000,0.0000,0.000,-311.888,-308.942,-318.000,0.0424,0.9991,0.0000,0.000,0.000,0.000,-,-,-,0000000000000000,-,0,0,-,tick
524,4187.828,10.7056,listener,ragdoll,Proventus Avenicci,0001A67D,-,-,0.000,0.000,0.000,0.000,0.000,0.0000,0.000,-311.888,-308.942,-318.000,0.0424,0.9991,0.0000,0.000,0.000,0.000,-,-,-,0000000000000000,-,0,0,-,tick
525,4205.716,10.7056,listener,ragdoll,Proventus Avenicci,0001A67D,-,-,0.000,0.000,0.000,0.000,0.000,0.0000,0.000,-311.888,-308.942,-318.000,0.0424,0.9991,0.0000,0.000,0.000,0.000,-,-,-,0000000000000000,-,0,0,-,tick
526,4245.538,10.7057,listener,ragdoll,Proventus Avenicci,0001A67D,-,-,0.000,0.000,0.000,0.000,0.000,0.0000,0.000,-311.888,-308.942,-318.000,0.0424,0.9991,0.0000,0.000,0.000,0.000,-,-,-,0000000000000000,-,0,0,-,tick
527,4283.490,10.7058,listener,ragdoll,Proventus Avenicci,0001A67D,-,-,0.000,0.000,0.000,0.000,0.000,0.0000,0.000,-311.888,-308.942,-318.000,0.0424,0.9991,0.0000,0.000,0.000,0.000,-,-,-,0000000000000000,-,0,0,-,tick
528,4303.559,10.7059,listener,ragdoll,Proventus Avenicci,0001A67D,-,-,0.000,0.000,0.000,0.000,0.000,0.0000,0.000,-311.888,-308.942,-318.000,0.0424,0.9991,0.0000,0.000,0.000,0.000,-,-,-,0000000000000000,-,0,0,-,tick
529,4342.451,10.7060,listener,ragdoll,Proventus Avenicci,0001A67D,-,-,0.000,0.000,0.000,0.000,0.000,0.0000,0.000,-311.888,-308.942,-318.000,0.0424,0.9991,0.0000,0.000,0.000,0.000,-,-,-,0000000000000000,-,0,0,-,tick
530,4381.630,10.7061,listener,ragdoll,Proventus Avenicci,0001A67D,-,-,0.000,0.000,0.000,0.000,0.000,0.0000,0.000,-311.888,-308.942,-318.000,0.0424,0.9991,0.0000,0.000,0.000,0.000,-,-,-,0000000000000000,-,0,0,-,tick
531,4401.087,10.7062,listener,ragdoll,Proventus Avenicci,0001A67D,-,-,0.000,0.000,0.000,0.000,0.000,0.0000,0.000,-311.888,-308.942,-318.000,0.0424,0.9991,0.0000,0.000,0.000,0.000,-,-,-,0000000000000000,-,0,0,-,tick
532,4438.914,10.7063,listener,ragdoll,Proventus Avenicci,0001A67D,-,-,0.000,0.000,0.000,0.000,0.000,0.0000,0.000,-311.888,-308.942,-318.000,0.0424,0.9991,0.0000,0.000,0.000,0.000,-,-,-,0000000000000000,-,0,0,-,tick
533,4477.864,10.7064,listener,ragdoll,Proventus Avenicci,0001A67D,-,-,0.000,0.000,0.000,0.000,0.000,0.0000,0.000,-311.888,-308.942,-318.000,0.0424,0.9991,0.0000,0.000,0.000,0.000,-,-,-,0000000000000000,-,0,0,-,tick
534,4498.482,10.7064,listener,ragdoll,Proventus Avenicci,0001A67D,-,-,0.000,0.000,0.000,0.000,0.000,0.0000,0.000,-311.888,-308.942,-318.000,0.0424,0.9991,0.0000,0.000,0.000,0.000,-,-,-,0000000000000000,-,0,0,-,tick
535,4536.983,10.7065,listener,ragdoll,Proventus Avenicci,0001A67D,-,-,0.000,0.000,0.000,0.000,0.000,0.0000,0.000,-311.888,-308.942,-318.000,0.0424,0.9991,0.0000,0.000,0.000,0.000,-,-,-,0000000000000000,-,0,0,-,tick
536,4576.831,10.7067,listener,ragdoll,Proventus Avenicci,0001A67D,-,-,0.000,0.000,0.000,0.000,0.000,0.0000,0.000,-311.888,-308.942,-318.000,0.0424,0.9991,0.0000,0.000,0.000,0.000,-,-,-,0000000000000000,-,0,0,-,tick
537,4597.218,10.7067,listener,ragdoll,Proventus Avenicci,0001A67D,-,-,0.000,0.000,0.000,0.000,0.000,0.0000,0.000,-311.888,-308.942,-318.000,0.0424,0.9991,0.0000,0.000,0.000,0.000,-,-,-,0000000000000000,-,0,0,-,tick
538,4636.681,10.7068,listener,ragdoll,Proventus Avenicci,0001A67D,-,-,0.000,0.000,0.000,0.000,0.000,0.0000,0.000,-311.888,-308.942,-318.000,0.0424,0.9991,0.0000,0.000,0.000,0.000,-,-,-,0000000000000000,-,0,0,-,tick
539,4656.135,10.7069,listener,ragdoll,Proventus Avenicci,0001A67D,-,-,0.000,0.000,0.000,0.000,0.000,0.0000,0.000,-311.888,-308.942,-318.000,0.0424,0.9991,0.0000,0.000,0.000,0.000,-,-,-,0000000000000000,-,0,0,-,tick
540,4696.411,10.7070,listener,ragdoll,Proventus Avenicci,0001A67D,-,-,0.000,0.000,0.000,0.000,0.000,0.0000,0.000,-311.888,-308.942,-318.000,0.0424,0.9991,0.0000,0.000,0.000,0.000,-,-,-,0000000000000000,-,0,0,-,tick
541,4736.386,10.7071,listener,ragdoll,Proventus Avenicci,0001A67D,-,-,0.000,0.000,0.000,0.000,0.000,0.0000,0.000,-311.888,-308.942,-318.000,0.0424,0.9991,0.0000,0.000,0.000,0.000,-,-,-,0000000000000000,-,0,0,-,tick
542,4756.267,10.7071,listener,ragdoll,Proventus Avenicci,0001A67D,-,-,0.000,0.000,0.000,0.000,0.000,0.0000,0.000,-311.888,-308.942,-318.000,0.0424,0.9991,0.0000,0.000,0.000,0.000,-,-,-,0000000000000000,-,0,0,-,tick
543,4793.903,10.7073,listener,ragdoll,Proventus Avenicci,0001A67D,-,-,0.000,0.000,0.000,0.000,0.000,0.0000,0.000,-311.888,-308.942,-318.000,0.0424,0.9991,0.0000,0.000,0.000,0.000,-,-,-,0000000000000000,-,0,0,-,tick
544,4831.315,10.7074,listener,ragdoll,Proventus Avenicci,0001A67D,-,-,0.000,0.000,0.000,0.000,0.000,0.0000,0.000,-311.888,-308.942,-318.000,0.0424,0.9991,0.0000,0.000,0.000,0.000,-,-,-,0000000000000000,-,0,0,-,tick
545,4849.577,10.7074,listener,ragdoll,Proventus Avenicci,0001A67D,-,-,0.000,0.000,0.000,0.000,0.000,0.0000,0.000,-311.888,-308.942,-318.000,0.0424,0.9991,0.0000,0.000,0.000,0.000,-,-,-,0000000000000000,-,0,0,-,tick
546,4887.953,10.7075,listener,ragdoll,Proventus Avenicci,0001A67D,-,-,0.000,0.000,0.000,0.000,0.000,0.0000,0.000,-311.888,-308.942,-318.000,0.0424,0.9991,0.0000,0.000,0.000,0.000,-,-,-,0000000000000000,-,0,0,-,tick
547,4926.641,10.7076,listener,ragdoll,Proventus Avenicci,0001A67D,-,-,0.000,0.000,0.000,0.000,0.000,0.0000,0.000,-311.888,-308.942,-318.000,0.0424,0.9991,0.0000,0.000,0.000,0.000,-,-,-,0000000000000000,-,0,0,-,tick
548,4946.100,10.7077,listener,ragdoll,Proventus Avenicci,0001A67D,-,-,0.000,0.000,0.000,0.000,0.000,0.0000,0.000,-311.888,-308.942,-318.000,0.0424,0.9991,0.0000,0.000,0.000,0.000,-,-,-,0000000000000000,-,0,0,-,tick
549,4985.538,10.7078,listener,ragdoll,Proventus Avenicci,0001A67D,-,-,0.000,0.000,0.000,0.000,0.000,0.0000,0.000,-311.888,-308.942,-318.000,0.0424,0.9991,0.0000,0.000,0.000,0.000,-,-,-,0000000000000000,-,0,0,-,tick
550,5025.798,10.7079,listener,ragdoll,Proventus Avenicci,0001A67D,-,-,0.000,0.000,0.000,0.000,0.000,0.0000,0.000,-311.888,-308.942,-318.000,0.0424,0.9991,0.0000,0.000,0.000,0.000,-,-,-,0000000000000000,-,0,0,-,tick
551,5046.242,10.7080,listener,ragdoll,Proventus Avenicci,0001A67D,-,-,0.000,0.000,0.000,0.000,0.000,0.0000,0.000,-311.888,-308.942,-318.000,0.0424,0.9991,0.0000,0.000,0.000,0.000,-,-,-,0000000000000000,-,0,0,-,tick
552,5086.049,10.7081,listener,ragdoll,Proventus Avenicci,0001A67D,-,-,0.000,0.000,0.000,0.000,0.000,0.0000,0.000,-311.888,-308.942,-318.000,0.0424,0.9991,0.0000,0.000,0.000,0.000,-,-,-,0000000000000000,-,0,0,-,tick
553,5106.701,10.7081,listener,ragdoll,Proventus Avenicci,0001A67D,-,-,0.000,0.000,0.000,0.000,0.000,0.0000,0.000,-311.888,-308.942,-318.000,0.0424,0.9991,0.0000,0.000,0.000,0.000,-,-,-,0000000000000000,-,0,0,-,tick
554,5145.549,10.7082,listener,ragdoll,Proventus Avenicci,0001A67D,-,-,0.000,0.000,0.000,0.000,0.000,0.0000,0.000,-311.888,-308.942,-318.000,0.0424,0.9991,0.0000,0.000,0.000,0.000,-,-,-,0000000000000000,-,0,0,-,tick
555,5184.659,10.7083,listener,ragdoll,Proventus Avenicci,0001A67D,-,-,0.000,0.000,0.000,0.000,0.000,0.0000,0.000,-311.888,-308.942,-318.000,0.0424,0.9991,0.0000,0.000,0.000,0.000,-,-,-,0000000000000000,-,0,0,-,tick
556,5219.831,10.7084,listener,ragdoll,Proventus Avenicci,0001A67D,-,-,0.000,0.000,0.000,0.000,0.000,0.0000,0.000,-311.888,-308.942,-318.000,0.0424,0.9991,0.0000,0.000,0.000,0.000,-,-,-,0000000000000000,-,0,0,-,tick
557,5238.446,10.7085,listener,ragdoll,Proventus Avenicci,0001A67D,-,-,0.000,0.000,0.000,0.000,0.000,0.0000,0.000,-311.888,-308.942,-318.000,0.0424,0.9991,0.0000,0.000,0.000,0.000,-,-,-,0000000000000000,-,0,0,-,tick
558,5276.529,10.7086,listener,ragdoll,Proventus Avenicci,0001A67D,-,-,0.000,0.000,0.000,0.000,0.000,0.0000,0.000,-311.888,-308.942,-318.000,0.0424,0.9991,0.0000,0.000,0.000,0.000,-,-,-,0000000000000000,-,0,0,-,tick
559,5312.898,10.7087,listener,ragdoll,Proventus Avenicci,0001A67D,-,-,0.000,0.000,0.000,0.000,0.000,0.0000,0.000,-311.888,-308.942,-318.000,0.0424,0.9991,0.0000,0.000,0.000,0.000,-,-,-,0000000000000000,-,0,0,-,tick
560,5331.613,10.7088,listener,ragdoll,Proventus Avenicci,0001A67D,-,-,0.000,0.000,0.000,0.000,0.000,0.0000,0.000,-311.888,-308.942,-318.000,0.0424,0.9991,0.0000,0.000,0.000,0.000,-,-,-,0000000000000000,-,0,0,-,tick
561,5370.451,10.7089,listener,ragdoll,Proventus Avenicci,0001A67D,-,-,0.000,0.000,0.000,0.000,0.000,0.0000,0.000,-311.888,-308.942,-318.000,0.0424,0.9991,0.0000,0.000,0.000,0.000,-,-,-,0000000000000000,-,0,0,-,tick
562,5411.895,10.7090,listener,ragdoll,Proventus Avenicci,0001A67D,-,-,0.000,0.000,0.000,0.000,0.000,0.0000,0.000,-311.888,-308.942,-318.000,0.0424,0.9991,0.0000,0.000,0.000,0.000,-,-,-,0000000000000000,-,0,0,-,tick
563,5432.293,10.7090,listener,ragdoll,Proventus Avenicci,0001A67D,-,-,0.000,0.000,0.000,0.000,0.000,0.0000,0.000,-311.888,-308.942,-318.000,0.0424,0.9991,0.0000,0.000,0.000,0.000,-,-,-,0000000000000000,-,0,0,-,tick
564,5473.063,10.7091,listener,ragdoll,Proventus Avenicci,0001A67D,-,-,0.000,0.000,0.000,0.000,0.000,0.0000,0.000,-311.888,-308.942,-318.000,0.0424,0.9991,0.0000,0.000,0.000,0.000,-,-,-,0000000000000000,-,0,0,-,tick
565,5493.812,10.7092,listener,ragdoll,Proventus Avenicci,0001A67D,-,-,0.000,0.000,0.000,0.000,0.000,0.0000,0.000,-311.888,-308.942,-318.000,0.0424,0.9991,0.0000,0.000,0.000,0.000,-,-,-,0000000000000000,-,0,0,-,tick
566,5534.847,10.7093,listener,ragdoll,Proventus Avenicci,0001A67D,-,-,0.000,0.000,0.000,0.000,0.000,0.0000,0.000,-311.888,-308.942,-318.000,0.0424,0.9991,0.0000,0.000,0.000,0.000,-,-,-,0000000000000000,-,0,0,-,tick
567,5576.720,10.7094,listener,ragdoll,Proventus Avenicci,0001A67D,-,-,0.000,0.000,0.000,0.000,0.000,0.0000,0.000,-311.888,-308.942,-318.000,0.0424,0.9991,0.0000,0.000,0.000,0.000,-,-,-,0000000000000000,-,0,0,-,tick
568,5597.630,10.7095,listener,ragdoll,Proventus Avenicci,0001A67D,-,-,0.000,0.000,0.000,0.000,0.000,0.0000,0.000,-311.888,-308.942,-318.000,0.0424,0.9991,0.0000,0.000,0.000,0.000,-,-,-,0000000000000000,-,0,0,-,tick
569,5639.814,10.7096,listener,ragdoll,Proventus Avenicci,0001A67D,-,-,0.000,0.000,0.000,0.000,0.000,0.0000,0.000,-311.888,-308.942,-318.000,0.0424,0.9991,0.0000,0.000,0.000,0.000,-,-,-,0000000000000000,-,0,0,-,tick
570,5659.669,10.7096,listener,ragdoll,Proventus Avenicci,0001A67D,-,-,0.000,0.000,0.000,0.000,0.000,0.0000,0.000,-311.888,-308.942,-318.000,0.0424,0.9991,0.0000,0.000,0.000,0.000,-,-,-,0000000000000000,-,0,0,-,tick
571,5699.654,10.7098,listener,ragdoll,Proventus Avenicci,0001A67D,-,-,0.000,0.000,0.000,0.000,0.000,0.0000,0.000,-311.888,-308.942,-318.000,0.0424,0.9991,0.0000,0.000,0.000,0.000,-,-,-,0000000000000000,-,0,0,-,tick
572,5737.576,10.7099,listener,ragdoll,Proventus Avenicci,0001A67D,-,-,0.000,0.000,0.000,0.000,0.000,0.0000,0.000,-311.888,-308.942,-318.000,0.0424,0.9991,0.0000,0.000,0.000,0.000,-,-,-,0000000000000000,-,0,0,-,tick
573,5755.102,10.7099,listener,ragdoll,Proventus Avenicci,0001A67D,-,-,0.000,0.000,0.000,0.000,0.000,0.0000,0.000,-311.888,-308.942,-318.000,0.0424,0.9991,0.0000,0.000,0.000,0.000,-,-,-,0000000000000000,-,0,0,-,tick
574,5791.910,10.7100,listener,ragdoll,Proventus Avenicci,0001A67D,-,-,0.000,0.000,0.000,0.000,0.000,0.0000,0.000,-311.888,-308.942,-318.000,0.0424,0.9991,0.0000,0.000,0.000,0.000,-,-,-,0000000000000000,-,0,0,-,tick
575,5830.355,10.7101,listener,ragdoll,Proventus Avenicci,0001A67D,-,-,0.000,0.000,0.000,0.000,0.000,0.0000,0.000,-311.888,-308.942,-318.000,0.0424,0.9991,0.0000,0.000,0.000,0.000,-,-,-,0000000000000000,-,0,0,-,tick
576,5849.577,10.7102,listener,ragdoll,Proventus Avenicci,0001A67D,-,-,0.000,0.000,0.000,0.000,0.000,0.0000,0.000,-311.888,-308.942,-318.000,0.0424,0.9991,0.0000,0.000,0.000,0.000,-,-,-,0000000000000000,-,0,0,-,tick
577,5888.333,10.7103,listener,ragdoll,Proventus Avenicci,0001A67D,-,-,0.000,0.000,0.000,0.000,0.000,0.0000,0.000,-311.888,-308.942,-318.000,0.0424,0.9991,0.0000,0.000,0.000,0.000,-,-,-,0000000000000000,-,0,0,-,tick
578,5928.222,10.7104,listener,ragdoll,Proventus Avenicci,0001A67D,-,-,0.000,0.000,0.000,0.000,0.000,0.0000,0.000,-311.888,-308.942,-318.000,0.0424,0.9991,0.0000,0.000,0.000,0.000,-,-,-,0000000000000000,-,0,0,-,tick
579,5948.777,10.7105,listener,ragdoll,Proventus Avenicci,0001A67D,-,-,0.000,0.000,0.000,0.000,0.000,0.0000,0.000,-311.888,-308.942,-318.000,0.0424,0.9991,0.0000,0.000,0.000,0.000,-,-,-,0000000000000000,-,0,0,-,tick
580,5991.332,10.7106,listener,ragdoll,Proventus Avenicci,0001A67D,-,-,0.000,0.000,0.000,0.000,0.000,0.0000,0.000,-311.888,-308.942,-318.000,0.0424,0.9991,0.0000,0.000,0.000,0.000,-,-,-,0000000000000000,-,0,0,-,tick
581,6011.086,10.7106,listener,ragdoll,Proventus Avenicci,0001A67D,-,-,0.000,0.000,0.000,0.000,0.000,0.0000,0.000,-311.888,-308.942,-318.000,0.0424,0.9991,0.0000,0.000,0.000,0.000,-,-,-,0000000000000000,-,0,0,-,tick
582,6049.394,10.7107,listener,ragdoll,Proventus Avenicci,0001A67D,-,-,0.000,0.000,0.000,0.000,0.000,0.0000,0.000,-311.888,-308.942,-318.000,0.0424,0.9991,0.0000,0.000,0.000,0.000,-,-,-,0000000000000000,-,0,0,-,tick
583,6089.967,10.7108,listener,ragdoll,Proventus Avenicci,0001A67D,-,-,0.000,0.000,0.000,0.000,0.000,0.0000,0.000,-311.888,-308.942,-318.000,0.0424,0.9991,0.0000,0.000,0.000,0.000,-,-,-,0000000000000000,-,0,0,-,tick
584,6110.216,10.7109,listener,ragdoll,Proventus Avenicci,0001A67D,-,-,0.000,0.000,0.000,0.000,0.000,0.0000,0.000,-311.888,-308.942,-318.000,0.0424,0.9991,0.0000,0.000,0.000,0.000,-,-,-,0000000000000000,-,0,0,-,tick
585,6151.025,10.7110,listener,ragdoll,Proventus Avenicci,0001A67D,-,-,0.000,0.000,0.000,0.000,0.000,0.0000,0.000,-311.888,-308.942,-318.000,0.0424,0.9991,0.0000,0.000,0.000,0.000,-,-,-,0000000000000000,-,0,0,-,tick
586,6189.526,10.7111,listener,ragdoll,Proventus Avenicci,0001A67D,-,-,0.000,0.000,0.000,0.000,0.000,0.0000,0.000,-311.888,-308.942,-318.000,0.0424,0.9991,0.0000,0.000,0.000,0.000,-,-,-,0000000000000000,-,0,0,-,tick
587,6209.289,10.7112,listener,ragdoll,Proventus Avenicci,0001A67D,-,-,0.000,0.000,0.000,0.000,0.000,0.0000,0.000,-311.888,-308.942,-318.000,0.0424,0.9991,0.0000,0.000,0.000,0.000,-,-,-,0000000000000000,-,0,0,-,tick
588,6246.242,10.7113,listener,ragdoll,Proventus Avenicci,0001A67D,-,-,0.000,0.000,0.000,0.000,0.000,0.0000,0.000,-311.888,-308.942,-318.000,0.0424,0.9991,0.0000,0.000,0.000,0.000,-,-,-,0000000000000000,-,0,0,-,tick
589,6284.984,10.7114,listener,ragdoll,Proventus Avenicci,0001A67D,-,-,0.000,0.000,0.000,0.000,0.000,0.0000,0.000,-311.888,-308.942,-318.000,0.0424,0.9991,0.0000,0.000,0.000,0.000,-,-,-,0000000000000000,-,0,0,-,tick
590,6303.053,10.7114,listener,ragdoll,Proventus Avenicci,0001A67D,-,-,0.000,0.000,0.000,0.000,0.000,0.0000,0.000,-311.888,-308.942,-318.000,0.0424,0.9991,0.0000,0.000,0.000,0.000,-,-,-,0000000000000000,-,0,0,-,tick
591,6341.949,10.7116,listener,ragdoll,Proventus Avenicci,0001A67D,-,-,0.000,0.000,0.000,0.000,0.000,0.0000,0.000,-311.888,-308.942,-318.000,0.0424,0.9991,0.0000,0.000,0.000,0.000,-,-,-,0000000000000000,-,0,0,-,tick
592,6380.910,10.7117,listener,ragdoll,Proventus Avenicci,0001A67D,-,-,0.000,0.000,0.000,0.000,0.000,0.0000,0.000,-311.888,-308.942,-318.000,0.0424,0.9991,0.0000,0.000,0.000,0.000,-,-,-,0000000000000000,-,0,0,-,tick
593,6399.199,10.7117,listener,ragdoll,Proventus Avenicci,0001A67D,-,-,0.000,0.000,0.000,0.000,0.000,0.0000,0.000,-311.888,-308.942,-318.000,0.0424,0.9991,0.0000,0.000,0.000,0.000,-,-,-,0000000000000000,-,0,0,-,tick
594,6439.158,10.7118,listener,ragdoll,Proventus Avenicci,0001A67D,-,-,0.000,0.000,0.000,0.000,0.000,0.0000,0.000,-311.888,-308.942,-318.000,0.0424,0.9991,0.0000,0.000,0.000,0.000,-,-,-,0000000000000000,-,0,0,-,tick
595,6478.087,10.7119,listener,ragdoll,Proventus Avenicci,0001A67D,-,-,0.000,0.000,0.000,0.000,0.000,0.0000,0.000,-311.888,-308.942,-318.000,0.0424,0.9991,0.0000,0.000,0.000,0.000,-,-,-,0000000000000000,-,0,0,-,tick
596,6498.678,10.7120,listener,ragdoll,Proventus Avenicci,0001A67D,-,-,0.000,0.000,0.000,0.000,0.000,0.0000,0.000,-311.888,-308.942,-318.000,0.0424,0.9991,0.0000,0.000,0.000,0.000,-,-,-,0000000000000000,-,0,0,-,tick
597,6537.296,10.7121,listener,ragdoll,Proventus Avenicci,0001A67D,-,-,0.000,0.000,0.000,0.000,0.000,0.0000,0.000,-311.888,-308.942,-318.000,0.0424,0.9991,0.0000,0.000,0.000,0.000,-,-,-,0000000000000000,-,0,0,-,tick
598,6577.855,10.7122,listener,ragdoll,Proventus Avenicci,0001A67D,-,-,0.000,0.000,0.000,0.000,0.000,0.0000,0.000,-311.888,-308.942,-318.000,0.0424,0.9991,0.0000,0.000,0.000,0.000,-,-,-,0000000000000000,-,0,0,-,tick
599,6598.199,10.7123,listener,ragdoll,Proventus Avenicci,0001A67D,-,-,0.000,0.000,0.000,0.000,0.000,0.0000,0.000,-311.888,-308.942,-318.000,0.0424,0.9991,0.0000,0.000,0.000,0.000,-,-,-,0000000000000000,-,0,0,-,tick
600,6637.644,10.7124,listener,ragdoll,Proventus Avenicci,0001A67D,-,-,0.000,0.000,0.000,0.000,0.000,0.0000,0.000,-311.888,-308.942,-318.000,0.0424,0.9991,0.0000,0.000,0.000,0.000,-,-,-,0000000000000000,-,0,0,-,tick
601,6658.569,10.7124,listener,ragdoll,Proventus Avenicci,0001A67D,-,-,0.000,0.000,0.000,0.000,0.000,0.0000,0.000,-311.888,-308.942,-318.000,0.0424,0.9991,0.0000,0.000,0.000,0.000,-,-,-,0000000000000000,-,0,0,-,tick
602,6698.615,10.7125,listener,ragdoll,Proventus Avenicci,0001A67D,-,-,0.000,0.000,0.000,0.000,0.000,0.0000,0.000,-311.888,-308.942,-318.000,0.0424,0.9991,0.0000,0.000,0.000,0.000,-,-,-,0000000000000000,-,0,0,-,tick
603,6738.046,10.7126,listener,ragdoll,Proventus Avenicci,0001A67D,-,-,0.000,0.000,0.000,0.000,0.000,0.0000,0.000,-311.888,-308.942,-318.000,0.0424,0.9991,0.0000,0.000,0.000,0.000,-,-,-,0000000000000000,-,0,0,-,tick
604,6757.011,10.7127,listener,ragdoll,Proventus Avenicci,0001A67D,-,-,0.000,0.000,0.000,0.000,0.000,0.0000,0.000,-311.888,-308.942,-318.000,0.0424,0.9991,0.0000,0.000,0.000,0.000,-,-,-,0000000000000000,-,0,0,-,tick
605,6797.630,10.7128,listener,ragdoll,Proventus Avenicci,0001A67D,-,-,0.000,0.000,0.000,0.000,0.000,0.0000,0.000,-311.888,-308.942,-318.000,0.0424,0.9991,0.0000,0.000,0.000,0.000,-,-,-,0000000000000000,-,0,0,-,tick
606,6834.343,10.7129,listener,ragdoll,Proventus Avenicci,0001A67D,-,-,0.000,0.000,0.000,0.000,0.000,0.0000,0.000,-311.888,-308.942,-318.000,0.0424,0.9991,0.0000,0.000,0.000,0.000,-,-,-,0000000000000000,-,0,0,-,tick
0,6849.884,10.7129,state,animated,Proventus Avenicci,0001A67D,-,-,0.000,0.000,0.000,0.000,0.000,0.0000,0.000,0.000,0.000,0.000,0.0000,0.0000,0.0000,0.000,0.000,0.000,-,-,-,0000000000000000,-,0,0,0,session_stop
