seq,t_ms,game_hour,event,phase,actor,actor_id,limb,limb_index,impact_speed,normal_speed,tangent_speed,body_speed,angular_speed,mass,limb_radius,pos_x,pos_y,pos_z,nrm_x,nrm_y,nrm_z,vel_x,vel_y,vel_z,other_layer,other_material,material_source,other_body,other_limb,manifold_first,manifold_last,dropped,state
0,1.153,0.0000,state,unknown,Proventus Avenicci,0001A67D,-,-,0.000,0.000,0.000,0.000,0.000,0.0000,0.000,0.000,0.000,0.000,0.0000,0.0000,0.0000,0.000,0.000,0.000,-,-,-,0000000000000000,-,0,0,-,session_start
1,1.153,0.0000,limb_sample,unknown,Proventus Avenicci,0001A67D,NPC COM [COM ],0,0.000,0.000,0.000,0.000,0.000,50.0000,17.687,-278.317,-128.293,-249.161,0.0000,0.0000,0.0000,0.000,0.000,0.000,-,-,-,0000000000000000,-,0,0,-,session_start
2,1.153,0.0000,limb_sample,unknown,Proventus Avenicci,0001A67D,NPC L Thigh [LThg],1,0.000,0.000,0.000,0.000,0.000,6.0000,20.487,-271.847,-129.492,-248.995,0.0000,0.0000,0.0000,0.000,0.000,0.000,-,-,-,0000000000000000,-,0,0,-,session_start
3,1.153,0.0000,limb_sample,unknown,Proventus Avenicci,0001A67D,NPC R Thigh [RThg],2,0.000,0.000,0.000,0.000,0.000,6.0000,20.487,-284.853,-127.084,-249.315,0.0000,0.0000,0.0000,0.000,0.000,0.000,-,-,-,0000000000000000,-,0,0,-,session_start
4,1.154,0.0000,limb_sample,unknown,Proventus Avenicci,0001A67D,NPC Spine [Spn0],3,0.000,0.000,0.000,0.000,0.000,4.0000,17.297,-277.364,-123.199,-245.292,0.0000,0.0000,0.0000,0.000,0.000,0.000,-,-,-,0000000000000000,-,0,0,-,session_start
5,1.154,0.0000,limb_sample,unknown,Proventus Avenicci,0001A67D,NPC R Calf [RClf],4,0.000,0.000,0.000,3.006,0.000,6.0000,19.675,-290.104,-128.302,-284.415,0.0000,0.0000,0.0000,-0.836,-2.869,0.319,-,-,-,0000000000000000,-,0,0,-,session_start
6,1.154,0.0000,limb_sample,unknown,Proventus Avenicci,0001A67D,NPC L Calf [LClf],5,0.000,0.000,0.000,3.734,0.000,6.0000,19.675,-271.340,-129.077,-284.577,0.0000,0.0000,0.0000,-0.900,-3.622,0.136,-,-,-,0000000000000000,-,0,0,-,session_start
7,1.154,0.0000,limb_sample,unknown,Proventus Avenicci,0001A67D,NPC Spine1 [Spn1],6,0.000,0.000,0.000,0.000,0.000,4.0000,18.878,-277.765,-123.640,-236.564,0.0000,0.0000,0.0000,0.000,0.000,0.000,-,-,-,0000000000000000,-,0,0,-,session_start
8,1.154,0.0000,limb_sample,unknown,Proventus Avenicci,0001A67D,NPC L Foot [Lft ],7,0.000,0.000,0.000,4.733,0.000,3.0000,10.011,-269.814,-121.913,-311.544,0.0000,0.0000,0.0000,-1.101,-4.584,0.419,-,-,-,0000000000000000,-,0,0,-,session_start
9,1.154,0.0000,limb_sample,unknown,Proventus Avenicci,0001A67D,NPC R Foot [Rft ],8,0.000,0.000,0.000,4.223,0.000,3.0000,10.011,-291.661,-122.677,-311.662,0.0000,0.0000,0.0000,-1.157,-4.016,0.607,-,-,-,0000000000000000,-,0,0,-,session_start
10,1.154,0.0000,limb_sample,unknown,Proventus Avenicci,0001A67D,NPC Spine2 [Spn2],9,0.000,0.000,0.000,0.000,0.000,7.0000,23.052,-277.595,-122.284,-226.790,0.0000,0.0000,0.0000,0.000,0.000,0.000,-,-,-,0000000000000000,-,0,0,-,session_start
11,1.155,0.0000,limb_sample,unknown,Proventus Avenicci,0001A67D,NPC L UpperArm [LUar],10,0.000,0.000,0.000,0.000,0.000,2.0000,14.463,-264.431,-126.170,-211.881,0.0000,0.0000,0.0000,0.000,0.000,0.000,-,-,-,0000000000000000,-,0,0,-,session_start
12,1.155,0.0000,limb_sample,unknown,Proventus Avenicci,0001A67D,NPC Neck [Neck],11,0.000,0.000,0.000,0.000,0.000,6.0000,8.431,-277.565,-124.006,-204.816,0.0000,0.0000,0.0000,0.000,0.000,0.000,-,-,-,0000000000000000,-,0,0,-,session_start
13,1.155,0.0000,limb_sample,unknown,Proventus Avenicci,0001A67D,NPC R UpperArm [RUar],12,0.000,0.000,0.000,3.324,0.122,2.0000,14.463,-290.468,-119.900,-211.685,0.0000,0.0000,0.0000,-2.009,-2.578,0.611,-,-,-,0000000000000000,-,0,0,-,session_start
14,1.155,0.0000,limb_sample,unknown,Proventus Avenicci,0001A67D,NPC Head [Head],13,0.000,0.000,0.000,0.000,0.000,4.0000,15.108,-277.920,-125.337,-197.555,0.0000,0.0000,0.0000,0.000,0.000,0.000,-,-,-,0000000000000000,-,0,0,-,session_start
15,1.155,0.0000,limb_sample,unknown,Proventus Avenicci,0001A67D,NPC L Forearm [LLar],14,0.000,0.000,0.000,0.000,0.000,2.0000,11.658,-260.472,-121.426,-233.807,0.0000,0.0000,0.0000,0.000,0.000,0.000,-,-,-,0000000000000000,-,0,0,-,session_start
16,1.155,0.0000,limb_sample,unknown,Proventus Avenicci,0001A67D,NPC R Forearm [RLar],15,0.000,0.000,0.000,2.152,0.110,6.0000,11.658,-293.034,-117.168,-234.205,0.0000,0.0000,0.0000,-1.391,-1.629,-0.209,-,-,-,0000000000000000,-,0,0,-,session_start
17,1.156,0.0000,limb_sample,unknown,Proventus Avenicci,0001A67D,NPC L Hand [LHnd],16,0.000,0.000,0.000,1.754,0.122,4.0000,8.334,-257.512,-127.409,-248.347,0.0000,0.0000,0.0000,-1.121,-1.092,-0.793,-,-,-,0000000000000000,-,0,0,-,session_start
18,1.156,0.0000,limb_sample,unknown,Proventus Avenicci,0001A67D,NPC R Hand [RHnd],17,0.000,0.000,0.000,0.000,0.000,4.0000,8.334,-297.846,-121.528,-248.832,0.0000,0.0000,0.0000,0.000,0.000,0.000,-,-,-,0000000000000000,-,0,0,-,session_start
19,538.140,11.0868,state,animated,Proventus Avenicci,0001A67D,-,-,0.000,0.000,0.000,0.000,0.000,0.0000,0.000,0.000,0.000,0.000,0.0000,0.0000,0.0000,0.000,0.000,0.000,-,-,-,0000000000000000,-,0,0,-,ragdoll_rebuilt
20,889.191,11.0878,state,ragdoll,Proventus Avenicci,0001A67D,-,-,0.000,0.000,0.000,0.000,0.000,0.0000,0.000,0.000,0.000,0.000,0.0000,0.0000,0.0000,0.000,0.000,0.000,-,-,-,0000000000000000,-,0,0,-,ragdoll_start
21,889.191,11.0878,limb_sample,ragdoll,Proventus Avenicci,0001A67D,NPC COM [COM ],0,0.000,0.000,0.000,69.991,0.000,50.0000,17.687,-278.342,-128.289,-39.118,0.0000,0.0000,0.0000,-7.030,-37.860,-58.446,-,-,-,0000000000000000,-,0,0,-,ragdoll_start
22,889.191,11.0878,limb_sample,ragdoll,Proventus Avenicci,0001A67D,NPC L Thigh [LThg],1,0.000,0.000,0.000,49.667,0.317,6.0000,20.487,-271.838,-129.493,-38.952,0.0000,0.0000,0.0000,-5.750,-24.716,-42.695,-,-,-,0000000000000000,-,0,0,-,ragdoll_start
23,889.192,11.0878,limb_sample,ragdoll,Proventus Avenicci,0001A67D,NPC R Thigh [RThg],2,0.000,0.000,0.000,50.689,0.240,6.0000,20.487,-284.843,-127.086,-39.273,0.0000,0.0000,0.0000,-2.867,-26.360,-43.200,-,-,-,0000000000000000,-,0,0,-,ragdoll_start
24,889.192,11.0878,limb_sample,ragdoll,Proventus Avenicci,0001A67D,NPC Spine [Spn0],3,0.000,0.000,0.000,69.991,0.000,4.0000,17.297,-277.389,-123.195,-35.248,0.0000,0.0000,0.0000,-6.830,-37.096,-58.958,-,-,-,0000000000000000,-,0,0,-,ragdoll_start
25,889.192,11.0878,limb_sample,ragdoll,Proventus Avenicci,0001A67D,NPC R Calf [RClf],4,0.000,0.000,0.000,32.386,0.189,6.0000,19.675,-289.816,-127.552,-74.454,0.0000,0.0000,0.0000,-0.456,-15.996,-28.156,-,-,-,0000000000000000,-,0,0,-,ragdoll_start
26,889.192,11.0878,limb_sample,ragdoll,Proventus Avenicci,0001A67D,NPC L Calf [LClf],5,0.000,0.000,0.000,30.718,0.250,6.0000,19.675,-271.150,-128.037,-74.524,0.0000,0.0000,0.0000,-3.491,-13.494,-27.374,-,-,-,0000000000000000,-,0,0,-,ragdoll_start
27,889.192,11.0878,limb_sample,ragdoll,Proventus Avenicci,0001A67D,NPC Spine1 [Spn1],6,0.000,0.000,0.000,69.991,0.000,4.0000,18.878,-277.790,-123.636,-26.520,0.0000,0.0000,0.0000,-6.608,-36.250,-59.507,-,-,-,0000000000000000,-,0,0,-,ragdoll_start
28,889.192,11.0878,limb_sample,ragdoll,Proventus Avenicci,0001A67D,NPC L Foot [Lft ],7,0.000,0.000,0.000,15.928,0.000,3.0000,10.011,-269.689,-121.270,-101.616,0.0000,0.0000,0.0000,-1.778,-6.743,-14.320,-,-,-,0000000000000000,-,0,0,-,ragdoll_start
29,889.192,11.0878,limb_sample,ragdoll,Proventus Avenicci,0001A67D,NPC R Foot [Rft ],8,0.000,0.000,0.000,16.693,0.000,3.0000,10.011,-291.495,-122.215,-101.774,0.0000,0.0000,0.0000,-0.158,-8.216,-14.530,-,-,-,0000000000000000,-,0,0,-,ragdoll_start
30,889.192,11.0878,limb_sample,ragdoll,Proventus Avenicci,0001A67D,NPC Spine2 [Spn2],9,0.000,0.000,0.000,69.991,0.000,7.0000,23.052,-277.581,-122.321,-16.746,0.0000,0.0000,0.0000,-6.529,-35.417,-60.015,-,-,-,0000000000000000,-,0,0,-,ragdoll_start
31,889.192,11.0878,limb_sample,ragdoll,Proventus Avenicci,0001A67D,NPC L UpperArm [LUar],10,0.000,0.000,0.000,69.991,0.000,2.0000,14.463,-264.526,-126.373,-2.074,0.0000,0.0000,0.0000,-9.436,-35.636,-59.496,-,-,-,0000000000000000,-,0,0,-,ragdoll_start
32,889.192,11.0878,limb_sample,ragdoll,Proventus Avenicci,0001A67D,NPC Neck [Neck],11,0.000,0.000,0.000,69.991,0.000,6.0000,8.431,-277.538,-124.176,5.215,0.0000,0.0000,0.0000,-6.300,-33.972,-60.869,-,-,-,0000000000000000,-,0,0,-,ragdoll_start
33,889.192,11.0878,limb_sample,ragdoll,Proventus Avenicci,0001A67D,NPC R UpperArm [RUar],12,0.000,0.000,0.000,69.991,0.000,2.0000,14.463,-290.416,-119.870,-1.557,0.0000,0.0000,0.0000,-3.923,-36.648,-59.501,-,-,-,0000000000000000,-,0,0,-,ragdoll_start
34,889.192,11.0878,limb_sample,ragdoll,Proventus Avenicci,0001A67D,NPC Head [Head],13,0.000,0.000,0.000,69.991,0.000,4.0000,15.108,-277.900,-125.536,12.473,0.0000,0.0000,0.0000,-6.103,-33.157,-61.336,-,-,-,0000000000000000,-,0,0,-,ragdoll_start
35,889.192,11.0878,limb_sample,ragdoll,Proventus Avenicci,0001A67D,NPC L Forearm [LLar],14,0.000,0.000,0.000,52.493,0.000,2.0000,11.658,-260.646,-121.916,-24.073,0.0000,0.0000,0.0000,-8.088,-27.972,-43.678,-,-,-,0000000000000000,-,0,0,-,ragdoll_start
36,889.192,11.0878,limb_sample,ragdoll,Proventus Avenicci,0001A67D,NPC R Forearm [RLar],15,0.000,0.000,0.000,52.493,0.000,6.0000,11.658,-293.614,-118.163,-24.147,0.0000,0.0000,0.0000,-2.363,-28.861,-43.784,-,-,-,0000000000000000,-,0,0,-,ragdoll_start
37,889.192,11.0878,limb_sample,ragdoll,Proventus Avenicci,0001A67D,NPC L Hand [LHnd],16,0.000,0.000,0.000,34.996,0.000,4.0000,8.334,-257.846,-128.179,-38.543,0.0000,0.0000,0.0000,-5.714,-18.776,-28.974,-,-,-,0000000000000000,-,0,0,-,ragdoll_start
38,889.192,11.0878,limb_sample,ragdoll,Proventus Avenicci,0001A67D,NPC R Hand [RHnd],17,0.000,0.000,0.000,34.996,0.000,4.0000,8.334,-298.186,-121.728,-39.132,0.0000,0.0000,0.0000,-1.329,-19.537,-29.004,-,-,-,0000000000000000,-,0,0,-,ragdoll_start
39,889.193,11.0878,listener,ragdoll,Proventus Avenicci,0001A67D,-,-,0.000,0.000,0.000,0.000,0.000,0.0000,0.000,-311.888,-308.942,-318.000,0.1924,0.9813,0.0000,0.000,0.000,0.000,-,-,-,0000000000000000,-,0,0,-,ragdoll_start
40,889.193,11.0878,state,ragdoll,Proventus Avenicci,0001A67D,-,-,0.000,0.000,0.000,0.000,0.000,0.0000,0.000,0.000,0.000,0.000,0.0000,0.0000,0.0000,0.000,0.000,0.000,-,-,-,0000000000000000,-,0,0,-,knock_explode_lead_in
41,889.193,11.0878,listener,ragdoll,Proventus Avenicci,0001A67D,-,-,0.000,0.000,0.000,0.000,0.000,0.0000,0.000,-311.888,-308.942,-318.000,0.1924,0.9813,0.0000,0.000,0.000,0.000,-,-,-,0000000000000000,-,0,0,-,knock_explode_lead_in
42,900.984,11.0878,touch,ragdoll,Proventus Avenicci,0001A67D,NPC R Forearm [RLar],15,0.000,0.000,0.000,135.009,17.059,6.0000,11.658,0.000,0.000,0.000,0.0000,0.0000,0.0000,-27.331,-87.199,99.381,DeadBip,-,-,000001EB3A29C100,2,0,0,-,
43,900.985,11.0878,touch,ragdoll,Proventus Avenicci,0001A67D,NPC R Thigh [RThg],2,0.000,0.000,0.000,247.360,5.356,6.0000,20.487,0.000,0.000,0.000,0.0000,0.0000,0.0000,-53.276,-215.172,109.771,DeadBip,-,-,000001EB3A167700,15,0,0,-,
44,900.986,11.0878,touch,ragdoll,Proventus Avenicci,0001A67D,NPC R Forearm [RLar],15,0.000,0.000,0.000,135.009,17.059,6.0000,11.658,0.000,0.000,0.000,0.0000,0.0000,0.0000,-27.331,-87.199,99.381,DeadBip,-,-,000001EB3A29C400,0,0,0,-,
45,900.986,11.0878,touch,ragdoll,Proventus Avenicci,0001A67D,NPC COM [COM ],0,0.000,0.000,0.000,305.904,25.931,50.0000,17.687,0.000,0.000,0.000,0.0000,0.0000,0.0000,-14.190,16.511,-305.129,DeadBip,-,-,000001EB3A167700,15,0,0,-,
46,900.987,11.0878,touch,ragdoll,Proventus Avenicci,0001A67D,NPC R Forearm [RLar],15,0.000,0.000,0.000,135.009,17.059,6.0000,11.658,0.000,0.000,0.000,0.0000,0.0000,0.0000,-27.331,-87.199,99.381,DeadBip,-,-,000001EB3A29D000,3,0,0,-,
47,900.987,11.0878,touch,ragdoll,Proventus Avenicci,0001A67D,NPC Spine [Spn0],3,0.000,0.000,0.000,358.222,5.744,4.0000,17.297,0.000,0.000,0.000,0.0000,0.0000,0.0000,-11.333,45.877,-355.092,DeadBip,-,-,000001EB3A167700,15,0,0,-,
48,900.988,11.0878,touch,ragdoll,Proventus Avenicci,0001A67D,NPC R Forearm [RLar],15,0.000,0.000,0.000,135.009,17.059,6.0000,11.658,0.000,0.000,0.000,0.0000,0.0000,0.0000,-27.331,-87.199,99.381,DeadBip,-,-,000001EB3A29DF00,6,0,0,-,
49,900.988,11.0878,touch,ragdoll,Proventus Avenicci,0001A67D,NPC Spine1 [Spn1],6,0.000,0.000,0.000,341.021,5.117,4.0000,18.878,0.000,0.000,0.000,0.0000,0.0000,0.0000,72.731,191.198,-272.853,DeadBip,-,-,000001EB3A167700,15,0,0,-,
50,900.989,11.0878,touch,ragdoll,Proventus Avenicci,0001A67D,NPC R Forearm [RLar],15,0.000,0.000,0.000,135.009,17.059,6.0000,11.658,0.000,0.000,0.000,0.0000,0.0000,0.0000,-27.331,-87.199,99.381,DeadBip,-,-,000001EB3A29DC00,9,0,0,-,
51,900.989,11.0878,touch,ragdoll,Proventus Avenicci,0001A67D,NPC Spine2 [Spn2],9,0.000,0.000,0.000,172.860,11.700,7.0000,23.052,0.000,0.000,0.000,0.0000,0.0000,0.0000,7.126,2.136,-172.700,DeadBip,-,-,000001EB3A167700,15,0,0,-,
52,900.990,11.0878,touch,ragdoll,Proventus Avenicci,0001A67D,NPC R Hand [RHnd],17,0.000,0.000,0.000,140.018,12.785,4.0000,8.334,0.000,0.000,0.000,0.0000,0.0000,0.0000,69.380,33.659,116.870,DeadBip,-,-,000001EB3A29C100,2,0,0,-,
53,900.990,11.0878,touch,ragdoll,Proventus Avenicci,0001A67D,NPC R Thigh [RThg],2,0.000,0.000,0.000,247.360,5.356,6.0000,20.487,0.000,0.000,0.000,0.0000,0.0000,0.0000,-53.276,-215.172,109.771,DeadBip,-,-,000001EB3A167400,17,0,0,-,
54,900.990,11.0878,touch,ragdoll,Proventus Avenicci,0001A67D,NPC R Hand [RHnd],17,0.000,0.000,0.000,140.018,12.785,4.0000,8.334,0.000,0.000,0.000,0.0000,0.0000,0.0000,69.380,33.659,116.870,DeadBip,-,-,000001EB3A29C400,0,0,0,-,
55,900.990,11.0878,touch,ragdoll,Proventus Avenicci,0001A67D,NPC COM [COM ],0,0.000,0.000,0.000,305.904,25.931,50.0000,17.687,0.000,0.000,0.000,0.0000,0.0000,0.0000,-14.190,16.511,-305.129,DeadBip,-,-,000001EB3A167400,17,0,0,-,
56,900.991,11.0878,touch,ragdoll,Proventus Avenicci,0001A67D,NPC R Hand [RHnd],17,0.000,0.000,0.000,140.018,12.785,4.0000,8.334,0.000,0.000,0.000,0.0000,0.0000,0.0000,69.380,33.659,116.870,DeadBip,-,-,000001EB3A29D000,3,0,0,-,
57,900.991,11.0878,touch,ragdoll,Proventus Avenicci,0001A67D,NPC Spine [Spn0],3,0.000,0.000,0.000,358.222,5.744,4.0000,17.297,0.000,0.000,0.000,0.0000,0.0000,0.0000,-11.333,45.877,-355.092,DeadBip,-,-,000001EB3A167400,17,0,0,-,
58,900.992,11.0878,touch,ragdoll,Proventus Avenicci,0001A67D,NPC R Thigh [RThg],2,0.000,0.000,0.000,247.360,5.356,6.0000,20.487,0.000,0.000,0.000,0.0000,0.0000,0.0000,-53.276,-215.172,109.771,DeadBip,-,-,000001EB3A29CA00,1,0,0,-,
59,900.992,11.0878,touch,ragdoll,Proventus Avenicci,0001A67D,NPC L Thigh [LThg],1,0.000,0.000,0.000,251.239,7.640,6.0000,20.487,0.000,0.000,0.000,0.0000,0.0000,0.0000,-26.101,-179.562,173.773,DeadBip,-,-,000001EB3A29C100,2,0,0,-,
60,900.993,11.0878,touch,ragdoll,Proventus Avenicci,0001A67D,NPC R Thigh [RThg],2,0.000,0.000,0.000,247.360,5.356,6.0000,20.487,0.000,0.000,0.000,0.0000,0.0000,0.0000,-53.276,-215.172,109.771,DeadBip,-,-,000001EB3A29C700,5,0,0,-,
61,900.993,11.0878,touch,ragdoll,Proventus Avenicci,0001A67D,NPC L Calf [LClf],5,0.000,0.000,0.000,442.528,17.344,6.0000,19.675,0.000,0.000,0.000,0.0000,0.0000,0.0000,-11.347,-196.815,396.189,DeadBip,-,-,000001EB3A29C100,2,0,0,-,
62,900.994,11.0878,touch,ragdoll,Proventus Avenicci,0001A67D,NPC R Calf [RClf],4,0.000,0.000,0.000,572.588,14.228,6.0000,19.675,0.000,0.000,0.000,0.0000,0.0000,0.0000,2.830,-205.482,534.440,DeadBip,-,-,000001EB3A29CA00,1,0,0,-,
63,900.994,11.0878,touch,ragdoll,Proventus Avenicci,0001A67D,NPC L Thigh [LThg],1,0.000,0.000,0.000,251.239,7.640,6.0000,20.487,0.000,0.000,0.000,0.0000,0.0000,0.0000,-26.101,-179.562,173.773,DeadBip,-,-,000001EB3A29D600,4,0,0,-,
64,900.994,11.0878,touch,ragdoll,Proventus Avenicci,0001A67D,NPC COM [COM ],0,0.000,0.000,0.000,305.904,25.931,50.0000,17.687,0.000,0.000,0.000,0.0000,0.0000,0.0000,-14.190,16.511,-305.129,DeadBip,-,-,000001EB3A166E00,14,0,0,-,
65,900.995,11.0878,touch,ragdoll,Proventus Avenicci,0001A67D,NPC L Forearm [LLar],14,0.000,0.000,0.000,348.147,33.664,2.0000,11.658,0.000,0.000,0.000,0.0000,0.0000,0.0000,9.813,-297.640,180.335,DeadBip,-,-,000001EB3A29C400,0,0,0,-,
66,900.995,11.0878,touch,ragdoll,Proventus Avenicci,0001A67D,NPC COM [COM ],0,0.000,0.000,0.000,305.904,25.931,50.0000,17.687,0.000,0.000,0.000,0.0000,0.0000,0.0000,-14.190,16.511,-305.129,DeadBip,-,-,000001EB3A166B00,16,0,0,-,
67,900.995,11.0878,touch,ragdoll,Proventus Avenicci,0001A67D,NPC L Hand [LHnd],16,0.000,0.000,0.000,221.772,18.263,4.0000,8.334,0.000,0.000,0.000,0.0000,0.0000,0.0000,-57.567,79.767,198.762,DeadBip,-,-,000001EB3A29C400,0,0,0,-,
68,900.996,11.0878,touch,ragdoll,Proventus Avenicci,0001A67D,NPC Spine [Spn0],3,0.000,0.000,0.000,358.222,5.744,4.0000,17.297,0.000,0.000,0.000,0.0000,0.0000,0.0000,-11.333,45.877,-355.092,DeadBip,-,-,000001EB3A166E00,14,0,0,-,
69,900.996,11.0878,touch,ragdoll,Proventus Avenicci,0001A67D,NPC L Forearm [LLar],14,0.000,0.000,0.000,348.147,33.664,2.0000,11.658,0.000,0.000,0.000,0.0000,0.0000,0.0000,9.813,-297.640,180.335,DeadBip,-,-,000001EB3A29D000,3,0,0,-,
70,900.996,11.0878,touch,ragdoll,Proventus Avenicci,0001A67D,NPC Spine [Spn0],3,0.000,0.000,0.000,358.222,5.744,4.0000,17.297,0.000,0.000,0.000,0.0000,0.0000,0.0000,-11.333,45.877,-355.092,DeadBip,-,-,000001EB3A166B00,16,0,0,-,
71,900.996,11.0878,touch,ragdoll,Proventus Avenicci,0001A67D,NPC L Hand [LHnd],16,0.000,0.000,0.000,221.772,18.263,4.0000,8.334,0.000,0.000,0.000,0.0000,0.0000,0.0000,-57.567,79.767,198.762,DeadBip,-,-,000001EB3A29D000,3,0,0,-,
72,900.996,11.0878,touch,ragdoll,Proventus Avenicci,0001A67D,NPC Spine1 [Spn1],6,0.000,0.000,0.000,341.021,5.117,4.0000,18.878,0.000,0.000,0.000,0.0000,0.0000,0.0000,72.731,191.198,-272.853,DeadBip,-,-,000001EB3A166E00,14,0,0,-,
73,900.997,11.0878,touch,ragdoll,Proventus Avenicci,0001A67D,NPC L Forearm [LLar],14,0.000,0.000,0.000,348.147,33.664,2.0000,11.658,0.000,0.000,0.000,0.0000,0.0000,0.0000,9.813,-297.640,180.335,DeadBip,-,-,000001EB3A29DF00,6,0,0,-,
74,900.997,11.0878,touch,ragdoll,Proventus Avenicci,0001A67D,NPC Spine2 [Spn2],9,0.000,0.000,0.000,172.860,11.700,7.0000,23.052,0.000,0.000,0.000,0.0000,0.0000,0.0000,7.126,2.136,-172.700,DeadBip,-,-,000001EB3A166E00,14,0,0,-,
75,900.997,11.0878,touch,ragdoll,Proventus Avenicci,0001A67D,NPC L Forearm [LLar],14,0.000,0.000,0.000,348.147,33.664,2.0000,11.658,0.000,0.000,0.000,0.0000,0.0000,0.0000,9.813,-297.640,180.335,DeadBip,-,-,000001EB3A29DC00,9,0,0,-,
76,900.998,11.0878,touch,ragdoll,Proventus Avenicci,0001A67D,NPC L Thigh [LThg],1,0.000,0.000,0.000,251.239,7.640,6.0000,20.487,0.000,0.000,0.000,0.0000,0.0000,0.0000,-26.101,-179.562,173.773,DeadBip,-,-,000001EB3A166E00,14,0,0,-,
77,900.998,11.0878,touch,ragdoll,Proventus Avenicci,0001A67D,NPC L Forearm [LLar],14,0.000,0.000,0.000,348.147,33.664,2.0000,11.658,0.000,0.000,0.000,0.0000,0.0000,0.0000,9.813,-297.640,180.335,DeadBip,-,-,000001EB3A29CA00,1,0,0,-,
78,900.998,11.0878,touch,ragdoll,Proventus Avenicci,0001A67D,NPC L Thigh [LThg],1,0.000,0.000,0.000,251.239,7.640,6.0000,20.487,0.000,0.000,0.000,0.0000,0.0000,0.0000,-26.101,-179.562,173.773,DeadBip,-,-,000001EB3A166B00,16,0,0,-,
79,900.998,11.0878,touch,ragdoll,Proventus Avenicci,0001A67D,NPC L Hand [LHnd],16,0.000,0.000,0.000,221.772,18.263,4.0000,8.334,0.000,0.000,0.000,0.0000,0.0000,0.0000,-57.567,79.767,198.762,DeadBip,-,-,000001EB3A29CA00,1,0,0,-,
80,901.168,11.0878,impact,ragdoll,Proventus Avenicci,0001A67D,NPC COM [COM ],0,8.891,8.891,350.037,305.589,25.918,50.0000,17.687,-262.540,-129.239,-40.932,-0.9976,0.0341,-0.0608,-14.176,16.494,-304.814,DeadBip,Skin,shape,000001EB3A166B00,16,1,1,-,
81,901.168,11.0878,impact,ragdoll,Proventus Avenicci,0001A67D,NPC L Hand [LHnd],16,8.891,-8.891,350.037,221.544,18.254,4.0000,8.334,-262.540,-129.239,-40.932,-0.9976,0.0341,-0.0608,-57.508,79.685,198.557,DeadBip,-,-,000001EB3A29C400,0,1,1,-,
82,901.171,11.0878,impact,ragdoll,Proventus Avenicci,0001A67D,NPC R Thigh [RThg],2,108.143,108.143,76.170,247.106,5.353,6.0000,20.487,-277.778,-132.172,-42.790,-0.9942,0.0771,0.0755,-53.222,-214.951,109.658,DeadBip,Skin,shape,000001EB3A29CA00,1,1,0,-,
83,901.171,11.0878,impact,ragdoll,Proventus Avenicci,0001A67D,NPC L Thigh [LThg],1,108.143,-108.143,76.170,250.980,7.636,6.0000,20.487,-277.778,-132.172,-42.790,-0.9942,0.0771,0.0755,-26.074,-179.377,173.594,DeadBip,Skin,shape,000001EB3A29C100,2,1,0,-,
84,901.173,11.0878,impact,ragdoll,Proventus Avenicci,0001A67D,NPC Spine [Spn0],3,259.222,259.222,468.956,357.854,5.741,4.0000,17.297,-262.177,-129.481,-38.783,-0.9219,-0.0163,0.3871,-11.322,45.829,-354.726,DeadBip,Skin,shape,000001EB3A166B00,16,1,1,-,
85,901.173,11.0878,impact,ragdoll,Proventus Avenicci,0001A67D,NPC L Hand [LHnd],16,259.222,-259.222,468.956,221.544,18.254,4.0000,8.334,-262.177,-129.481,-38.783,-0.9219,-0.0163,0.3871,-57.508,79.685,198.557,DeadBip,Skin,shape,000001EB3A29D000,3,1,1,-,
86,901.175,11.0878,impact,ragdoll,Proventus Avenicci,0001A67D,NPC Spine1 [Spn1],6,37.363,37.363,896.208,340.670,5.115,4.0000,18.878,-263.778,-126.546,-21.886,-0.9993,-0.0378,-0.0052,72.656,191.001,-272.573,DeadBip,Skin,shape,000001EB3A166E00,14,1,1,-,
87,901.175,11.0878,impact,ragdoll,Proventus Avenicci,0001A67D,NPC L Forearm [LLar],14,37.363,-37.363,896.208,347.789,33.646,2.0000,11.658,-263.778,-126.546,-21.886,-0.9993,-0.0378,-0.0052,9.803,-297.333,180.149,DeadBip,Skin,shape,000001EB3A29DF00,6,1,1,-,
88,901.176,11.0878,impact,ragdoll,Proventus Avenicci,0001A67D,NPC Spine2 [Spn2],9,152.870,152.870,874.772,172.682,11.694,7.0000,23.052,-262.724,-125.902,-19.230,-0.7312,0.1261,0.6705,7.119,2.134,-172.522,DeadBip,Skin,shape,000001EB3A166E00,14,1,1,-,
89,901.176,11.0878,impact,ragdoll,Proventus Avenicci,0001A67D,NPC L Forearm [LLar],14,152.870,-152.870,874.772,347.789,33.646,2.0000,11.658,-262.724,-125.902,-19.230,-0.7312,0.1261,0.6705,9.803,-297.333,180.149,DeadBip,Skin,shape,000001EB3A29DC00,9,1,1,-,
90,901.178,11.0878,impact,ragdoll,Proventus Avenicci,0001A67D,NPC R Forearm [RLar],15,18.214,18.214,498.037,134.870,17.051,6.0000,11.658,-290.146,-124.340,-32.509,-0.8847,0.4565,0.0944,-27.303,-87.109,99.279,DeadBip,Skin,shape,000001EB3A29D000,3,1,1,-,
91,901.178,11.0878,impact,ragdoll,Proventus Avenicci,0001A67D,NPC Spine [Spn0],3,18.214,-18.214,498.037,357.854,5.741,4.0000,17.297,-290.146,-124.340,-32.509,-0.8847,0.4565,0.0944,-11.322,45.829,-354.726,DeadBip,Skin,shape,000001EB3A167700,15,1,1,-,
92,901.179,11.0878,impact,ragdoll,Proventus Avenicci,0001A67D,NPC R Forearm [RLar],15,154.276,154.276,470.118,134.870,17.051,6.0000,11.658,-289.304,-121.032,-16.836,-0.7050,0.1264,-0.6979,-27.303,-87.109,99.279,DeadBip,Skin,shape,000001EB3A29DC00,9,1,1,-,
93,901.179,11.0878,impact,ragdoll,Proventus Avenicci,0001A67D,NPC Spine2 [Spn2],9,154.276,-154.276,470.118,172.682,11.694,7.0000,23.052,-289.304,-121.032,-16.836,-0.7050,0.1264,-0.6979,7.119,2.134,-172.522,DeadBip,Skin,shape,000001EB3A167700,15,1,1,-,
94,901.180,11.0878,impact,ragdoll,Proventus Avenicci,0001A67D,NPC R Hand [RHnd],17,47.976,47.976,393.648,139.874,12.779,4.0000,8.334,-290.154,-125.116,-42.121,-0.9701,0.2347,0.0620,69.309,33.624,116.749,DeadBip,-,-,000001EB3A29C400,0,1,1,-,
95,901.180,11.0878,impact,ragdoll,Proventus Avenicci,0001A67D,NPC COM [COM ],0,47.976,-47.976,393.648,305.589,25.918,50.0000,17.687,-290.154,-125.116,-42.121,-0.9701,0.2347,0.0620,-14.176,16.494,-304.814,DeadBip,Skin,shape,000001EB3A167400,17,1,1,-,
96,901.181,11.0878,impact,ragdoll,Proventus Avenicci,0001A67D,NPC R Hand [RHnd],17,273.449,273.449,273.699,139.874,12.779,4.0000,8.334,-289.909,-125.898,-37.103,-0.8575,0.2776,-0.4331,69.309,33.624,116.749,DeadBip,Skin,shape,000001EB3A29D000,3,1,1,-,
97,901.181,11.0878,impact,ragdoll,Proventus Avenicci,0001A67D,NPC Spine [Spn0],3,273.449,-273.449,273.699,357.854,5.741,4.0000,17.297,-289.909,-125.898,-37.103,-0.8575,0.2776,-0.4331,-11.322,45.829,-354.726,DeadBip,Skin,shape,000001EB3A167400,17,1,1,-,
98,901.355,11.0878,separate,ragdoll,Proventus Avenicci,0001A67D,NPC R Thigh [RThg],2,0.000,0.000,0.000,237.577,28.751,6.0000,20.487,0.000,0.000,0.000,0.0000,0.0000,0.0000,-119.784,-173.254,-109.899,DeadBip,-,-,000001EB3A29C700,5,0,0,-,
99,901.355,11.0878,separate,ragdoll,Proventus Avenicci,0001A67D,NPC L Calf [LClf],5,0.000,0.000,0.000,190.676,32.421,6.0000,19.675,0.000,0.000,0.000,0.0000,0.0000,0.0000,-2.277,-49.684,-184.075,DeadBip,-,-,000001EB3A29C100,2,0,0,-,
100,901.355,11.0878,separate,ragdoll,Proventus Avenicci,0001A67D,NPC R Calf [RClf],4,0.000,0.000,0.000,237.012,39.094,6.0000,19.675,0.000,0.000,0.000,0.0000,0.0000,0.0000,-13.660,-138.052,-192.172,DeadBip,-,-,000001EB3A29CA00,1,0,0,-,
101,901.355,11.0878,separate,ragdoll,Proventus Avenicci,0001A67D,NPC L Thigh [LThg],1,0.000,0.000,0.000,254.071,21.217,6.0000,20.487,0.000,0.000,0.000,0.0000,0.0000,0.0000,26.473,-173.040,-184.143,DeadBip,-,-,000001EB3A29D600,4,0,0,-,
102,901.356,11.0878,separate,ragdoll,Proventus Avenicci,0001A67D,NPC COM [COM ],0,0.000,0.000,0.000,24.311,35.188,50.0000,17.687,0.000,0.000,0.000,0.0000,0.0000,0.0000,-5.826,-10.984,-20.890,DeadBip,-,-,000001EB3A166E00,14,0,0,-,
103,901.356,11.0878,separate,ragdoll,Proventus Avenicci,0001A67D,NPC L Forearm [LLar],14,0.000,0.000,0.000,213.198,13.399,2.0000,11.658,0.000,0.000,0.000,0.0000,0.0000,0.0000,97.539,-189.570,1.720,DeadBip,-,-,000001EB3A29C400,0,0,0,-,
104,911.069,11.0879,state,ragdoll,Proventus Avenicci,0001A67D,-,-,0.000,0.000,0.000,0.000,0.000,0.0000,0.000,0.000,0.000,0.000,0.0000,0.0000,0.0000,0.000,0.000,0.000,-,-,-,0000000000000000,-,0,0,-,knock_explode
105,911.069,11.0879,listener,ragdoll,Proventus Avenicci,0001A67D,-,-,0.000,0.000,0.000,0.000,0.000,0.0000,0.000,-311.888,-308.942,-318.000,0.1924,0.9813,0.0000,0.000,0.000,0.000,-,-,-,0000000000000000,-,0,0,-,knock_explode
106,922.849,11.0879,separate,ragdoll,Proventus Avenicci,0001A67D,NPC R Forearm [RLar],15,0.000,0.000,0.000,120.591,15.055,6.0000,11.658,0.000,0.000,0.000,0.0000,0.0000,0.0000,-58.774,7.696,-105.017,DeadBip,-,-,000001EB3A29C400,0,0,0,-,
107,922.849,11.0879,separate,ragdoll,Proventus Avenicci,0001A67D,NPC COM [COM ],0,0.000,0.000,0.000,118.795,6.302,50.0000,17.687,0.000,0.000,0.000,0.0000,0.0000,0.0000,-16.081,-42.881,-109.613,DeadBip,-,-,000001EB3A167700,15,0,0,-,
108,922.851,11.0879,separate,ragdoll,Proventus Avenicci,0001A67D,NPC R Hand [RHnd],17,0.000,0.000,0.000,176.960,19.696,4.0000,8.334,0.000,0.000,0.000,0.0000,0.0000,0.0000,-144.677,49.486,-89.075,DeadBip,-,-,000001EB3A29D000,3,0,0,-,
109,922.851,11.0879,separate,ragdoll,Proventus Avenicci,0001A67D,NPC Spine [Spn0],3,0.000,0.000,0.000,204.370,6.672,4.0000,17.297,0.000,0.000,0.000,0.0000,0.0000,0.0000,-4.695,23.982,-202.903,DeadBip,-,-,000001EB3A167400,17,0,0,-,
110,922.852,11.0879,separate,ragdoll,Proventus Avenicci,0001A67D,NPC COM [COM ],0,0.000,0.000,0.000,118.795,6.302,50.0000,17.687,0.000,0.000,0.000,0.0000,0.0000,0.0000,-16.081,-42.881,-109.613,DeadBip,-,-,000001EB3A166B00,16,0,0,-,
111,922.852,11.0879,separate,ragdoll,Proventus Avenicci,0001A67D,NPC L Hand [LHnd],16,0.000,0.000,0.000,241.887,46.152,4.0000,8.334,0.000,0.000,0.000,0.0000,0.0000,0.0000,229.963,29.705,-68.875,DeadBip,-,-,000001EB3A29C400,0,0,0,-,
112,922.853,11.0879,separate,ragdoll,Proventus Avenicci,0001A67D,NPC Spine [Spn0],3,0.000,0.000,0.000,204.370,6.672,4.0000,17.297,0.000,0.000,0.000,0.0000,0.0000,0.0000,-4.695,23.982,-202.903,DeadBip,-,-,000001EB3A166B00,16,0,0,-,
113,922.853,11.0879,separate,ragdoll,Proventus Avenicci,0001A67D,NPC L Hand [LHnd],16,0.000,0.000,0.000,241.887,46.152,4.0000,8.334,0.000,0.000,0.000,0.0000,0.0000,0.0000,229.963,29.705,-68.875,DeadBip,-,-,000001EB3A29D000,3,0,0,-,
114,922.854,11.0879,separate,ragdoll,Proventus Avenicci,0001A67D,NPC L Thigh [LThg],1,0.000,0.000,0.000,149.460,7.052,6.0000,20.487,0.000,0.000,0.000,0.0000,0.0000,0.0000,-75.585,-115.446,-57.423,DeadBip,-,-,000001EB3A166E00,14,0,0,-,
115,922.854,11.0879,separate,ragdoll,Proventus Avenicci,0001A67D,NPC L Forearm [LLar],14,0.000,0.000,0.000,181.591,8.841,2.0000,11.658,0.000,0.000,0.000,0.0000,0.0000,0.0000,72.362,-27.069,-164.335,DeadBip,-,-,000001EB3A29CA00,1,0,0,-,
116,923.214,11.0879,separate,ragdoll,Proventus Avenicci,0001A67D,NPC R Hand [RHnd],17,0.000,0.000,0.000,197.433,20.441,4.0000,8.334,0.000,0.000,0.000,0.0000,0.0000,0.0000,-154.579,45.941,-113.907,DeadBip,-,-,000001EB3A29C400,0,0,0,-,
117,923.214,11.0879,separate,ragdoll,Proventus Avenicci,0001A67D,NPC COM [COM ],0,0.000,0.000,0.000,111.300,1.837,50.0000,17.687,0.000,0.000,0.000,0.0000,0.0000,0.0000,-12.320,-37.083,-104.215,DeadBip,-,-,000001EB3A167400,17,0,0,-,
118,923.215,11.0879,separate,ragdoll,Proventus Avenicci,0001A67D,NPC Spine [Spn0],3,0.000,0.000,0.000,140.220,3.829,4.0000,17.297,0.000,0.000,0.000,0.0000,0.0000,0.0000,-15.865,-45.167,-131.795,DeadBip,-,-,000001EB3A166E00,14,0,0,-,
119,923.215,11.0879,separate,ragdoll,Proventus Avenicci,0001A67D,NPC L Forearm [LLar],14,0.000,0.000,0.000,197.497,16.522,2.0000,11.658,0.000,0.000,0.000,0.0000,0.0000,0.0000,80.650,47.137,-174.008,DeadBip,-,-,000001EB3A29D000,3,0,0,-,
120,923.216,11.0879,separate,ragdoll,Proventus Avenicci,0001A67D,NPC L Thigh [LThg],1,0.000,0.000,0.000,106.844,5.895,6.0000,20.487,0.000,0.000,0.000,0.0000,0.0000,0.0000,-47.710,-83.321,-46.874,DeadBip,-,-,000001EB3A166B00,16,0,0,-,
121,923.216,11.0879,separate,ragdoll,Proventus Avenicci,0001A67D,NPC L Hand [LHnd],16,0.000,0.000,0.000,294.438,9.647,4.0000,8.334,0.000,0.000,0.000,0.0000,0.0000,0.0000,257.578,14.364,-141.917,DeadBip,-,-,000001EB3A29CA00,1,0,0,-,
122,943.635,11.0880,separate,ragdoll,Proventus Avenicci,0001A67D,NPC R Forearm [RLar],15,0.000,0.000,0.000,151.812,9.580,6.0000,11.658,0.000,0.000,0.000,0.0000,0.0000,0.0000,-61.596,9.136,-138.454,DeadBip,-,-,000001EB3A29C100,2,0,0,-,
123,943.636,11.0880,separate,ragdoll,Proventus Avenicci,0001A67D,NPC R Thigh [RThg],2,0.000,0.000,0.000,139.429,5.527,6.0000,20.487,0.000,0.000,0.000,0.0000,0.0000,0.0000,-64.880,-96.058,-77.483,DeadBip,-,-,000001EB3A167700,15,0,0,-,
124,943.638,11.0880,separate,ragdoll,Proventus Avenicci,0001A67D,NPC R Hand [RHnd],17,0.000,0.000,0.000,180.127,19.151,4.0000,8.334,0.000,0.000,0.000,0.0000,0.0000,0.0000,-142.611,43.894,-100.902,DeadBip,-,-,000001EB3A29C100,2,0,0,-,
125,943.638,11.0880,separate,ragdoll,Proventus Avenicci,0001A67D,NPC R Thigh [RThg],2,0.000,0.000,0.000,139.429,5.527,6.0000,20.487,0.000,0.000,0.000,0.0000,0.0000,0.0000,-64.880,-96.058,-77.483,DeadBip,-,-,000001EB3A167400,17,0,0,-,
126,943.986,11.0880,separate,ragdoll,Proventus Avenicci,0001A67D,NPC R Forearm [RLar],15,0.000,0.000,0.000,140.878,7.564,6.0000,11.658,0.000,0.000,0.000,0.0000,0.0000,0.0000,-61.021,1.413,-126.969,DeadBip,-,-,000001EB3A29D000,3,0,0,-,
127,943.986,11.0880,separate,ragdoll,Proventus Avenicci,0001A67D,NPC Spine [Spn0],3,0.000,0.000,0.000,158.899,2.566,4.0000,17.297,0.000,0.000,0.000,0.0000,0.0000,0.0000,-20.217,-34.011,-153.895,DeadBip,-,-,000001EB3A167700,15,0,0,-,
128,953.315,11.0880,listener,ragdoll,Proventus Avenicci,0001A67D,-,-,0.000,0.000,0.000,0.000,0.000,0.0000,0.000,-311.888,-308.942,-318.000,0.1924,0.9813,0.0000,0.000,0.000,0.000,-,-,-,0000000000000000,-,0,0,-,tick
129,965.646,11.0880,touch,ragdoll,Proventus Avenicci,0001A67D,NPC R Foot [Rft ],8,0.000,0.000,0.000,225.225,14.313,3.0000,10.011,0.000,0.000,0.000,0.0000,0.0000,0.0000,66.982,40.077,211.266,DeadBip,-,-,000001EB3A29C700,5,0,0,-,
130,965.647,11.0880,touch,ragdoll,Proventus Avenicci,0001A67D,NPC L Calf [LClf],5,0.000,0.000,0.000,86.943,9.182,6.0000,19.675,0.000,0.000,0.000,0.0000,0.0000,0.0000,-10.239,-86.032,7.267,DeadBip,-,-,000001EB3A29D300,8,0,0,-,
131,965.648,11.0880,separate,ragdoll,Proventus Avenicci,0001A67D,NPC Spine1 [Spn1],6,0.000,0.000,0.000,144.563,0.702,4.0000,18.878,0.000,0.000,0.000,0.0000,0.0000,0.0000,-13.048,-5.037,-143.885,DeadBip,-,-,000001EB3A166E00,14,0,0,-,
132,965.648,11.0880,separate,ragdoll,Proventus Avenicci,0001A67D,NPC L Forearm [LLar],14,0.000,0.000,0.000,156.676,6.790,2.0000,11.658,0.000,0.000,0.000,0.0000,0.0000,0.0000,131.781,3.193,-84.682,DeadBip,-,-,000001EB3A29DF00,6,0,0,-,
133,965.649,11.0880,separate,ragdoll,Proventus Avenicci,0001A67D,NPC Spine2 [Spn2],9,0.000,0.000,0.000,145.682,2.046,7.0000,23.052,0.000,0.000,0.000,0.0000,0.0000,0.0000,-13.055,-27.838,-142.401,DeadBip,-,-,000001EB3A166E00,14,0,0,-,
134,965.649,11.0880,separate,ragdoll,Proventus Avenicci,0001A67D,NPC L Forearm [LLar],14,0.000,0.000,0.000,156.676,6.790,2.0000,11.658,0.000,0.000,0.000,0.0000,0.0000,0.0000,131.781,3.193,-84.682,DeadBip,-,-,000001EB3A29DC00,9,0,0,-,
135,975.379,11.0880,listener,ragdoll,Proventus Avenicci,0001A67D,-,-,0.000,0.000,0.000,0.000,0.000,0.0000,0.000,-311.888,-308.942,-318.000,0.1924,0.9813,0.0000,0.000,0.000,0.000,-,-,-,0000000000000000,-,0,0,-,tick
136,986.438,11.0880,impact,ragdoll,Proventus Avenicci,0001A67D,NPC R Foot [Rft ],8,16.819,16.819,262.585,224.982,14.305,3.0000,10.011,-275.110,-119.689,-85.145,-0.9678,0.2455,0.0556,66.910,40.033,211.038,DeadBip,Skin,shape,000001EB3A29C700,5,1,1,-,
137,986.439,11.0880,impact,ragdoll,Proventus Avenicci,0001A67D,NPC L Calf [LClf],5,16.819,-16.819,262.585,86.849,9.177,6.0000,19.675,-275.110,-119.689,-85.145,-0.9678,0.2455,0.0556,-10.228,-85.939,7.259,DeadBip,Skin,shape,000001EB3A29D300,8,1,1,-,
138,1018.850,11.0882,listener,ragdoll,Proventus Avenicci,0001A67D,-,-,0.000,0.000,0.000,0.000,0.000,0.0000,0.000,-311.888,-308.942,-318.000,0.1924,0.9813,0.0000,0.000,0.000,0.000,-,-,-,0000000000000000,-,0,0,-,tick
139,1029.040,11.0882,separate,ragdoll,Proventus Avenicci,0001A67D,NPC R Foot [Rft ],8,0.000,0.000,0.000,133.074,17.680,3.0000,10.011,0.000,0.000,0.000,0.0000,0.0000,0.0000,33.031,-19.000,127.501,DeadBip,-,-,000001EB3A29C700,5,0,0,-,
140,1029.041,11.0882,separate,ragdoll,Proventus Avenicci,0001A67D,NPC L Calf [LClf],5,0.000,0.000,0.000,96.404,7.238,6.0000,19.675,0.000,0.000,0.000,0.0000,0.0000,0.0000,-10.302,-68.681,-66.862,DeadBip,-,-,000001EB3A29D300,8,0,0,-,
141,1037.261,11.0882,listener,ragdoll,Proventus Avenicci,0001A67D,-,-,0.000,0.000,0.000,0.000,0.000,0.0000,0.000,-311.888,-308.942,-318.000,0.1924,0.9813,0.0000,0.000,0.000,0.000,-,-,-,0000000000000000,-,0,0,-,tick
142,1049.443,11.0882,separate,ragdoll,Proventus Avenicci,0001A67D,NPC R Forearm [RLar],15,0.000,0.000,0.000,167.700,2.553,6.0000,11.658,0.000,0.000,0.000,0.0000,0.0000,0.0000,-62.884,4.741,-155.391,DeadBip,-,-,000001EB3A29DC00,9,0,0,-,
143,1049.443,11.0882,separate,ragdoll,Proventus Avenicci,0001A67D,NPC Spine2 [Spn2],9,0.000,0.000,0.000,195.779,0.993,7.0000,23.052,0.000,0.000,0.000,0.0000,0.0000,0.0000,0.621,-24.323,-194.262,DeadBip,-,-,000001EB3A167700,15,0,0,-,
144,1049.448,11.0882,touch,ragdoll,Proventus Avenicci,0001A67D,NPC R Calf [RClf],4,0.000,0.000,0.000,195.355,7.753,6.0000,19.675,0.000,0.000,0.000,0.0000,0.0000,0.0000,50.741,51.975,-181.349,DeadBip,-,-,000001EB3A29C700,5,0,0,-,
145,1049.448,11.0882,touch,ragdoll,Proventus Avenicci,0001A67D,NPC L Calf [LClf],5,0.000,0.000,0.000,129.833,8.123,6.0000,19.675,0.000,0.000,0.000,0.0000,0.0000,0.0000,-17.033,-16.456,-127.654,DeadBip,-,-,000001EB3A29D600,4,0,0,-,
146,1049.449,11.0882,touch,ragdoll,Proventus Avenicci,0001A67D,NPC R Calf [RClf],4,0.000,0.000,0.000,195.355,7.753,6.0000,19.675,0.000,0.000,0.000,0.0000,0.0000,0.0000,50.741,51.975,-181.349,DeadBip,-,-,000001EB3A29CD00,7,0,0,-,
147,1049.449,11.0882,touch,ragdoll,Proventus Avenicci,0001A67D,NPC L Foot [Lft ],7,0.000,0.000,0.000,33.727,15.706,3.0000,10.011,0.000,0.000,0.000,0.0000,0.0000,0.0000,-12.927,-28.231,13.168,DeadBip,-,-,000001EB3A29D600,4,0,0,-,
148,1049.450,11.0882,touch,ragdoll,Proventus Avenicci,0001A67D,NPC R Foot [Rft ],8,0.000,0.000,0.000,176.421,27.862,3.0000,10.011,0.000,0.000,0.000,0.0000,0.0000,0.0000,-11.334,72.897,-160.255,DeadBip,-,-,000001EB3A29C700,5,0,0,-,
149,1049.450,11.0882,touch,ragdoll,Proventus Avenicci,0001A67D,NPC L Calf [LClf],5,0.000,0.000,0.000,129.833,8.123,6.0000,19.675,0.000,0.000,0.000,0.0000,0.0000,0.0000,-17.033,-16.456,-127.654,DeadBip,-,-,000001EB3A29D300,8,0,0,-,
150,1049.647,11.0882,impact,ragdoll,Proventus Avenicci,0001A67D,NPC R Calf [RClf],4,139.990,139.990,145.879,195.154,7.749,6.0000,19.675,-275.447,-124.254,-81.077,-0.9433,0.1968,0.2674,50.689,51.921,-181.163,DeadBip,Skin,shape,000001EB3A29C700,5,1,1,-,
151,1049.647,11.0882,impact,ragdoll,Proventus Avenicci,0001A67D,NPC L Calf [LClf],5,139.990,-139.990,145.879,129.699,8.119,6.0000,19.675,-275.447,-124.254,-81.077,-0.9433,0.1968,0.2674,-17.016,-16.439,-127.523,DeadBip,Skin,shape,000001EB3A29D600,4,1,1,-,
152,1049.648,11.0882,impact,ragdoll,Proventus Avenicci,0001A67D,NPC R Calf [RClf],4,150.459,150.459,247.679,195.154,7.749,6.0000,19.675,-274.188,-120.919,-80.469,-0.9761,-0.0903,0.1979,50.689,51.921,-181.163,DeadBip,Skin,shape,000001EB3A29CD00,7,1,1,-,
153,1049.648,11.0882,impact,ragdoll,Proventus Avenicci,0001A67D,NPC L Foot [Lft ],7,150.459,-150.459,247.679,33.692,15.698,3.0000,10.011,-274.188,-120.919,-80.469,-0.9761,-0.0903,0.1979,-12.914,-28.202,13.154,DeadBip,Skin,shape,000001EB3A29D600,4,1,1,-,
154,1049.649,11.0882,impact,ragdoll,Proventus Avenicci,0001A67D,NPC R Foot [Rft ],8,85.640,85.640,449.975,176.239,27.848,3.0000,10.011,-274.737,-122.845,-80.566,-0.8114,0.4586,0.3623,-11.323,72.822,-160.090,DeadBip,Skin,shape,000001EB3A29C700,5,1,1,-,
155,1049.649,11.0882,impact,ragdoll,Proventus Avenicci,0001A67D,NPC L Calf [LClf],5,85.640,-85.640,449.975,129.699,8.119,6.0000,19.675,-274.737,-122.845,-80.566,-0.8114,0.4586,0.3623,-17.016,-16.439,-127.523,DeadBip,Skin,shape,000001EB3A29D300,8,1,1,-,
156,1049.825,11.0882,separate,ragdoll,Proventus Avenicci,0001A67D,NPC R Foot [Rft ],8,0.000,0.000,0.000,253.325,24.037,3.0000,10.011,0.000,0.000,0.000,0.0000,0.0000,0.0000,-63.560,98.216,-224.693,DeadBip,-,-,000001EB3A29C700,5,0,0,-,
157,1049.825,11.0882,separate,ragdoll,Proventus Avenicci,0001A67D,NPC L Calf [LClf],5,0.000,0.000,0.000,166.350,3.088,6.0000,19.675,0.000,0.000,0.000,0.0000,0.0000,0.0000,21.746,19.358,-163.782,DeadBip,-,-,000001EB3A29D300,8,0,0,-,
158,1070.066,11.0883,separate,ragdoll,Proventus Avenicci,0001A67D,NPC R Forearm [RLar],15,0.000,0.000,0.000,147.058,1.538,6.0000,11.658,0.000,0.000,0.000,0.0000,0.0000,0.0000,-50.350,-1.890,-138.157,DeadBip,-,-,000001EB3A29DF00,6,0,0,-,
159,1070.066,11.0883,separate,ragdoll,Proventus Avenicci,0001A67D,NPC Spine1 [Spn1],6,0.000,0.000,0.000,166.372,3.601,4.0000,18.878,0.000,0.000,0.000,0.0000,0.0000,0.0000,5.531,-20.382,-165.026,DeadBip,-,-,000001EB3A167700,15,0,0,-,
160,1070.070,11.0883,separate,ragdoll,Proventus Avenicci,0001A67D,NPC R Calf [RClf],4,0.000,0.000,0.000,228.962,1.351,6.0000,19.675,0.000,0.000,0.000,0.0000,0.0000,0.0000,17.095,76.469,-215.137,DeadBip,-,-,000001EB3A29CD00,7,0,0,-,
161,1070.071,11.0883,separate,ragdoll,Proventus Avenicci,0001A67D,NPC L Foot [Lft ],7,0.000,0.000,0.000,268.103,5.316,3.0000,10.011,0.000,0.000,0.000,0.0000,0.0000,0.0000,57.688,44.753,-257.969,DeadBip,-,-,000001EB3A29D600,4,0,0,-,
162,1070.447,11.0883,separate,ragdoll,Proventus Avenicci,0001A67D,NPC R Calf [RClf],4,0.000,0.000,0.000,224.770,2.410,6.0000,19.675,0.000,0.000,0.000,0.0000,0.0000,0.0000,3.060,78.455,-210.611,DeadBip,-,-,000001EB3A29C700,5,0,0,-,
163,1070.447,11.0883,separate,ragdoll,Proventus Avenicci,0001A67D,NPC L Calf [LClf],5,0.000,0.000,0.000,235.784,1.857,6.0000,19.675,0.000,0.000,0.000,0.0000,0.0000,0.0000,30.959,59.600,-226.017,DeadBip,-,-,000001EB3A29D600,4,0,0,-,
164,1080.040,11.0883,listener,ragdoll,Proventus Avenicci,0001A67D,-,-,0.000,0.000,0.000,0.000,0.000,0.0000,0.000,-311.888,-308.942,-318.000,0.1924,0.9813,0.0000,0.000,0.000,0.000,-,-,-,0000000000000000,-,0,0,-,tick
165,1109.875,11.0885,impact,ragdoll,Proventus Avenicci,0001A67D,NPC R Thigh [RThg],2,15.611,15.611,19.173,193.261,4.734,6.0000,20.487,-279.908,-143.513,-90.452,-0.9687,0.2371,-0.0740,4.909,2.032,-193.188,DeadBip,Skin,shape,000001EB3A29CA00,1,0,1,-,
166,1109.875,11.0885,impact,ragdoll,Proventus Avenicci,0001A67D,NPC L Thigh [LThg],1,15.611,-15.611,19.173,193.507,4.804,6.0000,20.487,-279.908,-143.513,-90.452,-0.9687,0.2371,-0.0740,-7.331,-8.041,-193.201,DeadBip,Skin,shape,000001EB3A29C100,2,0,1,-,
167,1117.462,11.0885,listener,ragdoll,Proventus Avenicci,0001A67D,-,-,0.000,0.000,0.000,0.000,0.000,0.0000,0.000,-311.888,-308.942,-318.000,0.1924,0.9813,0.0000,0.000,0.000,0.000,-,-,-,0000000000000000,-,0,0,-,tick
168,1137.859,11.0885,listener,ragdoll,Proventus Avenicci,0001A67D,-,-,0.000,0.000,0.000,0.000,0.000,0.0000,0.000,-311.888,-308.942,-318.000,0.1924,0.9813,0.0000,0.000,0.000,0.000,-,-,-,0000000000000000,-,0,0,-,tick
169,1177.828,11.0886,listener,ragdoll,Proventus Avenicci,0001A67D,-,-,0.000,0.000,0.000,0.000,0.000,0.0000,0.000,-311.888,-308.942,-318.000,0.1924,0.9813,0.0000,0.000,0.000,0.000,-,-,-,0000000000000000,-,0,0,-,tick
170,1196.989,11.0887,listener,ragdoll,Proventus Avenicci,0001A67D,-,-,0.000,0.000,0.000,0.000,0.000,0.0000,0.000,-311.888,-308.942,-318.000,0.1924,0.9813,0.0000,0.000,0.000,0.000,-,-,-,0000000000000000,-,0,0,-,tick
171,1238.606,11.0888,listener,ragdoll,Proventus Avenicci,0001A67D,-,-,0.000,0.000,0.000,0.000,0.000,0.0000,0.000,-311.888,-308.942,-318.000,0.1924,0.9813,0.0000,0.000,0.000,0.000,-,-,-,0000000000000000,-,0,0,-,tick
172,1280.225,11.0889,listener,ragdoll,Proventus Avenicci,0001A67D,-,-,0.000,0.000,0.000,0.000,0.000,0.0000,0.000,-311.888,-308.942,-318.000,0.1924,0.9813,0.0000,0.000,0.000,0.000,-,-,-,0000000000000000,-,0,0,-,tick
173,1300.952,11.0889,listener,ragdoll,Proventus Avenicci,0001A67D,-,-,0.000,0.000,0.000,0.000,0.000,0.0000,0.000,-311.888,-308.942,-318.000,0.1924,0.9813,0.0000,0.000,0.000,0.000,-,-,-,0000000000000000,-,0,0,-,tick
174,1344.123,11.0891,listener,ragdoll,Proventus Avenicci,0001A67D,-,-,0.000,0.000,0.000,0.000,0.000,0.0000,0.000,-311.888,-308.942,-318.000,0.1924,0.9813,0.0000,0.000,0.000,0.000,-,-,-,0000000000000000,-,0,0,-,tick
175,1365.488,11.0891,listener,ragdoll,Proventus Avenicci,0001A67D,-,-,0.000,0.000,0.000,0.000,0.000,0.0000,0.000,-311.888,-308.942,-318.000,0.1924,0.9813,0.0000,0.000,0.000,0.000,-,-,-,0000000000000000,-,0,0,-,tick
176,1409.295,11.0892,listener,ragdoll,Proventus Avenicci,0001A67D,-,-,0.000,0.000,0.000,0.000,0.000,0.0000,0.000,-311.888,-308.942,-318.000,0.1924,0.9813,0.0000,0.000,0.000,0.000,-,-,-,0000000000000000,-,0,0,-,tick
177,1432.441,11.0893,listener,ragdoll,Proventus Avenicci,0001A67D,-,-,0.000,0.000,0.000,0.000,0.000,0.0000,0.000,-311.888,-308.942,-318.000,0.1924,0.9813,0.0000,0.000,0.000,0.000,-,-,-,0000000000000000,-,0,0,-,tick
178,1472.881,11.0894,listener,ragdoll,Proventus Avenicci,0001A67D,-,-,0.000,0.000,0.000,0.000,0.000,0.0000,0.000,-311.888,-308.942,-318.000,0.1924,0.9813,0.0000,0.000,0.000,0.000,-,-,-,0000000000000000,-,0,0,-,tick
179,1494.633,11.0895,listener,ragdoll,Proventus Avenicci,0001A67D,-,-,0.000,0.000,0.000,0.000,0.000,0.0000,0.000,-311.888,-308.942,-318.000,0.1924,0.9813,0.0000,0.000,0.000,0.000,-,-,-,0000000000000000,-,0,0,-,tick
180,1535.534,11.0896,listener,ragdoll,Proventus Avenicci,0001A67D,-,-,0.000,0.000,0.000,0.000,0.000,0.0000,0.000,-311.888,-308.942,-318.000,0.1924,0.9813,0.0000,0.000,0.000,0.000,-,-,-,0000000000000000,-,0,0,-,tick
181,1554.815,11.0897,listener,ragdoll,Proventus Avenicci,0001A67D,-,-,0.000,0.000,0.000,0.000,0.000,0.0000,0.000,-311.888,-308.942,-318.000,0.1924,0.9813,0.0000,0.000,0.000,0.000,-,-,-,0000000000000000,-,0,0,-,tick
182,1594.127,11.0898,listener,ragdoll,Proventus Avenicci,0001A67D,-,-,0.000,0.000,0.000,0.000,0.000,0.0000,0.000,-311.888,-308.942,-318.000,0.1924,0.9813,0.0000,0.000,0.000,0.000,-,-,-,0000000000000000,-,0,0,-,tick
183,1624.346,11.0899,touch,ragdoll,Proventus Avenicci,0001A67D,NPC L Foot [Lft ],7,0.000,0.000,0.000,538.902,1.801,3.0000,10.011,0.000,0.000,0.000,0.0000,0.0000,0.0000,10.888,-25.449,-538.190,Static,-,-,000001EAE4AAA500,-,0,0,-,
184,1624.349,11.0899,touch,ragdoll,Proventus Avenicci,0001A67D,NPC L Foot [Lft ],7,0.000,0.000,0.000,538.902,1.801,3.0000,10.011,0.000,0.000,0.000,0.0000,0.0000,0.0000,10.888,-25.449,-538.190,Static,-,-,000001EA56BED300,-,0,0,-,
185,1632.729,11.0899,listener,ragdoll,Proventus Avenicci,0001A67D,-,-,0.000,0.000,0.000,0.000,0.000,0.0000,0.000,-311.888,-308.942,-318.000,0.1924,0.9813,0.0000,0.000,0.000,0.000,-,-,-,0000000000000000,-,0,0,-,tick
186,1642.957,11.0899,impact,ragdoll,Proventus Avenicci,0001A67D,NPC L Foot [Lft ],7,536.377,538.752,31.686,538.902,1.801,3.0000,10.011,-266.417,-133.327,-318.000,-0.0000,0.0000,1.0000,10.888,-25.449,-538.190,Static,Carpet,shape,000001EAE4AAA500,-,0,0,-,
187,1643.498,11.0899,touch,ragdoll,Proventus Avenicci,0001A67D,NPC L Calf [LClf],5,0.000,0.000,0.000,380.075,5.882,6.0000,19.675,0.000,0.000,0.000,0.0000,0.0000,0.0000,-2.440,-1.046,-380.065,Static,-,-,000001EAE4AAA500,-,0,0,-,
188,1643.501,11.0899,touch,ragdoll,Proventus Avenicci,0001A67D,NPC L Calf [LClf],5,0.000,0.000,0.000,380.075,5.882,6.0000,19.675,0.000,0.000,0.000,0.0000,0.0000,0.0000,-2.440,-1.046,-380.065,Static,-,-,000001EA56BED300,-,0,0,-,
189,1643.685,11.0899,impact,ragdoll,Proventus Avenicci,0001A67D,NPC L Calf [LClf],5,328.755,328.755,84.411,379.699,5.879,6.0000,19.675,-264.852,-126.313,-319.650,0.0000,-0.0000,1.0000,-2.438,-1.045,-379.690,Static,Wood,shape,000001EA56BED300,-,1,1,-,
190,1643.686,11.0899,impact,ragdoll,Proventus Avenicci,0001A67D,NPC L Calf [LClf],5,328.755,328.755,74.722,379.699,5.879,6.0000,19.675,-264.852,-126.313,-318.000,-0.0000,0.0000,1.0000,-2.438,-1.045,-379.690,Static,Carpet,shape,000001EAE4AAA500,-,1,1,-,
191,1643.895,11.0899,impact,ragdoll,Proventus Avenicci,0001A67D,NPC L Foot [Lft ],7,168.770,142.843,575.843,429.334,42.567,3.0000,10.011,-266.314,-134.662,-319.650,-0.0000,0.0000,1.0000,154.062,384.686,112.290,Static,Wood,shape,000001EA56BED300,-,0,0,-,
192,1652.241,11.0899,listener,ragdoll,Proventus Avenicci,0001A67D,-,-,0.000,0.000,0.000,0.000,0.000,0.0000,0.000,-311.888,-308.942,-318.000,0.1924,0.9813,0.0000,0.000,0.000,0.000,-,-,-,0000000000000000,-,0,0,-,tick
193,1663.930,11.0899,touch,ragdoll,Proventus Avenicci,0001A67D,NPC R Foot [Rft ],8,0.000,0.000,0.000,543.303,3.006,3.0000,10.011,0.000,0.000,0.000,0.0000,0.0000,0.0000,1.746,2.333,-543.295,Static,-,-,000001EAE4998400,-,0,0,-,
194,1663.932,11.0899,touch,ragdoll,Proventus Avenicci,0001A67D,NPC R Foot [Rft ],8,0.000,0.000,0.000,543.303,3.006,3.0000,10.011,0.000,0.000,0.000,0.0000,0.0000,0.0000,1.746,2.333,-543.295,Static,-,-,000001EAE4AAA500,-,0,0,-,
195,1663.933,11.0899,touch,ragdoll,Proventus Avenicci,0001A67D,NPC R Foot [Rft ],8,0.000,0.000,0.000,543.303,3.006,3.0000,10.011,0.000,0.000,0.000,0.0000,0.0000,0.0000,1.746,2.333,-543.295,Static,-,-,000001EA56BED300,-,0,0,-,
196,1663.937,11.0899,impact,ragdoll,Proventus Avenicci,0001A67D,NPC R Foot [Rft ],8,536.545,543.184,7.436,543.303,3.006,3.0000,10.011,-289.627,-111.730,-318.007,-0.0000,-0.0322,0.9995,1.746,2.333,-543.295,Static,Carpet,shape,000001EAE4998400,-,0,0,-,
197,1684.536,11.0901,impact,ragdoll,Proventus Avenicci,0001A67D,NPC L Calf [LClf],5,451.687,451.687,143.962,165.002,25.030,6.0000,19.675,-273.523,-147.677,-319.650,-0.0000,0.0000,1.0000,-47.517,-81.435,-135.410,Static,Wood,shape,000001EA56BED300,-,0,1,-,
198,1684.538,11.0901,impact,ragdoll,Proventus Avenicci,0001A67D,NPC L Calf [LClf],5,451.687,451.687,103.493,165.002,25.030,6.0000,19.675,-273.523,-147.677,-318.000,-0.0000,0.0000,1.0000,-47.517,-81.435,-135.410,Static,Carpet,shape,000001EAE4AAA500,-,0,1,-,
199,1684.769,11.0901,touch,ragdoll,Proventus Avenicci,0001A67D,NPC L Thigh [LThg],1,0.000,0.000,0.000,213.616,16.098,6.0000,20.487,0.000,0.000,0.000,0.0000,0.0000,0.0000,-26.703,-21.387,-210.858,Static,-,-,000001EAE4AAA500,-,0,0,-,
200,1684.770,11.0901,touch,ragdoll,Proventus Avenicci,0001A67D,NPC R Calf [RClf],4,0.000,0.000,0.000,393.780,16.960,6.0000,19.675,0.000,0.000,0.000,0.0000,0.0000,0.0000,25.096,-57.480,-388.753,Static,-,-,000001EAE4998400,-,0,0,-,
201,1684.771,11.0901,touch,ragdoll,Proventus Avenicci,0001A67D,NPC R Calf [RClf],4,0.000,0.000,0.000,393.780,16.960,6.0000,19.675,0.000,0.000,0.000,0.0000,0.0000,0.0000,25.096,-57.480,-388.753,Static,-,-,000001EAE4AAA500,-,0,0,-,
202,1684.775,11.0901,touch,ragdoll,Proventus Avenicci,0001A67D,NPC R Calf [RClf],4,0.000,0.000,0.000,393.780,16.960,6.0000,19.675,0.000,0.000,0.000,0.0000,0.0000,0.0000,25.096,-57.480,-388.753,Static,-,-,000001EA56BED300,-,0,0,-,
203,1684.777,11.0901,impact,ragdoll,Proventus Avenicci,0001A67D,NPC L Foot [Lft ],7,194.209,74.549,383.407,269.095,33.099,3.0000,10.011,-262.757,-130.257,-318.000,-0.0000,0.0000,1.0000,132.342,233.906,13.632,Static,Carpet,shape,000001EAE4AAA500,-,0,0,-,
204,1684.989,11.0901,impact,ragdoll,Proventus Avenicci,0001A67D,NPC L Thigh [LThg],1,95.925,95.925,231.422,213.408,16.090,6.0000,20.487,-274.556,-149.582,-318.000,0.0000,0.0000,1.0000,-26.677,-21.366,-210.653,Static,Carpet,shape,000001EAE4AAA500,-,1,1,-,
205,1684.990,11.0901,impact,ragdoll,Proventus Avenicci,0001A67D,NPC R Thigh [RThg],2,131.338,131.338,515.778,563.504,7.377,6.0000,20.487,-280.407,-146.574,-307.814,-0.8494,0.4367,0.2962,-13.052,-33.013,-562.385,DeadBip,Skin,shape,000001EB3A29CA00,1,0,1,-,
206,1684.990,11.0901,impact,ragdoll,Proventus Avenicci,0001A67D,NPC L Thigh [LThg],1,131.338,-131.338,515.778,213.408,16.090,6.0000,20.487,-280.407,-146.574,-307.814,-0.8494,0.4367,0.2962,-26.677,-21.366,-210.653,DeadBip,Skin,shape,000001EB3A29C100,2,0,1,-,
207,1684.992,11.0901,impact,ragdoll,Proventus Avenicci,0001A67D,NPC R Calf [RClf],4,256.565,256.565,91.758,393.398,16.952,6.0000,19.675,-282.373,-110.479,-319.650,-0.0000,-0.0000,1.0000,25.072,-57.424,-388.376,Static,Wood,shape,000001EA56BED300,-,1,1,-,
208,1684.992,11.0901,impact,ragdoll,Proventus Avenicci,0001A67D,NPC R Calf [RClf],4,267.633,267.633,104.768,393.398,16.952,6.0000,19.675,-282.716,-112.404,-318.009,0.0000,0.1927,0.9813,25.072,-57.424,-388.376,Static,Carpet,shape,000001EAE4AAA500,-,1,1,-,
209,1684.992,11.0901,impact,ragdoll,Proventus Avenicci,0001A67D,NPC R Calf [RClf],4,256.565,256.565,64.919,393.398,16.952,6.0000,19.675,-282.373,-110.479,-318.000,-0.0000,0.0000,1.0000,25.072,-57.424,-388.376,Static,Carpet,shape,000001EAE4998400,-,1,1,-,
210,1684.995,11.0901,impact,ragdoll,Proventus Avenicci,0001A67D,NPC R Foot [Rft ],8,242.969,242.969,186.458,253.031,29.129,3.0000,10.011,-284.948,-109.285,-319.650,0.0000,-0.0000,1.0000,-6.148,24.409,-251.776,Static,Wood,shape,000001EA56BED300,-,0,1,-,
211,1684.996,11.0901,impact,ragdoll,Proventus Avenicci,0001A67D,NPC R Foot [Rft ],8,242.969,242.969,138.427,253.031,29.129,3.0000,10.011,-284.948,-109.285,-318.000,0.0000,0.0000,1.0000,-6.148,24.409,-251.776,Static,Carpet,shape,000001EAE4998400,-,0,1,-,
212,1685.299,11.0901,touch,ragdoll,Proventus Avenicci,0001A67D,NPC L Thigh [LThg],1,0.000,0.000,0.000,158.731,22.473,6.0000,20.487,0.000,0.000,0.000,0.0000,0.0000,0.0000,63.543,6.360,-145.318,Static,-,-,000001EA56BED300,-,0,0,-,
213,1685.300,11.0901,touch,ragdoll,Proventus Avenicci,0001A67D,NPC R Thigh [RThg],2,0.000,0.000,0.000,607.903,5.184,6.0000,20.487,0.000,0.000,0.000,0.0000,0.0000,0.0000,-104.349,-70.306,-594.739,Static,-,-,000001EAE4AAA500,-,0,0,-,
214,1685.304,11.0901,touch,ragdoll,Proventus Avenicci,0001A67D,NPC R Thigh [RThg],2,0.000,0.000,0.000,607.903,5.184,6.0000,20.487,0.000,0.000,0.000,0.0000,0.0000,0.0000,-104.349,-70.306,-594.739,Static,-,-,000001EA56BED300,-,0,0,-,
215,1685.308,11.0901,impact,ragdoll,Proventus Avenicci,0001A67D,NPC R Foot [Rft ],8,212.117,137.256,230.450,138.300,32.359,3.0000,10.011,-290.855,-111.823,-318.000,-0.0000,0.0000,1.0000,82.778,94.718,-57.475,Static,Carpet,shape,000001EAE4998400,-,0,0,-,
216,1692.705,11.0901,listener,ragdoll,Proventus Avenicci,0001A67D,-,-,0.000,0.000,0.000,0.000,0.000,0.0000,0.000,-311.888,-308.942,-318.000,0.1924,0.9813,0.0000,0.000,0.000,0.000,-,-,-,0000000000000000,-,0,0,-,tick
217,1704.023,11.0901,impact,ragdoll,Proventus Avenicci,0001A67D,NPC R Thigh [RThg],2,562.958,562.958,145.929,607.312,5.181,6.0000,20.487,-291.062,-138.009,-319.650,0.0000,-0.0000,1.0000,-104.247,-70.238,-594.161,Static,Wood,shape,000001EA56BED300,-,1,1,-,
218,1704.024,11.0901,impact,ragdoll,Proventus Avenicci,0001A67D,NPC R Thigh [RThg],2,562.958,562.958,141.811,607.312,5.181,6.0000,20.487,-291.062,-138.009,-318.000,-0.0000,0.0000,1.0000,-104.247,-70.238,-594.161,Static,Carpet,shape,000001EAE4AAA500,-,1,1,-,
219,1704.026,11.0901,impact,ragdoll,Proventus Avenicci,0001A67D,NPC R Calf [RClf],4,537.546,537.546,149.808,256.902,24.254,6.0000,19.675,-290.720,-134.779,-319.650,0.0000,-0.0000,1.0000,-58.233,-20.035,-249.412,Static,Wood,shape,000001EA56BED300,-,0,1,-,
220,1704.026,11.0901,impact,ragdoll,Proventus Avenicci,0001A67D,NPC R Calf [RClf],4,537.546,537.546,136.842,256.902,24.254,6.0000,19.675,-290.720,-134.779,-318.000,0.0000,0.0000,1.0000,-58.233,-20.035,-249.412,Static,Carpet,shape,000001EAE4AAA500,-,0,1,-,
221,1704.237,11.0901,touch,ragdoll,Proventus Avenicci,0001A67D,NPC COM [COM ],0,0.000,0.000,0.000,451.686,23.630,50.0000,17.687,0.000,0.000,0.000,0.0000,0.0000,0.0000,-56.058,-170.917,-414.325,Static,-,-,000001EAE4AAA500,-,0,0,-,
222,1704.400,11.0901,impact,ragdoll,Proventus Avenicci,0001A67D,NPC COM [COM ],0,406.884,406.884,77.148,451.247,23.619,50.0000,17.687,-289.622,-159.691,-318.000,0.0000,0.0000,1.0000,-56.003,-170.751,-413.923,Static,Carpet,shape,000001EAE4AAA500,-,1,1,-,
223,1704.630,11.0901,touch,ragdoll,Proventus Avenicci,0001A67D,NPC COM [COM ],0,0.000,0.000,0.000,145.847,6.965,50.0000,17.687,0.000,0.000,0.000,0.0000,0.0000,0.0000,52.305,-130.772,37.868,Static,-,-,000001EA56BED300,-,0,0,-,
224,1714.340,11.0901,listener,ragdoll,Proventus Avenicci,0001A67D,-,-,0.000,0.000,0.000,0.000,0.000,0.0000,0.000,-311.888,-308.942,-318.000,0.1924,0.9813,0.0000,0.000,0.000,0.000,-,-,-,0000000000000000,-,0,0,-,tick
225,1724.840,11.0901,touch,ragdoll,Proventus Avenicci,0001A67D,NPC R Forearm [RLar],15,0.000,0.000,0.000,408.393,30.301,6.0000,11.658,0.000,0.000,0.000,0.0000,0.0000,0.0000,75.517,-142.030,-375.379,DeadBip,-,-,000001EB3A29DF00,6,0,0,-,
226,1724.841,11.0901,touch,ragdoll,Proventus Avenicci,0001A67D,NPC Spine1 [Spn1],6,0.000,0.000,0.000,194.838,22.267,4.0000,18.878,0.000,0.000,0.000,0.0000,0.0000,0.0000,-171.927,-75.688,-51.713,DeadBip,-,-,000001EB3A167700,15,0,0,-,
227,1724.849,11.0901,separate,ragdoll,Proventus Avenicci,0001A67D,NPC L Thigh [LThg],1,0.000,0.000,0.000,165.052,1.889,6.0000,20.487,0.000,0.000,0.000,0.0000,0.0000,0.0000,24.885,-159.099,-36.199,Static,-,-,000001EAE4AAA500,-,0,0,-,
228,1724.850,11.0901,separate,ragdoll,Proventus Avenicci,0001A67D,NPC R Calf [RClf],4,0.000,0.000,0.000,186.278,9.148,6.0000,19.675,0.000,0.000,0.000,0.0000,0.0000,0.0000,-11.570,-129.245,133.646,Static,-,-,000001EAE4998400,-,0,0,-,
229,1724.850,11.0901,touch,ragdoll,Proventus Avenicci,0001A67D,NPC R Calf [RClf],4,0.000,0.000,0.000,186.278,9.148,6.0000,19.675,0.000,0.000,0.000,0.0000,0.0000,0.0000,-11.570,-129.245,133.646,Static,-,-,000001EAE4998400,-,0,0,-,
230,1724.854,11.0901,separate,ragdoll,Proventus Avenicci,0001A67D,NPC COM [COM ],0,0.000,0.000,0.000,113.417,6.632,50.0000,17.687,0.000,0.000,0.000,0.0000,0.0000,0.0000,52.344,-76.571,-65.271,Static,-,-,000001EA56BED300,-,0,0,-,
231,1725.063,11.0901,impact,ragdoll,Proventus Avenicci,0001A67D,NPC R Forearm [RLar],15,241.999,241.999,323.685,407.990,30.286,6.0000,11.658,-301.528,-149.352,-287.224,-0.8603,0.4775,0.1786,75.443,-141.890,-375.009,DeadBip,Skin,shape,000001EB3A29DF00,6,1,1,-,
232,1725.063,11.0901,impact,ragdoll,Proventus Avenicci,0001A67D,NPC Spine1 [Spn1],6,241.999,-241.999,323.685,194.646,22.256,4.0000,18.878,-301.528,-149.352,-287.224,-0.8603,0.4775,0.1786,-171.758,-75.614,-51.662,DeadBip,Skin,shape,000001EB3A167700,15,1,1,-,
233,1725.241,11.0901,separate,ragdoll,Proventus Avenicci,0001A67D,NPC R Foot [Rft ],8,0.000,0.000,0.000,28.784,17.759,3.0000,10.011,0.000,0.000,0.000,0.0000,0.0000,0.0000,-24.318,-12.320,-9.241,Static,-,-,000001EAE4AAA500,-,0,0,-,
234,1725.241,11.0901,touch,ragdoll,Proventus Avenicci,0001A67D,NPC R Foot [Rft ],8,0.000,0.000,0.000,28.784,17.759,3.0000,10.011,0.000,0.000,0.000,0.0000,0.0000,0.0000,-24.318,-12.320,-9.241,Static,-,-,000001EAE4AAA500,-,0,0,-,
235,1725.242,11.0901,touch,ragdoll,Proventus Avenicci,0001A67D,NPC L Thigh [LThg],1,0.000,0.000,0.000,193.578,2.336,6.0000,20.487,0.000,0.000,0.000,0.0000,0.0000,0.0000,82.689,-135.123,-111.250,Static,-,-,000001EAE4AAA500,-,0,0,-,
236,1744.899,11.0901,impact,ragdoll,Proventus Avenicci,0001A67D,NPC L Foot [Lft ],7,128.532,93.383,234.749,151.797,21.533,3.0000,10.011,-254.627,-127.551,-318.000,0.0000,-0.0000,1.0000,132.696,43.892,-59.225,Static,Carpet,shape,000001EAE4AAA500,-,0,0,-,
237,1745.238,11.0901,impact,ragdoll,Proventus Avenicci,0001A67D,NPC L Thigh [LThg],1,98.575,98.575,178.324,193.385,2.334,6.0000,20.487,-270.633,-150.888,-318.000,0.0000,0.0000,1.0000,82.607,-134.988,-111.140,Static,Carpet,shape,000001EAE4AAA500,-,1,1,-,
238,1745.247,11.0901,impact,ragdoll,Proventus Avenicci,0001A67D,NPC R Foot [Rft ],8,45.726,45.726,89.793,28.756,17.751,3.0000,10.011,-291.244,-112.530,-318.000,0.0000,0.0000,1.0000,-24.294,-12.308,-9.232,Static,Carpet,shape,000001EAE4AAA500,-,1,1,-,
239,1745.887,11.0902,separate,ragdoll,Proventus Avenicci,0001A67D,NPC R Calf [RClf],4,0.000,0.000,0.000,212.238,7.808,6.0000,19.675,0.000,0.000,0.000,0.0000,0.0000,0.0000,-59.638,-186.575,81.719,Static,-,-,000001EA56BED300,-,0,0,-,
240,1754.991,11.0902,listener,ragdoll,Proventus Avenicci,0001A67D,-,-,0.000,0.000,0.000,0.000,0.000,0.0000,0.000,-311.888,-308.942,-318.000,0.1924,0.9813,0.0000,0.000,0.000,0.000,-,-,-,0000000000000000,-,0,0,-,tick
241,1766.706,11.0902,touch,ragdoll,Proventus Avenicci,0001A67D,NPC R Forearm [RLar],15,0.000,0.000,0.000,227.556,25.419,6.0000,11.658,0.000,0.000,0.000,0.0000,0.0000,0.0000,162.915,-21.874,-157.359,DeadBip,-,-,000001EB3A29DC00,9,0,0,-,
242,1766.707,11.0902,touch,ragdoll,Proventus Avenicci,0001A67D,NPC Spine2 [Spn2],9,0.000,0.000,0.000,94.798,7.611,7.0000,23.052,0.000,0.000,0.000,0.0000,0.0000,0.0000,-66.717,-67.276,3.072,DeadBip,-,-,000001EB3A167700,15,0,0,-,
243,1766.718,11.0902,touch,ragdoll,Proventus Avenicci,0001A67D,NPC COM [COM ],0,0.000,0.000,0.000,60.341,9.807,50.0000,17.687,0.000,0.000,0.000,0.0000,0.0000,0.0000,16.114,-55.630,-16.930,Static,-,-,000001EA56BED300,-,0,0,-,
244,1766.720,11.0902,touch,ragdoll,Proventus Avenicci,0001A67D,NPC R Hand [RHnd],17,0.000,0.000,0.000,386.825,38.420,4.0000,8.334,0.000,0.000,0.000,0.0000,0.0000,0.0000,335.641,-121.423,-149.113,Static,-,-,000001EAE4AAA500,-,0,0,-,
245,1766.722,11.0902,touch,ragdoll,Proventus Avenicci,0001A67D,NPC L Hand [LHnd],16,0.000,0.000,0.000,825.466,52.560,4.0000,8.334,0.000,0.000,0.000,0.0000,0.0000,0.0000,-781.516,-86.781,-251.190,DeadBip,-,-,000001EB3A29C700,5,0,0,-,
246,1766.722,11.0902,touch,ragdoll,Proventus Avenicci,0001A67D,NPC L Calf [LClf],5,0.000,0.000,0.000,148.037,3.879,6.0000,19.675,0.000,0.000,0.000,0.0000,0.0000,0.0000,124.117,-70.052,40.034,DeadBip,-,-,000001EB3A166B00,16,0,0,-,
247,1766.723,11.0902,touch,ragdoll,Proventus Avenicci,0001A67D,NPC L Hand [LHnd],16,0.000,0.000,0.000,825.466,52.560,4.0000,8.334,0.000,0.000,0.000,0.0000,0.0000,0.0000,-781.516,-86.781,-251.190,DeadBip,-,-,000001EB3A29CA00,1,0,0,-,
248,1766.723,11.0902,touch,ragdoll,Proventus Avenicci,0001A67D,NPC L Thigh [LThg],1,0.000,0.000,0.000,116.313,3.909,6.0000,20.487,0.000,0.000,0.000,0.0000,0.0000,0.0000,99.236,-52.061,-31.153,DeadBip,-,-,000001EB3A166B00,16,0,0,-,
249,1766.879,11.0902,impact,ragdoll,Proventus Avenicci,0001A67D,NPC COM [COM ],0,5.950,5.950,9.267,60.280,9.802,50.0000,17.687,-287.738,-166.865,-319.650,-0.0000,0.0000,1.0000,16.098,-55.574,-16.913,Static,Wood,shape,000001EA56BED300,-,1,1,-,
250,1766.887,11.0902,impact,ragdoll,Proventus Avenicci,0001A67D,NPC R Forearm [RLar],15,65.072,65.072,334.169,227.327,25.406,6.0000,11.658,-300.414,-148.732,-284.069,-0.8354,0.1397,-0.5315,162.751,-21.852,-157.201,DeadBip,Skin,shape,000001EB3A29DC00,9,1,1,-,
251,1766.887,11.0902,impact,ragdoll,Proventus Avenicci,0001A67D,NPC Spine2 [Spn2],9,65.072,-65.072,334.169,94.703,7.607,7.0000,23.052,-300.414,-148.732,-284.069,-0.8354,0.1397,-0.5315,-66.650,-67.209,3.069,DeadBip,Skin,shape,000001EB3A167700,15,1,1,-,
252,1766.888,11.0902,impact,ragdoll,Proventus Avenicci,0001A67D,NPC L Hand [LHnd],16,854.577,854.577,571.503,824.637,52.533,4.0000,8.334,-260.743,-156.148,-309.160,0.8601,-0.3788,0.3418,-780.731,-86.694,-250.938,DeadBip,Skin,shape,000001EB3A29CA00,1,1,1,-,
253,1766.888,11.0902,impact,ragdoll,Proventus Avenicci,0001A67D,NPC L Thigh [LThg],1,854.577,-854.577,571.503,116.196,3.907,6.0000,20.487,-260.743,-156.148,-309.160,0.8601,-0.3788,0.3418,99.136,-52.009,-31.122,DeadBip,Skin,shape,000001EB3A166B00,16,1,1,-,
254,1766.888,11.0902,impact,ragdoll,Proventus Avenicci,0001A67D,NPC L Hand [LHnd],16,733.108,733.108,777.117,824.637,52.533,4.0000,8.334,-260.362,-153.480,-310.424,0.7079,-0.5736,0.4121,-780.731,-86.694,-250.938,DeadBip,Skin,shape,000001EB3A29C700,5,1,1,-,
255,1766.888,11.0902,impact,ragdoll,Proventus Avenicci,0001A67D,NPC L Calf [LClf],5,733.108,-733.108,777.117,147.889,3.877,6.0000,19.675,-260.362,-153.480,-310.424,0.7079,-0.5736,0.4121,123.992,-69.982,39.994,DeadBip,Skin,shape,000001EB3A166B00,16,1,1,-,
256,1766.889,11.0902,impact,ragdoll,Proventus Avenicci,0001A67D,NPC R Hand [RHnd],17,149.849,149.849,702.253,386.436,38.400,4.0000,8.334,-312.638,-150.449,-318.000,-0.0000,0.0000,1.0000,335.304,-121.301,-148.963,Static,Carpet,shape,000001EAE4AAA500,-,1,1,-,
257,1767.052,11.0902,separate,ragdoll,Proventus Avenicci,0001A67D,NPC R Forearm [RLar],15,0.000,0.000,0.000,107.525,27.711,6.0000,11.658,0.000,0.000,0.000,0.0000,0.0000,0.0000,84.996,-24.254,-61.229,DeadBip,-,-,000001EB3A29DF00,6,0,0,-,
258,1767.052,11.0902,separate,ragdoll,Proventus Avenicci,0001A67D,NPC Spine1 [Spn1],6,0.000,0.000,0.000,211.129,9.049,4.0000,18.878,0.000,0.000,0.000,0.0000,0.0000,0.0000,39.858,-199.756,55.537,DeadBip,-,-,000001EB3A167700,15,0,0,-,
259,1767.055,11.0902,separate,ragdoll,Proventus Avenicci,0001A67D,NPC R Calf [RClf],4,0.000,0.000,0.000,112.536,7.348,6.0000,19.675,0.000,0.000,0.000,0.0000,0.0000,0.0000,-54.696,-91.928,34.955,Static,-,-,000001EAE4998400,-,0,0,-,
260,1767.058,11.0902,touch,ragdoll,Proventus Avenicci,0001A67D,NPC R Hand [RHnd],17,0.000,0.000,0.000,357.976,60.020,4.0000,8.334,0.000,0.000,0.000,0.0000,0.0000,0.0000,319.505,-161.430,1.890,Static,-,-,000001EA56BED300,-,0,0,-,
261,1767.059,11.0902,touch,ragdoll,Proventus Avenicci,0001A67D,NPC R Hand [RHnd],17,0.000,0.000,0.000,357.976,60.020,4.0000,8.334,0.000,0.000,0.000,0.0000,0.0000,0.0000,319.505,-161.430,1.890,DeadBip,-,-,000001EB3A29C100,2,0,0,-,
262,1767.059,11.0902,touch,ragdoll,Proventus Avenicci,0001A67D,NPC R Thigh [RThg],2,0.000,0.000,0.000,98.800,3.608,6.0000,20.487,0.000,0.000,0.000,0.0000,0.0000,0.0000,-31.718,-77.224,-52.838,DeadBip,-,-,000001EB3A167400,17,0,0,-,
263,1767.060,11.0902,separate,ragdoll,Proventus Avenicci,0001A67D,NPC L Hand [LHnd],16,0.000,0.000,0.000,352.655,39.027,4.0000,8.334,0.000,0.000,0.000,0.0000,0.0000,0.0000,-258.187,-235.170,48.991,DeadBip,-,-,000001EB3A29C700,5,0,0,-,
264,1767.060,11.0902,separate,ragdoll,Proventus Avenicci,0001A67D,NPC L Calf [LClf],5,0.000,0.000,0.000,38.348,3.854,6.0000,19.675,0.000,0.000,0.000,0.0000,0.0000,0.0000,-18.760,30.800,13.040,DeadBip,-,-,000001EB3A166B00,16,0,0,-,
265,1787.117,11.0903,impact,ragdoll,Proventus Avenicci,0001A67D,NPC L Hand [LHnd],16,47.392,47.392,41.208,352.298,39.008,4.0000,8.334,-264.647,-158.802,-308.650,0.8867,-0.3716,0.2752,-257.925,-234.932,48.942,DeadBip,Skin,shape,000001EB3A29CA00,1,0,1,-,
266,1787.117,11.0903,impact,ragdoll,Proventus Avenicci,0001A67D,NPC L Thigh [LThg],1,47.392,-47.392,41.208,57.583,8.228,6.0000,20.487,-264.647,-158.802,-308.650,0.8867,-0.3716,0.2752,-46.773,25.718,-21.602,DeadBip,Skin,shape,000001EB3A166B00,16,0,1,-,
267,1787.118,11.0903,impact,ragdoll,Proventus Avenicci,0001A67D,NPC R Hand [RHnd],17,368.423,368.423,448.016,357.614,59.989,4.0000,8.334,-299.264,-153.184,-308.176,-0.9922,0.1232,-0.0203,319.182,-161.267,1.888,DeadBip,Skin,shape,000001EB3A29C100,2,1,1,-,
268,1787.118,11.0903,impact,ragdoll,Proventus Avenicci,0001A67D,NPC R Thigh [RThg],2,368.423,-368.423,448.016,98.700,3.606,6.0000,20.487,-299.264,-153.184,-308.176,-0.9922,0.1232,-0.0203,-31.686,-77.146,-52.784,DeadBip,Skin,shape,000001EB3A167400,17,1,1,-,
269,1787.329,11.0903,separate,ragdoll,Proventus Avenicci,0001A67D,NPC R Hand [RHnd],17,0.000,0.000,0.000,21.119,15.744,4.0000,8.334,0.000,0.000,0.000,0.0000,0.0000,0.0000,-12.250,6.556,-15.906,Static,-,-,000001EA56BED300,-,0,0,-,
270,1787.730,11.0903,touch,ragdoll,Proventus Avenicci,0001A67D,NPC L Thigh [LThg],1,0.000,0.000,0.000,31.893,4.643,6.0000,20.487,0.000,0.000,0.000,0.0000,0.0000,0.0000,30.483,-7.064,-6.169,DeadBip,-,-,000001EB3A166E00,14,0,0,-,
271,1787.731,11.0903,touch,ragdoll,Proventus Avenicci,0001A67D,NPC L Forearm [LLar],14,0.000,0.000,0.000,332.380,14.796,2.0000,11.658,0.000,0.000,0.000,0.0000,0.0000,0.0000,-229.460,-186.428,151.887,DeadBip,-,-,000001EB3A29CA00,1,0,0,-,
272,1787.732,11.0903,touch,ragdoll,Proventus Avenicci,0001A67D,NPC L Forearm [LLar],14,0.000,0.000,0.000,332.380,14.796,2.0000,11.658,0.000,0.000,0.000,0.0000,0.0000,0.0000,-229.460,-186.428,151.887,DeadBip,-,-,000001EB3A29DC00,9,0,0,-,
273,1787.732,11.0903,touch,ragdoll,Proventus Avenicci,0001A67D,NPC Spine2 [Spn2],9,0.000,0.000,0.000,90.587,11.477,7.0000,23.052,0.000,0.000,0.000,0.0000,0.0000,0.0000,36.526,-66.792,49.099,DeadBip,-,-,000001EB3A166E00,14,0,0,-,
274,1796.944,11.0903,listener,ragdoll,Proventus Avenicci,0001A67D,-,-,0.000,0.000,0.000,0.000,0.000,0.0000,0.000,-311.888,-308.942,-318.000,0.1924,0.9813,0.0000,0.000,0.000,0.000,-,-,-,0000000000000000,-,0,0,-,tick
275,1808.796,11.0903,impact,ragdoll,Proventus Avenicci,0001A67D,NPC L Thigh [LThg],1,22.535,22.535,341.877,31.861,4.641,6.0000,20.487,-263.082,-164.463,-299.762,-0.6834,0.1730,-0.7093,30.452,-7.057,-6.163,DeadBip,Skin,shape,000001EB3A166E00,14,1,1,-,
276,1808.797,11.0903,impact,ragdoll,Proventus Avenicci,0001A67D,NPC L Forearm [LLar],14,22.535,-22.535,341.877,332.041,14.788,2.0000,11.658,-263.082,-164.463,-299.762,-0.6834,0.1730,-0.7093,-229.226,-186.237,151.732,DeadBip,Skin,shape,000001EB3A29CA00,1,1,1,-,
277,1808.810,11.0903,impact,ragdoll,Proventus Avenicci,0001A67D,NPC L Forearm [LLar],14,230.766,230.766,181.939,332.041,14.788,2.0000,11.658,-274.922,-156.633,-282.877,0.8268,-0.2561,-0.5008,-229.226,-186.237,151.732,DeadBip,Skin,shape,000001EB3A29DC00,9,1,1,-,
278,1808.810,11.0903,impact,ragdoll,Proventus Avenicci,0001A67D,NPC Spine2 [Spn2],9,230.766,-230.766,181.939,90.494,11.471,7.0000,23.052,-274.922,-156.633,-282.877,0.8268,-0.2561,-0.5008,36.489,-66.723,49.049,DeadBip,Skin,shape,000001EB3A166E00,14,1,1,-,
279,1809.013,11.0903,separate,ragdoll,Proventus Avenicci,0001A67D,NPC R Forearm [RLar],15,0.000,0.000,0.000,150.345,26.057,6.0000,11.658,0.000,0.000,0.000,0.0000,0.0000,0.0000,-52.889,-140.638,5.237,DeadBip,-,-,000001EB3A29DC00,9,0,0,-,
280,1809.013,11.0903,separate,ragdoll,Proventus Avenicci,0001A67D,NPC Spine2 [Spn2],9,0.000,0.000,0.000,72.127,6.443,7.0000,23.052,0.000,0.000,0.000,0.0000,0.0000,0.0000,7.757,-44.387,56.319,DeadBip,-,-,000001EB3A167700,15,0,0,-,
281,1809.020,11.0903,separate,ragdoll,Proventus Avenicci,0001A67D,NPC R Calf [RClf],4,0.000,0.000,0.000,70.195,7.537,6.0000,19.675,0.000,0.000,0.000,0.0000,0.0000,0.0000,54.082,-44.644,3.052,Static,-,-,000001EAE4AAA500,-,0,0,-,
282,1809.021,11.0903,touch,ragdoll,Proventus Avenicci,0001A67D,NPC R Calf [RClf],4,0.000,0.000,0.000,70.195,7.537,6.0000,19.675,0.000,0.000,0.000,0.0000,0.0000,0.0000,54.082,-44.644,3.052,Static,-,-,000001EAE4AAA500,-,0,0,-,
283,1809.365,11.0903,separate,ragdoll,Proventus Avenicci,0001A67D,NPC R Foot [Rft ],8,0.000,0.000,0.000,102.503,15.514,3.0000,10.011,0.000,0.000,0.000,0.0000,0.0000,0.0000,50.523,-42.654,78.325,Static,-,-,000001EA56BED300,-,0,0,-,
284,1809.368,11.0903,touch,ragdoll,Proventus Avenicci,0001A67D,NPC R Hand [RHnd],17,0.000,0.000,0.000,68.467,48.297,4.0000,8.334,0.000,0.000,0.000,0.0000,0.0000,0.0000,-2.715,-62.993,-26.689,Static,-,-,000001EA56BED300,-,0,0,-,
285,1809.368,11.0903,separate,ragdoll,Proventus Avenicci,0001A67D,NPC L Thigh [LThg],1,0.000,0.000,0.000,19.909,0.848,6.0000,20.487,0.000,0.000,0.000,0.0000,0.0000,0.0000,19.033,5.837,0.275,DeadBip,-,-,000001EB3A166E00,14,0,0,-,
286,1809.368,11.0903,separate,ragdoll,Proventus Avenicci,0001A67D,NPC L Forearm [LLar],14,0.000,0.000,0.000,223.705,12.625,2.0000,11.658,0.000,0.000,0.000,0.0000,0.0000,0.0000,-82.072,-152.329,141.789,DeadBip,-,-,000001EB3A29CA00,1,0,0,-,
287,1809.370,11.0903,touch,ragdoll,Proventus Avenicci,0001A67D,NPC Spine1 [Spn1],6,0.000,0.000,0.000,67.130,9.488,4.0000,18.878,0.000,0.000,0.000,0.0000,0.0000,0.0000,65.627,-10.573,9.368,DeadBip,-,-,000001EB3A166E00,14,0,0,-,
288,1809.370,11.0903,touch,ragdoll,Proventus Avenicci,0001A67D,NPC L Forearm [LLar],14,0.000,0.000,0.000,223.705,12.625,2.0000,11.658,0.000,0.000,0.000,0.0000,0.0000,0.0000,-82.072,-152.329,141.789,DeadBip,-,-,000001EB3A29DF00,6,0,0,-,
289,1818.249,11.0904,listener,ragdoll,Proventus Avenicci,0001A67D,-,-,0.000,0.000,0.000,0.000,0.000,0.0000,0.000,-311.888,-308.942,-318.000,0.1924,0.9813,0.0000,0.000,0.000,0.000,-,-,-,0000000000000000,-,0,0,-,tick
290,1830.092,11.0904,impact,ragdoll,Proventus Avenicci,0001A67D,NPC Spine1 [Spn1],6,132.486,132.486,267.008,67.060,9.483,4.0000,18.878,-270.032,-163.007,-285.070,-0.9434,-0.3286,-0.0441,65.559,-10.562,9.358,DeadBip,Skin,shape,000001EB3A166E00,14,1,1,-,
291,1830.093,11.0904,impact,ragdoll,Proventus Avenicci,0001A67D,NPC L Forearm [LLar],14,132.486,-132.486,267.008,223.473,12.618,2.0000,11.658,-270.032,-163.007,-285.070,-0.9434,-0.3286,-0.0441,-81.987,-152.171,141.641,DeadBip,Skin,shape,000001EB3A29DF00,6,1,1,-,
292,1830.100,11.0904,impact,ragdoll,Proventus Avenicci,0001A67D,NPC R Hand [RHnd],17,26.012,26.012,278.117,68.396,48.271,4.0000,8.334,-309.481,-154.248,-319.650,0.0000,0.0000,1.0000,-2.712,-62.928,-26.661,Static,Wood,shape,000001EA56BED300,-,1,1,-,
293,1830.327,11.0904,separate,ragdoll,Proventus Avenicci,0001A67D,NPC R Foot [Rft ],8,0.000,0.000,0.000,93.773,10.379,3.0000,10.011,0.000,0.000,0.000,0.0000,0.0000,0.0000,50.971,-37.500,69.203,Static,-,-,000001EAE4998400,-,0,0,-,
294,1830.334,11.0904,separate,ragdoll,Proventus Avenicci,0001A67D,NPC L Hand [LHnd],16,0.000,0.000,0.000,342.401,4.570,4.0000,8.334,0.000,0.000,0.000,0.0000,0.0000,0.0000,-138.762,-201.333,239.684,DeadBip,-,-,000001EB3A29CA00,1,0,0,-,
295,1830.334,11.0904,separate,ragdoll,Proventus Avenicci,0001A67D,NPC L Thigh [LThg],1,0.000,0.000,0.000,17.834,1.730,6.0000,20.487,0.000,0.000,0.000,0.0000,0.0000,0.0000,15.327,3.972,8.209,DeadBip,-,-,000001EB3A166B00,16,0,0,-,
296,1830.716,11.0904,separate,ragdoll,Proventus Avenicci,0001A67D,NPC R Foot [Rft ],8,0.000,0.000,0.000,84.731,5.746,3.0000,10.011,0.000,0.000,0.000,0.0000,0.0000,0.0000,54.575,-37.618,52.780,Static,-,-,000001EAE4AAA500,-,0,0,-,
297,1852.313,11.0905,separate,ragdoll,Proventus Avenicci,0001A67D,NPC R Hand [RHnd],17,0.000,0.000,0.000,123.486,11.073,4.0000,8.334,0.000,0.000,0.000,0.0000,0.0000,0.0000,-28.278,-115.259,34.123,Static,-,-,000001EA56BED300,-,0,0,-,
298,1852.314,11.0905,separate,ragdoll,Proventus Avenicci,0001A67D,NPC R Hand [RHnd],17,0.000,0.000,0.000,123.486,11.073,4.0000,8.334,0.000,0.000,0.000,0.0000,0.0000,0.0000,-28.278,-115.259,34.123,DeadBip,-,-,000001EB3A29C100,2,0,0,-,
299,1852.314,11.0905,separate,ragdoll,Proventus Avenicci,0001A67D,NPC R Thigh [RThg],2,0.000,0.000,0.000,25.658,1.570,6.0000,20.487,0.000,0.000,0.000,0.0000,0.0000,0.0000,9.352,-3.183,-23.680,DeadBip,-,-,000001EB3A167400,17,0,0,-,
300,1861.597,11.0905,listener,ragdoll,Proventus Avenicci,0001A67D,-,-,0.000,0.000,0.000,0.000,0.000,0.0000,0.000,-311.888,-308.942,-318.000,0.1924,0.9813,0.0000,0.000,0.000,0.000,-,-,-,0000000000000000,-,0,0,-,tick
301,1873.328,11.0905,touch,ragdoll,Proventus Avenicci,0001A67D,NPC R Hand [RHnd],17,0.000,0.000,0.000,136.260,7.774,4.0000,8.334,0.000,0.000,0.000,0.0000,0.0000,0.0000,1.826,-133.438,27.531,DeadBip,-,-,000001EB3A29C100,2,0,0,-,
302,1873.329,11.0905,touch,ragdoll,Proventus Avenicci,0001A67D,NPC R Thigh [RThg],2,0.000,0.000,0.000,11.378,0.756,6.0000,20.487,0.000,0.000,0.000,0.0000,0.0000,0.0000,2.431,-11.093,0.707,DeadBip,-,-,000001EB3A167400,17,0,0,-,
303,1873.531,11.0905,impact,ragdoll,Proventus Avenicci,0001A67D,NPC R Hand [RHnd],17,27.471,27.471,132.924,136.117,7.770,4.0000,8.334,-299.264,-161.713,-308.442,-0.9798,0.1980,-0.0278,1.824,-133.297,27.502,DeadBip,Skin,shape,000001EB3A29C100,2,1,1,-,
304,1873.531,11.0905,impact,ragdoll,Proventus Avenicci,0001A67D,NPC R Thigh [RThg],2,27.471,-27.471,132.924,11.366,0.756,6.0000,20.487,-299.264,-161.713,-308.442,-0.9798,0.1980,-0.0278,2.428,-11.081,0.707,DeadBip,Skin,shape,000001EB3A167400,17,1,1,-,
305,1882.556,11.0906,listener,ragdoll,Proventus Avenicci,0001A67D,-,-,0.000,0.000,0.000,0.000,0.000,0.0000,0.000,-311.888,-308.942,-318.000,0.1924,0.9813,0.0000,0.000,0.000,0.000,-,-,-,0000000000000000,-,0,0,-,tick
306,1894.460,11.0906,touch,ragdoll,Proventus Avenicci,0001A67D,NPC R Calf [RClf],4,0.000,0.000,0.000,37.149,3.892,6.0000,19.675,0.000,0.000,0.000,0.0000,0.0000,0.0000,35.568,-10.086,3.641,Static,-,-,000001EA56BED300,-,0,0,-,
307,1894.827,11.0906,touch,ragdoll,Proventus Avenicci,0001A67D,NPC R Forearm [RLar],15,0.000,0.000,0.000,83.463,5.055,6.0000,11.658,0.000,0.000,0.000,0.0000,0.0000,0.0000,-11.187,-82.117,9.886,DeadBip,-,-,000001EB3A29DF00,6,0,0,-,
308,1894.827,11.0906,touch,ragdoll,Proventus Avenicci,0001A67D,NPC Spine1 [Spn1],6,0.000,0.000,0.000,22.628,1.583,4.0000,18.878,0.000,0.000,0.000,0.0000,0.0000,0.0000,-16.132,-14.823,-5.661,DeadBip,-,-,000001EB3A167700,15,0,0,-,
309,1916.216,11.0907,impact,ragdoll,Proventus Avenicci,0001A67D,NPC R Forearm [RLar],15,15.583,15.583,31.193,83.374,5.052,6.0000,11.658,-299.263,-164.388,-288.451,-0.9238,0.3522,-0.1504,-11.175,-82.029,9.875,DeadBip,Skin,shape,000001EB3A29DF00,6,1,1,-,
310,1916.217,11.0907,impact,ragdoll,Proventus Avenicci,0001A67D,NPC Spine1 [Spn1],6,15.583,-15.583,31.193,22.604,1.582,4.0000,18.878,-299.263,-164.388,-288.451,-0.9238,0.3522,-0.1504,-16.115,-14.807,-5.655,DeadBip,Skin,shape,000001EB3A167700,15,1,1,-,
311,1916.862,11.0907,touch,ragdoll,Proventus Avenicci,0001A67D,NPC R Foot [Rft ],8,0.000,0.000,0.000,73.233,6.967,3.0000,10.011,0.000,0.000,0.000,0.0000,0.0000,0.0000,52.818,-37.119,-34.577,Static,-,-,000001EAE4AAA500,-,0,0,-,
312,1926.398,11.0907,listener,ragdoll,Proventus Avenicci,0001A67D,-,-,0.000,0.000,0.000,0.000,0.000,0.0000,0.000,-311.888,-308.942,-318.000,0.1924,0.9813,0.0000,0.000,0.000,0.000,-,-,-,0000000000000000,-,0,0,-,tick
313,1937.514,11.0907,impact,ragdoll,Proventus Avenicci,0001A67D,NPC R Foot [Rft ],8,46.765,46.765,147.535,73.155,6.964,3.0000,10.011,-282.573,-119.428,-318.000,0.0000,0.0000,1.0000,52.761,-37.080,-34.540,Static,Carpet,shape,000001EAE4AAA500,-,1,1,-,
314,1947.515,11.0907,listener,ragdoll,Proventus Avenicci,0001A67D,-,-,0.000,0.000,0.000,0.000,0.000,0.0000,0.000,-311.888,-308.942,-318.000,0.1924,0.9813,0.0000,0.000,0.000,0.000,-,-,-,0000000000000000,-,0,0,-,tick
315,1979.266,11.0909,separate,ragdoll,Proventus Avenicci,0001A67D,NPC R Hand [RHnd],17,0.000,0.000,0.000,117.349,10.429,4.0000,8.334,0.000,0.000,0.000,0.0000,0.0000,0.0000,16.829,-110.765,-34.908,Static,-,-,000001EAE4AAA500,-,0,0,-,
316,1979.700,11.0909,separate,ragdoll,Proventus Avenicci,0001A67D,NPC R Forearm [RLar],15,0.000,0.000,0.000,84.776,5.495,6.0000,11.658,0.000,0.000,0.000,0.0000,0.0000,0.0000,-35.108,-63.222,-44.243,DeadBip,-,-,000001EB3A29DF00,6,0,0,-,
317,1979.701,11.0909,separate,ragdoll,Proventus Avenicci,0001A67D,NPC Spine1 [Spn1],6,0.000,0.000,0.000,41.639,2.745,4.0000,18.878,0.000,0.000,0.000,0.0000,0.0000,0.0000,-32.877,-19.633,-16.353,DeadBip,-,-,000001EB3A167700,15,0,0,-,
318,1987.516,11.0909,listener,ragdoll,Proventus Avenicci,0001A67D,-,-,0.000,0.000,0.000,0.000,0.000,0.0000,0.000,-311.888,-308.942,-318.000,0.1924,0.9813,0.0000,0.000,0.000,0.000,-,-,-,0000000000000000,-,0,0,-,tick
319,2000.115,11.0909,separate,ragdoll,Proventus Avenicci,0001A67D,NPC Spine1 [Spn1],6,0.000,0.000,0.000,43.440,3.003,4.0000,18.878,0.000,0.000,0.000,0.0000,0.0000,0.0000,-31.937,-20.680,-20.961,DeadBip,-,-,000001EB3A166E00,14,0,0,-,
320,2000.116,11.0909,separate,ragdoll,Proventus Avenicci,0001A67D,NPC L Forearm [LLar],14,0.000,0.000,0.000,119.470,8.058,2.0000,11.658,0.000,0.000,0.000,0.0000,0.0000,0.0000,-88.086,-45.966,66.341,DeadBip,-,-,000001EB3A29DF00,6,0,0,-,
321,2000.302,11.0909,impact,ragdoll,Proventus Avenicci,0001A67D,NPC R Thigh [RThg],2,19.144,19.144,5.358,9.230,0.807,6.0000,20.487,-275.022,-154.549,-310.540,-0.8872,0.4594,-0.0417,7.823,-4.868,-0.550,DeadBip,Skin,shape,000001EB3A29CA00,1,0,1,-,
322,2000.302,11.0909,impact,ragdoll,Proventus Avenicci,0001A67D,NPC L Thigh [LThg],1,19.144,-19.144,5.358,4.362,0.588,6.0000,20.487,-275.022,-154.549,-310.540,-0.8872,0.4594,-0.0417,-4.118,-0.665,-1.276,DeadBip,Skin,shape,000001EB3A29C100,2,0,1,-,
323,2000.533,11.0909,touch,ragdoll,Proventus Avenicci,0001A67D,NPC R Hand [RHnd],17,0.000,0.000,0.000,107.935,12.888,4.0000,8.334,0.000,0.000,0.000,0.0000,0.0000,0.0000,10.984,-101.349,-35.464,Static,-,-,000001EAE4AAA500,-,0,0,-,
324,2008.776,11.0909,listener,ragdoll,Proventus Avenicci,0001A67D,-,-,0.000,0.000,0.000,0.000,0.000,0.0000,0.000,-311.888,-308.942,-318.000,0.1924,0.9813,0.0000,0.000,0.000,0.000,-,-,-,0000000000000000,-,0,0,-,tick
325,2020.784,11.0909,impact,ragdoll,Proventus Avenicci,0001A67D,NPC R Hand [RHnd],17,35.258,35.258,209.865,107.821,12.881,4.0000,8.334,-310.146,-176.032,-318.000,0.0000,-0.0000,1.0000,10.973,-101.242,-35.426,Static,Carpet,shape,000001EAE4AAA500,-,1,1,-,
326,2020.997,11.0909,separate,ragdoll,Proventus Avenicci,0001A67D,NPC R Hand [RHnd],17,0.000,0.000,0.000,103.927,13.113,4.0000,8.334,0.000,0.000,0.000,0.0000,0.0000,0.0000,13.202,-103.063,-2.129,DeadBip,-,-,000001EB3A29C100,2,0,0,-,
327,2020.997,11.0909,separate,ragdoll,Proventus Avenicci,0001A67D,NPC R Thigh [RThg],2,0.000,0.000,0.000,4.963,0.812,6.0000,20.487,0.000,0.000,0.000,0.0000,0.0000,0.0000,4.744,-1.458,-0.041,DeadBip,-,-,000001EB3A167400,17,0,0,-,
328,2049.704,11.0910,listener,ragdoll,Proventus Avenicci,0001A67D,-,-,0.000,0.000,0.000,0.000,0.000,0.0000,0.000,-311.888,-308.942,-318.000,0.1924,0.9813,0.0000,0.000,0.000,0.000,-,-,-,0000000000000000,-,0,0,-,tick
329,2062.102,11.0910,touch,ragdoll,Proventus Avenicci,0001A67D,NPC R Foot [Rft ],8,0.000,0.000,0.000,11.676,5.857,3.0000,10.011,0.000,0.000,0.000,0.0000,0.0000,0.0000,-7.256,0.927,-9.100,Static,-,-,000001EA56BED300,-,0,0,-,
330,2070.913,11.0911,listener,ragdoll,Proventus Avenicci,0001A67D,-,-,0.000,0.000,0.000,0.000,0.000,0.0000,0.000,-311.888,-308.942,-318.000,0.1924,0.9813,0.0000,0.000,0.000,0.000,-,-,-,0000000000000000,-,0,0,-,tick
331,2082.228,11.0911,separate,ragdoll,Proventus Avenicci,0001A67D,NPC L Forearm [LLar],14,0.000,0.000,0.000,83.931,8.971,2.0000,11.658,0.000,0.000,0.000,0.0000,0.0000,0.0000,-77.914,-30.360,7.225,DeadBip,-,-,000001EB3A29DC00,9,0,0,-,
332,2082.228,11.0911,separate,ragdoll,Proventus Avenicci,0001A67D,NPC Spine2 [Spn2],9,0.000,0.000,0.000,84.284,3.409,7.0000,23.052,0.000,0.000,0.000,0.0000,0.0000,0.0000,-59.939,-54.741,-22.685,DeadBip,-,-,000001EB3A166E00,14,0,0,-,
333,2082.595,11.0911,touch,ragdoll,Proventus Avenicci,0001A67D,NPC L Forearm [LLar],14,0.000,0.000,0.000,83.623,8.871,2.0000,11.658,0.000,0.000,0.000,0.0000,0.0000,0.0000,-78.700,-27.630,-5.977,DeadBip,-,-,000001EB3A29DC00,9,0,0,-,
334,2082.596,11.0911,touch,ragdoll,Proventus Avenicci,0001A67D,NPC Spine2 [Spn2],9,0.000,0.000,0.000,85.109,3.463,7.0000,23.052,0.000,0.000,0.000,0.0000,0.0000,0.0000,-58.792,-55.778,-26.000,DeadBip,-,-,000001EB3A166E00,14,0,0,-,
335,2102.080,11.0912,impact,ragdoll,Proventus Avenicci,0001A67D,NPC L Forearm [LLar],14,12.139,12.139,95.565,83.537,8.866,2.0000,11.658,-289.231,-174.985,-270.229,0.5548,-0.7690,0.3176,-78.619,-27.601,-5.971,DeadBip,Skin,shape,000001EB3A29DC00,9,1,1,-,
336,2102.081,11.0912,impact,ragdoll,Proventus Avenicci,0001A67D,NPC Spine2 [Spn2],9,12.139,-12.139,95.565,85.022,3.461,7.0000,23.052,-289.231,-174.985,-270.229,0.5548,-0.7690,0.3176,-58.731,-55.720,-25.973,DeadBip,Skin,shape,000001EB3A166E00,14,1,1,-,
337,2102.297,11.0912,touch,ragdoll,Proventus Avenicci,0001A67D,NPC R Forearm [RLar],15,0.000,0.000,0.000,90.679,2.023,6.0000,11.658,0.000,0.000,0.000,0.0000,0.0000,0.0000,0.255,-47.003,-77.546,Static,-,-,000001EAE4AAA500,-,0,0,-,
338,2102.482,11.0912,impact,ragdoll,Proventus Avenicci,0001A67D,NPC R Forearm [RLar],15,74.648,74.648,50.563,90.586,2.022,6.0000,11.658,-311.552,-178.922,-318.000,0.0000,0.0000,1.0000,0.254,-46.954,-77.466,Static,Carpet,shape,000001EAE4AAA500,-,1,1,-,
339,2102.656,11.0912,touch,ragdoll,Proventus Avenicci,0001A67D,NPC R Hand [RHnd],17,0.000,0.000,0.000,54.622,6.939,4.0000,8.334,0.000,0.000,0.000,0.0000,0.0000,0.0000,4.273,-53.313,-11.088,Static,-,-,000001EA56BED300,-,0,0,-,
340,2111.389,11.0912,listener,ragdoll,Proventus Avenicci,0001A67D,-,-,0.000,0.000,0.000,0.000,0.000,0.0000,0.000,-311.888,-308.942,-318.000,0.1924,0.9813,0.0000,0.000,0.000,0.000,-,-,-,0000000000000000,-,0,0,-,tick
341,2122.662,11.0912,impact,ragdoll,Proventus Avenicci,0001A67D,NPC R Hand [RHnd],17,11.110,11.110,17.930,54.566,6.935,4.0000,8.334,-309.598,-183.958,-319.650,-0.0000,-0.0000,1.0000,4.269,-53.259,-11.077,Static,Wood,shape,000001EA56BED300,-,1,1,-,
342,2151.772,11.0913,listener,ragdoll,Proventus Avenicci,0001A67D,-,-,0.000,0.000,0.000,0.000,0.000,0.0000,0.000,-311.888,-308.942,-318.000,0.1924,0.9813,0.0000,0.000,0.000,0.000,-,-,-,0000000000000000,-,0,0,-,tick
343,2164.948,11.0913,touch,ragdoll,Proventus Avenicci,0001A67D,NPC L Hand [LHnd],16,0.000,0.000,0.000,117.788,9.756,4.0000,8.334,0.000,0.000,0.000,0.0000,0.0000,0.0000,-80.577,39.825,-76.127,DeadBip,-,-,000001EB3A29DC00,9,0,0,-,
344,2164.949,11.0913,touch,ragdoll,Proventus Avenicci,0001A67D,NPC Spine2 [Spn2],9,0.000,0.000,0.000,89.635,3.571,7.0000,23.052,0.000,0.000,0.000,0.0000,0.0000,0.0000,-58.259,-51.959,-44.053,DeadBip,-,-,000001EB3A166B00,16,0,0,-,
345,2172.580,11.0914,listener,ragdoll,Proventus Avenicci,0001A67D,-,-,0.000,0.000,0.000,0.000,0.000,0.0000,0.000,-311.888,-308.942,-318.000,0.1924,0.9813,0.0000,0.000,0.000,0.000,-,-,-,0000000000000000,-,0,0,-,tick
346,2184.728,11.0914,impact,ragdoll,Proventus Avenicci,0001A67D,NPC L Hand [LHnd],16,91.451,91.451,119.325,117.668,9.751,4.0000,8.334,-301.725,-178.593,-267.508,-0.0656,-0.6863,0.7243,-80.495,39.785,-76.049,DeadBip,Skin,shape,000001EB3A29DC00,9,1,1,-,
347,2184.729,11.0914,impact,ragdoll,Proventus Avenicci,0001A67D,NPC Spine2 [Spn2],9,91.451,-91.451,119.325,89.544,3.569,7.0000,23.052,-301.725,-178.593,-267.508,-0.0656,-0.6863,0.7243,-58.200,-51.906,-44.008,DeadBip,Skin,shape,000001EB3A166B00,16,1,1,-,
348,2206.094,11.0915,touch,ragdoll,Proventus Avenicci,0001A67D,NPC R Forearm [RLar],15,0.000,0.000,0.000,74.275,3.768,6.0000,11.658,0.000,0.000,0.000,0.0000,0.0000,0.0000,11.979,-26.414,-68.378,Static,-,-,000001EA56BED300,-,0,0,-,
349,2214.764,11.0915,listener,ragdoll,Proventus Avenicci,0001A67D,-,-,0.000,0.000,0.000,0.000,0.000,0.0000,0.000,-311.888,-308.942,-318.000,0.1924,0.9813,0.0000,0.000,0.000,0.000,-,-,-,0000000000000000,-,0,0,-,tick
350,2226.489,11.0915,impact,ragdoll,Proventus Avenicci,0001A67D,NPC R Forearm [RLar],15,50.317,50.317,55.761,74.199,3.766,6.0000,11.658,-310.564,-182.187,-319.650,0.0000,-0.0000,1.0000,11.967,-26.387,-68.308,Static,Wood,shape,000001EA56BED300,-,1,1,-,
351,2236.302,11.0916,listener,ragdoll,Proventus Avenicci,0001A67D,-,-,0.000,0.000,0.000,0.000,0.000,0.0000,0.000,-311.888,-308.942,-318.000,0.1924,0.9813,0.0000,0.000,0.000,0.000,-,-,-,0000000000000000,-,0,0,-,tick
352,2269.621,11.0917,touch,ragdoll,Proventus Avenicci,0001A67D,NPC R UpperArm [RUar],12,0.000,0.000,0.000,95.340,2.715,2.0000,14.463,0.000,0.000,0.000,0.0000,0.0000,0.0000,-8.924,-17.043,-93.379,Static,-,-,000001EAE4AAA500,-,0,0,-,
353,2278.871,11.0917,listener,ragdoll,Proventus Avenicci,0001A67D,-,-,0.000,0.000,0.000,0.000,0.000,0.0000,0.000,-311.888,-308.942,-318.000,0.1924,0.9813,0.0000,0.000,0.000,0.000,-,-,-,0000000000000000,-,0,0,-,tick
354,2289.829,11.0917,impact,ragdoll,Proventus Avenicci,0001A67D,NPC R UpperArm [RUar],12,91.470,91.470,18.731,95.240,2.714,2.0000,14.463,-320.163,-172.015,-318.000,-0.0000,-0.0000,1.0000,-8.915,-17.025,-93.281,Static,Carpet,shape,000001EAE4AAA500,-,1,1,-,
355,2290.419,11.0917,touch,ragdoll,Proventus Avenicci,0001A67D,NPC Spine [Spn0],3,0.000,0.000,0.000,28.642,1.483,4.0000,17.297,0.000,0.000,0.000,0.0000,0.0000,0.0000,-27.382,-8.307,1.250,Static,-,-,000001EAE4AAA500,-,0,0,-,
356,2298.889,11.0917,listener,ragdoll,Proventus Avenicci,0001A67D,-,-,0.000,0.000,0.000,0.000,0.000,0.0000,0.000,-311.888,-308.942,-318.000,0.1924,0.9813,0.0000,0.000,0.000,0.000,-,-,-,0000000000000000,-,0,0,-,tick
357,2331.023,11.0918,touch,ragdoll,Proventus Avenicci,0001A67D,NPC R Forearm [RLar],15,0.000,0.000,0.000,4.692,0.897,6.0000,11.658,0.000,0.000,0.000,0.0000,0.0000,0.0000,-3.433,-1.101,3.004,DeadBip,-,-,000001EB3A29DF00,6,0,0,-,
358,2331.024,11.0918,touch,ragdoll,Proventus Avenicci,0001A67D,NPC Spine1 [Spn1],6,0.000,0.000,0.000,50.241,1.432,4.0000,18.878,0.000,0.000,0.000,0.0000,0.0000,0.0000,-41.803,-20.788,-18.563,DeadBip,-,-,000001EB3A167700,15,0,0,-,
359,2339.871,11.0918,listener,ragdoll,Proventus Avenicci,0001A67D,-,-,0.000,0.000,0.000,0.000,0.000,0.0000,0.000,-311.888,-308.942,-318.000,0.1924,0.9813,0.0000,0.000,0.000,0.000,-,-,-,0000000000000000,-,0,0,-,tick
360,2350.880,11.0918,impact,ragdoll,Proventus Avenicci,0001A67D,NPC R Forearm [RLar],15,40.266,40.266,18.501,4.688,0.897,6.0000,11.658,-305.044,-178.460,-304.871,-0.4404,-0.3706,-0.8177,-3.429,-1.100,3.000,DeadBip,Skin,shape,000001EB3A29DF00,6,1,1,-,
361,2350.881,11.0918,impact,ragdoll,Proventus Avenicci,0001A67D,NPC Spine1 [Spn1],6,40.266,-40.266,18.501,50.189,1.431,4.0000,18.878,-305.044,-178.460,-304.871,-0.4404,-0.3706,-0.8177,-41.759,-20.766,-18.543,DeadBip,Skin,shape,000001EB3A167700,15,1,1,-,
362,2351.455,11.0918,touch,ragdoll,Proventus Avenicci,0001A67D,NPC R Hand [RHnd],17,0.000,0.000,0.000,2.433,1.013,4.0000,8.334,0.000,0.000,0.000,0.0000,0.0000,0.0000,0.907,-2.257,0.008,DeadBip,-,-,000001EB3A29DF00,6,0,0,-,
363,2351.455,11.0918,touch,ragdoll,Proventus Avenicci,0001A67D,NPC Spine1 [Spn1],6,0.000,0.000,0.000,55.565,1.290,4.0000,18.878,0.000,0.000,0.000,0.0000,0.0000,0.0000,-44.666,-24.017,-22.706,DeadBip,-,-,000001EB3A167400,17,0,0,-,
364,2371.226,11.0920,impact,ragdoll,Proventus Avenicci,0001A67D,NPC R Hand [RHnd],17,39.776,39.776,25.962,2.430,1.012,4.0000,8.334,-304.488,-181.055,-304.494,-0.2921,-0.6004,-0.7445,0.906,-2.255,0.008,DeadBip,Skin,shape,000001EB3A29DF00,6,1,1,-,
365,2371.227,11.0920,impact,ragdoll,Proventus Avenicci,0001A67D,NPC Spine1 [Spn1],6,39.776,-39.776,25.962,55.508,1.290,4.0000,18.878,-304.488,-181.055,-304.494,-0.2921,-0.6004,-0.7445,-44.620,-23.992,-22.683,DeadBip,Skin,shape,000001EB3A167400,17,1,1,-,
366,2371.457,11.0920,touch,ragdoll,Proventus Avenicci,0001A67D,NPC R UpperArm [RUar],12,0.000,0.000,0.000,27.593,2.731,2.0000,14.463,0.000,0.000,0.000,0.0000,0.0000,0.0000,-27.082,1.352,-5.110,Static,-,-,000001EA56BED300,-,0,0,-,
367,2380.490,11.0920,listener,ragdoll,Proventus Avenicci,0001A67D,-,-,0.000,0.000,0.000,0.000,0.000,0.0000,0.000,-311.888,-308.942,-318.000,0.1924,0.9813,0.0000,0.000,0.000,0.000,-,-,-,0000000000000000,-,0,0,-,tick
368,2400.564,11.0920,listener,ragdoll,Proventus Avenicci,0001A67D,-,-,0.000,0.000,0.000,0.000,0.000,0.0000,0.000,-311.888,-308.942,-318.000,0.1924,0.9813,0.0000,0.000,0.000,0.000,-,-,-,0000000000000000,-,0,0,-,tick
369,2411.505,11.0920,touch,ragdoll,Proventus Avenicci,0001A67D,NPC R Forearm [RLar],15,0.000,0.000,0.000,10.474,2.575,6.0000,11.658,0.000,0.000,0.000,0.0000,0.0000,0.0000,-6.516,-7.955,-1.992,DeadBip,-,-,000001EB3A29D000,3,0,0,-,
370,2411.506,11.0920,touch,ragdoll,Proventus Avenicci,0001A67D,NPC Spine [Spn0],3,0.000,0.000,0.000,33.724,2.160,4.0000,17.297,0.000,0.000,0.000,0.0000,0.0000,0.0000,-26.179,-16.528,-13.371,DeadBip,-,-,000001EB3A167700,15,0,0,-,
371,2411.724,11.0920,impact,ragdoll,Proventus Avenicci,0001A67D,NPC R Forearm [RLar],15,19.603,19.603,48.706,10.464,2.574,6.0000,11.658,-302.060,-177.674,-308.593,-0.7349,-0.4749,-0.4842,-6.510,-7.947,-1.990,DeadBip,Skin,shape,000001EB3A29D000,3,1,1,-,
372,2411.724,11.0920,impact,ragdoll,Proventus Avenicci,0001A67D,NPC Spine [Spn0],3,19.603,-19.603,48.706,33.689,2.159,4.0000,17.297,-302.060,-177.674,-308.593,-0.7349,-0.4749,-0.4842,-26.152,-16.511,-13.357,DeadBip,Skin,shape,000001EB3A167700,15,1,1,-,
373,2441.547,11.0921,listener,ragdoll,Proventus Avenicci,0001A67D,-,-,0.000,0.000,0.000,0.000,0.000,0.0000,0.000,-311.888,-308.942,-318.000,0.1924,0.9813,0.0000,0.000,0.000,0.000,-,-,-,0000000000000000,-,0,0,-,tick
374,2452.382,11.0921,touch,ragdoll,Proventus Avenicci,0001A67D,NPC R Hand [RHnd],17,0.000,0.000,0.000,5.718,1.229,4.0000,8.334,0.000,0.000,0.000,0.0000,0.0000,0.0000,-5.544,1.399,0.014,DeadBip,-,-,000001EB3A29D000,3,0,0,-,
375,2452.383,11.0921,touch,ragdoll,Proventus Avenicci,0001A67D,NPC Spine [Spn0],3,0.000,0.000,0.000,28.378,2.157,4.0000,17.297,0.000,0.000,0.000,0.0000,0.0000,0.0000,-18.391,-17.540,-12.626,DeadBip,-,-,000001EB3A167400,17,0,0,-,
376,2452.606,11.0921,impact,ragdoll,Proventus Avenicci,0001A67D,NPC R Hand [RHnd],17,21.457,21.457,31.034,5.713,1.228,4.0000,8.334,-301.530,-180.205,-308.438,-0.5842,-0.7045,-0.4030,-5.539,1.398,0.014,DeadBip,Skin,shape,000001EB3A29D000,3,1,1,-,
377,2452.607,11.0921,impact,ragdoll,Proventus Avenicci,0001A67D,NPC Spine [Spn0],3,21.457,-21.457,31.034,28.349,2.156,4.0000,17.297,-301.530,-180.205,-308.438,-0.5842,-0.7045,-0.4030,-18.373,-17.522,-12.614,DeadBip,Skin,shape,000001EB3A167400,17,1,1,-,
378,2452.787,11.0921,separate,ragdoll,Proventus Avenicci,0001A67D,NPC L Hand [LHnd],16,0.000,0.000,0.000,243.690,9.433,4.0000,8.334,0.000,0.000,0.000,0.0000,0.0000,0.0000,17.586,-61.635,-235.110,DeadBip,-,-,000001EB3A29DC00,9,0,0,-,
379,2452.787,11.0921,separate,ragdoll,Proventus Avenicci,0001A67D,NPC Spine2 [Spn2],9,0.000,0.000,0.000,69.305,2.601,7.0000,23.052,0.000,0.000,0.000,0.0000,0.0000,0.0000,-30.508,-50.024,-37.015,DeadBip,-,-,000001EB3A166B00,16,0,0,-,
380,2461.799,11.0922,listener,ragdoll,Proventus Avenicci,0001A67D,-,-,0.000,0.000,0.000,0.000,0.000,0.0000,0.000,-311.888,-308.942,-318.000,0.1924,0.9813,0.0000,0.000,0.000,0.000,-,-,-,0000000000000000,-,0,0,-,tick
381,2492.511,11.0923,touch,ragdoll,Proventus Avenicci,0001A67D,NPC R Forearm [RLar],15,0.000,0.000,0.000,5.274,2.530,6.0000,11.658,0.000,0.000,0.000,0.0000,0.0000,0.0000,3.124,4.249,0.010,DeadBip,-,-,000001EB3A29DC00,9,0,0,-,
382,2492.512,11.0923,touch,ragdoll,Proventus Avenicci,0001A67D,NPC Spine2 [Spn2],9,0.000,0.000,0.000,76.748,3.837,7.0000,23.052,0.000,0.000,0.000,0.0000,0.0000,0.0000,-27.552,-52.980,-48.211,DeadBip,-,-,000001EB3A167700,15,0,0,-,
383,2492.528,11.0923,touch,ragdoll,Proventus Avenicci,0001A67D,NPC L Hand [LHnd],16,0.000,0.000,0.000,242.076,8.999,4.0000,8.334,0.000,0.000,0.000,0.0000,0.0000,0.0000,40.510,-59.048,-231.242,Static,-,-,000001EAE4AAA500,-,0,0,-,
384,2492.750,11.0923,impact,ragdoll,Proventus Avenicci,0001A67D,NPC R Thigh [RThg],2,11.712,11.712,9.449,14.994,0.603,6.0000,20.487,-297.268,-171.027,-318.000,0.0000,-0.0000,1.0000,-9.286,-10.212,-5.856,Static,Carpet,shape,000001EAE4AAA500,-,0,1,-,
385,2492.760,11.0923,impact,ragdoll,Proventus Avenicci,0001A67D,NPC R Forearm [RLar],15,28.492,28.492,20.507,5.269,2.529,6.0000,11.658,-316.905,-179.564,-303.665,0.1553,0.1427,-0.9775,3.121,4.245,0.010,DeadBip,Skin,shape,000001EB3A29DC00,9,1,1,-,
386,2492.760,11.0923,impact,ragdoll,Proventus Avenicci,0001A67D,NPC Spine2 [Spn2],9,28.492,-28.492,20.507,76.671,3.835,7.0000,23.052,-316.905,-179.564,-303.665,0.1553,0.1427,-0.9775,-27.524,-52.926,-48.163,DeadBip,Skin,shape,000001EB3A167700,15,1,1,-,
387,2492.762,11.0923,impact,ragdoll,Proventus Avenicci,0001A67D,NPC L Hand [LHnd],16,231.068,231.068,104.689,241.833,8.995,4.0000,8.334,-318.048,-203.776,-318.000,0.0000,0.0000,1.0000,40.469,-58.989,-231.010,Static,Carpet,shape,000001EAE4AAA500,-,1,1,-,
388,2502.493,11.0923,listener,ragdoll,Proventus Avenicci,0001A67D,-,-,0.000,0.000,0.000,0.000,0.000,0.0000,0.000,-311.888,-308.942,-318.000,0.1924,0.9813,0.0000,0.000,0.000,0.000,-,-,-,0000000000000000,-,0,0,-,tick
389,2513.368,11.0923,touch,ragdoll,Proventus Avenicci,0001A67D,NPC R Forearm [RLar],15,0.000,0.000,0.000,8.275,3.505,6.0000,11.658,0.000,0.000,0.000,0.0000,0.0000,0.0000,5.757,5.943,0.028,DeadBip,-,-,000001EB3A29C100,2,0,0,-,
390,2513.368,11.0923,touch,ragdoll,Proventus Avenicci,0001A67D,NPC R Thigh [RThg],2,0.000,0.000,0.000,12.232,0.442,6.0000,20.487,0.000,0.000,0.000,0.0000,0.0000,0.0000,-7.567,-8.331,4.790,DeadBip,-,-,000001EB3A167700,15,0,0,-,
391,2513.384,11.0923,touch,ragdoll,Proventus Avenicci,0001A67D,NPC Spine2 [Spn2],9,0.000,0.000,0.000,72.780,2.981,7.0000,23.052,0.000,0.000,0.000,0.0000,0.0000,0.0000,-20.457,-50.960,-47.765,DeadBip,-,-,000001EB3A167400,17,0,0,-,
392,2513.384,11.0923,touch,ragdoll,Proventus Avenicci,0001A67D,NPC R Hand [RHnd],17,0.000,0.000,0.000,4.523,1.047,4.0000,8.334,0.000,0.000,0.000,0.0000,0.0000,0.0000,-4.059,-1.995,0.012,DeadBip,-,-,000001EB3A29DC00,9,0,0,-,
393,2513.579,11.0923,impact,ragdoll,Proventus Avenicci,0001A67D,NPC Spine2 [Spn2],9,40.694,40.694,34.406,72.706,2.980,7.0000,23.052,-310.724,-187.108,-309.015,-0.4470,0.2542,0.8577,-20.436,-50.908,-47.716,DeadBip,Skin,shape,000001EB3A167400,17,1,1,-,
394,2513.579,11.0923,impact,ragdoll,Proventus Avenicci,0001A67D,NPC R Hand [RHnd],17,40.694,-40.694,34.406,4.518,1.047,4.0000,8.334,-310.724,-187.108,-309.015,-0.4470,0.2542,0.8577,-4.055,-1.993,0.012,DeadBip,Skin,shape,000001EB3A29DC00,9,1,1,-,
395,2513.582,11.0923,impact,ragdoll,Proventus Avenicci,0001A67D,NPC R Forearm [RLar],15,11.532,11.532,37.951,8.266,3.503,6.0000,11.658,-302.478,-175.769,-312.276,-0.7335,-0.6593,-0.1651,5.752,5.937,0.028,DeadBip,Skin,shape,000001EB3A29C100,2,1,1,-,
396,2513.582,11.0923,impact,ragdoll,Proventus Avenicci,0001A67D,NPC R Thigh [RThg],2,11.532,-11.532,37.951,12.220,0.442,6.0000,20.487,-302.478,-175.769,-312.276,-0.7335,-0.6593,-0.1651,-7.560,-8.323,4.785,DeadBip,Skin,shape,000001EB3A167700,15,1,1,-,
397,2523.207,11.0924,listener,ragdoll,Proventus Avenicci,0001A67D,-,-,0.000,0.000,0.000,0.000,0.000,0.0000,0.000,-311.888,-308.942,-318.000,0.1924,0.9813,0.0000,0.000,0.000,0.000,-,-,-,0000000000000000,-,0,0,-,tick
398,2563.470,11.0925,listener,ragdoll,Proventus Avenicci,0001A67D,-,-,0.000,0.000,0.000,0.000,0.000,0.0000,0.000,-311.888,-308.942,-318.000,0.1924,0.9813,0.0000,0.000,0.000,0.000,-,-,-,0000000000000000,-,0,0,-,tick
399,2575.269,11.0925,separate,ragdoll,Proventus Avenicci,0001A67D,NPC R Calf [RClf],4,0.000,0.000,0.000,12.946,0.505,6.0000,19.675,0.000,0.000,0.000,0.0000,0.0000,0.0000,-6.786,-5.216,9.712,Static,-,-,000001EA56BED300,-,0,0,-,
400,2604.768,11.0926,listener,ragdoll,Proventus Avenicci,0001A67D,-,-,0.000,0.000,0.000,0.000,0.000,0.0000,0.000,-311.888,-308.942,-318.000,0.1924,0.9813,0.0000,0.000,0.000,0.000,-,-,-,0000000000000000,-,0,0,-,tick
401,2616.192,11.0926,separate,ragdoll,Proventus Avenicci,0001A67D,NPC L Forearm [LLar],14,0.000,0.000,0.000,94.407,8.189,2.0000,11.658,0.000,0.000,0.000,0.0000,0.0000,0.0000,15.885,-20.186,-90.846,DeadBip,-,-,000001EB3A29DC00,9,0,0,-,
402,2616.193,11.0926,separate,ragdoll,Proventus Avenicci,0001A67D,NPC Spine2 [Spn2],9,0.000,0.000,0.000,57.324,4.474,7.0000,23.052,0.000,0.000,0.000,0.0000,0.0000,0.0000,16.495,-45.990,-29.982,DeadBip,-,-,000001EB3A166E00,14,0,0,-,
403,2616.196,11.0926,touch,ragdoll,Proventus Avenicci,0001A67D,NPC Spine1 [Spn1],6,0.000,0.000,0.000,28.352,2.614,4.0000,18.878,0.000,0.000,0.000,0.0000,0.0000,0.0000,-2.334,-28.156,-2.380,Static,-,-,000001EAE4AAA500,-,0,0,-,
404,2616.198,11.0926,touch,ragdoll,Proventus Avenicci,0001A67D,NPC L Forearm [LLar],14,0.000,0.000,0.000,94.407,8.189,2.0000,11.658,0.000,0.000,0.000,0.0000,0.0000,0.0000,15.885,-20.186,-90.846,Static,-,-,000001EAE4AAA500,-,0,0,-,
405,2616.411,11.0926,impact,ragdoll,Proventus Avenicci,0001A67D,NPC L Forearm [LLar],14,74.676,74.676,47.431,94.312,8.185,2.0000,11.658,-313.647,-211.065,-318.000,-0.0000,-0.0000,1.0000,15.870,-20.165,-90.754,Static,Carpet,shape,000001EAE4AAA500,-,1,1,-,
406,2616.591,11.0926,touch,ragdoll,Proventus Avenicci,0001A67D,NPC L Hand [LHnd],16,0.000,0.000,0.000,63.375,14.198,4.0000,8.334,0.000,0.000,0.000,0.0000,0.0000,0.0000,5.478,-57.567,-25.929,Static,-,-,000001EA56BED300,-,0,0,-,
407,2625.307,11.0926,listener,ragdoll,Proventus Avenicci,0001A67D,-,-,0.000,0.000,0.000,0.000,0.000,0.0000,0.000,-311.888,-308.942,-318.000,0.1924,0.9813,0.0000,0.000,0.000,0.000,-,-,-,0000000000000000,-,0,0,-,tick
408,2637.145,11.0926,impact,ragdoll,Proventus Avenicci,0001A67D,NPC L Hand [LHnd],16,25.814,25.814,86.605,63.310,14.191,4.0000,8.334,-319.395,-212.457,-319.650,-0.0000,0.0000,1.0000,5.473,-57.509,-25.903,Static,Wood,shape,000001EA56BED300,-,1,1,-,
409,2637.733,11.0926,touch,ragdoll,Proventus Avenicci,0001A67D,NPC L Forearm [LLar],14,0.000,0.000,0.000,67.760,4.615,2.0000,11.658,0.000,0.000,0.000,0.0000,0.0000,0.0000,34.634,-8.230,-57.656,DeadBip,-,-,000001EB3A29DC00,9,0,0,-,
410,2637.733,11.0926,touch,ragdoll,Proventus Avenicci,0001A67D,NPC Spine2 [Spn2],9,0.000,0.000,0.000,61.564,4.178,7.0000,23.052,0.000,0.000,0.000,0.0000,0.0000,0.0000,24.511,-42.525,-37.162,DeadBip,-,-,000001EB3A166E00,14,0,0,-,
411,2657.989,11.0927,impact,ragdoll,Proventus Avenicci,0001A67D,NPC L Forearm [LLar],14,10.342,10.342,41.112,67.691,4.612,2.0000,11.658,-310.716,-201.373,-301.937,0.3988,-0.7017,-0.5903,34.599,-8.222,-57.597,DeadBip,Skin,shape,000001EB3A29DC00,9,1,1,-,
412,2657.989,11.0927,impact,ragdoll,Proventus Avenicci,0001A67D,NPC Spine2 [Spn2],9,10.342,-10.342,41.112,61.502,4.176,7.0000,23.052,-310.716,-201.373,-301.937,0.3988,-0.7017,-0.5903,24.486,-42.482,-37.124,DeadBip,Skin,shape,000001EB3A166E00,14,1,1,-,
413,2666.768,11.0927,listener,ragdoll,Proventus Avenicci,0001A67D,-,-,0.000,0.000,0.000,0.000,0.000,0.0000,0.000,-311.888,-308.942,-318.000,0.1924,0.9813,0.0000,0.000,0.000,0.000,-,-,-,0000000000000000,-,0,0,-,tick
414,2679.921,11.0927,touch,ragdoll,Proventus Avenicci,0001A67D,NPC L UpperArm [LUar],10,0.000,0.000,0.000,85.371,4.210,2.0000,14.463,0.000,0.000,0.000,0.0000,0.0000,0.0000,19.038,-20.296,-80.708,Static,-,-,000001EAE4AAA500,-,0,0,-,
415,2688.550,11.0928,listener,ragdoll,Proventus Avenicci,0001A67D,-,-,0.000,0.000,0.000,0.000,0.000,0.0000,0.000,-311.888,-308.942,-318.000,0.1924,0.9813,0.0000,0.000,0.000,0.000,-,-,-,0000000000000000,-,0,0,-,tick
416,2700.602,11.0928,impact,ragdoll,Proventus Avenicci,0001A67D,NPC L UpperArm [LUar],10,72.267,72.267,55.247,85.283,4.208,2.0000,14.463,-303.681,-207.396,-318.000,-0.0000,-0.0000,1.0000,19.019,-20.275,-80.625,Static,Carpet,shape,000001EAE4AAA500,-,1,1,-,
417,2700.810,11.0928,separate,ragdoll,Proventus Avenicci,0001A67D,NPC Spine1 [Spn1],6,0.000,0.000,0.000,42.201,2.866,4.0000,18.878,0.000,0.000,0.000,0.0000,0.0000,0.0000,2.606,-36.409,21.178,Static,-,-,000001EAE4AAA500,-,0,0,-,
418,2700.815,11.0928,touch,ragdoll,Proventus Avenicci,0001A67D,NPC Head [Head],13,0.000,0.000,0.000,110.529,5.673,4.0000,15.108,0.000,0.000,0.000,0.0000,0.0000,0.0000,46.106,-22.380,-97.928,Static,-,-,000001EAE4AAA500,-,0,0,-,
419,2700.986,11.0928,impact,ragdoll,Proventus Avenicci,0001A67D,NPC Head [Head],13,99.171,99.171,101.326,110.415,5.658,4.0000,15.108,-334.535,-205.980,-318.000,0.0000,0.0000,1.0000,46.059,-22.357,-97.828,Static,Carpet,shape,000001EAE4AAA500,-,1,1,-,
420,2701.155,11.0928,touch,ragdoll,Proventus Avenicci,0001A67D,NPC R Calf [RClf],4,0.000,0.000,0.000,17.392,1.698,6.0000,19.675,0.000,0.000,0.000,0.0000,0.0000,0.0000,6.253,-13.701,-8.699,Static,-,-,000001EA56BED300,-,0,0,-,
421,2721.728,11.0929,impact,ragdoll,Proventus Avenicci,0001A67D,NPC R Calf [RClf],4,5.097,5.097,13.605,17.374,1.697,6.0000,19.675,-288.212,-147.928,-319.650,-0.0000,0.0000,1.0000,6.247,-13.687,-8.690,Static,Wood,shape,000001EA56BED300,-,1,1,-,
422,2721.976,11.0929,touch,ragdoll,Proventus Avenicci,0001A67D,NPC L Forearm [LLar],14,0.000,0.000,0.000,53.033,8.689,2.0000,11.658,0.000,0.000,0.000,0.0000,0.0000,0.0000,36.712,-2.940,-38.159,Static,-,-,000001EA56BED300,-,0,0,-,
423,2722.184,11.0929,impact,ragdoll,Proventus Avenicci,0001A67D,NPC L Forearm [LLar],14,24.019,24.019,28.124,52.978,8.685,2.0000,11.658,-310.554,-211.953,-319.650,-0.0000,0.0000,1.0000,36.674,-2.937,-38.120,Static,Wood,shape,000001EA56BED300,-,1,1,-,
424,2731.512,11.0929,listener,ragdoll,Proventus Avenicci,0001A67D,-,-,0.000,0.000,0.000,0.000,0.000,0.0000,0.000,-311.888,-308.942,-318.000,0.1924,0.9813,0.0000,0.000,0.000,0.000,-,-,-,0000000000000000,-,0,0,-,tick
425,2743.204,11.0929,separate,ragdoll,Proventus Avenicci,0001A67D,NPC R UpperArm [RUar],12,0.000,0.000,0.000,39.462,2.117,2.0000,14.463,0.000,0.000,0.000,0.0000,0.0000,0.0000,16.743,-14.154,32.811,Static,-,-,000001EA56BED300,-,0,0,-,
426,2752.325,11.0930,listener,ragdoll,Proventus Avenicci,0001A67D,-,-,0.000,0.000,0.000,0.000,0.000,0.0000,0.000,-311.888,-308.942,-318.000,0.1924,0.9813,0.0000,0.000,0.000,0.000,-,-,-,0000000000000000,-,0,0,-,tick
427,2764.230,11.0930,impact,ragdoll,Proventus Avenicci,0001A67D,NPC COM [COM ],0,13.512,13.512,2.132,22.831,2.400,50.0000,17.687,-288.324,-179.039,-318.000,0.0000,0.0000,1.0000,11.959,-18.292,-6.608,Static,Carpet,shape,000001EAE4AAA500,-,0,1,-,
428,2764.234,11.0930,impact,ragdoll,Proventus Avenicci,0001A67D,NPC L Thigh [LThg],1,21.444,21.444,1.034,21.342,2.494,6.0000,20.487,-283.798,-181.974,-318.000,-0.0000,0.0000,1.0000,6.913,-17.104,-10.730,Static,Carpet,shape,000001EAE4AAA500,-,0,1,-,
429,2786.180,11.0931,impact,ragdoll,Proventus Avenicci,0001A67D,NPC L Forearm [LLar],14,26.330,26.330,16.588,30.752,2.308,2.0000,11.658,-297.642,-207.050,-318.000,-0.0000,0.0000,1.0000,20.985,-8.037,-20.994,Static,Carpet,shape,000001EAE4AAA500,-,0,1,-,
430,2794.990,11.0931,listener,ragdoll,Proventus Avenicci,0001A67D,-,-,0.000,0.000,0.000,0.000,0.000,0.0000,0.000,-311.888,-308.942,-318.000,0.1924,0.9813,0.0000,0.000,0.000,0.000,-,-,-,0000000000000000,-,0,0,-,tick
431,2816.668,11.0932,listener,ragdoll,Proventus Avenicci,0001A67D,-,-,0.000,0.000,0.000,0.000,0.000,0.0000,0.000,-311.888,-308.942,-318.000,0.1924,0.9813,0.0000,0.000,0.000,0.000,-,-,-,0000000000000000,-,0,0,-,tick
432,2826.811,11.0932,impact,ragdoll,Proventus Avenicci,0001A67D,NPC L Forearm [LLar],14,28.877,28.877,33.704,29.620,3.503,2.0000,11.658,-296.995,-207.092,-319.650,0.0000,-0.0000,1.0000,20.715,-0.476,-21.167,Static,Wood,shape,000001EA56BED300,-,0,1,-,
433,2856.562,11.0933,listener,ragdoll,Proventus Avenicci,0001A67D,-,-,0.000,0.000,0.000,0.000,0.000,0.0000,0.000,-311.888,-308.942,-318.000,0.1924,0.9813,0.0000,0.000,0.000,0.000,-,-,-,0000000000000000,-,0,0,-,tick
434,2867.684,11.0933,touch,ragdoll,Proventus Avenicci,0001A67D,NPC L Hand [LHnd],16,0.000,0.000,0.000,18.582,1.861,4.0000,8.334,0.000,0.000,0.000,0.0000,0.0000,0.0000,8.339,16.606,0.008,DeadBip,-,-,000001EB3A29DC00,9,0,0,-,
435,2867.684,11.0933,touch,ragdoll,Proventus Avenicci,0001A67D,NPC Spine2 [Spn2],9,0.000,0.000,0.000,18.908,0.783,7.0000,23.052,0.000,0.000,0.000,0.0000,0.0000,0.0000,14.137,-12.502,1.177,DeadBip,-,-,000001EB3A166B00,16,0,0,-,
436,2867.899,11.0933,impact,ragdoll,Proventus Avenicci,0001A67D,NPC L Hand [LHnd],16,20.473,20.473,27.500,18.563,1.860,4.0000,8.334,-311.259,-208.037,-305.447,-0.0351,-0.7561,-0.6536,8.331,16.589,0.008,DeadBip,Skin,shape,000001EB3A29DC00,9,1,1,-,
437,2867.899,11.0933,impact,ragdoll,Proventus Avenicci,0001A67D,NPC Spine2 [Spn2],9,20.473,-20.473,27.500,18.889,0.783,7.0000,23.052,-311.259,-208.037,-305.447,-0.0351,-0.7561,-0.6536,14.122,-12.489,1.175,DeadBip,Skin,shape,000001EB3A166B00,16,1,1,-,
438,2895.816,11.0934,listener,ragdoll,Proventus Avenicci,0001A67D,-,-,0.000,0.000,0.000,0.000,0.000,0.0000,0.000,-311.888,-308.942,-318.000,0.1924,0.9813,0.0000,0.000,0.000,0.000,-,-,-,0000000000000000,-,0,0,-,tick
439,2905.787,11.0934,touch,ragdoll,Proventus Avenicci,0001A67D,NPC Head [Head],13,0.000,0.000,0.000,30.539,0.981,4.0000,15.108,0.000,0.000,0.000,0.0000,0.0000,0.0000,15.390,-25.274,7.549,DeadBip,-,-,000001EB3A166B00,16,0,0,-,
440,2905.789,11.0934,touch,ragdoll,Proventus Avenicci,0001A67D,NPC L Hand [LHnd],16,0.000,0.000,0.000,10.900,1.686,4.0000,8.334,0.000,0.000,0.000,0.0000,0.0000,0.0000,2.491,10.611,0.010,DeadBip,-,-,000001EB3A167D00,13,0,0,-,
441,2906.023,11.0934,impact,ragdoll,Proventus Avenicci,0001A67D,NPC Head [Head],13,18.902,18.902,31.758,30.507,0.978,4.0000,15.108,-315.696,-214.982,-311.394,-0.8815,0.2847,0.3767,15.375,-25.248,7.541,DeadBip,Skin,shape,000001EB3A166B00,16,1,1,-,
442,2906.023,11.0934,impact,ragdoll,Proventus Avenicci,0001A67D,NPC L Hand [LHnd],16,18.902,-18.902,31.758,10.889,1.685,4.0000,8.334,-315.696,-214.982,-311.394,-0.8815,0.2847,0.3767,2.488,10.601,0.010,DeadBip,Skin,shape,000001EB3A167D00,13,1,1,-,
443,2915.743,11.0934,listener,ragdoll,Proventus Avenicci,0001A67D,-,-,0.000,0.000,0.000,0.000,0.000,0.0000,0.000,-311.888,-308.942,-318.000,0.1924,0.9813,0.0000,0.000,0.000,0.000,-,-,-,0000000000000000,-,0,0,-,tick
444,2953.090,11.0936,listener,ragdoll,Proventus Avenicci,0001A67D,-,-,0.000,0.000,0.000,0.000,0.000,0.0000,0.000,-311.888,-308.942,-318.000,0.1924,0.9813,0.0000,0.000,0.000,0.000,-,-,-,0000000000000000,-,0,0,-,tick
445,2992.180,11.0937,listener,ragdoll,Proventus Avenicci,0001A67D,-,-,0.000,0.000,0.000,0.000,0.000,0.0000,0.000,-311.888,-308.942,-318.000,0.1924,0.9813,0.0000,0.000,0.000,0.000,-,-,-,0000000000000000,-,0,0,-,tick
446,3002.719,11.0937,separate,ragdoll,Proventus Avenicci,0001A67D,NPC R UpperArm [RUar],12,0.000,0.000,0.000,8.496,0.442,2.0000,14.463,0.000,0.000,0.000,0.0000,0.0000,0.0000,-3.031,-7.699,-1.929,Static,-,-,000001EAE4AAA500,-,0,0,-,
447,3012.514,11.0937,listener,ragdoll,Proventus Avenicci,0001A67D,-,-,0.000,0.000,0.000,0.000,0.000,0.0000,0.000,-311.888,-308.942,-318.000,0.1924,0.9813,0.0000,0.000,0.000,0.000,-,-,-,0000000000000000,-,0,0,-,tick
448,3053.508,11.0938,listener,ragdoll,Proventus Avenicci,0001A67D,-,-,0.000,0.000,0.000,0.000,0.000,0.0000,0.000,-311.888,-308.942,-318.000,0.1924,0.9813,0.0000,0.000,0.000,0.000,-,-,-,0000000000000000,-,0,0,-,tick
449,3073.740,11.0939,listener,ragdoll,Proventus Avenicci,0001A67D,-,-,0.000,0.000,0.000,0.000,0.000,0.0000,0.000,-311.888,-308.942,-318.000,0.1924,0.9813,0.0000,0.000,0.000,0.000,-,-,-,0000000000000000,-,0,0,-,tick
450,3115.034,11.0940,listener,ragdoll,Proventus Avenicci,0001A67D,-,-,0.000,0.000,0.000,0.000,0.000,0.0000,0.000,-311.888,-308.942,-318.000,0.1924,0.9813,0.0000,0.000,0.000,0.000,-,-,-,0000000000000000,-,0,0,-,tick
451,3136.136,11.0941,listener,ragdoll,Proventus Avenicci,0001A67D,-,-,0.000,0.000,0.000,0.000,0.000,0.0000,0.000,-311.888,-308.942,-318.000,0.1924,0.9813,0.0000,0.000,0.000,0.000,-,-,-,0000000000000000,-,0,0,-,tick
452,3178.771,11.0942,listener,ragdoll,Proventus Avenicci,0001A67D,-,-,0.000,0.000,0.000,0.000,0.000,0.0000,0.000,-311.888,-308.942,-318.000,0.1924,0.9813,0.0000,0.000,0.000,0.000,-,-,-,0000000000000000,-,0,0,-,tick
453,3221.197,11.0943,listener,ragdoll,Proventus Avenicci,0001A67D,-,-,0.000,0.000,0.000,0.000,0.000,0.0000,0.000,-311.888,-308.942,-318.000,0.1924,0.9813,0.0000,0.000,0.000,0.000,-,-,-,0000000000000000,-,0,0,-,tick
454,3242.275,11.0943,listener,ragdoll,Proventus Avenicci,0001A67D,-,-,0.000,0.000,0.000,0.000,0.000,0.0000,0.000,-311.888,-308.942,-318.000,0.1924,0.9813,0.0000,0.000,0.000,0.000,-,-,-,0000000000000000,-,0,0,-,tick
455,3283.725,11.0945,listener,ragdoll,Proventus Avenicci,0001A67D,-,-,0.000,0.000,0.000,0.000,0.000,0.0000,0.000,-311.888,-308.942,-318.000,0.1924,0.9813,0.0000,0.000,0.000,0.000,-,-,-,0000000000000000,-,0,0,-,tick
456,3305.792,11.0945,listener,ragdoll,Proventus Avenicci,0001A67D,-,-,0.000,0.000,0.000,0.000,0.000,0.0000,0.000,-311.888,-308.942,-318.000,0.1924,0.9813,0.0000,0.000,0.000,0.000,-,-,-,0000000000000000,-,0,0,-,tick
457,3346.920,11.0946,listener,ragdoll,Proventus Avenicci,0001A67D,-,-,0.000,0.000,0.000,0.000,0.000,0.0000,0.000,-311.888,-308.942,-318.000,0.1924,0.9813,0.0000,0.000,0.000,0.000,-,-,-,0000000000000000,-,0,0,-,tick
458,3367.441,11.0947,listener,ragdoll,Proventus Avenicci,0001A67D,-,-,0.000,0.000,0.000,0.000,0.000,0.0000,0.000,-311.888,-308.942,-318.000,0.1924,0.9813,0.0000,0.000,0.000,0.000,-,-,-,0000000000000000,-,0,0,-,tick
459,3406.544,11.0948,listener,ragdoll,Proventus Avenicci,0001A67D,-,-,0.000,0.000,0.000,0.000,0.000,0.0000,0.000,-311.888,-308.942,-318.000,0.1924,0.9813,0.0000,0.000,0.000,0.000,-,-,-,0000000000000000,-,0,0,-,tick
460,3447.313,11.0949,listener,ragdoll,Proventus Avenicci,0001A67D,-,-,0.000,0.000,0.000,0.000,0.000,0.0000,0.000,-311.888,-308.942,-318.000,0.1924,0.9813,0.0000,0.000,0.000,0.000,-,-,-,0000000000000000,-,0,0,-,tick
461,3465.820,11.0950,listener,ragdoll,Proventus Avenicci,0001A67D,-,-,0.000,0.000,0.000,0.000,0.000,0.0000,0.000,-311.888,-308.942,-318.000,0.1924,0.9813,0.0000,0.000,0.000,0.000,-,-,-,0000000000000000,-,0,0,-,tick
462,3506.102,11.0951,listener,ragdoll,Proventus Avenicci,0001A67D,-,-,0.000,0.000,0.000,0.000,0.000,0.0000,0.000,-311.888,-308.942,-318.000,0.1924,0.9813,0.0000,0.000,0.000,0.000,-,-,-,0000000000000000,-,0,0,-,tick
463,3527.227,11.0951,listener,ragdoll,Proventus Avenicci,0001A67D,-,-,0.000,0.000,0.000,0.000,0.000,0.0000,0.000,-311.888,-308.942,-318.000,0.1924,0.9813,0.0000,0.000,0.000,0.000,-,-,-,0000000000000000,-,0,0,-,tick
464,3568.479,11.0953,listener,ragdoll,Proventus Avenicci,0001A67D,-,-,0.000,0.000,0.000,0.000,0.000,0.0000,0.000,-311.888,-308.942,-318.000,0.1924,0.9813,0.0000,0.000,0.000,0.000,-,-,-,0000000000000000,-,0,0,-,tick
465,3589.544,11.0953,listener,ragdoll,Proventus Avenicci,0001A67D,-,-,0.000,0.000,0.000,0.000,0.000,0.0000,0.000,-311.888,-308.942,-318.000,0.1924,0.9813,0.0000,0.000,0.000,0.000,-,-,-,0000000000000000,-,0,0,-,tick
466,3632.137,11.0954,listener,ragdoll,Proventus Avenicci,0001A67D,-,-,0.000,0.000,0.000,0.000,0.000,0.0000,0.000,-311.888,-308.942,-318.000,0.1924,0.9813,0.0000,0.000,0.000,0.000,-,-,-,0000000000000000,-,0,0,-,tick
467,3653.567,11.0955,listener,ragdoll,Proventus Avenicci,0001A67D,-,-,0.000,0.000,0.000,0.000,0.000,0.0000,0.000,-311.888,-308.942,-318.000,0.1924,0.9813,0.0000,0.000,0.000,0.000,-,-,-,0000000000000000,-,0,0,-,tick
468,3696.199,11.0956,listener,ragdoll,Proventus Avenicci,0001A67D,-,-,0.000,0.000,0.000,0.000,0.000,0.0000,0.000,-311.888,-308.942,-318.000,0.1924,0.9813,0.0000,0.000,0.000,0.000,-,-,-,0000000000000000,-,0,0,-,tick
469,3738.311,11.0957,listener,ragdoll,Proventus Avenicci,0001A67D,-,-,0.000,0.000,0.000,0.000,0.000,0.0000,0.000,-311.888,-308.942,-318.000,0.1924,0.9813,0.0000,0.000,0.000,0.000,-,-,-,0000000000000000,-,0,0,-,tick
470,3760.201,11.0958,listener,ragdoll,Proventus Avenicci,0001A67D,-,-,0.000,0.000,0.000,0.000,0.000,0.0000,0.000,-311.888,-308.942,-318.000,0.1924,0.9813,0.0000,0.000,0.000,0.000,-,-,-,0000000000000000,-,0,0,-,tick
471,3798.093,11.0959,listener,ragdoll,Proventus Avenicci,0001A67D,-,-,0.000,0.000,0.000,0.000,0.000,0.0000,0.000,-311.888,-308.942,-318.000,0.1924,0.9813,0.0000,0.000,0.000,0.000,-,-,-,0000000000000000,-,0,0,-,tick
472,3818.014,11.0960,listener,ragdoll,Proventus Avenicci,0001A67D,-,-,0.000,0.000,0.000,0.000,0.000,0.0000,0.000,-311.888,-308.942,-318.000,0.1924,0.9813,0.0000,0.000,0.000,0.000,-,-,-,0000000000000000,-,0,0,-,tick
473,3858.226,11.0961,listener,ragdoll,Proventus Avenicci,0001A67D,-,-,0.000,0.000,0.000,0.000,0.000,0.0000,0.000,-311.888,-308.942,-318.000,0.1924,0.9813,0.0000,0.000,0.000,0.000,-,-,-,0000000000000000,-,0,0,-,tick
474,3897.692,11.0962,listener,ragdoll,Proventus Avenicci,0001A67D,-,-,0.000,0.000,0.000,0.000,0.000,0.0000,0.000,-311.888,-308.942,-318.000,0.1924,0.9813,0.0000,0.000,0.000,0.000,-,-,-,0000000000000000,-,0,0,-,tick
475,3917.524,11.0962,listener,ragdoll,Proventus Avenicci,0001A67D,-,-,0.000,0.000,0.000,0.000,0.000,0.0000,0.000,-311.888,-308.942,-318.000,0.1924,0.9813,0.0000,0.000,0.000,0.000,-,-,-,0000000000000000,-,0,0,-,tick
476,3958.984,11.0963,listener,ragdoll,Proventus Avenicci,0001A67D,-,-,0.000,0.000,0.000,0.000,0.000,0.0000,0.000,-311.888,-308.942,-318.000,0.1924,0.9813,0.0000,0.000,0.000,0.000,-,-,-,0000000000000000,-,0,0,-,tick
477,3978.285,11.0964,listener,ragdoll,Proventus Avenicci,0001A67D,-,-,0.000,0.000,0.000,0.000,0.000,0.0000,0.000,-311.888,-308.942,-318.000,0.1924,0.9813,0.0000,0.000,0.000,0.000,-,-,-,0000000000000000,-,0,0,-,tick
478,4021.360,11.0965,listener,ragdoll,Proventus Avenicci,0001A67D,-,-,0.000,0.000,0.000,0.000,0.000,0.0000,0.000,-311.888,-308.942,-318.000,0.1924,0.9813,0.0000,0.000,0.000,0.000,-,-,-,0000000000000000,-,0,0,-,tick
479,4041.207,11.0966,listener,ragdoll,Proventus Avenicci,0001A67D,-,-,0.000,0.000,0.000,0.000,0.000,0.0000,0.000,-311.888,-308.942,-318.000,0.1924,0.9813,0.0000,0.000,0.000,0.000,-,-,-,0000000000000000,-,0,0,-,tick
480,4082.436,11.0967,listener,ragdoll,Proventus Avenicci,0001A67D,-,-,0.000,0.000,0.000,0.000,0.000,0.0000,0.000,-311.888,-308.942,-318.000,0.1924,0.9813,0.0000,0.000,0.000,0.000,-,-,-,0000000000000000,-,0,0,-,tick
481,4105.209,11.0967,listener,ragdoll,Proventus Avenicci,0001A67D,-,-,0.000,0.000,0.000,0.000,0.000,0.0000,0.000,-311.888,-308.942,-318.000,0.1924,0.9813,0.0000,0.000,0.000,0.000,-,-,-,0000000000000000,-,0,0,-,tick
482,4146.212,11.0969,listener,ragdoll,Proventus Avenicci,0001A67D,-,-,0.000,0.000,0.000,0.000,0.000,0.0000,0.000,-311.888,-308.942,-318.000,0.1924,0.9813,0.0000,0.000,0.000,0.000,-,-,-,0000000000000000,-,0,0,-,tick
483,4186.431,11.0970,listener,ragdoll,Proventus Avenicci,0001A67D,-,-,0.000,0.000,0.000,0.000,0.000,0.0000,0.000,-311.888,-308.942,-318.000,0.1924,0.9813,0.0000,0.000,0.000,0.000,-,-,-,0000000000000000,-,0,0,-,tick
484,4207.837,11.0970,listener,ragdoll,Proventus Avenicci,0001A67D,-,-,0.000,0.000,0.000,0.000,0.000,0.0000,0.000,-311.888,-308.942,-318.000,0.1924,0.9813,0.0000,0.000,0.000,0.000,-,-,-,0000000000000000,-,0,0,-,tick
485,4248.375,11.0971,listener,ragdoll,Proventus Avenicci,0001A67D,-,-,0.000,0.000,0.000,0.000,0.000,0.0000,0.000,-311.888,-308.942,-318.000,0.1924,0.9813,0.0000,0.000,0.000,0.000,-,-,-,0000000000000000,-,0,0,-,tick
486,4267.082,11.0972,listener,ragdoll,Proventus Avenicci,0001A67D,-,-,0.000,0.000,0.000,0.000,0.000,0.0000,0.000,-311.888,-308.942,-318.000,0.1924,0.9813,0.0000,0.000,0.000,0.000,-,-,-,0000000000000000,-,0,0,-,tick
487,4306.386,11.0973,listener,ragdoll,Proventus Avenicci,0001A67D,-,-,0.000,0.000,0.000,0.000,0.000,0.0000,0.000,-311.888,-308.942,-318.000,0.1924,0.9813,0.0000,0.000,0.000,0.000,-,-,-,0000000000000000,-,0,0,-,tick
488,4347.385,11.0974,listener,ragdoll,Proventus Avenicci,0001A67D,-,-,0.000,0.000,0.000,0.000,0.000,0.0000,0.000,-311.888,-308.942,-318.000,0.1924,0.9813,0.0000,0.000,0.000,0.000,-,-,-,0000000000000000,-,0,0,-,tick
489,4367.070,11.0975,listener,ragdoll,Proventus Avenicci,0001A67D,-,-,0.000,0.000,0.000,0.000,0.000,0.0000,0.000,-311.888,-308.942,-318.000,0.1924,0.9813,0.0000,0.000,0.000,0.000,-,-,-,0000000000000000,-,0,0,-,tick
490,4409.298,11.0976,listener,ragdoll,Proventus Avenicci,0001A67D,-,-,0.000,0.000,0.000,0.000,0.000,0.0000,0.000,-311.888,-308.942,-318.000,0.1924,0.9813,0.0000,0.000,0.000,0.000,-,-,-,0000000000000000,-,0,0,-,tick
491,4429.366,11.0976,listener,ragdoll,Proventus Avenicci,0001A67D,-,-,0.000,0.000,0.000,0.000,0.000,0.0000,0.000,-311.888,-308.942,-318.000,0.1924,0.9813,0.0000,0.000,0.000,0.000,-,-,-,0000000000000000,-,0,0,-,tick
492,4470.925,11.0978,listener,ragdoll,Proventus Avenicci,0001A67D,-,-,0.000,0.000,0.000,0.000,0.000,0.0000,0.000,-311.888,-308.942,-318.000,0.1924,0.9813,0.0000,0.000,0.000,0.000,-,-,-,0000000000000000,-,0,0,-,tick
493,4492.215,11.0978,listener,ragdoll,Proventus Avenicci,0001A67D,-,-,0.000,0.000,0.000,0.000,0.000,0.0000,0.000,-311.888,-308.942,-318.000,0.1924,0.9813,0.0000,0.000,0.000,0.000,-,-,-,0000000000000000,-,0,0,-,tick
494,4535.028,11.0979,listener,ragdoll,Proventus Avenicci,0001A67D,-,-,0.000,0.000,0.000,0.000,0.000,0.0000,0.000,-311.888,-308.942,-318.000,0.1924,0.9813,0.0000,0.000,0.000,0.000,-,-,-,0000000000000000,-,0,0,-,tick
495,4577.527,11.0980,listener,ragdoll,Proventus Avenicci,0001A67D,-,-,0.000,0.000,0.000,0.000,0.000,0.0000,0.000,-311.888,-308.942,-318.000,0.1924,0.9813,0.0000,0.000,0.000,0.000,-,-,-,0000000000000000,-,0,0,-,tick
496,4598.410,11.0981,listener,ragdoll,Proventus Avenicci,0001A67D,-,-,0.000,0.000,0.000,0.000,0.000,0.0000,0.000,-311.888,-308.942,-318.000,0.1924,0.9813,0.0000,0.000,0.000,0.000,-,-,-,0000000000000000,-,0,0,-,tick
497,4638.856,11.0982,listener,ragdoll,Proventus Avenicci,0001A67D,-,-,0.000,0.000,0.000,0.000,0.000,0.0000,0.000,-311.888,-308.942,-318.000,0.1924,0.9813,0.0000,0.000,0.000,0.000,-,-,-,0000000000000000,-,0,0,-,tick
498,4659.657,11.0983,listener,ragdoll,Proventus Avenicci,0001A67D,-,-,0.000,0.000,0.000,0.000,0.000,0.0000,0.000,-311.888,-308.942,-318.000,0.1924,0.9813,0.0000,0.000,0.000,0.000,-,-,-,0000000000000000,-,0,0,-,tick
499,4698.896,11.0984,listener,ragdoll,Proventus Avenicci,0001A67D,-,-,0.000,0.000,0.000,0.000,0.000,0.0000,0.000,-311.888,-308.942,-318.000,0.1924,0.9813,0.0000,0.000,0.000,0.000,-,-,-,0000000000000000,-,0,0,-,tick
500,4736.494,11.0985,listener,ragdoll,Proventus Avenicci,0001A67D,-,-,0.000,0.000,0.000,0.000,0.000,0.0000,0.000,-311.888,-308.942,-318.000,0.1924,0.9813,0.0000,0.000,0.000,0.000,-,-,-,0000000000000000,-,0,0,-,tick
501,4756.122,11.0986,listener,ragdoll,Proventus Avenicci,0001A67D,-,-,0.000,0.000,0.000,0.000,0.000,0.0000,0.000,-311.888,-308.942,-318.000,0.1924,0.9813,0.0000,0.000,0.000,0.000,-,-,-,0000000000000000,-,0,0,-,tick
502,4795.154,11.0987,listener,ragdoll,Proventus Avenicci,0001A67D,-,-,0.000,0.000,0.000,0.000,0.000,0.0000,0.000,-311.888,-308.942,-318.000,0.1924,0.9813,0.0000,0.000,0.000,0.000,-,-,-,0000000000000000,-,0,0,-,tick
503,4815.728,11.0987,listener,ragdoll,Proventus Avenicci,0001A67D,-,-,0.000,0.000,0.000,0.000,0.000,0.0000,0.000,-311.888,-308.942,-318.000,0.1924,0.9813,0.0000,0.000,0.000,0.000,-,-,-,0000000000000000,-,0,0,-,tick
504,4857.350,11.0988,listener,ragdoll,Proventus Avenicci,0001A67D,-,-,0.000,0.000,0.000,0.000,0.000,0.0000,0.000,-311.888,-308.942,-318.000,0.1924,0.9813,0.0000,0.000,0.000,0.000,-,-,-,0000000000000000,-,0,0,-,tick
505,4898.575,11.0990,listener,ragdoll,Proventus Avenicci,0001A67D,-,-,0.000,0.000,0.000,0.000,0.000,0.0000,0.000,-311.888,-308.942,-318.000,0.1924,0.9813,0.0000,0.000,0.000,0.000,-,-,-,0000000000000000,-,0,0,-,tick
506,4920.038,11.0990,listener,ragdoll,Proventus Avenicci,0001A67D,-,-,0.000,0.000,0.000,0.000,0.000,0.0000,0.000,-311.888,-308.942,-318.000,0.1924,0.9813,0.0000,0.000,0.000,0.000,-,-,-,0000000000000000,-,0,0,-,tick
507,4962.260,11.0991,listener,ragdoll,Proventus Avenicci,0001A67D,-,-,0.000,0.000,0.000,0.000,0.000,0.0000,0.000,-311.888,-308.942,-318.000,0.1924,0.9813,0.0000,0.000,0.000,0.000,-,-,-,0000000000000000,-,0,0,-,tick
508,4983.218,11.0992,listener,ragdoll,Proventus Avenicci,0001A67D,-,-,0.000,0.000,0.000,0.000,0.000,0.0000,0.000,-311.888,-308.942,-318.000,0.1924,0.9813,0.0000,0.000,0.000,0.000,-,-,-,0000000000000000,-,0,0,-,tick
509,5026.061,11.0993,listener,ragdoll,Proventus Avenicci,0001A67D,-,-,0.000,0.000,0.000,0.000,0.000,0.0000,0.000,-311.888,-308.942,-318.000,0.1924,0.9813,0.0000,0.000,0.000,0.000,-,-,-,0000000000000000,-,0,0,-,tick
510,5047.293,11.0994,listener,ragdoll,Proventus Avenicci,0001A67D,-,-,0.000,0.000,0.000,0.000,0.000,0.0000,0.000,-311.888,-308.942,-318.000,0.1924,0.9813,0.0000,0.000,0.000,0.000,-,-,-,0000000000000000,-,0,0,-,tick
511,5089.476,11.0995,listener,ragdoll,Proventus Avenicci,0001A67D,-,-,0.000,0.000,0.000,0.000,0.000,0.0000,0.000,-311.888,-308.942,-318.000,0.1924,0.9813,0.0000,0.000,0.000,0.000,-,-,-,0000000000000000,-,0,0,-,tick
512,5110.667,11.0995,listener,ragdoll,Proventus Avenicci,0001A67D,-,-,0.000,0.000,0.000,0.000,0.000,0.0000,0.000,-311.888,-308.942,-318.000,0.1924,0.9813,0.0000,0.000,0.000,0.000,-,-,-,0000000000000000,-,0,0,-,tick
513,5151.013,11.0997,listener,ragdoll,Proventus Avenicci,0001A67D,-,-,0.000,0.000,0.000,0.000,0.000,0.0000,0.000,-311.888,-308.942,-318.000,0.1924,0.9813,0.0000,0.000,0.000,0.000,-,-,-,0000000000000000,-,0,0,-,tick
514,5171.657,11.0997,listener,ragdoll,Proventus Avenicci,0001A67D,-,-,0.000,0.000,0.000,0.000,0.000,0.0000,0.000,-311.888,-308.942,-318.000,0.1924,0.9813,0.0000,0.000,0.000,0.000,-,-,-,0000000000000000,-,0,0,-,tick
515,5211.579,11.0998,listener,ragdoll,Proventus Avenicci,0001A67D,-,-,0.000,0.000,0.000,0.000,0.000,0.0000,0.000,-311.888,-308.942,-318.000,0.1924,0.9813,0.0000,0.000,0.000,0.000,-,-,-,0000000000000000,-,0,0,-,tick
516,5251.855,11.0999,listener,ragdoll,Proventus Avenicci,0001A67D,-,-,0.000,0.000,0.000,0.000,0.000,0.0000,0.000,-311.888,-308.942,-318.000,0.1924,0.9813,0.0000,0.000,0.000,0.000,-,-,-,0000000000000000,-,0,0,-,tick
517,5272.980,11.1000,listener,ragdoll,Proventus Avenicci,0001A67D,-,-,0.000,0.000,0.000,0.000,0.000,0.0000,0.000,-311.888,-308.942,-318.000,0.1924,0.9813,0.0000,0.000,0.000,0.000,-,-,-,0000000000000000,-,0,0,-,tick
518,5312.762,11.1001,listener,ragdoll,Proventus Avenicci,0001A67D,-,-,0.000,0.000,0.000,0.000,0.000,0.0000,0.000,-311.888,-308.942,-318.000,0.1924,0.9813,0.0000,0.000,0.000,0.000,-,-,-,0000000000000000,-,0,0,-,tick
519,5332.779,11.1002,listener,ragdoll,Proventus Avenicci,0001A67D,-,-,0.000,0.000,0.000,0.000,0.000,0.0000,0.000,-311.888,-308.942,-318.000,0.1924,0.9813,0.0000,0.000,0.000,0.000,-,-,-,0000000000000000,-,0,0,-,tick
520,5373.454,11.1003,listener,ragdoll,Proventus Avenicci,0001A67D,-,-,0.000,0.000,0.000,0.000,0.000,0.0000,0.000,-311.888,-308.942,-318.000,0.1924,0.9813,0.0000,0.000,0.000,0.000,-,-,-,0000000000000000,-,0,0,-,tick
521,5411.541,11.1004,listener,ragdoll,Proventus Avenicci,0001A67D,-,-,0.000,0.000,0.000,0.000,0.000,0.0000,0.000,-311.888,-308.942,-318.000,0.1924,0.9813,0.0000,0.000,0.000,0.000,-,-,-,0000000000000000,-,0,0,-,tick
522,5430.618,11.1004,listener,ragdoll,Proventus Avenicci,0001A67D,-,-,0.000,0.000,0.000,0.000,0.000,0.0000,0.000,-311.888,-308.942,-318.000,0.1924,0.9813,0.0000,0.000,0.000,0.000,-,-,-,0000000000000000,-,0,0,-,tick
523,5467.265,11.1006,listener,ragdoll,Proventus Avenicci,0001A67D,-,-,0.000,0.000,0.000,0.000,0.000,0.0000,0.000,-311.888,-308.942,-318.000,0.1924,0.9813,0.0000,0.000,0.000,0.000,-,-,-,0000000000000000,-,0,0,-,tick
524,5503.314,11.1007,listener,ragdoll,Proventus Avenicci,0001A67D,-,-,0.000,0.000,0.000,0.000,0.000,0.0000,0.000,-311.888,-308.942,-318.000,0.1924,0.9813,0.0000,0.000,0.000,0.000,-,-,-,0000000000000000,-,0,0,-,tick
525,5541.111,11.1008,listener,ragdoll,Proventus Avenicci,0001A67D,-,-,0.000,0.000,0.000,0.000,0.000,0.0000,0.000,-311.888,-308.942,-318.000,0.1924,0.9813,0.0000,0.000,0.000,0.000,-,-,-,0000000000000000,-,0,0,-,tick
526,5559.093,11.1008,listener,ragdoll,Proventus Avenicci,0001A67D,-,-,0.000,0.000,0.000,0.000,0.000,0.0000,0.000,-311.888,-308.942,-318.000,0.1924,0.9813,0.0000,0.000,0.000,0.000,-,-,-,0000000000000000,-,0,0,-,tick
527,5596.292,11.1009,listener,ragdoll,Proventus Avenicci,0001A67D,-,-,0.000,0.000,0.000,0.000,0.000,0.0000,0.000,-311.888,-308.942,-318.000,0.1924,0.9813,0.0000,0.000,0.000,0.000,-,-,-,0000000000000000,-,0,0,-,tick
528,5636.337,11.1010,listener,ragdoll,Proventus Avenicci,0001A67D,-,-,0.000,0.000,0.000,0.000,0.000,0.0000,0.000,-311.888,-308.942,-318.000,0.1924,0.9813,0.0000,0.000,0.000,0.000,-,-,-,0000000000000000,-,0,0,-,tick
529,5672.679,11.1011,listener,ragdoll,Proventus Avenicci,0001A67D,-,-,0.000,0.000,0.000,0.000,0.000,0.0000,0.000,-311.888,-308.942,-318.000,0.1924,0.9813,0.0000,0.000,0.000,0.000,-,-,-,0000000000000000,-,0,0,-,tick
530,5691.762,11.1012,listener,ragdoll,Proventus Avenicci,0001A67D,-,-,0.000,0.000,0.000,0.000,0.000,0.0000,0.000,-311.888,-308.942,-318.000,0.1924,0.9813,0.0000,0.000,0.000,0.000,-,-,-,0000000000000000,-,0,0,-,tick
531,5731.575,11.1013,listener,ragdoll,Proventus Avenicci,0001A67D,-,-,0.000,0.000,0.000,0.000,0.000,0.0000,0.000,-311.888,-308.942,-318.000,0.1924,0.9813,0.0000,0.000,0.000,0.000,-,-,-,0000000000000000,-,0,0,-,tick
532,5770.478,11.1014,listener,ragdoll,Proventus Avenicci,0001A67D,-,-,0.000,0.000,0.000,0.000,0.000,0.0000,0.000,-311.888,-308.942,-318.000,0.1924,0.9813,0.0000,0.000,0.000,0.000,-,-,-,0000000000000000,-,0,0,-,tick
533,5790.590,11.1014,listener,ragdoll,Proventus Avenicci,0001A67D,-,-,0.000,0.000,0.000,0.000,0.000,0.0000,0.000,-311.888,-308.942,-318.000,0.1924,0.9813,0.0000,0.000,0.000,0.000,-,-,-,0000000000000000,-,0,0,-,tick
534,5829.521,11.1016,listener,ragdoll,Proventus Avenicci,0001A67D,-,-,0.000,0.000,0.000,0.000,0.000,0.0000,0.000,-311.888,-308.942,-318.000,0.1924,0.9813,0.0000,0.000,0.000,0.000,-,-,-,0000000000000000,-,0,0,-,tick
535,5850.075,11.1016,listener,ragdoll,Proventus Avenicci,0001A67D,-,-,0.000,0.000,0.000,0.000,0.000,0.0000,0.000,-311.888,-308.942,-318.000,0.1924,0.9813,0.0000,0.000,0.000,0.000,-,-,-,0000000000000000,-,0,0,-,tick
536,5888.470,11.1017,listener,ragdoll,Proventus Avenicci,0001A67D,-,-,0.000,0.000,0.000,0.000,0.000,0.0000,0.000,-311.888,-308.942,-318.000,0.1924,0.9813,0.0000,0.000,0.000,0.000,-,-,-,0000000000000000,-,0,0,-,tick
537,5925.679,11.1018,listener,ragdoll,Proventus Avenicci,0001A67D,-,-,0.000,0.000,0.000,0.000,0.000,0.0000,0.000,-311.888,-308.942,-318.000,0.1924,0.9813,0.0000,0.000,0.000,0.000,-,-,-,0000000000000000,-,0,0,-,tick
538,5961.344,11.1019,listener,ragdoll,Proventus Avenicci,0001A67D,-,-,0.000,0.000,0.000,0.000,0.000,0.0000,0.000,-311.888,-308.942,-318.000,0.1924,0.9813,0.0000,0.000,0.000,0.000,-,-,-,0000000000000000,-,0,0,-,tick
539,5982.772,11.1020,listener,ragdoll,Proventus Avenicci,0001A67D,-,-,0.000,0.000,0.000,0.000,0.000,0.0000,0.000,-311.888,-308.942,-318.000,0.1924,0.9813,0.0000,0.000,0.000,0.000,-,-,-,0000000000000000,-,0,0,-,tick
540,6017.014,11.1021,listener,ragdoll,Proventus Avenicci,0001A67D,-,-,0.000,0.000,0.000,0.000,0.000,0.0000,0.000,-311.888,-308.942,-318.000,0.1924,0.9813,0.0000,0.000,0.000,0.000,-,-,-,0000000000000000,-,0,0,-,tick
541,6055.532,11.1022,listener,ragdoll,Proventus Avenicci,0001A67D,-,-,0.000,0.000,0.000,0.000,0.000,0.0000,0.000,-311.888,-308.942,-318.000,0.1924,0.9813,0.0000,0.000,0.000,0.000,-,-,-,0000000000000000,-,0,0,-,tick
542,6092.516,11.1023,listener,ragdoll,Proventus Avenicci,0001A67D,-,-,0.000,0.000,0.000,0.000,0.000,0.0000,0.000,-311.888,-308.942,-318.000,0.1924,0.9813,0.0000,0.000,0.000,0.000,-,-,-,0000000000000000,-,0,0,-,tick
543,6110.817,11.1023,listener,ragdoll,Proventus Avenicci,0001A67D,-,-,0.000,0.000,0.000,0.000,0.000,0.0000,0.000,-311.888,-308.942,-318.000,0.1924,0.9813,0.0000,0.000,0.000,0.000,-,-,-,0000000000000000,-,0,0,-,tick
544,6148.999,11.1024,listener,ragdoll,Proventus Avenicci,0001A67D,-,-,0.000,0.000,0.000,0.000,0.000,0.0000,0.000,-311.888,-308.942,-318.000,0.1924,0.9813,0.0000,0.000,0.000,0.000,-,-,-,0000000000000000,-,0,0,-,tick
545,6187.759,11.1025,listener,ragdoll,Proventus Avenicci,0001A67D,-,-,0.000,0.000,0.000,0.000,0.000,0.0000,0.000,-311.888,-308.942,-318.000,0.1924,0.9813,0.0000,0.000,0.000,0.000,-,-,-,0000000000000000,-,0,0,-,tick
546,6207.059,11.1026,listener,ragdoll,Proventus Avenicci,0001A67D,-,-,0.000,0.000,0.000,0.000,0.000,0.0000,0.000,-311.888,-308.942,-318.000,0.1924,0.9813,0.0000,0.000,0.000,0.000,-,-,-,0000000000000000,-,0,0,-,tick
547,6247.305,11.1027,listener,ragdoll,Proventus Avenicci,0001A67D,-,-,0.000,0.000,0.000,0.000,0.000,0.0000,0.000,-311.888,-308.942,-318.000,0.1924,0.9813,0.0000,0.000,0.000,0.000,-,-,-,0000000000000000,-,0,0,-,tick
548,6288.191,11.1028,listener,ragdoll,Proventus Avenicci,0001A67D,-,-,0.000,0.000,0.000,0.000,0.000,0.0000,0.000,-311.888,-308.942,-318.000,0.1924,0.9813,0.0000,0.000,0.000,0.000,-,-,-,0000000000000000,-,0,0,-,tick
549,6308.180,11.1029,listener,ragdoll,Proventus Avenicci,0001A67D,-,-,0.000,0.000,0.000,0.000,0.000,0.0000,0.000,-311.888,-308.942,-318.000,0.1924,0.9813,0.0000,0.000,0.000,0.000,-,-,-,0000000000000000,-,0,0,-,tick
550,6347.542,11.1030,listener,ragdoll,Proventus Avenicci,0001A67D,-,-,0.000,0.000,0.000,0.000,0.000,0.0000,0.000,-311.888,-308.942,-318.000,0.1924,0.9813,0.0000,0.000,0.000,0.000,-,-,-,0000000000000000,-,0,0,-,tick
551,6366.877,11.1030,listener,ragdoll,Proventus Avenicci,0001A67D,-,-,0.000,0.000,0.000,0.000,0.000,0.0000,0.000,-311.888,-308.942,-318.000,0.1924,0.9813,0.0000,0.000,0.000,0.000,-,-,-,0000000000000000,-,0,0,-,tick
552,6402.744,11.1031,listener,ragdoll,Proventus Avenicci,0001A67D,-,-,0.000,0.000,0.000,0.000,0.000,0.0000,0.000,-311.888,-308.942,-318.000,0.1924,0.9813,0.0000,0.000,0.000,0.000,-,-,-,0000000000000000,-,0,0,-,tick
553,6439.291,11.1033,listener,ragdoll,Proventus Avenicci,0001A67D,-,-,0.000,0.000,0.000,0.000,0.000,0.0000,0.000,-311.888,-308.942,-318.000,0.1924,0.9813,0.0000,0.000,0.000,0.000,-,-,-,0000000000000000,-,0,0,-,tick
554,6476.306,11.1034,listener,ragdoll,Proventus Avenicci,0001A67D,-,-,0.000,0.000,0.000,0.000,0.000,0.0000,0.000,-311.888,-308.942,-318.000,0.1924,0.9813,0.0000,0.000,0.000,0.000,-,-,-,0000000000000000,-,0,0,-,tick
555,6510.666,11.1035,listener,ragdoll,Proventus Avenicci,0001A67D,-,-,0.000,0.000,0.000,0.000,0.000,0.0000,0.000,-311.888,-308.942,-318.000,0.1924,0.9813,0.0000,0.000,0.000,0.000,-,-,-,0000000000000000,-,0,0,-,tick
556,6529.625,11.1035,listener,ragdoll,Proventus Avenicci,0001A67D,-,-,0.000,0.000,0.000,0.000,0.000,0.0000,0.000,-311.888,-308.942,-318.000,0.1924,0.9813,0.0000,0.000,0.000,0.000,-,-,-,0000000000000000,-,0,0,-,tick
557,6567.911,11.1036,listener,ragdoll,Proventus Avenicci,0001A67D,-,-,0.000,0.000,0.000,0.000,0.000,0.0000,0.000,-311.888,-308.942,-318.000,0.1924,0.9813,0.0000,0.000,0.000,0.000,-,-,-,0000000000000000,-,0,0,-,tick
558,6607.118,11.1037,listener,ragdoll,Proventus Avenicci,0001A67D,-,-,0.000,0.000,0.000,0.000,0.000,0.0000,0.000,-311.888,-308.942,-318.000,0.1924,0.9813,0.0000,0.000,0.000,0.000,-,-,-,0000000000000000,-,0,0,-,tick
559,6626.595,11.1038,listener,ragdoll,Proventus Avenicci,0001A67D,-,-,0.000,0.000,0.000,0.000,0.000,0.0000,0.000,-311.888,-308.942,-318.000,0.1924,0.9813,0.0000,0.000,0.000,0.000,-,-,-,0000000000000000,-,0,0,-,tick
560,6666.197,11.1039,listener,ragdoll,Proventus Avenicci,0001A67D,-,-,0.000,0.000,0.000,0.000,0.000,0.0000,0.000,-311.888,-308.942,-318.000,0.1924,0.9813,0.0000,0.000,0.000,0.000,-,-,-,0000000000000000,-,0,0,-,tick
561,6706.216,11.1040,listener,ragdoll,Proventus Avenicci,0001A67D,-,-,0.000,0.000,0.000,0.000,0.000,0.0000,0.000,-311.888,-308.942,-318.000,0.1924,0.9813,0.0000,0.000,0.000,0.000,-,-,-,0000000000000000,-,0,0,-,tick
562,6726.209,11.1040,listener,ragdoll,Proventus Avenicci,0001A67D,-,-,0.000,0.000,0.000,0.000,0.000,0.0000,0.000,-311.888,-308.942,-318.000,0.1924,0.9813,0.0000,0.000,0.000,0.000,-,-,-,0000000000000000,-,0,0,-,tick
563,6766.513,11.1042,listener,ragdoll,Proventus Avenicci,0001A67D,-,-,0.000,0.000,0.000,0.000,0.000,0.0000,0.000,-311.888,-308.942,-318.000,0.1924,0.9813,0.0000,0.000,0.000,0.000,-,-,-,0000000000000000,-,0,0,-,tick
564,6787.115,11.1042,listener,ragdoll,Proventus Avenicci,0001A67D,-,-,0.000,0.000,0.000,0.000,0.000,0.0000,0.000,-311.888,-308.942,-318.000,0.1924,0.9813,0.0000,0.000,0.000,0.000,-,-,-,0000000000000000,-,0,0,-,tick
0,6818.783,11.1042,state,animated,Proventus Avenicci,0001A67D,-,-,0.000,0.000,0.000,0.000,0.000,0.0000,0.000,0.000,0.000,0.000,0.0000,0.0000,0.0000,0.000,0.000,0.000,-,-,-,0000000000000000,-,0,0,0,session_stop
