seq,t_ms,game_hour,event,phase,actor,actor_id,limb,limb_index,impact_speed,normal_speed,tangent_speed,body_speed,angular_speed,mass,limb_radius,pos_x,pos_y,pos_z,nrm_x,nrm_y,nrm_z,vel_x,vel_y,vel_z,other_layer,other_material,material_source,other_body,other_limb,manifold_first,manifold_last,dropped,state
1,100.000,0.0000,state,unknown,Proventus Avenicci,0001A67D,-,-,0.000,0.000,0.000,0.000,0.000,0.0000,0.000,0.000,0.000,0.000,0.0000,0.0000,0.0000,0.000,0.000,0.000,-,-,-,0000000000000000,-,0,0,0,ragdoll_start
2,105.651,0.0000,impact,ragdoll,Proventus Avenicci,0001A67D,NPC R Thigh [RThg],2,9.321,9.321,87.169,56.239,0.842,6.0000,20.487,-518.291,433.208,-258.891,0.9180,-0.3967,-0.0010,-12.798,46.683,28.632,-,Skin,shape,0000018F3CA8F400,1,1,1,0,-
3,105.652,0.0000,impact,ragdoll,Proventus Avenicci,0001A67D,NPC L Thigh [LThg],1,9.321,9.321,87.169,53.007,3.264,6.0000,20.487,-518.291,433.208,-258.891,0.9180,-0.3967,-0.0010,-21.436,27.774,-39.734,-,Skin,shape,0000018F3CA8E800,2,1,1,0,-
4,105.657,0.0000,impact,ragdoll,Proventus Avenicci,0001A67D,NPC L Forearm [LLar],14,17.735,17.735,16.852,52.655,1.908,2.0000,11.658,-528.879,424.194,-237.601,-0.7283,-0.6848,-0.0241,-44.314,20.077,-20.143,-,Skin,shape,0000018F3CA8DC00,6,1,1,0,-
5,105.657,0.0000,impact,ragdoll,Proventus Avenicci,0001A67D,NPC Spine1 [Spn1],6,17.735,17.735,16.852,65.594,1.592,4.0000,18.878,-528.879,424.194,-237.601,-0.7283,-0.6848,-0.0241,-45.269,1.571,-47.443,-,Skin,shape,0000018F3CA8C400,14,1,1,0,-
6,105.657,0.0000,impact,ragdoll,Proventus Avenicci,0001A67D,NPC L Forearm [LLar],14,8.719,8.719,15.227,52.655,1.908,2.0000,11.658,-529.078,423.743,-231.276,-0.5858,-0.5259,-0.6167,-44.314,20.077,-20.143,-,Skin,shape,0000018F3CA8D900,9,1,1,0,-
7,105.658,0.0000,impact,ragdoll,Proventus Avenicci,0001A67D,NPC Spine2 [Spn2],9,8.719,8.719,15.227,58.368,1.654,7.0000,23.052,-529.078,423.743,-231.276,-0.5858,-0.5259,-0.6167,-41.126,20.248,-36.132,-,Skin,shape,0000018F3CA8C400,14,1,1,0,-
8,125.804,0.0000,impact,ragdoll,Proventus Avenicci,0001A67D,NPC L Foot [Lft ],7,31.105,31.105,39.036,27.726,6.619,3.0000,10.011,-525.012,455.436,-318.000,0.0000,-0.0000,1.0000,13.160,11.958,-21.273,Static,Carpet,shape,0000018F3647CD00,-,1,1,0,-
9,144.020,0.0000,impact,ragdoll,Proventus Avenicci,0001A67D,NPC R Foot [Rft ],8,7.347,7.347,55.638,86.415,4.323,3.0000,10.011,-509.548,419.205,-319.650,0.0000,0.0000,1.0000,76.595,39.775,-4.326,Static,Wood,shape,0000018E5BF03100,-,1,1,0,-
10,144.023,0.0000,impact,ragdoll,Proventus Avenicci,0001A67D,NPC L Hand [LHnd],16,67.841,67.841,207.235,86.911,13.878,4.0000,8.334,-529.386,427.349,-258.131,-0.7874,-0.6163,-0.0122,10.645,61.149,-60.836,-,-,-,0000018F3CA8EE00,0,1,1,0,-
11,144.023,0.0000,impact,ragdoll,Proventus Avenicci,0001A67D,NPC COM [COM ],0,67.841,67.841,207.235,61.729,7.740,50.0000,17.687,-529.386,427.349,-258.131,-0.7874,-0.6163,-0.0122,-33.865,3.602,-51.485,-,Skin,shape,0000018F3CA8C100,16,1,1,0,-
12,144.024,0.0000,impact,ragdoll,Proventus Avenicci,0001A67D,NPC L Hand [LHnd],16,141.981,141.981,212.392,86.911,13.878,4.0000,8.334,-530.481,426.411,-254.156,-0.7332,-0.5664,-0.3763,10.645,61.149,-60.836,-,Skin,shape,0000018F3CA8DF00,3,1,1,0,-
13,144.024,0.0000,impact,ragdoll,Proventus Avenicci,0001A67D,NPC Spine [Spn0],3,141.981,141.981,212.392,122.334,9.303,4.0000,17.297,-530.481,426.411,-254.156,-0.7332,-0.5664,-0.3763,-81.993,-45.160,-78.761,-,Skin,shape,0000018F3CA8C100,16,1,1,0,-
14,182.410,0.0000,impact,ragdoll,Proventus Avenicci,0001A67D,NPC R Calf [RClf],4,45.103,45.103,335.267,108.695,14.473,6.0000,19.675,-506.512,413.029,-318.000,-0.0000,0.0000,1.0000,91.024,28.702,-52.013,Static,Carpet,shape,0000018F3647CD00,-,1,1,0,-
15,201.881,0.0000,impact,ragdoll,Proventus Avenicci,0001A67D,NPC L Foot [Lft ],7,92.050,92.050,262.231,85.401,35.781,3.0000,10.011,-527.536,462.942,-319.650,-0.0000,-0.0000,1.0000,30.938,50.671,-61.390,Static,Wood,shape,0000018E5BF03100,-,0,1,0,-
16,201.891,0.0000,impact,ragdoll,Proventus Avenicci,0001A67D,NPC L Foot [Lft ],7,92.051,92.051,203.745,85.401,35.781,3.0000,10.011,-527.536,462.942,-318.000,0.0000,0.0000,1.0000,30.938,50.671,-61.390,Static,Carpet,shape,0000018F3647CD00,-,0,1,0,-
17,258.309,0.0000,impact,ragdoll,Proventus Avenicci,0001A67D,NPC L Hand [LHnd],16,49.637,49.637,514.051,221.147,41.513,4.0000,8.334,-540.384,421.770,-265.257,-0.4995,-0.3045,-0.8110,-83.185,-36.007,-201.717,-,Skin,shape,0000018F3CA8DC00,6,1,1,0,-
18,258.309,0.0000,impact,ragdoll,Proventus Avenicci,0001A67D,NPC Spine1 [Spn1],6,49.637,49.637,514.051,257.832,6.564,4.0000,18.878,-540.384,421.770,-265.257,-0.4995,-0.3045,-0.8110,-127.136,-43.682,-220.013,-,Skin,shape,0000018F3CA8C100,16,1,1,0,-
19,296.653,0.0000,impact,ragdoll,Proventus Avenicci,0001A67D,NPC Head [Head],13,312.419,312.419,576.975,573.416,11.631,4.0000,15.108,-569.397,415.513,-241.627,0.9866,-0.0691,0.1476,-271.791,-279.622,-420.413,Static,ArmorHeavy,shape,0000018E5C5E9F00,-,1,1,0,-
20,315.107,0.0000,impact,ragdoll,Proventus Avenicci,0001A67D,NPC L Calf [LClf],5,271.754,271.754,293.589,158.225,17.022,6.0000,19.675,-536.041,457.662,-318.000,-0.0000,0.0000,1.0000,41.723,78.871,-130.666,Static,Carpet,shape,0000018F3647CD00,-,1,1,0,-
21,334.490,0.0000,impact,ragdoll,Proventus Avenicci,0001A67D,NPC L Thigh [LThg],1,82.492,82.492,159.965,181.396,10.375,6.0000,20.487,-534.634,454.090,-318.000,-0.0000,0.0000,1.0000,12.653,8.582,-180.750,Static,Carpet,shape,0000018F3647CD00,-,1,1,0,-
22,354.998,0.0000,impact,ragdoll,Proventus Avenicci,0001A67D,NPC Neck [Neck],11,79.016,79.016,600.570,528.972,8.315,6.0000,8.431,-570.659,399.647,-266.917,0.9915,0.0717,-0.1084,-110.500,-257.706,-448.540,Props,Blunt2Hand,shape,0000018F365C4100,-,1,1,0,-
23,355.002,0.0000,impact,ragdoll,Proventus Avenicci,0001A67D,NPC Head [Head],13,137.611,137.611,515.721,527.339,21.778,4.0000,15.108,-572.035,395.579,-259.725,0.9671,0.2540,0.0155,-63.581,-268.207,-449.565,Static,ArmorHeavy,shape,0000018E5C5E9F00,-,1,1,0,-
24,355.006,0.0000,impact,ragdoll,Proventus Avenicci,0001A67D,NPC L Hand [LHnd],16,68.240,68.240,429.601,392.822,9.342,4.0000,8.334,-562.569,408.368,-307.224,0.7071,0.7071,0.0000,-88.762,-7.433,-382.590,Static,Stone,shape,0000018E5C921600,-,1,1,0,-
25,374.709,0.0000,impact,ragdoll,Proventus Avenicci,0001A67D,NPC Neck [Neck],11,52.486,52.486,537.163,503.890,11.288,6.0000,8.431,-572.555,398.155,-272.237,1.0000,0.0000,0.0000,-52.852,-235.081,-442.548,Static,ArmorHeavy,shape,0000018E5C5E9F00,-,1,1,0,-
26,374.715,0.0000,impact,ragdoll,Proventus Avenicci,0001A67D,NPC L Forearm [LLar],14,26.499,26.499,553.693,397.302,25.200,2.0000,11.658,-556.896,402.679,-305.842,0.8649,0.5020,-0.0000,-58.275,14.469,-392.738,Static,Stone,shape,0000018E5C921600,-,1,1,0,-
27,374.718,0.0000,impact,ragdoll,Proventus Avenicci,0001A67D,NPC L Hand [LHnd],16,390.641,390.641,315.115,394.725,46.345,4.0000,8.334,-556.375,415.187,-318.000,-0.0000,0.0000,1.0000,-40.701,23.379,-391.925,Static,Carpet,shape,0000018F3647CD00,-,1,1,0,-
28,375.334,0.0000,impact,ragdoll,Proventus Avenicci,0001A67D,NPC COM [COM ],0,282.930,282.930,57.220,296.279,5.212,50.0000,17.687,-535.709,428.471,-318.000,0.0000,-0.0000,1.0000,-83.187,-33.653,-282.363,Static,Carpet,shape,0000018F3647CD00,-,1,1,0,-
29,375.337,0.0000,impact,ragdoll,Proventus Avenicci,0001A67D,NPC L Thigh [LThg],1,264.626,264.626,44.454,190.544,10.265,6.0000,20.487,-535.108,431.969,-318.000,-0.0000,0.0000,1.0000,19.791,-29.554,-187.195,Static,Carpet,shape,0000018F3647CD00,-,0,1,0,-
30,375.348,0.0000,impact,ragdoll,Proventus Avenicci,0001A67D,NPC L Forearm [LLar],14,159.633,159.633,340.012,241.482,29.203,2.0000,11.658,-547.425,416.182,-306.908,-0.6407,-0.6918,-0.3332,27.453,-43.420,-235.955,-,Skin,shape,0000018F3CA8DF00,3,1,1,0,-
31,375.348,0.0000,impact,ragdoll,Proventus Avenicci,0001A67D,NPC Spine [Spn0],3,159.633,159.633,340.012,341.424,4.134,4.0000,17.297,-547.425,416.182,-306.908,-0.6407,-0.6918,-0.3332,-110.339,-33.456,-321.366,-,Skin,shape,0000018F3CA8C400,14,1,1,0,-
32,375.351,0.0000,impact,ragdoll,Proventus Avenicci,0001A67D,NPC L Forearm [LLar],14,28.909,28.909,180.003,241.482,29.203,2.0000,11.658,-557.818,403.573,-306.775,0.7071,0.7071,0.0000,27.453,-43.420,-235.955,Static,Stone,shape,0000018E5C921600,-,0,0,0,-
33,375.352,0.0000,impact,ragdoll,Proventus Avenicci,0001A67D,NPC L Forearm [LLar],14,69.989,69.989,257.930,241.482,29.203,2.0000,11.658,-553.492,409.632,-318.000,0.0000,0.0000,1.0000,27.453,-43.420,-235.955,Static,Carpet,shape,0000018F3647CD00,-,1,1,0,-
34,395.024,0.0000,impact,ragdoll,Proventus Avenicci,0001A67D,NPC Spine2 [Spn2],9,100.236,100.236,380.718,330.076,17.818,7.0000,23.052,-557.033,412.691,-307.685,0.1115,-0.5788,0.8078,-34.511,-145.356,-294.331,-,Skin,shape,0000018F3CA8C100,16,1,1,0,-
35,395.025,0.0000,impact,ragdoll,Proventus Avenicci,0001A67D,NPC L Hand [LHnd],16,100.236,100.236,380.718,151.344,63.449,4.0000,8.334,-557.033,412.691,-307.685,0.1115,-0.5788,0.8078,-31.789,-54.383,-137.612,-,Skin,shape,0000018F3CA8D900,9,1,1,0,-
36,395.027,0.0000,impact,ragdoll,Proventus Avenicci,0001A67D,NPC Spine2 [Spn2],9,336.195,336.195,141.996,330.076,17.818,7.0000,23.052,-557.135,402.483,-304.183,0.0000,0.0000,1.0000,-34.511,-145.356,-294.331,Static,Stone,shape,0000018E5C921600,-,0,0,0,-
37,395.028,0.0000,impact,ragdoll,Proventus Avenicci,0001A67D,NPC Spine2 [Spn2],9,310.463,310.463,207.993,330.076,17.818,7.0000,23.052,-557.135,401.807,-304.182,0.1848,-0.0000,0.9828,-34.511,-145.356,-294.331,Static,Stone,shape,0000018E5C921600,-,0,0,0,-
38,395.028,0.0000,impact,ragdoll,Proventus Avenicci,0001A67D,NPC Spine2 [Spn2],9,303.031,303.031,203.376,330.076,17.818,7.0000,23.052,-557.135,402.483,-304.183,0.1845,-0.0568,0.9812,-34.511,-145.356,-294.331,Static,Stone,shape,0000018E5C921600,-,0,0,0,-
39,395.029,0.0000,impact,ragdoll,Proventus Avenicci,0001A67D,NPC Spine2 [Spn2],9,310.463,310.463,207.993,330.076,17.818,7.0000,23.052,-557.135,401.807,-304.182,0.1848,-0.0000,0.9828,-34.511,-145.356,-294.331,Static,Stone,shape,0000018E5C921600,-,0,1,0,-
40,395.029,0.0000,impact,ragdoll,Proventus Avenicci,0001A67D,NPC L UpperArm [LUar],10,134.465,134.465,353.304,423.327,24.114,2.0000,14.463,-556.905,393.936,-304.337,0.8415,-0.0000,0.5402,80.871,-89.478,-405.782,Static,Stone,shape,0000018E5C921600,-,0,0,0,-
41,395.029,0.0000,impact,ragdoll,Proventus Avenicci,0001A67D,NPC L UpperArm [LUar],10,134.465,134.465,353.304,423.327,24.114,2.0000,14.463,-556.905,393.936,-304.337,0.8415,-0.0000,0.5402,80.871,-89.478,-405.782,Static,Stone,shape,0000018E5C921600,-,0,1,0,-
42,395.032,0.0000,impact,ragdoll,Proventus Avenicci,0001A67D,NPC Head [Head],13,89.913,89.913,558.561,574.056,5.085,4.0000,15.108,-572.555,391.805,-272.611,1.0000,0.0000,0.0000,-90.182,-324.470,-464.894,Static,ArmorHeavy,shape,0000018E5C5E9F00,-,1,1,0,-
43,395.037,0.0000,impact,ragdoll,Proventus Avenicci,0001A67D,NPC L Hand [LHnd],16,135.550,135.550,451.947,151.344,63.449,4.0000,8.334,-557.502,415.493,-319.650,0.0000,0.0000,1.0000,-31.789,-54.383,-137.612,Static,Wood,shape,0000018E5BF03100,-,1,1,0,-
44,395.721,0.0000,impact,ragdoll,Proventus Avenicci,0001A67D,NPC L Thigh [LThg],1,16.253,16.253,14.476,50.008,4.830,6.0000,20.487,-535.894,431.691,-319.650,-0.0000,-0.0000,1.0000,-48.254,-12.451,-4.169,Static,Wood,shape,0000018E5BF03100,-,1,1,0,-
45,414.837,0.0000,impact,ragdoll,Proventus Avenicci,0001A67D,NPC Spine2 [Spn2],9,15.008,15.008,172.503,231.634,14.470,7.0000,23.052,-557.557,402.062,-304.194,0.0000,0.0000,1.0000,-42.425,-227.659,-5.069,Static,Stone,shape,0000018E5C921600,-,0,1,0,-
46,414.839,0.0000,impact,ragdoll,Proventus Avenicci,0001A67D,NPC Spine2 [Spn2],9,7.513,7.513,409.887,231.634,14.470,7.0000,23.052,-572.555,399.045,-292.113,1.0000,0.0000,0.0000,-42.425,-227.659,-5.069,Static,ArmorHeavy,shape,0000018E5C5E9F00,-,1,0,0,-
47,414.840,0.0000,impact,ragdoll,Proventus Avenicci,0001A67D,NPC Spine2 [Spn2],9,89.512,89.512,417.585,231.634,14.470,7.0000,23.052,-572.555,400.334,-289.065,0.9945,0.1038,0.0119,-42.425,-227.659,-5.069,Static,ArmorHeavy,shape,0000018E5C5E9F00,-,0,1,0,-
48,415.503,0.0000,impact,ragdoll,Proventus Avenicci,0001A67D,NPC L Forearm [LLar],14,89.915,89.915,70.788,74.741,9.787,2.0000,11.658,-559.345,405.134,-310.235,0.7071,0.7071,0.0000,-23.548,-58.864,39.582,Static,Stone,shape,0000018E5C921600,-,0,1,0,-
49,415.504,0.0000,impact,ragdoll,Proventus Avenicci,0001A67D,NPC R Forearm [RLar],15,400.125,400.125,49.068,441.540,30.649,6.0000,11.658,-569.760,407.323,-251.929,0.5704,0.7287,-0.3789,-365.423,-244.836,38.466,Props,Blunt2Hand,shape,0000018F365C4100,-,1,1,0,-
50,434.266,0.0000,impact,ragdoll,Proventus Avenicci,0001A67D,NPC Head [Head],13,65.312,65.312,577.600,338.139,34.018,4.0000,15.108,-572.555,376.539,-278.700,1.0000,0.0000,0.0000,-55.714,-272.166,-192.769,Static,ArmorHeavy,shape,0000018E5C5E9F00,-,1,1,0,-
51,434.978,0.0000,impact,ragdoll,Proventus Avenicci,0001A67D,NPC L Hand [LHnd],16,23.968,23.968,94.844,48.779,15.899,4.0000,8.334,-562.940,408.739,-312.071,0.7071,0.7071,0.0000,3.781,-37.675,-30.751,Static,Stone,shape,0000018E5C921600,-,1,1,0,-
52,454.072,0.0000,impact,ragdoll,Proventus Avenicci,0001A67D,NPC L Forearm [LLar],14,33.059,33.059,230.086,69.279,22.996,2.0000,11.658,-553.947,407.310,-319.650,-0.0000,0.0000,1.0000,-6.674,-67.462,-14.276,Static,Wood,shape,0000018E5BF03100,-,1,1,0,-
53,454.731,0.0000,impact,ragdoll,Proventus Avenicci,0001A67D,NPC R UpperArm [RUar],12,83.343,83.343,177.611,165.900,24.050,2.0000,14.463,-572.577,398.478,-271.818,0.9381,0.3442,0.0396,-96.599,-34.880,-130.288,Static,ArmorHeavy,shape,0000018E5C5E9F00,-,0,0,0,-
54,454.731,0.0000,impact,ragdoll,Proventus Avenicci,0001A67D,NPC R UpperArm [RUar],12,83.343,83.343,177.611,165.900,24.050,2.0000,14.463,-572.577,398.478,-271.818,0.9381,0.3442,0.0396,-96.599,-34.880,-130.288,Static,ArmorHeavy,shape,0000018E5C5E9F00,-,0,1,0,-
55,472.006,0.0000,impact,ragdoll,Proventus Avenicci,0001A67D,NPC Spine1 [Spn1],6,25.778,25.778,83.858,97.872,3.978,4.0000,18.878,-557.028,402.669,-304.270,1.0000,-0.0000,0.0000,-35.853,-77.586,-47.685,Static,Stone,shape,0000018E5C921600,-,1,0,0,-
56,472.008,0.0000,impact,ragdoll,Proventus Avenicci,0001A67D,NPC Spine1 [Spn1],6,54.313,54.313,68.898,97.872,3.978,4.0000,18.878,-557.028,402.669,-304.270,0.7071,0.7071,0.0000,-35.853,-77.586,-47.685,Static,Stone,shape,0000018E5C921600,-,0,0,0,-
57,472.009,0.0000,impact,ragdoll,Proventus Avenicci,0001A67D,NPC Spine1 [Spn1],6,66.543,66.543,57.173,97.872,3.978,4.0000,18.878,-557.028,402.669,-304.270,0.0000,0.0000,1.0000,-35.853,-77.586,-47.685,Static,Stone,shape,0000018E5C921600,-,0,0,0,-
58,472.009,0.0000,impact,ragdoll,Proventus Avenicci,0001A67D,NPC Spine1 [Spn1],6,85.508,85.508,19.624,97.872,3.978,4.0000,18.878,-557.028,402.669,-304.270,0.4892,0.4728,0.7329,-35.853,-77.586,-47.685,Static,Stone,shape,0000018E5C921600,-,0,0,0,-
59,472.010,0.0000,impact,ragdoll,Proventus Avenicci,0001A67D,NPC Spine1 [Spn1],6,85.508,85.508,19.624,97.872,3.978,4.0000,18.878,-557.028,402.669,-304.270,0.4892,0.4728,0.7329,-35.853,-77.586,-47.685,Static,Stone,shape,0000018E5C921600,-,0,0,0,-
60,472.010,0.0000,impact,ragdoll,Proventus Avenicci,0001A67D,NPC Spine1 [Spn1],6,33.444,33.444,81.107,97.872,3.978,4.0000,18.878,-557.028,402.669,-304.270,0.9877,0.1564,0.0000,-35.853,-77.586,-47.685,Static,Stone,shape,0000018E5C921600,-,0,0,0,-
61,472.010,0.0000,impact,ragdoll,Proventus Avenicci,0001A67D,NPC Spine1 [Spn1],6,66.543,66.543,57.173,97.872,3.978,4.0000,18.878,-557.028,402.669,-304.270,0.0000,0.0000,1.0000,-35.853,-77.586,-47.685,Static,Stone,shape,0000018E5C921600,-,0,1,0,-
62,472.020,0.0000,impact,ragdoll,Proventus Avenicci,0001A67D,NPC L Forearm [LLar],14,45.872,45.872,194.529,121.606,22.305,2.0000,11.658,-556.907,399.862,-305.704,1.0000,-0.0000,-0.0000,9.062,-113.270,-43.312,Static,Stone,shape,0000018E5C921600,-,0,1,0,-
63,472.674,0.0000,impact,ragdoll,Proventus Avenicci,0001A67D,NPC Head [Head],13,125.392,125.392,607.766,165.464,34.372,4.0000,15.108,-557.271,371.820,-304.176,-0.0000,0.0000,1.0000,105.622,-59.797,-112.457,Static,Stone,shape,0000018E5C921600,-,1,1,0,-
64,489.522,0.0000,impact,ragdoll,Proventus Avenicci,0001A67D,NPC L Calf [LClf],5,106.313,106.313,67.714,122.052,7.495,6.0000,19.675,-537.972,454.007,-319.650,0.0000,-0.0000,1.0000,-83.905,-56.267,-68.489,Static,Wood,shape,0000018E5BF03100,-,1,1,0,-
65,489.535,0.0000,impact,ragdoll,Proventus Avenicci,0001A67D,NPC L Forearm [LLar],14,10.127,10.127,183.725,72.454,20.815,2.0000,11.658,-552.514,404.661,-318.000,0.0000,-0.0000,1.0000,43.615,-33.904,-46.881,Static,Carpet,shape,0000018F3647CD00,-,1,1,0,-
66,490.014,0.0000,impact,ragdoll,Proventus Avenicci,0001A67D,NPC L Hand [LHnd],16,50.400,50.400,189.025,53.891,10.274,4.0000,8.334,-549.053,417.945,-306.286,-0.5494,-0.6466,-0.5292,44.775,-0.812,-29.980,-,-,-,0000018F3CA8EE00,0,1,1,0,-
67,490.014,0.0000,impact,ragdoll,Proventus Avenicci,0001A67D,NPC COM [COM ],0,50.400,50.400,189.025,70.343,10.750,50.0000,17.687,-549.053,417.945,-306.286,-0.5494,-0.6466,-0.5292,-60.427,-28.543,21.956,-,Skin,shape,0000018F3CA8C100,16,1,1,0,-
68,507.692,0.0000,impact,ragdoll,Proventus Avenicci,0001A67D,NPC L Foot [Lft ],7,49.202,49.202,147.889,94.877,7.229,3.0000,10.011,-524.527,482.410,-318.000,0.0000,0.0000,1.0000,-80.260,-29.576,-41.053,Static,Carpet,shape,0000018F3647CD00,-,1,1,0,-
69,507.701,0.0000,impact,ragdoll,Proventus Avenicci,0001A67D,NPC R Forearm [RLar],15,49.473,49.473,185.321,250.767,16.062,6.0000,11.658,-579.014,399.924,-282.391,-0.0000,0.9935,0.1142,148.284,-29.006,-200.136,Static,ArmorHeavy,shape,0000018E5C5E9F00,-,1,1,0,-
70,507.704,0.0000,impact,ragdoll,Proventus Avenicci,0001A67D,NPC R Hand [RHnd],17,161.447,161.447,426.684,450.665,52.421,4.0000,8.334,-592.274,400.043,-283.421,-0.0000,0.9935,0.1142,106.732,-113.997,-422.743,Static,ArmorHeavy,shape,0000018E5C5E9F00,-,1,1,0,-
71,524.478,0.0000,impact,ragdoll,Proventus Avenicci,0001A67D,NPC R Forearm [RLar],15,17.322,17.322,30.186,237.582,22.416,6.0000,11.658,-572.899,399.970,-282.792,0.1045,0.9880,0.1136,126.029,29.419,-199.240,Static,ArmorHeavy,shape,0000018E5C5E9F00,-,0,0,0,-
72,524.479,0.0000,impact,ragdoll,Proventus Avenicci,0001A67D,NPC R Forearm [RLar],15,17.911,17.911,29.840,237.582,22.416,6.0000,11.658,-572.899,399.970,-282.792,0.0170,0.9933,0.1142,126.029,29.419,-199.240,Static,ArmorHeavy,shape,0000018E5C5E9F00,-,0,1,0,-
73,559.389,0.0000,impact,ragdoll,Proventus Avenicci,0001A67D,NPC R Hand [RHnd],17,74.008,74.008,349.043,400.509,22.423,4.0000,8.334,-582.988,409.131,-304.405,0.0000,0.9385,0.3454,208.266,45.596,-339.048,Static,Stone,shape,0000018E5C921600,-,1,0,0,-
74,559.390,0.0000,impact,ragdoll,Proventus Avenicci,0001A67D,NPC R Hand [RHnd],17,74.008,74.008,349.043,400.509,22.423,4.0000,8.334,-582.988,409.131,-304.405,0.0000,0.9385,0.3454,208.266,45.596,-339.048,Static,Stone,shape,0000018E5C921600,-,0,1,0,-
75,577.323,0.0000,impact,ragdoll,Proventus Avenicci,0001A67D,NPC R UpperArm [RUar],12,40.721,40.721,156.651,127.635,7.232,2.0000,14.463,-572.573,396.575,-278.839,1.0000,0.0000,0.0000,4.763,55.813,-114.686,Static,ArmorHeavy,shape,0000018E5C5E9F00,-,0,1,0,-
76,577.326,0.0000,impact,ragdoll,Proventus Avenicci,0001A67D,NPC R Forearm [RLar],15,169.444,169.444,133.487,221.707,11.185,6.0000,11.658,-573.002,407.661,-304.350,0.0000,0.0000,1.0000,113.975,54.913,-182.066,Static,Stone,shape,0000018E5C921600,-,1,1,0,-
77,577.327,0.0000,impact,ragdoll,Proventus Avenicci,0001A67D,NPC L Hand [LHnd],16,10.891,10.891,85.954,21.794,2.162,4.0000,8.334,-551.883,420.213,-308.837,-0.1741,-0.9119,-0.3716,9.773,-19.480,0.034,-,Skin,shape,0000018F3CA8F400,1,1,1,0,-
78,577.327,0.0000,impact,ragdoll,Proventus Avenicci,0001A67D,NPC L Thigh [LThg],1,10.891,10.891,85.954,74.490,5.405,6.0000,20.487,-551.883,420.213,-308.837,-0.1741,-0.9119,-0.3716,-73.669,-8.314,-7.250,-,Skin,shape,0000018F3CA8C100,16,1,1,0,-
79,595.101,0.0000,impact,ragdoll,Proventus Avenicci,0001A67D,NPC R Forearm [RLar],15,13.326,13.326,166.257,172.931,16.147,6.0000,11.658,-573.186,409.133,-304.412,0.0000,0.9448,0.3275,149.765,63.337,-58.856,Static,Stone,shape,0000018E5C921600,-,0,0,0,-
80,595.102,0.0000,impact,ragdoll,Proventus Avenicci,0001A67D,NPC R Forearm [RLar],15,13.326,13.326,166.257,172.931,16.147,6.0000,11.658,-573.186,409.133,-304.412,0.0000,0.9448,0.3275,149.765,63.337,-58.856,Static,Stone,shape,0000018E5C921600,-,0,1,0,-
81,595.648,0.0000,impact,ragdoll,Proventus Avenicci,0001A67D,NPC Spine2 [Spn2],9,28.103,28.103,48.191,47.548,2.468,7.0000,23.052,-557.016,402.299,-304.309,0.0000,0.0000,1.0000,14.538,41.905,-17.131,Static,Stone,shape,0000018E5C921600,-,0,1,0,-
82,595.652,0.0000,impact,ragdoll,Proventus Avenicci,0001A67D,NPC R Forearm [RLar],15,155.326,155.326,89.831,174.924,4.858,6.0000,11.658,-556.671,413.960,-297.100,-0.9156,-0.1971,0.3504,161.843,-0.750,-66.370,-,Skin,shape,0000018F3CA8DF00,3,1,1,0,-
83,595.652,0.0000,impact,ragdoll,Proventus Avenicci,0001A67D,NPC Spine [Spn0],3,155.326,155.326,89.831,48.664,1.940,4.0000,17.297,-556.671,413.960,-297.100,-0.9156,-0.1971,0.3504,-18.602,17.251,-41.528,-,Skin,shape,0000018F3CA8CD00,15,1,1,0,-
84,595.652,0.0000,impact,ragdoll,Proventus Avenicci,0001A67D,NPC R Forearm [RLar],15,170.942,170.942,23.185,174.924,4.858,6.0000,11.658,-557.141,408.923,-296.297,-0.9132,0.2883,0.2881,161.843,-0.750,-66.370,-,Skin,shape,0000018F3CA8DC00,6,1,1,0,-
85,595.652,0.0000,impact,ragdoll,Proventus Avenicci,0001A67D,NPC Spine1 [Spn1],6,170.942,170.942,23.185,34.119,4.155,4.0000,18.878,-557.141,408.923,-296.297,-0.9132,0.2883,0.2881,1.875,33.720,-4.854,-,Skin,shape,0000018F3CA8CD00,15,1,1,0,-
86,612.498,0.0000,impact,ragdoll,Proventus Avenicci,0001A67D,NPC COM [COM ],0,48.150,48.150,71.291,54.309,6.192,50.0000,17.687,-550.753,423.083,-318.000,-0.0000,-0.0000,1.0000,-17.030,6.277,-51.186,Static,Carpet,shape,0000018F3647CD00,-,1,1,0,-
87,612.506,0.0000,impact,ragdoll,Proventus Avenicci,0001A67D,NPC L Foot [Lft ],7,39.673,39.673,106.354,72.624,5.669,3.0000,10.011,-528.451,480.385,-319.650,0.0000,-0.0000,1.0000,-56.907,1.691,-45.088,Static,Wood,shape,0000018E5BF03100,-,1,1,0,-
88,612.508,0.0000,impact,ragdoll,Proventus Avenicci,0001A67D,NPC Spine2 [Spn2],9,31.468,31.468,52.707,32.064,1.480,7.0000,23.052,-553.149,405.443,-309.524,0.2228,-0.6120,0.7588,24.167,20.889,-2.777,-,Skin,shape,0000018F3CA8C100,16,1,1,0,-
89,612.508,0.0000,impact,ragdoll,Proventus Avenicci,0001A67D,NPC L Hand [LHnd],16,31.468,31.468,52.707,41.780,6.329,4.0000,8.334,-553.149,405.443,-309.524,0.2228,-0.6120,0.7588,-17.044,-38.145,0.162,-,Skin,shape,0000018F3CA8D900,9,1,1,0,-
90,612.999,0.0000,impact,ragdoll,Proventus Avenicci,0001A67D,NPC R Forearm [RLar],15,94.397,94.397,16.716,102.079,6.272,6.0000,11.658,-558.818,419.011,-301.659,-0.8748,-0.4539,0.1694,96.400,6.940,-32.846,-,-,-,0000018F3CA8EE00,0,1,1,0,-
91,612.999,0.0000,impact,ragdoll,Proventus Avenicci,0001A67D,NPC COM [COM ],0,94.397,94.397,16.716,21.048,2.702,50.0000,17.687,-558.818,419.011,-301.659,-0.8748,-0.4539,0.1694,-11.347,17.345,-3.663,-,Skin,shape,0000018F3CA8CD00,15,1,1,0,-
92,613.000,0.0000,impact,ragdoll,Proventus Avenicci,0001A67D,NPC R Forearm [RLar],15,104.943,104.943,126.254,102.079,6.272,6.0000,11.658,-557.648,404.391,-291.996,-0.7476,0.6384,-0.1831,96.400,6.940,-32.846,-,Skin,shape,0000018F3CA8D900,9,1,1,0,-
93,613.000,0.0000,impact,ragdoll,Proventus Avenicci,0001A67D,NPC Spine2 [Spn2],9,104.943,104.943,126.254,25.368,4.154,7.0000,23.052,-557.648,404.391,-291.996,-0.7476,0.6384,-0.1831,-0.377,15.133,-20.357,-,Skin,shape,0000018F3CA8CD00,15,1,1,0,-
94,631.888,0.0000,impact,ragdoll,Proventus Avenicci,0001A67D,NPC Spine [Spn0],3,16.713,16.713,73.111,18.415,3.671,4.0000,17.297,-549.552,415.807,-318.000,0.0000,-0.0000,1.0000,-1.003,13.605,-12.369,Static,Carpet,shape,0000018F3647CD00,-,1,1,0,-
95,651.677,0.0000,impact,ragdoll,Proventus Avenicci,0001A67D,NPC R UpperArm [RUar],12,16.108,16.108,91.314,70.138,3.064,2.0000,14.463,-572.555,398.093,-281.894,1.0000,0.0000,-0.0000,-4.694,-60.538,-35.106,Static,ArmorHeavy,shape,0000018E5C5E9F00,-,0,1,0,-
96,695.635,0.0000,impact,ragdoll,Proventus Avenicci,0001A67D,NPC R UpperArm [RUar],12,51.954,51.954,59.248,59.091,2.518,2.0000,14.463,-575.208,401.082,-294.620,-0.0000,0.9935,0.1142,5.048,-38.110,-44.876,Static,ArmorHeavy,shape,0000018E5C5E9F00,-,0,1,0,-
97,695.647,0.0000,impact,ragdoll,Proventus Avenicci,0001A67D,NPC R Hand [RHnd],17,16.750,16.750,80.821,19.267,10.550,4.0000,8.334,-572.828,417.510,-319.650,0.0000,0.0000,1.0000,1.401,-9.069,-16.941,Static,Wood,shape,0000018E5BF03100,-,1,1,0,-
98,742.248,0.0000,impact,ragdoll,Proventus Avenicci,0001A67D,NPC L UpperArm [LUar],10,40.656,40.656,78.466,78.964,1.760,2.0000,14.463,-537.999,395.383,-318.000,0.0000,-0.0000,1.0000,37.224,51.025,-47.394,Static,Carpet,shape,0000018F36551C00,-,1,1,0,-
99,762.968,0.0000,impact,ragdoll,Proventus Avenicci,0001A67D,NPC R Thigh [RThg],2,74.382,74.382,49.451,95.777,3.674,6.0000,20.487,-547.756,446.812,-304.779,0.0090,-0.3891,0.9212,-49.237,54.517,-61.456,-,Skin,shape,0000018F3CA8F400,1,0,1,0,-
100,762.968,0.0000,impact,ragdoll,Proventus Avenicci,0001A67D,NPC L Thigh [LThg],1,74.382,74.382,49.451,28.648,2.476,6.0000,20.487,-547.756,446.812,-304.779,0.0090,-0.3891,0.9212,15.329,5.231,-23.630,-,Skin,shape,0000018F3CA8E800,2,0,1,0,-
101,825.184,0.0000,impact,ragdoll,Proventus Avenicci,0001A67D,NPC Spine2 [Spn2],9,17.533,17.533,41.180,30.803,1.849,7.0000,23.052,-544.061,397.384,-318.000,0.0000,0.0000,1.0000,25.804,1.168,-16.781,Static,Carpet,shape,0000018F36551C00,-,1,1,0,-
102,825.734,0.0000,impact,ragdoll,Proventus Avenicci,0001A67D,NPC L Forearm [LLar],14,34.742,34.742,7.343,21.263,3.097,2.0000,11.658,-535.727,404.354,-318.000,0.0000,-0.0000,1.0000,12.942,4.101,-16.365,Static,Carpet,shape,0000018F3647CD00,-,0,1,0,-
103,825.735,0.0000,impact,ragdoll,Proventus Avenicci,0001A67D,NPC R Forearm [RLar],15,14.085,14.085,11.470,18.266,3.279,6.0000,11.658,-564.580,402.786,-304.319,0.0000,0.0000,1.0000,5.704,-10.297,13.968,Static,Stone,shape,0000018E5C921600,-,0,1,0,-
104,857.013,0.0000,impact,ragdoll,Proventus Avenicci,0001A67D,NPC R Thigh [RThg],2,18.554,18.554,37.690,51.942,3.453,6.0000,20.487,-549.142,454.929,-306.659,-0.2948,-0.2042,0.9335,-49.184,4.678,-16.032,-,Skin,shape,0000018F3CA8F100,5,1,1,0,-
105,857.014,0.0000,impact,ragdoll,Proventus Avenicci,0001A67D,NPC L Calf [LClf],5,18.554,18.554,37.690,43.277,3.272,6.0000,19.675,-549.142,454.929,-306.659,-0.2948,-0.2042,0.9335,-38.140,19.510,-6.129,-,Skin,shape,0000018F3CA8E800,2,1,1,0,-
106,874.395,0.0000,impact,ragdoll,Proventus Avenicci,0001A67D,NPC R Forearm [RLar],15,20.383,20.383,26.818,25.402,2.409,6.0000,11.658,-555.703,416.216,-301.251,-0.8600,-0.5019,0.0919,19.493,-11.877,11.146,-,Skin,shape,0000018F3CA8DF00,3,1,1,0,-
107,874.396,0.0000,impact,ragdoll,Proventus Avenicci,0001A67D,NPC Spine [Spn0],3,20.383,20.383,26.818,20.442,1.421,4.0000,17.297,-555.703,416.216,-301.251,-0.8600,-0.5019,0.0919,-11.999,-0.679,16.536,-,Skin,shape,0000018F3CA8CD00,15,1,1,0,-
108,875.015,0.0000,impact,ragdoll,Proventus Avenicci,0001A67D,NPC L Hand [LHnd],16,12.852,12.852,3.646,16.826,0.912,4.0000,8.334,-551.983,418.423,-309.357,-0.2040,-0.9225,-0.3278,3.928,16.362,-0.029,-,-,-,0000018F3CA8EE00,0,1,1,0,-
109,875.015,0.0000,impact,ragdoll,Proventus Avenicci,0001A67D,NPC COM [COM ],0,12.852,12.852,3.646,17.138,2.593,50.0000,17.687,-551.983,418.423,-309.357,-0.2040,-0.9225,-0.3278,-13.425,-0.293,10.649,-,Skin,shape,0000018F3CA8C100,16,1,1,0,-
110,944.441,0.0000,impact,ragdoll,Proventus Avenicci,0001A67D,NPC R Forearm [RLar],15,5.120,5.120,2.052,6.755,1.475,6.0000,11.658,-558.232,401.934,-304.260,0.0000,0.0000,1.0000,-1.652,-5.376,3.742,Static,Stone,shape,0000018E5C921600,-,0,1,0,-
111,963.482,0.0000,impact,ragdoll,Proventus Avenicci,0001A67D,NPC R Hand [RHnd],17,19.635,19.635,29.164,9.676,1.018,4.0000,8.334,-559.177,422.953,-308.313,-0.8820,-0.4229,-0.2079,-1.562,6.321,7.158,-,-,-,0000018F3CA8EE00,0,1,1,0,-
112,963.483,0.0000,impact,ragdoll,Proventus Avenicci,0001A67D,NPC COM [COM ],0,19.635,19.635,29.164,23.902,1.995,50.0000,17.687,-559.177,422.953,-308.313,-0.8820,-0.4229,-0.2079,-22.607,-1.823,-7.543,-,Skin,shape,0000018F3CA8CA00,17,1,1,0,-
113,981.535,0.0000,impact,ragdoll,Proventus Avenicci,0001A67D,NPC R Forearm [RLar],15,22.155,22.155,37.731,2.233,1.239,6.0000,11.658,-558.955,421.807,-304.664,-0.7860,-0.6182,0.0027,-0.072,-2.037,0.910,-,-,-,0000018F3CA8EE00,0,1,1,0,-
114,981.535,0.0000,impact,ragdoll,Proventus Avenicci,0001A67D,NPC COM [COM ],0,22.155,22.155,37.731,24.237,1.803,50.0000,17.687,-558.955,421.807,-304.664,-0.7860,-0.6182,0.0027,-22.969,-2.199,-7.419,-,Skin,shape,0000018F3CA8CD00,15,1,1,0,-
115,1019.874,0.0000,impact,ragdoll,Proventus Avenicci,0001A67D,NPC Spine2 [Spn2],9,16.723,16.723,53.401,62.646,1.894,7.0000,23.052,-556.874,402.404,-304.444,0.0000,0.0000,1.0000,32.746,53.200,4.691,Static,Stone,shape,0000018E5C921600,-,0,0,0,-
116,1038.011,0.0000,impact,ragdoll,Proventus Avenicci,0001A67D,NPC COM [COM ],0,14.430,14.430,34.951,18.162,5.885,50.0000,17.687,-552.027,426.935,-319.650,0.0000,0.0000,1.0000,-10.893,-6.865,-12.809,Static,Wood,shape,0000018E5BF03100,-,1,1,0,-
117,1038.038,0.0000,impact,ragdoll,Proventus Avenicci,0001A67D,NPC R Hand [RHnd],17,59.568,59.568,68.761,71.764,13.667,4.0000,8.334,-570.335,409.152,-310.727,0.0000,1.0000,0.0000,-36.771,-59.545,-15.886,Static,Stone,shape,0000018E5C921600,-,1,1,0,-
118,1074.867,0.0000,impact,ragdoll,Proventus Avenicci,0001A67D,NPC Spine1 [Spn1],6,29.405,29.405,141.341,133.205,6.860,4.0000,18.878,-543.725,414.556,-318.000,-0.0000,0.0000,1.0000,98.954,84.100,-29.645,Static,Carpet,shape,0000018F3647CD00,-,1,1,0,-
119,1131.164,0.0000,impact,ragdoll,Proventus Avenicci,0001A67D,NPC R Forearm [RLar],15,55.914,55.914,206.200,129.962,42.112,6.0000,11.658,-566.388,409.103,-304.346,0.0000,0.8572,0.5150,85.939,-30.359,92.645,Static,Stone,shape,0000018E5C921600,-,0,0,0,-
120,1131.165,0.0000,impact,ragdoll,Proventus Avenicci,0001A67D,NPC R Forearm [RLar],15,55.914,55.914,206.200,129.962,42.112,6.0000,11.658,-566.388,409.103,-304.346,0.0000,0.8572,0.5150,85.939,-30.359,92.645,Static,Stone,shape,0000018E5C921600,-,0,1,0,-
121,1131.848,0.0000,impact,ragdoll,Proventus Avenicci,0001A67D,NPC R Calf [RClf],4,14.506,14.506,87.348,159.835,3.690,6.0000,19.675,-561.081,454.021,-307.439,-0.8410,-0.0560,0.5382,-103.439,-107.739,-56.921,-,Skin,shape,0000018F3CA8F400,1,1,1,0,-
122,1131.848,0.0000,impact,ragdoll,Proventus Avenicci,0001A67D,NPC L Thigh [LThg],1,14.506,14.506,87.348,52.535,3.943,6.0000,20.487,-561.081,454.021,-307.439,-0.8410,-0.0560,0.5382,-24.416,46.517,0.005,-,Skin,shape,0000018F3CA8E500,4,1,1,0,-
123,1171.200,0.0000,impact,ragdoll,Proventus Avenicci,0001A67D,NPC R Forearm [RLar],15,19.826,19.826,49.710,228.257,7.327,6.0000,11.658,-542.925,416.456,-292.716,-0.6788,-0.6975,0.2294,208.846,16.840,90.559,-,Skin,shape,0000018F3CA8DC00,6,1,1,0,-
124,1171.201,0.0000,impact,ragdoll,Proventus Avenicci,0001A67D,NPC Spine1 [Spn1],6,19.826,19.826,49.710,175.542,7.318,4.0000,18.878,-542.925,416.456,-292.716,-0.6788,-0.6975,0.2294,117.328,129.603,15.874,-,Skin,shape,0000018F3CA8CD00,15,1,1,0,-
125,1246.412,0.0000,impact,ragdoll,Proventus Avenicci,0001A67D,NPC R Foot [Rft ],8,75.999,75.999,229.154,293.541,15.931,3.0000,10.011,-604.118,451.469,-319.650,-0.0000,0.0000,1.0000,-37.599,-284.022,-63.907,Static,Wood,shape,0000018E5BF03100,-,1,1,0,-
126,1264.354,0.0000,impact,ragdoll,Proventus Avenicci,0001A67D,NPC Spine1 [Spn1],6,39.479,39.479,171.681,216.246,7.011,4.0000,18.878,-523.556,437.589,-318.000,0.0000,-0.0000,1.0000,137.068,163.324,-36.058,Static,Carpet,shape,0000018F3647CD00,-,1,1,0,-
127,1298.523,0.0000,impact,ragdoll,Proventus Avenicci,0001A67D,NPC L UpperArm [LUar],10,51.268,51.268,302.640,333.939,12.075,2.0000,14.463,-497.219,447.100,-318.000,0.0000,-0.0000,1.0000,90.377,315.880,-59.724,Static,Carpet,shape,0000018F3647CD00,-,1,1,0,-
128,1298.525,0.0000,impact,ragdoll,Proventus Avenicci,0001A67D,NPC L Forearm [LLar],14,57.810,57.810,249.490,411.710,16.972,2.0000,11.658,-496.794,442.280,-318.000,0.0000,0.0000,1.0000,201.951,358.334,-17.811,Static,Carpet,shape,0000018F3647CD00,-,0,1,0,-
129,1315.146,0.0000,impact,ragdoll,Proventus Avenicci,0001A67D,NPC L Calf [LClf],5,12.817,12.817,320.110,170.379,10.139,6.0000,19.675,-587.704,462.682,-319.650,-0.0000,-0.0000,1.0000,3.837,-170.335,-0.216,Static,Wood,shape,0000018E5BF03100,-,0,1,0,-
130,1315.590,0.0000,impact,ragdoll,Proventus Avenicci,0001A67D,NPC Spine [Spn0],3,16.013,16.013,132.039,171.778,5.231,4.0000,17.297,-525.497,445.421,-319.650,0.0000,0.0000,1.0000,134.378,105.125,-19.977,Static,Wood,shape,0000018E5BF03100,-,1,1,0,-
131,1315.596,0.0000,impact,ragdoll,Proventus Avenicci,0001A67D,NPC L Forearm [LLar],14,65.349,65.349,322.651,410.295,12.244,2.0000,11.658,-493.724,451.008,-319.650,0.0000,0.0000,1.0000,150.734,380.373,-30.622,Static,Wood,shape,0000018E5BF03100,-,1,1,0,-
132,1331.649,0.0000,impact,ragdoll,Proventus Avenicci,0001A67D,NPC R Foot [Rft ],8,400.337,400.337,398.448,504.259,10.213,3.0000,10.011,-589.140,409.152,-313.892,0.0000,1.0000,0.0000,318.414,-390.626,17.354,Static,Stone,shape,0000018E5C921600,-,1,1,0,-
133,1332.120,0.0000,impact,ragdoll,Proventus Avenicci,0001A67D,NPC R Foot [Rft ],8,55.700,55.700,291.010,236.334,16.786,3.0000,10.011,-585.009,409.088,-310.427,0.0000,1.0000,0.0000,229.370,-22.274,-52.414,Static,Stone,shape,0000018E5C921600,-,0,1,0,-
134,1332.123,0.0000,impact,ragdoll,Proventus Avenicci,0001A67D,NPC Head [Head],13,128.680,128.680,120.712,384.112,10.934,4.0000,15.108,-477.579,452.694,-300.778,-0.0661,0.8451,0.5305,72.711,376.125,-28.016,-,Skin,shape,0000018F3CA8C100,16,1,1,0,-
135,1332.123,0.0000,impact,ragdoll,Proventus Avenicci,0001A67D,NPC L Hand [LHnd],16,128.680,128.680,120.712,574.217,20.461,4.0000,8.334,-477.579,452.694,-300.778,-0.0661,0.8451,0.5305,209.359,534.460,-15.707,-,Skin,shape,0000018F3CA8D300,13,1,1,0,-
136,1350.796,0.0000,impact,ragdoll,Proventus Avenicci,0001A67D,NPC L Calf [LClf],5,17.393,17.393,182.820,226.555,7.425,6.0000,19.675,-561.225,448.387,-318.000,-0.0082,0.0000,1.0000,112.315,-195.714,-20.207,Static,Carpet,shape,0000018F3647CD00,-,0,1,0,-
137,1350.804,0.0000,impact,ragdoll,Proventus Avenicci,0001A67D,NPC Spine2 [Spn2],9,35.080,35.080,280.658,255.891,6.374,7.0000,23.052,-498.268,462.238,-318.000,0.0000,-0.0000,1.0000,122.255,221.445,-38.677,Static,Carpet,shape,0000018F3647CD00,-,1,1,0,-
138,1367.334,0.0000,impact,ragdoll,Proventus Avenicci,0001A67D,NPC R Foot [Rft ],8,26.540,26.540,396.640,289.401,13.371,3.0000,10.011,-579.765,409.062,-304.761,0.0000,0.9945,0.1045,246.459,-81.166,128.152,Static,Stone,shape,0000018E5C921600,-,0,1,0,-
139,1367.897,0.0000,impact,ragdoll,Proventus Avenicci,0001A67D,NPC R Calf [RClf],4,162.496,162.496,154.765,246.644,8.742,6.0000,19.675,-546.898,425.489,-318.000,-0.0000,-0.0000,1.0000,238.405,32.894,-53.984,Static,Carpet,shape,0000018F3647CD00,-,0,1,0,-
140,1367.901,0.0000,impact,ragdoll,Proventus Avenicci,0001A67D,NPC R Foot [Rft ],8,15.249,15.249,269.263,261.428,10.526,3.0000,10.011,-579.380,409.142,-312.475,0.0000,1.0000,0.0000,230.138,-0.793,124.019,Static,Stone,shape,0000018E5C921600,-,0,0,0,-
141,1367.901,0.0000,impact,ragdoll,Proventus Avenicci,0001A67D,NPC R Foot [Rft ],8,10.749,10.749,274.563,261.428,10.526,3.0000,10.011,-578.949,409.152,-311.446,0.0000,1.0000,0.0000,230.138,-0.793,124.019,Static,Stone,shape,0000018E5C921600,-,0,1,0,-
142,1385.502,0.0000,impact,ragdoll,Proventus Avenicci,0001A67D,NPC Spine1 [Spn1],6,11.890,11.890,232.481,243.883,7.880,4.0000,18.878,-505.006,457.898,-319.650,-0.0000,0.0000,1.0000,189.725,152.335,-16.656,Static,Wood,shape,0000018E5BF03100,-,1,1,0,-
143,1386.043,0.0000,impact,ragdoll,Proventus Avenicci,0001A67D,NPC R Thigh [RThg],2,142.317,142.317,56.052,172.128,1.829,6.0000,20.487,-545.114,440.137,-310.107,0.5217,-0.8406,0.1458,153.872,71.212,-29.665,-,Skin,shape,0000018F3CA8F400,1,0,1,0,-
144,1386.043,0.0000,impact,ragdoll,Proventus Avenicci,0001A67D,NPC L Thigh [LThg],1,142.317,142.317,56.052,201.825,7.379,6.0000,20.487,-545.114,440.137,-310.107,0.5217,-0.8406,0.1458,201.169,16.236,-0.839,-,Skin,shape,0000018F3CA8E800,2,0,1,0,-
145,1386.052,0.0000,impact,ragdoll,Proventus Avenicci,0001A67D,NPC L Hand [LHnd],16,58.077,58.077,342.660,389.681,9.039,4.0000,8.334,-469.115,471.637,-318.000,-0.0000,0.0000,1.0000,114.063,368.038,-58.213,Static,Carpet,shape,0000018F3647CD00,-,1,1,0,-
146,1421.737,0.0000,impact,ragdoll,Proventus Avenicci,0001A67D,NPC R Thigh [RThg],2,122.086,122.086,21.789,223.900,2.436,6.0000,20.487,-543.511,438.964,-310.858,0.7254,-0.6712,0.1524,212.701,64.813,-26.242,-,Skin,shape,0000018F3CA8F100,5,1,1,0,-
147,1421.738,0.0000,impact,ragdoll,Proventus Avenicci,0001A67D,NPC L Calf [LClf],5,122.086,122.086,21.789,321.857,6.310,6.0000,19.675,-543.511,438.964,-310.858,0.7254,-0.6712,0.1524,289.184,-141.234,4.186,-,Skin,shape,0000018F3CA8E800,2,1,1,0,-
148,1421.740,0.0000,impact,ragdoll,Proventus Avenicci,0001A67D,NPC R Calf [RClf],4,86.352,86.352,74.784,243.822,4.596,6.0000,19.675,-540.876,438.194,-310.643,0.2453,-0.9670,0.0691,239.717,36.425,25.651,-,Skin,shape,0000018F3CA8F400,1,1,1,0,-
149,1421.740,0.0000,impact,ragdoll,Proventus Avenicci,0001A67D,NPC L Thigh [LThg],1,86.352,86.352,74.784,223.763,8.829,6.0000,20.487,-540.876,438.194,-310.643,0.2453,-0.9670,0.0691,221.597,31.046,-0.905,-,Skin,shape,0000018F3CA8E500,4,1,1,0,-
150,1422.311,0.0000,impact,ragdoll,Proventus Avenicci,0001A67D,NPC R Calf [RClf],4,67.673,67.673,43.002,281.441,3.551,6.0000,19.675,-551.891,434.317,-310.245,0.3292,-0.8753,0.3541,279.150,26.935,23.644,-,Skin,shape,0000018F3CA8F100,5,1,0,0,-
151,1422.312,0.0000,impact,ragdoll,Proventus Avenicci,0001A67D,NPC L Calf [LClf],5,67.673,67.673,43.002,278.256,8.652,6.0000,19.675,-551.891,434.317,-310.245,0.3292,-0.8753,0.3541,264.085,-86.739,12.721,-,Skin,shape,0000018F3CA8E500,4,1,0,0,-
152,1422.312,0.0000,impact,ragdoll,Proventus Avenicci,0001A67D,NPC R Calf [RClf],4,19.907,19.907,4.759,281.441,3.551,6.0000,19.675,-543.790,437.286,-310.702,0.2916,-0.9388,0.1835,279.150,26.935,23.644,-,Skin,shape,0000018F3CA8F100,5,0,1,0,-
153,1422.312,0.0000,impact,ragdoll,Proventus Avenicci,0001A67D,NPC L Calf [LClf],5,19.907,19.907,4.759,278.256,8.652,6.0000,19.675,-543.790,437.286,-310.702,0.2916,-0.9388,0.1835,264.085,-86.739,12.721,-,Skin,shape,0000018F3CA8E500,4,0,1,0,-
154,1439.815,0.0000,impact,ragdoll,Proventus Avenicci,0001A67D,NPC R Calf [RClf],4,16.854,16.854,89.163,299.525,4.677,6.0000,19.675,-560.433,429.931,-309.305,0.2979,-0.7257,0.6202,296.603,7.710,41.017,-,Skin,shape,0000018F3CA8F100,5,0,1,0,-
155,1439.815,0.0000,impact,ragdoll,Proventus Avenicci,0001A67D,NPC L Calf [LClf],5,16.854,16.854,89.163,270.797,6.792,6.0000,19.675,-560.433,429.931,-309.305,0.2979,-0.7257,0.6202,265.966,-49.998,9.652,-,Skin,shape,0000018F3CA8E500,4,0,1,0,-
156,1439.822,0.0000,impact,ragdoll,Proventus Avenicci,0001A67D,NPC Head [Head],13,47.298,47.298,36.739,194.613,4.565,4.0000,15.108,-468.269,486.532,-304.607,-0.4319,0.5292,0.7303,41.099,188.883,-22.539,-,Skin,shape,0000018F3CA8C100,16,1,1,0,-
157,1439.822,0.0000,impact,ragdoll,Proventus Avenicci,0001A67D,NPC L Hand [LHnd],16,47.298,47.298,36.739,209.543,2.720,4.0000,8.334,-468.269,486.532,-304.607,-0.4319,0.5292,0.7303,-1.328,209.522,2.659,-,Skin,shape,0000018F3CA8D300,13,1,1,0,-
158,1459.473,0.0000,impact,ragdoll,Proventus Avenicci,0001A67D,NPC R Thigh [RThg],2,21.117,21.117,264.398,255.011,3.773,6.0000,20.487,-524.968,431.330,-319.650,0.0000,0.0000,1.0000,243.214,69.510,-32.347,Static,Wood,shape,0000018E5BF03100,-,1,1,0,-
159,1459.482,0.0000,impact,ragdoll,Proventus Avenicci,0001A67D,NPC L Foot [Lft ],7,275.729,275.729,309.259,384.437,14.260,3.0000,10.011,-561.560,420.186,-318.132,-0.6767,-0.0000,0.7363,364.755,-120.402,15.766,Static,Carpet,shape,0000018F3647CD00,-,1,1,0,-
160,1460.078,0.0000,impact,ragdoll,Proventus Avenicci,0001A67D,NPC L Calf [LClf],5,56.839,56.839,57.675,263.620,6.087,6.0000,19.675,-554.304,422.067,-302.887,-0.3510,0.5983,-0.7203,253.639,-59.637,40.074,-,Skin,shape,0000018F3CA8E200,8,1,1,0,-
161,1460.079,0.0000,impact,ragdoll,Proventus Avenicci,0001A67D,NPC R Foot [Rft ],8,56.839,56.839,57.675,340.549,3.965,3.0000,10.011,-554.304,422.067,-302.887,-0.3510,0.5983,-0.7203,331.925,-8.888,75.634,-,Skin,shape,0000018F3CA8F100,5,1,1,0,-
162,1460.082,0.0000,impact,ragdoll,Proventus Avenicci,0001A67D,NPC Spine2 [Spn2],9,127.653,127.653,67.589,190.929,4.433,7.0000,23.052,-470.932,486.583,-306.545,-0.8607,-0.3324,0.3856,129.348,140.389,3.722,-,Skin,shape,0000018F3CA8C100,16,1,1,0,-
163,1460.082,0.0000,impact,ragdoll,Proventus Avenicci,0001A67D,NPC L Hand [LHnd],16,127.653,127.653,67.589,132.798,6.091,4.0000,8.334,-470.932,486.583,-306.545,-0.8607,-0.3324,0.3856,-29.480,129.261,-7.599,-,Skin,shape,0000018F3CA8D900,9,1,1,0,-
164,1495.313,0.0000,impact,ragdoll,Proventus Avenicci,0001A67D,NPC R Calf [RClf],4,46.800,46.800,204.188,287.425,5.719,6.0000,19.675,-519.098,428.990,-319.650,0.0000,0.0000,1.0000,287.324,5.401,5.357,Static,Wood,shape,0000018E5BF03100,-,1,1,0,-
165,1495.319,0.0000,impact,ragdoll,Proventus Avenicci,0001A67D,NPC Spine1 [Spn1],6,33.456,33.456,224.654,200.137,6.050,4.0000,18.878,-489.905,472.858,-319.650,0.0000,0.0000,1.0000,154.192,117.587,-49.528,Static,Wood,shape,0000018E5BF03100,-,1,1,0,-
166,1514.333,0.0000,impact,ragdoll,Proventus Avenicci,0001A67D,NPC R Hand [RHnd],17,141.449,141.449,750.661,609.544,19.614,4.0000,8.334,-419.159,477.688,-318.000,0.0000,-0.0000,1.0000,172.388,567.162,-141.964,Static,Carpet,shape,0000018F3647CD00,-,1,1,0,-
167,1532.716,0.0000,impact,ragdoll,Proventus Avenicci,0001A67D,NPC R UpperArm [RUar],12,162.831,162.831,373.339,308.980,8.084,2.0000,14.463,-442.962,481.470,-318.000,0.0000,-0.0000,1.0000,106.494,249.680,-147.607,Static,Carpet,shape,0000018F3647CD00,-,1,1,0,-
168,1532.719,0.0000,impact,ragdoll,Proventus Avenicci,0001A67D,NPC L Forearm [LLar],14,62.881,62.881,151.317,136.502,6.105,2.0000,11.658,-471.282,497.539,-318.000,-0.0000,-0.0000,1.0000,-0.322,133.448,-28.712,Static,Carpet,shape,0000018F3647CD00,-,0,1,0,-
169,1532.721,0.0000,impact,ragdoll,Proventus Avenicci,0001A67D,NPC L Hand [LHnd],16,71.000,71.000,152.685,149.712,5.773,4.0000,8.334,-464.635,497.307,-319.650,-0.0000,-0.0000,1.0000,6.693,131.646,-70.981,Static,Wood,shape,0000018E5BF03100,-,1,1,0,-
170,1552.103,0.0000,impact,ragdoll,Proventus Avenicci,0001A67D,NPC R UpperArm [RUar],12,40.591,40.591,288.281,271.768,16.940,2.0000,14.463,-461.047,496.904,-311.254,0.7378,-0.5578,0.3801,84.406,253.319,-50.626,-,Skin,shape,0000018F3CA8C100,16,1,1,0,-
171,1552.104,0.0000,impact,ragdoll,Proventus Avenicci,0001A67D,NPC L Hand [LHnd],16,40.591,40.591,288.281,118.980,10.314,4.0000,8.334,-461.047,496.904,-311.254,0.7378,-0.5578,0.3801,0.407,118.324,-12.463,-,Skin,shape,0000018F3CA8D000,12,1,1,0,-
172,1552.107,0.0000,impact,ragdoll,Proventus Avenicci,0001A67D,NPC R Forearm [RLar],15,51.222,51.222,313.231,332.530,11.795,6.0000,11.658,-422.790,488.262,-318.000,0.0000,0.0000,1.0000,75.417,323.829,-4.788,Static,Carpet,shape,0000018F3647CD00,-,1,1,0,-
173,1552.109,0.0000,impact,ragdoll,Proventus Avenicci,0001A67D,NPC R Hand [RHnd],17,111.330,111.330,452.854,430.712,16.300,4.0000,8.334,-416.574,490.891,-318.000,0.0000,-0.0000,1.0000,13.252,415.799,-111.575,Static,Carpet,shape,0000018F3647CD00,-,1,1,0,-
174,1552.744,0.0000,impact,ragdoll,Proventus Avenicci,0001A67D,NPC Head [Head],13,38.796,38.796,108.203,184.789,5.814,4.0000,15.108,-464.612,503.319,-309.065,0.0172,0.5324,0.8463,86.495,152.913,-57.297,-,Skin,shape,0000018F3CA8C100,16,1,1,0,-
175,1552.745,0.0000,impact,ragdoll,Proventus Avenicci,0001A67D,NPC L Hand [LHnd],16,38.796,38.796,108.203,143.030,13.705,4.0000,8.334,-464.612,503.319,-309.065,0.0172,0.5324,0.8463,-23.159,141.141,-0.802,-,Skin,shape,0000018F3CA8D300,13,1,1,0,-
176,1571.589,0.0000,impact,ragdoll,Proventus Avenicci,0001A67D,NPC L Foot [Lft ],7,18.984,18.984,291.123,304.445,5.212,3.0000,10.011,-533.150,414.150,-318.000,-0.0000,0.0000,1.0000,304.217,-7.819,-8.803,Static,Carpet,shape,0000018F3647CD00,-,1,1,0,-
177,1592.221,0.0000,impact,ragdoll,Proventus Avenicci,0001A67D,NPC R Hand [RHnd],17,96.156,96.156,273.384,281.275,6.736,4.0000,8.334,-416.877,505.061,-319.650,-0.0000,-0.0000,1.0000,-2.413,264.268,-96.293,Static,Wood,shape,0000018E5BF03100,-,1,1,0,-
178,1670.952,0.0000,impact,ragdoll,Proventus Avenicci,0001A67D,NPC L Foot [Lft ],7,51.846,51.846,327.743,296.095,8.158,3.0000,10.011,-503.068,417.163,-319.650,-0.0000,0.0000,1.0000,291.563,16.740,-48.814,Static,Wood,shape,0000018E5BF03100,-,1,1,0,-
179,1708.804,0.0000,impact,ragdoll,Proventus Avenicci,0001A67D,NPC L Thigh [LThg],1,25.091,25.091,228.282,191.829,3.416,6.0000,20.487,-482.373,448.185,-319.650,0.0000,0.0000,1.0000,188.321,33.813,-13.799,Static,Wood,shape,0000018E5BF03100,-,0,1,0,-
180,1709.455,0.0000,impact,ragdoll,Proventus Avenicci,0001A67D,NPC Head [Head],13,31.328,31.328,12.418,77.471,3.874,4.0000,15.108,-471.216,518.881,-311.019,0.2708,0.6496,0.7104,-32.950,58.418,-38.773,-,Skin,shape,0000018F3CA8C400,14,1,1,0,-
181,1709.455,0.0000,impact,ragdoll,Proventus Avenicci,0001A67D,NPC L Forearm [LLar],14,31.328,31.328,12.418,47.251,2.294,2.0000,11.658,-471.216,518.881,-311.019,0.2708,0.6496,0.7104,28.958,35.046,-12.879,-,Skin,shape,0000018F3CA8D300,13,1,1,0,-
182,1726.477,0.0000,impact,ragdoll,Proventus Avenicci,0001A67D,NPC L Thigh [LThg],1,21.426,21.426,212.594,180.829,3.141,6.0000,20.487,-478.013,448.630,-318.000,-0.0000,-0.0000,1.0000,177.074,32.477,-17.004,Static,Carpet,shape,0000018F3647CD00,-,0,1,0,-
183,1744.079,0.0000,impact,ragdoll,Proventus Avenicci,0001A67D,NPC L Calf [LClf],5,15.918,15.918,206.132,243.659,3.078,6.0000,19.675,-475.306,443.945,-319.650,-0.0000,0.0000,1.0000,243.542,5.204,-5.473,Static,Wood,shape,0000018E5BF03100,-,1,1,0,-
184,1744.085,0.0000,impact,ragdoll,Proventus Avenicci,0001A67D,NPC R UpperArm [RUar],12,21.518,21.518,91.656,124.144,3.702,2.0000,14.463,-447.767,521.312,-319.650,0.0000,-0.0000,1.0000,-1.980,123.280,-14.488,Static,Wood,shape,0000018E5BF03100,-,1,1,0,-
185,1761.118,0.0000,impact,ragdoll,Proventus Avenicci,0001A67D,NPC R Foot [Rft ],8,176.239,176.239,403.498,405.019,6.862,3.0000,10.011,-452.380,409.083,-318.000,-0.0000,0.0000,1.0000,365.944,53.529,-165.106,Static,Carpet,shape,0000018F3647CD00,-,1,1,0,-
186,1810.293,0.0000,impact,ragdoll,Proventus Avenicci,0001A67D,NPC Head [Head],13,8.172,8.172,28.208,29.263,2.798,4.0000,15.108,-469.675,532.766,-318.000,-0.0000,0.0000,1.0000,-25.549,11.760,-8.076,Static,Carpet,shape,0000018F3647CD00,-,1,1,0,-
187,1826.870,0.0000,impact,ragdoll,Proventus Avenicci,0001A67D,NPC R Foot [Rft ],8,24.934,24.934,360.251,351.974,4.023,3.0000,10.011,-428.044,418.201,-319.650,0.0000,0.0000,1.0000,323.583,136.072,-25.772,Static,Wood,shape,0000018E5BF03100,-,1,1,0,-
188,2046.119,0.0000,impact,ragdoll,Proventus Avenicci,0001A67D,NPC R Thigh [RThg],2,20.935,20.935,48.176,74.744,4.610,6.0000,20.487,-425.424,467.075,-310.890,0.4580,0.8884,0.0323,46.071,58.857,0.173,-,Skin,shape,0000018F3CA8F400,1,0,1,0,-
189,2046.120,0.0000,impact,ragdoll,Proventus Avenicci,0001A67D,NPC L Thigh [LThg],1,20.935,20.935,48.176,69.033,3.945,6.0000,20.487,-425.424,467.075,-310.890,0.4580,0.8884,0.0323,60.995,32.327,-0.201,-,Skin,shape,0000018F3CA8E800,2,0,1,0,-
190,2551.081,0.0000,state,unknown,Proventus Avenicci,0001A67D,-,-,0.000,0.000,0.000,0.000,0.000,0.0000,0.000,0.000,0.000,0.000,0.0000,0.0000,0.0000,0.000,0.000,0.000,-,-,-,0000000000000000,-,0,0,0,knock_get_up
191,4943.578,0.0000,state,unknown,Proventus Avenicci,0001A67D,-,-,0.000,0.000,0.000,0.000,0.000,0.0000,0.000,0.000,0.000,0.000,0.0000,0.0000,0.0000,0.000,0.000,0.000,-,-,-,0000000000000000,-,0,0,0,ragdoll_start
192,5086.901,0.0000,impact,ragdoll,Proventus Avenicci,0001A67D,NPC L Forearm [LLar],14,49.230,49.230,143.762,141.561,31.399,2.0000,11.658,-455.741,473.125,-242.373,-0.6108,-0.5003,-0.6137,45.869,59.488,119.986,-,Skin,shape,0000018F3CA8D900,9,1,1,0,-
193,5086.902,0.0000,impact,ragdoll,Proventus Avenicci,0001A67D,NPC Spine2 [Spn2],9,49.230,49.230,143.762,184.092,9.780,7.0000,23.052,-455.741,473.125,-242.373,-0.6108,-0.5003,-0.6137,75.028,-167.122,18.189,-,Skin,shape,0000018F3CA8C400,14,1,1,0,-
194,5087.325,0.0000,impact,ragdoll,Proventus Avenicci,0001A67D,NPC Spine1 [Spn1],6,14.376,14.376,81.411,128.943,4.110,4.0000,18.878,-458.235,469.198,-248.580,0.8530,0.5219,-0.0057,17.828,-117.970,-48.903,-,Skin,shape,0000018F3CA8C400,14,1,1,0,-
195,5087.325,0.0000,impact,ragdoll,Proventus Avenicci,0001A67D,NPC L Forearm [LLar],14,14.376,14.376,81.411,67.117,19.502,2.0000,11.658,-458.235,469.198,-248.580,0.8530,0.5219,-0.0057,34.810,-21.352,53.265,-,Skin,shape,0000018F3CA8DC00,6,1,1,0,-
196,5105.822,0.0000,impact,ragdoll,Proventus Avenicci,0001A67D,NPC R Foot [Rft ],8,41.405,41.405,370.224,298.772,10.805,3.0000,10.011,-421.053,512.649,-319.650,0.0000,0.0000,1.0000,-116.665,268.779,-58.412,Static,Wood,shape,0000018E5BF03100,-,1,1,0,-
197,5145.711,0.0000,impact,ragdoll,Proventus Avenicci,0001A67D,NPC L Hand [LHnd],16,191.160,191.160,109.241,286.033,19.393,4.0000,8.334,-464.828,485.877,-237.885,-0.4425,-0.6121,-0.6554,121.619,-76.360,247.372,-,Skin,shape,0000018F3CA8D000,12,1,1,0,-
198,5145.712,0.0000,impact,ragdoll,Proventus Avenicci,0001A67D,NPC R UpperArm [RUar],12,191.160,191.160,109.241,267.537,6.319,2.0000,14.463,-464.828,485.877,-237.885,-0.4425,-0.6121,-0.6554,81.393,-224.508,120.613,-,Skin,shape,0000018F3CA8C100,16,1,1,0,-
199,5335.600,0.0000,impact,ragdoll,Proventus Avenicci,0001A67D,NPC L Foot [Lft ],7,105.138,105.138,63.540,93.840,8.403,3.0000,10.011,-469.527,509.666,-318.000,0.0000,0.0000,1.0000,18.778,24.139,-88.717,Static,Carpet,shape,0000018F3647CD00,-,1,1,0,-
200,5379.541,0.0000,impact,ragdoll,Proventus Avenicci,0001A67D,NPC R Thigh [RThg],2,103.974,103.974,176.764,223.478,3.667,6.0000,20.487,-458.465,474.617,-289.813,0.2028,0.2776,0.9391,-70.127,-210.926,-23.130,-,Skin,shape,0000018F3CA8F400,1,0,1,0,-
201,5379.542,0.0000,impact,ragdoll,Proventus Avenicci,0001A67D,NPC L Thigh [LThg],1,103.974,103.974,176.764,134.751,6.755,6.0000,20.487,-458.465,474.617,-289.813,0.2028,0.2776,0.9391,33.232,-129.807,-14.267,-,Skin,shape,0000018F3CA8E800,2,0,1,0,-
202,5400.227,0.0000,impact,ragdoll,Proventus Avenicci,0001A67D,NPC L Calf [LClf],5,23.242,23.242,140.032,156.288,2.079,6.0000,19.675,-462.488,500.463,-318.000,0.0000,-0.0000,1.0000,61.500,-141.010,-27.563,Static,Carpet,shape,0000018F3647CD00,-,1,1,0,-
203,5549.560,0.0000,impact,ragdoll,Proventus Avenicci,0001A67D,NPC L UpperArm [LUar],10,260.297,260.297,331.974,434.431,3.269,2.0000,14.463,-424.906,374.576,-318.000,-0.0000,-0.0000,1.0000,-30.494,-347.629,-258.756,Static,Carpet,shape,0000018F36551C00,-,1,1,0,-
204,5549.563,0.0000,impact,ragdoll,Proventus Avenicci,0001A67D,NPC L Forearm [LLar],14,264.407,264.407,347.137,440.061,3.817,2.0000,11.658,-426.917,370.327,-318.000,-0.0000,0.0000,1.0000,-5.644,-350.486,-266.048,Static,Carpet,shape,0000018F36551C00,-,1,1,0,-
205,5550.128,0.0000,impact,ragdoll,Proventus Avenicci,0001A67D,NPC L Thigh [LThg],1,105.598,105.598,321.409,352.871,2.897,6.0000,20.487,-458.653,427.954,-318.000,-0.0000,-0.0000,1.0000,-34.230,-329.822,-120.679,Static,Carpet,shape,0000018F3647CD00,-,1,1,0,-
206,5550.130,0.0000,impact,ragdoll,Proventus Avenicci,0001A67D,NPC L Calf [LClf],5,98.387,98.387,297.996,338.213,5.117,6.0000,19.675,-459.305,432.979,-318.000,0.0000,-0.0000,1.0000,4.406,-331.948,-64.650,Static,Carpet,shape,0000018F3647CD00,-,0,1,0,-
207,5570.565,0.0000,impact,ragdoll,Proventus Avenicci,0001A67D,NPC L UpperArm [LUar],10,122.931,122.931,288.223,298.122,15.987,2.0000,14.463,-425.486,369.674,-319.650,0.0000,0.0000,1.0000,56.249,-225.312,-186.943,Static,Wood,shape,0000018E5BF03100,-,1,1,0,-
208,5571.190,0.0000,impact,ragdoll,Proventus Avenicci,0001A67D,NPC L Forearm [LLar],14,51.495,51.495,239.660,385.181,12.114,2.0000,11.658,-427.693,368.717,-306.067,-0.0817,-0.6871,-0.7219,-19.400,-363.145,-126.941,-,Skin,shape,0000018F3CA8D900,9,1,1,0,-
209,5571.190,0.0000,impact,ragdoll,Proventus Avenicci,0001A67D,NPC Spine2 [Spn2],9,51.495,51.495,239.660,371.593,3.651,7.0000,23.052,-427.693,368.717,-306.067,-0.0817,-0.6871,-0.7219,38.477,-296.000,-221.325,-,Skin,shape,0000018F3CA8C400,14,1,1,0,-
210,5590.601,0.0000,impact,ragdoll,Proventus Avenicci,0001A67D,NPC L Thigh [LThg],1,170.398,170.398,277.700,350.968,4.959,6.0000,20.487,-456.426,399.572,-318.005,-0.0000,0.1447,0.9895,2.362,-336.038,-101.251,Static,Carpet,shape,0000018F36551C00,-,1,1,0,-
211,5591.181,0.0000,impact,ragdoll,Proventus Avenicci,0001A67D,NPC Spine2 [Spn2],9,200.663,200.663,267.688,364.057,2.487,7.0000,23.052,-426.019,370.984,-318.000,0.0000,0.0000,1.0000,32.422,-302.681,-199.676,Static,Carpet,shape,0000018F36551C00,-,1,1,0,-
212,5591.184,0.0000,impact,ragdoll,Proventus Avenicci,0001A67D,NPC Head [Head],13,215.587,215.587,315.917,360.658,5.908,4.0000,15.108,-408.964,355.844,-318.000,0.0000,0.0000,1.0000,29.749,-286.772,-216.682,Static,Carpet,shape,0000018F36551C00,-,1,1,0,-
213,5591.186,0.0000,impact,ragdoll,Proventus Avenicci,0001A67D,NPC L Forearm [LLar],14,82.398,82.398,302.834,319.916,15.291,2.0000,11.658,-426.350,341.894,-319.696,0.0000,0.0000,1.0000,-63.835,-313.264,11.684,Static,Wood,shape,0000018E5BF03100,-,0,1,0,-
214,5610.601,0.0000,impact,ragdoll,Proventus Avenicci,0001A67D,NPC L Thigh [LThg],1,50.849,50.849,235.007,321.801,9.103,6.0000,20.487,-456.816,400.491,-318.000,-0.0000,-0.0187,0.9998,28.754,-315.871,-54.355,Static,Carpet,shape,0000018F3647CD00,-,0,1,0,-
215,5610.614,0.0000,impact,ragdoll,Proventus Avenicci,0001A67D,NPC L Hand [LHnd],16,83.786,83.786,195.807,367.384,19.537,4.0000,8.334,-431.841,333.126,-318.000,-0.0000,-0.0000,1.0000,-160.571,-319.664,-83.684,Static,Carpet,shape,0000018F36551C00,-,1,1,0,-
216,5611.250,0.0000,impact,ragdoll,Proventus Avenicci,0001A67D,NPC L Thigh [LThg],1,56.292,56.292,256.075,311.497,5.210,6.0000,20.487,-455.920,385.995,-318.000,0.0000,-0.0000,1.0000,83.723,-299.972,-6.130,Static,Carpet,shape,0000018F36551C00,-,0,1,0,-
217,5611.261,0.0000,impact,ragdoll,Proventus Avenicci,0001A67D,NPC L UpperArm [LUar],10,80.881,80.881,162.818,162.711,9.451,2.0000,14.463,-417.643,363.031,-319.650,-0.0000,0.0000,1.0000,40.246,-152.345,-40.572,Static,Wood,shape,0000018E5BF03100,-,0,1,0,-
218,5611.262,0.0000,impact,ragdoll,Proventus Avenicci,0001A67D,NPC L UpperArm [LUar],10,80.881,80.881,155.252,162.711,9.451,2.0000,14.463,-417.643,363.031,-318.000,0.0000,-0.0000,1.0000,40.246,-152.345,-40.572,Static,Carpet,shape,0000018F36551C00,-,0,1,0,-
219,5630.279,0.0000,impact,ragdoll,Proventus Avenicci,0001A67D,NPC COM [COM ],0,49.335,49.335,263.175,335.694,8.573,50.0000,17.687,-454.256,380.194,-318.000,0.0000,0.0000,1.0000,2.141,-332.617,-45.297,Static,Carpet,shape,0000018F36551C00,-,1,1,0,-
220,5630.285,0.0000,impact,ragdoll,Proventus Avenicci,0001A67D,NPC Spine [Spn0],3,115.450,115.450,266.625,359.612,5.694,4.0000,17.297,-449.199,373.598,-318.000,0.0000,0.0000,1.0000,6.296,-342.980,-107.919,Static,Carpet,shape,0000018F36551C00,-,1,1,0,-
221,5630.291,0.0000,impact,ragdoll,Proventus Avenicci,0001A67D,NPC Spine2 [Spn2],9,67.764,67.764,395.591,311.985,5.709,7.0000,23.052,-425.750,362.434,-319.650,-0.0000,0.0000,1.0000,6.749,-303.689,-71.150,Static,Wood,shape,0000018E5BF03100,-,1,1,0,-
222,5630.904,0.0000,impact,ragdoll,Proventus Avenicci,0001A67D,NPC L Forearm [LLar],14,23.324,23.324,245.957,205.100,9.171,2.0000,11.658,-426.217,341.977,-319.678,0.0000,0.0000,1.0000,-82.399,-183.363,-40.676,Static,Wood,shape,0000018E5BF03100,-,0,1,0,-
223,5669.710,0.0000,impact,ragdoll,Proventus Avenicci,0001A67D,NPC L Forearm [LLar],14,58.021,58.021,205.593,175.496,11.868,2.0000,11.658,-429.179,338.816,-319.650,0.0000,0.0000,1.0000,-30.448,-168.848,-36.908,Static,Wood,shape,0000018E5BF03100,-,1,1,0,-
224,5670.333,0.0000,impact,ragdoll,Proventus Avenicci,0001A67D,NPC Spine1 [Spn1],6,63.882,63.882,55.925,296.688,6.263,4.0000,18.878,-430.758,339.792,-311.101,-0.4413,0.7546,0.4856,19.193,-296.057,-2.371,-,Skin,shape,0000018F3CA8C400,14,1,1,0,-
225,5670.334,0.0000,impact,ragdoll,Proventus Avenicci,0001A67D,NPC L Forearm [LLar],14,63.882,63.882,55.925,161.402,10.820,2.0000,11.658,-430.758,339.792,-311.101,-0.4413,0.7546,0.4856,-20.065,-159.981,-7.350,-,Skin,shape,0000018F3CA8DC00,6,1,1,0,-
226,5711.878,0.0000,impact,ragdoll,Proventus Avenicci,0001A67D,NPC L Forearm [LLar],14,8.776,8.776,173.924,216.597,4.182,2.0000,11.658,-442.195,325.481,-319.735,0.0000,0.0000,1.0000,35.387,-213.316,-12.570,Static,Wood,shape,0000018E5BF03100,-,0,1,0,-
227,5771.612,0.0000,impact,ragdoll,Proventus Avenicci,0001A67D,NPC L Forearm [LLar],14,74.172,74.172,309.648,294.999,7.898,2.0000,11.658,-435.028,305.684,-319.650,0.0000,0.0000,1.0000,47.121,-289.049,-35.425,Static,Wood,shape,0000018E5BF03100,-,0,1,0,-
228,5771.613,0.0000,impact,ragdoll,Proventus Avenicci,0001A67D,NPC L Forearm [LLar],14,74.172,74.172,311.967,294.999,7.898,2.0000,11.658,-435.028,305.684,-318.000,0.0000,-0.0000,1.0000,47.121,-289.049,-35.425,Static,Carpet,shape,0000018F36551C00,-,0,1,0,-
229,5791.587,0.0000,impact,ragdoll,Proventus Avenicci,0001A67D,NPC L Calf [LClf],5,73.251,73.251,327.017,343.011,6.957,6.0000,19.675,-457.017,360.046,-318.000,0.0000,0.0000,1.0000,-18.226,-338.693,-51.105,Static,Carpet,shape,0000018F36551C00,-,1,1,0,-
230,5791.596,0.0000,impact,ragdoll,Proventus Avenicci,0001A67D,NPC L Hand [LHnd],16,94.744,94.744,333.010,370.172,24.649,4.0000,8.334,-439.385,298.375,-319.650,0.0000,-0.0000,1.0000,72.530,-350.441,-94.644,Static,Wood,shape,0000018E5BF03100,-,1,1,0,-
231,5813.578,0.0000,impact,ragdoll,Proventus Avenicci,0001A67D,NPC L Thigh [LThg],1,31.597,31.597,333.707,331.987,6.081,6.0000,20.487,-456.013,344.897,-319.650,0.0000,0.0000,1.0000,30.429,-329.248,-29.750,Static,Wood,shape,0000018E5BF03100,-,1,1,0,-
232,5834.356,0.0000,impact,ragdoll,Proventus Avenicci,0001A67D,NPC R Calf [RClf],4,157.728,157.728,346.532,412.123,7.412,6.0000,19.675,-497.632,350.168,-318.000,-0.0000,-0.0000,1.0000,-35.481,-383.355,-147.057,Static,Carpet,shape,0000018F36551C00,-,1,1,0,-
233,5834.360,0.0000,impact,ragdoll,Proventus Avenicci,0001A67D,NPC R Foot [Rft ],8,206.601,206.601,393.428,448.572,7.243,3.0000,10.011,-507.228,353.419,-318.000,-0.0000,-0.0000,1.0000,-31.578,-406.079,-187.936,Static,Carpet,shape,0000018F36551C00,-,1,1,0,-
234,5835.027,0.0000,impact,ragdoll,Proventus Avenicci,0001A67D,NPC L Thigh [LThg],1,35.289,35.289,316.819,322.133,5.690,6.0000,20.487,-451.507,316.513,-319.650,0.0000,0.0000,1.0000,31.581,-319.072,-31.071,Static,Wood,shape,0000018E5BF03100,-,0,1,0,-
235,5856.094,0.0000,impact,ragdoll,Proventus Avenicci,0001A67D,NPC Spine [Spn0],3,31.476,31.476,281.276,326.728,4.291,4.0000,17.297,-446.670,304.394,-318.000,-0.0000,-0.0000,1.0000,-19.738,-323.623,-40.370,Static,Carpet,shape,0000018F36551C00,-,1,1,0,-
236,5856.104,0.0000,impact,ragdoll,Proventus Avenicci,0001A67D,NPC R Hand [RHnd],17,233.368,233.368,405.308,450.870,6.642,4.0000,8.334,-433.956,253.877,-318.000,0.0000,-0.0000,1.0000,-133.086,-362.096,-233.362,Static,Carpet,shape,0000018F36551C00,-,1,1,0,-
237,5856.638,0.0000,impact,ragdoll,Proventus Avenicci,0001A67D,NPC R Thigh [RThg],2,119.476,119.476,330.786,376.637,6.937,6.0000,20.487,-479.922,315.007,-318.000,0.0000,-0.0000,1.0000,-42.738,-358.203,-108.258,Static,Carpet,shape,0000018F36551C00,-,1,1,0,-
238,5856.641,0.0000,impact,ragdoll,Proventus Avenicci,0001A67D,NPC L Foot [Lft ],7,58.538,58.538,349.909,331.747,6.218,3.0000,10.011,-458.705,369.863,-318.000,-0.0000,0.0000,1.0000,-36.206,-325.399,-53.488,Static,Carpet,shape,0000018F36551C00,-,1,1,0,-
239,5878.636,0.0000,impact,ragdoll,Proventus Avenicci,0001A67D,NPC COM [COM ],0,59.588,59.588,311.181,340.207,5.241,50.0000,17.687,-453.118,298.433,-319.650,0.0000,-0.0000,1.0000,-6.158,-332.689,-70.857,Static,Wood,shape,0000018E5BF03100,-,1,1,0,-
240,5878.642,0.0000,impact,ragdoll,Proventus Avenicci,0001A67D,NPC R Thigh [RThg],2,19.132,19.132,191.042,303.071,7.135,6.0000,20.487,-480.505,308.324,-319.650,0.0000,0.0000,1.0000,2.167,-296.121,-64.495,Static,Wood,shape,0000018E5BF03100,-,1,1,0,-
241,5878.645,0.0000,impact,ragdoll,Proventus Avenicci,0001A67D,NPC L Calf [LClf],5,38.540,38.540,305.385,315.552,4.678,6.0000,19.675,-454.874,330.623,-319.650,-0.0000,0.0000,1.0000,-13.508,-313.206,-35.955,Static,Wood,shape,0000018E5BF03100,-,1,1,0,-
242,5878.676,0.0000,impact,ragdoll,Proventus Avenicci,0001A67D,NPC R Hand [RHnd],17,12.637,12.637,395.524,302.367,10.279,4.0000,8.334,-436.906,244.235,-318.000,0.0000,0.0000,1.0000,-86.193,-289.532,-12.942,Static,Carpet,shape,0000018F36551C00,-,0,1,0,-
243,5900.406,0.0000,impact,ragdoll,Proventus Avenicci,0001A67D,NPC R Thigh [RThg],2,63.107,63.107,179.292,304.843,9.424,6.0000,20.487,-472.246,295.841,-319.656,0.0000,0.0000,1.0000,0.457,-298.151,-63.518,Static,Wood,shape,0000018E5BF03100,-,0,1,0,-
244,5900.412,0.0000,impact,ragdoll,Proventus Avenicci,0001A67D,NPC Spine2 [Spn2],9,38.963,38.963,90.062,389.602,6.457,7.0000,23.052,-429.730,264.472,-309.316,0.0835,0.7499,0.6562,-55.484,-385.449,11.867,-,Skin,shape,0000018F3CA8C100,16,1,1,0,-
245,5900.412,0.0000,impact,ragdoll,Proventus Avenicci,0001A67D,NPC L Hand [LHnd],16,38.963,38.963,90.062,340.010,7.360,4.0000,8.334,-429.730,264.472,-309.316,0.0835,0.7499,0.6562,96.230,-326.072,4.879,-,Skin,shape,0000018F3CA8D900,9,1,1,0,-
246,5921.812,0.0000,impact,ragdoll,Proventus Avenicci,0001A67D,NPC R Foot [Rft ],8,59.655,59.655,314.720,372.012,8.072,3.0000,10.011,-511.234,318.952,-319.650,0.0000,-0.0000,1.0000,-84.698,-359.314,-45.961,Static,Wood,shape,0000018E5BF03100,-,1,1,0,-
247,5944.581,0.0000,impact,ragdoll,Proventus Avenicci,0001A67D,NPC R Hand [RHnd],17,49.079,49.079,372.520,346.128,4.823,4.0000,8.334,-441.388,228.078,-318.000,0.0000,-0.0000,1.0000,-87.841,-331.197,-48.964,Static,Carpet,shape,0000018F36551C00,-,1,1,0,-
248,5965.260,0.0000,impact,ragdoll,Proventus Avenicci,0001A67D,NPC R Thigh [RThg],2,80.216,80.216,237.880,336.583,7.747,6.0000,20.487,-463.795,272.884,-319.650,-0.0000,-0.0000,1.0000,-33.349,-329.555,-59.744,Static,Wood,shape,0000018E5BF03100,-,0,0,0,-
249,5965.261,0.0000,impact,ragdoll,Proventus Avenicci,0001A67D,NPC R Thigh [RThg],2,39.277,39.277,262.085,336.583,7.747,6.0000,20.487,-480.856,287.140,-319.650,0.0000,0.0000,1.0000,-33.349,-329.555,-59.744,Static,Wood,shape,0000018E5BF03100,-,0,1,0,-
250,5966.002,0.0000,impact,ragdoll,Proventus Avenicci,0001A67D,NPC COM [COM ],0,37.187,37.187,289.323,311.432,1.871,50.0000,17.687,-458.769,269.596,-319.650,-0.0000,0.0000,1.0000,-18.769,-308.914,-34.775,Static,Wood,shape,0000018E5BF03100,-,0,1,0,-
251,5966.003,0.0000,impact,ragdoll,Proventus Avenicci,0001A67D,NPC COM [COM ],0,37.187,37.187,292.079,311.432,1.871,50.0000,17.687,-458.769,269.596,-318.000,-0.0000,0.0000,1.0000,-18.769,-308.914,-34.775,Static,Carpet,shape,0000018F36551C00,-,0,1,0,-
252,5966.008,0.0000,impact,ragdoll,Proventus Avenicci,0001A67D,NPC Spine [Spn0],3,65.171,65.171,324.059,330.971,3.726,4.0000,17.297,-448.538,267.324,-319.650,0.0000,0.0000,1.0000,-49.108,-321.527,-61.242,Static,Wood,shape,0000018E5BF03100,-,1,1,0,-
253,5966.011,0.0000,impact,ragdoll,Proventus Avenicci,0001A67D,NPC Spine1 [Spn1],6,85.556,85.556,363.320,366.324,3.975,4.0000,18.878,-441.447,260.091,-318.000,0.0000,-0.0000,1.0000,-67.937,-350.171,-83.413,Static,Carpet,shape,0000018F36551C00,-,1,1,0,-
254,5966.015,0.0000,impact,ragdoll,Proventus Avenicci,0001A67D,NPC Head [Head],13,38.715,38.715,86.817,436.038,7.071,4.0000,15.108,-419.556,247.847,-310.238,0.5528,-0.1758,0.8146,-70.751,-423.092,78.209,-,Skin,shape,0000018F3CA8C400,14,1,1,0,-
255,5966.015,0.0000,impact,ragdoll,Proventus Avenicci,0001A67D,NPC L Forearm [LLar],14,38.715,38.715,86.817,327.057,8.688,2.0000,11.658,-419.556,247.847,-310.238,0.5528,-0.1758,0.8146,74.785,-316.284,36.573,-,Skin,shape,0000018F3CA8D300,13,1,1,0,-
256,5966.017,0.0000,impact,ragdoll,Proventus Avenicci,0001A67D,NPC L Hand [LHnd],16,69.829,69.829,79.569,331.927,7.958,4.0000,8.334,-416.112,243.435,-304.221,-0.6006,-0.1953,-0.7753,114.001,-311.736,0.083,-,Skin,shape,0000018F3CA8D300,13,1,1,0,-
257,5966.017,0.0000,impact,ragdoll,Proventus Avenicci,0001A67D,NPC Head [Head],13,69.829,69.829,79.569,436.038,7.071,4.0000,15.108,-416.112,243.435,-304.221,-0.6006,-0.1953,-0.7753,-70.751,-423.092,78.209,-,Skin,shape,0000018F3CA8C100,16,1,1,0,-
258,5966.019,0.0000,impact,ragdoll,Proventus Avenicci,0001A67D,NPC R Hand [RHnd],17,129.452,129.452,305.060,330.355,16.571,4.0000,8.334,-443.544,217.408,-318.000,0.0000,-0.0000,1.0000,-55.404,-298.923,-129.266,Static,Carpet,shape,0000018F36551C00,-,0,1,0,-
259,6006.719,0.0000,impact,ragdoll,Proventus Avenicci,0001A67D,NPC L Foot [Lft ],7,50.789,50.789,348.968,312.460,8.132,3.0000,10.011,-462.563,326.457,-319.650,0.0000,0.0000,1.0000,-22.678,-306.059,-58.692,Static,Wood,shape,0000018E5BF03100,-,1,1,0,-
260,6026.657,0.0000,impact,ragdoll,Proventus Avenicci,0001A67D,NPC R Forearm [RLar],15,13.749,13.749,348.393,345.331,10.315,6.0000,11.658,-447.512,199.472,-318.000,0.0000,-0.0000,1.0000,-60.534,-335.939,-52.289,Static,Carpet,shape,0000018F36551C00,-,1,1,0,-
261,6082.500,0.0000,impact,ragdoll,Proventus Avenicci,0001A67D,NPC Spine [Spn0],3,15.187,15.187,241.385,271.083,3.705,4.0000,17.297,-456.097,225.889,-318.000,0.0000,-0.0000,1.0000,-8.814,-270.916,-3.565,Static,Carpet,shape,0000018F36551C00,-,0,1,0,-
262,6082.505,0.0000,impact,ragdoll,Proventus Avenicci,0001A67D,NPC R UpperArm [RUar],12,122.870,122.870,372.597,337.571,7.405,2.0000,14.463,-455.046,184.512,-318.000,-0.0000,0.0000,1.0000,-76.488,-312.993,-100.694,Static,Carpet,shape,0000018F36551C00,-,1,1,0,-
263,6101.418,0.0000,impact,ragdoll,Proventus Avenicci,0001A67D,NPC R Thigh [RThg],2,59.270,59.270,286.003,289.957,3.024,6.0000,20.487,-485.516,239.291,-319.650,0.0000,-0.0000,1.0000,-5.523,-287.576,-36.672,Static,Wood,shape,0000018E5BF03100,-,1,1,0,-
264,6162.024,0.0000,impact,ragdoll,Proventus Avenicci,0001A67D,NPC R UpperArm [RUar],12,74.966,74.966,297.686,305.064,2.670,2.0000,14.463,-459.196,160.871,-319.650,-0.0000,0.0000,1.0000,-51.720,-294.144,-62.199,Static,Wood,shape,0000018E5BF03100,-,1,1,0,-
265,6286.839,0.0000,impact,ragdoll,Proventus Avenicci,0001A67D,NPC L Thigh [LThg],1,13.441,13.441,288.411,284.575,0.419,6.0000,20.487,-463.248,211.086,-318.000,-0.0000,-0.0000,1.0000,-11.433,-284.184,-9.589,Static,Carpet,shape,0000018F36551C00,-,1,1,0,-
266,6353.040,0.0000,impact,ragdoll,Proventus Avenicci,0001A67D,NPC Spine2 [Spn2],9,20.114,20.114,14.268,287.642,0.749,7.0000,23.052,-434.316,128.167,-310.042,-0.6033,0.4652,0.6478,-21.313,-286.812,-4.698,-,Skin,shape,0000018F3CA8C100,16,1,1,0,-
267,6353.040,0.0000,impact,ragdoll,Proventus Avenicci,0001A67D,NPC L Hand [LHnd],16,20.114,20.114,14.268,302.890,3.223,4.0000,8.334,-434.316,128.167,-310.042,-0.6033,0.4652,0.6478,-54.778,-297.895,0.053,-,Skin,shape,0000018F3CA8D900,9,1,1,0,-
268,6397.643,0.0000,impact,ragdoll,Proventus Avenicci,0001A67D,NPC Spine1 [Spn1],6,5.868,5.868,285.548,283.129,0.888,4.0000,18.878,-451.522,133.124,-318.000,0.0000,0.0000,1.0000,-16.801,-282.606,-3.671,Static,Carpet,shape,0000018F36644100,-,1,1,0,-
269,6441.668,0.0000,impact,ragdoll,Proventus Avenicci,0001A67D,NPC R Thigh [RThg],2,30.170,30.170,291.521,288.006,0.788,6.0000,20.487,-477.162,143.554,-318.003,-0.0000,0.1081,0.9941,-9.784,-287.838,0.938,Static,Carpet,shape,0000018F36644100,-,1,1,0,-
270,6442.285,0.0000,impact,ragdoll,Proventus Avenicci,0001A67D,NPC L Forearm [LLar],14,10.895,10.895,319.816,306.384,2.121,2.0000,11.658,-431.871,101.177,-318.000,0.0000,0.0000,1.0000,-26.216,-304.564,-20.593,Static,Carpet,shape,0000018F36644100,-,1,1,0,-
271,6464.835,0.0000,impact,ragdoll,Proventus Avenicci,0001A67D,NPC Spine [Spn0],3,7.671,7.671,294.362,288.122,1.248,4.0000,17.297,-456.382,127.976,-319.656,0.0000,0.0000,1.0000,-9.475,-287.940,-3.867,Static,Wood,shape,0000018E5BF03100,-,1,1,0,-
272,6486.979,0.0000,impact,ragdoll,Proventus Avenicci,0001A67D,NPC L Thigh [LThg],1,36.256,36.256,284.935,287.049,0.885,6.0000,20.487,-462.402,143.558,-318.003,-0.0000,0.1154,0.9933,-5.419,-286.971,-3.893,Static,Carpet,shape,0000018F36644100,-,1,1,0,-
273,6527.470,0.0000,impact,ragdoll,Proventus Avenicci,0001A67D,NPC L Hand [LHnd],16,24.825,24.825,16.992,298.434,2.310,4.0000,8.334,-441.191,65.782,-302.845,0.0260,0.4770,-0.8785,-33.577,-296.539,0.040,-,Skin,shape,0000018F3CA8D300,13,1,1,0,-
274,6527.471,0.0000,impact,ragdoll,Proventus Avenicci,0001A67D,NPC Head [Head],13,24.825,24.825,16.992,293.762,1.304,4.0000,15.108,-441.191,65.782,-302.845,0.0260,0.4770,-0.8785,-9.230,-292.553,-24.977,-,Skin,shape,0000018F3CA8C100,16,1,1,0,-
275,6546.143,0.0000,impact,ragdoll,Proventus Avenicci,0001A67D,NPC Spine [Spn0],3,7.760,7.760,294.765,291.769,1.495,4.0000,17.297,-456.176,104.126,-318.000,0.0000,0.0000,1.0000,-6.980,-291.670,-3.022,Static,Carpet,shape,0000018F36644100,-,0,1,0,-
276,6546.658,0.0000,impact,ragdoll,Proventus Avenicci,0001A67D,NPC Spine2 [Spn2],9,15.934,15.934,290.017,288.968,1.344,7.0000,23.052,-448.250,77.178,-318.000,-0.0000,0.0000,1.0000,-3.952,-288.678,-12.326,Static,Carpet,shape,0000018F36644100,-,1,1,0,-
277,6564.920,0.0000,impact,ragdoll,Proventus Avenicci,0001A67D,NPC L Thigh [LThg],1,23.027,23.027,301.527,291.664,1.002,6.0000,20.487,-467.128,127.426,-319.650,-0.0000,0.0000,1.0000,-2.668,-291.373,-12.759,Static,Wood,shape,0000018F366EBA00,-,1,1,0,-
278,6564.927,0.0000,impact,ragdoll,Proventus Avenicci,0001A67D,NPC L Calf [LClf],5,27.744,27.744,289.574,292.749,0.506,6.0000,19.675,-469.089,132.433,-318.000,-0.0000,-0.0000,1.0000,-4.259,-291.814,-22.989,Static,Carpet,shape,0000018F36644100,-,1,1,0,-
279,6619.063,0.0000,impact,ragdoll,Proventus Avenicci,0001A67D,NPC L Foot [Lft ],7,185.454,185.454,225.843,296.856,1.222,3.0000,10.011,-481.383,143.813,-318.110,0.0000,0.6254,0.7803,-4.023,-296.826,-1.375,Static,Carpet,shape,0000018F36644100,-,1,1,0,-
280,6721.207,0.0000,impact,ragdoll,Proventus Avenicci,0001A67D,NPC L Calf [LClf],5,19.036,19.036,258.100,290.538,2.211,6.0000,19.675,-465.709,88.351,-319.650,-0.0000,0.0000,1.0000,18.969,-289.863,5.633,Static,Wood,shape,0000018F366EBA00,-,1,1,0,-
281,6762.596,0.0000,impact,ragdoll,Proventus Avenicci,0001A67D,NPC L Thigh [LThg],1,18.780,18.780,284.778,281.054,1.370,6.0000,20.487,-463.368,72.159,-318.000,-0.0000,0.0000,1.0000,19.982,-280.184,-9.458,Static,Carpet,shape,0000018F36644100,-,1,1,0,-
282,6803.598,0.0000,impact,ragdoll,Proventus Avenicci,0001A67D,NPC L Calf [LClf],5,9.690,9.690,279.672,281.822,0.227,6.0000,19.675,-463.682,69.022,-318.000,-0.0000,0.0000,1.0000,22.112,-280.855,-7.421,Static,Carpet,shape,0000018F36644100,-,1,1,0,-
283,6932.698,0.0000,impact,ragdoll,Proventus Avenicci,0001A67D,NPC L Foot [Lft ],7,39.242,39.242,260.139,249.111,1.228,3.0000,10.011,-471.905,63.816,-318.000,0.0000,0.0000,1.0000,15.935,-245.646,-38.215,Static,Carpet,shape,0000018F36644100,-,1,1,0,-
284,7557.840,0.0000,impact,ragdoll,Proventus Avenicci,0001A67D,NPC Spine [Spn0],3,7.855,7.855,88.070,88.757,0.243,4.0000,17.297,-451.210,-112.455,-318.002,0.0000,0.0894,0.9960,6.005,-88.553,0.043,Static,Carpet,shape,0000018E5BF1E500,-,1,1,0,-
285,7634.527,0.0000,impact,ragdoll,Proventus Avenicci,0001A67D,NPC R Thigh [RThg],2,14.749,14.749,71.342,73.280,0.305,6.0000,20.487,-471.361,-112.396,-318.011,0.0000,0.2074,0.9783,3.355,-73.203,0.128,Static,Carpet,shape,0000018E5BF1E500,-,1,1,0,-
286,7674.432,0.0000,impact,ragdoll,Proventus Avenicci,0001A67D,NPC R Hand [RHnd],17,36.756,36.756,62.112,67.993,3.292,4.0000,8.334,-453.159,-176.192,-318.000,-0.0000,-0.0000,1.0000,4.638,-56.965,-36.831,Static,Carpet,shape,0000018E5BF1E500,-,1,1,0,-
287,7733.973,0.0000,impact,ragdoll,Proventus Avenicci,0001A67D,NPC R Thigh [RThg],2,6.025,6.025,52.888,48.033,0.407,6.0000,20.487,-486.036,-112.640,-318.000,0.0000,0.0000,1.0000,0.352,-47.847,-4.208,Static,Carpet,shape,0000018E5BF1E500,-,1,1,0,-
288,8025.316,0.0000,state,unknown,Proventus Avenicci,0001A67D,-,-,0.000,0.000,0.000,0.000,0.000,0.0000,0.000,0.000,0.000,0.000,0.0000,0.0000,0.0000,0.000,0.000,0.000,-,-,-,0000000000000000,-,0,0,0,knock_get_up
289,10378.803,0.0000,state,unknown,Proventus Avenicci,0001A67D,-,-,0.000,0.000,0.000,0.000,0.000,0.0000,0.000,0.000,0.000,0.000,0.0000,0.0000,0.0000,0.000,0.000,0.000,-,-,-,0000000000000000,-,0,0,0,ragdoll_start
290,10442.560,0.0000,impact,ragdoll,Proventus Avenicci,0001A67D,NPC R Foot [Rft ],8,17.063,17.063,96.391,175.974,14.233,3.0000,10.011,-475.406,-113.634,-318.000,0.0000,0.0000,1.0000,-40.901,-170.889,-9.535,Static,Carpet,shape,0000018E5BF1E500,-,1,1,0,-
291,10454.570,0.0000,impact,ragdoll,Proventus Avenicci,0001A67D,NPC L Forearm [LLar],14,29.896,29.896,511.752,73.244,32.205,2.0000,11.658,-429.445,-113.361,-251.107,0.7893,0.6140,0.0050,39.094,-22.590,-57.671,-,Skin,shape,0000018F3CA8DC00,6,1,1,0,-
292,10454.571,0.0000,impact,ragdoll,Proventus Avenicci,0001A67D,NPC Spine1 [Spn1],6,29.896,29.896,511.752,207.918,14.434,4.0000,18.878,-429.445,-113.361,-251.107,0.7893,0.6140,0.0050,101.400,168.723,-66.937,-,Skin,shape,0000018F3CA8C400,14,1,1,0,-
293,10455.135,0.0000,impact,ragdoll,Proventus Avenicci,0001A67D,NPC L Forearm [LLar],14,39.507,39.507,90.447,101.521,11.800,2.0000,11.658,-424.613,-115.495,-246.987,0.3372,0.8311,-0.4421,50.035,52.770,-70.841,-,Skin,shape,0000018F3CA8D900,9,1,1,0,-
294,10455.135,0.0000,impact,ragdoll,Proventus Avenicci,0001A67D,NPC Spine2 [Spn2],9,39.507,39.507,90.447,191.978,7.466,7.0000,23.052,-424.613,-115.495,-246.987,0.3372,0.8311,-0.4421,123.056,145.284,-24.600,-,Skin,shape,0000018F3CA8C400,14,1,1,0,-
295,10455.136,0.0000,impact,ragdoll,Proventus Avenicci,0001A67D,NPC L Hand [LHnd],16,133.962,133.962,661.866,145.425,20.805,4.0000,8.334,-427.896,-110.852,-276.517,0.6668,0.5362,0.5175,46.294,-109.731,-83.454,-,Skin,shape,0000018F3CA8F400,1,1,1,0,-
296,10455.136,0.0000,impact,ragdoll,Proventus Avenicci,0001A67D,NPC L Thigh [LThg],1,133.962,133.962,661.866,206.883,21.923,6.0000,20.487,-427.896,-110.852,-276.517,0.6668,0.5362,0.5175,-29.285,191.542,-72.489,-,Skin,shape,0000018F3CA8C100,16,1,1,0,-
297,10490.443,0.0000,impact,ragdoll,Proventus Avenicci,0001A67D,NPC R Thigh [RThg],2,49.697,49.697,210.841,84.337,11.422,6.0000,20.487,-439.411,-126.457,-298.327,-0.8523,0.0175,0.5227,59.054,5.449,-59.964,-,Skin,shape,0000018F3CA8F100,5,1,1,0,-
298,10490.443,0.0000,impact,ragdoll,Proventus Avenicci,0001A67D,NPC L Calf [LClf],5,49.697,49.697,210.841,181.426,29.731,6.0000,19.675,-439.411,-126.457,-298.327,-0.8523,0.0175,0.5227,-70.181,153.514,-66.509,-,Skin,shape,0000018F3CA8E800,2,1,1,0,-
299,10539.129,0.0000,impact,ragdoll,Proventus Avenicci,0001A67D,NPC R Thigh [RThg],2,98.765,98.765,63.940,65.041,11.841,6.0000,20.487,-437.415,-131.614,-296.132,-0.8138,0.0822,0.5754,61.288,-19.187,10.290,-,Skin,shape,0000018F3CA8EB00,7,1,1,0,-
300,10539.130,0.0000,impact,ragdoll,Proventus Avenicci,0001A67D,NPC L Foot [Lft ],7,98.765,98.765,63.940,142.591,8.482,3.0000,10.011,-437.415,-131.614,-296.132,-0.8138,0.0822,0.5754,-102.883,-57.857,79.998,-,Skin,shape,0000018F3CA8E800,2,1,1,0,-
301,10576.787,0.0000,impact,ragdoll,Proventus Avenicci,0001A67D,NPC L Calf [LClf],5,104.926,104.926,166.513,106.833,9.227,6.0000,19.675,-443.766,-106.547,-318.000,-0.0000,-0.0000,1.0000,-18.053,-94.506,-46.433,Static,Carpet,shape,0000018F36644100,-,1,1,0,-
302,10597.820,0.0000,impact,ragdoll,Proventus Avenicci,0001A67D,NPC R Calf [RClf],4,178.404,178.404,129.271,247.638,9.964,6.0000,19.675,-442.925,-133.691,-294.899,-0.5818,-0.4966,0.6442,188.686,-112.468,114.338,-,Skin,shape,0000018F3CA8F100,5,1,1,0,-
303,10597.821,0.0000,impact,ragdoll,Proventus Avenicci,0001A67D,NPC L Calf [LClf],5,178.404,178.404,129.271,99.595,11.820,6.0000,19.675,-442.925,-133.691,-294.899,-0.5818,-0.4966,0.6442,-25.869,-95.998,5.849,-,Skin,shape,0000018F3CA8E500,4,1,1,0,-
304,10597.824,0.0000,impact,ragdoll,Proventus Avenicci,0001A67D,NPC L Foot [Lft ],7,239.677,239.677,159.395,234.723,13.469,3.0000,10.011,-445.467,-137.874,-291.215,0.7259,0.2458,-0.6424,-196.866,-124.460,29.123,-,Skin,shape,0000018F3CA8E500,4,1,1,0,-
305,10597.824,0.0000,impact,ragdoll,Proventus Avenicci,0001A67D,NPC R Calf [RClf],4,239.677,239.677,159.395,247.638,9.964,6.0000,19.675,-445.467,-137.874,-291.215,0.7259,0.2458,-0.6424,188.686,-112.468,114.338,-,Skin,shape,0000018F3CA8EB00,7,1,1,0,-
306,10619.509,0.0000,impact,ragdoll,Proventus Avenicci,0001A67D,NPC L Calf [LClf],5,59.132,59.132,77.890,82.119,5.102,6.0000,19.675,-442.224,-112.331,-318.029,0.0000,0.3378,0.9412,-13.558,-68.318,-43.500,Static,Carpet,shape,0000018E5BF1E500,-,1,1,0,-
307,10690.629,0.0000,impact,ragdoll,Proventus Avenicci,0001A67D,NPC L Thigh [LThg],1,15.892,15.892,100.352,128.057,7.044,6.0000,20.487,-437.556,-109.424,-318.000,-0.0000,0.0000,1.0000,114.523,28.790,-49.541,Static,Carpet,shape,0000018F36644100,-,1,1,0,-
308,10710.990,0.0000,impact,ragdoll,Proventus Avenicci,0001A67D,NPC L Foot [Lft ],7,154.308,154.308,119.118,172.097,8.926,3.0000,10.011,-449.685,-144.942,-318.000,0.0000,-0.0000,1.0000,-97.099,-4.874,-142.005,Static,Carpet,shape,0000018E5BF1E500,-,1,1,0,-
309,10765.730,0.0000,impact,ragdoll,Proventus Avenicci,0001A67D,NPC L Foot [Lft ],7,57.535,57.535,122.643,101.840,7.323,3.0000,10.011,-453.718,-141.225,-319.650,-0.0000,0.0000,1.0000,-28.481,82.808,-51.990,Static,Wood,shape,0000018F366EBA00,-,1,1,0,-
310,10781.615,0.0000,impact,ragdoll,Proventus Avenicci,0001A67D,NPC L Hand [LHnd],16,206.191,206.191,268.523,310.420,5.067,4.0000,8.334,-380.791,-71.385,-318.000,0.0000,-0.0000,1.0000,139.301,185.725,-206.064,Static,Carpet,shape,0000018F36644100,-,1,1,0,-
311,10787.762,0.0000,impact,ragdoll,Proventus Avenicci,0001A67D,NPC L Forearm [LLar],14,103.084,103.084,149.509,206.469,14.898,2.0000,11.658,-382.859,-64.051,-318.000,-0.0000,-0.0000,1.0000,65.618,95.523,-170.878,Static,Carpet,shape,0000018F36644100,-,1,1,0,-
312,10794.551,0.0000,impact,ragdoll,Proventus Avenicci,0001A67D,NPC Spine1 [Spn1],6,174.112,174.112,74.565,313.346,4.403,4.0000,18.878,-379.028,-68.315,-307.042,-0.6181,-0.2554,0.7435,163.593,173.457,-203.313,-,Skin,shape,0000018F3CA8C100,16,1,1,0,-
313,10794.552,0.0000,impact,ragdoll,Proventus Avenicci,0001A67D,NPC L Hand [LHnd],16,174.112,174.112,74.565,198.854,24.847,4.0000,8.334,-379.028,-68.315,-307.042,-0.6181,-0.2554,0.7435,151.147,129.084,5.898,-,Skin,shape,0000018F3CA8DC00,6,1,1,0,-
314,10795.076,0.0000,impact,ragdoll,Proventus Avenicci,0001A67D,NPC L Hand [LHnd],16,146.059,146.059,425.879,307.877,35.985,4.0000,8.334,-374.200,-65.513,-319.650,-0.0000,0.0000,1.0000,195.498,188.043,-145.632,Static,Wood,shape,0000018F366EBA00,-,1,1,0,-
315,10808.835,0.0000,impact,ragdoll,Proventus Avenicci,0001A67D,NPC Spine2 [Spn2],9,182.754,182.754,58.393,305.349,5.767,7.0000,23.052,-375.645,-61.876,-308.017,-0.6091,0.3741,0.6994,115.780,140.725,-245.009,-,Skin,shape,0000018F3CA8C100,16,1,1,0,-
316,10808.835,0.0000,impact,ragdoll,Proventus Avenicci,0001A67D,NPC L Hand [LHnd],16,182.754,182.754,58.393,241.604,13.576,4.0000,8.334,-375.645,-61.876,-308.017,-0.6091,0.3741,0.6994,149.078,190.123,1.165,-,Skin,shape,0000018F3CA8D900,9,1,1,0,-
317,10808.838,0.0000,impact,ragdoll,Proventus Avenicci,0001A67D,NPC L Forearm [LLar],14,30.716,30.716,265.849,198.589,16.109,2.0000,11.658,-379.215,-61.610,-319.650,0.0000,-0.0000,1.0000,121.554,100.543,-120.637,Static,Wood,shape,0000018F366EBA00,-,1,1,0,-
318,10809.276,0.0000,impact,ragdoll,Proventus Avenicci,0001A67D,NPC L UpperArm [LUar],10,235.110,235.110,287.412,287.723,14.142,2.0000,14.463,-391.547,-52.860,-318.000,0.0000,-0.0000,1.0000,101.889,96.172,-251.305,Static,Carpet,shape,0000018F36644100,-,1,1,0,-
319,10809.278,0.0000,impact,ragdoll,Proventus Avenicci,0001A67D,NPC L Forearm [LLar],14,220.093,220.093,276.458,230.957,17.763,2.0000,11.658,-389.704,-56.923,-318.000,0.0000,0.0000,1.0000,184.731,83.206,-110.870,Static,Carpet,shape,0000018F36644100,-,0,1,0,-
320,10824.583,0.0000,impact,ragdoll,Proventus Avenicci,0001A67D,NPC Spine [Spn0],3,116.145,116.145,292.322,278.725,5.248,4.0000,17.297,-385.901,-77.492,-318.000,0.0000,-0.0000,1.0000,206.010,149.164,-114.007,Static,Carpet,shape,0000018F36644100,-,1,1,0,-
321,10841.278,0.0000,impact,ragdoll,Proventus Avenicci,0001A67D,NPC L Thigh [LThg],1,95.635,95.635,268.272,281.055,2.037,6.0000,20.487,-392.884,-85.702,-318.000,-0.0000,0.0000,1.0000,211.894,155.633,-99.352,Static,Carpet,shape,0000018F36644100,-,1,1,0,-
322,10841.284,0.0000,impact,ragdoll,Proventus Avenicci,0001A67D,NPC Spine2 [Spn2],9,88.136,88.136,91.827,194.700,4.959,7.0000,23.052,-383.298,-50.355,-318.000,-0.0000,0.0000,1.0000,80.215,153.549,-88.861,Static,Carpet,shape,0000018F36644100,-,1,1,0,-
323,10841.795,0.0000,impact,ragdoll,Proventus Avenicci,0001A67D,NPC Head [Head],13,258.659,258.659,117.436,265.796,13.660,4.0000,15.108,-378.928,-26.752,-318.000,0.0000,0.0000,1.0000,40.074,53.507,-257.252,Static,Carpet,shape,0000018F36644100,-,1,1,0,-
324,10856.669,0.0000,impact,ragdoll,Proventus Avenicci,0001A67D,NPC COM [COM ],0,40.774,40.774,329.439,263.288,12.104,50.0000,17.687,-384.751,-81.679,-318.000,0.0000,-0.0000,1.0000,214.582,143.293,-52.370,Static,Carpet,shape,0000018F36644100,-,1,1,0,-
325,10856.679,0.0000,impact,ragdoll,Proventus Avenicci,0001A67D,NPC L Forearm [LLar],14,126.126,126.126,101.056,37.891,6.017,2.0000,11.658,-380.278,-66.603,-308.836,0.1785,0.8460,-0.5024,19.684,32.378,-0.066,-,Skin,shape,0000018F3CA8DF00,3,1,1,0,-
326,10856.679,0.0000,impact,ragdoll,Proventus Avenicci,0001A67D,NPC Spine [Spn0],3,126.126,126.126,101.056,225.988,11.782,4.0000,17.297,-380.278,-66.603,-308.836,0.1785,0.8460,-0.5024,171.838,146.474,-9.360,-,Skin,shape,0000018F3CA8C400,14,1,1,0,-
327,10874.259,0.0000,impact,ragdoll,Proventus Avenicci,0001A67D,NPC L Thigh [LThg],1,97.057,97.057,177.449,150.215,4.723,6.0000,20.487,-405.002,-94.235,-318.000,0.0000,-0.0000,1.0000,121.632,70.010,-53.561,Static,Carpet,shape,0000018F36644100,-,0,1,0,-
328,10874.262,0.0000,impact,ragdoll,Proventus Avenicci,0001A67D,NPC Spine [Spn0],3,154.254,154.254,142.006,215.949,11.215,4.0000,17.297,-370.984,-61.407,-310.939,-0.5658,-0.6882,0.4542,158.733,146.363,3.961,-,Skin,shape,0000018F3CA8C100,16,1,1,0,-
329,10874.262,0.0000,impact,ragdoll,Proventus Avenicci,0001A67D,NPC L Hand [LHnd],16,154.254,154.254,142.006,27.441,10.076,4.0000,8.334,-370.984,-61.407,-310.939,-0.5658,-0.6882,0.4542,6.543,24.094,11.387,-,Skin,shape,0000018F3CA8DF00,3,1,1,0,-
330,10892.741,0.0000,impact,ragdoll,Proventus Avenicci,0001A67D,NPC R Hand [RHnd],17,278.272,278.272,251.526,359.357,6.842,4.0000,8.334,-331.300,-20.650,-318.000,0.0000,0.0000,1.0000,-42.879,223.055,-278.470,Static,Carpet,shape,0000018F36644100,-,1,1,0,-
331,10954.906,0.0000,impact,ragdoll,Proventus Avenicci,0001A67D,NPC COM [COM ],0,46.993,46.993,69.866,195.301,2.294,50.0000,17.687,-366.739,-58.176,-311.359,-0.1421,-0.9125,0.3837,163.162,106.623,-12.325,-,Skin,shape,0000018F3CA8C100,16,1,1,0,-
332,10954.906,0.0000,impact,ragdoll,Proventus Avenicci,0001A67D,NPC L Hand [LHnd],16,46.993,46.993,69.866,89.117,4.319,4.0000,8.334,-366.739,-58.176,-311.359,-0.1421,-0.9125,0.3837,52.684,71.876,-0.096,-,-,-,0000018F3CA8EE00,0,1,1,0,-
333,11002.815,0.0000,impact,ragdoll,Proventus Avenicci,0001A67D,NPC L Calf [LClf],5,45.823,45.823,177.490,204.755,3.006,6.0000,19.675,-391.577,-87.514,-318.000,0.0000,0.0000,1.0000,199.672,6.195,-44.914,Static,Carpet,shape,0000018F36644100,-,1,1,0,-
334,11099.059,0.0000,impact,ragdoll,Proventus Avenicci,0001A67D,NPC R Thigh [RThg],2,161.603,161.603,292.185,261.274,6.336,6.0000,20.487,-329.916,-83.745,-318.000,-0.0000,-0.0000,1.0000,181.978,150.384,-111.950,Static,Carpet,shape,0000018F36644100,-,1,1,0,-
335,11137.772,0.0000,impact,ragdoll,Proventus Avenicci,0001A67D,NPC COM [COM ],0,53.907,53.907,136.649,167.401,3.289,50.0000,17.687,-348.957,-59.285,-319.650,0.0000,0.0000,1.0000,126.022,93.590,-58.161,Static,Wood,shape,0000018F366EBA00,-,1,1,0,-
336,11137.774,0.0000,impact,ragdoll,Proventus Avenicci,0001A67D,NPC L Thigh [LThg],1,49.802,49.802,173.093,169.596,3.562,6.0000,20.487,-366.401,-81.084,-319.650,0.0000,0.0000,1.0000,155.843,46.947,-47.663,Static,Wood,shape,0000018F366EBA00,-,1,1,0,-
337,11138.307,0.0000,impact,ragdoll,Proventus Avenicci,0001A67D,NPC R Forearm [RLar],15,12.457,12.457,113.749,88.899,3.684,6.0000,11.658,-331.295,7.456,-318.000,0.0000,-0.0000,1.0000,24.525,84.528,-12.512,Static,Carpet,shape,0000018F36644100,-,1,1,0,-
338,11170.295,0.0000,impact,ragdoll,Proventus Avenicci,0001A67D,NPC COM [COM ],0,56.956,56.956,67.584,123.511,5.865,50.0000,17.687,-338.551,-55.148,-319.650,-0.0000,0.0000,1.0000,96.559,63.875,-43.026,Static,Wood,shape,0000018F366EBA00,-,0,1,0,-
339,11170.297,0.0000,impact,ragdoll,Proventus Avenicci,0001A67D,NPC COM [COM ],0,56.956,56.956,75.182,123.511,5.865,50.0000,17.687,-338.551,-55.148,-318.000,-0.0000,0.0000,1.0000,96.559,63.875,-43.026,Static,Carpet,shape,0000018F36644100,-,0,1,0,-
340,11170.299,0.0000,impact,ragdoll,Proventus Avenicci,0001A67D,NPC R Thigh [RThg],2,16.460,16.460,146.655,163.207,6.135,6.0000,20.487,-317.276,-72.873,-319.650,-0.0000,0.0000,1.0000,119.218,104.319,-39.258,Static,Wood,shape,0000018F366EBA00,-,1,0,0,-
341,11170.299,0.0000,impact,ragdoll,Proventus Avenicci,0001A67D,NPC R Thigh [RThg],2,33.181,33.181,123.097,163.207,6.135,6.0000,20.487,-322.959,-66.996,-319.651,0.0000,0.0000,1.0000,119.218,104.319,-39.258,Static,Wood,shape,0000018F366EBA00,-,0,1,0,-
342,11185.505,0.0000,impact,ragdoll,Proventus Avenicci,0001A67D,NPC Spine [Spn0],3,34.641,34.641,6.008,75.690,6.961,4.0000,17.297,-337.224,-45.432,-318.000,-0.0000,0.0000,1.0000,62.485,40.638,-13.161,Static,Carpet,shape,0000018F36644100,-,0,1,0,-
343,11185.508,0.0000,impact,ragdoll,Proventus Avenicci,0001A67D,NPC Spine1 [Spn1],6,19.743,19.743,42.366,106.103,3.610,4.0000,18.878,-346.809,-38.510,-318.000,-0.0000,-0.0000,1.0000,79.952,62.509,-30.952,Static,Carpet,shape,0000018F36644100,-,1,1,0,-
344,11212.395,0.0000,impact,ragdoll,Proventus Avenicci,0001A67D,NPC Spine [Spn0],3,10.987,10.987,6.725,62.060,4.734,4.0000,17.297,-335.612,-44.137,-319.650,-0.0000,0.0000,1.0000,53.021,32.055,3.567,Static,Wood,shape,0000018F366EBA00,-,1,1,0,-
345,11225.913,0.0000,impact,ragdoll,Proventus Avenicci,0001A67D,NPC R Thigh [RThg],2,9.765,9.765,19.189,80.841,6.572,6.0000,20.487,-327.703,-52.885,-319.650,0.0000,-0.0000,1.0000,59.976,54.096,-3.421,Static,Wood,shape,0000018F366EBA00,-,0,1,0,-
346,11225.913,0.0000,impact,ragdoll,Proventus Avenicci,0001A67D,NPC R Thigh [RThg],2,9.765,9.765,21.959,80.841,6.572,6.0000,20.487,-327.702,-52.885,-318.000,0.0000,-0.0000,1.0000,59.976,54.096,-3.421,Static,Carpet,shape,0000018F36644100,-,0,1,0,-
347,11240.670,0.0000,impact,ragdoll,Proventus Avenicci,0001A67D,NPC R UpperArm [RUar],12,13.125,13.125,59.903,61.466,4.019,2.0000,14.463,-337.647,5.063,-318.000,0.0000,0.0000,1.0000,40.633,45.986,-3.504,Static,Carpet,shape,0000018F36644100,-,1,1,0,-
348,11316.780,0.0000,impact,ragdoll,Proventus Avenicci,0001A67D,NPC R Calf [RClf],4,48.191,48.191,188.908,172.493,5.242,6.0000,19.675,-298.029,-58.556,-319.650,-0.0000,0.0000,1.0000,91.491,141.392,-37.303,Static,Wood,shape,0000018F366EBA00,-,1,1,0,-
349,11604.048,0.0000,impact,ragdoll,Proventus Avenicci,0001A67D,NPC R Foot [Rft ],8,179.019,179.019,25.780,175.944,6.369,3.0000,10.011,-257.062,-44.049,-318.000,-0.0000,0.0000,1.0000,39.715,-53.476,-162.848,Static,Carpet,shape,0000018F36644100,-,1,1,0,-
350,11646.553,0.0000,impact,ragdoll,Proventus Avenicci,0001A67D,NPC L Calf [LClf],5,67.197,67.197,95.004,40.157,4.559,6.0000,19.675,-279.860,-49.064,-307.309,-0.0117,-0.9905,0.1371,-30.847,16.940,19.340,-,Skin,shape,0000018F3CA8E500,4,1,1,0,-
351,11646.554,0.0000,impact,ragdoll,Proventus Avenicci,0001A67D,NPC R Calf [RClf],4,67.197,67.197,95.004,14.532,2.566,6.0000,19.675,-279.860,-49.064,-307.309,-0.0117,-0.9905,0.1371,0.343,-11.770,-8.517,-,Skin,shape,0000018F3CA8F100,5,1,1,0,-
352,11660.469,0.0000,impact,ragdoll,Proventus Avenicci,0001A67D,NPC L Foot [Lft ],7,15.188,15.188,112.223,79.243,1.530,3.0000,10.011,-275.984,-48.878,-306.554,-0.0209,-0.9859,0.1659,-48.177,40.825,47.873,-,Skin,shape,0000018F3CA8E500,4,1,1,0,-
353,11660.470,0.0000,impact,ragdoll,Proventus Avenicci,0001A67D,NPC R Calf [RClf],4,15.188,15.188,112.223,25.124,2.581,6.0000,19.675,-275.984,-48.878,-306.554,-0.0209,-0.9859,0.1659,-5.449,8.544,-22.989,-,Skin,shape,0000018F3CA8EB00,7,1,1,0,-
354,11707.274,0.0000,impact,ragdoll,Proventus Avenicci,0001A67D,NPC L Calf [LClf],5,17.094,17.094,26.772,27.530,1.821,6.0000,19.675,-295.605,-50.723,-309.479,0.2562,-0.9380,0.2334,-14.506,13.654,19.000,-,Skin,shape,0000018F3CA8E800,2,1,1,0,-
355,11707.275,0.0000,impact,ragdoll,Proventus Avenicci,0001A67D,NPC R Thigh [RThg],2,17.094,17.094,26.772,8.711,0.540,6.0000,20.487,-295.605,-50.723,-309.479,0.2562,-0.9380,0.2334,-6.614,-4.382,3.596,-,Skin,shape,0000018F3CA8F100,5,1,1,0,-
356,11707.279,0.0000,impact,ragdoll,Proventus Avenicci,0001A67D,NPC Spine2 [Spn2],9,19.645,19.645,6.478,35.894,1.125,7.0000,23.052,-350.361,-29.879,-308.759,0.2688,0.2791,0.9219,-30.899,-17.741,-4.348,-,Skin,shape,0000018F3CA8C100,16,1,1,0,-
357,11707.279,0.0000,impact,ragdoll,Proventus Avenicci,0001A67D,NPC L Hand [LHnd],16,19.645,19.645,6.478,2.391,2.353,4.0000,8.334,-350.361,-29.879,-308.759,0.2688,0.2791,0.9219,-2.380,-0.211,0.075,-,Skin,shape,0000018F3CA8D900,9,1,1,0,-
358,11723.428,0.0000,impact,ragdoll,Proventus Avenicci,0001A67D,NPC L Forearm [LLar],14,6.627,6.627,7.309,33.477,2.618,2.0000,11.658,-354.168,-33.158,-318.000,-0.0000,0.0000,1.0000,-20.729,-23.963,-10.808,Static,Carpet,shape,0000018F36644100,-,1,1,0,-
359,11843.710,0.0000,state,unknown,Proventus Avenicci,0001A67D,-,-,0.000,0.000,0.000,0.000,0.000,0.0000,0.000,0.000,0.000,0.000,0.0000,0.0000,0.0000,0.000,0.000,0.000,-,-,-,0000000000000000,-,0,0,0,knock_get_up
360,12105.201,0.0000,state,unknown,Proventus Avenicci,0001A67D,-,-,0.000,0.000,0.000,0.000,0.000,0.0000,0.000,0.000,0.000,0.000,0.0000,0.0000,0.0000,0.000,0.000,0.000,-,-,-,0000000000000000,-,0,0,0,ragdoll_start
361,12109.065,0.0000,impact,ragdoll,Proventus Avenicci,0001A67D,NPC L Calf [LClf],5,16.061,16.061,50.348,83.959,5.670,6.0000,19.675,-319.323,-82.017,-319.650,-0.0000,0.0000,1.0000,-83.830,0.286,-4.637,Static,Wood,shape,0000018F366EBA00,-,1,1,0,-
362,12153.913,0.0000,impact,ragdoll,Proventus Avenicci,0001A67D,NPC L Hand [LHnd],16,235.389,235.389,324.277,332.978,16.529,4.0000,8.334,-397.079,-31.567,-318.000,-0.0000,0.0000,1.0000,200.872,123.893,-234.894,Static,Carpet,shape,0000018F36644100,-,1,1,0,-
363,12168.672,0.0000,impact,ragdoll,Proventus Avenicci,0001A67D,NPC L Hand [LHnd],16,43.517,43.517,42.173,155.240,22.186,4.0000,8.334,-394.561,-29.387,-319.650,0.0000,-0.0000,1.0000,97.070,112.768,-44.274,Static,Wood,shape,0000018F366EBA00,-,1,1,0,-
364,12186.076,0.0000,impact,ragdoll,Proventus Avenicci,0001A67D,NPC L Thigh [LThg],1,22.530,22.530,146.359,121.762,3.738,6.0000,20.487,-328.452,-71.839,-319.650,-0.0000,0.0000,1.0000,-80.160,91.571,3.893,Static,Wood,shape,0000018F366EBA00,-,1,1,0,-
365,12186.086,0.0000,impact,ragdoll,Proventus Avenicci,0001A67D,NPC R Forearm [RLar],15,38.467,38.467,365.597,127.881,55.785,6.0000,11.658,-322.187,-9.258,-318.000,0.0000,0.0000,1.0000,-69.998,-106.826,6.476,Static,Carpet,shape,0000018F36644100,-,1,1,0,-
366,12186.564,0.0000,impact,ragdoll,Proventus Avenicci,0001A67D,NPC R Forearm [RLar],15,111.572,111.572,281.299,121.783,17.974,6.0000,11.658,-334.195,-24.689,-296.690,0.4856,0.8557,-0.1788,-82.070,-89.326,10.795,-,Skin,shape,0000018F3CA8DC00,6,1,1,0,-
367,12186.564,0.0000,impact,ragdoll,Proventus Avenicci,0001A67D,NPC Spine1 [Spn1],6,111.572,111.572,281.299,87.726,5.937,4.0000,18.878,-334.195,-24.689,-296.690,0.4856,0.8557,-0.1788,-2.988,45.034,75.225,-,Skin,shape,0000018F3CA8CD00,15,1,1,0,-
368,12240.138,0.0000,impact,ragdoll,Proventus Avenicci,0001A67D,NPC R Forearm [RLar],15,86.892,86.892,24.562,108.051,7.992,6.0000,11.658,-338.749,-19.602,-288.840,0.7370,0.3866,-0.5544,-71.668,-43.846,67.943,-,Skin,shape,0000018F3CA8D900,9,1,1,0,-
369,12240.139,0.0000,impact,ragdoll,Proventus Avenicci,0001A67D,NPC Spine2 [Spn2],9,86.892,86.892,24.562,105.825,6.251,7.0000,23.052,-338.749,-19.602,-288.840,0.7370,0.3866,-0.5544,28.141,54.694,86.114,-,Skin,shape,0000018F3CA8CD00,15,1,1,0,-
370,12275.214,0.0000,impact,ragdoll,Proventus Avenicci,0001A67D,NPC R Forearm [RLar],15,83.334,83.334,131.092,106.231,7.187,6.0000,11.658,-334.192,-26.023,-298.163,0.2824,0.9483,0.1449,-68.092,-13.426,80.425,-,Skin,shape,0000018F3CA8DF00,3,1,1,0,-
371,12275.215,0.0000,impact,ragdoll,Proventus Avenicci,0001A67D,NPC Spine [Spn0],3,83.334,83.334,131.092,111.690,4.814,4.0000,17.297,-334.192,-26.023,-298.163,0.2824,0.9483,0.1449,-46.114,99.897,19.204,-,Skin,shape,0000018F3CA8CD00,15,1,1,0,-
372,12330.497,0.0000,impact,ragdoll,Proventus Avenicci,0001A67D,NPC Spine [Spn0],3,47.724,47.724,132.052,121.480,3.489,4.0000,17.297,-330.156,-19.726,-305.149,-0.5760,-0.7041,0.4153,-54.284,107.154,18.129,-,Skin,shape,0000018F3CA8CA00,17,1,1,0,-
373,12330.497,0.0000,impact,ragdoll,Proventus Avenicci,0001A67D,NPC R Hand [RHnd],17,47.724,47.724,132.052,92.320,26.343,4.0000,8.334,-330.156,-19.726,-305.149,-0.5760,-0.7041,0.4153,-66.626,48.473,41.645,-,Skin,shape,0000018F3CA8DF00,3,1,1,0,-
374,12330.947,0.0000,impact,ragdoll,Proventus Avenicci,0001A67D,NPC L Forearm [LLar],14,114.873,114.873,100.834,211.635,3.905,2.0000,11.658,-362.276,-17.753,-284.903,-0.8673,-0.0518,-0.4951,170.135,116.197,48.394,-,Skin,shape,0000018F3CA8D900,9,1,1,0,-
375,12330.947,0.0000,impact,ragdoll,Proventus Avenicci,0001A67D,NPC Spine2 [Spn2],9,114.873,114.873,100.834,97.164,4.657,7.0000,23.052,-362.276,-17.753,-284.903,-0.8673,-0.0518,-0.4951,9.753,77.025,58.419,-,Skin,shape,0000018F3CA8C400,14,1,1,0,-
376,12373.070,0.0000,impact,ragdoll,Proventus Avenicci,0001A67D,NPC R Calf [RClf],4,12.489,12.489,164.680,163.938,3.718,6.0000,19.675,-323.303,-85.128,-318.000,-0.0000,0.0000,1.0000,-147.296,71.072,11.334,Static,Carpet,shape,0000018F36644100,-,0,1,0,-
377,12373.072,0.0000,impact,ragdoll,Proventus Avenicci,0001A67D,NPC Spine1 [Spn1],6,172.327,172.327,79.131,119.443,5.565,4.0000,18.878,-364.143,-14.381,-290.958,0.9648,-0.2589,0.0455,-42.802,106.718,32.339,-,Skin,shape,0000018F3CA8C400,14,1,1,0,-
378,12373.073,0.0000,impact,ragdoll,Proventus Avenicci,0001A67D,NPC L Forearm [LLar],14,172.327,172.327,79.131,192.239,6.356,2.0000,11.658,-364.143,-14.381,-290.958,0.9648,-0.2589,0.0455,144.671,98.662,79.321,-,Skin,shape,0000018F3CA8DC00,6,1,1,0,-
379,12397.515,0.0000,impact,ragdoll,Proventus Avenicci,0001A67D,NPC Spine1 [Spn1],6,144.555,144.555,88.214,102.203,5.602,4.0000,18.878,-358.725,-12.051,-301.653,0.6235,-0.3377,0.7051,-14.942,97.911,25.214,-,Skin,shape,0000018F3CA8C100,16,1,1,0,-
380,12397.516,0.0000,impact,ragdoll,Proventus Avenicci,0001A67D,NPC L Hand [LHnd],16,144.555,144.555,88.214,221.378,35.868,4.0000,8.334,-358.725,-12.051,-301.653,0.6235,-0.3377,0.7051,153.749,122.662,101.604,-,Skin,shape,0000018F3CA8DC00,6,1,1,0,-
381,12397.522,0.0000,impact,ragdoll,Proventus Avenicci,0001A67D,NPC L Hand [LHnd],16,158.355,158.355,432.724,221.378,35.868,4.0000,8.334,-354.255,-17.319,-302.632,-0.7193,0.6547,-0.2322,153.749,122.662,101.604,-,Skin,shape,0000018F3CA8DF00,3,1,1,0,-
382,12397.522,0.0000,impact,ragdoll,Proventus Avenicci,0001A67D,NPC Spine [Spn0],3,158.355,158.355,432.724,121.538,3.923,4.0000,17.297,-354.255,-17.319,-302.632,-0.7193,0.6547,-0.2322,-45.964,110.464,21.366,-,Skin,shape,0000018F3CA8C100,16,1,1,0,-
383,12613.066,0.0000,impact,ragdoll,Proventus Avenicci,0001A67D,NPC R Calf [RClf],4,13.863,13.863,424.242,413.792,1.821,6.0000,19.675,-365.490,-43.817,-319.650,-0.0000,-0.0000,1.0000,-211.924,354.597,-23.945,Static,Wood,shape,0000018F366EBA00,-,1,1,0,-
384,12613.073,0.0000,impact,ragdoll,Proventus Avenicci,0001A67D,NPC L Hand [LHnd],16,30.830,30.830,52.507,417.812,7.308,4.0000,8.334,-363.568,41.641,-286.869,-0.0171,0.6847,-0.7286,-67.957,412.194,6.680,-,Skin,shape,0000018F3CA8D900,9,1,1,0,-
385,12613.073,0.0000,impact,ragdoll,Proventus Avenicci,0001A67D,NPC Spine2 [Spn2],9,30.830,30.830,52.507,403.777,1.503,7.0000,23.052,-363.568,41.641,-286.869,-0.0171,0.6847,-0.7286,-106.471,385.416,-56.161,-,Skin,shape,0000018F3CA8C100,16,1,1,0,-
386,12626.761,0.0000,impact,ragdoll,Proventus Avenicci,0001A67D,NPC COM [COM ],0,46.825,46.825,411.599,413.407,3.077,50.0000,17.687,-363.879,20.288,-319.650,-0.0000,0.0000,1.0000,-137.741,386.777,-48.341,Static,Wood,shape,0000018F366EBA00,-,1,1,0,-
387,12627.247,0.0000,impact,ragdoll,Proventus Avenicci,0001A67D,NPC R Hand [RHnd],17,66.490,66.490,375.540,395.113,2.224,4.0000,8.334,-344.719,49.214,-318.000,0.0000,0.0000,1.0000,-106.307,374.685,-66.512,Static,Carpet,shape,0000018F36644100,-,1,1,0,-
388,12641.804,0.0000,impact,ragdoll,Proventus Avenicci,0001A67D,NPC Spine [Spn0],3,47.886,47.886,229.294,374.232,10.740,4.0000,17.297,-367.328,37.973,-318.000,-0.0000,0.0000,1.0000,-122.322,352.425,-29.727,Static,Carpet,shape,0000018F36644100,-,1,1,0,-
389,12669.394,0.0000,impact,ragdoll,Proventus Avenicci,0001A67D,NPC R Hand [RHnd],17,81.019,81.019,350.071,428.804,11.995,4.0000,8.334,-349.872,70.626,-319.650,0.0000,-0.0000,1.0000,-98.581,409.389,-80.966,Static,Wood,shape,0000018F366EBA00,-,1,1,0,-
390,12697.586,0.0000,impact,ragdoll,Proventus Avenicci,0001A67D,NPC L Calf [LClf],5,57.063,57.063,417.384,494.673,12.128,6.0000,19.675,-419.977,17.483,-318.000,0.0000,-0.0000,1.0000,-176.837,461.005,-30.082,Static,Carpet,shape,0000018F36644100,-,0,1,0,-
391,12711.905,0.0000,impact,ragdoll,Proventus Avenicci,0001A67D,NPC L Calf [LClf],5,19.002,19.002,410.723,489.933,9.060,6.0000,19.675,-422.504,24.345,-319.650,-0.0000,0.0000,1.0000,-169.254,459.769,-0.721,Static,Wood,shape,0000018F366EBA00,-,0,1,0,-
392,12712.407,0.0000,impact,ragdoll,Proventus Avenicci,0001A67D,NPC L Foot [Lft ],7,24.736,24.736,420.978,509.203,12.584,3.0000,10.011,-426.428,24.073,-318.000,-0.0000,-0.0000,1.0000,-207.318,465.068,4.371,Static,Carpet,shape,0000018F36644100,-,0,1,0,-
393,12780.065,0.0000,impact,ragdoll,Proventus Avenicci,0001A67D,NPC L Forearm [LLar],14,190.474,190.474,396.624,471.423,6.863,2.0000,11.658,-400.022,122.727,-318.000,0.0000,-0.0000,1.0000,-128.810,422.795,-163.989,Static,Carpet,shape,0000018F36644100,-,1,1,0,-
394,12799.548,0.0000,impact,ragdoll,Proventus Avenicci,0001A67D,NPC R Forearm [RLar],15,18.676,18.676,428.601,446.085,5.484,6.0000,11.658,-362.394,116.494,-318.000,-0.0000,-0.0000,1.0000,-107.919,431.413,-35.047,Static,Carpet,shape,0000018F36644100,-,1,1,0,-
395,12800.033,0.0000,impact,ragdoll,Proventus Avenicci,0001A67D,NPC Head [Head],13,35.003,35.003,55.350,574.855,8.624,4.0000,15.108,-386.013,140.413,-301.691,-0.0405,0.4909,0.8703,-164.913,502.593,-225.083,-,Skin,shape,0000018F3CA8C100,16,1,1,0,-
396,12800.034,0.0000,impact,ragdoll,Proventus Avenicci,0001A67D,NPC L Hand [LHnd],16,35.003,35.003,55.350,461.494,16.358,4.0000,8.334,-386.013,140.413,-301.691,-0.0405,0.4909,0.8703,-199.617,395.645,-128.821,-,Skin,shape,0000018F3CA8D300,13,1,1,0,-
397,12820.987,0.0000,impact,ragdoll,Proventus Avenicci,0001A67D,NPC L UpperArm [LUar],10,149.522,149.522,240.218,448.771,10.379,2.0000,14.463,-402.300,131.700,-318.000,-0.0000,0.0000,1.0000,-114.151,396.871,-175.665,Static,Carpet,shape,0000018F36644100,-,1,1,0,-
398,12821.496,0.0000,impact,ragdoll,Proventus Avenicci,0001A67D,NPC L Hand [LHnd],16,135.760,135.760,340.060,467.365,12.608,4.0000,8.334,-389.020,144.635,-318.000,0.0000,0.0000,1.0000,-189.010,405.246,-135.942,Static,Carpet,shape,0000018F36551C00,-,1,1,0,-
399,12842.443,0.0000,impact,ragdoll,Proventus Avenicci,0001A67D,NPC L Forearm [LLar],14,114.038,114.038,200.656,328.339,22.573,2.0000,11.658,-403.499,133.774,-319.650,-0.0000,-0.0000,1.0000,-84.784,301.230,-99.389,Static,Wood,shape,0000018E5BF03100,-,1,1,0,-
400,12842.915,0.0000,impact,ragdoll,Proventus Avenicci,0001A67D,NPC Spine1 [Spn1],6,71.102,71.102,87.022,446.941,1.266,4.0000,18.878,-401.666,134.177,-309.437,0.6096,-0.5239,0.5949,-121.593,429.581,-20.772,-,Skin,shape,0000018F3CA8C400,14,1,1,0,-
401,12842.915,0.0000,impact,ragdoll,Proventus Avenicci,0001A67D,NPC L Forearm [LLar],14,71.102,71.102,87.022,359.785,18.553,2.0000,11.658,-401.666,134.177,-309.437,0.6096,-0.5239,0.5949,-142.552,323.313,-67.768,-,Skin,shape,0000018F3CA8DC00,6,1,1,0,-
402,12842.919,0.0000,impact,ragdoll,Proventus Avenicci,0001A67D,NPC L Forearm [LLar],14,83.746,83.746,260.625,359.785,18.553,2.0000,11.658,-398.652,143.529,-318.001,0.0000,0.0587,0.9983,-142.552,323.313,-67.768,Static,Carpet,shape,0000018F36644100,-,0,1,0,-
403,12842.919,0.0000,impact,ragdoll,Proventus Avenicci,0001A67D,NPC L Forearm [LLar],14,140.957,140.957,266.647,359.785,18.553,2.0000,11.658,-396.765,146.531,-318.000,0.0000,-0.0000,1.0000,-142.552,323.313,-67.768,Static,Carpet,shape,0000018F36551C00,-,1,1,0,-
404,12867.106,0.0000,impact,ragdoll,Proventus Avenicci,0001A67D,NPC L UpperArm [LUar],10,16.301,16.301,215.952,381.458,13.026,2.0000,14.463,-406.824,145.653,-318.000,0.0000,0.0000,1.0000,-108.749,358.688,-70.903,Static,Carpet,shape,0000018F36551C00,-,1,1,0,-
405,12867.110,0.0000,impact,ragdoll,Proventus Avenicci,0001A67D,NPC L Forearm [LLar],14,102.174,102.174,311.034,340.098,11.052,2.0000,11.658,-399.961,152.457,-319.650,0.0000,-0.0000,1.0000,-131.361,309.552,-50.875,Static,Wood,shape,0000018E5BF03100,-,0,1,0,-
406,12889.824,0.0000,impact,ragdoll,Proventus Avenicci,0001A67D,NPC R Forearm [RLar],15,15.583,15.583,434.324,426.498,4.138,6.0000,11.658,-368.361,145.684,-318.000,0.0000,0.0000,1.0000,-99.925,413.308,-33.043,Static,Carpet,shape,0000018F36551C00,-,1,1,0,-
407,12889.825,0.0000,impact,ragdoll,Proventus Avenicci,0001A67D,NPC L Hand [LHnd],16,38.797,38.797,394.403,438.982,22.243,4.0000,8.334,-398.021,161.514,-319.650,-0.0000,0.0000,1.0000,-201.994,387.813,-38.792,Static,Wood,shape,0000018E5BF03100,-,1,1,0,-
408,12915.231,0.0000,impact,ragdoll,Proventus Avenicci,0001A67D,NPC L Thigh [LThg],1,18.807,18.807,504.589,473.443,3.320,6.0000,20.487,-423.082,114.613,-319.650,0.0000,0.0000,1.0000,-159.166,445.309,-22.695,Static,Wood,shape,0000018F366EBA00,-,1,1,0,-
409,12915.896,0.0000,impact,ragdoll,Proventus Avenicci,0001A67D,NPC L Thigh [LThg],1,12.829,12.829,502.454,470.509,3.766,6.0000,20.487,-411.474,128.014,-319.651,0.0000,0.0000,1.0000,-161.614,441.747,-10.921,Static,Wood,shape,0000018E5BF03100,-,1,1,0,-
410,12915.909,0.0000,impact,ragdoll,Proventus Avenicci,0001A67D,NPC L Forearm [LLar],14,64.052,64.052,631.227,535.534,15.192,2.0000,11.658,-414.430,157.058,-318.000,0.0000,-0.0000,1.0000,-218.844,487.524,-34.981,Static,Carpet,shape,0000018F36551C00,-,0,1,0,-
411,12938.791,0.0000,impact,ragdoll,Proventus Avenicci,0001A67D,NPC L Foot [Lft ],7,8.936,8.936,524.711,479.155,5.916,3.0000,10.011,-456.509,105.303,-319.650,-0.0000,-0.0000,1.0000,-161.089,450.453,-27.063,Static,Wood,shape,0000018F366EBA00,-,1,1,0,-
412,12967.836,0.0000,impact,ragdoll,Proventus Avenicci,0001A67D,NPC L Thigh [LThg],1,13.123,13.123,471.845,449.909,3.697,6.0000,20.487,-429.366,131.539,-319.650,-0.0000,0.0000,1.0000,-160.555,419.555,-24.780,Static,Wood,shape,0000018E5BF03100,-,1,1,0,-
413,12967.840,0.0000,impact,ragdoll,Proventus Avenicci,0001A67D,NPC R Thigh [RThg],2,83.045,83.045,492.197,450.115,3.618,6.0000,20.487,-416.400,118.156,-318.000,-0.0000,0.0000,1.0000,-141.933,420.742,-73.722,Static,Carpet,shape,0000018F36644100,-,1,1,0,-
414,12967.842,0.0000,impact,ragdoll,Proventus Avenicci,0001A67D,NPC R Calf [RClf],4,16.716,16.716,555.825,502.235,4.785,6.0000,19.675,-440.914,100.765,-319.650,-0.0000,-0.0000,1.0000,-178.911,466.301,-52.862,Static,Wood,shape,0000018F366EBA00,-,1,1,0,-
415,12967.843,0.0000,impact,ragdoll,Proventus Avenicci,0001A67D,NPC L Calf [LClf],5,17.873,17.873,473.164,464.657,3.735,6.0000,19.675,-436.480,128.009,-319.652,0.0000,0.0000,1.0000,-167.460,433.294,-10.928,Static,Wood,shape,0000018E5BF03100,-,1,1,0,-
416,12968.431,0.0000,impact,ragdoll,Proventus Avenicci,0001A67D,NPC COM [COM ],0,48.813,48.813,473.908,443.248,3.392,50.0000,17.687,-408.114,147.720,-319.650,-0.0000,0.0000,1.0000,-143.913,415.744,-53.991,Static,Wood,shape,0000018E5BF03100,-,1,1,0,-
417,12968.434,0.0000,impact,ragdoll,Proventus Avenicci,0001A67D,NPC COM [COM ],0,48.813,48.813,469.832,443.248,3.392,50.0000,17.687,-408.114,147.720,-318.000,0.0000,0.0000,1.0000,-143.913,415.744,-53.991,Static,Carpet,shape,0000018F36551C00,-,1,1,0,-
418,12968.435,0.0000,impact,ragdoll,Proventus Avenicci,0001A67D,NPC L Thigh [LThg],1,26.927,26.927,459.805,440.323,3.159,6.0000,20.487,-417.868,144.492,-318.000,0.0000,-0.0152,0.9999,-159.298,410.231,-14.804,Static,Carpet,shape,0000018F36551C00,-,1,1,0,-
419,12993.064,0.0000,impact,ragdoll,Proventus Avenicci,0001A67D,NPC L Foot [Lft ],7,42.824,42.824,503.778,479.311,5.147,3.0000,10.011,-463.093,117.129,-319.650,0.0000,0.0000,1.0000,-159.483,451.125,-28.103,Static,Wood,shape,0000018F366EBA00,-,0,1,0,-
420,12993.623,0.0000,impact,ragdoll,Proventus Avenicci,0001A67D,NPC L Thigh [LThg],1,78.526,78.526,172.906,288.438,9.889,6.0000,20.487,-415.013,154.884,-319.650,-0.0000,0.0000,1.0000,-124.498,259.082,-23.932,Static,Wood,shape,0000018E5BF03100,-,0,1,0,-
421,12993.634,0.0000,impact,ragdoll,Proventus Avenicci,0001A67D,NPC L Thigh [LThg],1,78.526,78.526,177.193,288.438,9.889,6.0000,20.487,-415.013,154.884,-318.000,0.0000,-0.0000,1.0000,-124.498,259.082,-23.932,Static,Carpet,shape,0000018F36551C00,-,0,1,0,-
422,13015.128,0.0000,impact,ragdoll,Proventus Avenicci,0001A67D,NPC L Calf [LClf],5,68.186,68.186,322.512,418.063,9.418,6.0000,19.675,-446.135,144.429,-318.005,0.0000,-0.1417,0.9899,-175.165,379.427,-11.364,Static,Carpet,shape,0000018F36551C00,-,1,1,0,-
423,13034.782,0.0000,impact,ragdoll,Proventus Avenicci,0001A67D,NPC R Forearm [RLar],15,6.712,6.712,475.310,464.993,6.973,6.0000,11.658,-381.507,197.451,-319.650,-0.0000,0.0000,1.0000,-126.384,447.264,-14.160,Static,Wood,shape,0000018E5BF03100,-,1,1,0,-
424,13035.381,0.0000,impact,ragdoll,Proventus Avenicci,0001A67D,NPC L Calf [LClf],5,35.210,35.210,14.538,389.625,7.593,6.0000,19.675,-454.361,143.202,-307.685,-0.1717,0.9564,-0.2365,-112.022,372.835,15.887,-,Skin,shape,0000018F3CA8E500,4,1,0,0,-
425,13035.382,0.0000,impact,ragdoll,Proventus Avenicci,0001A67D,NPC R Calf [RClf],4,35.210,35.210,14.538,425.932,7.490,6.0000,19.675,-454.361,143.202,-307.685,-0.1717,0.9564,-0.2365,-129.201,395.816,89.748,-,Skin,shape,0000018F3CA8F100,5,1,0,0,-
426,13107.245,0.0000,impact,ragdoll,Proventus Avenicci,0001A67D,NPC Spine [Spn0],3,22.675,22.675,401.461,394.780,2.491,4.0000,17.297,-426.706,218.115,-319.650,0.0000,0.0000,1.0000,-114.762,376.933,-24.542,Static,Wood,shape,0000018E5BF03100,-,1,1,0,-
427,13120.838,0.0000,impact,ragdoll,Proventus Avenicci,0001A67D,NPC L Calf [LClf],5,48.102,48.102,360.320,381.009,8.347,6.0000,19.675,-486.478,200.531,-318.000,0.0000,0.0000,1.0000,-122.567,360.748,2.471,Static,Carpet,shape,0000018F36551C00,-,0,1,0,-
428,13133.552,0.0000,impact,ragdoll,Proventus Avenicci,0001A67D,NPC L UpperArm [LUar],10,14.690,14.690,428.226,389.991,3.149,2.0000,14.463,-447.435,256.475,-318.000,0.0000,-0.0000,1.0000,-131.155,367.224,-6.099,Static,Carpet,shape,0000018F36551C00,-,1,1,0,-
429,13134.155,0.0000,impact,ragdoll,Proventus Avenicci,0001A67D,NPC L Calf [LClf],5,9.146,9.146,378.270,366.186,4.515,6.0000,19.675,-488.483,206.943,-319.650,0.0000,-0.0000,1.0000,-110.205,349.072,9.771,Static,Wood,shape,0000018E5BF03100,-,1,1,0,-
430,13134.158,0.0000,impact,ragdoll,Proventus Avenicci,0001A67D,NPC Head [Head],13,7.447,7.447,24.621,376.009,1.423,4.0000,15.108,-436.957,274.164,-309.371,0.3087,0.5385,0.7841,-127.054,353.755,9.887,-,Skin,shape,0000018F3CA8C100,16,1,1,0,-
431,13134.158,0.0000,impact,ragdoll,Proventus Avenicci,0001A67D,NPC L Hand [LHnd],16,7.447,7.447,24.621,394.546,5.188,4.0000,8.334,-436.957,274.164,-309.371,0.3087,0.5385,0.7841,-118.698,376.268,0.031,-,Skin,shape,0000018F3CA8D300,13,1,1,0,-
432,13148.553,0.0000,impact,ragdoll,Proventus Avenicci,0001A67D,NPC Spine2 [Spn2],9,8.683,8.683,394.279,382.185,0.737,7.0000,23.052,-436.168,265.244,-318.000,-0.0000,0.0000,1.0000,-114.471,364.504,-9.921,Static,Carpet,shape,0000018F36551C00,-,1,1,0,-
433,13182.934,0.0000,impact,ragdoll,Proventus Avenicci,0001A67D,NPC R UpperArm [RUar],12,22.112,22.112,391.692,389.340,0.643,2.0000,14.463,-415.203,271.750,-318.000,0.0000,0.0000,1.0000,-116.424,370.900,-21.538,Static,Carpet,shape,0000018F36551C00,-,1,1,0,-
434,13218.469,0.0000,impact,ragdoll,Proventus Avenicci,0001A67D,NPC L Thigh [LThg],1,17.420,17.420,17.299,382.765,1.072,6.0000,20.487,-465.638,229.744,-297.742,-0.0617,0.6616,-0.7473,-115.599,364.891,0.644,-,Skin,shape,0000018F3CA8E500,4,1,1,0,-
435,13218.470,0.0000,impact,ragdoll,Proventus Avenicci,0001A67D,NPC R Calf [RClf],4,17.420,17.420,17.299,398.879,2.352,6.0000,19.675,-465.638,229.744,-297.742,-0.0617,0.6616,-0.7473,-105.400,384.644,-6.644,-,Skin,shape,0000018F3CA8F400,1,1,1,0,-
436,13218.480,0.0000,impact,ragdoll,Proventus Avenicci,0001A67D,NPC Head [Head],13,5.084,5.084,8.671,384.196,0.933,4.0000,15.108,-445.505,299.579,-309.433,0.3531,0.5303,0.7708,-112.389,367.151,-13.229,-,Skin,shape,0000018F3CA8C100,16,1,1,0,-
437,13218.480,0.0000,impact,ragdoll,Proventus Avenicci,0001A67D,NPC L Hand [LHnd],16,5.084,5.084,8.671,382.450,1.365,4.0000,8.334,-445.505,299.579,-309.433,0.3531,0.5303,0.7708,-120.436,362.992,0.373,-,Skin,shape,0000018F3CA8D300,13,1,1,0,-
438,13218.906,0.0000,impact,ragdoll,Proventus Avenicci,0001A67D,NPC L Calf [LClf],5,16.437,16.437,57.642,396.589,3.521,6.0000,19.675,-470.871,232.863,-297.326,-0.1037,0.5280,-0.8429,-113.163,379.782,-15.574,-,Skin,shape,0000018F3CA8E500,4,1,1,0,-
439,13218.906,0.0000,impact,ragdoll,Proventus Avenicci,0001A67D,NPC R Calf [RClf],4,16.437,16.437,57.642,398.328,2.377,6.0000,19.675,-470.871,232.863,-297.326,-0.1037,0.5280,-0.8429,-104.320,384.303,-9.661,-,Skin,shape,0000018F3CA8F100,5,1,1,0,-
440,13240.670,0.0000,impact,ragdoll,Proventus Avenicci,0001A67D,NPC R Forearm [RLar],15,7.063,7.063,402.696,389.140,1.892,6.0000,11.658,-409.038,293.176,-318.000,-0.0000,0.0000,1.0000,-119.768,370.010,-13.358,Static,Carpet,shape,0000018F36551C00,-,1,1,0,-
441,13315.201,0.0000,impact,ragdoll,Proventus Avenicci,0001A67D,NPC R Forearm [RLar],15,7.551,7.551,402.510,389.225,1.830,6.0000,11.658,-414.274,309.438,-319.650,-0.0000,-0.0000,1.0000,-116.940,370.972,-14.186,Static,Wood,shape,0000018E5BF03100,-,1,1,0,-
442,13385.718,0.0000,impact,ragdoll,Proventus Avenicci,0001A67D,NPC R Foot [Rft ],8,50.551,50.551,28.235,431.329,2.588,3.0000,10.011,-494.887,285.376,-304.160,-0.1844,-0.0527,0.9814,-92.239,418.890,-45.468,-,Skin,shape,0000018F3CA8F100,5,1,1,0,-
443,13385.719,0.0000,impact,ragdoll,Proventus Avenicci,0001A67D,NPC L Calf [LClf],5,50.551,50.551,28.235,381.077,0.727,6.0000,19.675,-494.887,285.376,-304.160,-0.1844,-0.0527,0.9814,-103.013,366.890,-0.327,-,Skin,shape,0000018F3CA8E200,8,1,1,0,-
444,13406.375,0.0000,impact,ragdoll,Proventus Avenicci,0001A67D,NPC R Forearm [RLar],15,6.339,6.339,397.314,388.211,1.356,6.0000,11.658,-425.047,343.563,-319.650,0.0000,-0.0000,1.0000,-111.210,371.759,-11.634,Static,Wood,shape,0000018E5BF03100,-,1,1,0,-
445,13442.967,0.0000,impact,ragdoll,Proventus Avenicci,0001A67D,NPC R UpperArm [RUar],12,12.975,12.975,386.718,388.776,0.452,2.0000,14.463,-439.790,352.679,-318.000,-0.0000,0.0000,1.0000,-98.245,375.905,-13.803,Static,Carpet,shape,0000018F36551C00,-,1,1,0,-
446,13503.702,0.0000,impact,ragdoll,Proventus Avenicci,0001A67D,NPC R Foot [Rft ],8,18.290,18.290,25.563,393.832,1.123,3.0000,10.011,-499.622,340.638,-303.690,-0.6809,0.0449,0.7310,-58.843,389.238,11.633,-,Skin,shape,0000018F3CA8F400,1,1,1,0,-
447,13503.703,0.0000,impact,ragdoll,Proventus Avenicci,0001A67D,NPC L Thigh [LThg],1,18.290,18.290,25.563,384.763,0.072,6.0000,20.487,-499.622,340.638,-303.690,-0.6809,0.0449,0.7310,-92.547,373.455,2.943,-,Skin,shape,0000018F3CA8E200,8,1,1,0,-
448,13532.338,0.0000,impact,ragdoll,Proventus Avenicci,0001A67D,NPC R Forearm [RLar],15,5.070,5.070,389.585,387.935,0.760,6.0000,11.658,-443.310,400.493,-318.000,0.0000,-0.0142,0.9999,-90.640,377.193,-1.861,Static,Carpet,shape,0000018F3647CD00,-,1,1,0,-
449,13715.246,0.0000,impact,ragdoll,Proventus Avenicci,0001A67D,NPC R Forearm [RLar],15,10.295,10.295,401.699,400.949,0.769,6.0000,11.658,-466.366,463.318,-318.000,0.0000,-0.0000,1.0000,-74.531,393.921,-5.553,Static,Carpet,shape,0000018F3647CD00,-,1,1,0,-
450,13993.255,0.0000,impact,ragdoll,Proventus Avenicci,0001A67D,NPC L Hand [LHnd],16,10.680,10.680,422.920,425.040,0.660,4.0000,8.334,-509.669,583.530,-318.000,0.0000,-0.0000,1.0000,-15.157,424.635,-10.683,Static,Carpet,shape,0000018F3647CD00,-,1,1,0,-
451,14055.895,0.0000,impact,ragdoll,Proventus Avenicci,0001A67D,NPC Head [Head],13,363.000,363.710,244.535,437.776,0.189,4.0000,15.108,-500.939,640.369,-304.790,0.0000,-0.8297,0.5582,-3.232,437.764,-0.633,Static,WoodStairs,shape,0000018EF4F19300,-,0,0,0,-
452,14073.163,0.0000,impact,ragdoll,Proventus Avenicci,0001A67D,NPC Head [Head],13,226.428,47.929,215.030,408.953,32.616,4.0000,15.108,-500.951,640.875,-304.608,-0.0000,-0.6964,0.7177,7.363,357.256,198.888,Static,WoodStairs,shape,0000018EF4F19300,-,0,0,0,-
453,14073.460,0.0000,impact,ragdoll,Proventus Avenicci,0001A67D,NPC Spine1 [Spn1],6,31.329,31.329,271.027,249.342,3.599,4.0000,18.878,-500.379,601.924,-318.000,-0.0000,-0.0000,1.0000,14.027,246.923,-31.684,Static,Carpet,shape,0000018F3647CD00,-,1,1,0,-
454,14073.462,0.0000,impact,ragdoll,Proventus Avenicci,0001A67D,NPC R UpperArm [RUar],12,20.717,20.717,423.512,326.891,7.950,2.0000,14.463,-480.909,614.386,-319.650,0.0000,-0.0000,1.0000,22.356,325.910,11.877,Static,Wood,shape,0000018E5BF03100,-,1,1,0,-
455,14094.035,0.0000,impact,ragdoll,Proventus Avenicci,0001A67D,NPC L Hand [LHnd],16,440.359,440.359,81.331,447.405,1.913,4.0000,8.334,-509.334,639.692,-314.662,-0.0000,-1.0000,-0.0000,74.433,440.305,-27.604,Static,WoodStairs,shape,0000018EF4F19300,-,1,1,0,-
456,14094.129,0.0000,impact,ragdoll,Proventus Avenicci,0001A67D,NPC R Hand [RHnd],17,458.721,458.917,58.122,463.003,16.565,4.0000,8.334,-466.684,639.692,-313.657,-0.0000,-1.0000,-0.0000,53.280,459.041,-28.531,Static,WoodStairs,shape,0000018EF4F19300,-,0,0,0,-
457,14112.829,0.0000,impact,ragdoll,Proventus Avenicci,0001A67D,NPC L UpperArm [LUar],10,69.675,69.675,240.186,422.227,24.203,2.0000,14.463,-515.192,639.786,-305.665,-0.0000,-0.7313,0.6821,-156.241,287.499,266.849,Static,WoodStairs,shape,0000018EF4F19300,-,1,0,0,-
458,14112.830,0.0000,impact,ragdoll,Proventus Avenicci,0001A67D,NPC L UpperArm [LUar],10,69.675,69.675,240.187,422.227,24.203,2.0000,14.463,-515.192,639.786,-305.665,-0.0000,-0.7313,0.6821,-156.241,287.499,266.849,Static,WoodStairs,shape,0000018EF4F19300,-,0,1,0,-
459,14112.976,0.0000,impact,ragdoll,Proventus Avenicci,0001A67D,NPC R Hand [RHnd],17,164.938,151.126,251.805,186.999,34.218,4.0000,8.334,-465.992,639.692,-313.741,-0.0000,-1.0000,-0.0000,147.050,111.717,-29.398,Static,WoodStairs,shape,0000018EF4F19300,-,0,0,0,-
460,14113.278,0.0000,impact,ragdoll,Proventus Avenicci,0001A67D,NPC L UpperArm [LUar],10,184.225,184.225,244.689,424.967,14.232,2.0000,14.463,-519.074,639.800,-308.873,-0.0000,-1.0000,0.0000,-25.577,278.175,320.252,Static,WoodStairs,shape,0000018EF4F19300,-,0,1,0,-
461,14113.279,0.0000,impact,ragdoll,Proventus Avenicci,0001A67D,NPC R UpperArm [RUar],12,152.745,152.745,393.839,419.225,19.866,2.0000,14.463,-482.138,639.765,-305.690,0.0000,-0.7913,0.6114,-103.090,355.937,196.038,Static,WoodStairs,shape,0000018EF4F19300,-,1,0,0,-
462,14113.279,0.0000,impact,ragdoll,Proventus Avenicci,0001A67D,NPC R UpperArm [RUar],12,152.745,152.745,393.839,419.225,19.866,2.0000,14.463,-482.138,639.765,-305.690,0.0000,-0.7913,0.6114,-103.090,355.937,196.038,Static,WoodStairs,shape,0000018EF4F19300,-,0,1,0,-
463,14113.281,0.0000,impact,ragdoll,Proventus Avenicci,0001A67D,NPC L Forearm [LLar],14,129.087,129.087,82.535,360.754,21.029,2.0000,11.658,-514.250,639.692,-312.856,0.0000,-1.0000,0.0000,-102.366,204.613,278.923,Static,WoodStairs,shape,0000018EF4F19300,-,1,1,0,-
464,14113.282,0.0000,impact,ragdoll,Proventus Avenicci,0001A67D,NPC R Forearm [RLar],15,196.064,196.064,180.912,318.829,23.493,6.0000,11.658,-470.445,639.692,-314.011,0.0000,-1.0000,-0.0000,-36.723,305.173,84.690,Static,WoodStairs,shape,0000018EF4F19300,-,1,1,0,-
465,14133.658,0.0000,impact,ragdoll,Proventus Avenicci,0001A67D,NPC Spine1 [Spn1],6,301.699,301.699,291.874,421.260,11.444,4.0000,18.878,-512.204,629.232,-309.968,0.7238,-0.5905,0.3569,-34.377,400.895,124.746,-,Skin,shape,0000018F3CA8C400,14,1,1,0,-
466,14133.659,0.0000,impact,ragdoll,Proventus Avenicci,0001A67D,NPC L Forearm [LLar],14,301.699,301.699,291.874,329.409,36.203,2.0000,11.658,-512.204,629.232,-309.968,0.7238,-0.5905,0.3569,-3.065,71.213,321.604,-,Skin,shape,0000018F3CA8DC00,6,1,1,0,-
467,14133.659,0.0000,impact,ragdoll,Proventus Avenicci,0001A67D,NPC Spine1 [Spn1],6,246.044,246.044,325.148,421.260,11.444,4.0000,18.878,-507.406,631.288,-311.788,0.4413,-0.7508,0.4915,-34.377,400.895,124.746,-,Skin,shape,0000018F3CA8C100,16,1,1,0,-
468,14133.659,0.0000,impact,ragdoll,Proventus Avenicci,0001A67D,NPC L Hand [LHnd],16,246.044,246.044,325.148,126.668,36.815,4.0000,8.334,-507.406,631.288,-311.788,0.4413,-0.7508,0.4915,-100.081,20.793,74.807,-,Skin,shape,0000018F3CA8DC00,6,1,1,0,-
469,14133.664,0.0000,impact,ragdoll,Proventus Avenicci,0001A67D,NPC Spine2 [Spn2],9,141.139,141.139,401.015,373.235,11.465,7.0000,23.052,-503.617,639.791,-305.660,-0.0000,-0.7175,0.6966,5.142,329.608,175.034,Static,WoodStairs,shape,0000018EF4F19300,-,1,0,0,-
470,14133.665,0.0000,impact,ragdoll,Proventus Avenicci,0001A67D,NPC Spine2 [Spn2],9,141.139,141.139,401.015,373.235,11.465,7.0000,23.052,-503.617,639.791,-305.660,-0.0000,-0.7175,0.6966,5.142,329.608,175.034,Static,WoodStairs,shape,0000018EF4F19300,-,0,1,0,-
471,14133.668,0.0000,impact,ragdoll,Proventus Avenicci,0001A67D,NPC R UpperArm [RUar],12,296.834,296.834,371.093,390.637,25.896,2.0000,14.463,-483.117,639.753,-309.932,-0.0000,-1.0000,0.0000,-6.248,251.516,298.827,Static,WoodStairs,shape,0000018EF4F19300,-,0,1,0,-
472,14133.670,0.0000,impact,ragdoll,Proventus Avenicci,0001A67D,NPC L Forearm [LLar],14,167.985,167.985,100.764,329.409,36.203,2.0000,11.658,-515.859,639.735,-306.072,-0.0000,-0.9945,0.1045,-3.065,71.213,321.604,Static,WoodStairs,shape,0000018EF4F19300,-,0,1,0,-
473,14134.123,0.0000,impact,ragdoll,Proventus Avenicci,0001A67D,NPC R Forearm [RLar],15,94.181,94.181,327.806,230.421,31.556,6.0000,11.658,-491.065,625.183,-303.886,0.8306,0.3734,-0.4131,-4.220,21.357,229.390,-,Skin,shape,0000018F3CA8DC00,6,1,1,0,-
474,14134.123,0.0000,impact,ragdoll,Proventus Avenicci,0001A67D,NPC Spine1 [Spn1],6,94.181,94.181,327.806,435.792,9.306,4.0000,18.878,-491.065,625.183,-303.886,0.8306,0.3734,-0.4131,20.312,292.838,322.099,-,Skin,shape,0000018F3CA8CD00,15,1,1,0,-
475,14150.602,0.0000,impact,ragdoll,Proventus Avenicci,0001A67D,NPC R UpperArm [RUar],12,31.102,31.102,103.076,236.727,21.387,2.0000,14.463,-482.335,639.826,-309.876,-0.0000,-1.0000,0.0000,51.976,198.044,118.814,Static,WoodStairs,shape,0000018EF4F19300,-,0,1,0,-
476,14150.604,0.0000,impact,ragdoll,Proventus Avenicci,0001A67D,NPC L Forearm [LLar],14,35.274,35.274,96.667,287.478,22.786,2.0000,11.658,-517.038,639.692,-308.674,0.0000,-1.0000,0.0000,21.083,120.766,260.028,Static,WoodStairs,shape,0000018EF4F19300,-,0,1,0,-
477,14150.606,0.0000,impact,ragdoll,Proventus Avenicci,0001A67D,NPC R Forearm [RLar],15,121.307,121.307,110.877,196.382,23.430,6.0000,11.658,-473.923,639.727,-306.057,-0.0000,-0.9945,0.1045,114.439,47.312,152.417,Static,WoodStairs,shape,0000018EF4F19300,-,0,1,0,-
478,14169.349,0.0000,impact,ragdoll,Proventus Avenicci,0001A67D,NPC Head [Head],13,274.437,274.437,187.178,348.758,7.207,4.0000,15.108,-498.042,671.628,-291.807,0.0000,-0.9422,0.3350,75.367,326.084,98.086,Static,WoodStairs,shape,0000018EF4F19300,-,1,0,0,-
479,14169.350,0.0000,impact,ragdoll,Proventus Avenicci,0001A67D,NPC Head [Head],13,274.437,274.437,187.178,348.758,7.207,4.0000,15.108,-498.042,671.628,-291.807,0.0000,-0.9422,0.3350,75.367,326.084,98.086,Static,WoodStairs,shape,0000018EF4F19300,-,0,1,0,-
480,14169.773,0.0000,impact,ragdoll,Proventus Avenicci,0001A67D,NPC L Thigh [LThg],1,133.707,133.707,511.343,387.305,18.325,6.0000,20.487,-519.953,602.702,-319.650,-0.0000,-0.0000,1.0000,91.800,374.093,-40.404,Static,Wood,shape,0000018E5BF03100,-,0,1,0,-
481,14169.773,0.0000,impact,ragdoll,Proventus Avenicci,0001A67D,NPC L Thigh [LThg],1,133.707,133.707,484.136,387.305,18.325,6.0000,20.487,-519.953,602.702,-318.000,-0.0000,0.0000,1.0000,91.800,374.093,-40.404,Static,Carpet,shape,0000018F3647CD00,-,0,1,0,-
482,14169.774,0.0000,impact,ragdoll,Proventus Avenicci,0001A67D,NPC Spine [Spn0],3,76.819,76.819,419.977,359.662,13.192,4.0000,17.297,-512.028,630.243,-308.669,0.8280,-0.3500,0.4381,51.488,328.806,136.355,-,Skin,shape,0000018F3CA8C100,16,1,1,0,-
483,14169.774,0.0000,impact,ragdoll,Proventus Avenicci,0001A67D,NPC L Hand [LHnd],16,76.819,76.819,419.977,238.093,35.542,4.0000,8.334,-512.028,630.243,-308.669,0.8280,-0.3500,0.4381,-76.968,-168.524,149.546,-,Skin,shape,0000018F3CA8DF00,3,1,1,0,-
484,14169.776,0.0000,impact,ragdoll,Proventus Avenicci,0001A67D,NPC L Calf [LClf],5,178.813,178.813,502.462,412.258,18.199,6.0000,19.675,-524.079,599.434,-319.650,0.0000,-0.0000,1.0000,149.944,376.692,-74.678,Static,Wood,shape,0000018E5BF03100,-,0,1,0,-
485,14169.776,0.0000,impact,ragdoll,Proventus Avenicci,0001A67D,NPC L Calf [LClf],5,178.815,178.815,475.081,412.258,18.199,6.0000,19.675,-524.079,599.434,-318.000,-0.0000,-0.0000,1.0000,149.944,376.692,-74.678,Static,Carpet,shape,0000018F3647CD00,-,1,1,0,-
486,14169.777,0.0000,impact,ragdoll,Proventus Avenicci,0001A67D,NPC L Foot [Lft ],7,8.465,8.465,558.861,460.931,16.868,3.0000,10.011,-558.114,603.275,-318.000,-0.0000,-0.0000,1.0000,158.144,432.606,17.317,Static,Carpet,shape,0000018F3647CD00,-,1,1,0,-
487,14169.780,0.0000,impact,ragdoll,Proventus Avenicci,0001A67D,NPC L Forearm [LLar],14,43.556,43.556,60.109,273.983,26.133,2.0000,11.658,-517.913,639.711,-305.791,-0.0000,-0.9468,0.3217,100.630,211.060,142.808,Static,WoodStairs,shape,0000018EF4F19300,-,0,1,0,-
488,14169.780,0.0000,impact,ragdoll,Proventus Avenicci,0001A67D,NPC R Forearm [RLar],15,39.440,39.440,257.093,251.302,18.722,6.0000,11.658,-487.353,626.590,-298.666,0.8325,0.5409,-0.1197,118.417,23.513,220.402,-,Skin,shape,0000018F3CA8DF00,3,1,1,0,-
489,14169.780,0.0000,impact,ragdoll,Proventus Avenicci,0001A67D,NPC Spine [Spn0],3,39.440,39.440,257.093,359.662,13.192,4.0000,17.297,-487.353,626.590,-298.666,0.8325,0.5409,-0.1197,51.488,328.806,136.355,-,Skin,shape,0000018F3CA8CD00,15,1,1,0,-
490,14188.335,0.0000,impact,ragdoll,Proventus Avenicci,0001A67D,NPC L Thigh [LThg],1,244.948,244.948,429.478,365.766,6.188,6.0000,20.487,-513.902,627.018,-309.255,0.6646,-0.7466,0.0303,82.953,352.572,50.952,-,Skin,shape,0000018F3CA8C100,16,1,1,0,-
491,14188.336,0.0000,impact,ragdoll,Proventus Avenicci,0001A67D,NPC L Hand [LHnd],16,244.948,244.948,429.478,210.132,25.689,4.0000,8.334,-513.902,627.018,-309.255,0.6646,-0.7466,0.0303,-110.184,-103.117,146.225,-,Skin,shape,0000018F3CA8F400,1,1,1,0,-
492,14188.338,0.0000,impact,ragdoll,Proventus Avenicci,0001A67D,NPC R Thigh [RThg],2,140.820,140.820,146.979,371.891,11.094,6.0000,20.487,-513.212,602.549,-307.213,0.5621,-0.6919,0.4531,47.522,367.906,-26.267,-,Skin,shape,0000018F3CA8F400,1,0,1,0,-
493,14188.339,0.0000,impact,ragdoll,Proventus Avenicci,0001A67D,NPC L Thigh [LThg],1,140.820,140.820,146.979,365.766,6.188,6.0000,20.487,-513.212,602.549,-307.213,0.5621,-0.6919,0.4531,82.953,352.572,50.952,-,Skin,shape,0000018F3CA8E800,2,0,1,0,-
494,14188.794,0.0000,impact,ragdoll,Proventus Avenicci,0001A67D,NPC L Hand [LHnd],16,115.721,115.721,209.091,336.226,21.401,4.0000,8.334,-519.510,639.692,-308.200,-0.0000,-1.0000,0.0000,-285.170,116.068,135.107,Static,WoodStairs,shape,0000018EF4F19300,-,1,1,0,-
495,14214.653,0.0000,impact,ragdoll,Proventus Avenicci,0001A67D,NPC Spine [Spn0],3,86.964,86.964,367.871,323.352,6.156,4.0000,17.297,-496.777,639.868,-305.600,-0.0000,-0.4975,0.8675,98.904,300.941,64.873,Static,WoodStairs,shape,0000018EF4F19300,-,1,0,0,-
496,14214.653,0.0000,impact,ragdoll,Proventus Avenicci,0001A67D,NPC Spine [Spn0],3,86.964,86.964,367.871,323.352,6.156,4.0000,17.297,-496.777,639.868,-305.600,-0.0000,-0.4975,0.8675,98.904,300.941,64.873,Static,WoodStairs,shape,0000018EF4F19300,-,0,1,0,-
497,14214.660,0.0000,impact,ragdoll,Proventus Avenicci,0001A67D,NPC L Hand [LHnd],16,81.820,81.820,120.179,333.697,32.305,4.0000,8.334,-522.227,639.707,-305.802,-0.0000,-0.9566,0.2915,-37.935,172.698,283.002,Static,WoodStairs,shape,0000018EF4F19300,-,1,1,0,-
498,14237.105,0.0000,impact,ragdoll,Proventus Avenicci,0001A67D,NPC COM [COM ],0,349.089,349.089,125.573,343.513,5.547,50.0000,17.687,-494.940,639.781,-309.566,-0.0000,-1.0000,0.0000,109.233,320.405,58.395,Static,WoodStairs,shape,0000018EF4F19300,-,1,0,0,-
499,14237.106,0.0000,impact,ragdoll,Proventus Avenicci,0001A67D,NPC COM [COM ],0,285.520,285.520,214.950,343.513,5.547,50.0000,17.687,-494.777,639.709,-305.796,-0.0000,-0.9517,0.3071,109.233,320.405,58.395,Static,WoodStairs,shape,0000018EF4F19300,-,0,0,0,-
500,14237.107,0.0000,impact,ragdoll,Proventus Avenicci,0001A67D,NPC COM [COM ],0,285.520,285.520,214.950,343.513,5.547,50.0000,17.687,-494.777,639.709,-305.796,-0.0000,-0.9517,0.3071,109.233,320.405,58.395,Static,WoodStairs,shape,0000018EF4F19300,-,0,1,0,-
501,14237.112,0.0000,impact,ragdoll,Proventus Avenicci,0001A67D,NPC L Thigh [LThg],1,353.778,353.778,143.294,358.450,7.405,6.0000,20.487,-499.472,639.724,-309.527,-0.0000,-1.0000,0.0000,124.192,336.083,10.547,Static,WoodStairs,shape,0000018EF4F19300,-,1,0,0,-
502,14237.113,0.0000,impact,ragdoll,Proventus Avenicci,0001A67D,NPC L Thigh [LThg],1,334.235,334.235,142.311,358.450,7.405,6.0000,20.487,-499.392,639.692,-306.690,-0.0000,-1.0000,-0.0000,124.192,336.083,10.547,Static,WoodStairs,shape,0000018EF4F19300,-,0,0,0,-
503,14237.113,0.0000,impact,ragdoll,Proventus Avenicci,0001A67D,NPC L Thigh [LThg],1,315.545,315.545,169.993,358.450,7.405,6.0000,20.487,-499.392,639.695,-305.946,-0.0000,-0.9945,0.1045,124.192,336.083,10.547,Static,WoodStairs,shape,0000018EF4F19300,-,0,1,0,-
504,14259.385,0.0000,impact,ragdoll,Proventus Avenicci,0001A67D,NPC L Thigh [LThg],1,55.290,55.290,38.112,86.135,3.220,6.0000,20.487,-498.946,639.692,-305.897,-0.0000,-0.9998,0.0190,5.398,61.967,59.583,Static,WoodStairs,shape,0000018EF4F19300,-,0,1,0,-
505,14259.390,0.0000,impact,ragdoll,Proventus Avenicci,0001A67D,NPC R Calf [RClf],4,111.916,111.916,404.018,277.221,6.241,6.0000,19.675,-518.359,633.551,-289.983,0.4453,-0.7554,0.4807,187.923,173.647,106.692,-,Skin,shape,0000018F3CA8C100,16,1,1,0,-
506,14259.390,0.0000,impact,ragdoll,Proventus Avenicci,0001A67D,NPC L Hand [LHnd],16,111.916,111.916,404.018,444.067,21.614,4.0000,8.334,-518.359,633.551,-289.983,0.4453,-0.7554,0.4807,82.172,176.397,399.158,-,Skin,shape,0000018F3CA8E500,4,1,1,0,-
507,14259.392,0.0000,impact,ragdoll,Proventus Avenicci,0001A67D,NPC L Calf [LClf],5,308.365,308.365,302.830,233.337,12.517,6.0000,19.675,-536.923,639.692,-307.700,-0.0000,-1.0000,0.0000,98.456,201.945,63.016,Static,WoodStairs,shape,0000018EF4F19300,-,1,1,0,-
508,14259.397,0.0000,impact,ragdoll,Proventus Avenicci,0001A67D,NPC R Forearm [RLar],15,149.163,149.163,179.626,313.053,4.817,6.0000,11.658,-479.291,644.834,-284.925,0.9890,0.0868,-0.1199,41.633,186.891,247.671,-,Skin,shape,0000018F3CA8DC00,6,1,1,0,-
509,14259.397,0.0000,impact,ragdoll,Proventus Avenicci,0001A67D,NPC Spine1 [Spn1],6,149.163,149.163,179.626,254.295,4.131,4.0000,18.878,-479.291,644.834,-284.925,0.9890,0.0868,-0.1199,172.694,161.820,93.043,-,Skin,shape,0000018F3CA8CD00,15,1,1,0,-
510,14259.940,0.0000,impact,ragdoll,Proventus Avenicci,0001A67D,NPC L Foot [Lft ],7,66.421,66.421,310.049,136.112,48.983,3.0000,10.011,-541.769,639.693,-308.468,-0.0000,-1.0000,0.0000,16.672,126.439,47.558,Static,WoodStairs,shape,0000018EF4F19300,-,1,0,0,-
511,14259.941,0.0000,impact,ragdoll,Proventus Avenicci,0001A67D,NPC R Foot [Rft ],8,56.382,56.382,402.416,287.665,13.798,3.0000,10.011,-517.936,635.573,-286.097,0.4180,-0.6991,0.5801,209.315,161.806,112.948,-,Skin,shape,0000018F3CA8C100,16,1,1,0,-
512,14259.941,0.0000,impact,ragdoll,Proventus Avenicci,0001A67D,NPC L Hand [LHnd],16,56.382,56.382,402.416,386.178,11.901,4.0000,8.334,-517.936,635.573,-286.097,0.4180,-0.6991,0.5801,52.042,174.459,340.571,-,Skin,shape,0000018F3CA8E200,8,1,1,0,-
513,14301.576,0.0000,impact,ragdoll,Proventus Avenicci,0001A67D,NPC L Thigh [LThg],1,37.356,37.356,141.270,197.817,5.512,6.0000,20.487,-494.242,639.883,-309.507,-0.0000,-1.0000,0.0000,130.313,54.155,138.628,Static,WoodStairs,shape,0000018EF4F19300,-,0,1,0,-
514,14420.271,0.0000,impact,ragdoll,Proventus Avenicci,0001A67D,NPC Head [Head],13,98.346,98.346,238.163,260.677,6.430,4.0000,15.108,-459.803,703.826,-277.561,-0.0000,-0.1365,0.9906,224.261,103.164,-83.768,Static,WoodStairs,shape,0000018EF4F19300,-,1,0,0,-
515,14420.272,0.0000,impact,ragdoll,Proventus Avenicci,0001A67D,NPC Head [Head],13,98.346,98.346,238.163,260.677,6.430,4.0000,15.108,-459.803,703.826,-277.561,-0.0000,-0.1365,0.9906,224.261,103.164,-83.768,Static,WoodStairs,shape,0000018EF4F19300,-,0,1,0,-
516,14477.890,0.0000,impact,ragdoll,Proventus Avenicci,0001A67D,NPC L Hand [LHnd],16,139.483,139.483,280.912,270.157,11.639,4.0000,8.334,-490.020,675.747,-291.567,0.0001,-0.0022,1.0000,172.687,154.121,-139.322,Static,WoodStairs,shape,0000018EF4F19300,-,1,1,0,-
517,14494.907,0.0000,impact,ragdoll,Proventus Avenicci,0001A67D,NPC L UpperArm [LUar],10,98.763,98.763,273.983,251.474,6.359,2.0000,14.463,-463.835,703.683,-282.380,-0.0000,-1.0000,0.0000,210.432,134.044,-31.455,Static,WoodStairs,shape,0000018EF4F19300,-,1,1,0,-
518,14511.803,0.0000,impact,ragdoll,Proventus Avenicci,0001A67D,NPC L UpperArm [LUar],10,62.376,62.376,169.262,178.347,3.861,2.0000,14.463,-459.432,703.635,-277.652,-0.0000,-0.6833,0.7302,153.363,90.747,-7.243,Static,WoodStairs,shape,0000018EF4F19300,-,0,0,0,-
519,14511.804,0.0000,impact,ragdoll,Proventus Avenicci,0001A67D,NPC L UpperArm [LUar],10,62.376,62.376,169.262,178.347,3.861,2.0000,14.463,-459.432,703.635,-277.652,-0.0000,-0.6833,0.7302,153.363,90.747,-7.243,Static,WoodStairs,shape,0000018EF4F19300,-,0,1,0,-
520,14529.576,0.0000,impact,ragdoll,Proventus Avenicci,0001A67D,NPC L Hand [LHnd],16,18.356,18.356,272.394,203.942,14.112,4.0000,8.334,-482.050,681.687,-291.556,0.0001,-0.0022,1.0000,170.821,110.562,-13.737,Static,WoodStairs,shape,0000018EF4F19300,-,1,0,0,-
521,14529.577,0.0000,impact,ragdoll,Proventus Avenicci,0001A67D,NPC L Hand [LHnd],16,13.778,13.778,273.497,203.942,14.112,4.0000,8.334,-482.074,682.053,-291.556,0.0000,0.0000,1.0000,170.821,110.562,-13.737,Static,WoodStairs,shape,0000018EF4F19300,-,0,1,0,-
522,14544.700,0.0000,impact,ragdoll,Proventus Avenicci,0001A67D,NPC L UpperArm [LUar],10,88.238,88.238,162.180,183.220,0.834,2.0000,14.463,-463.556,703.670,-282.396,-0.0000,-1.0000,0.0000,155.125,81.351,53.738,Static,WoodStairs,shape,0000018EF4F19300,-,0,1,0,-
523,14561.415,0.0000,impact,ragdoll,Proventus Avenicci,0001A67D,NPC R Hand [RHnd],17,201.413,201.413,143.235,255.720,5.076,4.0000,8.334,-393.464,671.681,-291.725,0.0001,-0.7917,0.6109,152.217,184.188,-91.090,Static,WoodStairs,shape,0000018EF4F19300,-,1,0,0,-
524,14561.416,0.0000,impact,ragdoll,Proventus Avenicci,0001A67D,NPC R Hand [RHnd],17,201.413,201.413,143.235,255.720,5.076,4.0000,8.334,-393.464,671.681,-291.725,0.0001,-0.7917,0.6109,152.217,184.188,-91.090,Static,WoodStairs,shape,0000018EF4F19300,-,0,1,0,-
525,14576.000,0.0000,impact,ragdoll,Proventus Avenicci,0001A67D,NPC Spine2 [Spn2],9,33.443,33.443,99.629,152.791,3.502,7.0000,23.052,-439.567,703.569,-277.735,0.0000,-0.8712,0.4909,142.196,54.639,11.821,Static,WoodStairs,shape,0000018EF4F19300,-,1,0,0,-
526,14576.001,0.0000,impact,ragdoll,Proventus Avenicci,0001A67D,NPC Spine2 [Spn2],9,33.443,33.443,99.629,152.791,3.502,7.0000,23.052,-439.567,703.569,-277.735,0.0000,-0.8712,0.4909,142.196,54.639,11.821,Static,WoodStairs,shape,0000018EF4F19300,-,0,1,0,-
527,14671.860,0.0000,impact,ragdoll,Proventus Avenicci,0001A67D,NPC R UpperArm [RUar],12,60.169,60.169,43.037,80.675,1.466,2.0000,14.463,-406.082,703.590,-277.703,-0.0000,-0.8111,0.5849,51.851,52.645,-32.379,Static,WoodStairs,shape,0000018EF4F19300,-,1,0,0,-
528,14671.861,0.0000,impact,ragdoll,Proventus Avenicci,0001A67D,NPC R UpperArm [RUar],12,60.169,60.169,43.037,80.675,1.466,2.0000,14.463,-406.082,703.590,-277.703,-0.0000,-0.8111,0.5849,51.851,52.645,-32.379,Static,WoodStairs,shape,0000018EF4F19300,-,0,1,0,-
529,14692.946,0.0000,impact,ragdoll,Proventus Avenicci,0001A67D,NPC L Forearm [LLar],14,18.172,18.172,108.315,135.918,6.776,2.0000,11.658,-441.402,692.856,-270.817,-0.9857,-0.1276,-0.1103,117.657,-62.531,26.844,-,Skin,shape,0000018F3CA8D900,9,1,1,0,-
530,14692.947,0.0000,impact,ragdoll,Proventus Avenicci,0001A67D,NPC Spine2 [Spn2],9,18.172,18.172,108.315,64.022,1.303,7.0000,23.052,-441.402,692.856,-270.817,-0.9857,-0.1276,-0.1103,60.126,-21.925,-1.705,-,Skin,shape,0000018F3CA8C400,14,1,1,0,-
531,14765.409,0.0000,impact,ragdoll,Proventus Avenicci,0001A67D,NPC L Hand [LHnd],16,103.742,103.742,33.129,172.584,5.546,4.0000,8.334,-432.035,678.622,-279.340,-0.7685,-0.0405,-0.6385,170.128,-29.011,-0.240,-,Skin,shape,0000018F3CA8DC00,6,1,1,0,-
532,14765.410,0.0000,impact,ragdoll,Proventus Avenicci,0001A67D,NPC Spine1 [Spn1],6,103.742,103.742,33.129,90.551,1.669,4.0000,18.878,-432.035,678.622,-279.340,-0.7685,-0.0405,-0.6385,70.638,-38.124,-41.909,-,Skin,shape,0000018F3CA8C100,16,1,1,0,-
533,14876.246,0.0000,impact,ragdoll,Proventus Avenicci,0001A67D,NPC L Hand [LHnd],16,35.274,35.274,73.157,128.969,3.560,4.0000,8.334,-426.023,679.958,-280.343,-0.5325,-0.6350,-0.5597,106.535,-72.687,-0.057,-,Skin,shape,0000018F3CA8D900,9,1,1,0,-
534,14876.246,0.0000,impact,ragdoll,Proventus Avenicci,0001A67D,NPC Spine2 [Spn2],9,35.274,35.274,73.157,94.336,2.777,7.0000,23.052,-426.023,679.958,-280.343,-0.5325,-0.6350,-0.5597,64.645,-57.555,-37.521,-,Skin,shape,0000018F3CA8C100,16,1,1,0,-
535,14911.387,0.0000,impact,ragdoll,Proventus Avenicci,0001A67D,NPC Spine1 [Spn1],6,73.095,73.095,70.575,127.099,3.528,4.0000,18.878,-412.179,673.418,-291.583,0.0001,-0.0022,1.0000,89.687,-46.918,-76.870,Static,WoodStairs,shape,0000018EF4F19300,-,1,1,0,-
536,14927.738,0.0000,impact,ragdoll,Proventus Avenicci,0001A67D,NPC L Thigh [LThg],1,168.714,168.714,93.027,178.104,3.164,6.0000,20.487,-383.852,640.011,-305.555,-0.0000,-0.1045,0.9945,105.936,14.659,-142.421,Static,WoodStairs,shape,0000018EF4F19300,-,1,0,0,-
537,14927.739,0.0000,impact,ragdoll,Proventus Avenicci,0001A67D,NPC L Thigh [LThg],1,168.363,168.363,93.661,178.104,3.164,6.0000,20.487,-383.852,640.011,-305.555,0.0000,-0.0885,0.9961,105.936,14.659,-142.421,Static,WoodStairs,shape,0000018EF4F19300,-,0,1,0,-
538,14928.374,0.0000,impact,ragdoll,Proventus Avenicci,0001A67D,NPC Spine [Spn0],3,49.778,49.778,114.907,155.376,3.718,4.0000,17.297,-402.167,671.694,-291.708,0.0001,-0.7546,0.6562,113.080,-24.410,-103.724,Static,WoodStairs,shape,0000018EF4F19300,-,1,0,0,-
539,14928.376,0.0000,impact,ragdoll,Proventus Avenicci,0001A67D,NPC Spine [Spn0],3,49.778,49.778,114.907,155.376,3.718,4.0000,17.297,-402.167,671.694,-291.708,0.0001,-0.7546,0.6562,113.080,-24.410,-103.724,Static,WoodStairs,shape,0000018EF4F19300,-,0,1,0,-
540,14928.380,0.0000,impact,ragdoll,Proventus Avenicci,0001A67D,NPC Spine1 [Spn1],6,81.421,81.421,108.850,151.145,3.374,4.0000,18.878,-409.342,671.950,-291.587,0.0001,-0.0240,0.9997,111.230,-53.566,-87.196,Static,WoodStairs,shape,0000018EF4F19300,-,1,1,0,-
541,14943.007,0.0000,impact,ragdoll,Proventus Avenicci,0001A67D,NPC L Hand [LHnd],16,20.865,20.865,61.133,165.286,5.525,4.0000,8.334,-412.184,663.151,-288.395,-0.9678,0.1754,-0.1807,106.727,-95.815,-82.148,-,Skin,shape,0000018F3CA8DF00,3,1,1,0,-
542,14943.007,0.0000,impact,ragdoll,Proventus Avenicci,0001A67D,NPC Spine [Spn0],3,20.865,20.865,61.133,104.064,6.878,4.0000,17.297,-412.184,663.151,-288.395,-0.9678,0.1754,-0.1807,90.115,-34.283,-39.155,-,Skin,shape,0000018F3CA8C100,16,1,1,0,-
543,14957.566,0.0000,impact,ragdoll,Proventus Avenicci,0001A67D,NPC L Foot [Lft ],7,30.617,30.617,409.223,356.052,18.725,3.0000,10.011,-372.211,603.054,-318.000,0.0000,0.0000,1.0000,353.912,-23.595,-31.026,Static,Carpet,shape,0000018F3647CD00,-,1,1,0,-
544,14958.102,0.0000,impact,ragdoll,Proventus Avenicci,0001A67D,NPC L Forearm [LLar],14,52.633,52.633,167.821,156.056,5.343,2.0000,11.658,-421.591,672.210,-276.894,-0.7903,-0.5940,-0.1501,125.449,-79.885,-47.272,-,Skin,shape,0000018F3CA8D900,9,1,1,0,-
545,14958.102,0.0000,impact,ragdoll,Proventus Avenicci,0001A67D,NPC Spine2 [Spn2],9,52.633,52.633,167.821,94.523,5.685,7.0000,23.052,-421.591,672.210,-276.894,-0.7903,-0.5940,-0.1501,66.739,-62.619,23.651,-,Skin,shape,0000018F3CA8C400,14,1,1,0,-
546,14972.097,0.0000,impact,ragdoll,Proventus Avenicci,0001A67D,NPC COM [COM ],0,70.255,70.255,66.256,107.242,5.090,50.0000,17.687,-394.726,656.320,-305.554,0.0000,-0.0000,1.0000,74.577,15.687,-75.452,Static,WoodStairs,shape,0000018EF4F19300,-,1,1,0,-
547,15000.964,0.0000,impact,ragdoll,Proventus Avenicci,0001A67D,NPC L Hand [LHnd],16,46.450,46.450,128.305,101.007,21.884,4.0000,8.334,-418.768,658.113,-305.554,0.0000,0.0000,1.0000,46.760,-76.664,-46.246,Static,WoodStairs,shape,0000018EF4F19300,-,1,1,0,-
548,15014.475,0.0000,impact,ragdoll,Proventus Avenicci,0001A67D,NPC Spine1 [Spn1],6,45.311,45.311,53.780,96.117,3.283,4.0000,18.878,-416.752,662.827,-282.539,0.9646,0.2637,0.0031,88.941,-32.439,-16.606,-,Skin,shape,0000018F3CA8C400,14,1,1,0,-
549,15014.475,0.0000,impact,ragdoll,Proventus Avenicci,0001A67D,NPC L Forearm [LLar],14,45.311,45.311,53.780,148.546,5.804,2.0000,11.658,-416.752,662.827,-282.539,0.9646,0.2637,0.0031,136.632,-56.709,-13.475,-,Skin,shape,0000018F3CA8DC00,6,1,1,0,-
550,15014.977,0.0000,impact,ragdoll,Proventus Avenicci,0001A67D,NPC R Thigh [RThg],2,177.528,177.528,154.604,152.508,5.004,6.0000,20.487,-375.023,639.490,-295.758,0.5215,0.7921,0.3171,57.014,-15.607,-140.587,-,Skin,shape,0000018F3CA8F400,1,0,1,0,-
551,15014.977,0.0000,impact,ragdoll,Proventus Avenicci,0001A67D,NPC L Thigh [LThg],1,177.528,177.528,154.604,133.131,6.897,6.0000,20.487,-375.023,639.490,-295.758,0.5215,0.7921,0.3171,131.479,12.954,16.409,-,Skin,shape,0000018F3CA8E800,2,0,1,0,-
552,15049.159,0.0000,impact,ragdoll,Proventus Avenicci,0001A67D,NPC Spine1 [Spn1],6,13.616,13.616,75.156,94.519,2.668,4.0000,18.878,-397.624,671.764,-291.647,0.0001,-0.5538,0.8327,77.481,-32.471,-43.314,Static,WoodStairs,shape,0000018EF4F19300,-,0,0,0,-
553,15049.160,0.0000,impact,ragdoll,Proventus Avenicci,0001A67D,NPC Spine1 [Spn1],6,13.616,13.616,75.156,94.519,2.668,4.0000,18.878,-397.624,671.764,-291.647,0.0001,-0.5538,0.8327,77.481,-32.471,-43.314,Static,WoodStairs,shape,0000018EF4F19300,-,0,1,0,-
554,15049.167,0.0000,impact,ragdoll,Proventus Avenicci,0001A67D,NPC R Hand [RHnd],17,82.610,82.610,29.307,83.170,4.741,4.0000,8.334,-359.695,703.524,-286.792,-0.0000,-1.0000,-0.0000,8.552,82.730,0.071,Static,WoodStairs,shape,0000018EF4F19300,-,0,1,0,-
555,15049.591,0.0000,impact,ragdoll,Proventus Avenicci,0001A67D,NPC R Forearm [RLar],15,10.915,10.915,10.545,12.730,0.721,6.0000,11.658,-374.661,703.527,-277.955,-0.0000,-0.9945,0.1045,6.956,8.281,6.715,Static,WoodStairs,shape,0000018EF4F19300,-,0,1,0,-
556,15066.692,0.0000,impact,ragdoll,Proventus Avenicci,0001A67D,NPC COM [COM ],0,10.502,10.502,52.714,74.925,6.799,50.0000,17.687,-387.823,656.213,-305.556,0.0000,0.0000,1.0000,68.901,-20.175,-21.431,Static,WoodStairs,shape,0000018EF4F19300,-,0,1,0,-
557,15066.698,0.0000,impact,ragdoll,Proventus Avenicci,0001A67D,NPC R Calf [RClf],4,132.645,132.645,83.757,269.567,11.583,6.0000,19.675,-354.445,644.149,-305.554,0.0000,0.0000,1.0000,193.527,-66.562,-175.452,Static,WoodStairs,shape,0000018EF4F19300,-,1,1,0,-
558,15106.527,0.0000,impact,ragdoll,Proventus Avenicci,0001A67D,NPC L Calf [LClf],5,126.642,126.642,105.924,123.344,4.616,6.0000,19.675,-361.192,639.732,-298.060,-0.5509,-0.8195,-0.1580,110.638,34.544,-42.185,-,Skin,shape,0000018F3CA8E800,2,1,1,0,-
559,15106.528,0.0000,impact,ragdoll,Proventus Avenicci,0001A67D,NPC R Thigh [RThg],2,126.642,126.642,105.924,72.842,4.330,6.0000,20.487,-361.192,639.732,-298.060,-0.5509,-0.8195,-0.1580,44.647,-55.599,-14.879,-,Skin,shape,0000018F3CA8F100,5,1,1,0,-
560,15178.612,0.0000,impact,ragdoll,Proventus Avenicci,0001A67D,NPC R Calf [RClf],4,13.790,13.790,139.359,193.296,14.400,6.0000,19.675,-360.590,635.758,-299.667,0.9179,0.3936,0.0514,111.709,6.528,-157.613,-,Skin,shape,0000018F3CA8F400,1,1,1,0,-
561,15178.613,0.0000,impact,ragdoll,Proventus Avenicci,0001A67D,NPC L Thigh [LThg],1,13.790,13.790,139.359,74.200,1.512,6.0000,20.487,-360.590,635.758,-299.667,0.9179,0.3936,0.0514,71.036,-21.295,-2.472,-,Skin,shape,0000018F3CA8E500,4,1,1,0,-
562,15221.913,0.0000,state,unknown,Proventus Avenicci,0001A67D,-,-,0.000,0.000,0.000,0.000,0.000,0.0000,0.000,0.000,0.000,0.000,0.0000,0.0000,0.0000,0.000,0.000,0.000,-,-,-,0000000000000000,-,0,0,0,knock_get_up
563,16311.824,0.0000,state,unknown,Proventus Avenicci,0001A67D,-,-,0.000,0.000,0.000,0.000,0.000,0.0000,0.000,0.000,0.000,0.000,0.0000,0.0000,0.0000,0.000,0.000,0.000,-,-,-,0000000000000000,-,0,0,0,ragdoll_start
564,16333.836,0.0000,impact,ragdoll,Proventus Avenicci,0001A67D,NPC L Hand [LHnd],16,11.914,11.914,127.614,18.539,47.799,4.0000,8.334,-452.865,658.682,-305.554,0.0000,0.0000,1.0000,10.074,-10.584,-11.410,Static,WoodStairs,shape,0000018EF4F19300,-,0,1,0,-
565,16350.635,0.0000,impact,ragdoll,Proventus Avenicci,0001A67D,NPC R Forearm [RLar],15,9.980,9.980,200.116,38.431,29.266,6.0000,11.658,-387.590,671.954,-291.590,0.0001,-0.0109,0.9999,30.099,-21.568,10.286,Static,WoodStairs,shape,0000018EF4F19300,-,0,1,0,-
566,16351.106,0.0000,impact,ragdoll,Proventus Avenicci,0001A67D,NPC R Foot [Rft ],8,49.469,49.469,48.467,88.548,6.975,3.0000,10.011,-363.035,639.791,-305.660,0.0000,-0.7166,0.6975,82.501,27.281,-17.029,Static,WoodStairs,shape,0000018EF4F19300,-,1,0,0,-
567,16351.106,0.0000,impact,ragdoll,Proventus Avenicci,0001A67D,NPC R Foot [Rft ],8,49.469,49.469,48.467,88.548,6.975,3.0000,10.011,-363.035,639.791,-305.660,0.0000,-0.7166,0.6975,82.501,27.281,-17.029,Static,WoodStairs,shape,0000018EF4F19300,-,0,1,0,-
568,16385.853,0.0000,impact,ragdoll,Proventus Avenicci,0001A67D,NPC L Calf [LClf],5,73.138,73.138,80.869,73.767,4.336,6.0000,19.675,-370.399,606.109,-318.008,0.0000,0.1792,0.9838,38.472,-10.098,-62.125,Static,Carpet,shape,0000018F3647CD00,-,1,1,0,-
569,16385.858,0.0000,impact,ragdoll,Proventus Avenicci,0001A67D,NPC Head [Head],13,189.840,189.840,137.102,138.670,2.885,4.0000,15.108,-403.475,679.490,-285.231,-0.8384,-0.4410,0.3203,37.329,-77.275,-108.925,-,Skin,shape,0000018F3CA8CA00,17,1,1,0,-
570,16385.858,0.0000,impact,ragdoll,Proventus Avenicci,0001A67D,NPC R Hand [RHnd],17,189.840,189.840,137.102,201.106,14.176,4.0000,8.334,-403.475,679.490,-285.231,-0.8384,-0.4410,0.3203,-94.625,-177.453,-0.515,-,Skin,shape,0000018F3CA8D300,13,1,1,0,-
571,16422.800,0.0000,impact,ragdoll,Proventus Avenicci,0001A67D,NPC Head [Head],13,55.764,55.764,156.665,149.922,2.221,4.0000,15.108,-417.422,671.854,-291.602,0.0001,-0.2965,0.9550,-35.040,-111.888,-93.434,Static,WoodStairs,shape,0000018EF4F19300,-,1,0,0,-
572,16422.801,0.0000,impact,ragdoll,Proventus Avenicci,0001A67D,NPC Head [Head],13,55.764,55.764,156.665,149.922,2.221,4.0000,15.108,-417.422,671.854,-291.602,0.0001,-0.2965,0.9550,-35.040,-111.888,-93.434,Static,WoodStairs,shape,0000018EF4F19300,-,0,1,0,-
573,16423.345,0.0000,impact,ragdoll,Proventus Avenicci,0001A67D,NPC L Calf [LClf],5,80.262,80.262,120.712,100.507,3.132,6.0000,19.675,-369.523,615.126,-319.650,0.0000,0.0000,1.0000,88.851,-2.241,-46.928,Static,Wood,shape,0000018E5BF03100,-,1,1,0,-
574,16445.371,0.0000,impact,ragdoll,Proventus Avenicci,0001A67D,NPC R Thigh [RThg],2,64.049,64.049,168.020,116.930,6.516,6.0000,20.487,-381.813,640.156,-305.573,-0.0000,-0.1045,0.9945,77.977,-73.967,-46.054,Static,WoodStairs,shape,0000018EF4F19300,-,0,1,0,-
575,16445.383,0.0000,impact,ragdoll,Proventus Avenicci,0001A67D,NPC R Forearm [RLar],15,41.051,41.051,94.714,134.402,31.819,6.0000,11.658,-394.826,672.104,-291.621,0.0001,-0.1045,0.9945,-83.427,-77.005,71.932,Static,WoodStairs,shape,0000018EF4F19300,-,0,1,0,-
576,16446.016,0.0000,impact,ragdoll,Proventus Avenicci,0001A67D,NPC COM [COM ],0,16.240,16.240,93.033,119.854,2.894,50.0000,17.687,-390.844,639.768,-305.686,-0.0000,-0.7830,0.6220,38.633,-58.421,-97.260,Static,WoodStairs,shape,0000018EF4F19300,-,1,0,0,-
577,16446.017,0.0000,impact,ragdoll,Proventus Avenicci,0001A67D,NPC COM [COM ],0,16.240,16.240,93.033,119.854,2.894,50.0000,17.687,-390.844,639.768,-305.686,-0.0000,-0.7830,0.6220,38.633,-58.421,-97.260,Static,WoodStairs,shape,0000018EF4F19300,-,0,1,0,-
578,16446.018,0.0000,impact,ragdoll,Proventus Avenicci,0001A67D,NPC L Thigh [LThg],1,54.399,54.399,121.852,114.208,3.597,6.0000,20.487,-371.988,617.080,-319.650,0.0000,-0.0000,1.0000,78.583,-30.144,-77.197,Static,Wood,shape,0000018E5BF03100,-,1,1,0,-
579,16490.339,0.0000,impact,ragdoll,Proventus Avenicci,0001A67D,NPC Spine [Spn0],3,22.131,22.131,90.730,134.413,3.418,4.0000,17.297,-396.918,639.768,-305.686,-0.0000,-0.7836,0.6212,12.025,-67.467,-115.630,Static,WoodStairs,shape,0000018EF4F19300,-,1,0,0,-
580,16490.340,0.0000,impact,ragdoll,Proventus Avenicci,0001A67D,NPC Spine [Spn0],3,22.131,22.131,90.730,134.413,3.418,4.0000,17.297,-396.918,639.768,-305.686,-0.0000,-0.7836,0.6212,12.025,-67.467,-115.630,Static,WoodStairs,shape,0000018EF4F19300,-,0,1,0,-
581,16490.352,0.0000,impact,ragdoll,Proventus Avenicci,0001A67D,NPC L Hand [LHnd],16,8.909,8.909,129.557,79.455,51.344,4.0000,8.334,-449.975,660.001,-305.554,-0.0000,-0.0000,1.0000,61.236,-49.764,-9.318,Static,WoodStairs,shape,0000018EF4F19300,-,0,1,0,-
582,16517.156,0.0000,impact,ragdoll,Proventus Avenicci,0001A67D,NPC L Forearm [LLar],14,202.967,202.967,171.317,185.644,18.217,2.0000,11.658,-447.719,640.213,-305.598,-0.0000,-0.1045,0.9945,64.151,-117.871,-128.277,Static,WoodStairs,shape,0000018EF4F19300,-,0,1,0,-
583,16563.310,0.0000,impact,ragdoll,Proventus Avenicci,0001A67D,NPC COM [COM ],0,126.541,126.541,121.088,128.365,13.150,50.0000,17.687,-388.857,624.191,-319.650,-0.0000,-0.0000,1.0000,28.566,-49.520,-114.931,Static,Wood,shape,0000018E5BF03100,-,1,1,0,-
584,16585.296,0.0000,impact,ragdoll,Proventus Avenicci,0001A67D,NPC L Thigh [LThg],1,15.221,15.221,25.969,43.587,8.529,6.0000,20.487,-386.893,621.739,-319.650,-0.0000,-0.0000,1.0000,-3.896,-43.279,3.407,Static,Wood,shape,0000018E5BF03100,-,0,1,0,-
585,16585.304,0.0000,impact,ragdoll,Proventus Avenicci,0001A67D,NPC L Calf [LClf],5,72.151,72.151,241.341,60.001,14.652,6.0000,19.675,-346.191,590.548,-319.650,-0.0000,-0.0000,1.0000,56.139,-0.134,-21.178,Static,Wood,shape,0000018E5BF03100,-,0,1,0,-
586,16585.319,0.0000,impact,ragdoll,Proventus Avenicci,0001A67D,NPC L Calf [LClf],5,72.152,72.152,224.990,60.001,14.652,6.0000,19.675,-346.191,590.548,-318.000,-0.0000,-0.0000,1.0000,56.139,-0.134,-21.178,Static,Carpet,shape,0000018F3647CD00,-,0,1,0,-
587,16585.320,0.0000,impact,ragdoll,Proventus Avenicci,0001A67D,NPC L Foot [Lft ],7,78.322,78.322,219.496,147.159,13.369,3.0000,10.011,-342.269,588.731,-318.000,-0.0000,0.0000,1.0000,139.577,27.692,-37.511,Static,Carpet,shape,0000018F3647CD00,-,0,1,0,-
588,16585.878,0.0000,impact,ragdoll,Proventus Avenicci,0001A67D,NPC Spine [Spn0],3,19.233,19.233,24.349,94.464,7.179,4.0000,17.297,-395.335,623.235,-319.650,0.0000,0.0000,1.0000,-5.382,-92.993,-15.709,Static,Wood,shape,0000018E5BF03100,-,1,1,0,-
589,16612.503,0.0000,impact,ragdoll,Proventus Avenicci,0001A67D,NPC L Foot [Lft ],7,23.438,23.438,161.451,130.496,11.990,3.0000,10.011,-339.286,589.381,-319.650,-0.0000,-0.0000,1.0000,126.439,29.685,-12.696,Static,Wood,shape,0000018E5BF03100,-,0,1,0,-
590,16613.050,0.0000,impact,ragdoll,Proventus Avenicci,0001A67D,NPC L Hand [LHnd],16,122.663,122.663,86.300,274.056,14.304,4.0000,8.334,-433.425,641.322,-290.284,-0.4801,0.1277,-0.8679,115.168,-248.650,-4.041,-,Skin,shape,0000018F3CA8D300,13,1,1,0,-
591,16613.050,0.0000,impact,ragdoll,Proventus Avenicci,0001A67D,NPC Head [Head],13,122.663,122.663,86.300,232.148,4.813,4.0000,15.108,-433.425,641.322,-290.284,-0.4801,0.1277,-0.8679,-64.264,-218.899,-42.964,-,Skin,shape,0000018F3CA8C100,16,1,1,0,-
592,16659.422,0.0000,impact,ragdoll,Proventus Avenicci,0001A67D,NPC L Thigh [LThg],1,59.350,59.350,43.470,51.299,5.862,6.0000,20.487,-365.564,606.265,-318.064,-0.0000,0.4910,0.8711,18.324,-41.160,-24.529,Static,Carpet,shape,0000018F3647CD00,-,1,1,0,-
593,16680.228,0.0000,impact,ragdoll,Proventus Avenicci,0001A67D,NPC L Hand [LHnd],16,110.440,110.440,150.437,286.454,27.406,4.0000,8.334,-424.704,622.852,-299.640,-0.7650,0.6123,-0.1995,118.536,-255.325,-53.050,-,Skin,shape,0000018F3CA8D900,9,1,1,0,-
594,16680.229,0.0000,impact,ragdoll,Proventus Avenicci,0001A67D,NPC Spine2 [Spn2],9,110.440,110.440,150.437,203.000,3.756,7.0000,23.052,-424.704,622.852,-299.640,-0.7650,0.6123,-0.1995,9.566,-198.634,-40.764,-,Skin,shape,0000018F3CA8C100,16,1,1,0,-
595,16680.908,0.0000,impact,ragdoll,Proventus Avenicci,0001A67D,NPC L Forearm [LLar],14,143.307,154.253,281.933,286.165,7.762,2.0000,11.658,-435.981,610.453,-319.650,0.0000,0.0000,1.0000,124.991,-217.390,-137.875,Static,Wood,shape,0000018E5BF03100,-,0,0,0,-
596,16680.916,0.0000,impact,ragdoll,Proventus Avenicci,0001A67D,NPC L Forearm [LLar],14,134.009,132.961,245.549,202.239,12.373,2.0000,11.658,-435.981,606.445,-318.237,0.0000,0.8502,0.5265,112.119,-167.161,19.673,Static,Carpet,shape,0000018F3647CD00,-,1,1,0,-
597,16701.604,0.0000,impact,ragdoll,Proventus Avenicci,0001A67D,NPC L Forearm [LLar],14,37.504,11.717,65.356,111.317,8.769,2.0000,11.658,-435.685,610.269,-319.650,0.0000,-0.0000,1.0000,108.831,-22.891,-4.816,Static,Wood,shape,0000018E5BF03100,-,0,0,0,-
598,16702.018,0.0000,impact,ragdoll,Proventus Avenicci,0001A67D,NPC Spine2 [Spn2],9,46.879,46.879,227.840,228.027,4.595,7.0000,23.052,-428.541,617.732,-306.756,0.7581,-0.5153,0.3997,16.013,-214.367,-76.071,-,Skin,shape,0000018F3CA8C400,14,1,1,0,-
599,16702.019,0.0000,impact,ragdoll,Proventus Avenicci,0001A67D,NPC L Forearm [LLar],14,46.879,46.879,227.840,100.656,9.926,2.0000,11.658,-428.541,617.732,-306.756,0.7581,-0.5153,0.3997,97.315,-24.553,7.657,-,Skin,shape,0000018F3CA8D900,9,1,1,0,-
600,16702.019,0.0000,impact,ragdoll,Proventus Avenicci,0001A67D,NPC L UpperArm [LUar],10,28.922,28.922,37.319,165.161,12.897,2.0000,14.463,-432.300,606.892,-319.650,-0.0000,0.0000,1.0000,36.111,-152.632,-51.747,Static,Wood,shape,0000018E5BF03100,-,1,1,0,-
601,16702.134,0.0000,impact,ragdoll,Proventus Avenicci,0001A67D,NPC L Forearm [LLar],14,18.177,-4.547,51.424,56.266,3.018,2.0000,11.658,-435.115,610.055,-319.650,0.0000,-0.0000,1.0000,53.428,-13.574,11.274,Static,Wood,shape,0000018E5BF03100,-,0,0,0,-
602,16719.842,0.0000,impact,ragdoll,Proventus Avenicci,0001A67D,NPC Spine2 [Spn2],9,78.493,78.493,141.875,228.087,5.210,7.0000,23.052,-414.266,605.555,-318.000,0.0000,-0.0000,1.0000,1.855,-213.801,-79.431,Static,Carpet,shape,0000018F3647CD00,-,1,1,0,-
603,16719.845,0.0000,impact,ragdoll,Proventus Avenicci,0001A67D,NPC Head [Head],13,97.597,97.597,177.125,299.595,5.724,4.0000,15.108,-430.830,618.291,-304.377,-0.0779,-0.2648,0.9612,-18.418,-283.215,-95.956,-,Skin,shape,0000018F3CA8C400,14,1,1,0,-
604,16719.845,0.0000,impact,ragdoll,Proventus Avenicci,0001A67D,NPC L Forearm [LLar],14,97.597,97.597,177.125,61.373,21.911,2.0000,11.658,-430.830,618.291,-304.377,-0.0779,-0.2648,0.9612,53.516,-25.869,15.280,-,Skin,shape,0000018F3CA8D300,13,1,1,0,-
605,16739.259,0.0000,impact,ragdoll,Proventus Avenicci,0001A67D,NPC Spine1 [Spn1],6,32.915,32.915,68.507,106.130,3.328,4.0000,18.878,-401.236,605.621,-318.000,-0.0000,0.0000,1.0000,-2.839,-99.542,-36.700,Static,Carpet,shape,0000018F3647CD00,-,1,1,0,-
606,16739.261,0.0000,impact,ragdoll,Proventus Avenicci,0001A67D,NPC L Foot [Lft ],7,254.220,254.220,97.328,194.177,11.019,3.0000,10.011,-328.247,619.139,-301.433,0.1091,-0.8936,-0.4354,11.553,193.793,3.946,-,Skin,shape,0000018F3CA8E500,4,1,1,0,-
607,16739.261,0.0000,impact,ragdoll,Proventus Avenicci,0001A67D,NPC R Calf [RClf],4,254.220,254.220,97.328,59.847,2.100,6.0000,19.675,-328.247,619.139,-301.433,0.1091,-0.8936,-0.4354,-24.787,-52.064,-16.018,-,Skin,shape,0000018F3CA8EB00,7,1,1,0,-
608,16757.305,0.0000,impact,ragdoll,Proventus Avenicci,0001A67D,NPC L Thigh [LThg],1,17.602,17.602,23.028,44.135,4.321,6.0000,20.487,-372.117,606.290,-318.079,0.0000,0.5395,0.8420,6.296,-43.170,6.676,Static,Carpet,shape,0000018F3647CD00,-,0,1,0,-
609,16773.225,0.0000,impact,ragdoll,Proventus Avenicci,0001A67D,NPC L Thigh [LThg],1,25.138,25.138,23.246,32.780,4.938,6.0000,20.487,-383.243,606.304,-318.089,0.0000,0.5683,0.8228,2.788,-27.273,17.971,Static,Carpet,shape,0000018F3647CD00,-,0,1,0,-
610,16773.238,0.0000,impact,ragdoll,Proventus Avenicci,0001A67D,NPC L Hand [LHnd],16,110.725,110.725,371.760,94.934,27.134,4.0000,8.334,-426.605,627.564,-294.699,-0.1979,-0.9381,-0.2842,19.955,-76.632,52.363,-,Skin,shape,0000018F3CA8CA00,17,1,1,0,-
611,16773.238,0.0000,impact,ragdoll,Proventus Avenicci,0001A67D,NPC R Hand [RHnd],17,110.725,110.725,371.760,165.491,14.989,4.0000,8.334,-426.605,627.564,-294.699,-0.1979,-0.9381,-0.2842,-21.152,-161.739,-27.935,-,Skin,shape,0000018F3CA8C100,16,1,1,0,-
612,16791.120,0.0000,impact,ragdoll,Proventus Avenicci,0001A67D,NPC L Hand [LHnd],16,114.481,114.481,82.191,142.769,5.297,4.0000,8.334,-419.601,611.957,-290.627,-0.7831,0.2163,-0.5831,28.348,-138.641,18.925,-,Skin,shape,0000018F3CA8D000,12,1,1,0,-
613,16791.121,0.0000,impact,ragdoll,Proventus Avenicci,0001A67D,NPC R UpperArm [RUar],12,114.481,114.481,82.191,244.658,5.998,2.0000,14.463,-419.601,611.957,-290.627,-0.7831,0.2163,-0.5831,-74.765,-224.635,-61.700,-,Skin,shape,0000018F3CA8C100,16,1,1,0,-
614,16791.121,0.0000,impact,ragdoll,Proventus Avenicci,0001A67D,NPC L Hand [LHnd],16,99.872,99.872,116.487,142.769,5.297,4.0000,8.334,-421.585,621.851,-293.182,-0.6241,-0.6882,-0.3699,28.348,-138.641,18.925,-,Skin,shape,0000018F3CA8CD00,15,1,1,0,-
615,16791.122,0.0000,impact,ragdoll,Proventus Avenicci,0001A67D,NPC R Forearm [RLar],15,99.872,99.872,116.487,230.910,6.869,6.0000,11.658,-421.585,621.851,-293.182,-0.6241,-0.6882,-0.3699,-39.868,-211.231,-84.330,-,Skin,shape,0000018F3CA8C100,16,1,1,0,-
616,16810.019,0.0000,impact,ragdoll,Proventus Avenicci,0001A67D,NPC Spine2 [Spn2],9,47.088,47.088,92.758,135.045,5.018,7.0000,23.052,-415.146,589.432,-319.650,-0.0000,-0.0000,1.0000,6.899,-126.327,-47.234,Static,Wood,shape,0000018E5BF03100,-,1,1,0,-
617,16828.039,0.0000,impact,ragdoll,Proventus Avenicci,0001A67D,NPC Spine2 [Spn2],9,78.001,78.001,76.124,122.977,4.946,7.0000,23.052,-413.347,604.456,-292.575,0.0122,-0.9408,-0.3387,13.892,-122.165,-2.483,-,Skin,shape,0000018F3CA8CD00,15,1,1,0,-
618,16828.039,0.0000,impact,ragdoll,Proventus Avenicci,0001A67D,NPC R Forearm [RLar],15,78.001,78.001,76.124,189.729,6.178,6.0000,11.658,-413.347,604.456,-292.575,0.0122,-0.9408,-0.3387,-18.681,-183.355,-45.047,-,Skin,shape,0000018F3CA8D900,9,1,1,0,-
619,16828.043,0.0000,impact,ragdoll,Proventus Avenicci,0001A67D,NPC R Forearm [RLar],15,89.755,89.755,114.316,189.729,6.178,6.0000,11.658,-407.576,601.990,-297.206,-0.5615,0.5947,0.5753,-18.681,-183.355,-45.047,-,Skin,shape,0000018F3CA8DC00,6,1,1,0,-
620,16828.043,0.0000,impact,ragdoll,Proventus Avenicci,0001A67D,NPC Spine1 [Spn1],6,89.755,89.755,114.316,86.930,4.520,4.0000,18.878,-407.576,601.990,-297.206,-0.5615,0.5947,0.5753,-15.555,-79.988,30.278,-,Skin,shape,0000018F3CA8CD00,15,1,1,0,-
621,16828.044,0.0000,impact,ragdoll,Proventus Avenicci,0001A67D,NPC L Hand [LHnd],16,32.973,32.973,116.201,115.801,3.236,4.0000,8.334,-425.372,619.921,-295.744,-0.3429,-0.9320,-0.1173,-20.897,-95.015,62.811,-,Skin,shape,0000018F3CA8CA00,17,1,1,0,-
622,16828.044,0.0000,impact,ragdoll,Proventus Avenicci,0001A67D,NPC R Hand [RHnd],17,32.973,32.973,116.201,159.711,5.905,4.0000,8.334,-425.372,619.921,-295.744,-0.3429,-0.9320,-0.1173,48.473,-140.966,-57.329,-,Skin,shape,0000018F3CA8C100,16,1,1,0,-
623,16828.582,0.0000,impact,ragdoll,Proventus Avenicci,0001A67D,NPC L Foot [Lft ],7,44.736,44.736,74.831,68.918,6.583,3.0000,10.011,-326.423,610.750,-319.650,-0.0000,-0.0000,1.0000,10.912,41.650,-53.814,Static,Wood,shape,0000018E5BF03100,-,1,1,0,-
624,16828.586,0.0000,impact,ragdoll,Proventus Avenicci,0001A67D,NPC L UpperArm [LUar],10,83.851,83.851,20.137,83.830,8.143,2.0000,14.463,-422.598,580.865,-319.650,0.0000,0.0000,1.0000,6.384,-72.248,-42.034,Static,Wood,shape,0000018E5BF03100,-,0,1,0,-
625,16828.586,0.0000,impact,ragdoll,Proventus Avenicci,0001A67D,NPC L UpperArm [LUar],10,83.852,83.852,31.139,83.830,8.143,2.0000,14.463,-422.598,580.865,-318.000,-0.0000,0.0000,1.0000,6.384,-72.248,-42.034,Static,Carpet,shape,0000018F3647CD00,-,0,1,0,-
626,16905.938,0.0000,impact,ragdoll,Proventus Avenicci,0001A67D,NPC COM [COM ],0,5.393,5.393,22.635,33.455,0.842,50.0000,17.687,-386.832,603.005,-318.000,0.0000,0.0000,1.0000,-19.471,-26.508,-6.119,Static,Carpet,shape,0000018F3647CD00,-,1,1,0,-
627,16965.603,0.0000,impact,ragdoll,Proventus Avenicci,0001A67D,NPC R Forearm [RLar],15,63.224,63.224,63.809,106.409,5.908,6.0000,11.658,-401.903,596.679,-300.568,-0.8787,0.0634,0.4732,57.137,-78.126,-44.210,-,Skin,shape,0000018F3CA8DF00,3,1,1,0,-
628,16965.604,0.0000,impact,ragdoll,Proventus Avenicci,0001A67D,NPC Spine [Spn0],3,63.224,63.224,63.809,53.275,2.606,4.0000,17.297,-401.903,596.679,-300.568,-0.8787,0.0634,0.4732,-0.126,-45.067,-28.411,-,Skin,shape,0000018F3CA8CD00,15,1,1,0,-
629,16984.302,0.0000,impact,ragdoll,Proventus Avenicci,0001A67D,NPC R Hand [RHnd],17,23.586,23.586,33.883,91.263,6.666,4.0000,8.334,-409.120,596.749,-303.907,-0.4812,0.8513,0.2091,48.499,-61.661,-46.633,-,Skin,shape,0000018F3CA8DC00,6,1,1,0,-
630,16984.302,0.0000,impact,ragdoll,Proventus Avenicci,0001A67D,NPC Spine1 [Spn1],6,23.586,23.586,33.883,66.938,1.776,4.0000,18.878,-409.120,596.749,-303.907,-0.4812,0.8513,0.2091,19.220,-55.964,-31.293,-,Skin,shape,0000018F3CA8CA00,17,1,1,0,-
631,16984.822,0.0000,impact,ragdoll,Proventus Avenicci,0001A67D,NPC Spine [Spn0],3,30.352,30.352,24.271,54.470,2.247,4.0000,17.297,-395.667,597.102,-319.650,0.0000,-0.0000,1.0000,6.884,-42.684,-33.131,Static,Wood,shape,0000018E5BF03100,-,1,1,0,-
632,17282.745,0.0000,impact,ragdoll,Proventus Avenicci,0001A67D,NPC R Thigh [RThg],2,23.314,23.314,43.348,68.169,3.198,6.0000,20.487,-364.085,605.012,-306.473,0.0869,-0.7679,0.6346,36.914,-23.743,-52.160,-,Skin,shape,0000018F3CA8F400,1,0,1,0,-
633,17282.746,0.0000,impact,ragdoll,Proventus Avenicci,0001A67D,NPC L Thigh [LThg],1,23.314,23.314,43.348,14.144,1.834,6.0000,20.487,-364.085,605.012,-306.473,0.0869,-0.7679,0.6346,9.634,-9.136,4.875,-,Skin,shape,0000018F3CA8E800,2,0,1,0,-
634,17283.272,0.0000,impact,ragdoll,Proventus Avenicci,0001A67D,NPC R Thigh [RThg],2,25.525,25.525,21.748,70.384,3.366,6.0000,20.487,-375.825,589.883,-318.000,0.0000,0.0000,1.0000,37.135,-28.584,-52.515,Static,Carpet,shape,0000018F3647CD00,-,1,1,0,-
635,17283.274,0.0000,impact,ragdoll,Proventus Avenicci,0001A67D,NPC R Calf [RClf],4,158.205,158.205,37.485,134.759,4.639,6.0000,19.675,-334.901,605.800,-319.650,0.0000,-0.0000,1.0000,27.638,-35.894,-126.916,Static,Wood,shape,0000018E5BF03100,-,1,1,0,-
636,17283.275,0.0000,impact,ragdoll,Proventus Avenicci,0001A67D,NPC R Calf [RClf],4,158.205,158.205,34.670,134.759,4.639,6.0000,19.675,-334.901,605.800,-318.000,0.0000,-0.0000,1.0000,27.638,-35.894,-126.916,Static,Carpet,shape,0000018F3647CD00,-,1,1,0,-
637,17283.277,0.0000,impact,ragdoll,Proventus Avenicci,0001A67D,NPC R Foot [Rft ],8,188.475,188.475,62.189,217.583,8.764,3.0000,10.011,-330.884,607.215,-319.650,0.0000,-0.0000,1.0000,10.564,-38.622,-213.867,Static,Wood,shape,0000018E5BF03100,-,1,1,0,-
638,17283.278,0.0000,impact,ragdoll,Proventus Avenicci,0001A67D,NPC R Foot [Rft ],8,190.863,190.863,40.249,217.583,8.764,3.0000,10.011,-330.884,606.166,-318.022,0.0000,0.2921,0.9564,10.564,-38.622,-213.867,Static,Carpet,shape,0000018F3647CD00,-,1,1,0,-
639,17377.426,0.0000,impact,ragdoll,Proventus Avenicci,0001A67D,NPC COM [COM ],0,9.757,9.757,1.976,16.208,1.699,50.0000,17.687,-380.246,589.856,-318.000,-0.0000,0.0000,1.0000,12.354,-9.257,-4.939,Static,Carpet,shape,0000018F3647CD00,-,0,1,0,-
640,17398.927,0.0000,impact,ragdoll,Proventus Avenicci,0001A67D,NPC Spine1 [Spn1],6,6.068,6.068,3.450,20.411,1.554,4.0000,18.878,-391.252,577.308,-319.650,-0.0000,-0.0000,1.0000,16.843,-11.483,-1.020,Static,Wood,shape,0000018E5BF03100,-,0,1,0,-
641,17398.929,0.0000,impact,ragdoll,Proventus Avenicci,0001A67D,NPC Spine1 [Spn1],6,6.068,6.068,4.678,20.411,1.554,4.0000,18.878,-391.252,577.308,-318.000,0.0000,0.0000,1.0000,16.843,-11.483,-1.020,Static,Carpet,shape,0000018F3647CD00,-,0,1,0,-
642,17399.471,0.0000,impact,ragdoll,Proventus Avenicci,0001A67D,NPC R Hand [RHnd],17,22.476,22.476,73.936,68.517,6.555,4.0000,8.334,-395.073,592.551,-301.533,-0.5200,0.3319,0.7870,53.825,-35.721,22.834,-,Skin,shape,0000018F3CA8DF00,3,1,1,0,-
643,17399.471,0.0000,impact,ragdoll,Proventus Avenicci,0001A67D,NPC Spine [Spn0],3,22.476,22.476,73.936,9.285,1.175,4.0000,17.297,-395.073,592.551,-301.533,-0.5200,0.3319,0.7870,5.394,-6.899,3.086,-,Skin,shape,0000018F3CA8CA00,17,1,1,0,-
644,17448.305,0.0000,impact,ragdoll,Proventus Avenicci,0001A67D,NPC R Forearm [RLar],15,10.560,10.560,40.466,45.389,1.920,6.0000,11.658,-388.596,591.655,-301.153,-0.5387,-0.2508,0.8043,38.300,-23.535,6.271,-,-,-,0000018F3CA8EE00,0,1,1,0,-
645,17448.305,0.0000,impact,ragdoll,Proventus Avenicci,0001A67D,NPC COM [COM ],0,10.560,10.560,40.466,7.772,0.763,50.0000,17.687,-388.596,591.655,-301.153,-0.5387,-0.2508,0.8043,5.673,-4.739,2.401,-,Skin,shape,0000018F3CA8CD00,15,1,1,0,-
646,17541.249,0.0000,impact,ragdoll,Proventus Avenicci,0001A67D,NPC L Hand [LHnd],16,28.856,28.856,31.069,34.819,1.644,4.0000,8.334,-425.263,598.155,-318.000,0.0000,-0.0000,1.0000,17.480,8.663,-28.841,Static,Carpet,shape,0000018F3647CD00,-,1,1,0,-
647,17704.841,0.0000,impact,ragdoll,Proventus Avenicci,0001A67D,NPC R Thigh [RThg],2,5.454,5.454,6.363,6.973,0.468,6.0000,20.487,-361.771,602.118,-307.204,0.1883,-0.9187,0.3472,2.858,2.802,-5.710,-,Skin,shape,0000018F3CA8F400,1,0,1,0,-
648,17704.842,0.0000,impact,ragdoll,Proventus Avenicci,0001A67D,NPC L Thigh [LThg],1,5.454,5.454,6.363,0.947,0.038,6.0000,20.487,-361.771,602.118,-307.204,0.1883,-0.9187,0.3472,0.943,0.082,0.040,-,Skin,shape,0000018F3CA8E800,2,0,1,0,-
649,17810.035,0.0000,state,unknown,Proventus Avenicci,0001A67D,-,-,0.000,0.000,0.000,0.000,0.000,0.0000,0.000,0.000,0.000,0.000,0.0000,0.0000,0.0000,0.000,0.000,0.000,-,-,-,0000000000000000,-,0,0,0,knock_get_up
650,17829.612,0.0000,state,unknown,Proventus Avenicci,0001A67D,-,-,0.000,0.000,0.000,0.000,0.000,0.0000,0.000,0.000,0.000,0.000,0.0000,0.0000,0.0000,0.000,0.000,0.000,-,-,-,0000000000000000,-,0,0,0,ragdoll_start
651,17833.323,0.0000,impact,ragdoll,Proventus Avenicci,0001A67D,NPC R Forearm [RLar],15,34.981,34.981,630.242,105.717,52.879,6.0000,11.658,-382.287,585.048,-300.726,-0.3463,-0.4226,0.8375,99.851,-32.196,13.016,-,-,-,0000018F3CA8EE00,0,1,1,0,-
652,17833.323,0.0000,impact,ragdoll,Proventus Avenicci,0001A67D,NPC COM [COM ],0,34.981,34.981,630.242,23.565,15.308,50.0000,17.687,-382.287,585.048,-300.726,-0.3463,-0.4226,0.8375,-0.710,-13.456,19.333,-,Skin,shape,0000018F3CA8CD00,15,1,1,0,-
653,17885.524,0.0000,impact,ragdoll,Proventus Avenicci,0001A67D,NPC R Thigh [RThg],2,34.347,34.347,113.241,41.263,3.532,6.0000,20.487,-360.094,607.588,-304.397,0.3261,-0.8998,0.2897,4.352,38.822,-13.286,-,Skin,shape,0000018F3CA8F100,5,1,1,0,-
654,17885.524,0.0000,impact,ragdoll,Proventus Avenicci,0001A67D,NPC L Calf [LClf],5,34.347,34.347,113.241,93.957,5.420,6.0000,19.675,-360.094,607.588,-304.397,0.3261,-0.8998,0.2897,-79.859,38.753,30.800,-,Skin,shape,0000018F3CA8E800,2,1,1,0,-
655,17885.532,0.0000,impact,ragdoll,Proventus Avenicci,0001A67D,NPC L Hand [LHnd],16,53.220,53.220,77.746,93.571,4.526,4.0000,8.334,-427.426,597.546,-319.650,0.0000,-0.0000,1.0000,32.762,-69.643,-53.217,Static,Wood,shape,0000018E5BF03100,-,1,1,0,-
656,17931.456,0.0000,impact,ragdoll,Proventus Avenicci,0001A67D,NPC L Foot [Lft ],7,138.563,138.563,220.968,162.648,20.446,3.0000,10.011,-337.998,639.706,-305.805,-0.0000,-0.9595,0.2816,-136.876,87.846,-1.522,Static,WoodStairs,shape,0000018EF4F19300,-,1,0,0,-
657,17931.458,0.0000,impact,ragdoll,Proventus Avenicci,0001A67D,NPC L Foot [Lft ],7,138.563,138.563,220.968,162.648,20.446,3.0000,10.011,-337.998,639.706,-305.805,-0.0000,-0.9595,0.2816,-136.876,87.846,-1.522,Static,WoodStairs,shape,0000018EF4F19300,-,0,1,0,-
658,17960.303,0.0000,impact,ragdoll,Proventus Avenicci,0001A67D,NPC L Foot [Lft ],7,39.937,39.937,217.370,139.657,17.026,3.0000,10.011,-341.375,639.707,-305.802,-0.0000,-0.9571,0.2897,-138.502,17.814,1.936,Static,WoodStairs,shape,0000018EF4F19300,-,0,0,0,-
659,17960.305,0.0000,impact,ragdoll,Proventus Avenicci,0001A67D,NPC L Foot [Lft ],7,39.937,39.937,217.370,139.657,17.026,3.0000,10.011,-341.375,639.707,-305.802,-0.0000,-0.9571,0.2897,-138.502,17.814,1.936,Static,WoodStairs,shape,0000018EF4F19300,-,0,1,0,-
660,17987.603,0.0000,impact,ragdoll,Proventus Avenicci,0001A67D,NPC R Thigh [RThg],2,70.600,70.600,199.640,69.519,11.199,6.0000,20.487,-363.109,609.751,-305.859,0.7588,-0.6509,0.0242,-3.618,-0.648,-69.422,-,Skin,shape,0000018F3CA8F100,5,0,1,0,-
661,17987.604,0.0000,impact,ragdoll,Proventus Avenicci,0001A67D,NPC L Calf [LClf],5,70.600,70.600,199.640,102.382,6.363,6.0000,19.675,-363.109,609.751,-305.859,0.7588,-0.6509,0.0242,-94.262,2.541,-39.879,-,Skin,shape,0000018F3CA8E800,2,0,1,0,-
662,17987.608,0.0000,impact,ragdoll,Proventus Avenicci,0001A67D,NPC L Calf [LClf],5,42.926,42.926,215.161,102.382,6.363,6.0000,19.675,-351.033,639.692,-311.260,0.0000,-1.0000,0.0000,-94.262,2.541,-39.879,Static,WoodStairs,shape,0000018EF4F19300,-,1,1,0,-
663,18011.648,0.0000,impact,ragdoll,Proventus Avenicci,0001A67D,NPC R Thigh [RThg],2,195.998,195.998,118.078,95.715,11.087,6.0000,20.487,-353.295,601.362,-318.000,-0.0000,0.0000,1.0000,0.385,-32.082,-90.178,Static,Carpet,shape,0000018F3647CD00,-,0,1,0,-
664,18033.698,0.0000,impact,ragdoll,Proventus Avenicci,0001A67D,NPC L Calf [LClf],5,17.690,17.690,255.195,124.770,7.360,6.0000,19.675,-357.657,639.692,-314.180,-0.0000,-1.0000,-0.0000,-114.504,-26.247,-42.040,Static,WoodStairs,shape,0000018EF4F19300,-,1,0,0,-
665,18033.699,0.0000,impact,ragdoll,Proventus Avenicci,0001A67D,NPC L Calf [LClf],5,18.298,18.298,253.987,124.770,7.360,6.0000,19.675,-357.643,639.693,-313.655,-0.0000,-1.0000,0.0000,-114.504,-26.247,-42.040,Static,WoodStairs,shape,0000018EF4F19300,-,0,1,0,-
666,18033.700,0.0000,impact,ragdoll,Proventus Avenicci,0001A67D,NPC L Foot [Lft ],7,22.148,22.148,298.508,218.285,21.440,3.0000,10.011,-352.985,639.692,-306.123,-0.0000,-1.0000,0.0000,-195.551,-4.734,-96.880,Static,WoodStairs,shape,0000018EF4F19300,-,0,1,0,-
667,18055.295,0.0000,impact,ragdoll,Proventus Avenicci,0001A67D,NPC R Thigh [RThg],2,16.366,16.366,50.078,68.461,5.248,6.0000,20.487,-369.378,605.613,-309.002,0.8174,-0.5734,-0.0549,-22.208,-44.992,-46.577,-,Skin,shape,0000018F3CA8F100,5,1,1,0,-
668,18055.296,0.0000,impact,ragdoll,Proventus Avenicci,0001A67D,NPC L Calf [LClf],5,16.366,16.366,50.078,148.032,4.226,6.0000,19.675,-369.378,605.613,-309.002,0.8174,-0.5734,-0.0549,-122.023,-81.112,21.086,-,Skin,shape,0000018F3CA8E800,2,1,1,0,-
669,18074.262,0.0000,impact,ragdoll,Proventus Avenicci,0001A67D,NPC R Thigh [RThg],2,74.131,74.131,80.370,59.226,9.153,6.0000,20.487,-369.532,605.785,-309.001,0.9215,-0.3726,-0.1091,-21.219,-54.729,-7.889,-,Skin,shape,0000018F3CA8F100,5,0,1,0,-
670,18074.263,0.0000,impact,ragdoll,Proventus Avenicci,0001A67D,NPC L Calf [LClf],5,74.131,74.131,80.370,139.845,7.222,6.0000,19.675,-369.532,605.785,-309.001,0.9215,-0.3726,-0.1091,-118.442,-72.782,15.198,-,Skin,shape,0000018F3CA8E800,2,0,1,0,-
671,18074.270,0.0000,impact,ragdoll,Proventus Avenicci,0001A67D,NPC R Foot [Rft ],8,89.215,89.215,309.732,192.790,25.612,3.0000,10.011,-335.417,639.692,-308.639,-0.0000,-1.0000,-0.0000,-183.527,58.364,8.922,Static,WoodStairs,shape,0000018EF4F19300,-,1,1,0,-
672,18093.330,0.0000,impact,ragdoll,Proventus Avenicci,0001A67D,NPC R Foot [Rft ],8,13.341,13.341,223.245,189.387,5.015,3.0000,10.011,-342.609,639.736,-313.879,-0.0000,-1.0000,0.0000,-188.840,5.447,-13.320,Static,WoodStairs,shape,0000018EF4F19300,-,0,1,0,-
673,18144.237,0.0000,impact,ragdoll,Proventus Avenicci,0001A67D,NPC R Thigh [RThg],2,27.200,27.200,76.353,118.735,6.672,6.0000,20.487,-375.729,596.145,-307.968,0.9639,-0.1613,-0.2120,-12.866,-117.861,-6.410,-,Skin,shape,0000018F3CA8F100,5,1,1,0,-
674,18144.238,0.0000,impact,ragdoll,Proventus Avenicci,0001A67D,NPC L Calf [LClf],5,27.200,27.200,76.353,198.692,7.112,6.0000,19.675,-375.729,596.145,-307.968,0.9639,-0.1613,-0.2120,-116.328,-159.963,18.924,-,Skin,shape,0000018F3CA8E800,2,1,1,0,-
675,18180.996,0.0000,impact,ragdoll,Proventus Avenicci,0001A67D,NPC R Calf [RClf],4,59.679,59.679,34.522,212.196,5.619,6.0000,19.675,-375.388,587.344,-307.323,0.8346,0.4599,-0.3032,-151.730,-147.273,17.771,-,Skin,shape,0000018F3CA8F400,1,1,1,0,-
676,18180.997,0.0000,impact,ragdoll,Proventus Avenicci,0001A67D,NPC L Thigh [LThg],1,59.679,59.679,34.522,164.598,3.569,6.0000,20.487,-375.388,587.344,-307.323,0.8346,0.4599,-0.3032,33.469,-160.506,14.491,-,Skin,shape,0000018F3CA8E500,4,1,1,0,-
677,18216.891,0.0000,impact,ragdoll,Proventus Avenicci,0001A67D,NPC L Hand [LHnd],16,87.093,87.093,302.116,256.031,24.727,4.0000,8.334,-380.360,554.947,-299.253,-0.8273,-0.5554,0.0842,177.407,-172.724,65.153,-,Skin,shape,0000018F3CA8F400,1,1,1,0,-
678,18216.892,0.0000,impact,ragdoll,Proventus Avenicci,0001A67D,NPC L Thigh [LThg],1,87.093,87.093,302.116,179.259,4.035,6.0000,20.487,-380.360,554.947,-299.253,-0.8273,-0.5554,0.0842,18.688,-174.527,36.399,-,Skin,shape,0000018F3CA8C100,16,1,1,0,-
679,18255.133,0.0000,impact,ragdoll,Proventus Avenicci,0001A67D,NPC L Calf [LClf],5,16.288,16.288,24.966,312.423,3.995,6.0000,19.675,-374.893,578.236,-308.187,-0.8175,-0.3816,0.4313,-38.619,-306.312,47.850,-,Skin,shape,0000018F3CA8E500,4,1,1,0,-
680,18255.134,0.0000,impact,ragdoll,Proventus Avenicci,0001A67D,NPC R Calf [RClf],4,16.288,16.288,24.966,288.621,4.921,6.0000,19.675,-374.893,578.236,-308.187,-0.8175,-0.3816,0.4313,-93.801,-272.709,11.562,-,Skin,shape,0000018F3CA8F100,5,1,1,0,-
681,18298.034,0.0000,impact,ragdoll,Proventus Avenicci,0001A67D,NPC R Thigh [RThg],2,28.690,28.690,270.390,290.232,4.232,6.0000,20.487,-356.914,545.534,-319.650,0.0000,0.0000,1.0000,40.491,-286.831,-17.964,Static,Wood,shape,0000018E5BF03100,-,0,1,0,-
682,18317.494,0.0000,impact,ragdoll,Proventus Avenicci,0001A67D,NPC Spine1 [Spn1],6,62.846,62.846,284.977,328.776,3.318,4.0000,18.878,-343.012,522.605,-318.000,-0.0000,-0.0000,1.0000,158.827,-281.625,-59.626,Static,Carpet,shape,0000018F3647CD00,-,1,1,0,-
683,18317.496,0.0000,impact,ragdoll,Proventus Avenicci,0001A67D,NPC R Foot [Rft ],8,6.992,6.992,447.328,442.360,4.882,3.0000,10.011,-389.783,588.755,-318.000,0.0000,0.0000,1.0000,-126.737,-423.720,-9.038,Static,Carpet,shape,0000018F3647CD00,-,1,1,0,-
684,18318.011,0.0000,impact,ragdoll,Proventus Avenicci,0001A67D,NPC R UpperArm [RUar],12,123.589,123.589,264.997,301.661,2.446,2.0000,14.463,-322.199,504.569,-318.000,0.0000,0.0000,1.0000,168.888,-219.749,-119.108,Static,Carpet,shape,0000018F3647CD00,-,1,1,0,-
685,18337.950,0.0000,impact,ragdoll,Proventus Avenicci,0001A67D,NPC Spine2 [Spn2],9,88.751,88.751,266.118,350.747,4.441,7.0000,23.052,-332.211,501.194,-318.000,-0.0000,0.0000,1.0000,185.048,-285.786,-84.302,Static,Carpet,shape,0000018F3647CD00,-,1,1,0,-
686,18364.498,0.0000,impact,ragdoll,Proventus Avenicci,0001A67D,NPC R Forearm [RLar],15,102.612,102.612,258.885,321.725,5.133,6.0000,11.658,-323.086,514.696,-318.000,0.0000,0.0000,1.0000,155.718,-266.068,-92.013,Static,Carpet,shape,0000018F3647CD00,-,1,1,0,-
687,18365.017,0.0000,impact,ragdoll,Proventus Avenicci,0001A67D,NPC L Hand [LHnd],16,27.771,27.771,134.572,423.077,11.980,4.0000,8.334,-363.836,514.322,-297.216,-0.4522,-0.7756,0.4405,180.424,-382.621,6.535,-,Skin,shape,0000018F3CA8F400,1,1,1,0,-
688,18365.018,0.0000,impact,ragdoll,Proventus Avenicci,0001A67D,NPC L Thigh [LThg],1,27.771,27.771,134.572,406.497,2.748,6.0000,20.487,-363.836,514.322,-297.216,-0.4522,-0.7756,0.4405,89.291,-396.569,0.119,-,Skin,shape,0000018F3CA8C100,16,1,1,0,-
689,18388.414,0.0000,impact,ragdoll,Proventus Avenicci,0001A67D,NPC L Calf [LClf],5,40.180,40.180,58.263,448.009,2.966,6.0000,19.675,-393.333,553.688,-309.943,-0.5095,-0.7035,0.4955,50.290,-445.167,-3.125,-,Skin,shape,0000018F3CA8E500,4,0,1,0,-
690,18388.414,0.0000,impact,ragdoll,Proventus Avenicci,0001A67D,NPC R Calf [RClf],4,40.180,40.180,58.263,443.338,4.178,6.0000,19.675,-393.333,553.688,-309.943,-0.5095,-0.7035,0.4955,6.768,-443.250,5.669,-,Skin,shape,0000018F3CA8F100,5,0,1,0,-
691,18412.997,0.0000,impact,ragdoll,Proventus Avenicci,0001A67D,NPC R Foot [Rft ],8,36.096,36.096,31.542,494.064,4.151,3.0000,10.011,-398.504,536.520,-306.971,0.4042,0.8101,-0.4247,1.872,-493.857,14.173,-,Skin,shape,0000018F3CA8F100,5,1,1,0,-
692,18412.998,0.0000,impact,ragdoll,Proventus Avenicci,0001A67D,NPC L Calf [LClf],5,36.096,36.096,31.542,454.005,3.724,6.0000,19.675,-398.504,536.520,-306.971,0.4042,0.8101,-0.4247,56.704,-450.023,-19.598,-,Skin,shape,0000018F3CA8E200,8,1,1,0,-
693,18412.999,0.0000,impact,ragdoll,Proventus Avenicci,0001A67D,NPC R UpperArm [RUar],12,9.528,9.528,337.669,342.945,4.601,2.0000,14.463,-314.210,496.492,-319.650,-0.0000,0.0000,1.0000,177.880,-292.821,-15.026,Static,Wood,shape,0000018E5BF03100,-,1,1,0,-
694,18441.682,0.0000,impact,ragdoll,Proventus Avenicci,0001A67D,NPC Head [Head],13,83.218,83.218,355.726,394.807,5.104,4.0000,15.108,-303.078,462.412,-318.000,-0.0000,0.0000,1.0000,231.951,-308.333,-83.676,Static,Carpet,shape,0000018F3647CD00,-,1,1,0,-
695,18468.274,0.0000,impact,ragdoll,Proventus Avenicci,0001A67D,NPC Spine2 [Spn2],9,34.585,34.585,362.192,376.345,4.351,7.0000,23.052,-317.298,472.788,-319.650,0.0000,-0.0000,1.0000,149.452,-342.698,-43.101,Static,Wood,shape,0000018E5BF03100,-,1,1,0,-
696,18468.722,0.0000,impact,ragdoll,Proventus Avenicci,0001A67D,NPC L Foot [Lft ],7,25.717,25.717,18.372,509.702,5.020,3.0000,10.011,-393.331,520.633,-310.513,-0.7433,-0.5428,0.3910,54.082,-504.310,-50.432,-,Skin,shape,0000018F3CA8E500,4,1,1,0,-
697,18468.722,0.0000,impact,ragdoll,Proventus Avenicci,0001A67D,NPC R Calf [RClf],4,25.717,25.717,18.372,451.122,5.111,6.0000,19.675,-393.331,520.633,-310.513,-0.7433,-0.5428,0.3910,45.242,-448.540,-16.612,-,Skin,shape,0000018F3CA8EB00,7,1,1,0,-
698,18468.726,0.0000,impact,ragdoll,Proventus Avenicci,0001A67D,NPC R Forearm [RLar],15,7.251,7.251,242.749,348.033,9.559,6.0000,11.658,-310.743,489.729,-319.650,0.0000,-0.0000,1.0000,141.117,-317.645,17.731,Static,Wood,shape,0000018E5BF03100,-,1,1,0,-
699,18468.727,0.0000,impact,ragdoll,Proventus Avenicci,0001A67D,NPC L Hand [LHnd],16,46.755,46.755,115.309,447.511,8.313,4.0000,8.334,-345.390,478.610,-298.928,-0.6425,-0.6038,0.4717,193.166,-401.914,-37.665,-,Skin,shape,0000018F3CA8DF00,3,1,1,0,-
700,18468.727,0.0000,impact,ragdoll,Proventus Avenicci,0001A67D,NPC Spine [Spn0],3,46.755,46.755,115.309,390.084,5.359,4.0000,17.297,-345.390,478.610,-298.928,-0.6425,-0.6038,0.4717,115.276,-372.623,-5.417,-,Skin,shape,0000018F3CA8C100,16,1,1,0,-
701,18491.861,0.0000,impact,ragdoll,Proventus Avenicci,0001A67D,NPC Head [Head],13,70.219,70.219,236.483,332.096,11.116,4.0000,15.108,-296.143,451.098,-319.650,0.0000,-0.0000,1.0000,151.424,-286.421,-72.950,Static,Wood,shape,0000018E5BF03100,-,1,1,0,-
702,18492.343,0.0000,impact,ragdoll,Proventus Avenicci,0001A67D,NPC L Calf [LClf],5,70.376,70.376,463.714,480.465,4.857,6.0000,19.675,-396.379,500.818,-318.000,0.0000,-0.0000,1.0000,74.527,-471.484,-54.735,Static,Carpet,shape,0000018F3647CD00,-,1,1,0,-
703,18514.785,0.0000,impact,ragdoll,Proventus Avenicci,0001A67D,NPC Spine1 [Spn1],6,6.794,6.794,334.101,385.885,5.552,4.0000,18.878,-322.082,469.338,-319.650,0.0000,0.0000,1.0000,111.144,-368.871,-22.106,Static,Wood,shape,0000018E5BF03100,-,1,1,0,-
704,18515.264,0.0000,impact,ragdoll,Proventus Avenicci,0001A67D,NPC L Thigh [LThg],1,52.317,52.317,352.346,430.814,6.058,6.0000,20.487,-347.295,468.321,-318.000,-0.0000,-0.0000,1.0000,84.628,-419.485,-49.707,Static,Carpet,shape,0000018F3647CD00,-,1,1,0,-
705,18515.268,0.0000,impact,ragdoll,Proventus Avenicci,0001A67D,NPC L Foot [Lft ],7,9.050,9.050,390.132,496.923,8.852,3.0000,10.011,-398.892,492.418,-318.000,-0.0000,-0.0000,1.0000,55.534,-493.703,10.289,Static,Carpet,shape,0000018F3647CD00,-,1,1,0,-
706,18536.612,0.0000,impact,ragdoll,Proventus Avenicci,0001A67D,NPC R Foot [Rft ],8,8.194,8.194,446.502,488.124,6.762,3.0000,10.011,-390.579,499.012,-318.000,-0.0000,0.0000,1.0000,42.371,-486.211,-8.296,Static,Carpet,shape,0000018F3647CD00,-,1,1,0,-
707,18536.625,0.0000,impact,ragdoll,Proventus Avenicci,0001A67D,NPC L UpperArm [LUar],10,113.616,113.616,396.417,412.087,5.311,2.0000,14.463,-327.434,434.435,-318.000,-0.0000,0.0000,1.0000,144.963,-373.060,-98.122,Static,Carpet,shape,0000018F3647CD00,-,1,1,0,-
708,18536.628,0.0000,impact,ragdoll,Proventus Avenicci,0001A67D,NPC L Forearm [LLar],14,36.873,36.873,81.903,436.208,6.561,2.0000,11.658,-330.868,450.158,-301.933,-0.7512,-0.6505,0.1122,152.363,-392.647,-113.540,-,Skin,shape,0000018F3CA8DC00,6,1,1,0,-
709,18536.628,0.0000,impact,ragdoll,Proventus Avenicci,0001A67D,NPC Spine1 [Spn1],6,36.873,36.873,81.903,375.983,5.729,4.0000,18.878,-330.868,450.158,-301.933,-0.7512,-0.6505,0.1122,95.492,-363.634,3.795,-,Skin,shape,0000018F3CA8C400,14,1,1,0,-
710,18557.287,0.0000,impact,ragdoll,Proventus Avenicci,0001A67D,NPC L Forearm [LLar],14,98.569,98.569,302.619,381.044,5.986,2.0000,11.658,-328.990,422.652,-318.000,0.0000,0.0000,1.0000,110.749,-356.977,-74.135,Static,Carpet,shape,0000018F3647CD00,-,1,1,0,-
711,18575.323,0.0000,impact,ragdoll,Proventus Avenicci,0001A67D,NPC COM [COM ],0,27.993,27.993,337.555,372.479,5.239,50.0000,17.687,-335.108,449.000,-318.000,0.0000,0.0000,1.0000,100.364,-358.445,-13.592,Static,Carpet,shape,0000018F3647CD00,-,0,1,0,-
712,18575.329,0.0000,impact,ragdoll,Proventus Avenicci,0001A67D,NPC L Calf [LClf],5,58.867,58.867,428.903,461.902,5.577,6.0000,19.675,-390.922,462.035,-319.650,-0.0000,0.0000,1.0000,77.706,-449.475,-72.711,Static,Wood,shape,0000018E5BF03100,-,1,1,0,-
713,18575.758,0.0000,impact,ragdoll,Proventus Avenicci,0001A67D,NPC L Thigh [LThg],1,50.195,50.195,388.473,403.345,4.552,6.0000,20.487,-360.979,447.785,-318.000,-0.0000,-0.0000,1.0000,101.098,-388.066,-43.262,Static,Carpet,shape,0000018F3647CD00,-,0,1,0,-
714,18593.539,0.0000,impact,ragdoll,Proventus Avenicci,0001A67D,NPC Spine [Spn0],3,20.558,20.558,295.835,358.940,7.071,4.0000,17.297,-326.740,436.706,-318.000,0.0000,-0.0000,1.0000,93.607,-346.513,-2.053,Static,Carpet,shape,0000018F3647CD00,-,0,1,0,-
715,18593.546,0.0000,impact,ragdoll,Proventus Avenicci,0001A67D,NPC Spine2 [Spn2],9,24.191,24.191,320.660,366.488,5.320,7.0000,23.052,-304.391,421.492,-318.000,-0.0000,0.0000,1.0000,98.510,-352.888,-8.903,Static,Carpet,shape,0000018F3647CD00,-,0,1,0,-
716,18593.547,0.0000,impact,ragdoll,Proventus Avenicci,0001A67D,NPC L UpperArm [LUar],10,71.111,71.111,283.865,352.053,7.699,2.0000,14.463,-319.062,410.019,-319.650,0.0000,0.0000,1.0000,86.841,-331.898,-79.017,Static,Wood,shape,0000018E5BF03100,-,1,1,0,-
717,18594.100,0.0000,impact,ragdoll,Proventus Avenicci,0001A67D,NPC L UpperArm [LUar],10,201.011,201.011,217.532,314.067,5.403,2.0000,14.463,-316.235,399.829,-318.124,0.0000,0.6589,0.7522,76.920,-304.458,5.166,Static,Carpet,shape,0000018F36551C00,-,1,1,0,-
718,18613.225,0.0000,impact,ragdoll,Proventus Avenicci,0001A67D,NPC Spine2 [Spn2],9,28.449,28.449,185.577,315.909,4.963,7.0000,23.052,-318.800,405.440,-310.584,0.9167,0.3113,0.2506,59.725,-309.919,13.479,-,Skin,shape,0000018F3CA8C400,14,1,1,0,-
719,18613.226,0.0000,impact,ragdoll,Proventus Avenicci,0001A67D,NPC L Forearm [LLar],14,28.449,28.449,185.577,152.711,18.527,2.0000,11.658,-318.800,405.440,-310.584,0.9167,0.3113,0.2506,1.892,-144.404,49.644,-,Skin,shape,0000018F3CA8D900,9,1,1,0,-
720,18613.229,0.0000,impact,ragdoll,Proventus Avenicci,0001A67D,NPC L Forearm [LLar],14,138.046,138.046,205.530,152.711,18.527,2.0000,11.658,-318.275,412.491,-307.410,-0.5070,-0.8074,-0.3019,1.892,-144.404,49.644,-,Skin,shape,0000018F3CA8DC00,6,1,1,0,-
721,18613.229,0.0000,impact,ragdoll,Proventus Avenicci,0001A67D,NPC Spine1 [Spn1],6,138.046,138.046,205.530,331.791,3.268,4.0000,18.878,-318.275,412.491,-307.410,-0.5070,-0.8074,-0.3019,92.403,-316.799,34.427,-,Skin,shape,0000018F3CA8C400,14,1,1,0,-
722,18630.501,0.0000,impact,ragdoll,Proventus Avenicci,0001A67D,NPC L UpperArm [LUar],10,15.765,15.765,196.716,311.848,15.472,2.0000,14.463,-316.466,400.488,-318.000,0.0000,-0.0231,0.9997,-4.979,-306.102,-59.382,Static,Carpet,shape,0000018F3647CD00,-,1,1,0,-
723,18631.051,0.0000,impact,ragdoll,Proventus Avenicci,0001A67D,NPC L Foot [Lft ],7,16.900,16.900,447.010,485.805,6.963,3.0000,10.011,-388.955,426.225,-319.650,-0.0000,0.0000,1.0000,85.834,-477.063,-32.410,Static,Wood,shape,0000018E5BF03100,-,1,1,0,-
724,18631.053,0.0000,impact,ragdoll,Proventus Avenicci,0001A67D,NPC Spine2 [Spn2],9,32.670,32.670,168.707,323.098,3.769,7.0000,23.052,-318.788,400.026,-309.283,0.9529,0.2471,0.1760,61.380,-317.069,9.578,-,Skin,shape,0000018F3CA8C400,14,1,1,0,-
725,18631.053,0.0000,impact,ragdoll,Proventus Avenicci,0001A67D,NPC L Forearm [LLar],14,32.670,32.670,168.707,313.500,4.148,2.0000,11.658,-318.788,400.026,-309.283,0.9529,0.2471,0.1760,74.502,-286.903,102.071,-,Skin,shape,0000018F3CA8D900,9,1,1,0,-
726,18631.056,0.0000,impact,ragdoll,Proventus Avenicci,0001A67D,NPC L Forearm [LLar],14,16.658,16.658,56.024,313.500,4.148,2.0000,11.658,-323.024,409.990,-305.677,-0.2428,-0.9697,-0.0259,74.502,-286.903,102.071,-,Skin,shape,0000018F3CA8DF00,3,1,1,0,-
727,18631.056,0.0000,impact,ragdoll,Proventus Avenicci,0001A67D,NPC Spine [Spn0],3,16.658,16.658,56.024,322.782,5.848,4.0000,17.297,-323.024,409.990,-305.677,-0.2428,-0.9697,-0.0259,84.440,-308.119,46.049,-,Skin,shape,0000018F3CA8C400,14,1,1,0,-
728,18667.995,0.0000,impact,ragdoll,Proventus Avenicci,0001A67D,NPC L Calf [LClf],5,319.734,319.734,251.482,424.430,5.448,6.0000,19.675,-374.295,399.877,-318.172,-0.0000,0.7550,0.6557,80.489,-416.716,3.242,Static,Carpet,shape,0000018F36551C00,-,1,1,0,-
729,18686.924,0.0000,impact,ragdoll,Proventus Avenicci,0001A67D,NPC L Calf [LClf],5,146.036,146.036,407.863,284.741,26.197,6.0000,19.675,-352.384,414.179,-306.628,-0.2298,-0.9659,-0.1196,62.689,-208.868,183.089,-,Skin,shape,0000018F3CA8E500,4,1,1,0,-
730,18686.925,0.0000,impact,ragdoll,Proventus Avenicci,0001A67D,NPC R Calf [RClf],4,146.036,146.036,407.863,360.972,1.682,6.0000,19.675,-352.384,414.179,-306.628,-0.2298,-0.9659,-0.1196,65.609,-354.959,0.579,-,Skin,shape,0000018F3CA8F100,5,1,1,0,-
731,18687.490,0.0000,impact,ragdoll,Proventus Avenicci,0001A67D,NPC R Thigh [RThg],2,34.157,34.157,145.795,327.992,3.024,6.0000,20.487,-326.734,403.316,-305.136,0.1263,0.9440,0.3049,89.711,-315.431,5.823,-,Skin,shape,0000018F3CA8F400,1,0,1,0,-
732,18687.491,0.0000,impact,ragdoll,Proventus Avenicci,0001A67D,NPC L Thigh [LThg],1,34.157,34.157,145.795,297.946,20.269,6.0000,20.487,-326.734,403.316,-305.136,0.1263,0.9440,0.3049,32.351,-294.022,35.723,-,Skin,shape,0000018F3CA8E800,2,0,1,0,-
733,18707.399,0.0000,impact,ragdoll,Proventus Avenicci,0001A67D,NPC COM [COM ],0,11.866,11.866,337.800,350.876,4.796,50.0000,17.687,-322.190,398.523,-318.000,0.0000,-0.0000,1.0000,55.105,-346.422,-8.312,Static,Carpet,shape,0000018F36551C00,-,1,1,0,-
734,18707.401,0.0000,impact,ragdoll,Proventus Avenicci,0001A67D,NPC L Thigh [LThg],1,20.450,20.450,177.800,347.933,18.643,6.0000,20.487,-327.190,393.656,-318.000,0.0000,0.0000,1.0000,58.434,-342.942,-5.824,Static,Carpet,shape,0000018F36551C00,-,1,1,0,-
735,18707.407,0.0000,impact,ragdoll,Proventus Avenicci,0001A67D,NPC R Foot [Rft ],8,154.054,154.054,316.375,396.339,9.811,3.0000,10.011,-380.467,408.246,-307.703,-0.2690,0.9598,-0.0803,90.416,-385.812,-7.690,-,Skin,shape,0000018F3CA8F100,5,1,1,0,-
736,18707.408,0.0000,impact,ragdoll,Proventus Avenicci,0001A67D,NPC L Calf [LClf],5,154.054,154.054,316.375,310.393,8.041,6.0000,19.675,-380.467,408.246,-307.703,-0.2690,0.9598,-0.0803,83.007,-282.427,98.433,-,Skin,shape,0000018F3CA8E200,8,1,1,0,-
737,18727.167,0.0000,impact,ragdoll,Proventus Avenicci,0001A67D,NPC R Thigh [RThg],2,8.641,8.641,27.278,372.871,1.904,6.0000,20.487,-325.353,393.643,-305.400,0.1434,0.9277,0.3446,76.563,-364.826,8.535,-,Skin,shape,0000018F3CA8F400,1,0,1,0,-
738,18727.167,0.0000,impact,ragdoll,Proventus Avenicci,0001A67D,NPC L Thigh [LThg],1,8.641,8.641,27.278,343.123,11.665,6.0000,20.487,-325.353,393.643,-305.400,0.1434,0.9277,0.3446,42.732,-340.361,7.837,-,Skin,shape,0000018F3CA8E800,2,0,1,0,-
739,18746.834,0.0000,impact,ragdoll,Proventus Avenicci,0001A67D,NPC R Calf [RClf],4,221.465,221.465,234.852,343.083,2.206,6.0000,19.675,-364.995,399.844,-318.137,-0.0000,0.6877,0.7260,73.890,-334.992,5.209,Static,Carpet,shape,0000018F36551C00,-,1,1,0,-
740,18807.344,0.0000,impact,ragdoll,Proventus Avenicci,0001A67D,NPC L Forearm [LLar],14,24.851,24.851,343.696,348.975,1.424,2.0000,11.658,-309.285,340.847,-318.000,0.0000,0.0000,1.0000,63.816,-341.689,-30.977,Static,Carpet,shape,0000018F36551C00,-,1,1,0,-
741,18884.003,0.0000,impact,ragdoll,Proventus Avenicci,0001A67D,NPC Spine [Spn0],3,20.048,20.048,330.144,338.451,1.813,4.0000,17.297,-307.012,342.203,-319.650,-0.0000,-0.0000,1.0000,54.282,-333.402,-21.107,Static,Wood,shape,0000018E5BF03100,-,1,1,0,-
742,18914.761,0.0000,impact,ragdoll,Proventus Avenicci,0001A67D,NPC L UpperArm [LUar],10,25.210,25.210,348.581,339.355,2.386,2.0000,14.463,-296.572,308.654,-318.000,0.0000,0.0000,1.0000,62.242,-333.361,-12.575,Static,Carpet,shape,0000018F36551C00,-,0,1,0,-
743,18965.194,0.0000,impact,ragdoll,Proventus Avenicci,0001A67D,NPC L Hand [LHnd],16,45.210,45.210,303.081,344.411,7.867,4.0000,8.334,-319.162,297.864,-318.000,0.0000,-0.0000,1.0000,26.684,-340.383,-45.231,Static,Carpet,shape,0000018F36551C00,-,1,1,0,-
744,19084.678,0.0000,impact,ragdoll,Proventus Avenicci,0001A67D,NPC R Hand [RHnd],17,80.483,80.483,41.035,339.394,5.359,4.0000,8.334,-271.426,267.835,-289.879,0.2442,0.0876,0.9658,26.065,-328.662,-80.560,-,Skin,shape,0000018F3CA8D900,9,1,1,0,-
745,19084.679,0.0000,impact,ragdoll,Proventus Avenicci,0001A67D,NPC Spine2 [Spn2],9,80.483,80.483,41.035,319.625,0.470,7.0000,23.052,-271.426,267.835,-289.879,0.2442,0.0876,0.9658,56.411,-314.565,-5.207,-,Skin,shape,0000018F3CA8CA00,17,1,1,0,-
746,19196.348,0.0000,impact,ragdoll,Proventus Avenicci,0001A67D,NPC L Calf [LClf],5,57.614,57.614,318.798,335.882,3.701,6.0000,19.675,-329.333,237.998,-318.000,-0.0000,-0.0000,1.0000,23.771,-320.058,-99.069,Static,Carpet,shape,0000018F36551C00,-,1,1,0,-
747,19216.294,0.0000,impact,ragdoll,Proventus Avenicci,0001A67D,NPC R Thigh [RThg],2,23.697,23.697,27.666,298.148,2.080,6.0000,20.487,-316.775,239.105,-307.404,0.0393,0.9484,0.3147,27.819,-295.356,-29.711,-,Skin,shape,0000018F3CA8F400,1,0,1,0,-
748,19216.295,0.0000,impact,ragdoll,Proventus Avenicci,0001A67D,NPC L Thigh [LThg],1,23.697,23.697,27.666,290.025,2.969,6.0000,20.487,-316.775,239.105,-307.404,0.0393,0.9484,0.3147,31.784,-287.489,-21.320,-,Skin,shape,0000018F3CA8E800,2,0,1,0,-
749,19216.297,0.0000,impact,ragdoll,Proventus Avenicci,0001A67D,NPC R Calf [RClf],4,90.651,90.651,345.103,323.866,2.165,6.0000,19.675,-341.748,266.532,-318.000,-0.0000,-0.0000,1.0000,25.287,-314.960,-71.063,Static,Carpet,shape,0000018F36551C00,-,1,1,0,-
750,19236.403,0.0000,impact,ragdoll,Proventus Avenicci,0001A67D,NPC L Foot [Lft ],7,106.928,106.928,398.889,384.345,4.669,3.0000,10.011,-359.429,225.905,-318.000,0.0000,-0.0000,1.0000,35.503,-364.617,-116.254,Static,Carpet,shape,0000018F36551C00,-,1,1,0,-
751,19258.157,0.0000,impact,ragdoll,Proventus Avenicci,0001A67D,NPC L Thigh [LThg],1,49.134,49.134,333.089,312.911,2.968,6.0000,20.487,-322.772,221.299,-319.650,0.0000,0.0000,1.0000,20.889,-311.246,-24.559,Static,Wood,shape,0000018E5BF03100,-,0,1,0,-
752,19258.158,0.0000,impact,ragdoll,Proventus Avenicci,0001A67D,NPC L Thigh [LThg],1,49.134,49.134,329.370,312.911,2.968,6.0000,20.487,-322.772,221.299,-318.000,-0.0000,0.0000,1.0000,20.889,-311.246,-24.559,Static,Carpet,shape,0000018F36551C00,-,0,1,0,-
753,19258.162,0.0000,impact,ragdoll,Proventus Avenicci,0001A67D,NPC L Calf [LClf],5,60.498,60.498,336.671,327.406,2.610,6.0000,19.675,-327.713,221.405,-319.650,-0.0000,-0.0000,1.0000,18.973,-319.654,-68.233,Static,Wood,shape,0000018E5BF03100,-,1,1,0,-
754,19258.164,0.0000,impact,ragdoll,Proventus Avenicci,0001A67D,NPC L Foot [Lft ],7,52.113,52.113,362.539,341.831,3.619,3.0000,10.011,-358.315,215.637,-319.650,-0.0000,-0.0000,1.0000,31.014,-335.022,-60.390,Static,Wood,shape,0000018E5BF03100,-,1,1,0,-
755,19305.567,0.0000,impact,ragdoll,Proventus Avenicci,0001A67D,NPC R Thigh [RThg],2,25.673,25.673,319.048,302.735,1.068,6.0000,20.487,-313.877,229.099,-318.000,0.0000,0.0000,1.0000,27.023,-300.800,-20.918,Static,Carpet,shape,0000018F36551C00,-,1,1,0,-
756,19328.692,0.0000,impact,ragdoll,Proventus Avenicci,0001A67D,NPC L Calf [LClf],5,9.304,9.304,313.936,305.396,2.051,6.0000,19.675,-351.683,208.863,-318.000,0.0000,-0.0000,1.0000,27.520,-304.089,-6.289,Static,Carpet,shape,0000018F36551C00,-,0,1,0,-
757,19353.617,0.0000,impact,ragdoll,Proventus Avenicci,0001A67D,NPC R Foot [Rft ],8,63.149,63.149,321.772,323.143,1.562,3.0000,10.011,-344.065,232.850,-319.650,0.0000,0.0000,1.0000,37.273,-313.937,-66.900,Static,Wood,shape,0000018E5BF03100,-,1,1,0,-
758,19354.138,0.0000,impact,ragdoll,Proventus Avenicci,0001A67D,NPC Spine2 [Spn2],9,6.171,6.171,294.966,293.686,1.212,7.0000,23.052,-265.679,181.520,-318.000,0.0000,-0.0000,1.0000,22.554,-292.716,-7.735,Static,Carpet,shape,0000018F36551C00,-,1,1,0,-
759,19354.142,0.0000,impact,ragdoll,Proventus Avenicci,0001A67D,NPC R Hand [RHnd],17,6.421,6.421,12.402,307.640,0.518,4.0000,8.334,-260.232,186.205,-289.975,0.2706,0.0253,0.9624,50.214,-302.670,-22.619,-,Skin,shape,0000018F3CA8D900,9,1,1,0,-
760,19354.142,0.0000,impact,ragdoll,Proventus Avenicci,0001A67D,NPC Spine2 [Spn2],9,6.421,6.421,12.402,293.686,1.212,7.0000,23.052,-260.232,186.205,-289.975,0.2706,0.0253,0.9624,22.554,-292.716,-7.735,-,Skin,shape,0000018F3CA8CA00,17,1,1,0,-
761,19479.122,0.0000,impact,ragdoll,Proventus Avenicci,0001A67D,NPC L Forearm [LLar],14,10.707,10.707,312.388,302.364,1.066,2.0000,11.658,-282.249,143.216,-318.000,0.0000,0.0000,1.0000,4.612,-301.997,-14.162,Static,Carpet,shape,0000018F36644100,-,1,1,0,-
762,19479.125,0.0000,impact,ragdoll,Proventus Avenicci,0001A67D,NPC R Hand [RHnd],17,8.914,8.914,20.360,309.654,2.133,4.0000,8.334,-256.657,155.165,-291.171,0.3636,0.0284,0.9311,42.619,-306.008,-20.692,-,Skin,shape,0000018F3CA8D900,9,1,1,0,-
763,19479.125,0.0000,impact,ragdoll,Proventus Avenicci,0001A67D,NPC Spine2 [Spn2],9,8.914,8.914,20.360,301.243,0.742,7.0000,23.052,-256.657,155.165,-291.171,0.3636,0.0284,0.9311,17.715,-300.721,-0.765,-,Skin,shape,0000018F3CA8CA00,17,1,1,0,-
764,19519.574,0.0000,impact,ragdoll,Proventus Avenicci,0001A67D,NPC L UpperArm [LUar],10,7.573,7.573,299.178,299.311,0.820,2.0000,14.463,-275.421,123.767,-318.000,-0.0000,0.0000,1.0000,10.450,-299.106,-3.656,Static,Carpet,shape,0000018F36644100,-,0,1,0,-
765,19538.276,0.0000,impact,ragdoll,Proventus Avenicci,0001A67D,NPC L Thigh [LThg],1,11.447,11.447,293.266,293.138,0.403,6.0000,20.487,-316.618,140.369,-318.000,0.0000,-0.0000,1.0000,15.265,-292.588,-9.433,Static,Carpet,shape,0000018F36644100,-,1,1,0,-
766,19574.817,0.0000,impact,ragdoll,Proventus Avenicci,0001A67D,NPC L Foot [Lft ],7,9.512,9.512,305.088,294.694,1.939,3.0000,10.011,-350.496,127.969,-319.658,0.0000,0.0000,1.0000,7.719,-294.560,-4.411,Static,Wood,shape,0000018E5BF03100,-,1,1,0,-
767,19592.170,0.0000,impact,ragdoll,Proventus Avenicci,0001A67D,NPC L Calf [LClf],5,7.424,7.424,302.206,299.949,0.436,6.0000,19.675,-346.099,126.108,-319.650,-0.0000,-0.0000,1.0000,12.064,-299.676,-4.256,Static,Wood,shape,0000018F366EBA00,-,1,1,0,-
768,19592.173,0.0000,impact,ragdoll,Proventus Avenicci,0001A67D,NPC L Foot [Lft ],7,7.469,7.469,305.242,298.394,1.573,3.0000,10.011,-350.026,127.888,-319.686,0.0000,0.0000,1.0000,4.199,-298.357,-2.026,Static,Wood,shape,0000018E5BF03100,-,1,1,0,-
769,19592.762,0.0000,impact,ragdoll,Proventus Avenicci,0001A67D,NPC R Calf [RClf],4,149.662,149.662,250.591,291.759,0.325,6.0000,19.675,-324.183,143.761,-318.073,0.0000,0.5211,0.8535,12.660,-291.469,2.935,Static,Carpet,shape,0000018F36644100,-,1,1,0,-
770,19874.763,0.0000,impact,ragdoll,Proventus Avenicci,0001A67D,NPC R Hand [RHnd],17,16.698,16.698,47.703,290.404,5.965,4.0000,8.334,-255.322,39.205,-291.170,0.3421,0.0399,0.9388,-19.516,-289.574,-10.041,-,Skin,shape,0000018F3CA8D900,9,1,1,0,-
771,19874.764,0.0000,impact,ragdoll,Proventus Avenicci,0001A67D,NPC Spine2 [Spn2],9,16.698,16.698,47.703,290.132,0.247,7.0000,23.052,-255.322,39.205,-291.170,0.3421,0.0399,0.9388,-5.618,-290.069,2.194,-,Skin,shape,0000018F3CA8CA00,17,1,1,0,-
772,20039.624,0.0000,impact,ragdoll,Proventus Avenicci,0001A67D,NPC R Calf [RClf],4,56.724,56.724,252.902,247.743,1.111,6.0000,19.675,-334.720,33.404,-318.000,-0.0000,-0.0000,1.0000,-13.575,-243.372,-44.299,Static,Carpet,shape,0000018F36644100,-,1,1,0,-
773,20057.387,0.0000,impact,ragdoll,Proventus Avenicci,0001A67D,NPC L Hand [LHnd],16,7.717,7.717,14.051,239.275,0.307,4.0000,8.334,-301.489,-11.066,-308.885,0.0777,-0.9424,0.3253,-17.030,-238.557,-7.266,-,Skin,shape,0000018F3CA8F400,1,1,1,0,-
774,20057.387,0.0000,impact,ragdoll,Proventus Avenicci,0001A67D,NPC L Thigh [LThg],1,7.717,7.717,14.051,245.420,0.460,6.0000,20.487,-301.489,-11.066,-308.885,0.0777,-0.9424,0.3253,-7.495,-245.305,0.013,-,Skin,shape,0000018F3CA8C100,16,1,1,0,-
775,20114.023,0.0000,impact,ragdoll,Proventus Avenicci,0001A67D,NPC R Foot [Rft ],8,23.301,23.301,234.431,226.605,3.173,3.0000,10.011,-340.268,17.054,-318.000,0.0000,-0.0000,1.0000,-32.530,-222.571,-27.454,Static,Carpet,shape,0000018F36644100,-,1,1,0,-
776,20152.885,0.0000,impact,ragdoll,Proventus Avenicci,0001A67D,NPC R Hand [RHnd],17,6.033,6.033,12.249,213.214,0.743,4.0000,8.334,-258.505,-36.845,-290.623,0.3470,0.0011,0.9379,-21.502,-212.127,-0.014,-,Skin,shape,0000018F3CA8D900,9,1,1,0,-
777,20152.885,0.0000,impact,ragdoll,Proventus Avenicci,0001A67D,NPC Spine2 [Spn2],9,6.033,6.033,12.249,212.988,0.279,7.0000,23.052,-258.505,-36.845,-290.623,0.3470,0.0011,0.9379,-16.567,-212.306,3.961,-,Skin,shape,0000018F3CA8CA00,17,1,1,0,-
778,20234.285,0.0000,impact,ragdoll,Proventus Avenicci,0001A67D,NPC R Foot [Rft ],8,5.085,5.085,203.099,196.588,4.357,3.0000,10.011,-342.708,-6.808,-319.650,-0.0000,0.0000,1.0000,-39.712,-192.003,-14.292,Static,Wood,shape,0000018F366EBA00,-,1,1,0,-
779,20349.182,0.0000,impact,ragdoll,Proventus Avenicci,0001A67D,NPC L Forearm [LLar],14,16.702,16.702,0.883,148.159,0.297,2.0000,11.658,-300.897,-66.573,-309.485,0.1827,-0.9543,0.2363,-17.034,-147.156,2.406,-,Skin,shape,0000018F3CA8F400,1,1,1,0,-
780,20349.183,0.0000,impact,ragdoll,Proventus Avenicci,0001A67D,NPC L Thigh [LThg],1,16.702,16.702,0.883,168.494,0.874,6.0000,20.487,-300.897,-66.573,-309.485,0.1827,-0.9543,0.2363,-15.671,-167.764,0.005,-,Skin,shape,0000018F3CA8C400,14,1,1,0,-
781,20519.718,0.0000,impact,ragdoll,Proventus Avenicci,0001A67D,NPC L Forearm [LLar],14,7.388,7.388,7.530,71.036,0.424,2.0000,11.658,-292.297,-86.752,-308.829,-0.2785,-0.9578,-0.0713,-13.066,-69.823,-0.401,-,Skin,shape,0000018F3CA8DF00,3,1,1,0,-
782,20519.719,0.0000,impact,ragdoll,Proventus Avenicci,0001A67D,NPC Spine [Spn0],3,7.388,7.388,7.530,79.118,0.375,4.0000,17.297,-292.297,-86.752,-308.829,-0.2785,-0.9578,-0.0713,-7.556,-78.755,0.518,-,Skin,shape,0000018F3CA8C400,14,1,1,0,-
783,20731.349,0.0000,impact,ragdoll,Proventus Avenicci,0001A67D,NPC L Calf [LClf],5,5.954,5.954,5.898,11.157,0.989,6.0000,19.675,-353.053,-100.234,-319.650,0.0000,-0.0000,1.0000,-0.430,10.629,-3.365,Static,Wood,shape,0000018F366EBA00,-,0,1,0,-
784,21072.272,0.0000,state,unknown,Proventus Avenicci,0001A67D,-,-,0.000,0.000,0.000,0.000,0.000,0.0000,0.000,0.000,0.000,0.000,0.0000,0.0000,0.0000,0.000,0.000,0.000,-,-,-,0000000000000000,-,0,0,0,knock_get_up
785,24297.162,0.0000,state,unknown,Proventus Avenicci,0001A67D,-,-,0.000,0.000,0.000,0.000,0.000,0.0000,0.000,0.000,0.000,0.000,0.0000,0.0000,0.0000,0.000,0.000,0.000,-,-,-,0000000000000000,-,0,0,0,ragdoll_start
786,24346.471,0.0000,impact,ragdoll,Proventus Avenicci,0001A67D,NPC R Foot [Rft ],8,22.399,22.399,141.536,53.190,18.589,3.0000,10.011,-351.022,-111.513,-318.000,-0.0000,-0.0259,0.9997,31.468,-40.858,13.020,Static,Carpet,shape,0000018F36644100,-,1,1,0,-
787,24369.046,0.0000,impact,ragdoll,Proventus Avenicci,0001A67D,NPC Spine2 [Spn2],9,41.195,41.195,48.461,149.485,7.117,7.0000,23.052,-357.760,-112.940,-267.917,0.3431,0.7397,0.5789,-49.358,122.901,69.318,-,Skin,shape,0000018F3CA8CA00,17,1,1,0,-
788,24369.047,0.0000,impact,ragdoll,Proventus Avenicci,0001A67D,NPC R Hand [RHnd],17,41.195,41.195,48.461,196.972,21.303,4.0000,8.334,-357.760,-112.940,-267.917,0.3431,0.7397,0.5789,74.002,34.038,179.340,-,Skin,shape,0000018F3CA8D900,9,1,1,0,-
789,24472.779,0.0000,impact,ragdoll,Proventus Avenicci,0001A67D,NPC Spine2 [Spn2],9,24.965,24.965,39.119,182.474,9.272,7.0000,23.052,-338.539,-93.369,-247.873,-0.4881,0.8247,-0.2856,-21.869,181.117,-3.895,-,Skin,shape,0000018F3CA8C400,14,1,1,0,-
790,24472.780,0.0000,impact,ragdoll,Proventus Avenicci,0001A67D,NPC L Forearm [LLar],14,24.965,24.965,39.119,338.574,13.892,2.0000,11.658,-338.539,-93.369,-247.873,-0.4881,0.8247,-0.2856,-81.427,243.067,221.180,-,Skin,shape,0000018F3CA8D900,9,1,1,0,-
791,24490.502,0.0000,impact,ragdoll,Proventus Avenicci,0001A67D,NPC L Hand [LHnd],16,170.460,170.460,19.619,439.331,23.621,4.0000,8.334,-354.180,-107.110,-242.494,0.8568,-0.4479,-0.2555,-83.416,241.523,357.379,-,Skin,shape,0000018F3CA8CA00,17,1,1,0,-
792,24490.502,0.0000,impact,ragdoll,Proventus Avenicci,0001A67D,NPC R Hand [RHnd],17,170.460,170.460,19.619,245.933,47.670,4.0000,8.334,-354.180,-107.110,-242.494,0.8568,-0.4479,-0.2555,12.597,130.517,208.062,-,Skin,shape,0000018F3CA8C100,16,1,1,0,-
793,24491.086,0.0000,impact,ragdoll,Proventus Avenicci,0001A67D,NPC Spine2 [Spn2],9,119.718,119.718,212.632,171.859,8.333,7.0000,23.052,-360.440,-92.041,-256.413,0.3414,0.9376,0.0663,-26.616,169.408,-11.313,-,Skin,shape,0000018F3CA8CD00,15,1,1,0,-
794,24491.086,0.0000,impact,ragdoll,Proventus Avenicci,0001A67D,NPC R Forearm [RLar],15,119.718,119.718,212.632,298.039,12.744,6.0000,11.658,-360.440,-92.041,-256.413,0.3414,0.9376,0.0663,67.168,200.884,209.670,-,Skin,shape,0000018F3CA8D900,9,1,1,0,-
795,24720.094,0.0000,impact,ragdoll,Proventus Avenicci,0001A67D,NPC L Calf [LClf],5,20.135,20.135,112.945,127.664,7.759,6.0000,19.675,-321.115,-64.690,-318.000,0.0000,0.0000,1.0000,66.131,100.197,43.421,Static,Carpet,shape,0000018F36644100,-,1,1,0,-
796,24720.095,0.0000,impact,ragdoll,Proventus Avenicci,0001A67D,NPC Spine1 [Spn1],6,40.569,40.569,29.176,174.743,2.597,4.0000,18.878,-360.133,-57.383,-242.582,0.2218,-0.1094,-0.9689,11.210,174.255,6.673,-,Skin,shape,0000018F3CA8CD00,15,1,1,0,-
797,24720.095,0.0000,impact,ragdoll,Proventus Avenicci,0001A67D,NPC R Forearm [RLar],15,40.569,40.569,29.176,189.764,1.439,6.0000,11.658,-360.133,-57.383,-242.582,0.2218,-0.1094,-0.9689,22.042,184.939,-36.358,-,Skin,shape,0000018F3CA8DC00,6,1,1,0,-
798,24741.703,0.0000,impact,ragdoll,Proventus Avenicci,0001A67D,NPC L Foot [Lft ],7,19.325,19.325,114.569,110.641,3.619,3.0000,10.011,-320.430,-64.752,-319.734,0.0000,0.0000,1.0000,100.601,45.309,-8.245,Static,Wood,shape,0000018F366EBA00,-,0,1,0,-
799,24741.705,0.0000,impact,ragdoll,Proventus Avenicci,0001A67D,NPC Spine2 [Spn2],9,7.898,7.898,35.600,215.469,1.555,7.0000,23.052,-359.951,-52.927,-242.338,0.2574,0.5281,-0.8092,13.923,214.204,-18.692,-,Skin,shape,0000018F3CA8CD00,15,1,1,0,-
800,24741.705,0.0000,impact,ragdoll,Proventus Avenicci,0001A67D,NPC R Forearm [RLar],15,7.898,7.898,35.600,232.002,2.722,6.0000,11.658,-359.951,-52.927,-242.338,0.2574,0.5281,-0.8092,9.690,230.473,-24.769,-,Skin,shape,0000018F3CA8D900,9,1,1,0,-
801,24945.516,0.0000,impact,ragdoll,Proventus Avenicci,0001A67D,NPC R Foot [Rft ],8,32.777,32.777,736.176,671.695,6.261,3.0000,10.011,-359.990,-24.278,-318.000,-0.0000,0.0000,1.0000,-28.078,670.920,-15.877,Static,Carpet,shape,0000018F36644100,-,1,1,0,-
802,25102.935,0.0000,impact,ragdoll,Proventus Avenicci,0001A67D,NPC R Foot [Rft ],8,32.322,32.322,925.351,907.524,2.084,3.0000,10.011,-365.003,88.291,-318.000,0.0000,0.0000,1.0000,-41.831,906.121,-28.174,Static,Carpet,shape,0000018F36644100,-,1,1,0,-
803,25126.289,0.0000,impact,ragdoll,Proventus Avenicci,0001A67D,NPC Head [Head],13,179.828,179.828,818.450,859.562,2.127,4.0000,15.108,-358.845,193.668,-318.000,0.0000,0.0000,1.0000,-30.016,839.831,-180.640,Static,Carpet,shape,0000018F36551C00,-,1,1,0,-
804,25147.195,0.0000,impact,ragdoll,Proventus Avenicci,0001A67D,NPC L UpperArm [LUar],10,168.112,168.112,854.388,875.800,1.977,2.0000,14.463,-335.642,183.733,-318.000,-0.0000,-0.0000,1.0000,-36.614,860.385,-159.443,Static,Carpet,shape,0000018F36551C00,-,1,1,0,-
805,25147.199,0.0000,impact,ragdoll,Proventus Avenicci,0001A67D,NPC L Forearm [LLar],14,176.992,176.992,849.485,881.976,2.370,2.0000,11.658,-330.306,184.023,-318.000,-0.0000,-0.0000,1.0000,-32.532,862.304,-182.362,Static,Carpet,shape,0000018F36551C00,-,1,1,0,-
806,25148.004,0.0000,impact,ragdoll,Proventus Avenicci,0001A67D,NPC Head [Head],13,211.920,211.920,177.007,704.764,61.708,4.0000,15.108,-358.951,210.612,-319.650,0.0000,0.0000,1.0000,-47.023,675.586,-195.099,Static,Wood,shape,0000018E5BF03100,-,1,1,0,-
807,25148.007,0.0000,impact,ragdoll,Proventus Avenicci,0001A67D,NPC Head [Head],13,211.919,211.919,83.916,704.764,61.708,4.0000,15.108,-358.951,210.612,-318.000,0.0000,-0.0000,1.0000,-47.023,675.586,-195.099,Static,Carpet,shape,0000018F36551C00,-,0,1,0,-
808,25169.068,0.0000,impact,ragdoll,Proventus Avenicci,0001A67D,NPC R Foot [Rft ],8,6.539,6.539,977.705,994.313,3.942,3.0000,10.011,-368.903,152.612,-318.000,0.0000,-0.0000,1.0000,-51.012,992.892,-14.892,Static,Carpet,shape,0000018F36551C00,-,1,1,0,-
809,25217.402,0.0000,impact,ragdoll,Proventus Avenicci,0001A67D,NPC L UpperArm [LUar],10,61.811,61.811,943.593,986.825,9.664,2.0000,14.463,-352.140,254.637,-319.650,-0.0000,0.0000,1.0000,-143.748,975.627,-36.226,Static,Wood,shape,0000018E5BF03100,-,0,1,0,-
810,25238.958,0.0000,impact,ragdoll,Proventus Avenicci,0001A67D,NPC R Foot [Rft ],8,11.179,11.179,934.679,994.034,9.912,3.0000,10.011,-372.584,204.797,-319.650,-0.0000,0.0000,1.0000,-65.313,991.037,-41.046,Static,Wood,shape,0000018E5BF03100,-,1,1,0,-
811,25238.961,0.0000,impact,ragdoll,Proventus Avenicci,0001A67D,NPC Spine2 [Spn2],9,91.142,91.142,79.656,1037.091,1.556,7.0000,23.052,-343.031,260.506,-306.464,-0.9086,-0.0156,0.4173,-40.785,1035.428,-42.221,-,Skin,shape,0000018F3CA8C400,14,1,1,0,-
812,25238.961,0.0000,impact,ragdoll,Proventus Avenicci,0001A67D,NPC L Forearm [LLar],14,91.142,91.142,79.656,977.083,2.807,2.0000,11.658,-343.031,260.506,-306.464,-0.9086,-0.0156,0.4173,-126.942,968.710,-13.313,-,Skin,shape,0000018F3CA8D900,9,1,1,0,-
813,25260.627,0.0000,impact,ragdoll,Proventus Avenicci,0001A67D,NPC R Calf [RClf],4,96.799,96.799,1041.363,1050.953,2.043,6.0000,19.675,-371.497,245.283,-318.000,0.0000,-0.0000,1.0000,-51.690,1045.676,-91.612,Static,Carpet,shape,0000018F36551C00,-,1,1,0,-
814,25260.631,0.0000,impact,ragdoll,Proventus Avenicci,0001A67D,NPC L UpperArm [LUar],10,48.446,48.446,1042.022,1033.809,2.875,2.0000,14.463,-354.048,299.015,-318.000,-0.0000,0.0000,1.0000,-44.314,1031.696,-48.987,Static,Carpet,shape,0000018F36551C00,-,0,1,0,-
815,25280.211,0.0000,impact,ragdoll,Proventus Avenicci,0001A67D,NPC L Hand [LHnd],16,67.904,67.904,15.835,1038.313,1.928,4.0000,8.334,-350.784,311.056,-303.866,0.8721,0.4030,-0.2774,-88.111,1034.515,-10.428,-,Skin,shape,0000018F3CA8D900,9,1,1,0,-
816,25280.211,0.0000,impact,ragdoll,Proventus Avenicci,0001A67D,NPC Spine2 [Spn2],9,67.904,67.904,15.835,1063.315,2.681,7.0000,23.052,-350.784,311.056,-303.866,0.8721,0.4030,-0.2774,-31.364,1062.087,-40.337,-,Skin,shape,0000018F3CA8C100,16,1,1,0,-
817,25299.657,0.0000,impact,ragdoll,Proventus Avenicci,0001A67D,NPC Spine2 [Spn2],9,31.795,31.795,1083.551,1061.820,1.893,7.0000,23.052,-362.111,329.793,-318.000,0.0000,0.0000,1.0000,-25.769,1061.010,-32.479,Static,Carpet,shape,0000018F36551C00,-,1,1,0,-
818,25300.172,0.0000,impact,ragdoll,Proventus Avenicci,0001A67D,NPC R Calf [RClf],4,13.068,13.068,983.880,1021.086,3.036,6.0000,19.675,-374.094,289.863,-318.000,0.0000,0.0000,1.0000,-40.312,1020.283,-3.828,Static,Carpet,shape,0000018F36551C00,-,1,1,0,-
819,25300.180,0.0000,impact,ragdoll,Proventus Avenicci,0001A67D,NPC L Forearm [LLar],14,157.565,157.565,150.546,1039.675,14.674,2.0000,11.658,-352.639,330.307,-302.376,0.6705,0.2204,-0.7084,-48.596,1036.921,57.942,-,Skin,shape,0000018F3CA8DC00,6,1,1,0,-
820,25300.180,0.0000,impact,ragdoll,Proventus Avenicci,0001A67D,NPC Spine1 [Spn1],6,157.565,157.565,150.546,1039.769,3.795,4.0000,18.878,-352.639,330.307,-302.376,0.6705,0.2204,-0.7084,-29.720,1038.469,-42.659,-,Skin,shape,0000018F3CA8C400,14,1,1,0,-
821,25318.499,0.0000,impact,ragdoll,Proventus Avenicci,0001A67D,NPC L Hand [LHnd],16,15.642,15.642,1021.379,1058.275,7.549,4.0000,8.334,-342.359,374.031,-318.000,0.0000,0.0000,1.0000,-0.844,1058.162,-15.476,Static,Carpet,shape,0000018F36551C00,-,1,1,0,-
822,25334.420,0.0000,impact,ragdoll,Proventus Avenicci,0001A67D,NPC R Calf [RClf],4,12.919,12.919,1024.774,1048.100,3.101,6.0000,19.675,-377.233,333.859,-319.650,-0.0000,-0.0000,1.0000,-39.272,1047.315,-10.105,Static,Wood,shape,0000018E5BF03100,-,1,1,0,-
823,25334.422,0.0000,impact,ragdoll,Proventus Avenicci,0001A67D,NPC R Foot [Rft ],8,11.707,11.707,1024.140,1023.976,2.617,3.0000,10.011,-378.466,331.969,-318.000,0.0000,-0.0000,1.0000,-74.212,1021.266,-5.964,Static,Carpet,shape,0000018F36551C00,-,0,1,0,-
824,25351.055,0.0000,impact,ragdoll,Proventus Avenicci,0001A67D,NPC L Forearm [LLar],14,140.928,140.928,1021.898,1037.504,4.831,2.0000,11.658,-345.787,400.412,-318.008,0.0000,-0.1767,0.9843,-40.330,1035.924,40.635,Static,Carpet,shape,0000018F3647CD00,-,1,1,0,-
825,25367.391,0.0000,impact,ragdoll,Proventus Avenicci,0001A67D,NPC Spine2 [Spn2],9,17.890,17.890,1082.561,1067.849,1.582,7.0000,23.052,-363.664,421.297,-318.000,0.0000,-0.0000,1.0000,-8.097,1067.680,-17.158,Static,Carpet,shape,0000018F3647CD00,-,1,1,0,-
826,25367.876,0.0000,impact,ragdoll,Proventus Avenicci,0001A67D,NPC L Forearm [LLar],14,46.890,46.890,1175.473,1059.869,12.070,2.0000,11.658,-350.985,422.441,-318.000,-0.0000,-0.0000,1.0000,-11.588,1059.572,22.254,Static,Carpet,shape,0000018F3647CD00,-,1,1,0,-
827,25383.629,0.0000,impact,ragdoll,Proventus Avenicci,0001A67D,NPC L Calf [LClf],5,128.201,128.201,1078.469,1082.939,1.339,6.0000,19.675,-346.719,353.896,-318.000,-0.0000,0.0000,1.0000,-58.568,1074.307,-123.257,Static,Carpet,shape,0000018F36551C00,-,1,1,0,-
828,25384.290,0.0000,impact,ragdoll,Proventus Avenicci,0001A67D,NPC R Calf [RClf],4,15.206,15.206,1014.928,1048.756,3.090,6.0000,19.675,-377.253,391.025,-319.711,0.0000,0.0000,1.0000,-32.096,1048.157,-15.073,Static,Wood,shape,0000018E5BF03100,-,1,0,0,-
829,25384.291,0.0000,impact,ragdoll,Proventus Avenicci,0001A67D,NPC R Calf [RClf],4,11.459,11.459,1018.290,1048.756,3.090,6.0000,19.675,-381.705,395.477,-319.650,0.0000,-0.0000,1.0000,-32.096,1048.157,-15.073,Static,Wood,shape,0000018E5BF03100,-,0,1,0,-
830,25400.803,0.0000,impact,ragdoll,Proventus Avenicci,0001A67D,NPC R Calf [RClf],4,13.293,13.293,1014.156,1046.032,3.242,6.0000,19.675,-382.265,405.134,-318.000,-0.0000,0.0000,1.0000,-31.270,1045.421,-17.337,Static,Carpet,shape,0000018F3647CD00,-,1,1,0,-
831,25401.330,0.0000,impact,ragdoll,Proventus Avenicci,0001A67D,NPC L Calf [LClf],5,150.821,150.821,1040.430,1065.226,2.505,6.0000,19.675,-351.166,400.433,-318.004,0.0000,-0.1334,0.9911,-53.147,1063.888,-4.909,Static,Carpet,shape,0000018F3647CD00,-,1,1,0,-
832,25418.210,0.0000,impact,ragdoll,Proventus Avenicci,0001A67D,NPC L Thigh [LThg],1,93.422,93.422,876.980,1042.155,12.034,6.0000,20.487,-356.677,444.444,-318.000,-0.0000,0.0000,1.0000,-30.709,1041.022,37.651,Static,Carpet,shape,0000018F3647CD00,-,1,1,0,-
833,25418.751,0.0000,impact,ragdoll,Proventus Avenicci,0001A67D,NPC Spine2 [Spn2],9,27.083,27.083,1102.483,1068.489,3.271,7.0000,23.052,-363.749,491.793,-319.650,0.0000,0.0000,1.0000,0.409,1067.972,-33.222,Static,Wood,shape,0000018E5BF03100,-,1,1,0,-
834,25435.968,0.0000,impact,ragdoll,Proventus Avenicci,0001A67D,NPC COM [COM ],0,107.669,107.669,1106.522,1074.659,5.545,50.0000,17.687,-363.160,476.229,-318.000,-0.0000,0.0000,1.0000,-23.433,1069.399,-103.577,Static,Carpet,shape,0000018F3647CD00,-,1,1,0,-
835,25435.972,0.0000,impact,ragdoll,Proventus Avenicci,0001A67D,NPC Spine1 [Spn1],6,64.184,64.184,1088.745,1063.092,2.970,4.0000,18.878,-361.871,495.886,-318.000,-0.0000,0.0000,1.0000,-5.764,1060.690,-71.189,Static,Carpet,shape,0000018F3647CD00,-,1,1,0,-
836,25454.009,0.0000,impact,ragdoll,Proventus Avenicci,0001A67D,NPC Spine [Spn0],3,26.306,26.306,995.463,1053.256,4.787,4.0000,17.297,-360.940,493.222,-318.000,-0.0000,0.0000,1.0000,16.360,1052.834,-24.916,Static,Carpet,shape,0000018F3647CD00,-,1,1,0,-
837,25454.018,0.0000,impact,ragdoll,Proventus Avenicci,0001A67D,NPC Spine2 [Spn2],9,16.352,16.352,1066.234,1056.551,3.488,7.0000,23.052,-363.453,519.956,-318.000,-0.0000,0.0000,1.0000,15.629,1056.119,-25.850,Static,Carpet,shape,0000018F3647CD00,-,1,1,0,-
838,25454.573,0.0000,impact,ragdoll,Proventus Avenicci,0001A67D,NPC L Hand [LHnd],16,75.056,75.056,196.104,1009.648,17.748,4.0000,8.334,-354.419,527.510,-283.636,0.7058,0.1040,-0.7008,-75.923,1004.388,69.496,-,Skin,shape,0000018F3CA8CA00,17,1,1,0,-
839,25454.574,0.0000,impact,ragdoll,Proventus Avenicci,0001A67D,NPC R Hand [RHnd],17,75.056,75.056,196.104,1084.139,3.709,4.0000,8.334,-354.419,527.510,-283.636,0.7058,0.1040,-0.7008,-82.796,1080.463,-33.196,-,Skin,shape,0000018F3CA8C100,16,1,1,0,-
840,25473.573,0.0000,impact,ragdoll,Proventus Avenicci,0001A67D,NPC Spine [Spn0],3,17.497,17.497,867.841,1088.637,19.264,4.0000,17.297,-361.564,510.282,-319.650,0.0000,-0.0000,1.0000,-65.871,1085.361,-52.757,Static,Wood,shape,0000018E5BF03100,-,1,1,0,-
841,25474.024,0.0000,impact,ragdoll,Proventus Avenicci,0001A67D,NPC R Thigh [RThg],2,48.523,48.523,56.154,1027.846,3.152,6.0000,20.487,-363.289,491.537,-297.236,-0.8759,0.0351,0.4812,-34.186,1027.138,16.879,-,Skin,shape,0000018F3CA8F400,1,0,1,0,-
842,25474.024,0.0000,impact,ragdoll,Proventus Avenicci,0001A67D,NPC L Thigh [LThg],1,48.523,48.523,56.154,1023.854,1.309,6.0000,20.487,-363.289,491.537,-297.236,-0.8759,0.0351,0.4812,-44.944,1020.974,62.210,-,Skin,shape,0000018F3CA8E800,2,0,1,0,-
843,25474.025,0.0000,impact,ragdoll,Proventus Avenicci,0001A67D,NPC Spine [Spn0],3,163.959,163.959,341.334,1063.255,13.730,4.0000,17.297,-370.813,532.546,-293.815,0.1550,-0.7283,-0.6675,-58.722,1058.052,87.108,-,Skin,shape,0000018F3CA8CD00,15,1,1,0,-
844,25474.025,0.0000,impact,ragdoll,Proventus Avenicci,0001A67D,NPC R Forearm [RLar],15,163.959,163.959,341.334,967.861,16.210,6.0000,11.658,-370.813,532.546,-293.815,0.1550,-0.7283,-0.6675,-29.866,966.940,-29.827,-,Skin,shape,0000018F3CA8DF00,3,1,1,0,-
845,25492.013,0.0000,impact,ragdoll,Proventus Avenicci,0001A67D,NPC R Calf [RClf],4,6.194,6.194,1070.329,1030.959,3.356,6.0000,19.675,-388.740,507.068,-318.000,-0.0000,0.0000,1.0000,-57.370,1029.341,6.428,Static,Carpet,shape,0000018F3647CD00,-,1,1,0,-
846,25533.047,0.0000,impact,ragdoll,Proventus Avenicci,0001A67D,NPC Head [Head],13,995.283,998.187,211.456,1015.675,3.811,4.0000,15.108,-362.375,639.994,-304.342,-0.0000,-0.9810,0.1938,34.192,1015.055,-9.526,Static,WoodStairs,shape,0000018EF4F19300,-,0,0,0,-
847,25552.313,0.0000,impact,ragdoll,Proventus Avenicci,0001A67D,NPC Head [Head],13,452.430,114.407,534.234,607.264,28.542,4.0000,15.108,-362.524,640.124,-304.789,-0.0000,-0.9243,0.3817,-52.892,374.668,474.969,Static,WoodStairs,shape,0000018EF4F19300,-,0,0,0,-
848,25552.725,0.0000,impact,ragdoll,Proventus Avenicci,0001A67D,NPC Head [Head],13,1098.743,1098.743,406.716,696.241,53.653,4.0000,15.108,-371.491,624.004,-286.691,0.5038,0.4306,-0.7489,-116.267,-361.392,583.635,-,Skin,shape,0000018F3CA8CD00,15,1,1,0,-
849,25552.725,0.0000,impact,ragdoll,Proventus Avenicci,0001A67D,NPC R Forearm [RLar],15,1098.743,1098.743,406.716,1030.744,18.037,6.0000,11.658,-371.491,624.004,-286.691,0.5038,0.4306,-0.7489,-107.441,1024.979,-17.580,-,Skin,shape,0000018F3CA8D300,13,1,1,0,-
850,25552.727,0.0000,impact,ragdoll,Proventus Avenicci,0001A67D,NPC L Hand [LHnd],16,611.909,611.909,1480.898,1039.862,9.774,4.0000,8.334,-355.924,627.904,-294.988,0.8613,-0.3622,0.3562,12.674,1039.652,-16.647,-,Skin,shape,0000018F3CA8D300,13,1,1,0,-
851,25552.727,0.0000,impact,ragdoll,Proventus Avenicci,0001A67D,NPC Head [Head],13,611.909,611.909,1480.898,696.241,53.653,4.0000,15.108,-355.924,627.904,-294.988,0.8613,-0.3622,0.3562,-116.267,-361.392,583.635,-,Skin,shape,0000018F3CA8C100,16,1,1,0,-
852,25552.728,0.0000,impact,ragdoll,Proventus Avenicci,0001A67D,NPC R Hand [RHnd],17,890.368,890.368,729.635,1065.412,15.051,4.0000,8.334,-366.393,628.608,-289.954,-0.2889,-0.2183,0.9321,-123.227,1057.840,-29.867,-,Skin,shape,0000018F3CA8D300,13,1,1,0,-
853,25552.728,0.0000,impact,ragdoll,Proventus Avenicci,0001A67D,NPC Head [Head],13,890.368,890.368,729.635,696.241,53.653,4.0000,15.108,-366.393,628.608,-289.954,-0.2889,-0.2183,0.9321,-116.267,-361.392,583.635,-,Skin,shape,0000018F3CA8CA00,17,1,1,0,-
854,25552.850,0.0000,impact,ragdoll,Proventus Avenicci,0001A67D,NPC Head [Head],13,450.106,40.676,264.026,486.013,36.109,4.0000,15.108,-363.643,640.348,-305.387,-0.0000,-0.4024,0.9155,-54.842,471.596,103.916,Static,WoodStairs,shape,0000018EF4F19300,-,0,0,0,-
855,25578.906,0.0000,impact,ragdoll,Proventus Avenicci,0001A67D,NPC Head [Head],13,682.207,682.207,523.570,719.984,60.890,4.0000,15.108,-373.086,633.055,-285.745,0.5846,0.2843,-0.7598,-63.734,113.706,708.086,-,Skin,shape,0000018F3CA8CD00,15,1,1,0,-
856,25578.906,0.0000,impact,ragdoll,Proventus Avenicci,0001A67D,NPC R Forearm [RLar],15,682.207,682.207,523.570,950.820,28.585,6.0000,11.658,-373.086,633.055,-285.745,0.5846,0.2843,-0.7598,-137.742,920.359,194.999,-,Skin,shape,0000018F3CA8D300,13,1,1,0,-
857,25579.057,0.0000,impact,ragdoll,Proventus Avenicci,0001A67D,NPC Spine2 [Spn2],9,742.165,757.563,282.709,746.838,18.804,7.0000,23.052,-363.702,639.696,-305.831,-0.0000,-0.9985,0.0552,44.490,739.726,92.699,Static,WoodStairs,shape,0000018EF4F19300,-,0,0,0,-
858,25579.425,0.0000,impact,ragdoll,Proventus Avenicci,0001A67D,NPC Spine1 [Spn1],6,117.457,117.457,898.397,929.852,5.571,4.0000,18.878,-367.946,622.975,-319.650,0.0000,0.0000,1.0000,41.508,923.426,-100.928,Static,Wood,shape,0000018E5BF03100,-,1,1,0,-
859,25579.429,0.0000,impact,ragdoll,Proventus Avenicci,0001A67D,NPC L UpperArm [LUar],10,408.941,408.941,624.752,829.057,18.451,2.0000,14.463,-343.299,639.741,-305.725,-0.0000,-0.8598,0.5107,68.240,724.200,397.759,Static,WoodStairs,shape,0000018EF4F19300,-,1,0,0,-
860,25579.429,0.0000,impact,ragdoll,Proventus Avenicci,0001A67D,NPC L UpperArm [LUar],10,408.941,408.941,624.752,829.057,18.451,2.0000,14.463,-343.299,639.741,-305.725,-0.0000,-0.8598,0.5107,68.240,724.200,397.759,Static,WoodStairs,shape,0000018EF4F19300,-,0,1,0,-
861,25579.547,0.0000,impact,ragdoll,Proventus Avenicci,0001A67D,NPC Spine2 [Spn2],9,294.478,48.295,155.379,213.676,6.333,7.0000,23.052,-362.787,639.763,-304.496,-0.0000,-0.9987,0.0509,33.177,75.845,196.988,Static,WoodStairs,shape,0000018EF4F19300,-,0,0,0,-
862,25603.749,0.0000,impact,ragdoll,Proventus Avenicci,0001A67D,NPC Spine [Spn0],3,58.477,58.477,280.175,568.036,33.964,4.0000,17.297,-370.502,621.847,-319.650,0.0000,-0.0000,1.0000,8.796,567.911,8.083,Static,Wood,shape,0000018E5BF03100,-,1,1,0,-
863,25603.765,0.0000,impact,ragdoll,Proventus Avenicci,0001A67D,NPC Neck [Neck],11,39.609,39.609,159.188,421.819,33.556,6.0000,8.431,-360.580,645.855,-305.554,-0.0000,-0.0000,1.0000,95.163,409.151,-38.350,Static,WoodStairs,shape,0000018EF4F19300,-,1,1,0,-
864,25603.937,0.0000,impact,ragdoll,Proventus Avenicci,0001A67D,NPC Spine2 [Spn2],9,233.836,31.293,126.360,204.806,8.512,7.0000,23.052,-362.170,640.016,-304.302,-0.0000,-0.9792,0.2028,56.998,82.872,178.407,Static,WoodStairs,shape,0000018EF4F19300,-,0,0,0,-
865,25604.486,0.0000,impact,ragdoll,Proventus Avenicci,0001A67D,NPC Spine2 [Spn2],9,150.024,12.935,160.194,136.294,18.464,7.0000,23.052,-361.311,640.341,-304.168,-0.0000,-0.9321,0.3623,86.640,33.066,99.881,Static,WoodStairs,shape,0000018EF4F19300,-,0,0,0,-
866,25628.444,0.0000,impact,ragdoll,Proventus Avenicci,0001A67D,NPC COM [COM ],0,410.283,410.283,458.231,702.650,25.849,50.0000,17.687,-374.512,639.800,-305.651,-0.0000,-0.6913,0.7225,-82.191,684.913,133.626,Static,WoodStairs,shape,0000018EF4F19300,-,1,0,0,-
867,25628.444,0.0000,impact,ragdoll,Proventus Avenicci,0001A67D,NPC COM [COM ],0,410.283,410.283,458.231,702.650,25.849,50.0000,17.687,-374.512,639.800,-305.651,-0.0000,-0.6913,0.7225,-82.191,684.913,133.626,Static,WoodStairs,shape,0000018EF4F19300,-,0,1,0,-
868,25628.448,0.0000,impact,ragdoll,Proventus Avenicci,0001A67D,NPC R Thigh [RThg],2,460.678,460.678,530.951,841.815,15.159,6.0000,20.487,-378.886,639.807,-305.644,0.0000,-0.6716,0.7409,-161.386,824.746,49.000,Static,WoodStairs,shape,0000018EF4F19300,-,1,0,0,-
869,25628.449,0.0000,impact,ragdoll,Proventus Avenicci,0001A67D,NPC R Thigh [RThg],2,460.678,460.678,530.951,841.815,15.159,6.0000,20.487,-378.886,639.807,-305.644,0.0000,-0.6716,0.7409,-161.386,824.746,49.000,Static,WoodStairs,shape,0000018EF4F19300,-,0,1,0,-
870,25628.450,0.0000,impact,ragdoll,Proventus Avenicci,0001A67D,NPC Spine [Spn0],3,505.854,505.854,423.005,611.051,51.074,4.0000,17.297,-369.387,639.707,-305.802,-0.0000,-0.9570,0.2901,-27.502,579.544,191.717,Static,WoodStairs,shape,0000018EF4F19300,-,1,0,0,-
871,25628.450,0.0000,impact,ragdoll,Proventus Avenicci,0001A67D,NPC Spine [Spn0],3,505.854,505.854,423.005,611.051,51.074,4.0000,17.297,-369.387,639.707,-305.802,-0.0000,-0.9570,0.2901,-27.502,579.544,191.717,Static,WoodStairs,shape,0000018EF4F19300,-,0,1,0,-
872,25628.457,0.0000,impact,ragdoll,Proventus Avenicci,0001A67D,NPC R Foot [Rft ],8,26.746,26.746,816.573,788.621,21.156,3.0000,10.011,-394.315,606.021,-318.000,0.0000,0.0025,1.0000,-4.670,788.349,20.178,Static,Carpet,shape,0000018F3647CD00,-,1,1,0,-
873,25628.463,0.0000,impact,ragdoll,Proventus Avenicci,0001A67D,NPC Head [Head],13,73.202,73.202,1157.030,275.959,86.002,4.0000,15.108,-346.446,652.890,-288.466,-0.8154,0.2078,-0.5402,262.507,71.149,46.703,-,Skin,shape,0000018F3CA8C400,14,1,1,0,-
874,25628.463,0.0000,impact,ragdoll,Proventus Avenicci,0001A67D,NPC L Forearm [LLar],14,73.202,73.202,1157.030,439.274,40.215,2.0000,11.658,-346.446,652.890,-288.466,-0.8154,0.2078,-0.5402,264.538,349.874,-23.848,-,Skin,shape,0000018F3CA8D300,13,1,1,0,-
875,25628.617,0.0000,impact,ragdoll,Proventus Avenicci,0001A67D,NPC Spine2 [Spn2],9,58.479,-45.602,293.474,227.560,42.213,7.0000,23.052,-360.624,639.773,-305.680,-0.0000,-0.7682,0.6402,87.528,66.965,199.094,Static,WoodStairs,shape,0000018EF4F19300,-,0,0,0,-
876,25629.100,0.0000,impact,ragdoll,Proventus Avenicci,0001A67D,NPC Head [Head],13,25.303,25.303,712.014,256.392,77.589,4.0000,15.108,-355.833,671.608,-295.393,-0.0000,-1.0000,-0.0000,252.827,38.694,17.835,Static,WoodStairs,shape,0000018EF4F19300,-,0,1,0,-
877,25651.919,0.0000,impact,ragdoll,Proventus Avenicci,0001A67D,NPC R UpperArm [RUar],12,40.550,40.550,599.137,499.708,35.276,2.0000,14.463,-370.447,654.952,-305.614,0.0000,0.0000,1.0000,365.267,324.496,-104.838,Static,WoodStairs,shape,0000018EF4F19300,-,0,1,0,-
878,25651.923,0.0000,impact,ragdoll,Proventus Avenicci,0001A67D,NPC R Forearm [RLar],15,604.883,604.883,473.621,678.011,43.406,6.0000,11.658,-381.098,671.691,-291.715,0.0001,-0.7629,0.6465,283.791,536.987,-301.340,Static,WoodStairs,shape,0000018EF4F19300,-,1,0,0,-
879,25651.923,0.0000,impact,ragdoll,Proventus Avenicci,0001A67D,NPC R Forearm [RLar],15,604.883,604.883,473.621,678.011,43.406,6.0000,11.658,-381.098,671.691,-291.715,0.0001,-0.7629,0.6465,283.791,536.987,-301.340,Static,WoodStairs,shape,0000018EF4F19300,-,0,1,0,-
880,25701.396,0.0000,impact,ragdoll,Proventus Avenicci,0001A67D,NPC R UpperArm [RUar],12,168.332,168.332,179.549,275.295,22.931,2.0000,14.463,-369.651,671.608,-292.282,0.0000,-1.0000,-0.0000,106.243,253.705,11.547,Static,WoodStairs,shape,0000018EF4F19300,-,1,0,0,-
881,25701.397,0.0000,impact,ragdoll,Proventus Avenicci,0001A67D,NPC R UpperArm [RUar],12,175.504,175.504,168.972,275.295,22.931,2.0000,14.463,-369.682,671.667,-299.106,-0.0000,-1.0000,0.0000,106.243,253.705,11.547,Static,WoodStairs,shape,0000018EF4F19300,-,0,0,0,-
882,25701.401,0.0000,impact,ragdoll,Proventus Avenicci,0001A67D,NPC R Hand [RHnd],17,73.011,73.011,620.947,100.169,55.548,4.0000,8.334,-385.144,672.521,-291.589,0.0001,-0.0022,1.0000,14.536,-66.684,-73.320,Static,WoodStairs,shape,0000018EF4F19300,-,1,1,0,-
883,25701.886,0.0000,impact,ragdoll,Proventus Avenicci,0001A67D,NPC R Calf [RClf],4,30.217,30.217,619.966,290.769,45.444,6.0000,19.675,-407.391,653.217,-305.554,0.0000,0.0000,1.0000,-159.200,198.602,140.568,Static,WoodStairs,shape,0000018EF4F19300,-,1,1,0,-
884,25701.887,0.0000,impact,ragdoll,Proventus Avenicci,0001A67D,NPC Spine1 [Spn1],6,360.723,360.723,442.559,652.843,8.695,4.0000,18.878,-373.067,661.366,-286.206,0.3891,-0.7808,0.4888,-46.721,533.172,373.829,-,Skin,shape,0000018F3CA8CD00,15,1,1,0,-
885,25701.887,0.0000,impact,ragdoll,Proventus Avenicci,0001A67D,NPC R Forearm [RLar],15,360.723,360.723,442.559,104.159,15.560,6.0000,11.658,-373.067,661.366,-286.206,0.3891,-0.7808,0.4888,-23.667,-78.203,64.600,-,Skin,shape,0000018F3CA8DC00,6,1,1,0,-
886,25727.683,0.0000,impact,ragdoll,Proventus Avenicci,0001A67D,NPC R Forearm [RLar],15,107.124,107.124,94.861,116.884,10.171,6.0000,11.658,-375.901,671.633,-291.811,0.0001,-0.9282,0.3721,-36.226,106.881,-30.430,Static,WoodStairs,shape,0000018EF4F19300,-,1,0,0,-
887,25727.684,0.0000,impact,ragdoll,Proventus Avenicci,0001A67D,NPC R Forearm [RLar],15,107.124,107.124,94.861,116.884,10.171,6.0000,11.658,-375.901,671.633,-291.811,0.0001,-0.9282,0.3721,-36.226,106.881,-30.430,Static,WoodStairs,shape,0000018EF4F19300,-,0,1,0,-
888,25771.393,0.0000,impact,ragdoll,Proventus Avenicci,0001A67D,NPC R Forearm [RLar],15,76.415,76.415,219.085,261.880,40.832,6.0000,11.658,-388.279,676.488,-291.580,0.0001,-0.0022,1.0000,-160.433,118.197,169.917,Static,WoodStairs,shape,0000018EF4F19300,-,0,1,0,-
889,25771.395,0.0000,impact,ragdoll,Proventus Avenicci,0001A67D,NPC R Hand [RHnd],17,129.739,129.739,385.351,206.720,45.463,4.0000,8.334,-389.801,682.937,-291.566,0.0001,-0.0022,1.0000,27.257,159.536,-128.603,Static,WoodStairs,shape,0000018EF4F19300,-,1,1,0,-
890,25809.180,0.0000,impact,ragdoll,Proventus Avenicci,0001A67D,NPC R Thigh [RThg],2,19.744,19.744,108.406,698.933,3.579,6.0000,20.487,-393.513,708.689,-221.211,-0.2777,-0.7348,-0.6188,-47.849,613.823,330.816,-,Skin,shape,0000018F3CA8F400,1,1,1,0,-
891,25809.181,0.0000,impact,ragdoll,Proventus Avenicci,0001A67D,NPC L Thigh [LThg],1,19.744,19.744,108.406,634.121,12.647,6.0000,20.487,-393.513,708.689,-221.211,-0.2777,-0.7348,-0.6188,-175.722,487.090,366.026,-,Skin,shape,0000018F3CA8E800,2,1,1,0,-
892,25961.289,0.0000,impact,ragdoll,Proventus Avenicci,0001A67D,NPC Head [Head],13,65.117,65.117,120.630,920.676,6.412,4.0000,15.108,-410.827,764.016,-186.885,-0.3490,0.0296,0.9366,-175.501,782.072,452.998,-,Skin,shape,0000018F3CA8CA00,17,1,1,0,-
893,25961.290,0.0000,impact,ragdoll,Proventus Avenicci,0001A67D,NPC R Hand [RHnd],17,65.117,65.117,120.630,996.700,15.349,4.0000,8.334,-410.827,764.016,-186.885,-0.3490,0.0296,0.9366,-156.702,831.132,527.328,-,Skin,shape,0000018F3CA8D300,13,1,1,0,-
894,26043.038,0.0000,impact,ragdoll,Proventus Avenicci,0001A67D,NPC R Hand [RHnd],17,49.738,49.738,56.978,1041.683,7.446,4.0000,8.334,-420.028,837.008,-151.802,-0.0499,-0.8595,-0.5087,-166.510,932.416,433.565,-,Skin,shape,0000018F3CA8D900,9,1,1,0,-
895,26043.038,0.0000,impact,ragdoll,Proventus Avenicci,0001A67D,NPC Spine2 [Spn2],9,49.738,49.738,56.978,1019.277,4.827,7.0000,23.052,-420.028,837.008,-151.802,-0.0499,-0.8595,-0.5087,-175.767,949.510,326.287,-,Skin,shape,0000018F3CA8CA00,17,1,1,0,-
896,26154.813,0.0000,impact,ragdoll,Proventus Avenicci,0001A67D,NPC L Hand [LHnd],16,44.806,44.806,149.937,1211.291,2.824,4.0000,8.334,-441.937,932.272,-98.970,0.6612,0.3828,0.6452,-265.898,1161.936,215.471,-,Skin,shape,0000018F3CA8D300,13,1,1,0,-
897,26154.813,0.0000,impact,ragdoll,Proventus Avenicci,0001A67D,NPC Head [Head],13,44.806,44.806,149.937,1090.249,4.107,4.0000,15.108,-441.937,932.272,-98.970,0.6612,0.3828,0.6452,-187.199,1037.119,279.252,-,Skin,shape,0000018F3CA8C100,16,1,1,0,-
898,26178.938,0.0000,impact,ragdoll,Proventus Avenicci,0001A67D,NPC L Hand [LHnd],16,69.808,69.808,123.753,1211.022,2.075,4.0000,8.334,-436.716,952.910,-100.351,-0.0157,-0.3452,0.9384,-239.978,1169.626,202.383,-,Skin,shape,0000018F3CA8D900,9,1,1,0,-
899,26178.939,0.0000,impact,ragdoll,Proventus Avenicci,0001A67D,NPC Spine2 [Spn2],9,69.808,69.808,123.753,1020.005,3.773,7.0000,23.052,-436.716,952.910,-100.351,-0.0157,-0.3452,0.9384,-167.594,982.797,215.482,-,Skin,shape,0000018F3CA8C100,16,1,1,0,-
900,26268.312,0.0000,impact,ragdoll,Proventus Avenicci,0001A67D,NPC L Foot [Lft ],7,851.097,851.295,86.629,856.204,6.810,3.0000,10.011,-425.835,1087.524,-163.421,-0.0000,-1.0000,0.0000,88.893,851.537,-8.268,Static,WoodStairs,shape,0000018EF5034A00,-,0,0,0,-
901,26268.320,0.0000,impact,ragdoll,Proventus Avenicci,0001A67D,NPC L Foot [Lft ],7,151.462,158.598,320.707,184.956,110.358,3.0000,10.011,-425.882,1087.524,-158.111,-0.0000,-1.0000,-0.0000,75.636,-141.458,92.073,Static,WoodStairs,shape,0000018EF5034A00,-,1,0,0,-
902,26268.321,0.0000,impact,ragdoll,Proventus Avenicci,0001A67D,NPC L Foot [Lft ],7,207.016,123.996,326.906,184.956,110.358,3.0000,10.011,-425.847,1087.601,-158.126,-0.0000,-0.9945,0.1045,75.636,-141.458,92.073,Static,WoodStairs,shape,0000018EF5034A00,-,0,1,0,-
903,26268.329,0.0000,impact,ragdoll,Proventus Avenicci,0001A67D,NPC L Calf [LClf],5,727.705,728.461,432.765,805.940,7.559,6.0000,19.675,-422.767,1087.992,-157.005,-0.0000,-0.8654,0.5011,-20.552,803.900,53.502,Static,WoodStairs,shape,0000018EF5034A00,-,0,0,0,-
904,26322.199,0.0000,impact,ragdoll,Proventus Avenicci,0001A67D,NPC R Calf [RClf],4,22.531,22.531,752.589,852.997,15.584,6.0000,19.675,-445.335,1127.777,-143.559,0.0000,0.0000,1.0000,85.319,839.465,-124.994,Static,WoodStairs,shape,0000018EF5034A00,-,1,1,0,-
905,26337.821,0.0000,impact,ragdoll,Proventus Avenicci,0001A67D,NPC R Calf [RClf],4,664.841,664.841,325.075,790.751,18.073,6.0000,19.675,-447.283,1151.283,-135.794,-0.0000,-0.8090,0.5878,122.769,765.750,-154.405,Static,Wood,shape,0000018EF5034A00,-,1,0,0,-
906,26337.822,0.0000,impact,ragdoll,Proventus Avenicci,0001A67D,NPC R Calf [RClf],4,664.841,664.841,325.075,790.751,18.073,6.0000,19.675,-447.283,1151.283,-135.794,-0.0000,-0.8090,0.5878,122.769,765.750,-154.405,Static,WoodStairs,shape,0000018EF5034A00,-,0,0,0,-
907,26337.822,0.0000,impact,ragdoll,Proventus Avenicci,0001A67D,NPC R Calf [RClf],4,615.480,615.480,290.887,790.751,18.073,6.0000,19.675,-443.552,1151.281,-140.693,-0.0000,-1.0000,0.0000,122.769,765.750,-154.405,Static,WoodStairs,shape,0000018EF5034A00,-,0,1,0,-
908,26337.827,0.0000,impact,ragdoll,Proventus Avenicci,0001A67D,NPC L Hand [LHnd],16,5.931,5.931,93.897,1067.718,3.855,4.0000,8.334,-461.516,1134.588,-77.050,0.1081,0.2770,0.9548,-71.713,1064.561,39.863,-,Skin,shape,0000018F3CA8D900,9,1,1,0,-
909,26337.827,0.0000,impact,ragdoll,Proventus Avenicci,0001A67D,NPC Spine2 [Spn2],9,5.931,5.931,93.897,1002.562,3.640,7.0000,23.052,-461.516,1134.588,-77.050,0.1081,0.2770,0.9548,-139.249,989.470,81.778,-,Skin,shape,0000018F3CA8C100,16,1,1,0,-
910,26354.578,0.0000,impact,ragdoll,Proventus Avenicci,0001A67D,NPC R Foot [Rft ],8,282.889,282.889,597.125,398.786,42.743,3.0000,10.011,-457.097,1163.962,-135.650,-0.0000,-0.0000,1.0000,321.889,-98.742,-213.700,Static,Wood,shape,0000018EF5034A00,-,1,1,0,-
911,26355.050,0.0000,impact,ragdoll,Proventus Avenicci,0001A67D,NPC L Thigh [LThg],1,661.420,661.420,946.217,744.213,14.671,6.0000,20.487,-437.334,1139.843,-131.038,0.4591,-0.4763,0.7499,-146.316,726.061,72.669,-,Skin,shape,0000018F3CA8E500,4,1,1,0,-
912,26355.051,0.0000,impact,ragdoll,Proventus Avenicci,0001A67D,NPC R Calf [RClf],4,661.420,661.420,946.217,199.910,23.350,6.0000,19.675,-437.334,1139.843,-131.038,0.4591,-0.4763,0.7499,-111.476,61.180,154.254,-,Skin,shape,0000018F3CA8F400,1,1,1,0,-
913,26404.564,0.0000,impact,ragdoll,Proventus Avenicci,0001A67D,NPC R Foot [Rft ],8,31.388,31.388,566.748,612.921,10.298,3.0000,10.011,-460.178,1192.833,-135.749,0.0000,0.0000,1.0000,-337.074,511.775,-11.800,Static,Wood,shape,0000018EF5034A00,-,0,1,0,-
914,26422.458,0.0000,impact,ragdoll,Proventus Avenicci,0001A67D,NPC R Foot [Rft ],8,6.401,6.401,628.164,612.075,10.201,3.0000,10.011,-474.251,1194.997,-135.676,0.0000,0.0000,1.0000,-389.773,471.508,19.822,Static,Wood,shape,0000018EF5034A00,-,0,1,0,-
915,26458.356,0.0000,impact,ragdoll,Proventus Avenicci,0001A67D,NPC R Foot [Rft ],8,438.030,438.030,266.118,548.727,20.856,3.0000,10.011,-482.508,1215.693,-129.883,-0.0000,-0.9980,0.0634,-353.755,416.428,50.455,Static,WoodStairs,shape,0000018F36715600,-,1,0,0,-
916,26458.357,0.0000,impact,ragdoll,Proventus Avenicci,0001A67D,NPC R Foot [Rft ],8,432.997,432.997,274.231,548.727,20.856,3.0000,10.011,-482.508,1215.693,-129.883,-0.0000,-0.9945,0.1045,-353.755,416.428,50.455,Static,WoodStairs,shape,0000018F36715600,-,0,1,0,-
917,26478.132,0.0000,impact,ragdoll,Proventus Avenicci,0001A67D,NPC L UpperArm [LUar],10,179.902,179.902,616.799,714.405,13.678,2.0000,14.463,-463.087,1279.810,-101.564,-0.0000,-0.1820,0.9833,100.922,705.232,-53.259,Static,WoodStairs,shape,0000018F36715600,-,1,1,0,-
918,26497.398,0.0000,impact,ragdoll,Proventus Avenicci,0001A67D,NPC Head [Head],13,225.050,225.050,686.152,802.767,17.393,4.0000,15.108,-487.997,1287.240,-101.558,0.0000,-0.0000,1.0000,94.200,763.289,-230.113,Static,WoodStairs,shape,0000018F36715600,-,1,1,0,-
919,26497.400,0.0000,impact,ragdoll,Proventus Avenicci,0001A67D,NPC L Forearm [LLar],14,618.651,618.651,479.323,814.235,15.062,2.0000,11.658,-457.651,1311.478,-87.657,-0.0000,-0.6911,0.7228,155.980,797.164,-56.380,Static,WoodStairs,shape,0000018F36715600,-,1,1,0,-
920,26516.459,0.0000,impact,ragdoll,Proventus Avenicci,0001A67D,NPC Head [Head],13,733.491,734.224,95.530,734.352,7.888,4.0000,15.108,-487.296,1311.370,-89.303,-0.0000,-1.0000,0.0000,74.842,730.443,11.139,Static,WoodStairs,shape,0000018F36715600,-,0,0,0,-
921,26516.862,0.0000,impact,ragdoll,Proventus Avenicci,0001A67D,NPC L UpperArm [LUar],10,498.550,498.550,476.145,665.982,12.570,2.0000,14.463,-457.184,1311.462,-87.674,-0.0000,-0.7379,0.6749,201.305,632.800,-50.712,Static,WoodStairs,shape,0000018F36715600,-,1,0,0,-
922,26516.863,0.0000,impact,ragdoll,Proventus Avenicci,0001A67D,NPC L UpperArm [LUar],10,498.551,498.551,476.146,665.982,12.570,2.0000,14.463,-457.184,1311.462,-87.674,-0.0000,-0.7379,0.6749,201.305,632.800,-50.712,Static,WoodStairs,shape,0000018F36715600,-,0,1,0,-
923,26516.983,0.0000,impact,ragdoll,Proventus Avenicci,0001A67D,NPC L Forearm [LLar],14,88.297,88.297,1042.108,595.476,38.998,2.0000,11.658,-449.886,1311.759,-87.562,-0.0000,-0.1045,0.9945,261.194,526.878,93.645,Static,WoodStairs,shape,0000018F36715600,-,1,1,0,-
924,26517.167,0.0000,impact,ragdoll,Proventus Avenicci,0001A67D,NPC Head [Head],13,403.367,230.021,903.178,327.346,105.898,4.0000,15.108,-487.431,1311.370,-90.523,-0.0000,-1.0000,-0.0000,-272.834,149.560,-101.731,Static,WoodStairs,shape,0000018F36715600,-,0,0,0,-
925,26537.508,0.0000,impact,ragdoll,Proventus Avenicci,0001A67D,NPC Neck [Neck],11,353.522,418.834,53.825,436.917,34.976,6.0000,8.431,-481.346,1311.370,-88.027,-0.0000,-1.0000,0.0000,24.745,430.748,-68.853,Static,WoodStairs,shape,0000018F36715600,-,0,0,0,-
926,26537.520,0.0000,impact,ragdoll,Proventus Avenicci,0001A67D,NPC Head [Head],13,130.713,78.141,72.376,132.739,26.946,4.0000,15.108,-487.610,1311.370,-92.465,-0.0000,-1.0000,0.0000,104.748,81.030,-9.044,Static,WoodStairs,shape,0000018F36715600,-,0,0,0,-
927,26561.676,0.0000,impact,ragdoll,Proventus Avenicci,0001A67D,NPC Spine2 [Spn2],9,336.187,336.187,523.274,577.850,17.678,7.0000,23.052,-470.563,1311.491,-87.645,-0.0000,-0.6537,0.7568,-55.185,574.558,27.364,Static,WoodStairs,shape,0000018F36715600,-,1,0,0,-
928,26561.677,0.0000,impact,ragdoll,Proventus Avenicci,0001A67D,NPC Spine2 [Spn2],9,336.187,336.187,523.275,577.850,17.678,7.0000,23.052,-470.563,1311.491,-87.645,-0.0000,-0.6537,0.7568,-55.185,574.558,27.364,Static,WoodStairs,shape,0000018F36715600,-,0,0,0,-
929,26561.677,0.0000,impact,ragdoll,Proventus Avenicci,0001A67D,NPC Spine2 [Spn2],9,599.531,599.531,63.586,577.850,17.678,7.0000,23.052,-473.637,1311.520,-92.115,-0.0000,-1.0000,0.0000,-55.185,574.558,27.364,Static,WoodStairs,shape,0000018F36715600,-,0,1,0,-
930,26561.682,0.0000,impact,ragdoll,Proventus Avenicci,0001A67D,NPC R UpperArm [RUar],12,498.622,498.622,354.312,606.445,20.262,2.0000,14.463,-493.345,1311.370,-88.028,-0.0000,-1.0000,-0.0000,3.416,589.756,-141.251,Static,WoodStairs,shape,0000018F36715600,-,1,1,0,-
931,26562.321,0.0000,impact,ragdoll,Proventus Avenicci,0001A67D,NPC Neck [Neck],11,106.187,71.701,41.215,93.149,15.544,6.0000,8.431,-480.132,1311.369,-87.905,-0.0000,-0.9945,0.1045,-33.416,71.138,49.994,Static,WoodStairs,shape,0000018F36715600,-,0,0,0,-
932,26586.781,0.0000,impact,ragdoll,Proventus Avenicci,0001A67D,NPC R UpperArm [RUar],12,164.335,164.335,66.417,327.419,28.550,2.0000,14.463,-492.247,1311.370,-87.900,-0.0000,-0.9996,0.0289,-56.808,229.023,226.989,Static,WoodStairs,shape,0000018F36715600,-,1,1,0,-
933,26586.784,0.0000,impact,ragdoll,Proventus Avenicci,0001A67D,NPC Head [Head],13,106.553,106.553,193.718,155.538,32.627,4.0000,15.108,-484.903,1311.370,-91.773,-0.0000,-1.0000,0.0000,110.855,106.565,23.390,Static,WoodStairs,shape,0000018F36715600,-,0,0,0,-
934,26586.784,0.0000,impact,ragdoll,Proventus Avenicci,0001A67D,NPC Head [Head],13,107.645,107.645,194.833,155.538,32.627,4.0000,15.108,-484.911,1311.370,-92.075,-0.0000,-1.0000,0.0000,110.855,106.565,23.390,Static,WoodStairs,shape,0000018F36715600,-,0,1,0,-
935,26610.453,0.0000,impact,ragdoll,Proventus Avenicci,0001A67D,NPC R Hand [RHnd],17,368.710,368.710,335.469,550.966,75.458,4.0000,8.334,-516.480,1330.372,-87.560,0.0000,0.0000,1.0000,334.806,235.835,-368.578,Static,WoodStairs,shape,0000018F36715600,-,1,1,0,-
936,26632.781,0.0000,impact,ragdoll,Proventus Avenicci,0001A67D,NPC L UpperArm [LUar],10,54.510,54.510,346.984,244.250,15.017,2.0000,14.463,-462.481,1332.373,-87.681,0.0000,0.0000,1.0000,-64.770,-234.344,-23.367,Static,WoodStairs,shape,0000018F36715600,-,0,1,0,-
937,26633.347,0.0000,impact,ragdoll,Proventus Avenicci,0001A67D,NPC Spine2 [Spn2],9,408.064,408.064,335.751,145.069,16.550,7.0000,23.052,-492.491,1319.272,-70.456,0.8998,-0.4297,-0.0753,-45.072,24.179,135.754,-,Skin,shape,0000018F3CA8CD00,15,1,1,0,-
938,26633.348,0.0000,impact,ragdoll,Proventus Avenicci,0001A67D,NPC R Forearm [RLar],15,408.064,408.064,335.751,544.581,31.191,6.0000,11.658,-492.491,1319.272,-70.456,0.8998,-0.4297,-0.0753,493.490,191.945,127.255,-,Skin,shape,0000018F3CA8D900,9,1,1,0,-
939,26633.354,0.0000,impact,ragdoll,Proventus Avenicci,0001A67D,NPC Head [Head],13,83.519,83.519,37.250,236.378,48.769,4.0000,15.108,-485.221,1311.371,-87.879,-0.0000,-0.9960,0.0895,-166.115,100.991,134.466,Static,WoodStairs,shape,0000018F36715600,-,0,1,0,-
940,26633.355,0.0000,impact,ragdoll,Proventus Avenicci,0001A67D,NPC L Forearm [LLar],14,281.597,281.597,249.798,233.912,19.186,2.0000,11.658,-464.672,1325.121,-71.563,0.5137,0.8418,0.1661,-189.489,-136.462,13.664,-,Skin,shape,0000018F3CA8D900,9,1,1,0,-
941,26633.355,0.0000,impact,ragdoll,Proventus Avenicci,0001A67D,NPC Spine2 [Spn2],9,281.597,281.597,249.798,145.069,16.550,7.0000,23.052,-464.672,1325.121,-71.563,0.5137,0.8418,0.1661,-45.072,24.179,135.754,-,Skin,shape,0000018F3CA8C400,14,1,1,0,-
942,26729.268,0.0000,impact,ragdoll,Proventus Avenicci,0001A67D,NPC R Forearm [RLar],15,35.029,35.029,133.399,249.267,17.056,6.0000,11.658,-486.386,1326.687,-49.505,-0.4042,0.2715,-0.8734,181.358,104.963,135.005,-,Skin,shape,0000018F3CA8DC00,6,1,1,0,-
943,26729.269,0.0000,impact,ragdoll,Proventus Avenicci,0001A67D,NPC Spine1 [Spn1],6,35.029,35.029,133.399,322.255,11.990,4.0000,18.878,-486.386,1326.687,-49.505,-0.4042,0.2715,-0.8734,-71.223,235.055,208.624,-,Skin,shape,0000018F3CA8CD00,15,1,1,0,-
944,26772.546,0.0000,impact,ragdoll,Proventus Avenicci,0001A67D,NPC R Forearm [RLar],15,11.157,11.157,107.222,280.170,14.629,6.0000,11.658,-485.059,1336.902,-40.967,0.0224,0.2061,-0.9783,159.344,150.603,174.424,-,Skin,shape,0000018F3CA8DC00,6,1,1,0,-
945,26772.547,0.0000,impact,ragdoll,Proventus Avenicci,0001A67D,NPC Spine1 [Spn1],6,11.157,11.157,107.222,321.557,12.790,4.0000,18.878,-485.059,1336.902,-40.967,0.0224,0.2061,-0.9783,-51.028,236.929,211.329,-,Skin,shape,0000018F3CA8CD00,15,1,1,0,-
946,26772.549,0.0000,impact,ragdoll,Proventus Avenicci,0001A67D,NPC R Hand [RHnd],17,267.899,267.899,88.768,227.019,14.923,4.0000,8.334,-455.743,1339.518,-54.153,-0.9830,0.0871,-0.1616,168.622,-5.237,151.911,-,Skin,shape,0000018F3CA8C400,14,1,1,0,-
947,26772.549,0.0000,impact,ragdoll,Proventus Avenicci,0001A67D,NPC L Forearm [LLar],14,267.899,267.899,88.768,261.292,18.315,2.0000,11.658,-455.743,1339.518,-54.153,-0.9830,0.0871,-0.1616,-94.789,49.629,238.381,-,Skin,shape,0000018F3CA8CA00,17,1,1,0,-
948,26828.247,0.0000,impact,ragdoll,Proventus Avenicci,0001A67D,NPC L Hand [LHnd],16,192.064,192.064,420.030,536.412,14.540,4.0000,8.334,-460.244,1325.568,-34.732,0.9674,0.1981,0.1577,-69.469,-1.862,531.891,-,Skin,shape,0000018F3CA8D300,13,1,1,0,-
949,26828.247,0.0000,impact,ragdoll,Proventus Avenicci,0001A67D,NPC Head [Head],13,192.064,192.064,420.030,380.694,15.191,4.0000,15.108,-460.244,1325.568,-34.732,0.9674,0.1981,0.1577,119.355,248.075,262.947,-,Skin,shape,0000018F3CA8C100,16,1,1,0,-
950,26984.075,0.0000,impact,ragdoll,Proventus Avenicci,0001A67D,NPC R Thigh [RThg],2,98.574,98.574,43.576,276.674,7.276,6.0000,20.487,-507.378,1393.071,26.139,-0.9981,0.0050,0.0611,-19.884,275.917,4.801,-,Skin,shape,0000018F3CA8F400,1,0,1,0,-
951,26984.076,0.0000,impact,ragdoll,Proventus Avenicci,0001A67D,NPC L Thigh [LThg],1,98.574,98.574,43.576,224.164,7.346,6.0000,20.487,-507.378,1393.071,26.139,-0.9981,0.0050,0.0611,-108.405,191.306,43.588,-,Skin,shape,0000018F3CA8E800,2,0,1,0,-
952,27022.423,0.0000,impact,ragdoll,Proventus Avenicci,0001A67D,NPC L Thigh [LThg],1,130.946,130.946,99.181,261.732,7.835,6.0000,20.487,-518.643,1405.011,31.944,0.9606,-0.2319,0.1535,-104.793,239.549,11.756,-,Skin,shape,0000018F3CA8E500,4,1,1,0,-
953,27022.424,0.0000,impact,ragdoll,Proventus Avenicci,0001A67D,NPC R Calf [RClf],4,130.946,130.946,99.181,469.057,9.380,6.0000,19.675,-518.643,1405.011,31.944,0.9606,-0.2319,0.1535,-38.138,466.181,-35.141,-,Skin,shape,0000018F3CA8F400,1,1,1,0,-
954,27074.882,0.0000,impact,ragdoll,Proventus Avenicci,0001A67D,NPC L Calf [LClf],5,88.859,88.859,68.147,433.788,6.427,6.0000,19.675,-518.889,1413.290,30.439,0.6614,-0.1934,0.7247,-237.180,356.689,-68.484,-,Skin,shape,0000018F3CA8E800,2,1,1,0,-
955,27074.883,0.0000,impact,ragdoll,Proventus Avenicci,0001A67D,NPC R Thigh [RThg],2,88.859,88.859,68.147,264.868,7.413,6.0000,20.487,-518.889,1413.290,30.439,0.6614,-0.1934,0.7247,-19.959,262.686,-27.433,-,Skin,shape,0000018F3CA8F100,5,1,1,0,-
956,27099.945,0.0000,impact,ragdoll,Proventus Avenicci,0001A67D,NPC R Thigh [RThg],2,12.240,12.240,32.553,270.337,7.141,6.0000,20.487,-511.579,1412.226,10.850,-0.9072,0.0825,-0.4126,-27.755,262.932,-56.375,-,Skin,shape,0000018F3CA8F400,1,0,1,0,-
957,27099.945,0.0000,impact,ragdoll,Proventus Avenicci,0001A67D,NPC L Thigh [LThg],1,12.240,12.240,32.553,273.124,8.437,6.0000,20.487,-511.579,1412.226,10.850,-0.9072,0.0825,-0.4126,-90.740,255.672,-31.543,-,Skin,shape,0000018F3CA8E800,2,0,1,0,-
958,27256.537,0.0000,impact,ragdoll,Proventus Avenicci,0001A67D,NPC L Forearm [LLar],14,40.179,40.179,60.204,269.397,2.479,2.0000,11.658,-503.892,1415.635,19.147,-0.1253,0.4372,0.8906,-166.297,179.232,-113.119,-,Skin,shape,0000018F3CA8D900,9,1,1,0,-
959,27256.538,0.0000,impact,ragdoll,Proventus Avenicci,0001A67D,NPC Spine2 [Spn2],9,40.179,40.179,60.204,231.003,1.149,7.0000,23.052,-503.892,1415.635,19.147,-0.1253,0.4372,0.8906,-76.447,210.006,-58.444,-,Skin,shape,0000018F3CA8C400,14,1,1,0,-
960,27306.018,0.0000,state,unknown,Proventus Avenicci,0001A67D,-,-,0.000,0.000,0.000,0.000,0.000,0.0000,0.000,0.000,0.000,0.000,0.0000,0.0000,0.0000,0.000,0.000,0.000,-,-,-,0000000000000000,-,0,0,0,knock_get_up
961,27408.460,0.0000,state,unknown,Proventus Avenicci,0001A67D,-,-,0.000,0.000,0.000,0.000,0.000,0.0000,0.000,0.000,0.000,0.000,0.0000,0.0000,0.0000,0.000,0.000,0.000,-,-,-,0000000000000000,-,0,0,0,ragdoll_start
962,27605.145,0.0000,impact,ragdoll,Proventus Avenicci,0001A67D,NPC L Forearm [LLar],14,67.923,67.923,148.121,208.372,32.091,2.0000,11.658,-516.557,1419.162,35.866,0.7571,-0.1912,0.6247,-196.424,21.315,-66.199,-,Skin,shape,0000018F3CA8D900,9,1,1,0,-
963,27605.146,0.0000,impact,ragdoll,Proventus Avenicci,0001A67D,NPC Spine2 [Spn2],9,67.923,67.923,148.121,198.061,11.083,7.0000,23.052,-516.557,1419.162,35.866,0.7571,-0.1912,0.6247,4.688,189.382,57.799,-,Skin,shape,0000018F3CA8C400,14,1,1,0,-
964,27674.867,0.0000,impact,ragdoll,Proventus Avenicci,0001A67D,NPC L Hand [LHnd],16,309.944,309.944,268.591,463.648,29.291,4.0000,8.334,-537.845,1414.260,28.230,0.7696,-0.4445,0.4584,-329.709,316.506,-78.012,-,Skin,shape,0000018F3CA8D000,12,1,1,0,-
965,27674.867,0.0000,impact,ragdoll,Proventus Avenicci,0001A67D,NPC R UpperArm [RUar],12,309.944,309.944,268.591,219.555,13.415,2.0000,14.463,-537.845,1414.260,28.230,0.7696,-0.4445,0.4584,20.513,218.168,13.650,-,Skin,shape,0000018F3CA8C100,16,1,1,0,-
966,27715.519,0.0000,impact,ragdoll,Proventus Avenicci,0001A67D,NPC R Thigh [RThg],2,80.932,80.932,117.343,107.943,12.325,6.0000,20.487,-503.622,1407.355,-27.454,-0.9617,-0.2074,0.1794,-9.778,-107.273,-6.971,-,Skin,shape,0000018F3CA8F400,1,0,1,0,-
967,27715.520,0.0000,impact,ragdoll,Proventus Avenicci,0001A67D,NPC L Thigh [LThg],1,80.932,80.932,117.343,194.805,12.162,6.0000,20.487,-503.622,1407.355,-27.454,-0.9617,-0.2074,0.1794,-42.474,-189.968,7.574,-,Skin,shape,0000018F3CA8E800,2,0,1,0,-
968,27715.961,0.0000,impact,ragdoll,Proventus Avenicci,0001A67D,NPC L Hand [LHnd],16,53.419,53.419,25.965,316.595,13.810,4.0000,8.334,-538.317,1424.720,27.634,0.5461,-0.0316,0.8371,1.462,316.008,19.210,-,Skin,shape,0000018F3CA8D000,12,0,1,0,-
969,27715.961,0.0000,impact,ragdoll,Proventus Avenicci,0001A67D,NPC R UpperArm [RUar],12,53.419,53.419,25.965,218.098,20.067,2.0000,14.463,-538.317,1424.720,27.634,0.5461,-0.0316,0.8371,71.351,204.676,24.150,-,Skin,shape,0000018F3CA8C100,16,0,1,0,-
970,27769.032,0.0000,impact,ragdoll,Proventus Avenicci,0001A67D,NPC L Thigh [LThg],1,54.376,54.376,74.212,142.279,7.337,6.0000,20.487,-517.177,1391.510,-23.774,0.9788,0.1855,-0.0866,-69.564,-118.199,37.857,-,Skin,shape,0000018F3CA8E500,4,1,1,0,-
971,27769.033,0.0000,impact,ragdoll,Proventus Avenicci,0001A67D,NPC R Calf [RClf],4,54.376,54.376,74.212,246.629,3.796,6.0000,19.675,-517.177,1391.510,-23.774,0.9788,0.1855,-0.0866,-108.415,-118.878,186.923,-,Skin,shape,0000018F3CA8F400,1,1,1,0,-
972,27769.516,0.0000,impact,ragdoll,Proventus Avenicci,0001A67D,NPC L Calf [LClf],5,27.082,27.082,22.565,336.725,8.772,6.0000,19.675,-515.668,1391.999,-23.013,0.8802,-0.3459,-0.3249,-196.555,-209.232,175.988,-,Skin,shape,0000018F3CA8E800,2,1,1,0,-
973,27769.516,0.0000,impact,ragdoll,Proventus Avenicci,0001A67D,NPC R Thigh [RThg],2,27.082,27.082,22.565,95.219,5.916,6.0000,20.487,-515.668,1391.999,-23.013,0.8802,-0.3459,-0.3249,-48.933,-77.417,26.053,-,Skin,shape,0000018F3CA8F100,5,1,1,0,-
974,27802.448,0.0000,impact,ragdoll,Proventus Avenicci,0001A67D,NPC L Calf [LClf],5,50.791,50.791,70.111,282.726,7.896,6.0000,19.675,-520.525,1386.317,-20.426,0.9428,-0.1810,-0.2798,-173.634,-125.646,184.387,-,Skin,shape,0000018F3CA8E500,4,1,1,0,-
975,27802.448,0.0000,impact,ragdoll,Proventus Avenicci,0001A67D,NPC R Calf [RClf],4,50.791,50.791,70.111,183.179,4.463,6.0000,19.675,-520.525,1386.317,-20.426,0.9428,-0.1810,-0.2798,-101.291,-62.631,139.184,-,Skin,shape,0000018F3CA8F100,5,1,1,0,-
976,27820.622,0.0000,impact,ragdoll,Proventus Avenicci,0001A67D,NPC L Calf [LClf],5,93.973,93.973,142.213,251.533,6.065,6.0000,19.675,-530.887,1361.102,-21.939,0.8454,-0.1380,-0.5160,-148.843,-65.419,191.924,-,Skin,shape,0000018F3CA8E500,4,0,1,0,-
977,27820.622,0.0000,impact,ragdoll,Proventus Avenicci,0001A67D,NPC R Calf [RClf],4,93.973,93.973,142.213,162.164,3.868,6.0000,19.675,-530.887,1361.102,-21.939,0.8454,-0.1380,-0.5160,-104.903,-31.205,119.660,-,Skin,shape,0000018F3CA8F100,5,0,1,0,-
978,27837.400,0.0000,impact,ragdoll,Proventus Avenicci,0001A67D,NPC L Hand [LHnd],16,53.371,53.371,141.981,514.391,9.544,4.0000,8.334,-507.266,1466.396,5.454,0.3239,-0.4761,0.8175,361.020,103.145,-351.602,-,Skin,shape,0000018F3CA8D300,13,1,1,0,-
979,27837.401,0.0000,impact,ragdoll,Proventus Avenicci,0001A67D,NPC Head [Head],13,53.371,53.371,141.981,336.755,8.714,4.0000,15.108,-507.266,1466.396,5.454,0.3239,-0.4761,0.8175,192.835,5.280,-276.026,-,Skin,shape,0000018F3CA8C100,16,1,1,0,-
980,27855.047,0.0000,impact,ragdoll,Proventus Avenicci,0001A67D,NPC L Foot [Lft ],7,32.410,32.410,150.710,270.379,6.009,3.0000,10.011,-535.081,1359.010,-17.186,0.7714,-0.5044,-0.3880,-133.917,-37.777,231.828,-,Skin,shape,0000018F3CA8E500,4,1,1,0,-
981,27855.047,0.0000,impact,ragdoll,Proventus Avenicci,0001A67D,NPC R Calf [RClf],4,32.410,32.410,150.710,158.419,3.280,6.0000,19.675,-535.081,1359.010,-17.186,0.7714,-0.5044,-0.3880,-100.472,2.546,122.456,-,Skin,shape,0000018F3CA8EB00,7,1,1,0,-
982,27910.500,0.0000,impact,ragdoll,Proventus Avenicci,0001A67D,NPC L Calf [LClf],5,13.980,13.980,108.039,139.659,5.444,6.0000,19.675,-542.810,1358.944,-8.436,0.9443,-0.1456,-0.2950,-87.739,15.472,107.550,-,Skin,shape,0000018F3CA8E200,8,1,1,0,-
983,27910.501,0.0000,impact,ragdoll,Proventus Avenicci,0001A67D,NPC R Foot [Rft ],8,13.980,13.980,108.039,163.532,3.802,3.0000,10.011,-542.810,1358.944,-8.436,0.9443,-0.1456,-0.2950,-90.281,66.231,119.187,-,Skin,shape,0000018F3CA8F100,5,1,1,0,-
984,28036.229,0.0000,impact,ragdoll,Proventus Avenicci,0001A67D,NPC L Hand [LHnd],16,438.622,438.622,485.296,635.303,14.856,4.0000,8.334,-455.183,1418.136,-78.000,0.0000,0.0000,1.0000,-109.759,-446.124,-438.790,Static,Carpet,shape,0000018E5BF1EE00,-,1,1,0,-
985,28060.340,0.0000,impact,ragdoll,Proventus Avenicci,0001A67D,NPC L UpperArm [LUar],10,182.615,182.615,265.102,324.556,17.706,2.0000,14.463,-480.729,1420.951,-78.000,-0.0000,-0.0000,1.0000,-59.970,-250.629,-197.295,Static,Carpet,shape,0000018E5BF1EE00,-,1,1,0,-
986,28060.342,0.0000,impact,ragdoll,Proventus Avenicci,0001A67D,NPC Head [Head],13,330.577,330.577,196.878,368.258,4.613,4.0000,15.108,-487.600,1450.121,-78.000,0.0000,0.0000,1.0000,32.224,-156.764,-331.663,Static,Carpet,shape,0000018E5BF1EE00,-,1,1,0,-
987,28060.345,0.0000,impact,ragdoll,Proventus Avenicci,0001A67D,NPC L Forearm [LLar],14,127.256,127.256,199.513,368.232,24.939,2.0000,11.658,-475.694,1417.219,-79.650,0.0000,0.0000,1.0000,-145.809,-331.861,-64.834,Static,Wood,shape,0000018F365E9C00,-,1,1,0,-
988,28082.960,0.0000,impact,ragdoll,Proventus Avenicci,0001A67D,NPC Head [Head],13,87.926,87.926,7.017,127.231,13.848,4.0000,15.108,-486.315,1448.736,-79.650,-0.0000,0.0000,1.0000,80.268,-40.006,-90.245,Static,Wood,shape,0000018F365E9C00,-,1,1,0,-
989,28104.996,0.0000,impact,ragdoll,Proventus Avenicci,0001A67D,NPC Spine2 [Spn2],9,165.882,165.882,155.012,185.459,7.881,7.0000,23.052,-497.396,1430.000,-78.000,0.0000,0.0000,1.0000,21.405,-37.257,-180.413,Static,Carpet,shape,0000018E5BF1EE00,-,1,1,0,-
990,28105.005,0.0000,impact,ragdoll,Proventus Avenicci,0001A67D,NPC L Forearm [LLar],14,104.066,104.066,216.527,221.496,18.240,2.0000,11.658,-476.535,1408.051,-79.650,0.0000,0.0000,1.0000,9.451,-214.880,-52.897,Static,Wood,shape,0000018F365E9C00,-,1,1,0,-
991,28126.535,0.0000,impact,ragdoll,Proventus Avenicci,0001A67D,NPC Head [Head],13,9.163,9.163,8.237,111.088,15.548,4.0000,15.108,-481.094,1445.959,-78.000,-0.0000,-0.0000,1.0000,94.201,-58.693,-4.671,Static,Carpet,shape,0000018E5BF1EE00,-,0,1,0,-
992,28126.536,0.0000,impact,ragdoll,Proventus Avenicci,0001A67D,NPC Head [Head],13,9.162,9.162,18.030,111.088,15.548,4.0000,15.108,-481.094,1445.960,-79.650,0.0000,-0.0000,1.0000,94.201,-58.693,-4.671,Static,Wood,shape,0000018F365E9C00,-,0,1,0,-
993,28146.187,0.0000,impact,ragdoll,Proventus Avenicci,0001A67D,NPC Spine2 [Spn2],9,154.203,154.203,151.627,139.742,7.626,7.0000,23.052,-499.491,1434.577,-78.000,0.0000,0.0000,1.0000,46.999,-4.866,-131.511,Static,Carpet,shape,0000018E5BF1EE00,-,0,1,0,-
994,28146.190,0.0000,impact,ragdoll,Proventus Avenicci,0001A67D,NPC Neck [Neck],11,82.093,82.093,241.482,118.118,16.209,6.0000,8.431,-486.378,1438.840,-78.000,0.0000,-0.0000,1.0000,67.479,-50.746,-82.604,Static,Carpet,shape,0000018E5BF1EE00,-,1,1,0,-
995,28146.632,0.0000,impact,ragdoll,Proventus Avenicci,0001A67D,NPC R UpperArm [RUar],12,204.794,204.794,155.247,157.154,10.476,2.0000,14.463,-500.866,1465.682,-78.000,-0.0000,-0.0000,1.0000,45.499,-7.052,-150.258,Static,Carpet,shape,0000018E5BF1EE00,-,1,1,0,-
996,28167.258,0.0000,impact,ragdoll,Proventus Avenicci,0001A67D,NPC L UpperArm [LUar],10,29.914,29.914,43.275,49.984,9.567,2.0000,14.463,-481.616,1408.021,-79.651,0.0000,-0.0000,1.0000,-0.541,-12.980,-48.266,Static,Wood,shape,0000018F36715600,-,1,1,0,-
997,28167.259,0.0000,impact,ragdoll,Proventus Avenicci,0001A67D,NPC L UpperArm [LUar],10,29.951,29.951,43.401,49.984,9.567,2.0000,14.463,-481.616,1408.054,-79.650,0.0000,0.0000,1.0000,-0.541,-12.980,-48.266,Static,Wood,shape,0000018F365E9C00,-,1,1,0,-
998,28167.263,0.0000,impact,ragdoll,Proventus Avenicci,0001A67D,NPC R Forearm [RLar],15,23.720,23.720,83.047,124.586,14.430,6.0000,11.658,-502.144,1470.741,-78.000,0.0000,0.0000,1.0000,29.122,-82.276,-88.906,Static,Carpet,shape,0000018E5BF1EE00,-,1,1,0,-
999,28167.700,0.0000,impact,ragdoll,Proventus Avenicci,0001A67D,NPC Spine2 [Spn2],9,158.014,158.014,163.172,153.200,7.128,7.0000,23.052,-497.759,1434.555,-79.650,0.0000,0.0000,1.0000,66.237,-13.755,-137.455,Static,Wood,shape,0000018F365E9C00,-,1,1,0,-
1000,28167.701,0.0000,impact,ragdoll,Proventus Avenicci,0001A67D,NPC L UpperArm [LUar],10,5.540,5.540,94.527,61.058,14.017,2.0000,14.463,-481.799,1408.036,-79.651,0.0000,0.0000,1.0000,41.492,-43.330,-11.357,Static,Wood,shape,0000018F365E9C00,-,0,1,0,-
1001,28167.705,0.0000,impact,ragdoll,Proventus Avenicci,0001A67D,NPC R Hand [RHnd],17,123.405,123.405,164.166,241.353,17.068,4.0000,8.334,-482.871,1473.219,-78.000,0.0000,-0.0000,1.0000,53.471,-200.250,-123.662,Static,Carpet,shape,0000018E5BF1EE00,-,1,1,0,-
1002,28188.272,0.0000,impact,ragdoll,Proventus Avenicci,0001A67D,NPC R Thigh [RThg],2,5.121,5.121,84.815,157.690,4.737,6.0000,20.487,-521.155,1415.892,-43.950,-0.6466,0.7625,-0.0215,-62.216,59.119,-132.289,-,Skin,shape,0000018F3CA8F400,1,0,1,0,-
1003,28188.273,0.0000,impact,ragdoll,Proventus Avenicci,0001A67D,NPC L Thigh [LThg],1,5.121,5.121,84.815,136.014,2.894,6.0000,20.487,-521.155,1415.892,-43.950,-0.6466,0.7625,-0.0215,-34.342,95.548,-90.505,-,Skin,shape,0000018F3CA8E800,2,0,1,0,-
1004,28188.778,0.0000,impact,ragdoll,Proventus Avenicci,0001A67D,NPC R Forearm [RLar],15,94.986,94.986,133.375,112.063,13.302,6.0000,11.658,-500.761,1470.471,-79.650,-0.0000,-0.0000,1.0000,58.453,-85.618,-42.554,Static,Wood,shape,0000018F365E9C00,-,1,1,0,-
1005,28280.632,0.0000,impact,ragdoll,Proventus Avenicci,0001A67D,NPC Spine [Spn0],3,119.987,119.987,16.429,116.656,4.203,4.0000,17.297,-521.594,1428.094,-78.000,-0.0000,0.0000,1.0000,-28.947,17.333,-111.670,Static,Carpet,shape,0000018F36691C00,-,1,1,0,-
1006,28298.094,0.0000,impact,ragdoll,Proventus Avenicci,0001A67D,NPC COM [COM ],0,98.406,98.406,12.267,99.083,4.149,50.0000,17.687,-528.954,1424.552,-78.000,-0.0000,0.0000,1.0000,-29.641,25.125,-91.146,Static,Carpet,shape,0000018F36691C00,-,1,1,0,-
1007,28298.101,0.0000,impact,ragdoll,Proventus Avenicci,0001A67D,NPC Spine1 [Spn1],6,68.485,68.485,8.139,86.181,3.146,4.0000,18.878,-510.400,1430.736,-78.000,-0.0000,-0.0000,1.0000,-24.897,-33.926,-75.209,Static,Carpet,shape,0000018F36691C00,-,1,1,0,-
1008,28315.443,0.0000,impact,ragdoll,Proventus Avenicci,0001A67D,NPC L Hand [LHnd],16,26.294,26.294,252.060,174.434,9.108,4.0000,8.334,-515.544,1387.311,-78.000,0.0000,-0.0000,1.0000,-166.584,44.544,-26.317,Static,Carpet,shape,0000018F36691C00,-,1,1,0,-
1009,28332.347,0.0000,impact,ragdoll,Proventus Avenicci,0001A67D,NPC Spine1 [Spn1],6,14.406,14.406,27.341,45.968,3.615,4.0000,18.878,-510.436,1429.909,-79.650,0.0000,0.0000,1.0000,16.467,-38.995,-17.926,Static,Wood,shape,0000018F365E9C00,-,1,1,0,-
1010,28332.897,0.0000,impact,ragdoll,Proventus Avenicci,0001A67D,NPC Spine1 [Spn1],6,6.393,6.393,20.243,45.737,4.127,4.0000,18.878,-510.282,1429.576,-78.000,0.0038,-0.0000,1.0000,10.140,-43.040,-11.687,Static,Carpet,shape,0000018F36691C00,-,1,1,0,-
1011,28369.593,0.0000,impact,ragdoll,Proventus Avenicci,0001A67D,NPC L UpperArm [LUar],10,32.228,32.228,79.801,88.859,3.687,2.0000,14.463,-499.360,1399.362,-79.651,0.0000,0.0000,1.0000,-72.878,-43.903,-25.637,Static,Wood,shape,0000018F36715600,-,1,1,0,-
1012,28369.595,0.0000,impact,ragdoll,Proventus Avenicci,0001A67D,NPC L Forearm [LLar],14,59.092,59.092,108.576,117.194,5.723,2.0000,11.658,-510.227,1394.043,-78.003,0.1140,0.0000,0.9935,-105.380,17.215,-48.304,Static,Carpet,shape,0000018F36691C00,-,1,1,0,-
1013,28386.970,0.0000,impact,ragdoll,Proventus Avenicci,0001A67D,NPC R Thigh [RThg],2,51.180,51.180,55.188,132.335,6.208,6.0000,20.487,-534.659,1429.946,-78.000,-0.0000,0.0000,1.0000,-50.971,69.098,-100.698,Static,Carpet,shape,0000018F36691C00,-,1,1,0,-
1014,28387.471,0.0000,impact,ragdoll,Proventus Avenicci,0001A67D,NPC Spine1 [Spn1],6,14.724,14.724,9.834,37.310,2.624,4.0000,18.878,-510.381,1428.078,-78.000,0.0000,0.0000,1.0000,-17.906,-26.421,-19.323,Static,Carpet,shape,0000018F36691C00,-,1,1,0,-
1015,28387.480,0.0000,impact,ragdoll,Proventus Avenicci,0001A67D,NPC L Hand [LHnd],16,48.993,48.993,84.592,120.127,5.408,4.0000,8.334,-524.562,1391.215,-78.000,0.0000,0.0000,1.0000,-98.424,48.346,-49.052,Static,Carpet,shape,0000018F36691C00,-,1,1,0,-
1016,28451.063,0.0000,impact,ragdoll,Proventus Avenicci,0001A67D,NPC COM [COM ],0,64.414,64.414,25.552,76.511,3.058,50.0000,17.687,-531.683,1426.706,-79.650,-0.0000,0.0000,1.0000,-37.161,12.293,-65.741,Static,Wood,shape,0000018F365E9C00,-,1,1,0,-
1017,28474.924,0.0000,impact,ragdoll,Proventus Avenicci,0001A67D,NPC R Thigh [RThg],2,33.009,33.009,30.494,96.406,5.610,6.0000,20.487,-536.277,1431.613,-79.650,-0.0000,0.0000,1.0000,-30.606,23.022,-88.472,Static,Wood,shape,0000018F365E9C00,-,1,1,0,-
1018,28474.935,0.0000,impact,ragdoll,Proventus Avenicci,0001A67D,NPC L Forearm [LLar],14,30.148,30.148,72.875,83.069,3.139,2.0000,11.658,-511.007,1393.745,-78.000,0.0000,-0.0000,1.0000,-76.023,1.658,-33.439,Static,Carpet,shape,0000018F36691C00,-,1,1,0,-
1019,28475.465,0.0000,impact,ragdoll,Proventus Avenicci,0001A67D,NPC R Calf [RClf],4,333.630,333.630,113.330,272.231,6.939,6.0000,19.675,-588.152,1439.501,-78.000,-0.0000,-0.0000,1.0000,-26.347,93.964,-254.138,Static,Carpet,shape,0000018F36691C00,-,1,1,0,-
1020,28497.295,0.0000,impact,ragdoll,Proventus Avenicci,0001A67D,NPC L Forearm [LLar],14,7.674,7.674,56.974,77.755,3.704,2.0000,11.658,-512.366,1393.483,-79.651,0.0000,-0.0000,1.0000,-74.264,-0.811,-23.022,Static,Wood,shape,0000018F36715600,-,1,1,0,-
1021,28497.297,0.0000,impact,ragdoll,Proventus Avenicci,0001A67D,NPC L Hand [LHnd],16,62.026,62.026,60.419,100.901,8.940,4.0000,8.334,-531.225,1394.779,-79.651,-0.0000,0.0000,1.0000,-67.205,42.724,-61.961,Static,Wood,shape,0000018F36715600,-,1,1,0,-
1022,28520.110,0.0000,impact,ragdoll,Proventus Avenicci,0001A67D,NPC R Foot [Rft ],8,70.153,70.153,67.329,159.794,13.139,3.0000,10.011,-592.064,1445.256,-78.000,0.0000,-0.0000,1.0000,82.442,116.512,-71.851,Static,Carpet,shape,0000018F36691C00,-,1,1,0,-
1023,28560.631,0.0000,impact,ragdoll,Proventus Avenicci,0001A67D,NPC R Thigh [RThg],2,15.186,15.186,44.357,17.413,2.475,6.0000,20.487,-558.535,1438.837,-78.000,0.0000,-0.0000,1.0000,-7.355,14.455,-6.338,Static,Carpet,shape,0000018F36691C00,-,0,1,0,-
1024,28581.200,0.0000,impact,ragdoll,Proventus Avenicci,0001A67D,NPC R Calf [RClf],4,67.522,67.522,116.731,85.796,3.437,6.0000,19.675,-587.207,1448.199,-79.650,-0.0000,-0.0000,1.0000,12.459,74.434,-40.808,Static,Wood,shape,0000018F365E9C00,-,1,1,0,-
1025,28581.850,0.0000,impact,ragdoll,Proventus Avenicci,0001A67D,NPC R Thigh [RThg],2,21.364,21.364,41.408,19.199,2.199,6.0000,20.487,-558.566,1439.527,-79.650,0.0000,0.0000,1.0000,-3.790,11.909,-14.575,Static,Wood,shape,0000018F365E9C00,-,0,1,0,-
1026,28600.621,0.0000,impact,ragdoll,Proventus Avenicci,0001A67D,NPC R Thigh [RThg],2,56.152,56.152,115.471,11.761,0.628,6.0000,20.487,-560.711,1426.752,-65.200,0.1548,0.9264,-0.3433,-3.910,-11.015,1.303,-,Skin,shape,0000018F3CA8F400,1,0,1,0,-
1027,28600.622,0.0000,impact,ragdoll,Proventus Avenicci,0001A67D,NPC L Thigh [LThg],1,56.152,56.152,115.471,103.586,5.103,6.0000,20.487,-560.711,1426.752,-65.200,0.1548,0.9264,-0.3433,-58.262,4.521,-85.529,-,Skin,shape,0000018F3CA8E800,2,0,1,0,-
1028,28601.227,0.0000,impact,ragdoll,Proventus Avenicci,0001A67D,NPC L Calf [LClf],5,308.913,308.913,66.579,236.599,6.671,6.0000,19.675,-592.696,1427.515,-78.000,-0.0000,0.0000,1.0000,-33.704,25.183,-232.829,Static,Carpet,shape,0000018F36691C00,-,1,1,0,-
1029,28619.961,0.0000,impact,ragdoll,Proventus Avenicci,0001A67D,NPC L Calf [LClf],5,148.032,148.032,2.733,114.684,4.489,6.0000,19.675,-593.491,1427.961,-79.650,-0.0000,0.0000,1.0000,-31.440,-0.971,-110.286,Static,Wood,shape,0000018F365E9C00,-,1,1,0,-
1030,28637.692,0.0000,impact,ragdoll,Proventus Avenicci,0001A67D,NPC R UpperArm [RUar],12,34.646,34.646,76.203,67.853,2.748,2.0000,14.463,-488.767,1428.613,-78.000,0.0000,-0.0000,1.0000,-19.954,-43.373,-48.215,Static,Carpet,shape,0000018E5BF1EE00,-,1,1,0,-
1031,28637.694,0.0000,impact,ragdoll,Proventus Avenicci,0001A67D,NPC Head [Head],13,56.466,56.466,88.438,85.536,3.788,4.0000,15.108,-479.925,1404.739,-78.000,0.0000,0.0000,1.0000,-23.817,-59.315,-56.840,Static,Carpet,shape,0000018E5BF1EE00,-,1,1,0,-
1032,28672.961,0.0000,impact,ragdoll,Proventus Avenicci,0001A67D,NPC R Forearm [RLar],15,64.191,64.191,92.115,80.802,6.467,6.0000,11.658,-483.184,1443.719,-78.000,-0.0000,0.0000,1.0000,-7.879,-34.550,-72.617,Static,Carpet,shape,0000018E5BF1EE00,-,1,1,0,-
1033,28691.053,0.0000,impact,ragdoll,Proventus Avenicci,0001A67D,NPC R UpperArm [RUar],12,50.575,50.575,40.745,43.388,4.037,2.0000,14.463,-486.027,1437.086,-78.000,-0.0000,0.0000,1.0000,-14.447,-11.057,-39.390,Static,Carpet,shape,0000018E5BF1EE00,-,0,1,0,-
1034,28743.637,0.0000,impact,ragdoll,Proventus Avenicci,0001A67D,NPC R Hand [RHnd],17,63.720,63.720,17.148,78.654,4.029,4.0000,8.334,-478.779,1459.236,-78.000,0.0000,0.0000,1.0000,-45.074,-9.681,-63.726,Static,Carpet,shape,0000018E5BF1EE00,-,1,1,0,-
1035,28762.072,0.0000,impact,ragdoll,Proventus Avenicci,0001A67D,NPC R Foot [Rft ],8,13.173,13.173,38.333,32.547,6.310,3.0000,10.011,-586.505,1459.654,-79.650,0.0000,-0.0000,1.0000,-24.902,3.369,-20.684,Static,Wood,shape,0000018F365E9C00,-,1,1,0,-
1036,28762.625,0.0000,impact,ragdoll,Proventus Avenicci,0001A67D,NPC R UpperArm [RUar],12,14.611,14.611,53.439,24.855,3.842,2.0000,14.463,-486.107,1435.015,-79.650,-0.0000,0.0000,1.0000,-1.635,-23.981,-6.325,Static,Wood,shape,0000018F365E9C00,-,1,1,0,-
1037,28799.997,0.0000,impact,ragdoll,Proventus Avenicci,0001A67D,NPC R Forearm [RLar],15,19.644,19.644,26.305,28.949,2.576,6.0000,11.658,-483.440,1440.285,-79.650,-0.0000,0.0000,1.0000,-7.102,-11.832,-25.449,Static,Wood,shape,0000018F365E9C00,-,1,1,0,-
1038,28820.917,0.0000,impact,ragdoll,Proventus Avenicci,0001A67D,NPC COM [COM ],0,7.030,7.030,1.057,11.640,1.220,50.0000,17.687,-538.992,1417.337,-78.000,-0.0000,-0.0000,1.0000,-2.818,-10.737,-3.503,Static,Carpet,shape,0000018F36691C00,-,0,1,0,-
1039,28860.452,0.0000,impact,ragdoll,Proventus Avenicci,0001A67D,NPC R Hand [RHnd],17,58.493,58.493,25.914,64.118,2.429,4.0000,8.334,-483.809,1458.398,-79.650,-0.0000,-0.0000,1.0000,-25.811,-4.790,-58.498,Static,Wood,shape,0000018F365E9C00,-,1,1,0,-
1040,28929.252,0.0000,state,unknown,Proventus Avenicci,0001A67D,-,-,0.000,0.000,0.000,0.000,0.000,0.0000,0.000,0.000,0.000,0.000,0.0000,0.0000,0.0000,0.000,0.000,0.000,-,-,-,0000000000000000,-,0,0,0,knock_get_up
1041,33546.591,0.0000,state,unknown,Proventus Avenicci,0001A67D,-,-,0.000,0.000,0.000,0.000,0.000,0.0000,0.000,0.000,0.000,0.000,0.0000,0.0000,0.0000,0.000,0.000,0.000,-,-,-,0000000000000000,-,0,0,0,ragdoll_start
1042,33571.273,0.0000,impact,ragdoll,Proventus Avenicci,0001A67D,NPC Spine2 [Spn2],9,5.788,5.788,37.011,75.736,1.122,7.0000,23.052,-556.660,1410.362,4.863,-0.1117,-0.7370,0.6666,-57.447,48.303,-10.132,-,Skin,shape,0000018F3CA8CD00,15,1,1,0,-
1043,33571.273,0.0000,impact,ragdoll,Proventus Avenicci,0001A67D,NPC R Forearm [RLar],15,5.788,5.788,37.011,47.889,9.087,6.0000,11.658,-556.660,1410.362,4.863,-0.1117,-0.7370,0.6666,5.219,30.043,-36.926,-,Skin,shape,0000018F3CA8D900,9,1,1,0,-
1044,33571.276,0.0000,impact,ragdoll,Proventus Avenicci,0001A67D,NPC R Hand [RHnd],17,18.499,18.499,94.194,123.079,11.187,4.0000,8.334,-560.708,1404.379,-11.453,-0.1101,0.9200,-0.3762,98.608,29.970,-67.280,-,Skin,shape,0000018F3CA8DF00,3,1,1,0,-
1045,33571.276,0.0000,impact,ragdoll,Proventus Avenicci,0001A67D,NPC Spine [Spn0],3,18.499,18.499,94.194,78.012,6.688,4.0000,17.297,-560.708,1404.379,-11.453,-0.1101,0.9200,-0.3762,-37.189,33.561,-59.804,-,Skin,shape,0000018F3CA8CA00,17,1,1,0,-
1046,33587.657,0.0000,impact,ragdoll,Proventus Avenicci,0001A67D,NPC L Foot [Lft ],7,8.822,8.822,146.825,55.574,23.654,3.0000,10.011,-549.231,1371.198,-78.045,0.0000,-0.4159,0.9094,39.735,38.576,-4.643,Static,Carpet,shape,0000018F36691C00,-,0,1,0,-
1047,33606.504,0.0000,impact,ragdoll,Proventus Avenicci,0001A67D,NPC L Thigh [LThg],1,16.437,16.437,202.290,55.388,6.507,6.0000,20.487,-561.425,1371.807,-16.590,0.2466,0.9299,-0.2730,-23.249,-8.078,-49.619,-,Skin,shape,0000018F3CA8C100,16,1,1,0,-
1048,33606.505,0.0000,impact,ragdoll,Proventus Avenicci,0001A67D,NPC L Hand [LHnd],16,16.437,16.437,202.290,59.686,6.880,4.0000,8.334,-561.425,1371.807,-16.590,0.2466,0.9299,-0.2730,47.156,10.500,-35.051,-,Skin,shape,0000018F3CA8F400,1,1,1,0,-
1049,33624.827,0.0000,impact,ragdoll,Proventus Avenicci,0001A67D,NPC L Calf [LClf],5,29.755,29.755,143.978,78.242,6.168,6.0000,19.675,-542.716,1369.698,-79.651,0.0000,-0.0000,1.0000,52.661,-32.296,-48.017,Static,Wood,shape,0000018F36715600,-,1,1,0,-
1050,33778.051,0.0000,impact,ragdoll,Proventus Avenicci,0001A67D,NPC R Thigh [RThg],2,77.871,77.871,83.201,88.962,13.761,6.0000,20.487,-558.375,1416.291,-36.101,-0.1445,-0.6700,-0.7282,66.844,48.310,-33.350,-,Skin,shape,0000018F3CA8CA00,17,1,1,0,-
1051,33778.052,0.0000,impact,ragdoll,Proventus Avenicci,0001A67D,NPC R Hand [RHnd],17,77.871,77.871,83.201,269.638,14.822,4.0000,8.334,-558.375,1416.291,-36.101,-0.1445,-0.6700,-0.7282,-181.103,29.647,-197.554,-,Skin,shape,0000018F3CA8E800,2,1,1,0,-
1052,33778.054,0.0000,impact,ragdoll,Proventus Avenicci,0001A67D,NPC Spine1 [Spn1],6,27.504,27.504,12.205,380.439,6.926,4.0000,18.878,-573.402,1424.626,-24.984,-0.5230,-0.7504,-0.4043,-103.596,124.227,-344.339,-,Skin,shape,0000018F3CA8CD00,15,1,1,0,-
1053,33778.054,0.0000,impact,ragdoll,Proventus Avenicci,0001A67D,NPC R Forearm [RLar],15,27.504,27.504,12.205,361.104,6.968,6.0000,11.658,-573.402,1424.626,-24.984,-0.5230,-0.7504,-0.4043,-172.518,119.677,-293.788,-,Skin,shape,0000018F3CA8DC00,6,1,1,0,-
1054,33778.059,0.0000,impact,ragdoll,Proventus Avenicci,0001A67D,NPC R Hand [RHnd],17,76.739,76.739,198.835,269.638,14.822,4.0000,8.334,-561.782,1409.957,-37.735,0.3538,0.8240,0.4425,-181.103,29.647,-197.554,-,-,-,0000018F3CA8EE00,0,1,1,0,-
1055,33778.059,0.0000,impact,ragdoll,Proventus Avenicci,0001A67D,NPC COM [COM ],0,76.739,76.739,198.835,211.591,6.967,50.0000,17.687,-561.782,1409.957,-37.735,0.3538,0.8240,0.4425,-46.605,61.069,-197.154,-,Skin,shape,0000018F3CA8CA00,17,1,1,0,-
1056,33798.637,0.0000,impact,ragdoll,Proventus Avenicci,0001A67D,NPC Spine2 [Spn2],9,31.140,31.140,29.827,489.984,7.751,7.0000,23.052,-578.855,1428.485,-29.964,-0.8480,-0.5289,-0.0338,-138.053,134.448,-450.499,-,Skin,shape,0000018F3CA8CD00,15,1,1,0,-
1057,33798.637,0.0000,impact,ragdoll,Proventus Avenicci,0001A67D,NPC R Forearm [RLar],15,31.140,31.140,29.827,393.049,7.487,6.0000,11.658,-578.855,1428.485,-29.964,-0.8480,-0.5289,-0.0338,-172.471,129.143,-328.730,-,Skin,shape,0000018F3CA8D900,9,1,1,0,-
1058,33798.640,0.0000,impact,ragdoll,Proventus Avenicci,0001A67D,NPC R Hand [RHnd],17,63.263,63.263,83.282,310.757,9.296,4.0000,8.334,-567.893,1414.045,-41.480,0.6436,0.6516,0.4015,-150.947,101.713,-251.872,-,Skin,shape,0000018F3CA8DF00,3,1,1,0,-
1059,33798.640,0.0000,impact,ragdoll,Proventus Avenicci,0001A67D,NPC Spine [Spn0],3,63.263,63.263,83.282,274.388,7.461,4.0000,17.297,-567.893,1414.045,-41.480,0.6436,0.6516,0.4015,-29.977,78.944,-261.071,-,Skin,shape,0000018F3CA8CA00,17,1,1,0,-
1060,33893.004,0.0000,impact,ragdoll,Proventus Avenicci,0001A67D,NPC Spine1 [Spn1],6,418.068,418.068,89.153,428.648,10.010,4.0000,18.878,-590.179,1414.842,-78.000,0.0000,0.0000,1.0000,-37.564,92.282,-416.907,Static,Carpet,shape,0000018F36691C00,-,1,1,0,-
1061,33893.006,0.0000,impact,ragdoll,Proventus Avenicci,0001A67D,NPC Spine2 [Spn2],9,540.679,540.679,48.780,545.883,7.809,7.0000,23.052,-601.404,1425.554,-78.000,-0.0000,-0.0000,1.0000,-48.359,88.018,-536.565,Static,Carpet,shape,0000018F36691C00,-,1,1,0,-
1062,33893.008,0.0000,impact,ragdoll,Proventus Avenicci,0001A67D,NPC Head [Head],13,727.365,727.365,34.442,728.109,8.290,4.0000,15.108,-625.231,1432.097,-78.000,-0.0000,-0.0000,1.0000,-31.061,49.945,-725.730,Static,Carpet,shape,0000018F36691C00,-,1,1,0,-
1063,33893.528,0.0000,impact,ragdoll,Proventus Avenicci,0001A67D,NPC Spine [Spn0],3,74.397,74.397,288.760,193.663,8.641,4.0000,17.297,-576.701,1414.493,-78.000,-0.0000,-0.0000,1.0000,-127.534,119.310,-83.699,Static,Carpet,shape,0000018F36691C00,-,1,1,0,-
1064,33916.095,0.0000,impact,ragdoll,Proventus Avenicci,0001A67D,NPC COM [COM ],0,134.607,134.607,415.504,177.744,19.736,50.0000,17.687,-574.671,1406.523,-78.000,-0.0000,-0.0000,1.0000,-73.366,94.758,-131.268,Static,Carpet,shape,0000018F36691C00,-,1,1,0,-
1065,33916.108,0.0000,impact,ragdoll,Proventus Avenicci,0001A67D,NPC R Forearm [RLar],15,437.783,437.783,242.985,385.309,44.884,6.0000,11.658,-572.830,1437.602,-78.000,0.0000,-0.0000,1.0000,122.060,118.531,-345.708,Static,Carpet,shape,0000018F36691C00,-,1,1,0,-
1066,33916.109,0.0000,impact,ragdoll,Proventus Avenicci,0001A67D,NPC R Hand [RHnd],17,619.185,619.185,130.138,623.839,39.087,4.0000,8.334,-568.387,1432.698,-78.000,-0.0000,0.0000,1.0000,39.523,58.038,-619.875,Static,Carpet,shape,0000018F36691C00,-,1,1,0,-
1067,33916.110,0.0000,impact,ragdoll,Proventus Avenicci,0001A67D,NPC R Hand [RHnd],17,619.185,619.185,190.939,623.839,39.087,4.0000,8.334,-568.387,1432.698,-79.650,0.0000,0.0000,1.0000,39.523,58.038,-619.875,Static,Wood,shape,0000018F365E9C00,-,1,1,0,-
1068,33916.680,0.0000,impact,ragdoll,Proventus Avenicci,0001A67D,NPC R Thigh [RThg],2,48.448,48.448,236.428,115.004,10.525,6.0000,20.487,-565.566,1415.338,-78.000,-0.0000,0.0000,1.0000,-82.893,46.742,-64.575,Static,Carpet,shape,0000018F36691C00,-,1,1,0,-
1069,33938.277,0.0000,impact,ragdoll,Proventus Avenicci,0001A67D,NPC L Calf [LClf],5,155.846,155.846,338.315,99.514,19.377,6.0000,19.675,-555.210,1382.770,-78.000,-0.0000,0.0000,1.0000,-55.538,81.265,-14.651,Static,Carpet,shape,0000018F36691C00,-,1,1,0,-
1070,33938.282,0.0000,impact,ragdoll,Proventus Avenicci,0001A67D,NPC Neck [Neck],11,29.624,29.624,131.642,63.711,8.999,6.0000,8.431,-616.769,1430.712,-78.000,-0.0000,0.0000,1.0000,-52.319,20.991,-29.684,Static,Carpet,shape,0000018F36691C00,-,1,1,0,-
1071,33959.603,0.0000,impact,ragdoll,Proventus Avenicci,0001A67D,NPC L Hand [LHnd],16,405.706,405.706,495.972,457.693,42.769,4.0000,8.334,-605.703,1379.288,-78.000,0.0000,-0.0000,1.0000,-204.117,-59.979,-405.242,Static,Carpet,shape,0000018F36691C00,-,1,1,0,-
1072,33960.143,0.0000,impact,ragdoll,Proventus Avenicci,0001A67D,NPC Spine [Spn0],3,51.104,51.104,85.021,73.614,7.086,4.0000,17.297,-581.892,1413.240,-78.000,0.0000,-0.0000,1.0000,2.270,56.424,-47.226,Static,Carpet,shape,0000018F36691C00,-,0,1,0,-
1073,33960.144,0.0000,impact,ragdoll,Proventus Avenicci,0001A67D,NPC Spine1 [Spn1],6,100.926,100.926,24.936,80.561,0.568,4.0000,18.878,-585.578,1439.347,-68.552,-0.3351,-0.9328,0.1323,-46.971,58.180,-29.979,-,Skin,shape,0000018F3CA8CD00,15,1,1,0,-
1074,33960.144,0.0000,impact,ragdoll,Proventus Avenicci,0001A67D,NPC R Forearm [RLar],15,100.926,100.926,24.936,95.247,14.361,6.0000,11.658,-585.578,1439.347,-68.552,-0.3351,-0.9328,0.1323,-84.919,-0.275,43.134,-,Skin,shape,0000018F3CA8DC00,6,1,1,0,-
1075,33960.150,0.0000,impact,ragdoll,Proventus Avenicci,0001A67D,NPC L Forearm [LLar],14,13.606,13.606,253.396,98.284,21.412,2.0000,11.658,-608.621,1384.530,-78.000,-0.0000,-0.0000,1.0000,-18.012,11.982,-95.874,Static,Carpet,shape,0000018F36691C00,-,1,1,0,-
1076,33979.465,0.0000,impact,ragdoll,Proventus Avenicci,0001A67D,NPC L Thigh [LThg],1,29.453,29.453,64.565,42.747,2.571,6.0000,20.487,-575.415,1403.751,-78.000,0.0000,0.0000,1.0000,-2.812,39.137,-16.963,Static,Carpet,shape,0000018F36691C00,-,1,1,0,-
1077,33998.029,0.0000,impact,ragdoll,Proventus Avenicci,0001A67D,NPC R Calf [RClf],4,48.916,48.916,24.726,128.319,7.930,6.0000,19.675,-541.003,1410.686,-78.000,-0.0000,-0.0000,1.0000,-119.588,-41.873,-20.276,Static,Carpet,shape,0000018F36691C00,-,1,1,0,-
1078,33998.542,0.0000,impact,ragdoll,Proventus Avenicci,0001A67D,NPC Spine2 [Spn2],9,21.708,21.708,25.363,5.734,2.448,7.0000,23.052,-589.683,1441.140,-66.705,-0.7658,-0.6399,0.0629,-1.017,-3.607,4.339,-,Skin,shape,0000018F3CA8CD00,15,1,1,0,-
1079,33998.542,0.0000,impact,ragdoll,Proventus Avenicci,0001A67D,NPC R Forearm [RLar],15,21.708,21.708,25.363,53.223,3.534,6.0000,11.658,-589.683,1441.140,-66.705,-0.7658,-0.6399,0.0629,-46.004,26.297,-4.978,-,Skin,shape,0000018F3CA8D900,9,1,1,0,-
1080,34016.236,0.0000,impact,ragdoll,Proventus Avenicci,0001A67D,NPC Spine1 [Spn1],6,20.505,20.505,40.450,29.699,2.000,4.0000,18.878,-593.481,1419.709,-79.650,0.0000,0.0000,1.0000,-16.782,19.457,-14.893,Static,Wood,shape,0000018F365E9C00,-,1,1,0,-
1081,34032.029,0.0000,impact,ragdoll,Proventus Avenicci,0001A67D,NPC Spine [Spn0],3,28.658,28.658,64.627,40.684,3.101,4.0000,17.297,-582.768,1415.721,-79.650,0.0000,0.0000,1.0000,-11.233,31.600,-23.030,Static,Wood,shape,0000018F365E9C00,-,1,1,0,-
1082,34048.692,0.0000,impact,ragdoll,Proventus Avenicci,0001A67D,NPC COM [COM ],0,51.142,51.142,65.627,59.822,3.214,50.0000,17.687,-575.237,1413.893,-79.650,-0.0000,-0.0000,1.0000,-2.574,35.334,-48.204,Static,Wood,shape,0000018F365E9C00,-,1,1,0,-
1083,34065.891,0.0000,impact,ragdoll,Proventus Avenicci,0001A67D,NPC R Thigh [RThg],2,68.580,68.580,50.118,65.609,4.599,6.0000,20.487,-559.841,1400.613,-68.567,0.7605,0.6390,-0.1155,-35.048,-32.831,-44.703,-,Skin,shape,0000018F3CA8F400,1,0,1,0,-
1084,34065.892,0.0000,impact,ragdoll,Proventus Avenicci,0001A67D,NPC L Thigh [LThg],1,68.580,68.580,50.118,26.397,1.405,6.0000,20.487,-559.841,1400.613,-68.567,0.7605,0.6390,-0.1155,-22.467,9.396,-10.186,-,Skin,shape,0000018F3CA8E800,2,0,1,0,-
1085,34065.893,0.0000,impact,ragdoll,Proventus Avenicci,0001A67D,NPC R Thigh [RThg],2,65.744,65.744,109.695,65.609,4.599,6.0000,20.487,-549.855,1409.002,-79.650,0.0000,-0.0000,1.0000,-35.048,-32.831,-44.703,Static,Wood,shape,0000018F365E9C00,-,1,1,0,-
1086,34065.894,0.0000,impact,ragdoll,Proventus Avenicci,0001A67D,NPC R Calf [RClf],4,105.911,105.911,90.123,139.421,8.414,6.0000,19.675,-555.394,1394.887,-64.407,0.7588,0.5523,0.3453,-116.168,-49.725,-58.913,-,Skin,shape,0000018F3CA8F400,1,1,1,0,-
1087,34065.894,0.0000,impact,ragdoll,Proventus Avenicci,0001A67D,NPC L Thigh [LThg],1,105.911,105.911,90.123,26.397,1.405,6.0000,20.487,-555.394,1394.887,-64.407,0.7588,0.5523,0.3453,-22.467,9.396,-10.186,-,Skin,shape,0000018F3CA8E500,4,1,1,0,-
1088,34082.665,0.0000,impact,ragdoll,Proventus Avenicci,0001A67D,NPC L Thigh [LThg],1,42.244,42.244,41.492,70.816,2.739,6.0000,20.487,-575.627,1408.126,-79.650,0.0000,-0.0000,1.0000,-54.587,5.386,-44.789,Static,Wood,shape,0000018F365E9C00,-,1,1,0,-
1089,34082.668,0.0000,impact,ragdoll,Proventus Avenicci,0001A67D,NPC R Calf [RClf],4,7.966,7.966,48.830,71.458,4.726,6.0000,19.675,-546.287,1405.770,-79.651,0.0000,-0.0000,1.0000,-68.084,-19.007,-10.468,Static,Wood,shape,0000018F36715600,-,1,1,0,-
1090,34098.885,0.0000,impact,ragdoll,Proventus Avenicci,0001A67D,NPC L Thigh [LThg],1,17.014,17.014,64.877,57.709,3.130,6.0000,20.487,-570.584,1399.149,-79.656,0.0000,0.0000,1.0000,-54.424,-7.308,-17.747,Static,Wood,shape,0000018F36715600,-,1,1,0,-
1091,34099.309,0.0000,impact,ragdoll,Proventus Avenicci,0001A67D,NPC R Thigh [RThg],2,20.466,20.466,38.630,27.136,1.748,6.0000,20.487,-550.438,1407.795,-79.651,-0.0000,0.0000,1.0000,-0.238,-23.855,-12.934,Static,Wood,shape,0000018F36715600,-,1,1,0,-
1092,34172.414,0.0000,impact,ragdoll,Proventus Avenicci,0001A67D,NPC Spine2 [Spn2],9,6.783,6.783,6.463,5.241,0.592,7.0000,23.052,-606.326,1423.348,-78.000,0.0000,0.0000,1.0000,1.042,-0.428,-5.119,Static,Carpet,shape,0000018F36691C00,-,0,1,0,-
1093,34172.415,0.0000,impact,ragdoll,Proventus Avenicci,0001A67D,NPC Spine2 [Spn2],9,6.783,6.783,7.376,5.241,0.592,7.0000,23.052,-606.326,1423.348,-79.650,0.0000,0.0000,1.0000,1.042,-0.428,-5.119,Static,Wood,shape,0000018F365E9C00,-,0,1,0,-
1094,34334.890,0.0000,impact,ragdoll,Proventus Avenicci,0001A67D,NPC L Calf [LClf],5,28.534,28.534,13.308,78.223,3.501,6.0000,19.675,-575.654,1380.407,-78.000,0.0000,-0.0000,1.0000,-25.757,-44.255,-59.134,Static,Carpet,shape,0000018F36691C00,-,1,1,0,-
1095,34466.201,0.0000,impact,ragdoll,Proventus Avenicci,0001A67D,NPC L Calf [LClf],5,46.903,46.903,19.621,70.974,3.503,6.0000,19.675,-577.557,1378.466,-79.651,-0.0000,0.0000,1.0000,-2.570,-31.239,-63.677,Static,Wood,shape,0000018F36715600,-,1,1,0,-
1096,34501.221,0.0000,impact,ragdoll,Proventus Avenicci,0001A67D,NPC L Foot [Lft ],7,53.366,53.366,88.195,82.895,6.855,3.0000,10.011,-598.957,1353.139,-79.651,-0.0000,0.0000,1.0000,55.723,-40.931,-45.729,Static,Wood,shape,0000018F36715600,-,1,1,0,-
1097,34568.525,0.0000,impact,ragdoll,Proventus Avenicci,0001A67D,NPC L Calf [LClf],5,11.530,11.530,18.646,24.335,2.283,6.0000,19.675,-585.224,1371.405,-78.000,-0.0000,-0.0019,1.0000,11.596,-16.189,-13.988,Static,Carpet,shape,0000018F36691C00,-,0,1,0,-
1098,34725.505,0.0000,state,unknown,Proventus Avenicci,0001A67D,-,-,0.000,0.000,0.000,0.000,0.000,0.0000,0.000,0.000,0.000,0.000,0.0000,0.0000,0.0000,0.000,0.000,0.000,-,-,-,0000000000000000,-,0,0,0,knock_get_up
1099,35888.456,0.0000,state,unknown,Proventus Avenicci,0001A67D,-,-,0.000,0.000,0.000,0.000,0.000,0.0000,0.000,0.000,0.000,0.000,0.0000,0.0000,0.0000,0.000,0.000,0.000,-,-,-,0000000000000000,-,0,0,0,ragdoll_start
1100,35930.573,0.0000,impact,ragdoll,Proventus Avenicci,0001A67D,NPC Spine [Spn0],3,139.963,139.963,203.477,146.831,13.323,4.0000,17.297,-594.734,1394.260,-78.000,0.0000,0.0000,1.0000,-20.445,10.661,-145.010,Static,Carpet,shape,0000018F36691C00,-,1,1,0,-
1101,35967.316,0.0000,impact,ragdoll,Proventus Avenicci,0001A67D,NPC Spine1 [Spn1],6,146.060,146.060,44.622,170.177,2.989,4.0000,18.878,-606.172,1401.361,-78.000,0.0000,0.0000,1.0000,-44.436,73.482,-146.922,Static,Carpet,shape,0000018F36691C00,-,1,1,0,-
1102,36003.983,0.0000,impact,ragdoll,Proventus Avenicci,0001A67D,NPC Spine2 [Spn2],9,131.490,131.490,125.590,166.743,7.004,7.0000,23.052,-619.418,1410.683,-78.000,-0.0000,0.0000,1.0000,-77.024,31.820,-144.423,Static,Carpet,shape,0000018F36691C00,-,1,1,0,-
1103,36004.526,0.0000,impact,ragdoll,Proventus Avenicci,0001A67D,NPC Spine [Spn0],3,31.585,31.585,67.860,88.278,2.541,4.0000,17.297,-597.979,1396.329,-79.651,-0.0000,-0.0000,1.0000,-57.908,53.946,-39.109,Static,Wood,shape,0000018F36715600,-,1,1,0,-
1104,36023.816,0.0000,impact,ragdoll,Proventus Avenicci,0001A67D,NPC COM [COM ],0,39.532,39.532,84.781,73.950,7.350,50.0000,17.687,-590.647,1394.317,-79.651,0.0000,0.0000,1.0000,-37.218,33.895,-54.171,Static,Wood,shape,0000018F36715600,-,1,1,0,-
1105,36023.819,0.0000,impact,ragdoll,Proventus Avenicci,0001A67D,NPC Spine [Spn0],3,38.545,38.545,37.333,78.544,4.449,4.0000,17.297,-598.113,1402.462,-79.673,0.0000,0.0000,1.0000,-42.289,59.034,-29.929,Static,Wood,shape,0000018F36715600,-,0,1,0,-
1106,36023.821,0.0000,impact,ragdoll,Proventus Avenicci,0001A67D,NPC Spine1 [Spn1],6,75.551,75.551,92.922,128.584,4.092,4.0000,18.878,-609.410,1404.546,-79.651,0.0000,-0.0000,1.0000,-81.289,57.430,-81.411,Static,Wood,shape,0000018F36715600,-,1,1,0,-
1107,36043.070,0.0000,impact,ragdoll,Proventus Avenicci,0001A67D,NPC COM [COM ],0,50.333,50.333,133.482,56.550,13.967,50.0000,17.687,-589.598,1401.417,-79.662,0.0000,0.0000,1.0000,-34.318,41.657,-16.877,Static,Wood,shape,0000018F36715600,-,0,1,0,-
1108,36043.077,0.0000,impact,ragdoll,Proventus Avenicci,0001A67D,NPC Spine [Spn0],3,27.929,27.929,46.787,71.740,3.669,4.0000,17.297,-597.153,1407.941,-79.669,0.0000,0.0000,1.0000,-40.703,59.017,-2.647,Static,Wood,shape,0000018F365E9C00,-,1,1,0,-
1109,36043.083,0.0000,impact,ragdoll,Proventus Avenicci,0001A67D,NPC R UpperArm [RUar],12,177.689,177.689,80.369,175.493,15.055,2.0000,14.463,-615.031,1433.726,-78.000,-0.0000,-0.0000,1.0000,-86.486,66.043,-137.682,Static,Carpet,shape,0000018F36691C00,-,1,1,0,-
1110,36062.611,0.0000,impact,ragdoll,Proventus Avenicci,0001A67D,NPC Head [Head],13,142.055,142.055,99.560,176.434,7.574,4.0000,15.108,-636.486,1431.062,-78.000,0.0000,0.0000,1.0000,-103.557,-13.521,-142.204,Static,Carpet,shape,0000018F36691C00,-,1,1,0,-
1111,36063.121,0.0000,impact,ragdoll,Proventus Avenicci,0001A67D,NPC L Calf [LClf],5,29.345,29.345,52.321,74.223,5.351,6.0000,19.675,-565.435,1377.746,-79.651,-0.0000,-0.0000,1.0000,-41.574,60.077,-13.088,Static,Wood,shape,0000018F36715600,-,1,1,0,-
1112,36063.123,0.0000,impact,ragdoll,Proventus Avenicci,0001A67D,NPC Spine2 [Spn2],9,46.681,46.681,59.691,60.837,5.322,7.0000,23.052,-623.235,1412.950,-79.650,0.0000,0.0000,1.0000,-26.038,14.269,-53.099,Static,Wood,shape,0000018F365E9C00,-,1,1,0,-
1113,36083.136,0.0000,impact,ragdoll,Proventus Avenicci,0001A67D,NPC R Thigh [RThg],2,7.382,7.382,164.096,74.995,17.760,6.0000,20.487,-585.894,1407.396,-79.651,-0.0000,-0.0000,1.0000,-1.804,-20.128,72.221,Static,Wood,shape,0000018F36715600,-,1,1,0,-
1114,36103.861,0.0000,impact,ragdoll,Proventus Avenicci,0001A67D,NPC R UpperArm [RUar],12,116.739,116.739,86.436,115.133,15.649,2.0000,14.463,-619.717,1435.558,-79.650,0.0000,0.0000,1.0000,-68.843,11.374,-91.580,Static,Wood,shape,0000018F365E9C00,-,1,1,0,-
1115,36146.685,0.0000,impact,ragdoll,Proventus Avenicci,0001A67D,NPC Spine1 [Spn1],6,9.513,9.513,73.493,65.555,1.428,4.0000,18.878,-612.816,1408.217,-79.650,0.0000,0.0000,1.0000,-59.061,26.992,-8.979,Static,Wood,shape,0000018F365E9C00,-,1,1,0,-
1116,36146.692,0.0000,impact,ragdoll,Proventus Avenicci,0001A67D,NPC Head [Head],13,33.812,33.812,242.303,97.014,13.797,4.0000,15.108,-644.116,1430.552,-79.650,0.0000,-0.0000,1.0000,-90.377,-9.194,-34.047,Static,Wood,shape,0000018EF4E77700,-,1,1,0,-
1117,36211.600,0.0000,impact,ragdoll,Proventus Avenicci,0001A67D,NPC Spine [Spn0],3,10.048,10.048,102.259,97.390,2.128,4.0000,17.297,-605.442,1407.997,-79.655,0.0000,0.0000,1.0000,-73.714,62.972,-9.261,Static,Wood,shape,0000018F365E9C00,-,1,1,0,-
1118,36238.593,0.0000,impact,ragdoll,Proventus Avenicci,0001A67D,NPC L Foot [Lft ],7,11.302,11.302,51.895,100.251,11.270,3.0000,10.011,-541.075,1371.386,-78.000,-0.0000,-0.0379,0.9993,-56.831,75.543,-33.373,Static,Carpet,shape,0000018F36691C00,-,1,1,0,-
1119,36239.230,0.0000,impact,ragdoll,Proventus Avenicci,0001A67D,NPC L Thigh [LThg],1,14.743,14.743,86.986,92.965,1.314,6.0000,20.487,-585.380,1400.779,-79.705,0.0000,0.0000,1.0000,-63.861,67.115,-7.740,Static,Wood,shape,0000018F36715600,-,0,1,0,-
1120,36265.105,0.0000,impact,ragdoll,Proventus Avenicci,0001A67D,NPC Spine [Spn0],3,11.795,11.795,115.231,93.927,1.727,4.0000,17.297,-608.325,1408.193,-79.650,-0.0000,-0.0000,1.0000,-76.502,53.702,-9.268,Static,Wood,shape,0000018F365E9C00,-,1,1,0,-
1121,36357.196,0.0000,impact,ragdoll,Proventus Avenicci,0001A67D,NPC COM [COM ],0,54.499,54.499,100.997,87.946,3.187,50.0000,17.687,-605.389,1410.211,-79.650,0.0000,0.0000,1.0000,-53.880,46.009,-52.102,Static,Wood,shape,0000018F365E9C00,-,1,1,0,-
1122,36357.202,0.0000,impact,ragdoll,Proventus Avenicci,0001A67D,NPC R Thigh [RThg],2,118.621,118.621,87.032,121.163,3.859,6.0000,20.487,-595.061,1440.315,-65.641,0.3758,-0.7875,0.4885,-81.949,74.724,-48.798,-,Skin,shape,0000018F3CA8CA00,17,1,1,0,-
1123,36357.202,0.0000,impact,ragdoll,Proventus Avenicci,0001A67D,NPC R Hand [RHnd],17,118.621,118.621,87.032,83.406,4.587,4.0000,8.334,-595.061,1440.315,-65.641,0.3758,-0.7875,0.4885,-61.823,-45.461,-32.677,-,Skin,shape,0000018F3CA8E800,2,1,1,0,-
1124,36377.685,0.0000,impact,ragdoll,Proventus Avenicci,0001A67D,NPC R Thigh [RThg],2,22.884,22.884,40.150,77.973,1.996,6.0000,20.487,-602.439,1422.515,-78.000,0.0000,0.0000,1.0000,-47.550,52.682,-32.302,Static,Carpet,shape,0000018F36691C00,-,1,1,0,-
1125,36378.224,0.0000,impact,ragdoll,Proventus Avenicci,0001A67D,NPC R Forearm [RLar],15,77.836,77.836,97.967,88.959,3.327,6.0000,11.658,-606.158,1445.674,-78.000,0.0000,-0.0000,1.0000,-63.153,23.541,-58.062,Static,Carpet,shape,0000018F36691C00,-,1,1,0,-
1126,36417.218,0.0000,impact,ragdoll,Proventus Avenicci,0001A67D,NPC R Hand [RHnd],17,34.323,34.323,4.965,50.367,7.345,4.0000,8.334,-601.035,1446.153,-79.650,0.0000,0.0000,1.0000,-26.804,25.379,-34.268,Static,Wood,shape,0000018F365E9C00,-,1,1,0,-
1127,36451.958,0.0000,impact,ragdoll,Proventus Avenicci,0001A67D,NPC R Thigh [RThg],2,69.413,69.413,45.687,94.782,4.334,6.0000,20.487,-605.777,1445.651,-68.675,0.6835,-0.6576,0.3169,-56.645,56.111,-51.250,-,Skin,shape,0000018F3CA8CD00,15,1,1,0,-
1128,36451.959,0.0000,impact,ragdoll,Proventus Avenicci,0001A67D,NPC R Forearm [RLar],15,69.413,69.413,45.687,29.880,1.394,6.0000,11.658,-605.777,1445.651,-68.675,0.6835,-0.6576,0.3169,-24.378,16.779,-4.120,-,Skin,shape,0000018F3CA8E800,2,1,1,0,-
1129,36451.972,0.0000,impact,ragdoll,Proventus Avenicci,0001A67D,NPC R Hand [RHnd],17,91.952,91.952,43.700,42.311,1.545,4.0000,8.334,-593.042,1446.686,-65.350,-0.7698,0.0463,-0.6366,-29.529,22.689,-20.087,-,Skin,shape,0000018F3CA8E500,4,1,1,0,-
1130,36451.973,0.0000,impact,ragdoll,Proventus Avenicci,0001A67D,NPC R Calf [RClf],4,91.952,91.952,43.700,131.221,4.711,6.0000,19.675,-593.042,1446.686,-65.350,-0.7698,0.0463,-0.6366,-75.125,41.295,-99.348,-,Skin,shape,0000018F3CA8CA00,17,1,1,0,-
1131,36506.937,0.0000,impact,ragdoll,Proventus Avenicci,0001A67D,NPC R Calf [RClf],4,70.612,70.612,43.644,69.805,3.375,6.0000,19.675,-591.457,1449.297,-78.000,-0.0000,0.0000,1.0000,-17.871,18.394,-64.924,Static,Carpet,shape,0000018F36691C00,-,1,1,0,-
1132,36648.963,0.0000,impact,ragdoll,Proventus Avenicci,0001A67D,NPC R Thigh [RThg],2,30.266,30.266,11.865,17.419,1.377,6.0000,20.487,-593.920,1445.155,-78.000,0.0000,-0.0000,1.0000,3.344,-2.699,-16.881,Static,Carpet,shape,0000018F36691C00,-,0,1,0,-
1133,36792.436,0.0000,impact,ragdoll,Proventus Avenicci,0001A67D,NPC Neck [Neck],11,7.692,7.692,4.027,8.277,0.394,6.0000,8.431,-654.022,1430.697,-78.000,0.0000,0.0000,1.0000,-0.459,-3.049,-7.681,Static,Carpet,shape,0000018F36691C00,-,1,1,0,-
1134,37047.156,0.0000,impact,ragdoll,Proventus Avenicci,0001A67D,NPC R Foot [Rft ],8,218.490,218.490,65.470,204.222,6.764,3.0000,10.011,-567.713,1474.540,-78.000,0.0000,0.0000,1.0000,26.482,-6.748,-202.385,Static,Carpet,shape,0000018F36691C00,-,1,1,0,-
1135,37126.740,0.0000,state,unknown,Proventus Avenicci,0001A67D,-,-,0.000,0.000,0.000,0.000,0.000,0.0000,0.000,0.000,0.000,0.000,0.0000,0.0000,0.0000,0.000,0.000,0.000,-,-,-,0000000000000000,-,0,0,0,knock_get_up
1136,38504.565,0.0000,state,unknown,Proventus Avenicci,0001A67D,-,-,0.000,0.000,0.000,0.000,0.000,0.0000,0.000,0.000,0.000,0.000,0.0000,0.0000,0.0000,0.000,0.000,0.000,-,-,-,0000000000000000,-,0,0,0,ragdoll_start
1137,38590.815,0.0000,impact,ragdoll,Proventus Avenicci,0001A67D,NPC R Forearm [RLar],15,91.115,91.115,522.071,95.871,48.763,6.0000,11.658,-625.597,1443.545,-79.650,-0.0000,0.0000,1.0000,23.309,39.385,-84.242,Static,Wood,shape,0000018F365E9C00,-,1,1,0,-
1138,38612.592,0.0000,impact,ragdoll,Proventus Avenicci,0001A67D,NPC L Forearm [LLar],14,21.287,21.287,88.856,90.164,6.121,2.0000,11.658,-669.436,1393.673,-79.651,0.0000,0.0000,1.0000,-80.971,-19.225,-34.695,Static,Wood,shape,0000018F36715600,-,1,1,0,-
1139,38634.033,0.0000,impact,ragdoll,Proventus Avenicci,0001A67D,NPC Spine1 [Spn1],6,161.736,161.736,165.108,281.731,6.125,4.0000,18.878,-621.130,1431.226,-65.972,-0.2701,-0.7133,0.6467,-81.210,34.918,-267.504,-,Skin,shape,0000018F3CA8CD00,15,1,1,0,-
1140,38634.033,0.0000,impact,ragdoll,Proventus Avenicci,0001A67D,NPC R Forearm [RLar],15,161.736,161.736,165.108,68.325,67.029,6.0000,11.658,-621.130,1431.226,-65.972,-0.2701,-0.7133,0.6467,30.034,15.742,-59.317,-,Skin,shape,0000018F3CA8DC00,6,1,1,0,-
1141,38634.037,0.0000,impact,ragdoll,Proventus Avenicci,0001A67D,NPC R UpperArm [RUar],12,120.136,120.136,140.300,216.318,17.097,2.0000,14.463,-625.411,1435.285,-78.000,0.0000,-0.0000,1.0000,-77.559,18.524,-201.084,Static,Carpet,shape,0000018F36691C00,-,1,1,0,-
1142,38656.481,0.0000,impact,ragdoll,Proventus Avenicci,0001A67D,NPC Spine1 [Spn1],6,225.070,225.070,57.763,234.998,3.787,4.0000,18.878,-630.502,1415.196,-78.000,0.0000,-0.0000,1.0000,-81.240,33.939,-217.882,Static,Carpet,shape,0000018F36691C00,-,1,1,0,-
1143,38656.483,0.0000,impact,ragdoll,Proventus Avenicci,0001A67D,NPC Spine2 [Spn2],9,285.447,285.447,94.430,282.104,6.598,7.0000,23.052,-643.875,1421.875,-78.000,-0.0000,-0.0000,1.0000,-81.521,33.487,-267.984,Static,Carpet,shape,0000018F36691C00,-,1,1,0,-
1144,38656.485,0.0000,impact,ragdoll,Proventus Avenicci,0001A67D,NPC Head [Head],13,246.359,246.359,194.366,278.088,6.127,4.0000,15.108,-659.049,1438.075,-78.000,0.0000,-0.0000,1.0000,-118.857,52.998,-245.758,Static,Carpet,shape,0000018F36691C00,-,1,1,0,-
1145,38678.230,0.0000,impact,ragdoll,Proventus Avenicci,0001A67D,NPC COM [COM ],0,114.117,114.117,268.900,138.690,13.542,50.0000,17.687,-611.994,1410.590,-78.000,0.0000,0.0000,1.0000,-56.932,28.778,-123.148,Static,Carpet,shape,0000018F36691C00,-,1,1,0,-
1146,38678.233,0.0000,impact,ragdoll,Proventus Avenicci,0001A67D,NPC Spine [Spn0],3,130.322,130.322,163.570,147.224,7.245,4.0000,17.297,-620.374,1411.634,-78.000,-0.0000,-0.0000,1.0000,-53.962,48.983,-127.921,Static,Carpet,shape,0000018F36691C00,-,1,1,0,-
1147,38678.237,0.0000,impact,ragdoll,Proventus Avenicci,0001A67D,NPC L UpperArm [LUar],10,6.259,6.259,193.919,123.316,18.823,2.0000,14.463,-668.754,1407.949,-79.651,-0.0000,-0.0000,1.0000,-87.825,-75.288,-42.725,Static,Wood,shape,0000018F36715600,-,1,1,0,-
1148,38678.238,0.0000,impact,ragdoll,Proventus Avenicci,0001A67D,NPC L UpperArm [LUar],10,7.227,7.227,194.126,123.316,18.823,2.0000,14.463,-668.742,1408.054,-79.650,0.0000,0.0000,1.0000,-87.825,-75.288,-42.725,Static,Wood,shape,0000018EF4E77700,-,1,1,0,-
1149,38678.239,0.0000,impact,ragdoll,Proventus Avenicci,0001A67D,NPC R UpperArm [RUar],12,18.615,18.615,69.380,88.627,3.669,2.0000,14.463,-628.023,1438.248,-79.650,0.0000,0.0000,1.0000,-78.013,29.086,-30.376,Static,Wood,shape,0000018F365E9C00,-,1,1,0,-
1150,38699.874,0.0000,impact,ragdoll,Proventus Avenicci,0001A67D,NPC Spine2 [Spn2],9,77.863,77.863,56.957,101.543,8.627,7.0000,23.052,-645.361,1422.150,-79.650,-0.0000,-0.0000,1.0000,-65.545,30.715,-71.214,Static,Wood,shape,0000018EF4E77700,-,1,1,0,-
1151,38699.877,0.0000,impact,ragdoll,Proventus Avenicci,0001A67D,NPC L UpperArm [LUar],10,218.357,218.357,344.057,157.095,31.385,2.0000,14.463,-666.232,1417.923,-79.650,0.0000,-0.0000,1.0000,-106.041,-40.036,-108.772,Static,Wood,shape,0000018EF4E77700,-,0,1,0,-
1152,38722.422,0.0000,impact,ragdoll,Proventus Avenicci,0001A67D,NPC Spine1 [Spn1],6,59.080,59.080,74.058,87.516,2.172,4.0000,18.878,-633.693,1417.511,-79.650,0.0000,-0.0000,1.0000,-50.151,45.059,-55.799,Static,Wood,shape,0000018F365E9C00,-,1,1,0,-
1153,38722.424,0.0000,impact,ragdoll,Proventus Avenicci,0001A67D,NPC Spine2 [Spn2],9,36.261,36.261,178.323,88.764,2.901,7.0000,23.052,-629.289,1437.941,-67.228,-0.8052,-0.5439,0.2362,-69.799,17.485,-51.975,-,Skin,shape,0000018F3CA8CD00,15,1,1,0,-
1154,38722.424,0.0000,impact,ragdoll,Proventus Avenicci,0001A67D,NPC R Forearm [RLar],15,36.261,36.261,178.323,104.648,40.462,6.0000,11.658,-629.289,1437.941,-67.228,-0.8052,-0.5439,0.2362,-55.581,76.643,44.584,-,Skin,shape,0000018F3CA8D900,9,1,1,0,-
1155,38722.426,0.0000,impact,ragdoll,Proventus Avenicci,0001A67D,NPC R UpperArm [RUar],12,42.799,42.799,89.980,149.857,7.633,2.0000,14.463,-642.869,1443.094,-78.000,0.0000,0.0000,1.0000,-133.500,68.038,-2.381,Static,Carpet,shape,0000018F36691C00,-,0,1,0,-
1156,38722.955,0.0000,impact,ragdoll,Proventus Avenicci,0001A67D,NPC L Thigh [LThg],1,92.203,92.203,106.575,104.726,3.161,6.0000,20.487,-590.071,1400.190,-78.000,-0.0000,0.0000,1.0000,-41.795,69.822,-65.921,Static,Carpet,shape,0000018F36691C00,-,1,1,0,-
1157,38722.958,0.0000,impact,ragdoll,Proventus Avenicci,0001A67D,NPC L Calf [LClf],5,94.698,94.698,61.269,118.225,7.084,6.0000,19.675,-585.198,1398.151,-78.000,0.0000,-0.0000,1.0000,-64.992,97.775,-13.898,Static,Carpet,shape,0000018F36691C00,-,1,1,0,-
1158,38789.206,0.0000,impact,ragdoll,Proventus Avenicci,0001A67D,NPC Spine [Spn0],3,37.943,37.943,78.343,68.307,3.396,4.0000,17.297,-625.341,1416.381,-79.650,-0.0000,-0.0000,1.0000,-50.886,36.104,-27.801,Static,Wood,shape,0000018F365E9C00,-,1,1,0,-
1159,38789.211,0.0000,impact,ragdoll,Proventus Avenicci,0001A67D,NPC Head [Head],13,18.657,18.657,198.223,123.477,14.748,4.0000,15.108,-673.324,1433.156,-79.650,-0.0000,-0.0000,1.0000,-80.088,-92.188,-18.268,Static,Wood,shape,0000018EF4E77700,-,1,1,0,-
1160,38850.063,0.0000,impact,ragdoll,Proventus Avenicci,0001A67D,NPC R UpperArm [RUar],12,7.166,7.166,83.978,61.654,4.745,2.0000,14.463,-640.063,1450.038,-79.654,0.0000,0.0000,1.0000,-61.443,4.398,-2.561,Static,Wood,shape,0000018F365E9C00,-,1,1,0,-
1161,38869.043,0.0000,impact,ragdoll,Proventus Avenicci,0001A67D,NPC L Calf [LClf],5,75.756,75.756,64.202,129.860,10.265,6.0000,19.675,-591.210,1404.468,-79.651,-0.0000,-0.0000,1.0000,-104.381,73.933,-22.408,Static,Wood,shape,0000018F36715600,-,1,1,0,-
1162,38869.046,0.0000,impact,ragdoll,Proventus Avenicci,0001A67D,NPC Spine1 [Spn1],6,13.405,13.405,16.034,29.636,1.922,4.0000,18.878,-640.313,1423.018,-79.650,0.0000,0.0000,1.0000,-22.641,9.442,-16.630,Static,Wood,shape,0000018EF4E77700,-,1,1,0,-
1163,38869.563,0.0000,impact,ragdoll,Proventus Avenicci,0001A67D,NPC L Hand [LHnd],16,49.741,49.741,46.190,88.982,9.674,4.0000,8.334,-659.429,1384.793,-78.111,-0.6289,0.0000,0.7774,85.641,-23.587,5.205,Static,Carpet,shape,0000018F36691C00,-,1,1,0,-
1164,38888.012,0.0000,impact,ragdoll,Proventus Avenicci,0001A67D,NPC COM [COM ],0,17.931,17.931,84.277,52.643,10.007,50.0000,17.687,-621.353,1416.983,-79.650,0.0000,0.0000,1.0000,-32.186,30.723,-28.133,Static,Wood,shape,0000018F365E9C00,-,1,1,0,-
1165,38947.709,0.0000,impact,ragdoll,Proventus Avenicci,0001A67D,NPC L Hand [LHnd],16,9.671,9.671,26.040,28.157,6.025,4.0000,8.334,-659.109,1383.898,-78.000,0.0000,0.0000,1.0000,25.264,7.770,-9.704,Static,Carpet,shape,0000018F36691C00,-,1,1,0,-
1166,38966.312,0.0000,impact,ragdoll,Proventus Avenicci,0001A67D,NPC L Calf [LClf],5,134.303,134.303,188.009,116.881,7.479,6.0000,19.675,-598.131,1428.092,-50.232,0.2654,-0.9464,0.1840,-86.678,74.212,-25.315,-,Skin,shape,0000018F3CA8E800,2,1,1,0,-
1167,38966.313,0.0000,impact,ragdoll,Proventus Avenicci,0001A67D,NPC R Thigh [RThg],2,134.303,134.303,188.009,21.163,2.854,6.0000,20.487,-598.131,1428.092,-50.232,0.2654,-0.9464,0.1840,0.333,20.446,-5.454,-,Skin,shape,0000018F3CA8F100,5,1,1,0,-
1168,38966.317,0.0000,impact,ragdoll,Proventus Avenicci,0001A67D,NPC L Foot [Lft ],7,166.631,166.631,178.496,257.107,7.447,3.0000,10.011,-597.687,1428.770,-48.643,0.3300,-0.8480,0.4148,-220.020,129.968,-28.344,-,Skin,shape,0000018F3CA8E800,2,1,1,0,-
1169,38966.317,0.0000,impact,ragdoll,Proventus Avenicci,0001A67D,NPC R Thigh [RThg],2,166.631,166.631,178.496,21.163,2.854,6.0000,20.487,-597.687,1428.770,-48.643,0.3300,-0.8480,0.4148,0.333,20.446,-5.454,-,Skin,shape,0000018F3CA8EB00,7,1,1,0,-
1170,39029.193,0.0000,impact,ragdoll,Proventus Avenicci,0001A67D,NPC R Thigh [RThg],2,21.068,21.068,25.038,54.476,2.463,6.0000,20.487,-618.192,1431.120,-78.000,0.0000,-0.0000,1.0000,3.321,38.030,-38.862,Static,Carpet,shape,0000018F36691C00,-,1,1,0,-
1171,39195.407,0.0000,impact,ragdoll,Proventus Avenicci,0001A67D,NPC R Thigh [RThg],2,113.378,113.378,80.435,72.252,4.927,6.0000,20.487,-601.434,1446.798,-78.000,0.0000,-0.0000,1.0000,-21.366,22.951,-65.093,Static,Carpet,shape,0000018F36691C00,-,0,1,0,-
1172,39215.306,0.0000,impact,ragdoll,Proventus Avenicci,0001A67D,NPC R Calf [RClf],4,15.407,15.407,62.606,49.057,1.731,6.0000,19.675,-598.239,1450.762,-78.000,-0.0000,-0.0000,1.0000,-29.478,34.431,-18.764,Static,Carpet,shape,0000018F36691C00,-,1,1,0,-
1173,39296.030,0.0000,impact,ragdoll,Proventus Avenicci,0001A67D,NPC R Calf [RClf],4,37.797,37.797,47.818,59.788,3.229,6.0000,19.675,-599.785,1452.124,-79.650,0.0000,0.0000,1.0000,-0.381,30.992,-51.127,Static,Wood,shape,0000018F365E9C00,-,1,1,0,-
1174,39377.735,0.0000,impact,ragdoll,Proventus Avenicci,0001A67D,NPC R Thigh [RThg],2,10.412,10.412,2.726,6.674,0.366,6.0000,20.487,-603.283,1448.277,-79.650,0.0000,0.0000,1.0000,1.505,0.107,-6.501,Static,Wood,shape,0000018F365E9C00,-,1,1,0,-
1175,39502.272,0.0000,impact,ragdoll,Proventus Avenicci,0001A67D,NPC R Foot [Rft ],8,182.270,182.270,67.134,192.719,1.923,3.0000,10.011,-577.890,1474.833,-78.000,-0.0000,0.0000,1.0000,36.765,49.395,-182.617,Static,Carpet,shape,0000018F36691C00,-,1,1,0,-
1176,39542.536,0.0000,impact,ragdoll,Proventus Avenicci,0001A67D,NPC L Foot [Lft ],7,160.094,160.094,134.963,181.246,7.667,3.0000,10.011,-556.431,1420.046,-78.000,0.0000,0.0000,1.0000,11.958,-101.118,-149.940,Static,Carpet,shape,0000018F36691C00,-,1,1,0,-
1177,39581.288,0.0000,impact,ragdoll,Proventus Avenicci,0001A67D,NPC L Thigh [LThg],1,6.763,6.763,3.912,10.777,1.097,6.0000,20.487,-618.284,1408.275,-79.753,0.0000,0.0000,1.0000,-3.617,-4.609,9.045,Static,Wood,shape,0000018F36715600,-,1,1,0,-
1178,39581.299,0.0000,impact,ragdoll,Proventus Avenicci,0001A67D,NPC L Foot [Lft ],7,66.402,66.402,91.776,96.266,4.948,3.0000,10.011,-556.411,1416.707,-79.650,0.0000,0.0000,1.0000,-14.533,-77.667,-54.989,Static,Wood,shape,0000018F365E9C00,-,1,1,0,-
1179,39616.654,0.0000,state,unknown,Proventus Avenicci,0001A67D,-,-,0.000,0.000,0.000,0.000,0.000,0.0000,0.000,0.000,0.000,0.000,0.0000,0.0000,0.0000,0.000,0.000,0.000,-,-,-,0000000000000000,-,0,0,0,knock_get_up
1180,41071.343,0.0000,state,unknown,Proventus Avenicci,0001A67D,-,-,0.000,0.000,0.000,0.000,0.000,0.0000,0.000,0.000,0.000,0.000,0.0000,0.0000,0.0000,0.000,0.000,0.000,-,-,-,0000000000000000,-,0,0,0,ragdoll_start
1181,41154.924,0.0000,impact,ragdoll,Proventus Avenicci,0001A67D,NPC R Forearm [RLar],15,57.306,57.306,163.858,78.555,11.464,6.0000,11.658,-639.307,1448.803,-79.650,-0.0000,0.0000,1.0000,14.956,37.100,-67.608,Static,Wood,shape,0000018F365E9C00,-,1,1,0,-
1182,41197.161,0.0000,impact,ragdoll,Proventus Avenicci,0001A67D,NPC Spine1 [Spn1],6,60.872,60.872,32.752,192.129,3.330,4.0000,18.878,-637.067,1437.636,-65.209,0.0097,-0.5053,0.8629,-81.892,27.833,-171.559,-,Skin,shape,0000018F3CA8CD00,15,1,1,0,-
1183,41197.161,0.0000,impact,ragdoll,Proventus Avenicci,0001A67D,NPC R Forearm [RLar],15,60.872,60.872,32.752,72.673,10.782,6.0000,11.658,-637.067,1437.636,-65.209,0.0097,-0.5053,0.8629,15.218,28.531,-65.083,-,Skin,shape,0000018F3CA8DC00,6,1,1,0,-
1184,41218.552,0.0000,impact,ragdoll,Proventus Avenicci,0001A67D,NPC R UpperArm [RUar],12,104.002,104.002,74.903,144.447,8.925,2.0000,14.463,-642.008,1442.443,-78.000,-0.0000,0.0000,1.0000,-54.843,36.972,-128.415,Static,Carpet,shape,0000018F36691C00,-,1,1,0,-
1185,41239.868,0.0000,impact,ragdoll,Proventus Avenicci,0001A67D,NPC Spine2 [Spn2],9,139.418,139.418,89.946,203.927,2.910,7.0000,23.052,-639.999,1439.509,-67.487,-0.6286,-0.2296,0.7431,-81.312,54.640,-178.855,-,Skin,shape,0000018F3CA8CD00,15,1,1,0,-
1186,41239.868,0.0000,impact,ragdoll,Proventus Avenicci,0001A67D,NPC R Forearm [RLar],15,139.418,139.418,89.946,44.647,66.144,6.0000,11.658,-639.999,1439.509,-67.487,-0.6286,-0.2296,0.7431,27.863,16.959,30.486,-,Skin,shape,0000018F3CA8D900,9,1,1,0,-
1187,41240.399,0.0000,impact,ragdoll,Proventus Avenicci,0001A67D,NPC Spine [Spn0],3,114.446,114.446,85.484,191.881,3.250,4.0000,17.297,-635.773,1438.139,-68.081,0.4046,-0.6956,0.5937,-96.796,33.868,-162.179,-,Skin,shape,0000018F3CA8CD00,15,1,1,0,-
1188,41240.400,0.0000,impact,ragdoll,Proventus Avenicci,0001A67D,NPC R Forearm [RLar],15,114.446,114.446,85.484,74.861,6.814,6.0000,11.658,-635.773,1438.139,-68.081,0.4046,-0.6956,0.5937,58.578,37.354,-27.883,-,Skin,shape,0000018F3CA8DF00,3,1,1,0,-
1189,41240.406,0.0000,impact,ragdoll,Proventus Avenicci,0001A67D,NPC R Forearm [RLar],15,61.218,61.218,119.413,74.861,6.814,6.0000,11.658,-639.824,1450.271,-79.738,0.0000,0.0000,1.0000,58.578,37.354,-27.883,Static,Wood,shape,0000018EF4E77700,-,1,1,0,-
1190,41261.228,0.0000,impact,ragdoll,Proventus Avenicci,0001A67D,NPC R UpperArm [RUar],12,74.628,74.628,89.651,110.957,4.899,2.0000,14.463,-643.926,1445.130,-79.650,0.0000,0.0000,1.0000,-50.093,58.983,-79.519,Static,Wood,shape,0000018EF4E77700,-,1,1,0,-
1191,41281.490,0.0000,impact,ragdoll,Proventus Avenicci,0001A67D,NPC Spine1 [Spn1],6,167.804,167.804,105.218,166.540,5.876,4.0000,18.878,-644.361,1426.320,-78.000,0.0000,-0.0000,1.0000,-61.817,32.818,-151.119,Static,Carpet,shape,0000018F36691C00,-,1,1,0,-
1192,41281.493,0.0000,impact,ragdoll,Proventus Avenicci,0001A67D,NPC Spine2 [Spn2],9,185.091,185.091,81.980,186.391,5.542,7.0000,23.052,-657.555,1431.835,-78.000,0.0000,0.0000,1.0000,-69.116,22.229,-171.669,Static,Carpet,shape,0000018F36691C00,-,1,1,0,-
1193,41281.495,0.0000,impact,ragdoll,Proventus Avenicci,0001A67D,NPC L UpperArm [LUar],10,265.172,265.172,56.405,261.480,11.131,2.0000,14.463,-678.485,1428.132,-79.650,-0.0000,-0.0000,1.0000,-60.590,37.254,-251.620,Static,Wood,shape,0000018EF4E77700,-,1,1,0,-
1194,41281.498,0.0000,impact,ragdoll,Proventus Avenicci,0001A67D,NPC L Forearm [LLar],14,199.137,199.137,61.221,203.334,18.145,2.0000,11.658,-684.928,1407.971,-79.660,0.0000,0.0000,1.0000,-98.457,31.517,-175.094,Static,Wood,shape,0000018EF4E77700,-,1,1,0,-
1195,41281.918,0.0000,impact,ragdoll,Proventus Avenicci,0001A67D,NPC COM [COM ],0,158.476,158.476,154.078,166.965,6.269,50.0000,17.687,-625.114,1421.177,-78.000,-0.0000,0.0000,1.0000,-62.485,13.557,-154.237,Static,Carpet,shape,0000018F36691C00,-,1,1,0,-
1196,41281.921,0.0000,impact,ragdoll,Proventus Avenicci,0001A67D,NPC Spine [Spn0],3,91.351,91.351,191.746,127.446,7.203,4.0000,17.297,-633.248,1422.421,-78.000,-0.0000,0.0000,1.0000,-84.650,54.701,-78.004,Static,Carpet,shape,0000018F36691C00,-,1,1,0,-
1197,41302.496,0.0000,impact,ragdoll,Proventus Avenicci,0001A67D,NPC L Thigh [LThg],1,23.879,23.879,58.454,40.636,1.517,6.0000,20.487,-601.027,1410.816,-79.650,-0.0000,-0.0000,1.0000,-19.044,34.547,-9.754,Static,Wood,shape,0000018F365E9C00,-,1,1,0,-
1198,41302.510,0.0000,impact,ragdoll,Proventus Avenicci,0001A67D,NPC Head [Head],13,107.422,107.422,87.907,129.380,3.010,4.0000,15.108,-674.084,1448.418,-79.650,0.0000,0.0000,1.0000,-46.302,-55.892,-107.104,Static,Wood,shape,0000018EF4E77700,-,1,1,0,-
1199,41303.117,0.0000,impact,ragdoll,Proventus Avenicci,0001A67D,NPC Spine2 [Spn2],9,86.166,86.166,37.396,81.914,3.879,7.0000,23.052,-658.504,1432.447,-79.650,0.0000,0.0000,1.0000,-10.170,7.519,-80.932,Static,Wood,shape,0000018EF4E77700,-,1,1,0,-
1200,41323.901,0.0000,impact,ragdoll,Proventus Avenicci,0001A67D,NPC Spine2 [Spn2],9,80.934,80.934,46.275,95.739,1.338,7.0000,23.052,-659.122,1432.572,-78.000,-0.0150,0.0000,0.9999,-52.018,13.519,-79.230,Static,Carpet,shape,0000018F36691C00,-,1,1,0,-
1201,41343.706,0.0000,impact,ragdoll,Proventus Avenicci,0001A67D,NPC L Calf [LClf],5,49.675,49.675,35.985,68.709,7.119,6.0000,19.675,-597.303,1411.061,-79.650,0.0000,0.0000,1.0000,-51.482,45.483,1.332,Static,Wood,shape,0000018F365E9C00,-,1,1,0,-
1202,41344.265,0.0000,impact,ragdoll,Proventus Avenicci,0001A67D,NPC L UpperArm [LUar],10,47.529,47.529,23.475,53.211,4.495,2.0000,14.463,-679.845,1428.722,-79.650,-0.0000,0.0000,1.0000,31.997,-21.212,-36.847,Static,Wood,shape,0000018EF4E77700,-,0,1,0,-
1203,41386.502,0.0000,impact,ragdoll,Proventus Avenicci,0001A67D,NPC R Forearm [RLar],15,53.521,53.521,276.255,66.214,42.320,6.0000,11.658,-639.911,1459.892,-79.682,0.0000,0.0000,1.0000,-18.712,63.514,0.366,Static,Wood,shape,0000018EF4E77700,-,1,1,0,-
1204,41408.030,0.0000,impact,ragdoll,Proventus Avenicci,0001A67D,NPC L UpperArm [LUar],10,40.035,40.035,2.206,41.271,3.372,2.0000,14.463,-681.956,1417.387,-79.650,0.0000,0.0000,1.0000,-24.980,-10.419,-31.157,Static,Wood,shape,0000018EF4E77700,-,0,1,0,-
1205,41449.988,0.0000,impact,ragdoll,Proventus Avenicci,0001A67D,NPC Head [Head],13,28.516,28.516,105.914,74.430,6.303,4.0000,15.108,-681.440,1449.387,-79.650,-0.0000,-0.0000,1.0000,-67.816,-11.582,-28.401,Static,Wood,shape,0000018EF4E77700,-,1,0,0,-
1206,41449.989,0.0000,impact,ragdoll,Proventus Avenicci,0001A67D,NPC Head [Head],13,28.477,28.477,105.928,74.430,6.303,4.0000,15.108,-681.415,1449.412,-79.650,0.0000,0.0000,1.0000,-67.816,-11.582,-28.401,Static,Wood,shape,0000018EF4E77700,-,0,1,0,-
1207,41510.791,0.0000,impact,ragdoll,Proventus Avenicci,0001A67D,NPC COM [COM ],0,20.196,20.196,115.404,57.340,4.642,50.0000,17.687,-633.544,1426.813,-79.650,-0.0000,0.0000,1.0000,-50.332,22.373,-15.936,Static,Wood,shape,0000018F365E9C00,-,1,1,0,-
1208,41566.773,0.0000,impact,ragdoll,Proventus Avenicci,0001A67D,NPC R Thigh [RThg],2,64.113,64.113,83.014,68.083,2.419,6.0000,20.487,-613.078,1450.334,-78.000,-0.0000,-0.0000,1.0000,-36.754,27.697,-50.173,Static,Carpet,shape,0000018F36691C00,-,1,1,0,-
1209,41566.776,0.0000,impact,ragdoll,Proventus Avenicci,0001A67D,NPC R Calf [RClf],4,69.643,69.643,78.387,95.345,2.507,6.0000,19.675,-608.976,1453.351,-78.000,-0.0000,0.0000,1.0000,-60.695,13.826,-72.219,Static,Carpet,shape,0000018F36691C00,-,1,1,0,-
1210,41684.777,0.0000,impact,ragdoll,Proventus Avenicci,0001A67D,NPC L Foot [Lft ],7,84.558,84.558,42.355,101.132,1.878,3.0000,10.011,-576.309,1414.179,-78.000,0.0000,0.0000,1.0000,45.223,27.791,-86.083,Static,Carpet,shape,0000018F36691C00,-,1,1,0,-
1211,41705.692,0.0000,impact,ragdoll,Proventus Avenicci,0001A67D,NPC L Hand [LHnd],16,30.369,30.369,53.067,53.902,2.885,4.0000,8.334,-659.458,1396.452,-78.136,-0.6856,-0.0000,0.7280,44.369,30.608,-0.015,Static,Carpet,shape,0000018F36691C00,-,1,1,0,-
1212,41791.293,0.0000,impact,ragdoll,Proventus Avenicci,0001A67D,NPC L Foot [Lft ],7,13.444,13.444,56.505,42.111,3.872,3.0000,10.011,-571.066,1417.239,-79.650,-0.0000,0.0000,1.0000,23.059,26.875,-22.790,Static,Wood,shape,0000018F365E9C00,-,1,1,0,-
1213,42270.947,0.0000,state,unknown,Proventus Avenicci,0001A67D,-,-,0.000,0.000,0.000,0.000,0.000,0.0000,0.000,0.000,0.000,0.000,0.0000,0.0000,0.0000,0.000,0.000,0.000,-,-,-,0000000000000000,-,0,0,0,knock_get_up
0,45653.233,0.0000,state,unknown,Proventus Avenicci,0001A67D,-,-,0.000,0.000,0.000,0.000,0.000,0.0000,0.000,0.000,0.000,0.000,0.0000,0.0000,0.0000,0.000,0.000,0.000,-,-,-,0000000000000000,-,0,0,0,session_stop
