seq,t_ms,game_hour,event,phase,actor,actor_id,limb,limb_index,impact_speed,normal_speed,tangent_speed,body_speed,angular_speed,mass,limb_radius,pos_x,pos_y,pos_z,nrm_x,nrm_y,nrm_z,vel_x,vel_y,vel_z,other_layer,other_material,material_source,other_body,other_limb,manifold_first,manifold_last,dropped,state
1,100.000,0.0000,state,unknown,Proventus Avenicci,0001A67D,-,-,0.000,0.000,0.000,0.000,0.000,0.0000,0.000,0.000,0.000,0.000,0.0000,0.0000,0.0000,0.000,0.000,0.000,-,-,-,0000000000000000,-,0,0,0,ragdoll_start
2,104.147,0.0000,impact,ragdoll,Proventus Avenicci,0001A67D,NPC L Forearm [LLar],14,19.054,19.054,47.287,36.890,3.790,2.0000,11.658,-437.913,423.114,-237.917,-0.7339,-0.6784,-0.0339,-19.894,30.937,-2.841,-,Skin,shape,0000020E2E584400,6,1,1,0,-
3,104.148,0.0000,impact,ragdoll,Proventus Avenicci,0001A67D,NPC Spine1 [Spn1],6,19.054,19.054,47.287,55.064,2.144,4.0000,18.878,-437.913,423.114,-237.917,-0.7339,-0.6784,-0.0339,-14.122,-16.007,-50.758,-,Skin,shape,0000020E2E516B00,14,1,1,0,-
4,104.148,0.0000,impact,ragdoll,Proventus Avenicci,0001A67D,NPC L Forearm [LLar],14,14.093,14.093,26.180,36.890,3.790,2.0000,11.658,-438.005,422.694,-231.490,-0.5899,-0.5143,-0.6225,-19.894,30.937,-2.841,-,Skin,shape,0000020E2E584100,9,1,1,0,-
5,104.149,0.0000,impact,ragdoll,Proventus Avenicci,0001A67D,NPC Spine2 [Spn2],9,14.093,14.093,26.180,31.155,1.387,7.0000,23.052,-438.005,422.694,-231.490,-0.5899,-0.5143,-0.6225,-6.816,4.361,-30.086,-,Skin,shape,0000020E2E516B00,14,1,1,0,-
6,140.276,0.0000,impact,ragdoll,Proventus Avenicci,0001A67D,NPC L Hand [LHnd],16,68.690,68.690,109.329,139.165,5.972,4.0000,8.334,-438.698,427.296,-256.772,-0.8535,-0.5123,-0.0953,-4.656,138.364,-14.164,-,-,-,0000020E2E585600,0,1,1,0,-
7,140.277,0.0000,impact,ragdoll,Proventus Avenicci,0001A67D,NPC COM [COM ],0,68.690,68.690,109.329,8.914,8.872,50.0000,17.687,-438.698,427.296,-256.772,-0.8535,-0.5123,-0.0953,-4.294,4.884,-6.096,-,Skin,shape,0000020E2E516800,16,1,1,0,-
8,158.244,0.0000,impact,ragdoll,Proventus Avenicci,0001A67D,NPC L Forearm [LLar],14,76.838,76.838,179.616,53.302,26.262,2.0000,11.658,-438.779,424.801,-250.754,-0.8537,-0.5204,-0.0212,-28.273,-2.061,-45.139,-,Skin,shape,0000020E2E584700,3,1,1,0,-
9,158.245,0.0000,impact,ragdoll,Proventus Avenicci,0001A67D,NPC Spine [Spn0],3,76.838,76.838,179.616,53.178,8.008,4.0000,17.297,-438.779,424.801,-250.754,-0.8537,-0.5204,-0.0212,-6.023,-43.971,-29.294,-,Skin,shape,0000020E2E516B00,14,1,1,0,-
10,158.247,0.0000,impact,ragdoll,Proventus Avenicci,0001A67D,NPC L Hand [LHnd],16,20.406,20.406,417.784,85.248,53.538,4.0000,8.334,-438.869,426.301,-253.739,-0.8640,-0.3482,-0.3638,-42.410,73.465,-8.458,-,Skin,shape,0000020E2E584700,3,1,1,0,-
11,158.247,0.0000,impact,ragdoll,Proventus Avenicci,0001A67D,NPC Spine [Spn0],3,20.406,20.406,417.784,53.178,8.008,4.0000,17.297,-438.869,426.301,-253.739,-0.8640,-0.3482,-0.3638,-6.023,-43.971,-29.294,-,Skin,shape,0000020E2E516800,16,1,1,0,-
12,176.651,0.0000,impact,ragdoll,Proventus Avenicci,0001A67D,NPC L Hand [LHnd],16,29.576,29.576,401.667,79.493,56.931,4.0000,8.334,-440.110,430.388,-258.540,-0.8267,-0.5618,0.0306,-47.315,62.935,-10.935,-,Skin,shape,0000020E2E585C00,1,1,1,0,-
13,176.652,0.0000,impact,ragdoll,Proventus Avenicci,0001A67D,NPC L Thigh [LThg],1,29.576,29.576,401.667,31.366,7.525,6.0000,20.487,-440.110,430.388,-258.540,-0.8267,-0.5618,0.0306,-7.769,15.048,-26.402,-,Skin,shape,0000020E2E516800,16,1,1,0,-
14,177.089,0.0000,impact,ragdoll,Proventus Avenicci,0001A67D,NPC L Foot [Lft ],7,35.938,35.938,42.524,83.175,4.214,3.0000,10.011,-434.709,452.472,-318.000,-0.0000,0.0000,1.0000,-21.611,65.015,-47.160,Static,Carpet,shape,0000020D540EC700,-,1,1,0,-
15,212.192,0.0000,impact,ragdoll,Proventus Avenicci,0001A67D,NPC R Thigh [RThg],2,57.314,57.314,85.390,87.053,12.593,6.0000,20.487,-430.277,440.557,-280.422,0.7441,-0.5596,-0.3650,-1.724,73.275,-46.969,-,Skin,shape,0000020E2E585C00,1,0,1,0,-
16,212.193,0.0000,impact,ragdoll,Proventus Avenicci,0001A67D,NPC L Thigh [LThg],1,57.314,57.314,85.390,33.504,7.704,6.0000,20.487,-430.277,440.557,-280.422,0.7441,-0.5596,-0.3650,-15.648,2.906,-29.483,-,Skin,shape,0000020E2E585000,2,0,1,0,-
17,355.376,0.0000,impact,ragdoll,Proventus Avenicci,0001A67D,NPC R Thigh [RThg],2,36.228,36.228,114.388,49.072,7.588,6.0000,20.487,-434.892,448.714,-284.275,0.9406,-0.3238,-0.1018,-8.037,-44.750,-18.461,-,Skin,shape,0000020E2E585900,5,1,1,0,-
18,355.377,0.0000,impact,ragdoll,Proventus Avenicci,0001A67D,NPC L Calf [LClf],5,36.228,36.228,114.388,21.193,8.095,6.0000,19.675,-434.892,448.714,-284.275,0.9406,-0.3238,-0.1018,-13.915,7.880,13.909,-,Skin,shape,0000020E2E585000,2,1,1,0,-
19,355.807,0.0000,impact,ragdoll,Proventus Avenicci,0001A67D,NPC R Calf [RClf],4,28.021,28.021,76.398,68.236,6.351,6.0000,19.675,-432.690,445.855,-284.000,0.9191,0.1931,-0.3436,20.188,63.386,15.194,-,Skin,shape,0000020E2E585C00,1,1,1,0,-
20,355.807,0.0000,impact,ragdoll,Proventus Avenicci,0001A67D,NPC L Thigh [LThg],1,28.021,28.021,76.398,135.081,3.895,6.0000,20.487,-432.690,445.855,-284.000,0.9191,0.1931,-0.3436,-3.587,-97.875,-93.031,-,Skin,shape,0000020E2E584D00,4,1,1,0,-
21,373.527,0.0000,impact,ragdoll,Proventus Avenicci,0001A67D,NPC R Calf [RClf],4,46.636,46.636,217.702,59.118,7.786,6.0000,19.675,-414.441,432.818,-318.000,-0.0000,0.0000,1.0000,23.225,53.909,7.026,Static,Carpet,shape,0000020D540EC700,-,1,1,0,-
22,392.802,0.0000,impact,ragdoll,Proventus Avenicci,0001A67D,NPC R Calf [RClf],4,35.726,35.726,98.142,24.832,7.738,6.0000,19.675,-434.200,447.338,-286.968,0.9974,-0.0388,0.0605,16.616,14.167,11.825,-,Skin,shape,0000020E2E585900,5,1,1,0,-
23,392.803,0.0000,impact,ragdoll,Proventus Avenicci,0001A67D,NPC L Calf [LClf],5,35.726,35.726,98.142,53.461,7.803,6.0000,19.675,-434.200,447.338,-286.968,0.9974,-0.0388,0.0605,6.721,-50.518,-16.149,-,Skin,shape,0000020E2E584D00,4,1,1,0,-
24,447.110,0.0000,impact,ragdoll,Proventus Avenicci,0001A67D,NPC R Foot [Rft ],8,13.889,13.889,195.844,139.592,10.429,3.0000,10.011,-409.488,442.963,-318.000,-0.0000,0.0000,1.0000,38.507,133.369,14.696,Static,Carpet,shape,0000020D540EC700,-,0,1,0,-
25,466.231,0.0000,impact,ragdoll,Proventus Avenicci,0001A67D,NPC Head [Head],13,347.019,347.019,71.758,375.614,20.268,4.0000,15.108,-417.644,355.133,-318.000,-0.0000,-0.0000,1.0000,18.237,-122.373,-354.652,Static,Carpet,shape,0000020E281A7D00,-,1,1,0,-
26,466.635,0.0000,impact,ragdoll,Proventus Avenicci,0001A67D,NPC L UpperArm [LUar],10,236.734,236.734,118.383,321.946,7.588,2.0000,14.463,-430.206,367.005,-318.000,0.0000,0.0000,1.0000,-62.406,-179.687,-259.744,Static,Carpet,shape,0000020E281A7D00,-,1,1,0,-
27,485.043,0.0000,impact,ragdoll,Proventus Avenicci,0001A67D,NPC Spine2 [Spn2],9,79.558,79.558,236.312,160.419,7.103,7.0000,23.052,-426.080,372.055,-318.000,0.0000,-0.0000,1.0000,-27.035,-128.341,-92.369,Static,Carpet,shape,0000020E281A7D00,-,1,1,0,-
28,485.047,0.0000,impact,ragdoll,Proventus Avenicci,0001A67D,NPC Head [Head],13,126.218,126.218,106.346,187.545,21.078,4.0000,15.108,-416.880,352.247,-319.650,0.0000,-0.0000,1.0000,29.375,-127.360,-134.498,Static,Wood,shape,0000020D52D22800,-,1,1,0,-
29,485.444,0.0000,impact,ragdoll,Proventus Avenicci,0001A67D,NPC L UpperArm [LUar],10,88.843,88.843,95.487,295.215,14.396,2.0000,14.463,-432.000,364.313,-319.650,0.0000,-0.0000,1.0000,-162.809,-195.920,-149.198,Static,Wood,shape,0000020D52D22800,-,1,1,0,-
30,541.535,0.0000,impact,ragdoll,Proventus Avenicci,0001A67D,NPC L Forearm [LLar],14,77.868,77.868,188.312,191.819,14.356,2.0000,11.658,-450.637,351.373,-318.000,0.0000,0.0000,1.0000,-55.490,-99.327,-154.433,Static,Carpet,shape,0000020E281A7D00,-,1,1,0,-
31,541.537,0.0000,impact,ragdoll,Proventus Avenicci,0001A67D,NPC L Hand [LHnd],16,72.233,72.233,570.983,334.252,17.490,4.0000,8.334,-426.154,338.182,-306.972,-0.9952,-0.0003,-0.0975,11.638,-77.574,-324.917,-,Skin,shape,0000020E2E517A00,13,1,1,0,-
32,541.537,0.0000,impact,ragdoll,Proventus Avenicci,0001A67D,NPC Head [Head],13,72.233,72.233,570.983,236.199,5.426,4.0000,15.108,-426.154,338.182,-306.972,-0.9952,-0.0003,-0.0975,-98.245,-207.017,57.289,-,Skin,shape,0000020E2E516800,16,1,1,0,-
33,542.035,0.0000,impact,ragdoll,Proventus Avenicci,0001A67D,NPC L Hand [LHnd],16,301.572,301.572,173.525,308.087,20.209,4.0000,8.334,-437.576,337.627,-318.000,-0.0000,0.0000,1.0000,-38.805,-51.283,-301.300,Static,Carpet,shape,0000020E281A7D00,-,1,1,0,-
34,561.076,0.0000,impact,ragdoll,Proventus Avenicci,0001A67D,NPC Spine2 [Spn2],9,201.729,201.729,105.455,203.134,1.584,7.0000,23.052,-435.936,341.055,-308.718,0.4799,0.8142,0.3268,-46.122,-195.237,-31.920,-,Skin,shape,0000020E2E516800,16,1,1,0,-
35,561.076,0.0000,impact,ragdoll,Proventus Avenicci,0001A67D,NPC L Hand [LHnd],16,201.729,201.729,105.455,56.239,3.546,4.0000,8.334,-435.936,341.055,-308.718,0.4799,0.8142,0.3268,-24.312,3.160,50.614,-,Skin,shape,0000020E2E584100,9,1,1,0,-
36,561.079,0.0000,impact,ragdoll,Proventus Avenicci,0001A67D,NPC L Forearm [LLar],14,171.542,171.542,121.796,81.121,4.957,2.0000,11.658,-435.497,348.492,-306.538,-0.6990,-0.6384,-0.3221,-17.366,18.179,77.127,-,Skin,shape,0000020E2E584100,9,1,1,0,-
37,561.079,0.0000,impact,ragdoll,Proventus Avenicci,0001A67D,NPC Spine2 [Spn2],9,171.542,171.542,121.796,203.134,1.584,7.0000,23.052,-435.497,348.492,-306.538,-0.6990,-0.6384,-0.3221,-46.122,-195.237,-31.920,-,Skin,shape,0000020E2E516B00,14,1,1,0,-
38,561.080,0.0000,impact,ragdoll,Proventus Avenicci,0001A67D,NPC R Hand [RHnd],17,239.625,239.625,528.898,267.318,17.211,4.0000,8.334,-419.120,331.720,-296.260,0.0723,-0.1042,0.9919,156.202,107.511,-188.417,-,Skin,shape,0000020E2E517A00,13,1,1,0,-
39,561.080,0.0000,impact,ragdoll,Proventus Avenicci,0001A67D,NPC Head [Head],13,239.625,239.625,528.898,229.287,5.412,4.0000,15.108,-419.120,331.720,-296.260,0.0723,-0.1042,0.9919,-63.817,-217.567,34.126,-,Skin,shape,0000020E2E517100,17,1,1,0,-
40,578.082,0.0000,impact,ragdoll,Proventus Avenicci,0001A67D,NPC L Thigh [LThg],1,79.278,79.278,244.254,249.896,1.582,6.0000,20.487,-435.064,390.337,-318.000,0.0000,-0.0000,1.0000,8.546,-234.171,-86.827,Static,Carpet,shape,0000020E281A7D00,-,1,1,0,-
41,578.559,0.0000,impact,ragdoll,Proventus Avenicci,0001A67D,NPC COM [COM ],0,84.854,84.854,219.734,197.021,8.828,50.0000,17.687,-430.477,386.244,-318.000,0.0000,0.0000,1.0000,31.598,-166.124,-101.102,Static,Carpet,shape,0000020E281A7D00,-,1,1,0,-
42,598.752,0.0000,impact,ragdoll,Proventus Avenicci,0001A67D,NPC R Thigh [RThg],2,66.293,66.293,185.398,158.113,6.948,6.0000,20.487,-417.493,414.268,-318.000,-0.0000,0.0000,1.0000,25.106,-151.724,-36.731,Static,Carpet,shape,0000020D540EC700,-,1,1,0,-
43,615.376,0.0000,impact,ragdoll,Proventus Avenicci,0001A67D,NPC R Calf [RClf],4,8.135,8.135,151.523,151.051,4.352,6.0000,19.675,-410.890,440.380,-319.650,0.0000,0.0000,1.0000,-14.510,-150.041,-9.674,Static,Wood,shape,0000020D52D22800,-,1,1,0,-
44,615.381,0.0000,impact,ragdoll,Proventus Avenicci,0001A67D,NPC Spine2 [Spn2],9,45.809,45.809,144.962,127.811,4.268,7.0000,23.052,-426.603,350.079,-319.650,0.0000,-0.0000,1.0000,47.390,-106.205,-53.013,Static,Wood,shape,0000020D52D22800,-,1,1,0,-
45,615.385,0.0000,impact,ragdoll,Proventus Avenicci,0001A67D,NPC Head [Head],13,37.265,37.265,174.171,134.933,8.324,4.0000,15.108,-422.767,326.654,-319.650,-0.0000,0.0000,1.0000,-68.542,-110.169,-37.037,Static,Wood,shape,0000020D52D22800,-,1,1,0,-
46,632.396,0.0000,impact,ragdoll,Proventus Avenicci,0001A67D,NPC L Calf [LClf],5,150.598,150.598,209.320,161.603,5.414,6.0000,19.675,-437.306,434.233,-318.000,-0.0000,0.0000,1.0000,-2.401,-138.969,-82.447,Static,Carpet,shape,0000020D540EC700,-,1,1,0,-
47,648.107,0.0000,impact,ragdoll,Proventus Avenicci,0001A67D,NPC R Thigh [RThg],2,53.285,53.285,114.810,140.153,7.406,6.0000,20.487,-416.849,399.576,-318.006,0.0000,0.1518,0.9884,32.852,-129.277,-43.026,Static,Carpet,shape,0000020E281A7D00,-,1,1,0,-
48,648.565,0.0000,impact,ragdoll,Proventus Avenicci,0001A67D,NPC Spine [Spn0],3,40.326,40.326,119.812,148.945,5.345,4.0000,17.297,-426.057,370.323,-318.000,0.0000,0.0000,1.0000,55.372,-126.005,-56.935,Static,Carpet,shape,0000020E281A7D00,-,1,1,0,-
49,648.567,0.0000,impact,ragdoll,Proventus Avenicci,0001A67D,NPC Spine1 [Spn1],6,48.795,48.795,134.347,144.219,5.085,4.0000,18.878,-424.462,359.170,-318.000,0.0000,0.0000,1.0000,46.683,-120.615,-63.812,Static,Carpet,shape,0000020E281A7D00,-,1,1,0,-
50,648.568,0.0000,impact,ragdoll,Proventus Avenicci,0001A67D,NPC Spine2 [Spn2],9,98.866,98.866,266.391,134.821,4.372,7.0000,23.052,-440.871,336.947,-297.627,0.7995,0.4309,-0.4185,6.588,-126.866,-45.147,-,Skin,shape,0000020E2E516800,16,1,1,0,-
51,648.568,0.0000,impact,ragdoll,Proventus Avenicci,0001A67D,NPC L Hand [LHnd],16,98.866,98.866,266.391,264.603,20.775,4.0000,8.334,-440.871,336.947,-297.627,0.7995,0.4309,-0.4185,121.447,119.971,202.169,-,Skin,shape,0000020E2E584100,9,1,1,0,-
52,696.817,0.0000,impact,ragdoll,Proventus Avenicci,0001A67D,NPC Spine1 [Spn1],6,42.352,42.352,142.722,123.248,3.710,4.0000,18.878,-415.716,352.666,-318.000,0.0000,-0.0000,1.0000,28.023,-115.146,-33.854,Static,Carpet,shape,0000020E281A7D00,-,0,1,0,-
53,712.928,0.0000,impact,ragdoll,Proventus Avenicci,0001A67D,NPC COM [COM ],0,64.799,64.799,144.579,125.673,4.315,50.0000,17.687,-418.339,371.619,-319.650,-0.0000,0.0000,1.0000,50.681,-101.103,-54.802,Static,Wood,shape,0000020D52D22800,-,1,1,0,-
54,712.930,0.0000,impact,ragdoll,Proventus Avenicci,0001A67D,NPC COM [COM ],0,64.799,64.799,139.891,125.673,4.315,50.0000,17.687,-418.339,371.619,-318.000,-0.0000,0.0000,1.0000,50.681,-101.103,-54.802,Static,Carpet,shape,0000020E281A7D00,-,0,1,0,-
55,712.931,0.0000,impact,ragdoll,Proventus Avenicci,0001A67D,NPC L Thigh [LThg],1,30.028,30.028,108.669,103.719,3.753,6.0000,20.487,-434.572,393.825,-318.000,-0.0000,-0.0000,1.0000,32.316,-93.916,-29.885,Static,Carpet,shape,0000020E281A7D00,-,0,1,0,-
56,712.935,0.0000,impact,ragdoll,Proventus Avenicci,0001A67D,NPC L Calf [LClf],5,42.716,42.716,120.004,119.322,3.100,6.0000,19.675,-436.474,399.549,-318.002,0.0000,0.0986,0.9951,-10.074,-105.855,-54.138,Static,Carpet,shape,0000020E281A7D00,-,1,1,0,-
57,712.938,0.0000,impact,ragdoll,Proventus Avenicci,0001A67D,NPC Spine2 [Spn2],9,15.159,15.159,127.096,118.354,2.904,7.0000,23.052,-419.040,337.302,-318.000,0.0000,-0.0000,1.0000,13.011,-117.393,-7.567,Static,Carpet,shape,0000020E281A7D00,-,0,1,0,-
58,729.988,0.0000,impact,ragdoll,Proventus Avenicci,0001A67D,NPC R Calf [RClf],4,50.505,50.505,44.909,69.992,2.930,6.0000,19.675,-414.467,399.615,-318.013,0.0000,0.2295,0.9733,10.111,-67.027,-17.436,Static,Carpet,shape,0000020E281A7D00,-,1,1,0,-
59,729.992,0.0000,impact,ragdoll,Proventus Avenicci,0001A67D,NPC L Foot [Lft ],7,84.193,84.193,111.568,137.801,3.954,3.0000,10.011,-443.617,424.577,-318.000,-0.0000,-0.0000,1.0000,-33.316,-102.072,-86.373,Static,Carpet,shape,0000020D540EC700,-,1,1,0,-
60,730.428,0.0000,impact,ragdoll,Proventus Avenicci,0001A67D,NPC Spine [Spn0],3,24.015,24.015,49.100,102.032,5.286,4.0000,17.297,-415.205,362.226,-318.000,0.0000,0.0000,1.0000,28.286,-96.249,-18.618,Static,Carpet,shape,0000020E281A7D00,-,0,1,0,-
61,765.196,0.0000,impact,ragdoll,Proventus Avenicci,0001A67D,NPC L Calf [LClf],5,40.514,40.514,91.501,76.265,1.701,6.0000,19.675,-442.099,418.324,-319.650,-0.0000,0.0000,1.0000,-18.679,-69.616,-24.921,Static,Wood,shape,0000020D52D22800,-,1,1,0,-
62,783.020,0.0000,impact,ragdoll,Proventus Avenicci,0001A67D,NPC R Thigh [RThg],2,44.977,44.977,76.713,81.328,1.242,6.0000,20.487,-413.283,393.087,-318.000,0.0000,-0.0000,1.0000,27.491,-67.083,-36.856,Static,Carpet,shape,0000020E281A7D00,-,0,1,0,-
63,783.023,0.0000,impact,ragdoll,Proventus Avenicci,0001A67D,NPC Spine1 [Spn1],6,30.349,30.349,70.814,84.609,1.494,4.0000,18.878,-413.784,346.508,-319.650,-0.0000,0.0000,1.0000,28.523,-75.389,-25.720,Static,Wood,shape,0000020D52D22800,-,1,1,0,-
64,817.255,0.0000,impact,ragdoll,Proventus Avenicci,0001A67D,NPC Spine1 [Spn1],6,21.372,21.372,71.620,61.828,1.734,4.0000,18.878,-418.756,349.054,-319.677,0.0000,0.0000,1.0000,25.600,-53.137,-18.542,Static,Wood,shape,0000020D52D22800,-,0,1,0,-
65,817.263,0.0000,impact,ragdoll,Proventus Avenicci,0001A67D,NPC L Forearm [LLar],14,24.285,24.285,107.998,77.798,9.054,2.0000,11.658,-433.257,337.811,-299.956,-0.8143,0.3981,0.4223,69.464,33.280,10.940,-,Skin,shape,0000020E2E584100,9,1,1,0,-
66,817.263,0.0000,impact,ragdoll,Proventus Avenicci,0001A67D,NPC Spine2 [Spn2],9,24.285,24.285,107.998,49.225,1.994,7.0000,23.052,-433.257,337.811,-299.956,-0.8143,0.3981,0.4223,19.743,-44.945,3.639,-,Skin,shape,0000020E2E516B00,14,1,1,0,-
67,906.666,0.0000,impact,ragdoll,Proventus Avenicci,0001A67D,NPC L Hand [LHnd],16,112.373,112.373,62.066,119.893,5.527,4.0000,8.334,-430.171,361.395,-301.248,-0.6082,-0.1810,0.7729,32.955,8.439,-114.965,-,Skin,shape,0000020E2E585C00,1,1,1,0,-
68,906.666,0.0000,impact,ragdoll,Proventus Avenicci,0001A67D,NPC L Thigh [LThg],1,112.373,112.373,62.066,20.009,0.405,6.0000,20.487,-430.171,361.395,-301.248,-0.6082,-0.1810,0.7729,-1.421,-19.956,-0.303,-,Skin,shape,0000020E2E516800,16,1,1,0,-
69,1014.653,0.0000,impact,ragdoll,Proventus Avenicci,0001A67D,NPC R Forearm [RLar],15,142.712,142.712,83.115,168.850,6.899,6.0000,11.658,-377.603,325.819,-318.000,-0.0000,-0.0000,1.0000,30.543,-5.342,-165.978,Static,Carpet,shape,0000020E281A7D00,-,1,1,0,-
70,1033.539,0.0000,impact,ragdoll,Proventus Avenicci,0001A67D,NPC R Hand [RHnd],17,91.100,91.100,70.985,91.766,6.998,4.0000,8.334,-358.636,331.012,-318.000,-0.0000,-0.0000,1.0000,8.550,6.931,-91.103,Static,Carpet,shape,0000020E281A7D00,-,1,1,0,-
71,1063.664,0.0000,impact,ragdoll,Proventus Avenicci,0001A67D,NPC R UpperArm [RUar],12,58.561,58.561,103.158,54.019,7.934,2.0000,14.463,-382.341,323.744,-319.650,0.0000,-0.0000,1.0000,25.266,-18.954,-43.823,Static,Wood,shape,0000020D52D22800,-,1,1,0,-
72,1080.692,0.0000,impact,ragdoll,Proventus Avenicci,0001A67D,NPC R Forearm [RLar],15,15.098,15.098,59.176,37.281,5.342,6.0000,11.658,-376.192,323.836,-319.650,0.0000,0.0000,1.0000,1.746,-14.168,-34.440,Static,Wood,shape,0000020D52D22800,-,1,1,0,-
73,1093.429,0.0000,impact,ragdoll,Proventus Avenicci,0001A67D,NPC L Hand [LHnd],16,120.906,120.906,85.735,127.040,5.174,4.0000,8.334,-440.958,355.378,-318.000,-0.0000,0.0000,1.0000,-11.601,-37.298,-120.886,Static,Carpet,shape,0000020E281A7D00,-,1,1,0,-
74,1109.379,0.0000,impact,ragdoll,Proventus Avenicci,0001A67D,NPC R Hand [RHnd],17,81.206,81.206,105.038,91.418,18.204,4.0000,8.334,-359.700,334.270,-319.650,-0.0000,0.0000,1.0000,4.155,42.043,-81.070,Static,Wood,shape,0000020D52D22800,-,1,1,0,-
75,1194.160,0.0000,impact,ragdoll,Proventus Avenicci,0001A67D,NPC L Forearm [LLar],14,46.152,46.152,33.913,30.458,3.322,2.0000,11.658,-442.393,346.914,-318.000,-0.0000,-0.0000,1.0000,-7.384,-5.922,-28.950,Static,Carpet,shape,0000020E281A7D00,-,1,1,0,-
76,1231.773,0.0000,impact,ragdoll,Proventus Avenicci,0001A67D,NPC L UpperArm [LUar],10,25.692,25.692,22.396,22.534,1.452,2.0000,14.463,-434.818,329.412,-318.000,0.0000,0.0000,1.0000,-4.323,-10.575,-19.423,Static,Carpet,shape,0000020E281A7D00,-,1,1,0,-
77,1341.504,0.0000,impact,ragdoll,Proventus Avenicci,0001A67D,NPC L Foot [Lft ],7,9.386,9.386,15.406,33.997,5.194,3.0000,10.011,-447.343,415.264,-319.650,-0.0000,-0.0000,1.0000,2.776,29.374,-16.891,Static,Wood,shape,0000020D52D22800,-,1,1,0,-
78,1595.326,0.0000,state,unknown,Proventus Avenicci,0001A67D,-,-,0.000,0.000,0.000,0.000,0.000,0.0000,0.000,0.000,0.000,0.000,0.0000,0.0000,0.0000,0.000,0.000,0.000,-,-,-,0000000000000000,-,0,0,0,knock_get_up
79,3156.122,0.0000,state,unknown,Proventus Avenicci,0001A67D,-,-,0.000,0.000,0.000,0.000,0.000,0.0000,0.000,0.000,0.000,0.000,0.0000,0.0000,0.0000,0.000,0.000,0.000,-,-,-,0000000000000000,-,0,0,0,ragdoll_start
80,3177.357,0.0000,impact,ragdoll,Proventus Avenicci,0001A67D,NPC R Foot [Rft ],8,52.282,52.282,98.197,9.313,27.212,3.0000,10.011,-422.279,412.491,-318.000,0.0000,-0.0000,1.0000,8.577,-3.480,-1.023,Static,Carpet,shape,0000020D540EC700,-,0,1,0,-
81,3177.359,0.0000,impact,ragdoll,Proventus Avenicci,0001A67D,NPC R Foot [Rft ],8,52.282,52.282,141.096,9.313,27.212,3.0000,10.011,-422.279,412.491,-319.650,-0.0000,0.0000,1.0000,8.577,-3.480,-1.023,Static,Wood,shape,0000020D52D22800,-,0,1,0,-
82,3276.970,0.0000,impact,ragdoll,Proventus Avenicci,0001A67D,NPC Spine2 [Spn2],9,65.191,65.191,94.244,95.868,2.614,7.0000,23.052,-445.890,374.278,-284.284,0.5631,-0.7473,0.3528,-21.594,48.719,79.692,-,Skin,shape,0000020E2E517400,15,1,1,0,-
83,3276.971,0.0000,impact,ragdoll,Proventus Avenicci,0001A67D,NPC R Forearm [RLar],15,65.191,65.191,94.244,88.804,50.117,6.0000,11.658,-445.890,374.278,-284.284,0.5631,-0.7473,0.3528,13.089,-83.287,27.893,-,Skin,shape,0000020E2E584100,9,1,1,0,-
84,3293.924,0.0000,impact,ragdoll,Proventus Avenicci,0001A67D,NPC Spine1 [Spn1],6,152.050,152.050,55.644,124.925,1.523,4.0000,18.878,-445.483,373.497,-285.141,0.6538,-0.7110,-0.2590,-71.553,63.644,80.224,-,Skin,shape,0000020E2E517400,15,1,1,0,-
85,3293.925,0.0000,impact,ragdoll,Proventus Avenicci,0001A67D,NPC R Forearm [RLar],15,152.050,152.050,55.644,91.157,6.665,6.0000,11.658,-445.483,373.497,-285.141,0.6538,-0.7110,-0.2590,34.926,-62.421,56.511,-,Skin,shape,0000020E2E584400,6,1,1,0,-
86,3343.237,0.0000,impact,ragdoll,Proventus Avenicci,0001A67D,NPC R Forearm [RLar],15,28.140,28.140,430.191,110.315,39.250,6.0000,11.658,-441.474,371.841,-289.018,-0.6253,0.4146,0.6611,53.063,12.845,95.858,-,Skin,shape,0000020E2E584700,3,1,1,0,-
87,3343.238,0.0000,impact,ragdoll,Proventus Avenicci,0001A67D,NPC Spine [Spn0],3,28.140,28.140,430.191,122.024,1.325,4.0000,17.297,-441.474,371.841,-289.018,-0.6253,0.4146,0.6611,-70.853,59.102,79.853,-,Skin,shape,0000020E2E517400,15,1,1,0,-
88,3360.194,0.0000,impact,ragdoll,Proventus Avenicci,0001A67D,NPC R Hand [RHnd],17,86.077,86.077,181.209,105.499,40.196,4.0000,8.334,-454.272,383.191,-295.223,-0.7987,-0.5290,0.2870,74.879,54.525,50.499,-,Skin,shape,0000020E2E585C00,1,0,1,0,-
89,3360.195,0.0000,impact,ragdoll,Proventus Avenicci,0001A67D,NPC L Thigh [LThg],1,86.077,86.077,181.209,99.908,5.453,6.0000,20.487,-454.272,383.191,-295.223,-0.7987,-0.5290,0.2870,-50.364,70.566,49.653,-,Skin,shape,0000020E2E517100,17,0,1,0,-
90,3377.425,0.0000,impact,ragdoll,Proventus Avenicci,0001A67D,NPC Spine2 [Spn2],9,61.045,61.045,45.588,152.463,3.041,7.0000,23.052,-446.901,346.509,-281.051,0.2624,0.7614,0.5928,-32.094,77.148,127.527,-,Skin,shape,0000020E2E516B00,14,1,1,0,-
91,3377.426,0.0000,impact,ragdoll,Proventus Avenicci,0001A67D,NPC L Forearm [LLar],14,61.045,61.045,45.588,232.193,8.368,2.0000,11.658,-446.901,346.509,-281.051,0.2624,0.7614,0.5928,13.591,184.166,140.754,-,Skin,shape,0000020E2E584100,9,1,1,0,-
92,3377.864,0.0000,impact,ragdoll,Proventus Avenicci,0001A67D,NPC R Forearm [RLar],15,86.352,86.352,114.855,135.953,6.540,6.0000,11.658,-445.007,376.852,-291.564,-0.8057,0.1788,0.5647,2.265,55.425,124.122,-,-,-,0000020E2E585600,0,1,1,0,-
93,3377.865,0.0000,impact,ragdoll,Proventus Avenicci,0001A67D,NPC COM [COM ],0,86.352,86.352,114.855,132.124,2.921,50.0000,17.687,-445.007,376.852,-291.564,-0.8057,0.1788,0.5647,-77.250,59.919,88.875,-,Skin,shape,0000020E2E517400,15,1,1,0,-
94,3393.237,0.0000,impact,ragdoll,Proventus Avenicci,0001A67D,NPC R Hand [RHnd],17,55.629,55.629,135.369,129.257,16.657,4.0000,8.334,-447.512,378.087,-292.743,-0.9457,0.2056,0.2516,-12.395,80.285,100.539,-,-,-,0000020E2E585600,0,1,1,0,-
95,3393.237,0.0000,impact,ragdoll,Proventus Avenicci,0001A67D,NPC COM [COM ],0,55.629,55.629,135.369,136.530,3.906,50.0000,17.687,-447.512,378.087,-292.743,-0.9457,0.2056,0.2516,-73.416,63.148,96.244,-,Skin,shape,0000020E2E517100,17,1,1,0,-
96,3393.239,0.0000,impact,ragdoll,Proventus Avenicci,0001A67D,NPC R Hand [RHnd],17,38.510,38.510,66.384,129.257,16.657,4.0000,8.334,-447.939,375.708,-289.049,-0.9103,0.4091,-0.0636,-12.395,80.285,100.539,-,Skin,shape,0000020E2E584700,3,1,1,0,-
97,3393.239,0.0000,impact,ragdoll,Proventus Avenicci,0001A67D,NPC Spine [Spn0],3,38.510,38.510,66.384,147.975,2.358,4.0000,17.297,-447.939,375.708,-289.049,-0.9103,0.4091,-0.0636,-58.547,71.590,115.515,-,Skin,shape,0000020E2E517100,17,1,1,0,-
98,3409.842,0.0000,impact,ragdoll,Proventus Avenicci,0001A67D,NPC L Forearm [LLar],14,123.998,123.998,21.632,255.844,3.384,2.0000,11.658,-444.765,361.010,-278.707,-0.3380,-0.9334,-0.1207,13.492,206.967,149.796,-,Skin,shape,0000020E2E584400,6,1,1,0,-
99,3409.844,0.0000,impact,ragdoll,Proventus Avenicci,0001A67D,NPC Spine1 [Spn1],6,123.998,123.998,21.632,165.424,0.797,4.0000,18.878,-444.765,361.010,-278.707,-0.3380,-0.9334,-0.1207,-45.627,92.684,129.202,-,Skin,shape,0000020E2E516B00,14,1,1,0,-
100,3426.770,0.0000,impact,ragdoll,Proventus Avenicci,0001A67D,NPC L Hand [LHnd],16,151.145,151.145,101.105,273.140,4.841,4.0000,8.334,-445.976,370.431,-291.845,-0.5068,-0.8611,-0.0409,-18.877,200.304,184.736,-,-,-,0000020E2E585600,0,1,1,0,-
101,3426.770,0.0000,impact,ragdoll,Proventus Avenicci,0001A67D,NPC COM [COM ],0,151.145,151.145,101.105,148.024,4.373,50.0000,17.687,-445.976,370.431,-291.845,-0.5068,-0.8611,-0.0409,-80.545,72.305,100.974,-,Skin,shape,0000020E2E516800,16,1,1,0,-
102,3426.771,0.0000,impact,ragdoll,Proventus Avenicci,0001A67D,NPC L Hand [LHnd],16,122.873,122.873,15.742,273.140,4.841,4.0000,8.334,-446.411,368.322,-287.851,-0.5156,-0.7482,-0.4176,-18.877,200.304,184.736,-,Skin,shape,0000020E2E584700,3,1,1,0,-
103,3426.771,0.0000,impact,ragdoll,Proventus Avenicci,0001A67D,NPC Spine [Spn0],3,122.873,122.873,15.742,165.164,3.599,4.0000,17.297,-446.411,368.322,-287.851,-0.5156,-0.7482,-0.4176,-56.522,97.023,121.123,-,Skin,shape,0000020E2E516800,16,1,1,0,-
104,3443.224,0.0000,impact,ragdoll,Proventus Avenicci,0001A67D,NPC R Foot [Rft ],8,30.382,30.382,168.553,120.953,12.172,3.0000,10.011,-391.985,400.479,-318.000,-0.0000,-0.0424,0.9991,78.804,-91.741,1.743,Static,Carpet,shape,0000020D540EC700,-,1,1,0,-
105,3443.226,0.0000,impact,ragdoll,Proventus Avenicci,0001A67D,NPC R Foot [Rft ],8,50.597,50.597,160.861,120.953,12.172,3.0000,10.011,-391.985,399.579,-318.006,0.0000,0.1588,0.9873,78.804,-91.741,1.743,Static,Carpet,shape,0000020E281A7D00,-,1,1,0,-
106,3460.744,0.0000,impact,ragdoll,Proventus Avenicci,0001A67D,NPC R Foot [Rft ],8,42.499,42.499,111.587,85.132,13.149,3.0000,10.011,-391.206,399.117,-318.000,-0.0000,0.0000,1.0000,50.179,-68.771,0.193,Static,Carpet,shape,0000020E281A7D00,-,1,1,0,-
107,3559.141,0.0000,impact,ragdoll,Proventus Avenicci,0001A67D,NPC L Hand [LHnd],16,16.633,16.633,78.016,220.168,2.372,4.0000,8.334,-454.017,382.595,-262.606,-0.4437,-0.7407,-0.5044,-36.926,127.427,175.707,-,Skin,shape,0000020E2E584400,6,1,1,0,-
108,3559.142,0.0000,impact,ragdoll,Proventus Avenicci,0001A67D,NPC Spine1 [Spn1],6,16.633,16.633,78.016,227.493,4.195,4.0000,18.878,-454.017,382.595,-262.606,-0.4437,-0.7407,-0.5044,-93.019,149.568,143.980,-,Skin,shape,0000020E2E516800,16,1,1,0,-
109,3909.707,0.0000,impact,ragdoll,Proventus Avenicci,0001A67D,NPC L Calf [LClf],5,27.335,27.335,63.445,88.514,4.264,6.0000,19.675,-444.074,416.840,-318.000,-0.0000,0.0000,1.0000,-57.018,14.304,-66.175,Static,Carpet,shape,0000020D540EC700,-,1,1,0,-
110,3958.956,0.0000,impact,ragdoll,Proventus Avenicci,0001A67D,NPC L Thigh [LThg],1,129.863,129.863,44.193,158.595,2.852,6.0000,20.487,-470.011,429.345,-318.000,0.0000,-0.0000,1.0000,-47.607,68.469,-134.900,Static,Carpet,shape,0000020D540EC700,-,1,1,0,-
111,3993.986,0.0000,impact,ragdoll,Proventus Avenicci,0001A67D,NPC L Calf [LClf],5,86.569,86.569,61.773,77.965,4.328,6.0000,19.675,-470.383,428.128,-319.650,0.0000,0.0000,1.0000,-52.293,-0.645,-57.824,Static,Wood,shape,0000020D52D22800,-,1,1,0,-
112,4027.720,0.0000,impact,ragdoll,Proventus Avenicci,0001A67D,NPC R Thigh [RThg],2,83.316,83.316,122.089,138.519,0.725,6.0000,20.487,-458.448,419.864,-304.526,-0.1959,-0.0161,0.9805,-50.318,102.574,-78.321,-,Skin,shape,0000020E2E585900,5,1,1,0,-
113,4027.721,0.0000,impact,ragdoll,Proventus Avenicci,0001A67D,NPC L Calf [LClf],5,83.316,83.316,122.089,42.225,8.058,6.0000,19.675,-458.448,419.864,-304.526,-0.1959,-0.0161,0.9805,-20.891,-36.241,5.753,-,Skin,shape,0000020E2E585000,2,1,1,0,-
114,4043.260,0.0000,impact,ragdoll,Proventus Avenicci,0001A67D,NPC L Forearm [LLar],14,38.741,38.741,16.382,297.070,4.517,2.0000,11.658,-473.701,457.411,-271.138,-0.4898,-0.2322,0.8403,-26.561,250.574,-157.346,-,Skin,shape,0000020E2E584400,6,1,1,0,-
115,4043.261,0.0000,impact,ragdoll,Proventus Avenicci,0001A67D,NPC Spine1 [Spn1],6,38.741,38.741,16.382,203.976,4.422,4.0000,18.878,-473.701,457.411,-271.138,-0.4898,-0.2322,0.8403,-27.306,153.196,-131.878,-,Skin,shape,0000020E2E516B00,14,1,1,0,-
116,4059.872,0.0000,impact,ragdoll,Proventus Avenicci,0001A67D,NPC L Calf [LClf],5,107.735,107.735,63.031,24.175,3.693,6.0000,19.675,-460.224,416.034,-298.350,0.2758,0.2490,-0.9284,-18.719,-9.535,11.962,-,Skin,shape,0000020E2E584D00,4,1,1,0,-
117,4059.873,0.0000,impact,ragdoll,Proventus Avenicci,0001A67D,NPC R Calf [RClf],4,107.735,107.735,63.031,130.800,1.150,6.0000,19.675,-460.224,416.034,-298.350,0.2758,0.2490,-0.9284,-40.671,105.983,-64.978,-,Skin,shape,0000020E2E585900,5,1,1,0,-
118,4059.877,0.0000,impact,ragdoll,Proventus Avenicci,0001A67D,NPC L Hand [LHnd],16,71.968,71.968,99.721,273.401,7.664,4.0000,8.334,-479.843,451.491,-281.368,-0.7319,-0.1421,0.6664,0.194,227.269,-151.977,-,Skin,shape,0000020E2E584700,3,1,1,0,-
119,4059.877,0.0000,impact,ragdoll,Proventus Avenicci,0001A67D,NPC Spine [Spn0],3,71.968,71.968,99.721,182.748,3.674,4.0000,17.297,-479.843,451.491,-281.368,-0.7319,-0.1421,0.6664,-45.709,139.960,-108.253,-,Skin,shape,0000020E2E516800,16,1,1,0,-
120,4076.937,0.0000,impact,ragdoll,Proventus Avenicci,0001A67D,NPC R Hand [RHnd],17,292.384,292.384,166.723,338.234,6.660,4.0000,8.334,-475.148,491.524,-318.000,0.0000,0.0000,1.0000,77.576,151.400,-292.339,Static,Carpet,shape,0000020D540EC700,-,1,1,0,-
121,4093.128,0.0000,impact,ragdoll,Proventus Avenicci,0001A67D,NPC R Hand [RHnd],17,68.745,68.745,99.601,135.728,28.041,4.0000,8.334,-474.526,494.544,-319.650,0.0000,-0.0000,1.0000,28.050,113.210,-69.419,Static,Wood,shape,0000020D52D22800,-,1,1,0,-
122,4126.047,0.0000,impact,ragdoll,Proventus Avenicci,0001A67D,NPC R Calf [RClf],4,176.272,176.272,175.133,151.795,2.394,6.0000,19.675,-453.138,411.927,-303.324,-0.6944,0.0458,0.7182,39.938,137.096,-51.490,-,Skin,shape,0000020E2E585300,7,1,1,0,-
123,4126.048,0.0000,impact,ragdoll,Proventus Avenicci,0001A67D,NPC L Foot [Lft ],7,176.272,176.272,175.133,137.330,3.915,3.0000,10.011,-453.138,411.927,-303.324,-0.6944,0.0458,0.7182,-104.498,-39.097,80.071,-,Skin,shape,0000020E2E584D00,4,1,1,0,-
124,4142.807,0.0000,impact,ragdoll,Proventus Avenicci,0001A67D,NPC R UpperArm [RUar],12,185.253,185.253,80.968,240.304,5.868,2.0000,14.463,-463.124,484.890,-318.000,0.0000,0.0000,1.0000,-45.019,98.879,-214.342,Static,Carpet,shape,0000020D540EC700,-,1,1,0,-
125,4158.938,0.0000,impact,ragdoll,Proventus Avenicci,0001A67D,NPC Spine [Spn0],3,103.054,103.054,131.067,164.345,0.891,4.0000,17.297,-470.232,464.898,-318.000,-0.0000,-0.0000,1.0000,-12.141,125.607,-105.284,Static,Carpet,shape,0000020D540EC700,-,1,1,0,-
126,4158.943,0.0000,impact,ragdoll,Proventus Avenicci,0001A67D,NPC R Foot [Rft ],8,154.684,154.684,123.553,145.777,5.085,3.0000,10.011,-456.273,409.377,-305.104,-0.1936,-0.9259,0.3244,52.190,136.078,3.182,-,Skin,shape,0000020E2E585900,5,1,1,0,-
127,4158.943,0.0000,impact,ragdoll,Proventus Avenicci,0001A67D,NPC L Calf [LClf],5,154.684,154.684,123.553,40.741,3.671,6.0000,19.675,-456.273,409.377,-305.104,-0.1936,-0.9259,0.3244,-32.755,24.226,-0.144,-,Skin,shape,0000020E2E584A00,8,1,1,0,-
128,4158.944,0.0000,impact,ragdoll,Proventus Avenicci,0001A67D,NPC Spine2 [Spn2],9,197.982,197.982,200.883,194.840,6.051,7.0000,23.052,-472.143,499.387,-308.992,0.2662,-0.5136,0.8157,-7.227,103.931,-164.648,-,Skin,shape,0000020E2E517100,17,1,1,0,-
129,4158.944,0.0000,impact,ragdoll,Proventus Avenicci,0001A67D,NPC R Hand [RHnd],17,197.982,197.982,200.883,165.601,14.988,4.0000,8.334,-472.143,499.387,-308.992,0.2662,-0.5136,0.8157,11.946,142.455,83.591,-,Skin,shape,0000020E2E584100,9,1,1,0,-
130,4158.945,0.0000,impact,ragdoll,Proventus Avenicci,0001A67D,NPC R UpperArm [RUar],12,169.605,169.605,15.271,175.949,5.463,2.0000,14.463,-454.608,493.077,-318.000,-0.0000,0.0000,1.0000,-16.413,29.765,-172.635,Static,Carpet,shape,0000020D540EC700,-,0,1,0,-
131,4158.945,0.0000,impact,ragdoll,Proventus Avenicci,0001A67D,NPC R UpperArm [RUar],12,169.605,169.605,20.729,175.949,5.463,2.0000,14.463,-454.608,493.077,-319.650,0.0000,-0.0000,1.0000,-16.413,29.765,-172.635,Static,Wood,shape,0000020D52D22800,-,1,1,0,-
132,4176.530,0.0000,impact,ragdoll,Proventus Avenicci,0001A67D,NPC R Thigh [RThg],2,13.737,13.737,63.683,140.579,1.811,6.0000,20.487,-471.399,436.629,-306.802,0.7496,0.2259,0.6221,3.140,122.002,-69.771,-,Skin,shape,0000020E2E585C00,1,0,1,0,-
133,4176.531,0.0000,impact,ragdoll,Proventus Avenicci,0001A67D,NPC L Thigh [LThg],1,13.737,13.737,63.683,95.645,2.654,6.0000,20.487,-471.399,436.629,-306.802,0.7496,0.2259,0.6221,-12.827,90.650,-27.675,-,Skin,shape,0000020E2E585000,2,0,1,0,-
134,4192.291,0.0000,impact,ragdoll,Proventus Avenicci,0001A67D,NPC COM [COM ],0,76.860,76.860,165.185,133.993,4.006,50.0000,17.687,-471.685,460.488,-318.000,0.0000,-0.0000,1.0000,-11.665,111.053,-74.062,Static,Carpet,shape,0000020D540EC700,-,1,1,0,-
135,4192.298,0.0000,impact,ragdoll,Proventus Avenicci,0001A67D,NPC Head [Head],13,181.296,181.296,337.699,199.731,26.325,4.0000,15.108,-470.054,506.861,-310.667,0.7561,0.3925,0.5237,-54.661,-75.445,-176.671,-,Skin,shape,0000020E2E517100,17,1,1,0,-
136,4192.298,0.0000,impact,ragdoll,Proventus Avenicci,0001A67D,NPC R Hand [RHnd],17,181.296,181.296,337.699,33.881,5.420,4.0000,8.334,-470.054,506.861,-310.667,0.7561,0.3925,0.5237,-1.071,33.864,-0.125,-,Skin,shape,0000020E2E517A00,13,1,1,0,-
137,4192.299,0.0000,impact,ragdoll,Proventus Avenicci,0001A67D,NPC Head [Head],13,177.991,177.991,494.233,199.731,26.325,4.0000,15.108,-458.546,512.836,-318.000,0.0000,-0.0000,1.0000,-54.661,-75.445,-176.671,Static,Carpet,shape,0000020D540EC700,-,1,1,0,-
138,4209.070,0.0000,impact,ragdoll,Proventus Avenicci,0001A67D,NPC R Forearm [RLar],15,93.574,93.574,79.588,21.933,2.145,6.0000,11.658,-469.483,476.718,-308.370,0.1470,0.9032,-0.4033,-8.960,18.841,6.766,-,Skin,shape,0000020E2E584700,3,1,1,0,-
139,4209.071,0.0000,impact,ragdoll,Proventus Avenicci,0001A67D,NPC Spine [Spn0],3,93.574,93.574,79.588,128.397,5.598,4.0000,17.297,-469.483,476.718,-308.370,0.1470,0.9032,-0.4033,-28.237,125.082,6.544,-,Skin,shape,0000020E2E517400,15,1,1,0,-
140,4242.270,0.0000,impact,ragdoll,Proventus Avenicci,0001A67D,NPC L Hand [LHnd],16,182.895,182.895,419.623,370.217,14.838,4.0000,8.334,-495.551,491.341,-318.000,0.0000,0.0000,1.0000,110.338,302.164,-183.256,Static,Carpet,shape,0000020D540EC700,-,1,1,0,-
141,4259.556,0.0000,impact,ragdoll,Proventus Avenicci,0001A67D,NPC R Thigh [RThg],2,15.420,15.420,55.082,54.077,1.264,6.0000,20.487,-468.222,460.443,-318.000,-0.0000,0.0000,1.0000,2.210,49.719,-21.154,Static,Carpet,shape,0000020D540EC700,-,1,1,0,-
142,4325.662,0.0000,impact,ragdoll,Proventus Avenicci,0001A67D,NPC L Hand [LHnd],16,64.141,64.141,218.695,197.427,14.090,4.0000,8.334,-480.708,507.750,-311.286,-0.9161,0.0407,0.3990,82.117,169.141,60.211,-,Skin,shape,0000020E2E517100,17,1,1,0,-
143,4325.662,0.0000,impact,ragdoll,Proventus Avenicci,0001A67D,NPC R Hand [RHnd],17,64.141,64.141,218.695,34.557,4.297,4.0000,8.334,-480.708,507.750,-311.286,-0.9161,0.0407,0.3990,-20.520,27.805,0.076,-,Skin,shape,0000020E2E516800,16,1,1,0,-
144,4342.820,0.0000,impact,ragdoll,Proventus Avenicci,0001A67D,NPC COM [COM ],0,49.115,49.115,77.681,63.352,3.006,50.0000,17.687,-473.598,467.558,-319.650,-0.0000,-0.0000,1.0000,-11.124,38.718,-48.895,Static,Wood,shape,0000020D52D22800,-,1,1,0,-
145,4360.589,0.0000,impact,ragdoll,Proventus Avenicci,0001A67D,NPC R Thigh [RThg],2,111.281,111.281,84.434,61.153,5.540,6.0000,20.487,-460.976,444.139,-318.000,0.0000,-0.0000,1.0000,3.735,30.223,-53.032,Static,Carpet,shape,0000020D540EC700,-,0,1,0,-
146,4392.410,0.0000,impact,ragdoll,Proventus Avenicci,0001A67D,NPC R Foot [Rft ],8,140.186,140.186,82.068,142.433,4.778,3.0000,10.011,-442.370,409.759,-318.000,0.0000,-0.0000,1.0000,50.251,32.095,-129.351,Static,Carpet,shape,0000020D540EC700,-,1,1,0,-
147,4409.936,0.0000,impact,ragdoll,Proventus Avenicci,0001A67D,NPC L Hand [LHnd],16,13.369,13.369,89.116,101.631,6.027,4.0000,8.334,-479.271,513.296,-309.642,-0.5825,0.3502,0.7335,67.451,65.069,39.310,-,Skin,shape,0000020E2E517100,17,1,1,0,-
148,4409.937,0.0000,impact,ragdoll,Proventus Avenicci,0001A67D,NPC R Hand [RHnd],17,13.369,13.369,89.116,63.042,3.021,4.0000,8.334,-479.271,513.296,-309.642,-0.5825,0.3502,0.7335,-6.099,62.746,0.093,-,Skin,shape,0000020E2E516800,16,1,1,0,-
149,4458.950,0.0000,impact,ragdoll,Proventus Avenicci,0001A67D,NPC COM [COM ],0,12.596,12.596,0.171,22.509,2.352,50.0000,17.687,-481.408,468.833,-318.000,-0.0000,0.0000,1.0000,-19.835,8.608,-6.256,Static,Carpet,shape,0000020D540EC700,-,0,1,0,-
150,4475.152,0.0000,impact,ragdoll,Proventus Avenicci,0001A67D,NPC R Thigh [RThg],2,11.085,11.085,35.403,15.774,1.988,6.0000,20.487,-459.528,446.853,-319.650,0.0000,-0.0000,1.0000,-4.731,15.016,-0.977,Static,Wood,shape,0000020D52D22800,-,0,1,0,-
151,4492.709,0.0000,impact,ragdoll,Proventus Avenicci,0001A67D,NPC R Foot [Rft ],8,38.016,38.016,63.642,63.028,2.066,3.0000,10.011,-437.388,414.847,-319.650,0.0000,0.0000,1.0000,36.306,31.047,-41.116,Static,Wood,shape,0000020D52D22800,-,1,1,0,-
152,4542.687,0.0000,impact,ragdoll,Proventus Avenicci,0001A67D,NPC L Hand [LHnd],16,35.487,35.487,84.683,48.285,5.407,4.0000,8.334,-474.938,513.588,-310.687,-0.3519,0.4475,0.8222,33.755,-23.940,-24.877,-,Skin,shape,0000020E2E517400,15,1,1,0,-
153,4542.688,0.0000,impact,ragdoll,Proventus Avenicci,0001A67D,NPC R Forearm [RLar],15,35.487,35.487,84.683,42.644,4.029,6.0000,11.658,-474.938,513.588,-310.687,-0.3519,0.4475,0.8222,3.497,24.976,-34.388,-,Skin,shape,0000020E2E516800,16,1,1,0,-
154,4543.145,0.0000,impact,ragdoll,Proventus Avenicci,0001A67D,NPC L Hand [LHnd],16,57.210,57.210,21.325,43.686,3.782,4.0000,8.334,-477.795,508.521,-295.612,-0.0821,0.8689,-0.4881,26.000,-25.448,-24.184,-,Skin,shape,0000020E2E584100,9,1,1,0,-
155,4543.145,0.0000,impact,ragdoll,Proventus Avenicci,0001A67D,NPC Spine2 [Spn2],9,57.210,57.210,21.325,49.756,1.369,7.0000,23.052,-477.795,508.521,-295.612,-0.0821,0.8689,-0.4881,-16.533,31.314,-34.953,-,Skin,shape,0000020E2E516800,16,1,1,0,-
156,4576.166,0.0000,impact,ragdoll,Proventus Avenicci,0001A67D,NPC R UpperArm [RUar],12,40.714,40.714,25.047,52.563,2.448,2.0000,14.463,-469.697,502.404,-318.000,-0.0000,-0.0000,1.0000,-17.248,12.602,-48.026,Static,Carpet,shape,0000020D540EC700,-,1,1,0,-
157,4625.692,0.0000,impact,ragdoll,Proventus Avenicci,0001A67D,NPC R Forearm [RLar],15,23.517,23.517,11.089,11.916,2.229,6.0000,11.658,-473.677,499.533,-318.000,-0.0000,-0.0000,1.0000,-0.700,-1.249,-11.829,Static,Carpet,shape,0000020D540EC700,-,0,1,0,-
158,4625.694,0.0000,impact,ragdoll,Proventus Avenicci,0001A67D,NPC L Hand [LHnd],16,5.918,5.918,51.938,80.944,3.772,4.0000,8.334,-471.264,510.121,-307.931,-0.7162,0.6783,0.1641,-26.050,-9.577,-76.037,-,Skin,shape,0000020E2E517700,12,1,1,0,-
159,4625.694,0.0000,impact,ragdoll,Proventus Avenicci,0001A67D,NPC R UpperArm [RUar],12,5.918,5.918,51.938,43.322,1.159,2.0000,14.463,-471.264,510.121,-307.931,-0.7162,0.6783,0.1641,-9.205,8.634,-41.444,-,Skin,shape,0000020E2E516800,16,1,1,0,-
160,4671.754,0.0000,state,unknown,Proventus Avenicci,0001A67D,-,-,0.000,0.000,0.000,0.000,0.000,0.0000,0.000,0.000,0.000,0.000,0.0000,0.0000,0.0000,0.000,0.000,0.000,-,-,-,0000000000000000,-,0,0,0,knock_get_up
161,6889.350,0.0000,state,unknown,Proventus Avenicci,0001A67D,-,-,0.000,0.000,0.000,0.000,0.000,0.0000,0.000,0.000,0.000,0.000,0.0000,0.0000,0.0000,0.000,0.000,0.000,-,-,-,0000000000000000,-,0,0,0,ragdoll_start
162,6959.668,0.0000,impact,ragdoll,Proventus Avenicci,0001A67D,NPC R Thigh [RThg],2,49.099,49.099,171.111,77.198,5.067,6.0000,20.487,-471.957,471.867,-318.000,0.0000,0.0000,1.0000,12.372,-53.728,-54.035,Static,Carpet,shape,0000020D540EC700,-,1,1,0,-
163,7025.907,0.0000,impact,ragdoll,Proventus Avenicci,0001A67D,NPC L Calf [LClf],5,190.831,190.831,323.635,249.386,8.710,6.0000,19.675,-508.185,488.159,-318.000,-0.0000,-0.0000,1.0000,-95.149,-199.172,-116.062,Static,Carpet,shape,0000020D540EC700,-,1,1,0,-
164,7058.768,0.0000,impact,ragdoll,Proventus Avenicci,0001A67D,NPC L Thigh [LThg],1,128.850,128.850,246.277,149.761,11.465,6.0000,20.487,-506.462,484.565,-318.000,0.0000,0.0000,1.0000,2.003,-4.542,-149.679,Static,Carpet,shape,0000020D540EC700,-,1,1,0,-
165,7076.325,0.0000,impact,ragdoll,Proventus Avenicci,0001A67D,NPC Spine2 [Spn2],9,68.571,68.571,103.759,441.518,2.698,7.0000,23.052,-467.913,515.098,-304.068,-0.7724,0.1850,0.6076,17.316,151.861,-414.217,-,Skin,shape,0000020E2E517400,15,1,1,0,-
166,7076.326,0.0000,impact,ragdoll,Proventus Avenicci,0001A67D,NPC R Forearm [RLar],15,68.571,68.571,103.759,228.503,11.289,6.0000,11.658,-467.913,515.098,-304.068,-0.7724,0.1850,0.6076,14.813,100.993,-204.437,-,Skin,shape,0000020E2E584100,9,1,1,0,-
167,7076.327,0.0000,impact,ragdoll,Proventus Avenicci,0001A67D,NPC R Forearm [RLar],15,142.583,142.583,29.812,228.503,11.289,6.0000,11.658,-458.552,503.458,-318.000,0.0000,0.0000,1.0000,14.813,100.993,-204.437,Static,Carpet,shape,0000020D540EC700,-,1,1,0,-
168,7093.262,0.0000,impact,ragdoll,Proventus Avenicci,0001A67D,NPC R UpperArm [RUar],12,444.139,444.139,165.370,385.543,14.664,2.0000,14.463,-476.833,527.533,-318.000,0.0000,0.0000,1.0000,100.209,76.566,-364.334,Static,Carpet,shape,0000020D540EC700,-,1,1,0,-
169,7093.697,0.0000,impact,ragdoll,Proventus Avenicci,0001A67D,NPC L Thigh [LThg],1,70.950,70.950,260.314,140.848,11.001,6.0000,20.487,-508.115,478.771,-319.650,-0.0000,-0.0000,1.0000,-5.319,-54.839,-129.625,Static,Wood,shape,0000020D52D22800,-,1,1,0,-
170,7108.795,0.0000,impact,ragdoll,Proventus Avenicci,0001A67D,NPC R UpperArm [RUar],12,53.663,53.663,88.009,58.828,10.742,2.0000,14.463,-475.053,529.151,-319.650,-0.0000,0.0000,1.0000,34.746,42.292,-21.560,Static,Wood,shape,0000020D52D22800,-,1,1,0,-
171,7109.235,0.0000,impact,ragdoll,Proventus Avenicci,0001A67D,NPC Spine1 [Spn1],6,115.074,115.074,324.541,199.693,13.532,4.0000,18.878,-485.289,507.395,-318.000,0.0000,0.0000,1.0000,-99.750,151.805,-82.961,Static,Carpet,shape,0000020D540EC700,-,1,1,0,-
172,7109.237,0.0000,impact,ragdoll,Proventus Avenicci,0001A67D,NPC Spine2 [Spn2],9,16.159,16.159,212.191,152.220,10.594,7.0000,23.052,-482.795,522.568,-318.000,-0.0000,0.0000,1.0000,-54.275,134.899,-45.026,Static,Carpet,shape,0000020D540EC700,-,1,1,0,-
173,7109.238,0.0000,impact,ragdoll,Proventus Avenicci,0001A67D,NPC Head [Head],13,429.423,429.423,386.003,430.951,33.705,4.0000,15.108,-494.395,544.000,-318.000,-0.0000,0.0000,1.0000,9.921,84.141,-422.541,Static,Carpet,shape,0000020D540EC700,-,1,1,0,-
174,7128.380,0.0000,impact,ragdoll,Proventus Avenicci,0001A67D,NPC L Calf [LClf],5,131.916,131.916,276.027,214.619,10.234,6.0000,19.675,-511.313,471.710,-319.650,0.0000,0.0000,1.0000,3.010,-208.155,-52.189,Static,Wood,shape,0000020D52D22800,-,1,1,0,-
175,7128.391,0.0000,impact,ragdoll,Proventus Avenicci,0001A67D,NPC R Hand [RHnd],17,63.144,63.144,224.129,194.922,57.320,4.0000,8.334,-459.688,497.995,-319.650,0.0000,0.0000,1.0000,-167.194,78.066,-62.819,Static,Wood,shape,0000020D52D22800,-,1,1,0,-
176,7129.001,0.0000,impact,ragdoll,Proventus Avenicci,0001A67D,NPC Spine [Spn0],3,106.455,106.455,227.274,181.946,14.262,4.0000,17.297,-465.728,498.396,-307.613,-0.9387,-0.0148,0.3444,-89.869,137.082,-78.969,-,Skin,shape,0000020E2E517100,17,1,1,0,-
177,7129.001,0.0000,impact,ragdoll,Proventus Avenicci,0001A67D,NPC R Hand [RHnd],17,106.455,106.455,227.274,184.361,17.001,4.0000,8.334,-465.728,498.396,-307.613,-0.9387,-0.0148,0.3444,-181.484,32.223,-3.731,-,Skin,shape,0000020E2E584700,3,1,1,0,-
178,7144.026,0.0000,impact,ragdoll,Proventus Avenicci,0001A67D,NPC Spine2 [Spn2],9,165.855,165.855,318.598,133.581,6.805,7.0000,23.052,-504.226,516.166,-290.727,0.7173,0.4942,-0.4913,-82.461,103.003,-20.845,-,Skin,shape,0000020E2E516B00,14,1,1,0,-
179,7144.027,0.0000,impact,ragdoll,Proventus Avenicci,0001A67D,NPC L Forearm [LLar],14,165.855,165.855,318.598,208.406,20.046,2.0000,11.658,-504.226,516.166,-290.727,0.7173,0.4942,-0.4913,94.416,38.528,-181.753,-,Skin,shape,0000020E2E584100,9,1,1,0,-
180,7144.033,0.0000,impact,ragdoll,Proventus Avenicci,0001A67D,NPC L Hand [LHnd],16,139.085,139.085,151.510,368.234,25.371,4.0000,8.334,-494.118,493.431,-296.340,-0.7574,0.2213,0.6143,-75.618,-30.523,-359.092,-,-,-,0000020E2E585600,0,1,1,0,-
181,7144.033,0.0000,impact,ragdoll,Proventus Avenicci,0001A67D,NPC COM [COM ],0,139.085,139.085,151.510,213.505,9.773,50.0000,17.687,-494.118,493.431,-296.340,-0.7574,0.2213,0.6143,-79.955,104.826,-167.938,-,Skin,shape,0000020E2E516800,16,1,1,0,-
182,7144.034,0.0000,impact,ragdoll,Proventus Avenicci,0001A67D,NPC L Hand [LHnd],16,164.394,164.394,155.305,368.234,25.371,4.0000,8.334,-494.617,498.001,-297.428,-0.6895,-0.2023,0.6955,-75.618,-30.523,-359.092,-,Skin,shape,0000020E2E584700,3,1,1,0,-
183,7144.034,0.0000,impact,ragdoll,Proventus Avenicci,0001A67D,NPC Spine [Spn0],3,164.394,164.394,155.305,198.335,9.346,4.0000,17.297,-494.617,498.001,-297.428,-0.6895,-0.2023,0.6955,-110.505,129.019,-102.369,-,Skin,shape,0000020E2E516800,16,1,1,0,-
184,7159.405,0.0000,impact,ragdoll,Proventus Avenicci,0001A67D,NPC COM [COM ],0,47.722,47.722,58.774,226.630,8.934,50.0000,17.687,-467.866,497.891,-309.087,-0.8906,-0.2983,0.3434,-80.966,99.093,-187.046,-,Skin,shape,0000020E2E517100,17,1,1,0,-
185,7159.406,0.0000,impact,ragdoll,Proventus Avenicci,0001A67D,NPC R Hand [RHnd],17,47.722,47.722,58.774,132.081,25.950,4.0000,8.334,-467.866,497.891,-309.087,-0.8906,-0.2983,0.3434,-82.235,70.185,-75.874,-,-,-,0000020E2E585600,0,1,1,0,-
186,7159.407,0.0000,impact,ragdoll,Proventus Avenicci,0001A67D,NPC COM [COM ],0,179.118,179.118,44.401,226.630,8.934,50.0000,17.687,-482.050,493.141,-318.000,-0.0000,0.0000,1.0000,-80.966,99.093,-187.046,Static,Carpet,shape,0000020D540EC700,-,1,1,0,-
187,7159.412,0.0000,impact,ragdoll,Proventus Avenicci,0001A67D,NPC Spine [Spn0],3,157.870,157.870,195.250,193.984,7.830,4.0000,17.297,-489.362,500.682,-318.000,-0.0000,0.0000,1.0000,-88.026,99.899,-141.072,Static,Carpet,shape,0000020D540EC700,-,1,1,0,-
188,7159.417,0.0000,impact,ragdoll,Proventus Avenicci,0001A67D,NPC Spine2 [Spn2],9,85.458,85.458,178.360,125.826,6.781,7.0000,23.052,-491.930,525.829,-318.000,0.0000,-0.0000,1.0000,-58.524,84.549,-72.516,Static,Carpet,shape,0000020D540EC700,-,0,1,0,-
189,7159.906,0.0000,impact,ragdoll,Proventus Avenicci,0001A67D,NPC L Foot [Lft ],7,95.269,95.269,77.730,79.831,12.576,3.0000,10.011,-520.156,431.431,-319.650,-0.0000,0.0000,1.0000,-3.713,32.813,-72.681,Static,Wood,shape,0000020D52D22800,-,1,1,0,-
190,7159.914,0.0000,impact,ragdoll,Proventus Avenicci,0001A67D,NPC L Forearm [LLar],14,141.430,141.430,137.383,234.077,5.279,2.0000,11.658,-498.671,512.293,-297.901,-0.7936,-0.0732,0.6040,-92.064,115.767,-181.423,-,Skin,shape,0000020E2E584400,6,1,1,0,-
191,7159.914,0.0000,impact,ragdoll,Proventus Avenicci,0001A67D,NPC Spine1 [Spn1],6,141.430,141.430,137.383,128.267,4.333,4.0000,18.878,-498.671,512.293,-297.901,-0.7936,-0.0732,0.6040,-104.375,70.442,24.416,-,Skin,shape,0000020E2E516B00,14,1,1,0,-
192,7177.887,0.0000,impact,ragdoll,Proventus Avenicci,0001A67D,NPC R Thigh [RThg],2,30.601,30.601,283.619,66.932,8.724,6.0000,20.487,-491.972,473.703,-304.631,0.8955,-0.3278,0.3009,-51.530,6.061,-42.282,-,Skin,shape,0000020E2E585C00,1,0,1,0,-
193,7177.888,0.0000,impact,ragdoll,Proventus Avenicci,0001A67D,NPC L Thigh [LThg],1,30.601,30.601,283.619,53.997,15.137,6.0000,20.487,-491.972,473.703,-304.631,0.8955,-0.3278,0.3009,-28.877,43.934,12.311,-,Skin,shape,0000020E2E585000,2,0,1,0,-
194,7177.902,0.0000,impact,ragdoll,Proventus Avenicci,0001A67D,NPC R Hand [RHnd],17,115.186,115.186,103.433,161.216,27.598,4.0000,8.334,-465.062,500.567,-319.650,0.0000,0.0000,1.0000,-84.297,75.387,-114.898,Static,Wood,shape,0000020D52D22800,-,1,1,0,-
195,7178.439,0.0000,impact,ragdoll,Proventus Avenicci,0001A67D,NPC Spine [Spn0],3,27.464,27.464,96.045,97.104,9.639,4.0000,17.297,-470.321,501.455,-310.516,-0.9369,0.1015,0.3346,-69.235,32.917,-59.601,-,Skin,shape,0000020E2E517100,17,1,1,0,-
196,7178.439,0.0000,impact,ragdoll,Proventus Avenicci,0001A67D,NPC R Hand [RHnd],17,27.464,27.464,96.045,97.651,4.826,4.0000,8.334,-470.321,501.455,-310.516,-0.9369,0.1015,0.3346,-89.128,39.892,0.707,-,Skin,shape,0000020E2E584700,3,1,1,0,-
197,7192.613,0.0000,impact,ragdoll,Proventus Avenicci,0001A67D,NPC COM [COM ],0,23.993,23.993,7.755,104.194,6.776,50.0000,17.687,-491.509,494.324,-318.000,-0.0000,0.0000,1.0000,-91.413,49.087,-9.525,Static,Carpet,shape,0000020D540EC700,-,0,1,0,-
198,7192.618,0.0000,impact,ragdoll,Proventus Avenicci,0001A67D,NPC Spine2 [Spn2],9,16.439,16.439,47.102,193.495,5.034,7.0000,23.052,-472.640,521.451,-306.436,-0.8811,0.4119,0.2322,-76.185,81.041,-158.331,-,Skin,shape,0000020E2E517400,15,1,1,0,-
199,7192.618,0.0000,impact,ragdoll,Proventus Avenicci,0001A67D,NPC R Forearm [RLar],15,16.439,16.439,47.102,109.488,9.009,6.0000,11.658,-472.640,521.451,-306.436,-0.8811,0.4119,0.2322,-91.470,57.427,-17.976,-,Skin,shape,0000020E2E584100,9,1,1,0,-
200,7208.674,0.0000,impact,ragdoll,Proventus Avenicci,0001A67D,NPC Spine [Spn0],3,27.563,27.563,7.862,81.968,7.140,4.0000,17.297,-493.371,502.616,-319.650,0.0000,0.0000,1.0000,-70.496,40.115,-11.827,Static,Wood,shape,0000020D52D22800,-,1,1,0,-
201,7208.677,0.0000,impact,ragdoll,Proventus Avenicci,0001A67D,NPC Spine1 [Spn1],6,32.477,32.477,24.043,80.810,6.556,4.0000,18.878,-494.110,515.454,-319.650,0.0000,-0.0000,1.0000,-63.862,44.184,-22.352,Static,Wood,shape,0000020D52D22800,-,1,1,0,-
202,7209.123,0.0000,impact,ragdoll,Proventus Avenicci,0001A67D,NPC Spine2 [Spn2],9,14.303,14.303,65.804,82.472,9.024,7.0000,23.052,-496.345,530.364,-319.650,0.0000,0.0000,1.0000,-54.427,61.710,-5.581,Static,Wood,shape,0000020D52D22800,-,1,1,0,-
203,7242.160,0.0000,impact,ragdoll,Proventus Avenicci,0001A67D,NPC L Hand [LHnd],16,259.586,259.586,303.595,328.975,22.320,4.0000,8.334,-517.392,504.966,-318.000,0.0000,-0.0000,1.0000,-182.109,88.776,-259.190,Static,Carpet,shape,0000020D540EC700,-,1,1,0,-
204,7260.311,0.0000,impact,ragdoll,Proventus Avenicci,0001A67D,NPC L Forearm [LLar],14,17.795,17.795,87.321,108.476,8.031,2.0000,11.658,-522.533,513.267,-318.000,0.0000,0.0000,1.0000,-74.072,75.817,-23.069,Static,Carpet,shape,0000020D540EC700,-,1,1,0,-
205,7275.894,0.0000,impact,ragdoll,Proventus Avenicci,0001A67D,NPC R Forearm [RLar],15,38.387,38.387,72.955,82.791,13.372,6.0000,11.658,-472.637,508.599,-319.650,-0.0000,-0.0000,1.0000,-69.370,18.401,-41.275,Static,Wood,shape,0000020D52D22800,-,1,1,0,-
206,7309.631,0.0000,impact,ragdoll,Proventus Avenicci,0001A67D,NPC Head [Head],13,54.368,54.368,50.815,67.273,7.153,4.0000,15.108,-498.280,558.025,-319.650,0.0000,0.0000,1.0000,-26.154,32.213,-52.952,Static,Wood,shape,0000020D52D22800,-,1,1,0,-
207,7325.425,0.0000,impact,ragdoll,Proventus Avenicci,0001A67D,NPC R Thigh [RThg],2,79.991,79.991,77.805,110.501,4.697,6.0000,20.487,-474.888,500.531,-310.135,-0.5164,-0.5789,0.6310,-35.551,104.131,-10.159,-,Skin,shape,0000020E2E517100,17,1,1,0,-
208,7325.426,0.0000,impact,ragdoll,Proventus Avenicci,0001A67D,NPC R Hand [RHnd],17,79.991,79.991,77.805,66.643,3.902,4.0000,8.334,-474.888,500.531,-310.135,-0.5164,-0.5789,0.6310,-66.271,7.026,-0.012,-,Skin,shape,0000020E2E585000,2,1,1,0,-
209,7359.669,0.0000,impact,ragdoll,Proventus Avenicci,0001A67D,NPC L UpperArm [LUar],10,21.027,21.027,99.939,88.388,2.545,2.0000,14.463,-521.590,538.602,-318.000,0.0000,0.0000,1.0000,-58.170,65.994,-8.574,Static,Carpet,shape,0000020D540EC700,-,1,1,0,-
210,7375.166,0.0000,impact,ragdoll,Proventus Avenicci,0001A67D,NPC L Thigh [LThg],1,61.709,61.709,95.912,95.533,3.763,6.0000,20.487,-497.461,479.846,-319.650,0.0000,-0.0000,1.0000,-8.351,71.640,-62.645,Static,Wood,shape,0000020D52D22800,-,1,1,0,-
211,7375.637,0.0000,impact,ragdoll,Proventus Avenicci,0001A67D,NPC Spine [Spn0],3,45.209,45.209,122.249,109.686,3.484,4.0000,17.297,-506.402,512.570,-319.650,0.0000,-0.0000,1.0000,-77.670,63.996,-43.621,Static,Wood,shape,0000020D52D22800,-,1,1,0,-
212,7391.991,0.0000,impact,ragdoll,Proventus Avenicci,0001A67D,NPC R Forearm [RLar],15,39.817,39.817,60.960,52.927,0.866,6.0000,11.658,-483.459,504.109,-305.503,0.5459,0.6315,-0.5507,-46.255,25.226,5.039,-,Skin,shape,0000020E2E585000,2,1,1,0,-
213,7391.991,0.0000,impact,ragdoll,Proventus Avenicci,0001A67D,NPC R Thigh [RThg],2,39.817,39.817,60.960,105.032,4.537,6.0000,20.487,-483.459,504.109,-305.503,0.5459,0.6315,-0.5507,-47.598,93.622,-1.060,-,Skin,shape,0000020E2E517400,15,1,1,0,-
214,7409.426,0.0000,impact,ragdoll,Proventus Avenicci,0001A67D,NPC COM [COM ],0,38.605,38.605,111.400,85.370,3.493,50.0000,17.687,-507.135,505.746,-319.650,0.0000,-0.0000,1.0000,-58.070,48.402,-39.663,Static,Wood,shape,0000020D52D22800,-,1,1,0,-
215,7409.912,0.0000,impact,ragdoll,Proventus Avenicci,0001A67D,NPC L Calf [LClf],5,17.048,17.048,92.866,91.989,3.650,6.0000,19.675,-494.714,478.680,-319.650,-0.0000,-0.0000,1.0000,33.990,83.798,-16.871,Static,Wood,shape,0000020D52D22800,-,1,1,0,-
216,7509.714,0.0000,impact,ragdoll,Proventus Avenicci,0001A67D,NPC L Foot [Lft ],7,63.087,63.087,83.749,113.653,0.880,3.0000,10.011,-482.776,457.913,-318.000,0.0000,-0.0000,1.0000,89.785,32.815,-61.473,Static,Carpet,shape,0000020D540EC700,-,1,1,0,-
217,7526.448,0.0000,impact,ragdoll,Proventus Avenicci,0001A67D,NPC Spine [Spn0],3,14.632,14.632,21.780,38.560,0.991,4.0000,17.297,-490.793,524.451,-307.487,-0.9199,-0.3646,0.1444,-12.850,34.773,-10.611,-,Skin,shape,0000020E2E517400,15,1,1,0,-
218,7526.449,0.0000,impact,ragdoll,Proventus Avenicci,0001A67D,NPC R Forearm [RLar],15,14.632,14.632,21.780,60.611,2.813,6.0000,11.658,-490.793,524.451,-307.487,-0.9199,-0.3646,0.1444,-33.953,49.538,-8.172,-,Skin,shape,0000020E2E584700,3,1,1,0,-
219,7542.468,0.0000,impact,ragdoll,Proventus Avenicci,0001A67D,NPC R UpperArm [RUar],12,12.786,12.786,79.823,65.466,2.359,2.0000,14.463,-488.235,533.688,-318.000,-0.0000,0.0000,1.0000,-31.596,56.268,-11.017,Static,Carpet,shape,0000020D540EC700,-,0,1,0,-
220,7625.619,0.0000,impact,ragdoll,Proventus Avenicci,0001A67D,NPC R Thigh [RThg],2,6.809,6.809,24.181,20.267,1.317,6.0000,20.487,-497.890,513.262,-318.000,-0.0000,0.0000,1.0000,2.537,4.560,-19.583,Static,Carpet,shape,0000020D540EC700,-,1,1,0,-
221,7642.866,0.0000,impact,ragdoll,Proventus Avenicci,0001A67D,NPC R Thigh [RThg],2,11.086,11.086,21.363,22.206,1.310,6.0000,20.487,-493.454,497.546,-308.407,0.3118,0.8652,0.3926,2.982,5.065,-21.414,-,Skin,shape,0000020E2E585C00,1,0,1,0,-
222,7642.867,0.0000,impact,ragdoll,Proventus Avenicci,0001A67D,NPC L Thigh [LThg],1,11.086,11.086,21.363,10.896,0.148,6.0000,20.487,-493.454,497.546,-308.407,0.3118,0.8652,0.3926,0.475,10.857,0.786,-,Skin,shape,0000020E2E585000,2,0,1,0,-
223,7643.314,0.0000,impact,ragdoll,Proventus Avenicci,0001A67D,NPC L Foot [Lft ],7,7.877,7.877,187.395,117.727,10.991,3.0000,10.011,-469.045,461.659,-319.650,0.0000,-0.0000,1.0000,105.769,34.911,-38.126,Static,Wood,shape,0000020D52D22800,-,1,1,0,-
224,7741.836,0.0000,impact,ragdoll,Proventus Avenicci,0001A67D,NPC R Calf [RClf],4,25.401,25.401,59.185,54.639,1.917,6.0000,19.675,-478.030,512.527,-310.941,0.4687,-0.7543,0.4597,30.837,0.459,-45.104,-,Skin,shape,0000020E2E517100,17,1,1,0,-
225,7741.837,0.0000,impact,ragdoll,Proventus Avenicci,0001A67D,NPC R Hand [RHnd],17,25.401,25.401,59.185,47.088,2.411,4.0000,8.334,-478.030,512.527,-310.941,0.4687,-0.7543,0.4597,37.308,28.729,0.000,-,Skin,shape,0000020E2E584D00,4,1,1,0,-
226,7775.913,0.0000,impact,ragdoll,Proventus Avenicci,0001A67D,NPC R Calf [RClf],4,31.630,31.630,26.359,34.275,1.194,6.0000,19.675,-471.848,504.057,-318.000,0.0000,0.0000,1.0000,19.253,6.396,-27.625,Static,Carpet,shape,0000020D540EC700,-,1,1,0,-
227,7825.858,0.0000,impact,ragdoll,Proventus Avenicci,0001A67D,NPC R UpperArm [RUar],12,9.486,9.486,3.722,11.710,1.129,2.0000,14.463,-492.565,551.019,-319.650,-0.0000,-0.0000,1.0000,6.125,5.873,-8.069,Static,Wood,shape,0000020D52D22800,-,1,1,0,-
228,7858.477,0.0000,impact,ragdoll,Proventus Avenicci,0001A67D,NPC R Thigh [RThg],2,51.440,51.440,16.663,36.968,1.640,6.0000,20.487,-475.876,506.506,-318.000,0.0000,0.0000,1.0000,10.881,9.116,-34.134,Static,Carpet,shape,0000020D540EC700,-,0,1,0,-
229,8254.885,0.0000,state,unknown,Proventus Avenicci,0001A67D,-,-,0.000,0.000,0.000,0.000,0.000,0.0000,0.000,0.000,0.000,0.000,0.0000,0.0000,0.0000,0.000,0.000,0.000,-,-,-,0000000000000000,-,0,0,0,knock_get_up
230,10231.183,0.0000,state,unknown,Proventus Avenicci,0001A67D,-,-,0.000,0.000,0.000,0.000,0.000,0.0000,0.000,0.000,0.000,0.000,0.0000,0.0000,0.0000,0.000,0.000,0.000,-,-,-,0000000000000000,-,0,0,0,ragdoll_start
231,10252.799,0.0000,impact,ragdoll,Proventus Avenicci,0001A67D,NPC L Foot [Lft ],7,127.926,127.926,151.168,76.614,25.748,3.0000,10.011,-527.971,524.986,-319.650,-0.0000,0.0000,1.0000,9.251,32.900,-68.569,Static,Wood,shape,0000020D52D22800,-,1,1,0,-
232,10286.480,0.0000,impact,ragdoll,Proventus Avenicci,0001A67D,NPC R Thigh [RThg],2,21.843,21.843,75.955,20.627,1.765,6.0000,20.487,-490.238,536.790,-307.289,0.2391,-0.9655,-0.1032,-0.015,19.536,6.617,-,Skin,shape,0000020E2E517400,15,1,1,0,-
233,10286.481,0.0000,impact,ragdoll,Proventus Avenicci,0001A67D,NPC R Forearm [RLar],15,21.843,21.843,75.955,59.413,3.070,6.0000,11.658,-490.238,536.790,-307.289,0.2391,-0.9655,-0.1032,-9.821,-17.765,55.838,-,Skin,shape,0000020E2E585000,2,1,1,0,-
234,10286.481,0.0000,impact,ragdoll,Proventus Avenicci,0001A67D,NPC R Thigh [RThg],2,38.706,38.706,95.309,20.627,1.765,6.0000,20.487,-487.254,536.717,-311.514,0.0245,-0.9784,0.2052,-0.015,19.536,6.617,-,Skin,shape,0000020E2E517100,17,1,1,0,-
235,10286.481,0.0000,impact,ragdoll,Proventus Avenicci,0001A67D,NPC R Hand [RHnd],17,38.706,38.706,95.309,56.182,20.918,4.0000,8.334,-487.254,536.717,-311.514,0.0245,-0.9784,0.2052,-39.348,-29.859,26.770,-,Skin,shape,0000020E2E585000,2,1,1,0,-
236,10286.482,0.0000,impact,ragdoll,Proventus Avenicci,0001A67D,NPC R Calf [RClf],4,23.110,23.110,96.024,18.405,1.401,6.0000,19.675,-486.866,536.641,-312.553,0.1055,-0.9944,-0.0113,17.721,-4.958,0.319,-,Skin,shape,0000020E2E517100,17,1,1,0,-
237,10286.482,0.0000,impact,ragdoll,Proventus Avenicci,0001A67D,NPC R Hand [RHnd],17,23.110,23.110,96.024,56.182,20.918,4.0000,8.334,-486.866,536.641,-312.553,0.1055,-0.9944,-0.0113,-39.348,-29.859,26.770,-,Skin,shape,0000020E2E584D00,4,1,1,0,-
238,10320.525,0.0000,impact,ragdoll,Proventus Avenicci,0001A67D,NPC L Forearm [LLar],14,20.295,20.295,153.445,103.363,15.667,2.0000,11.658,-511.246,528.462,-260.992,-0.7092,-0.6900,0.1446,58.916,84.603,-7.429,-,Skin,shape,0000020E2E584100,9,1,1,0,-
239,10320.525,0.0000,impact,ragdoll,Proventus Avenicci,0001A67D,NPC Spine2 [Spn2],9,20.295,20.295,153.445,121.846,1.555,7.0000,23.052,-511.246,528.462,-260.992,-0.7092,-0.6900,0.1446,-67.647,101.251,-4.320,-,Skin,shape,0000020E2E516B00,14,1,1,0,-
240,10337.666,0.0000,impact,ragdoll,Proventus Avenicci,0001A67D,NPC COM [COM ],0,180.544,180.544,123.057,99.762,5.065,50.0000,17.687,-516.496,509.756,-273.478,0.9253,0.2542,-0.2816,-36.807,92.617,4.441,-,Skin,shape,0000020E2E516800,16,1,1,0,-
241,10337.668,0.0000,impact,ragdoll,Proventus Avenicci,0001A67D,NPC L Hand [LHnd],16,180.544,180.544,123.057,176.115,22.894,4.0000,8.334,-516.496,509.756,-273.478,0.9253,0.2542,-0.2816,152.135,86.880,-17.975,-,-,-,0000020E2E585600,0,1,1,0,-
242,10337.669,0.0000,impact,ragdoll,Proventus Avenicci,0001A67D,NPC L Thigh [LThg],1,102.011,102.011,88.847,106.002,4.033,6.0000,20.487,-517.670,511.704,-273.652,0.6807,0.6600,-0.3179,-42.983,89.385,-37.407,-,Skin,shape,0000020E2E516800,16,1,1,0,-
243,10337.669,0.0000,impact,ragdoll,Proventus Avenicci,0001A67D,NPC L Hand [LHnd],16,102.011,102.011,88.847,176.115,22.894,4.0000,8.334,-517.670,511.704,-273.652,0.6807,0.6600,-0.3179,152.135,86.880,-17.975,-,Skin,shape,0000020E2E585C00,1,1,1,0,-
244,10337.677,0.0000,impact,ragdoll,Proventus Avenicci,0001A67D,NPC L Forearm [LLar],14,8.323,8.323,184.600,116.883,15.060,2.0000,11.658,-509.557,525.435,-264.239,-0.8641,-0.2450,0.4396,54.781,102.075,-15.543,-,Skin,shape,0000020E2E584400,6,1,1,0,-
245,10337.677,0.0000,impact,ragdoll,Proventus Avenicci,0001A67D,NPC Spine1 [Spn1],6,8.323,8.323,184.600,115.384,2.623,4.0000,18.878,-509.557,525.435,-264.239,-0.8641,-0.2450,0.4396,-56.764,100.247,-6.473,-,Skin,shape,0000020E2E516B00,14,1,1,0,-
246,10389.221,0.0000,impact,ragdoll,Proventus Avenicci,0001A67D,NPC L Hand [LHnd],16,46.576,46.576,16.031,209.102,1.867,4.0000,8.334,-511.907,523.277,-273.851,-0.8759,-0.4766,0.0746,-12.105,204.417,-42.322,-,Skin,shape,0000020E2E584700,3,1,1,0,-
247,10389.222,0.0000,impact,ragdoll,Proventus Avenicci,0001A67D,NPC Spine [Spn0],3,46.576,46.576,16.031,162.279,2.876,4.0000,17.297,-511.907,523.277,-273.851,-0.8759,-0.4766,0.0746,-36.396,156.026,-25.805,-,Skin,shape,0000020E2E516800,16,1,1,0,-
248,10405.766,0.0000,impact,ragdoll,Proventus Avenicci,0001A67D,NPC R Forearm [RLar],15,112.137,112.137,72.181,99.611,9.192,6.0000,11.658,-496.471,543.987,-281.016,0.2251,0.3502,-0.9092,-65.138,52.875,53.699,-,Skin,shape,0000020E2E584400,6,1,1,0,-
249,10405.767,0.0000,impact,ragdoll,Proventus Avenicci,0001A67D,NPC Spine1 [Spn1],6,112.137,112.137,72.181,200.842,2.718,4.0000,18.878,-496.471,543.987,-281.016,0.2251,0.3502,-0.9092,-48.325,185.973,-58.447,-,Skin,shape,0000020E2E517400,15,1,1,0,-
250,10422.413,0.0000,impact,ragdoll,Proventus Avenicci,0001A67D,NPC L Forearm [LLar],14,24.088,24.088,78.665,257.121,1.212,2.0000,11.658,-513.628,532.515,-272.397,-0.9121,-0.0780,0.4025,-15.128,252.701,-44.995,-,Skin,shape,0000020E2E584700,3,1,1,0,-
251,10422.414,0.0000,impact,ragdoll,Proventus Avenicci,0001A67D,NPC Spine [Spn0],3,24.088,24.088,78.665,187.718,3.168,4.0000,17.297,-513.628,532.515,-272.397,-0.9121,-0.0780,0.4025,-43.831,174.602,-53.208,-,Skin,shape,0000020E2E516B00,14,1,1,0,-
252,10438.895,0.0000,impact,ragdoll,Proventus Avenicci,0001A67D,NPC Spine [Spn0],3,70.464,70.464,119.972,192.102,3.147,4.0000,17.297,-496.281,546.547,-288.793,-0.2193,-0.6931,0.6867,-40.512,181.583,-47.850,-,Skin,shape,0000020E2E517400,15,1,1,0,-
253,10438.896,0.0000,impact,ragdoll,Proventus Avenicci,0001A67D,NPC R Forearm [RLar],15,70.464,70.464,119.972,153.167,14.979,6.0000,11.658,-496.281,546.547,-288.793,-0.2193,-0.6931,0.6867,-78.013,117.766,59.206,-,Skin,shape,0000020E2E584700,3,1,1,0,-
254,10439.304,0.0000,impact,ragdoll,Proventus Avenicci,0001A67D,NPC R Forearm [RLar],15,54.920,54.920,74.628,173.480,8.599,6.0000,11.658,-499.690,555.485,-280.555,0.3434,-0.3157,-0.8845,-59.715,161.709,19.482,-,Skin,shape,0000020E2E584100,9,1,1,0,-
255,10439.304,0.0000,impact,ragdoll,Proventus Avenicci,0001A67D,NPC Spine2 [Spn2],9,54.920,54.920,74.628,233.932,2.536,7.0000,23.052,-499.690,555.485,-280.555,0.3434,-0.3157,-0.8845,-33.385,218.636,-76.211,-,Skin,shape,0000020E2E517400,15,1,1,0,-
256,10456.494,0.0000,impact,ragdoll,Proventus Avenicci,0001A67D,NPC COM [COM ],0,75.898,75.898,102.771,196.754,4.553,50.0000,17.687,-497.461,542.694,-294.936,-0.2019,-0.5954,0.7777,-40.946,186.298,-48.255,-,Skin,shape,0000020E2E517400,15,1,1,0,-
257,10456.495,0.0000,impact,ragdoll,Proventus Avenicci,0001A67D,NPC R Forearm [RLar],15,75.898,75.898,102.771,176.669,4.871,6.0000,11.658,-497.461,542.694,-294.936,-0.2019,-0.5954,0.7777,-75.384,159.778,-0.146,-,-,-,0000020E2E585600,0,1,1,0,-
258,10456.507,0.0000,impact,ragdoll,Proventus Avenicci,0001A67D,NPC L Hand [LHnd],16,80.661,80.661,27.655,296.479,4.694,4.0000,8.334,-515.031,542.246,-275.692,-0.7520,-0.6541,-0.0818,-15.303,284.862,-80.741,-,Skin,shape,0000020E2E584400,6,1,1,0,-
259,10456.507,0.0000,impact,ragdoll,Proventus Avenicci,0001A67D,NPC Spine1 [Spn1],6,80.661,80.661,27.655,221.094,2.971,4.0000,18.878,-515.031,542.246,-275.692,-0.7520,-0.6541,-0.0818,-51.625,200.121,-78.542,-,Skin,shape,0000020E2E516800,16,1,1,0,-
260,10488.990,0.0000,impact,ragdoll,Proventus Avenicci,0001A67D,NPC R Hand [RHnd],17,15.892,15.892,104.311,195.662,11.116,4.0000,8.334,-501.929,541.844,-292.289,-0.0114,0.3876,-0.9217,-53.658,181.789,-48.554,-,-,-,0000020E2E585600,0,1,1,0,-
261,10488.991,0.0000,impact,ragdoll,Proventus Avenicci,0001A67D,NPC COM [COM ],0,15.892,15.892,104.311,223.672,1.414,50.0000,17.687,-501.929,541.844,-292.289,-0.0114,0.3876,-0.9217,-50.455,210.349,-56.893,-,Skin,shape,0000020E2E517100,17,1,1,0,-
262,10539.601,0.0000,impact,ragdoll,Proventus Avenicci,0001A67D,NPC L Thigh [LThg],1,74.534,74.534,109.257,165.948,9.411,6.0000,20.487,-528.809,538.019,-318.000,0.0000,0.0000,1.0000,3.990,142.918,-84.245,Static,Carpet,shape,0000020D540EC700,-,1,1,0,-
263,10540.122,0.0000,impact,ragdoll,Proventus Avenicci,0001A67D,NPC R Hand [RHnd],17,33.498,33.498,97.780,230.248,10.296,4.0000,8.334,-505.415,558.594,-294.797,-0.0772,-0.0800,-0.9938,-73.312,207.310,-68.279,-,Skin,shape,0000020E2E584700,3,1,1,0,-
264,10540.122,0.0000,impact,ragdoll,Proventus Avenicci,0001A67D,NPC Spine [Spn0],3,33.498,33.498,97.780,276.828,1.403,4.0000,17.297,-505.415,558.594,-294.797,-0.0772,-0.0800,-0.9938,-50.346,249.482,-108.893,-,Skin,shape,0000020E2E517100,17,1,1,0,-
265,10557.661,0.0000,impact,ragdoll,Proventus Avenicci,0001A67D,NPC R Calf [RClf],4,51.334,51.334,90.802,139.627,5.063,6.0000,19.675,-507.942,513.064,-309.895,0.9860,0.0640,0.1543,-79.813,105.420,44.855,-,Skin,shape,0000020E2E585300,7,1,1,0,-
266,10557.662,0.0000,impact,ragdoll,Proventus Avenicci,0001A67D,NPC L Foot [Lft ],7,51.334,51.334,90.802,18.460,0.889,3.0000,10.011,-507.942,513.064,-309.895,0.9860,0.0640,0.1543,-0.102,18.287,-2.519,-,Skin,shape,0000020E2E584D00,4,1,1,0,-
267,10557.667,0.0000,impact,ragdoll,Proventus Avenicci,0001A67D,NPC R Hand [RHnd],17,79.500,79.500,166.727,249.425,15.410,4.0000,8.334,-507.548,561.328,-318.000,0.0000,-0.0000,1.0000,-74.602,224.360,-79.438,Static,Carpet,shape,0000020D540EC700,-,1,1,0,-
268,10575.893,0.0000,impact,ragdoll,Proventus Avenicci,0001A67D,NPC R Calf [RClf],4,35.329,35.329,187.658,168.127,6.502,6.0000,19.675,-509.052,517.843,-308.819,0.9829,0.1206,0.1390,-61.463,141.321,67.210,-,Skin,shape,0000020E2E585900,5,1,1,0,-
269,10575.894,0.0000,impact,ragdoll,Proventus Avenicci,0001A67D,NPC L Calf [LClf],5,35.329,35.329,187.658,69.732,3.411,6.0000,19.675,-509.052,517.843,-308.819,0.9829,0.1206,0.1390,34.953,59.486,-10.110,-,Skin,shape,0000020E2E584D00,4,1,1,0,-
270,10591.750,0.0000,impact,ragdoll,Proventus Avenicci,0001A67D,NPC L Thigh [LThg],1,19.796,19.796,139.240,197.961,8.716,6.0000,20.487,-511.621,564.803,-304.714,-0.5101,-0.4022,0.7603,0.814,187.748,-62.759,-,Skin,shape,0000020E2E517100,17,1,1,0,-
271,10591.750,0.0000,impact,ragdoll,Proventus Avenicci,0001A67D,NPC R Hand [RHnd],17,19.796,19.796,139.240,261.762,33.489,4.0000,8.334,-511.621,564.803,-304.714,-0.5101,-0.4022,0.7603,-42.296,250.547,-62.903,-,Skin,shape,0000020E2E585C00,1,1,1,0,-
272,10609.798,0.0000,impact,ragdoll,Proventus Avenicci,0001A67D,NPC R Forearm [RLar],15,158.389,158.389,322.370,318.501,7.981,6.0000,11.658,-510.316,579.556,-318.000,0.0000,0.0000,1.0000,-66.739,273.809,-148.382,Static,Carpet,shape,0000020D540EC700,-,1,1,0,-
273,10627.264,0.0000,impact,ragdoll,Proventus Avenicci,0001A67D,NPC R Thigh [RThg],2,94.845,94.845,203.019,268.367,7.884,6.0000,20.487,-509.659,578.293,-306.670,0.2556,-0.8150,0.5201,-65.349,258.988,-25.996,-,Skin,shape,0000020E2E517400,15,1,1,0,-
274,10627.265,0.0000,impact,ragdoll,Proventus Avenicci,0001A67D,NPC R Forearm [RLar],15,94.845,94.845,203.019,269.123,15.752,6.0000,11.658,-509.659,578.293,-306.670,0.2556,-0.8150,0.5201,-50.953,261.149,-40.405,-,Skin,shape,0000020E2E585000,2,1,1,0,-
275,10627.278,0.0000,impact,ragdoll,Proventus Avenicci,0001A67D,NPC R Hand [RHnd],17,79.417,79.417,411.966,281.883,21.603,4.0000,8.334,-510.408,576.331,-319.650,0.0000,-0.0000,1.0000,-67.209,261.875,-79.768,Static,Wood,shape,0000020D52D22800,-,1,1,0,-
276,10627.882,0.0000,impact,ragdoll,Proventus Avenicci,0001A67D,NPC R Thigh [RThg],2,140.556,140.556,49.086,277.854,4.783,6.0000,20.487,-516.654,550.651,-304.671,0.9618,-0.2060,0.1805,-61.546,265.947,-51.834,-,Skin,shape,0000020E2E585C00,1,0,1,0,-
277,10627.883,0.0000,impact,ragdoll,Proventus Avenicci,0001A67D,NPC L Thigh [LThg],1,140.556,140.556,49.086,227.571,8.834,6.0000,20.487,-516.654,550.651,-304.671,0.9618,-0.2060,0.1805,26.615,214.757,-70.425,-,Skin,shape,0000020E2E585000,2,0,1,0,-
278,10627.888,0.0000,impact,ragdoll,Proventus Avenicci,0001A67D,NPC L Calf [LClf],5,12.449,12.449,107.938,147.434,6.636,6.0000,19.675,-514.485,520.496,-319.650,-0.0000,-0.0000,1.0000,60.828,134.291,-1.685,Static,Wood,shape,0000020D52D22800,-,1,1,0,-
279,10627.893,0.0000,impact,ragdoll,Proventus Avenicci,0001A67D,NPC R UpperArm [RUar],12,180.435,180.435,312.347,332.311,6.184,2.0000,14.463,-505.306,606.038,-318.000,0.0000,0.0366,0.9993,-71.543,263.006,-190.105,Static,Carpet,shape,0000020D540EC700,-,1,1,0,-
280,10644.462,0.0000,impact,ragdoll,Proventus Avenicci,0001A67D,NPC L Thigh [LThg],1,80.646,80.646,206.540,255.402,6.494,6.0000,20.487,-514.147,577.754,-309.721,-0.5379,-0.4608,0.7059,-4.409,246.369,-67.179,-,Skin,shape,0000020E2E517100,17,1,1,0,-
281,10644.463,0.0000,impact,ragdoll,Proventus Avenicci,0001A67D,NPC R Hand [RHnd],17,80.646,80.646,206.540,297.100,22.989,4.0000,8.334,-514.147,577.754,-309.721,-0.5379,-0.4608,0.7059,-68.687,289.039,2.586,-,Skin,shape,0000020E2E585C00,1,1,1,0,-
282,10644.906,0.0000,impact,ragdoll,Proventus Avenicci,0001A67D,NPC L Hand [LHnd],16,78.697,78.697,44.615,436.919,11.720,4.0000,8.334,-523.807,601.457,-297.965,-0.5583,-0.6209,-0.5503,-32.357,410.091,-147.228,-,Skin,shape,0000020E2E584100,9,1,1,0,-
283,10644.906,0.0000,impact,ragdoll,Proventus Avenicci,0001A67D,NPC Spine2 [Spn2],9,78.697,78.697,44.615,285.208,3.406,7.0000,23.052,-523.807,601.457,-297.965,-0.5583,-0.6209,-0.5503,-39.457,257.955,-115.091,-,Skin,shape,0000020E2E516800,16,1,1,0,-
284,10679.346,0.0000,impact,ragdoll,Proventus Avenicci,0001A67D,NPC L Calf [LClf],5,117.145,117.145,116.315,311.095,5.932,6.0000,19.675,-510.618,558.146,-305.349,-0.9103,-0.3133,-0.2705,16.740,308.535,36.143,-,Skin,shape,0000020E2E585000,2,1,1,0,-
285,10679.347,0.0000,impact,ragdoll,Proventus Avenicci,0001A67D,NPC R Thigh [RThg],2,117.145,117.145,116.315,293.143,4.767,6.0000,20.487,-510.618,558.146,-305.349,-0.9103,-0.3133,-0.2705,-39.881,289.891,17.491,-,Skin,shape,0000020E2E585900,5,1,1,0,-
286,10713.948,0.0000,impact,ragdoll,Proventus Avenicci,0001A67D,NPC R UpperArm [RUar],12,306.598,306.598,50.467,311.840,6.524,2.0000,14.463,-503.173,639.692,-310.067,-0.0000,-1.0000,0.0000,47.774,308.047,8.286,Static,WoodStairs,shape,0000020E27FEAE00,-,1,1,0,-
287,10713.950,0.0000,impact,ragdoll,Proventus Avenicci,0001A67D,NPC Head [Head],13,118.975,118.975,331.565,378.242,5.493,4.0000,15.108,-515.333,652.893,-305.554,0.0000,0.0000,1.0000,-4.859,359.272,-118.184,Static,WoodStairs,shape,0000020E27FEAE00,-,1,1,0,-
288,10714.373,0.0000,impact,ragdoll,Proventus Avenicci,0001A67D,NPC Neck [Neck],11,54.409,54.409,364.594,297.431,12.940,6.0000,8.431,-515.588,646.683,-305.554,-0.0000,0.0000,1.0000,42.554,289.274,-54.542,Static,WoodStairs,shape,0000020E27FEAE00,-,1,1,0,-
289,10731.174,0.0000,impact,ragdoll,Proventus Avenicci,0001A67D,NPC Spine2 [Spn2],9,121.598,121.598,249.679,263.331,12.852,7.0000,23.052,-519.444,639.847,-305.613,-0.0000,-0.5560,0.8312,-7.297,256.508,59.108,Static,WoodStairs,shape,0000020E27FEAE00,-,1,0,0,-
290,10731.175,0.0000,impact,ragdoll,Proventus Avenicci,0001A67D,NPC Spine2 [Spn2],9,121.598,121.598,249.679,263.331,12.852,7.0000,23.052,-519.444,639.847,-305.613,-0.0000,-0.5560,0.8312,-7.297,256.508,59.108,Static,WoodStairs,shape,0000020E27FEAE00,-,0,1,0,-
291,10731.684,0.0000,impact,ragdoll,Proventus Avenicci,0001A67D,NPC L Thigh [LThg],1,97.724,97.724,420.443,363.821,5.011,6.0000,20.487,-512.951,605.278,-308.112,-0.8040,-0.2610,0.5343,-9.348,362.224,32.743,-,Skin,shape,0000020E2E517400,15,1,1,0,-
292,10731.685,0.0000,impact,ragdoll,Proventus Avenicci,0001A67D,NPC R Forearm [RLar],15,97.724,97.724,420.443,126.910,8.839,6.0000,11.658,-512.951,605.278,-308.112,-0.8040,-0.2610,0.5343,3.091,-74.818,102.464,-,Skin,shape,0000020E2E585C00,1,1,1,0,-
293,10731.697,0.0000,impact,ragdoll,Proventus Avenicci,0001A67D,NPC L Hand [LHnd],16,103.338,103.338,509.284,491.738,19.558,4.0000,8.334,-533.364,631.493,-319.650,-0.0000,0.0000,1.0000,-6.829,480.688,-103.432,Static,Wood,shape,0000020D52D22800,-,1,1,0,-
294,10748.123,0.0000,impact,ragdoll,Proventus Avenicci,0001A67D,NPC Head [Head],13,123.791,123.791,149.976,175.959,19.442,4.0000,15.108,-514.184,671.608,-296.971,0.0000,-1.0000,0.0000,118.147,128.804,20.307,Static,WoodStairs,shape,0000020E27FEAE00,-,0,1,0,-
295,10748.125,0.0000,impact,ragdoll,Proventus Avenicci,0001A67D,NPC L Forearm [LLar],14,476.174,476.174,119.396,480.891,19.939,2.0000,11.658,-535.505,639.694,-305.870,-0.0000,-0.9952,0.0977,-62.832,474.814,43.133,Static,WoodStairs,shape,0000020E27FEAE00,-,1,0,0,-
296,10748.126,0.0000,impact,ragdoll,Proventus Avenicci,0001A67D,NPC L Forearm [LLar],14,475.395,475.395,122.460,480.891,19.939,2.0000,11.658,-535.505,639.694,-305.870,-0.0000,-0.9945,0.1045,-62.832,474.814,43.133,Static,WoodStairs,shape,0000020E27FEAE00,-,0,1,0,-
297,10748.128,0.0000,impact,ragdoll,Proventus Avenicci,0001A67D,NPC L Hand [LHnd],16,488.515,488.515,110.888,489.685,21.585,4.0000,8.334,-533.323,639.692,-313.627,-0.0000,-1.0000,0.0000,17.761,489.035,17.929,Static,WoodStairs,shape,0000020E27FEAE00,-,1,1,0,-
298,10764.406,0.0000,impact,ragdoll,Proventus Avenicci,0001A67D,NPC R UpperArm [RUar],12,21.984,21.984,173.759,150.786,3.044,2.0000,14.463,-501.330,639.692,-305.893,-0.0000,-0.9995,0.0302,70.866,28.126,130.090,Static,WoodStairs,shape,0000020E27FEAE00,-,0,1,0,-
299,10780.566,0.0000,impact,ragdoll,Proventus Avenicci,0001A67D,NPC Head [Head],13,67.509,67.509,76.578,108.447,12.647,4.0000,15.108,-510.570,671.610,-295.403,-0.0000,-1.0000,0.0000,92.496,53.348,18.950,Static,WoodStairs,shape,0000020E27FEAE00,-,0,1,0,-
300,10781.006,0.0000,impact,ragdoll,Proventus Avenicci,0001A67D,NPC R Calf [RClf],4,114.340,114.340,337.240,345.972,14.649,6.0000,19.675,-505.707,600.697,-307.917,0.5674,-0.4540,0.6870,95.143,331.553,26.778,-,Skin,shape,0000020E2E517100,17,1,1,0,-
301,10781.006,0.0000,impact,ragdoll,Proventus Avenicci,0001A67D,NPC R Hand [RHnd],17,114.340,114.340,337.240,210.639,7.206,4.0000,8.334,-505.707,600.697,-307.917,0.5674,-0.4540,0.6870,64.878,169.416,107.043,-,Skin,shape,0000020E2E584D00,4,1,1,0,-
302,10781.010,0.0000,impact,ragdoll,Proventus Avenicci,0001A67D,NPC L Forearm [LLar],14,158.254,158.254,156.835,192.861,30.549,2.0000,11.658,-528.913,632.658,-295.749,-0.5187,0.6439,-0.5624,118.603,152.081,-0.259,-,Skin,shape,0000020E2E584700,3,1,1,0,-
303,10781.010,0.0000,impact,ragdoll,Proventus Avenicci,0001A67D,NPC Spine [Spn0],3,158.254,158.254,156.835,293.941,10.947,4.0000,17.297,-528.913,632.658,-295.749,-0.5187,0.6439,-0.5624,-95.196,262.944,90.553,-,Skin,shape,0000020E2E516B00,14,1,1,0,-
304,10797.022,0.0000,impact,ragdoll,Proventus Avenicci,0001A67D,NPC COM [COM ],0,196.034,196.034,277.471,286.541,13.960,50.0000,17.687,-533.008,629.566,-302.839,0.6277,-0.3865,0.6758,-87.510,224.319,155.334,-,Skin,shape,0000020E2E516800,16,1,1,0,-
305,10797.023,0.0000,impact,ragdoll,Proventus Avenicci,0001A67D,NPC L Hand [LHnd],16,196.034,196.034,277.471,330.207,50.335,4.0000,8.334,-533.008,629.566,-302.839,0.6277,-0.3865,0.6758,-41.890,87.962,315.507,-,-,-,0000020E2E585600,0,1,1,0,-
306,10797.024,0.0000,impact,ragdoll,Proventus Avenicci,0001A67D,NPC L Thigh [LThg],1,239.110,239.110,288.476,366.827,8.194,6.0000,20.487,-533.215,628.723,-303.274,0.5846,-0.5621,0.5851,-34.104,354.428,88.203,-,Skin,shape,0000020E2E516800,16,1,1,0,-
307,10797.024,0.0000,impact,ragdoll,Proventus Avenicci,0001A67D,NPC L Hand [LHnd],16,239.110,239.110,288.476,330.207,50.335,4.0000,8.334,-533.215,628.723,-303.274,0.5846,-0.5621,0.5851,-41.890,87.962,315.507,-,Skin,shape,0000020E2E585C00,1,1,1,0,-
308,10797.032,0.0000,impact,ragdoll,Proventus Avenicci,0001A67D,NPC L Calf [LClf],5,34.259,34.259,159.797,414.511,6.563,6.0000,19.675,-512.075,602.407,-309.641,-0.8566,-0.4667,0.2200,26.162,412.877,25.839,-,Skin,shape,0000020E2E517100,17,1,1,0,-
309,10797.032,0.0000,impact,ragdoll,Proventus Avenicci,0001A67D,NPC R Hand [RHnd],17,34.259,34.259,159.797,260.067,11.133,4.0000,8.334,-512.075,602.407,-309.641,-0.8566,-0.4667,0.2200,63.507,244.655,61.203,-,Skin,shape,0000020E2E585900,5,1,1,0,-
310,10797.042,0.0000,impact,ragdoll,Proventus Avenicci,0001A67D,NPC Head [Head],13,26.254,26.254,13.535,96.200,12.371,4.0000,15.108,-509.079,671.608,-295.957,0.0000,-1.0000,0.0000,85.458,22.719,37.885,Static,WoodStairs,shape,0000020E27FEAE00,-,0,1,0,-
311,10797.047,0.0000,impact,ragdoll,Proventus Avenicci,0001A67D,NPC L Hand [LHnd],16,188.347,188.347,584.791,330.207,50.335,4.0000,8.334,-529.776,629.806,-297.217,-0.5752,0.1472,-0.8047,-41.890,87.962,315.507,-,Skin,shape,0000020E2E584700,3,1,1,0,-
312,10797.047,0.0000,impact,ragdoll,Proventus Avenicci,0001A67D,NPC Spine [Spn0],3,188.347,188.347,584.791,189.582,10.722,4.0000,17.297,-529.776,629.806,-297.217,-0.5752,0.1472,-0.8047,-11.892,168.199,86.655,-,Skin,shape,0000020E2E516800,16,1,1,0,-
313,10797.695,0.0000,impact,ragdoll,Proventus Avenicci,0001A67D,NPC L Calf [LClf],5,50.023,50.023,346.420,380.034,7.840,6.0000,19.675,-522.626,599.949,-318.000,-0.0000,-0.0000,1.0000,23.513,379.304,1.251,Static,Carpet,shape,0000020D540EC700,-,1,1,0,-
314,10797.702,0.0000,impact,ragdoll,Proventus Avenicci,0001A67D,NPC L Hand [LHnd],16,254.653,254.653,243.941,380.942,23.756,4.0000,8.334,-537.009,639.702,-305.822,-0.0000,-0.9725,0.2331,-54.494,311.967,211.717,Static,WoodStairs,shape,0000020E27FEAE00,-,1,1,0,-
315,10815.352,0.0000,impact,ragdoll,Proventus Avenicci,0001A67D,NPC L Thigh [LThg],1,241.340,241.340,52.592,297.379,9.538,6.0000,20.487,-532.536,637.413,-298.484,0.3916,-0.8437,0.3671,-51.969,281.246,81.449,-,Skin,shape,0000020E2E516B00,14,1,1,0,-
316,10815.353,0.0000,impact,ragdoll,Proventus Avenicci,0001A67D,NPC L Forearm [LLar],14,241.340,241.340,52.592,251.883,10.938,2.0000,11.658,-532.536,637.413,-298.484,0.3916,-0.8437,0.3671,90.912,87.513,217.995,-,Skin,shape,0000020E2E585C00,1,1,1,0,-
317,10815.363,0.0000,impact,ragdoll,Proventus Avenicci,0001A67D,NPC L Forearm [LLar],14,212.697,212.697,48.310,251.883,10.938,2.0000,11.658,-529.314,633.534,-294.583,-0.4691,0.7090,-0.5265,90.912,87.513,217.995,-,-,-,0000020E2E585600,0,1,1,0,-
318,10815.363,0.0000,impact,ragdoll,Proventus Avenicci,0001A67D,NPC COM [COM ],0,212.697,212.697,48.310,249.656,9.354,50.0000,17.687,-529.314,633.534,-294.583,-0.4691,0.7090,-0.5265,-106.534,158.582,160.718,-,Skin,shape,0000020E2E516B00,14,1,1,0,-
319,10847.279,0.0000,impact,ragdoll,Proventus Avenicci,0001A67D,NPC Head [Head],13,36.209,36.209,9.010,164.128,17.969,4.0000,15.108,-506.228,671.609,-291.953,0.0000,-0.9947,0.1023,7.966,20.147,162.692,Static,WoodStairs,shape,0000020E27FEAE00,-,0,1,0,-
320,10847.738,0.0000,impact,ragdoll,Proventus Avenicci,0001A67D,NPC L Forearm [LLar],14,102.472,102.472,145.724,324.995,13.262,2.0000,11.658,-523.684,648.842,-282.642,-0.5873,0.5889,-0.5553,-39.285,204.082,249.858,-,Skin,shape,0000020E2E584400,6,1,1,0,-
321,10847.738,0.0000,impact,ragdoll,Proventus Avenicci,0001A67D,NPC Spine1 [Spn1],6,102.472,102.472,145.724,256.556,4.134,4.0000,18.878,-523.684,648.842,-282.642,-0.5873,0.5889,-0.5553,-144.844,161.665,136.769,-,Skin,shape,0000020E2E516B00,14,1,1,0,-
322,10882.532,0.0000,impact,ragdoll,Proventus Avenicci,0001A67D,NPC L Hand [LHnd],16,56.848,56.848,136.642,331.091,16.638,4.0000,8.334,-527.821,647.886,-279.763,-0.6766,0.0600,-0.7339,-20.516,283.234,170.231,-,Skin,shape,0000020E2E584400,6,1,1,0,-
323,10882.533,0.0000,impact,ragdoll,Proventus Avenicci,0001A67D,NPC Spine1 [Spn1],6,56.848,56.848,136.642,303.948,16.544,4.0000,18.878,-527.821,647.886,-279.763,-0.6766,0.0600,-0.7339,-103.413,220.973,181.277,-,Skin,shape,0000020E2E516800,16,1,1,0,-
324,10882.536,0.0000,impact,ragdoll,Proventus Avenicci,0001A67D,NPC R Hand [RHnd],17,404.179,404.179,279.047,454.710,31.576,4.0000,8.334,-496.339,639.692,-309.712,-0.0000,-1.0000,-0.0000,136.333,404.407,156.938,Static,WoodStairs,shape,0000020E27FEAE00,-,1,1,0,-
325,10898.823,0.0000,impact,ragdoll,Proventus Avenicci,0001A67D,NPC L Calf [LClf],5,141.070,141.070,386.414,382.127,11.387,6.0000,19.675,-521.927,639.780,-305.672,-0.0000,-0.7488,0.6628,-52.186,368.155,88.087,Static,WoodStairs,shape,0000020E27FEAE00,-,1,0,0,-
326,10898.824,0.0000,impact,ragdoll,Proventus Avenicci,0001A67D,NPC L Calf [LClf],5,141.070,141.070,386.414,382.127,11.387,6.0000,19.675,-521.927,639.780,-305.672,-0.0000,-0.7488,0.6628,-52.186,368.155,88.087,Static,WoodStairs,shape,0000020E27FEAE00,-,0,1,0,-
327,10916.343,0.0000,impact,ragdoll,Proventus Avenicci,0001A67D,NPC R Hand [RHnd],17,58.210,58.210,306.607,237.508,25.820,4.0000,8.334,-498.442,639.692,-305.898,-0.0000,-0.9998,0.0174,-193.103,60.190,124.493,Static,WoodStairs,shape,0000020E27FEAE00,-,1,1,0,-
328,10933.940,0.0000,impact,ragdoll,Proventus Avenicci,0001A67D,NPC L Calf [LClf],5,201.995,201.995,138.004,177.397,11.331,6.0000,19.675,-502.676,630.162,-302.101,-0.5390,-0.6528,0.5323,22.279,41.495,171.031,-,Skin,shape,0000020E2E517100,17,1,1,0,-
329,10933.941,0.0000,impact,ragdoll,Proventus Avenicci,0001A67D,NPC R Hand [RHnd],17,201.995,201.995,138.004,245.038,32.343,4.0000,8.334,-502.676,630.162,-302.101,-0.5390,-0.6528,0.5323,-185.200,27.811,158.024,-,Skin,shape,0000020E2E585900,5,1,1,0,-
330,10968.732,0.0000,impact,ragdoll,Proventus Avenicci,0001A67D,NPC L Forearm [LLar],14,65.897,65.897,202.804,386.315,11.758,2.0000,11.658,-522.505,683.838,-261.408,-0.6528,0.6720,-0.3497,71.965,330.432,186.749,-,Skin,shape,0000020E2E584100,9,1,1,0,-
331,10968.733,0.0000,impact,ragdoll,Proventus Avenicci,0001A67D,NPC Spine2 [Spn2],9,65.897,65.897,202.804,361.629,7.718,7.0000,23.052,-522.505,683.838,-261.408,-0.6528,0.6720,-0.3497,15.906,291.009,214.094,-,Skin,shape,0000020E2E516B00,14,1,1,0,-
332,11002.869,0.0000,impact,ragdoll,Proventus Avenicci,0001A67D,NPC R Thigh [RThg],2,32.337,32.337,65.404,322.783,8.489,6.0000,20.487,-519.224,643.662,-263.868,0.6895,0.5417,0.4807,25.334,273.581,169.411,-,Skin,shape,0000020E2E585C00,1,0,1,0,-
333,11002.870,0.0000,impact,ragdoll,Proventus Avenicci,0001A67D,NPC L Thigh [LThg],1,32.337,32.337,65.404,319.371,10.454,6.0000,20.487,-519.224,643.662,-263.868,0.6895,0.5417,0.4807,65.713,156.003,270.818,-,Skin,shape,0000020E2E585000,2,0,1,0,-
334,11383.905,0.0000,impact,ragdoll,Proventus Avenicci,0001A67D,NPC R UpperArm [RUar],12,143.138,143.138,406.615,428.503,2.642,2.0000,14.463,-488.654,831.935,-241.571,0.0000,-0.3058,0.9521,19.533,427.713,-17.187,Static,WoodStairs,shape,0000020E27FEAB00,-,1,0,0,-
335,11383.906,0.0000,impact,ragdoll,Proventus Avenicci,0001A67D,NPC R UpperArm [RUar],12,143.138,143.138,406.616,428.503,2.642,2.0000,14.463,-488.654,831.935,-241.571,0.0000,-0.3058,0.9521,19.533,427.713,-17.187,Static,WoodStairs,shape,0000020E27FEAB00,-,0,1,0,-
336,11417.794,0.0000,impact,ragdoll,Proventus Avenicci,0001A67D,NPC Head [Head],13,139.793,139.793,398.045,409.203,3.166,4.0000,15.108,-492.126,863.837,-227.597,0.0001,-0.3443,0.9389,18.868,408.762,2.072,Static,WoodStairs,shape,0000020E27FEAB00,-,1,0,0,-
337,11417.795,0.0000,impact,ragdoll,Proventus Avenicci,0001A67D,NPC Head [Head],13,139.793,139.793,398.045,409.203,3.166,4.0000,15.108,-492.126,863.837,-227.597,0.0001,-0.3443,0.9389,18.868,408.762,2.072,Static,WoodStairs,shape,0000020E27FEAB00,-,0,1,0,-
338,11417.796,0.0000,impact,ragdoll,Proventus Avenicci,0001A67D,NPC R Forearm [RLar],15,207.209,207.209,355.406,403.922,8.496,6.0000,11.658,-481.066,831.807,-241.644,-0.0000,-0.6701,0.7423,53.696,395.547,61.745,Static,WoodStairs,shape,0000020E27FEAB00,-,1,0,0,-
339,11417.796,0.0000,impact,ragdoll,Proventus Avenicci,0001A67D,NPC R Forearm [RLar],15,207.209,207.209,355.406,403.922,8.496,6.0000,11.658,-481.066,831.807,-241.644,-0.0000,-0.6701,0.7423,53.696,395.547,61.745,Static,WoodStairs,shape,0000020E27FEAB00,-,0,1,0,-
340,11417.798,0.0000,impact,ragdoll,Proventus Avenicci,0001A67D,NPC R Hand [RHnd],17,5.202,5.202,509.529,454.400,11.988,4.0000,8.334,-484.867,812.381,-255.693,0.0000,0.0000,1.0000,-13.059,453.449,26.327,Static,Wood,shape,0000020E27FEAE00,-,0,1,0,-
341,11418.251,0.0000,impact,ragdoll,Proventus Avenicci,0001A67D,NPC R Forearm [RLar],15,319.539,319.539,253.831,336.487,16.234,6.0000,11.658,-481.935,831.775,-245.936,-0.0000,-1.0000,0.0000,24.600,274.976,192.370,Static,WoodStairs,shape,0000020E27FEAB00,-,0,1,0,-
342,11453.632,0.0000,impact,ragdoll,Proventus Avenicci,0001A67D,NPC Head [Head],13,22.980,22.980,538.786,418.707,17.718,4.0000,15.108,-490.336,873.194,-227.560,0.0001,-0.0022,1.0000,86.118,409.752,1.712,Static,WoodStairs,shape,0000020E27FEAB00,-,0,0,0,-
343,11454.044,0.0000,impact,ragdoll,Proventus Avenicci,0001A67D,NPC R UpperArm [RUar],12,51.249,51.249,269.633,288.352,15.348,2.0000,14.463,-484.985,854.419,-241.554,0.0000,0.0000,1.0000,-18.612,285.813,-33.336,Static,WoodStairs,shape,0000020E27FEAB00,-,0,0,0,-
344,11454.044,0.0000,impact,ragdoll,Proventus Avenicci,0001A67D,NPC R UpperArm [RUar],12,288.706,288.706,153.661,288.352,15.348,2.0000,14.463,-485.068,863.608,-233.089,-0.0000,-1.0000,0.0000,-18.612,285.813,-33.336,Static,WoodStairs,shape,0000020E27FEAB00,-,0,1,0,-
345,11470.125,0.0000,impact,ragdoll,Proventus Avenicci,0001A67D,NPC R Thigh [RThg],2,292.774,292.774,466.604,386.825,9.451,6.0000,20.487,-484.802,834.502,-229.022,0.2696,-0.3386,0.9015,62.481,381.350,17.365,-,Skin,shape,0000020E2E517400,15,1,1,0,-
346,11470.126,0.0000,impact,ragdoll,Proventus Avenicci,0001A67D,NPC R Forearm [RLar],15,292.774,292.774,466.604,287.971,7.695,6.0000,11.658,-484.802,834.502,-229.022,0.2696,-0.3386,0.9015,-66.730,53.950,274.889,-,Skin,shape,0000020E2E585000,2,1,1,0,-
347,11486.578,0.0000,impact,ragdoll,Proventus Avenicci,0001A67D,NPC Head [Head],13,130.552,130.552,162.995,147.304,15.344,4.0000,15.108,-486.728,895.524,-219.123,-0.0000,-1.0000,-0.0000,73.307,126.876,15.061,Static,WoodStairs,shape,0000020E27FEAB00,-,0,1,0,-
348,11487.009,0.0000,impact,ragdoll,Proventus Avenicci,0001A67D,NPC R Thigh [RThg],2,16.427,16.427,534.163,344.267,13.379,6.0000,20.487,-484.856,840.087,-226.507,0.3544,-0.2895,0.8892,90.975,325.891,63.553,-,Skin,shape,0000020E2E517400,15,1,1,0,-
349,11487.009,0.0000,impact,ragdoll,Proventus Avenicci,0001A67D,NPC R Forearm [RLar],15,16.427,16.427,534.163,100.674,9.610,6.0000,11.658,-484.856,840.087,-226.507,0.3544,-0.2895,0.8892,-71.451,-2.868,70.864,-,Skin,shape,0000020E2E585000,2,1,1,0,-
350,11502.693,0.0000,impact,ragdoll,Proventus Avenicci,0001A67D,NPC R UpperArm [RUar],12,21.621,21.621,196.228,164.464,8.187,2.0000,14.463,-485.045,863.608,-231.040,-0.0000,-1.0000,-0.0000,68.671,20.207,148.069,Static,WoodStairs,shape,0000020E27FEAB00,-,0,0,0,-
351,11502.694,0.0000,impact,ragdoll,Proventus Avenicci,0001A67D,NPC R UpperArm [RUar],12,24.327,24.327,193.341,164.464,8.187,2.0000,14.463,-485.073,863.612,-232.024,-0.0000,-1.0000,0.0000,68.671,20.207,148.069,Static,WoodStairs,shape,0000020E27FEAB00,-,0,1,0,-
352,11519.791,0.0000,impact,ragdoll,Proventus Avenicci,0001A67D,NPC L Hand [LHnd],16,303.437,303.437,228.399,374.083,12.987,4.0000,8.334,-516.824,895.529,-213.846,-0.0000,-0.9846,0.1748,133.787,328.975,117.535,Static,WoodStairs,shape,0000020E27FEAB00,-,1,0,0,-
353,11519.792,0.0000,impact,ragdoll,Proventus Avenicci,0001A67D,NPC L Hand [LHnd],16,303.437,303.437,228.399,374.083,12.987,4.0000,8.334,-516.824,895.529,-213.846,-0.0000,-0.9846,0.1748,133.787,328.975,117.535,Static,WoodStairs,shape,0000020E27FEAB00,-,0,1,0,-
354,11520.203,0.0000,impact,ragdoll,Proventus Avenicci,0001A67D,NPC L UpperArm [LUar],10,91.659,91.659,58.420,276.353,21.138,2.0000,14.463,-489.523,895.715,-213.595,-0.0000,-0.4535,0.8913,139.035,238.156,17.953,Static,WoodStairs,shape,0000020E27FEAB00,-,1,0,0,-
355,11520.203,0.0000,impact,ragdoll,Proventus Avenicci,0001A67D,NPC L UpperArm [LUar],10,91.659,91.659,58.420,276.353,21.138,2.0000,14.463,-489.523,895.715,-213.595,-0.0000,-0.4535,0.8913,139.035,238.156,17.953,Static,WoodStairs,shape,0000020E27FEAB00,-,0,1,0,-
356,11538.326,0.0000,impact,ragdoll,Proventus Avenicci,0001A67D,NPC R Foot [Rft ],8,307.650,303.579,103.446,311.693,10.152,3.0000,10.011,-437.024,831.718,-241.741,-0.0000,-0.9786,0.2056,-100.871,287.369,-66.307,Static,WoodStairs,shape,0000020E27FEAB00,-,0,0,0,-
357,11555.561,0.0000,impact,ragdoll,Proventus Avenicci,0001A67D,NPC R Calf [RClf],4,201.577,201.577,350.239,251.333,14.141,6.0000,19.675,-441.751,831.820,-241.633,-0.0000,-0.6339,0.7734,-18.064,221.430,117.518,Static,WoodStairs,shape,0000020E27FEAB00,-,1,0,0,-
358,11555.562,0.0000,impact,ragdoll,Proventus Avenicci,0001A67D,NPC R Calf [RClf],4,201.578,201.578,350.238,251.333,14.141,6.0000,19.675,-441.751,831.820,-241.633,-0.0000,-0.6339,0.7734,-18.064,221.430,117.518,Static,WoodStairs,shape,0000020E27FEAB00,-,0,1,0,-
359,11556.092,0.0000,impact,ragdoll,Proventus Avenicci,0001A67D,NPC Neck [Neck],11,168.733,168.733,264.612,202.605,25.442,6.0000,8.431,-476.810,895.524,-214.812,-0.0000,-1.0000,0.0000,110.250,167.849,26.843,Static,WoodStairs,shape,0000020E27FEAB00,-,1,1,0,-
360,11574.668,0.0000,impact,ragdoll,Proventus Avenicci,0001A67D,NPC Head [Head],13,14.200,14.200,111.189,5.830,14.359,4.0000,15.108,-479.357,895.527,-218.286,-0.0000,-1.0000,0.0000,4.814,0.706,-3.211,Static,WoodStairs,shape,0000020E27FEAB00,-,0,0,0,-
361,11574.669,0.0000,impact,ragdoll,Proventus Avenicci,0001A67D,NPC Head [Head],13,6.995,6.995,119.327,5.830,14.359,4.0000,15.108,-479.388,887.055,-227.556,0.0000,-0.0000,1.0000,4.814,0.706,-3.211,Static,WoodStairs,shape,0000020E27FEAB00,-,0,1,0,-
362,11591.459,0.0000,impact,ragdoll,Proventus Avenicci,0001A67D,NPC COM [COM ],0,105.313,105.313,64.483,315.563,7.460,50.0000,17.687,-477.528,853.995,-203.816,0.0030,0.2020,0.9794,88.600,148.151,264.162,-,Skin,shape,0000020E2E517400,15,1,1,0,-
363,11591.460,0.0000,impact,ragdoll,Proventus Avenicci,0001A67D,NPC R Forearm [RLar],15,105.313,105.313,64.483,402.186,16.654,6.0000,11.658,-477.528,853.995,-203.816,0.0030,0.2020,0.9794,88.045,254.692,298.553,-,-,-,0000020E2E585600,0,1,1,0,-
364,11645.166,0.0000,impact,ragdoll,Proventus Avenicci,0001A67D,NPC L Hand [LHnd],16,101.344,101.344,49.742,291.400,6.259,4.0000,8.334,-487.658,894.855,-192.694,-0.8222,0.5661,0.0597,148.870,159.334,193.299,-,Skin,shape,0000020E2E584100,9,1,1,0,-
365,11645.167,0.0000,impact,ragdoll,Proventus Avenicci,0001A67D,NPC Spine2 [Spn2],9,101.344,101.344,49.742,199.579,5.834,7.0000,23.052,-487.658,894.855,-192.694,-0.8222,0.5661,0.0597,11.998,146.313,135.205,-,Skin,shape,0000020E2E516800,16,1,1,0,-
366,11662.783,0.0000,impact,ragdoll,Proventus Avenicci,0001A67D,NPC R Hand [RHnd],17,208.718,208.718,96.044,383.199,11.987,4.0000,8.334,-478.264,877.936,-211.059,0.1135,-0.9935,0.0117,136.200,267.847,237.800,-,Skin,shape,0000020E2E517A00,13,1,1,0,-
367,11662.785,0.0000,impact,ragdoll,Proventus Avenicci,0001A67D,NPC Head [Head],13,208.718,208.718,96.044,172.754,15.275,4.0000,15.108,-478.264,877.936,-211.059,0.1135,-0.9935,0.0117,39.245,44.921,162.129,-,Skin,shape,0000020E2E517100,17,1,1,0,-
368,11717.607,0.0000,impact,ragdoll,Proventus Avenicci,0001A67D,NPC R Thigh [RThg],2,101.266,101.266,93.808,400.317,9.206,6.0000,20.487,-476.355,863.236,-163.712,0.9195,0.0630,-0.3880,48.586,237.247,318.759,-,Skin,shape,0000020E2E585C00,1,0,1,0,-
369,11717.607,0.0000,impact,ragdoll,Proventus Avenicci,0001A67D,NPC L Thigh [LThg],1,101.266,101.266,93.808,438.300,7.607,6.0000,20.487,-476.355,863.236,-163.712,0.9195,0.0630,-0.3880,127.690,329.506,259.284,-,Skin,shape,0000020E2E585000,2,0,1,0,-
370,11754.067,0.0000,impact,ragdoll,Proventus Avenicci,0001A67D,NPC L Calf [LClf],5,83.039,83.039,98.947,427.795,6.790,6.0000,19.675,-470.922,868.115,-154.216,-0.9000,0.1890,0.3927,75.992,294.579,300.761,-,Skin,shape,0000020E2E585000,2,1,1,0,-
371,11754.068,0.0000,impact,ragdoll,Proventus Avenicci,0001A67D,NPC R Thigh [RThg],2,83.039,83.039,98.947,422.362,9.414,6.0000,20.487,-470.922,868.115,-154.216,-0.9000,0.1890,0.3927,35.021,285.993,308.823,-,Skin,shape,0000020E2E585900,5,1,1,0,-
372,11806.757,0.0000,impact,ragdoll,Proventus Avenicci,0001A67D,NPC L Thigh [LThg],1,123.137,123.137,133.934,389.887,1.870,6.0000,20.487,-467.866,887.584,-133.616,-0.4741,0.8624,0.1776,115.312,334.419,163.948,-,Skin,shape,0000020E2E584D00,4,1,1,0,-
373,11806.758,0.0000,impact,ragdoll,Proventus Avenicci,0001A67D,NPC R Calf [RClf],4,123.137,123.137,133.934,616.304,8.729,6.0000,19.675,-467.866,887.584,-133.616,-0.4741,0.8624,0.1776,17.967,437.431,433.776,-,Skin,shape,0000020E2E585C00,1,1,1,0,-
374,11806.760,0.0000,impact,ragdoll,Proventus Avenicci,0001A67D,NPC L Calf [LClf],5,155.350,155.350,89.012,441.609,3.581,6.0000,19.675,-469.202,886.241,-132.848,-0.7223,0.6130,0.3203,120.395,364.225,218.778,-,Skin,shape,0000020E2E584D00,4,1,1,0,-
375,11806.760,0.0000,impact,ragdoll,Proventus Avenicci,0001A67D,NPC R Calf [RClf],4,155.350,155.350,89.012,616.304,8.729,6.0000,19.675,-469.202,886.241,-132.848,-0.7223,0.6130,0.3203,17.967,437.431,433.776,-,Skin,shape,0000020E2E585900,5,1,1,0,-
376,11824.212,0.0000,impact,ragdoll,Proventus Avenicci,0001A67D,NPC L Calf [LClf],5,82.015,82.015,37.002,472.032,3.913,6.0000,19.675,-468.355,892.826,-127.703,-0.7483,0.6138,0.2514,87.558,390.602,250.155,-,Skin,shape,0000020E2E584D00,4,1,1,0,-
377,11824.213,0.0000,impact,ragdoll,Proventus Avenicci,0001A67D,NPC R Calf [RClf],4,82.015,82.015,37.002,605.030,7.545,6.0000,19.675,-468.355,892.826,-127.703,-0.7483,0.6138,0.2514,48.396,457.403,393.066,-,Skin,shape,0000020E2E585900,5,1,1,0,-
378,12198.622,0.0000,impact,ragdoll,Proventus Avenicci,0001A67D,NPC Head [Head],13,47.322,47.322,412.154,412.121,0.881,4.0000,15.108,-420.985,1056.168,-171.655,0.0001,-0.1045,0.9945,103.519,398.889,-3.844,Static,WoodStairs,shape,0000020D52E22200,-,1,1,0,-
379,12216.807,0.0000,impact,ragdoll,Proventus Avenicci,0001A67D,NPC Head [Head],13,9.920,9.920,424.332,413.871,1.185,4.0000,15.108,-418.911,1072.459,-171.556,-0.0000,0.0000,1.0000,99.499,401.600,-10.332,Static,WoodStairs,shape,0000020D52E22200,-,1,1,0,-
380,12234.334,0.0000,impact,ragdoll,Proventus Avenicci,0001A67D,NPC Head [Head],13,405.572,405.572,101.806,416.805,0.891,4.0000,15.108,-417.137,1087.524,-160.169,-0.0000,-1.0000,-0.0000,93.039,405.821,-19.474,Static,WoodStairs,shape,0000020D52E22200,-,0,0,0,-
381,12234.335,0.0000,impact,ragdoll,Proventus Avenicci,0001A67D,NPC Head [Head],13,405.964,405.964,101.252,416.805,0.891,4.0000,15.108,-417.137,1087.536,-158.000,-0.0000,-0.9945,0.1045,93.039,405.821,-19.474,Static,WoodStairs,shape,0000020D52E22200,-,0,1,0,-
382,12254.065,0.0000,impact,ragdoll,Proventus Avenicci,0001A67D,NPC Spine2 [Spn2],9,87.503,87.503,121.237,289.428,13.952,7.0000,23.052,-415.426,1087.845,-157.559,-0.0000,-0.1045,0.9945,97.501,270.000,-36.905,Static,WoodStairs,shape,0000020D52E22200,-,1,1,0,-
383,12254.066,0.0000,impact,ragdoll,Proventus Avenicci,0001A67D,NPC Neck [Neck],11,28.792,28.792,65.819,137.917,38.304,6.0000,8.431,-413.280,1087.605,-157.683,-0.0000,-0.7672,0.6414,133.619,33.696,-5.614,Static,WoodStairs,shape,0000020D52E22200,-,1,0,0,-
384,12254.067,0.0000,impact,ragdoll,Proventus Avenicci,0001A67D,NPC Neck [Neck],11,28.792,28.792,65.819,137.917,38.304,6.0000,8.431,-413.280,1087.605,-157.683,-0.0000,-0.7672,0.6414,133.619,33.696,-5.614,Static,WoodStairs,shape,0000020D52E22200,-,0,1,0,-
385,12270.455,0.0000,impact,ragdoll,Proventus Avenicci,0001A67D,NPC L Forearm [LLar],14,332.430,320.137,218.386,310.661,19.374,2.0000,11.658,-434.809,1119.393,-143.785,-0.0000,-0.9356,0.3531,177.429,222.851,-123.962,Static,WoodStairs,shape,0000020D52E22200,-,0,0,0,-
386,12270.462,0.0000,impact,ragdoll,Proventus Avenicci,0001A67D,NPC L Forearm [LLar],14,151.888,130.942,191.735,128.422,40.589,2.0000,11.658,-423.933,1119.491,-149.523,-0.0000,-1.0000,0.0000,116.819,-40.504,-34.713,Static,WoodStairs,shape,0000020D52E22200,-,0,1,0,-
387,12270.467,0.0000,impact,ragdoll,Proventus Avenicci,0001A67D,NPC L Hand [LHnd],16,415.881,422.519,302.240,498.729,21.534,4.0000,8.334,-442.267,1119.910,-142.934,-0.0000,-0.8509,0.5254,193.413,455.532,-61.752,Static,WoodStairs,shape,0000020D52E22200,-,0,0,0,-
388,12270.877,0.0000,impact,ragdoll,Proventus Avenicci,0001A67D,NPC L UpperArm [LUar],10,192.808,192.808,47.253,240.528,9.369,2.0000,14.463,-411.835,1102.915,-157.557,-0.0000,0.0000,1.0000,125.278,68.564,-193.541,Static,WoodStairs,shape,0000020D52E22200,-,1,1,0,-
389,12289.059,0.0000,impact,ragdoll,Proventus Avenicci,0001A67D,NPC L Forearm [LLar],14,353.281,353.281,303.287,244.486,8.119,2.0000,11.658,-417.185,1104.050,-143.456,-0.4470,0.8685,-0.2144,132.837,-193.279,69.072,-,Skin,shape,0000020E2E584100,9,1,1,0,-
390,12289.060,0.0000,impact,ragdoll,Proventus Avenicci,0001A67D,NPC Spine2 [Spn2],9,353.281,353.281,303.287,178.259,12.392,7.0000,23.052,-417.185,1104.050,-143.456,-0.4470,0.8685,-0.2144,89.653,154.064,1.686,-,Skin,shape,0000020E2E516B00,14,1,1,0,-
391,12306.836,0.0000,impact,ragdoll,Proventus Avenicci,0001A67D,NPC L UpperArm [LUar],10,49.825,49.825,68.281,117.283,14.508,2.0000,14.463,-407.669,1102.274,-157.557,0.0000,0.0000,1.0000,55.979,54.722,-87.333,Static,WoodStairs,shape,0000020D52E22200,-,0,0,0,-
392,12306.837,0.0000,impact,ragdoll,Proventus Avenicci,0001A67D,NPC L UpperArm [LUar],10,47.508,47.508,68.300,117.283,14.508,2.0000,14.463,-407.658,1102.110,-157.557,-0.0000,0.0000,1.0000,55.979,54.722,-87.333,Static,WoodStairs,shape,0000020D52E22200,-,0,1,0,-
393,12306.841,0.0000,impact,ragdoll,Proventus Avenicci,0001A67D,NPC L Forearm [LLar],14,93.832,93.832,96.682,97.177,18.655,2.0000,11.658,-421.640,1119.370,-146.808,-0.0000,-1.0000,-0.0000,78.395,44.377,-36.446,Static,WoodStairs,shape,0000020D52E22200,-,0,1,0,-
394,12307.324,0.0000,impact,ragdoll,Proventus Avenicci,0001A67D,NPC L Forearm [LLar],14,292.638,292.638,11.610,209.444,8.973,2.0000,11.658,-416.394,1105.718,-144.327,-0.4706,0.8247,-0.3137,170.432,-118.250,28.924,-,Skin,shape,0000020E2E584100,9,1,1,0,-
395,12307.325,0.0000,impact,ragdoll,Proventus Avenicci,0001A67D,NPC Spine2 [Spn2],9,292.638,292.638,11.610,168.512,9.225,7.0000,23.052,-416.394,1105.718,-144.327,-0.4706,0.8247,-0.3137,-9.326,155.756,63.637,-,Skin,shape,0000020E2E516B00,14,1,1,0,-
396,12323.742,0.0000,impact,ragdoll,Proventus Avenicci,0001A67D,NPC Spine [Spn0],3,336.412,336.412,193.101,369.682,11.792,4.0000,17.297,-429.230,1110.091,-130.089,0.6582,-0.2650,0.7047,69.153,361.449,-35.177,-,Skin,shape,0000020E2E516800,16,1,1,0,-
397,12323.742,0.0000,impact,ragdoll,Proventus Avenicci,0001A67D,NPC L Hand [LHnd],16,336.412,336.412,193.101,279.194,33.118,4.0000,8.334,-429.230,1110.091,-130.089,0.6582,-0.2650,0.7047,262.394,-35.618,88.487,-,Skin,shape,0000020E2E584700,3,1,1,0,-
398,12323.752,0.0000,impact,ragdoll,Proventus Avenicci,0001A67D,NPC L Hand [LHnd],16,339.769,339.769,282.262,279.194,33.118,4.0000,8.334,-423.144,1105.912,-130.638,-0.8329,0.4910,-0.2552,262.394,-35.618,88.487,-,Skin,shape,0000020E2E584400,6,1,1,0,-
399,12323.752,0.0000,impact,ragdoll,Proventus Avenicci,0001A67D,NPC Spine1 [Spn1],6,339.769,339.769,282.262,273.213,12.978,4.0000,18.878,-423.144,1105.912,-130.638,-0.8329,0.4910,-0.2552,37.831,266.837,44.856,-,Skin,shape,0000020E2E516800,16,1,1,0,-
400,12342.143,0.0000,impact,ragdoll,Proventus Avenicci,0001A67D,NPC L Forearm [LLar],14,135.473,127.673,162.406,163.088,10.032,2.0000,11.658,-428.121,1119.370,-144.089,-0.0000,-1.0000,0.0000,26.417,64.764,-147.328,Static,WoodStairs,shape,0000020D52E22200,-,0,0,0,-
401,12342.152,0.0000,impact,ragdoll,Proventus Avenicci,0001A67D,NPC L Forearm [LLar],14,23.516,19.025,100.194,118.286,16.385,2.0000,11.658,-419.613,1119.372,-149.868,-0.0000,-1.0000,0.0000,11.304,-34.301,-112.637,Static,WoodStairs,shape,0000020D52E22200,-,0,0,0,-
402,12342.152,0.0000,impact,ragdoll,Proventus Avenicci,0001A67D,NPC L Forearm [LLar],14,153.527,155.165,138.091,118.286,16.385,2.0000,11.658,-417.427,1115.358,-157.557,-0.0000,0.0000,1.0000,11.304,-34.301,-112.637,Static,WoodStairs,shape,0000020D52E22200,-,0,1,0,-
403,12359.975,0.0000,impact,ragdoll,Proventus Avenicci,0001A67D,NPC L UpperArm [LUar],10,50.935,50.935,167.476,50.889,12.318,2.0000,14.463,-412.417,1119.372,-150.144,-0.0000,-1.0000,0.0000,16.120,45.811,-15.204,Static,WoodStairs,shape,0000020D52E22200,-,0,0,0,-
404,12359.977,0.0000,impact,ragdoll,Proventus Avenicci,0001A67D,NPC L UpperArm [LUar],10,42.260,42.260,167.533,50.889,12.318,2.0000,14.463,-412.438,1119.370,-150.892,-0.0000,-1.0000,-0.0000,16.120,45.811,-15.204,Static,WoodStairs,shape,0000020D52E22200,-,0,1,0,-
405,12360.060,0.0000,impact,ragdoll,Proventus Avenicci,0001A67D,NPC L Forearm [LLar],14,62.136,3.309,145.570,95.141,12.487,2.0000,11.658,-428.159,1119.370,-144.817,-0.0000,-1.0000,-0.0000,-36.875,1.651,-87.689,Static,WoodStairs,shape,0000020D52E22200,-,0,0,0,-
406,12360.458,0.0000,impact,ragdoll,Proventus Avenicci,0001A67D,NPC L UpperArm [LUar],10,6.081,6.081,99.416,57.622,13.406,2.0000,14.463,-412.367,1111.554,-157.557,-0.0000,-0.0000,1.0000,21.464,7.227,52.985,Static,WoodStairs,shape,0000020D52E22200,-,0,1,0,-
407,12360.462,0.0000,impact,ragdoll,Proventus Avenicci,0001A67D,NPC L Hand [LHnd],16,136.743,136.743,35.405,159.493,17.735,4.0000,8.334,-431.711,1119.602,-143.580,0.0000,-0.3377,0.9412,-9.698,123.369,-100.618,Static,WoodStairs,shape,0000020D52E22200,-,1,0,0,-
408,12360.462,0.0000,impact,ragdoll,Proventus Avenicci,0001A67D,NPC L Hand [LHnd],16,136.743,136.743,35.405,159.493,17.735,4.0000,8.334,-431.711,1119.602,-143.580,0.0000,-0.3377,0.9412,-9.698,123.369,-100.618,Static,WoodStairs,shape,0000020D52E22200,-,0,1,0,-
409,12360.507,0.0000,impact,ragdoll,Proventus Avenicci,0001A67D,NPC L Forearm [LLar],14,52.465,9.835,18.115,32.807,6.333,2.0000,11.658,-428.203,1119.370,-144.797,0.0000,-1.0000,-0.0000,-6.232,2.053,32.145,Static,WoodStairs,shape,0000020D52E22200,-,0,0,0,-
410,12378.556,0.0000,impact,ragdoll,Proventus Avenicci,0001A67D,NPC R Hand [RHnd],17,261.521,261.521,121.911,348.676,4.655,4.0000,8.334,-434.324,1114.296,-138.714,-0.5690,-0.8186,0.0784,73.488,323.927,106.043,-,Skin,shape,0000020E2E516800,16,1,1,0,-
411,12378.557,0.0000,impact,ragdoll,Proventus Avenicci,0001A67D,NPC L Hand [LHnd],16,261.521,261.521,121.911,46.387,10.105,4.0000,8.334,-434.324,1114.296,-138.714,-0.5690,-0.8186,0.0784,13.700,37.877,23.008,-,Skin,shape,0000020E2E517100,17,1,1,0,-
412,12378.643,0.0000,impact,ragdoll,Proventus Avenicci,0001A67D,NPC L Forearm [LLar],14,45.125,-7.956,23.825,65.862,21.039,2.0000,11.658,-427.904,1119.370,-144.399,-0.0000,-1.0000,-0.0000,50.779,5.868,41.531,Static,WoodStairs,shape,0000020D52E22200,-,0,0,0,-
413,12379.006,0.0000,impact,ragdoll,Proventus Avenicci,0001A67D,NPC L UpperArm [LUar],10,45.573,45.573,39.665,152.723,10.867,2.0000,14.463,-411.989,1119.370,-149.575,-0.0000,-1.0000,0.0000,49.663,60.369,131.200,Static,WoodStairs,shape,0000020D52E22200,-,0,0,0,-
414,12379.006,0.0000,impact,ragdoll,Proventus Avenicci,0001A67D,NPC L UpperArm [LUar],10,40.204,40.204,41.364,152.723,10.867,2.0000,14.463,-412.004,1119.371,-150.096,-0.0000,-1.0000,0.0000,49.663,60.369,131.200,Static,WoodStairs,shape,0000020D52E22200,-,0,0,0,-
415,12379.009,0.0000,impact,ragdoll,Proventus Avenicci,0001A67D,NPC L Hand [LHnd],16,50.765,50.765,154.047,127.846,23.550,4.0000,8.334,-420.613,1119.707,-132.817,-0.8616,-0.0359,-0.5064,80.296,95.147,29.052,-,Skin,shape,0000020E2E584400,6,1,1,0,-
416,12379.009,0.0000,impact,ragdoll,Proventus Avenicci,0001A67D,NPC Spine1 [Spn1],6,50.765,50.765,154.047,356.529,7.676,4.0000,18.878,-420.613,1119.707,-132.817,-0.8616,-0.0359,-0.5064,16.479,355.934,12.331,-,Skin,shape,0000020E2E516800,16,1,1,0,-
417,12379.058,0.0000,impact,ragdoll,Proventus Avenicci,0001A67D,NPC L Forearm [LLar],14,34.321,4.019,19.299,46.295,12.564,2.0000,11.658,-427.493,1119.370,-143.930,-0.0000,-1.0000,-0.0000,28.214,5.085,36.350,Static,WoodStairs,shape,0000020D52E22200,-,0,0,0,-
418,12396.067,0.0000,impact,ragdoll,Proventus Avenicci,0001A67D,NPC Spine2 [Spn2],9,87.805,87.805,90.238,309.355,14.632,7.0000,23.052,-409.096,1119.460,-143.674,-0.0000,-0.7415,0.6709,12.979,273.189,144.567,Static,WoodStairs,shape,0000020D52E22200,-,1,0,0,-
419,12396.068,0.0000,impact,ragdoll,Proventus Avenicci,0001A67D,NPC Spine2 [Spn2],9,87.805,87.805,90.238,309.355,14.632,7.0000,23.052,-409.096,1119.460,-143.674,-0.0000,-0.7415,0.6709,12.979,273.189,144.567,Static,WoodStairs,shape,0000020D52E22200,-,0,1,0,-
420,12396.076,0.0000,impact,ragdoll,Proventus Avenicci,0001A67D,NPC R Forearm [RLar],15,93.333,93.333,121.520,358.459,18.308,6.0000,11.658,-432.691,1116.808,-135.169,-0.4854,-0.5591,0.6721,-25.462,348.166,81.395,-,Skin,shape,0000020E2E516800,16,1,1,0,-
421,12396.076,0.0000,impact,ragdoll,Proventus Avenicci,0001A67D,NPC L Hand [LHnd],16,93.333,93.333,121.520,60.260,9.862,4.0000,8.334,-432.691,1116.808,-135.169,-0.4854,-0.5591,0.6721,7.076,20.990,56.041,-,Skin,shape,0000020E2E517400,15,1,1,0,-
422,12396.078,0.0000,impact,ragdoll,Proventus Avenicci,0001A67D,NPC L Hand [LHnd],16,61.624,61.624,131.168,60.260,9.862,4.0000,8.334,-420.256,1115.189,-137.024,-0.9130,0.3887,-0.1239,7.076,20.990,56.041,-,Skin,shape,0000020E2E584100,9,1,1,0,-
423,12396.078,0.0000,impact,ragdoll,Proventus Avenicci,0001A67D,NPC Spine2 [Spn2],9,61.624,61.624,131.168,309.355,14.632,7.0000,23.052,-420.256,1115.189,-137.024,-0.9130,0.3887,-0.1239,12.979,273.189,144.567,-,Skin,shape,0000020E2E516800,16,1,1,0,-
424,12448.770,0.0000,impact,ragdoll,Proventus Avenicci,0001A67D,NPC Spine [Spn0],3,21.891,21.891,315.819,402.616,9.468,4.0000,17.297,-413.006,1152.748,-135.650,-0.0000,-0.0000,1.0000,-14.917,402.013,-16.215,Static,Wood,shape,0000020D52E22200,-,1,1,0,-
425,12466.173,0.0000,impact,ragdoll,Proventus Avenicci,0001A67D,NPC L Forearm [LLar],14,19.380,19.380,261.145,213.496,17.269,2.0000,11.658,-412.648,1119.438,-143.702,-0.0000,-0.8072,0.5903,61.132,123.644,162.959,Static,WoodStairs,shape,0000020D52E22200,-,0,0,0,-
426,12466.173,0.0000,impact,ragdoll,Proventus Avenicci,0001A67D,NPC L Forearm [LLar],14,19.380,19.380,261.145,213.496,17.269,2.0000,11.658,-412.648,1119.438,-143.702,-0.0000,-0.8072,0.5903,61.132,123.644,162.959,Static,WoodStairs,shape,0000020D52E22200,-,0,1,0,-
427,12484.240,0.0000,impact,ragdoll,Proventus Avenicci,0001A67D,NPC COM [COM ],0,64.427,64.427,297.484,402.970,7.254,50.0000,17.687,-413.050,1169.914,-135.650,0.0000,-0.0000,1.0000,-3.923,398.214,-61.606,Static,Wood,shape,0000020D52E22200,-,1,1,0,-
428,12484.657,0.0000,impact,ragdoll,Proventus Avenicci,0001A67D,NPC L Thigh [LThg],1,8.746,8.746,223.931,422.157,11.138,6.0000,20.487,-416.169,1176.197,-135.650,0.0000,0.0000,1.0000,37.529,412.960,-79.198,Static,Wood,shape,0000020D52E22200,-,1,1,0,-
429,12503.476,0.0000,impact,ragdoll,Proventus Avenicci,0001A67D,NPC L Thigh [LThg],1,118.298,118.298,80.863,340.603,14.641,6.0000,20.487,-415.842,1187.251,-135.712,0.0000,0.0000,1.0000,45.710,320.745,-105.089,Static,Wood,shape,0000020D52E22200,-,0,1,0,-
430,12521.101,0.0000,impact,ragdoll,Proventus Avenicci,0001A67D,NPC L Thigh [LThg],1,21.806,21.806,272.876,418.055,9.136,6.0000,20.487,-415.807,1187.329,-135.670,0.0000,0.0000,1.0000,-3.619,410.306,-80.039,Static,Wood,shape,0000020D52E22200,-,0,1,0,-
431,12540.066,0.0000,impact,ragdoll,Proventus Avenicci,0001A67D,NPC L Foot [Lft ],7,763.994,763.994,370.645,953.956,44.687,3.0000,10.011,-429.773,1247.668,-115.739,0.0001,-0.8288,0.5595,274.706,716.671,-566.527,Static,WoodStairs,shape,0000020D52D71600,-,1,0,0,-
432,12540.067,0.0000,impact,ragdoll,Proventus Avenicci,0001A67D,NPC L Foot [Lft ],7,763.994,763.994,370.645,953.956,44.687,3.0000,10.011,-429.773,1247.668,-115.739,0.0001,-0.8288,0.5595,274.706,716.671,-566.527,Static,WoodStairs,shape,0000020D52D71600,-,0,1,0,-
433,12540.479,0.0000,impact,ragdoll,Proventus Avenicci,0001A67D,NPC L Calf [LClf],5,102.927,102.927,269.344,221.130,15.019,6.0000,19.675,-427.151,1247.608,-117.161,-0.0000,-1.0000,0.0000,173.152,126.245,-54.583,Static,WoodStairs,shape,0000020D52D71600,-,1,0,0,-
434,12540.480,0.0000,impact,ragdoll,Proventus Avenicci,0001A67D,NPC L Calf [LClf],5,65.695,65.695,273.322,221.130,15.019,6.0000,19.675,-427.151,1247.618,-116.019,0.0000,-0.9947,0.1023,173.152,126.245,-54.583,Static,WoodStairs,shape,0000020D52D71600,-,0,1,0,-
435,12575.410,0.0000,impact,ragdoll,Proventus Avenicci,0001A67D,NPC R Foot [Rft ],8,666.928,668.380,340.924,716.655,26.682,3.0000,10.011,-364.917,1247.463,-116.563,0.0000,-0.9764,0.2160,-179.461,584.847,-373.286,Static,WoodStairs,shape,0000020D52D71600,-,0,0,0,-
436,12594.131,0.0000,impact,ragdoll,Proventus Avenicci,0001A67D,NPC R Calf [RClf],4,222.595,222.595,173.856,180.113,17.972,6.0000,19.675,-371.182,1235.593,-129.555,0.0000,-0.0000,1.0000,-5.859,174.359,-44.778,Static,WoodStairs,shape,0000020D52D71600,-,1,1,0,-
437,12594.134,0.0000,impact,ragdoll,Proventus Avenicci,0001A67D,NPC R Foot [Rft ],8,298.913,298.913,148.240,326.429,15.356,3.0000,10.011,-366.989,1237.439,-129.555,0.0000,0.0000,1.0000,-19.014,-11.226,-325.682,Static,WoodStairs,shape,0000020D52D71600,-,0,1,0,-
438,12612.166,0.0000,impact,ragdoll,Proventus Avenicci,0001A67D,NPC R Calf [RClf],4,178.864,178.864,86.230,223.642,11.634,6.0000,19.675,-381.945,1247.610,-115.978,0.0000,-0.9947,0.1023,-0.440,185.834,124.424,Static,WoodStairs,shape,0000020D52D71600,-,0,1,0,-
439,12612.169,0.0000,impact,ragdoll,Proventus Avenicci,0001A67D,NPC R Foot [Rft ],8,33.576,33.576,111.013,47.725,15.234,3.0000,10.011,-363.090,1243.078,-129.555,-0.0000,0.0000,1.0000,39.677,25.066,-8.664,Static,WoodStairs,shape,0000020D52D71600,-,0,1,0,-
440,12612.738,0.0000,impact,ragdoll,Proventus Avenicci,0001A67D,NPC L Thigh [LThg],1,25.522,25.522,289.375,268.551,6.727,6.0000,20.487,-417.008,1215.912,-129.580,-0.0000,-0.3700,0.9290,-80.149,240.234,89.350,Static,WoodStairs,shape,0000020D52D71600,-,1,0,0,-
441,12612.739,0.0000,impact,ragdoll,Proventus Avenicci,0001A67D,NPC L Thigh [LThg],1,25.522,25.522,289.375,268.551,6.727,6.0000,20.487,-417.008,1215.912,-129.580,-0.0000,-0.3700,0.9290,-80.149,240.234,89.350,Static,WoodStairs,shape,0000020D52D71600,-,0,1,0,-
442,12631.556,0.0000,impact,ragdoll,Proventus Avenicci,0001A67D,NPC R Calf [RClf],4,128.983,128.983,207.661,169.720,14.099,6.0000,19.675,-387.169,1247.631,-115.817,0.0000,-0.9347,0.3554,19.855,129.081,108.391,Static,WoodStairs,shape,0000020D52D71600,-,0,1,0,-
443,12649.634,0.0000,impact,ragdoll,Proventus Avenicci,0001A67D,NPC L Calf [LClf],5,77.209,77.209,294.350,270.506,6.543,6.0000,19.675,-434.460,1247.761,-115.645,0.0001,-0.5634,0.8262,-190.794,185.352,49.147,Static,WoodStairs,shape,0000020D52D71600,-,1,0,0,-
444,12649.635,0.0000,impact,ragdoll,Proventus Avenicci,0001A67D,NPC L Calf [LClf],5,77.209,77.209,294.350,270.506,6.543,6.0000,19.675,-434.460,1247.761,-115.645,0.0001,-0.5634,0.8262,-190.794,185.352,49.147,Static,WoodStairs,shape,0000020D52D71600,-,0,1,0,-
445,12668.206,0.0000,impact,ragdoll,Proventus Avenicci,0001A67D,NPC L Thigh [LThg],1,136.271,136.271,299.040,326.833,5.813,6.0000,20.487,-432.276,1247.718,-115.680,0.0001,-0.6853,0.7282,-83.578,308.911,66.397,Static,WoodStairs,shape,0000020D52D71600,-,0,1,0,-
446,12685.510,0.0000,impact,ragdoll,Proventus Avenicci,0001A67D,NPC L Thigh [LThg],1,51.224,51.224,333.758,297.463,7.649,6.0000,20.487,-430.463,1247.698,-115.700,0.0001,-0.7420,0.6704,-59.115,249.452,150.874,Static,WoodStairs,shape,0000020D52D71600,-,0,1,0,-
447,12686.024,0.0000,impact,ragdoll,Proventus Avenicci,0001A67D,NPC L Thigh [LThg],1,224.808,224.808,226.195,240.143,9.930,6.0000,20.487,-425.843,1247.686,-121.512,-0.0000,-1.0000,0.0000,-35.454,186.688,146.831,Static,WoodStairs,shape,0000020D52D71600,-,0,1,0,-
448,12686.027,0.0000,impact,ragdoll,Proventus Avenicci,0001A67D,NPC R Thigh [RThg],2,128.740,128.740,326.121,328.760,2.882,6.0000,20.487,-402.022,1247.757,-115.652,0.0001,-0.5743,0.8187,-37.867,319.614,67.050,Static,WoodStairs,shape,0000020D52D71600,-,1,1,0,-
449,12703.353,0.0000,impact,ragdoll,Proventus Avenicci,0001A67D,NPC COM [COM ],0,171.299,171.299,165.470,209.907,6.390,50.0000,17.687,-415.268,1247.611,-115.892,0.0000,-0.9918,0.1279,-0.494,183.000,102.820,Static,WoodStairs,shape,0000020D52D71600,-,0,1,0,-
450,12720.394,0.0000,impact,ragdoll,Proventus Avenicci,0001A67D,NPC COM [COM ],0,13.987,13.987,28.965,131.901,9.150,50.0000,17.687,-415.257,1247.615,-115.866,0.0000,-0.9789,0.2046,8.461,49.332,122.036,Static,WoodStairs,shape,0000020D52D71600,-,0,1,0,-
451,12720.403,0.0000,impact,ragdoll,Proventus Avenicci,0001A67D,NPC R Foot [Rft ],8,267.683,267.683,290.896,363.647,17.153,3.0000,10.011,-375.161,1247.612,-115.890,0.0000,-0.9884,0.1516,-229.220,275.972,59.474,Static,WoodStairs,shape,0000020D52D71600,-,1,1,0,-
452,12720.406,0.0000,impact,ragdoll,Proventus Avenicci,0001A67D,NPC L Hand [LHnd],16,29.941,29.941,379.632,373.566,1.741,4.0000,8.334,-410.350,1187.036,-135.650,-0.0000,-0.0000,1.0000,6.538,372.306,-29.943,Static,Wood,shape,0000020D52E22200,-,1,0,0,-
453,12720.406,0.0000,impact,ragdoll,Proventus Avenicci,0001A67D,NPC L Hand [LHnd],16,30.352,30.352,379.635,373.566,1.741,4.0000,8.334,-410.383,1186.778,-135.651,0.0000,0.0000,1.0000,6.538,372.306,-29.943,Static,Wood,shape,0000020D52E22200,-,0,1,0,-
454,12737.849,0.0000,impact,ragdoll,Proventus Avenicci,0001A67D,NPC R Foot [Rft ],8,106.329,106.329,376.727,325.897,17.966,3.0000,10.011,-381.771,1247.654,-115.768,0.0001,-0.8674,0.4977,-270.617,168.482,67.747,Static,WoodStairs,shape,0000020D52D71600,-,1,1,0,-
455,12754.588,0.0000,impact,ragdoll,Proventus Avenicci,0001A67D,NPC R Thigh [RThg],2,101.393,101.393,47.006,167.533,16.413,6.0000,20.487,-404.848,1262.558,-115.557,0.0000,0.0000,1.0000,-86.817,137.909,-38.874,Static,WoodStairs,shape,0000020D52D71600,-,0,1,0,-
456,12754.590,0.0000,impact,ragdoll,Proventus Avenicci,0001A67D,NPC R Calf [RClf],4,145.061,145.061,244.703,168.755,8.376,6.0000,19.675,-400.926,1279.524,-101.969,-0.0000,-1.0000,0.0000,-34.836,142.728,-83.026,Static,WoodStairs,shape,0000020D52D71600,-,0,0,0,-
457,12754.591,0.0000,impact,ragdoll,Proventus Avenicci,0001A67D,NPC R Calf [RClf],4,98.823,98.823,88.729,168.755,8.376,6.0000,19.675,-395.247,1263.089,-115.571,0.0000,0.0000,1.0000,-34.836,142.728,-83.026,Static,WoodStairs,shape,0000020D52D71600,-,0,1,0,-
458,12754.592,0.0000,impact,ragdoll,Proventus Avenicci,0001A67D,NPC L Calf [LClf],5,163.629,163.629,51.749,152.185,4.253,6.0000,19.675,-455.975,1279.623,-101.664,-0.0000,-0.7163,0.6978,10.256,100.843,-113.516,Static,WoodStairs,shape,0000020D52D71600,-,1,0,0,-
459,12754.592,0.0000,impact,ragdoll,Proventus Avenicci,0001A67D,NPC L Calf [LClf],5,163.629,163.629,51.749,152.185,4.253,6.0000,19.675,-455.975,1279.623,-101.664,-0.0000,-0.7163,0.6978,10.256,100.843,-113.516,Static,WoodStairs,shape,0000020D52D71600,-,0,1,0,-
460,12754.597,0.0000,impact,ragdoll,Proventus Avenicci,0001A67D,NPC L Forearm [LLar],14,15.139,15.139,181.055,369.362,9.477,2.0000,11.658,-403.938,1208.444,-100.920,0.2207,-0.5871,-0.7789,39.140,316.946,185.584,-,Skin,shape,0000020E2E584100,9,1,1,0,-
461,12754.598,0.0000,impact,ragdoll,Proventus Avenicci,0001A67D,NPC Spine2 [Spn2],9,15.139,15.139,181.055,282.175,6.754,7.0000,23.052,-403.938,1208.444,-100.920,0.2207,-0.5871,-0.7789,-90.058,166.104,209.575,-,Skin,shape,0000020E2E516B00,14,1,1,0,-
462,12770.889,0.0000,impact,ragdoll,Proventus Avenicci,0001A67D,NPC R Thigh [RThg],2,58.593,58.593,122.873,122.390,10.030,6.0000,20.487,-403.642,1279.524,-102.886,-0.0000,-1.0000,-0.0000,-94.752,63.921,43.767,Static,WoodStairs,shape,0000020D52D71600,-,0,1,0,-
463,12771.389,0.0000,impact,ragdoll,Proventus Avenicci,0001A67D,NPC R Thigh [RThg],2,123.345,123.345,149.730,29.165,12.173,6.0000,20.487,-403.654,1267.431,-115.557,-0.0000,0.0000,1.0000,-19.690,18.144,-11.564,Static,WoodStairs,shape,0000020D52D71600,-,0,1,0,-
464,12804.759,0.0000,impact,ragdoll,Proventus Avenicci,0001A67D,NPC L Forearm [LLar],14,202.930,202.930,160.851,393.996,4.231,2.0000,11.658,-408.411,1222.177,-97.746,0.4384,-0.7920,-0.4250,-37.813,259.094,294.403,-,Skin,shape,0000020E2E584400,6,1,1,0,-
465,12804.760,0.0000,impact,ragdoll,Proventus Avenicci,0001A67D,NPC Spine1 [Spn1],6,202.930,202.930,160.851,159.410,1.902,4.0000,18.878,-408.411,1222.177,-97.746,0.4384,-0.7920,-0.4250,-84.182,59.842,121.425,-,Skin,shape,0000020E2E516B00,14,1,1,0,-
466,12804.762,0.0000,impact,ragdoll,Proventus Avenicci,0001A67D,NPC L Hand [LHnd],16,261.351,261.351,266.271,493.237,26.210,4.0000,8.334,-411.929,1229.681,-108.172,0.4178,-0.5781,-0.7009,41.159,368.112,325.702,-,Skin,shape,0000020E2E584700,3,1,1,0,-
467,12804.762,0.0000,impact,ragdoll,Proventus Avenicci,0001A67D,NPC Spine [Spn0],3,261.351,261.351,266.271,164.669,8.749,4.0000,17.297,-411.929,1229.681,-108.172,0.4178,-0.5781,-0.7009,-85.593,97.753,101.164,-,Skin,shape,0000020E2E516800,16,1,1,0,-
468,12821.680,0.0000,impact,ragdoll,Proventus Avenicci,0001A67D,NPC L Calf [LClf],5,116.502,116.502,119.850,185.479,4.777,6.0000,19.675,-461.572,1279.813,-106.392,-0.0000,-1.0000,0.0000,-136.407,111.870,57.280,Static,WoodStairs,shape,0000020D52D71600,-,0,1,0,-
469,12822.097,0.0000,impact,ragdoll,Proventus Avenicci,0001A67D,NPC R Calf [RClf],4,103.061,103.061,141.001,71.530,14.626,6.0000,19.675,-404.867,1274.151,-115.557,-0.0000,-0.0000,1.0000,40.362,54.974,-21.571,Static,WoodStairs,shape,0000020D52D71600,-,0,1,0,-
470,12839.005,0.0000,impact,ragdoll,Proventus Avenicci,0001A67D,NPC R Foot [Rft ],8,24.515,24.515,202.562,184.635,16.955,3.0000,10.011,-378.825,1265.670,-115.557,-0.0000,-0.0000,1.0000,-30.271,182.137,-0.127,Static,WoodStairs,shape,0000020D52D71600,-,1,1,0,-
471,12856.505,0.0000,impact,ragdoll,Proventus Avenicci,0001A67D,NPC R Thigh [RThg],2,31.555,31.555,78.596,124.883,9.727,6.0000,20.487,-407.649,1270.749,-115.557,0.0000,-0.0000,1.0000,-71.338,96.713,33.959,Static,WoodStairs,shape,0000020D52D71600,-,0,1,0,-
472,12892.406,0.0000,impact,ragdoll,Proventus Avenicci,0001A67D,NPC R Calf [RClf],4,26.082,26.082,115.651,90.158,8.415,6.0000,19.675,-406.252,1279.524,-108.300,-0.0000,-1.0000,0.0000,-58.722,53.629,-42.475,Static,WoodStairs,shape,0000020D52D71600,-,0,0,0,-
473,12892.407,0.0000,impact,ragdoll,Proventus Avenicci,0001A67D,NPC R Calf [RClf],4,23.996,23.996,116.419,90.158,8.415,6.0000,19.675,-406.260,1279.524,-108.584,-0.0000,-1.0000,0.0000,-58.722,53.629,-42.475,Static,WoodStairs,shape,0000020D52D71600,-,0,1,0,-
474,12892.827,0.0000,impact,ragdoll,Proventus Avenicci,0001A67D,NPC R Foot [Rft ],8,129.438,129.438,71.276,118.100,11.566,3.0000,10.011,-376.986,1267.050,-115.557,-0.0000,-0.0000,1.0000,-38.380,13.316,-110.894,Static,WoodStairs,shape,0000020D52D71600,-,1,1,0,-
475,12910.894,0.0000,impact,ragdoll,Proventus Avenicci,0001A67D,NPC R Thigh [RThg],2,86.652,86.652,123.092,172.804,7.843,6.0000,20.487,-411.299,1279.558,-102.059,-0.0000,-0.9945,0.1045,-113.966,123.994,38.713,Static,WoodStairs,shape,0000020D52D71600,-,0,1,0,-
476,12929.736,0.0000,impact,ragdoll,Proventus Avenicci,0001A67D,NPC L Foot [Lft ],7,5.908,5.908,138.395,302.119,17.687,3.0000,10.011,-482.153,1291.027,-101.558,0.0000,0.0000,1.0000,-125.947,274.266,-13.815,Static,WoodStairs,shape,0000020D52D71600,-,1,0,0,-
477,12929.741,0.0000,impact,ragdoll,Proventus Avenicci,0001A67D,NPC L Forearm [LLar],14,42.014,42.014,63.827,364.768,5.467,2.0000,11.658,-418.931,1244.571,-74.349,0.7613,-0.6426,-0.0865,-157.577,256.580,205.893,-,Skin,shape,0000020E2E584400,6,1,1,0,-
478,12929.741,0.0000,impact,ragdoll,Proventus Avenicci,0001A67D,NPC Spine1 [Spn1],6,42.014,42.014,63.827,306.810,4.899,4.0000,18.878,-418.931,1244.571,-74.349,0.7613,-0.6426,-0.0865,-105.406,227.030,177.424,-,Skin,shape,0000020E2E516B00,14,1,1,0,-
479,12949.261,0.0000,impact,ragdoll,Proventus Avenicci,0001A67D,NPC L Hand [LHnd],16,128.859,128.859,67.172,406.644,6.622,4.0000,8.334,-417.118,1258.881,-73.515,0.7628,-0.2839,-0.5809,-191.138,273.501,232.428,-,Skin,shape,0000020E2E584400,6,1,1,0,-
480,12949.262,0.0000,impact,ragdoll,Proventus Avenicci,0001A67D,NPC Spine1 [Spn1],6,128.859,128.859,67.172,304.019,4.650,4.0000,18.878,-417.118,1258.881,-73.515,0.7628,-0.2839,-0.5809,-96.928,222.369,183.261,-,Skin,shape,0000020E2E516800,16,1,1,0,-
481,12968.026,0.0000,impact,ragdoll,Proventus Avenicci,0001A67D,NPC R Thigh [RThg],2,24.763,24.763,116.250,185.834,7.988,6.0000,20.487,-418.648,1279.524,-101.891,-0.0000,-0.9987,0.0503,-133.924,98.283,83.301,Static,WoodStairs,shape,0000020D52D71600,-,0,1,0,-
482,12968.505,0.0000,impact,ragdoll,Proventus Avenicci,0001A67D,NPC L Foot [Lft ],7,311.552,311.552,317.151,326.055,17.519,3.0000,10.011,-486.610,1311.370,-90.283,-0.0000,-1.0000,-0.0000,-92.244,269.074,-159.381,Static,WoodStairs,shape,0000020D52D71600,-,0,1,0,-
483,13024.825,0.0000,impact,ragdoll,Proventus Avenicci,0001A67D,NPC L Hand [LHnd],16,47.168,47.168,6.960,307.910,1.568,4.0000,8.334,-427.739,1275.654,-67.728,0.8314,-0.5459,-0.1040,-155.725,227.202,137.615,-,Skin,shape,0000020E2E584700,3,1,1,0,-
484,13024.826,0.0000,impact,ragdoll,Proventus Avenicci,0001A67D,NPC Spine [Spn0],3,47.168,47.168,6.960,305.069,6.863,4.0000,17.297,-427.739,1275.654,-67.728,0.8314,-0.5459,-0.1040,-104.301,252.244,136.240,-,Skin,shape,0000020E2E516800,16,1,1,0,-
485,13061.464,0.0000,impact,ragdoll,Proventus Avenicci,0001A67D,NPC L Foot [Lft ],7,135.426,135.426,387.649,296.308,30.886,3.0000,10.011,-502.574,1305.528,-101.558,-0.0000,0.0000,1.0000,-285.205,-59.839,-53.625,Static,WoodStairs,shape,0000020D52D71600,-,0,1,0,-
486,13079.612,0.0000,impact,ragdoll,Proventus Avenicci,0001A67D,NPC L Forearm [LLar],14,28.745,28.745,27.904,314.351,2.922,2.0000,11.658,-436.675,1286.555,-60.507,0.5465,-0.8311,0.1030,-155.304,250.463,109.386,-,Skin,shape,0000020E2E584700,3,1,1,0,-
487,13079.613,0.0000,impact,ragdoll,Proventus Avenicci,0001A67D,NPC Spine [Spn0],3,28.745,28.745,27.904,288.825,5.541,4.0000,17.297,-436.675,1286.555,-60.507,0.5465,-0.8311,0.1030,-128.640,241.748,91.814,-,Skin,shape,0000020E2E516B00,14,1,1,0,-
488,13096.170,0.0000,impact,ragdoll,Proventus Avenicci,0001A67D,NPC L Calf [LClf],5,54.235,54.235,175.081,216.146,10.216,6.0000,19.675,-495.324,1311.402,-87.765,-0.0000,-0.9098,0.4151,-167.201,103.584,89.629,Static,WoodStairs,shape,0000020D52D71600,-,1,1,0,-
489,13112.535,0.0000,impact,ragdoll,Proventus Avenicci,0001A67D,NPC L Calf [LClf],5,14.805,14.805,210.316,220.956,7.068,6.0000,19.675,-498.826,1311.438,-87.702,-0.0000,-0.8048,0.5936,-175.088,95.246,95.361,Static,WoodStairs,shape,0000020D52D71600,-,0,1,0,-
490,13128.093,0.0000,impact,ragdoll,Proventus Avenicci,0001A67D,NPC L Hand [LHnd],16,42.806,42.806,58.275,316.021,3.517,4.0000,8.334,-445.468,1300.121,-61.962,0.7929,-0.4914,0.3604,-192.982,236.630,81.445,-,-,-,0000020E2E585600,0,1,1,0,-
491,13128.094,0.0000,impact,ragdoll,Proventus Avenicci,0001A67D,NPC COM [COM ],0,42.806,42.806,58.275,270.127,4.152,50.0000,17.687,-445.468,1300.121,-61.962,0.7929,-0.4914,0.3604,-148.970,218.218,56.191,-,Skin,shape,0000020E2E516800,16,1,1,0,-
492,13196.086,0.0000,impact,ragdoll,Proventus Avenicci,0001A67D,NPC L Forearm [LLar],14,25.525,25.525,9.810,315.173,4.564,2.0000,11.658,-460.609,1315.762,-57.130,0.4872,-0.5655,0.6654,-171.404,264.161,13.198,-,-,-,0000020E2E585600,0,1,1,0,-
493,13196.087,0.0000,impact,ragdoll,Proventus Avenicci,0001A67D,NPC COM [COM ],0,25.525,25.525,9.810,267.500,3.774,50.0000,17.687,-460.609,1315.762,-57.130,0.4872,-0.5655,0.6654,-159.365,214.770,5.771,-,Skin,shape,0000020E2E516B00,14,1,1,0,-
494,13212.776,0.0000,impact,ragdoll,Proventus Avenicci,0001A67D,NPC L Hand [LHnd],16,22.872,22.872,28.934,287.987,4.884,4.0000,8.334,-460.756,1317.500,-62.226,0.6983,-0.3629,0.6170,-186.652,218.816,-14.733,-,Skin,shape,0000020E2E585000,2,1,1,0,-
495,13212.777,0.0000,impact,ragdoll,Proventus Avenicci,0001A67D,NPC R Thigh [RThg],2,22.872,22.872,28.934,322.590,5.173,6.0000,20.487,-460.756,1317.500,-62.226,0.6983,-0.3629,0.6170,-219.041,234.431,33.582,-,Skin,shape,0000020E2E516800,16,1,1,0,-
496,13287.005,0.0000,impact,ragdoll,Proventus Avenicci,0001A67D,NPC R Thigh [RThg],2,58.897,58.897,33.291,319.630,3.456,6.0000,20.487,-501.460,1335.128,-68.265,0.2808,-0.8931,-0.3516,-213.111,237.548,-17.825,-,Skin,shape,0000020E2E585C00,1,0,1,0,-
497,13287.005,0.0000,impact,ragdoll,Proventus Avenicci,0001A67D,NPC L Thigh [LThg],1,58.897,58.897,33.291,281.998,3.081,6.0000,20.487,-501.460,1335.128,-68.265,0.2808,-0.8931,-0.3516,-163.978,228.070,-24.864,-,Skin,shape,0000020E2E585000,2,0,1,0,-
498,13305.948,0.0000,impact,ragdoll,Proventus Avenicci,0001A67D,NPC R Thigh [RThg],2,113.596,113.596,265.533,308.369,2.415,6.0000,20.487,-483.142,1343.449,-79.671,-0.0000,-0.3353,0.9421,-198.350,235.213,-20.584,Static,Wood,shape,0000020D52D71600,-,1,1,0,-
499,13325.046,0.0000,impact,ragdoll,Proventus Avenicci,0001A67D,NPC R Thigh [RThg],2,19.206,19.206,245.518,286.039,3.558,6.0000,20.487,-488.189,1343.434,-79.677,-0.0000,-0.3784,0.9256,-191.347,207.503,46.337,Static,WoodStairs,shape,0000020D52D71600,-,0,1,0,-
500,13325.521,0.0000,impact,ragdoll,Proventus Avenicci,0001A67D,NPC L Calf [LClf],5,45.580,45.580,264.051,275.197,3.880,6.0000,19.675,-521.836,1343.701,-79.678,-0.0000,-0.1045,0.9945,-161.635,222.725,-1.029,Static,WoodStairs,shape,0000020D52D71600,-,1,1,0,-
501,13343.718,0.0000,impact,ragdoll,Proventus Avenicci,0001A67D,NPC L Calf [LClf],5,15.853,15.853,218.737,256.361,3.706,6.0000,19.675,-524.611,1351.061,-79.651,0.0000,0.0000,1.0000,-152.638,205.721,10.074,Static,Wood,shape,0000020D52D71600,-,0,1,0,-
502,13381.490,0.0000,impact,ragdoll,Proventus Avenicci,0001A67D,NPC R Calf [RClf],4,43.876,43.876,32.323,308.520,2.789,6.0000,19.675,-521.656,1350.633,-70.888,0.2627,-0.9603,-0.0936,-202.287,231.434,26.510,-,Skin,shape,0000020E2E585C00,1,1,1,0,-
503,13381.490,0.0000,impact,ragdoll,Proventus Avenicci,0001A67D,NPC L Thigh [LThg],1,43.876,43.876,32.323,268.696,3.621,6.0000,20.487,-521.656,1350.633,-70.888,0.2627,-0.9603,-0.0936,-164.553,208.193,-42.141,-,Skin,shape,0000020E2E584D00,4,1,1,0,-
504,13382.039,0.0000,impact,ragdoll,Proventus Avenicci,0001A67D,NPC R Thigh [RThg],2,7.769,7.769,264.575,276.699,2.867,6.0000,20.487,-516.021,1343.769,-79.651,0.0000,-0.0000,1.0000,-183.648,206.032,-19.653,Static,Wood,shape,0000020D52D71600,-,1,0,0,-
505,13382.040,0.0000,impact,ragdoll,Proventus Avenicci,0001A67D,NPC R Thigh [RThg],2,26.920,26.920,263.401,276.699,2.867,6.0000,20.487,-516.021,1343.574,-79.651,-0.0000,-0.1045,0.9945,-183.648,206.032,-19.653,Static,WoodStairs,shape,0000020D52D71600,-,0,1,0,-
506,13400.602,0.0000,impact,ragdoll,Proventus Avenicci,0001A67D,NPC COM [COM ],0,41.714,41.714,248.756,281.573,3.504,50.0000,17.687,-497.282,1359.605,-79.651,0.0000,0.0000,1.0000,-171.258,218.328,-47.820,Static,Wood,shape,0000020D52D71600,-,1,1,0,-
507,13400.616,0.0000,impact,ragdoll,Proventus Avenicci,0001A67D,NPC L Thigh [LThg],1,176.299,176.299,180.678,271.625,3.661,6.0000,20.487,-522.220,1371.044,-78.154,-0.0000,-0.7223,0.6916,-164.351,210.874,-47.967,Static,Carpet,shape,0000020E28304100,-,1,1,0,-
508,13401.176,0.0000,impact,ragdoll,Proventus Avenicci,0001A67D,NPC L Forearm [LLar],14,50.290,50.290,58.885,333.660,5.949,2.0000,11.658,-495.405,1358.839,-60.015,0.3720,-0.2905,0.8816,-182.295,276.155,-42.850,-,-,-,0000020E2E585600,0,1,1,0,-
509,13401.176,0.0000,impact,ragdoll,Proventus Avenicci,0001A67D,NPC COM [COM ],0,50.290,50.290,58.885,254.479,5.374,50.0000,17.687,-495.405,1358.839,-60.015,0.3720,-0.2905,0.8816,-157.230,199.610,-13.934,-,Skin,shape,0000020E2E516B00,14,1,1,0,-
510,13418.877,0.0000,impact,ragdoll,Proventus Avenicci,0001A67D,NPC R Thigh [RThg],2,37.395,37.395,260.432,220.519,5.557,6.0000,20.487,-530.824,1357.562,-70.251,0.7802,-0.6228,-0.0585,-132.195,172.586,36.981,-,Skin,shape,0000020E2E585900,5,1,1,0,-
511,13418.878,0.0000,impact,ragdoll,Proventus Avenicci,0001A67D,NPC L Calf [LClf],5,37.395,37.395,260.432,234.129,10.525,6.0000,19.675,-530.824,1357.562,-70.251,0.7802,-0.6228,-0.0585,-191.461,118.588,64.001,-,Skin,shape,0000020E2E585000,2,1,1,0,-
512,13418.880,0.0000,impact,ragdoll,Proventus Avenicci,0001A67D,NPC R Calf [RClf],4,84.986,84.986,237.223,276.433,4.624,6.0000,19.675,-532.684,1356.084,-70.352,0.4347,-0.8973,-0.0772,-157.139,227.356,5.661,-,Skin,shape,0000020E2E585900,5,1,1,0,-
513,13418.880,0.0000,impact,ragdoll,Proventus Avenicci,0001A67D,NPC L Calf [LClf],5,84.986,84.986,237.223,234.129,10.525,6.0000,19.675,-532.684,1356.084,-70.352,0.4347,-0.8973,-0.0772,-191.461,118.588,64.001,-,Skin,shape,0000020E2E584D00,4,1,1,0,-
514,13418.881,0.0000,impact,ragdoll,Proventus Avenicci,0001A67D,NPC R Calf [RClf],4,8.761,8.761,229.314,276.433,4.624,6.0000,19.675,-530.069,1343.608,-79.654,-0.0000,-0.1045,0.9945,-157.139,227.356,5.661,Static,WoodStairs,shape,0000020D52D71600,-,0,1,0,-
515,13436.921,0.0000,impact,ragdoll,Proventus Avenicci,0001A67D,NPC R Foot [Rft ],8,213.066,213.066,135.248,264.585,3.526,3.0000,10.011,-552.490,1343.217,-79.969,-0.0000,-0.9945,0.1045,-153.845,214.730,-15.111,Static,Wood,shape,0000020D52D71600,-,1,0,0,-
516,13436.922,0.0000,impact,ragdoll,Proventus Avenicci,0001A67D,NPC R Foot [Rft ],8,14.133,14.133,249.738,264.585,3.526,3.0000,10.011,-552.490,1339.195,-87.560,-0.0000,-0.0000,1.0000,-153.845,214.730,-15.111,Static,WoodStairs,shape,0000020D52D71600,-,0,0,0,-
517,13436.923,0.0000,impact,ragdoll,Proventus Avenicci,0001A67D,NPC R Foot [Rft ],8,213.143,213.143,135.126,264.585,3.526,3.0000,10.011,-552.490,1343.217,-79.969,-0.0000,-0.9957,0.0924,-153.845,214.730,-15.111,Static,WoodStairs,shape,0000020D52D71600,-,0,1,0,-
518,13437.418,0.0000,impact,ragdoll,Proventus Avenicci,0001A67D,NPC COM [COM ],0,73.772,73.772,196.099,233.889,4.586,50.0000,17.687,-506.405,1372.786,-78.008,0.0000,-0.1819,0.9833,-144.804,179.374,-39.512,Static,Carpet,shape,0000020E28305300,-,1,1,0,-
519,13454.085,0.0000,impact,ragdoll,Proventus Avenicci,0001A67D,NPC R Forearm [RLar],15,188.828,188.828,361.072,374.858,11.612,6.0000,11.658,-469.076,1402.105,-78.000,-0.0000,0.0000,1.0000,-257.144,150.907,-227.206,Static,Carpet,shape,0000020E28305300,-,1,1,0,-
520,13454.637,0.0000,impact,ragdoll,Proventus Avenicci,0001A67D,NPC L Thigh [LThg],1,112.294,112.294,61.901,198.743,9.233,6.0000,20.487,-515.618,1378.382,-78.000,0.0000,0.0000,1.0000,-72.605,159.534,-93.681,Static,Carpet,shape,0000020E28304100,-,0,1,0,-
521,13470.797,0.0000,impact,ragdoll,Proventus Avenicci,0001A67D,NPC R Forearm [RLar],15,246.525,246.525,182.213,286.188,14.236,6.0000,11.658,-475.353,1416.986,-78.000,-0.0000,0.0000,1.0000,-190.487,141.004,-160.425,Static,Carpet,shape,0000020E28305300,-,0,1,0,-
522,13470.801,0.0000,impact,ragdoll,Proventus Avenicci,0001A67D,NPC R Hand [RHnd],17,339.997,339.997,199.279,421.121,15.218,4.0000,8.334,-478.756,1423.209,-78.000,-0.0000,-0.0000,1.0000,-208.282,135.524,-339.992,Static,Carpet,shape,0000020E28305300,-,1,1,0,-
523,13471.321,0.0000,impact,ragdoll,Proventus Avenicci,0001A67D,NPC L Thigh [LThg],1,16.808,16.808,17.406,174.764,13.422,6.0000,20.487,-516.952,1380.946,-79.651,-0.0000,-0.0000,1.0000,-84.427,147.022,-42.416,Static,Wood,shape,0000020D52D71600,-,1,1,0,-
524,13471.324,0.0000,impact,ragdoll,Proventus Avenicci,0001A67D,NPC R Thigh [RThg],2,7.653,7.653,39.894,145.935,11.419,6.0000,20.487,-513.746,1371.191,-78.048,-0.0000,-0.4279,0.9038,-96.848,105.063,29.650,Static,Carpet,shape,0000020E28304100,-,1,1,0,-
525,13486.949,0.0000,impact,ragdoll,Proventus Avenicci,0001A67D,NPC L Thigh [LThg],1,37.471,37.471,68.825,187.859,12.886,6.0000,20.487,-539.013,1375.694,-78.000,-0.0000,0.0000,1.0000,-91.109,163.254,-18.393,Static,Carpet,shape,0000020E28304100,-,0,1,0,-
526,13486.956,0.0000,impact,ragdoll,Proventus Avenicci,0001A67D,NPC L Calf [LClf],5,58.939,58.939,62.574,221.576,13.496,6.0000,19.675,-544.075,1374.394,-78.000,-0.0000,-0.0000,1.0000,-86.898,199.069,-43.775,Static,Carpet,shape,0000020E28304100,-,1,1,0,-
527,13505.051,0.0000,impact,ragdoll,Proventus Avenicci,0001A67D,NPC L Calf [LClf],5,5.443,5.443,67.443,220.931,11.710,6.0000,19.675,-545.520,1376.963,-79.651,0.0000,0.0000,1.0000,-110.030,189.758,-26.372,Static,Wood,shape,0000020D52D71600,-,1,1,0,-
528,13505.058,0.0000,impact,ragdoll,Proventus Avenicci,0001A67D,NPC R Forearm [RLar],15,19.817,19.817,187.289,151.517,7.949,6.0000,11.658,-480.180,1419.275,-79.650,0.0000,0.0000,1.0000,-135.355,67.754,-6.773,Static,Wood,shape,0000020E280FC700,-,1,1,0,-
529,13505.061,0.0000,impact,ragdoll,Proventus Avenicci,0001A67D,NPC R Hand [RHnd],17,21.503,21.503,166.855,126.120,9.149,4.0000,8.334,-482.794,1425.697,-79.650,0.0000,0.0000,1.0000,-95.763,79.201,-21.518,Static,Wood,shape,0000020E280FC700,-,1,1,0,-
530,13505.554,0.0000,impact,ragdoll,Proventus Avenicci,0001A67D,NPC Spine [Spn0],3,10.692,10.692,130.454,210.063,6.622,4.0000,17.297,-510.364,1389.995,-78.000,0.0000,0.0000,1.0000,-91.713,188.682,10.700,Static,Carpet,shape,0000020E28304100,-,1,1,0,-
531,13538.063,0.0000,impact,ragdoll,Proventus Avenicci,0001A67D,NPC L Foot [Lft ],7,13.785,13.785,149.499,244.198,11.406,3.0000,10.011,-579.465,1374.318,-78.000,-0.0000,0.0000,1.0000,-91.680,222.070,-43.731,Static,Carpet,shape,0000020E28304100,-,1,1,0,-
532,13555.536,0.0000,impact,ragdoll,Proventus Avenicci,0001A67D,NPC L Thigh [LThg],1,41.400,41.400,96.933,178.839,8.282,6.0000,20.487,-524.993,1393.683,-79.651,-0.0000,0.0000,1.0000,-76.544,153.764,-49.812,Static,Wood,shape,0000020D52D71600,-,0,0,0,-
533,13555.538,0.0000,impact,ragdoll,Proventus Avenicci,0001A67D,NPC L Thigh [LThg],1,40.169,40.169,97.085,178.839,8.282,6.0000,20.487,-525.400,1393.365,-79.651,0.0000,0.0000,1.0000,-76.544,153.764,-49.812,Static,Wood,shape,0000020D52D71600,-,0,1,0,-
534,13555.557,0.0000,impact,ragdoll,Proventus Avenicci,0001A67D,NPC R UpperArm [RUar],12,15.179,15.179,105.849,250.881,10.203,2.0000,14.463,-488.620,1415.574,-78.000,-0.0000,-0.0000,1.0000,-166.361,179.227,-56.062,Static,Carpet,shape,0000020E28305300,-,1,1,0,-
535,13572.145,0.0000,impact,ragdoll,Proventus Avenicci,0001A67D,NPC COM [COM ],0,15.843,15.843,125.933,202.588,6.725,50.0000,17.687,-521.010,1393.304,-79.651,0.0000,-0.0000,1.0000,-106.372,172.372,-3.847,Static,Wood,shape,0000020D52D71600,-,1,1,0,-
536,13572.653,0.0000,impact,ragdoll,Proventus Avenicci,0001A67D,NPC L Calf [LClf],5,105.390,105.390,149.993,189.275,11.288,6.0000,19.675,-577.990,1392.282,-79.651,0.0000,0.0000,1.0000,-75.241,169.167,-39.322,Static,Wood,shape,0000020D52D71600,-,0,1,0,-
537,13572.653,0.0000,impact,ragdoll,Proventus Avenicci,0001A67D,NPC L Calf [LClf],5,105.390,105.390,167.269,189.275,11.288,6.0000,19.675,-577.990,1392.282,-78.000,-0.0000,-0.0000,1.0000,-75.241,169.167,-39.322,Static,Carpet,shape,0000020E28304100,-,0,1,0,-
538,13572.654,0.0000,impact,ragdoll,Proventus Avenicci,0001A67D,NPC Spine1 [Spn1],6,95.669,95.669,123.594,263.467,8.062,4.0000,18.878,-515.992,1412.061,-78.000,-0.0000,-0.0000,1.0000,-151.334,198.573,-84.153,Static,Carpet,shape,0000020E28304100,-,1,1,0,-
539,13572.656,0.0000,impact,ragdoll,Proventus Avenicci,0001A67D,NPC Spine2 [Spn2],9,198.476,198.476,143.236,322.107,7.560,7.0000,23.052,-516.074,1426.159,-78.000,0.0000,-0.0000,1.0000,-163.168,204.560,-187.841,Static,Carpet,shape,0000020E28304100,-,1,1,0,-
540,13590.400,0.0000,impact,ragdoll,Proventus Avenicci,0001A67D,NPC Spine2 [Spn2],9,113.930,113.930,8.626,199.821,10.344,7.0000,23.052,-518.372,1428.837,-79.650,0.0000,-0.0000,1.0000,-133.866,115.715,-92.835,Static,Wood,shape,0000020E280FC700,-,1,1,0,-
541,13607.714,0.0000,impact,ragdoll,Proventus Avenicci,0001A67D,NPC Head [Head],13,216.483,216.483,291.288,354.797,18.998,4.0000,15.108,-511.846,1451.870,-78.000,0.0000,0.0000,1.0000,-265.240,88.557,-218.372,Static,Carpet,shape,0000020E28304100,-,1,1,0,-
542,13607.715,0.0000,impact,ragdoll,Proventus Avenicci,0001A67D,NPC Head [Head],13,216.483,216.483,298.726,354.797,18.998,4.0000,15.108,-511.846,1451.870,-79.650,0.0000,-0.0000,1.0000,-265.240,88.557,-218.372,Static,Wood,shape,0000020E280FC700,-,1,1,0,-
543,13608.207,0.0000,impact,ragdoll,Proventus Avenicci,0001A67D,NPC L Forearm [LLar],14,52.403,52.403,155.489,235.146,3.796,2.0000,11.658,-523.461,1411.219,-54.055,-0.4514,0.6544,0.6067,-118.170,202.079,-22.221,-,Skin,shape,0000020E2E584700,3,1,1,0,-
544,13608.208,0.0000,impact,ragdoll,Proventus Avenicci,0001A67D,NPC Spine [Spn0],3,52.403,52.403,155.489,232.766,7.814,4.0000,17.297,-523.461,1411.219,-54.055,-0.4514,0.6544,0.6067,-143.468,175.182,53.925,-,Skin,shape,0000020E2E516B00,14,1,1,0,-
545,13608.210,0.0000,impact,ragdoll,Proventus Avenicci,0001A67D,NPC L Hand [LHnd],16,67.854,67.854,144.313,232.361,2.924,4.0000,8.334,-521.780,1409.831,-52.113,-0.2584,0.4950,0.8296,-111.071,203.326,-17.699,-,Skin,shape,0000020E2E584700,3,1,1,0,-
546,13608.210,0.0000,impact,ragdoll,Proventus Avenicci,0001A67D,NPC Spine [Spn0],3,67.854,67.854,144.313,232.766,7.814,4.0000,17.297,-521.780,1409.831,-52.113,-0.2584,0.4950,0.8296,-143.468,175.182,53.925,-,Skin,shape,0000020E2E516800,16,1,1,0,-
547,13624.786,0.0000,impact,ragdoll,Proventus Avenicci,0001A67D,NPC L UpperArm [LUar],10,89.342,89.342,118.117,187.623,5.778,2.0000,14.463,-530.564,1440.612,-78.000,-0.0000,0.0000,1.0000,-115.615,120.962,-84.874,Static,Carpet,shape,0000020E28304100,-,1,1,0,-
548,13624.792,0.0000,impact,ragdoll,Proventus Avenicci,0001A67D,NPC L Hand [LHnd],16,37.464,37.464,142.969,242.105,3.245,4.0000,8.334,-521.643,1424.087,-51.141,-0.3425,-0.6108,0.7138,-119.306,209.498,22.169,-,Skin,shape,0000020E2E584100,9,1,1,0,-
549,13624.792,0.0000,impact,ragdoll,Proventus Avenicci,0001A67D,NPC Spine2 [Spn2],9,37.464,37.464,142.969,201.418,6.389,7.0000,23.052,-521.643,1424.087,-51.141,-0.3425,-0.6108,0.7138,-152.301,128.913,-27.475,-,Skin,shape,0000020E2E516800,16,1,1,0,-
550,13642.915,0.0000,impact,ragdoll,Proventus Avenicci,0001A67D,NPC R Calf [RClf],4,22.511,22.511,118.591,127.642,2.381,6.0000,19.675,-563.675,1371.638,-78.000,0.0000,-0.0000,1.0000,-8.754,127.330,-1.734,Static,Carpet,shape,0000020E28304100,-,1,1,0,-
551,13660.280,0.0000,impact,ragdoll,Proventus Avenicci,0001A67D,NPC R Calf [RClf],4,60.341,60.341,37.970,115.197,2.293,6.0000,19.675,-550.430,1387.862,-67.556,0.2081,-0.9767,-0.0531,-10.890,114.485,6.704,-,Skin,shape,0000020E2E585C00,1,1,1,0,-
552,13660.280,0.0000,impact,ragdoll,Proventus Avenicci,0001A67D,NPC L Thigh [LThg],1,60.341,60.341,37.970,107.717,4.301,6.0000,20.487,-550.430,1387.862,-67.556,0.2081,-0.9767,-0.0531,-66.945,83.001,15.234,-,Skin,shape,0000020E2E584D00,4,1,1,0,-
553,13660.281,0.0000,impact,ragdoll,Proventus Avenicci,0001A67D,NPC R Calf [RClf],4,79.170,79.170,78.637,115.197,2.293,6.0000,19.675,-555.151,1386.583,-67.638,0.2100,-0.9744,-0.0806,-10.890,114.485,6.704,-,Skin,shape,0000020E2E585900,5,1,1,0,-
554,13660.281,0.0000,impact,ragdoll,Proventus Avenicci,0001A67D,NPC L Calf [LClf],5,79.170,79.170,78.637,76.748,4.396,6.0000,19.675,-555.151,1386.583,-67.638,0.2100,-0.9744,-0.0806,-7.259,75.036,14.392,-,Skin,shape,0000020E2E584D00,4,1,1,0,-
555,13660.285,0.0000,impact,ragdoll,Proventus Avenicci,0001A67D,NPC L Foot [Lft ],7,33.996,33.996,200.945,165.472,6.912,3.0000,10.011,-589.331,1401.544,-79.651,0.0000,0.0000,1.0000,17.330,163.413,-19.413,Static,Wood,shape,0000020D52D71600,-,0,0,0,-
556,13660.285,0.0000,impact,ragdoll,Proventus Avenicci,0001A67D,NPC L Foot [Lft ],7,34.218,34.218,200.931,165.472,6.912,3.0000,10.011,-589.340,1401.474,-79.651,0.0000,0.0000,1.0000,17.330,163.413,-19.413,Static,Wood,shape,0000020D52D71600,-,0,1,0,-
557,13660.287,0.0000,impact,ragdoll,Proventus Avenicci,0001A67D,NPC R Foot [Rft ],8,60.741,60.741,107.295,130.705,3.107,3.0000,10.011,-568.329,1371.228,-78.033,-0.0000,-0.3557,0.9346,-20.523,128.075,-16.107,Static,Carpet,shape,0000020E28304100,-,1,1,0,-
558,13678.692,0.0000,impact,ragdoll,Proventus Avenicci,0001A67D,NPC L Calf [LClf],5,7.797,7.797,153.047,108.423,3.932,6.0000,19.675,-576.555,1400.022,-79.697,0.0000,0.0000,1.0000,-9.109,107.950,4.383,Static,Wood,shape,0000020D52D71600,-,0,1,0,-
559,13679.213,0.0000,impact,ragdoll,Proventus Avenicci,0001A67D,NPC L Foot [Lft ],7,18.992,18.992,146.831,137.260,3.794,3.0000,10.011,-584.014,1408.013,-79.653,0.0000,0.0000,1.0000,24.743,133.054,-22.903,Static,Wood,shape,0000020E280FC700,-,1,1,0,-
560,13715.639,0.0000,impact,ragdoll,Proventus Avenicci,0001A67D,NPC L Thigh [LThg],1,23.767,23.767,128.056,139.262,3.233,6.0000,20.487,-554.678,1397.123,-79.655,0.0000,0.0000,1.0000,-77.184,114.065,-20.635,Static,Wood,shape,0000020D52D71600,-,1,1,0,-
561,13715.654,0.0000,impact,ragdoll,Proventus Avenicci,0001A67D,NPC L UpperArm [LUar],10,32.871,32.871,170.813,193.439,3.794,2.0000,14.463,-540.447,1453.760,-79.650,-0.0000,-0.0000,1.0000,-116.468,148.453,-42.608,Static,Wood,shape,0000020E280FC700,-,1,1,0,-
562,13716.171,0.0000,impact,ragdoll,Proventus Avenicci,0001A67D,NPC L Thigh [LThg],1,21.540,21.540,165.813,141.564,3.135,6.0000,20.487,-544.576,1408.072,-79.654,0.0000,0.0000,1.0000,-80.268,115.052,-18.986,Static,Wood,shape,0000020D52D71600,-,0,1,0,-
563,13771.280,0.0000,impact,ragdoll,Proventus Avenicci,0001A67D,NPC R Foot [Rft ],8,12.013,12.013,69.095,72.130,2.266,3.0000,10.011,-568.842,1372.042,-78.000,-0.0000,0.0000,1.0000,17.537,68.749,-12.992,Static,Carpet,shape,0000020E28304100,-,1,1,0,-
564,13771.854,0.0000,impact,ragdoll,Proventus Avenicci,0001A67D,NPC L Calf [LClf],5,51.410,51.410,148.780,137.003,2.780,6.0000,19.675,-562.345,1398.156,-79.669,0.0000,0.0000,1.0000,-46.489,126.846,-22.774,Static,Wood,shape,0000020D52D71600,-,0,1,0,-
565,13882.231,0.0000,impact,ragdoll,Proventus Avenicci,0001A67D,NPC R Hand [RHnd],17,23.654,23.654,62.294,96.366,5.995,4.0000,8.334,-509.208,1457.010,-78.000,0.0000,-0.0000,1.0000,-71.658,59.969,-23.561,Static,Carpet,shape,0000020E28305300,-,0,1,0,-
566,13882.233,0.0000,impact,ragdoll,Proventus Avenicci,0001A67D,NPC R Hand [RHnd],17,23.655,23.655,54.386,96.366,5.995,4.0000,8.334,-509.208,1457.010,-79.650,0.0000,-0.0000,1.0000,-71.658,59.969,-23.561,Static,Wood,shape,0000020E280FC700,-,0,1,0,-
567,13900.678,0.0000,impact,ragdoll,Proventus Avenicci,0001A67D,NPC R Hand [RHnd],17,20.379,20.379,51.386,64.064,6.675,4.0000,8.334,-510.836,1458.534,-78.000,0.0000,-0.0000,1.0000,-47.560,37.900,-20.146,Static,Carpet,shape,0000020E28304100,-,1,1,0,-
568,13934.521,0.0000,impact,ragdoll,Proventus Avenicci,0001A67D,NPC Head [Head],13,60.486,60.486,188.839,142.971,9.203,4.0000,15.108,-544.100,1495.090,-79.650,-0.0000,-0.0000,1.0000,-46.013,119.922,-62.788,Static,Wood,shape,0000020E280FC700,-,1,1,0,-
569,13952.655,0.0000,impact,ragdoll,Proventus Avenicci,0001A67D,NPC L Forearm [LLar],14,83.587,83.587,102.574,129.688,19.048,2.0000,11.658,-572.850,1468.759,-78.000,-0.0000,0.0000,1.0000,-45.387,83.107,-88.613,Static,Carpet,shape,0000020E28304100,-,1,1,0,-
570,13968.495,0.0000,impact,ragdoll,Proventus Avenicci,0001A67D,NPC L Hand [LHnd],16,26.166,26.166,230.921,178.509,11.965,4.0000,8.334,-566.020,1447.880,-67.015,-0.9282,0.3699,0.0394,-31.467,5.717,-175.621,-,-,-,0000020E2E585600,0,1,1,0,-
571,13968.496,0.0000,impact,ragdoll,Proventus Avenicci,0001A67D,NPC COM [COM ],0,26.166,26.166,230.921,66.745,2.668,50.0000,17.687,-566.020,1447.880,-67.015,-0.9282,0.3699,0.0394,-23.636,62.384,-2.130,-,Skin,shape,0000020E2E516800,16,1,1,0,-
572,13986.443,0.0000,impact,ragdoll,Proventus Avenicci,0001A67D,NPC L Hand [LHnd],16,191.599,191.599,87.683,194.033,38.430,4.0000,8.334,-577.043,1452.335,-78.000,0.0000,0.0000,1.0000,-22.224,21.557,-191.547,Static,Carpet,shape,0000020E28304100,-,1,1,0,-
573,13986.849,0.0000,impact,ragdoll,Proventus Avenicci,0001A67D,NPC L UpperArm [LUar],10,26.914,26.914,58.320,43.615,2.765,2.0000,14.463,-568.533,1476.451,-78.000,0.0000,-0.0000,1.0000,9.191,40.887,-12.083,Static,Carpet,shape,0000020E28304100,-,0,1,0,-
574,14058.610,0.0000,impact,ragdoll,Proventus Avenicci,0001A67D,NPC Spine1 [Spn1],6,37.615,37.615,19.224,106.407,7.098,4.0000,18.878,-548.679,1464.165,-79.650,0.0000,0.0000,1.0000,75.123,-60.371,-45.103,Static,Wood,shape,0000020E280FC700,-,1,1,0,-
575,14076.642,0.0000,impact,ragdoll,Proventus Avenicci,0001A67D,NPC R UpperArm [RUar],12,82.378,82.378,257.987,216.143,8.313,2.0000,14.463,-519.489,1466.993,-78.000,-0.0000,0.0000,1.0000,118.023,-128.879,-127.195,Static,Carpet,shape,0000020E28304100,-,1,1,0,-
576,14077.052,0.0000,impact,ragdoll,Proventus Avenicci,0001A67D,NPC L Forearm [LLar],14,38.120,38.120,58.514,120.769,11.156,2.0000,11.658,-557.640,1476.391,-66.956,-0.9944,-0.0407,-0.0974,104.313,34.784,49.941,-,Skin,shape,0000020E2E584100,9,1,1,0,-
577,14077.052,0.0000,impact,ragdoll,Proventus Avenicci,0001A67D,NPC Spine2 [Spn2],9,38.120,38.120,58.514,137.322,7.590,7.0000,23.052,-557.640,1476.391,-66.956,-0.9944,-0.0407,-0.0974,121.141,-62.967,-14.740,-,Skin,shape,0000020E2E516B00,14,1,1,0,-
578,14077.053,0.0000,impact,ragdoll,Proventus Avenicci,0001A67D,NPC L Hand [LHnd],16,70.148,70.148,232.329,118.729,19.503,4.0000,8.334,-575.732,1458.739,-79.650,-0.0000,0.0000,1.0000,-7.937,95.547,-70.031,Static,Wood,shape,0000020E280FC700,-,1,1,0,-
579,14098.026,0.0000,impact,ragdoll,Proventus Avenicci,0001A67D,NPC R Forearm [RLar],15,26.405,26.405,197.207,173.522,6.753,6.0000,11.658,-507.387,1447.732,-78.000,0.0000,0.0000,1.0000,111.195,-125.284,-45.270,Static,Carpet,shape,0000020E28305300,-,1,1,0,-
580,14112.364,0.0000,impact,ragdoll,Proventus Avenicci,0001A67D,NPC R UpperArm [RUar],12,176.042,176.042,259.429,238.276,9.537,2.0000,14.463,-518.673,1473.424,-78.000,0.0000,-0.0000,1.0000,109.713,-166.199,-130.831,Static,Carpet,shape,0000020E28304100,-,0,1,0,-
581,14148.988,0.0000,impact,ragdoll,Proventus Avenicci,0001A67D,NPC R UpperArm [RUar],12,108.435,108.435,307.961,262.668,6.594,2.0000,14.463,-514.810,1466.596,-79.650,0.0000,0.0000,1.0000,110.981,-226.790,-72.415,Static,Wood,shape,0000020E280FC700,-,1,1,0,-
582,14166.445,0.0000,impact,ragdoll,Proventus Avenicci,0001A67D,NPC R Foot [Rft ],8,37.783,37.783,260.035,184.483,14.491,3.0000,10.011,-589.137,1383.663,-78.000,0.0000,0.0000,1.0000,-162.953,73.390,-45.762,Static,Carpet,shape,0000020E28304100,-,1,1,0,-
583,14166.450,0.0000,impact,ragdoll,Proventus Avenicci,0001A67D,NPC R UpperArm [RUar],12,101.421,101.421,282.993,266.047,4.681,2.0000,14.463,-509.502,1461.968,-78.050,-0.4362,0.0000,0.8999,122.967,-233.993,-30.125,Static,Carpet,shape,0000020E28305300,-,1,1,0,-
584,14201.603,0.0000,impact,ragdoll,Proventus Avenicci,0001A67D,NPC R UpperArm [RUar],12,49.298,49.298,314.415,282.180,5.513,2.0000,14.463,-509.135,1453.905,-78.000,-0.0000,0.0000,1.0000,102.425,-261.852,-23.844,Static,Carpet,shape,0000020E28305300,-,1,1,0,-
585,14268.354,0.0000,state,unknown,Proventus Avenicci,0001A67D,-,-,0.000,0.000,0.000,0.000,0.000,0.0000,0.000,0.000,0.000,0.000,0.0000,0.0000,0.0000,0.000,0.000,0.000,-,-,-,0000000000000000,-,0,0,0,knock_get_up
586,17383.414,0.0000,state,unknown,Proventus Avenicci,0001A67D,-,-,0.000,0.000,0.000,0.000,0.000,0.0000,0.000,0.000,0.000,0.000,0.0000,0.0000,0.0000,0.000,0.000,0.000,-,-,-,0000000000000000,-,0,0,0,ragdoll_start
587,17387.720,0.0000,impact,ragdoll,Proventus Avenicci,0001A67D,NPC R Hand [RHnd],17,67.271,67.271,256.804,56.557,25.129,4.0000,8.334,-544.635,1435.078,-12.365,0.6361,-0.6073,-0.4760,-38.518,26.723,31.637,-,Skin,shape,0000020E2E584700,3,1,1,0,-
588,17387.721,0.0000,impact,ragdoll,Proventus Avenicci,0001A67D,NPC Spine [Spn0],3,67.271,67.271,256.804,37.611,1.703,4.0000,17.297,-544.635,1435.078,-12.365,0.6361,-0.6073,-0.4760,-18.573,-24.782,-21.341,-,Skin,shape,0000020E2E517100,17,1,1,0,-
589,17406.432,0.0000,impact,ragdoll,Proventus Avenicci,0001A67D,NPC L Forearm [LLar],14,44.103,44.103,115.472,31.733,4.042,2.0000,11.658,-551.907,1456.582,-13.581,0.0414,0.8495,0.5260,-3.165,-31.129,5.288,-,Skin,shape,0000020E2E585C00,1,1,1,0,-
590,17406.433,0.0000,impact,ragdoll,Proventus Avenicci,0001A67D,NPC L Thigh [LThg],1,44.103,44.103,115.472,70.716,4.890,6.0000,20.487,-551.907,1456.582,-13.581,0.0414,0.8495,0.5260,2.632,-25.802,65.789,-,Skin,shape,0000020E2E516B00,14,1,1,0,-
591,17422.770,0.0000,impact,ragdoll,Proventus Avenicci,0001A67D,NPC L Forearm [LLar],14,42.825,42.825,160.911,54.602,4.925,2.0000,11.658,-552.221,1454.538,-10.638,-0.0009,0.9144,0.4047,-9.906,-53.473,-4.881,-,-,-,0000020E2E585600,0,1,1,0,-
592,17422.771,0.0000,impact,ragdoll,Proventus Avenicci,0001A67D,NPC COM [COM ],0,42.825,42.825,160.911,14.402,9.395,50.0000,17.687,-552.221,1454.538,-10.638,-0.0009,0.9144,0.4047,7.290,-10.731,6.254,-,Skin,shape,0000020E2E516B00,14,1,1,0,-
593,17475.378,0.0000,impact,ragdoll,Proventus Avenicci,0001A67D,NPC L Hand [LHnd],16,38.254,38.254,257.028,130.460,13.225,4.0000,8.334,-550.705,1453.933,-12.478,0.0588,0.9937,0.0953,-7.091,-98.462,85.292,-,-,-,0000020E2E585600,0,1,1,0,-
594,17475.378,0.0000,impact,ragdoll,Proventus Avenicci,0001A67D,NPC COM [COM ],0,38.254,38.254,257.028,33.925,15.387,50.0000,17.687,-550.705,1453.933,-12.478,0.0588,0.9937,0.0953,7.325,-33.125,0.073,-,Skin,shape,0000020E2E516800,16,1,1,0,-
595,17495.102,0.0000,impact,ragdoll,Proventus Avenicci,0001A67D,NPC R Hand [RHnd],17,24.794,24.794,44.033,128.490,8.843,4.0000,8.334,-547.398,1428.390,-5.688,0.8300,-0.1825,-0.5270,-11.281,-100.521,79.233,-,Skin,shape,0000020E2E584400,6,1,1,0,-
596,17495.102,0.0000,impact,ragdoll,Proventus Avenicci,0001A67D,NPC Spine1 [Spn1],6,24.794,24.794,44.033,82.258,6.184,4.0000,18.878,-547.398,1428.390,-5.688,0.8300,-0.1825,-0.5270,-28.800,-74.486,-19.717,-,Skin,shape,0000020E2E517100,17,1,1,0,-
597,17589.166,0.0000,impact,ragdoll,Proventus Avenicci,0001A67D,NPC Spine2 [Spn2],9,60.779,60.779,56.643,227.579,5.890,7.0000,23.052,-545.605,1410.027,-4.621,-0.8261,0.1407,0.5457,-36.779,-208.410,-83.695,-,Skin,shape,0000020E2E517100,17,1,1,0,-
598,17589.167,0.0000,impact,ragdoll,Proventus Avenicci,0001A67D,NPC R Hand [RHnd],17,60.779,60.779,56.643,268.153,9.574,4.0000,8.334,-545.605,1410.027,-4.621,-0.8261,0.1407,0.5457,-71.497,-257.950,-15.991,-,Skin,shape,0000020E2E584100,9,1,1,0,-
599,17724.958,0.0000,impact,ragdoll,Proventus Avenicci,0001A67D,NPC R Thigh [RThg],2,64.973,64.973,79.397,79.897,8.445,6.0000,20.487,-545.893,1432.843,-34.057,-0.1909,-0.7575,-0.6242,-42.916,-58.348,-33.722,-,Skin,shape,0000020E2E585C00,1,0,1,0,-
600,17724.959,0.0000,impact,ragdoll,Proventus Avenicci,0001A67D,NPC L Thigh [LThg],1,64.973,64.973,79.397,199.509,3.208,6.0000,20.487,-545.893,1432.843,-34.057,-0.1909,-0.7575,-0.6242,-7.953,-198.891,13.518,-,Skin,shape,0000020E2E585000,2,0,1,0,-
601,17764.212,0.0000,impact,ragdoll,Proventus Avenicci,0001A67D,NPC R Thigh [RThg],2,69.729,69.729,161.536,139.198,8.955,6.0000,20.487,-546.900,1431.847,-34.618,-0.3472,-0.4902,-0.7995,-60.749,-125.183,-3.858,-,Skin,shape,0000020E2E585900,5,1,1,0,-
602,17764.213,0.0000,impact,ragdoll,Proventus Avenicci,0001A67D,NPC L Calf [LClf],5,69.729,69.729,161.536,157.683,4.930,6.0000,19.675,-546.900,1431.847,-34.618,-0.3472,-0.4902,-0.7995,-9.541,-150.861,44.878,-,Skin,shape,0000020E2E585000,2,1,1,0,-
603,17990.716,0.0000,impact,ragdoll,Proventus Avenicci,0001A67D,NPC R Thigh [RThg],2,202.395,202.395,388.085,447.964,1.991,6.0000,20.487,-550.389,1343.546,-79.652,0.0000,-0.0567,0.9984,14.962,-387.809,-223.723,Static,Wood,shape,0000020D52D71600,-,1,0,0,-
604,17990.717,0.0000,impact,ragdoll,Proventus Avenicci,0001A67D,NPC R Thigh [RThg],2,183.551,183.551,397.345,447.964,1.991,6.0000,20.487,-550.389,1343.546,-79.652,-0.0000,-0.1045,0.9945,14.962,-387.809,-223.723,Static,WoodStairs,shape,0000020D52D71600,-,0,1,0,-
605,18009.939,0.0000,impact,ragdoll,Proventus Avenicci,0001A67D,NPC R Thigh [RThg],2,91.730,91.730,412.822,365.175,20.573,6.0000,20.487,-544.948,1343.219,-61.290,-0.5203,0.3403,-0.7833,-73.599,-348.892,-78.809,-,Skin,shape,0000020E2E585C00,1,0,1,0,-
606,18009.940,0.0000,impact,ragdoll,Proventus Avenicci,0001A67D,NPC L Thigh [LThg],1,91.730,91.730,412.822,486.714,1.607,6.0000,20.487,-544.948,1343.219,-61.290,-0.5203,0.3403,-0.7833,29.582,-439.802,-206.372,-,Skin,shape,0000020E2E585000,2,0,1,0,-
607,18026.715,0.0000,impact,ragdoll,Proventus Avenicci,0001A67D,NPC R Thigh [RThg],2,37.273,37.273,300.687,402.490,11.693,6.0000,20.487,-551.326,1338.155,-87.583,0.0000,0.0000,1.0000,-91.188,-385.340,-72.083,Static,WoodStairs,shape,0000020D52D71600,-,0,0,0,-
608,18026.716,0.0000,impact,ragdoll,Proventus Avenicci,0001A67D,NPC R Thigh [RThg],2,129.067,129.067,302.346,402.490,11.693,6.0000,20.487,-550.497,1322.955,-87.560,0.0000,-0.0000,1.0000,-91.188,-385.340,-72.083,Static,WoodStairs,shape,0000020D52D71600,-,0,1,0,-
609,18026.721,0.0000,impact,ragdoll,Proventus Avenicci,0001A67D,NPC R Forearm [RLar],15,231.781,231.781,429.316,492.133,2.814,6.0000,11.658,-549.127,1279.794,-101.568,-0.0000,-0.2299,0.9732,25.389,-372.325,-320.817,Static,WoodStairs,shape,0000020D52D71600,-,1,0,0,-
610,18026.721,0.0000,impact,ragdoll,Proventus Avenicci,0001A67D,NPC R Forearm [RLar],15,231.781,231.781,429.316,492.133,2.814,6.0000,11.658,-549.127,1279.794,-101.568,-0.0000,-0.2299,0.9732,25.389,-372.325,-320.817,Static,WoodStairs,shape,0000020D52D71600,-,0,1,0,-
611,18027.203,0.0000,impact,ragdoll,Proventus Avenicci,0001A67D,NPC COM [COM ],0,140.845,140.845,253.952,409.799,11.294,50.0000,17.687,-548.245,1314.807,-87.560,0.0000,-0.0000,1.0000,14.847,-376.600,-160.895,Static,WoodStairs,shape,0000020D52D71600,-,1,1,0,-
612,18027.206,0.0000,impact,ragdoll,Proventus Avenicci,0001A67D,NPC Spine [Spn0],3,7.393,7.393,310.320,426.444,10.229,4.0000,17.297,-548.388,1311.522,-87.621,-0.0000,-0.5645,0.8254,-4.706,-350.024,-243.547,Static,WoodStairs,shape,0000020D52D71600,-,1,0,0,-
613,18027.206,0.0000,impact,ragdoll,Proventus Avenicci,0001A67D,NPC Spine [Spn0],3,7.393,7.393,310.320,426.444,10.229,4.0000,17.297,-548.388,1311.522,-87.621,-0.0000,-0.5645,0.8254,-4.706,-350.024,-243.547,Static,WoodStairs,shape,0000020D52D71600,-,0,1,0,-
614,18027.208,0.0000,impact,ragdoll,Proventus Avenicci,0001A67D,NPC R UpperArm [RUar],12,108.290,108.290,388.546,417.419,16.997,2.0000,14.463,-556.531,1279.872,-101.558,-0.0000,-0.1045,0.9945,42.965,-377.831,-172.153,Static,WoodStairs,shape,0000020D52D71600,-,1,0,0,-
615,18027.209,0.0000,impact,ragdoll,Proventus Avenicci,0001A67D,NPC R UpperArm [RUar],12,143.464,143.464,376.980,417.419,16.997,2.0000,14.463,-556.531,1279.871,-101.558,0.0000,-0.0069,1.0000,42.965,-377.831,-172.153,Static,WoodStairs,shape,0000020D52D71600,-,0,1,0,-
616,18064.003,0.0000,impact,ragdoll,Proventus Avenicci,0001A67D,NPC Spine1 [Spn1],6,80.325,80.325,192.196,278.892,5.123,4.0000,18.878,-554.866,1285.630,-101.558,0.0000,0.0000,1.0000,-24.962,-263.736,-87.182,Static,WoodStairs,shape,0000020D52D71600,-,1,1,0,-
617,18082.939,0.0000,impact,ragdoll,Proventus Avenicci,0001A67D,NPC R UpperArm [RUar],12,163.390,163.390,184.231,270.414,19.724,2.0000,14.463,-561.528,1265.560,-115.557,-0.0000,-0.0000,1.0000,-2.481,-109.908,-247.059,Static,WoodStairs,shape,0000020D52D71600,-,0,1,0,-
618,18082.943,0.0000,impact,ragdoll,Proventus Avenicci,0001A67D,NPC R Hand [RHnd],17,242.757,242.757,356.123,379.404,23.749,4.0000,8.334,-549.245,1253.178,-115.557,0.0001,-0.0022,1.0000,41.263,-287.572,-244.023,Static,WoodStairs,shape,0000020D52D71600,-,1,1,0,-
619,18083.434,0.0000,impact,ragdoll,Proventus Avenicci,0001A67D,NPC R UpperArm [RUar],12,268.470,268.470,282.248,170.968,25.462,2.0000,14.463,-550.850,1267.962,-115.557,0.0000,-0.0000,1.0000,15.286,-106.887,-132.558,Static,WoodStairs,shape,0000020D52D71600,-,0,1,0,-
620,18083.435,0.0000,impact,ragdoll,Proventus Avenicci,0001A67D,NPC Head [Head],13,280.046,280.046,419.349,435.099,17.492,4.0000,15.108,-552.349,1248.472,-107.383,-0.7210,-0.4414,0.5342,175.090,-247.657,-311.963,-,Skin,shape,0000020E2E517100,17,1,1,0,-
621,18083.435,0.0000,impact,ragdoll,Proventus Avenicci,0001A67D,NPC R Hand [RHnd],17,280.046,280.046,419.349,271.165,66.823,4.0000,8.334,-552.349,1248.472,-107.383,-0.7210,-0.4414,0.5342,41.807,-267.887,4.391,-,Skin,shape,0000020E2E517A00,13,1,1,0,-
622,18083.437,0.0000,impact,ragdoll,Proventus Avenicci,0001A67D,NPC R Forearm [RLar],15,129.354,129.354,292.387,315.443,27.500,6.0000,11.658,-547.360,1256.742,-115.557,0.0000,0.0000,1.0000,59.632,-181.204,-251.224,Static,WoodStairs,shape,0000020D52D71600,-,0,1,0,-
623,18105.120,0.0000,impact,ragdoll,Proventus Avenicci,0001A67D,NPC Spine2 [Spn2],9,81.283,81.283,153.029,386.734,7.734,7.0000,23.052,-548.160,1250.234,-106.836,-0.5138,0.5025,0.6954,-0.640,-379.754,-73.140,-,Skin,shape,0000020E2E517100,17,1,1,0,-
624,18105.121,0.0000,impact,ragdoll,Proventus Avenicci,0001A67D,NPC R Hand [RHnd],17,81.283,81.283,153.029,162.831,18.065,4.0000,8.334,-548.160,1250.234,-106.836,-0.5138,0.5025,0.6954,111.581,-106.468,-52.230,-,Skin,shape,0000020E2E584100,9,1,1,0,-
625,18105.124,0.0000,impact,ragdoll,Proventus Avenicci,0001A67D,NPC R Forearm [RLar],15,281.444,281.444,93.273,131.653,17.393,6.0000,11.658,-550.115,1269.893,-97.912,0.4014,-0.3084,-0.8624,-11.171,-108.560,73.637,-,Skin,shape,0000020E2E584400,6,1,1,0,-
626,18105.125,0.0000,impact,ragdoll,Proventus Avenicci,0001A67D,NPC Spine1 [Spn1],6,281.444,281.444,93.273,420.180,8.225,4.0000,18.878,-550.115,1269.893,-97.912,0.4014,-0.3084,-0.8624,-1.617,-419.429,-25.059,-,Skin,shape,0000020E2E517400,15,1,1,0,-
627,18105.126,0.0000,impact,ragdoll,Proventus Avenicci,0001A67D,NPC R Hand [RHnd],17,49.681,49.681,167.395,162.831,18.065,4.0000,8.334,-545.621,1247.950,-115.569,0.0001,-0.0221,0.9998,111.581,-106.468,-52.230,Static,WoodStairs,shape,0000020D52D71600,-,1,1,0,-
628,18121.313,0.0000,impact,ragdoll,Proventus Avenicci,0001A67D,NPC R Forearm [RLar],15,91.084,91.084,259.506,234.347,14.784,6.0000,11.658,-544.628,1253.065,-115.558,0.0001,-0.0022,1.0000,92.602,-208.584,-53.256,Static,WoodStairs,shape,0000020D52D71600,-,1,0,0,-
629,18121.314,0.0000,impact,ragdoll,Proventus Avenicci,0001A67D,NPC R Forearm [RLar],15,87.598,87.598,255.742,234.347,14.784,6.0000,11.658,-544.665,1253.638,-115.559,0.0000,0.0000,1.0000,92.602,-208.584,-53.256,Static,WoodStairs,shape,0000020D52D71600,-,0,1,0,-
630,18180.904,0.0000,impact,ragdoll,Proventus Avenicci,0001A67D,NPC R Forearm [RLar],15,86.153,86.153,29.722,296.891,10.558,6.0000,11.658,-549.501,1249.990,-94.226,0.2716,-0.2664,-0.9248,33.733,-293.911,24.952,-,Skin,shape,0000020E2E584700,3,1,1,0,-
631,18180.905,0.0000,impact,ragdoll,Proventus Avenicci,0001A67D,NPC Spine [Spn0],3,86.153,86.153,29.722,381.015,6.019,4.0000,17.297,-549.501,1249.990,-94.226,0.2716,-0.2664,-0.9248,13.260,-378.394,-42.595,-,Skin,shape,0000020E2E517400,15,1,1,0,-
632,18259.539,0.0000,impact,ragdoll,Proventus Avenicci,0001A67D,NPC L Forearm [LLar],14,21.756,21.756,30.245,445.561,7.443,2.0000,11.658,-541.535,1196.426,-91.991,0.8720,-0.2769,0.4036,60.286,-351.483,-267.113,-,Skin,shape,0000020E2E584100,9,1,1,0,-
633,18259.540,0.0000,impact,ragdoll,Proventus Avenicci,0001A67D,NPC Spine2 [Spn2],9,21.756,21.756,30.245,415.424,2.635,7.0000,23.052,-541.535,1196.426,-91.991,0.8720,-0.2769,0.4036,48.621,-395.811,-116.389,-,Skin,shape,0000020E2E516B00,14,1,1,0,-
634,18353.802,0.0000,impact,ragdoll,Proventus Avenicci,0001A67D,NPC R UpperArm [RUar],12,160.926,160.926,395.808,422.694,2.276,2.0000,14.463,-558.768,1167.243,-135.650,-0.0000,-0.0000,1.0000,-4.856,-388.756,-165.878,Static,Wood,shape,0000020D52E22200,-,1,1,0,-
635,18353.805,0.0000,impact,ragdoll,Proventus Avenicci,0001A67D,NPC L Hand [LHnd],16,275.691,275.691,382.779,471.088,3.643,4.0000,8.334,-523.677,1163.055,-135.650,-0.0000,0.0000,1.0000,-57.144,-377.610,-275.807,Static,Wood,shape,0000020D52E22200,-,1,1,0,-
636,18371.292,0.0000,impact,ragdoll,Proventus Avenicci,0001A67D,NPC R Forearm [RLar],15,166.923,166.923,360.449,349.720,13.694,6.0000,11.658,-536.148,1178.707,-135.650,-0.0000,0.0000,1.0000,-56.769,-332.402,-92.684,Static,Wood,shape,0000020D52E22200,-,1,1,0,-
637,18371.294,0.0000,impact,ragdoll,Proventus Avenicci,0001A67D,NPC R Hand [RHnd],17,246.562,246.562,381.323,437.024,11.541,4.0000,8.334,-529.368,1179.540,-135.650,0.0000,0.0000,1.0000,-56.265,-356.422,-246.551,Static,Wood,shape,0000020D52E22200,-,1,1,0,-
638,18388.116,0.0000,impact,ragdoll,Proventus Avenicci,0001A67D,NPC R Forearm [RLar],15,236.696,236.696,41.392,311.268,11.924,6.0000,11.658,-547.662,1173.400,-120.744,-0.0288,-0.3247,-0.9454,-62.585,-303.229,31.980,-,Skin,shape,0000020E2E584700,3,1,1,0,-
639,18388.117,0.0000,impact,ragdoll,Proventus Avenicci,0001A67D,NPC Spine [Spn0],3,236.696,236.696,41.392,433.919,10.257,4.0000,17.297,-547.662,1173.400,-120.744,-0.0288,-0.3247,-0.9454,60.813,-396.057,-166.511,-,Skin,shape,0000020E2E517400,15,1,1,0,-
640,18388.520,0.0000,impact,ragdoll,Proventus Avenicci,0001A67D,NPC Head [Head],13,68.282,68.282,257.901,298.845,8.372,4.0000,15.108,-551.302,1131.238,-143.559,-0.0000,0.0000,1.0000,25.626,-290.049,-67.257,Static,WoodStairs,shape,0000020D52E22200,-,1,1,0,-
641,18405.885,0.0000,impact,ragdoll,Proventus Avenicci,0001A67D,NPC COM [COM ],0,252.051,252.051,44.255,409.319,12.782,50.0000,17.687,-539.071,1170.797,-128.026,-0.0554,0.3680,0.9282,58.974,-366.102,-173.300,-,Skin,shape,0000020E2E517400,15,1,1,0,-
642,18405.886,0.0000,impact,ragdoll,Proventus Avenicci,0001A67D,NPC R Forearm [RLar],15,252.051,252.051,44.255,331.831,10.129,6.0000,11.658,-539.071,1170.797,-128.026,-0.0554,0.3680,0.9282,-95.193,-303.867,93.352,-,-,-,0000020E2E585600,0,1,1,0,-
643,18405.887,0.0000,impact,ragdoll,Proventus Avenicci,0001A67D,NPC COM [COM ],0,234.799,234.799,73.210,409.319,12.782,50.0000,17.687,-533.346,1171.543,-127.087,-0.4239,0.3129,0.8500,58.974,-366.102,-173.300,-,Skin,shape,0000020E2E517100,17,1,1,0,-
644,18405.887,0.0000,impact,ragdoll,Proventus Avenicci,0001A67D,NPC R Hand [RHnd],17,234.799,234.799,73.210,356.383,12.719,4.0000,8.334,-533.346,1171.543,-127.087,-0.4239,0.3129,0.8500,-96.550,-343.055,0.664,-,-,-,0000020E2E585600,0,1,1,0,-
645,18405.888,0.0000,impact,ragdoll,Proventus Avenicci,0001A67D,NPC L Thigh [LThg],1,209.140,209.140,210.574,410.428,2.097,6.0000,20.487,-531.683,1172.391,-126.998,-0.0773,0.4895,0.8686,44.164,-327.530,-243.361,-,Skin,shape,0000020E2E517100,17,1,1,0,-
646,18405.888,0.0000,impact,ragdoll,Proventus Avenicci,0001A67D,NPC R Hand [RHnd],17,209.140,209.140,210.574,356.383,12.719,4.0000,8.334,-531.683,1172.391,-126.998,-0.0773,0.4895,0.8686,-96.550,-343.055,0.664,-,Skin,shape,0000020E2E585C00,1,1,1,0,-
647,18405.890,0.0000,impact,ragdoll,Proventus Avenicci,0001A67D,NPC Spine [Spn0],3,202.570,202.570,54.415,361.092,7.272,4.0000,17.297,-533.288,1169.666,-126.809,-0.4118,-0.0782,0.9079,72.010,-332.817,-120.146,-,Skin,shape,0000020E2E517100,17,1,1,0,-
648,18405.890,0.0000,impact,ragdoll,Proventus Avenicci,0001A67D,NPC R Hand [RHnd],17,202.570,202.570,54.415,356.383,12.719,4.0000,8.334,-533.288,1169.666,-126.809,-0.4118,-0.0782,0.9079,-96.550,-343.055,0.664,-,Skin,shape,0000020E2E584700,3,1,1,0,-
649,18406.461,0.0000,impact,ragdoll,Proventus Avenicci,0001A67D,NPC R Forearm [RLar],15,30.474,30.474,192.531,461.292,12.777,6.0000,11.658,-538.503,1165.583,-123.108,0.0627,-0.0323,-0.9975,81.109,-453.991,-10.216,-,Skin,shape,0000020E2E584700,3,0,1,0,-
650,18406.461,0.0000,impact,ragdoll,Proventus Avenicci,0001A67D,NPC Spine [Spn0],3,30.474,30.474,192.531,272.705,4.671,4.0000,17.297,-538.503,1165.583,-123.108,0.0627,-0.0323,-0.9975,10.565,-271.140,-27.192,-,Skin,shape,0000020E2E517400,15,0,1,0,-
651,18406.468,0.0000,impact,ragdoll,Proventus Avenicci,0001A67D,NPC R Hand [RHnd],17,166.727,166.727,141.107,594.199,20.652,4.0000,8.334,-536.301,1160.122,-122.526,0.4744,0.4518,-0.7555,98.496,-585.978,-0.012,-,Skin,shape,0000020E2E584400,6,1,1,0,-
652,18406.468,0.0000,impact,ragdoll,Proventus Avenicci,0001A67D,NPC Spine1 [Spn1],6,166.727,166.727,141.107,282.019,6.670,4.0000,18.878,-536.301,1160.122,-122.526,0.4744,0.4518,-0.7555,18.120,-275.073,-59.506,-,Skin,shape,0000020E2E517100,17,1,1,0,-
653,18426.685,0.0000,impact,ragdoll,Proventus Avenicci,0001A67D,NPC L Thigh [LThg],1,70.021,70.021,74.186,379.727,8.097,6.0000,20.487,-536.050,1164.148,-128.684,0.2891,0.5915,0.7527,-3.171,-345.551,-157.406,-,Skin,shape,0000020E2E517400,15,1,1,0,-
654,18426.686,0.0000,impact,ragdoll,Proventus Avenicci,0001A67D,NPC R Forearm [RLar],15,70.021,70.021,74.186,398.471,14.425,6.0000,11.658,-536.050,1164.148,-128.684,0.2891,0.5915,0.7527,84.365,-389.377,-6.901,-,Skin,shape,0000020E2E585C00,1,1,1,0,-
655,18426.689,0.0000,impact,ragdoll,Proventus Avenicci,0001A67D,NPC L Thigh [LThg],1,234.449,234.449,403.889,379.727,8.097,6.0000,20.487,-518.684,1187.112,-135.650,-0.0000,-0.0000,1.0000,-3.171,-345.551,-157.406,Static,Wood,shape,0000020D52E22200,-,1,1,0,-
656,18426.694,0.0000,impact,ragdoll,Proventus Avenicci,0001A67D,NPC L Calf [LClf],5,261.741,261.741,401.214,406.819,9.290,6.0000,19.675,-515.426,1190.158,-135.650,0.0000,-0.0000,1.0000,44.641,-313.206,-255.756,Static,Wood,shape,0000020D52E22200,-,1,1,0,-
657,18480.487,0.0000,impact,ragdoll,Proventus Avenicci,0001A67D,NPC L Thigh [LThg],1,44.648,44.648,239.841,287.164,7.979,6.0000,20.487,-528.915,1151.640,-135.658,-0.0000,-0.1045,0.9945,5.132,-285.565,-29.827,Static,WoodStairs,shape,0000020D52E22200,-,0,1,0,-
658,18480.492,0.0000,impact,ragdoll,Proventus Avenicci,0001A67D,NPC L Forearm [LLar],14,25.789,25.789,55.292,289.379,4.227,2.0000,11.658,-529.358,1117.762,-120.899,0.9979,-0.0032,-0.0639,17.349,-287.582,-27.116,-,Skin,shape,0000020E2E584100,9,1,1,0,-
659,18480.493,0.0000,impact,ragdoll,Proventus Avenicci,0001A67D,NPC Spine2 [Spn2],9,25.789,25.789,55.292,347.794,3.789,7.0000,23.052,-529.358,1117.762,-120.899,0.9979,-0.0032,-0.0639,36.990,-337.099,-77.176,-,Skin,shape,0000020E2E516B00,14,1,1,0,-
660,18499.911,0.0000,impact,ragdoll,Proventus Avenicci,0001A67D,NPC R UpperArm [RUar],12,41.096,41.096,400.918,389.819,2.759,2.0000,14.463,-554.876,1119.657,-143.565,-0.0000,-0.1793,0.9838,45.993,-370.186,-113.162,Static,WoodStairs,shape,0000020D52E22200,-,1,1,0,-
661,18500.391,0.0000,impact,ragdoll,Proventus Avenicci,0001A67D,NPC R UpperArm [RUar],12,19.988,19.988,391.019,380.110,3.111,2.0000,14.463,-552.266,1119.665,-143.563,0.0000,-0.1580,0.9874,33.001,-370.946,-76.118,Static,WoodStairs,shape,0000020D52E22200,-,0,1,0,-
662,18518.133,0.0000,impact,ragdoll,Proventus Avenicci,0001A67D,NPC R Hand [RHnd],17,195.152,195.152,343.987,388.945,6.527,4.0000,8.334,-530.239,1131.279,-143.559,-0.0000,0.0000,1.0000,12.157,-336.248,-195.108,Static,WoodStairs,shape,0000020D52E22200,-,1,1,0,-
663,18536.336,0.0000,impact,ragdoll,Proventus Avenicci,0001A67D,NPC R Forearm [RLar],15,61.463,61.463,344.233,348.396,10.214,6.0000,11.658,-544.079,1119.750,-143.560,-0.0000,-0.1045,0.9945,31.656,-341.120,-63.366,Static,WoodStairs,shape,0000020D52E22200,-,1,0,0,-
664,18536.835,0.0000,impact,ragdoll,Proventus Avenicci,0001A67D,NPC R Thigh [RThg],2,68.712,68.712,150.280,369.184,2.591,6.0000,20.487,-538.337,1125.641,-137.194,-0.4995,0.6695,0.5498,18.866,-342.993,-135.265,-,Skin,shape,0000020E2E517400,15,1,1,0,-
665,18536.835,0.0000,impact,ragdoll,Proventus Avenicci,0001A67D,NPC R Forearm [RLar],15,68.712,68.712,150.280,353.511,5.732,6.0000,11.658,-538.337,1125.641,-137.194,-0.4995,0.6695,0.5498,41.353,-350.483,-20.538,-,Skin,shape,0000020E2E585000,2,1,1,0,-
666,18554.830,0.0000,impact,ragdoll,Proventus Avenicci,0001A67D,NPC R Forearm [RLar],15,10.645,10.645,361.406,350.161,6.112,6.0000,11.658,-535.977,1119.718,-143.559,-0.0000,-0.0062,1.0000,59.923,-342.330,-42.806,Static,WoodStairs,shape,0000020D52E22200,-,0,1,0,-
667,18573.766,0.0000,impact,ragdoll,Proventus Avenicci,0001A67D,NPC L Hand [LHnd],16,52.905,52.905,116.761,326.130,4.018,4.0000,8.334,-524.531,1111.592,-138.979,0.6735,-0.7346,0.0818,47.503,-302.290,-112.805,-,Skin,shape,0000020E2E517100,17,1,1,0,-
668,18573.767,0.0000,impact,ragdoll,Proventus Avenicci,0001A67D,NPC R Hand [RHnd],17,52.905,52.905,116.761,372.407,15.671,4.0000,8.334,-524.531,1111.592,-138.979,0.6735,-0.7346,0.0818,66.576,-354.527,-92.552,-,Skin,shape,0000020E2E516800,16,1,1,0,-
669,18593.527,0.0000,impact,ragdoll,Proventus Avenicci,0001A67D,NPC R Thigh [RThg],2,12.464,12.464,350.429,352.563,3.503,6.0000,20.487,-544.861,1119.635,-143.569,0.0000,-0.2414,0.9704,10.661,-331.558,-119.402,Static,WoodStairs,shape,0000020D52E22200,-,1,1,0,-
670,18611.806,0.0000,impact,ragdoll,Proventus Avenicci,0001A67D,NPC R Thigh [RThg],2,36.196,36.196,360.928,353.752,3.562,6.0000,20.487,-548.128,1119.647,-143.567,-0.0000,-0.2078,0.9782,15.582,-332.217,-120.538,Static,WoodStairs,shape,0000020D52E22200,-,0,1,0,-
671,18633.763,0.0000,impact,ragdoll,Proventus Avenicci,0001A67D,NPC R Thigh [RThg],2,96.935,96.935,362.302,355.826,2.708,6.0000,20.487,-558.867,1119.675,-143.562,0.0000,-0.1278,0.9918,20.293,-334.223,-120.395,Static,WoodStairs,shape,0000020D52E22200,-,1,0,0,-
672,18633.770,0.0000,impact,ragdoll,Proventus Avenicci,0001A67D,NPC R Hand [RHnd],17,197.540,197.540,364.130,378.926,16.291,4.0000,8.334,-523.207,1095.270,-157.557,-0.0000,-0.0000,1.0000,49.311,-319.581,-197.538,Static,WoodStairs,shape,0000020D52E22200,-,1,1,0,-
673,18650.725,0.0000,impact,ragdoll,Proventus Avenicci,0001A67D,NPC Spine [Spn0],3,71.692,71.692,41.656,327.410,1.272,4.0000,17.297,-524.747,1092.425,-146.286,-0.4457,-0.0137,0.8951,38.912,-310.727,-95.561,-,Skin,shape,0000020E2E517100,17,1,1,0,-
674,18650.725,0.0000,impact,ragdoll,Proventus Avenicci,0001A67D,NPC R Hand [RHnd],17,71.692,71.692,41.656,302.526,13.331,4.0000,8.334,-524.747,1092.425,-146.286,-0.4457,-0.0137,0.8951,74.702,-293.133,3.844,-,Skin,shape,0000020E2E584700,3,1,1,0,-
675,18687.800,0.0000,impact,ragdoll,Proventus Avenicci,0001A67D,NPC L Hand [LHnd],16,10.005,10.005,95.873,348.517,2.635,4.0000,8.334,-517.076,1076.416,-151.296,0.5461,-0.8364,0.0471,44.292,-325.952,-115.143,-,Skin,shape,0000020E2E517100,17,1,1,0,-
676,18687.800,0.0000,impact,ragdoll,Proventus Avenicci,0001A67D,NPC R Hand [RHnd],17,10.005,10.005,95.873,330.230,9.741,4.0000,8.334,-517.076,1076.416,-151.296,0.5461,-0.8364,0.0471,60.892,-322.659,-35.142,-,Skin,shape,0000020E2E516800,16,1,1,0,-
677,18706.405,0.0000,impact,ragdoll,Proventus Avenicci,0001A67D,NPC R Hand [RHnd],17,46.369,46.369,76.352,337.836,10.696,4.0000,8.334,-524.623,1068.874,-143.957,0.5156,0.4658,-0.7192,56.551,-328.662,-54.005,-,Skin,shape,0000020E2E584400,6,1,1,0,-
678,18706.406,0.0000,impact,ragdoll,Proventus Avenicci,0001A67D,NPC Spine1 [Spn1],6,46.369,46.369,76.352,353.125,1.379,4.0000,18.878,-524.623,1068.874,-143.957,0.5156,0.4658,-0.7192,46.416,-326.444,-126.399,-,Skin,shape,0000020E2E517100,17,1,1,0,-
679,18799.623,0.0000,impact,ragdoll,Proventus Avenicci,0001A67D,NPC L Hand [LHnd],16,37.505,37.505,62.327,355.184,1.712,4.0000,8.334,-515.215,1035.511,-168.804,0.7390,-0.6726,0.0377,25.088,-307.397,-176.163,-,Skin,shape,0000020E2E517400,15,1,1,0,-
680,18799.625,0.0000,impact,ragdoll,Proventus Avenicci,0001A67D,NPC R Forearm [RLar],15,37.505,37.505,62.327,373.515,0.603,6.0000,11.658,-515.215,1035.511,-168.804,0.7390,-0.6726,0.0377,80.487,-304.947,-200.107,-,Skin,shape,0000020E2E516800,16,1,1,0,-
681,18834.367,0.0000,impact,ragdoll,Proventus Avenicci,0001A67D,NPC L Hand [LHnd],16,15.096,15.096,56.471,370.680,2.429,4.0000,8.334,-513.843,1026.414,-174.512,0.7405,-0.6672,0.0808,36.114,-310.920,-198.566,-,Skin,shape,0000020E2E517400,15,0,1,0,-
682,18834.367,0.0000,impact,ragdoll,Proventus Avenicci,0001A67D,NPC R Forearm [RLar],15,15.096,15.096,56.471,374.330,1.044,6.0000,11.658,-513.843,1026.414,-174.512,0.7405,-0.6672,0.0808,71.429,-297.339,-215.893,-,Skin,shape,0000020E2E516800,16,0,1,0,-
683,18852.605,0.0000,impact,ragdoll,Proventus Avenicci,0001A67D,NPC R UpperArm [RUar],12,242.762,245.086,303.756,388.538,1.059,2.0000,14.463,-525.427,994.926,-191.650,-0.0000,0.0000,1.0000,75.246,-294.808,-241.636,Static,Wood,shape,0000020E27FEAB00,-,0,0,0,-
684,18869.973,0.0000,impact,ragdoll,Proventus Avenicci,0001A67D,NPC R Hand [RHnd],17,197.228,197.228,341.271,387.221,2.226,4.0000,8.334,-506.295,1023.992,-185.557,0.0000,-0.1425,0.9898,73.287,-293.593,-241.604,Static,WoodStairs,shape,0000020D52E22200,-,1,0,0,-
685,18869.975,0.0000,impact,ragdoll,Proventus Avenicci,0001A67D,NPC R Hand [RHnd],17,197.228,197.228,341.271,387.221,2.226,4.0000,8.334,-506.295,1023.992,-185.557,0.0000,-0.1425,0.9898,73.287,-293.593,-241.604,Static,WoodStairs,shape,0000020D52E22200,-,0,1,0,-
686,18870.062,0.0000,impact,ragdoll,Proventus Avenicci,0001A67D,NPC R UpperArm [RUar],12,147.282,37.681,371.966,336.998,8.945,2.0000,14.463,-524.964,992.729,-191.650,0.0000,0.0000,1.0000,54.924,-325.979,-65.486,Static,Wood,shape,0000020E27FEAB00,-,0,0,0,-
687,18870.593,0.0000,impact,ragdoll,Proventus Avenicci,0001A67D,NPC R UpperArm [RUar],12,32.737,32.737,458.400,176.350,3.675,2.0000,14.463,-508.862,1004.393,-183.639,-0.9959,-0.0902,0.0061,29.837,1.156,173.804,-,Skin,shape,0000020E2E516800,16,1,1,0,-
688,18870.593,0.0000,impact,ragdoll,Proventus Avenicci,0001A67D,NPC L Hand [LHnd],16,32.737,32.737,458.400,385.714,1.266,4.0000,8.334,-508.862,1004.393,-183.639,-0.9959,-0.0902,0.0061,31.495,-302.044,-237.808,-,Skin,shape,0000020E2E517700,12,1,1,0,-
689,18887.307,0.0000,impact,ragdoll,Proventus Avenicci,0001A67D,NPC COM [COM ],0,172.355,172.355,231.049,375.267,3.564,50.0000,17.687,-514.262,1016.252,-181.881,-0.6181,0.5515,0.5601,31.363,-304.213,-217.476,-,Skin,shape,0000020E2E517400,15,1,1,0,-
690,18887.308,0.0000,impact,ragdoll,Proventus Avenicci,0001A67D,NPC R Forearm [RLar],15,172.355,172.355,231.049,285.133,13.470,6.0000,11.658,-514.262,1016.252,-181.881,-0.6181,0.5515,0.5601,29.321,-279.437,48.543,-,-,-,0000020E2E585600,0,1,1,0,-
691,18887.310,0.0000,impact,ragdoll,Proventus Avenicci,0001A67D,NPC Spine [Spn0],3,40.821,40.821,218.390,314.877,6.116,4.0000,17.297,-509.109,1017.881,-179.551,-0.8447,-0.0479,0.5331,46.691,-281.047,-134.089,-,Skin,shape,0000020E2E517100,17,1,1,0,-
692,18887.310,0.0000,impact,ragdoll,Proventus Avenicci,0001A67D,NPC R Hand [RHnd],17,40.821,40.821,218.390,272.813,18.101,4.0000,8.334,-509.109,1017.881,-179.551,-0.8447,-0.0479,0.5331,70.834,-261.830,-29.234,-,Skin,shape,0000020E2E584700,3,1,1,0,-
693,18887.404,0.0000,impact,ragdoll,Proventus Avenicci,0001A67D,NPC L Hand [LHnd],16,244.178,244.562,313.612,398.805,3.002,4.0000,8.334,-503.574,999.917,-191.650,0.0000,-0.0000,1.0000,38.398,-312.449,-244.841,Static,Wood,shape,0000020E27FEAB00,-,0,0,0,-
694,18887.846,0.0000,impact,ragdoll,Proventus Avenicci,0001A67D,NPC COM [COM ],0,73.147,73.147,418.911,349.119,8.155,50.0000,17.687,-528.765,1023.929,-185.573,-0.0000,-0.3238,0.9461,24.653,-295.704,-183.943,Static,WoodStairs,shape,0000020D52E22200,-,1,0,0,-
695,18887.847,0.0000,impact,ragdoll,Proventus Avenicci,0001A67D,NPC COM [COM ],0,73.146,73.146,418.911,349.119,8.155,50.0000,17.687,-528.765,1023.929,-185.573,-0.0000,-0.3238,0.9461,24.653,-295.704,-183.943,Static,WoodStairs,shape,0000020D52E22200,-,0,1,0,-
696,18887.848,0.0000,impact,ragdoll,Proventus Avenicci,0001A67D,NPC R Thigh [RThg],2,97.604,97.604,392.748,386.094,4.649,6.0000,20.487,-534.396,1023.954,-185.565,0.0000,-0.2504,0.9681,21.681,-318.967,-216.467,Static,WoodStairs,shape,0000020D52E22200,-,1,0,0,-
697,18887.848,0.0000,impact,ragdoll,Proventus Avenicci,0001A67D,NPC R Thigh [RThg],2,97.604,97.604,392.748,386.094,4.649,6.0000,20.487,-534.396,1023.954,-185.565,0.0000,-0.2504,0.9681,21.681,-318.967,-216.467,Static,WoodStairs,shape,0000020D52E22200,-,0,1,0,-
698,18887.855,0.0000,impact,ragdoll,Proventus Avenicci,0001A67D,NPC L Hand [LHnd],16,174.423,174.423,619.871,274.705,38.684,4.0000,8.334,-503.992,1010.623,-184.187,0.0462,-0.9629,-0.2658,31.569,-222.505,157.979,-,Skin,shape,0000020E2E517100,17,1,1,0,-
699,18887.855,0.0000,impact,ragdoll,Proventus Avenicci,0001A67D,NPC R Hand [RHnd],17,174.423,174.423,619.871,359.097,12.558,4.0000,8.334,-503.992,1010.623,-184.187,0.0462,-0.9629,-0.2658,101.744,-326.042,-110.884,-,Skin,shape,0000020E2E516800,16,1,1,0,-
700,18887.908,0.0000,impact,ragdoll,Proventus Avenicci,0001A67D,NPC L Hand [LHnd],16,61.103,80.218,277.674,297.698,31.076,4.0000,8.334,-503.272,997.333,-191.650,0.0000,-0.0000,1.0000,33.604,-283.623,-83.983,Static,Wood,shape,0000020E27FEAB00,-,0,0,0,-
701,18904.815,0.0000,impact,ragdoll,Proventus Avenicci,0001A67D,NPC R Forearm [RLar],15,56.152,56.152,268.499,259.024,5.989,6.0000,11.658,-509.903,1009.435,-191.650,0.0000,-0.0000,1.0000,26.128,-256.806,-21.479,Static,Wood,shape,0000020E27FEAB00,-,0,1,0,-
702,18905.242,0.0000,impact,ragdoll,Proventus Avenicci,0001A67D,NPC R Thigh [RThg],2,57.653,57.653,326.989,276.660,11.778,6.0000,20.487,-533.923,1017.209,-191.650,0.0000,0.0000,1.0000,-15.491,-238.943,-138.590,Static,Wood,shape,0000020E27FEAB00,-,1,1,0,-
703,18905.243,0.0000,impact,ragdoll,Proventus Avenicci,0001A67D,NPC L Calf [LClf],5,129.209,129.209,260.033,309.641,6.100,6.0000,19.675,-509.149,1055.726,-171.661,0.0001,-0.6618,0.7497,-7.769,-174.945,-255.365,Static,WoodStairs,shape,0000020D52E22200,-,1,0,0,-
704,18905.244,0.0000,impact,ragdoll,Proventus Avenicci,0001A67D,NPC L Calf [LClf],5,129.209,129.209,260.033,309.641,6.100,6.0000,19.675,-509.149,1055.726,-171.661,0.0001,-0.6618,0.7497,-7.769,-174.945,-255.365,Static,WoodStairs,shape,0000020D52E22200,-,0,1,0,-
705,18905.248,0.0000,impact,ragdoll,Proventus Avenicci,0001A67D,NPC R Hand [RHnd],17,87.890,87.890,315.972,263.955,23.059,4.0000,8.334,-503.434,1010.670,-191.650,0.0000,-0.0000,1.0000,39.351,-245.829,-87.702,Static,Wood,shape,0000020E27FEAB00,-,1,1,0,-
706,18926.487,0.0000,impact,ragdoll,Proventus Avenicci,0001A67D,NPC R Calf [RClf],4,190.823,190.823,389.122,334.547,11.877,6.0000,19.675,-558.093,1027.797,-185.554,-0.0000,-0.0000,1.0000,-21.671,-289.464,-166.321,Static,WoodStairs,shape,0000020D52E22200,-,1,1,0,-
707,18926.904,0.0000,impact,ragdoll,Proventus Avenicci,0001A67D,NPC L Thigh [LThg],1,25.384,25.384,169.313,144.441,4.218,6.0000,20.487,-516.767,1024.000,-185.556,0.0000,-0.1199,0.9928,41.526,-118.982,-70.583,Static,WoodStairs,shape,0000020D52E22200,-,1,0,0,-
708,18926.904,0.0000,impact,ragdoll,Proventus Avenicci,0001A67D,NPC L Thigh [LThg],1,25.384,25.384,169.313,144.441,4.218,6.0000,20.487,-516.767,1024.000,-185.556,0.0000,-0.1199,0.9928,41.526,-118.982,-70.583,Static,WoodStairs,shape,0000020D52E22200,-,0,1,0,-
709,18926.906,0.0000,impact,ragdoll,Proventus Avenicci,0001A67D,NPC Spine [Spn0],3,48.089,48.089,52.010,206.895,6.630,4.0000,17.297,-507.387,1006.705,-182.225,-0.8194,0.0311,0.5724,46.974,-199.308,29.584,-,Skin,shape,0000020E2E517100,17,1,1,0,-
710,18926.906,0.0000,impact,ragdoll,Proventus Avenicci,0001A67D,NPC R Hand [RHnd],17,48.089,48.089,52.010,223.683,15.376,4.0000,8.334,-507.387,1006.705,-182.225,-0.8194,0.0311,0.5724,-29.140,-221.241,-15.407,-,Skin,shape,0000020E2E584700,3,1,1,0,-
711,18926.910,0.0000,impact,ragdoll,Proventus Avenicci,0001A67D,NPC R Forearm [RLar],15,34.585,34.585,232.952,241.581,9.654,6.0000,11.658,-509.616,1002.956,-191.650,0.0000,0.0000,1.0000,5.437,-241.515,1.471,Static,Wood,shape,0000020E27FEAB00,-,0,1,0,-
712,18926.912,0.0000,impact,ragdoll,Proventus Avenicci,0001A67D,NPC R Hand [RHnd],17,14.978,14.978,147.020,223.683,15.376,4.0000,8.334,-503.414,1006.563,-191.650,0.0000,0.0000,1.0000,-29.140,-221.241,-15.407,Static,Wood,shape,0000020E27FEAB00,-,1,0,0,-
713,18926.912,0.0000,impact,ragdoll,Proventus Avenicci,0001A67D,NPC R Hand [RHnd],17,15.543,15.543,146.949,223.683,15.376,4.0000,8.334,-503.420,1006.515,-191.650,0.0000,0.0000,1.0000,-29.140,-221.241,-15.407,Static,Wood,shape,0000020E27FEAB00,-,0,1,0,-
714,18961.345,0.0000,impact,ragdoll,Proventus Avenicci,0001A67D,NPC L Foot [Lft ],7,107.696,107.696,159.424,227.102,8.972,3.0000,10.011,-498.542,1064.056,-171.557,0.0001,-0.0022,1.0000,55.005,-185.200,-119.376,Static,WoodStairs,shape,0000020D52E22200,-,1,1,0,-
715,18961.767,0.0000,impact,ragdoll,Proventus Avenicci,0001A67D,NPC L Thigh [LThg],1,164.347,164.347,220.583,203.068,5.523,6.0000,20.487,-512.326,1034.880,-185.554,-0.0000,-0.0000,1.0000,11.212,-173.568,-104.810,Static,WoodStairs,shape,0000020D52E22200,-,0,1,0,-
716,18997.212,0.0000,impact,ragdoll,Proventus Avenicci,0001A67D,NPC L Calf [LClf],5,14.279,14.279,207.580,203.213,3.581,6.0000,19.675,-510.695,1033.035,-185.554,-0.0000,0.0000,1.0000,22.530,-200.339,-25.539,Static,WoodStairs,shape,0000020D52E22200,-,0,1,0,-
717,18997.219,0.0000,impact,ragdoll,Proventus Avenicci,0001A67D,NPC R Hand [RHnd],17,40.968,40.968,23.909,239.212,3.855,4.0000,8.334,-509.967,986.526,-178.100,0.5413,0.3979,-0.7407,20.318,-238.348,0.008,-,Skin,shape,0000020E2E584400,6,1,1,0,-
718,18997.219,0.0000,impact,ragdoll,Proventus Avenicci,0001A67D,NPC Spine1 [Spn1],6,40.968,40.968,23.909,217.011,2.603,4.0000,18.878,-509.967,986.526,-178.100,0.5413,0.3979,-0.7407,56.614,-209.300,-9.052,-,Skin,shape,0000020E2E517100,17,1,1,0,-
719,19014.173,0.0000,impact,ragdoll,Proventus Avenicci,0001A67D,NPC R Thigh [RThg],2,75.761,75.761,255.596,226.551,3.024,6.0000,20.487,-551.716,1002.715,-191.650,0.0000,0.0000,1.0000,30.300,-217.903,-54.085,Static,Wood,shape,0000020E27FEAB00,-,1,1,0,-
720,19051.080,0.0000,impact,ragdoll,Proventus Avenicci,0001A67D,NPC COM [COM ],0,47.818,47.818,219.026,216.969,0.779,50.0000,17.687,-522.894,986.824,-191.650,-0.0000,-0.0000,1.0000,33.773,-208.865,-48.064,Static,Wood,shape,0000020E27FEAB00,-,1,1,0,-
721,19088.002,0.0000,impact,ragdoll,Proventus Avenicci,0001A67D,NPC R Forearm [RLar],15,43.053,43.053,273.459,265.049,4.803,6.0000,11.658,-508.895,959.644,-191.659,-0.0000,-0.1045,0.9945,92.571,-240.674,-61.300,Static,WoodStairs,shape,0000020E27FEAB00,-,0,1,0,-
722,19088.460,0.0000,impact,ragdoll,Proventus Avenicci,0001A67D,NPC Spine [Spn0],3,44.342,44.342,85.264,175.952,7.366,4.0000,17.297,-519.200,972.774,-191.650,-0.0000,-0.0000,1.0000,27.173,-169.089,-40.372,Static,Wood,shape,0000020E27FEAB00,-,1,1,0,-
723,19124.725,0.0000,impact,ragdoll,Proventus Avenicci,0001A67D,NPC R Foot [Rft ],8,182.098,182.098,161.704,266.362,4.230,3.0000,10.011,-588.885,987.396,-191.650,0.0000,-0.0000,1.0000,-11.710,-191.553,-184.714,Static,Wood,shape,0000020E27FEAB00,-,1,1,0,-
724,19125.204,0.0000,impact,ragdoll,Proventus Avenicci,0001A67D,NPC L Thigh [LThg],1,72.115,72.115,234.417,214.228,2.523,6.0000,20.487,-509.847,1003.198,-191.650,-0.0000,-0.0000,1.0000,20.014,-208.407,-45.384,Static,Wood,shape,0000020E27FEAB00,-,1,1,0,-
725,19125.211,0.0000,impact,ragdoll,Proventus Avenicci,0001A67D,NPC L Calf [LClf],5,83.433,83.433,236.099,227.914,3.465,6.0000,19.675,-508.944,1008.305,-191.650,-0.0000,-0.0000,1.0000,12.870,-207.567,-93.248,Static,Wood,shape,0000020E27FEAB00,-,1,1,0,-
726,19161.562,0.0000,impact,ragdoll,Proventus Avenicci,0001A67D,NPC R UpperArm [RUar],12,46.258,46.258,76.547,223.507,3.007,2.0000,14.463,-492.670,933.283,-184.063,-0.9770,0.1920,-0.0932,105.613,-184.321,-69.477,-,Skin,shape,0000020E2E516800,16,1,1,0,-
727,19161.563,0.0000,impact,ragdoll,Proventus Avenicci,0001A67D,NPC L Hand [LHnd],16,46.258,46.258,76.547,212.658,2.254,4.0000,8.334,-492.670,933.283,-184.063,-0.9770,0.1920,-0.0932,42.987,-206.856,24.209,-,Skin,shape,0000020E2E517700,12,1,1,0,-
728,19161.964,0.0000,impact,ragdoll,Proventus Avenicci,0001A67D,NPC Spine [Spn0],3,41.516,41.516,194.399,206.198,2.707,4.0000,17.297,-516.960,959.550,-191.650,0.0000,-0.0456,0.9990,36.318,-198.228,-43.640,Static,Wood,shape,0000020E27FEAB00,-,1,1,0,-
729,19161.965,0.0000,impact,ragdoll,Proventus Avenicci,0001A67D,NPC L Calf [LClf],5,27.688,27.688,211.671,195.643,1.803,6.0000,19.675,-506.667,1006.767,-191.720,0.0000,0.0000,1.0000,50.306,-185.546,-36.308,Static,Wood,shape,0000020E27FEAB00,-,0,1,0,-
730,19215.590,0.0000,impact,ragdoll,Proventus Avenicci,0001A67D,NPC Spine2 [Spn2],9,42.396,42.396,46.002,240.583,1.742,7.0000,23.052,-489.378,922.694,-181.254,-0.8300,0.2705,0.4878,47.905,-211.022,-105.144,-,Skin,shape,0000020E2E516800,16,1,1,0,-
731,19215.591,0.0000,impact,ragdoll,Proventus Avenicci,0001A67D,NPC L Hand [LHnd],16,42.396,42.396,46.002,205.172,1.376,4.0000,8.334,-489.378,922.694,-181.254,-0.8300,0.2705,0.4878,40.763,-198.970,-29.070,-,Skin,shape,0000020E2E584100,9,1,1,0,-
732,19251.163,0.0000,impact,ragdoll,Proventus Avenicci,0001A67D,NPC R Forearm [RLar],15,72.942,72.942,161.609,198.402,5.652,6.0000,11.658,-496.314,927.748,-199.560,-0.0000,-0.1045,0.9945,43.089,-167.048,-97.988,Static,WoodStairs,shape,0000020E27FEAB00,-,1,1,0,-
733,19268.278,0.0000,impact,ragdoll,Proventus Avenicci,0001A67D,NPC L Foot [Lft ],7,81.961,81.961,222.228,218.970,4.202,3.0000,10.011,-491.373,1006.563,-191.650,0.0000,-0.0000,1.0000,3.495,-203.575,-80.580,Static,Wood,shape,0000020E27FEAB00,-,1,1,0,-
734,19268.284,0.0000,impact,ragdoll,Proventus Avenicci,0001A67D,NPC R Forearm [RLar],15,70.070,70.070,238.906,210.078,7.786,6.0000,11.658,-487.800,932.799,-199.559,0.0000,0.0000,1.0000,43.204,-202.188,-37.233,Static,WoodStairs,shape,0000020E27FEAB00,-,0,1,0,-
735,19268.285,0.0000,impact,ragdoll,Proventus Avenicci,0001A67D,NPC R Hand [RHnd],17,128.053,128.053,271.960,277.190,10.512,4.0000,8.334,-481.257,935.597,-199.559,0.0000,0.0000,1.0000,73.738,-234.471,-128.141,Static,WoodStairs,shape,0000020E27FEAB00,-,1,1,0,-
736,19287.141,0.0000,impact,ragdoll,Proventus Avenicci,0001A67D,NPC R UpperArm [RUar],12,44.113,44.113,37.311,200.858,5.221,2.0000,14.463,-486.889,906.740,-192.508,-0.8688,0.2340,-0.4363,52.252,-167.753,-97.327,-,Skin,shape,0000020E2E516800,16,1,1,0,-
737,19287.141,0.0000,impact,ragdoll,Proventus Avenicci,0001A67D,NPC L Hand [LHnd],16,44.113,44.113,37.311,231.986,2.747,4.0000,8.334,-486.889,906.740,-192.508,-0.8688,0.2340,-0.4363,4.795,-199.012,-119.117,-,Skin,shape,0000020E2E517700,12,1,1,0,-
738,19341.784,0.0000,impact,ragdoll,Proventus Avenicci,0001A67D,NPC R Thigh [RThg],2,85.722,85.722,182.562,231.102,2.795,6.0000,20.487,-543.767,939.226,-199.559,-0.0000,-0.0000,1.0000,44.637,-208.261,-89.682,Static,WoodStairs,shape,0000020E27FEAB00,-,1,1,0,-
739,19342.268,0.0000,impact,ragdoll,Proventus Avenicci,0001A67D,NPC COM [COM ],0,95.715,95.715,204.033,245.541,2.816,50.0000,17.687,-516.166,929.785,-199.559,0.0000,-0.0000,1.0000,35.091,-225.428,-90.781,Static,WoodStairs,shape,0000020E27FEAB00,-,1,1,0,-
740,19361.316,0.0000,impact,ragdoll,Proventus Avenicci,0001A67D,NPC R Calf [RClf],4,15.559,15.559,127.045,214.263,6.766,6.0000,19.675,-548.093,937.291,-199.559,0.0000,-0.0000,1.0000,1.904,-213.006,-23.090,Static,WoodStairs,shape,0000020E27FEAB00,-,1,1,0,-
741,19361.323,0.0000,impact,ragdoll,Proventus Avenicci,0001A67D,NPC R UpperArm [RUar],12,49.266,49.266,235.500,251.614,2.412,2.0000,14.463,-494.979,895.730,-213.588,-0.0000,-0.4110,0.9116,46.101,-208.256,-133.468,Static,WoodStairs,shape,0000020E27FEAB00,-,1,0,0,-
742,19361.323,0.0000,impact,ragdoll,Proventus Avenicci,0001A67D,NPC R UpperArm [RUar],12,49.266,49.266,235.500,251.614,2.412,2.0000,14.463,-494.979,895.730,-213.588,-0.0000,-0.4110,0.9116,46.101,-208.256,-133.468,Static,WoodStairs,shape,0000020E27FEAB00,-,0,1,0,-
743,19361.828,0.0000,impact,ragdoll,Proventus Avenicci,0001A67D,NPC L Hand [LHnd],16,18.050,18.050,10.994,256.935,2.492,4.0000,8.334,-488.883,881.437,-198.618,0.5858,0.8061,-0.0838,8.324,-214.123,-141.767,-,Skin,shape,0000020E2E517A00,13,1,1,0,-
744,19361.828,0.0000,impact,ragdoll,Proventus Avenicci,0001A67D,NPC Head [Head],13,18.050,18.050,10.994,288.504,4.174,4.0000,15.108,-488.883,881.437,-198.618,0.5858,0.8061,-0.0838,27.634,-212.048,-193.666,-,Skin,shape,0000020E2E516800,16,1,1,0,-
745,19429.696,0.0000,impact,ragdoll,Proventus Avenicci,0001A67D,NPC R Forearm [RLar],15,99.246,99.246,220.182,259.948,3.346,6.0000,11.658,-492.182,895.842,-213.559,-0.0000,-0.1045,0.9945,7.589,-225.194,-129.626,Static,WoodStairs,shape,0000020E27FEAB00,-,1,1,0,-
746,19430.232,0.0000,impact,ragdoll,Proventus Avenicci,0001A67D,NPC R Forearm [RLar],15,72.738,72.738,218.486,263.058,9.306,6.0000,11.658,-481.940,897.478,-213.557,0.0000,-0.0000,1.0000,39.589,-256.171,-44.822,Static,WoodStairs,shape,0000020E27FEAB00,-,0,1,0,-
747,19430.235,0.0000,impact,ragdoll,Proventus Avenicci,0001A67D,NPC R Hand [RHnd],17,156.939,156.939,242.850,290.233,15.420,4.0000,8.334,-474.950,898.914,-213.557,-0.0000,0.0000,1.0000,31.876,-242.150,-156.787,Static,WoodStairs,shape,0000020E27FEAB00,-,1,1,0,-
748,19446.776,0.0000,impact,ragdoll,Proventus Avenicci,0001A67D,NPC R UpperArm [RUar],12,30.092,30.092,103.097,258.719,5.878,2.0000,14.463,-485.039,876.838,-205.786,-0.6328,0.5317,-0.5629,26.200,-224.374,-126.117,-,Skin,shape,0000020E2E516B00,14,1,1,0,-
749,19446.777,0.0000,impact,ragdoll,Proventus Avenicci,0001A67D,NPC L Forearm [LLar],14,30.092,30.092,103.097,280.758,3.714,2.0000,11.658,-485.039,876.838,-205.786,-0.6328,0.5317,-0.5629,-1.237,-258.154,-110.363,-,Skin,shape,0000020E2E517700,12,1,1,0,-
750,19447.660,0.0000,impact,ragdoll,Proventus Avenicci,0001A67D,NPC R UpperArm [RUar],12,130.358,130.358,183.398,247.335,4.908,2.0000,14.463,-493.521,875.170,-227.556,0.0000,-0.0000,1.0000,17.944,-216.158,-118.861,Static,WoodStairs,shape,0000020E27FEAB00,-,0,1,0,-
751,19464.612,0.0000,impact,ragdoll,Proventus Avenicci,0001A67D,NPC R UpperArm [RUar],12,22.341,22.341,89.581,144.415,5.894,2.0000,14.463,-492.979,872.342,-227.557,0.0001,-0.0022,1.0000,33.471,-140.393,-5.022,Static,WoodStairs,shape,0000020E27FEAB00,-,1,0,0,-
752,19464.613,0.0000,impact,ragdoll,Proventus Avenicci,0001A67D,NPC R UpperArm [RUar],12,19.430,19.430,89.497,144.415,5.894,2.0000,14.463,-493.016,872.932,-227.557,0.0000,0.0000,1.0000,33.471,-140.393,-5.022,Static,WoodStairs,shape,0000020E27FEAB00,-,0,1,0,-
753,19482.110,0.0000,impact,ragdoll,Proventus Avenicci,0001A67D,NPC R Forearm [RLar],15,67.859,67.859,127.870,215.202,6.554,6.0000,11.658,-496.571,885.784,-202.551,0.5792,-0.4887,-0.6524,60.961,-204.872,24.956,-,Skin,shape,0000020E2E584700,3,1,1,0,-
754,19482.111,0.0000,impact,ragdoll,Proventus Avenicci,0001A67D,NPC Spine [Spn0],3,67.859,67.859,127.870,266.518,5.657,4.0000,17.297,-496.571,885.784,-202.551,0.5792,-0.4887,-0.6524,36.210,-258.151,-55.488,-,Skin,shape,0000020E2E517400,15,1,1,0,-
755,19536.364,0.0000,impact,ragdoll,Proventus Avenicci,0001A67D,NPC R Thigh [RThg],2,90.295,90.295,299.688,289.393,3.715,6.0000,20.487,-521.321,895.808,-213.563,0.0000,-0.1874,0.9823,88.385,-240.616,-134.315,Static,WoodStairs,shape,0000020E27FEAB00,-,0,0,0,-
756,19536.365,0.0000,impact,ragdoll,Proventus Avenicci,0001A67D,NPC R Thigh [RThg],2,90.295,90.295,299.688,289.393,3.715,6.0000,20.487,-521.321,895.808,-213.563,0.0000,-0.1874,0.9823,88.385,-240.616,-134.315,Static,WoodStairs,shape,0000020E27FEAB00,-,0,1,0,-
757,19665.575,0.0000,impact,ragdoll,Proventus Avenicci,0001A67D,NPC R Thigh [RThg],2,64.083,64.083,261.593,265.804,1.537,6.0000,20.487,-505.158,863.833,-227.597,0.0001,-0.3572,0.9340,58.013,-210.983,-150.905,Static,WoodStairs,shape,0000020E27FEAB00,-,1,0,0,-
758,19665.577,0.0000,impact,ragdoll,Proventus Avenicci,0001A67D,NPC R Thigh [RThg],2,64.083,64.083,261.593,265.804,1.537,6.0000,20.487,-505.158,863.833,-227.597,0.0001,-0.3572,0.9340,58.013,-210.983,-150.905,Static,WoodStairs,shape,0000020E27FEAB00,-,0,1,0,-
759,19720.789,0.0000,impact,ragdoll,Proventus Avenicci,0001A67D,NPC R Calf [RClf],4,56.167,56.167,177.736,282.344,10.164,6.0000,19.675,-521.809,864.007,-227.575,0.0001,-0.1045,0.9945,52.531,-249.781,-120.698,Static,WoodStairs,shape,0000020E27FEAB00,-,1,0,0,-
760,19720.790,0.0000,impact,ragdoll,Proventus Avenicci,0001A67D,NPC R Calf [RClf],4,44.639,44.639,172.115,282.344,10.164,6.0000,19.675,-519.461,866.502,-227.566,0.0001,-0.0022,1.0000,52.531,-249.781,-120.698,Static,WoodStairs,shape,0000020E27FEAB00,-,0,1,0,-
761,19756.302,0.0000,impact,ragdoll,Proventus Avenicci,0001A67D,NPC R Thigh [RThg],2,150.743,150.743,241.207,290.216,0.870,6.0000,20.487,-499.699,840.495,-241.554,0.0000,-0.0000,1.0000,26.735,-244.653,-153.803,Static,WoodStairs,shape,0000020E27FEAB00,-,0,1,0,-
762,19756.701,0.0000,impact,ragdoll,Proventus Avenicci,0001A67D,NPC COM [COM ],0,122.210,122.210,223.809,274.725,1.797,50.0000,17.687,-496.823,835.642,-241.554,-0.0000,-0.0000,1.0000,41.573,-241.984,-123.245,Static,WoodStairs,shape,0000020E27FEAB00,-,1,1,0,-
763,19774.244,0.0000,impact,ragdoll,Proventus Avenicci,0001A67D,NPC Head [Head],13,198.834,198.834,256.530,321.516,2.286,4.0000,15.108,-485.519,783.514,-255.650,0.0000,-0.0000,1.0000,9.088,-251.826,-199.683,Static,Wood,shape,0000020E27FEAE00,-,1,1,0,-
764,19774.655,0.0000,impact,ragdoll,Proventus Avenicci,0001A67D,NPC R UpperArm [RUar],12,200.864,200.864,229.821,302.806,2.615,2.0000,14.463,-480.345,800.676,-255.650,0.0000,0.0000,1.0000,-5.618,-225.707,-201.783,Static,Wood,shape,0000020E27FEAE00,-,1,1,0,-
765,19791.270,0.0000,impact,ragdoll,Proventus Avenicci,0001A67D,NPC Spine2 [Spn2],9,72.691,72.691,326.798,204.231,10.656,7.0000,23.052,-493.815,798.757,-255.650,0.0000,-0.0000,1.0000,6.104,-191.182,-71.571,Static,Wood,shape,0000020E27FEAE00,-,1,1,0,-
766,19791.752,0.0000,impact,ragdoll,Proventus Avenicci,0001A67D,NPC R Forearm [RLar],15,125.137,125.137,236.625,192.047,19.014,6.0000,11.658,-487.221,813.419,-233.870,0.7417,-0.5147,-0.4301,21.735,-183.016,-53.992,-,Skin,shape,0000020E2E584700,3,1,1,0,-
767,19791.752,0.0000,impact,ragdoll,Proventus Avenicci,0001A67D,NPC Spine [Spn0],3,125.137,125.137,236.625,206.897,13.577,4.0000,17.297,-487.221,813.419,-233.870,0.7417,-0.5147,-0.4301,43.165,-194.354,-56.299,-,Skin,shape,0000020E2E517400,15,1,1,0,-
768,19809.189,0.0000,impact,ragdoll,Proventus Avenicci,0001A67D,NPC R Calf [RClf],4,26.607,26.607,359.744,313.328,5.008,6.0000,19.675,-536.211,831.904,-241.582,-0.0000,-0.3931,0.9195,16.456,-268.304,-160.986,Static,WoodStairs,shape,0000020E27FEAB00,-,1,1,0,-
769,19827.569,0.0000,impact,ragdoll,Proventus Avenicci,0001A67D,NPC R Calf [RClf],4,48.653,48.653,293.146,266.430,4.029,6.0000,19.675,-529.809,831.916,-241.577,-0.0000,-0.3594,0.9332,54.328,-220.488,-139.351,Static,WoodStairs,shape,0000020E27FEAB00,-,0,1,0,-
770,19827.573,0.0000,impact,ragdoll,Proventus Avenicci,0001A67D,NPC L Forearm [LLar],14,72.425,72.425,10.180,262.789,3.349,2.0000,11.658,-491.946,784.225,-225.687,0.2600,-0.3282,0.9081,21.764,-241.606,-101.049,-,Skin,shape,0000020E2E584100,9,1,1,0,-
771,19827.573,0.0000,impact,ragdoll,Proventus Avenicci,0001A67D,NPC Spine2 [Spn2],9,72.425,72.425,10.180,239.254,3.859,7.0000,23.052,-491.946,784.225,-225.687,0.2600,-0.3282,0.9081,42.178,-235.150,-12.955,-,Skin,shape,0000020E2E516B00,14,1,1,0,-
772,19843.250,0.0000,impact,ragdoll,Proventus Avenicci,0001A67D,NPC R Hand [RHnd],17,173.340,173.340,368.887,364.479,24.129,4.0000,8.334,-460.227,797.198,-255.650,0.0000,0.0000,1.0000,-59.829,-314.869,-173.560,Static,Wood,shape,0000020E27FEAE00,-,1,1,0,-
773,19861.772,0.0000,impact,ragdoll,Proventus Avenicci,0001A67D,NPC Spine2 [Spn2],9,95.791,95.791,81.175,266.609,3.479,7.0000,23.052,-479.067,776.010,-227.035,-0.7773,0.2874,-0.5597,60.067,-257.262,-35.897,-,Skin,shape,0000020E2E516800,16,1,1,0,-
774,19861.774,0.0000,impact,ragdoll,Proventus Avenicci,0001A67D,NPC L Hand [LHnd],16,95.791,95.791,81.175,280.699,7.374,4.0000,8.334,-479.067,776.010,-227.035,-0.7773,0.2874,-0.5597,0.638,-246.662,-133.976,-,Skin,shape,0000020E2E584100,9,1,1,0,-
775,19861.780,0.0000,impact,ragdoll,Proventus Avenicci,0001A67D,NPC R Forearm [RLar],15,41.459,41.459,59.681,237.933,9.442,6.0000,11.658,-485.786,802.480,-237.624,0.7928,-0.5754,-0.2010,-18.082,-236.932,-12.197,-,Skin,shape,0000020E2E584700,3,1,1,0,-
776,19861.780,0.0000,impact,ragdoll,Proventus Avenicci,0001A67D,NPC Spine [Spn0],3,41.459,41.459,59.681,244.471,4.928,4.0000,17.297,-485.786,802.480,-237.624,0.7928,-0.5754,-0.2010,4.320,-243.957,-15.249,-,Skin,shape,0000020E2E517400,15,1,1,0,-
777,19878.703,0.0000,impact,ragdoll,Proventus Avenicci,0001A67D,NPC R Calf [RClf],4,22.759,22.759,262.552,288.032,3.657,6.0000,19.675,-517.294,831.903,-241.583,-0.0000,-0.3979,0.9174,66.243,-253.945,-118.687,Static,WoodStairs,shape,0000020E27FEAB00,-,1,1,0,-
778,19913.781,0.0000,impact,ragdoll,Proventus Avenicci,0001A67D,NPC L Hand [LHnd],16,96.181,96.181,159.316,264.028,7.198,4.0000,8.334,-476.712,753.196,-239.231,0.1439,0.4624,0.8749,-38.091,-249.156,-78.620,-,Skin,shape,0000020E2E517A00,13,1,1,0,-
779,19913.781,0.0000,impact,ragdoll,Proventus Avenicci,0001A67D,NPC Head [Head],13,96.181,96.181,159.316,235.974,3.021,4.0000,15.108,-476.712,753.196,-239.231,0.1439,0.4624,0.8749,98.250,-214.331,-9.645,-,Skin,shape,0000020E2E516800,16,1,1,0,-
780,19930.004,0.0000,impact,ragdoll,Proventus Avenicci,0001A67D,NPC R Foot [Rft ],8,160.906,160.906,310.554,327.610,3.935,3.0000,10.011,-538.341,794.527,-255.650,-0.0000,-0.0000,1.0000,118.919,-266.272,-149.286,Static,Wood,shape,0000020E27FEAE00,-,1,1,0,-
781,19930.499,0.0000,impact,ragdoll,Proventus Avenicci,0001A67D,NPC R Calf [RClf],4,92.256,92.256,296.372,282.111,3.711,6.0000,19.675,-527.354,793.924,-255.650,-0.0000,0.0000,1.0000,86.788,-242.601,-114.886,Static,Wood,shape,0000020E27FEAE00,-,1,1,0,-
782,19983.890,0.0000,impact,ragdoll,Proventus Avenicci,0001A67D,NPC R Thigh [RThg],2,127.055,127.055,251.985,265.064,3.914,6.0000,20.487,-508.797,803.214,-255.650,-0.0000,0.0000,1.0000,35.835,-240.308,-105.957,Static,Wood,shape,0000020E27FEAE00,-,1,1,0,-
783,20038.864,0.0000,impact,ragdoll,Proventus Avenicci,0001A67D,NPC R Thigh [RThg],2,99.777,99.777,214.724,241.010,1.340,6.0000,20.487,-492.469,773.254,-255.650,-0.0000,-0.0000,1.0000,5.987,-225.370,-85.194,Static,Wood,shape,0000020E27FEAE00,-,0,1,0,-
784,20056.743,0.0000,impact,ragdoll,Proventus Avenicci,0001A67D,NPC COM [COM ],0,79.538,79.538,215.856,252.251,2.807,50.0000,17.687,-492.375,768.148,-255.650,0.0000,0.0000,1.0000,21.630,-237.652,-81.758,Static,Wood,shape,0000020E27FEAE00,-,1,1,0,-
785,20056.753,0.0000,impact,ragdoll,Proventus Avenicci,0001A67D,NPC R UpperArm [RUar],12,95.043,95.043,265.019,274.295,2.499,2.0000,14.463,-470.230,739.704,-263.559,-0.0000,-0.0000,1.0000,22.152,-253.874,-101.465,Static,WoodStairs,shape,0000020E27FEAE00,-,1,1,0,-
786,20057.210,0.0000,impact,ragdoll,Proventus Avenicci,0001A67D,NPC R Calf [RClf],4,22.227,22.227,195.751,194.731,3.623,6.0000,19.675,-521.070,767.540,-255.651,-0.0000,-0.0750,0.9972,-25.026,-192.864,-9.872,Static,Wood,shape,0000020E27FEAE00,-,1,1,0,-
787,20113.169,0.0000,impact,ragdoll,Proventus Avenicci,0001A67D,NPC Spine1 [Spn1],6,86.603,86.603,212.460,241.663,1.589,4.0000,18.878,-486.789,737.304,-263.559,-0.0000,0.0000,1.0000,35.166,-222.087,-88.552,Static,WoodStairs,shape,0000020E27FEAE00,-,1,1,0,-
788,20131.668,0.0000,impact,ragdoll,Proventus Avenicci,0001A67D,NPC R Foot [Rft ],8,108.374,108.374,213.576,266.658,5.296,3.0000,10.011,-530.170,749.463,-263.559,0.0000,0.0000,1.0000,26.027,-243.451,-105.644,Static,WoodStairs,shape,0000020E27FEAE00,-,1,1,0,-
789,20150.939,0.0000,impact,ragdoll,Proventus Avenicci,0001A67D,NPC R Calf [RClf],4,24.592,24.592,316.160,269.314,6.057,6.0000,19.675,-520.095,746.036,-263.559,0.0000,0.0000,1.0000,10.172,-263.791,-53.299,Static,WoodStairs,shape,0000020E27FEAE00,-,0,1,0,-
790,20225.836,0.0000,impact,ragdoll,Proventus Avenicci,0001A67D,NPC R UpperArm [RUar],12,14.272,14.272,287.750,289.565,1.768,2.0000,14.463,-466.887,703.723,-277.591,-0.0000,-0.4303,0.9027,3.442,-256.554,-134.224,Static,WoodStairs,shape,0000020E27FEAE00,-,1,0,0,-
791,20225.837,0.0000,impact,ragdoll,Proventus Avenicci,0001A67D,NPC R UpperArm [RUar],12,14.272,14.272,287.750,289.565,1.768,2.0000,14.463,-466.887,703.723,-277.591,-0.0000,-0.4303,0.9027,3.442,-256.554,-134.224,Static,WoodStairs,shape,0000020E27FEAE00,-,0,1,0,-
792,20244.453,0.0000,impact,ragdoll,Proventus Avenicci,0001A67D,NPC R Thigh [RThg],2,37.634,37.634,277.854,278.450,1.087,6.0000,20.487,-498.456,735.623,-263.573,-0.0000,-0.2786,0.9604,15.387,-254.246,-112.501,Static,WoodStairs,shape,0000020E27FEAE00,-,1,0,0,-
793,20244.454,0.0000,impact,ragdoll,Proventus Avenicci,0001A67D,NPC R Thigh [RThg],2,37.634,37.634,277.854,278.450,1.087,6.0000,20.487,-498.456,735.622,-263.573,-0.0000,-0.2786,0.9604,15.387,-254.246,-112.501,Static,WoodStairs,shape,0000020E27FEAE00,-,0,1,0,-
794,20244.455,0.0000,impact,ragdoll,Proventus Avenicci,0001A67D,NPC R Calf [RClf],4,23.814,23.814,272.757,275.014,0.864,6.0000,19.675,-514.620,735.618,-263.574,-0.0000,-0.2926,0.9562,9.013,-254.897,-102.853,Static,WoodStairs,shape,0000020E27FEAE00,-,0,1,0,-
795,20296.431,0.0000,impact,ragdoll,Proventus Avenicci,0001A67D,NPC R UpperArm [RUar],12,179.738,179.738,269.497,321.881,1.808,2.0000,14.463,-468.069,679.861,-291.561,0.0001,-0.0022,1.0000,-5.397,-266.741,-180.076,Static,WoodStairs,shape,0000020E27FEAE00,-,1,1,0,-
796,20313.423,0.0000,impact,ragdoll,Proventus Avenicci,0001A67D,NPC R Foot [Rft ],8,99.277,99.277,286.319,300.623,3.384,3.0000,10.011,-523.661,703.886,-277.557,-0.0000,-0.1045,0.9945,-1.298,-268.623,-134.959,Static,WoodStairs,shape,0000020E27FEAE00,-,1,1,0,-
797,20329.280,0.0000,impact,ragdoll,Proventus Avenicci,0001A67D,NPC R Thigh [RThg],2,109.034,109.034,321.841,317.975,4.200,6.0000,20.487,-488.807,703.824,-277.561,0.0000,-0.1442,0.9896,49.485,-271.324,-158.248,Static,WoodStairs,shape,0000020E27FEAE00,-,1,0,0,-
798,20329.281,0.0000,impact,ragdoll,Proventus Avenicci,0001A67D,NPC R Thigh [RThg],2,109.034,109.034,321.841,317.975,4.200,6.0000,20.487,-488.807,703.824,-277.561,0.0000,-0.1442,0.9896,49.485,-271.324,-158.248,Static,WoodStairs,shape,0000020E27FEAE00,-,0,1,0,-
799,20345.905,0.0000,impact,ragdoll,Proventus Avenicci,0001A67D,NPC R Thigh [RThg],2,107.962,107.962,324.879,303.224,4.388,6.0000,20.487,-498.013,712.420,-277.581,0.0000,0.0000,1.0000,49.044,-286.443,-86.543,Static,WoodStairs,shape,0000020E27FEAE00,-,0,0,0,-
800,20345.908,0.0000,impact,ragdoll,Proventus Avenicci,0001A67D,NPC R Calf [RClf],4,133.533,133.533,283.150,291.157,2.799,6.0000,19.675,-512.531,711.520,-277.573,0.0000,0.0000,1.0000,15.973,-263.151,-123.566,Static,WoodStairs,shape,0000020E27FEAE00,-,0,1,0,-
801,20365.287,0.0000,impact,ragdoll,Proventus Avenicci,0001A67D,NPC L Foot [Lft ],7,146.360,146.360,288.684,312.555,3.767,3.0000,10.011,-471.629,744.326,-263.559,-0.0000,-0.0000,1.0000,88.535,-259.730,-149.641,Static,WoodStairs,shape,0000020E27FEAE00,-,1,1,0,-
802,20365.698,0.0000,impact,ragdoll,Proventus Avenicci,0001A67D,NPC L Calf [LClf],5,29.533,29.533,284.219,268.930,5.401,6.0000,19.675,-479.832,735.698,-263.560,-0.0000,-0.1045,0.9945,49.396,-257.877,-58.162,Static,WoodStairs,shape,0000020E27FEAE00,-,1,0,0,-
803,20365.699,0.0000,impact,ragdoll,Proventus Avenicci,0001A67D,NPC L Calf [LClf],5,40.588,40.588,282.853,268.930,5.401,6.0000,19.675,-479.832,735.698,-263.560,-0.0000,-0.0627,0.9980,49.396,-257.877,-58.162,Static,WoodStairs,shape,0000020E27FEAE00,-,0,1,0,-
804,20381.511,0.0000,impact,ragdoll,Proventus Avenicci,0001A67D,NPC R Thigh [RThg],2,246.200,246.200,297.423,292.379,8.172,6.0000,20.487,-503.655,711.990,-277.618,0.0000,0.0000,1.0000,10.415,-264.621,-123.906,Static,WoodStairs,shape,0000020E27FEAE00,-,0,0,0,-
805,20382.052,0.0000,impact,ragdoll,Proventus Avenicci,0001A67D,NPC R Hand [RHnd],17,98.952,98.952,373.759,392.507,19.513,4.0000,8.334,-457.605,646.204,-283.098,0.4916,0.8402,0.2288,69.736,-362.167,134.288,-,Skin,shape,0000020E2E517A00,13,1,1,0,-
806,20382.053,0.0000,impact,ragdoll,Proventus Avenicci,0001A67D,NPC Head [Head],13,98.952,98.952,373.759,215.946,10.110,4.0000,15.108,-457.605,646.204,-283.098,0.4916,0.8402,0.2288,66.777,-204.303,-20.832,-,Skin,shape,0000020E2E517100,17,1,1,0,-
807,20434.754,0.0000,impact,ragdoll,Proventus Avenicci,0001A67D,NPC R Foot [Rft ],8,178.149,178.149,272.672,321.408,5.593,3.0000,10.011,-526.486,673.051,-291.568,0.0001,-0.0022,1.0000,72.628,-267.806,-162.197,Static,WoodStairs,shape,0000020E27FEAE00,-,1,1,0,-
808,20435.210,0.0000,impact,ragdoll,Proventus Avenicci,0001A67D,NPC R UpperArm [RUar],12,121.642,121.642,295.174,307.887,4.843,2.0000,14.463,-466.010,645.178,-305.554,-0.0000,-0.0000,1.0000,23.515,-279.694,-126.540,Static,WoodStairs,shape,0000020E27FEAE00,-,1,1,0,-
809,20583.522,0.0000,impact,ragdoll,Proventus Avenicci,0001A67D,NPC Neck [Neck],11,151.150,151.150,273.194,313.312,1.336,6.0000,8.431,-464.625,593.336,-318.000,0.0000,-0.0000,1.0000,30.794,-272.693,-151.177,Static,Carpet,shape,0000020D540EC700,-,1,1,0,-
810,20600.461,0.0000,impact,ragdoll,Proventus Avenicci,0001A67D,NPC Spine2 [Spn2],9,92.856,92.856,333.582,282.691,5.911,7.0000,23.052,-473.923,602.531,-318.000,-0.0000,0.0000,1.0000,16.995,-266.218,-93.560,Static,Carpet,shape,0000020D540EC700,-,1,1,0,-
811,20600.464,0.0000,impact,ragdoll,Proventus Avenicci,0001A67D,NPC R UpperArm [RUar],12,87.731,87.731,348.290,310.539,5.869,2.0000,14.463,-460.598,606.035,-318.000,0.0000,0.0311,0.9995,39.916,-295.386,-87.111,Static,Carpet,shape,0000020D540EC700,-,1,1,0,-
812,20600.931,0.0000,impact,ragdoll,Proventus Avenicci,0001A67D,NPC Head [Head],13,173.143,173.143,230.726,283.801,11.641,4.0000,15.108,-458.479,581.526,-318.000,0.0000,0.0000,1.0000,33.118,-223.753,-171.408,Static,Carpet,shape,0000020D540EC700,-,1,1,0,-
813,20618.829,0.0000,impact,ragdoll,Proventus Avenicci,0001A67D,NPC Spine2 [Spn2],9,53.655,53.655,303.987,259.219,4.702,7.0000,23.052,-473.667,597.514,-319.650,0.0000,-0.0000,1.0000,7.653,-253.333,-54.390,Static,Wood,shape,0000020D52D22800,-,1,1,0,-
814,20619.227,0.0000,impact,ragdoll,Proventus Avenicci,0001A67D,NPC Spine2 [Spn2],9,126.502,126.502,186.527,263.081,6.609,7.0000,23.052,-466.082,586.823,-287.607,-0.6007,0.2361,-0.7638,-6.957,-262.980,2.149,-,Skin,shape,0000020E2E516800,16,1,1,0,-
815,20619.227,0.0000,impact,ragdoll,Proventus Avenicci,0001A67D,NPC L Hand [LHnd],16,126.502,126.502,186.527,300.591,11.027,4.0000,8.334,-466.082,586.823,-287.607,-0.6007,0.2361,-0.7638,-64.069,-270.045,-115.437,-,Skin,shape,0000020E2E584100,9,1,1,0,-
816,20637.466,0.0000,impact,ragdoll,Proventus Avenicci,0001A67D,NPC R Thigh [RThg],2,90.440,90.440,337.939,328.583,2.006,6.0000,20.487,-499.640,639.920,-305.576,-0.0000,-0.3476,0.9377,8.281,-275.249,-179.267,Static,WoodStairs,shape,0000020E27FEAE00,-,1,0,0,-
817,20637.467,0.0000,impact,ragdoll,Proventus Avenicci,0001A67D,NPC R Thigh [RThg],2,90.440,90.440,337.939,328.583,2.006,6.0000,20.487,-499.640,639.920,-305.576,-0.0000,-0.3476,0.9377,8.281,-275.249,-179.267,Static,WoodStairs,shape,0000020E27FEAE00,-,0,1,0,-
818,20660.412,0.0000,impact,ragdoll,Proventus Avenicci,0001A67D,NPC R Foot [Rft ],8,226.077,230.503,290.590,350.018,4.586,3.0000,10.011,-528.500,615.285,-319.650,0.0000,-0.0000,1.0000,33.427,-272.262,-217.414,Static,Wood,shape,0000020D52D22800,-,0,0,0,-
819,20660.419,0.0000,impact,ragdoll,Proventus Avenicci,0001A67D,NPC R Foot [Rft ],8,282.278,282.081,95.685,262.817,38.966,3.0000,10.011,-521.939,606.453,-318.250,0.0000,0.8663,0.4995,49.988,-255.129,38.510,Static,Carpet,shape,0000020D540EC700,-,1,1,0,-
820,20660.847,0.0000,impact,ragdoll,Proventus Avenicci,0001A67D,NPC Spine1 [Spn1],6,49.116,49.116,367.022,263.246,7.785,4.0000,18.878,-478.993,596.523,-318.000,0.0000,0.0000,1.0000,40.017,-255.928,-46.880,Static,Carpet,shape,0000020D540EC700,-,1,1,0,-
821,20660.854,0.0000,impact,ragdoll,Proventus Avenicci,0001A67D,NPC R Forearm [RLar],15,59.536,59.536,70.914,270.307,6.176,6.0000,11.658,-469.932,598.148,-303.173,0.9373,0.1681,0.3053,-5.887,-254.937,-89.657,-,Skin,shape,0000020E2E584400,6,1,1,0,-
822,20660.854,0.0000,impact,ragdoll,Proventus Avenicci,0001A67D,NPC Spine1 [Spn1],6,59.536,59.536,70.914,263.246,7.785,4.0000,18.878,-469.932,598.148,-303.173,0.9373,0.1681,0.3053,40.017,-255.928,-46.880,-,Skin,shape,0000020E2E517400,15,1,1,0,-
823,20676.271,0.0000,impact,ragdoll,Proventus Avenicci,0001A67D,NPC R Calf [RClf],4,57.978,57.978,322.671,291.032,7.764,6.0000,19.675,-518.250,613.567,-319.650,-0.0000,0.0000,1.0000,5.008,-254.020,-141.945,Static,Wood,shape,0000020D52D22800,-,1,1,0,-
824,20676.280,0.0000,impact,ragdoll,Proventus Avenicci,0001A67D,NPC R Foot [Rft ],8,40.278,40.278,235.915,146.955,28.754,3.0000,10.011,-522.288,611.863,-319.650,-0.0000,0.0000,1.0000,4.837,-145.752,-18.133,Static,Wood,shape,0000020D52D22800,-,0,1,0,-
825,20676.918,0.0000,impact,ragdoll,Proventus Avenicci,0001A67D,NPC Spine1 [Spn1],6,58.939,58.939,299.561,261.283,4.846,4.0000,18.878,-478.380,591.566,-319.650,-0.0000,0.0000,1.0000,35.467,-252.977,-54.897,Static,Wood,shape,0000020D52D22800,-,1,1,0,-
826,20695.469,0.0000,impact,ragdoll,Proventus Avenicci,0001A67D,NPC COM [COM ],0,106.228,106.228,367.885,278.368,7.815,50.0000,17.687,-484.907,604.303,-318.000,-0.0000,0.0000,1.0000,-4.814,-259.237,-101.301,Static,Carpet,shape,0000020D540EC700,-,1,1,0,-
827,20695.475,0.0000,impact,ragdoll,Proventus Avenicci,0001A67D,NPC R Thigh [RThg],2,122.259,122.259,352.556,319.265,6.295,6.0000,20.487,-484.204,608.026,-319.650,-0.0000,0.0000,1.0000,33.130,-266.050,-173.349,Static,Wood,shape,0000020D52D22800,-,1,1,0,-
828,20695.476,0.0000,impact,ragdoll,Proventus Avenicci,0001A67D,NPC Spine [Spn0],3,41.645,41.645,351.578,277.374,5.461,4.0000,17.297,-481.997,597.583,-318.000,0.0000,0.0000,1.0000,1.925,-274.847,-37.306,Static,Carpet,shape,0000020D540EC700,-,1,1,0,-
829,20695.476,0.0000,impact,ragdoll,Proventus Avenicci,0001A67D,NPC R Calf [RClf],4,132.058,132.058,272.968,278.827,15.013,6.0000,19.675,-519.057,606.258,-318.060,0.0000,0.4756,0.8797,10.051,-247.309,-128.382,Static,Carpet,shape,0000020D540EC700,-,1,1,0,-
830,20695.555,0.0000,impact,ragdoll,Proventus Avenicci,0001A67D,NPC R Foot [Rft ],8,43.658,40.026,129.494,65.973,24.260,3.0000,10.011,-526.968,613.474,-319.650,0.0000,0.0000,1.0000,-1.291,-64.985,11.301,Static,Wood,shape,0000020D52D22800,-,0,0,0,-
831,20695.909,0.0000,impact,ragdoll,Proventus Avenicci,0001A67D,NPC Spine2 [Spn2],9,94.697,94.697,123.778,251.538,3.250,7.0000,23.052,-455.452,577.031,-294.917,-0.8032,-0.1295,-0.5815,34.767,-249.101,3.357,-,Skin,shape,0000020E2E517100,17,1,1,0,-
832,20695.909,0.0000,impact,ragdoll,Proventus Avenicci,0001A67D,NPC R Hand [RHnd],17,94.697,94.697,123.778,318.844,4.947,4.0000,8.334,-455.452,577.031,-294.917,-0.8032,-0.1295,-0.5815,28.849,-280.407,-148.999,-,Skin,shape,0000020E2E584100,9,1,1,0,-
833,20714.690,0.0000,impact,ragdoll,Proventus Avenicci,0001A67D,NPC R Foot [Rft ],8,17.012,17.012,31.129,21.721,7.935,3.0000,10.011,-523.587,606.119,-318.010,-0.0000,0.1984,0.9801,-0.500,-10.323,-19.104,Static,Carpet,shape,0000020D540EC700,-,0,1,0,-
834,20806.171,0.0000,impact,ragdoll,Proventus Avenicci,0001A67D,NPC R Forearm [RLar],15,19.286,19.286,290.218,239.939,11.742,6.0000,11.658,-456.004,566.729,-318.000,0.0000,0.0000,1.0000,51.268,-232.434,-30.277,Static,Carpet,shape,0000020D540EC700,-,1,1,0,-
835,20824.237,0.0000,impact,ragdoll,Proventus Avenicci,0001A67D,NPC R Foot [Rft ],8,39.696,39.696,217.035,212.541,6.938,3.0000,10.011,-524.054,602.313,-318.000,-0.0000,0.0000,1.0000,26.246,-207.906,-35.499,Static,Carpet,shape,0000020D540EC700,-,0,1,0,-
836,20842.701,0.0000,impact,ragdoll,Proventus Avenicci,0001A67D,NPC R Thigh [RThg],2,45.584,45.584,239.053,229.165,2.188,6.0000,20.487,-481.134,575.671,-319.650,-0.0000,0.0000,1.0000,18.353,-222.738,-50.669,Static,Wood,shape,0000020D52D22800,-,1,1,0,-
837,20880.900,0.0000,impact,ragdoll,Proventus Avenicci,0001A67D,NPC Spine [Spn0],3,16.580,16.580,218.660,210.027,1.253,4.0000,17.297,-477.942,554.935,-318.000,0.0000,-0.0000,1.0000,25.685,-207.683,-17.871,Static,Carpet,shape,0000020D540EC700,-,1,1,0,-
838,20880.910,0.0000,impact,ragdoll,Proventus Avenicci,0001A67D,NPC R Forearm [RLar],15,8.854,8.854,25.333,214.133,2.228,6.0000,11.658,-464.474,546.661,-308.546,0.9929,0.1168,-0.0229,13.792,-213.649,4.132,-,Skin,shape,0000020E2E584400,6,1,1,0,-
839,20880.911,0.0000,impact,ragdoll,Proventus Avenicci,0001A67D,NPC Spine1 [Spn1],6,8.854,8.854,25.333,210.656,1.251,4.0000,18.878,-464.474,546.661,-308.546,0.9929,0.1168,-0.0229,26.914,-208.822,-6.719,-,Skin,shape,0000020E2E517400,15,1,1,0,-
840,20952.449,0.0000,impact,ragdoll,Proventus Avenicci,0001A67D,NPC Spine2 [Spn2],9,12.132,12.132,5.075,209.170,0.480,7.0000,23.052,-447.394,517.611,-302.778,-0.9916,-0.0221,-0.1278,25.703,-207.530,-4.749,-,Skin,shape,0000020E2E517100,17,1,1,0,-
841,20952.449,0.0000,impact,ragdoll,Proventus Avenicci,0001A67D,NPC R Hand [RHnd],17,12.132,12.132,5.075,219.243,3.812,4.0000,8.334,-447.394,517.611,-302.778,-0.9916,-0.0221,-0.1278,11.931,-218.664,10.547,-,Skin,shape,0000020E2E584100,9,1,1,0,-
842,21558.145,0.0000,impact,ragdoll,Proventus Avenicci,0001A67D,NPC R Thigh [RThg],2,9.586,9.586,252.760,242.932,0.948,6.0000,20.487,-487.634,420.903,-318.000,-0.0000,0.0000,1.0000,10.463,-242.660,-4.784,Static,Carpet,shape,0000020D540EC700,-,0,1,0,-
843,21648.462,0.0000,impact,ragdoll,Proventus Avenicci,0001A67D,NPC R Thigh [RThg],2,11.618,11.618,232.454,230.038,0.601,6.0000,20.487,-486.306,397.269,-318.000,0.0000,0.0000,1.0000,14.539,-229.505,-5.786,Static,Carpet,shape,0000020E281A7D00,-,0,1,0,-
844,21667.536,0.0000,impact,ragdoll,Proventus Avenicci,0001A67D,NPC R Calf [RClf],4,27.884,27.884,224.914,228.407,0.604,6.0000,19.675,-499.379,399.569,-318.005,0.0000,0.1375,0.9905,13.397,-227.994,2.986,Static,Carpet,shape,0000020E281A7D00,-,1,1,0,-
845,21706.484,0.0000,impact,ragdoll,Proventus Avenicci,0001A67D,NPC R Calf [RClf],4,20.742,20.742,216.018,229.371,1.521,6.0000,19.675,-513.831,397.328,-318.000,0.0000,0.0000,1.0000,18.500,-227.913,-18.017,Static,Carpet,shape,0000020E281A7D00,-,1,1,0,-
846,21726.034,0.0000,impact,ragdoll,Proventus Avenicci,0001A67D,NPC R Foot [Rft ],8,8.659,8.659,225.765,225.564,0.730,3.0000,10.011,-517.374,395.799,-318.000,-0.0000,0.0000,1.0000,21.824,-224.329,-8.914,Static,Carpet,shape,0000020E281A7D00,-,1,1,0,-
847,21825.729,0.0000,impact,ragdoll,Proventus Avenicci,0001A67D,NPC L Calf [LClf],5,11.057,11.057,7.011,232.499,0.734,6.0000,19.675,-479.018,362.897,-306.081,0.2951,0.6105,0.7349,-5.886,-232.424,0.228,-,Skin,shape,0000020E2E585000,2,1,1,0,-
848,21825.730,0.0000,impact,ragdoll,Proventus Avenicci,0001A67D,NPC R Thigh [RThg],2,11.057,11.057,7.011,218.451,0.886,6.0000,20.487,-479.018,362.897,-306.081,0.2951,0.6105,0.7349,18.979,-217.625,0.026,-,Skin,shape,0000020E2E585900,5,1,1,0,-
849,21903.437,0.0000,impact,ragdoll,Proventus Avenicci,0001A67D,NPC R Calf [RClf],4,6.025,6.025,4.816,224.209,0.613,6.0000,19.675,-477.802,346.588,-302.297,-0.6614,-0.1447,-0.7359,22.818,-223.045,-0.021,-,Skin,shape,0000020E2E585C00,1,1,1,0,-
850,21903.438,0.0000,impact,ragdoll,Proventus Avenicci,0001A67D,NPC L Thigh [LThg],1,6.025,6.025,4.816,230.435,0.615,6.0000,20.487,-477.802,346.588,-302.297,-0.6614,-0.1447,-0.7359,16.553,-229.839,0.080,-,Skin,shape,0000020E2E584D00,4,1,1,0,-
851,21920.215,0.0000,impact,ragdoll,Proventus Avenicci,0001A67D,NPC R Thigh [RThg],2,15.818,15.818,237.178,232.560,0.804,6.0000,20.487,-481.776,340.209,-318.000,0.0000,0.0000,1.0000,22.476,-231.350,-7.495,Static,Carpet,shape,0000020E281A7D00,-,0,1,0,-
852,22201.085,0.0000,impact,ragdoll,Proventus Avenicci,0001A67D,NPC L Calf [LClf],5,7.314,7.314,8.067,282.137,1.224,6.0000,19.675,-474.126,273.935,-306.410,0.3790,0.1956,0.9045,19.149,-281.250,11.538,-,Skin,shape,0000020E2E584D00,4,1,1,0,-
853,22201.086,0.0000,impact,ragdoll,Proventus Avenicci,0001A67D,NPC R Calf [RClf],4,7.314,7.314,8.067,258.225,1.445,6.0000,19.675,-474.126,273.935,-306.410,0.3790,0.1956,0.9045,41.404,-254.884,0.149,-,Skin,shape,0000020E2E585900,5,1,1,0,-
854,22366.763,0.0000,impact,ragdoll,Proventus Avenicci,0001A67D,NPC Spine2 [Spn2],9,15.210,15.210,217.255,230.947,2.625,7.0000,23.052,-425.324,185.261,-318.000,0.0000,0.0000,1.0000,39.398,-227.443,-7.329,Static,Carpet,shape,0000020E281A7D00,-,0,1,0,-
855,22459.448,0.0000,impact,ragdoll,Proventus Avenicci,0001A67D,NPC L UpperArm [LUar],10,22.264,22.264,190.227,204.416,2.195,2.0000,14.463,-427.906,152.211,-318.000,-0.0000,0.0000,1.0000,33.582,-199.502,-29.274,Static,Carpet,shape,0000020E281A7D00,-,1,1,0,-
856,22516.423,0.0000,impact,ragdoll,Proventus Avenicci,0001A67D,NPC COM [COM ],0,27.711,27.711,158.912,189.360,4.799,50.0000,17.687,-444.465,178.835,-319.650,0.0000,-0.0000,1.0000,22.445,-187.514,-13.858,Static,Wood,shape,0000020D52D22800,-,0,1,0,-
857,22516.425,0.0000,impact,ragdoll,Proventus Avenicci,0001A67D,NPC COM [COM ],0,27.711,27.711,162.971,189.360,4.799,50.0000,17.687,-444.465,178.835,-318.000,0.0000,-0.0000,1.0000,22.445,-187.514,-13.858,Static,Carpet,shape,0000020E281A7D00,-,0,1,0,-
858,22516.426,0.0000,impact,ragdoll,Proventus Avenicci,0001A67D,NPC L Thigh [LThg],1,56.224,56.224,167.563,228.249,5.038,6.0000,20.487,-450.007,176.299,-318.000,0.0000,0.0000,1.0000,0.135,-221.349,-55.697,Static,Carpet,shape,0000020E281A7D00,-,1,1,0,-
859,22537.883,0.0000,impact,ragdoll,Proventus Avenicci,0001A67D,NPC L UpperArm [LUar],10,21.349,21.349,162.590,181.271,1.975,2.0000,14.463,-425.444,139.089,-318.000,0.0000,-0.0000,1.0000,23.641,-177.822,-26.070,Static,Carpet,shape,0000020E280E4A00,-,1,1,0,-
860,22538.381,0.0000,impact,ragdoll,Proventus Avenicci,0001A67D,NPC Spine [Spn0],3,29.637,29.637,74.007,187.648,10.429,4.0000,17.297,-438.081,169.814,-318.000,-0.0000,0.0000,1.0000,24.191,-186.071,2.021,Static,Carpet,shape,0000020E281A7D00,-,0,1,0,-
861,22576.026,0.0000,impact,ragdoll,Proventus Avenicci,0001A67D,NPC Spine1 [Spn1],6,7.573,7.573,114.769,169.460,6.731,4.0000,18.878,-429.518,158.593,-318.000,0.0000,0.0000,1.0000,5.351,-168.775,14.256,Static,Carpet,shape,0000020E281A7D00,-,0,1,0,-
862,22596.635,0.0000,impact,ragdoll,Proventus Avenicci,0001A67D,NPC L Thigh [LThg],1,34.520,34.520,125.150,190.410,5.863,6.0000,20.487,-448.512,162.275,-319.650,-0.0000,0.0000,1.0000,2.363,-184.686,-46.273,Static,Wood,shape,0000020D52D22800,-,1,1,0,-
863,22596.652,0.0000,impact,ragdoll,Proventus Avenicci,0001A67D,NPC L UpperArm [LUar],10,60.662,60.662,137.160,169.439,4.059,2.0000,14.463,-424.022,129.402,-319.650,-0.0000,-0.0000,1.0000,43.096,-145.351,-75.667,Static,Wood,shape,0000020D52D22800,-,1,1,0,-
864,22617.364,0.0000,impact,ragdoll,Proventus Avenicci,0001A67D,NPC L UpperArm [LUar],10,8.600,8.600,119.500,134.597,5.284,2.0000,14.463,-423.245,126.853,-319.650,-0.0000,-0.0000,1.0000,26.066,-128.789,-29.162,Static,Wood,shape,0000020D52D22E00,-,1,1,0,-
865,22693.866,0.0000,impact,ragdoll,Proventus Avenicci,0001A67D,NPC L Calf [LClf],5,161.837,161.837,288.076,292.219,5.004,6.0000,19.675,-499.003,159.149,-318.000,0.0000,-0.0000,1.0000,-25.071,-260.382,-130.249,Static,Carpet,shape,0000020E281A7D00,-,1,1,0,-
866,22713.147,0.0000,impact,ragdoll,Proventus Avenicci,0001A67D,NPC L Calf [LClf],5,9.066,9.066,25.873,200.579,12.948,6.0000,19.675,-474.316,149.587,-319.650,0.0000,-0.0000,1.0000,-21.029,-199.076,-12.587,Static,Wood,shape,0000020D52D22800,-,1,1,0,-
867,22713.148,0.0000,impact,ragdoll,Proventus Avenicci,0001A67D,NPC L Calf [LClf],5,9.066,9.066,43.436,200.579,12.948,6.0000,19.675,-474.316,149.587,-318.000,-0.0000,0.0000,1.0000,-21.029,-199.076,-12.587,Static,Carpet,shape,0000020E281A7D00,-,0,1,0,-
868,22713.149,0.0000,impact,ragdoll,Proventus Avenicci,0001A67D,NPC L Foot [Lft ],7,37.593,37.593,201.559,275.073,7.241,3.0000,10.011,-503.369,153.069,-318.000,0.0000,0.0000,1.0000,-64.128,-262.222,-52.841,Static,Carpet,shape,0000020E281A7D00,-,1,1,0,-
869,22747.517,0.0000,impact,ragdoll,Proventus Avenicci,0001A67D,NPC L Foot [Lft ],7,19.312,19.312,115.465,235.159,12.041,3.0000,10.011,-503.982,144.494,-318.000,-0.0000,-0.0112,0.9999,-24.653,-226.891,-56.677,Static,Carpet,shape,0000020E281A7D00,-,1,1,0,-
870,22747.526,0.0000,impact,ragdoll,Proventus Avenicci,0001A67D,NPC L Forearm [LLar],14,13.362,13.362,83.412,76.596,3.031,2.0000,11.658,-436.891,113.579,-318.000,0.0000,-0.0000,1.0000,-10.287,-75.901,0.310,Static,Carpet,shape,0000020E280E4A00,-,1,1,0,-
871,22748.045,0.0000,impact,ragdoll,Proventus Avenicci,0001A67D,NPC L Calf [LClf],5,10.093,10.093,131.114,192.518,10.799,6.0000,19.675,-499.615,143.197,-318.000,0.0000,-0.0000,1.0000,5.990,-191.782,-15.715,Static,Carpet,shape,0000020E280E4A00,-,1,1,0,-
872,22748.046,0.0000,impact,ragdoll,Proventus Avenicci,0001A67D,NPC L Foot [Lft ],7,18.544,18.544,130.717,230.263,11.244,3.0000,10.011,-504.060,142.271,-318.000,-0.0000,-0.0000,1.0000,-19.826,-223.672,-50.978,Static,Carpet,shape,0000020E280E4A00,-,1,1,0,-
873,22765.786,0.0000,impact,ragdoll,Proventus Avenicci,0001A67D,NPC Spine [Spn0],3,11.869,11.869,73.717,95.864,1.688,4.0000,17.297,-435.269,139.183,-318.000,0.0000,-0.0000,1.0000,1.030,-95.504,-8.235,Static,Carpet,shape,0000020E280E4A00,-,1,1,0,-
874,22766.207,0.0000,impact,ragdoll,Proventus Avenicci,0001A67D,NPC L Calf [LClf],5,37.566,37.566,66.786,172.008,10.028,6.0000,19.675,-474.020,138.105,-318.000,-0.0000,-0.0000,1.0000,5.652,-169.460,-28.953,Static,Carpet,shape,0000020E280E4A00,-,0,1,0,-
875,22766.207,0.0000,impact,ragdoll,Proventus Avenicci,0001A67D,NPC Spine1 [Spn1],6,7.221,7.221,84.996,91.056,0.695,4.0000,18.878,-427.676,131.861,-318.000,0.0000,0.0000,1.0000,-15.956,-89.475,-5.557,Static,Carpet,shape,0000020E280E4A00,-,1,1,0,-
876,22784.823,0.0000,impact,ragdoll,Proventus Avenicci,0001A67D,NPC L Thigh [LThg],1,110.269,110.269,18.981,124.630,12.303,6.0000,20.487,-462.654,128.254,-319.733,0.0000,0.0000,1.0000,1.240,-124.332,-8.519,Static,Wood,shape,0000020D52D22E00,-,1,1,0,-
877,22821.303,0.0000,impact,ragdoll,Proventus Avenicci,0001A67D,NPC L Foot [Lft ],7,56.720,56.720,151.016,181.924,13.590,3.0000,10.011,-505.543,123.381,-318.000,-0.0000,-0.0000,1.0000,53.886,-170.790,-31.992,Static,Carpet,shape,0000020E280E4A00,-,0,1,0,-
878,22840.367,0.0000,impact,ragdoll,Proventus Avenicci,0001A67D,NPC L Thigh [LThg],1,42.842,42.842,94.428,100.035,4.245,6.0000,20.487,-468.974,128.094,-319.656,0.0000,0.0000,1.0000,0.733,-98.307,-18.500,Static,Wood,shape,0000020D52D22E00,-,1,1,0,-
879,22840.375,0.0000,impact,ragdoll,Proventus Avenicci,0001A67D,NPC L Foot [Lft ],7,8.563,8.563,190.255,176.096,8.166,3.0000,10.011,-504.038,120.194,-319.650,0.0000,0.0000,1.0000,54.924,-167.151,-7.327,Static,Wood,shape,0000020D52D22E00,-,1,1,0,-
880,22840.383,0.0000,impact,ragdoll,Proventus Avenicci,0001A67D,NPC L Forearm [LLar],14,28.755,28.755,2.020,42.666,1.353,2.0000,11.658,-432.511,118.253,-306.442,-0.4658,-0.8774,-0.1144,-7.135,-42.010,2.149,-,Skin,shape,0000020E2E584400,6,1,1,0,-
881,22840.383,0.0000,impact,ragdoll,Proventus Avenicci,0001A67D,NPC Spine1 [Spn1],6,28.755,28.755,2.020,71.163,0.413,4.0000,18.878,-432.511,118.253,-306.442,-0.4658,-0.8774,-0.1144,-7.487,-70.503,-6.123,-,Skin,shape,0000020E2E516B00,14,1,1,0,-
882,22859.198,0.0000,impact,ragdoll,Proventus Avenicci,0001A67D,NPC Spine [Spn0],3,8.178,8.178,39.738,65.910,1.970,4.0000,17.297,-435.186,131.596,-319.650,-0.0000,0.0000,1.0000,3.576,-65.655,-4.568,Static,Wood,shape,0000020D52D22800,-,1,1,0,-
883,22878.910,0.0000,impact,ragdoll,Proventus Avenicci,0001A67D,NPC L Hand [LHnd],16,28.326,28.326,18.242,60.295,1.338,4.0000,8.334,-412.916,95.371,-298.269,-0.9889,0.1483,0.0003,-2.995,-58.736,-13.290,-,Skin,shape,0000020E2E517A00,13,1,1,0,-
884,22878.911,0.0000,impact,ragdoll,Proventus Avenicci,0001A67D,NPC Head [Head],13,28.326,28.326,18.242,74.242,2.178,4.0000,15.108,-412.916,95.371,-298.269,-0.9889,0.1483,0.0003,-32.087,-66.936,-1.349,-,Skin,shape,0000020E2E516800,16,1,1,0,-
885,22917.162,0.0000,impact,ragdoll,Proventus Avenicci,0001A67D,NPC L Thigh [LThg],1,22.971,22.971,99.042,78.782,1.951,6.0000,20.487,-468.514,123.148,-319.650,-0.0000,0.0000,1.0000,6.647,-77.646,-11.556,Static,Wood,shape,0000020D52D22E00,-,0,1,0,-
886,22917.164,0.0000,impact,ragdoll,Proventus Avenicci,0001A67D,NPC L Thigh [LThg],1,22.971,22.971,96.714,78.782,1.951,6.0000,20.487,-468.514,123.148,-318.000,-0.0000,-0.0000,1.0000,6.647,-77.646,-11.556,Static,Carpet,shape,0000020E280E4A00,-,0,1,0,-
887,22974.891,0.0000,impact,ragdoll,Proventus Avenicci,0001A67D,NPC R Calf [RClf],4,30.403,30.403,42.475,59.688,0.607,6.0000,19.675,-467.739,143.730,-318.056,-0.0000,0.4603,0.8877,-11.710,-58.442,-3.173,Static,Carpet,shape,0000020E280E4A00,-,1,1,0,-
888,23073.648,0.0000,impact,ragdoll,Proventus Avenicci,0001A67D,NPC L Hand [LHnd],16,14.315,14.315,26.185,25.183,1.812,4.0000,8.334,-413.401,89.601,-298.944,-0.9976,0.0689,0.0094,22.757,10.457,-2.631,-,Skin,shape,0000020E2E517A00,13,1,1,0,-
889,23073.649,0.0000,impact,ragdoll,Proventus Avenicci,0001A67D,NPC Head [Head],13,14.315,14.315,26.185,11.263,0.370,4.0000,15.108,-413.401,89.601,-298.944,-0.9976,0.0689,0.0094,8.055,7.337,-2.854,-,Skin,shape,0000020E2E516800,16,1,1,0,-
890,23093.804,0.0000,impact,ragdoll,Proventus Avenicci,0001A67D,NPC L Calf [LClf],5,5.497,5.497,4.761,6.482,0.479,6.0000,19.675,-498.194,111.132,-319.650,0.0000,-0.0000,1.0000,0.391,5.773,-2.921,Static,Wood,shape,0000020D52D22E00,-,0,1,0,-
891,23225.279,0.0000,impact,ragdoll,Proventus Avenicci,0001A67D,NPC Spine [Spn0],3,7.754,7.754,25.440,11.171,0.943,4.0000,17.297,-435.398,109.837,-306.804,0.0418,0.9967,-0.0691,6.550,8.715,-2.437,-,Skin,shape,0000020E2E516B00,14,1,1,0,-
892,23225.280,0.0000,impact,ragdoll,Proventus Avenicci,0001A67D,NPC L Forearm [LLar],14,7.754,7.754,25.440,18.149,1.017,2.0000,11.658,-435.398,109.837,-306.804,0.0418,0.9967,-0.0691,0.221,16.935,-6.524,-,Skin,shape,0000020E2E584700,3,1,1,0,-
893,23365.312,0.0000,state,unknown,Proventus Avenicci,0001A67D,-,-,0.000,0.000,0.000,0.000,0.000,0.0000,0.000,0.000,0.000,0.000,0.0000,0.0000,0.0000,0.000,0.000,0.000,-,-,-,0000000000000000,-,0,0,0,knock_get_up
894,27152.739,0.0000,state,unknown,Proventus Avenicci,0001A67D,-,-,0.000,0.000,0.000,0.000,0.000,0.0000,0.000,0.000,0.000,0.000,0.0000,0.0000,0.0000,0.000,0.000,0.000,-,-,-,0000000000000000,-,0,0,0,ragdoll_start
895,27212.375,0.0000,impact,ragdoll,Proventus Avenicci,0001A67D,NPC L Calf [LClf],5,53.748,53.748,293.263,114.816,8.476,6.0000,19.675,-469.033,103.034,-318.000,0.0000,-0.0000,1.0000,4.427,-114.730,-0.288,Static,Carpet,shape,0000020E280E4A00,-,1,1,0,-
896,27412.054,0.0000,impact,ragdoll,Proventus Avenicci,0001A67D,NPC Spine2 [Spn2],9,58.545,58.545,134.540,222.902,9.403,7.0000,23.052,-489.877,137.673,-239.453,0.4736,0.6412,-0.6038,46.033,188.920,-108.974,-,Skin,shape,0000020E2E517400,15,1,1,0,-
897,27412.054,0.0000,impact,ragdoll,Proventus Avenicci,0001A67D,NPC R Forearm [RLar],15,58.545,58.545,134.540,363.800,25.296,6.0000,11.658,-489.877,137.673,-239.453,0.4736,0.6412,-0.6038,78.493,354.992,13.031,-,Skin,shape,0000020E2E584100,9,1,1,0,-
898,27412.458,0.0000,impact,ragdoll,Proventus Avenicci,0001A67D,NPC L Forearm [LLar],14,11.866,11.866,57.753,375.020,9.507,2.0000,11.658,-468.424,142.595,-243.203,0.5207,-0.5790,0.6275,49.837,371.490,12.293,-,Skin,shape,0000020E2E584100,9,1,1,0,-
899,27412.458,0.0000,impact,ragdoll,Proventus Avenicci,0001A67D,NPC Spine2 [Spn2],9,11.866,11.866,57.753,231.943,9.314,7.0000,23.052,-468.424,142.595,-243.203,0.5207,-0.5790,0.6275,47.573,192.458,-120.392,-,Skin,shape,0000020E2E516B00,14,1,1,0,-
900,27460.163,0.0000,impact,ragdoll,Proventus Avenicci,0001A67D,NPC R Thigh [RThg],2,80.437,80.437,185.231,148.520,6.326,6.0000,20.487,-483.167,102.646,-280.229,-0.8037,0.4775,-0.3551,91.468,116.388,-12.067,-,Skin,shape,0000020E2E585C00,1,0,1,0,-
901,27460.164,0.0000,impact,ragdoll,Proventus Avenicci,0001A67D,NPC L Thigh [LThg],1,80.437,80.437,185.231,97.987,2.401,6.0000,20.487,-483.167,102.646,-280.229,-0.8037,0.4775,-0.3551,12.733,94.461,22.726,-,Skin,shape,0000020E2E585000,2,0,1,0,-
902,27714.098,0.0000,impact,ragdoll,Proventus Avenicci,0001A67D,NPC Head [Head],13,209.799,209.799,361.199,440.994,2.938,4.0000,15.108,-471.417,238.170,-318.000,-0.0000,-0.0000,1.0000,8.652,387.227,-210.847,Static,Carpet,shape,0000020E281A7D00,-,1,1,0,-
903,27732.868,0.0000,impact,ragdoll,Proventus Avenicci,0001A67D,NPC Head [Head],13,195.268,195.268,187.684,316.728,42.613,4.0000,15.108,-471.337,245.982,-319.650,0.0000,-0.0000,1.0000,25.191,260.454,-178.454,Static,Wood,shape,0000020D52D22800,-,1,1,0,-
904,27732.870,0.0000,impact,ragdoll,Proventus Avenicci,0001A67D,NPC Head [Head],13,195.268,195.268,118.234,316.728,42.613,4.0000,15.108,-471.337,245.982,-318.000,0.0000,0.0000,1.0000,25.191,260.454,-178.454,Static,Carpet,shape,0000020E281A7D00,-,0,1,0,-
905,27733.261,0.0000,impact,ragdoll,Proventus Avenicci,0001A67D,NPC Head [Head],13,21.216,21.216,889.888,542.787,33.029,4.0000,15.108,-471.174,249.226,-319.650,-0.0000,-0.0000,1.0000,-8.562,542.657,-8.223,Static,Wood,shape,0000020D52D22800,-,0,1,0,-
906,27750.590,0.0000,impact,ragdoll,Proventus Avenicci,0001A67D,NPC L Hand [LHnd],16,35.269,35.269,382.314,473.291,16.781,4.0000,8.334,-463.943,260.313,-305.584,0.8678,0.2220,0.4445,56.787,421.686,-207.269,-,Skin,shape,0000020E2E517A00,13,1,1,0,-
907,27750.591,0.0000,impact,ragdoll,Proventus Avenicci,0001A67D,NPC Head [Head],13,35.269,35.269,382.314,470.570,3.783,4.0000,15.108,-463.943,260.313,-305.584,0.8678,0.2220,0.4445,-16.641,470.220,-7.260,-,Skin,shape,0000020E2E516800,16,1,1,0,-
908,27800.741,0.0000,impact,ragdoll,Proventus Avenicci,0001A67D,NPC L UpperArm [LUar],10,92.319,92.319,595.053,581.387,6.100,2.0000,14.463,-450.890,277.909,-318.000,-0.0000,-0.0000,1.0000,22.568,569.971,-112.407,Static,Carpet,shape,0000020E281A7D00,-,1,1,0,-
909,27816.523,0.0000,impact,ragdoll,Proventus Avenicci,0001A67D,NPC Spine2 [Spn2],9,72.048,72.048,524.819,591.185,3.378,7.0000,23.052,-460.569,278.762,-318.000,0.0000,0.0000,1.0000,34.058,586.319,-67.597,Static,Carpet,shape,0000020E281A7D00,-,1,1,0,-
910,27833.090,0.0000,impact,ragdoll,Proventus Avenicci,0001A67D,NPC Head [Head],13,218.085,218.085,118.885,624.456,5.832,4.0000,15.108,-478.442,308.659,-293.979,0.4607,0.0827,-0.8837,31.477,623.190,24.253,-,Skin,shape,0000020E2E517100,17,1,1,0,-
911,27833.091,0.0000,impact,ragdoll,Proventus Avenicci,0001A67D,NPC R Hand [RHnd],17,218.085,218.085,118.885,559.575,11.488,4.0000,8.334,-478.442,308.659,-293.979,0.4607,0.0827,-0.8837,116.337,514.267,-187.402,-,Skin,shape,0000020E2E517A00,13,1,1,0,-
912,28069.628,0.0000,impact,ragdoll,Proventus Avenicci,0001A67D,NPC R Foot [Rft ],8,61.870,61.870,984.578,956.904,6.023,3.0000,10.011,-450.692,385.072,-318.000,0.0000,0.0000,1.0000,75.304,952.650,-49.517,Static,Carpet,shape,0000020E281A7D00,-,1,1,0,-
913,28070.031,0.0000,impact,ragdoll,Proventus Avenicci,0001A67D,NPC R Calf [RClf],4,33.271,33.271,962.456,935.328,1.864,6.0000,19.675,-450.309,403.435,-318.000,0.0000,-0.0000,1.0000,44.011,933.882,-27.701,Static,Carpet,shape,0000020D540EC700,-,1,1,0,-
914,28070.032,0.0000,impact,ragdoll,Proventus Avenicci,0001A67D,NPC R Foot [Rft ],8,205.656,205.656,893.975,945.024,5.991,3.0000,10.011,-448.917,400.400,-318.010,-0.0000,-0.1993,0.9799,74.048,942.038,-12.362,Static,Carpet,shape,0000020D540EC700,-,1,1,0,-
915,28104.260,0.0000,impact,ragdoll,Proventus Avenicci,0001A67D,NPC Spine2 [Spn2],9,44.110,44.110,920.062,917.202,1.118,7.0000,23.052,-453.606,500.162,-318.000,0.0000,-0.0000,1.0000,50.116,914.909,-41.097,Static,Carpet,shape,0000020D540EC700,-,1,1,0,-
916,28189.722,0.0000,impact,ragdoll,Proventus Avenicci,0001A67D,NPC L UpperArm [LUar],10,14.275,14.275,925.349,918.525,1.259,2.0000,14.463,-431.830,586.664,-318.000,0.0000,0.0000,1.0000,34.888,917.671,-18.723,Static,Carpet,shape,0000020D540EC700,-,1,1,0,-
917,28190.159,0.0000,impact,ragdoll,Proventus Avenicci,0001A67D,NPC R Hand [RHnd],17,35.942,35.942,54.857,878.577,4.796,4.0000,8.334,-458.504,589.474,-302.347,-0.7239,0.6305,0.2801,36.050,876.713,-44.408,-,Skin,shape,0000020E2E584100,9,1,1,0,-
918,28190.159,0.0000,impact,ragdoll,Proventus Avenicci,0001A67D,NPC Spine2 [Spn2],9,35.942,35.942,54.857,918.088,1.956,7.0000,23.052,-458.504,589.474,-302.347,-0.7239,0.6305,0.2801,38.071,917.297,-1.728,-,Skin,shape,0000020E2E517100,17,1,1,0,-
919,28226.233,0.0000,impact,ragdoll,Proventus Avenicci,0001A67D,NPC Head [Head],13,886.349,886.898,31.230,887.419,1.587,4.0000,15.108,-453.867,639.692,-309.228,0.0000,-1.0000,0.0000,31.779,886.837,-4.617,Static,WoodStairs,shape,0000020E27FEAE00,-,0,0,0,-
920,28226.727,0.0000,impact,ragdoll,Proventus Avenicci,0001A67D,NPC L Forearm [LLar],14,862.400,864.893,286.762,930.159,7.149,2.0000,11.658,-412.966,639.719,-305.772,-0.0000,-0.9353,0.3538,76.795,924.916,-61.881,Static,WoodStairs,shape,0000020E27FEAE00,-,0,0,0,-
921,28226.736,0.0000,impact,ragdoll,Proventus Avenicci,0001A67D,NPC Head [Head],13,470.208,274.076,1127.955,653.506,86.855,4.0000,15.108,-456.023,639.692,-309.646,-0.0000,-1.0000,-0.0000,-628.960,176.945,-13.024,Static,WoodStairs,shape,0000020E27FEAE00,-,0,0,0,-
922,28226.743,0.0000,impact,ragdoll,Proventus Avenicci,0001A67D,NPC L UpperArm [LUar],10,846.503,731.407,53.112,614.497,29.207,2.0000,14.463,-419.469,639.692,-306.637,0.0000,-1.0000,-0.0000,176.348,588.390,17.505,Static,WoodStairs,shape,0000020E27FEAE00,-,0,0,0,-
923,28246.444,0.0000,impact,ragdoll,Proventus Avenicci,0001A67D,NPC Neck [Neck],11,480.260,480.260,1090.035,497.753,103.384,6.0000,8.431,-450.868,639.692,-307.703,-0.0000,-1.0000,-0.0000,-63.255,477.612,-125.074,Static,WoodStairs,shape,0000020E27FEAE00,-,1,1,0,-
924,28246.447,0.0000,impact,ragdoll,Proventus Avenicci,0001A67D,NPC Head [Head],13,87.459,87.459,1352.262,571.797,25.726,4.0000,15.108,-464.174,630.529,-297.713,0.5314,0.0080,-0.8471,-186.509,-539.811,-27.758,-,Skin,shape,0000020E2E517400,15,1,1,0,-
925,28246.448,0.0000,impact,ragdoll,Proventus Avenicci,0001A67D,NPC R Forearm [RLar],15,87.459,87.459,1352.262,853.198,5.330,6.0000,11.658,-464.174,630.529,-297.713,0.5314,0.0080,-0.8471,35.528,852.453,2.936,-,Skin,shape,0000020E2E517A00,13,1,1,0,-
926,28246.682,0.0000,impact,ragdoll,Proventus Avenicci,0001A67D,NPC Head [Head],13,427.371,167.295,25.646,195.321,11.304,4.0000,15.108,-457.368,639.692,-310.270,-0.0000,-1.0000,0.0000,-57.489,178.105,-55.893,Static,WoodStairs,shape,0000020E27FEAE00,-,0,0,0,-
927,28247.007,0.0000,impact,ragdoll,Proventus Avenicci,0001A67D,NPC L UpperArm [LUar],10,491.976,491.976,333.253,609.868,21.424,2.0000,14.463,-415.343,639.709,-305.796,-0.0000,-0.9517,0.3069,267.182,541.803,83.686,Static,WoodStairs,shape,0000020E27FEAE00,-,0,1,0,-
928,28247.189,0.0000,impact,ragdoll,Proventus Avenicci,0001A67D,NPC Head [Head],13,225.284,93.897,247.614,81.659,48.049,4.0000,15.108,-457.590,639.691,-310.848,-0.0000,-1.0000,0.0000,29.806,75.866,4.915,Static,WoodStairs,shape,0000020E27FEAE00,-,0,0,0,-
929,28261.840,0.0000,impact,ragdoll,Proventus Avenicci,0001A67D,NPC Spine2 [Spn2],9,405.121,405.121,527.630,484.434,19.946,7.0000,23.052,-437.403,639.692,-306.278,-0.0000,-1.0000,0.0000,195.688,398.933,-192.962,Static,WoodStairs,shape,0000020E27FEAE00,-,1,1,0,-
930,28261.842,0.0000,impact,ragdoll,Proventus Avenicci,0001A67D,NPC L UpperArm [LUar],10,291.049,291.049,569.630,128.000,44.334,2.0000,14.463,-425.510,635.125,-319.650,-0.0000,-0.0000,1.0000,36.771,62.037,-105.751,Static,Wood,shape,0000020D52D22800,-,1,1,0,-
931,28261.844,0.0000,impact,ragdoll,Proventus Avenicci,0001A67D,NPC L UpperArm [LUar],10,11.013,11.013,492.312,128.000,44.334,2.0000,14.463,-425.586,639.741,-311.556,-0.0000,-1.0000,0.0000,36.771,62.037,-105.751,Static,WoodStairs,shape,0000020E27FEAE00,-,0,0,0,-
932,28261.844,0.0000,impact,ragdoll,Proventus Avenicci,0001A67D,NPC L UpperArm [LUar],10,65.643,65.643,433.175,128.000,44.334,2.0000,14.463,-425.510,639.692,-308.824,-0.0000,-1.0000,0.0000,36.771,62.037,-105.751,Static,WoodStairs,shape,0000020E27FEAE00,-,0,0,0,-
933,28261.844,0.0000,impact,ragdoll,Proventus Avenicci,0001A67D,NPC L UpperArm [LUar],10,94.187,94.187,234.631,128.000,44.334,2.0000,14.463,-421.236,639.693,-305.935,-0.0000,-0.9945,0.1045,36.771,62.037,-105.751,Static,WoodStairs,shape,0000020E27FEAE00,-,0,1,0,-
934,28261.845,0.0000,impact,ragdoll,Proventus Avenicci,0001A67D,NPC Neck [Neck],11,129.081,129.081,668.135,550.286,66.402,6.0000,8.431,-450.385,632.055,-319.650,-0.0000,0.0000,1.0000,258.458,468.093,-130.012,Static,Wood,shape,0000020D52D22800,-,1,1,0,-
935,28261.850,0.0000,impact,ragdoll,Proventus Avenicci,0001A67D,NPC L Hand [LHnd],16,125.394,125.394,236.088,513.179,107.783,4.0000,8.334,-397.751,655.069,-305.554,-0.0000,-0.0000,1.0000,-119.205,482.786,-126.731,Static,WoodStairs,shape,0000020E27FEAE00,-,1,1,0,-
936,28262.246,0.0000,impact,ragdoll,Proventus Avenicci,0001A67D,NPC Head [Head],13,146.916,-84.601,341.914,168.941,84.037,4.0000,15.108,-456.758,639.692,-310.650,-0.0000,-1.0000,-0.0000,164.611,-37.357,-6.970,Static,WoodStairs,shape,0000020E27FEAE00,-,0,0,0,-
937,28262.262,0.0000,impact,ragdoll,Proventus Avenicci,0001A67D,NPC Head [Head],13,26.468,26.993,237.908,217.371,26.375,4.0000,15.108,-456.138,632.119,-319.650,-0.0000,0.0000,1.0000,185.513,-110.184,-26.354,Static,Wood,shape,0000020D52D22800,-,0,0,0,-
938,28262.606,0.0000,impact,ragdoll,Proventus Avenicci,0001A67D,NPC R UpperArm [RUar],12,175.477,175.477,471.212,422.384,18.319,2.0000,14.463,-459.866,639.722,-310.638,-0.0000,-1.0000,0.0000,211.092,301.456,-207.299,Static,WoodStairs,shape,0000020E27FEAE00,-,1,0,0,-
939,28262.606,0.0000,impact,ragdoll,Proventus Avenicci,0001A67D,NPC R UpperArm [RUar],12,366.349,366.349,363.062,422.384,18.319,2.0000,14.463,-461.396,639.721,-305.764,-0.0000,-0.9175,0.3978,211.092,301.456,-207.299,Static,WoodStairs,shape,0000020E27FEAE00,-,0,0,0,-
940,28262.606,0.0000,impact,ragdoll,Proventus Avenicci,0001A67D,NPC R UpperArm [RUar],12,366.349,366.349,363.062,422.384,18.319,2.0000,14.463,-461.396,639.721,-305.764,-0.0000,-0.9175,0.3978,211.092,301.456,-207.299,Static,WoodStairs,shape,0000020E27FEAE00,-,0,1,0,-
941,28262.788,0.0000,impact,ragdoll,Proventus Avenicci,0001A67D,NPC Head [Head],13,18.230,7.051,149.447,164.476,41.252,4.0000,15.108,-455.846,632.171,-319.650,-0.0000,-0.0000,1.0000,163.398,17.199,-7.594,Static,Wood,shape,0000020D52D22800,-,0,0,0,-
942,28283.156,0.0000,impact,ragdoll,Proventus Avenicci,0001A67D,NPC Neck [Neck],11,52.351,52.351,291.980,186.320,19.709,6.0000,8.431,-445.479,639.692,-311.261,-0.0000,-1.0000,-0.0000,151.025,52.348,-95.742,Static,WoodStairs,shape,0000020E27FEAE00,-,1,0,0,-
943,28283.158,0.0000,impact,ragdoll,Proventus Avenicci,0001A67D,NPC Neck [Neck],11,51.776,51.776,292.003,186.320,19.709,6.0000,8.431,-445.477,639.692,-311.183,-0.0000,-1.0000,0.0000,151.025,52.348,-95.742,Static,WoodStairs,shape,0000020E27FEAE00,-,0,1,0,-
944,28283.161,0.0000,impact,ragdoll,Proventus Avenicci,0001A67D,NPC Head [Head],13,143.460,143.460,465.374,56.377,7.729,4.0000,15.108,-462.819,638.324,-298.431,0.4699,-0.3566,-0.8075,41.677,33.000,18.774,-,Skin,shape,0000020E2E517400,15,1,1,0,-
945,28283.161,0.0000,impact,ragdoll,Proventus Avenicci,0001A67D,NPC R Forearm [RLar],15,143.460,143.460,465.374,311.584,22.606,6.0000,11.658,-462.819,638.324,-298.431,0.4699,-0.3566,-0.8075,98.643,277.652,-101.307,-,Skin,shape,0000020E2E517A00,13,1,1,0,-
946,28283.397,0.0000,impact,ragdoll,Proventus Avenicci,0001A67D,NPC Head [Head],13,11.812,-34.815,140.638,161.375,47.623,4.0000,15.108,-455.121,632.308,-319.650,0.0000,-0.0000,1.0000,160.885,11.331,5.438,Static,Wood,shape,0000020D52D22800,-,0,0,0,-
947,28283.411,0.0000,impact,ragdoll,Proventus Avenicci,0001A67D,NPC Spine2 [Spn2],9,103.726,89.965,361.486,184.451,38.665,7.0000,23.052,-433.791,625.864,-319.650,0.0000,0.0000,1.0000,148.206,100.091,-45.154,Static,Wood,shape,0000020D52D22800,-,0,0,0,-
948,28283.414,0.0000,impact,ragdoll,Proventus Avenicci,0001A67D,NPC Spine2 [Spn2],9,24.227,37.371,361.644,253.486,28.410,7.0000,23.052,-433.901,639.706,-311.407,-0.0000,-1.0000,0.0000,127.764,159.029,150.471,Static,WoodStairs,shape,0000020E27FEAE00,-,0,0,0,-
949,28283.415,0.0000,impact,ragdoll,Proventus Avenicci,0001A67D,NPC Spine2 [Spn2],9,187.073,198.948,370.894,253.486,28.410,7.0000,23.052,-433.791,639.694,-305.942,-0.0000,-0.9945,0.1045,127.764,159.029,150.471,Static,WoodStairs,shape,0000020E27FEAE00,-,0,1,0,-
950,28283.706,0.0000,impact,ragdoll,Proventus Avenicci,0001A67D,NPC R Thigh [RThg],2,312.270,312.270,551.690,543.099,12.332,6.0000,20.487,-460.058,598.306,-273.652,0.2843,0.0571,-0.9570,-181.314,433.743,271.935,-,Skin,shape,0000020E2E585900,5,1,1,0,-
951,28283.706,0.0000,impact,ragdoll,Proventus Avenicci,0001A67D,NPC L Calf [LClf],5,312.270,312.270,551.690,840.211,8.641,6.0000,19.675,-460.058,598.306,-273.652,0.2843,0.0571,-0.9570,-10.148,839.534,-32.166,-,Skin,shape,0000020E2E585000,2,1,1,0,-
952,28283.707,0.0000,impact,ragdoll,Proventus Avenicci,0001A67D,NPC L Calf [LClf],5,269.580,269.580,630.602,840.211,8.641,6.0000,19.675,-459.113,594.807,-279.941,-0.2087,-0.0567,0.9763,-10.148,839.534,-32.166,-,Skin,shape,0000020E2E584D00,4,1,1,0,-
953,28283.707,0.0000,impact,ragdoll,Proventus Avenicci,0001A67D,NPC R Calf [RClf],4,269.580,269.580,630.602,694.856,25.006,6.0000,19.675,-459.113,594.807,-279.941,-0.2087,-0.0567,0.9763,-148.664,668.395,118.200,-,Skin,shape,0000020E2E585900,5,1,1,0,-
954,28297.581,0.0000,impact,ragdoll,Proventus Avenicci,0001A67D,NPC Spine1 [Spn1],6,694.832,694.832,620.190,396.934,37.837,4.0000,18.878,-418.015,635.782,-294.825,-0.7834,-0.6210,0.0244,37.277,296.906,260.795,-,Skin,shape,0000020E2E516B00,14,1,1,0,-
955,28297.582,0.0000,impact,ragdoll,Proventus Avenicci,0001A67D,NPC L Forearm [LLar],14,694.832,694.832,620.190,504.347,17.480,2.0000,11.658,-418.015,635.782,-294.825,-0.7834,-0.6210,0.0244,-347.052,-315.019,186.237,-,Skin,shape,0000020E2E584400,6,1,1,0,-
956,28315.483,0.0000,impact,ragdoll,Proventus Avenicci,0001A67D,NPC Spine [Spn0],3,54.269,54.269,543.322,519.755,19.539,4.0000,17.297,-420.500,639.184,-289.501,-0.8421,-0.3524,0.4082,13.227,466.965,227.845,-,Skin,shape,0000020E2E516B00,14,1,1,0,-
957,28315.484,0.0000,impact,ragdoll,Proventus Avenicci,0001A67D,NPC L Forearm [LLar],14,54.269,54.269,543.322,213.444,50.357,2.0000,11.658,-420.500,639.184,-289.501,-0.8421,-0.3524,0.4082,181.173,80.071,79.521,-,Skin,shape,0000020E2E584700,3,1,1,0,-
958,28315.484,0.0000,impact,ragdoll,Proventus Avenicci,0001A67D,NPC Spine [Spn0],3,516.233,516.233,646.714,519.755,19.539,4.0000,17.297,-423.553,641.791,-287.769,-0.7268,-0.6007,0.3331,13.227,466.965,227.845,-,Skin,shape,0000020E2E516800,16,1,1,0,-
959,28315.484,0.0000,impact,ragdoll,Proventus Avenicci,0001A67D,NPC L Hand [LHnd],16,516.233,516.233,646.714,297.591,96.298,4.0000,8.334,-423.553,641.791,-287.769,-0.7268,-0.6007,0.3331,-243.853,-70.699,155.234,-,Skin,shape,0000020E2E584700,3,1,1,0,-
960,28315.493,0.0000,impact,ragdoll,Proventus Avenicci,0001A67D,NPC R UpperArm [RUar],12,11.534,11.534,164.772,92.633,12.608,2.0000,14.463,-458.169,639.805,-305.647,-0.0000,-0.6785,0.7346,53.180,-75.844,-0.652,Static,WoodStairs,shape,0000020E27FEAE00,-,0,0,0,-
961,28315.494,0.0000,impact,ragdoll,Proventus Avenicci,0001A67D,NPC R UpperArm [RUar],12,11.534,11.534,164.773,92.633,12.608,2.0000,14.463,-458.169,639.805,-305.647,-0.0000,-0.6785,0.7346,53.180,-75.844,-0.652,Static,WoodStairs,shape,0000020E27FEAE00,-,0,1,0,-
962,28315.497,0.0000,impact,ragdoll,Proventus Avenicci,0001A67D,NPC L Hand [LHnd],16,456.770,456.770,1162.666,297.591,96.298,4.0000,8.334,-426.300,635.726,-291.079,0.5648,0.8106,0.1550,-243.853,-70.699,155.234,-,Skin,shape,0000020E2E584400,6,1,1,0,-
963,28315.497,0.0000,impact,ragdoll,Proventus Avenicci,0001A67D,NPC Spine1 [Spn1],6,456.770,456.770,1162.666,430.709,21.902,4.0000,18.878,-426.300,635.726,-291.079,0.5648,0.8106,0.1550,-62.725,340.432,256.285,-,Skin,shape,0000020E2E516800,16,1,1,0,-
964,28315.997,0.0000,impact,ragdoll,Proventus Avenicci,0001A67D,NPC L Forearm [LLar],14,11.419,11.419,346.777,261.524,47.942,2.0000,11.658,-410.644,639.844,-305.615,0.0000,-0.5662,0.8243,-36.191,258.925,-6.561,Static,WoodStairs,shape,0000020E27FEAE00,-,0,0,0,-
965,28315.997,0.0000,impact,ragdoll,Proventus Avenicci,0001A67D,NPC L Forearm [LLar],14,11.417,11.417,346.778,261.524,47.942,2.0000,11.658,-410.644,639.844,-305.615,0.0000,-0.5662,0.8243,-36.191,258.925,-6.561,Static,WoodStairs,shape,0000020E27FEAE00,-,0,1,0,-
966,28316.173,0.0000,impact,ragdoll,Proventus Avenicci,0001A67D,NPC Head [Head],13,46.800,-70.211,31.184,546.547,66.053,4.0000,15.108,-439.461,629.032,-319.650,0.0000,0.0000,1.0000,368.561,-403.161,-18.345,Static,Wood,shape,0000020D52D22800,-,0,0,0,-
967,28333.452,0.0000,impact,ragdoll,Proventus Avenicci,0001A67D,NPC Spine2 [Spn2],9,234.009,234.009,170.488,380.392,22.599,7.0000,23.052,-415.723,633.679,-297.380,-0.8854,-0.4576,-0.0823,-40.903,206.621,316.754,-,Skin,shape,0000020E2E516B00,14,1,1,0,-
968,28333.453,0.0000,impact,ragdoll,Proventus Avenicci,0001A67D,NPC L Forearm [LLar],14,234.009,234.009,170.488,368.477,29.170,2.0000,11.658,-415.723,633.679,-297.380,-0.8854,-0.4576,-0.0823,-181.964,316.043,52.738,-,Skin,shape,0000020E2E584100,9,1,1,0,-
969,28333.944,0.0000,impact,ragdoll,Proventus Avenicci,0001A67D,NPC R Thigh [RThg],2,116.113,116.113,647.113,771.124,10.683,6.0000,20.487,-461.930,641.552,-290.075,-0.0818,-0.2532,0.9640,-61.855,703.425,309.837,-,Skin,shape,0000020E2E517400,15,1,1,0,-
970,28333.944,0.0000,impact,ragdoll,Proventus Avenicci,0001A67D,NPC R Forearm [RLar],15,116.113,116.113,647.113,217.197,21.081,6.0000,11.658,-461.930,641.552,-290.075,-0.0818,-0.2532,0.9640,-52.061,111.586,178.921,-,Skin,shape,0000020E2E585000,2,1,1,0,-
971,28350.591,0.0000,impact,ragdoll,Proventus Avenicci,0001A67D,NPC R Thigh [RThg],2,178.590,178.590,259.545,740.932,9.257,6.0000,20.487,-465.917,642.768,-262.071,0.1576,0.1369,-0.9780,-68.361,652.707,343.920,-,Skin,shape,0000020E2E585900,5,1,1,0,-
972,28350.591,0.0000,impact,ragdoll,Proventus Avenicci,0001A67D,NPC L Calf [LClf],5,178.590,178.590,259.545,894.299,13.474,6.0000,19.675,-465.917,642.768,-262.071,0.1576,0.1369,-0.9780,63.503,841.966,294.671,-,Skin,shape,0000020E2E585000,2,1,1,0,-
973,28351.013,0.0000,impact,ragdoll,Proventus Avenicci,0001A67D,NPC L Foot [Lft ],7,83.813,83.813,379.164,948.186,24.897,3.0000,10.011,-468.090,648.023,-266.237,-0.1364,-0.2088,0.9684,-137.322,917.679,195.100,-,Skin,shape,0000020E2E585000,2,1,1,0,-
974,28351.014,0.0000,impact,ragdoll,Proventus Avenicci,0001A67D,NPC R Thigh [RThg],2,83.813,83.813,379.164,707.713,7.892,6.0000,20.487,-468.090,648.023,-266.237,-0.1364,-0.2088,0.9684,-101.929,621.716,322.393,-,Skin,shape,0000020E2E585300,7,1,1,0,-
975,28368.395,0.0000,impact,ragdoll,Proventus Avenicci,0001A67D,NPC R Hand [RHnd],17,188.606,188.606,220.652,199.568,28.506,4.0000,8.334,-459.966,671.608,-292.006,-0.0000,-1.0000,-0.0000,-8.620,187.980,-66.457,Static,WoodStairs,shape,0000020E27FEAE00,-,1,1,0,-
976,28368.866,0.0000,impact,ragdoll,Proventus Avenicci,0001A67D,NPC L Foot [Lft ],7,9.336,9.336,258.997,1013.069,16.245,3.0000,10.011,-473.164,660.768,-261.222,0.0037,0.0324,0.9995,-136.826,945.454,337.202,-,Skin,shape,0000020E2E585000,2,0,1,0,-
977,28368.866,0.0000,impact,ragdoll,Proventus Avenicci,0001A67D,NPC R Thigh [RThg],2,9.336,9.336,258.997,713.480,9.014,6.0000,20.487,-473.164,660.768,-261.222,0.0037,0.0324,0.9995,-105.930,623.188,330.861,-,Skin,shape,0000020E2E585300,7,0,1,0,-
978,28369.061,0.0000,impact,ragdoll,Proventus Avenicci,0001A67D,NPC L Hand [LHnd],16,261.588,242.057,204.729,352.438,62.633,4.0000,8.334,-412.550,671.822,-291.568,0.0001,-0.7338,0.6794,93.495,339.510,-14.295,Static,WoodStairs,shape,0000020E27FEAE00,-,0,0,0,-
979,28423.620,0.0000,impact,ragdoll,Proventus Avenicci,0001A67D,NPC Spine2 [Spn2],9,16.939,16.939,144.607,574.256,5.663,7.0000,23.052,-414.371,665.984,-262.340,-0.9120,-0.4101,-0.0023,-26.665,390.704,420.012,-,Skin,shape,0000020E2E516B00,14,1,1,0,-
980,28423.620,0.0000,impact,ragdoll,Proventus Avenicci,0001A67D,NPC L Forearm [LLar],14,16.939,16.939,144.607,536.023,20.473,2.0000,11.658,-414.371,665.984,-262.340,-0.9120,-0.4101,-0.0023,-73.910,242.772,472.144,-,Skin,shape,0000020E2E584100,9,1,1,0,-
981,28461.259,0.0000,impact,ragdoll,Proventus Avenicci,0001A67D,NPC Spine2 [Spn2],9,69.784,69.784,117.775,639.847,7.478,7.0000,23.052,-417.639,687.046,-244.078,-0.9435,-0.3213,0.0808,-89.396,510.636,375.052,-,Skin,shape,0000020E2E516B00,14,1,1,0,-
982,28461.261,0.0000,impact,ragdoll,Proventus Avenicci,0001A67D,NPC L Forearm [LLar],14,69.784,69.784,117.775,616.384,22.548,2.0000,11.658,-417.639,687.046,-244.078,-0.9435,-0.3213,0.0808,-123.949,417.816,435.885,-,Skin,shape,0000020E2E584100,9,1,1,0,-
983,28530.972,0.0000,impact,ragdoll,Proventus Avenicci,0001A67D,NPC L Hand [LHnd],16,118.969,118.969,280.694,958.779,17.335,4.0000,8.334,-431.912,718.233,-213.490,0.8972,-0.3864,0.2136,-259.042,630.447,674.308,-,Skin,shape,0000020E2E584100,9,1,1,0,-
984,28530.973,0.0000,impact,ragdoll,Proventus Avenicci,0001A67D,NPC Spine2 [Spn2],9,118.969,118.969,280.694,741.268,5.603,7.0000,23.052,-431.912,718.233,-213.490,0.8972,-0.3864,0.2136,-63.671,603.855,425.188,-,Skin,shape,0000020E2E516800,16,1,1,0,-
985,28632.402,0.0000,impact,ragdoll,Proventus Avenicci,0001A67D,NPC L Hand [LHnd],16,55.545,55.545,155.662,849.877,14.684,4.0000,8.334,-448.393,789.657,-167.796,0.7164,-0.1765,0.6750,-229.426,769.181,279.310,-,Skin,shape,0000020E2E584100,9,1,1,0,-
986,28632.403,0.0000,impact,ragdoll,Proventus Avenicci,0001A67D,NPC Spine2 [Spn2],9,55.545,55.545,155.662,746.569,4.274,7.0000,23.052,-448.393,789.657,-167.796,0.7164,-0.1765,0.6750,-175.517,664.140,292.364,-,Skin,shape,0000020E2E516800,16,1,1,0,-
987,28758.105,0.0000,impact,ragdoll,Proventus Avenicci,0001A67D,NPC L Calf [LClf],5,99.030,99.030,480.288,536.779,4.257,6.0000,19.675,-461.847,927.669,-199.563,-0.0000,-0.1455,0.9894,-68.749,532.252,-10.637,Static,WoodStairs,shape,0000020E27FEAB00,-,1,0,0,-
988,28758.106,0.0000,impact,ragdoll,Proventus Avenicci,0001A67D,NPC L Calf [LClf],5,99.030,99.030,480.288,536.779,4.257,6.0000,19.675,-461.847,927.669,-199.563,-0.0000,-0.1455,0.9894,-68.749,532.252,-10.637,Static,WoodStairs,shape,0000020E27FEAB00,-,0,1,0,-
989,28777.589,0.0000,impact,ragdoll,Proventus Avenicci,0001A67D,NPC L Foot [Lft ],7,13.741,13.741,427.338,511.686,10.333,3.0000,10.011,-459.095,953.774,-199.559,-0.0000,0.0000,1.0000,-49.998,509.215,-4.756,Static,WoodStairs,shape,0000020E27FEAB00,-,1,1,0,-
990,28777.788,0.0000,impact,ragdoll,Proventus Avenicci,0001A67D,NPC L Foot [Lft ],7,483.383,477.679,52.818,504.930,9.508,3.0000,10.011,-459.149,959.219,-191.916,-0.0000,-0.9945,0.1045,-29.330,504.038,6.327,Static,Wood,shape,0000020E27FEAB00,-,0,0,0,-
991,28795.248,0.0000,impact,ragdoll,Proventus Avenicci,0001A67D,NPC L Foot [Lft ],7,190.670,190.670,179.575,317.839,29.374,3.0000,10.011,-460.409,959.259,-191.832,-0.0000,-0.8767,0.4811,-29.104,298.922,104.021,Static,Wood,shape,0000020E27FEAB00,-,0,0,0,-
992,28795.248,0.0000,impact,ragdoll,Proventus Avenicci,0001A67D,NPC L Foot [Lft ],7,190.667,190.667,179.575,317.839,29.374,3.0000,10.011,-460.409,959.259,-191.832,-0.0000,-0.8767,0.4811,-29.104,298.922,104.021,Static,WoodStairs,shape,0000020E27FEAB00,-,0,1,0,-
993,28921.412,0.0000,impact,ragdoll,Proventus Avenicci,0001A67D,NPC R Foot [Rft ],8,218.671,218.671,489.667,568.882,6.760,3.0000,10.011,-526.462,1027.085,-185.554,-0.0000,-0.0000,1.0000,-39.716,530.049,-202.726,Static,WoodStairs,shape,0000020D52E22200,-,1,1,0,-
994,28939.858,0.0000,impact,ragdoll,Proventus Avenicci,0001A67D,NPC R Foot [Rft ],8,82.830,82.830,559.604,537.356,5.786,3.0000,10.011,-525.605,1024.255,-185.626,-0.0000,-0.1045,0.9945,-36.625,536.105,-0.779,Static,WoodStairs,shape,0000020D52E22200,-,0,1,0,-
995,28940.255,0.0000,impact,ragdoll,Proventus Avenicci,0001A67D,NPC R Calf [RClf],4,117.145,117.145,482.218,488.124,4.123,6.0000,19.675,-517.339,1023.932,-185.572,0.0000,-0.3149,0.9491,-28.798,486.876,19.689,Static,WoodStairs,shape,0000020D52E22200,-,1,0,0,-
996,28940.255,0.0000,impact,ragdoll,Proventus Avenicci,0001A67D,NPC R Calf [RClf],4,117.145,117.145,482.218,488.124,4.123,6.0000,19.675,-517.339,1023.932,-185.572,0.0000,-0.3149,0.9491,-28.798,486.876,19.689,Static,WoodStairs,shape,0000020D52E22200,-,0,1,0,-
997,28940.256,0.0000,impact,ragdoll,Proventus Avenicci,0001A67D,NPC R Calf [RClf],4,23.851,23.851,509.937,488.124,4.123,6.0000,19.675,-505.806,1008.821,-191.650,0.0000,0.0000,1.0000,-28.798,486.876,19.689,Static,Wood,shape,0000020E27FEAB00,-,1,1,0,-
998,28958.434,0.0000,impact,ragdoll,Proventus Avenicci,0001A67D,NPC R Calf [RClf],4,507.103,507.103,182.540,495.724,11.332,6.0000,19.675,-512.760,1023.908,-188.979,-0.0000,-1.0000,0.0000,-42.471,480.512,114.224,Static,WoodStairs,shape,0000020D52E22200,-,0,1,0,-
999,29013.964,0.0000,impact,ragdoll,Proventus Avenicci,0001A67D,NPC L Foot [Lft ],7,214.091,214.091,441.198,568.886,17.426,3.0000,10.011,-460.143,1047.589,-185.554,0.0000,0.0000,1.0000,-62.070,512.963,-238.009,Static,WoodStairs,shape,0000020D52E22200,-,1,1,0,-
1000,29014.174,0.0000,impact,ragdoll,Proventus Avenicci,0001A67D,NPC L Foot [Lft ],7,477.365,473.895,168.406,491.345,22.522,3.0000,10.011,-467.037,1055.608,-178.096,-0.0000,-1.0000,-0.0000,-37.255,485.482,-65.873,Static,WoodStairs,shape,0000020D52E22200,-,0,0,0,-
1001,29014.182,0.0000,impact,ragdoll,Proventus Avenicci,0001A67D,NPC L Foot [Lft ],7,39.034,42.996,803.933,60.034,83.846,3.0000,10.011,-460.686,1045.125,-185.643,0.0000,0.0000,1.0000,10.957,-5.224,-58.794,Static,WoodStairs,shape,0000020D52E22200,-,0,1,0,-
1002,29014.478,0.0000,impact,ragdoll,Proventus Avenicci,0001A67D,NPC L Calf [LClf],5,481.807,481.807,259.145,527.158,21.289,6.0000,19.675,-469.486,1055.612,-176.566,-0.0000,-1.0000,0.0000,-10.338,526.766,-17.522,Static,WoodStairs,shape,0000020D52E22200,-,1,0,0,-
1003,29014.480,0.0000,impact,ragdoll,Proventus Avenicci,0001A67D,NPC L Calf [LClf],5,176.246,176.246,399.986,527.158,21.289,6.0000,19.675,-469.508,1050.366,-185.554,-0.0000,-0.0000,1.0000,-10.338,526.766,-17.522,Static,WoodStairs,shape,0000020D52E22200,-,0,0,0,-
1004,29014.480,0.0000,impact,ragdoll,Proventus Avenicci,0001A67D,NPC L Calf [LClf],5,473.771,473.771,253.309,527.158,21.289,6.0000,19.675,-469.508,1055.608,-177.365,-0.0000,-1.0000,-0.0000,-10.338,526.766,-17.522,Static,WoodStairs,shape,0000020D52E22200,-,0,0,0,-
1005,29014.480,0.0000,impact,ragdoll,Proventus Avenicci,0001A67D,NPC L Calf [LClf],5,123.183,123.183,412.747,527.158,21.289,6.0000,19.675,-469.175,1045.523,-185.566,0.0000,0.0000,1.0000,-10.338,526.766,-17.522,Static,WoodStairs,shape,0000020D52E22200,-,0,1,0,-
1006,29014.483,0.0000,impact,ragdoll,Proventus Avenicci,0001A67D,NPC L Foot [Lft ],7,275.162,275.162,353.832,53.247,84.068,3.0000,10.011,-460.200,1055.642,-176.924,-0.0000,-1.0000,0.0000,10.947,-5.220,-51.847,Static,WoodStairs,shape,0000020D52E22200,-,0,0,0,-
1007,29014.483,0.0000,impact,ragdoll,Proventus Avenicci,0001A67D,NPC L Foot [Lft ],7,272.319,272.319,314.809,53.247,84.068,3.0000,10.011,-460.252,1055.608,-178.773,-0.0000,-1.0000,0.0000,10.947,-5.220,-51.847,Static,WoodStairs,shape,0000020D52E22200,-,0,1,0,-
1008,29014.755,0.0000,impact,ragdoll,Proventus Avenicci,0001A67D,NPC L Foot [Lft ],7,104.855,-83.650,147.729,130.156,32.167,3.0000,10.011,-467.704,1055.608,-178.663,-0.0000,-1.0000,0.0000,-105.672,-62.951,-42.560,Static,WoodStairs,shape,0000020D52E22200,-,0,0,0,-
1009,29100.536,0.0000,impact,ragdoll,Proventus Avenicci,0001A67D,NPC L UpperArm [LUar],10,228.652,228.652,480.204,568.558,11.379,2.0000,14.463,-508.491,1121.837,-143.559,-0.0000,0.0000,1.0000,-12.964,522.609,-223.539,Static,WoodStairs,shape,0000020D52E22200,-,1,1,0,-
1010,29100.538,0.0000,impact,ragdoll,Proventus Avenicci,0001A67D,NPC L Forearm [LLar],14,238.765,238.765,473.332,611.854,12.164,2.0000,11.658,-505.815,1127.510,-143.559,-0.0000,0.0000,1.0000,-8.177,573.672,-212.599,Static,WoodStairs,shape,0000020D52E22200,-,1,1,0,-
1011,29118.160,0.0000,impact,ragdoll,Proventus Avenicci,0001A67D,NPC R Foot [Rft ],8,5.689,5.689,137.482,88.528,20.806,3.0000,10.011,-538.648,1055.762,-171.629,0.0001,-0.5606,0.8281,72.830,49.991,5.823,Static,WoodStairs,shape,0000020D52E22200,-,1,0,0,-
1012,29118.160,0.0000,impact,ragdoll,Proventus Avenicci,0001A67D,NPC R Foot [Rft ],8,5.689,5.689,137.482,88.528,20.806,3.0000,10.011,-538.648,1055.762,-171.629,0.0001,-0.5606,0.8281,72.830,49.991,5.823,Static,WoodStairs,shape,0000020D52E22200,-,0,1,0,-
1013,29118.162,0.0000,impact,ragdoll,Proventus Avenicci,0001A67D,NPC L UpperArm [LUar],10,95.855,95.855,544.792,516.338,8.546,2.0000,14.463,-511.047,1119.804,-143.569,-0.0000,-0.1045,0.9945,-65.002,511.312,-30.644,Static,WoodStairs,shape,0000020D52E22200,-,0,1,0,-
1014,29118.657,0.0000,impact,ragdoll,Proventus Avenicci,0001A67D,NPC L Forearm [LLar],14,120.105,120.105,377.828,533.273,23.299,2.0000,11.658,-500.019,1142.834,-143.613,0.0000,0.0000,1.0000,100.755,522.374,-36.798,Static,WoodStairs,shape,0000020D52E22200,-,0,1,0,-
1015,29118.838,0.0000,impact,ragdoll,Proventus Avenicci,0001A67D,NPC L Hand [LHnd],16,689.683,662.901,223.142,723.138,27.731,4.0000,8.334,-488.112,1151.574,-135.250,-0.0000,-0.8792,0.4764,8.442,717.837,-86.994,Static,Wood,shape,0000020D52E22200,-,0,0,0,-
1016,29137.741,0.0000,impact,ragdoll,Proventus Avenicci,0001A67D,NPC R Foot [Rft ],8,34.372,34.372,92.322,133.117,16.642,3.0000,10.011,-536.698,1061.885,-171.728,0.0000,0.0000,1.0000,84.734,57.763,84.875,Static,WoodStairs,shape,0000020D52E22200,-,0,1,0,-
1017,29137.743,0.0000,impact,ragdoll,Proventus Avenicci,0001A67D,NPC L UpperArm [LUar],10,16.869,16.869,372.449,392.517,17.951,2.0000,14.463,-514.009,1119.886,-143.601,-0.0000,-0.1045,0.9945,78.866,384.502,-2.734,Static,WoodStairs,shape,0000020D52E22200,-,0,1,0,-
1018,29138.162,0.0000,impact,ragdoll,Proventus Avenicci,0001A67D,NPC L Forearm [LLar],14,15.225,15.225,458.442,263.136,41.846,2.0000,11.658,-503.193,1143.135,-143.570,0.0000,0.0000,1.0000,118.220,192.964,134.274,Static,WoodStairs,shape,0000020D52E22200,-,0,0,0,-
1019,29138.162,0.0000,impact,ragdoll,Proventus Avenicci,0001A67D,NPC L Forearm [LLar],14,180.952,180.952,533.864,263.136,41.846,2.0000,11.658,-500.243,1151.278,-141.591,-0.0000,-1.0000,0.0000,118.220,192.964,134.274,Static,WoodStairs,shape,0000020D52E22200,-,0,1,0,-
1020,29154.432,0.0000,impact,ragdoll,Proventus Avenicci,0001A67D,NPC Spine2 [Spn2],9,208.369,208.369,339.774,491.342,10.184,7.0000,23.052,-517.321,1119.581,-143.588,-0.0000,-0.3984,0.9172,-117.302,476.942,-13.569,Static,WoodStairs,shape,0000020D52E22200,-,1,0,0,-
1021,29154.433,0.0000,impact,ragdoll,Proventus Avenicci,0001A67D,NPC Spine2 [Spn2],9,208.369,208.369,339.774,491.342,10.184,7.0000,23.052,-517.321,1119.581,-143.588,-0.0000,-0.3984,0.9172,-117.302,476.942,-13.569,Static,WoodStairs,shape,0000020D52E22200,-,0,1,0,-
1022,29154.940,0.0000,impact,ragdoll,Proventus Avenicci,0001A67D,NPC L UpperArm [LUar],10,172.191,172.191,268.582,295.621,15.106,2.0000,14.463,-504.825,1151.216,-137.283,-0.0000,-1.0000,0.0000,134.853,229.200,129.127,Static,WoodStairs,shape,0000020D52E22200,-,0,1,0,-
1023,29154.943,0.0000,impact,ragdoll,Proventus Avenicci,0001A67D,NPC L Forearm [LLar],14,112.479,112.479,347.007,185.855,18.750,2.0000,11.658,-499.425,1151.267,-141.595,-0.0000,-1.0000,0.0000,148.443,32.211,107.094,Static,WoodStairs,shape,0000020D52E22200,-,0,1,0,-
1024,29172.760,0.0000,impact,ragdoll,Proventus Avenicci,0001A67D,NPC Spine2 [Spn2],9,52.058,52.058,438.931,460.954,3.548,7.0000,23.052,-521.086,1119.833,-143.578,-0.0000,-0.1045,0.9945,-36.820,459.306,-12.679,Static,WoodStairs,shape,0000020D52E22200,-,0,1,0,-
1025,29172.764,0.0000,impact,ragdoll,Proventus Avenicci,0001A67D,NPC Head [Head],13,134.330,134.330,243.356,407.873,23.800,4.0000,15.108,-535.459,1142.440,-143.559,-0.0000,0.0000,1.0000,-116.216,364.139,-142.328,Static,WoodStairs,shape,0000020D52E22200,-,1,1,0,-
1026,29193.013,0.0000,impact,ragdoll,Proventus Avenicci,0001A67D,NPC L UpperArm [LUar],10,393.253,393.253,208.994,340.116,19.346,2.0000,14.463,-513.604,1151.220,-135.946,-0.0000,-0.9881,0.1536,-9.463,316.205,124.914,Static,WoodStairs,shape,0000020D52E22200,-,0,0,0,-
1027,29193.016,0.0000,impact,ragdoll,Proventus Avenicci,0001A67D,NPC Head [Head],13,243.114,243.114,321.348,450.276,13.787,4.0000,15.108,-536.512,1151.375,-135.706,0.0000,-0.5445,0.8387,-133.244,430.074,-5.505,Static,Wood,shape,0000020D52E22200,-,1,0,0,-
1028,29193.016,0.0000,impact,ragdoll,Proventus Avenicci,0001A67D,NPC Head [Head],13,243.113,243.113,321.348,450.276,13.787,4.0000,15.108,-536.512,1151.375,-135.706,0.0000,-0.5445,0.8387,-133.244,430.074,-5.505,Static,WoodStairs,shape,0000020D52E22200,-,0,1,0,-
1029,29193.018,0.0000,impact,ragdoll,Proventus Avenicci,0001A67D,NPC L Forearm [LLar],14,69.920,69.920,333.603,211.429,28.442,2.0000,11.658,-495.944,1151.229,-135.906,-0.0000,-0.9629,0.2699,3.691,17.079,210.706,Static,Wood,shape,0000020D52E22200,-,0,0,0,-
1030,29193.018,0.0000,impact,ragdoll,Proventus Avenicci,0001A67D,NPC L Forearm [LLar],14,69.920,69.920,333.603,211.429,28.442,2.0000,11.658,-495.944,1151.229,-135.906,-0.0000,-0.9629,0.2699,3.691,17.079,210.706,Static,WoodStairs,shape,0000020D52E22200,-,0,1,0,-
1031,29193.439,0.0000,impact,ragdoll,Proventus Avenicci,0001A67D,NPC Spine [Spn0],3,154.796,154.796,359.208,394.551,1.453,4.0000,17.297,-502.804,1119.489,-143.646,-0.0000,-0.6586,0.7525,-80.028,368.120,117.275,Static,WoodStairs,shape,0000020D52E22200,-,1,0,0,-
1032,29193.439,0.0000,impact,ragdoll,Proventus Avenicci,0001A67D,NPC Spine [Spn0],3,154.796,154.796,359.208,394.551,1.453,4.0000,17.297,-502.804,1119.490,-143.646,-0.0000,-0.6586,0.7525,-80.028,368.120,117.275,Static,WoodStairs,shape,0000020D52E22200,-,0,1,0,-
1033,29210.247,0.0000,impact,ragdoll,Proventus Avenicci,0001A67D,NPC COM [COM ],0,145.558,145.558,299.508,292.857,6.952,50.0000,17.687,-502.246,1119.451,-143.685,-0.0000,-0.7691,0.6391,-49.870,264.886,114.516,Static,WoodStairs,shape,0000020D52E22200,-,1,0,0,-
1034,29210.248,0.0000,impact,ragdoll,Proventus Avenicci,0001A67D,NPC COM [COM ],0,145.558,145.558,299.507,292.857,6.952,50.0000,17.687,-502.246,1119.451,-143.685,-0.0000,-0.7691,0.6391,-49.870,264.886,114.516,Static,WoodStairs,shape,0000020D52E22200,-,0,1,0,-
1035,29210.251,0.0000,impact,ragdoll,Proventus Avenicci,0001A67D,NPC Spine2 [Spn2],9,136.715,136.715,126.664,311.017,8.098,7.0000,23.052,-533.811,1133.972,-109.346,0.3871,0.0334,-0.9214,-83.198,248.069,168.140,-,Skin,shape,0000020E2E517400,15,1,1,0,-
1036,29210.251,0.0000,impact,ragdoll,Proventus Avenicci,0001A67D,NPC R Forearm [RLar],15,136.715,136.715,126.664,468.143,16.361,6.0000,11.658,-533.811,1133.972,-109.346,0.3871,0.0334,-0.9214,-143.813,445.392,-10.077,-,Skin,shape,0000020E2E584100,9,1,1,0,-
1037,29210.254,0.0000,impact,ragdoll,Proventus Avenicci,0001A67D,NPC R Hand [RHnd],17,395.322,395.322,255.395,491.909,21.020,4.0000,8.334,-538.632,1149.674,-115.333,0.1369,-0.4240,0.8952,-213.484,412.401,-162.249,-,Skin,shape,0000020E2E517A00,13,1,1,0,-
1038,29210.254,0.0000,impact,ragdoll,Proventus Avenicci,0001A67D,NPC Head [Head],13,395.322,395.322,255.395,347.303,14.475,4.0000,15.108,-538.632,1149.674,-115.333,0.1369,-0.4240,0.8952,-62.423,281.112,194.161,-,Skin,shape,0000020E2E517100,17,1,1,0,-
1039,29228.559,0.0000,impact,ragdoll,Proventus Avenicci,0001A67D,NPC R Thigh [RThg],2,116.292,116.292,147.012,180.866,10.251,6.0000,20.487,-501.943,1093.310,-139.847,-0.7514,0.1391,0.6450,-12.780,111.767,141.623,-,Skin,shape,0000020E2E585C00,1,0,1,0,-
1040,29228.559,0.0000,impact,ragdoll,Proventus Avenicci,0001A67D,NPC L Thigh [LThg],1,116.292,116.292,147.012,255.863,4.229,6.0000,20.487,-501.943,1093.310,-139.847,-0.7514,0.1391,0.6450,-108.154,87.458,214.754,-,Skin,shape,0000020E2E585000,2,0,1,0,-
1041,29228.563,0.0000,impact,ragdoll,Proventus Avenicci,0001A67D,NPC Spine1 [Spn1],6,245.241,245.241,196.217,247.450,7.934,4.0000,18.878,-501.732,1139.373,-126.358,-0.7543,-0.6544,-0.0528,-97.568,192.130,121.647,-,Skin,shape,0000020E2E516B00,14,1,1,0,-
1042,29228.563,0.0000,impact,ragdoll,Proventus Avenicci,0001A67D,NPC L Forearm [LLar],14,245.241,245.241,196.217,319.047,30.174,2.0000,11.658,-501.732,1139.373,-126.358,-0.7543,-0.6544,-0.0528,-239.963,17.769,209.506,-,Skin,shape,0000020E2E584400,6,1,1,0,-
1043,29228.987,0.0000,impact,ragdoll,Proventus Avenicci,0001A67D,NPC Spine2 [Spn2],9,17.378,17.378,204.029,276.868,1.631,7.0000,23.052,-503.697,1143.561,-124.992,-0.9966,-0.0422,-0.0704,-50.006,272.166,-8.983,-,Skin,shape,0000020E2E516B00,14,1,1,0,-
1044,29228.988,0.0000,impact,ragdoll,Proventus Avenicci,0001A67D,NPC L Forearm [LLar],14,17.378,17.378,204.029,264.726,23.381,2.0000,11.658,-503.697,1143.561,-124.992,-0.9966,-0.0422,-0.0704,-118.276,193.356,136.762,-,Skin,shape,0000020E2E584100,9,1,1,0,-
1045,29247.300,0.0000,impact,ragdoll,Proventus Avenicci,0001A67D,NPC Spine2 [Spn2],9,189.464,189.464,187.181,262.593,3.707,7.0000,23.052,-522.310,1151.363,-135.715,-0.0000,-0.5808,0.8140,45.831,254.872,-43.532,Static,Wood,shape,0000020D52E22200,-,1,0,0,-
1046,29247.301,0.0000,impact,ragdoll,Proventus Avenicci,0001A67D,NPC Spine2 [Spn2],9,189.464,189.464,187.181,262.593,3.707,7.0000,23.052,-522.310,1151.363,-135.715,-0.0000,-0.5808,0.8140,45.831,254.872,-43.532,Static,WoodStairs,shape,0000020D52E22200,-,0,1,0,-
1047,29247.720,0.0000,impact,ragdoll,Proventus Avenicci,0001A67D,NPC Head [Head],13,69.236,69.236,228.880,205.246,5.737,4.0000,15.108,-539.193,1163.952,-135.650,0.0000,-0.0000,1.0000,138.407,135.678,-67.534,Static,Wood,shape,0000020D52E22200,-,1,1,0,-
1048,29266.032,0.0000,impact,ragdoll,Proventus Avenicci,0001A67D,NPC L Calf [LClf],5,111.015,111.015,120.604,265.292,6.729,6.0000,19.675,-509.492,1090.962,-132.508,0.6619,0.0439,-0.7483,-186.434,183.213,45.334,-,Skin,shape,0000020E2E585000,2,1,0,0,-
1049,29266.033,0.0000,impact,ragdoll,Proventus Avenicci,0001A67D,NPC R Thigh [RThg],2,111.015,111.015,120.604,220.779,5.942,6.0000,20.487,-509.492,1090.962,-132.508,0.6619,0.0439,-0.7483,-48.006,154.456,150.273,-,Skin,shape,0000020E2E585900,5,1,0,0,-
1050,29266.033,0.0000,impact,ragdoll,Proventus Avenicci,0001A67D,NPC L Calf [LClf],5,123.758,123.758,108.855,265.292,6.729,6.0000,19.675,-509.643,1089.162,-132.654,0.6614,0.1847,-0.7269,-186.434,183.213,45.334,-,Skin,shape,0000020E2E585000,2,0,1,0,-
1051,29266.033,0.0000,impact,ragdoll,Proventus Avenicci,0001A67D,NPC R Thigh [RThg],2,123.758,123.758,108.855,220.779,5.942,6.0000,20.487,-509.643,1089.162,-132.654,0.6614,0.1847,-0.7269,-48.006,154.456,150.273,-,Skin,shape,0000020E2E585900,5,0,1,0,-
1052,29283.035,0.0000,impact,ragdoll,Proventus Avenicci,0001A67D,NPC L Calf [LClf],5,61.891,61.891,102.563,259.321,5.660,6.0000,19.675,-515.580,1086.083,-134.983,0.7953,0.1470,-0.5881,-164.781,193.450,51.687,-,Skin,shape,0000020E2E584D00,4,1,1,0,-
1053,29283.036,0.0000,impact,ragdoll,Proventus Avenicci,0001A67D,NPC R Calf [RClf],4,61.891,61.891,102.563,217.234,5.959,6.0000,19.675,-515.580,1086.083,-134.983,0.7953,0.1470,-0.5881,-45.397,177.113,117.305,-,Skin,shape,0000020E2E585900,5,1,1,0,-
1054,29317.115,0.0000,impact,ragdoll,Proventus Avenicci,0001A67D,NPC Spine [Spn0],3,164.549,164.549,187.939,264.098,1.096,4.0000,17.297,-505.528,1140.385,-106.284,-0.4377,-0.4903,-0.7537,-77.446,141.540,209.084,-,Skin,shape,0000020E2E516800,16,1,1,0,-
1055,29317.116,0.0000,impact,ragdoll,Proventus Avenicci,0001A67D,NPC L Hand [LHnd],16,164.549,164.549,187.939,258.583,24.763,4.0000,8.334,-505.528,1140.385,-106.284,-0.4377,-0.4903,-0.7537,-208.160,137.700,67.626,-,Skin,shape,0000020E2E584700,3,1,1,0,-
1056,29317.119,0.0000,impact,ragdoll,Proventus Avenicci,0001A67D,NPC Spine1 [Spn1],6,53.709,53.709,65.139,235.828,4.958,4.0000,18.878,-506.113,1149.534,-111.408,-0.7631,-0.5031,-0.4057,-56.123,135.026,185.022,-,Skin,shape,0000020E2E516B00,14,1,1,0,-
1057,29317.119,0.0000,impact,ragdoll,Proventus Avenicci,0001A67D,NPC L Forearm [LLar],14,53.709,53.709,65.139,187.815,9.824,2.0000,11.658,-506.113,1149.534,-111.408,-0.7631,-0.5031,-0.4057,-80.749,121.793,117.986,-,Skin,shape,0000020E2E584400,6,1,1,0,-
1058,29317.639,0.0000,impact,ragdoll,Proventus Avenicci,0001A67D,NPC Spine1 [Spn1],6,21.464,21.464,115.050,221.522,4.516,4.0000,18.878,-508.021,1144.107,-104.706,-0.6796,-0.0998,-0.7267,-62.634,135.871,163.365,-,Skin,shape,0000020E2E516800,16,1,1,0,-
1059,29317.639,0.0000,impact,ragdoll,Proventus Avenicci,0001A67D,NPC L Hand [LHnd],16,21.464,21.464,115.050,314.816,11.956,4.0000,8.334,-508.021,1144.107,-104.706,-0.6796,-0.0998,-0.7267,-127.150,220.690,185.035,-,Skin,shape,0000020E2E584400,6,1,1,0,-
1060,29370.570,0.0000,impact,ragdoll,Proventus Avenicci,0001A67D,NPC L Foot [Lft ],7,571.864,571.864,68.545,348.047,25.943,3.0000,10.011,-525.929,1087.764,-160.607,-0.0000,-1.0000,0.0000,-153.139,303.429,-74.939,Static,WoodStairs,shape,0000020D52E22200,-,1,1,0,-
1061,29371.037,0.0000,impact,ragdoll,Proventus Avenicci,0001A67D,NPC L Thigh [LThg],1,80.473,80.473,39.346,215.308,3.038,6.0000,20.487,-524.112,1105.866,-122.525,0.6139,0.7627,-0.2038,-122.929,131.166,118.495,-,Skin,shape,0000020E2E584D00,4,1,1,0,-
1062,29371.037,0.0000,impact,ragdoll,Proventus Avenicci,0001A67D,NPC R Calf [RClf],4,80.473,80.473,39.346,239.528,2.688,6.0000,19.675,-524.112,1105.866,-122.525,0.6139,0.7627,-0.2038,-90.436,209.643,72.420,-,Skin,shape,0000020E2E585C00,1,1,1,0,-
1063,29406.619,0.0000,impact,ragdoll,Proventus Avenicci,0001A67D,NPC L Calf [LClf],5,50.632,50.632,55.695,266.925,4.623,6.0000,19.675,-536.422,1109.392,-140.059,0.9472,-0.3138,-0.0655,-126.552,230.256,47.071,-,Skin,shape,0000020E2E584A00,8,1,0,0,-
1064,29406.619,0.0000,impact,ragdoll,Proventus Avenicci,0001A67D,NPC R Foot [Rft ],8,50.632,50.632,55.695,240.303,2.384,3.0000,10.011,-536.422,1109.392,-140.059,0.9472,-0.3138,-0.0655,-78.196,222.235,47.353,-,Skin,shape,0000020E2E585900,5,1,0,0,-
1065,29406.620,0.0000,impact,ragdoll,Proventus Avenicci,0001A67D,NPC L Calf [LClf],5,50.270,50.270,83.898,266.925,4.623,6.0000,19.675,-538.017,1105.908,-143.983,0.9442,-0.3110,-0.1087,-126.552,230.256,47.071,-,Skin,shape,0000020E2E584A00,8,0,1,0,-
1066,29406.620,0.0000,impact,ragdoll,Proventus Avenicci,0001A67D,NPC R Foot [Rft ],8,50.270,50.270,83.898,240.303,2.384,3.0000,10.011,-538.017,1105.908,-143.983,0.9442,-0.3110,-0.1087,-78.196,222.235,47.353,-,Skin,shape,0000020E2E585900,5,0,1,0,-
1067,29424.509,0.0000,impact,ragdoll,Proventus Avenicci,0001A67D,NPC L Calf [LClf],5,172.154,172.154,216.739,257.371,3.402,6.0000,19.675,-526.155,1119.432,-143.711,-0.0000,-0.8238,0.5669,-112.715,226.187,48.729,Static,WoodStairs,shape,0000020D52E22200,-,1,1,0,-
1068,29424.993,0.0000,impact,ragdoll,Proventus Avenicci,0001A67D,NPC R Foot [Rft ],8,144.261,144.261,192.515,246.430,2.035,3.0000,10.011,-543.511,1119.464,-143.670,-0.0000,-0.7305,0.6829,-93.015,226.197,30.181,Static,WoodStairs,shape,0000020D52E22200,-,1,0,0,-
1069,29424.994,0.0000,impact,ragdoll,Proventus Avenicci,0001A67D,NPC R Foot [Rft ],8,144.261,144.261,192.515,246.430,2.035,3.0000,10.011,-543.511,1119.464,-143.670,-0.0000,-0.7305,0.6829,-93.015,226.197,30.181,Static,WoodStairs,shape,0000020D52E22200,-,0,1,0,-
1070,29637.497,0.0000,impact,ragdoll,Proventus Avenicci,0001A67D,NPC R Foot [Rft ],8,79.466,79.466,242.201,257.418,2.879,3.0000,10.011,-567.934,1151.446,-135.671,-0.0000,-0.3422,0.9396,-136.661,217.780,-12.644,Static,Wood,shape,0000020D52E22200,-,1,1,0,-
1071,29690.999,0.0000,impact,ragdoll,Proventus Avenicci,0001A67D,NPC Spine1 [Spn1],6,11.366,11.366,16.883,273.378,1.167,4.0000,18.878,-550.408,1219.980,-83.187,-0.1816,-0.3080,-0.9339,-123.065,238.632,-51.434,-,Skin,shape,0000020E2E516800,16,1,1,0,-
1072,29691.000,0.0000,impact,ragdoll,Proventus Avenicci,0001A67D,NPC L Hand [LHnd],16,11.366,11.366,16.883,282.380,2.471,4.0000,8.334,-550.408,1219.980,-83.187,-0.1816,-0.3080,-0.9339,-147.454,234.277,-55.768,-,Skin,shape,0000020E2E584400,6,1,1,0,-
1073,29691.003,0.0000,impact,ragdoll,Proventus Avenicci,0001A67D,NPC Head [Head],13,25.074,25.074,257.712,256.035,1.194,4.0000,15.108,-549.693,1252.340,-115.559,0.0001,-0.0022,1.0000,-94.470,236.738,-24.176,Static,WoodStairs,shape,0000020D52D71600,-,1,1,0,-
1074,29745.750,0.0000,impact,ragdoll,Proventus Avenicci,0001A67D,NPC Spine2 [Spn2],9,192.572,192.572,209.946,282.803,1.242,7.0000,23.052,-563.325,1247.765,-115.624,0.0001,-0.5506,0.8348,-117.950,249.333,-62.435,Static,WoodStairs,shape,0000020D52D71600,-,1,0,0,-
1075,29745.752,0.0000,impact,ragdoll,Proventus Avenicci,0001A67D,NPC Spine2 [Spn2],9,192.572,192.572,209.946,282.803,1.242,7.0000,23.052,-563.325,1247.765,-115.624,0.0001,-0.5506,0.8348,-117.950,249.333,-62.435,Static,WoodStairs,shape,0000020D52D71600,-,0,0,0,-
1076,29745.752,0.0000,impact,ragdoll,Proventus Avenicci,0001A67D,NPC Spine2 [Spn2],9,258.605,258.605,121.249,282.803,1.242,7.0000,23.052,-563.623,1247.791,-117.579,-0.0000,-1.0000,0.0000,-117.950,249.333,-62.435,Static,WoodStairs,shape,0000020D52D71600,-,0,1,0,-
1077,29745.754,0.0000,impact,ragdoll,Proventus Avenicci,0001A67D,NPC R UpperArm [RUar],12,72.763,72.763,286.102,297.367,1.186,2.0000,14.463,-579.177,1251.189,-115.557,0.0001,-0.0022,1.0000,-111.867,264.381,-77.560,Static,WoodStairs,shape,0000020D52D71600,-,1,0,0,-
1078,29745.754,0.0000,impact,ragdoll,Proventus Avenicci,0001A67D,NPC R UpperArm [RUar],12,72.003,72.003,286.208,297.367,1.186,2.0000,14.463,-579.194,1251.465,-115.557,0.0000,0.0000,1.0000,-111.867,264.381,-77.560,Static,WoodStairs,shape,0000020D52D71600,-,0,1,0,-
1079,29766.034,0.0000,impact,ragdoll,Proventus Avenicci,0001A67D,NPC L Hand [LHnd],16,188.034,188.034,62.834,311.281,6.359,4.0000,8.334,-558.426,1238.780,-93.287,-0.0360,-0.2669,0.9631,-161.200,251.527,-87.435,-,Skin,shape,0000020E2E584100,9,1,1,0,-
1080,29766.035,0.0000,impact,ragdoll,Proventus Avenicci,0001A67D,NPC Spine2 [Spn2],9,188.034,188.034,62.834,127.563,6.377,7.0000,23.052,-558.426,1238.780,-93.287,-0.0360,-0.2669,0.9631,-55.464,91.047,70.047,-,Skin,shape,0000020E2E516800,16,1,1,0,-
1081,29783.125,0.0000,impact,ragdoll,Proventus Avenicci,0001A67D,NPC Head [Head],13,84.432,84.432,216.629,180.179,18.650,4.0000,15.108,-558.547,1279.524,-106.455,-0.0000,-1.0000,-0.0000,-157.434,81.771,31.500,Static,WoodStairs,shape,0000020D52D71600,-,0,1,0,-
1082,29822.734,0.0000,impact,ragdoll,Proventus Avenicci,0001A67D,NPC R Calf [RClf],4,22.975,22.975,194.296,311.354,14.936,6.0000,19.675,-592.913,1184.722,-135.650,0.0000,0.0000,1.0000,-234.155,202.934,-30.508,Static,Wood,shape,0000020D52E22200,-,1,1,0,-
1083,29839.952,0.0000,impact,ragdoll,Proventus Avenicci,0001A67D,NPC R Foot [Rft ],8,18.781,18.781,231.219,308.785,19.234,3.0000,10.011,-595.590,1183.556,-135.650,0.0000,-0.0000,1.0000,-175.464,246.292,-62.460,Static,Wood,shape,0000020D52E22200,-,1,1,0,-
1084,29857.018,0.0000,impact,ragdoll,Proventus Avenicci,0001A67D,NPC R Foot [Rft ],8,88.981,88.981,293.371,300.004,19.632,3.0000,10.011,-604.600,1184.462,-135.650,0.0000,0.0000,1.0000,-178.314,237.486,-42.506,Static,Wood,shape,0000020D52E22200,-,0,1,0,-
1085,29857.562,0.0000,impact,ragdoll,Proventus Avenicci,0001A67D,NPC L Foot [Lft ],7,136.281,136.281,320.476,399.802,35.766,3.0000,10.011,-596.754,1167.288,-135.650,0.0000,0.0000,1.0000,-283.452,134.131,-248.004,Static,Wood,shape,0000020D52E22200,-,1,1,0,-
1086,29857.569,0.0000,impact,ragdoll,Proventus Avenicci,0001A67D,NPC R Hand [RHnd],17,82.234,82.234,196.109,223.465,16.038,4.0000,8.334,-600.070,1279.574,-101.727,-0.0000,-0.8557,0.5175,-183.595,120.867,40.256,Static,WoodStairs,shape,0000020D52D71600,-,1,0,0,-
1087,29857.569,0.0000,impact,ragdoll,Proventus Avenicci,0001A67D,NPC R Hand [RHnd],17,82.234,82.234,196.109,223.465,16.038,4.0000,8.334,-600.070,1279.574,-101.727,-0.0000,-0.8557,0.5175,-183.595,120.867,40.256,Static,WoodStairs,shape,0000020D52D71600,-,0,1,0,-
1088,29874.644,0.0000,impact,ragdoll,Proventus Avenicci,0001A67D,NPC L Foot [Lft ],7,203.970,203.970,197.534,329.237,33.789,3.0000,10.011,-605.471,1166.174,-135.650,-0.0000,0.0000,1.0000,-277.138,151.202,-93.434,Static,Wood,shape,0000020D52E22200,-,0,1,0,-
1089,29907.810,0.0000,impact,ragdoll,Proventus Avenicci,0001A67D,NPC R Forearm [RLar],15,134.822,134.822,190.749,179.033,8.555,6.0000,11.658,-607.308,1279.524,-102.142,-0.0000,-1.0000,0.0000,-111.772,138.614,18.598,Static,WoodStairs,shape,0000020D52D71600,-,0,1,0,-
1090,29908.321,0.0000,impact,ragdoll,Proventus Avenicci,0001A67D,NPC L Hand [LHnd],16,28.561,28.561,126.745,143.520,14.689,4.0000,8.334,-571.686,1257.638,-87.063,-0.0821,0.8198,0.5667,-36.527,138.634,-6.661,-,Skin,shape,0000020E2E584100,9,1,1,0,-
1091,29908.321,0.0000,impact,ragdoll,Proventus Avenicci,0001A67D,NPC Spine2 [Spn2],9,28.561,28.561,126.745,197.161,7.273,7.0000,23.052,-571.686,1257.638,-87.063,-0.0821,0.8198,0.5667,-151.667,76.029,100.445,-,Skin,shape,0000020E2E516800,16,1,1,0,-
1092,29924.718,0.0000,impact,ragdoll,Proventus Avenicci,0001A67D,NPC R Calf [RClf],4,161.897,161.897,230.612,286.512,4.336,6.0000,19.675,-613.112,1215.758,-129.700,-0.0000,-0.8109,0.5852,-205.401,199.305,13.299,Static,WoodStairs,shape,0000020D52D71600,-,1,0,0,-
1093,29924.719,0.0000,impact,ragdoll,Proventus Avenicci,0001A67D,NPC R Calf [RClf],4,161.897,161.897,230.612,286.512,4.336,6.0000,19.675,-613.112,1215.758,-129.700,-0.0000,-0.8109,0.5852,-205.401,199.305,13.299,Static,WoodStairs,shape,0000020D52D71600,-,0,1,0,-
1094,29924.725,0.0000,impact,ragdoll,Proventus Avenicci,0001A67D,NPC Head [Head],13,35.291,35.291,63.787,99.874,7.944,4.0000,15.108,-568.255,1279.524,-103.755,-0.0000,-1.0000,0.0000,-40.461,34.576,84.511,Static,WoodStairs,shape,0000020D52D71600,-,0,0,0,-
1095,29924.726,0.0000,impact,ragdoll,Proventus Avenicci,0001A67D,NPC Head [Head],13,35.281,35.281,63.780,99.874,7.944,4.0000,15.108,-568.255,1279.524,-103.759,-0.0000,-1.0000,0.0000,-40.461,34.576,84.511,Static,WoodStairs,shape,0000020D52D71600,-,0,1,0,-
1096,29941.390,0.0000,impact,ragdoll,Proventus Avenicci,0001A67D,NPC R Calf [RClf],4,207.655,207.655,193.952,256.765,4.112,6.0000,19.675,-634.219,1219.838,-106.693,1.0000,-0.0000,0.0000,-210.321,140.511,44.159,Static,Stone,shape,0000020D52D71600,-,0,1,0,-
1097,29941.804,0.0000,impact,ragdoll,Proventus Avenicci,0001A67D,NPC R Calf [RClf],4,39.098,39.098,187.034,140.163,5.573,6.0000,19.675,-634.274,1216.232,-106.918,0.9945,-0.1045,0.0000,-54.446,117.787,-52.985,Static,Stone,shape,0000020D52D71600,-,0,0,0,-
1098,29941.805,0.0000,impact,ragdoll,Proventus Avenicci,0001A67D,NPC R Calf [RClf],4,75.521,75.521,109.086,140.163,5.573,6.0000,19.675,-617.802,1215.785,-130.135,-0.0000,-1.0000,0.0000,-54.446,117.787,-52.985,Static,WoodStairs,shape,0000020D52D71600,-,0,1,0,-
1099,29941.809,0.0000,impact,ragdoll,Proventus Avenicci,0001A67D,NPC R Forearm [RLar],15,18.239,18.239,191.688,134.058,6.834,6.0000,11.658,-614.059,1279.524,-102.120,-0.0000,-1.0000,-0.0000,-130.113,32.281,0.234,Static,WoodStairs,shape,0000020D52D71600,-,0,1,0,-
1100,29959.568,0.0000,impact,ragdoll,Proventus Avenicci,0001A67D,NPC R Thigh [RThg],2,21.334,21.334,141.959,179.592,9.159,6.0000,20.487,-634.219,1223.086,-104.651,1.0000,-0.0000,-0.0000,-83.712,158.258,14.139,Static,Stone,shape,0000020D52D71600,-,1,1,0,-
1101,29959.582,0.0000,impact,ragdoll,Proventus Avenicci,0001A67D,NPC Head [Head],13,26.127,26.127,11.337,92.529,9.305,4.0000,15.108,-569.883,1279.524,-101.905,-0.0000,-0.9999,0.0104,-67.643,25.713,57.662,Static,WoodStairs,shape,0000020D52D71600,-,0,1,0,-
1102,29960.096,0.0000,impact,ragdoll,Proventus Avenicci,0001A67D,NPC R Thigh [RThg],2,59.833,59.833,146.978,150.988,7.033,6.0000,20.487,-614.647,1214.888,-94.636,-0.1786,0.9588,-0.2211,-55.813,136.650,31.764,-,Skin,shape,0000020E2E585C00,1,0,1,0,-
1103,29960.096,0.0000,impact,ragdoll,Proventus Avenicci,0001A67D,NPC L Thigh [LThg],1,59.833,59.833,146.978,304.786,4.711,6.0000,20.487,-614.647,1214.888,-94.636,-0.1786,0.9588,-0.2211,-232.760,171.522,96.425,-,Skin,shape,0000020E2E585000,2,0,1,0,-
1104,29995.232,0.0000,impact,ragdoll,Proventus Avenicci,0001A67D,NPC L Hand [LHnd],16,38.025,38.025,162.891,194.728,11.314,4.0000,8.334,-577.417,1272.422,-89.665,-0.4088,0.0478,0.9114,-181.387,46.301,53.608,-,Skin,shape,0000020E2E517A00,13,1,1,0,-
1105,29995.233,0.0000,impact,ragdoll,Proventus Avenicci,0001A67D,NPC Head [Head],13,38.025,38.025,162.891,175.925,4.593,4.0000,15.108,-577.417,1272.422,-89.665,-0.4088,0.0478,0.9114,-108.867,52.382,127.882,-,Skin,shape,0000020E2E516800,16,1,1,0,-
1106,30012.658,0.0000,impact,ragdoll,Proventus Avenicci,0001A67D,NPC R Hand [RHnd],17,178.886,178.886,45.219,179.788,8.986,4.0000,8.334,-634.219,1277.362,-97.435,1.0000,-0.0000,0.0000,-179.127,15.257,2.163,Static,Stone,shape,0000020D52D71600,-,0,1,0,-
1107,30013.200,0.0000,impact,ragdoll,Proventus Avenicci,0001A67D,NPC L Calf [LClf],5,237.793,237.793,130.852,274.415,4.869,6.0000,19.675,-634.245,1215.908,-93.442,0.9240,-0.3824,-0.0000,-200.946,165.527,86.746,Static,Stone,shape,0000020D52D71600,-,1,0,0,-
1108,30013.200,0.0000,impact,ragdoll,Proventus Avenicci,0001A67D,NPC L Calf [LClf],5,237.793,237.793,130.852,274.415,4.869,6.0000,19.675,-634.245,1215.908,-93.442,0.9240,-0.3824,-0.0000,-200.946,165.527,86.746,Static,Stone,shape,0000020D52D71600,-,0,1,0,-
1109,30013.204,0.0000,impact,ragdoll,Proventus Avenicci,0001A67D,NPC L Foot [Lft ],7,233.570,233.570,266.036,320.415,6.196,3.0000,10.011,-644.100,1196.012,-117.149,1.0000,0.0000,0.0000,-229.928,200.398,98.181,Static,Wood,shape,0000020E28066800,-,1,1,0,-
1110,30013.205,0.0000,impact,ragdoll,Proventus Avenicci,0001A67D,NPC R Foot [Rft ],8,22.159,22.159,24.544,54.063,6.757,3.0000,10.011,-627.608,1215.692,-131.238,-0.0000,-1.0000,-0.0000,-47.208,19.308,17.930,Static,WoodStairs,shape,0000020D52D71600,-,1,1,0,-
1111,30030.868,0.0000,impact,ragdoll,Proventus Avenicci,0001A67D,NPC L Thigh [LThg],1,147.826,147.826,157.239,258.313,4.777,6.0000,20.487,-634.219,1219.511,-86.938,1.0000,-0.0000,0.0000,-185.302,169.587,60.241,Static,Stone,shape,0000020D52D71600,-,1,1,0,-
1112,30048.930,0.0000,impact,ragdoll,Proventus Avenicci,0001A67D,NPC L Thigh [LThg],1,49.366,49.366,151.797,208.721,6.327,6.0000,20.487,-634.228,1224.393,-80.081,0.9945,-0.0000,0.1045,-69.854,191.008,46.915,Static,Wood,shape,0000020D52D71600,-,0,1,0,-
1113,30048.936,0.0000,impact,ragdoll,Proventus Avenicci,0001A67D,NPC L Calf [LClf],5,100.746,100.746,167.192,202.089,6.503,6.0000,19.675,-626.003,1227.687,-95.998,-0.0150,-0.8606,0.5091,121.327,142.912,75.473,-,Skin,shape,0000020E2E585000,2,1,1,0,-
1114,30048.936,0.0000,impact,ragdoll,Proventus Avenicci,0001A67D,NPC R Thigh [RThg],2,100.746,100.746,167.192,159.045,8.163,6.0000,20.487,-626.003,1227.687,-95.998,-0.0150,-0.8606,0.5091,-83.610,116.632,68.570,-,Skin,shape,0000020E2E585900,5,1,1,0,-
1115,30069.896,0.0000,impact,ragdoll,Proventus Avenicci,0001A67D,NPC L Calf [LClf],5,42.013,42.013,110.684,190.769,12.667,6.0000,19.675,-626.487,1227.337,-97.990,0.1198,-0.6906,0.7133,147.679,98.461,69.922,-,Skin,shape,0000020E2E585000,2,0,1,0,-
1116,30069.896,0.0000,impact,ragdoll,Proventus Avenicci,0001A67D,NPC R Thigh [RThg],2,42.013,42.013,110.684,170.967,9.676,6.0000,20.487,-626.487,1227.337,-97.990,0.1198,-0.6906,0.7133,-76.532,135.354,71.076,-,Skin,shape,0000020E2E585900,5,0,1,0,-
1117,30070.408,0.0000,impact,ragdoll,Proventus Avenicci,0001A67D,NPC L Thigh [LThg],1,10.924,10.924,36.651,124.912,10.243,6.0000,20.487,-634.219,1229.152,-79.995,0.9999,-0.0000,0.0159,-37.721,113.411,36.305,Static,Stone,shape,0000020D52D71600,-,0,1,0,-
1118,30070.413,0.0000,impact,ragdoll,Proventus Avenicci,0001A67D,NPC R Foot [Rft ],8,10.080,10.080,80.643,48.074,12.484,3.0000,10.011,-628.920,1215.698,-130.125,-0.0000,-1.0000,0.0000,-24.548,41.034,4.969,Static,WoodStairs,shape,0000020D52D71600,-,0,0,0,-
1119,30070.413,0.0000,impact,ragdoll,Proventus Avenicci,0001A67D,NPC R Foot [Rft ],8,15.068,15.068,80.214,48.074,12.484,3.0000,10.011,-628.788,1215.698,-129.970,-0.0000,-0.9945,0.1045,-24.548,41.034,4.969,Static,WoodStairs,shape,0000020D52D71600,-,0,1,0,-
1120,30086.061,0.0000,impact,ragdoll,Proventus Avenicci,0001A67D,NPC COM [COM ],0,146.972,146.972,113.487,211.343,7.168,50.0000,17.687,-634.232,1246.349,-79.906,0.9623,-0.0000,0.2721,-148.983,148.908,17.207,Static,Stone,shape,0000020D52D71600,-,1,0,0,-
1121,30086.063,0.0000,impact,ragdoll,Proventus Avenicci,0001A67D,NPC COM [COM ],0,146.972,146.972,113.487,211.343,7.168,50.0000,17.687,-634.232,1246.349,-79.906,0.9623,-0.0000,0.2721,-148.983,148.908,17.207,Static,Wood,shape,0000020D52D71600,-,0,1,0,-
1122,30086.585,0.0000,impact,ragdoll,Proventus Avenicci,0001A67D,NPC R Foot [Rft ],8,7.305,7.305,76.273,22.893,17.215,3.0000,10.011,-627.120,1215.699,-130.041,-0.0000,-1.0000,0.0000,-10.311,18.597,8.481,Static,WoodStairs,shape,0000020D52D71600,-,0,0,0,-
1123,30086.586,0.0000,impact,ragdoll,Proventus Avenicci,0001A67D,NPC R Foot [Rft ],8,19.863,19.863,75.122,22.893,17.215,3.0000,10.011,-626.816,1215.700,-129.830,-0.0000,-0.9772,0.2122,-10.311,18.597,8.481,Static,WoodStairs,shape,0000020D52D71600,-,0,1,0,-
1124,30143.217,0.0000,impact,ragdoll,Proventus Avenicci,0001A67D,NPC R UpperArm [RUar],12,32.342,32.342,174.640,188.334,8.545,2.0000,14.463,-602.275,1279.733,-101.588,-0.0000,-0.4028,0.9153,17.295,174.573,68.518,Static,WoodStairs,shape,0000020D52D71600,-,1,0,0,-
1125,30143.218,0.0000,impact,ragdoll,Proventus Avenicci,0001A67D,NPC R UpperArm [RUar],12,161.247,161.247,41.457,188.334,8.545,2.0000,14.463,-603.278,1279.722,-102.466,-0.0000,-1.0000,0.0000,17.295,174.573,68.518,Static,WoodStairs,shape,0000020D52D71600,-,0,0,0,-
1126,30143.218,0.0000,impact,ragdoll,Proventus Avenicci,0001A67D,NPC R UpperArm [RUar],12,32.342,32.342,174.640,188.334,8.545,2.0000,14.463,-602.275,1279.733,-101.588,-0.0000,-0.4028,0.9153,17.295,174.573,68.518,Static,WoodStairs,shape,0000020D52D71600,-,0,1,0,-
1127,30143.635,0.0000,impact,ragdoll,Proventus Avenicci,0001A67D,NPC R Thigh [RThg],2,31.289,31.289,120.088,126.494,5.693,6.0000,20.487,-634.219,1252.578,-82.231,1.0000,-0.0000,-0.0000,-16.359,112.510,55.449,Static,Stone,shape,0000020D52D71600,-,0,1,0,-
1128,30163.176,0.0000,impact,ragdoll,Proventus Avenicci,0001A67D,NPC R Calf [RClf],4,15.198,15.198,127.814,114.108,3.735,6.0000,19.675,-634.222,1216.092,-119.586,0.9945,-0.1045,0.0000,-14.621,71.146,88.007,Static,Stone,shape,0000020D52D71600,-,0,1,0,-
1129,30163.181,0.0000,impact,ragdoll,Proventus Avenicci,0001A67D,NPC R Foot [Rft ],8,97.075,97.075,180.694,170.162,9.315,3.0000,10.011,-632.160,1215.786,-129.734,-0.0000,-1.0000,0.0000,-59.827,82.813,136.081,Static,WoodStairs,shape,0000020D52D71600,-,1,1,0,-
1130,30163.905,0.0000,impact,ragdoll,Proventus Avenicci,0001A67D,NPC Spine1 [Spn1],6,169.453,169.453,76.249,179.612,6.319,4.0000,18.878,-615.670,1270.984,-92.303,0.0111,0.0530,0.9985,-32.859,176.578,-0.958,-,Skin,shape,0000020E2E517400,15,1,1,0,-
1131,30163.906,0.0000,impact,ragdoll,Proventus Avenicci,0001A67D,NPC R Forearm [RLar],15,169.453,169.453,76.249,129.294,17.080,6.0000,11.658,-615.670,1270.984,-92.303,0.0111,0.0530,0.9985,-0.889,73.740,106.200,-,Skin,shape,0000020E2E584400,6,1,1,0,-
1132,30163.907,0.0000,impact,ragdoll,Proventus Avenicci,0001A67D,NPC R Foot [Rft ],8,18.462,18.462,162.702,134.002,7.481,3.0000,10.011,-634.417,1215.727,-123.942,0.4334,-0.9012,-0.0000,-19.138,7.389,132.423,Static,Stone,shape,0000020D52D71600,-,0,0,0,-
1133,30163.908,0.0000,impact,ragdoll,Proventus Avenicci,0001A67D,NPC R Foot [Rft ],8,18.462,18.462,162.702,134.002,7.481,3.0000,10.011,-634.417,1215.727,-123.942,0.4334,-0.9012,-0.0000,-19.138,7.389,132.423,Static,Stone,shape,0000020D52D71600,-,0,1,0,-
1134,30163.909,0.0000,impact,ragdoll,Proventus Avenicci,0001A67D,NPC Spine2 [Spn2],9,114.754,114.754,85.705,202.632,7.047,7.0000,23.052,-613.805,1272.482,-93.245,0.4856,0.4340,0.7589,-68.538,190.545,7.396,-,Skin,shape,0000020E2E517400,15,1,1,0,-
1135,30163.909,0.0000,impact,ragdoll,Proventus Avenicci,0001A67D,NPC R Forearm [RLar],15,114.754,114.754,85.705,129.294,17.080,6.0000,11.658,-613.805,1272.482,-93.245,0.4856,0.4340,0.7589,-0.889,73.740,106.200,-,Skin,shape,0000020E2E584100,9,1,1,0,-
1136,30180.532,0.0000,impact,ragdoll,Proventus Avenicci,0001A67D,NPC R Foot [Rft ],8,8.916,8.916,82.276,115.823,7.486,3.0000,10.011,-634.394,1215.739,-121.860,0.4985,-0.8669,0.0000,28.557,32.777,107.355,Static,Stone,shape,0000020D52D71600,-,0,0,0,-
1137,30180.533,0.0000,impact,ragdoll,Proventus Avenicci,0001A67D,NPC R Foot [Rft ],8,8.916,8.916,82.276,115.823,7.486,3.0000,10.011,-634.394,1215.739,-121.860,0.4985,-0.8669,0.0000,28.557,32.777,107.355,Static,Stone,shape,0000020D52D71600,-,0,1,0,-
1138,30198.367,0.0000,impact,ragdoll,Proventus Avenicci,0001A67D,NPC Head [Head],13,188.909,188.909,143.093,224.073,8.256,4.0000,15.108,-591.369,1311.397,-87.774,-0.0000,-0.9216,0.3882,-90.561,204.957,-0.037,Static,WoodStairs,shape,0000020D52D71600,-,1,0,0,-
1139,30198.368,0.0000,impact,ragdoll,Proventus Avenicci,0001A67D,NPC Head [Head],13,188.909,188.909,143.093,224.073,8.256,4.0000,15.108,-591.369,1311.397,-87.774,-0.0000,-0.9216,0.3882,-90.561,204.957,-0.037,Static,WoodStairs,shape,0000020D52D71600,-,0,0,0,-
1140,30198.368,0.0000,impact,ragdoll,Proventus Avenicci,0001A67D,NPC Head [Head],13,213.072,213.072,100.849,224.073,8.256,4.0000,15.108,-591.475,1311.420,-88.932,-0.0000,-1.0000,0.0000,-90.561,204.957,-0.037,Static,WoodStairs,shape,0000020D52D71600,-,0,1,0,-
1141,30198.796,0.0000,impact,ragdoll,Proventus Avenicci,0001A67D,NPC Spine [Spn0],3,125.015,125.015,144.257,151.137,4.503,4.0000,17.297,-617.289,1273.655,-87.897,-0.4302,-0.2714,0.8610,-15.046,150.110,-9.113,-,Skin,shape,0000020E2E517400,15,1,1,0,-
1142,30198.796,0.0000,impact,ragdoll,Proventus Avenicci,0001A67D,NPC R Forearm [RLar],15,125.015,125.015,144.257,171.720,11.077,6.0000,11.658,-617.289,1273.655,-87.897,-0.4302,-0.2714,0.8610,18.283,112.948,128.048,-,Skin,shape,0000020E2E584700,3,1,1,0,-
1143,30232.438,0.0000,impact,ragdoll,Proventus Avenicci,0001A67D,NPC L Hand [LHnd],16,137.587,137.587,252.056,278.118,10.060,4.0000,8.334,-634.422,1315.904,-79.683,0.4198,0.0000,0.9076,-207.224,176.821,-56.054,Static,Stone,shape,0000020D52D71600,-,1,0,0,-
1144,30232.440,0.0000,impact,ragdoll,Proventus Avenicci,0001A67D,NPC L Hand [LHnd],16,137.587,137.587,252.056,278.118,10.060,4.0000,8.334,-634.422,1315.904,-79.683,0.4198,0.0000,0.9076,-207.224,176.821,-56.054,Static,Wood,shape,0000020D52D71600,-,0,1,0,-
1145,30335.068,0.0000,impact,ragdoll,Proventus Avenicci,0001A67D,NPC R UpperArm [RUar],12,97.378,97.378,122.248,146.331,3.345,2.0000,14.463,-600.660,1311.405,-87.758,-0.0000,-0.9004,0.4351,22.088,133.878,54.788,Static,WoodStairs,shape,0000020D52D71600,-,1,1,0,-
1146,30352.877,0.0000,impact,ragdoll,Proventus Avenicci,0001A67D,NPC R Hand [RHnd],17,162.987,162.987,144.986,178.749,14.093,4.0000,8.334,-625.068,1311.370,-96.758,-0.0000,-1.0000,-0.0000,73.031,163.144,-1.267,Static,WoodStairs,shape,0000020D52D71600,-,0,1,0,-
1147,30389.047,0.0000,impact,ragdoll,Proventus Avenicci,0001A67D,NPC R UpperArm [RUar],12,52.895,52.895,55.147,95.683,3.950,2.0000,14.463,-603.193,1311.436,-87.706,-0.0000,-0.8119,0.5838,0.650,92.674,23.796,Static,WoodStairs,shape,0000020D52D71600,-,0,1,0,-
1148,30426.963,0.0000,impact,ragdoll,Proventus Avenicci,0001A67D,NPC R Forearm [RLar],15,24.646,24.646,45.251,45.796,5.341,6.0000,11.658,-610.028,1311.370,-87.898,-0.0000,-0.9945,0.1045,44.833,6.487,6.727,Static,WoodStairs,shape,0000020D52D71600,-,0,1,0,-
1149,30462.641,0.0000,impact,ragdoll,Proventus Avenicci,0001A67D,NPC Spine [Spn0],3,37.460,37.460,73.395,125.147,2.373,4.0000,17.297,-613.831,1299.833,-87.463,-0.5323,-0.5276,0.6621,6.514,123.742,-17.534,-,Skin,shape,0000020E2E517400,15,1,1,0,-
1150,30462.641,0.0000,impact,ragdoll,Proventus Avenicci,0001A67D,NPC R Forearm [RLar],15,37.460,37.460,73.395,77.860,6.325,6.0000,11.658,-613.831,1299.833,-87.463,-0.5323,-0.5276,0.6621,23.968,73.665,7.818,-,Skin,shape,0000020E2E584700,3,1,1,0,-
1151,30482.305,0.0000,impact,ragdoll,Proventus Avenicci,0001A67D,NPC L Hand [LHnd],16,70.003,70.003,160.539,183.910,1.937,4.0000,8.334,-653.519,1344.729,-79.651,-0.0000,-0.0000,1.0000,-78.820,150.694,-70.013,Static,Wood,shape,0000020D52D71600,-,1,1,0,-
1152,30499.821,0.0000,impact,ragdoll,Proventus Avenicci,0001A67D,NPC Spine [Spn0],3,37.015,37.015,87.831,174.276,3.156,4.0000,17.297,-620.084,1301.873,-91.900,-0.1054,-0.3241,0.9401,-10.016,173.888,5.894,-,Skin,shape,0000020E2E517100,17,1,1,0,-
1153,30499.822,0.0000,impact,ragdoll,Proventus Avenicci,0001A67D,NPC R Hand [RHnd],17,37.015,37.015,87.831,112.769,13.431,4.0000,8.334,-620.084,1301.873,-91.900,-0.1054,-0.3241,0.9401,71.972,82.684,26.463,-,Skin,shape,0000020E2E584700,3,1,1,0,-
1154,30500.237,0.0000,impact,ragdoll,Proventus Avenicci,0001A67D,NPC R Forearm [RLar],15,92.951,92.951,86.785,131.840,4.421,6.0000,11.658,-608.646,1311.387,-87.801,-0.0000,-0.9502,0.3115,24.203,115.755,58.282,Static,WoodStairs,shape,0000020D52D71600,-,0,0,0,-
1155,30500.238,0.0000,impact,ragdoll,Proventus Avenicci,0001A67D,NPC R Forearm [RLar],15,112.336,112.336,57.271,131.840,4.421,6.0000,11.658,-609.264,1311.387,-88.510,-0.0000,-1.0000,0.0000,24.203,115.755,58.282,Static,WoodStairs,shape,0000020D52D71600,-,0,1,0,-
1156,30519.137,0.0000,impact,ragdoll,Proventus Avenicci,0001A67D,NPC Spine2 [Spn2],9,14.198,14.198,115.867,176.113,4.432,7.0000,23.052,-611.902,1323.583,-87.560,0.0000,-0.0000,1.0000,-59.150,164.978,-17.300,Static,WoodStairs,shape,0000020D52D71600,-,1,1,0,-
1157,30519.144,0.0000,impact,ragdoll,Proventus Avenicci,0001A67D,NPC Head [Head],13,67.761,67.761,179.664,206.933,2.017,4.0000,15.108,-599.951,1343.755,-79.651,0.0000,0.0000,1.0000,-59.952,186.053,-67.905,Static,Wood,shape,0000020D52D71600,-,1,1,0,-
1158,30519.689,0.0000,impact,ragdoll,Proventus Avenicci,0001A67D,NPC Spine [Spn0],3,16.541,16.541,144.053,167.607,3.192,4.0000,17.297,-634.313,1302.764,-79.762,0.7307,-0.0000,0.6827,-27.715,164.343,17.761,Static,Stone,shape,0000020D52D71600,-,1,0,0,-
1159,30519.689,0.0000,impact,ragdoll,Proventus Avenicci,0001A67D,NPC Spine [Spn0],3,16.541,16.541,144.053,167.607,3.192,4.0000,17.297,-634.313,1302.764,-79.762,0.7307,-0.0000,0.6827,-27.715,164.343,17.761,Static,Wood,shape,0000020D52D71600,-,0,1,0,-
1160,30537.051,0.0000,impact,ragdoll,Proventus Avenicci,0001A67D,NPC R Foot [Rft ],8,212.755,212.755,59.384,212.950,4.789,3.0000,10.011,-620.644,1247.612,-115.854,0.0000,-0.9880,0.1543,-1.677,212.706,10.046,Static,WoodStairs,shape,0000020D52D71600,-,1,0,0,-
1161,30554.597,0.0000,impact,ragdoll,Proventus Avenicci,0001A67D,NPC COM [COM ],0,144.600,144.600,151.960,171.285,4.100,50.0000,17.687,-617.580,1304.127,-88.247,-0.4044,-0.3088,0.8609,-17.888,169.840,13.151,-,Skin,shape,0000020E2E517100,17,1,1,0,-
1162,30554.598,0.0000,impact,ragdoll,Proventus Avenicci,0001A67D,NPC R Hand [RHnd],17,144.600,144.600,151.960,154.391,8.571,4.0000,8.334,-617.580,1304.127,-88.247,-0.4044,-0.3088,0.8609,44.154,-18.737,146.751,-,-,-,0000020E2E585600,0,1,1,0,-
1163,30554.617,0.0000,impact,ragdoll,Proventus Avenicci,0001A67D,NPC R Thigh [RThg],2,117.177,117.177,132.981,182.388,3.626,6.0000,20.487,-612.898,1303.739,-85.900,-0.5779,-0.6513,0.4918,-39.710,176.791,20.823,-,Skin,shape,0000020E2E517400,15,1,1,0,-
1164,30554.617,0.0000,impact,ragdoll,Proventus Avenicci,0001A67D,NPC R Forearm [RLar],15,117.177,117.177,132.981,128.756,12.292,6.0000,11.658,-612.898,1303.739,-85.900,-0.5779,-0.6513,0.4918,43.658,73.731,96.104,-,Skin,shape,0000020E2E585000,2,1,1,0,-
1165,30554.618,0.0000,impact,ragdoll,Proventus Avenicci,0001A67D,NPC R Thigh [RThg],2,186.479,186.479,96.948,182.388,3.626,6.0000,20.487,-616.988,1302.717,-88.793,-0.2810,-0.6026,0.7469,-39.710,176.791,20.823,-,Skin,shape,0000020E2E517100,17,1,1,0,-
1166,30554.618,0.0000,impact,ragdoll,Proventus Avenicci,0001A67D,NPC R Hand [RHnd],17,186.479,186.479,96.948,154.391,8.571,4.0000,8.334,-616.988,1302.717,-88.793,-0.2810,-0.6026,0.7469,44.154,-18.737,146.751,-,Skin,shape,0000020E2E585000,2,1,1,0,-
1167,30554.622,0.0000,impact,ragdoll,Proventus Avenicci,0001A67D,NPC R Foot [Rft ],8,17.884,17.884,303.409,279.629,4.976,3.0000,10.011,-621.286,1247.672,-115.706,0.0001,-0.8158,0.5784,-5.160,168.196,223.329,Static,WoodStairs,shape,0000020D52D71600,-,1,0,0,-
1168,30554.623,0.0000,impact,ragdoll,Proventus Avenicci,0001A67D,NPC R Foot [Rft ],8,17.884,17.884,303.409,279.629,4.976,3.0000,10.011,-621.286,1247.672,-115.706,0.0001,-0.8158,0.5784,-5.160,168.196,223.329,Static,WoodStairs,shape,0000020D52D71600,-,0,0,0,-
1169,30554.623,0.0000,impact,ragdoll,Proventus Avenicci,0001A67D,NPC R Foot [Rft ],8,191.282,191.282,237.615,279.629,4.976,3.0000,10.011,-621.390,1247.682,-116.059,-0.0000,-1.0000,0.0000,-5.160,168.196,223.329,Static,WoodStairs,shape,0000020D52D71600,-,0,0,0,-
1170,30572.195,0.0000,impact,ragdoll,Proventus Avenicci,0001A67D,NPC Spine2 [Spn2],9,103.841,103.841,80.671,151.398,3.378,7.0000,23.052,-619.334,1343.347,-79.728,-0.0000,-0.6255,0.7803,-23.665,149.505,-3.100,Static,Wood,shape,0000020D52D71600,-,0,0,0,-
1171,30572.196,0.0000,impact,ragdoll,Proventus Avenicci,0001A67D,NPC Spine2 [Spn2],9,103.841,103.841,80.671,151.398,3.378,7.0000,23.052,-619.334,1343.347,-79.728,-0.0000,-0.6255,0.7803,-23.665,149.505,-3.100,Static,WoodStairs,shape,0000020D52D71600,-,0,0,0,-
1172,30572.196,0.0000,impact,ragdoll,Proventus Avenicci,0001A67D,NPC Spine2 [Spn2],9,108.707,108.707,27.747,151.398,3.378,7.0000,23.052,-617.000,1343.406,-87.322,-0.0000,-1.0000,0.0000,-23.665,149.505,-3.100,Static,WoodStairs,shape,0000020D52D71600,-,0,1,0,-
1173,30606.109,0.0000,impact,ragdoll,Proventus Avenicci,0001A67D,NPC R Calf [RClf],4,93.184,93.184,20.159,200.303,10.495,6.0000,19.675,-623.681,1279.870,-101.862,-0.0000,-1.0000,0.0000,-41.149,157.361,116.901,Static,WoodStairs,shape,0000020D52D71600,-,0,1,0,-
1174,30606.117,0.0000,impact,ragdoll,Proventus Avenicci,0001A67D,NPC R Hand [RHnd],17,14.068,14.068,49.843,116.038,16.619,4.0000,8.334,-612.056,1311.370,-88.346,-0.0000,-1.0000,0.0000,58.137,14.223,99.412,Static,WoodStairs,shape,0000020D52D71600,-,1,0,0,-
1175,30606.117,0.0000,impact,ragdoll,Proventus Avenicci,0001A67D,NPC R Hand [RHnd],17,12.419,12.419,49.699,116.038,16.619,4.0000,8.334,-612.061,1311.370,-88.527,-0.0000,-1.0000,0.0000,58.137,14.223,99.412,Static,WoodStairs,shape,0000020D52D71600,-,0,1,0,-
1176,30606.529,0.0000,impact,ragdoll,Proventus Avenicci,0001A67D,NPC R Thigh [RThg],2,29.087,29.087,116.089,114.578,4.158,6.0000,20.487,-634.219,1285.357,-90.084,1.0000,-0.0000,-0.0000,-42.305,102.518,28.782,Static,Stone,shape,0000020D52D71600,-,1,1,0,-
1177,30606.532,0.0000,impact,ragdoll,Proventus Avenicci,0001A67D,NPC Spine2 [Spn2],9,161.173,161.173,70.404,182.706,0.634,7.0000,23.052,-614.163,1343.464,-87.254,-0.0000,-1.0000,0.0000,-17.487,168.345,68.816,Static,WoodStairs,shape,0000020D52D71600,-,0,1,0,-
1178,30624.460,0.0000,impact,ragdoll,Proventus Avenicci,0001A67D,NPC R Thigh [RThg],2,49.167,49.167,137.759,150.913,4.149,6.0000,20.487,-634.220,1297.780,-80.032,0.9945,-0.0000,0.1045,-40.625,130.941,63.078,Static,Wood,shape,0000020D52D71600,-,0,0,0,-
1179,30624.462,0.0000,impact,ragdoll,Proventus Avenicci,0001A67D,NPC R Thigh [RThg],2,45.445,45.445,120.224,150.913,4.149,6.0000,20.487,-622.906,1311.513,-87.628,0.0000,-0.5914,0.8064,-40.625,130.941,63.078,Static,WoodStairs,shape,0000020D52D71600,-,0,1,0,-
1180,30624.467,0.0000,impact,ragdoll,Proventus Avenicci,0001A67D,NPC R Calf [RClf],4,14.215,14.215,141.165,261.285,10.014,6.0000,19.675,-634.219,1282.189,-92.654,1.0000,-0.0000,0.0000,-15.135,139.413,220.465,Static,Stone,shape,0000020D52D71600,-,0,1,0,-
1181,30624.902,0.0000,impact,ragdoll,Proventus Avenicci,0001A67D,NPC L Hand [LHnd],16,94.851,94.851,170.381,198.034,4.957,4.0000,8.334,-659.369,1371.166,-78.143,-0.5092,-0.4791,0.7150,8.582,197.758,5.954,Static,Carpet,shape,0000020E28304100,-,1,1,0,-
1182,30641.959,0.0000,impact,ragdoll,Proventus Avenicci,0001A67D,NPC R Thigh [RThg],2,33.848,33.848,130.812,176.456,6.359,6.0000,20.487,-623.560,1311.528,-87.617,-0.0000,-0.5478,0.8366,-8.595,149.227,93.778,Static,WoodStairs,shape,0000020D52D71600,-,0,0,0,-
1183,30641.962,0.0000,impact,ragdoll,Proventus Avenicci,0001A67D,NPC R Thigh [RThg],2,125.219,125.219,47.271,176.456,6.359,6.0000,20.487,-623.869,1311.528,-87.916,-0.0000,-1.0000,0.0000,-8.595,149.227,93.778,Static,WoodStairs,shape,0000020D52D71600,-,0,1,0,-
1184,30642.511,0.0000,impact,ragdoll,Proventus Avenicci,0001A67D,NPC R UpperArm [RUar],12,12.902,12.902,137.777,164.833,4.808,2.0000,14.463,-599.597,1343.439,-79.675,-0.0000,-0.3618,0.9322,-32.621,152.145,54.386,Static,Wood,shape,0000020D52D71600,-,1,0,0,-
1185,30642.511,0.0000,impact,ragdoll,Proventus Avenicci,0001A67D,NPC R UpperArm [RUar],12,12.902,12.902,137.777,164.833,4.808,2.0000,14.463,-599.597,1343.439,-79.675,0.0000,-0.3618,0.9322,-32.621,152.145,54.386,Static,WoodStairs,shape,0000020D52D71600,-,0,1,0,-
1186,30659.145,0.0000,impact,ragdoll,Proventus Avenicci,0001A67D,NPC Head [Head],13,97.667,97.667,149.393,185.526,3.291,4.0000,15.108,-607.287,1371.129,-78.084,0.0000,-0.5534,0.8329,-72.118,170.906,-3.157,Static,Carpet,shape,0000020E28304100,-,1,1,0,-
1187,30678.022,0.0000,impact,ragdoll,Proventus Avenicci,0001A67D,NPC L Thigh [LThg],1,37.923,37.923,196.721,228.326,5.879,6.0000,20.487,-640.908,1321.064,-79.651,0.0000,0.0000,1.0000,-108.485,185.199,-77.876,Static,Wood,shape,0000020D52D71600,-,1,1,0,-
1188,30783.862,0.0000,impact,ragdoll,Proventus Avenicci,0001A67D,NPC Spine [Spn0],3,11.677,11.677,144.656,199.208,5.108,4.0000,17.297,-639.032,1345.358,-79.651,0.0000,-0.0000,1.0000,-79.103,182.806,2.966,Static,Wood,shape,0000020D52D71600,-,0,1,0,-
1189,30783.883,0.0000,impact,ragdoll,Proventus Avenicci,0001A67D,NPC Spine2 [Spn2],9,72.776,72.776,178.369,209.033,2.658,7.0000,23.052,-628.612,1371.267,-78.020,0.0000,-0.2769,0.9609,-79.701,192.838,-12.502,Static,Carpet,shape,0000020E28304100,-,1,1,0,-
1190,30783.888,0.0000,impact,ragdoll,Proventus Avenicci,0001A67D,NPC L Hand [LHnd],16,55.691,55.691,215.747,217.098,2.991,4.0000,8.334,-670.300,1395.352,-79.651,-0.0000,-0.0000,1.0000,-74.830,196.043,-55.669,Static,Wood,shape,0000020D52D71600,-,1,1,0,-
1191,30821.544,0.0000,impact,ragdoll,Proventus Avenicci,0001A67D,NPC L Calf [LClf],5,151.495,151.495,233.858,296.374,7.165,6.0000,19.675,-677.229,1336.466,-79.651,0.0000,0.0000,1.0000,-144.883,193.969,-170.946,Static,Wood,shape,0000020D52D71600,-,1,1,0,-
1192,30821.726,0.0000,impact,ragdoll,Proventus Avenicci,0001A67D,NPC R Hand [RHnd],17,213.213,217.502,134.815,242.658,7.795,4.0000,8.334,-610.488,1343.616,-79.308,-0.0000,-0.8249,0.5653,-21.369,239.848,-29.987,Static,Wood,shape,0000020D52D71600,-,0,0,0,-
1193,30840.018,0.0000,impact,ragdoll,Proventus Avenicci,0001A67D,NPC R Forearm [RLar],15,9.270,9.270,244.305,200.107,6.630,6.0000,11.658,-611.738,1345.081,-79.651,-0.0000,0.0000,1.0000,-73.006,186.268,4.163,Static,Wood,shape,0000020D52D71600,-,1,1,0,-
1194,30857.648,0.0000,impact,ragdoll,Proventus Avenicci,0001A67D,NPC L Calf [LClf],5,184.150,184.150,148.914,230.513,12.498,6.0000,19.675,-690.026,1360.337,-79.663,0.0000,0.0000,1.0000,-120.676,182.956,-71.418,Static,Wood,shape,0000020D52D71600,-,0,1,0,-
1195,30857.656,0.0000,impact,ragdoll,Proventus Avenicci,0001A67D,NPC L Hand [LHnd],16,57.898,57.898,214.905,218.478,9.155,4.0000,8.334,-674.630,1408.948,-79.650,0.0000,-0.0000,1.0000,-60.962,201.657,-57.885,Static,Wood,shape,0000020E28032200,-,1,1,0,-
1196,30858.296,0.0000,impact,ragdoll,Proventus Avenicci,0001A67D,NPC L Forearm [LLar],14,13.045,13.045,227.569,234.161,2.105,2.0000,11.658,-668.800,1410.909,-79.650,0.0000,-0.0000,1.0000,-63.736,224.397,-20.372,Static,Wood,shape,0000020E28032200,-,1,1,0,-
1197,30875.955,0.0000,impact,ragdoll,Proventus Avenicci,0001A67D,NPC Spine [Spn0],3,19.744,19.744,194.149,210.067,2.845,4.0000,17.297,-636.625,1361.771,-79.743,0.0000,0.0000,1.0000,-84.739,190.912,-22.365,Static,Wood,shape,0000020D52D71600,-,0,1,0,-
1198,30876.551,0.0000,impact,ragdoll,Proventus Avenicci,0001A67D,NPC L Calf [LClf],5,136.070,136.070,153.065,198.184,13.919,6.0000,19.675,-697.547,1365.343,-79.651,-0.0000,-0.0000,1.0000,-91.524,170.990,-40.775,Static,Wood,shape,0000020D52D71600,-,0,1,0,-
1199,30894.309,0.0000,impact,ragdoll,Proventus Avenicci,0001A67D,NPC L Calf [LClf],5,9.081,9.081,82.990,145.612,5.970,6.0000,19.675,-697.245,1362.706,-79.659,0.0000,0.0000,1.0000,-59.006,131.743,19.105,Static,Wood,shape,0000020D52D71600,-,0,1,0,-
1200,30894.313,0.0000,impact,ragdoll,Proventus Avenicci,0001A67D,NPC L UpperArm [LUar],10,12.110,12.110,187.198,184.925,0.713,2.0000,14.463,-655.068,1410.707,-78.000,-0.0000,-0.0000,1.0000,-59.061,174.835,-11.919,Static,Carpet,shape,0000020E28304100,-,1,1,0,-
1201,30911.508,0.0000,impact,ragdoll,Proventus Avenicci,0001A67D,NPC Spine [Spn0],3,73.918,73.918,175.774,197.593,0.871,4.0000,17.297,-648.761,1371.203,-78.043,0.0000,-0.4045,0.9146,-77.733,181.661,0.044,Static,Carpet,shape,0000020E28304100,-,1,1,0,-
1202,30912.029,0.0000,impact,ragdoll,Proventus Avenicci,0001A67D,NPC Head [Head],13,6.079,6.079,166.811,188.467,1.945,4.0000,15.108,-622.890,1408.530,-79.650,-0.0000,0.0000,1.0000,-77.778,171.578,-5.624,Static,Wood,shape,0000020E280FC700,-,1,1,0,-
1203,30965.995,0.0000,impact,ragdoll,Proventus Avenicci,0001A67D,NPC L Thigh [LThg],1,34.830,34.830,196.410,157.777,3.568,6.0000,20.487,-682.946,1358.369,-79.662,0.0000,0.0000,1.0000,-73.828,139.423,-2.070,Static,Wood,shape,0000020D52D71600,-,0,1,0,-
1204,31018.982,0.0000,impact,ragdoll,Proventus Avenicci,0001A67D,NPC Spine2 [Spn2],9,6.905,6.905,179.455,165.225,1.339,7.0000,23.052,-641.132,1408.038,-79.674,0.0000,0.0000,1.0000,-64.399,152.121,-3.353,Static,Wood,shape,0000020D52D71600,-,1,1,0,-
1205,31035.212,0.0000,impact,ragdoll,Proventus Avenicci,0001A67D,NPC R UpperArm [RUar],12,45.530,45.530,180.097,164.954,1.634,2.0000,14.463,-627.824,1393.263,-78.000,-0.0000,0.0000,1.0000,-63.524,146.898,-39.946,Static,Carpet,shape,0000020E28304100,-,1,1,0,-
1206,31035.213,0.0000,impact,ragdoll,Proventus Avenicci,0001A67D,NPC Head [Head],13,13.292,13.292,178.890,167.488,1.692,4.0000,15.108,-631.238,1427.561,-78.000,0.0000,0.0000,1.0000,-68.330,152.278,-13.953,Static,Carpet,shape,0000020E28304100,-,1,1,0,-
1207,31035.694,0.0000,impact,ragdoll,Proventus Avenicci,0001A67D,NPC Spine2 [Spn2],9,5.761,5.761,167.730,158.901,0.694,7.0000,23.052,-641.156,1408.121,-79.698,0.0000,0.0000,1.0000,-61.765,146.394,-1.847,Static,Wood,shape,0000020D52D71600,-,1,1,0,-
1208,31035.710,0.0000,impact,ragdoll,Proventus Avenicci,0001A67D,NPC R Forearm [RLar],15,65.240,65.240,185.357,170.024,2.402,6.0000,11.658,-628.562,1376.253,-78.000,0.0000,0.0000,1.0000,-65.851,147.801,-52.214,Static,Carpet,shape,0000020E28304100,-,1,1,0,-
1209,31035.711,0.0000,impact,ragdoll,Proventus Avenicci,0001A67D,NPC R Hand [RHnd],17,108.748,108.748,158.413,188.839,2.758,4.0000,8.334,-627.473,1371.280,-78.016,0.0000,-0.2502,0.9682,-81.094,154.421,-72.375,Static,Carpet,shape,0000020E28304100,-,1,1,0,-
1210,31070.059,0.0000,impact,ragdoll,Proventus Avenicci,0001A67D,NPC R Hand [RHnd],17,6.927,6.927,165.100,150.536,3.718,4.0000,8.334,-629.446,1374.490,-79.651,0.0000,0.0000,1.0000,-56.293,139.440,-6.968,Static,Wood,shape,0000020D52D71600,-,1,1,0,-
1211,31105.630,0.0000,impact,ragdoll,Proventus Avenicci,0001A67D,NPC L Calf [LClf],5,61.702,61.702,139.409,149.173,1.075,6.0000,19.675,-712.249,1399.790,-79.651,0.0000,-0.0000,1.0000,-44.006,132.661,-52.127,Static,Wood,shape,0000020D52D71600,-,1,1,0,-
1212,31105.633,0.0000,impact,ragdoll,Proventus Avenicci,0001A67D,NPC L Foot [Lft ],7,69.835,69.835,144.414,159.847,0.897,3.0000,10.011,-722.852,1401.327,-79.651,0.0000,-0.0000,1.0000,-35.368,140.497,-67.534,Static,Wood,shape,0000020D52D71600,-,1,1,0,-
1213,31123.574,0.0000,impact,ragdoll,Proventus Avenicci,0001A67D,NPC COM [COM ],0,29.758,29.758,167.893,155.679,1.288,50.0000,17.687,-665.459,1392.733,-79.651,-0.0000,-0.0000,1.0000,-59.297,140.761,-30.104,Static,Wood,shape,0000020D52D71600,-,1,1,0,-
1214,31159.616,0.0000,impact,ragdoll,Proventus Avenicci,0001A67D,NPC L Thigh [LThg],1,33.343,33.343,138.419,125.708,3.044,6.0000,20.487,-693.420,1388.178,-79.651,-0.0000,0.0000,1.0000,-34.878,119.773,-15.505,Static,Wood,shape,0000020D52D71600,-,0,1,0,-
1215,31248.780,0.0000,impact,ragdoll,Proventus Avenicci,0001A67D,NPC R UpperArm [RUar],12,29.043,29.043,106.757,111.936,0.856,2.0000,14.463,-640.306,1419.825,-78.000,0.0000,-0.0000,1.0000,-48.113,95.709,-32.473,Static,Carpet,shape,0000020E28304100,-,1,1,0,-
1216,31282.680,0.0000,impact,ragdoll,Proventus Avenicci,0001A67D,NPC COM [COM ],0,7.704,7.704,116.925,98.093,1.908,50.0000,17.687,-671.999,1408.798,-79.650,-0.0000,-0.0000,1.0000,-34.443,91.211,-10.793,Static,Wood,shape,0000020E28032200,-,1,1,0,-
1217,31282.693,0.0000,impact,ragdoll,Proventus Avenicci,0001A67D,NPC Neck [Neck],11,13.885,13.885,91.137,97.166,1.089,6.0000,8.431,-649.133,1450.346,-78.000,0.0000,0.0000,1.0000,-47.005,83.897,-13.892,Static,Carpet,shape,0000020E28304100,-,1,1,0,-
1218,31374.124,0.0000,impact,ragdoll,Proventus Avenicci,0001A67D,NPC Head [Head],13,19.992,19.992,80.822,82.156,0.158,4.0000,15.108,-648.317,1463.788,-79.650,-0.0000,-0.0000,1.0000,-42.632,67.305,-20.052,Static,Wood,shape,0000020E28032200,-,1,1,0,-
1219,31392.199,0.0000,impact,ragdoll,Proventus Avenicci,0001A67D,NPC R UpperArm [RUar],12,10.272,10.272,77.422,77.063,0.548,2.0000,14.463,-642.425,1441.073,-78.000,0.0000,-0.0000,1.0000,-38.266,66.164,-9.832,Static,Carpet,shape,0000020E28304100,-,0,1,0,-
1220,31392.614,0.0000,impact,ragdoll,Proventus Avenicci,0001A67D,NPC R Calf [RClf],4,188.123,188.123,82.441,218.098,9.118,6.0000,19.675,-695.618,1401.885,-62.518,0.3821,-0.2888,0.8778,-156.635,71.372,-133.934,-,Skin,shape,0000020E2E585C00,1,1,1,0,-
1221,31392.615,0.0000,impact,ragdoll,Proventus Avenicci,0001A67D,NPC L Thigh [LThg],1,188.123,188.123,82.441,39.909,2.444,6.0000,20.487,-695.618,1401.885,-62.518,0.3821,-0.2888,0.8778,0.415,35.562,18.109,-,Skin,shape,0000020E2E584D00,4,1,1,0,-
1222,31432.220,0.0000,impact,ragdoll,Proventus Avenicci,0001A67D,NPC R Calf [RClf],4,75.596,75.596,105.566,124.805,3.852,6.0000,19.675,-700.980,1401.776,-64.938,0.4965,-0.2107,0.8421,-89.335,28.432,-82.384,-,Skin,shape,0000020E2E585900,5,1,1,0,-
1223,31432.222,0.0000,impact,ragdoll,Proventus Avenicci,0001A67D,NPC L Calf [LClf],5,75.596,75.596,105.566,67.116,1.739,6.0000,19.675,-700.980,1401.776,-64.938,0.4965,-0.2107,0.8421,-10.899,64.603,-14.570,-,Skin,shape,0000020E2E584D00,4,1,1,0,-
1224,31497.293,0.0000,impact,ragdoll,Proventus Avenicci,0001A67D,NPC L Calf [LClf],5,57.926,57.926,95.184,15.930,0.934,6.0000,19.675,-707.067,1402.569,-58.758,0.2025,0.2308,-0.9517,5.836,10.616,10.344,-,Skin,shape,0000020E2E584A00,8,1,1,0,-
1225,31497.294,0.0000,impact,ragdoll,Proventus Avenicci,0001A67D,NPC R Foot [Rft ],8,57.926,57.926,95.184,98.901,2.960,3.0000,10.011,-707.067,1402.569,-58.758,0.2025,0.2308,-0.9517,-53.170,-41.744,-72.193,-,Skin,shape,0000020E2E585900,5,1,1,0,-
1226,31548.721,0.0000,impact,ragdoll,Proventus Avenicci,0001A67D,NPC R Calf [RClf],4,33.553,33.553,35.645,53.399,3.068,6.0000,19.675,-684.804,1393.042,-79.651,0.0000,-0.0000,1.0000,-23.110,-7.722,-47.515,Static,Wood,shape,0000020D52D71600,-,1,1,0,-
1227,31586.137,0.0000,impact,ragdoll,Proventus Avenicci,0001A67D,NPC R Thigh [RThg],2,22.657,22.657,24.327,22.441,1.063,6.0000,20.487,-682.996,1398.363,-79.651,-0.0000,0.0000,1.0000,-9.483,16.092,-12.438,Static,Wood,shape,0000020D52D71600,-,1,1,0,-
1228,31657.688,0.0000,impact,ragdoll,Proventus Avenicci,0001A67D,NPC R Thigh [RThg],2,13.499,13.499,8.583,13.355,0.799,6.0000,20.487,-680.665,1407.930,-79.674,0.0000,0.0000,1.0000,-0.345,2.393,-13.135,Static,Wood,shape,0000020E28032200,-,1,1,0,-
1229,31773.830,0.0000,state,unknown,Proventus Avenicci,0001A67D,-,-,0.000,0.000,0.000,0.000,0.000,0.0000,0.000,0.000,0.000,0.000,0.0000,0.0000,0.0000,0.000,0.000,0.000,-,-,-,0000000000000000,-,0,0,0,knock_get_up
1230,34527.233,0.0000,state,unknown,Proventus Avenicci,0001A67D,-,-,0.000,0.000,0.000,0.000,0.000,0.0000,0.000,0.000,0.000,0.000,0.0000,0.0000,0.0000,0.000,0.000,0.000,-,-,-,0000000000000000,-,0,0,0,ragdoll_start
1231,34620.886,0.0000,impact,ragdoll,Proventus Avenicci,0001A67D,NPC COM [COM ],0,33.228,33.228,324.813,77.467,15.787,50.0000,17.687,-662.688,1438.867,-13.652,-0.7767,-0.4655,-0.4243,-44.023,56.739,-29.049,-,Skin,shape,0000020E2E517400,15,1,1,0,-
1232,34620.887,0.0000,impact,ragdoll,Proventus Avenicci,0001A67D,NPC R Forearm [RLar],15,33.228,33.228,324.813,42.483,21.205,6.0000,11.658,-662.688,1438.867,-13.652,-0.7767,-0.4655,-0.4243,-28.445,-10.330,-29.816,-,-,-,0000020E2E585600,0,1,1,0,-
1233,34620.894,0.0000,impact,ragdoll,Proventus Avenicci,0001A67D,NPC R Forearm [RLar],15,17.691,17.691,338.969,42.483,21.205,6.0000,11.658,-666.275,1435.804,-19.957,0.7187,0.5467,0.4296,-28.445,-10.330,-29.816,-,Skin,shape,0000020E2E585000,2,1,1,0,-
1234,34620.895,0.0000,impact,ragdoll,Proventus Avenicci,0001A67D,NPC R Thigh [RThg],2,17.691,17.691,338.969,72.883,9.964,6.0000,20.487,-666.275,1435.804,-19.957,0.7187,0.5467,0.4296,-34.271,55.235,-32.962,-,Skin,shape,0000020E2E517400,15,1,1,0,-
1235,34621.342,0.0000,impact,ragdoll,Proventus Avenicci,0001A67D,NPC L Forearm [LLar],14,108.594,108.594,188.852,78.378,10.857,2.0000,11.658,-689.621,1444.667,-5.509,-0.3503,0.9362,0.0282,11.606,-56.066,-53.526,-,Skin,shape,0000020E2E584400,6,1,1,0,-
1236,34621.342,0.0000,impact,ragdoll,Proventus Avenicci,0001A67D,NPC Spine1 [Spn1],6,108.594,108.594,188.852,127.244,6.906,4.0000,18.878,-689.621,1444.667,-5.509,-0.3503,0.9362,0.0282,-119.276,37.968,-22.866,-,Skin,shape,0000020E2E516B00,14,1,1,0,-
1237,34621.343,0.0000,impact,ragdoll,Proventus Avenicci,0001A67D,NPC L Forearm [LLar],14,117.389,117.389,114.172,78.378,10.857,2.0000,11.658,-690.361,1446.645,1.557,-0.2747,0.7342,-0.6208,11.606,-56.066,-53.526,-,Skin,shape,0000020E2E584100,9,1,1,0,-
1238,34621.343,0.0000,impact,ragdoll,Proventus Avenicci,0001A67D,NPC Spine2 [Spn2],9,117.389,117.389,114.172,166.570,6.667,7.0000,23.052,-690.361,1446.645,1.557,-0.2747,0.7342,-0.6208,-131.702,91.658,-44.710,-,Skin,shape,0000020E2E516B00,14,1,1,0,-
1239,34676.781,0.0000,impact,ragdoll,Proventus Avenicci,0001A67D,NPC L Forearm [LLar],14,228.883,228.883,223.089,140.666,19.474,2.0000,11.658,-690.140,1443.258,-14.103,-0.4575,0.8072,0.3731,9.193,-92.243,-105.801,-,Skin,shape,0000020E2E584700,3,1,1,0,-
1240,34676.782,0.0000,impact,ragdoll,Proventus Avenicci,0001A67D,NPC Spine [Spn0],3,228.883,228.883,223.089,149.377,1.830,4.0000,17.297,-690.140,1443.258,-14.103,-0.4575,0.8072,0.3731,-103.161,93.543,-54.045,-,Skin,shape,0000020E2E516B00,14,1,1,0,-
1241,34928.706,0.0000,impact,ragdoll,Proventus Avenicci,0001A67D,NPC L UpperArm [LUar],10,408.318,408.318,92.930,446.300,4.563,2.0000,14.463,-729.506,1487.145,-79.650,0.0000,0.0000,1.0000,-59.155,102.307,-430.370,Static,Wood,shape,0000020E28032200,-,1,1,0,-
1242,34928.709,0.0000,impact,ragdoll,Proventus Avenicci,0001A67D,NPC L Forearm [LLar],14,376.523,376.523,102.381,372.639,11.243,2.0000,11.658,-723.830,1489.198,-79.650,0.0000,0.0000,1.0000,-108.861,110.626,-338.779,Static,Wood,shape,0000020E28032200,-,1,1,0,-
1243,34948.348,0.0000,impact,ragdoll,Proventus Avenicci,0001A67D,NPC Spine2 [Spn2],9,290.862,290.862,154.464,333.957,5.288,7.0000,23.052,-733.379,1481.812,-79.650,0.0000,0.0000,1.0000,-156.727,48.903,-290.813,Static,Wood,shape,0000020E28032200,-,1,1,0,-
1244,34948.920,0.0000,impact,ragdoll,Proventus Avenicci,0001A67D,NPC Spine [Spn0],3,34.352,34.352,219.433,165.809,5.318,4.0000,17.297,-713.552,1464.729,-79.650,0.0000,0.0000,1.0000,-107.225,122.403,-31.830,Static,Wood,shape,0000020E28032200,-,1,1,0,-
1245,34949.105,0.0000,impact,ragdoll,Proventus Avenicci,0001A67D,NPC L UpperArm [LUar],10,86.729,139.216,40.098,160.852,17.096,2.0000,14.463,-742.442,1485.855,-79.650,-0.0000,-0.0000,1.0000,-132.134,52.545,-75.187,Static,Wood,shape,0000020E28032200,-,0,0,0,-
1246,34963.473,0.0000,impact,ragdoll,Proventus Avenicci,0001A67D,NPC COM [COM ],0,137.200,137.200,357.029,209.385,17.711,50.0000,17.687,-710.730,1458.508,-79.650,0.0000,0.0000,1.0000,-114.006,112.396,-134.951,Static,Wood,shape,0000020E28032200,-,1,1,0,-
1247,34963.477,0.0000,impact,ragdoll,Proventus Avenicci,0001A67D,NPC L Thigh [LThg],1,146.481,146.481,248.501,282.019,3.099,6.0000,20.487,-708.325,1454.634,-79.650,0.0000,0.0000,1.0000,-176.839,153.788,-156.881,Static,Wood,shape,0000020E28032200,-,1,1,0,-
1248,34963.483,0.0000,impact,ragdoll,Proventus Avenicci,0001A67D,NPC Head [Head],13,455.890,455.890,372.779,454.651,39.720,4.0000,15.108,-752.429,1499.009,-79.650,-0.0000,0.0000,1.0000,-34.118,67.976,-448.244,Static,Wood,shape,0000020E28032200,-,1,1,0,-
1249,34963.670,0.0000,impact,ragdoll,Proventus Avenicci,0001A67D,NPC L UpperArm [LUar],10,40.699,12.368,93.382,135.279,10.000,2.0000,14.463,-742.642,1485.940,-79.650,0.0000,0.0000,1.0000,-125.067,50.343,-11.160,Static,Wood,shape,0000020E28032200,-,0,0,0,-
1250,34963.907,0.0000,impact,ragdoll,Proventus Avenicci,0001A67D,NPC L Forearm [LLar],14,15.163,15.163,148.316,163.574,8.305,2.0000,11.658,-725.764,1493.652,-79.659,0.0000,0.0000,1.0000,-133.425,77.462,-54.348,Static,Wood,shape,0000020E28032200,-,0,1,0,-
1251,34964.054,0.0000,impact,ragdoll,Proventus Avenicci,0001A67D,NPC L UpperArm [LUar],10,64.099,12.587,74.829,82.410,3.363,2.0000,14.463,-743.458,1486.206,-79.650,-0.0000,0.0000,1.0000,-81.556,-2.607,-11.541,Static,Wood,shape,0000020E28032200,-,0,0,0,-
1252,34982.015,0.0000,impact,ragdoll,Proventus Avenicci,0001A67D,NPC L UpperArm [LUar],10,81.987,17.370,156.470,175.197,3.370,2.0000,14.463,-744.554,1486.352,-79.650,0.0000,-0.0000,1.0000,-154.728,80.433,-16.844,Static,Wood,shape,0000020E28032200,-,0,0,0,-
1253,34982.324,0.0000,impact,ragdoll,Proventus Avenicci,0001A67D,NPC L Hand [LHnd],16,76.044,76.044,137.309,150.770,4.437,4.0000,8.334,-720.345,1511.167,-79.650,-0.0000,-0.0000,1.0000,-112.371,65.789,-76.000,Static,Wood,shape,0000020E28032200,-,1,1,0,-
1254,35036.912,0.0000,impact,ragdoll,Proventus Avenicci,0001A67D,NPC L Thigh [LThg],1,83.165,83.165,108.644,94.874,3.290,6.0000,20.487,-697.399,1445.158,-79.650,-0.0000,-0.0000,1.0000,-48.501,66.909,-46.603,Static,Wood,shape,0000020E28032200,-,0,1,0,-
1255,35053.937,0.0000,impact,ragdoll,Proventus Avenicci,0001A67D,NPC L Forearm [LLar],14,6.772,-0.319,37.023,57.619,3.682,2.0000,11.658,-737.156,1497.080,-79.650,-0.0000,-0.0000,1.0000,-51.063,-15.199,21.944,Static,Wood,shape,0000020E28032200,-,0,0,0,-
1256,35071.623,0.0000,impact,ragdoll,Proventus Avenicci,0001A67D,NPC L Forearm [LLar],14,23.145,23.145,72.061,56.640,3.587,2.0000,11.658,-733.839,1488.625,-70.388,-0.3618,0.7857,-0.5018,-52.308,-1.370,21.681,-,Skin,shape,0000020E2E584400,6,1,1,0,-
1257,35071.624,0.0000,impact,ragdoll,Proventus Avenicci,0001A67D,NPC Spine1 [Spn1],6,23.145,23.145,72.061,70.025,1.229,4.0000,18.878,-733.839,1488.625,-70.388,-0.3618,0.7857,-0.5018,-45.674,50.203,17.235,-,Skin,shape,0000020E2E516B00,14,1,1,0,-
1258,35072.089,0.0000,impact,ragdoll,Proventus Avenicci,0001A67D,NPC R Hand [RHnd],17,193.361,193.361,243.269,298.005,14.263,4.0000,8.334,-725.240,1513.322,-65.191,0.3842,0.3924,0.8357,-234.999,116.191,-141.711,-,Skin,shape,0000020E2E516800,16,1,1,0,-
1259,35072.089,0.0000,impact,ragdoll,Proventus Avenicci,0001A67D,NPC L Hand [LHnd],16,193.361,193.361,243.269,78.946,5.567,4.0000,8.334,-725.240,1513.322,-65.191,0.3842,0.3924,0.8357,-32.626,-29.669,65.481,-,Skin,shape,0000020E2E517100,17,1,1,0,-
1260,35142.110,0.0000,impact,ragdoll,Proventus Avenicci,0001A67D,NPC R UpperArm [RUar],12,15.931,15.931,179.681,134.160,7.385,2.0000,14.463,-727.888,1511.187,-67.627,0.3129,0.0409,0.9489,-40.141,105.934,-71.871,-,Skin,shape,0000020E2E516800,16,1,1,0,-
1261,35142.110,0.0000,impact,ragdoll,Proventus Avenicci,0001A67D,NPC L Hand [LHnd],16,15.931,15.931,179.681,86.676,13.578,4.0000,8.334,-727.888,1511.187,-67.627,0.3129,0.0409,0.9489,-36.212,6.336,-78.494,-,Skin,shape,0000020E2E517700,12,1,1,0,-
1262,35142.112,0.0000,impact,ragdoll,Proventus Avenicci,0001A67D,NPC L Hand [LHnd],16,78.546,78.546,55.331,86.676,13.578,4.0000,8.334,-729.361,1510.971,-79.650,0.0000,0.0000,1.0000,-36.212,6.336,-78.494,Static,Wood,shape,0000020E28032200,-,1,1,0,-
1263,35142.256,0.0000,impact,ragdoll,Proventus Avenicci,0001A67D,NPC L Thigh [LThg],1,5.621,0.230,53.829,60.794,3.047,6.0000,20.487,-718.253,1467.750,-79.650,-0.0000,-0.0000,1.0000,-45.320,39.026,10.908,Static,Wood,shape,0000020E28032200,-,0,0,0,-
1264,35179.591,0.0000,impact,ragdoll,Proventus Avenicci,0001A67D,NPC Spine1 [Spn1],6,22.444,22.444,55.572,63.568,4.771,4.0000,18.878,-735.484,1486.425,-79.650,-0.0000,-0.0000,1.0000,-24.876,53.122,-24.497,Static,Wood,shape,0000020E28032200,-,1,1,0,-
1265,35234.296,0.0000,impact,ragdoll,Proventus Avenicci,0001A67D,NPC Spine [Spn0],3,46.496,46.496,51.387,50.474,3.001,4.0000,17.297,-720.731,1488.344,-79.782,0.0000,0.0000,1.0000,-19.101,42.866,-18.580,Static,Wood,shape,0000020E28032200,-,0,1,0,-
1266,35252.109,0.0000,impact,ragdoll,Proventus Avenicci,0001A67D,NPC COM [COM ],0,44.342,44.342,53.592,49.772,2.494,50.0000,17.687,-715.013,1482.647,-79.765,0.0000,0.0000,1.0000,-18.658,39.301,-24.178,Static,Wood,shape,0000020E28032200,-,0,1,0,-
1267,35252.307,0.0000,impact,ragdoll,Proventus Avenicci,0001A67D,NPC L Forearm [LLar],14,7.340,4.316,144.645,108.607,6.152,2.0000,11.658,-745.446,1511.823,-79.650,-0.0000,0.0000,1.0000,-102.485,35.882,-2.184,Static,Wood,shape,0000020E28032200,-,0,0,0,-
1268,35252.822,0.0000,impact,ragdoll,Proventus Avenicci,0001A67D,NPC L Forearm [LLar],14,19.647,-0.419,158.219,113.664,6.189,2.0000,11.658,-746.581,1512.286,-79.650,0.0000,0.0000,1.0000,-105.568,42.128,0.135,Static,Wood,shape,0000020E28032200,-,0,0,0,-
1269,35270.996,0.0000,impact,ragdoll,Proventus Avenicci,0001A67D,NPC R Hand [RHnd],17,137.294,137.294,69.638,158.561,5.504,4.0000,8.334,-741.029,1537.514,-79.650,0.0000,-0.0000,1.0000,-32.993,72.208,-137.255,Static,Wood,shape,0000020E28032200,-,1,1,0,-
1270,35306.411,0.0000,impact,ragdoll,Proventus Avenicci,0001A67D,NPC R Forearm [RLar],15,70.827,70.827,44.112,70.062,3.670,6.0000,11.658,-736.994,1534.740,-79.650,0.0000,-0.0000,1.0000,-34.314,14.099,-59.435,Static,Wood,shape,0000020E28032200,-,1,1,0,-
1271,35323.646,0.0000,impact,ragdoll,Proventus Avenicci,0001A67D,NPC L Forearm [LLar],14,21.072,14.285,61.464,39.809,3.903,2.0000,11.658,-750.600,1513.954,-79.650,0.0000,0.0000,1.0000,-37.667,10.405,-7.596,Static,Wood,shape,0000020E28032200,-,0,0,0,-
1272,35323.940,0.0000,impact,ragdoll,Proventus Avenicci,0001A67D,NPC L Calf [LClf],5,29.603,29.603,38.516,72.854,2.420,6.0000,19.675,-707.555,1449.334,-79.650,0.0000,-0.0000,1.0000,-63.234,14.136,-33.308,Static,Wood,shape,0000020E28032200,-,1,1,0,-
1273,35324.137,0.0000,impact,ragdoll,Proventus Avenicci,0001A67D,NPC L Forearm [LLar],14,29.031,-0.475,44.828,34.885,1.406,2.0000,11.658,-751.245,1514.140,-79.650,-0.0000,-0.0000,1.0000,-33.630,9.270,0.317,Static,Wood,shape,0000020E28032200,-,0,0,0,-
1274,35358.584,0.0000,impact,ragdoll,Proventus Avenicci,0001A67D,NPC R UpperArm [RUar],12,30.549,30.549,51.757,58.728,1.633,2.0000,14.463,-747.047,1521.194,-71.457,0.7359,0.1292,0.6647,-8.454,28.289,-50.767,-,Skin,shape,0000020E2E516800,16,1,0,0,-
1275,35358.584,0.0000,impact,ragdoll,Proventus Avenicci,0001A67D,NPC L Hand [LHnd],16,30.549,30.549,51.757,15.019,4.247,4.0000,8.334,-747.047,1521.194,-71.457,0.7359,0.1292,0.6647,-12.071,-5.545,7.008,-,Skin,shape,0000020E2E517700,12,1,0,0,-
1276,35358.584,0.0000,impact,ragdoll,Proventus Avenicci,0001A67D,NPC R UpperArm [RUar],12,30.387,30.387,51.510,58.728,1.633,2.0000,14.463,-747.022,1521.192,-71.526,0.7356,0.1302,0.6648,-8.454,28.289,-50.767,-,Skin,shape,0000020E2E516800,16,0,1,0,-
1277,35358.584,0.0000,impact,ragdoll,Proventus Avenicci,0001A67D,NPC L Hand [LHnd],16,30.387,30.387,51.510,15.019,4.247,4.0000,8.334,-747.022,1521.192,-71.526,0.7356,0.1302,0.6648,-12.071,-5.545,7.008,-,Skin,shape,0000020E2E517700,12,0,1,0,-
1278,35358.774,0.0000,impact,ragdoll,Proventus Avenicci,0001A67D,NPC L Forearm [LLar],14,6.698,8.745,18.988,16.646,1.285,2.0000,11.658,-751.870,1514.138,-79.650,0.0000,-0.0000,1.0000,-13.497,-8.615,-4.549,Static,Wood,shape,0000020E28032200,-,0,0,0,-
1279,35359.259,0.0000,impact,ragdoll,Proventus Avenicci,0001A67D,NPC L Forearm [LLar],14,18.603,5.206,25.852,22.951,2.726,2.0000,11.658,-751.982,1514.057,-79.650,0.0000,0.0000,1.0000,-21.971,-6.246,-2.239,Static,Wood,shape,0000020E28032200,-,0,0,0,-
1280,35374.367,0.0000,impact,ragdoll,Proventus Avenicci,0001A67D,NPC L Forearm [LLar],14,20.780,5.172,29.528,26.210,3.537,2.0000,11.658,-752.102,1513.966,-79.650,0.0000,-0.0000,1.0000,-25.681,-4.764,-2.183,Static,Wood,shape,0000020E28032200,-,0,0,0,-
1281,35374.655,0.0000,impact,ragdoll,Proventus Avenicci,0001A67D,NPC Spine2 [Spn2],9,48.879,48.879,19.369,50.815,2.853,7.0000,23.052,-750.216,1516.405,-71.781,0.0844,-0.8137,0.5751,10.404,48.264,-12.021,-,Skin,shape,0000020E2E516800,16,1,1,0,-
1282,35374.655,0.0000,impact,ragdoll,Proventus Avenicci,0001A67D,NPC L Hand [LHnd],16,48.879,48.879,19.369,13.305,3.251,4.0000,8.334,-750.216,1516.405,-71.781,0.0844,-0.8137,0.5751,4.478,-12.396,-1.820,-,Skin,shape,0000020E2E584100,9,1,1,0,-
1283,35374.810,0.0000,impact,ragdoll,Proventus Avenicci,0001A67D,NPC L Forearm [LLar],14,15.748,12.453,27.751,18.309,2.790,2.0000,11.658,-752.205,1513.927,-79.650,-0.0000,-0.0000,1.0000,-16.174,5.756,-6.366,Static,Wood,shape,0000020E28032200,-,0,0,0,-
1284,35391.256,0.0000,impact,ragdoll,Proventus Avenicci,0001A67D,NPC L Forearm [LLar],14,11.635,2.430,24.198,12.202,2.156,2.0000,11.658,-752.290,1513.930,-79.650,-0.0000,0.0000,1.0000,-12.099,0.984,-1.247,Static,Wood,shape,0000020E28032200,-,0,0,0,-
1285,35391.714,0.0000,impact,ragdoll,Proventus Avenicci,0001A67D,NPC R Forearm [RLar],15,83.124,77.182,40.531,43.550,6.836,6.0000,11.658,-729.286,1527.448,-79.650,-0.0000,-0.0000,1.0000,-19.918,4.186,-38.502,Static,Wood,shape,0000020E28032200,-,0,0,0,-
1286,35391.719,0.0000,impact,ragdoll,Proventus Avenicci,0001A67D,NPC L Forearm [LLar],14,17.082,2.809,15.071,4.969,1.973,2.0000,11.658,-752.394,1513.930,-79.650,0.0000,-0.0000,1.0000,-4.644,-0.975,-1.472,Static,Wood,shape,0000020E28032200,-,0,0,0,-
1287,35407.332,0.0000,impact,ragdoll,Proventus Avenicci,0001A67D,NPC R Forearm [RLar],15,80.084,53.649,46.453,35.781,5.069,6.0000,11.658,-729.314,1527.682,-79.650,0.0000,-0.0000,1.0000,6.356,15.908,-31.413,Static,Wood,shape,0000020E28032200,-,0,0,0,-
1288,35407.345,0.0000,impact,ragdoll,Proventus Avenicci,0001A67D,NPC L Forearm [LLar],14,12.229,2.103,5.729,2.092,1.300,2.0000,11.658,-752.426,1513.925,-79.650,-0.0000,-0.0000,1.0000,1.893,0.891,0.010,Static,Wood,shape,0000020E28032200,-,0,0,0,-
1289,35407.922,0.0000,impact,ragdoll,Proventus Avenicci,0001A67D,NPC L Forearm [LLar],14,10.843,1.759,0.683,5.407,0.926,2.0000,11.658,-752.440,1513.919,-79.650,0.0000,0.0000,1.0000,5.046,0.416,1.898,Static,Wood,shape,0000020E28032200,-,0,0,0,-
1290,35407.930,0.0000,impact,ragdoll,Proventus Avenicci,0001A67D,NPC R Forearm [RLar],15,37.682,35.607,70.526,28.482,7.268,6.0000,11.658,-729.181,1528.059,-79.650,0.0000,-0.0000,1.0000,8.602,22.292,-15.501,Static,Wood,shape,0000020E28032200,-,0,0,0,-
1291,35423.633,0.0000,impact,ragdoll,Proventus Avenicci,0001A67D,NPC R UpperArm [RUar],12,33.509,33.509,47.683,55.463,1.430,2.0000,14.463,-732.726,1526.453,-79.650,0.0000,-0.0000,1.0000,29.918,33.297,-32.746,Static,Wood,shape,0000020E28032200,-,1,1,0,-
1292,35423.823,0.0000,impact,ragdoll,Proventus Avenicci,0001A67D,NPC R Forearm [RLar],15,15.541,18.480,38.814,17.327,3.467,6.0000,11.658,-729.104,1528.226,-79.650,0.0000,0.0000,1.0000,6.171,15.092,-5.863,Static,Wood,shape,0000020E28032200,-,0,0,0,-
1293,35424.209,0.0000,impact,ragdoll,Proventus Avenicci,0001A67D,NPC R Forearm [RLar],15,16.448,18.377,31.085,15.732,2.793,6.0000,11.658,-729.011,1528.424,-79.650,0.0000,0.0000,1.0000,4.810,12.852,-7.693,Static,Wood,shape,0000020E28032200,-,0,0,0,-
1294,35440.885,0.0000,impact,ragdoll,Proventus Avenicci,0001A67D,NPC R Forearm [RLar],15,22.388,27.925,30.377,19.412,3.008,6.0000,11.658,-728.982,1528.505,-79.650,-0.0000,-0.0000,1.0000,5.192,12.373,-14.027,Static,Wood,shape,0000020E28032200,-,0,0,0,-
1295,35441.271,0.0000,impact,ragdoll,Proventus Avenicci,0001A67D,NPC R Forearm [RLar],15,39.508,26.680,36.483,23.443,3.013,6.0000,11.658,-728.933,1528.669,-79.650,-0.0000,-0.0000,1.0000,7.565,15.321,-16.050,Static,Wood,shape,0000020E28032200,-,0,0,0,-
1296,35457.460,0.0000,impact,ragdoll,Proventus Avenicci,0001A67D,NPC R Forearm [RLar],15,41.869,19.638,43.419,23.816,3.339,6.0000,11.658,-728.871,1528.862,-79.650,0.0000,0.0000,1.0000,8.933,18.001,-12.782,Static,Wood,shape,0000020E28032200,-,0,0,0,-
1297,35457.837,0.0000,impact,ragdoll,Proventus Avenicci,0001A67D,NPC R Forearm [RLar],15,37.388,29.610,42.289,25.960,3.546,6.0000,11.658,-728.795,1529.091,-79.650,-0.0000,-0.0000,1.0000,8.340,18.890,-15.733,Static,Wood,shape,0000020E28032200,-,0,0,0,-
1298,35475.186,0.0000,impact,ragdoll,Proventus Avenicci,0001A67D,NPC R Forearm [RLar],15,22.409,20.207,34.989,20.228,2.971,6.0000,11.658,-728.733,1529.254,-79.650,0.0000,-0.0000,1.0000,7.608,16.075,-9.638,Static,Wood,shape,0000020E28032200,-,0,0,0,-
1299,35475.569,0.0000,impact,ragdoll,Proventus Avenicci,0001A67D,NPC R Forearm [RLar],15,19.723,14.675,24.206,14.609,2.455,6.0000,11.658,-728.679,1529.384,-79.650,0.0000,-0.0000,1.0000,6.107,12.658,-3.988,Static,Wood,shape,0000020E28032200,-,0,0,0,-
1300,35492.776,0.0000,impact,ragdoll,Proventus Avenicci,0001A67D,NPC R Hand [RHnd],17,21.969,21.969,114.249,23.716,8.382,4.0000,8.334,-749.683,1524.941,-74.763,0.2319,0.9727,-0.0024,1.543,-23.665,-0.124,-,Skin,shape,0000020E2E516800,16,1,1,0,-
1301,35492.776,0.0000,impact,ragdoll,Proventus Avenicci,0001A67D,NPC L Hand [LHnd],16,21.969,21.969,114.249,6.690,1.359,4.0000,8.334,-749.683,1524.941,-74.763,0.2319,0.9727,-0.0024,-6.551,0.833,1.073,-,Skin,shape,0000020E2E517100,17,1,1,0,-
1302,35493.330,0.0000,impact,ragdoll,Proventus Avenicci,0001A67D,NPC R Forearm [RLar],15,5.400,5.353,1.914,6.154,0.821,6.0000,11.658,-728.619,1529.499,-79.650,-0.0000,-0.0000,1.0000,3.508,4.263,-2.718,Static,Wood,shape,0000020E28032200,-,0,0,0,-
1303,35529.084,0.0000,impact,ragdoll,Proventus Avenicci,0001A67D,NPC R Forearm [RLar],15,5.001,1.421,12.427,15.667,1.284,6.0000,11.658,-728.509,1529.426,-79.650,0.0000,0.0000,1.0000,4.497,-14.676,-3.136,Static,Wood,shape,0000020E28032200,-,0,0,0,-
1304,35545.287,0.0000,impact,ragdoll,Proventus Avenicci,0001A67D,NPC L Hand [LHnd],16,29.642,29.642,32.343,15.209,3.523,4.0000,8.334,-758.652,1519.674,-65.636,0.6317,0.0494,-0.7736,-13.689,-1.004,6.551,-,Skin,shape,0000020E2E517A00,13,1,1,0,-
1305,35545.287,0.0000,impact,ragdoll,Proventus Avenicci,0001A67D,NPC Head [Head],13,29.642,29.642,32.343,22.389,0.642,4.0000,15.108,-758.652,1519.674,-65.636,0.6317,0.0494,-0.7736,-2.162,-1.759,-22.215,-,Skin,shape,0000020E2E516800,16,1,1,0,-
1306,35545.486,0.0000,impact,ragdoll,Proventus Avenicci,0001A67D,NPC R Forearm [RLar],15,5.550,1.330,7.045,10.605,1.486,6.0000,11.658,-728.517,1529.368,-79.650,0.0000,0.0000,1.0000,2.007,-10.126,-2.430,Static,Wood,shape,0000020E28032200,-,0,0,0,-
1307,35545.914,0.0000,impact,ragdoll,Proventus Avenicci,0001A67D,NPC R Forearm [RLar],15,8.048,2.050,11.519,7.439,1.689,6.0000,11.658,-728.507,1529.343,-79.650,-0.0000,-0.0000,1.0000,4.641,-4.993,-2.978,Static,Wood,shape,0000020E28032200,-,0,0,0,-
1308,35562.273,0.0000,impact,ragdoll,Proventus Avenicci,0001A67D,NPC R Forearm [RLar],15,10.582,2.400,16.560,5.507,1.844,6.0000,11.658,-728.461,1529.393,-79.650,0.0000,0.0000,1.0000,5.057,-0.104,-2.179,Static,Wood,shape,0000020E28032200,-,0,0,0,-
1309,35597.047,0.0000,impact,ragdoll,Proventus Avenicci,0001A67D,NPC R Thigh [RThg],2,75.748,75.748,43.953,45.997,3.118,6.0000,20.487,-691.452,1488.412,-79.650,0.0000,0.0000,1.0000,-5.320,-10.796,-44.395,Static,Wood,shape,0000020E28032200,-,1,1,0,-
1310,35597.050,0.0000,impact,ragdoll,Proventus Avenicci,0001A67D,NPC R Calf [RClf],4,90.138,90.138,70.830,106.484,7.446,6.0000,19.675,-686.435,1489.056,-79.650,0.0000,-0.0000,1.0000,50.946,-2.826,-93.464,Static,Wood,shape,0000020E28032200,-,1,1,0,-
1311,35760.600,0.0000,impact,ragdoll,Proventus Avenicci,0001A67D,NPC R Foot [Rft ],8,198.121,198.121,154.428,233.370,8.610,3.0000,10.011,-652.324,1483.009,-78.000,-0.0000,-0.0000,1.0000,104.604,6.795,-208.503,Static,Carpet,shape,0000020E28304100,-,1,1,0,-
1312,35778.439,0.0000,impact,ragdoll,Proventus Avenicci,0001A67D,NPC R Foot [Rft ],8,127.289,127.289,112.719,110.719,9.044,3.0000,10.011,-651.456,1483.523,-79.650,0.0000,-0.0000,1.0000,-33.074,25.628,-102.508,Static,Wood,shape,0000020E28032200,-,1,1,0,-
1313,35991.312,0.0000,state,unknown,Proventus Avenicci,0001A67D,-,-,0.000,0.000,0.000,0.000,0.000,0.0000,0.000,0.000,0.000,0.000,0.0000,0.0000,0.0000,0.000,0.000,0.000,-,-,-,0000000000000000,-,0,0,0,knock_get_up
1314,37314.475,0.0000,state,unknown,Proventus Avenicci,0001A67D,-,-,0.000,0.000,0.000,0.000,0.000,0.0000,0.000,0.000,0.000,0.000,0.0000,0.0000,0.0000,0.000,0.000,0.000,-,-,-,0000000000000000,-,0,0,0,ragdoll_start
1315,37374.988,0.0000,impact,ragdoll,Proventus Avenicci,0001A67D,NPC R Forearm [RLar],15,131.168,131.168,109.636,158.862,4.862,6.0000,11.658,-729.445,1487.179,-48.912,0.3631,0.8848,-0.2920,7.320,-87.737,132.235,-,Skin,shape,0000020E2E584400,6,1,1,0,-
1316,37374.989,0.0000,impact,ragdoll,Proventus Avenicci,0001A67D,NPC Spine1 [Spn1],6,131.168,131.168,109.636,88.878,1.763,4.0000,18.878,-729.445,1487.179,-48.912,0.3631,0.8848,-0.2920,74.204,3.939,48.759,-,Skin,shape,0000020E2E517400,15,1,1,0,-
1317,37374.990,0.0000,impact,ragdoll,Proventus Avenicci,0001A67D,NPC R Forearm [RLar],15,101.414,101.414,65.777,158.862,4.862,6.0000,11.658,-729.006,1490.849,-43.090,0.2958,0.4713,-0.8309,7.320,-87.737,132.235,-,Skin,shape,0000020E2E584100,9,1,1,0,-
1318,37374.990,0.0000,impact,ragdoll,Proventus Avenicci,0001A67D,NPC Spine2 [Spn2],9,101.414,101.414,65.777,145.917,5.890,7.0000,23.052,-729.006,1490.849,-43.090,0.2958,0.4713,-0.8309,109.555,-30.163,91.540,-,Skin,shape,0000020E2E517400,15,1,1,0,-
1319,37390.380,0.0000,impact,ragdoll,Proventus Avenicci,0001A67D,NPC L Forearm [LLar],14,57.319,57.319,36.474,319.628,7.400,2.0000,11.658,-744.596,1489.559,-33.567,-0.8512,0.4588,-0.2549,265.911,27.188,175.253,-,Skin,shape,0000020E2E584100,9,1,1,0,-
1320,37390.381,0.0000,impact,ragdoll,Proventus Avenicci,0001A67D,NPC Spine2 [Spn2],9,57.319,57.319,36.474,202.235,2.990,7.0000,23.052,-744.596,1489.559,-33.567,-0.8512,0.4588,-0.2549,166.205,-49.419,104.078,-,Skin,shape,0000020E2E516B00,14,1,1,0,-
1321,37405.356,0.0000,impact,ragdoll,Proventus Avenicci,0001A67D,NPC R Calf [RClf],4,12.622,12.622,320.518,72.182,31.183,6.0000,19.675,-713.237,1455.664,-71.872,0.9799,0.1992,-0.0047,28.631,-66.125,-4.245,-,Skin,shape,0000020E2E585C00,1,1,1,0,-
1322,37405.357,0.0000,impact,ragdoll,Proventus Avenicci,0001A67D,NPC L Thigh [LThg],1,12.622,12.622,320.518,56.605,9.877,6.0000,20.487,-713.237,1455.664,-71.872,0.9799,0.1992,-0.0047,41.720,24.490,29.390,-,Skin,shape,0000020E2E584D00,4,1,1,0,-
1323,37405.364,0.0000,impact,ragdoll,Proventus Avenicci,0001A67D,NPC L Hand [LHnd],16,152.742,152.742,244.175,378.651,7.904,4.0000,8.334,-737.222,1505.631,-55.575,-0.8175,-0.1510,0.5558,299.306,105.025,206.790,-,Skin,shape,0000020E2E517100,17,1,1,0,-
1324,37405.365,0.0000,impact,ragdoll,Proventus Avenicci,0001A67D,NPC R Hand [RHnd],17,152.742,152.742,244.175,145.009,39.912,4.0000,8.334,-737.222,1505.631,-55.575,-0.8175,-0.1510,0.5558,75.280,-60.737,108.035,-,Skin,shape,0000020E2E516800,16,1,1,0,-
1325,37456.229,0.0000,impact,ragdoll,Proventus Avenicci,0001A67D,NPC R Calf [RClf],4,143.821,143.821,164.829,116.552,7.511,6.0000,19.675,-683.918,1469.275,-79.650,-0.0000,-0.0000,1.0000,-39.980,-97.985,-48.836,Static,Wood,shape,0000020E28032200,-,0,1,0,-
1326,37474.757,0.0000,impact,ragdoll,Proventus Avenicci,0001A67D,NPC R Forearm [RLar],15,35.769,35.769,261.611,268.219,17.181,6.0000,11.658,-716.324,1487.694,-43.761,0.2148,0.9387,0.2697,186.887,-45.547,186.923,-,Skin,shape,0000020E2E584700,3,1,1,0,-
1327,37474.758,0.0000,impact,ragdoll,Proventus Avenicci,0001A67D,NPC Spine [Spn0],3,35.769,35.769,261.611,149.150,5.524,4.0000,17.297,-716.324,1487.694,-43.761,0.2148,0.9387,0.2697,134.724,28.170,57.462,-,Skin,shape,0000020E2E517400,15,1,1,0,-
1328,37491.247,0.0000,impact,ragdoll,Proventus Avenicci,0001A67D,NPC R Thigh [RThg],2,43.315,43.315,120.328,41.637,8.847,6.0000,20.487,-687.946,1468.753,-79.650,0.0000,0.0000,1.0000,35.958,-1.767,20.916,Static,Wood,shape,0000020E28032200,-,1,1,0,-
1329,37510.014,0.0000,impact,ragdoll,Proventus Avenicci,0001A67D,NPC Spine [Spn0],3,83.723,83.723,133.664,170.468,4.894,4.0000,17.297,-713.985,1496.786,-41.617,0.0940,-0.9934,-0.0663,144.504,46.726,77.426,-,Skin,shape,0000020E2E517100,17,1,1,0,-
1330,37510.015,0.0000,impact,ragdoll,Proventus Avenicci,0001A67D,NPC R Hand [RHnd],17,83.723,83.723,133.664,262.919,4.663,4.0000,8.334,-713.985,1496.786,-41.617,0.0940,-0.9934,-0.0663,167.058,-36.978,199.626,-,Skin,shape,0000020E2E584700,3,1,1,0,-
1331,38006.994,0.0000,impact,ragdoll,Proventus Avenicci,0001A67D,NPC Head [Head],13,297.194,297.194,60.160,303.904,3.181,4.0000,15.108,-610.741,1454.782,-78.000,0.0000,0.0000,1.0000,62.590,25.617,-296.283,Static,Carpet,shape,0000020E28304100,-,1,1,0,-
1332,38025.746,0.0000,impact,ragdoll,Proventus Avenicci,0001A67D,NPC R Calf [RClf],4,29.563,29.563,134.939,158.085,4.215,6.0000,19.675,-696.288,1460.875,-79.650,0.0000,0.0000,1.0000,88.809,118.181,-56.009,Static,Wood,shape,0000020E28032200,-,1,1,0,-
1333,38025.750,0.0000,impact,ragdoll,Proventus Avenicci,0001A67D,NPC Spine2 [Spn2],9,210.349,210.349,68.780,228.267,3.811,7.0000,23.052,-628.157,1469.275,-78.000,0.0000,0.0000,1.0000,69.884,30.059,-215.217,Static,Carpet,shape,0000020E28304100,-,1,1,0,-
1334,38025.751,0.0000,impact,ragdoll,Proventus Avenicci,0001A67D,NPC R UpperArm [RUar],12,218.078,218.078,73.442,232.629,4.073,2.0000,14.463,-616.188,1481.465,-78.000,0.0000,0.0000,1.0000,51.365,63.781,-217.738,Static,Carpet,shape,0000020E28304100,-,1,1,0,-
1335,38025.752,0.0000,impact,ragdoll,Proventus Avenicci,0001A67D,NPC Head [Head],13,51.611,51.611,16.784,127.214,12.084,4.0000,15.108,-609.352,1454.414,-79.650,-0.0000,0.0000,1.0000,110.894,-40.402,-47.472,Static,Wood,shape,0000020E280FC700,-,1,1,0,-
1336,38041.842,0.0000,impact,ragdoll,Proventus Avenicci,0001A67D,NPC R Calf [RClf],4,7.785,7.785,121.415,149.089,5.828,6.0000,19.675,-694.803,1462.762,-79.651,0.0000,0.0000,1.0000,83.331,114.946,-45.507,Static,Wood,shape,0000020E28032200,-,0,1,0,-
1337,38042.256,0.0000,impact,ragdoll,Proventus Avenicci,0001A67D,NPC R UpperArm [RUar],12,90.359,90.359,10.337,137.598,8.781,2.0000,14.463,-615.372,1482.079,-79.650,-0.0000,0.0000,1.0000,37.388,60.246,-117.923,Static,Wood,shape,0000020E280FC700,-,1,1,0,-
1338,38059.383,0.0000,impact,ragdoll,Proventus Avenicci,0001A67D,NPC R Calf [RClf],4,7.789,7.789,128.318,160.089,3.119,6.0000,19.675,-694.316,1463.659,-79.650,0.0000,-0.0000,1.0000,100.969,116.048,-44.345,Static,Wood,shape,0000020E28032200,-,1,1,0,-
1339,38059.828,0.0000,impact,ragdoll,Proventus Avenicci,0001A67D,NPC R Thigh [RThg],2,130.677,130.677,87.555,175.268,4.055,6.0000,20.487,-659.258,1486.634,-78.021,-0.2872,0.0000,0.9579,118.910,79.024,-101.658,Static,Carpet,shape,0000020E28304100,-,1,1,0,-
1340,38059.830,0.0000,impact,ragdoll,Proventus Avenicci,0001A67D,NPC R Foot [Rft ],8,9.139,9.139,143.956,160.912,2.953,3.0000,10.011,-698.223,1465.915,-79.726,0.0000,0.0000,1.0000,87.487,135.039,1.805,Static,Wood,shape,0000020E28032200,-,0,1,0,-
1341,38076.748,0.0000,impact,ragdoll,Proventus Avenicci,0001A67D,NPC Spine2 [Spn2],9,41.344,41.344,178.061,117.404,4.067,7.0000,23.052,-624.870,1468.228,-79.650,-0.0000,0.0000,1.0000,108.571,-16.044,-41.696,Static,Wood,shape,0000020E280FC700,-,1,1,0,-
1342,38076.754,0.0000,impact,ragdoll,Proventus Avenicci,0001A67D,NPC R Forearm [RLar],15,238.864,238.864,146.978,201.064,14.627,6.0000,11.658,-597.875,1492.058,-78.000,-0.0000,-0.0000,1.0000,41.114,-15.127,-196.233,Static,Carpet,shape,0000020E28304100,-,1,1,0,-
1343,38076.756,0.0000,impact,ragdoll,Proventus Avenicci,0001A67D,NPC R Hand [RHnd],17,270.235,270.235,180.127,308.106,11.267,4.0000,8.334,-591.991,1488.775,-78.000,-0.0000,-0.0000,1.0000,-31.407,-144.397,-270.356,Static,Carpet,shape,0000020E28304100,-,1,1,0,-
1344,38077.181,0.0000,impact,ragdoll,Proventus Avenicci,0001A67D,NPC R Thigh [RThg],2,50.775,50.775,65.494,146.695,4.643,6.0000,20.487,-671.377,1486.704,-79.650,-0.0000,-0.0000,1.0000,107.325,33.079,-94.374,Static,Wood,shape,0000020E28032200,-,1,1,0,-
1345,38095.329,0.0000,impact,ragdoll,Proventus Avenicci,0001A67D,NPC Spine1 [Spn1],6,77.211,77.211,124.626,114.218,4.609,4.0000,18.878,-633.133,1476.442,-78.000,0.0000,-0.0000,1.0000,83.070,-0.838,-78.385,Static,Carpet,shape,0000020E28304100,-,1,1,0,-
1346,38113.189,0.0000,impact,ragdoll,Proventus Avenicci,0001A67D,NPC R Calf [RClf],4,11.632,11.632,95.093,117.754,7.177,6.0000,19.675,-673.125,1487.124,-79.650,-0.0000,-0.0000,1.0000,84.824,79.962,16.644,Static,Wood,shape,0000020E28032200,-,0,1,0,-
1347,38113.606,0.0000,impact,ragdoll,Proventus Avenicci,0001A67D,NPC Neck [Neck],11,28.570,28.570,102.879,74.881,4.989,6.0000,8.431,-607.552,1460.985,-78.000,-0.0000,-0.0000,1.0000,69.212,-0.775,-28.571,Static,Carpet,shape,0000020E28304100,-,1,1,0,-
1348,38131.794,0.0000,impact,ragdoll,Proventus Avenicci,0001A67D,NPC COM [COM ],0,60.231,60.231,168.248,116.558,5.064,50.0000,17.687,-641.938,1489.229,-78.000,-0.0000,0.0000,1.0000,98.409,7.921,-61.958,Static,Carpet,shape,0000020E28304100,-,1,1,0,-
1349,38168.156,0.0000,impact,ragdoll,Proventus Avenicci,0001A67D,NPC L Hand [LHnd],16,309.187,309.187,260.954,294.403,21.849,4.0000,8.334,-611.537,1456.989,-55.247,0.6432,-0.6096,0.4633,-207.538,176.209,-112.034,-,Skin,shape,0000020E2E584100,9,1,1,0,-
1350,38168.157,0.0000,impact,ragdoll,Proventus Avenicci,0001A67D,NPC Spine2 [Spn2],9,309.187,309.187,260.954,23.491,3.868,7.0000,23.052,-611.537,1456.989,-55.247,0.6432,-0.6096,0.4633,20.558,-4.015,10.634,-,Skin,shape,0000020E2E516800,16,1,1,0,-
1351,38168.157,0.0000,impact,ragdoll,Proventus Avenicci,0001A67D,NPC L Hand [LHnd],16,83.274,83.274,472.558,294.403,21.849,4.0000,8.334,-601.687,1453.266,-60.992,-0.2681,-0.2382,0.9335,-207.538,176.209,-112.034,-,Skin,shape,0000020E2E517A00,13,1,1,0,-
1352,38168.158,0.0000,impact,ragdoll,Proventus Avenicci,0001A67D,NPC Head [Head],13,83.274,83.274,472.558,36.166,4.278,4.0000,15.108,-601.687,1453.266,-60.992,-0.2681,-0.2382,0.9335,36.105,-1.687,1.234,-,Skin,shape,0000020E2E516800,16,1,1,0,-
1353,38205.929,0.0000,impact,ragdoll,Proventus Avenicci,0001A67D,NPC R Thigh [RThg],2,28.844,28.844,171.568,112.462,4.651,6.0000,20.487,-659.176,1499.723,-78.004,-0.1217,-0.0000,0.9926,65.142,90.140,-16.701,Static,Carpet,shape,0000020E28304100,-,1,1,0,-
1354,38225.277,0.0000,impact,ragdoll,Proventus Avenicci,0001A67D,NPC Spine [Spn0],3,27.041,27.041,62.608,50.415,1.429,4.0000,17.297,-633.551,1484.376,-78.000,0.0000,0.0000,1.0000,34.397,23.431,-28.451,Static,Carpet,shape,0000020E28304100,-,1,1,0,-
1355,38225.687,0.0000,impact,ragdoll,Proventus Avenicci,0001A67D,NPC R Thigh [RThg],2,7.958,7.958,165.963,104.718,4.617,6.0000,20.487,-658.786,1502.073,-78.000,-0.0000,0.0000,1.0000,54.665,87.717,-16.832,Static,Carpet,shape,0000020E28304100,-,1,1,0,-
1356,38225.692,0.0000,impact,ragdoll,Proventus Avenicci,0001A67D,NPC R Forearm [RLar],15,54.288,54.288,43.330,82.499,3.343,6.0000,11.658,-614.509,1478.653,-63.179,0.3325,0.9189,0.2123,23.328,-74.112,27.736,-,Skin,shape,0000020E2E584100,9,1,1,0,-
1357,38225.692,0.0000,impact,ragdoll,Proventus Avenicci,0001A67D,NPC Spine2 [Spn2],9,54.288,54.288,43.330,14.134,2.511,7.0000,23.052,-614.509,1478.653,-63.179,0.3325,0.9189,0.2123,1.202,-14.028,1.241,-,Skin,shape,0000020E2E517400,15,1,1,0,-
1358,38260.843,0.0000,impact,ragdoll,Proventus Avenicci,0001A67D,NPC R Foot [Rft ],8,71.170,71.170,184.832,177.802,4.139,3.0000,10.011,-691.226,1492.596,-79.650,0.0000,-0.0000,1.0000,62.939,150.129,-71.510,Static,Wood,shape,0000020E28032200,-,1,1,0,-
1359,38279.010,0.0000,impact,ragdoll,Proventus Avenicci,0001A67D,NPC R Calf [RClf],4,25.254,25.254,154.360,157.494,4.418,6.0000,19.675,-659.144,1508.565,-78.001,-0.0581,0.0000,0.9983,90.469,123.123,-38.216,Static,Carpet,shape,0000020E28304100,-,1,1,0,-
1360,38295.320,0.0000,impact,ragdoll,Proventus Avenicci,0001A67D,NPC R Forearm [RLar],15,52.128,52.128,73.485,48.120,8.215,6.0000,11.658,-618.575,1481.369,-64.037,0.8783,0.4165,0.2347,24.340,-32.078,-26.346,-,Skin,shape,0000020E2E584400,6,1,1,0,-
1361,38295.321,0.0000,impact,ragdoll,Proventus Avenicci,0001A67D,NPC Spine1 [Spn1],6,52.128,52.128,73.485,45.575,2.822,4.0000,18.878,-618.575,1481.369,-64.037,0.8783,0.4165,0.2347,39.009,18.676,-14.374,-,Skin,shape,0000020E2E517400,15,1,1,0,-
1362,38313.337,0.0000,impact,ragdoll,Proventus Avenicci,0001A67D,NPC R Thigh [RThg],2,43.142,43.142,70.540,79.530,2.230,6.0000,20.487,-633.201,1495.328,-78.000,-0.0000,-0.0000,1.0000,70.959,28.746,-21.532,Static,Carpet,shape,0000020E28304100,-,0,1,0,-
1363,38313.340,0.0000,impact,ragdoll,Proventus Avenicci,0001A67D,NPC R Thigh [RThg],2,43.142,43.142,70.947,79.530,2.230,6.0000,20.487,-633.201,1495.328,-79.650,0.0000,-0.0000,1.0000,70.959,28.746,-21.532,Static,Wood,shape,0000020E280FC700,-,0,1,0,-
1364,38329.111,0.0000,impact,ragdoll,Proventus Avenicci,0001A67D,NPC Spine1 [Spn1],6,14.235,14.235,53.102,40.437,3.291,4.0000,18.878,-626.010,1477.811,-79.650,0.0000,-0.0000,1.0000,22.515,30.070,-14.966,Static,Wood,shape,0000020E280FC700,-,1,1,0,-
1365,38329.610,0.0000,impact,ragdoll,Proventus Avenicci,0001A67D,NPC COM [COM ],0,24.906,24.906,84.543,76.984,2.369,50.0000,17.687,-631.141,1493.919,-79.650,-0.0000,0.0000,1.0000,55.686,46.268,-26.169,Static,Wood,shape,0000020E280FC700,-,1,1,0,-
1366,38329.629,0.0000,impact,ragdoll,Proventus Avenicci,0001A67D,NPC L Foot [Lft ],7,229.703,229.703,89.191,254.064,12.582,3.0000,10.011,-603.682,1546.379,-78.000,0.0000,-0.0000,1.0000,43.770,60.597,-242.818,Static,Carpet,shape,0000020E28304100,-,1,1,0,-
1367,38359.885,0.0000,impact,ragdoll,Proventus Avenicci,0001A67D,NPC L Hand [LHnd],16,49.560,49.560,55.169,88.378,1.987,4.0000,8.334,-618.400,1459.483,-49.914,0.2902,-0.4315,0.8542,-83.739,26.898,-8.660,-,Skin,shape,0000020E2E584100,9,1,1,0,-
1368,38359.886,0.0000,impact,ragdoll,Proventus Avenicci,0001A67D,NPC Spine2 [Spn2],9,49.560,49.560,55.169,31.489,2.597,7.0000,23.052,-618.400,1459.483,-49.914,0.2902,-0.4315,0.8542,-20.997,10.803,20.832,-,Skin,shape,0000020E2E516800,16,1,1,0,-
1369,38360.291,0.0000,impact,ragdoll,Proventus Avenicci,0001A67D,NPC L Calf [LClf],5,27.246,27.246,22.283,30.620,3.963,6.0000,19.675,-605.867,1544.143,-79.650,0.0000,0.0000,1.0000,16.758,18.923,17.283,Static,Wood,shape,0000020E280FC700,-,1,1,0,-
1370,38405.529,0.0000,impact,ragdoll,Proventus Avenicci,0001A67D,NPC L Foot [Lft ],7,45.753,45.753,23.126,70.124,5.568,3.0000,10.011,-603.785,1548.919,-79.650,0.0000,0.0000,1.0000,-3.072,35.633,-60.317,Static,Wood,shape,0000020E280FC700,-,1,1,0,-
1371,38525.168,0.0000,impact,ragdoll,Proventus Avenicci,0001A67D,NPC Spine1 [Spn1],6,5.704,5.704,42.753,24.868,1.932,4.0000,18.878,-623.309,1482.658,-79.650,-0.0000,-0.0000,1.0000,9.672,21.530,-7.830,Static,Wood,shape,0000020E280FC700,-,1,1,0,-
1372,38614.571,0.0000,impact,ragdoll,Proventus Avenicci,0001A67D,NPC COM [COM ],0,5.704,5.704,12.480,11.848,0.289,50.0000,17.687,-624.719,1502.215,-79.650,-0.0000,-0.0000,1.0000,-0.940,10.172,-6.002,Static,Wood,shape,0000020E280FC700,-,1,1,0,-
1373,38680.590,0.0000,impact,ragdoll,Proventus Avenicci,0001A67D,NPC R Hand [RHnd],17,46.082,46.082,104.959,54.417,5.266,4.0000,8.334,-606.887,1454.156,-63.851,0.7052,0.7030,0.0920,-33.380,-1.505,-42.949,-,Skin,shape,0000020E2E517A00,13,1,1,0,-
1374,38680.591,0.0000,impact,ragdoll,Proventus Avenicci,0001A67D,NPC Head [Head],13,46.082,46.082,104.959,22.050,0.754,4.0000,15.108,-606.887,1454.156,-63.851,0.7052,0.7030,0.0920,11.499,11.325,15.025,-,Skin,shape,0000020E2E517100,17,1,1,0,-
1375,38681.051,0.0000,impact,ragdoll,Proventus Avenicci,0001A67D,NPC Spine2 [Spn2],9,16.677,16.677,29.585,4.723,0.426,7.0000,23.052,-603.422,1463.928,-63.611,-0.9406,0.3238,-0.1026,-3.396,1.778,2.760,-,Skin,shape,0000020E2E517100,17,1,1,0,-
1376,38681.051,0.0000,impact,ragdoll,Proventus Avenicci,0001A67D,NPC R Hand [RHnd],17,16.677,16.677,29.585,39.759,4.876,4.0000,8.334,-603.422,1463.928,-63.611,-0.9406,0.3238,-0.1026,-13.558,11.679,-35.504,-,Skin,shape,0000020E2E584100,9,1,1,0,-
1377,38755.298,0.0000,state,unknown,Proventus Avenicci,0001A67D,-,-,0.000,0.000,0.000,0.000,0.000,0.0000,0.000,0.000,0.000,0.000,0.0000,0.0000,0.0000,0.000,0.000,0.000,-,-,-,0000000000000000,-,0,0,0,knock_get_up
1378,40271.554,0.0000,state,unknown,Proventus Avenicci,0001A67D,-,-,0.000,0.000,0.000,0.000,0.000,0.0000,0.000,0.000,0.000,0.000,0.0000,0.0000,0.0000,0.000,0.000,0.000,-,-,-,0000000000000000,-,0,0,0,ragdoll_start
1379,40275.807,0.0000,impact,ragdoll,Proventus Avenicci,0001A67D,NPC R Hand [RHnd],17,66.009,66.009,165.963,91.401,14.651,4.0000,8.334,-651.178,1532.406,-58.183,-0.2854,0.2124,0.9346,-42.654,-31.308,-74.530,-,Skin,shape,0000020E2E585900,5,1,1,0,-
1380,40275.808,0.0000,impact,ragdoll,Proventus Avenicci,0001A67D,NPC L Calf [LClf],5,66.009,66.009,165.963,1.406,1.402,6.0000,19.675,-651.178,1532.406,-58.183,-0.2854,0.2124,0.9346,0.860,0.566,0.958,-,Skin,shape,0000020E2E517100,17,1,1,0,-
1381,40293.952,0.0000,impact,ragdoll,Proventus Avenicci,0001A67D,NPC L Thigh [LThg],1,31.992,31.992,82.836,27.744,2.280,6.0000,20.487,-653.170,1532.154,-52.383,0.4322,-0.4007,-0.8078,24.123,-13.610,1.595,-,Skin,shape,0000020E2E517100,17,1,1,0,-
1382,40293.953,0.0000,impact,ragdoll,Proventus Avenicci,0001A67D,NPC R Hand [RHnd],17,31.992,31.992,82.836,101.127,9.511,4.0000,8.334,-653.170,1532.154,-52.383,0.4322,-0.4007,-0.8078,-40.115,-67.806,-63.401,-,Skin,shape,0000020E2E585C00,1,1,1,0,-
1383,40326.886,0.0000,impact,ragdoll,Proventus Avenicci,0001A67D,NPC R Forearm [RLar],15,8.332,8.332,118.946,56.771,6.493,6.0000,11.658,-647.711,1527.836,-57.929,-0.2602,0.2434,0.9344,-36.143,-43.153,-7.381,-,Skin,shape,0000020E2E585C00,1,1,1,0,-
1384,40326.887,0.0000,impact,ragdoll,Proventus Avenicci,0001A67D,NPC L Thigh [LThg],1,8.332,8.332,118.946,51.993,2.206,6.0000,20.487,-647.711,1527.836,-57.929,-0.2602,0.2434,0.9344,51.720,4.073,-3.436,-,Skin,shape,0000020E2E517400,15,1,1,0,-
1385,40343.260,0.0000,impact,ragdoll,Proventus Avenicci,0001A67D,NPC L Foot [Lft ],7,25.666,25.666,206.567,92.367,32.409,3.0000,10.011,-639.988,1556.365,-79.657,0.0000,0.0000,1.0000,-88.240,-27.040,-3.781,Static,Wood,shape,0000020E28032200,-,0,1,0,-
1386,40361.584,0.0000,impact,ragdoll,Proventus Avenicci,0001A67D,NPC R Thigh [RThg],2,69.545,69.545,24.956,45.926,3.847,6.0000,20.487,-638.213,1526.935,-61.341,0.8563,0.0637,0.5126,1.681,32.893,-32.006,-,Skin,shape,0000020E2E585C00,1,0,1,0,-
1387,40361.585,0.0000,impact,ragdoll,Proventus Avenicci,0001A67D,NPC L Thigh [LThg],1,69.545,69.545,24.956,52.038,2.158,6.0000,20.487,-638.213,1526.935,-61.341,0.8563,0.0637,0.5126,43.787,23.222,-15.854,-,Skin,shape,0000020E2E585000,2,0,1,0,-
1388,40361.588,0.0000,impact,ragdoll,Proventus Avenicci,0001A67D,NPC L Foot [Lft ],7,6.651,6.651,91.723,122.187,6.074,3.0000,10.011,-640.645,1557.984,-79.650,0.0000,0.0000,1.0000,-95.750,74.395,-15.070,Static,Wood,shape,0000020E28032200,-,0,1,0,-
1389,40378.647,0.0000,impact,ragdoll,Proventus Avenicci,0001A67D,NPC L Calf [LClf],5,31.675,31.675,123.870,58.516,6.847,6.0000,19.675,-640.484,1555.774,-79.650,-0.0000,0.0000,1.0000,-18.205,34.038,-43.979,Static,Wood,shape,0000020E28032200,-,1,1,0,-
1390,40429.995,0.0000,impact,ragdoll,Proventus Avenicci,0001A67D,NPC L Thigh [LThg],1,56.809,56.809,83.220,79.107,1.617,6.0000,20.487,-640.063,1527.682,-78.000,0.0000,0.0000,1.0000,55.804,20.940,-52.014,Static,Carpet,shape,0000020E28304100,-,0,1,0,-
1391,40448.217,0.0000,impact,ragdoll,Proventus Avenicci,0001A67D,NPC L Forearm [LLar],14,49.111,49.111,99.170,88.073,9.253,2.0000,11.658,-670.010,1466.778,-79.650,-0.0000,-0.0000,1.0000,42.906,11.594,-76.036,Static,Wood,shape,0000020E28032200,-,1,1,0,-
1392,40482.352,0.0000,impact,ragdoll,Proventus Avenicci,0001A67D,NPC L Forearm [LLar],14,111.829,111.829,97.012,101.845,17.040,2.0000,11.658,-659.303,1464.217,-78.037,-0.3758,0.0000,0.9267,69.621,23.490,-70.524,Static,Carpet,shape,0000020E28304100,-,1,1,0,-
1393,40482.777,0.0000,impact,ragdoll,Proventus Avenicci,0001A67D,NPC L Thigh [LThg],1,41.490,41.490,58.609,51.336,3.207,6.0000,20.487,-640.064,1525.988,-79.650,0.0000,-0.0000,1.0000,5.883,-43.964,-25.846,Static,Wood,shape,0000020E28032200,-,1,1,0,-
1394,40499.940,0.0000,impact,ragdoll,Proventus Avenicci,0001A67D,NPC L Calf [LClf],5,59.876,59.876,22.964,66.534,6.418,6.0000,19.675,-640.096,1530.492,-79.660,0.0000,0.0000,1.0000,-50.480,-42.906,-6.142,Static,Wood,shape,0000020E280FC700,-,1,1,0,-
1395,40516.908,0.0000,impact,ragdoll,Proventus Avenicci,0001A67D,NPC L UpperArm [LUar],10,116.721,116.721,132.245,201.986,9.478,2.0000,14.463,-649.959,1462.641,-78.000,-0.0000,-0.0000,1.0000,145.327,-65.583,-124.005,Static,Carpet,shape,0000020E28304100,-,1,1,0,-
1396,40532.732,0.0000,impact,ragdoll,Proventus Avenicci,0001A67D,NPC R Thigh [RThg],2,33.946,33.946,13.361,76.009,3.945,6.0000,20.487,-618.205,1529.580,-78.000,-0.0000,-0.0000,1.0000,39.143,-33.453,-55.912,Static,Carpet,shape,0000020E28304100,-,1,1,0,-
1397,40532.738,0.0000,impact,ragdoll,Proventus Avenicci,0001A67D,NPC Spine1 [Spn1],6,70.423,70.423,39.427,119.555,5.976,4.0000,18.878,-628.711,1486.620,-78.000,0.0000,0.0000,1.0000,58.218,-76.182,-71.417,Static,Carpet,shape,0000020E28304100,-,1,1,0,-
1398,40548.146,0.0000,impact,ragdoll,Proventus Avenicci,0001A67D,NPC L Calf [LClf],5,48.141,48.141,15.255,76.091,6.731,6.0000,19.675,-644.080,1528.256,-78.000,0.0000,0.0000,1.0000,-61.685,-44.026,-6.822,Static,Carpet,shape,0000020E28304100,-,0,1,0,-
1399,40548.639,0.0000,impact,ragdoll,Proventus Avenicci,0001A67D,NPC Spine [Spn0],3,48.158,48.158,32.155,76.015,6.814,4.0000,17.297,-626.252,1493.790,-79.650,0.0000,0.0000,1.0000,46.059,-31.359,-51.706,Static,Wood,shape,0000020E280FC700,-,1,1,0,-
1400,40548.644,0.0000,impact,ragdoll,Proventus Avenicci,0001A67D,NPC Spine2 [Spn2],9,133.971,133.971,104.440,206.026,5.231,7.0000,23.052,-629.225,1472.205,-78.000,-0.0000,0.0000,1.0000,134.312,-82.733,-132.523,Static,Carpet,shape,0000020E28304100,-,1,1,0,-
1401,40548.645,0.0000,impact,ragdoll,Proventus Avenicci,0001A67D,NPC L Forearm [LLar],14,137.543,137.543,170.368,202.192,8.791,2.0000,11.658,-650.616,1462.323,-78.000,0.0000,-0.0000,1.0000,176.606,19.671,-96.462,Static,Carpet,shape,0000020E28304100,-,0,1,0,-
1402,40563.791,0.0000,impact,ragdoll,Proventus Avenicci,0001A67D,NPC L UpperArm [LUar],10,92.037,92.037,116.433,182.800,3.477,2.0000,14.463,-641.965,1461.162,-79.650,-0.0000,-0.0000,1.0000,140.067,-51.612,-105.515,Static,Wood,shape,0000020E28032200,-,1,1,0,-
1403,40579.299,0.0000,impact,ragdoll,Proventus Avenicci,0001A67D,NPC L Forearm [LLar],14,43.658,43.658,27.407,152.405,16.680,2.0000,11.658,-646.699,1461.859,-79.650,0.0000,0.0000,1.0000,141.907,-26.833,48.678,Static,Wood,shape,0000020E28032200,-,0,1,0,-
1404,40579.719,0.0000,impact,ragdoll,Proventus Avenicci,0001A67D,NPC L UpperArm [LUar],10,68.218,68.218,91.566,189.821,7.606,2.0000,14.463,-639.569,1460.319,-79.650,-0.0000,-0.0000,1.0000,156.980,-33.058,-101.471,Static,Wood,shape,0000020E280FC700,-,1,1,0,-
1405,40579.720,0.0000,impact,ragdoll,Proventus Avenicci,0001A67D,NPC L UpperArm [LUar],10,64.881,64.881,91.155,189.821,7.606,2.0000,14.463,-640.037,1460.319,-79.651,0.0000,0.0000,1.0000,156.980,-33.058,-101.471,Static,Wood,shape,0000020E28032200,-,1,1,0,-
1406,40596.412,0.0000,impact,ragdoll,Proventus Avenicci,0001A67D,NPC Spine1 [Spn1],6,108.159,108.159,63.461,143.687,6.750,4.0000,18.878,-623.361,1482.467,-79.650,-0.0000,0.0000,1.0000,83.350,-32.915,-112.319,Static,Wood,shape,0000020E280FC700,-,1,1,0,-
1407,40612.301,0.0000,impact,ragdoll,Proventus Avenicci,0001A67D,NPC Spine2 [Spn2],9,84.748,84.748,130.592,194.002,9.797,7.0000,23.052,-637.917,1463.057,-71.387,0.8861,0.2949,0.3575,156.562,-41.401,-106.821,-,Skin,shape,0000020E2E516B00,14,1,1,0,-
1408,40612.302,0.0000,impact,ragdoll,Proventus Avenicci,0001A67D,NPC L Forearm [LLar],14,84.748,84.748,130.592,207.007,17.954,2.0000,11.658,-637.917,1463.057,-71.387,0.8861,0.2949,0.3575,199.004,15.993,54.713,-,Skin,shape,0000020E2E584100,9,1,1,0,-
1409,40612.811,0.0000,impact,ragdoll,Proventus Avenicci,0001A67D,NPC Spine2 [Spn2],9,112.313,112.313,107.966,209.747,5.168,7.0000,23.052,-620.089,1468.248,-79.650,0.0000,-0.0000,1.0000,167.391,-43.902,-118.519,Static,Wood,shape,0000020E280FC700,-,1,1,0,-
1410,40629.143,0.0000,impact,ragdoll,Proventus Avenicci,0001A67D,NPC L Forearm [LLar],14,5.525,5.525,81.434,206.338,16.833,2.0000,11.658,-638.653,1461.693,-79.650,0.0000,0.0000,1.0000,179.532,-27.565,97.898,Static,Wood,shape,0000020E280FC700,-,1,1,0,-
1411,40629.571,0.0000,impact,ragdoll,Proventus Avenicci,0001A67D,NPC L Calf [LClf],5,18.646,18.646,135.390,134.994,3.324,6.0000,19.675,-659.133,1539.318,-78.000,-0.0359,0.0000,0.9994,-47.202,-125.459,-15.977,Static,Carpet,shape,0000020E28304100,-,0,1,0,-
1412,40645.057,0.0000,impact,ragdoll,Proventus Avenicci,0001A67D,NPC L Foot [Lft ],7,45.931,45.931,122.843,155.274,24.148,3.0000,10.011,-671.255,1538.400,-79.650,0.0000,0.0000,1.0000,-62.921,-137.804,-34.074,Static,Wood,shape,0000020E28032200,-,1,1,0,-
1413,40645.074,0.0000,impact,ragdoll,Proventus Avenicci,0001A67D,NPC L UpperArm [LUar],10,105.237,105.237,40.132,116.842,11.718,2.0000,14.463,-619.901,1455.506,-78.000,-0.0000,-0.0000,1.0000,103.130,-37.300,-40.310,Static,Carpet,shape,0000020E28304100,-,0,1,0,-
1414,40645.076,0.0000,impact,ragdoll,Proventus Avenicci,0001A67D,NPC L UpperArm [LUar],10,105.237,105.237,21.943,116.842,11.718,2.0000,14.463,-619.901,1455.506,-79.650,-0.0000,0.0000,1.0000,103.130,-37.300,-40.310,Static,Wood,shape,0000020E280FC700,-,0,1,0,-
1415,40749.884,0.0000,impact,ragdoll,Proventus Avenicci,0001A67D,NPC L Forearm [LLar],14,57.454,57.454,78.016,153.872,8.110,2.0000,11.658,-621.734,1468.445,-61.302,-0.6054,-0.7463,0.2765,122.200,-55.202,75.474,-,Skin,shape,0000020E2E584400,6,1,1,0,-
1416,40749.885,0.0000,impact,ragdoll,Proventus Avenicci,0001A67D,NPC Spine1 [Spn1],6,57.454,57.454,78.016,78.183,3.997,4.0000,18.878,-621.734,1468.445,-61.302,-0.6054,-0.7463,0.2765,27.142,-66.711,30.423,-,Skin,shape,0000020E2E516B00,14,1,1,0,-
1417,40750.406,0.0000,impact,ragdoll,Proventus Avenicci,0001A67D,NPC Head [Head],13,62.814,62.814,40.321,114.754,4.193,4.0000,15.108,-597.599,1441.722,-78.000,-0.0000,-0.0000,1.0000,89.866,-35.627,-61.833,Static,Carpet,shape,0000020E28304100,-,1,1,0,-
1418,40750.407,0.0000,impact,ragdoll,Proventus Avenicci,0001A67D,NPC L Hand [LHnd],16,46.600,46.600,95.663,261.291,12.316,4.0000,8.334,-621.881,1472.562,-56.785,-0.6481,-0.2633,0.7146,213.678,-81.547,126.353,-,Skin,shape,0000020E2E584400,6,1,1,0,-
1419,40750.407,0.0000,impact,ragdoll,Proventus Avenicci,0001A67D,NPC Spine1 [Spn1],6,46.600,46.600,95.663,65.238,4.127,4.0000,18.878,-621.881,1472.562,-56.785,-0.6481,-0.2633,0.7146,25.997,-55.469,22.434,-,Skin,shape,0000020E2E516800,16,1,1,0,-
1420,40785.731,0.0000,impact,ragdoll,Proventus Avenicci,0001A67D,NPC Spine1 [Spn1],6,24.026,24.026,35.825,44.039,4.378,4.0000,18.878,-608.813,1476.919,-78.000,0.0000,-0.0000,1.0000,40.578,-13.774,-10.156,Static,Carpet,shape,0000020E28304100,-,0,1,0,-
1421,40786.163,0.0000,impact,ragdoll,Proventus Avenicci,0001A67D,NPC R Foot [Rft ],8,14.597,14.597,99.919,65.671,7.383,3.0000,10.011,-636.603,1552.375,-79.650,-0.0000,-0.0000,1.0000,-59.305,-9.811,-26.445,Static,Wood,shape,0000020E280FC700,-,1,1,0,-
1422,40820.986,0.0000,impact,ragdoll,Proventus Avenicci,0001A67D,NPC Spine2 [Spn2],9,25.907,25.907,32.439,66.952,4.695,7.0000,23.052,-600.651,1463.460,-78.000,0.0000,0.0000,1.0000,65.487,-5.138,-12.947,Static,Carpet,shape,0000020E28304100,-,0,1,0,-
1423,40820.987,0.0000,impact,ragdoll,Proventus Avenicci,0001A67D,NPC Spine2 [Spn2],9,25.908,25.908,32.918,66.952,4.695,7.0000,23.052,-600.651,1463.460,-79.650,-0.0000,0.0000,1.0000,65.487,-5.138,-12.947,Static,Wood,shape,0000020E280FC700,-,0,1,0,-
1424,40856.008,0.0000,impact,ragdoll,Proventus Avenicci,0001A67D,NPC R Thigh [RThg],2,20.925,20.925,53.401,35.687,4.403,6.0000,20.487,-625.893,1517.938,-79.650,-0.0000,-0.0000,1.0000,6.313,-21.063,-28.108,Static,Wood,shape,0000020E280FC700,-,1,1,0,-
1425,40889.351,0.0000,impact,ragdoll,Proventus Avenicci,0001A67D,NPC Spine [Spn0],3,35.987,35.987,38.160,47.874,3.862,4.0000,17.297,-612.330,1485.446,-78.000,0.0000,0.0000,1.0000,38.193,-15.543,-24.323,Static,Carpet,shape,0000020E28304100,-,0,1,0,-
1426,40973.260,0.0000,impact,ragdoll,Proventus Avenicci,0001A67D,NPC L Hand [LHnd],16,50.699,50.699,101.378,167.709,8.963,4.0000,8.334,-594.652,1456.596,-52.637,0.2494,-0.3421,0.9060,134.347,-42.038,-91.158,-,Skin,shape,0000020E2E584100,9,1,1,0,-
1427,40973.261,0.0000,impact,ragdoll,Proventus Avenicci,0001A67D,NPC Spine2 [Spn2],9,50.699,50.699,101.378,34.598,1.885,7.0000,23.052,-594.652,1456.596,-52.637,0.2494,-0.3421,0.9060,33.748,5.910,4.810,-,Skin,shape,0000020E2E516800,16,1,1,0,-
1428,41009.057,0.0000,impact,ragdoll,Proventus Avenicci,0001A67D,NPC Head [Head],13,110.813,110.813,43.879,60.663,1.417,4.0000,15.108,-585.700,1449.457,-49.762,0.3235,-0.3610,-0.8747,50.242,33.251,-7.076,-,Skin,shape,0000020E2E516800,16,1,1,0,-
1429,41009.057,0.0000,impact,ragdoll,Proventus Avenicci,0001A67D,NPC L Hand [LHnd],16,110.813,110.813,43.879,128.188,5.223,4.0000,8.334,-585.700,1449.457,-49.762,0.3235,-0.3610,-0.8747,69.610,-15.271,-106.553,-,Skin,shape,0000020E2E517A00,13,1,1,0,-
1430,41026.187,0.0000,impact,ragdoll,Proventus Avenicci,0001A67D,NPC R Forearm [RLar],15,126.247,126.247,95.527,156.599,10.946,6.0000,11.658,-561.538,1482.603,-78.000,0.0000,0.0000,1.0000,37.270,83.884,-126.876,Static,Carpet,shape,0000020E28304100,-,1,1,0,-
1431,41183.447,0.0000,impact,ragdoll,Proventus Avenicci,0001A67D,NPC R UpperArm [RUar],12,77.358,77.358,67.962,67.543,5.083,2.0000,14.463,-562.788,1484.047,-78.000,-0.0000,0.0000,1.0000,-11.438,43.149,-50.689,Static,Carpet,shape,0000020E28304100,-,1,1,0,-
1432,41216.399,0.0000,impact,ragdoll,Proventus Avenicci,0001A67D,NPC R Hand [RHnd],17,102.575,102.575,29.188,124.902,10.318,4.0000,8.334,-544.146,1502.085,-78.000,0.0000,-0.0000,1.0000,-30.146,64.748,-102.466,Static,Carpet,shape,0000020E28304100,-,1,1,0,-
1433,41233.740,0.0000,impact,ragdoll,Proventus Avenicci,0001A67D,NPC R Forearm [RLar],15,51.782,51.782,27.909,43.975,6.100,6.0000,11.658,-558.812,1489.937,-78.000,0.0000,0.0000,1.0000,-21.850,17.902,-33.704,Static,Carpet,shape,0000020E28304100,-,1,1,0,-
1434,41321.518,0.0000,impact,ragdoll,Proventus Avenicci,0001A67D,NPC R Forearm [RLar],15,32.197,32.197,9.743,52.859,3.538,6.0000,11.658,-560.412,1491.749,-79.650,-0.0000,0.0000,1.0000,-30.791,23.299,-36.099,Static,Wood,shape,0000020E280FC700,-,1,1,0,-
1435,41339.538,0.0000,impact,ragdoll,Proventus Avenicci,0001A67D,NPC R Hand [RHnd],17,60.532,60.532,84.291,97.221,6.694,4.0000,8.334,-550.148,1508.054,-79.650,-0.0000,-0.0000,1.0000,-59.104,47.920,-60.519,Static,Wood,shape,0000020E280FC700,-,1,1,0,-
1436,41375.906,0.0000,impact,ragdoll,Proventus Avenicci,0001A67D,NPC R Forearm [RLar],15,9.926,9.926,21.949,18.708,2.069,6.0000,11.658,-554.130,1502.891,-78.000,-0.0000,0.0000,1.0000,-12.448,13.076,-4.904,Static,Carpet,shape,0000020E28304100,-,0,1,0,-
1437,41571.874,0.0000,impact,ragdoll,Proventus Avenicci,0001A67D,NPC Head [Head],13,6.287,6.287,3.322,8.205,0.391,4.0000,15.108,-571.404,1451.464,-78.000,0.0000,-0.0000,1.0000,-1.359,-4.995,-6.366,Static,Carpet,shape,0000020E28304100,-,1,1,0,-
1438,41605.747,0.0000,impact,ragdoll,Proventus Avenicci,0001A67D,NPC R Foot [Rft ],8,15.883,15.883,12.412,26.058,2.397,3.0000,10.011,-643.042,1544.811,-79.650,-0.0000,0.0000,1.0000,-15.585,4.265,-20.444,Static,Wood,shape,0000020E28032200,-,1,1,0,-
1439,41775.964,0.0000,state,unknown,Proventus Avenicci,0001A67D,-,-,0.000,0.000,0.000,0.000,0.000,0.0000,0.000,0.000,0.000,0.000,0.0000,0.0000,0.0000,0.000,0.000,0.000,-,-,-,0000000000000000,-,0,0,0,knock_get_up
1440,43248.890,0.0000,state,unknown,Proventus Avenicci,0001A67D,-,-,0.000,0.000,0.000,0.000,0.000,0.0000,0.000,0.000,0.000,0.000,0.0000,0.0000,0.0000,0.000,0.000,0.000,-,-,-,0000000000000000,-,0,0,0,ragdoll_start
1441,43323.726,0.0000,impact,ragdoll,Proventus Avenicci,0001A67D,NPC L Thigh [LThg],1,37.608,37.608,75.710,47.926,9.469,6.0000,20.487,-655.417,1482.544,-78.000,0.0000,0.0000,1.0000,6.034,-13.336,-45.636,Static,Carpet,shape,0000020E28304100,-,0,1,0,-
1442,43323.753,0.0000,impact,ragdoll,Proventus Avenicci,0001A67D,NPC R Hand [RHnd],17,8.050,8.050,156.553,152.980,16.746,4.0000,8.334,-662.608,1482.735,-62.717,-0.3561,-0.0570,0.9327,26.315,19.960,-149.372,-,Skin,shape,0000020E2E585900,5,1,1,0,-
1443,43323.753,0.0000,impact,ragdoll,Proventus Avenicci,0001A67D,NPC L Calf [LClf],5,8.050,8.050,156.553,31.066,10.868,6.0000,19.675,-662.608,1482.735,-62.717,-0.3561,-0.0570,0.9327,-6.303,-3.976,-30.159,-,Skin,shape,0000020E2E517100,17,1,1,0,-
1444,43324.264,0.0000,impact,ragdoll,Proventus Avenicci,0001A67D,NPC R Hand [RHnd],17,60.795,60.795,233.147,91.291,23.787,4.0000,8.334,-659.563,1482.381,-62.071,-0.6211,-0.0075,0.7837,-2.681,27.587,-86.982,-,Skin,shape,0000020E2E585C00,1,1,1,0,-
1445,43324.265,0.0000,impact,ragdoll,Proventus Avenicci,0001A67D,NPC L Thigh [LThg],1,60.795,60.795,233.147,11.170,6.003,6.0000,20.487,-659.563,1482.381,-62.071,-0.6211,-0.0075,0.7837,7.052,-1.976,8.433,-,Skin,shape,0000020E2E517100,17,1,1,0,-
1446,43359.275,0.0000,impact,ragdoll,Proventus Avenicci,0001A67D,NPC R Thigh [RThg],2,61.732,61.732,259.094,85.610,12.642,6.0000,20.487,-652.929,1487.474,-65.184,0.3237,0.7735,0.5449,-30.897,-16.015,-78.217,-,Skin,shape,0000020E2E585C00,1,0,1,0,-
1447,43359.276,0.0000,impact,ragdoll,Proventus Avenicci,0001A67D,NPC L Thigh [LThg],1,61.732,61.732,259.094,44.489,8.648,6.0000,20.487,-652.929,1487.474,-65.184,0.3237,0.7735,0.5449,-9.390,-18.150,-39.518,-,Skin,shape,0000020E2E585000,2,0,1,0,-
1448,43359.795,0.0000,impact,ragdoll,Proventus Avenicci,0001A67D,NPC L Thigh [LThg],1,113.631,113.631,62.548,85.192,7.538,6.0000,20.487,-655.069,1481.935,-79.650,0.0000,0.0000,1.0000,12.162,-15.212,-82.936,Static,Wood,shape,0000020E28032200,-,1,1,0,-
1449,43375.871,0.0000,impact,ragdoll,Proventus Avenicci,0001A67D,NPC L Thigh [LThg],1,12.688,12.688,54.605,22.897,7.205,6.0000,20.487,-640.021,1480.837,-79.650,0.0000,0.0000,1.0000,5.236,-22.000,-3.582,Static,Wood,shape,0000020E280FC700,-,1,1,0,-
1450,43376.292,0.0000,impact,ragdoll,Proventus Avenicci,0001A67D,NPC L Calf [LClf],5,65.544,65.544,257.286,88.096,2.773,6.0000,19.675,-658.091,1497.428,-64.193,-0.7368,-0.4488,-0.5057,-9.325,-55.065,68.131,-,Skin,shape,0000020E2E584D00,4,1,1,0,-
1451,43376.292,0.0000,impact,ragdoll,Proventus Avenicci,0001A67D,NPC R Calf [RClf],4,65.544,65.544,257.286,71.559,12.652,6.0000,19.675,-658.091,1497.428,-64.193,-0.7368,-0.4488,-0.5057,-51.257,28.787,-40.802,-,Skin,shape,0000020E2E585900,5,1,1,0,-
1452,43392.162,0.0000,impact,ragdoll,Proventus Avenicci,0001A67D,NPC L Thigh [LThg],1,101.758,101.758,55.508,64.498,6.536,6.0000,20.487,-632.410,1480.562,-79.650,-0.0000,-0.0000,1.0000,15.243,-20.074,-59.369,Static,Wood,shape,0000020E280FC700,-,0,1,0,-
1453,43392.165,0.0000,impact,ragdoll,Proventus Avenicci,0001A67D,NPC Spine [Spn0],3,46.882,46.882,108.231,56.263,9.798,4.0000,17.297,-623.310,1477.879,-79.650,0.0000,0.0000,1.0000,-8.784,-41.976,-36.419,Static,Wood,shape,0000020E280FC700,-,1,1,0,-
1454,43392.168,0.0000,impact,ragdoll,Proventus Avenicci,0001A67D,NPC L Calf [LClf],5,89.180,89.180,55.188,66.029,10.616,6.0000,19.675,-660.080,1481.375,-79.650,-0.0000,0.0000,1.0000,-4.776,-62.447,20.913,Static,Wood,shape,0000020E28032200,-,0,1,0,-
1455,43408.035,0.0000,impact,ragdoll,Proventus Avenicci,0001A67D,NPC Spine1 [Spn1],6,83.110,83.110,98.247,103.859,9.931,4.0000,18.878,-620.581,1468.697,-78.000,-0.0000,0.0000,1.0000,-27.839,-70.018,-71.478,Static,Carpet,shape,0000020E28304100,-,1,1,0,-
1456,43408.037,0.0000,impact,ragdoll,Proventus Avenicci,0001A67D,NPC L UpperArm [LUar],10,246.493,246.493,69.349,220.920,12.876,2.0000,14.463,-604.777,1435.570,-78.000,0.0000,0.0000,1.0000,69.251,-19.987,-208.831,Static,Carpet,shape,0000020E28304100,-,1,1,0,-
1457,43408.039,0.0000,impact,ragdoll,Proventus Avenicci,0001A67D,NPC L Forearm [LLar],14,95.943,95.943,128.492,198.955,18.467,2.0000,11.658,-614.336,1428.325,-79.650,-0.0000,-0.0000,1.0000,32.936,39.580,-192.177,Static,Wood,shape,0000020E280FC700,-,1,1,0,-
1458,43408.041,0.0000,impact,ragdoll,Proventus Avenicci,0001A67D,NPC R Hand [RHnd],17,100.905,100.905,410.512,139.985,42.224,4.0000,8.334,-658.388,1479.944,-64.383,-0.6007,-0.1257,0.7896,89.949,-100.576,-37.272,-,Skin,shape,0000020E2E585C00,1,1,1,0,-
1459,43408.041,0.0000,impact,ragdoll,Proventus Avenicci,0001A67D,NPC L Thigh [LThg],1,100.905,100.905,410.512,22.684,5.247,6.0000,20.487,-658.388,1479.944,-64.383,-0.6007,-0.1257,0.7896,6.536,-20.710,-6.551,-,Skin,shape,0000020E2E517100,17,1,1,0,-
1460,43424.875,0.0000,impact,ragdoll,Proventus Avenicci,0001A67D,NPC L Forearm [LLar],14,219.313,219.313,87.260,156.913,14.830,2.0000,11.658,-600.652,1431.423,-78.000,-0.0000,-0.0000,1.0000,59.135,46.350,-137.755,Static,Carpet,shape,0000020E28304100,-,0,1,0,-
1461,43424.878,0.0000,impact,ragdoll,Proventus Avenicci,0001A67D,NPC L Forearm [LLar],14,219.312,219.312,96.015,156.913,14.830,2.0000,11.658,-600.652,1431.423,-79.650,-0.0000,0.0000,1.0000,59.135,46.350,-137.755,Static,Wood,shape,0000020E280FC700,-,0,1,0,-
1462,43441.197,0.0000,impact,ragdoll,Proventus Avenicci,0001A67D,NPC L Calf [LClf],5,17.469,17.469,49.356,59.574,8.529,6.0000,19.675,-658.853,1480.225,-78.000,0.0000,0.0000,1.0000,-19.973,-47.626,29.697,Static,Carpet,shape,0000020E28304100,-,1,1,0,-
1463,43458.591,0.0000,impact,ragdoll,Proventus Avenicci,0001A67D,NPC Head [Head],13,172.598,172.598,140.649,252.927,13.758,4.0000,15.108,-617.574,1430.156,-67.851,-0.1095,0.0047,0.9940,137.049,-120.150,-175.367,-,Skin,shape,0000020E2E516800,16,1,1,0,-
1464,43458.592,0.0000,impact,ragdoll,Proventus Avenicci,0001A67D,NPC L Hand [LHnd],16,172.598,172.598,140.649,111.906,6.847,4.0000,8.334,-617.574,1430.156,-67.851,-0.1095,0.0047,0.9940,99.445,50.601,-8.546,-,Skin,shape,0000020E2E517A00,13,1,1,0,-
1465,43475.042,0.0000,impact,ragdoll,Proventus Avenicci,0001A67D,NPC L Calf [LClf],5,117.352,117.352,104.535,52.514,10.123,6.0000,19.675,-659.117,1480.219,-78.000,-0.0037,0.0000,1.0000,-31.245,-21.616,-36.252,Static,Carpet,shape,0000020E28304100,-,1,1,0,-
1466,43492.076,0.0000,impact,ragdoll,Proventus Avenicci,0001A67D,NPC Spine2 [Spn2],9,86.442,86.442,34.251,102.375,4.588,7.0000,23.052,-613.088,1434.597,-70.208,-0.0704,0.7895,0.6096,24.270,-89.179,-44.032,-,Skin,shape,0000020E2E516800,16,1,1,0,-
1467,43492.077,0.0000,impact,ragdoll,Proventus Avenicci,0001A67D,NPC L Hand [LHnd],16,86.442,86.442,34.251,157.539,10.113,4.0000,8.334,-613.088,1434.597,-70.208,-0.0704,0.7895,0.6096,156.902,14.119,-0.863,-,Skin,shape,0000020E2E584100,9,1,1,0,-
1468,43541.370,0.0000,impact,ragdoll,Proventus Avenicci,0001A67D,NPC Spine2 [Spn2],9,66.317,66.317,36.775,129.956,6.144,7.0000,23.052,-612.890,1445.723,-78.000,-0.0000,0.0000,1.0000,39.735,-104.375,-66.450,Static,Carpet,shape,0000020E28304100,-,1,1,0,-
1469,43574.560,0.0000,impact,ragdoll,Proventus Avenicci,0001A67D,NPC Head [Head],13,120.099,120.099,96.272,174.487,3.329,4.0000,15.108,-607.163,1421.812,-78.000,0.0000,-0.0000,1.0000,114.016,-54.568,-120.285,Static,Carpet,shape,0000020E28304100,-,1,1,0,-
1470,43574.977,0.0000,impact,ragdoll,Proventus Avenicci,0001A67D,NPC Spine1 [Spn1],6,86.539,86.539,19.535,115.560,4.299,4.0000,18.878,-618.851,1454.854,-79.650,-0.0000,0.0000,1.0000,13.903,-74.943,-86.859,Static,Wood,shape,0000020E280FC700,-,1,1,0,-
1471,43609.475,0.0000,impact,ragdoll,Proventus Avenicci,0001A67D,NPC Spine2 [Spn2],9,41.705,41.705,102.375,95.230,8.135,7.0000,23.052,-609.531,1441.894,-79.650,-0.0000,-0.0000,1.0000,60.889,-52.693,-50.840,Static,Wood,shape,0000020E280FC700,-,1,1,0,-
1472,43628.596,0.0000,impact,ragdoll,Proventus Avenicci,0001A67D,NPC R Hand [RHnd],17,147.218,147.218,205.745,238.591,7.929,4.0000,8.334,-653.356,1445.966,-78.000,0.0000,0.0000,1.0000,47.487,-181.669,-147.198,Static,Carpet,shape,0000020E28304100,-,1,1,0,-
1473,43644.261,0.0000,impact,ragdoll,Proventus Avenicci,0001A67D,NPC L Foot [Lft ],7,55.930,55.930,142.832,83.824,18.654,3.0000,10.011,-692.689,1488.420,-79.650,0.0000,0.0000,1.0000,9.251,-25.846,-79.202,Static,Wood,shape,0000020E28032200,-,1,1,0,-
1474,43644.267,0.0000,impact,ragdoll,Proventus Avenicci,0001A67D,NPC R UpperArm [RUar],12,87.620,87.620,147.846,173.309,3.672,2.0000,14.463,-623.489,1423.766,-78.000,-0.0000,0.0000,1.0000,110.531,-103.751,-83.992,Static,Carpet,shape,0000020E28304100,-,1,1,0,-
1475,43662.663,0.0000,impact,ragdoll,Proventus Avenicci,0001A67D,NPC Head [Head],13,54.878,54.878,179.567,123.706,8.079,4.0000,15.108,-597.160,1419.773,-79.650,0.0000,0.0000,1.0000,109.060,19.061,-55.189,Static,Wood,shape,0000020E280FC700,-,1,1,0,-
1476,43663.242,0.0000,impact,ragdoll,Proventus Avenicci,0001A67D,NPC R Hand [RHnd],17,30.258,30.258,230.808,171.732,16.956,4.0000,8.334,-652.480,1440.527,-79.650,0.0000,0.0000,1.0000,36.031,-165.143,-30.352,Static,Wood,shape,0000020E28032200,-,1,1,0,-
1477,43679.281,0.0000,impact,ragdoll,Proventus Avenicci,0001A67D,NPC Neck [Neck],11,5.198,5.198,66.463,61.471,3.475,6.0000,8.431,-599.182,1426.257,-78.000,0.0000,0.0000,1.0000,60.856,-6.875,-5.285,Static,Carpet,shape,0000020E28304100,-,1,1,0,-
1478,43679.284,0.0000,impact,ragdoll,Proventus Avenicci,0001A67D,NPC R Forearm [RLar],15,29.371,29.371,127.836,139.172,4.909,6.0000,11.658,-645.504,1435.522,-78.000,0.0000,0.0000,1.0000,65.911,-117.781,-33.946,Static,Carpet,shape,0000020E28304100,-,1,1,0,-
1479,43695.011,0.0000,impact,ragdoll,Proventus Avenicci,0001A67D,NPC Spine2 [Spn2],9,37.407,37.407,46.122,53.303,3.916,7.0000,23.052,-587.942,1437.983,-71.793,-0.9433,0.0542,0.3274,28.819,-44.835,0.662,-,Skin,shape,0000020E2E516B00,14,1,1,0,-
1480,43695.012,0.0000,impact,ragdoll,Proventus Avenicci,0001A67D,NPC L Forearm [LLar],14,37.407,37.407,46.122,63.010,2.574,2.0000,11.658,-587.942,1437.983,-71.793,-0.9433,0.0542,0.3274,-5.432,53.455,32.914,-,Skin,shape,0000020E2E584100,9,1,1,0,-
1481,43711.622,0.0000,impact,ragdoll,Proventus Avenicci,0001A67D,NPC R UpperArm [RUar],12,53.070,53.070,97.678,119.354,3.607,2.0000,14.463,-617.301,1419.356,-79.650,-0.0000,-0.0000,1.0000,78.077,-75.610,-49.321,Static,Wood,shape,0000020E280FC700,-,1,1,0,-
1482,43857.916,0.0000,impact,ragdoll,Proventus Avenicci,0001A67D,NPC COM [COM ],0,7.726,7.726,41.588,68.228,3.072,50.0000,17.687,-637.270,1449.078,-79.650,-0.0000,0.0000,1.0000,-16.680,-64.712,-13.755,Static,Wood,shape,0000020E280FC700,-,1,1,0,-
1483,43874.853,0.0000,impact,ragdoll,Proventus Avenicci,0001A67D,NPC R Thigh [RThg],2,32.914,32.914,64.262,199.414,10.134,6.0000,20.487,-641.503,1437.777,-78.000,-0.0000,-0.0000,1.0000,-27.553,-179.315,-82.784,Static,Carpet,shape,0000020E28304100,-,1,1,0,-
1484,43924.310,0.0000,impact,ragdoll,Proventus Avenicci,0001A67D,NPC R Hand [RHnd],17,192.806,192.806,104.091,89.382,2.014,4.0000,8.334,-648.282,1415.899,-65.219,0.3734,-0.6149,-0.6946,24.764,-85.883,0.000,-,Skin,shape,0000020E2E585000,2,1,1,0,-
1485,43924.311,0.0000,impact,ragdoll,Proventus Avenicci,0001A67D,NPC R Thigh [RThg],2,192.806,192.806,104.091,208.672,12.523,6.0000,20.487,-648.282,1415.899,-65.219,0.3734,-0.6149,-0.6946,19.403,-147.127,-146.701,-,Skin,shape,0000020E2E517100,17,1,1,0,-
1486,43959.160,0.0000,impact,ragdoll,Proventus Avenicci,0001A67D,NPC COM [COM ],0,28.692,28.692,32.201,65.049,3.486,50.0000,17.687,-640.082,1442.704,-79.650,0.0000,-0.0000,1.0000,-17.792,-52.710,-33.711,Static,Wood,shape,0000020E28032200,-,1,1,0,-
1487,43975.448,0.0000,impact,ragdoll,Proventus Avenicci,0001A67D,NPC COM [COM ],0,21.055,21.055,13.550,47.510,4.785,50.0000,17.687,-639.899,1436.465,-78.000,0.0000,0.0000,1.0000,-17.054,-42.924,-11.131,Static,Carpet,shape,0000020E28304100,-,0,1,0,-
1488,43975.454,0.0000,impact,ragdoll,Proventus Avenicci,0001A67D,NPC R Calf [RClf],4,70.979,70.979,38.627,138.680,9.285,6.0000,19.675,-645.767,1404.301,-70.554,-0.8155,0.2177,0.5363,-40.969,-118.648,-58.961,-,Skin,shape,0000020E2E517100,17,1,1,0,-
1489,43975.455,0.0000,impact,ragdoll,Proventus Avenicci,0001A67D,NPC R Hand [RHnd],17,70.979,70.979,38.627,123.606,6.667,4.0000,8.334,-645.767,1404.301,-70.554,-0.8155,0.2177,0.5363,44.287,-115.400,-0.003,-,Skin,shape,0000020E2E584D00,4,1,1,0,-
1490,43993.634,0.0000,impact,ragdoll,Proventus Avenicci,0001A67D,NPC L Calf [LClf],5,31.655,31.655,20.028,52.767,4.107,6.0000,19.675,-690.517,1473.095,-79.650,-0.0000,-0.0000,1.0000,-28.514,-42.182,-13.857,Static,Wood,shape,0000020E28032200,-,0,1,0,-
1491,43994.123,0.0000,impact,ragdoll,Proventus Avenicci,0001A67D,NPC R Calf [RClf],4,98.292,98.292,62.948,128.971,7.927,6.0000,19.675,-655.429,1405.718,-78.000,0.0000,0.0000,1.0000,-85.693,-80.351,-53.234,Static,Carpet,shape,0000020E28304100,-,1,1,0,-
1492,44115.086,0.0000,impact,ragdoll,Proventus Avenicci,0001A67D,NPC L Foot [Lft ],7,5.448,5.448,42.597,46.209,0.714,3.0000,10.011,-699.894,1468.155,-79.703,0.0000,0.0000,1.0000,-22.700,-40.229,-1.263,Static,Wood,shape,0000020E28032200,-,0,1,0,-
1493,44131.794,0.0000,impact,ragdoll,Proventus Avenicci,0001A67D,NPC R Thigh [RThg],2,11.064,11.064,5.642,16.555,1.348,6.0000,20.487,-650.108,1418.128,-79.650,0.0000,0.0000,1.0000,-11.742,4.535,-10.753,Static,Wood,shape,0000020E28032200,-,0,1,0,-
1494,44131.800,0.0000,impact,ragdoll,Proventus Avenicci,0001A67D,NPC Spine2 [Spn2],9,8.321,8.321,9.483,11.102,0.311,7.0000,23.052,-593.988,1440.723,-70.936,-0.8150,-0.3493,0.4624,-9.892,5.032,-0.282,-,Skin,shape,0000020E2E516800,16,1,1,0,-
1495,44131.800,0.0000,impact,ragdoll,Proventus Avenicci,0001A67D,NPC L Hand [LHnd],16,8.321,8.321,9.483,16.832,0.720,4.0000,8.334,-593.988,1440.723,-70.936,-0.8150,-0.3493,0.4624,-16.122,-4.837,0.021,-,Skin,shape,0000020E2E584100,9,1,1,0,-
1496,44162.649,0.0000,impact,ragdoll,Proventus Avenicci,0001A67D,NPC R Calf [RClf],4,13.970,13.970,82.038,129.353,8.868,6.0000,19.675,-659.120,1404.896,-78.000,-0.0097,0.0000,1.0000,-77.258,-59.174,-85.216,Static,Carpet,shape,0000020E28304100,-,1,1,0,-
1497,44260.250,0.0000,impact,ragdoll,Proventus Avenicci,0001A67D,NPC R Thigh [RThg],2,70.818,70.818,17.389,39.675,2.954,6.0000,20.487,-658.418,1410.554,-78.000,-0.0000,-0.0000,1.0000,-9.172,-5.513,-38.205,Static,Carpet,shape,0000020E28304100,-,0,1,0,-
1498,44260.252,0.0000,impact,ragdoll,Proventus Avenicci,0001A67D,NPC R Thigh [RThg],2,70.818,70.818,22.005,39.675,2.954,6.0000,20.487,-658.418,1410.554,-79.650,0.0000,-0.0000,1.0000,-9.172,-5.513,-38.205,Static,Wood,shape,0000020E28032200,-,0,0,0,-
1499,44260.253,0.0000,impact,ragdoll,Proventus Avenicci,0001A67D,NPC R Thigh [RThg],2,37.831,37.831,21.457,39.675,2.954,6.0000,20.487,-651.231,1419.228,-79.650,0.0000,0.0000,1.0000,-9.172,-5.513,-38.205,Static,Wood,shape,0000020E28032200,-,0,1,0,-
1500,44260.788,0.0000,impact,ragdoll,Proventus Avenicci,0001A67D,NPC R Foot [Rft ],8,296.953,296.953,183.328,265.759,16.596,3.0000,10.011,-683.585,1379.048,-79.651,0.0000,0.0000,1.0000,6.101,67.857,-256.877,Static,Wood,shape,0000020D52D71600,-,1,1,0,-
1501,44346.465,0.0000,impact,ragdoll,Proventus Avenicci,0001A67D,NPC R Calf [RClf],4,6.764,6.764,11.562,18.026,0.811,6.0000,19.675,-661.896,1406.615,-79.651,-0.0000,-0.0000,1.0000,-2.240,8.009,-15.993,Static,Wood,shape,0000020D52D71600,-,1,1,0,-
1502,44363.738,0.0000,impact,ragdoll,Proventus Avenicci,0001A67D,NPC Spine2 [Spn2],9,11.712,11.712,5.380,7.557,0.388,7.0000,23.052,-595.127,1445.589,-68.785,-0.7750,-0.5503,0.3107,2.880,4.566,-5.288,-,Skin,shape,0000020E2E516B00,14,1,1,0,-
1503,44363.739,0.0000,impact,ragdoll,Proventus Avenicci,0001A67D,NPC L Forearm [LLar],14,11.712,11.712,5.380,13.959,1.546,2.0000,11.658,-595.127,1445.589,-68.785,-0.7750,-0.5503,0.3107,1.299,-4.788,-13.047,-,Skin,shape,0000020E2E584100,9,1,1,0,-
1504,44653.776,0.0000,state,unknown,Proventus Avenicci,0001A67D,-,-,0.000,0.000,0.000,0.000,0.000,0.0000,0.000,0.000,0.000,0.000,0.0000,0.0000,0.0000,0.000,0.000,0.000,-,-,-,0000000000000000,-,0,0,0,knock_get_up
1505,46493.468,0.0000,state,unknown,Proventus Avenicci,0001A67D,-,-,0.000,0.000,0.000,0.000,0.000,0.0000,0.000,0.000,0.000,0.000,0.0000,0.0000,0.0000,0.000,0.000,0.000,-,-,-,0000000000000000,-,0,0,0,ragdoll_start
1506,46516.833,0.0000,impact,ragdoll,Proventus Avenicci,0001A67D,NPC L Thigh [LThg],1,46.403,46.403,158.764,57.471,1.527,6.0000,20.487,-621.373,1457.829,-40.579,-0.6422,-0.3524,-0.6807,49.132,-2.778,-29.685,-,Skin,shape,0000020E2E516B00,14,1,1,0,-
1507,46516.834,0.0000,impact,ragdoll,Proventus Avenicci,0001A67D,NPC L Forearm [LLar],14,46.403,46.403,158.764,54.930,10.505,2.0000,11.658,-621.373,1457.829,-40.579,-0.6422,-0.3524,-0.6807,-45.760,-10.351,-28.570,-,Skin,shape,0000020E2E585C00,1,1,1,0,-
1508,46516.839,0.0000,impact,ragdoll,Proventus Avenicci,0001A67D,NPC L Hand [LHnd],16,26.319,26.319,215.944,166.001,0.957,4.0000,8.334,-624.314,1458.756,-48.537,0.6628,0.4730,0.5805,-138.979,84.487,33.214,-,Skin,shape,0000020E2E585900,5,1,1,0,-
1509,46516.839,0.0000,impact,ragdoll,Proventus Avenicci,0001A67D,NPC L Calf [LClf],5,26.319,26.319,215.944,57.561,3.944,6.0000,19.675,-624.314,1458.756,-48.537,0.6628,0.4730,0.5805,31.964,8.387,-47.130,-,Skin,shape,0000020E2E516800,16,1,1,0,-
1510,46550.889,0.0000,impact,ragdoll,Proventus Avenicci,0001A67D,NPC R Calf [RClf],4,39.850,39.850,127.982,75.547,13.559,6.0000,19.675,-640.015,1412.912,-79.650,0.0000,0.0000,1.0000,-66.138,-27.515,-24.001,Static,Wood,shape,0000020E280FC700,-,1,1,0,-
1511,46587.266,0.0000,impact,ragdoll,Proventus Avenicci,0001A67D,NPC L Calf [LClf],5,16.199,16.199,308.701,132.069,20.747,6.0000,19.675,-651.747,1453.716,-78.000,-0.0000,-0.0000,1.0000,-67.631,12.867,-112.706,Static,Carpet,shape,0000020E28304100,-,1,1,0,-
1512,46604.205,0.0000,impact,ragdoll,Proventus Avenicci,0001A67D,NPC L Foot [Lft ],7,43.300,43.300,201.239,167.861,5.046,3.0000,10.011,-654.123,1462.497,-79.650,0.0000,-0.0000,1.0000,-160.903,34.983,-32.614,Static,Wood,shape,0000020E28032200,-,1,1,0,-
1513,46638.510,0.0000,impact,ragdoll,Proventus Avenicci,0001A67D,NPC L Thigh [LThg],1,181.173,181.173,332.568,167.089,14.267,6.0000,20.487,-633.375,1451.659,-78.000,0.0000,0.0000,1.0000,-10.361,-18.743,-165.711,Static,Carpet,shape,0000020E28304100,-,1,1,0,-
1514,46638.515,0.0000,impact,ragdoll,Proventus Avenicci,0001A67D,NPC L Calf [LClf],5,243.443,243.443,260.865,181.799,14.447,6.0000,19.675,-633.039,1455.152,-78.000,-0.0000,-0.0000,1.0000,-151.585,4.361,-100.268,Static,Carpet,shape,0000020E28304100,-,0,1,0,-
1515,46638.938,0.0000,impact,ragdoll,Proventus Avenicci,0001A67D,NPC R Forearm [RLar],15,70.405,70.405,205.105,55.450,19.098,6.0000,11.658,-620.778,1419.820,-48.322,0.1327,-0.3159,-0.9395,21.129,-40.485,-31.452,-,Skin,shape,0000020E2E584400,6,1,1,0,-
1516,46638.938,0.0000,impact,ragdoll,Proventus Avenicci,0001A67D,NPC Spine1 [Spn1],6,70.405,70.405,205.105,242.456,5.099,4.0000,18.878,-620.778,1419.820,-48.322,0.1327,-0.3159,-0.9395,173.735,12.790,-168.634,-,Skin,shape,0000020E2E517400,15,1,1,0,-
1517,46692.533,0.0000,impact,ragdoll,Proventus Avenicci,0001A67D,NPC L Thigh [LThg],1,90.052,90.052,131.632,110.226,7.292,6.0000,20.487,-635.944,1452.819,-79.650,0.0000,0.0000,1.0000,12.568,-13.305,-108.696,Static,Wood,shape,0000020E280FC700,-,1,1,0,-
1518,46692.535,0.0000,impact,ragdoll,Proventus Avenicci,0001A67D,NPC L Calf [LClf],5,24.860,24.860,102.178,94.860,4.188,6.0000,19.675,-637.379,1456.715,-79.650,0.0000,-0.0000,1.0000,-87.256,3.610,-37.035,Static,Wood,shape,0000020E280FC700,-,1,1,0,-
1519,46692.536,0.0000,impact,ragdoll,Proventus Avenicci,0001A67D,NPC L Calf [LClf],5,27.174,27.174,98.591,94.860,4.188,6.0000,19.675,-640.031,1457.015,-79.651,0.0000,0.0000,1.0000,-87.256,3.610,-37.035,Static,Wood,shape,0000020E28032200,-,1,1,0,-
1520,46692.537,0.0000,impact,ragdoll,Proventus Avenicci,0001A67D,NPC Spine2 [Spn2],9,123.241,123.241,90.458,336.676,3.413,7.0000,23.052,-611.597,1416.560,-62.253,0.6129,0.5096,0.6038,119.743,23.881,-313.755,-,Skin,shape,0000020E2E517400,15,1,1,0,-
1521,46692.537,0.0000,impact,ragdoll,Proventus Avenicci,0001A67D,NPC R Forearm [RLar],15,123.241,123.241,90.458,101.573,11.113,6.0000,11.658,-611.597,1416.560,-62.253,0.6129,0.5096,0.6038,73.093,38.046,-59.388,-,Skin,shape,0000020E2E584100,9,1,1,0,-
1522,46692.538,0.0000,impact,ragdoll,Proventus Avenicci,0001A67D,NPC R UpperArm [RUar],12,278.660,278.660,42.604,245.850,8.329,2.0000,14.463,-596.564,1417.724,-78.000,0.0000,-0.0000,1.0000,66.358,42.669,-232.848,Static,Carpet,shape,0000020E28304100,-,1,1,0,-
1523,46692.538,0.0000,impact,ragdoll,Proventus Avenicci,0001A67D,NPC L Forearm [LLar],14,77.706,77.706,133.539,225.215,6.007,2.0000,11.658,-605.056,1442.860,-46.298,-0.3162,0.8800,0.3545,119.640,-125.231,-143.962,-,Skin,shape,0000020E2E584100,9,1,1,0,-
1524,46692.538,0.0000,impact,ragdoll,Proventus Avenicci,0001A67D,NPC Spine2 [Spn2],9,77.706,77.706,133.539,336.676,3.413,7.0000,23.052,-605.056,1442.860,-46.298,-0.3162,0.8800,0.3545,119.743,23.881,-313.755,-,Skin,shape,0000020E2E516B00,14,1,1,0,-
1525,46692.540,0.0000,impact,ragdoll,Proventus Avenicci,0001A67D,NPC L Hand [LHnd],16,58.392,58.392,157.298,189.609,1.987,4.0000,8.334,-629.688,1445.951,-52.747,0.2353,0.7390,0.6312,103.569,-139.527,-75.877,-,Skin,shape,0000020E2E585C00,1,1,1,0,-
1526,46692.540,0.0000,impact,ragdoll,Proventus Avenicci,0001A67D,NPC L Thigh [LThg],1,58.392,58.392,157.298,110.226,7.292,6.0000,20.487,-629.688,1445.951,-52.747,0.2353,0.7390,0.6312,12.568,-13.305,-108.696,-,Skin,shape,0000020E2E516800,16,1,1,0,-
1527,46709.994,0.0000,impact,ragdoll,Proventus Avenicci,0001A67D,NPC Spine [Spn0],3,36.697,36.697,159.920,181.199,7.705,4.0000,17.297,-619.810,1415.570,-64.152,-0.3258,0.5474,0.7708,78.869,5.005,-163.058,-,Skin,shape,0000020E2E517400,15,1,1,0,-
1528,46709.995,0.0000,impact,ragdoll,Proventus Avenicci,0001A67D,NPC R Forearm [RLar],15,36.697,36.697,159.920,113.693,26.211,6.0000,11.658,-619.810,1415.570,-64.152,-0.3258,0.5474,0.7708,78.155,-8.474,-82.134,-,Skin,shape,0000020E2E584700,3,1,1,0,-
1529,46727.489,0.0000,impact,ragdoll,Proventus Avenicci,0001A67D,NPC L Calf [LClf],5,54.805,54.805,208.274,82.899,14.717,6.0000,19.675,-640.034,1457.699,-79.651,0.0000,0.0000,1.0000,-69.441,45.034,-4.707,Static,Wood,shape,0000020E28032200,-,1,1,0,-
1530,46727.495,0.0000,impact,ragdoll,Proventus Avenicci,0001A67D,NPC R UpperArm [RUar],12,117.615,117.615,83.322,158.468,5.927,2.0000,14.463,-593.556,1416.038,-79.650,0.0000,0.0000,1.0000,132.433,-3.465,-86.957,Static,Wood,shape,0000020E280FC700,-,1,1,0,-
1531,46727.920,0.0000,impact,ragdoll,Proventus Avenicci,0001A67D,NPC Head [Head],13,267.375,267.375,120.602,285.866,5.819,4.0000,15.108,-574.070,1432.083,-78.000,0.0000,0.0000,1.0000,84.075,55.441,-267.539,Static,Carpet,shape,0000020E28304100,-,1,1,0,-
1532,46745.055,0.0000,impact,ragdoll,Proventus Avenicci,0001A67D,NPC Spine2 [Spn2],9,154.780,154.780,93.456,146.145,5.609,7.0000,23.052,-596.749,1432.422,-78.000,0.0000,0.0000,1.0000,40.555,22.094,-138.657,Static,Carpet,shape,0000020E28304100,-,1,1,0,-
1533,46745.470,0.0000,impact,ragdoll,Proventus Avenicci,0001A67D,NPC Spine [Spn0],3,11.606,11.606,91.007,103.415,5.921,4.0000,17.297,-624.455,1413.333,-69.223,0.2687,0.7071,0.6540,72.107,12.703,-73.034,-,Skin,shape,0000020E2E517100,17,1,1,0,-
1534,46745.470,0.0000,impact,ragdoll,Proventus Avenicci,0001A67D,NPC R Hand [RHnd],17,11.606,11.606,91.007,118.705,14.288,4.0000,8.334,-624.455,1413.333,-69.223,0.2687,0.7071,0.6540,87.998,36.269,-70.935,-,Skin,shape,0000020E2E584700,3,1,1,0,-
1535,46763.402,0.0000,impact,ragdoll,Proventus Avenicci,0001A67D,NPC Head [Head],13,42.101,42.101,144.845,80.818,7.453,4.0000,15.108,-571.950,1433.158,-79.650,0.0000,0.0000,1.0000,62.842,28.179,-42.290,Static,Wood,shape,0000020E280FC700,-,1,1,0,-
1536,46763.407,0.0000,impact,ragdoll,Proventus Avenicci,0001A67D,NPC L Hand [LHnd],16,67.281,67.281,213.190,153.542,27.444,4.0000,8.334,-623.749,1440.282,-55.069,0.2987,0.8831,0.3617,38.599,-46.785,-141.055,-,-,-,0000020E2E585600,0,1,1,0,-
1537,46763.407,0.0000,impact,ragdoll,Proventus Avenicci,0001A67D,NPC COM [COM ],0,67.281,67.281,213.190,148.763,4.689,50.0000,17.687,-623.749,1440.282,-55.069,0.2987,0.8831,0.3617,68.964,19.607,-130.346,-,Skin,shape,0000020E2E516800,16,1,1,0,-
1538,46780.289,0.0000,impact,ragdoll,Proventus Avenicci,0001A67D,NPC COM [COM ],0,62.636,62.636,67.423,159.599,6.226,50.0000,17.687,-619.120,1414.873,-68.428,-0.4523,0.7485,0.4849,70.513,26.709,-140.664,-,Skin,shape,0000020E2E517400,15,1,1,0,-
1539,46780.290,0.0000,impact,ragdoll,Proventus Avenicci,0001A67D,NPC R Forearm [RLar],15,62.636,62.636,67.423,121.771,31.824,6.0000,11.658,-619.120,1414.873,-68.428,-0.4523,0.7485,0.4849,120.743,-11.384,-10.947,-,-,-,0000020E2E585600,0,1,1,0,-
1540,46780.291,0.0000,impact,ragdoll,Proventus Avenicci,0001A67D,NPC COM [COM ],0,58.178,58.178,149.502,159.599,6.226,50.0000,17.687,-624.115,1414.339,-70.253,-0.1411,0.7860,0.6020,70.513,26.709,-140.664,-,Skin,shape,0000020E2E517100,17,1,1,0,-
1541,46780.291,0.0000,impact,ragdoll,Proventus Avenicci,0001A67D,NPC R Hand [RHnd],17,58.178,58.178,149.502,97.698,43.691,4.0000,8.334,-624.115,1414.339,-70.253,-0.1411,0.7860,0.6020,96.646,10.739,-9.441,-,-,-,0000020E2E585600,0,1,1,0,-
1542,46780.815,0.0000,impact,ragdoll,Proventus Avenicci,0001A67D,NPC Spine1 [Spn1],6,73.807,73.807,90.847,85.632,4.753,4.0000,18.878,-607.008,1430.408,-78.000,0.0000,0.0000,1.0000,59.016,7.786,-61.558,Static,Carpet,shape,0000020E28304100,-,1,1,0,-
1543,46795.692,0.0000,impact,ragdoll,Proventus Avenicci,0001A67D,NPC COM [COM ],0,147.623,147.623,117.300,160.628,4.580,50.0000,17.687,-624.029,1433.125,-78.000,0.0000,0.0000,1.0000,77.408,27.816,-137.970,Static,Carpet,shape,0000020E28304100,-,1,1,0,-
1544,46795.698,0.0000,impact,ragdoll,Proventus Avenicci,0001A67D,NPC Spine [Spn0],3,74.186,74.186,163.804,114.078,6.234,4.0000,17.297,-615.612,1431.960,-78.000,-0.0000,-0.0000,1.0000,85.430,39.983,-64.163,Static,Carpet,shape,0000020E28304100,-,1,1,0,-
1545,46795.708,0.0000,impact,ragdoll,Proventus Avenicci,0001A67D,NPC R Hand [RHnd],17,31.764,31.764,427.065,113.305,50.652,4.0000,8.334,-626.441,1418.665,-66.835,0.4055,-0.7400,-0.5366,107.732,-33.909,-9.057,-,Skin,shape,0000020E2E585000,2,1,1,0,-
1546,46795.708,0.0000,impact,ragdoll,Proventus Avenicci,0001A67D,NPC R Thigh [RThg],2,31.764,31.764,427.065,141.376,4.752,6.0000,20.487,-626.441,1418.665,-66.835,0.4055,-0.7400,-0.5366,73.084,9.742,-120.627,-,Skin,shape,0000020E2E517100,17,1,1,0,-
1547,46813.047,0.0000,impact,ragdoll,Proventus Avenicci,0001A67D,NPC L Hand [LHnd],16,51.160,51.160,105.344,177.725,11.161,4.0000,8.334,-616.310,1440.720,-61.415,-0.2065,0.9503,0.2329,48.819,14.403,-170.281,-,Skin,shape,0000020E2E584700,3,1,1,0,-
1548,46813.047,0.0000,impact,ragdoll,Proventus Avenicci,0001A67D,NPC Spine [Spn0],3,51.160,51.160,105.344,47.783,4.816,4.0000,17.297,-616.310,1440.720,-61.415,-0.2065,0.9503,0.2329,36.058,29.586,-10.380,-,Skin,shape,0000020E2E516800,16,1,1,0,-
1549,46813.488,0.0000,impact,ragdoll,Proventus Avenicci,0001A67D,NPC R Calf [RClf],4,105.660,105.660,49.039,152.641,8.324,6.0000,19.675,-654.330,1421.152,-78.000,-0.0000,0.0000,1.0000,149.031,-17.776,-27.803,Static,Carpet,shape,0000020E28304100,-,1,1,0,-
1550,46828.495,0.0000,impact,ragdoll,Proventus Avenicci,0001A67D,NPC Spine [Spn0],3,15.748,15.748,16.750,93.783,9.184,4.0000,17.297,-618.274,1413.047,-70.156,0.2385,0.8690,0.4335,42.774,28.473,-78.453,-,Skin,shape,0000020E2E517100,17,1,1,0,-
1551,46828.496,0.0000,impact,ragdoll,Proventus Avenicci,0001A67D,NPC R Hand [RHnd],17,15.748,15.748,16.750,43.992,10.031,4.0000,8.334,-618.274,1413.047,-70.156,0.2385,0.8690,0.4335,23.379,6.228,36.741,-,Skin,shape,0000020E2E584700,3,1,1,0,-
1552,46828.500,0.0000,impact,ragdoll,Proventus Avenicci,0001A67D,NPC Neck [Neck],11,9.183,9.183,146.986,104.659,4.875,6.0000,8.431,-574.532,1431.406,-78.000,0.0000,0.0000,1.0000,102.970,16.264,-9.276,Static,Carpet,shape,0000020E28304100,-,1,1,0,-
1553,46843.756,0.0000,impact,ragdoll,Proventus Avenicci,0001A67D,NPC Spine2 [Spn2],9,74.287,74.287,125.510,120.948,3.493,7.0000,23.052,-588.573,1433.007,-79.650,0.0000,-0.0000,1.0000,95.234,34.350,-66.172,Static,Wood,shape,0000020E280FC700,-,1,1,0,-
1554,46860.079,0.0000,impact,ragdoll,Proventus Avenicci,0001A67D,NPC Spine [Spn0],3,107.877,107.877,63.703,110.291,7.616,4.0000,17.297,-613.569,1433.838,-79.650,0.0000,0.0000,1.0000,31.143,25.870,-102.591,Static,Wood,shape,0000020E280FC700,-,1,1,0,-
1555,46860.083,0.0000,impact,ragdoll,Proventus Avenicci,0001A67D,NPC Spine1 [Spn1],6,97.717,97.717,248.979,139.713,11.972,4.0000,18.878,-600.686,1432.198,-79.650,0.0000,0.0000,1.0000,94.481,47.354,-91.382,Static,Wood,shape,0000020E280FC700,-,1,1,0,-
1556,46860.090,0.0000,impact,ragdoll,Proventus Avenicci,0001A67D,NPC L Hand [LHnd],16,186.879,186.879,253.846,235.804,13.026,4.0000,8.334,-613.606,1453.447,-78.000,-0.0000,0.0000,1.0000,141.089,27.821,-186.878,Static,Carpet,shape,0000020E28304100,-,1,1,0,-
1557,46964.975,0.0000,impact,ragdoll,Proventus Avenicci,0001A67D,NPC L Forearm [LLar],14,54.837,54.837,66.843,57.935,3.571,2.0000,11.658,-602.556,1458.636,-78.000,0.0000,-0.0000,1.0000,35.119,26.044,-38.011,Static,Carpet,shape,0000020E28304100,-,1,1,0,-
1558,46983.034,0.0000,impact,ragdoll,Proventus Avenicci,0001A67D,NPC L Thigh [LThg],1,57.797,57.797,52.446,55.343,4.268,6.0000,20.487,-640.030,1449.449,-79.650,0.0000,0.0000,1.0000,18.000,-5.098,-52.085,Static,Wood,shape,0000020E280FC700,-,1,1,0,-
1559,46983.036,0.0000,impact,ragdoll,Proventus Avenicci,0001A67D,NPC L Thigh [LThg],1,57.862,57.862,53.486,55.343,4.268,6.0000,20.487,-641.674,1450.024,-79.650,-0.0000,-0.0000,1.0000,18.000,-5.098,-52.085,Static,Wood,shape,0000020E28032200,-,1,1,0,-
1560,46983.475,0.0000,impact,ragdoll,Proventus Avenicci,0001A67D,NPC L Hand [LHnd],16,65.017,65.017,110.385,82.640,13.031,4.0000,8.334,-608.239,1458.242,-79.650,-0.0000,-0.0000,1.0000,33.021,38.888,-65.014,Static,Wood,shape,0000020E280FC700,-,1,1,0,-
1561,47019.107,0.0000,impact,ragdoll,Proventus Avenicci,0001A67D,NPC COM [COM ],0,26.689,26.689,88.113,39.185,5.731,50.0000,17.687,-616.844,1435.515,-79.650,0.0000,0.0000,1.0000,24.583,1.798,-30.462,Static,Wood,shape,0000020E280FC700,-,1,1,0,-
1562,47072.881,0.0000,impact,ragdoll,Proventus Avenicci,0001A67D,NPC Spine [Spn0],3,11.223,11.223,32.149,8.588,2.056,4.0000,17.297,-603.464,1414.688,-68.976,-0.2722,0.9515,0.1432,6.832,-5.031,-1.328,-,Skin,shape,0000020E2E517400,15,1,1,0,-
1563,47072.882,0.0000,impact,ragdoll,Proventus Avenicci,0001A67D,NPC R Forearm [RLar],15,11.223,11.223,32.149,18.971,1.242,6.0000,11.658,-603.464,1414.688,-68.976,-0.2722,0.9515,0.1432,10.362,8.014,-13.722,-,Skin,shape,0000020E2E584700,3,1,1,0,-
1564,47091.109,0.0000,impact,ragdoll,Proventus Avenicci,0001A67D,NPC R Thigh [RThg],2,9.046,9.046,17.584,7.622,1.802,6.0000,20.487,-618.158,1424.919,-78.000,-0.0000,0.0000,1.0000,-1.427,5.757,-4.787,Static,Carpet,shape,0000020E28304100,-,0,1,0,-
1565,47109.365,0.0000,impact,ragdoll,Proventus Avenicci,0001A67D,NPC R Hand [RHnd],17,22.286,22.286,30.774,10.264,1.775,4.0000,8.334,-616.364,1418.545,-68.883,0.2551,-0.8949,-0.3662,-6.304,8.100,0.028,-,Skin,shape,0000020E2E585000,2,1,1,0,-
1566,47109.366,0.0000,impact,ragdoll,Proventus Avenicci,0001A67D,NPC R Thigh [RThg],2,22.286,22.286,30.774,15.148,1.441,6.0000,20.487,-616.364,1418.545,-68.883,0.2551,-0.8949,-0.3662,-0.606,6.495,-13.671,-,Skin,shape,0000020E2E517100,17,1,1,0,-
1567,47145.071,0.0000,impact,ragdoll,Proventus Avenicci,0001A67D,NPC COM [COM ],0,10.127,10.127,20.557,6.451,0.654,50.0000,17.687,-613.872,1412.880,-71.783,-0.0729,0.9569,0.2812,-0.635,-6.180,-1.736,-,Skin,shape,0000020E2E517100,17,1,1,0,-
1568,47145.071,0.0000,impact,ragdoll,Proventus Avenicci,0001A67D,NPC R Hand [RHnd],17,10.127,10.127,20.557,3.971,1.980,4.0000,8.334,-613.872,1412.880,-71.783,-0.0729,0.9569,0.2812,-2.798,2.818,0.028,-,-,-,0000020E2E585600,0,1,1,0,-
1569,47182.924,0.0000,impact,ragdoll,Proventus Avenicci,0001A67D,NPC R Calf [RClf],4,60.993,60.993,32.999,57.139,2.109,6.0000,19.675,-645.439,1422.742,-78.000,-0.0000,-0.0000,1.0000,-17.479,13.572,-52.680,Static,Carpet,shape,0000020E28304100,-,1,1,0,-
1570,47200.193,0.0000,impact,ragdoll,Proventus Avenicci,0001A67D,NPC R UpperArm [RUar],12,9.079,9.079,8.379,10.706,0.814,2.0000,14.463,-577.957,1414.510,-79.650,0.0000,-0.0000,1.0000,-5.307,-5.351,-7.604,Static,Wood,shape,0000020E280FC700,-,1,1,0,-
1571,47454.240,0.0000,impact,ragdoll,Proventus Avenicci,0001A67D,NPC COM [COM ],0,5.233,5.233,13.454,0.118,0.013,50.0000,17.687,-609.019,1413.184,-70.548,-0.3922,0.9008,0.1867,0.022,0.115,0.015,-,Skin,shape,0000020E2E517400,15,1,1,0,-
1572,47454.240,0.0000,impact,ragdoll,Proventus Avenicci,0001A67D,NPC R Forearm [RLar],15,5.233,5.233,13.454,6.289,1.304,6.0000,11.658,-609.019,1413.184,-70.548,-0.3922,0.9008,0.1867,-2.298,2.292,-5.387,-,-,-,0000020E2E585600,0,1,1,0,-
1573,47676.333,0.0000,state,unknown,Proventus Avenicci,0001A67D,-,-,0.000,0.000,0.000,0.000,0.000,0.0000,0.000,0.000,0.000,0.000,0.0000,0.0000,0.0000,0.000,0.000,0.000,-,-,-,0000000000000000,-,0,0,0,knock_get_up
1574,49568.027,0.0000,state,unknown,Proventus Avenicci,0001A67D,-,-,0.000,0.000,0.000,0.000,0.000,0.0000,0.000,0.000,0.000,0.000,0.0000,0.0000,0.0000,0.000,0.000,0.000,-,-,-,0000000000000000,-,0,0,0,ragdoll_start
1575,49571.516,0.0000,impact,ragdoll,Proventus Avenicci,0001A67D,NPC L Thigh [LThg],1,29.107,29.107,262.801,45.050,7.241,6.0000,20.487,-599.830,1456.669,-40.291,-0.2964,-0.7959,-0.5279,26.790,-10.684,34.607,-,Skin,shape,0000020E2E516800,16,1,1,0,-
1576,49571.516,0.0000,impact,ragdoll,Proventus Avenicci,0001A67D,NPC L Hand [LHnd],16,29.107,29.107,262.801,142.703,57.462,4.0000,8.334,-599.830,1456.669,-40.291,-0.2964,-0.7959,-0.5279,-113.771,-7.184,85.842,-,Skin,shape,0000020E2E585C00,1,1,1,0,-
1577,49592.837,0.0000,impact,ragdoll,Proventus Avenicci,0001A67D,NPC L Calf [LClf],5,84.162,84.162,404.275,82.788,31.269,6.0000,19.675,-618.049,1444.993,-78.000,-0.0000,0.0000,1.0000,82.157,-0.472,10.192,Static,Carpet,shape,0000020E28304100,-,1,1,0,-
1578,49593.356,0.0000,impact,ragdoll,Proventus Avenicci,0001A67D,NPC R Thigh [RThg],2,77.497,77.497,52.381,53.311,1.684,6.0000,20.487,-597.103,1410.073,-56.793,-0.9705,0.0727,-0.2300,26.097,14.414,44.196,-,Skin,shape,0000020E2E517400,15,1,1,0,-
1579,49593.356,0.0000,impact,ragdoll,Proventus Avenicci,0001A67D,NPC R Forearm [RLar],15,77.497,77.497,52.381,32.791,7.131,6.0000,11.658,-597.103,1410.073,-56.793,-0.9705,0.0727,-0.2300,-18.298,-13.615,23.560,-,Skin,shape,0000020E2E585000,2,1,1,0,-
1580,49633.471,0.0000,impact,ragdoll,Proventus Avenicci,0001A67D,NPC L Foot [Lft ],7,27.735,27.735,268.922,210.813,7.949,3.0000,10.011,-608.757,1446.022,-78.000,0.0000,-0.0000,1.0000,208.930,-27.381,-6.386,Static,Carpet,shape,0000020E28304100,-,1,1,0,-
1581,49688.182,0.0000,impact,ragdoll,Proventus Avenicci,0001A67D,NPC L Foot [Lft ],7,7.150,7.150,583.199,248.473,40.069,3.0000,10.011,-596.240,1442.879,-79.650,-0.0000,0.0000,1.0000,240.023,-63.658,-8.682,Static,Wood,shape,0000020E280FC700,-,1,1,0,-
1582,49707.134,0.0000,impact,ragdoll,Proventus Avenicci,0001A67D,NPC L Foot [Lft ],7,26.097,26.097,344.031,258.856,17.811,3.0000,10.011,-585.467,1446.792,-78.000,0.0000,-0.0000,1.0000,248.280,-70.318,20.466,Static,Carpet,shape,0000020E28304100,-,0,1,0,-
1583,49707.136,0.0000,impact,ragdoll,Proventus Avenicci,0001A67D,NPC L Foot [Lft ],7,26.097,26.097,366.564,258.856,17.811,3.0000,10.011,-585.467,1446.792,-79.650,-0.0000,-0.0000,1.0000,248.280,-70.318,20.466,Static,Wood,shape,0000020E280FC700,-,0,1,0,-
1584,49707.138,0.0000,impact,ragdoll,Proventus Avenicci,0001A67D,NPC Spine2 [Spn2],9,88.824,88.824,136.585,233.683,9.754,7.0000,23.052,-616.737,1435.820,-12.771,-0.2609,-0.9557,-0.1362,-230.405,-12.621,36.901,-,Skin,shape,0000020E2E516B00,14,1,1,0,-
1585,49707.138,0.0000,impact,ragdoll,Proventus Avenicci,0001A67D,NPC L Forearm [LLar],14,88.824,88.824,136.585,213.781,8.833,2.0000,11.658,-616.737,1435.820,-12.771,-0.2609,-0.9557,-0.1362,-112.798,-164.848,76.185,-,Skin,shape,0000020E2E584100,9,1,1,0,-
1586,49763.688,0.0000,impact,ragdoll,Proventus Avenicci,0001A67D,NPC Spine1 [Spn1],6,159.757,159.757,202.959,121.940,7.680,4.0000,18.878,-627.552,1430.782,-16.101,-0.2842,-0.5411,-0.7914,-121.195,11.668,-6.699,-,Skin,shape,0000020E2E516B00,14,1,1,0,-
1587,49763.689,0.0000,impact,ragdoll,Proventus Avenicci,0001A67D,NPC L Forearm [LLar],14,159.757,159.757,202.959,301.874,34.896,2.0000,11.658,-627.552,1430.782,-16.101,-0.2842,-0.5411,-0.7914,-219.041,-201.413,50.808,-,Skin,shape,0000020E2E584400,6,1,1,0,-
1588,49763.692,0.0000,impact,ragdoll,Proventus Avenicci,0001A67D,NPC R Foot [Rft ],8,10.243,10.243,74.009,155.838,26.902,3.0000,10.011,-645.612,1407.934,-79.651,0.0000,0.0000,1.0000,-150.879,-37.036,12.218,Static,Wood,shape,0000020D52D71600,-,1,1,0,-
1589,49764.310,0.0000,impact,ragdoll,Proventus Avenicci,0001A67D,NPC R UpperArm [RUar],12,278.050,278.050,329.252,287.507,12.667,2.0000,14.463,-609.380,1422.129,-13.124,0.0302,-0.9978,-0.0590,-215.317,55.722,182.192,-,Skin,shape,0000020E2E516800,16,1,1,0,-
1590,49764.310,0.0000,impact,ragdoll,Proventus Avenicci,0001A67D,NPC L Hand [LHnd],16,278.050,278.050,329.252,419.727,24.722,4.0000,8.334,-609.380,1422.129,-13.124,0.0302,-0.9978,-0.0590,-204.088,-228.552,286.850,-,Skin,shape,0000020E2E517700,12,1,1,0,-
1591,49783.768,0.0000,impact,ragdoll,Proventus Avenicci,0001A67D,NPC R Calf [RClf],4,9.747,9.747,138.643,109.336,4.537,6.0000,19.675,-639.965,1410.204,-79.662,0.0000,0.0000,1.0000,-67.493,-86.014,-0.788,Static,Wood,shape,0000020E28032200,-,1,1,0,-
1592,49822.798,0.0000,impact,ragdoll,Proventus Avenicci,0001A67D,NPC R Calf [RClf],4,21.303,21.303,53.469,112.259,5.311,6.0000,19.675,-639.977,1408.053,-79.659,0.0000,0.0000,1.0000,-69.910,-87.833,0.398,Static,Wood,shape,0000020E28032200,-,1,1,0,-
1593,49994.738,0.0000,impact,ragdoll,Proventus Avenicci,0001A67D,NPC R Calf [RClf],4,10.209,10.209,86.370,56.976,4.362,6.0000,19.675,-656.623,1400.115,-78.000,-0.0000,0.0000,1.0000,-49.510,-25.076,-12.892,Static,Carpet,shape,0000020E28304100,-,1,1,0,-
1594,49995.215,0.0000,impact,ragdoll,Proventus Avenicci,0001A67D,NPC L Calf [LClf],5,49.762,49.762,191.425,157.147,2.949,6.0000,19.675,-587.368,1422.921,-78.000,0.0000,0.0000,1.0000,-139.072,-69.461,-23.004,Static,Carpet,shape,0000020E28304100,-,1,1,0,-
1595,50038.864,0.0000,impact,ragdoll,Proventus Avenicci,0001A67D,NPC L Foot [Lft ],7,29.008,29.008,189.483,189.585,2.999,3.0000,10.011,-584.166,1424.513,-79.650,-0.0000,0.0000,1.0000,-153.980,-107.058,-27.768,Static,Wood,shape,0000020E280FC700,-,1,1,0,-
1596,50100.688,0.0000,impact,ragdoll,Proventus Avenicci,0001A67D,NPC L Calf [LClf],5,15.763,15.763,207.225,165.235,3.618,6.0000,19.675,-602.491,1414.516,-79.650,0.0000,0.0000,1.0000,-150.260,-64.063,-24.909,Static,Wood,shape,0000020E280FC700,-,1,1,0,-
1597,50139.473,0.0000,impact,ragdoll,Proventus Avenicci,0001A67D,NPC L Hand [LHnd],16,461.751,460.477,67.266,464.778,14.883,4.0000,8.334,-707.578,1444.802,-79.650,0.0000,0.0000,1.0000,40.108,39.155,-461.385,Static,Wood,shape,0000020E28032200,-,0,0,0,-
1598,50139.772,0.0000,impact,ragdoll,Proventus Avenicci,0001A67D,NPC L Forearm [LLar],14,368.210,368.210,47.570,277.959,16.625,2.0000,11.658,-705.563,1438.600,-79.650,0.0000,-0.0000,1.0000,-34.661,35.131,-273.542,Static,Wood,shape,0000020E28032200,-,1,1,0,-
1599,50158.593,0.0000,impact,ragdoll,Proventus Avenicci,0001A67D,NPC L Forearm [LLar],14,81.717,81.717,96.729,30.489,13.082,2.0000,11.658,-701.913,1426.892,-79.650,0.0000,0.0000,1.0000,-12.369,27.865,-0.344,Static,Wood,shape,0000020E28032200,-,0,1,0,-
1600,50158.996,0.0000,impact,ragdoll,Proventus Avenicci,0001A67D,NPC L Calf [LClf],5,5.042,5.042,182.511,160.949,2.352,6.0000,19.675,-614.261,1407.377,-79.651,-0.0000,0.0000,1.0000,-149.456,-57.608,-15.771,Static,Wood,shape,0000020D52D71600,-,1,1,0,-
1601,50158.998,0.0000,impact,ragdoll,Proventus Avenicci,0001A67D,NPC L UpperArm [LUar],10,17.181,17.181,136.515,93.064,14.233,2.0000,14.463,-700.838,1421.992,-79.650,-0.0000,-0.0000,1.0000,-41.178,-7.219,-83.145,Static,Wood,shape,0000020E28032200,-,1,1,0,-
1602,50177.643,0.0000,impact,ragdoll,Proventus Avenicci,0001A67D,NPC L Thigh [LThg],1,52.635,52.635,79.064,165.159,1.679,6.0000,20.487,-640.057,1406.623,-61.514,0.0590,0.9523,0.2995,-149.085,-30.229,-64.322,-,Skin,shape,0000020E2E584D00,4,1,1,0,-
1603,50177.644,0.0000,impact,ragdoll,Proventus Avenicci,0001A67D,NPC R Calf [RClf],4,52.635,52.635,79.064,61.773,1.925,6.0000,19.675,-640.057,1406.623,-61.514,0.0590,0.9523,0.2995,-59.032,-12.407,13.314,-,Skin,shape,0000020E2E585C00,1,1,1,0,-
1604,50177.646,0.0000,impact,ragdoll,Proventus Avenicci,0001A67D,NPC L Calf [LClf],5,49.663,49.663,75.957,158.756,2.768,6.0000,19.675,-639.777,1408.681,-60.087,0.5567,0.8297,-0.0405,-147.217,-55.076,-22.298,-,Skin,shape,0000020E2E585000,2,1,1,0,-
1605,50177.647,0.0000,impact,ragdoll,Proventus Avenicci,0001A67D,NPC R Thigh [RThg],2,49.663,49.663,75.957,132.640,5.105,6.0000,20.487,-639.777,1408.681,-60.087,0.5567,0.8297,-0.0405,-128.951,-16.923,-26.049,-,Skin,shape,0000020E2E585900,5,1,1,0,-
1606,50178.183,0.0000,impact,ragdoll,Proventus Avenicci,0001A67D,NPC L Calf [LClf],5,31.573,31.573,103.688,159.855,3.323,6.0000,19.675,-637.946,1405.701,-63.001,0.5894,0.8076,-0.0207,-155.848,-30.497,-18.305,-,Skin,shape,0000020E2E584D00,4,1,1,0,-
1607,50178.183,0.0000,impact,ragdoll,Proventus Avenicci,0001A67D,NPC R Calf [RClf],4,31.573,31.573,103.688,80.361,2.446,6.0000,19.675,-637.946,1405.701,-63.001,0.5894,0.8076,-0.0207,-74.370,-28.167,11.560,-,Skin,shape,0000020E2E585900,5,1,1,0,-
1608,50178.187,0.0000,impact,ragdoll,Proventus Avenicci,0001A67D,NPC L UpperArm [LUar],10,226.091,226.091,105.707,164.512,16.408,2.0000,14.463,-702.254,1411.731,-79.666,0.0000,0.0000,1.0000,-76.543,-11.645,-145.154,Static,Wood,shape,0000020D52D71600,-,1,1,0,-
1609,50196.999,0.0000,impact,ragdoll,Proventus Avenicci,0001A67D,NPC Head [Head],13,240.260,240.260,26.237,250.533,8.534,4.0000,15.108,-719.276,1402.161,-79.651,0.0000,-0.0000,1.0000,-65.261,-36.523,-239.111,Static,Wood,shape,0000020D52D71600,-,1,1,0,-
1610,50214.839,0.0000,impact,ragdoll,Proventus Avenicci,0001A67D,NPC L UpperArm [LUar],10,17.454,17.454,85.511,86.631,5.968,2.0000,14.463,-704.941,1410.908,-79.651,0.0000,-0.0000,1.0000,-83.143,-21.718,10.978,Static,Wood,shape,0000020D52D71600,-,0,1,0,-
1611,50214.841,0.0000,impact,ragdoll,Proventus Avenicci,0001A67D,NPC L UpperArm [LUar],10,17.454,17.454,85.512,86.631,5.968,2.0000,14.463,-704.941,1410.908,-79.650,-0.0000,-0.0000,1.0000,-83.143,-21.718,10.978,Static,Wood,shape,0000020E28032200,-,0,1,0,-
1612,50233.636,0.0000,impact,ragdoll,Proventus Avenicci,0001A67D,NPC L Calf [LClf],5,18.277,18.277,153.214,159.471,3.217,6.0000,19.675,-625.983,1407.895,-79.689,0.0000,0.0000,1.0000,-151.890,-27.671,-39.933,Static,Wood,shape,0000020E280FC700,-,1,1,0,-
1613,50253.053,0.0000,impact,ragdoll,Proventus Avenicci,0001A67D,NPC L Calf [LClf],5,8.066,8.066,162.393,165.243,3.731,6.0000,19.675,-628.177,1406.248,-79.685,0.0000,0.0000,1.0000,-159.359,-27.551,-33.923,Static,Wood,shape,0000020D52D71600,-,0,1,0,-
1614,50253.056,0.0000,impact,ragdoll,Proventus Avenicci,0001A67D,NPC L Calf [LClf],5,29.842,29.842,162.590,165.243,3.731,6.0000,19.675,-639.929,1408.848,-79.674,0.0000,0.0000,1.0000,-159.359,-27.551,-33.923,Static,Wood,shape,0000020E28032200,-,1,1,0,-
1615,50253.587,0.0000,impact,ragdoll,Proventus Avenicci,0001A67D,NPC L Calf [LClf],5,11.803,11.803,177.067,166.478,4.950,6.0000,19.675,-639.947,1408.052,-79.667,0.0000,0.0000,1.0000,-162.222,-29.642,-22.814,Static,Wood,shape,0000020E28032200,-,1,1,0,-
1616,50274.136,0.0000,impact,ragdoll,Proventus Avenicci,0001A67D,NPC L Thigh [LThg],1,73.783,73.783,200.945,181.863,5.774,6.0000,20.487,-656.312,1417.990,-78.000,0.0000,0.0000,1.0000,-165.372,-39.455,-64.571,Static,Carpet,shape,0000020E28304100,-,1,1,0,-
1617,50274.139,0.0000,impact,ragdoll,Proventus Avenicci,0001A67D,NPC L Calf [LClf],5,7.641,7.641,179.305,164.685,5.848,6.0000,19.675,-640.700,1405.822,-79.662,0.0000,0.0000,1.0000,-158.893,-31.034,-30.184,Static,Wood,shape,0000020D52D71600,-,0,1,0,-
1618,50274.144,0.0000,impact,ragdoll,Proventus Avenicci,0001A67D,NPC Spine2 [Spn2],9,60.582,60.582,86.211,98.283,2.735,7.0000,23.052,-705.467,1422.901,-66.701,-0.1808,-0.9536,0.2406,-82.069,-49.216,-22.403,-,Skin,shape,0000020E2E516B00,14,1,1,0,-
1619,50274.144,0.0000,impact,ragdoll,Proventus Avenicci,0001A67D,NPC L Forearm [LLar],14,60.582,60.582,86.211,140.977,3.539,2.0000,11.658,-705.467,1422.901,-66.701,-0.1808,-0.9536,0.2406,6.463,-101.949,97.156,-,Skin,shape,0000020E2E584100,9,1,1,0,-
1620,50312.353,0.0000,impact,ragdoll,Proventus Avenicci,0001A67D,NPC Spine1 [Spn1],6,99.258,99.258,14.746,118.246,3.094,4.0000,18.878,-706.422,1419.171,-64.396,0.3554,-0.8184,0.4516,-84.593,-64.085,-52.147,-,Skin,shape,0000020E2E516B00,14,1,1,0,-
1621,50312.354,0.0000,impact,ragdoll,Proventus Avenicci,0001A67D,NPC L Forearm [LLar],14,99.258,99.258,14.746,170.265,6.086,2.0000,11.658,-706.422,1419.171,-64.396,0.3554,-0.8184,0.4516,-50.253,-156.472,44.512,-,Skin,shape,0000020E2E584400,6,1,1,0,-
1622,50331.074,0.0000,impact,ragdoll,Proventus Avenicci,0001A67D,NPC R Calf [RClf],4,21.680,21.680,115.362,109.390,3.414,6.0000,19.675,-674.294,1378.681,-79.651,-0.0000,0.0000,1.0000,-81.216,-49.675,-53.875,Static,Wood,shape,0000020D52D71600,-,1,1,0,-
1623,50331.676,0.0000,impact,ragdoll,Proventus Avenicci,0001A67D,NPC L Foot [Lft ],7,12.401,12.401,131.378,145.225,5.652,3.0000,10.011,-639.864,1398.083,-79.685,0.0000,0.0000,1.0000,-132.508,-59.351,-3.059,Static,Wood,shape,0000020D52D71600,-,0,1,0,-
1624,50369.695,0.0000,impact,ragdoll,Proventus Avenicci,0001A67D,NPC Spine [Spn0],3,80.752,80.752,60.183,80.015,2.148,4.0000,17.297,-705.848,1418.215,-59.246,0.6855,-0.7205,0.1043,-64.459,-36.464,-30.295,-,Skin,shape,0000020E2E516B00,14,1,1,0,-
1625,50369.696,0.0000,impact,ragdoll,Proventus Avenicci,0001A67D,NPC L Forearm [LLar],14,80.752,80.752,60.183,137.873,1.509,2.0000,11.658,-705.848,1418.215,-59.246,0.6855,-0.7205,0.1043,-48.044,-128.035,17.546,-,Skin,shape,0000020E2E584700,3,1,1,0,-
1626,50370.210,0.0000,impact,ragdoll,Proventus Avenicci,0001A67D,NPC L Hand [LHnd],16,105.434,105.434,257.986,187.582,27.587,4.0000,8.334,-699.126,1413.914,-54.661,-0.3805,0.8427,0.3809,-43.869,-182.290,5.755,-,Skin,shape,0000020E2E584700,3,1,1,0,-
1627,50370.210,0.0000,impact,ragdoll,Proventus Avenicci,0001A67D,NPC Spine [Spn0],3,105.434,105.434,257.986,83.328,2.550,4.0000,17.297,-699.126,1413.914,-54.661,-0.3805,0.8427,0.3809,-62.167,-39.471,-39.000,-,Skin,shape,0000020E2E516800,16,1,1,0,-
1628,50388.880,0.0000,impact,ragdoll,Proventus Avenicci,0001A67D,NPC L Calf [LClf],5,17.917,17.917,133.199,115.579,3.240,6.0000,19.675,-648.586,1397.695,-79.651,-0.0000,0.0000,1.0000,-105.420,-11.499,-45.968,Static,Wood,shape,0000020D52D71600,-,1,1,0,-
1629,50406.836,0.0000,impact,ragdoll,Proventus Avenicci,0001A67D,NPC L Calf [LClf],5,39.772,39.772,98.486,108.952,3.604,6.0000,19.675,-656.888,1408.049,-79.650,0.0000,0.0000,1.0000,-100.860,-11.288,-39.627,Static,Wood,shape,0000020E28032200,-,1,1,0,-
1630,50406.841,0.0000,impact,ragdoll,Proventus Avenicci,0001A67D,NPC L UpperArm [LUar],10,28.314,28.314,139.978,136.871,2.660,2.0000,14.463,-725.759,1407.857,-79.712,0.0000,0.0000,1.0000,-107.073,-78.205,-33.957,Static,Wood,shape,0000020E28032200,-,0,1,0,-
1631,50407.345,0.0000,impact,ragdoll,Proventus Avenicci,0001A67D,NPC R Calf [RClf],4,48.990,48.990,47.187,69.195,2.956,6.0000,19.675,-664.361,1396.435,-79.651,0.0000,0.0000,1.0000,-59.006,-0.076,-36.143,Static,Wood,shape,0000020D52D71600,-,0,1,0,-
1632,50407.346,0.0000,impact,ragdoll,Proventus Avenicci,0001A67D,NPC L Calf [LClf],5,7.056,7.056,79.979,94.486,3.370,6.0000,19.675,-659.122,1409.860,-78.000,-0.0144,0.0000,0.9999,-93.351,-14.536,-1.403,Static,Carpet,shape,0000020E28304100,-,0,1,0,-
1633,50407.347,0.0000,impact,ragdoll,Proventus Avenicci,0001A67D,NPC L Calf [LClf],5,38.053,38.053,61.313,94.486,3.370,6.0000,19.675,-664.903,1418.497,-79.650,-0.0000,-0.0000,1.0000,-93.351,-14.536,-1.403,Static,Wood,shape,0000020E28032200,-,0,1,0,-
1634,50407.348,0.0000,impact,ragdoll,Proventus Avenicci,0001A67D,NPC L Foot [Lft ],7,5.060,5.060,202.012,146.390,8.614,3.0000,10.011,-639.732,1394.663,-79.656,0.0000,0.0000,1.0000,-127.906,-68.897,17.983,Static,Wood,shape,0000020D52D71600,-,0,1,0,-
1635,50426.266,0.0000,impact,ragdoll,Proventus Avenicci,0001A67D,NPC L Foot [Lft ],7,84.578,84.578,23.437,130.714,4.575,3.0000,10.011,-659.358,1395.522,-72.118,0.9863,-0.1406,0.0868,-111.267,-62.879,27.423,-,Skin,shape,0000020E2E584D00,4,1,1,0,-
1636,50426.266,0.0000,impact,ragdoll,Proventus Avenicci,0001A67D,NPC R Calf [RClf],4,84.578,84.578,23.437,47.494,5.232,6.0000,19.675,-659.358,1395.522,-72.118,0.9863,-0.1406,0.0868,-44.710,-2.019,-15.894,-,Skin,shape,0000020E2E585300,7,1,1,0,-
1637,50426.871,0.0000,impact,ragdoll,Proventus Avenicci,0001A67D,NPC L Thigh [LThg],1,29.712,29.712,48.840,97.130,2.649,6.0000,20.487,-670.952,1417.083,-79.650,-0.0000,-0.0000,1.0000,-69.422,-35.992,-57.614,Static,Wood,shape,0000020E28032200,-,1,1,0,-
1638,50426.873,0.0000,impact,ragdoll,Proventus Avenicci,0001A67D,NPC R Thigh [RThg],2,39.000,39.000,32.775,87.127,2.364,6.0000,20.487,-668.680,1397.382,-79.651,-0.0000,-0.0000,1.0000,-64.333,-21.155,-54.816,Static,Wood,shape,0000020D52D71600,-,1,1,0,-
1639,50444.356,0.0000,impact,ragdoll,Proventus Avenicci,0001A67D,NPC L Thigh [LThg],1,50.723,50.723,38.524,88.452,3.544,6.0000,20.487,-681.997,1410.540,-79.666,0.0000,0.0000,1.0000,-65.160,-33.177,-49.771,Static,Wood,shape,0000020D52D71600,-,1,1,0,-
1640,50444.363,0.0000,impact,ragdoll,Proventus Avenicci,0001A67D,NPC Spine2 [Spn2],9,15.175,15.175,123.273,77.643,2.811,7.0000,23.052,-723.187,1394.638,-79.651,0.0000,0.0000,1.0000,-57.325,-50.543,-13.701,Static,Wood,shape,0000020D52D71600,-,1,1,0,-
1641,50481.368,0.0000,impact,ragdoll,Proventus Avenicci,0001A67D,NPC L Thigh [LThg],1,82.946,82.946,43.137,90.443,4.253,6.0000,20.487,-695.367,1409.464,-79.651,0.0000,0.0000,1.0000,-70.597,-40.222,-39.726,Static,Wood,shape,0000020D52D71600,-,0,1,0,-
1642,50481.372,0.0000,impact,ragdoll,Proventus Avenicci,0001A67D,NPC L Thigh [LThg],1,82.946,82.946,43.141,90.443,4.253,6.0000,20.487,-695.367,1409.464,-79.650,0.0000,0.0000,1.0000,-70.597,-40.222,-39.726,Static,Wood,shape,0000020E28032200,-,0,1,0,-
1643,50500.558,0.0000,impact,ragdoll,Proventus Avenicci,0001A67D,NPC COM [COM ],0,78.086,78.086,93.733,102.527,2.440,50.0000,17.687,-697.809,1405.008,-79.651,-0.0000,0.0000,1.0000,-62.745,-26.202,-76.736,Static,Wood,shape,0000020D52D71600,-,1,1,0,-
1644,50520.224,0.0000,impact,ragdoll,Proventus Avenicci,0001A67D,NPC L UpperArm [LUar],10,33.392,33.392,73.133,56.065,2.422,2.0000,14.463,-728.910,1407.911,-79.681,0.0000,0.0000,1.0000,-47.187,-27.763,-12.078,Static,Wood,shape,0000020E28032200,-,1,1,0,-
1645,50538.713,0.0000,impact,ragdoll,Proventus Avenicci,0001A67D,NPC Spine [Spn0],3,34.222,34.222,23.424,53.004,4.124,4.0000,17.297,-706.433,1400.712,-79.651,0.0000,-0.0000,1.0000,-43.714,-10.572,-28.049,Static,Wood,shape,0000020D52D71600,-,1,1,0,-
1646,50557.531,0.0000,impact,ragdoll,Proventus Avenicci,0001A67D,NPC L Foot [Lft ],7,13.396,13.396,72.939,39.234,4.252,3.0000,10.011,-646.778,1394.866,-78.000,-0.0000,0.0000,1.0000,-37.936,7.851,-6.210,Static,Carpet,shape,0000020E28304100,-,1,1,0,-
1647,50615.810,0.0000,impact,ragdoll,Proventus Avenicci,0001A67D,NPC L Calf [LClf],5,8.981,8.981,32.692,32.625,1.872,6.0000,19.675,-659.128,1393.003,-78.000,-0.0269,0.0000,0.9996,-23.323,-22.216,5.185,Static,Carpet,shape,0000020E28304100,-,1,1,0,-
1648,50635.172,0.0000,impact,ragdoll,Proventus Avenicci,0001A67D,NPC Spine1 [Spn1],6,6.033,6.033,28.098,31.967,2.424,4.0000,18.878,-717.889,1395.312,-79.651,0.0000,0.0000,1.0000,-23.739,-18.167,-11.327,Static,Wood,shape,0000020D52D71600,-,1,1,0,-
1649,50713.909,0.0000,impact,ragdoll,Proventus Avenicci,0001A67D,NPC L Foot [Lft ],7,40.805,40.805,33.180,58.288,2.659,3.0000,10.011,-657.795,1390.013,-78.000,0.0000,-0.0000,1.0000,-22.742,-38.426,-37.467,Static,Carpet,shape,0000020E28304100,-,0,1,0,-
1650,50770.670,0.0000,impact,ragdoll,Proventus Avenicci,0001A67D,NPC L Calf [LClf],5,34.179,34.179,21.766,31.058,2.478,6.0000,19.675,-663.242,1389.376,-79.651,0.0000,-0.0000,1.0000,-11.313,-21.082,-19.803,Static,Wood,shape,0000020D52D71600,-,1,1,0,-
1651,50770.673,0.0000,impact,ragdoll,Proventus Avenicci,0001A67D,NPC L Foot [Lft ],7,39.158,39.158,42.168,58.701,1.954,3.0000,10.011,-659.141,1387.974,-78.001,-0.0521,0.0000,0.9986,-23.936,-32.371,-42.720,Static,Carpet,shape,0000020E28304100,-,0,1,0,-
1652,50809.348,0.0000,impact,ragdoll,Proventus Avenicci,0001A67D,NPC L Calf [LClf],5,10.487,10.487,6.822,23.127,1.329,6.0000,19.675,-672.125,1407.968,-79.661,0.0000,0.0000,1.0000,-4.171,-15.041,-17.065,Static,Wood,shape,0000020E28032200,-,1,1,0,-
1653,50847.280,0.0000,impact,ragdoll,Proventus Avenicci,0001A67D,NPC R Hand [RHnd],17,173.034,173.034,152.674,224.875,7.117,4.0000,8.334,-692.250,1385.039,-58.480,-0.0758,-0.5208,0.8503,28.322,-47.255,-218.022,-,Skin,shape,0000020E2E585000,2,1,1,0,-
1654,50847.280,0.0000,impact,ragdoll,Proventus Avenicci,0001A67D,NPC R Thigh [RThg],2,173.034,173.034,152.674,18.351,1.221,6.0000,20.487,-692.250,1385.039,-58.480,-0.0758,-0.5208,0.8503,7.914,-13.854,9.067,-,Skin,shape,0000020E2E517100,17,1,1,0,-
1655,50867.346,0.0000,impact,ragdoll,Proventus Avenicci,0001A67D,NPC L Foot [Lft ],7,37.009,37.009,46.725,16.278,1.392,3.0000,10.011,-670.750,1380.771,-71.056,0.8574,0.4588,-0.2332,-10.794,-11.936,-2.447,-,Skin,shape,0000020E2E584D00,4,1,1,0,-
1656,50867.347,0.0000,impact,ragdoll,Proventus Avenicci,0001A67D,NPC R Calf [RClf],4,37.009,37.009,46.725,26.179,1.148,6.0000,19.675,-670.750,1380.771,-71.056,0.8574,0.4588,-0.2332,12.756,0.621,-22.853,-,Skin,shape,0000020E2E585300,7,1,1,0,-
1657,50887.869,0.0000,impact,ragdoll,Proventus Avenicci,0001A67D,NPC L UpperArm [LUar],10,6.134,6.134,2.580,3.963,0.425,2.0000,14.463,-735.178,1402.779,-79.651,-0.0000,-0.0000,1.0000,0.917,-0.321,-3.842,Static,Wood,shape,0000020D52D71600,-,0,1,0,-
1658,50926.891,0.0000,impact,ragdoll,Proventus Avenicci,0001A67D,NPC R Hand [RHnd],17,134.570,134.570,75.642,139.574,6.635,4.0000,8.334,-690.249,1371.363,-67.686,-0.2690,0.2420,0.9322,2.443,-44.982,-132.104,-,Skin,shape,0000020E2E584D00,4,1,1,0,-
1659,50926.892,0.0000,impact,ragdoll,Proventus Avenicci,0001A67D,NPC R Calf [RClf],4,134.570,134.570,75.642,17.965,0.565,6.0000,19.675,-690.249,1371.363,-67.686,-0.2690,0.2420,0.9322,5.425,-16.624,4.115,-,Skin,shape,0000020E2E517100,17,1,1,0,-
1660,50948.307,0.0000,impact,ragdoll,Proventus Avenicci,0001A67D,NPC Spine2 [Spn2],9,9.708,9.708,9.609,11.480,0.954,7.0000,23.052,-735.497,1374.522,-79.756,0.0000,0.0000,1.0000,3.750,-10.811,0.926,Static,Wood,shape,0000020D52D71600,-,0,1,0,-
1661,51008.030,0.0000,impact,ragdoll,Proventus Avenicci,0001A67D,NPC L Thigh [LThg],1,6.550,6.550,9.510,9.857,1.460,6.0000,20.487,-699.218,1407.906,-79.684,0.0000,0.0000,1.0000,4.804,-0.950,-8.554,Static,Wood,shape,0000020E28032200,-,0,1,0,-
1662,51063.492,0.0000,state,unknown,Proventus Avenicci,0001A67D,-,-,0.000,0.000,0.000,0.000,0.000,0.0000,0.000,0.000,0.000,0.000,0.0000,0.0000,0.0000,0.000,0.000,0.000,-,-,-,0000000000000000,-,0,0,0,knock_get_up
1663,53677.399,0.0000,state,unknown,Proventus Avenicci,0001A67D,-,-,0.000,0.000,0.000,0.000,0.000,0.0000,0.000,0.000,0.000,0.000,0.0000,0.0000,0.0000,0.000,0.000,0.000,-,-,-,0000000000000000,-,0,0,0,ragdoll_start
1664,53681.321,0.0000,impact,ragdoll,Proventus Avenicci,0001A67D,NPC R Calf [RClf],4,14.005,14.005,115.984,75.943,4.065,6.0000,19.675,-648.442,1433.018,-78.000,-0.0000,-0.0000,1.0000,1.598,74.617,-14.043,Static,Carpet,shape,0000020E28304100,-,1,1,0,-
1665,53730.337,0.0000,impact,ragdoll,Proventus Avenicci,0001A67D,NPC R Calf [RClf],4,95.115,95.115,51.680,64.743,2.363,6.0000,19.675,-674.464,1444.676,-71.549,0.6688,0.6117,0.4225,43.791,24.297,-41.032,-,Skin,shape,0000020E2E585900,5,1,1,0,-
1666,53730.338,0.0000,impact,ragdoll,Proventus Avenicci,0001A67D,NPC L Calf [LClf],5,95.115,95.115,51.680,93.976,6.443,6.0000,19.675,-674.464,1444.676,-71.549,0.6688,0.6117,0.4225,93.679,5.440,5.114,-,Skin,shape,0000020E2E584D00,4,1,1,0,-
1667,53747.448,0.0000,impact,ragdoll,Proventus Avenicci,0001A67D,NPC L Thigh [LThg],1,52.883,52.883,49.029,50.780,4.247,6.0000,20.487,-669.526,1448.979,-68.026,-0.7440,-0.6263,-0.2327,34.843,22.542,-29.264,-,Skin,shape,0000020E2E584D00,4,1,1,0,-
1668,53747.450,0.0000,impact,ragdoll,Proventus Avenicci,0001A67D,NPC R Calf [RClf],4,52.883,52.883,49.029,67.792,3.497,6.0000,19.675,-669.526,1448.979,-68.026,-0.7440,-0.6263,-0.2327,57.283,25.498,-25.775,-,Skin,shape,0000020E2E585C00,1,1,1,0,-
1669,53783.091,0.0000,impact,ragdoll,Proventus Avenicci,0001A67D,NPC L Calf [LClf],5,36.890,36.890,102.460,58.132,4.495,6.0000,19.675,-676.338,1444.378,-79.651,0.0000,0.0000,1.0000,45.607,35.849,-3.774,Static,Wood,shape,0000020E28032200,-,0,0,0,-
1670,53783.093,0.0000,impact,ragdoll,Proventus Avenicci,0001A67D,NPC L Calf [LClf],5,35.642,35.642,102.672,58.132,4.495,6.0000,19.675,-676.029,1444.688,-79.650,0.0000,-0.0000,1.0000,45.607,35.849,-3.774,Static,Wood,shape,0000020E28032200,-,0,1,0,-
1671,53819.528,0.0000,impact,ragdoll,Proventus Avenicci,0001A67D,NPC L Calf [LClf],5,41.976,41.976,145.890,61.403,9.435,6.0000,19.675,-674.200,1442.404,-79.681,0.0000,0.0000,1.0000,54.836,16.946,-21.822,Static,Wood,shape,0000020E28032200,-,0,1,0,-
1672,53820.040,0.0000,impact,ragdoll,Proventus Avenicci,0001A67D,NPC L Foot [Lft ],7,11.524,11.524,80.575,40.415,6.886,3.0000,10.011,-652.533,1420.735,-79.680,0.0000,0.0000,1.0000,33.452,22.538,-2.524,Static,Wood,shape,0000020E28032200,-,0,1,0,-
1673,53838.574,0.0000,impact,ragdoll,Proventus Avenicci,0001A67D,NPC L Thigh [LThg],1,33.747,33.747,85.826,69.760,4.019,6.0000,20.487,-675.103,1443.121,-79.650,0.0000,0.0000,1.0000,24.704,34.349,-55.465,Static,Wood,shape,0000020E28032200,-,1,0,0,-
1674,53838.576,0.0000,impact,ragdoll,Proventus Avenicci,0001A67D,NPC L Thigh [LThg],1,33.049,33.049,86.201,69.760,4.019,6.0000,20.487,-674.899,1443.325,-79.650,0.0000,0.0000,1.0000,24.704,34.349,-55.465,Static,Wood,shape,0000020E28032200,-,0,1,0,-
1675,53856.612,0.0000,impact,ragdoll,Proventus Avenicci,0001A67D,NPC R Hand [RHnd],17,99.754,99.754,154.690,140.811,3.887,4.0000,8.334,-667.836,1446.441,-52.724,0.0424,0.5079,0.8604,-33.171,11.026,-136.403,-,Skin,shape,0000020E2E585000,2,1,1,0,-
1676,53856.613,0.0000,impact,ragdoll,Proventus Avenicci,0001A67D,NPC R Thigh [RThg],2,99.754,99.754,154.690,22.839,4.932,6.0000,20.487,-667.836,1446.441,-52.724,0.0424,0.5079,0.8604,12.757,-11.220,-15.264,-,Skin,shape,0000020E2E517100,17,1,1,0,-
1677,53874.760,0.0000,impact,ragdoll,Proventus Avenicci,0001A67D,NPC L Thigh [LThg],1,21.207,21.207,96.493,69.778,5.958,6.0000,20.487,-673.495,1441.647,-79.667,0.0000,0.0000,1.0000,35.575,31.060,-51.368,Static,Wood,shape,0000020E28032200,-,0,1,0,-
1678,53892.560,0.0000,impact,ragdoll,Proventus Avenicci,0001A67D,NPC R Thigh [RThg],2,42.497,42.497,42.736,31.473,11.027,6.0000,20.487,-681.518,1434.328,-61.281,0.2630,0.0943,0.9602,18.136,-23.990,-9.279,-,Skin,shape,0000020E2E585C00,1,0,1,0,-
1679,53892.561,0.0000,impact,ragdoll,Proventus Avenicci,0001A67D,NPC L Thigh [LThg],1,42.497,42.497,42.736,70.059,7.164,6.0000,20.487,-681.518,1434.328,-61.281,0.2630,0.0943,0.9602,43.758,38.760,-38.614,-,Skin,shape,0000020E2E585000,2,0,1,0,-
1680,53947.628,0.0000,impact,ragdoll,Proventus Avenicci,0001A67D,NPC L Calf [LClf],5,39.700,39.700,212.988,44.239,22.927,6.0000,19.675,-659.315,1445.301,-78.042,-0.4001,0.0000,0.9165,21.332,-31.784,22.177,Static,Carpet,shape,0000020E28304100,-,0,1,0,-
1681,53947.833,0.0000,impact,ragdoll,Proventus Avenicci,0001A67D,NPC L Thigh [LThg],1,104.202,82.220,88.364,51.797,6.099,6.0000,20.487,-686.128,1434.318,-79.650,-0.0000,-0.0000,1.0000,38.561,22.877,-25.935,Static,Wood,shape,0000020E28032200,-,0,0,0,-
1682,53947.841,0.0000,impact,ragdoll,Proventus Avenicci,0001A67D,NPC L Thigh [LThg],1,23.740,23.551,44.681,54.165,4.461,6.0000,20.487,-659.488,1443.189,-78.168,-0.7472,0.0000,0.6646,27.670,1.401,46.543,Static,Carpet,shape,0000020E28304100,-,1,1,0,-
1683,53948.078,0.0000,impact,ragdoll,Proventus Avenicci,0001A67D,NPC COM [COM ],0,119.366,119.366,101.161,127.753,5.295,50.0000,17.687,-688.138,1433.267,-79.650,0.0000,0.0000,1.0000,-10.124,56.439,-114.162,Static,Wood,shape,0000020E28032200,-,1,1,0,-
1684,53948.084,0.0000,impact,ragdoll,Proventus Avenicci,0001A67D,NPC L Forearm [LLar],14,51.006,51.006,37.206,105.543,6.665,2.0000,11.658,-752.986,1418.167,-79.650,0.0000,0.0000,1.0000,-18.551,61.086,-84.046,Static,Wood,shape,0000020E28032200,-,1,1,0,-
1685,53967.175,0.0000,impact,ragdoll,Proventus Avenicci,0001A67D,NPC L Thigh [LThg],1,32.783,13.435,11.236,7.880,6.239,6.0000,20.487,-686.051,1434.655,-79.650,0.0000,0.0000,1.0000,-6.135,1.596,-4.680,Static,Wood,shape,0000020E28032200,-,0,0,0,-
1686,53967.849,0.0000,impact,ragdoll,Proventus Avenicci,0001A67D,NPC L Thigh [LThg],1,15.919,2.820,19.837,15.724,2.904,6.0000,20.487,-686.088,1434.824,-79.650,-0.0000,-0.0000,1.0000,-12.267,-3.239,-9.288,Static,Wood,shape,0000020E28032200,-,0,0,0,-
1687,53984.049,0.0000,impact,ragdoll,Proventus Avenicci,0001A67D,NPC L Thigh [LThg],1,21.092,45.575,44.273,12.295,6.058,6.0000,20.487,-686.156,1434.960,-79.650,-0.0000,0.0000,1.0000,7.115,7.834,-6.259,Static,Wood,shape,0000020E28032200,-,0,0,0,-
1688,53984.522,0.0000,impact,ragdoll,Proventus Avenicci,0001A67D,NPC Spine [Spn0],3,59.484,59.484,22.824,80.812,5.204,4.0000,17.297,-696.464,1435.692,-79.650,0.0000,0.0000,1.0000,-37.452,38.116,-60.622,Static,Wood,shape,0000020E28032200,-,1,1,0,-
1689,53984.717,0.0000,impact,ragdoll,Proventus Avenicci,0001A67D,NPC L Thigh [LThg],1,28.966,-3.024,59.291,50.655,1.640,6.0000,20.487,-685.939,1434.973,-79.650,0.0000,0.0000,1.0000,46.024,-21.152,-0.616,Static,Wood,shape,0000020E28032200,-,0,0,0,-
1690,54003.117,0.0000,impact,ragdoll,Proventus Avenicci,0001A67D,NPC Spine1 [Spn1],6,71.910,71.910,64.788,112.777,4.165,4.0000,18.878,-694.949,1454.663,-54.325,-0.5579,-0.7382,-0.3793,-34.018,87.393,-62.640,-,Skin,shape,0000020E2E517400,15,1,1,0,-
1691,54003.118,0.0000,impact,ragdoll,Proventus Avenicci,0001A67D,NPC R Forearm [RLar],15,71.910,71.910,64.788,210.189,4.855,6.0000,11.658,-694.949,1454.663,-54.325,-0.5579,-0.7382,-0.3793,-98.750,73.939,-170.179,-,Skin,shape,0000020E2E584400,6,1,1,0,-
1692,54003.122,0.0000,impact,ragdoll,Proventus Avenicci,0001A67D,NPC R Forearm [RLar],15,28.202,28.202,145.279,210.189,4.855,6.0000,11.658,-679.079,1446.229,-58.025,-0.1738,0.9824,0.0690,-98.750,73.939,-170.179,-,Skin,shape,0000020E2E585000,2,1,1,0,-
1693,54003.122,0.0000,impact,ragdoll,Proventus Avenicci,0001A67D,NPC R Thigh [RThg],2,28.202,28.202,145.279,78.180,14.164,6.0000,20.487,-679.079,1446.229,-58.025,-0.1738,0.9824,0.0690,-53.234,49.066,29.509,-,Skin,shape,0000020E2E517400,15,1,1,0,-
1694,54022.006,0.0000,impact,ragdoll,Proventus Avenicci,0001A67D,NPC Spine1 [Spn1],6,105.461,105.461,60.921,152.161,4.755,4.0000,18.878,-707.255,1441.948,-79.650,-0.0000,-0.0000,1.0000,-23.371,99.463,-112.757,Static,Wood,shape,0000020E28032200,-,1,1,0,-
1695,54022.009,0.0000,impact,ragdoll,Proventus Avenicci,0001A67D,NPC Spine2 [Spn2],9,108.280,108.280,65.875,162.314,5.601,7.0000,23.052,-720.096,1447.554,-79.650,0.0000,0.0000,1.0000,-30.197,105.047,-119.996,Static,Wood,shape,0000020E28032200,-,1,1,0,-
1696,54040.508,0.0000,impact,ragdoll,Proventus Avenicci,0001A67D,NPC Spine [Spn0],3,41.689,41.689,108.578,82.693,9.857,4.0000,17.297,-691.400,1457.936,-63.704,-0.2780,-0.9484,-0.1526,4.486,80.493,-18.411,-,Skin,shape,0000020E2E517400,15,1,1,0,-
1697,54040.509,0.0000,impact,ragdoll,Proventus Avenicci,0001A67D,NPC R Forearm [RLar],15,41.689,41.689,108.578,218.770,5.544,6.0000,11.658,-691.400,1457.936,-63.704,-0.2780,-0.9484,-0.1526,-36.023,92.224,-195.083,-,Skin,shape,0000020E2E584700,3,1,1,0,-
1698,54058.974,0.0000,impact,ragdoll,Proventus Avenicci,0001A67D,NPC Spine2 [Spn2],9,12.498,12.498,37.740,122.170,8.202,7.0000,23.052,-699.427,1462.418,-63.245,-0.9177,-0.3955,-0.0380,-9.128,104.123,-63.251,-,Skin,shape,0000020E2E517400,15,1,1,0,-
1699,54058.975,0.0000,impact,ragdoll,Proventus Avenicci,0001A67D,NPC R Forearm [RLar],15,12.498,12.498,37.740,233.698,5.260,6.0000,11.658,-699.427,1462.418,-63.245,-0.9177,-0.3955,-0.0380,-27.762,113.890,-202.170,-,Skin,shape,0000020E2E584100,9,1,1,0,-
1700,54058.977,0.0000,impact,ragdoll,Proventus Avenicci,0001A67D,NPC Head [Head],13,168.370,168.370,62.002,183.292,7.922,4.0000,15.108,-735.613,1467.378,-79.650,0.0000,0.0000,1.0000,-44.209,58.634,-167.939,Static,Wood,shape,0000020E28032200,-,1,1,0,-
1701,54077.383,0.0000,impact,ragdoll,Proventus Avenicci,0001A67D,NPC L Calf [LClf],5,13.954,13.954,172.064,98.361,13.062,6.0000,19.675,-659.123,1437.772,-78.000,-0.0156,-0.0000,0.9999,-32.188,-80.513,46.439,Static,Carpet,shape,0000020E28304100,-,1,1,0,-
1702,54077.393,0.0000,impact,ragdoll,Proventus Avenicci,0001A67D,NPC R Hand [RHnd],17,203.217,203.217,70.974,217.328,3.819,4.0000,8.334,-679.834,1459.133,-79.650,0.0000,0.0000,1.0000,-54.147,54.889,-203.191,Static,Wood,shape,0000020E28032200,-,1,1,0,-
1703,54077.885,0.0000,impact,ragdoll,Proventus Avenicci,0001A67D,NPC COM [COM ],0,40.910,40.910,236.766,59.035,8.926,50.0000,17.687,-681.932,1455.549,-72.227,-0.4053,-0.8212,0.4017,12.055,57.781,-1.061,-,Skin,shape,0000020E2E517100,17,1,1,0,-
1704,54077.885,0.0000,impact,ragdoll,Proventus Avenicci,0001A67D,NPC R Hand [RHnd],17,40.910,40.910,236.766,44.340,25.889,4.0000,8.334,-681.932,1455.549,-72.227,-0.4053,-0.8212,0.4017,-9.110,43.035,5.571,-,-,-,0000020E2E585600,0,1,1,0,-
1705,54077.891,0.0000,impact,ragdoll,Proventus Avenicci,0001A67D,NPC R UpperArm [RUar],12,181.706,181.706,130.852,232.163,7.164,2.0000,14.463,-713.656,1472.643,-79.650,0.0000,0.0000,1.0000,-107.143,101.011,-179.490,Static,Wood,shape,0000020E28032200,-,1,1,0,-
1706,54077.894,0.0000,impact,ragdoll,Proventus Avenicci,0001A67D,NPC R Hand [RHnd],17,51.530,51.530,384.824,44.340,25.889,4.0000,8.334,-682.674,1451.032,-67.190,0.2382,0.7498,-0.6173,-9.110,43.035,5.571,-,Skin,shape,0000020E2E585000,2,1,1,0,-
1707,54077.894,0.0000,impact,ragdoll,Proventus Avenicci,0001A67D,NPC R Thigh [RThg],2,51.530,51.530,384.824,48.038,17.193,6.0000,20.487,-682.674,1451.032,-67.190,0.2382,0.7498,-0.6173,29.524,35.174,-14.099,-,Skin,shape,0000020E2E517100,17,1,1,0,-
1708,54095.551,0.0000,impact,ragdoll,Proventus Avenicci,0001A67D,NPC Spine2 [Spn2],9,16.885,16.885,33.599,87.753,1.778,7.0000,23.052,-700.832,1466.893,-69.059,-0.8833,-0.4308,0.1852,-9.090,87.179,4.205,-,Skin,shape,0000020E2E517400,15,1,1,0,-
1709,54095.551,0.0000,impact,ragdoll,Proventus Avenicci,0001A67D,NPC R Forearm [RLar],15,16.885,16.885,33.599,95.834,12.025,6.0000,11.658,-700.832,1466.893,-69.059,-0.8833,-0.4308,0.1852,-38.182,78.114,-40.305,-,Skin,shape,0000020E2E584100,9,1,1,0,-
1710,54095.554,0.0000,impact,ragdoll,Proventus Avenicci,0001A67D,NPC R Forearm [RLar],15,66.190,66.190,102.369,95.834,12.025,6.0000,11.658,-685.810,1464.180,-79.650,-0.0000,-0.0000,1.0000,-38.182,78.114,-40.305,Static,Wood,shape,0000020E28032200,-,1,1,0,-
1711,54095.985,0.0000,impact,ragdoll,Proventus Avenicci,0001A67D,NPC R UpperArm [RUar],12,68.340,68.340,17.766,85.150,5.443,2.0000,14.463,-706.737,1474.535,-79.681,0.0000,0.0000,1.0000,-30.136,35.818,-71.129,Static,Wood,shape,0000020E28032200,-,0,1,0,-
1712,54116.246,0.0000,impact,ragdoll,Proventus Avenicci,0001A67D,NPC L Thigh [LThg],1,7.055,7.055,150.381,52.560,7.787,6.0000,20.487,-665.799,1432.954,-79.650,0.0000,-0.0000,1.0000,-45.221,-25.971,6.569,Static,Wood,shape,0000020E28032200,-,0,0,0,-
1713,54116.248,0.0000,impact,ragdoll,Proventus Avenicci,0001A67D,NPC L Thigh [LThg],1,9.581,9.581,151.490,52.560,7.787,6.0000,20.487,-665.395,1433.358,-79.651,0.0000,0.0000,1.0000,-45.221,-25.971,6.569,Static,Wood,shape,0000020E28032200,-,0,1,0,-
1714,54116.250,0.0000,impact,ragdoll,Proventus Avenicci,0001A67D,NPC Spine [Spn0],3,19.853,19.853,61.331,61.450,5.785,4.0000,17.297,-684.255,1459.433,-73.325,-0.6961,-0.6509,0.3030,17.474,58.682,5.211,-,Skin,shape,0000020E2E517100,17,1,1,0,-
1715,54116.250,0.0000,impact,ragdoll,Proventus Avenicci,0001A67D,NPC R Hand [RHnd],17,19.853,19.853,61.331,78.092,7.147,4.0000,8.334,-684.255,1459.433,-73.325,-0.6961,-0.6509,0.3030,-17.990,75.992,0.022,-,Skin,shape,0000020E2E584700,3,1,1,0,-
1716,54132.220,0.0000,impact,ragdoll,Proventus Avenicci,0001A67D,NPC L Calf [LClf],5,10.377,10.377,176.409,125.452,5.690,6.0000,19.675,-661.948,1429.681,-79.650,0.0000,0.0000,1.0000,-67.134,-101.578,30.220,Static,Wood,shape,0000020E28032200,-,1,1,0,-
1717,54230.287,0.0000,impact,ragdoll,Proventus Avenicci,0001A67D,NPC L Calf [LClf],5,17.784,17.784,106.963,94.261,2.557,6.0000,19.675,-671.220,1410.034,-79.737,0.0000,0.0000,1.0000,-68.982,-62.724,-13.868,Static,Wood,shape,0000020D52D71600,-,1,1,0,-
1718,54230.295,0.0000,impact,ragdoll,Proventus Avenicci,0001A67D,NPC R UpperArm [RUar],12,8.224,8.224,59.722,56.538,0.523,2.0000,14.463,-714.044,1482.158,-79.650,0.0000,-0.0000,1.0000,27.560,48.998,-6.016,Static,Wood,shape,0000020E28032200,-,1,1,0,-
1719,54498.045,0.0000,impact,ragdoll,Proventus Avenicci,0001A67D,NPC L Foot [Lft ],7,111.662,111.662,15.540,101.297,4.976,3.0000,10.011,-679.227,1380.992,-79.651,-0.0000,0.0000,1.0000,12.402,-17.158,-99.060,Static,Wood,shape,0000020D52D71600,-,1,1,0,-
1720,54680.425,0.0000,impact,ragdoll,Proventus Avenicci,0001A67D,NPC L Calf [LClf],5,15.660,15.660,4.574,8.079,0.663,6.0000,19.675,-685.120,1387.083,-79.651,-0.0000,0.0000,1.0000,0.618,0.828,-8.012,Static,Wood,shape,0000020D52D71600,-,0,1,0,-
1721,54831.217,0.0000,impact,ragdoll,Proventus Avenicci,0001A67D,NPC R Thigh [RThg],2,9.606,9.606,5.108,18.881,1.886,6.0000,20.487,-685.270,1427.197,-67.656,0.6734,0.1342,0.7270,10.186,-2.555,-15.692,-,Skin,shape,0000020E2E585C00,1,0,1,0,-
1722,54831.218,0.0000,impact,ragdoll,Proventus Avenicci,0001A67D,NPC L Thigh [LThg],1,9.606,9.606,5.108,0.761,0.102,6.0000,20.487,-685.270,1427.197,-67.656,0.6734,0.1342,0.7270,0.663,0.140,0.345,-,Skin,shape,0000020E2E585000,2,0,1,0,-
1723,54883.174,0.0000,state,unknown,Proventus Avenicci,0001A67D,-,-,0.000,0.000,0.000,0.000,0.000,0.0000,0.000,0.000,0.000,0.000,0.0000,0.0000,0.0000,0.000,0.000,0.000,-,-,-,0000000000000000,-,0,0,0,knock_get_up
1724,56538.987,0.0000,state,unknown,Proventus Avenicci,0001A67D,-,-,0.000,0.000,0.000,0.000,0.000,0.0000,0.000,0.000,0.000,0.000,0.0000,0.0000,0.0000,0.000,0.000,0.000,-,-,-,0000000000000000,-,0,0,0,ragdoll_start
1725,56542.971,0.0000,impact,ragdoll,Proventus Avenicci,0001A67D,NPC R Calf [RClf],4,13.380,-13.199,7.384,34.209,2.363,6.0000,19.675,-681.458,1471.035,-79.650,0.0000,0.0000,1.0000,18.946,17.180,22.719,Static,Wood,shape,0000020E28032200,-,0,0,0,-
1726,56613.971,0.0000,impact,ragdoll,Proventus Avenicci,0001A67D,NPC R Calf [RClf],4,119.585,119.585,68.543,150.207,5.874,6.0000,19.675,-659.427,1451.418,-78.109,-0.6240,0.0000,0.7814,141.633,-29.398,-40.472,Static,Carpet,shape,0000020E28304100,-,1,1,0,-
1727,56650.734,0.0000,impact,ragdoll,Proventus Avenicci,0001A67D,NPC R Forearm [RLar],15,27.273,27.273,129.159,51.995,25.518,6.0000,11.658,-694.134,1478.063,-79.650,0.0000,0.0000,1.0000,40.791,32.240,0.410,Static,Wood,shape,0000020E28032200,-,1,1,0,-
1728,56670.088,0.0000,impact,ragdoll,Proventus Avenicci,0001A67D,NPC L Calf [LClf],5,116.504,116.504,62.744,95.085,7.828,6.0000,19.675,-688.937,1431.096,-79.650,0.0000,-0.0000,1.0000,-62.484,52.048,-49.274,Static,Wood,shape,0000020E28032200,-,1,1,0,-
1729,56670.589,0.0000,impact,ragdoll,Proventus Avenicci,0001A67D,NPC R Calf [RClf],4,84.892,84.892,276.572,128.952,11.035,6.0000,19.675,-659.352,1468.217,-78.060,-0.4748,0.0000,0.8801,109.943,-66.739,9.326,Static,Carpet,shape,0000020E28304100,-,1,1,0,-
1730,56688.735,0.0000,impact,ragdoll,Proventus Avenicci,0001A67D,NPC L Thigh [LThg],1,66.431,66.431,38.277,103.654,2.755,6.0000,20.487,-688.644,1435.102,-79.650,0.0000,0.0000,1.0000,-33.639,56.160,-80.366,Static,Wood,shape,0000020E28032200,-,1,1,0,-
1731,56706.992,0.0000,impact,ragdoll,Proventus Avenicci,0001A67D,NPC Spine1 [Spn1],6,125.776,125.776,81.713,122.807,4.306,4.0000,18.878,-688.425,1472.496,-57.966,-0.1949,-0.3963,0.8972,-15.176,93.449,-78.221,-,Skin,shape,0000020E2E517400,15,1,1,0,-
1732,56706.993,0.0000,impact,ragdoll,Proventus Avenicci,0001A67D,NPC R Forearm [RLar],15,125.776,125.776,81.713,12.157,0.401,6.0000,11.658,-688.425,1472.496,-57.966,-0.1949,-0.3963,0.8972,3.040,5.171,10.574,-,Skin,shape,0000020E2E584400,6,1,1,0,-
1733,56725.999,0.0000,impact,ragdoll,Proventus Avenicci,0001A67D,NPC R Foot [Rft ],8,119.171,119.171,88.449,128.457,9.773,3.0000,10.011,-664.350,1431.742,-79.650,0.0000,-0.0000,1.0000,27.092,-54.315,-113.212,Static,Wood,shape,0000020E28032200,-,1,1,0,-
1734,56744.522,0.0000,impact,ragdoll,Proventus Avenicci,0001A67D,NPC Spine [Spn0],3,24.746,24.746,227.400,100.659,3.347,4.0000,17.297,-686.927,1473.062,-59.291,0.0122,-0.7502,0.6611,-22.142,54.699,-81.547,-,Skin,shape,0000020E2E517400,15,1,1,0,-
1735,56744.523,0.0000,impact,ragdoll,Proventus Avenicci,0001A67D,NPC R Forearm [RLar],15,24.746,24.746,227.400,105.497,28.865,6.0000,11.658,-686.927,1473.062,-59.291,0.0122,-0.7502,0.6611,-5.440,104.856,10.258,-,Skin,shape,0000020E2E584700,3,1,1,0,-
1736,56744.527,0.0000,impact,ragdoll,Proventus Avenicci,0001A67D,NPC R Forearm [RLar],15,137.154,137.154,306.404,105.497,28.865,6.0000,11.658,-691.965,1478.332,-52.625,0.4631,-0.2154,-0.8597,-5.440,104.856,10.258,-,Skin,shape,0000020E2E584100,9,1,1,0,-
1737,56744.527,0.0000,impact,ragdoll,Proventus Avenicci,0001A67D,NPC Spine2 [Spn2],9,137.154,137.154,306.404,149.042,3.260,7.0000,23.052,-691.965,1478.332,-52.625,0.4631,-0.2154,-0.8597,-7.652,93.860,-115.522,-,Skin,shape,0000020E2E517400,15,1,1,0,-
1738,56820.208,0.0000,impact,ragdoll,Proventus Avenicci,0001A67D,NPC R Calf [RClf],4,76.196,76.196,250.353,98.088,19.276,6.0000,19.675,-650.756,1457.448,-79.650,-0.0000,-0.0000,1.0000,28.345,-93.374,-9.961,Static,Wood,shape,0000020E28032200,-,1,1,0,-
1739,56820.678,0.0000,impact,ragdoll,Proventus Avenicci,0001A67D,NPC R Thigh [RThg],2,10.583,10.583,130.210,52.819,6.749,6.0000,20.487,-654.856,1457.631,-79.650,0.0000,-0.0000,1.0000,1.328,-10.586,-51.730,Static,Wood,shape,0000020E28032200,-,1,1,0,-
1740,56839.309,0.0000,impact,ragdoll,Proventus Avenicci,0001A67D,NPC Head [Head],13,101.487,101.487,198.762,159.960,1.516,4.0000,15.108,-699.628,1500.455,-71.709,-0.6559,0.3988,0.6409,14.042,96.142,-127.070,-,Skin,shape,0000020E2E517100,17,1,1,0,-
1741,56839.310,0.0000,impact,ragdoll,Proventus Avenicci,0001A67D,NPC R Hand [RHnd],17,101.487,101.487,198.762,262.932,14.814,4.0000,8.334,-699.628,1500.455,-71.709,-0.6559,0.3988,0.6409,77.658,251.202,0.242,-,Skin,shape,0000020E2E517A00,13,1,1,0,-
1742,56839.312,0.0000,impact,ragdoll,Proventus Avenicci,0001A67D,NPC R Hand [RHnd],17,35.581,35.581,90.714,262.932,14.814,4.0000,8.334,-697.760,1493.358,-64.378,0.1094,0.4431,-0.8898,77.658,251.202,0.242,-,Skin,shape,0000020E2E584100,9,1,1,0,-
1743,56839.313,0.0000,impact,ragdoll,Proventus Avenicci,0001A67D,NPC Spine2 [Spn2],9,35.581,35.581,90.714,157.745,1.128,7.0000,23.052,-697.760,1493.358,-64.378,0.1094,0.4431,-0.8898,-2.565,77.077,-137.608,-,Skin,shape,0000020E2E517100,17,1,1,0,-
1744,56858.566,0.0000,impact,ragdoll,Proventus Avenicci,0001A67D,NPC L Thigh [LThg],1,99.175,99.175,18.219,78.535,6.436,6.0000,20.487,-685.957,1453.820,-79.664,0.0000,0.0000,1.0000,-10.468,43.294,-64.682,Static,Wood,shape,0000020E28032200,-,0,1,0,-
1745,56878.209,0.0000,impact,ragdoll,Proventus Avenicci,0001A67D,NPC R Forearm [RLar],15,11.262,1.531,12.021,94.344,13.715,6.0000,11.658,-687.841,1502.447,-79.650,-0.0000,0.0000,1.0000,58.017,65.992,34.350,Static,Wood,shape,0000020E28032200,-,0,0,0,-
1746,56897.128,0.0000,impact,ragdoll,Proventus Avenicci,0001A67D,NPC L Thigh [LThg],1,96.037,96.037,14.156,87.097,6.698,6.0000,20.487,-688.356,1456.362,-79.650,0.0000,0.0000,1.0000,-13.427,65.476,-55.844,Static,Wood,shape,0000020E28032200,-,0,0,0,-
1747,56897.129,0.0000,impact,ragdoll,Proventus Avenicci,0001A67D,NPC L Thigh [LThg],1,125.247,125.247,14.100,87.097,6.698,6.0000,20.487,-687.612,1461.008,-79.650,-0.0000,0.0000,1.0000,-13.427,65.476,-55.844,Static,Wood,shape,0000020E28032200,-,0,1,0,-
1748,56897.136,0.0000,impact,ragdoll,Proventus Avenicci,0001A67D,NPC L Hand [LHnd],16,186.978,186.978,87.495,211.958,4.710,4.0000,8.334,-718.047,1459.274,-79.650,0.0000,0.0000,1.0000,64.076,76.653,-186.935,Static,Wood,shape,0000020E28032200,-,1,1,0,-
1749,56897.568,0.0000,impact,ragdoll,Proventus Avenicci,0001A67D,NPC COM [COM ],0,106.777,106.777,66.477,122.028,1.672,50.0000,17.687,-684.781,1465.083,-79.650,0.0000,-0.0000,1.0000,-19.201,50.151,-109.577,Static,Wood,shape,0000020E28032200,-,1,1,0,-
1750,56897.573,0.0000,impact,ragdoll,Proventus Avenicci,0001A67D,NPC L Forearm [LLar],14,29.843,29.843,139.636,121.056,16.022,2.0000,11.658,-720.746,1465.987,-79.650,-0.0000,0.0000,1.0000,33.442,77.505,-86.771,Static,Wood,shape,0000020E28032200,-,1,1,0,-
1751,56915.631,0.0000,impact,ragdoll,Proventus Avenicci,0001A67D,NPC Spine2 [Spn2],9,61.203,61.203,134.351,85.512,6.052,7.0000,23.052,-702.061,1491.701,-79.650,0.0000,0.0000,1.0000,0.186,70.005,-49.108,Static,Wood,shape,0000020E28032200,-,1,1,0,-
1752,56916.344,0.0000,impact,ragdoll,Proventus Avenicci,0001A67D,NPC L UpperArm [LUar],10,63.487,63.487,68.919,75.884,1.957,2.0000,14.463,-720.125,1485.175,-79.650,0.0000,0.0000,1.0000,25.048,46.448,-54.530,Static,Wood,shape,0000020E28032200,-,1,0,0,-
1753,56916.345,0.0000,impact,ragdoll,Proventus Avenicci,0001A67D,NPC L UpperArm [LUar],10,61.031,61.031,69.492,75.884,1.957,2.0000,14.463,-718.775,1486.679,-79.657,0.0000,0.0000,1.0000,25.048,46.448,-54.530,Static,Wood,shape,0000020E28032200,-,0,1,0,-
1754,56931.273,0.0000,impact,ragdoll,Proventus Avenicci,0001A67D,NPC Spine1 [Spn1],6,38.907,38.907,169.392,102.169,5.642,4.0000,18.878,-692.392,1483.459,-79.650,-0.0000,0.0000,1.0000,7.653,97.154,-30.677,Static,Wood,shape,0000020E28032200,-,1,1,0,-
1755,56931.278,0.0000,impact,ragdoll,Proventus Avenicci,0001A67D,NPC Head [Head],13,50.229,50.229,87.063,94.032,3.491,4.0000,15.108,-708.902,1515.408,-79.650,-0.0000,-0.0000,1.0000,14.244,77.706,-50.999,Static,Wood,shape,0000020E28032200,-,1,1,0,-
1756,56949.392,0.0000,impact,ragdoll,Proventus Avenicci,0001A67D,NPC L UpperArm [LUar],10,10.070,10.070,74.030,80.320,3.007,2.0000,14.463,-718.599,1486.895,-79.650,0.0000,0.0000,1.0000,20.618,76.511,-13.124,Static,Wood,shape,0000020E28032200,-,1,1,0,-
1757,56997.092,0.0000,impact,ragdoll,Proventus Avenicci,0001A67D,NPC R Forearm [RLar],15,40.637,-19.933,109.539,114.277,1.570,6.0000,11.658,-674.698,1507.558,-79.650,0.0000,0.0000,1.0000,83.708,77.250,9.203,Static,Wood,shape,0000020E28032200,-,0,0,0,-
1758,57029.466,0.0000,impact,ragdoll,Proventus Avenicci,0001A67D,NPC L Hand [LHnd],16,81.167,81.167,99.961,73.979,10.002,4.0000,8.334,-697.829,1464.262,-72.233,-0.9415,0.2580,-0.2170,59.409,43.672,6.021,-,Skin,shape,0000020E2E585C00,1,1,1,0,-
1759,57029.467,0.0000,impact,ragdoll,Proventus Avenicci,0001A67D,NPC L Thigh [LThg],1,81.167,81.167,99.961,62.008,1.775,6.0000,20.487,-697.829,1464.262,-72.233,-0.9415,0.2580,-0.2170,-35.542,50.548,5.162,-,Skin,shape,0000020E2E516800,16,1,1,0,-
1760,57029.878,0.0000,impact,ragdoll,Proventus Avenicci,0001A67D,NPC R Calf [RClf],4,15.484,15.484,47.877,30.298,2.488,6.0000,19.675,-659.117,1450.116,-78.000,-0.0051,0.0000,1.0000,-13.916,-1.429,-26.875,Static,Carpet,shape,0000020E28304100,-,1,1,0,-
1761,57119.467,0.0000,impact,ragdoll,Proventus Avenicci,0001A67D,NPC R Foot [Rft ],8,134.027,134.027,41.746,120.806,5.842,3.0000,10.011,-646.480,1420.114,-78.000,0.0000,0.0000,1.0000,2.046,-9.469,-120.417,Static,Carpet,shape,0000020E28304100,-,1,1,0,-
1762,57137.796,0.0000,impact,ragdoll,Proventus Avenicci,0001A67D,NPC L Calf [LClf],5,81.899,81.899,77.453,126.001,2.610,6.0000,19.675,-704.110,1447.367,-79.650,0.0000,-0.0000,1.0000,-58.649,52.024,-98.641,Static,Wood,shape,0000020E28032200,-,1,1,0,-
1763,57189.286,0.0000,impact,ragdoll,Proventus Avenicci,0001A67D,NPC R Calf [RClf],4,9.006,9.006,17.825,12.451,2.265,6.0000,19.675,-657.230,1425.383,-79.667,0.0000,0.0000,1.0000,-8.964,-7.581,-4.146,Static,Wood,shape,0000020E28032200,-,0,1,0,-
1764,57189.828,0.0000,impact,ragdoll,Proventus Avenicci,0001A67D,NPC L Foot [Lft ],7,157.302,157.302,72.224,160.815,5.012,3.0000,10.011,-724.753,1422.111,-79.650,0.0000,0.0000,1.0000,-44.708,41.072,-148.915,Static,Wood,shape,0000020E28032200,-,1,1,0,-
1765,57762.220,0.0000,state,unknown,Proventus Avenicci,0001A67D,-,-,0.000,0.000,0.000,0.000,0.000,0.0000,0.000,0.000,0.000,0.000,0.0000,0.0000,0.0000,0.000,0.000,0.000,-,-,-,0000000000000000,-,0,0,0,knock_get_up
1766,59504.525,0.0000,state,unknown,Proventus Avenicci,0001A67D,-,-,0.000,0.000,0.000,0.000,0.000,0.0000,0.000,0.000,0.000,0.000,0.0000,0.0000,0.0000,0.000,0.000,0.000,-,-,-,0000000000000000,-,0,0,0,ragdoll_start
1767,59544.717,0.0000,impact,ragdoll,Proventus Avenicci,0001A67D,NPC R Calf [RClf],4,19.805,19.805,28.810,42.303,17.509,6.0000,19.675,-658.898,1474.303,-78.000,-0.0000,0.0000,1.0000,34.594,-22.273,-9.835,Static,Carpet,shape,0000020E28304100,-,1,1,0,-
1768,59636.674,0.0000,impact,ragdoll,Proventus Avenicci,0001A67D,NPC L Calf [LClf],5,152.681,152.681,287.150,113.801,16.359,6.0000,19.675,-689.014,1479.449,-79.650,0.0000,-0.0000,1.0000,29.398,44.570,-100.499,Static,Wood,shape,0000020E28032200,-,1,1,0,-
1769,59655.829,0.0000,impact,ragdoll,Proventus Avenicci,0001A67D,NPC L Thigh [LThg],1,92.316,92.316,50.178,97.672,7.626,6.0000,20.487,-684.503,1479.360,-79.650,0.0000,0.0000,1.0000,23.329,16.983,-93.313,Static,Wood,shape,0000020E28032200,-,1,1,0,-
1770,59655.835,0.0000,impact,ragdoll,Proventus Avenicci,0001A67D,NPC R Forearm [RLar],15,12.259,12.259,122.899,79.950,9.670,6.0000,11.658,-666.790,1503.312,-79.650,0.0000,0.0000,1.0000,70.065,20.446,-32.632,Static,Wood,shape,0000020E28032200,-,1,1,0,-
1771,59656.261,0.0000,impact,ragdoll,Proventus Avenicci,0001A67D,NPC L Foot [Lft ],7,115.978,115.978,142.861,215.308,8.817,3.0000,10.011,-706.622,1460.121,-79.650,0.0000,-0.0000,1.0000,-159.437,97.659,-106.771,Static,Wood,shape,0000020E28032200,-,1,1,0,-
1772,59691.631,0.0000,impact,ragdoll,Proventus Avenicci,0001A67D,NPC L Thigh [LThg],1,23.759,23.759,142.854,67.869,10.685,6.0000,20.487,-684.699,1478.623,-79.650,0.0000,0.0000,1.0000,29.960,15.055,-59.009,Static,Wood,shape,0000020E28032200,-,1,1,0,-
1773,59727.471,0.0000,impact,ragdoll,Proventus Avenicci,0001A67D,NPC R Forearm [RLar],15,36.697,36.697,142.097,121.851,9.783,6.0000,11.658,-657.474,1503.350,-52.762,0.4045,0.2381,-0.8830,121.268,-7.365,-9.361,-,Skin,shape,0000020E2E584400,6,1,1,0,-
1774,59727.471,0.0000,impact,ragdoll,Proventus Avenicci,0001A67D,NPC Spine1 [Spn1],6,36.697,36.697,142.097,127.443,2.562,4.0000,18.878,-657.474,1503.350,-52.762,0.4045,0.2381,-0.8830,50.080,58.008,-101.828,-,Skin,shape,0000020E2E517400,15,1,1,0,-
1775,59744.740,0.0000,impact,ragdoll,Proventus Avenicci,0001A67D,NPC R Forearm [RLar],15,7.620,7.620,125.243,124.364,4.270,6.0000,11.658,-657.941,1500.696,-78.000,-0.0000,0.0000,1.0000,121.739,-17.107,-18.804,Static,Carpet,shape,0000020E28304100,-,1,1,0,-
1776,59745.160,0.0000,impact,ragdoll,Proventus Avenicci,0001A67D,NPC R Forearm [RLar],15,77.074,77.074,60.823,118.356,3.626,6.0000,11.658,-651.192,1510.292,-53.668,0.1691,-0.3963,-0.9024,114.996,-24.684,-13.220,-,Skin,shape,0000020E2E584100,9,1,1,0,-
1777,59745.160,0.0000,impact,ragdoll,Proventus Avenicci,0001A67D,NPC Spine2 [Spn2],9,77.074,77.074,60.823,178.062,3.502,7.0000,23.052,-651.192,1510.292,-53.668,0.1691,-0.3963,-0.9024,100.279,52.009,-137.642,-,Skin,shape,0000020E2E517400,15,1,1,0,-
1778,59745.161,0.0000,impact,ragdoll,Proventus Avenicci,0001A67D,NPC R Hand [RHnd],17,83.382,83.382,83.205,122.817,3.059,4.0000,8.334,-659.472,1500.067,-78.150,-0.7137,0.0000,0.7005,116.852,-37.810,-0.025,Static,Carpet,shape,0000020E28304100,-,1,1,0,-
1779,59779.288,0.0000,impact,ragdoll,Proventus Avenicci,0001A67D,NPC Spine [Spn0],3,173.306,173.306,201.816,165.601,3.631,4.0000,17.297,-661.532,1498.457,-69.116,0.0071,-0.2289,0.9734,56.025,42.741,-149.860,-,Skin,shape,0000020E2E517100,17,1,1,0,-
1780,59779.289,0.0000,impact,ragdoll,Proventus Avenicci,0001A67D,NPC R Hand [RHnd],17,173.306,173.306,201.816,47.174,60.084,4.0000,8.334,-661.532,1498.457,-69.116,0.0071,-0.2289,0.9734,40.175,-22.726,9.742,-,Skin,shape,0000020E2E584700,3,1,1,0,-
1781,59779.292,0.0000,impact,ragdoll,Proventus Avenicci,0001A67D,NPC R Forearm [RLar],15,143.098,143.098,108.108,66.913,5.382,6.0000,11.658,-657.536,1497.746,-61.446,0.4463,0.3217,-0.8351,62.986,-9.813,-20.344,-,Skin,shape,0000020E2E584700,3,1,1,0,-
1782,59779.293,0.0000,impact,ragdoll,Proventus Avenicci,0001A67D,NPC Spine [Spn0],3,143.098,143.098,108.108,165.601,3.631,4.0000,17.297,-657.536,1497.746,-61.446,0.4463,0.3217,-0.8351,56.025,42.741,-149.860,-,Skin,shape,0000020E2E517400,15,1,1,0,-
1783,59795.913,0.0000,impact,ragdoll,Proventus Avenicci,0001A67D,NPC COM [COM ],0,97.262,97.262,251.340,131.209,2.235,50.0000,17.687,-662.533,1497.554,-70.186,-0.1220,-0.5885,0.7992,18.438,54.971,-117.703,-,Skin,shape,0000020E2E517100,17,1,1,0,-
1784,59795.914,0.0000,impact,ragdoll,Proventus Avenicci,0001A67D,NPC R Hand [RHnd],17,97.262,97.262,251.340,39.262,63.785,4.0000,8.334,-662.533,1497.554,-70.186,-0.1220,-0.5885,0.7992,10.107,37.241,-7.245,-,-,-,0000020E2E585600,0,1,1,0,-
1785,59795.926,0.0000,impact,ragdoll,Proventus Avenicci,0001A67D,NPC R Hand [RHnd],17,122.126,122.126,574.303,39.262,63.785,4.0000,8.334,-658.946,1502.755,-62.880,-0.2548,-0.2018,-0.9457,10.107,37.241,-7.245,-,Skin,shape,0000020E2E584400,6,1,1,0,-
1786,59795.926,0.0000,impact,ragdoll,Proventus Avenicci,0001A67D,NPC Spine1 [Spn1],6,122.126,122.126,574.303,155.281,5.497,4.0000,18.878,-658.946,1502.755,-62.880,-0.2548,-0.2018,-0.9457,53.039,7.460,-145.751,-,Skin,shape,0000020E2E517100,17,1,1,0,-
1787,59795.926,0.0000,impact,ragdoll,Proventus Avenicci,0001A67D,NPC R Hand [RHnd],17,12.654,12.654,268.246,39.262,63.785,4.0000,8.334,-659.383,1500.440,-78.078,-0.5369,0.0000,0.8437,10.107,37.241,-7.245,Static,Carpet,shape,0000020E28304100,-,0,1,0,-
1788,59796.351,0.0000,impact,ragdoll,Proventus Avenicci,0001A67D,NPC R UpperArm [RUar],12,120.582,120.582,98.951,164.698,6.717,2.0000,14.463,-641.543,1510.297,-78.000,0.0000,0.0000,1.0000,68.130,-56.722,-138.803,Static,Carpet,shape,0000020E28304100,-,1,1,0,-
1789,59812.299,0.0000,impact,ragdoll,Proventus Avenicci,0001A67D,NPC COM [COM ],0,107.629,107.629,282.221,128.056,4.362,50.0000,17.687,-658.083,1498.763,-70.641,-0.3847,-0.5982,0.7030,15.740,56.222,-113.973,-,Skin,shape,0000020E2E517400,15,1,1,0,-
1790,59812.299,0.0000,impact,ragdoll,Proventus Avenicci,0001A67D,NPC R Forearm [RLar],15,107.629,107.629,282.221,73.996,49.275,6.0000,11.658,-658.083,1498.763,-70.641,-0.3847,-0.5982,0.7030,-47.234,49.537,-28.116,-,-,-,0000020E2E585600,0,1,1,0,-
1791,59812.301,0.0000,impact,ragdoll,Proventus Avenicci,0001A67D,NPC L Thigh [LThg],1,72.809,72.809,452.052,54.729,15.688,6.0000,20.487,-664.835,1498.729,-71.643,-0.3572,-0.6649,0.6560,-7.521,42.279,-33.930,-,Skin,shape,0000020E2E517100,17,1,1,0,-
1792,59812.301,0.0000,impact,ragdoll,Proventus Avenicci,0001A67D,NPC R Hand [RHnd],17,72.809,72.809,452.052,63.859,49.245,4.0000,8.334,-664.835,1498.729,-71.643,-0.3572,-0.6649,0.6560,-18.839,59.254,-14.563,-,Skin,shape,0000020E2E585C00,1,1,1,0,-
1793,59830.043,0.0000,impact,ragdoll,Proventus Avenicci,0001A67D,NPC L Forearm [LLar],14,27.796,27.796,39.088,181.244,3.840,2.0000,11.658,-659.443,1521.213,-50.855,-0.8944,0.2411,0.3768,143.953,47.786,-99.214,-,Skin,shape,0000020E2E584100,9,1,1,0,-
1794,59830.044,0.0000,impact,ragdoll,Proventus Avenicci,0001A67D,NPC Spine2 [Spn2],9,27.796,27.796,39.088,163.062,5.870,7.0000,23.052,-659.443,1521.213,-50.855,-0.8944,0.2411,0.3768,102.328,0.204,-126.958,-,Skin,shape,0000020E2E516B00,14,1,1,0,-
1795,59846.221,0.0000,impact,ragdoll,Proventus Avenicci,0001A67D,NPC L Thigh [LThg],1,78.621,78.621,105.480,106.785,1.707,6.0000,20.487,-660.526,1501.283,-72.475,-0.6259,-0.6589,0.4173,14.043,74.467,-75.237,-,Skin,shape,0000020E2E517400,15,1,1,0,-
1796,59846.221,0.0000,impact,ragdoll,Proventus Avenicci,0001A67D,NPC R Forearm [RLar],15,78.621,78.621,105.480,45.543,9.837,6.0000,11.658,-660.526,1501.283,-72.475,-0.6259,-0.6589,0.4173,-8.807,2.986,-44.583,-,Skin,shape,0000020E2E585C00,1,1,1,0,-
1797,59846.226,0.0000,impact,ragdoll,Proventus Avenicci,0001A67D,NPC R UpperArm [RUar],12,137.753,137.753,95.118,104.848,9.298,2.0000,14.463,-631.213,1515.546,-78.000,0.0000,-0.0000,1.0000,16.157,-56.378,-86.911,Static,Carpet,shape,0000020E28304100,-,0,1,0,-
1798,59846.226,0.0000,impact,ragdoll,Proventus Avenicci,0001A67D,NPC R UpperArm [RUar],12,137.753,137.753,106.543,104.848,9.298,2.0000,14.463,-631.213,1515.546,-79.650,0.0000,-0.0000,1.0000,16.157,-56.378,-86.911,Static,Wood,shape,0000020E280FC700,-,1,1,0,-
1799,59846.227,0.0000,impact,ragdoll,Proventus Avenicci,0001A67D,NPC R UpperArm [RUar],12,41.126,41.126,97.296,104.848,9.298,2.0000,14.463,-640.037,1509.732,-79.651,0.0000,0.0000,1.0000,16.157,-56.378,-86.911,Static,Wood,shape,0000020E28032200,-,1,1,0,-
1800,59864.183,0.0000,impact,ragdoll,Proventus Avenicci,0001A67D,NPC R Thigh [RThg],2,119.635,119.635,97.726,139.709,3.957,6.0000,20.487,-659.245,1478.778,-78.017,-0.2610,0.0000,0.9653,8.298,41.304,-133.206,Static,Carpet,shape,0000020E28304100,-,1,1,0,-
1801,59864.189,0.0000,impact,ragdoll,Proventus Avenicci,0001A67D,NPC Head [Head],13,142.087,142.087,241.876,237.406,11.000,4.0000,15.108,-632.601,1537.046,-78.000,-0.0000,-0.0000,1.0000,162.174,-99.816,-141.767,Static,Carpet,shape,0000020E28304100,-,1,1,0,-
1802,59918.233,0.0000,impact,ragdoll,Proventus Avenicci,0001A67D,NPC R Thigh [RThg],2,77.791,77.791,73.829,71.293,2.368,6.0000,20.487,-672.698,1468.592,-79.650,-0.0000,-0.0000,1.0000,-7.850,44.969,-54.762,Static,Wood,shape,0000020E28032200,-,1,1,0,-
1803,59918.236,0.0000,impact,ragdoll,Proventus Avenicci,0001A67D,NPC R Calf [RClf],4,90.901,90.901,55.969,112.786,1.855,6.0000,19.675,-675.777,1464.513,-79.650,0.0000,0.0000,1.0000,-13.458,80.798,-77.532,Static,Wood,shape,0000020E28032200,-,1,1,0,-
1804,59918.869,0.0000,impact,ragdoll,Proventus Avenicci,0001A67D,NPC L Hand [LHnd],16,138.116,138.116,244.812,240.403,11.253,4.0000,8.334,-665.913,1511.732,-71.400,-0.5181,0.4815,0.7069,139.994,96.283,-170.073,-,Skin,shape,0000020E2E517100,17,1,1,0,-
1805,59918.869,0.0000,impact,ragdoll,Proventus Avenicci,0001A67D,NPC R Hand [RHnd],17,138.116,138.116,244.812,14.766,10.322,4.0000,8.334,-665.913,1511.732,-71.400,-0.5181,0.4815,0.7069,14.758,-0.462,-0.203,-,Skin,shape,0000020E2E516800,16,1,1,0,-
1806,59954.267,0.0000,impact,ragdoll,Proventus Avenicci,0001A67D,NPC R Thigh [RThg],2,47.656,47.656,18.481,69.626,3.541,6.0000,20.487,-680.380,1483.120,-72.080,0.4814,-0.8760,0.0313,-20.552,61.123,-26.257,-,Skin,shape,0000020E2E585C00,1,0,1,0,-
1807,59954.268,0.0000,impact,ragdoll,Proventus Avenicci,0001A67D,NPC L Thigh [LThg],1,47.656,47.656,18.481,53.123,1.867,6.0000,20.487,-680.380,1483.120,-72.080,0.4814,-0.8760,0.0313,12.961,50.671,9.306,-,Skin,shape,0000020E2E585000,2,0,1,0,-
1808,60028.697,0.0000,impact,ragdoll,Proventus Avenicci,0001A67D,NPC L Hand [LHnd],16,38.326,38.326,270.843,235.377,6.596,4.0000,8.334,-658.453,1530.256,-78.000,0.0000,0.0000,1.0000,197.278,122.514,-38.395,Static,Carpet,shape,0000020E28304100,-,1,1,0,-
1809,60066.251,0.0000,impact,ragdoll,Proventus Avenicci,0001A67D,NPC COM [COM ],0,24.832,24.832,33.747,30.194,1.406,50.0000,17.687,-659.042,1494.375,-78.000,-0.0000,0.0000,1.0000,-6.658,20.213,-21.418,Static,Carpet,shape,0000020E28304100,-,1,1,0,-
1810,60066.256,0.0000,impact,ragdoll,Proventus Avenicci,0001A67D,NPC L Foot [Lft ],7,26.614,26.614,73.736,41.565,6.093,3.0000,10.011,-722.680,1491.034,-79.650,0.0000,-0.0000,1.0000,11.621,36.018,-17.186,Static,Wood,shape,0000020E28032200,-,1,1,0,-
1811,60119.387,0.0000,impact,ragdoll,Proventus Avenicci,0001A67D,NPC Spine [Spn0],3,16.061,16.061,17.372,21.534,0.589,4.0000,17.297,-652.989,1497.861,-78.000,-0.0000,-0.0000,1.0000,2.811,14.170,-15.970,Static,Carpet,shape,0000020E28304100,-,1,1,0,-
1812,60137.478,0.0000,impact,ragdoll,Proventus Avenicci,0001A67D,NPC COM [COM ],0,22.401,22.401,8.892,28.010,0.892,50.0000,17.687,-659.139,1496.181,-78.001,-0.0487,-0.0000,0.9988,0.568,15.288,-23.463,Static,Carpet,shape,0000020E28304100,-,1,1,0,-
1813,60154.550,0.0000,impact,ragdoll,Proventus Avenicci,0001A67D,NPC COM [COM ],0,5.458,5.458,2.167,13.371,1.370,50.0000,17.687,-661.718,1500.761,-79.650,0.0000,0.0000,1.0000,0.955,13.182,-2.025,Static,Wood,shape,0000020E28032200,-,1,1,0,-
1814,60313.661,0.0000,impact,ragdoll,Proventus Avenicci,0001A67D,NPC R Calf [RClf],4,100.024,100.024,32.685,68.184,5.442,6.0000,19.675,-700.531,1468.628,-79.657,0.0000,0.0000,1.0000,-10.252,-13.053,-66.133,Static,Wood,shape,0000020E28032200,-,0,1,0,-
1815,60331.844,0.0000,impact,ragdoll,Proventus Avenicci,0001A67D,NPC R Foot [Rft ],8,58.896,58.896,85.904,40.910,9.990,3.0000,10.011,-713.056,1460.579,-79.650,0.0000,0.0000,1.0000,15.795,6.723,-37.134,Static,Wood,shape,0000020E28032200,-,1,1,0,-
1816,60368.212,0.0000,impact,ragdoll,Proventus Avenicci,0001A67D,NPC L Hand [LHnd],16,6.469,6.469,136.393,104.179,4.972,4.0000,8.334,-621.570,1525.409,-78.000,0.0000,0.0000,1.0000,24.982,-100.940,-6.339,Static,Carpet,shape,0000020E28304100,-,0,1,0,-
1817,60422.372,0.0000,impact,ragdoll,Proventus Avenicci,0001A67D,NPC L Hand [LHnd],16,43.323,43.323,48.255,85.658,6.015,4.0000,8.334,-625.755,1512.832,-62.300,0.4614,0.5704,-0.6795,10.563,-84.827,5.484,-,Skin,shape,0000020E2E584100,9,1,1,0,-
1818,60422.373,0.0000,impact,ragdoll,Proventus Avenicci,0001A67D,NPC Spine2 [Spn2],9,43.323,43.323,48.255,8.579,0.227,7.0000,23.052,-625.755,1512.832,-62.300,0.4614,0.5704,-0.6795,0.468,-8.551,-0.508,-,Skin,shape,0000020E2E516800,16,1,1,0,-
1819,60440.051,0.0000,impact,ragdoll,Proventus Avenicci,0001A67D,NPC L Hand [LHnd],16,40.513,40.513,29.896,61.727,4.659,4.0000,8.334,-625.144,1507.918,-71.217,0.4346,0.8962,0.0891,15.600,-59.314,-6.982,-,Skin,shape,0000020E2E517700,12,1,1,0,-
1820,60440.052,0.0000,impact,ragdoll,Proventus Avenicci,0001A67D,NPC R UpperArm [RUar],12,40.513,40.513,29.896,6.992,0.277,2.0000,14.463,-625.144,1507.918,-71.217,0.4346,0.8962,0.0891,-1.554,-6.816,0.121,-,Skin,shape,0000020E2E516800,16,1,1,0,-
1821,60492.623,0.0000,impact,ragdoll,Proventus Avenicci,0001A67D,NPC R Hand [RHnd],17,9.412,9.412,25.385,18.256,4.575,4.0000,8.334,-645.979,1513.323,-66.095,-0.1542,0.7869,-0.5975,17.002,-0.776,6.603,-,Skin,shape,0000020E2E584400,6,1,1,0,-
1822,60492.623,0.0000,impact,ragdoll,Proventus Avenicci,0001A67D,NPC Spine1 [Spn1],6,9.412,9.412,25.385,2.007,0.362,4.0000,18.878,-645.979,1513.323,-66.095,-0.1542,0.7869,-0.5975,0.893,1.679,-0.642,-,Skin,shape,0000020E2E517100,17,1,1,0,-
1823,60581.358,0.0000,impact,ragdoll,Proventus Avenicci,0001A67D,NPC L Hand [LHnd],16,15.235,15.235,39.180,19.365,9.324,4.0000,8.334,-619.680,1515.074,-79.650,0.0000,-0.0000,1.0000,-11.971,-0.188,-15.220,Static,Wood,shape,0000020E280FC700,-,1,1,0,-
1824,60670.630,0.0000,impact,ragdoll,Proventus Avenicci,0001A67D,NPC L Forearm [LLar],14,8.275,8.275,50.281,20.772,2.901,2.0000,11.658,-629.194,1509.358,-70.174,0.3737,0.8902,0.2605,-16.484,-3.280,-12.206,-,Skin,shape,0000020E2E517700,12,1,1,0,-
1825,60670.631,0.0000,impact,ragdoll,Proventus Avenicci,0001A67D,NPC R UpperArm [RUar],12,8.275,8.275,50.281,2.177,0.170,2.0000,14.463,-629.194,1509.358,-70.174,0.3737,0.8902,0.2605,2.116,0.457,0.235,-,Skin,shape,0000020E2E516B00,14,1,1,0,-
1826,61002.128,0.0000,state,unknown,Proventus Avenicci,0001A67D,-,-,0.000,0.000,0.000,0.000,0.000,0.0000,0.000,0.000,0.000,0.000,0.0000,0.0000,0.0000,0.000,0.000,0.000,-,-,-,0000000000000000,-,0,0,0,knock_get_up
1827,62249.107,0.0000,state,unknown,Proventus Avenicci,0001A67D,-,-,0.000,0.000,0.000,0.000,0.000,0.0000,0.000,0.000,0.000,0.000,0.0000,0.0000,0.0000,0.000,0.000,0.000,-,-,-,0000000000000000,-,0,0,0,ragdoll_start
1828,62371.535,0.0000,impact,ragdoll,Proventus Avenicci,0001A67D,NPC R Foot [Rft ],8,45.624,45.624,106.743,21.721,20.840,3.0000,10.011,-687.626,1512.194,-71.825,0.2456,-0.9690,-0.0264,-20.321,-6.336,4.330,-,Skin,shape,0000020E2E585900,5,1,1,0,-
1829,62371.535,0.0000,impact,ragdoll,Proventus Avenicci,0001A67D,NPC L Calf [LClf],5,45.624,45.624,106.743,88.566,3.786,6.0000,19.675,-687.626,1512.194,-71.825,0.2456,-0.9690,-0.0264,84.433,-26.735,-0.398,-,Skin,shape,0000020E2E584A00,8,1,1,0,-
1830,62371.968,0.0000,impact,ragdoll,Proventus Avenicci,0001A67D,NPC R Calf [RClf],4,29.819,29.819,125.990,46.308,1.828,6.0000,19.675,-686.272,1512.158,-71.126,0.3468,-0.9356,0.0656,-24.933,-25.451,29.581,-,Skin,shape,0000020E2E585900,5,1,1,0,-
1831,62371.968,0.0000,impact,ragdoll,Proventus Avenicci,0001A67D,NPC L Calf [LClf],5,29.819,29.819,125.990,102.948,4.228,6.0000,19.675,-686.272,1512.158,-71.126,0.3468,-0.9356,0.0656,101.269,-17.229,6.793,-,Skin,shape,0000020E2E584D00,4,1,1,0,-
1832,62405.064,0.0000,impact,ragdoll,Proventus Avenicci,0001A67D,NPC Spine2 [Spn2],9,189.497,189.497,110.219,74.983,4.634,7.0000,23.052,-628.456,1525.576,-41.499,-0.6189,-0.6125,0.4918,18.780,-20.843,69.536,-,Skin,shape,0000020E2E516B00,14,1,1,0,-
1833,62405.064,0.0000,impact,ragdoll,Proventus Avenicci,0001A67D,NPC L Forearm [LLar],14,189.497,189.497,110.219,250.044,8.569,2.0000,11.658,-628.456,1525.576,-41.499,-0.6189,-0.6125,0.4918,-97.994,-193.648,124.175,-,Skin,shape,0000020E2E584100,9,1,1,0,-
1834,62439.616,0.0000,impact,ragdoll,Proventus Avenicci,0001A67D,NPC Spine1 [Spn1],6,144.459,144.459,71.140,99.545,3.305,4.0000,18.878,-636.799,1499.045,-46.412,-0.6161,0.7273,0.3024,74.365,-43.823,49.583,-,Skin,shape,0000020E2E517400,15,1,1,0,-
1835,62439.617,0.0000,impact,ragdoll,Proventus Avenicci,0001A67D,NPC R Forearm [RLar],15,144.459,144.459,71.140,158.370,6.834,6.0000,11.658,-636.799,1499.045,-46.412,-0.6161,0.7273,0.3024,27.304,89.955,127.451,-,Skin,shape,0000020E2E584400,6,1,1,0,-
1836,62457.445,0.0000,impact,ragdoll,Proventus Avenicci,0001A67D,NPC L Forearm [LLar],14,119.581,119.581,160.708,188.757,9.662,2.0000,11.658,-636.695,1515.048,-40.341,0.9040,0.4264,0.0312,-16.718,-168.482,83.448,-,Skin,shape,0000020E2E584400,6,1,1,0,-
1837,62457.446,0.0000,impact,ragdoll,Proventus Avenicci,0001A67D,NPC Spine1 [Spn1],6,119.581,119.581,160.708,100.182,3.261,4.0000,18.878,-636.695,1515.048,-40.341,0.9040,0.4264,0.0312,85.505,-42.483,30.340,-,Skin,shape,0000020E2E516B00,14,1,1,0,-
1838,62457.447,0.0000,impact,ragdoll,Proventus Avenicci,0001A67D,NPC R Forearm [RLar],15,79.672,79.672,48.333,137.300,2.850,6.0000,11.658,-636.866,1501.619,-36.994,0.3251,-0.4673,-0.8221,52.575,60.305,111.582,-,Skin,shape,0000020E2E584100,9,1,1,0,-
1839,62457.447,0.0000,impact,ragdoll,Proventus Avenicci,0001A67D,NPC Spine2 [Spn2],9,79.672,79.672,48.333,85.092,4.195,7.0000,23.052,-636.866,1501.619,-36.994,0.3251,-0.4673,-0.8221,33.319,-45.994,63.364,-,Skin,shape,0000020E2E517400,15,1,1,0,-
1840,62457.447,0.0000,impact,ragdoll,Proventus Avenicci,0001A67D,NPC R Forearm [RLar],15,304.240,304.240,73.738,137.300,2.850,6.0000,11.658,-627.754,1505.460,-53.584,-0.3656,-0.9127,-0.1826,52.575,60.305,111.582,-,Skin,shape,0000020E2E516800,16,1,1,0,-
1841,62457.447,0.0000,impact,ragdoll,Proventus Avenicci,0001A67D,NPC L Hand [LHnd],16,304.240,304.240,73.738,257.404,8.405,4.0000,8.334,-627.754,1505.460,-53.584,-0.3656,-0.9127,-0.1826,-43.834,-225.820,115.503,-,Skin,shape,0000020E2E517400,15,1,1,0,-
1842,62476.312,0.0000,impact,ragdoll,Proventus Avenicci,0001A67D,NPC L Thigh [LThg],1,67.511,67.511,157.117,141.238,2.595,6.0000,20.487,-659.344,1512.656,-78.056,-0.4579,0.0000,0.8890,136.315,-36.367,6.631,Static,Carpet,shape,0000020E28304100,-,1,1,0,-
1843,62493.146,0.0000,impact,ragdoll,Proventus Avenicci,0001A67D,NPC Spine [Spn0],3,51.657,51.657,81.037,114.672,2.791,4.0000,17.297,-634.954,1498.301,-45.617,-0.7721,0.6202,-0.1388,100.227,-46.066,31.339,-,Skin,shape,0000020E2E517400,15,1,1,0,-
1844,62493.147,0.0000,impact,ragdoll,Proventus Avenicci,0001A67D,NPC R Forearm [RLar],15,51.657,51.657,81.037,141.445,3.637,6.0000,11.658,-634.954,1498.301,-45.617,-0.7721,0.6202,-0.1388,31.358,-30.540,134.502,-,Skin,shape,0000020E2E584700,3,1,1,0,-
1845,62546.716,0.0000,impact,ragdoll,Proventus Avenicci,0001A67D,NPC COM [COM ],0,57.785,57.785,118.731,130.886,2.553,50.0000,17.687,-629.874,1496.327,-54.392,-0.8190,0.5736,-0.0148,118.153,-48.431,28.730,-,Skin,shape,0000020E2E517100,17,1,1,0,-
1846,62546.717,0.0000,impact,ragdoll,Proventus Avenicci,0001A67D,NPC R Hand [RHnd],17,57.785,57.785,118.731,147.195,0.918,4.0000,8.334,-629.874,1496.327,-54.392,-0.8190,0.5736,-0.0148,57.429,-38.515,129.942,-,-,-,0000020E2E585600,0,1,1,0,-
1847,62564.165,0.0000,impact,ragdoll,Proventus Avenicci,0001A67D,NPC Spine [Spn0],3,49.682,49.682,228.738,141.253,2.411,4.0000,17.297,-628.497,1496.103,-51.518,-0.6959,0.6261,0.3516,121.287,-66.028,29.704,-,Skin,shape,0000020E2E517100,17,1,1,0,-
1848,62564.165,0.0000,impact,ragdoll,Proventus Avenicci,0001A67D,NPC R Hand [RHnd],17,49.682,49.682,228.738,186.925,24.748,4.0000,8.334,-628.497,1496.103,-51.518,-0.6959,0.6261,0.3516,110.744,-61.857,137.296,-,Skin,shape,0000020E2E584700,3,1,1,0,-
1849,62634.636,0.0000,impact,ragdoll,Proventus Avenicci,0001A67D,NPC R Calf [RClf],4,17.189,17.189,132.869,87.562,4.326,6.0000,19.675,-658.750,1482.528,-78.000,-0.0000,0.0000,1.0000,80.198,34.044,-8.745,Static,Carpet,shape,0000020E28304100,-,1,1,0,-
1850,62667.040,0.0000,impact,ragdoll,Proventus Avenicci,0001A67D,NPC L Hand [LHnd],16,20.470,20.470,152.529,119.808,12.441,4.0000,8.334,-617.292,1499.960,-39.204,0.9144,0.1693,0.3678,102.973,-49.217,36.447,-,Skin,shape,0000020E2E584700,3,1,1,0,-
1851,62667.041,0.0000,impact,ragdoll,Proventus Avenicci,0001A67D,NPC Spine [Spn0],3,20.470,20.470,152.529,136.178,1.605,4.0000,17.297,-617.292,1499.960,-39.204,0.9144,0.1693,0.3678,123.591,-44.954,35.336,-,Skin,shape,0000020E2E516800,16,1,1,0,-
1852,62713.679,0.0000,impact,ragdoll,Proventus Avenicci,0001A67D,NPC L Calf [LClf],5,24.452,24.452,184.257,167.232,1.749,6.0000,19.675,-659.115,1525.389,-78.000,-0.0009,0.0000,1.0000,165.971,-9.212,-18.313,Static,Carpet,shape,0000020E28304100,-,0,1,0,-
1853,62714.145,0.0000,impact,ragdoll,Proventus Avenicci,0001A67D,NPC L Foot [Lft ],7,132.833,132.833,60.587,158.271,4.410,3.0000,10.011,-659.554,1530.156,-78.261,-0.8789,0.0000,0.4770,157.092,18.068,-6.751,Static,Carpet,shape,0000020E28304100,-,1,1,0,-
1854,62748.189,0.0000,impact,ragdoll,Proventus Avenicci,0001A67D,NPC L Thigh [LThg],1,14.080,14.080,123.937,126.260,1.763,6.0000,20.487,-631.688,1508.399,-78.000,0.0000,0.0000,1.0000,115.948,-47.464,-15.643,Static,Carpet,shape,0000020E28304100,-,1,1,0,-
1855,62764.356,0.0000,impact,ragdoll,Proventus Avenicci,0001A67D,NPC R Thigh [RThg],2,12.930,12.930,32.631,118.751,2.440,6.0000,20.487,-629.904,1500.906,-64.372,-0.1622,-0.9575,0.2387,110.217,-13.023,-42.242,-,Skin,shape,0000020E2E585C00,1,0,1,0,-
1856,62764.358,0.0000,impact,ragdoll,Proventus Avenicci,0001A67D,NPC L Thigh [LThg],1,12.930,12.930,32.631,130.595,1.298,6.0000,20.487,-629.904,1500.906,-64.372,-0.1622,-0.9575,0.2387,119.595,-30.793,-42.473,-,Skin,shape,0000020E2E585000,2,0,1,0,-
1857,62781.366,0.0000,impact,ragdoll,Proventus Avenicci,0001A67D,NPC R Thigh [RThg],2,44.335,44.335,96.308,126.507,2.299,6.0000,20.487,-639.074,1488.314,-79.650,0.0000,-0.0000,1.0000,113.488,-13.739,-54.182,Static,Wood,shape,0000020E280FC700,-,1,1,0,-
1858,62781.369,0.0000,impact,ragdoll,Proventus Avenicci,0001A67D,NPC L Calf [LClf],5,52.233,52.233,107.764,132.198,3.291,6.0000,19.675,-630.353,1509.605,-78.000,0.0000,0.0000,1.0000,130.052,-20.342,-12.205,Static,Carpet,shape,0000020E28304100,-,1,1,0,-
1859,62886.823,0.0000,impact,ragdoll,Proventus Avenicci,0001A67D,NPC L Thigh [LThg],1,13.989,13.989,35.461,101.206,4.739,6.0000,20.487,-617.568,1506.088,-79.650,-0.0000,-0.0000,1.0000,80.566,-8.738,-60.625,Static,Wood,shape,0000020E280FC700,-,1,1,0,-
1860,62887.314,0.0000,impact,ragdoll,Proventus Avenicci,0001A67D,NPC R Foot [Rft ],8,46.393,46.393,35.171,64.177,3.876,3.0000,10.011,-659.389,1506.704,-78.082,-0.5478,0.0000,0.8366,60.875,-14.622,-14.113,Static,Carpet,shape,0000020E28304100,-,1,1,0,-
1861,62939.150,0.0000,impact,ragdoll,Proventus Avenicci,0001A67D,NPC COM [COM ],0,104.869,104.869,43.136,129.345,3.565,50.0000,17.687,-600.955,1485.329,-78.000,0.0000,0.0000,1.0000,70.505,-27.669,-104.851,Static,Carpet,shape,0000020E28304100,-,1,1,0,-
1862,62956.359,0.0000,impact,ragdoll,Proventus Avenicci,0001A67D,NPC R Forearm [RLar],15,12.840,12.840,111.848,211.243,5.303,6.0000,11.658,-590.299,1471.695,-36.937,0.8363,-0.4927,-0.2405,122.198,-79.749,-152.746,-,Skin,shape,0000020E2E584100,9,1,1,0,-
1863,62956.360,0.0000,impact,ragdoll,Proventus Avenicci,0001A67D,NPC Spine2 [Spn2],9,12.840,12.840,111.848,203.788,5.319,7.0000,23.052,-590.299,1471.695,-36.937,0.8363,-0.4927,-0.2405,179.025,-91.335,-33.725,-,Skin,shape,0000020E2E517400,15,1,1,0,-
1864,62974.569,0.0000,impact,ragdoll,Proventus Avenicci,0001A67D,NPC Spine1 [Spn1],6,28.146,28.146,58.849,116.511,4.020,4.0000,18.878,-576.159,1490.512,-49.539,-0.8580,-0.4960,0.1336,101.467,-43.774,-36.919,-,Skin,shape,0000020E2E516800,16,1,1,0,-
1865,62974.570,0.0000,impact,ragdoll,Proventus Avenicci,0001A67D,NPC L Hand [LHnd],16,28.146,28.146,58.849,124.603,12.225,4.0000,8.334,-576.159,1490.512,-49.539,-0.8580,-0.4960,0.1336,50.190,-28.427,-110.449,-,Skin,shape,0000020E2E584400,6,1,1,0,-
1866,63009.667,0.0000,impact,ragdoll,Proventus Avenicci,0001A67D,NPC COM [COM ],0,32.657,32.657,29.575,46.284,3.953,50.0000,17.687,-598.187,1485.100,-79.650,-0.0000,0.0000,1.0000,32.924,-9.666,-31.061,Static,Wood,shape,0000020E280FC700,-,1,1,0,-
1867,63027.055,0.0000,impact,ragdoll,Proventus Avenicci,0001A67D,NPC Spine [Spn0],3,53.025,53.025,42.578,71.580,5.267,4.0000,17.297,-593.455,1480.613,-78.000,-0.0000,0.0000,1.0000,43.592,-12.260,-55.435,Static,Carpet,shape,0000020E28304100,-,1,1,0,-
1868,63027.476,0.0000,impact,ragdoll,Proventus Avenicci,0001A67D,NPC COM [COM ],0,29.479,29.479,21.438,42.829,1.483,50.0000,17.687,-592.981,1488.683,-78.000,0.0000,-0.0000,1.0000,31.280,-10.620,-27.260,Static,Carpet,shape,0000020E28304100,-,0,1,0,-
1869,63044.572,0.0000,impact,ragdoll,Proventus Avenicci,0001A67D,NPC COM [COM ],0,13.287,13.287,4.238,25.946,2.537,50.0000,17.687,-592.536,1488.485,-79.650,0.0000,0.0000,1.0000,20.990,-11.005,-10.562,Static,Wood,shape,0000020E280FC700,-,0,1,0,-
1870,63111.437,0.0000,impact,ragdoll,Proventus Avenicci,0001A67D,NPC R Forearm [RLar],15,228.270,228.270,57.519,244.404,4.438,6.0000,11.658,-566.183,1454.970,-78.000,0.0000,-0.0000,1.0000,17.884,-41.865,-240.127,Static,Carpet,shape,0000020E28304100,-,1,1,0,-
1871,63111.438,0.0000,impact,ragdoll,Proventus Avenicci,0001A67D,NPC L Hand [LHnd],16,158.795,158.795,27.796,168.411,4.723,4.0000,8.334,-563.218,1488.995,-78.000,0.0000,0.0000,1.0000,45.195,-33.781,-158.677,Static,Carpet,shape,0000020E28304100,-,1,1,0,-
1872,63127.872,0.0000,impact,ragdoll,Proventus Avenicci,0001A67D,NPC Spine [Spn0],3,33.524,33.524,7.878,76.861,5.234,4.0000,17.297,-584.418,1482.929,-78.000,-0.0000,-0.0000,1.0000,53.541,-45.238,-31.537,Static,Carpet,shape,0000020E28304100,-,0,1,0,-
1873,63127.881,0.0000,impact,ragdoll,Proventus Avenicci,0001A67D,NPC R Hand [RHnd],17,264.313,264.313,26.576,278.808,16.013,4.0000,8.334,-554.307,1439.438,-78.000,-0.0000,0.0000,1.0000,85.729,-24.674,-264.151,Static,Carpet,shape,0000020E28304100,-,1,1,0,-
1874,63128.307,0.0000,impact,ragdoll,Proventus Avenicci,0001A67D,NPC R UpperArm [RUar],12,120.557,120.557,61.269,142.830,9.299,2.0000,14.463,-566.860,1452.640,-78.000,-0.0000,0.0000,1.0000,36.823,-41.498,-131.615,Static,Carpet,shape,0000020E28304100,-,1,1,0,-
1875,63128.309,0.0000,impact,ragdoll,Proventus Avenicci,0001A67D,NPC R Forearm [RLar],15,65.095,65.095,9.334,51.113,8.145,6.0000,11.658,-565.912,1454.967,-79.650,0.0000,0.0000,1.0000,-6.481,24.908,-44.161,Static,Wood,shape,0000020E280FC700,-,1,1,0,-
1876,63144.852,0.0000,impact,ragdoll,Proventus Avenicci,0001A67D,NPC R Forearm [RLar],15,145.044,145.044,140.392,58.701,3.488,6.0000,11.658,-568.095,1458.512,-62.790,0.1964,-0.3057,-0.9316,-46.107,35.925,-5.419,-,Skin,shape,0000020E2E584100,9,1,1,0,-
1877,63144.853,0.0000,impact,ragdoll,Proventus Avenicci,0001A67D,NPC Spine2 [Spn2],9,145.044,145.044,140.392,178.921,5.142,7.0000,23.052,-568.095,1458.512,-62.790,0.1964,-0.3057,-0.9316,131.174,-77.348,-93.934,-,Skin,shape,0000020E2E517400,15,1,1,0,-
1878,63161.353,0.0000,impact,ragdoll,Proventus Avenicci,0001A67D,NPC R Hand [RHnd],17,56.910,56.910,167.801,75.596,26.058,4.0000,8.334,-553.932,1441.196,-79.650,-0.0000,-0.0000,1.0000,-5.276,49.377,-56.998,Static,Wood,shape,0000020E280FC700,-,1,1,0,-
1879,63178.934,0.0000,impact,ragdoll,Proventus Avenicci,0001A67D,NPC Spine1 [Spn1],6,124.861,124.861,4.127,128.842,2.418,4.0000,18.878,-568.370,1457.721,-71.776,-0.5389,0.5983,0.5929,88.062,-69.475,-63.391,-,Skin,shape,0000020E2E517400,15,1,1,0,-
1880,63178.935,0.0000,impact,ragdoll,Proventus Avenicci,0001A67D,NPC R Forearm [RLar],15,124.861,124.861,4.127,17.321,2.411,6.0000,11.658,-568.370,1457.721,-71.776,-0.5389,0.5983,0.5929,13.248,7.277,8.458,-,Skin,shape,0000020E2E584400,6,1,1,0,-
1881,63178.940,0.0000,impact,ragdoll,Proventus Avenicci,0001A67D,NPC L Hand [LHnd],16,73.785,73.785,10.038,82.019,5.627,4.0000,8.334,-561.006,1489.215,-79.650,0.0000,0.0000,1.0000,33.923,11.791,-73.738,Static,Wood,shape,0000020E280FC700,-,1,1,0,-
1882,63179.368,0.0000,impact,ragdoll,Proventus Avenicci,0001A67D,NPC R UpperArm [RUar],12,32.637,32.637,52.778,121.792,5.052,2.0000,14.463,-564.824,1452.026,-79.650,-0.0000,0.0000,1.0000,105.004,-47.609,-39.255,Static,Wood,shape,0000020E280FC700,-,1,1,0,-
1883,63194.239,0.0000,impact,ragdoll,Proventus Avenicci,0001A67D,NPC Spine [Spn0],3,45.923,45.923,61.081,105.172,3.173,4.0000,17.297,-579.609,1478.762,-79.650,-0.0000,0.0000,1.0000,71.828,-63.329,-43.489,Static,Wood,shape,0000020E280FC700,-,1,1,0,-
1884,63194.247,0.0000,impact,ragdoll,Proventus Avenicci,0001A67D,NPC Head [Head],13,51.501,51.501,156.006,206.160,16.054,4.0000,15.108,-551.122,1443.199,-66.668,0.4262,0.4059,0.8085,125.009,20.490,-162.649,-,Skin,shape,0000020E2E517100,17,1,1,0,-
1885,63194.248,0.0000,impact,ragdoll,Proventus Avenicci,0001A67D,NPC R Hand [RHnd],17,51.501,51.501,156.006,36.645,6.300,4.0000,8.334,-551.122,1443.199,-66.668,0.4262,0.4059,0.8085,19.706,-10.393,-29.095,-,Skin,shape,0000020E2E517A00,13,1,1,0,-
1886,63210.960,0.0000,impact,ragdoll,Proventus Avenicci,0001A67D,NPC Spine1 [Spn1],6,60.716,60.716,43.007,85.668,3.445,4.0000,18.878,-570.037,1470.256,-78.000,0.0000,0.0000,1.0000,60.577,-31.234,-51.902,Static,Carpet,shape,0000020E28304100,-,1,1,0,-
1887,63210.966,0.0000,impact,ragdoll,Proventus Avenicci,0001A67D,NPC R Forearm [RLar],15,78.837,78.837,12.559,43.481,6.781,6.0000,11.658,-558.148,1444.848,-78.000,-0.0000,-0.0000,1.0000,0.520,-17.776,-39.679,Static,Carpet,shape,0000020E28304100,-,0,1,0,-
1888,63210.967,0.0000,impact,ragdoll,Proventus Avenicci,0001A67D,NPC R Forearm [RLar],15,78.837,78.837,21.655,43.481,6.781,6.0000,11.658,-558.148,1444.848,-79.650,0.0000,0.0000,1.0000,0.520,-17.776,-39.679,Static,Wood,shape,0000020E280FC700,-,0,1,0,-
1889,63210.969,0.0000,impact,ragdoll,Proventus Avenicci,0001A67D,NPC R Hand [RHnd],17,112.925,112.925,14.709,117.695,6.111,4.0000,8.334,-552.730,1441.213,-78.000,0.0000,0.0000,1.0000,33.361,1.126,-112.862,Static,Carpet,shape,0000020E28304100,-,1,1,0,-
1890,63245.637,0.0000,impact,ragdoll,Proventus Avenicci,0001A67D,NPC R Hand [RHnd],17,42.307,42.307,19.975,56.664,9.249,4.0000,8.334,-551.237,1441.724,-79.650,-0.0000,0.0000,1.0000,37.505,4.032,-42.283,Static,Wood,shape,0000020E280FC700,-,1,1,0,-
1891,63262.702,0.0000,impact,ragdoll,Proventus Avenicci,0001A67D,NPC Spine2 [Spn2],9,29.737,29.737,32.052,81.791,3.632,7.0000,23.052,-552.233,1445.230,-69.910,-0.2935,0.7024,0.6484,75.783,-7.226,-29.906,-,Skin,shape,0000020E2E517100,17,1,1,0,-
1892,63262.703,0.0000,impact,ragdoll,Proventus Avenicci,0001A67D,NPC R Hand [RHnd],17,29.737,29.737,32.052,33.839,5.455,4.0000,8.334,-552.233,1445.230,-69.910,-0.2935,0.7024,0.6484,22.398,6.878,-24.415,-,Skin,shape,0000020E2E584100,9,1,1,0,-
1893,63279.099,0.0000,impact,ragdoll,Proventus Avenicci,0001A67D,NPC L Forearm [LLar],14,31.279,31.279,33.461,60.539,5.827,2.0000,11.658,-557.718,1491.594,-78.000,0.0000,0.0000,1.0000,43.088,15.568,-39.573,Static,Carpet,shape,0000020E28304100,-,1,1,0,-
1894,63295.650,0.0000,impact,ragdoll,Proventus Avenicci,0001A67D,NPC Spine1 [Spn1],6,19.108,19.108,87.752,32.602,6.266,4.0000,18.878,-565.626,1467.784,-79.650,0.0000,0.0000,1.0000,27.246,-17.879,-0.958,Static,Wood,shape,0000020E280FC700,-,1,1,0,-
1895,63296.066,0.0000,impact,ragdoll,Proventus Avenicci,0001A67D,NPC Spine2 [Spn2],9,24.721,24.721,65.075,50.967,4.109,7.0000,23.052,-553.001,1463.463,-78.000,-0.0000,0.0000,1.0000,49.118,2.620,-13.348,Static,Carpet,shape,0000020E28304100,-,1,1,0,-
1896,63356.519,0.0000,impact,ragdoll,Proventus Avenicci,0001A67D,NPC L Thigh [LThg],1,7.795,7.795,4.316,18.722,2.837,6.0000,20.487,-579.206,1485.610,-78.000,-0.0000,-0.0000,1.0000,16.608,7.717,-3.889,Static,Carpet,shape,0000020E28304100,-,0,1,0,-
1897,63399.764,0.0000,impact,ragdoll,Proventus Avenicci,0001A67D,NPC L Forearm [LLar],14,17.833,17.833,30.996,44.331,3.305,2.0000,11.658,-555.534,1494.843,-79.650,0.0000,-0.0000,1.0000,15.193,24.461,-33.705,Static,Wood,shape,0000020E280FC700,-,1,1,0,-
1898,63429.376,0.0000,impact,ragdoll,Proventus Avenicci,0001A67D,NPC L UpperArm [LUar],10,48.271,48.271,24.098,63.245,3.161,2.0000,14.463,-542.443,1483.438,-78.000,-0.0000,-0.0000,1.0000,23.299,18.514,-55.806,Static,Carpet,shape,0000020E28304100,-,1,1,0,-
1899,63444.529,0.0000,impact,ragdoll,Proventus Avenicci,0001A67D,NPC Head [Head],13,52.790,52.790,13.918,62.073,1.752,4.0000,15.108,-531.442,1454.299,-78.000,0.0000,0.0000,1.0000,23.095,21.714,-53.369,Static,Carpet,shape,0000020E28304100,-,1,1,0,-
1900,63459.815,0.0000,impact,ragdoll,Proventus Avenicci,0001A67D,NPC R UpperArm [RUar],12,6.457,6.457,32.957,23.306,3.722,2.0000,14.463,-557.195,1448.425,-78.000,0.0000,-0.0000,1.0000,18.437,14.256,0.187,Static,Carpet,shape,0000020E28304100,-,1,1,0,-
1901,63475.669,0.0000,impact,ragdoll,Proventus Avenicci,0001A67D,NPC Spine2 [Spn2],9,21.508,21.508,17.133,42.046,1.635,7.0000,23.052,-547.018,1466.813,-79.650,0.0000,0.0000,1.0000,26.059,26.879,-19.140,Static,Wood,shape,0000020E280FC700,-,1,1,0,-
1902,63508.199,0.0000,impact,ragdoll,Proventus Avenicci,0001A67D,NPC R Forearm [RLar],15,6.083,6.083,12.644,19.899,2.677,6.0000,11.658,-552.497,1440.188,-78.000,-0.0000,-0.0000,1.0000,12.186,3.746,-15.278,Static,Carpet,shape,0000020E28304100,-,0,1,0,-
1903,63525.768,0.0000,impact,ragdoll,Proventus Avenicci,0001A67D,NPC L Thigh [LThg],1,16.953,16.953,33.956,16.273,2.266,6.0000,20.487,-566.185,1495.341,-72.663,-0.7973,-0.5931,0.1122,11.647,11.349,0.590,-,Skin,shape,0000020E2E516800,16,1,1,0,-
1904,63525.769,0.0000,impact,ragdoll,Proventus Avenicci,0001A67D,NPC L Hand [LHnd],16,16.953,16.953,33.956,15.188,1.378,4.0000,8.334,-566.185,1495.341,-72.663,-0.7973,-0.5931,0.1122,-10.329,11.136,-0.012,-,Skin,shape,0000020E2E585C00,1,1,1,0,-
1905,63542.099,0.0000,impact,ragdoll,Proventus Avenicci,0001A67D,NPC Spine2 [Spn2],9,7.652,7.652,21.704,19.455,0.753,7.0000,23.052,-545.107,1487.040,-69.768,-0.0475,-0.9771,0.2074,10.178,16.544,1.095,-,Skin,shape,0000020E2E516B00,14,1,1,0,-
1906,63542.100,0.0000,impact,ragdoll,Proventus Avenicci,0001A67D,NPC L Forearm [LLar],14,7.652,7.652,21.704,12.139,0.932,2.0000,11.658,-545.107,1487.040,-69.768,-0.0475,-0.9771,0.2074,-1.440,10.113,6.558,-,Skin,shape,0000020E2E584100,9,1,1,0,-
1907,63741.063,0.0000,state,unknown,Proventus Avenicci,0001A67D,-,-,0.000,0.000,0.000,0.000,0.000,0.0000,0.000,0.000,0.000,0.000,0.0000,0.0000,0.0000,0.000,0.000,0.000,-,-,-,0000000000000000,-,0,0,0,knock_get_up
1908,65877.920,0.0000,state,unknown,Proventus Avenicci,0001A67D,-,-,0.000,0.000,0.000,0.000,0.000,0.0000,0.000,0.000,0.000,0.000,0.0000,0.0000,0.0000,0.000,0.000,0.000,-,-,-,0000000000000000,-,0,0,0,ragdoll_start
1909,65935.817,0.0000,impact,ragdoll,Proventus Avenicci,0001A67D,NPC Spine [Spn0],3,69.812,69.812,327.824,92.551,8.988,4.0000,17.297,-579.040,1498.241,-26.382,0.1132,-0.9302,-0.3493,-22.453,89.435,-7.929,-,Skin,shape,0000020E2E516800,16,1,1,0,-
1910,65935.818,0.0000,impact,ragdoll,Proventus Avenicci,0001A67D,NPC L Hand [LHnd],16,69.812,69.812,327.824,41.585,39.524,4.0000,8.334,-579.040,1498.241,-26.382,0.1132,-0.9302,-0.3493,-6.128,22.328,-34.544,-,Skin,shape,0000020E2E584700,3,1,1,0,-
1911,65935.821,0.0000,impact,ragdoll,Proventus Avenicci,0001A67D,NPC L Calf [LClf],5,203.256,203.256,59.021,19.631,26.045,6.0000,19.675,-568.982,1475.994,-67.693,0.6345,0.7090,-0.3078,12.840,9.386,11.507,-,Skin,shape,0000020E2E585000,2,1,1,0,-
1912,65935.821,0.0000,impact,ragdoll,Proventus Avenicci,0001A67D,NPC R Thigh [RThg],2,203.256,203.256,59.021,117.596,10.695,6.0000,20.487,-568.982,1475.994,-67.693,0.6345,0.7090,-0.3078,41.014,110.210,-0.743,-,Skin,shape,0000020E2E585900,5,1,1,0,-
1913,65935.825,0.0000,impact,ragdoll,Proventus Avenicci,0001A67D,NPC L Forearm [LLar],14,84.206,84.206,269.244,39.385,13.498,2.0000,11.658,-576.326,1490.461,-25.478,0.1176,0.7017,0.7027,-27.440,18.261,-21.558,-,Skin,shape,0000020E2E584700,3,1,1,0,-
1914,65935.825,0.0000,impact,ragdoll,Proventus Avenicci,0001A67D,NPC Spine [Spn0],3,84.206,84.206,269.244,92.551,8.988,4.0000,17.297,-576.326,1490.461,-25.478,0.1176,0.7017,0.7027,-22.453,89.435,-7.929,-,Skin,shape,0000020E2E516B00,14,1,1,0,-
1915,65971.983,0.0000,impact,ragdoll,Proventus Avenicci,0001A67D,NPC L Calf [LClf],5,16.280,16.280,289.320,91.227,16.461,6.0000,19.675,-567.622,1475.890,-70.870,0.7976,0.6006,-0.0562,6.290,86.531,-28.202,-,Skin,shape,0000020E2E584D00,4,1,1,0,-
1916,65971.983,0.0000,impact,ragdoll,Proventus Avenicci,0001A67D,NPC R Calf [RClf],4,16.280,16.280,289.320,65.012,19.232,6.0000,19.675,-567.622,1475.890,-70.870,0.7976,0.6006,-0.0562,23.939,-32.046,-51.250,-,Skin,shape,0000020E2E585900,5,1,1,0,-
1917,66048.946,0.0000,impact,ragdoll,Proventus Avenicci,0001A67D,NPC R Thigh [RThg],2,33.394,33.394,90.644,90.067,10.274,6.0000,20.487,-571.959,1477.182,-79.650,-0.0000,-0.0000,1.0000,-14.391,65.459,-60.168,Static,Wood,shape,0000020E280FC700,-,1,1,0,-
1918,66050.076,0.0000,impact,ragdoll,Proventus Avenicci,0001A67D,NPC Spine1 [Spn1],6,82.491,82.491,203.656,199.323,7.042,4.0000,18.878,-581.712,1509.861,-32.375,0.0753,-0.9637,0.2561,-103.250,164.023,-46.538,-,Skin,shape,0000020E2E516800,16,1,1,0,-
1919,66050.077,0.0000,impact,ragdoll,Proventus Avenicci,0001A67D,NPC L Hand [LHnd],16,82.491,82.491,203.656,101.609,12.082,4.0000,8.334,-581.712,1509.861,-32.375,0.0753,-0.9637,0.2561,-16.935,76.762,-64.383,-,Skin,shape,0000020E2E584400,6,1,1,0,-
1920,66103.449,0.0000,impact,ragdoll,Proventus Avenicci,0001A67D,NPC L Calf [LClf],5,87.503,87.503,32.601,74.050,5.530,6.0000,19.675,-565.967,1504.862,-78.000,-0.0000,0.0000,1.0000,-40.751,45.666,-41.682,Static,Carpet,shape,0000020E28304100,-,0,1,0,-
1921,66103.855,0.0000,impact,ragdoll,Proventus Avenicci,0001A67D,NPC L Thigh [LThg],1,34.317,34.317,125.925,94.685,4.492,6.0000,20.487,-570.121,1504.506,-78.000,0.0000,0.0000,1.0000,-7.951,68.271,-65.123,Static,Carpet,shape,0000020E28304100,-,1,1,0,-
1922,66121.656,0.0000,impact,ragdoll,Proventus Avenicci,0001A67D,NPC Spine2 [Spn2],9,88.689,88.689,255.604,278.422,10.070,7.0000,23.052,-585.794,1518.114,-33.978,0.0128,-0.6701,0.7422,-172.456,200.591,-86.838,-,Skin,shape,0000020E2E516800,16,1,1,0,-
1923,66121.657,0.0000,impact,ragdoll,Proventus Avenicci,0001A67D,NPC L Hand [LHnd],16,88.689,88.689,255.604,159.515,47.889,4.0000,8.334,-585.794,1518.114,-33.978,0.0128,-0.6701,0.7422,-92.376,116.719,-57.344,-,Skin,shape,0000020E2E584100,9,1,1,0,-
1924,66138.316,0.0000,impact,ragdoll,Proventus Avenicci,0001A67D,NPC R Calf [RClf],4,20.934,20.934,255.734,115.953,11.949,6.0000,19.675,-581.505,1449.137,-78.000,-0.0000,0.0000,1.0000,63.844,-79.121,55.758,Static,Carpet,shape,0000020E28304100,-,0,1,0,-
1925,66155.797,0.0000,impact,ragdoll,Proventus Avenicci,0001A67D,NPC L Calf [LClf],5,28.017,28.017,28.644,23.905,6.825,6.0000,19.675,-565.599,1507.643,-79.650,-0.0000,0.0000,1.0000,-1.427,10.358,-21.497,Static,Wood,shape,0000020E280FC700,-,1,1,0,-
1926,66156.201,0.0000,impact,ragdoll,Proventus Avenicci,0001A67D,NPC L Thigh [LThg],1,13.394,13.394,72.037,71.122,4.344,6.0000,20.487,-569.811,1506.777,-79.650,0.0000,0.0000,1.0000,13.876,53.940,-44.231,Static,Wood,shape,0000020E280FC700,-,1,1,0,-
1927,66172.425,0.0000,impact,ragdoll,Proventus Avenicci,0001A67D,NPC L Foot [Lft ],7,47.164,47.164,108.729,62.130,8.767,3.0000,10.011,-536.765,1491.493,-79.650,0.0000,-0.0000,1.0000,4.945,55.049,-28.377,Static,Wood,shape,0000020E280FC700,-,1,1,0,-
1928,66321.943,0.0000,impact,ragdoll,Proventus Avenicci,0001A67D,NPC L Forearm [LLar],14,214.657,214.657,137.428,259.497,5.956,2.0000,11.658,-611.576,1542.554,-78.000,0.0000,0.0000,1.0000,-69.983,137.473,-208.668,Static,Carpet,shape,0000020E28304100,-,1,1,0,-
1929,66321.944,0.0000,impact,ragdoll,Proventus Avenicci,0001A67D,NPC L Hand [LHnd],16,223.788,223.788,179.328,293.523,2.881,4.0000,8.334,-610.613,1549.204,-78.000,-0.0000,-0.0000,1.0000,-117.062,149.540,-223.809,Static,Carpet,shape,0000020E28304100,-,1,1,0,-
1930,66322.412,0.0000,impact,ragdoll,Proventus Avenicci,0001A67D,NPC COM [COM ],0,35.350,35.350,152.283,182.716,6.640,50.0000,17.687,-592.948,1519.441,-78.000,0.0000,-0.0000,1.0000,-43.406,175.044,-29.334,Static,Carpet,shape,0000020E28304100,-,1,1,0,-
1931,66322.433,0.0000,impact,ragdoll,Proventus Avenicci,0001A67D,NPC Spine1 [Spn1],6,119.214,119.214,138.338,253.286,6.004,4.0000,18.878,-610.154,1546.750,-66.295,0.3002,-0.7537,0.5846,-118.727,186.943,-122.922,-,Skin,shape,0000020E2E516800,16,1,1,0,-
1932,66322.434,0.0000,impact,ragdoll,Proventus Avenicci,0001A67D,NPC L Hand [LHnd],16,119.214,119.214,138.338,157.202,17.548,4.0000,8.334,-610.154,1546.750,-66.295,0.3002,-0.7537,0.5846,-105.169,116.817,2.368,-,Skin,shape,0000020E2E584400,6,1,1,0,-
1933,66322.437,0.0000,impact,ragdoll,Proventus Avenicci,0001A67D,NPC L UpperArm [LUar],10,278.952,278.952,240.264,298.932,14.571,2.0000,14.463,-620.271,1534.052,-78.000,-0.0000,-0.0000,1.0000,-53.046,101.817,-276.007,Static,Carpet,shape,0000020E28304100,-,1,1,0,-
1934,66342.446,0.0000,impact,ragdoll,Proventus Avenicci,0001A67D,NPC L Forearm [LLar],14,225.681,225.681,48.644,153.611,18.618,2.0000,11.658,-613.345,1545.513,-79.650,0.0000,0.0000,1.0000,-27.183,85.996,-124.347,Static,Wood,shape,0000020E280FC700,-,1,1,0,-
1935,66359.693,0.0000,impact,ragdoll,Proventus Avenicci,0001A67D,NPC Spine2 [Spn2],9,129.684,129.684,37.256,199.528,6.673,7.0000,23.052,-621.582,1543.893,-78.000,0.0000,-0.0000,1.0000,-116.208,95.365,-131.197,Static,Carpet,shape,0000020E28304100,-,1,1,0,-
1936,66359.698,0.0000,impact,ragdoll,Proventus Avenicci,0001A67D,NPC L Hand [LHnd],16,33.082,33.082,75.865,99.123,26.286,4.0000,8.334,-613.897,1553.192,-79.650,-0.0000,-0.0000,1.0000,-37.988,85.126,-33.701,Static,Wood,shape,0000020E280FC700,-,1,1,0,-
1937,66360.188,0.0000,impact,ragdoll,Proventus Avenicci,0001A67D,NPC L UpperArm [LUar],10,16.640,16.640,123.956,118.963,2.919,2.0000,14.463,-621.653,1537.026,-79.650,0.0000,-0.0000,1.0000,-89.191,77.751,-12.325,Static,Wood,shape,0000020E280FC700,-,1,1,0,-
1938,66378.337,0.0000,impact,ragdoll,Proventus Avenicci,0001A67D,NPC R Thigh [RThg],2,73.037,73.037,104.600,222.887,2.932,6.0000,20.487,-576.149,1512.299,-65.389,-0.1883,-0.5952,0.7812,-29.065,218.591,32.430,-,Skin,shape,0000020E2E585C00,1,0,1,0,-
1939,66378.337,0.0000,impact,ragdoll,Proventus Avenicci,0001A67D,NPC L Thigh [LThg],1,73.037,73.037,104.600,164.923,5.054,6.0000,20.487,-576.149,1512.299,-65.389,-0.1883,-0.5952,0.7812,-103.547,127.890,11.034,-,Skin,shape,0000020E2E585000,2,0,1,0,-
1940,66378.345,0.0000,impact,ragdoll,Proventus Avenicci,0001A67D,NPC Head [Head],13,216.887,216.887,214.685,221.955,22.080,4.0000,15.108,-642.684,1557.723,-78.000,0.0000,0.0000,1.0000,-27.136,54.270,-213.500,Static,Carpet,shape,0000020E28304100,-,1,1,0,-
1941,66378.808,0.0000,impact,ragdoll,Proventus Avenicci,0001A67D,NPC L Forearm [LLar],14,104.588,104.588,97.106,38.143,11.671,2.0000,11.658,-608.267,1536.480,-67.228,-0.7843,0.1720,-0.5961,-14.898,27.136,22.284,-,Skin,shape,0000020E2E584700,3,1,1,0,-
1942,66378.808,0.0000,impact,ragdoll,Proventus Avenicci,0001A67D,NPC Spine [Spn0],3,104.588,104.588,97.106,170.877,5.748,4.0000,17.297,-608.267,1536.480,-67.228,-0.7843,0.1720,-0.5961,-94.180,142.176,-10.729,-,Skin,shape,0000020E2E516B00,14,1,1,0,-
1943,66396.298,0.0000,impact,ragdoll,Proventus Avenicci,0001A67D,NPC L Calf [LClf],5,19.632,19.632,53.897,172.571,3.819,6.0000,19.675,-575.616,1511.533,-61.811,0.4314,0.2802,-0.8576,-118.972,124.750,7.992,-,Skin,shape,0000020E2E585000,2,1,1,0,-
1944,66396.298,0.0000,impact,ragdoll,Proventus Avenicci,0001A67D,NPC R Thigh [RThg],2,19.632,19.632,53.897,206.276,4.535,6.0000,20.487,-575.616,1511.533,-61.811,0.4314,0.2802,-0.8576,-30.474,202.650,23.536,-,Skin,shape,0000020E2E585900,5,1,1,0,-
1945,66396.747,0.0000,impact,ragdoll,Proventus Avenicci,0001A67D,NPC R Calf [RClf],4,27.718,27.718,24.799,202.076,4.962,6.0000,19.675,-575.515,1514.937,-65.655,0.0002,-0.6124,0.7906,-18.443,199.458,26.669,-,Skin,shape,0000020E2E585C00,1,1,1,0,-
1946,66396.747,0.0000,impact,ragdoll,Proventus Avenicci,0001A67D,NPC L Thigh [LThg],1,27.718,27.718,24.799,177.275,2.886,6.0000,20.487,-575.515,1514.937,-65.655,0.0002,-0.6124,0.7906,-76.861,159.224,12.903,-,Skin,shape,0000020E2E584D00,4,1,1,0,-
1947,66396.750,0.0000,impact,ragdoll,Proventus Avenicci,0001A67D,NPC L UpperArm [LUar],10,59.953,59.953,104.164,101.227,9.271,2.0000,14.463,-634.132,1542.540,-78.000,0.0000,-0.0000,1.0000,-94.680,18.576,-30.618,Static,Carpet,shape,0000020E28304100,-,0,1,0,-
1948,66396.751,0.0000,impact,ragdoll,Proventus Avenicci,0001A67D,NPC L UpperArm [LUar],10,59.953,59.953,107.996,101.227,9.271,2.0000,14.463,-634.132,1542.540,-79.650,-0.0000,-0.0000,1.0000,-94.680,18.576,-30.618,Static,Wood,shape,0000020E280FC700,-,0,1,0,-
1949,66396.752,0.0000,impact,ragdoll,Proventus Avenicci,0001A67D,NPC Head [Head],13,83.094,83.094,172.129,164.349,16.725,4.0000,15.108,-645.292,1559.947,-79.650,-0.0000,-0.0000,1.0000,-115.233,83.017,-82.705,Static,Wood,shape,0000020E28032200,-,1,1,0,-
1950,66415.850,0.0000,impact,ragdoll,Proventus Avenicci,0001A67D,NPC L Calf [LClf],5,81.588,81.588,28.632,167.547,5.861,6.0000,19.675,-564.560,1499.082,-61.265,0.5538,0.4597,-0.6943,-101.997,131.777,17.419,-,Skin,shape,0000020E2E584D00,4,1,0,0,-
1951,66415.851,0.0000,impact,ragdoll,Proventus Avenicci,0001A67D,NPC R Calf [RClf],4,81.588,81.588,28.632,199.853,4.333,6.0000,19.675,-564.560,1499.082,-61.265,0.5538,0.4597,-0.6943,-23.461,197.053,23.685,-,Skin,shape,0000020E2E585900,5,1,0,0,-
1952,66415.851,0.0000,impact,ragdoll,Proventus Avenicci,0001A67D,NPC L Calf [LClf],5,105.338,105.338,27.417,167.547,5.861,6.0000,19.675,-560.972,1494.429,-61.427,0.6250,0.4947,-0.6039,-101.997,131.777,17.419,-,Skin,shape,0000020E2E584D00,4,0,1,0,-
1953,66415.851,0.0000,impact,ragdoll,Proventus Avenicci,0001A67D,NPC R Calf [RClf],4,105.338,105.338,27.417,199.853,4.333,6.0000,19.675,-560.972,1494.429,-61.427,0.6250,0.4947,-0.6039,-23.461,197.053,23.685,-,Skin,shape,0000020E2E585900,5,0,1,0,-
1954,66415.855,0.0000,impact,ragdoll,Proventus Avenicci,0001A67D,NPC Spine2 [Spn2],9,53.703,53.703,114.543,149.738,6.441,7.0000,23.052,-627.229,1547.729,-79.650,0.0000,0.0000,1.0000,-120.630,68.259,-56.663,Static,Wood,shape,0000020E280FC700,-,1,1,0,-
1955,66431.767,0.0000,impact,ragdoll,Proventus Avenicci,0001A67D,NPC Spine [Spn0],3,84.140,84.140,75.548,199.264,5.795,4.0000,17.297,-613.238,1552.897,-70.296,0.5001,-0.6271,0.5972,-80.236,182.034,11.482,-,Skin,shape,0000020E2E516800,16,1,1,0,-
1956,66431.767,0.0000,impact,ragdoll,Proventus Avenicci,0001A67D,NPC L Hand [LHnd],16,84.140,84.140,75.548,73.659,3.504,4.0000,8.334,-613.238,1552.897,-70.296,0.5001,-0.6271,0.5972,-67.495,28.744,-6.619,-,Skin,shape,0000020E2E584700,3,1,1,0,-
1957,66447.972,0.0000,impact,ragdoll,Proventus Avenicci,0001A67D,NPC R Foot [Rft ],8,76.071,76.071,82.032,272.313,6.508,3.0000,10.011,-555.885,1501.703,-65.354,0.1323,-0.7607,0.6354,-55.426,260.178,58.220,-,Skin,shape,0000020E2E585900,5,1,1,0,-
1958,66447.973,0.0000,impact,ragdoll,Proventus Avenicci,0001A67D,NPC L Calf [LClf],5,76.071,76.071,82.032,163.238,3.924,6.0000,19.675,-555.885,1501.703,-65.354,0.1323,-0.7607,0.6354,-86.150,138.263,10.401,-,Skin,shape,0000020E2E584A00,8,1,1,0,-
1959,66447.976,0.0000,impact,ragdoll,Proventus Avenicci,0001A67D,NPC Neck [Neck],11,54.344,54.344,81.543,108.300,5.642,6.0000,8.431,-643.809,1556.028,-78.000,-0.0000,-0.0000,1.0000,-92.974,-11.086,-54.423,Static,Carpet,shape,0000020E28304100,-,1,1,0,-
1960,66480.426,0.0000,impact,ragdoll,Proventus Avenicci,0001A67D,NPC R Hand [RHnd],17,289.600,289.600,219.340,310.587,14.771,4.0000,8.334,-653.534,1591.420,-78.000,0.0000,-0.0000,1.0000,-41.731,-102.726,-290.120,Static,Carpet,shape,0000020E28304100,-,1,1,0,-
1961,66546.442,0.0000,impact,ragdoll,Proventus Avenicci,0001A67D,NPC R Hand [RHnd],17,5.359,5.359,74.013,31.456,8.190,4.0000,8.334,-656.016,1589.366,-78.000,0.0000,-0.0000,1.0000,-22.659,-21.198,-5.166,Static,Carpet,shape,0000020E28304100,-,0,1,0,-
1962,66597.758,0.0000,impact,ragdoll,Proventus Avenicci,0001A67D,NPC COM [COM ],0,40.055,40.055,187.448,191.105,3.934,50.0000,17.687,-610.559,1570.164,-78.000,0.0000,0.0000,1.0000,-74.611,171.081,-41.058,Static,Carpet,shape,0000020E28304100,-,1,1,0,-
1963,66633.072,0.0000,impact,ragdoll,Proventus Avenicci,0001A67D,NPC R Hand [RHnd],17,68.915,68.915,72.702,89.386,6.424,4.0000,8.334,-659.662,1588.663,-79.650,0.0000,0.0000,1.0000,-56.962,-3.515,-68.795,Static,Wood,shape,0000020E28032200,-,1,1,0,-
1964,66633.533,0.0000,impact,ragdoll,Proventus Avenicci,0001A67D,NPC R Forearm [RLar],15,10.133,10.133,137.234,44.536,12.188,6.0000,11.658,-655.595,1589.803,-78.000,-0.0000,-0.0000,1.0000,-29.055,-10.441,-32.098,Static,Carpet,shape,0000020E28304100,-,1,1,0,-
1965,66669.427,0.0000,impact,ragdoll,Proventus Avenicci,0001A67D,NPC Spine [Spn0],3,23.801,23.801,101.319,123.546,4.087,4.0000,17.297,-622.224,1576.128,-78.000,0.0000,0.0000,1.0000,-51.261,108.564,-29.152,Static,Carpet,shape,0000020E28304100,-,1,1,0,-
1966,66669.429,0.0000,impact,ragdoll,Proventus Avenicci,0001A67D,NPC Spine1 [Spn1],6,34.090,34.090,38.899,95.231,3.524,4.0000,18.878,-644.227,1585.119,-59.923,0.7133,-0.6237,0.3196,-28.786,90.681,-4.156,-,Skin,shape,0000020E2E517400,15,1,1,0,-
1967,66669.430,0.0000,impact,ragdoll,Proventus Avenicci,0001A67D,NPC R Forearm [RLar],15,34.090,34.090,38.899,59.309,3.076,6.0000,11.658,-644.227,1585.119,-59.923,0.7133,-0.6237,0.3196,-26.890,7.264,-52.361,-,Skin,shape,0000020E2E584400,6,1,1,0,-
1968,66705.385,0.0000,impact,ragdoll,Proventus Avenicci,0001A67D,NPC Spine2 [Spn2],9,36.678,36.678,19.628,93.748,3.817,7.0000,23.052,-647.487,1584.851,-61.256,0.2154,-0.8848,0.4132,-5.037,89.804,26.431,-,Skin,shape,0000020E2E517400,15,1,1,0,-
1969,66705.386,0.0000,impact,ragdoll,Proventus Avenicci,0001A67D,NPC R Forearm [RLar],15,36.678,36.678,19.628,45.591,6.169,6.0000,11.658,-647.487,1584.851,-61.256,0.2154,-0.8848,0.4132,-38.457,8.301,-23.036,-,Skin,shape,0000020E2E584100,9,1,1,0,-
1970,66722.751,0.0000,impact,ragdoll,Proventus Avenicci,0001A67D,NPC COM [COM ],0,54.867,54.867,82.883,138.962,4.578,50.0000,17.687,-617.597,1584.750,-79.650,-0.0000,-0.0000,1.0000,-54.644,110.424,-64.274,Static,Wood,shape,0000020E280FC700,-,1,1,0,-
1971,66776.375,0.0000,impact,ragdoll,Proventus Avenicci,0001A67D,NPC L Thigh [LThg],1,30.990,30.990,72.240,108.965,3.359,6.0000,20.487,-615.845,1584.132,-78.000,-0.0000,-0.0000,1.0000,-14.393,105.873,-21.376,Static,Carpet,shape,0000020E28304100,-,0,1,0,-
1972,66776.377,0.0000,impact,ragdoll,Proventus Avenicci,0001A67D,NPC L Thigh [LThg],1,30.991,30.991,68.502,108.965,3.359,6.0000,20.487,-615.845,1584.132,-79.650,0.0000,0.0000,1.0000,-14.393,105.873,-21.376,Static,Wood,shape,0000020E280FC700,-,0,1,0,-
1973,66776.380,0.0000,impact,ragdoll,Proventus Avenicci,0001A67D,NPC R Thigh [RThg],2,123.148,123.148,155.535,176.344,5.906,6.0000,20.487,-594.929,1598.102,-78.000,0.0000,-0.0000,1.0000,-41.194,141.403,-96.981,Static,Carpet,shape,0000020E28304100,-,1,1,0,-
1974,66794.417,0.0000,impact,ragdoll,Proventus Avenicci,0001A67D,NPC R Calf [RClf],4,27.738,27.738,67.172,200.262,8.471,6.0000,19.675,-590.627,1601.637,-78.000,-0.0000,-0.0000,1.0000,-32.080,197.028,15.992,Static,Carpet,shape,0000020E28304100,-,1,1,0,-
1975,66794.422,0.0000,impact,ragdoll,Proventus Avenicci,0001A67D,NPC R Forearm [RLar],15,26.873,26.873,86.167,69.822,7.129,6.0000,11.658,-662.900,1588.609,-79.650,0.0000,-0.0000,1.0000,-46.149,17.731,-49.305,Static,Wood,shape,0000020E28032200,-,1,1,0,-
1976,66828.942,0.0000,impact,ragdoll,Proventus Avenicci,0001A67D,NPC R Thigh [RThg],2,13.216,13.216,26.767,86.361,6.478,6.0000,20.487,-596.709,1603.408,-79.650,0.0000,-0.0000,1.0000,-39.213,70.388,-31.081,Static,Wood,shape,0000020E280FC700,-,1,1,0,-
1977,66829.493,0.0000,impact,ragdoll,Proventus Avenicci,0001A67D,NPC R Thigh [RThg],2,47.365,47.365,15.268,85.659,6.703,6.0000,20.487,-619.202,1601.792,-78.000,0.0000,0.0000,1.0000,-36.630,70.972,-30.963,Static,Carpet,shape,0000020E28304100,-,0,1,0,-
1978,66846.181,0.0000,impact,ragdoll,Proventus Avenicci,0001A67D,NPC COM [COM ],0,29.303,29.303,12.379,50.574,5.590,50.0000,17.687,-621.945,1598.551,-78.000,-0.0000,-0.0000,1.0000,-18.915,44.723,-14.136,Static,Carpet,shape,0000020E28304100,-,0,1,0,-
1979,66846.707,0.0000,impact,ragdoll,Proventus Avenicci,0001A67D,NPC R Thigh [RThg],2,9.479,9.479,30.002,65.649,7.049,6.0000,20.487,-619.771,1602.645,-79.650,-0.0000,0.0000,1.0000,-23.712,60.539,-9.085,Static,Wood,shape,0000020E280FC700,-,0,1,0,-
1980,66863.646,0.0000,impact,ragdoll,Proventus Avenicci,0001A67D,NPC L Calf [LClf],5,43.771,43.771,193.177,186.932,5.217,6.0000,19.675,-564.283,1579.318,-78.000,0.0000,0.0000,1.0000,12.295,183.773,-31.932,Static,Carpet,shape,0000020E28304100,-,0,1,0,-
1981,66880.209,0.0000,impact,ragdoll,Proventus Avenicci,0001A67D,NPC Spine [Spn0],3,12.413,12.413,18.691,49.563,5.228,4.0000,17.297,-629.764,1598.724,-78.000,0.0000,0.0000,1.0000,-14.360,47.152,5.193,Static,Carpet,shape,0000020E28304100,-,0,1,0,-
1982,66880.228,0.0000,impact,ragdoll,Proventus Avenicci,0001A67D,NPC R UpperArm [RUar],12,83.568,83.568,8.611,92.734,5.017,2.0000,14.463,-657.430,1591.880,-78.000,-0.0000,0.0000,1.0000,-26.409,32.099,-82.896,Static,Carpet,shape,0000020E28304100,-,1,1,0,-
1983,66894.187,0.0000,impact,ragdoll,Proventus Avenicci,0001A67D,NPC L Foot [Lft ],7,43.756,43.756,194.122,224.628,6.876,3.0000,10.011,-559.353,1583.204,-79.666,0.0000,0.0000,1.0000,17.997,223.211,-17.624,Static,Wood,shape,0000020E280FC700,-,0,1,0,-
1984,66894.189,0.0000,impact,ragdoll,Proventus Avenicci,0001A67D,NPC Spine2 [Spn2],9,25.162,25.162,14.704,101.103,3.771,7.0000,23.052,-653.957,1593.779,-69.688,0.2427,-0.3500,0.9048,-45.289,90.296,-4.173,-,Skin,shape,0000020E2E517400,15,1,1,0,-
1985,66894.189,0.0000,impact,ragdoll,Proventus Avenicci,0001A67D,NPC R Forearm [RLar],15,25.162,25.162,14.704,27.058,2.812,6.0000,11.658,-653.957,1593.779,-69.688,0.2427,-0.3500,0.9048,-5.901,20.203,-17.003,-,Skin,shape,0000020E2E584100,9,1,1,0,-
1986,66908.516,0.0000,impact,ragdoll,Proventus Avenicci,0001A67D,NPC L Calf [LClf],5,11.444,11.444,178.143,159.517,5.884,6.0000,19.675,-564.550,1588.582,-79.651,0.0000,0.0000,1.0000,-11.425,159.081,-2.890,Static,Wood,shape,0000020E280FC700,-,0,0,0,-
1987,66908.518,0.0000,impact,ragdoll,Proventus Avenicci,0001A67D,NPC L Calf [LClf],5,13.390,13.390,180.889,159.517,5.884,6.0000,19.675,-563.955,1588.967,-79.650,0.0000,-0.0000,1.0000,-11.425,159.081,-2.890,Static,Wood,shape,0000020E280FC700,-,0,1,0,-
1988,66923.661,0.0000,impact,ragdoll,Proventus Avenicci,0001A67D,NPC L Foot [Lft ],7,10.260,10.260,217.706,220.163,5.666,3.0000,10.011,-560.013,1583.976,-79.651,0.0000,0.0000,1.0000,8.235,219.607,-13.294,Static,Wood,shape,0000020E280FC700,-,0,1,0,-
1989,66984.466,0.0000,impact,ragdoll,Proventus Avenicci,0001A67D,NPC R Calf [RClf],4,37.730,37.730,147.122,199.027,6.678,6.0000,19.675,-598.974,1622.796,-79.650,0.0000,0.0000,1.0000,-53.734,159.031,-106.928,Static,Wood,shape,0000020E280FC700,-,1,1,0,-
1990,67016.349,0.0000,impact,ragdoll,Proventus Avenicci,0001A67D,NPC R Calf [RClf],4,19.639,19.639,148.252,190.341,6.529,6.0000,19.675,-602.226,1627.149,-78.000,0.0000,0.0000,1.0000,-84.440,139.490,-98.194,Static,Carpet,shape,0000020E28305600,-,1,1,0,-
1991,67049.455,0.0000,impact,ragdoll,Proventus Avenicci,0001A67D,NPC COM [COM ],0,34.256,34.256,27.685,16.678,1.529,50.0000,17.687,-630.976,1585.741,-69.145,0.4881,0.8471,0.2103,-7.630,14.364,3.687,-,Skin,shape,0000020E2E516800,16,1,1,0,-
1992,67049.456,0.0000,impact,ragdoll,Proventus Avenicci,0001A67D,NPC L Hand [LHnd],16,34.256,34.256,27.685,60.369,6.071,4.0000,8.334,-630.976,1585.741,-69.145,0.4881,0.8471,0.2103,36.978,21.770,42.463,-,-,-,0000020E2E585600,0,1,1,0,-
1993,67049.459,0.0000,impact,ragdoll,Proventus Avenicci,0001A67D,NPC R Thigh [RThg],2,28.942,28.942,127.556,80.376,4.693,6.0000,20.487,-608.618,1626.640,-78.001,-0.0000,-0.0585,0.9983,-57.618,53.917,-15.275,Static,Carpet,shape,0000020E28305600,-,1,1,0,-
1994,67049.460,0.0000,impact,ragdoll,Proventus Avenicci,0001A67D,NPC R Thigh [RThg],2,10.425,10.425,47.959,80.376,4.693,6.0000,20.487,-619.844,1613.218,-78.000,0.0000,0.0057,1.0000,-57.618,53.917,-15.275,Static,Carpet,shape,0000020E28304100,-,0,1,0,-
1995,67065.767,0.0000,impact,ragdoll,Proventus Avenicci,0001A67D,NPC R Foot [Rft ],8,266.521,261.962,156.616,292.130,8.104,3.0000,10.011,-583.338,1656.469,-79.650,0.0000,-0.0000,1.0000,-129.033,84.837,-247.977,Static,Wood,shape,0000020E280FC700,-,0,0,0,-
1996,67100.189,0.0000,impact,ragdoll,Proventus Avenicci,0001A67D,NPC R UpperArm [RUar],12,5.830,5.830,8.978,39.653,3.880,2.0000,14.463,-659.115,1596.791,-78.000,-0.0011,-0.0000,1.0000,-14.254,31.131,-20.002,Static,Carpet,shape,0000020E28304100,-,1,1,0,-
1997,67117.220,0.0000,impact,ragdoll,Proventus Avenicci,0001A67D,NPC R Foot [Rft ],8,111.006,111.006,106.244,156.135,3.404,3.0000,10.011,-598.633,1660.875,-78.194,0.7905,-0.0000,0.6124,-138.491,72.100,0.293,Static,Carpet,shape,0000020E28305600,-,1,1,0,-
1998,67134.660,0.0000,impact,ragdoll,Proventus Avenicci,0001A67D,NPC Spine [Spn0],3,6.898,6.898,8.901,17.043,1.009,4.0000,17.297,-633.134,1604.878,-79.650,0.0000,0.0000,1.0000,-7.812,14.183,-5.320,Static,Wood,shape,0000020E280FC700,-,1,1,0,-
1999,67152.261,0.0000,impact,ragdoll,Proventus Avenicci,0001A67D,NPC Spine1 [Spn1],6,18.841,18.841,7.102,25.975,2.298,4.0000,18.878,-644.899,1605.231,-78.000,0.0000,-0.0000,1.0000,-19.596,8.892,-14.547,Static,Carpet,shape,0000020E28304100,-,1,1,0,-
2000,67168.805,0.0000,impact,ragdoll,Proventus Avenicci,0001A67D,NPC R Foot [Rft ],8,30.217,30.217,79.337,82.321,1.120,3.0000,10.011,-598.718,1665.135,-78.108,0.6197,-0.0000,0.7848,-68.109,42.714,17.701,Static,Carpet,shape,0000020E28305600,-,1,1,0,-
2001,67256.765,0.0000,impact,ragdoll,Proventus Avenicci,0001A67D,NPC L Calf [LClf],5,102.923,102.923,42.925,105.671,3.596,6.0000,19.675,-606.858,1642.360,-71.043,0.9221,-0.3007,-0.2434,-86.090,61.275,-0.351,-,Skin,shape,0000020E2E584D00,4,1,1,0,-
2002,67256.765,0.0000,impact,ragdoll,Proventus Avenicci,0001A67D,NPC R Calf [RClf],4,102.923,102.923,42.925,45.727,1.417,6.0000,19.675,-606.858,1642.360,-71.043,0.9221,-0.3007,-0.2434,-40.214,20.568,-7.118,-,Skin,shape,0000020E2E585900,5,1,1,0,-
2003,67256.766,0.0000,impact,ragdoll,Proventus Avenicci,0001A67D,NPC L Calf [LClf],5,78.137,78.137,118.175,105.671,3.596,6.0000,19.675,-598.734,1638.731,-78.096,0.5894,-0.0000,0.8079,-86.090,61.275,-0.351,Static,Carpet,shape,0000020E28305600,-,1,1,0,-
2004,67276.972,0.0000,impact,ragdoll,Proventus Avenicci,0001A67D,NPC R Foot [Rft ],8,41.242,41.242,80.823,75.652,2.790,3.0000,10.011,-600.292,1668.317,-78.000,-0.0000,0.0000,1.0000,-63.845,21.828,-34.213,Static,Carpet,shape,0000020E28305600,-,1,1,0,-
2005,67293.417,0.0000,impact,ragdoll,Proventus Avenicci,0001A67D,NPC R UpperArm [RUar],12,14.947,14.947,9.733,16.749,1.841,2.0000,14.463,-671.023,1604.388,-79.650,0.0000,0.0000,1.0000,-11.590,8.264,-8.827,Static,Wood,shape,0000020E28032200,-,0,1,0,-
2006,67346.378,0.0000,impact,ragdoll,Proventus Avenicci,0001A67D,NPC L Calf [LClf],5,23.925,23.925,14.332,39.394,1.396,6.0000,19.675,-611.820,1638.845,-71.459,0.9959,0.0058,-0.0898,-30.955,24.313,-1.598,-,Skin,shape,0000020E2E584D00,4,0,1,0,-
2007,67346.378,0.0000,impact,ragdoll,Proventus Avenicci,0001A67D,NPC R Calf [RClf],4,23.925,23.925,14.332,32.976,0.575,6.0000,19.675,-611.820,1638.845,-71.459,0.9959,0.0058,-0.0898,-26.349,16.490,-11.010,-,Skin,shape,0000020E2E585900,5,0,1,0,-
2008,67346.786,0.0000,impact,ragdoll,Proventus Avenicci,0001A67D,NPC L Foot [Lft ],7,24.770,24.770,7.506,46.106,1.084,3.0000,10.011,-609.004,1648.655,-71.252,0.9418,-0.2582,-0.2153,-43.442,15.356,1.670,-,Skin,shape,0000020E2E584D00,4,1,1,0,-
2009,67346.786,0.0000,impact,ragdoll,Proventus Avenicci,0001A67D,NPC R Calf [RClf],4,24.770,24.770,7.506,28.066,0.718,6.0000,19.675,-609.004,1648.655,-71.252,0.9418,-0.2582,-0.2153,-22.555,14.292,-8.643,-,Skin,shape,0000020E2E585300,7,1,1,0,-
2010,67346.786,0.0000,impact,ragdoll,Proventus Avenicci,0001A67D,NPC L Foot [Lft ],7,8.504,8.504,45.264,46.106,1.084,3.0000,10.011,-598.928,1645.852,-78.010,0.2011,-0.0000,0.9796,-43.442,15.356,1.670,Static,Carpet,shape,0000020E28305600,-,1,1,0,-
2011,67363.898,0.0000,impact,ragdoll,Proventus Avenicci,0001A67D,NPC L Calf [LClf],5,18.444,18.444,12.258,30.764,1.158,6.0000,19.675,-612.296,1634.289,-71.417,0.9969,0.0288,-0.0738,-26.022,16.409,0.109,-,Skin,shape,0000020E2E585000,2,1,1,0,-
2012,67363.899,0.0000,impact,ragdoll,Proventus Avenicci,0001A67D,NPC R Thigh [RThg],2,18.444,18.444,12.258,16.624,0.418,6.0000,20.487,-612.296,1634.289,-71.417,0.9969,0.0288,-0.0738,-11.268,11.973,-2.456,-,Skin,shape,0000020E2E585900,5,1,1,0,-
2013,67394.384,0.0000,state,unknown,Proventus Avenicci,0001A67D,-,-,0.000,0.000,0.000,0.000,0.000,0.0000,0.000,0.000,0.000,0.000,0.0000,0.0000,0.0000,0.000,0.000,0.000,-,-,-,0000000000000000,-,0,0,0,knock_get_up
2014,69304.328,0.0000,state,unknown,Proventus Avenicci,0001A67D,-,-,0.000,0.000,0.000,0.000,0.000,0.0000,0.000,0.000,0.000,0.000,0.0000,0.0000,0.0000,0.000,0.000,0.000,-,-,-,0000000000000000,-,0,0,0,ragdoll_start
2015,69308.423,0.0000,impact,ragdoll,Proventus Avenicci,0001A67D,NPC L Calf [LClf],5,27.321,27.321,193.375,89.244,5.622,6.0000,19.675,-627.626,1589.120,-78.000,0.0000,-0.0000,1.0000,-84.040,26.575,13.983,Static,Carpet,shape,0000020E28304100,-,1,1,0,-
2016,69329.042,0.0000,impact,ragdoll,Proventus Avenicci,0001A67D,NPC L Foot [Lft ],7,46.412,46.412,458.181,170.332,41.703,3.0000,10.011,-629.574,1587.164,-78.000,-0.0000,-0.0000,1.0000,-166.804,30.561,-15.980,Static,Carpet,shape,0000020E28304100,-,0,1,0,-
2017,69383.096,0.0000,impact,ragdoll,Proventus Avenicci,0001A67D,NPC R Foot [Rft ],8,194.023,194.023,292.887,189.255,28.202,3.0000,10.011,-600.749,1619.543,-79.650,-0.0000,0.0000,1.0000,-55.740,37.149,-177.004,Static,Wood,shape,0000020E280FC700,-,1,1,0,-
2018,69403.096,0.0000,impact,ragdoll,Proventus Avenicci,0001A67D,NPC L Foot [Lft ],7,22.012,22.012,541.440,244.383,42.502,3.0000,10.011,-645.271,1590.570,-78.000,0.0000,0.0000,1.0000,-236.503,61.555,0.303,Static,Carpet,shape,0000020E28304100,-,1,1,0,-
2019,69403.497,0.0000,impact,ragdoll,Proventus Avenicci,0001A67D,NPC L Calf [LClf],5,5.858,5.858,386.478,96.791,13.814,6.0000,19.675,-645.435,1592.947,-79.650,0.0000,0.0000,1.0000,-83.656,27.475,-40.192,Static,Wood,shape,0000020E28032200,-,1,1,0,-
2020,69460.214,0.0000,impact,ragdoll,Proventus Avenicci,0001A67D,NPC R Foot [Rft ],8,12.443,12.443,178.828,45.010,27.456,3.0000,10.011,-604.184,1613.659,-78.270,0.0000,0.8879,0.4601,43.380,-11.990,0.581,Static,Carpet,shape,0000020E28304100,-,1,1,0,-
2021,69479.116,0.0000,impact,ragdoll,Proventus Avenicci,0001A67D,NPC L Forearm [LLar],14,133.887,133.887,221.879,261.261,22.241,2.0000,11.658,-614.931,1603.970,-23.241,-0.4243,-0.7077,0.5649,217.029,145.402,3.677,-,Skin,shape,0000020E2E584400,6,1,1,0,-
2022,69479.116,0.0000,impact,ragdoll,Proventus Avenicci,0001A67D,NPC Spine1 [Spn1],6,133.887,133.887,221.879,155.285,9.248,4.0000,18.878,-614.931,1603.970,-23.241,-0.4243,-0.7077,0.5649,150.980,-24.943,-26.388,-,Skin,shape,0000020E2E516B00,14,1,1,0,-
2023,69514.769,0.0000,impact,ragdoll,Proventus Avenicci,0001A67D,NPC R Foot [Rft ],8,23.957,23.957,95.111,179.241,19.582,3.0000,10.011,-598.876,1626.359,-78.139,0.3044,-0.6218,0.7216,148.676,99.864,7.057,Static,Carpet,shape,0000020E28305600,-,1,1,0,-
2024,69514.771,0.0000,impact,ragdoll,Proventus Avenicci,0001A67D,NPC R Foot [Rft ],8,5.101,5.101,63.880,179.241,19.582,3.0000,10.011,-597.656,1623.867,-79.650,-0.0000,-0.0000,1.0000,148.676,99.864,7.057,Static,Wood,shape,0000020E280FC700,-,0,1,0,-
2025,69515.173,0.0000,impact,ragdoll,Proventus Avenicci,0001A67D,NPC L Hand [LHnd],16,142.547,142.547,409.181,483.610,25.332,4.0000,8.334,-615.160,1611.146,-16.670,-0.8537,-0.5183,0.0508,290.132,182.256,341.299,-,Skin,shape,0000020E2E584100,9,1,1,0,-
2026,69515.173,0.0000,impact,ragdoll,Proventus Avenicci,0001A67D,NPC Spine2 [Spn2],9,142.547,142.547,409.181,227.594,10.707,7.0000,23.052,-615.160,1611.146,-16.670,-0.8537,-0.5183,0.0508,224.705,-17.001,-31.899,-,Skin,shape,0000020E2E516800,16,1,1,0,-
2027,69515.174,0.0000,impact,ragdoll,Proventus Avenicci,0001A67D,NPC L Hand [LHnd],16,280.837,280.837,371.250,483.610,25.332,4.0000,8.334,-626.157,1616.473,-12.605,0.1767,-0.9353,-0.3067,290.132,182.256,341.299,-,Skin,shape,0000020E2E517700,12,1,1,0,-
2028,69515.174,0.0000,impact,ragdoll,Proventus Avenicci,0001A67D,NPC R UpperArm [RUar],12,280.837,280.837,371.250,366.484,12.615,2.0000,14.463,-626.157,1616.473,-12.605,0.1767,-0.9353,-0.3067,266.154,-77.996,239.560,-,Skin,shape,0000020E2E516800,16,1,1,0,-
2029,69548.664,0.0000,impact,ragdoll,Proventus Avenicci,0001A67D,NPC R Foot [Rft ],8,54.070,54.070,175.564,109.660,9.789,3.0000,10.011,-597.556,1621.983,-79.823,0.0000,0.0000,1.0000,77.324,76.412,-14.413,Static,Wood,shape,0000020E280FC700,-,0,1,0,-
2030,69647.976,0.0000,impact,ragdoll,Proventus Avenicci,0001A67D,NPC L Calf [LClf],5,45.913,45.913,143.071,137.978,4.015,6.0000,19.675,-658.688,1602.781,-78.000,-0.0000,0.0000,1.0000,125.544,49.692,-28.417,Static,Carpet,shape,0000020E28304100,-,1,1,0,-
2031,69647.981,0.0000,impact,ragdoll,Proventus Avenicci,0001A67D,NPC L Foot [Lft ],7,82.782,82.782,151.441,131.373,13.462,3.0000,10.011,-667.676,1596.965,-79.650,-0.0000,0.0000,1.0000,94.054,66.032,-63.659,Static,Wood,shape,0000020E28032200,-,1,1,0,-
2032,69702.049,0.0000,impact,ragdoll,Proventus Avenicci,0001A67D,NPC L Foot [Lft ],7,12.257,12.257,237.087,221.233,3.944,3.0000,10.011,-658.836,1602.167,-78.000,0.0000,0.0000,1.0000,208.239,74.703,0.459,Static,Carpet,shape,0000020E28304100,-,1,1,0,-
2033,69702.053,0.0000,impact,ragdoll,Proventus Avenicci,0001A67D,NPC L Hand [LHnd],16,93.656,93.656,207.955,439.804,5.535,4.0000,8.334,-546.502,1609.630,-27.039,-0.0070,-0.9330,0.3598,260.662,-65.512,-348.124,-,Skin,shape,0000020E2E517A00,13,1,1,0,-
2034,69702.053,0.0000,impact,ragdoll,Proventus Avenicci,0001A67D,NPC Head [Head],13,93.656,93.656,207.955,224.551,4.688,4.0000,15.108,-546.502,1609.630,-27.039,-0.0070,-0.9330,0.3598,181.800,-73.126,-109.657,-,Skin,shape,0000020E2E516800,16,1,1,0,-
2035,69813.292,0.0000,impact,ragdoll,Proventus Avenicci,0001A67D,NPC L Forearm [LLar],14,179.363,179.363,171.354,251.460,15.459,2.0000,11.658,-546.643,1597.533,-78.000,0.0000,0.0000,1.0000,14.719,-12.737,-250.705,Static,Carpet,shape,0000020E28304100,-,1,1,0,-
2036,69832.762,0.0000,impact,ragdoll,Proventus Avenicci,0001A67D,NPC L UpperArm [LUar],10,133.631,133.631,89.045,186.593,5.236,2.0000,14.463,-545.240,1601.869,-78.000,-0.0000,0.0000,1.0000,111.590,3.984,-149.496,Static,Carpet,shape,0000020E28304100,-,1,1,0,-
2037,69851.221,0.0000,impact,ragdoll,Proventus Avenicci,0001A67D,NPC L Hand [LHnd],16,350.490,350.490,122.419,391.010,17.156,4.0000,8.334,-537.770,1578.722,-78.000,0.0000,0.0000,1.0000,-14.086,-172.685,-350.528,Static,Carpet,shape,0000020E28304100,-,1,1,0,-
2038,69870.858,0.0000,impact,ragdoll,Proventus Avenicci,0001A67D,NPC L UpperArm [LUar],10,54.313,54.313,146.422,128.932,9.954,2.0000,14.463,-541.311,1600.707,-79.650,0.0000,0.0000,1.0000,76.384,13.350,-103.008,Static,Wood,shape,0000020E280FC700,-,1,1,0,-
2039,69907.241,0.0000,impact,ragdoll,Proventus Avenicci,0001A67D,NPC Head [Head],13,219.625,219.625,109.234,255.192,5.895,4.0000,15.108,-518.335,1613.406,-78.038,0.0000,0.3814,0.9244,77.847,11.981,-242.733,Static,Carpet,shape,0000020E28304100,-,1,1,0,-
2040,69907.243,0.0000,impact,ragdoll,Proventus Avenicci,0001A67D,NPC Head [Head],13,242.461,242.461,31.657,255.192,5.895,4.0000,15.108,-518.335,1616.339,-79.650,0.0000,-0.0000,1.0000,77.847,11.981,-242.733,Static,Wood,shape,0000020E280FC700,-,1,1,0,-
2041,69924.536,0.0000,impact,ragdoll,Proventus Avenicci,0001A67D,NPC L UpperArm [LUar],10,42.499,42.499,34.392,39.644,4.649,2.0000,14.463,-535.458,1610.841,-78.000,-0.0000,-0.0000,1.0000,24.952,21.991,-21.573,Static,Carpet,shape,0000020E28304100,-,0,1,0,-
2042,69941.814,0.0000,impact,ragdoll,Proventus Avenicci,0001A67D,NPC L Foot [Lft ],7,22.351,22.351,238.128,236.127,2.913,3.0000,10.011,-600.033,1623.774,-79.702,0.0000,0.0000,1.0000,225.701,64.186,-26.360,Static,Wood,shape,0000020E280FC700,-,0,1,0,-
2043,69958.354,0.0000,impact,ragdoll,Proventus Avenicci,0001A67D,NPC L Foot [Lft ],7,50.564,50.564,216.039,224.960,3.540,3.0000,10.011,-600.096,1626.285,-78.180,-0.0000,-0.7690,0.6392,216.700,60.018,-6.762,Static,Carpet,shape,0000020E28305600,-,1,1,0,-
2044,69991.341,0.0000,impact,ragdoll,Proventus Avenicci,0001A67D,NPC Head [Head],13,11.265,11.265,9.939,127.089,19.324,4.0000,15.108,-511.552,1620.694,-79.650,0.0000,0.0000,1.0000,75.878,101.807,-5.439,Static,Wood,shape,0000020E280FC700,-,0,1,0,-
2045,70026.130,0.0000,impact,ragdoll,Proventus Avenicci,0001A67D,NPC R Calf [RClf],4,61.270,61.270,94.908,117.965,4.863,6.0000,19.675,-579.208,1629.194,-64.892,0.1323,0.7747,0.6183,61.628,-69.248,72.955,-,Skin,shape,0000020E2E585900,5,1,1,0,-
2046,70026.131,0.0000,impact,ragdoll,Proventus Avenicci,0001A67D,NPC L Calf [LClf],5,61.270,61.270,94.908,161.416,2.509,6.0000,19.675,-579.208,1629.194,-64.892,0.1323,0.7747,0.6183,155.721,40.290,13.528,-,Skin,shape,0000020E2E584D00,4,1,1,0,-
2047,70171.917,0.0000,impact,ragdoll,Proventus Avenicci,0001A67D,NPC Spine2 [Spn2],9,21.634,21.634,88.438,161.246,4.222,7.0000,23.052,-511.556,1633.791,-72.066,0.4117,0.5176,0.7501,96.409,125.316,-31.647,-,Skin,shape,0000020E2E516B00,14,1,1,0,-
2048,70171.918,0.0000,impact,ragdoll,Proventus Avenicci,0001A67D,NPC L Forearm [LLar],14,21.634,21.634,88.438,249.247,3.996,2.0000,11.658,-511.556,1633.791,-72.066,0.4117,0.5176,0.7501,122.360,206.685,-66.584,-,Skin,shape,0000020E2E584100,9,1,1,0,-
2049,70202.877,0.0000,impact,ragdoll,Proventus Avenicci,0001A67D,NPC L Calf [LClf],5,63.637,63.637,133.311,154.218,2.534,6.0000,19.675,-550.191,1613.325,-78.012,0.0000,0.2190,0.9757,139.688,17.672,-62.914,Static,Carpet,shape,0000020E28304100,-,1,1,0,-
2050,70203.435,0.0000,impact,ragdoll,Proventus Avenicci,0001A67D,NPC L Hand [LHnd],16,73.439,73.439,227.261,207.039,5.421,4.0000,8.334,-520.166,1621.170,-79.650,0.0000,0.0000,1.0000,118.668,152.943,-73.427,Static,Wood,shape,0000020E280FC700,-,1,1,0,-
2051,70216.685,0.0000,impact,ragdoll,Proventus Avenicci,0001A67D,NPC Spine1 [Spn1],6,107.159,107.159,38.157,156.106,4.413,4.0000,18.878,-508.527,1638.724,-71.210,0.0829,-0.0194,0.9964,104.480,77.274,-86.498,-,Skin,shape,0000020E2E516B00,14,1,1,0,-
2052,70216.687,0.0000,impact,ragdoll,Proventus Avenicci,0001A67D,NPC L Forearm [LLar],14,107.159,107.159,38.157,175.836,2.300,2.0000,11.658,-508.527,1638.724,-71.210,0.0829,-0.0194,0.9964,100.441,143.379,16.501,-,Skin,shape,0000020E2E584400,6,1,1,0,-
2053,70216.694,0.0000,impact,ragdoll,Proventus Avenicci,0001A67D,NPC L Hand [LHnd],16,90.688,90.688,129.761,176.639,3.284,4.0000,8.334,-521.684,1620.257,-63.113,0.3299,0.3104,-0.8915,115.097,132.688,18.649,-,Skin,shape,0000020E2E585C00,1,1,1,0,-
2054,70216.694,0.0000,impact,ragdoll,Proventus Avenicci,0001A67D,NPC L Thigh [LThg],1,90.688,90.688,129.761,164.889,2.808,6.0000,20.487,-521.684,1620.257,-63.113,0.3299,0.3104,-0.8915,130.909,47.928,-88.058,-,Skin,shape,0000020E2E516800,16,1,1,0,-
2055,70231.869,0.0000,impact,ragdoll,Proventus Avenicci,0001A67D,NPC L Thigh [LThg],1,55.035,55.035,67.470,156.388,3.629,6.0000,20.487,-536.193,1610.636,-78.000,-0.0000,-0.0000,1.0000,120.517,39.698,-91.416,Static,Carpet,shape,0000020E28304100,-,1,1,0,-
2056,70232.391,0.0000,impact,ragdoll,Proventus Avenicci,0001A67D,NPC R Calf [RClf],4,41.563,41.563,137.284,138.052,5.156,6.0000,19.675,-556.057,1629.007,-65.148,-0.4702,-0.1312,0.8728,110.438,-28.827,-77.659,-,Skin,shape,0000020E2E585900,5,1,1,0,-
2057,70232.391,0.0000,impact,ragdoll,Proventus Avenicci,0001A67D,NPC L Calf [LClf],5,41.563,41.563,137.284,112.614,3.864,6.0000,19.675,-556.057,1629.007,-65.148,-0.4702,-0.1312,0.8728,108.198,30.779,5.281,-,Skin,shape,0000020E2E584D00,4,1,1,0,-
2058,70232.399,0.0000,impact,ragdoll,Proventus Avenicci,0001A67D,NPC L Hand [LHnd],16,70.238,70.238,113.821,197.600,10.854,4.0000,8.334,-513.346,1629.052,-63.125,-0.1881,-0.2375,-0.9530,134.186,130.534,-63.252,-,Skin,shape,0000020E2E584700,3,1,1,0,-
2059,70232.399,0.0000,impact,ragdoll,Proventus Avenicci,0001A67D,NPC Spine [Spn0],3,70.238,70.238,113.821,177.784,4.393,4.0000,17.297,-513.346,1629.052,-63.125,-0.1881,-0.2375,-0.9530,121.553,58.835,-115.631,-,Skin,shape,0000020E2E516800,16,1,1,0,-
2060,70249.548,0.0000,impact,ragdoll,Proventus Avenicci,0001A67D,NPC Spine [Spn0],3,95.695,95.695,80.246,175.012,4.192,4.0000,17.297,-510.817,1632.658,-71.372,0.0220,-0.0566,0.9982,129.388,63.361,-99.365,-,Skin,shape,0000020E2E516B00,14,1,1,0,-
2061,70249.549,0.0000,impact,ragdoll,Proventus Avenicci,0001A67D,NPC L Forearm [LLar],14,95.695,95.695,80.246,167.161,2.345,2.0000,11.658,-510.817,1632.658,-71.372,0.0220,-0.0566,0.9982,79.121,147.234,2.209,-,Skin,shape,0000020E2E584700,3,1,1,0,-
2062,70249.956,0.0000,impact,ragdoll,Proventus Avenicci,0001A67D,NPC COM [COM ],0,121.805,121.805,105.613,187.651,2.203,50.0000,17.687,-513.458,1627.975,-70.035,-0.0649,-0.0767,0.9949,132.053,42.405,-126.399,-,Skin,shape,0000020E2E516800,16,1,1,0,-
2063,70249.956,0.0000,impact,ragdoll,Proventus Avenicci,0001A67D,NPC L Hand [LHnd],16,121.805,121.805,105.613,179.997,14.694,4.0000,8.334,-513.458,1627.975,-70.035,-0.0649,-0.0767,0.9949,136.777,117.002,-1.226,-,-,-,0000020E2E585600,0,1,1,0,-
2064,70249.957,0.0000,impact,ragdoll,Proventus Avenicci,0001A67D,NPC R Thigh [RThg],2,60.831,60.831,41.462,180.539,1.960,6.0000,20.487,-532.776,1617.074,-59.106,-0.5299,0.4359,0.7275,138.500,30.923,-111.607,-,Skin,shape,0000020E2E585C00,1,0,1,0,-
2065,70249.957,0.0000,impact,ragdoll,Proventus Avenicci,0001A67D,NPC L Thigh [LThg],1,60.831,60.831,41.462,144.233,4.793,6.0000,20.487,-532.776,1617.074,-59.106,-0.5299,0.4359,0.7275,114.913,43.366,-75.615,-,Skin,shape,0000020E2E585000,2,0,1,0,-
2066,70268.055,0.0000,impact,ragdoll,Proventus Avenicci,0001A67D,NPC R Thigh [RThg],2,38.706,38.706,61.250,147.612,1.308,6.0000,20.487,-533.556,1616.079,-61.218,-0.3110,0.5618,0.7666,112.832,30.094,-90.293,-,Skin,shape,0000020E2E585C00,1,0,1,0,-
2067,70268.056,0.0000,impact,ragdoll,Proventus Avenicci,0001A67D,NPC L Thigh [LThg],1,38.706,38.706,61.250,163.215,2.042,6.0000,20.487,-533.556,1616.079,-61.218,-0.3110,0.5618,0.7666,139.367,56.219,-63.680,-,Skin,shape,0000020E2E585000,2,0,1,0,-
2068,70268.059,0.0000,impact,ragdoll,Proventus Avenicci,0001A67D,NPC L Foot [Lft ],7,29.247,29.247,155.936,110.861,5.732,3.0000,10.011,-563.307,1628.713,-64.255,0.3820,0.2371,-0.8932,108.344,17.243,-15.948,-,Skin,shape,0000020E2E584D00,4,1,1,0,-
2069,70268.059,0.0000,impact,ragdoll,Proventus Avenicci,0001A67D,NPC R Calf [RClf],4,29.247,29.247,155.936,124.341,5.248,6.0000,19.675,-563.307,1628.713,-64.255,0.3820,0.2371,-0.8932,91.498,-18.297,-82.183,-,Skin,shape,0000020E2E585300,7,1,1,0,-
2070,70283.618,0.0000,impact,ragdoll,Proventus Avenicci,0001A67D,NPC L Calf [LClf],5,49.078,49.078,26.958,140.320,1.807,6.0000,19.675,-538.296,1622.500,-58.157,-0.1873,-0.2257,-0.9560,124.380,41.575,-49.908,-,Skin,shape,0000020E2E585000,2,1,1,0,-
2071,70283.619,0.0000,impact,ragdoll,Proventus Avenicci,0001A67D,NPC R Thigh [RThg],2,49.078,49.078,26.958,150.807,1.287,6.0000,20.487,-538.296,1622.500,-58.157,-0.1873,-0.2257,-0.9560,112.068,34.338,-94.893,-,Skin,shape,0000020E2E585900,5,1,1,0,-
2072,70283.621,0.0000,impact,ragdoll,Proventus Avenicci,0001A67D,NPC L Calf [LClf],5,41.133,41.133,107.748,140.320,1.807,6.0000,19.675,-548.314,1631.571,-79.650,0.0000,-0.0000,1.0000,124.380,41.575,-49.908,Static,Wood,shape,0000020E280FC700,-,1,1,0,-
2073,70284.165,0.0000,impact,ragdoll,Proventus Avenicci,0001A67D,NPC COM [COM ],0,123.632,123.632,73.248,160.388,3.268,50.0000,17.687,-507.137,1635.292,-71.430,-0.1778,-0.4414,0.8795,124.122,37.254,-94.500,-,Skin,shape,0000020E2E516B00,14,1,1,0,-
2074,70284.166,0.0000,impact,ragdoll,Proventus Avenicci,0001A67D,NPC L Forearm [LLar],14,123.632,123.632,73.248,165.419,1.520,2.0000,11.658,-507.137,1635.292,-71.430,-0.1778,-0.4414,0.8795,123.077,92.527,60.450,-,-,-,0000020E2E585600,0,1,1,0,-
2075,70301.357,0.0000,impact,ragdoll,Proventus Avenicci,0001A67D,NPC L Hand [LHnd],16,77.259,77.259,83.079,176.077,12.174,4.0000,8.334,-503.218,1639.219,-66.693,-0.4594,-0.6218,-0.6343,134.633,113.163,8.444,-,Skin,shape,0000020E2E584400,6,1,1,0,-
2076,70301.358,0.0000,impact,ragdoll,Proventus Avenicci,0001A67D,NPC Spine1 [Spn1],6,77.259,77.259,83.079,124.938,4.822,4.0000,18.878,-503.218,1639.219,-66.693,-0.4594,-0.6218,-0.6343,88.770,69.531,-53.805,-,Skin,shape,0000020E2E516800,16,1,1,0,-
2077,70317.716,0.0000,impact,ragdoll,Proventus Avenicci,0001A67D,NPC L Thigh [LThg],1,50.454,50.454,56.689,176.548,2.540,6.0000,20.487,-504.611,1636.248,-73.082,-0.1943,-0.7732,0.6037,128.608,56.555,-106.914,-,Skin,shape,0000020E2E516B00,14,1,1,0,-
2078,70317.717,0.0000,impact,ragdoll,Proventus Avenicci,0001A67D,NPC L Forearm [LLar],14,50.454,50.454,56.689,119.937,2.132,2.0000,11.658,-504.611,1636.248,-73.082,-0.1943,-0.7732,0.6037,90.378,78.574,-6.541,-,Skin,shape,0000020E2E585C00,1,1,1,0,-
2079,70317.725,0.0000,impact,ragdoll,Proventus Avenicci,0001A67D,NPC L Foot [Lft ],7,19.332,19.332,88.700,89.268,3.521,3.0000,10.011,-551.719,1627.237,-63.853,0.2348,0.6101,-0.7567,87.330,10.558,-15.192,-,Skin,shape,0000020E2E584D00,4,0,1,0,-
2080,70317.725,0.0000,impact,ragdoll,Proventus Avenicci,0001A67D,NPC R Calf [RClf],4,19.332,19.332,88.700,148.077,4.727,6.0000,19.675,-551.719,1627.237,-63.853,0.2348,0.6101,-0.7567,107.499,-34.178,-95.931,-,Skin,shape,0000020E2E585300,7,0,1,0,-
2081,70317.729,0.0000,impact,ragdoll,Proventus Avenicci,0001A67D,NPC L UpperArm [LUar],10,10.546,10.546,105.361,109.717,1.794,2.0000,14.463,-488.224,1664.050,-79.650,0.0000,0.0000,1.0000,67.571,86.274,-5.384,Static,Wood,shape,0000020E27FD8D00,-,1,1,0,-
2082,70318.198,0.0000,impact,ragdoll,Proventus Avenicci,0001A67D,NPC L Thigh [LThg],1,106.505,106.505,140.495,175.181,3.235,6.0000,20.487,-524.673,1614.815,-79.650,0.0000,-0.0000,1.0000,129.395,54.328,-104.852,Static,Wood,shape,0000020E280FC700,-,1,1,0,-
2083,70318.208,0.0000,impact,ragdoll,Proventus Avenicci,0001A67D,NPC L Calf [LClf],5,109.006,109.006,142.221,140.381,3.399,6.0000,19.675,-528.782,1612.528,-78.000,0.0000,-0.0000,1.0000,113.086,37.970,-74.005,Static,Carpet,shape,0000020E28304100,-,0,1,0,-
2084,70352.154,0.0000,impact,ragdoll,Proventus Avenicci,0001A67D,NPC R Calf [RClf],4,84.661,84.661,98.698,173.046,4.969,6.0000,19.675,-526.289,1619.066,-66.775,-0.6561,0.4376,0.6148,119.406,-32.060,-121.076,-,Skin,shape,0000020E2E585C00,1,1,1,0,-
2085,70352.155,0.0000,impact,ragdoll,Proventus Avenicci,0001A67D,NPC L Thigh [LThg],1,84.661,84.661,98.698,133.672,1.266,6.0000,20.487,-526.289,1619.066,-66.775,-0.6561,0.4376,0.6148,123.011,51.392,-9.774,-,Skin,shape,0000020E2E584D00,4,1,1,0,-
2086,70370.296,0.0000,impact,ragdoll,Proventus Avenicci,0001A67D,NPC L Calf [LClf],5,31.211,31.211,159.062,114.717,3.973,6.0000,19.675,-522.667,1613.366,-78.023,0.0000,0.3013,0.9535,108.912,23.208,-27.557,Static,Carpet,shape,0000020E28304100,-,1,1,0,-
2087,70370.298,0.0000,impact,ragdoll,Proventus Avenicci,0001A67D,NPC L Calf [LClf],5,47.377,47.377,152.926,114.717,3.973,6.0000,19.675,-522.667,1614.911,-79.650,0.0000,0.0000,1.0000,108.912,23.208,-27.557,Static,Wood,shape,0000020E280FC700,-,0,1,0,-
2088,70370.317,0.0000,impact,ragdoll,Proventus Avenicci,0001A67D,NPC R Foot [Rft ],8,159.629,159.629,206.341,256.904,8.063,3.0000,10.011,-559.911,1613.324,-78.012,0.0000,0.2169,0.9762,196.523,-62.177,-153.337,Static,Carpet,shape,0000020E28304100,-,1,1,0,-
2089,70388.956,0.0000,impact,ragdoll,Proventus Avenicci,0001A67D,NPC R Thigh [RThg],2,24.087,24.087,3.476,124.700,4.179,6.0000,20.487,-502.486,1629.967,-61.089,-0.3697,0.2244,0.9016,122.311,-19.025,-15.106,-,Skin,shape,0000020E2E585C00,1,0,1,0,-
2090,70388.957,0.0000,impact,ragdoll,Proventus Avenicci,0001A67D,NPC L Thigh [LThg],1,24.087,24.087,3.476,119.694,0.888,6.0000,20.487,-502.486,1629.967,-61.089,-0.3697,0.2244,0.9016,110.835,42.279,15.960,-,Skin,shape,0000020E2E585000,2,0,1,0,-
2091,70479.117,0.0000,impact,ragdoll,Proventus Avenicci,0001A67D,NPC R Foot [Rft ],8,53.379,53.379,127.514,122.660,6.946,3.0000,10.011,-544.892,1615.858,-79.650,-0.0000,-0.0000,1.0000,97.365,-28.384,-68.992,Static,Wood,shape,0000020E280FC700,-,1,1,0,-
2092,70533.883,0.0000,impact,ragdoll,Proventus Avenicci,0001A67D,NPC R Hand [RHnd],17,123.668,123.668,130.216,131.785,5.689,4.0000,8.334,-492.000,1635.299,-48.013,-0.0625,0.2203,0.9734,19.945,-21.348,-128.506,-,Skin,shape,0000020E2E585000,2,1,1,0,-
2093,70533.883,0.0000,impact,ragdoll,Proventus Avenicci,0001A67D,NPC R Thigh [RThg],2,123.668,123.668,130.216,96.620,1.706,6.0000,20.487,-492.000,1635.299,-48.013,-0.0625,0.2203,0.9734,95.972,10.634,-3.409,-,Skin,shape,0000020E2E517100,17,1,1,0,-
2094,70552.486,0.0000,impact,ragdoll,Proventus Avenicci,0001A67D,NPC R Foot [Rft ],8,23.426,23.426,39.245,65.929,7.058,3.0000,10.011,-541.013,1607.348,-78.000,0.0000,-0.0000,1.0000,58.843,-28.648,-7.969,Static,Carpet,shape,0000020E28304100,-,0,1,0,-
2095,70552.487,0.0000,impact,ragdoll,Proventus Avenicci,0001A67D,NPC R Foot [Rft ],8,23.426,23.426,39.233,65.929,7.058,3.0000,10.011,-541.013,1607.348,-79.650,-0.0000,0.0000,1.0000,58.843,-28.648,-7.969,Static,Wood,shape,0000020E280FC700,-,0,1,0,-
2096,70571.866,0.0000,impact,ragdoll,Proventus Avenicci,0001A67D,NPC R Hand [RHnd],17,57.932,57.932,24.543,123.747,3.549,4.0000,8.334,-487.123,1636.786,-49.963,-0.2342,0.0916,0.9679,101.130,3.355,-71.237,-,-,-,0000020E2E585600,0,1,1,0,-
2097,70571.866,0.0000,impact,ragdoll,Proventus Avenicci,0001A67D,NPC COM [COM ],0,57.932,57.932,24.543,81.256,2.525,50.0000,17.687,-487.123,1636.786,-49.963,-0.2342,0.0916,0.9679,76.487,19.868,-18.911,-,Skin,shape,0000020E2E517100,17,1,1,0,-
2098,70590.112,0.0000,impact,ragdoll,Proventus Avenicci,0001A67D,NPC R Forearm [RLar],15,14.427,14.427,23.655,81.588,2.689,6.0000,11.658,-485.230,1655.846,-47.921,-0.2758,0.0267,0.9608,77.177,0.854,-26.449,-,Skin,shape,0000020E2E584400,6,1,1,0,-
2099,70590.113,0.0000,impact,ragdoll,Proventus Avenicci,0001A67D,NPC Spine1 [Spn1],6,14.427,14.427,23.655,52.412,1.794,4.0000,18.878,-485.230,1655.846,-47.921,-0.2758,0.0267,0.9608,46.574,17.024,-16.974,-,Skin,shape,0000020E2E517400,15,1,1,0,-
2100,70609.258,0.0000,impact,ragdoll,Proventus Avenicci,0001A67D,NPC R Hand [RHnd],17,32.970,32.970,13.776,116.864,1.124,4.0000,8.334,-482.516,1642.005,-51.015,-0.2542,-0.3553,0.8995,101.400,-5.051,-57.878,-,Skin,shape,0000020E2E584700,3,1,1,0,-
2101,70609.259,0.0000,impact,ragdoll,Proventus Avenicci,0001A67D,NPC Spine [Spn0],3,32.970,32.970,13.776,66.298,2.235,4.0000,17.297,-482.516,1642.005,-51.015,-0.2542,-0.3553,0.8995,59.207,16.573,-24.803,-,Skin,shape,0000020E2E517100,17,1,1,0,-
2102,70663.239,0.0000,impact,ragdoll,Proventus Avenicci,0001A67D,NPC R Forearm [RLar],15,9.712,9.712,16.620,122.804,2.050,6.0000,11.658,-479.485,1662.712,-48.067,-0.1369,-0.6279,0.7661,107.739,-17.682,-56.217,-,Skin,shape,0000020E2E584100,9,1,1,0,-
2103,70663.240,0.0000,impact,ragdoll,Proventus Avenicci,0001A67D,NPC Spine2 [Spn2],9,9.712,9.712,16.620,48.152,2.167,7.0000,23.052,-479.485,1662.712,-48.067,-0.1369,-0.6279,0.7661,42.281,9.216,-21.119,-,Skin,shape,0000020E2E517400,15,1,1,0,-
2104,70678.852,0.0000,impact,ragdoll,Proventus Avenicci,0001A67D,NPC L Thigh [LThg],1,39.690,39.480,37.057,56.808,2.098,6.0000,20.487,-476.796,1636.331,-79.650,0.0000,-0.0000,1.0000,53.226,1.709,-19.779,Static,Wood,shape,0000020E280FC700,-,0,0,0,-
2105,70678.873,0.0000,impact,ragdoll,Proventus Avenicci,0001A67D,NPC L Thigh [LThg],1,10.555,10.749,69.751,45.359,1.888,6.0000,20.487,-491.106,1612.272,-78.193,0.0000,0.7889,0.6145,42.412,-4.768,15.360,Static,Carpet,shape,0000020E28305300,-,1,1,0,-
2106,70679.454,0.0000,impact,ragdoll,Proventus Avenicci,0001A67D,NPC R Forearm [RLar],15,44.023,44.023,32.954,124.110,2.940,6.0000,11.658,-479.409,1638.789,-51.598,0.0253,0.4237,0.9055,107.365,-16.316,-60.083,-,Skin,shape,0000020E2E585000,2,1,1,0,-
2107,70679.454,0.0000,impact,ragdoll,Proventus Avenicci,0001A67D,NPC R Thigh [RThg],2,44.023,44.023,32.954,70.942,2.008,6.0000,20.487,-479.409,1638.789,-51.598,0.0253,0.4237,0.9055,68.420,10.292,-15.672,-,Skin,shape,0000020E2E517400,15,1,1,0,-
2108,70679.455,0.0000,impact,ragdoll,Proventus Avenicci,0001A67D,NPC R Forearm [RLar],15,28.436,28.436,20.974,124.110,2.940,6.0000,11.658,-477.598,1644.726,-52.530,-0.1446,-0.1384,0.9798,107.365,-16.316,-60.083,-,Skin,shape,0000020E2E584700,3,1,1,0,-
2109,70679.455,0.0000,impact,ragdoll,Proventus Avenicci,0001A67D,NPC Spine [Spn0],3,28.436,28.436,20.974,71.956,1.850,4.0000,17.297,-477.598,1644.726,-52.530,-0.1446,-0.1384,0.9798,53.609,11.224,-46.667,-,Skin,shape,0000020E2E517400,15,1,1,0,-
2110,70679.521,0.0000,impact,ragdoll,Proventus Avenicci,0001A67D,NPC L Thigh [LThg],1,20.240,4.856,47.362,52.565,0.701,6.0000,20.487,-476.729,1636.323,-79.650,-0.0000,0.0000,1.0000,52.366,-3.663,-2.725,Static,Wood,shape,0000020E280FC700,-,0,0,0,-
2111,70695.097,0.0000,impact,ragdoll,Proventus Avenicci,0001A67D,NPC L Thigh [LThg],1,34.611,5.362,46.257,43.428,0.364,6.0000,20.487,-476.378,1636.311,-79.650,-0.0000,0.0000,1.0000,42.942,-5.005,-4.112,Static,Wood,shape,0000020E280FC700,-,0,0,0,-
2112,70695.690,0.0000,impact,ragdoll,Proventus Avenicci,0001A67D,NPC COM [COM ],0,22.247,22.247,30.805,50.229,1.333,50.0000,17.687,-475.790,1638.443,-79.650,0.0000,0.0000,1.0000,44.520,7.983,-21.845,Static,Wood,shape,0000020E280FC700,-,1,1,0,-
2113,70695.703,0.0000,impact,ragdoll,Proventus Avenicci,0001A67D,NPC R Forearm [RLar],15,50.925,50.925,8.341,123.668,4.927,6.0000,11.658,-476.635,1640.371,-53.762,-0.0373,0.2484,0.9679,108.522,-9.641,-58.513,-,-,-,0000020E2E585600,0,1,1,0,-
2114,70695.703,0.0000,impact,ragdoll,Proventus Avenicci,0001A67D,NPC COM [COM ],0,50.925,50.925,8.341,50.229,1.333,50.0000,17.687,-476.635,1640.371,-53.762,-0.0373,0.2484,0.9679,44.520,7.983,-21.845,-,Skin,shape,0000020E2E517400,15,1,1,0,-
2115,70695.765,0.0000,impact,ragdoll,Proventus Avenicci,0001A67D,NPC L Thigh [LThg],1,43.161,6.207,10.497,15.935,0.977,6.0000,20.487,-476.196,1636.303,-79.650,0.0000,-0.0000,1.0000,15.423,-0.294,-3.997,Static,Wood,shape,0000020E280FC700,-,0,0,0,-
2116,70696.214,0.0000,impact,ragdoll,Proventus Avenicci,0001A67D,NPC Spine [Spn0],3,13.041,13.041,18.731,37.435,3.240,4.0000,17.297,-475.078,1647.090,-79.650,-0.0000,0.0000,1.0000,33.968,9.579,-12.481,Static,Wood,shape,0000020E280FC700,-,1,1,0,-
2117,70712.968,0.0000,impact,ragdoll,Proventus Avenicci,0001A67D,NPC L Thigh [LThg],1,52.449,7.464,1.521,8.854,1.398,6.0000,20.487,-476.099,1636.283,-79.650,0.0000,-0.0000,1.0000,8.036,1.754,3.275,Static,Wood,shape,0000020E280FC700,-,0,0,0,-
2118,70713.585,0.0000,impact,ragdoll,Proventus Avenicci,0001A67D,NPC L Thigh [LThg],1,46.274,-3.279,0.627,10.640,0.647,6.0000,20.487,-476.046,1636.289,-79.650,0.0000,-0.0000,1.0000,3.452,1.905,9.882,Static,Wood,shape,0000020E280FC700,-,0,0,0,-
2119,70728.367,0.0000,impact,ragdoll,Proventus Avenicci,0001A67D,NPC L Thigh [LThg],1,24.647,2.389,2.033,10.087,1.014,6.0000,20.487,-475.993,1636.282,-79.650,0.0000,-0.0000,1.0000,4.876,3.541,8.090,Static,Wood,shape,0000020E280FC700,-,0,0,0,-
2120,70728.965,0.0000,impact,ragdoll,Proventus Avenicci,0001A67D,NPC Spine2 [Spn2],9,10.896,10.896,13.899,39.989,2.830,7.0000,23.052,-476.340,1672.523,-79.650,0.0000,0.0000,1.0000,36.260,11.385,-12.441,Static,Wood,shape,0000020E27FD8D00,-,1,1,0,-
2121,70813.957,0.0000,state,unknown,Proventus Avenicci,0001A67D,-,-,0.000,0.000,0.000,0.000,0.000,0.0000,0.000,0.000,0.000,0.000,0.0000,0.0000,0.0000,0.000,0.000,0.000,-,-,-,0000000000000000,-,0,0,0,knock_get_up
2122,80087.047,0.0000,state,unknown,Proventus Avenicci,0001A67D,-,-,0.000,0.000,0.000,0.000,0.000,0.0000,0.000,0.000,0.000,0.000,0.0000,0.0000,0.0000,0.000,0.000,0.000,-,-,-,0000000000000000,-,0,0,0,ragdoll_start
2123,80091.132,0.0000,impact,ragdoll,Proventus Avenicci,0001A67D,NPC R Thigh [RThg],2,22.302,22.302,159.141,195.462,5.360,6.0000,20.487,128.608,2086.742,-17.032,0.9890,-0.1481,-0.0067,-108.335,159.604,31.553,-,Skin,shape,0000020E2E585C00,1,1,1,0,-
2124,80091.133,0.0000,impact,ragdoll,Proventus Avenicci,0001A67D,NPC L Thigh [LThg],1,22.302,22.302,159.141,123.070,3.780,6.0000,20.487,128.608,2086.742,-17.032,0.9890,-0.1481,-0.0067,-92.914,71.754,-36.938,-,Skin,shape,0000020E2E585000,2,1,1,0,-
2125,80091.135,0.0000,impact,ragdoll,Proventus Avenicci,0001A67D,NPC L Forearm [LLar],14,78.719,78.719,94.320,194.565,5.339,2.0000,11.658,122.259,2075.476,3.783,-0.4613,-0.8872,-0.0102,-105.884,162.993,8.801,-,Skin,shape,0000020E2E584400,6,1,1,0,-
2126,80091.136,0.0000,impact,ragdoll,Proventus Avenicci,0001A67D,NPC Spine1 [Spn1],6,78.719,78.719,94.320,128.263,4.453,4.0000,18.878,122.259,2075.476,3.783,-0.4613,-0.8872,-0.0102,-101.492,77.886,9.194,-,Skin,shape,0000020E2E516B00,14,1,1,0,-
2127,80108.464,0.0000,impact,ragdoll,Proventus Avenicci,0001A67D,NPC L Forearm [LLar],14,46.861,46.861,120.889,201.818,7.859,2.0000,11.658,120.541,2076.433,12.155,-0.2912,-0.8356,-0.4658,-151.221,122.571,-53.281,-,Skin,shape,0000020E2E584100,9,1,1,0,-
2128,80108.465,0.0000,impact,ragdoll,Proventus Avenicci,0001A67D,NPC Spine2 [Spn2],9,46.861,46.861,120.889,190.299,3.223,7.0000,23.052,120.541,2076.433,12.155,-0.2912,-0.8356,-0.4658,-161.412,96.268,-29.868,-,Skin,shape,0000020E2E516B00,14,1,1,0,-
2129,80108.467,0.0000,impact,ragdoll,Proventus Avenicci,0001A67D,NPC L Hand [LHnd],16,95.382,95.382,413.754,146.925,38.002,4.0000,8.334,118.583,2079.743,-8.202,-0.7923,-0.6049,-0.0793,-54.232,135.480,-17.065,-,Skin,shape,0000020E2E584700,3,1,1,0,-
2130,80108.467,0.0000,impact,ragdoll,Proventus Avenicci,0001A67D,NPC Spine [Spn0],3,95.382,95.382,413.754,116.020,4.487,4.0000,17.297,118.583,2079.743,-8.202,-0.7923,-0.6049,-0.0793,-99.754,41.321,-42.454,-,Skin,shape,0000020E2E516800,16,1,1,0,-
2131,80157.331,0.0000,impact,ragdoll,Proventus Avenicci,0001A67D,NPC L Forearm [LLar],14,95.554,95.554,313.065,189.723,29.374,2.0000,11.658,114.759,2080.953,-6.671,-0.6401,-0.7118,0.2893,-123.130,125.710,-70.927,-,Skin,shape,0000020E2E584700,3,1,1,0,-
2132,80157.332,0.0000,impact,ragdoll,Proventus Avenicci,0001A67D,NPC Spine [Spn0],3,95.554,95.554,313.065,154.103,7.137,4.0000,17.297,114.759,2080.953,-6.671,-0.6401,-0.7118,0.2893,-147.663,37.205,-23.650,-,Skin,shape,0000020E2E516B00,14,1,1,0,-
2133,80174.052,0.0000,impact,ragdoll,Proventus Avenicci,0001A67D,NPC L Foot [Lft ],7,107.562,107.562,119.888,190.776,19.864,3.0000,10.011,101.552,2123.728,-79.650,0.0000,0.0000,1.0000,-78.063,147.063,-93.135,Static,Wood,shape,0000020D52D2EE00,-,1,1,0,-
2134,80191.415,0.0000,impact,ragdoll,Proventus Avenicci,0001A67D,NPC L Hand [LHnd],16,76.072,76.072,393.300,156.328,36.947,4.0000,8.334,106.367,2084.402,-7.915,-0.5083,-0.5249,-0.6827,-102.780,51.493,-105.940,-,Skin,shape,0000020E2E584400,6,1,1,0,-
2135,80191.416,0.0000,impact,ragdoll,Proventus Avenicci,0001A67D,NPC Spine1 [Spn1],6,76.072,76.072,393.300,242.701,6.839,4.0000,18.878,106.367,2084.402,-7.915,-0.5083,-0.5249,-0.6827,-225.808,22.715,-86.014,-,Skin,shape,0000020E2E516800,16,1,1,0,-
2136,80303.323,0.0000,impact,ragdoll,Proventus Avenicci,0001A67D,NPC L Hand [LHnd],16,32.166,32.166,79.238,138.522,8.641,4.0000,8.334,97.280,2089.854,-28.830,-0.4720,-0.8774,-0.0860,-57.677,39.180,-119.694,-,-,-,0000020E2E585600,0,1,1,0,-
2137,80303.324,0.0000,impact,ragdoll,Proventus Avenicci,0001A67D,NPC COM [COM ],0,32.166,32.166,79.238,245.452,6.395,50.0000,17.687,97.280,2089.854,-28.830,-0.4720,-0.8774,-0.0860,-200.436,72.985,-121.429,-,Skin,shape,0000020E2E516800,16,1,1,0,-
2138,80439.171,0.0000,impact,ragdoll,Proventus Avenicci,0001A67D,NPC R Forearm [RLar],15,102.976,102.976,417.778,488.954,17.608,6.0000,11.658,49.476,2131.945,-21.120,0.3677,-0.9300,0.0000,-415.537,-37.748,-254.913,Static,Wood,shape,0000020E281A5600,-,1,1,0,-
2139,80439.594,0.0000,impact,ragdoll,Proventus Avenicci,0001A67D,NPC R Forearm [RLar],15,19.362,19.362,471.053,449.715,9.872,6.0000,11.658,49.225,2131.823,-23.109,0.3677,-0.9300,0.0000,-344.461,-147.111,-248.894,Static,Wood,shape,0000020E281A5600,-,1,1,0,-
2140,80439.595,0.0000,impact,ragdoll,Proventus Avenicci,0001A67D,NPC L Hand [LHnd],16,41.085,41.085,153.791,317.164,11.765,4.0000,8.334,73.816,2101.688,-48.532,-0.3974,-0.9169,0.0358,-215.503,104.786,-207.778,-,Skin,shape,0000020E2E585C00,1,1,1,0,-
2141,80439.595,0.0000,impact,ragdoll,Proventus Avenicci,0001A67D,NPC L Thigh [LThg],1,41.085,41.085,153.791,246.576,9.534,6.0000,20.487,73.816,2101.688,-48.532,-0.3974,-0.9169,0.0358,-229.457,64.978,-62.664,-,Skin,shape,0000020E2E516800,16,1,1,0,-
2142,80457.246,0.0000,impact,ragdoll,Proventus Avenicci,0001A67D,NPC R Hand [RHnd],17,33.963,33.963,323.913,455.255,24.763,4.0000,8.334,49.789,2138.210,-25.886,0.3604,-0.9328,-0.0000,-385.243,-112.712,-214.806,Static,Wood,shape,0000020E281A5600,-,1,0,0,-
2143,80457.250,0.0000,impact,ragdoll,Proventus Avenicci,0001A67D,NPC R Hand [RHnd],17,68.327,68.327,389.428,455.255,24.763,4.0000,8.334,49.734,2132.093,-25.984,0.3677,-0.9300,0.0000,-385.243,-112.712,-214.806,Static,Wood,shape,0000020E281A5600,-,0,0,0,-
2144,80457.250,0.0000,impact,ragdoll,Proventus Avenicci,0001A67D,NPC R Hand [RHnd],17,44.312,44.312,406.745,455.255,24.763,4.0000,8.334,51.780,2132.833,-25.886,0.3844,-0.9232,-0.0000,-385.243,-112.712,-214.806,Static,Wood,shape,0000020E281A5600,-,0,0,0,-
2145,80457.250,0.0000,impact,ragdoll,Proventus Avenicci,0001A67D,NPC R Hand [RHnd],17,70.540,70.540,382.719,455.255,24.763,4.0000,8.334,48.954,2131.821,-25.886,0.3452,-0.9385,0.0000,-385.243,-112.712,-214.806,Static,Wood,shape,0000020E281A5600,-,0,0,0,-
2146,80457.251,0.0000,impact,ragdoll,Proventus Avenicci,0001A67D,NPC R Hand [RHnd],17,44.312,44.312,406.745,455.255,24.763,4.0000,8.334,51.780,2132.833,-25.886,0.3844,-0.9232,-0.0000,-385.243,-112.712,-214.806,Static,Wood,shape,0000020E281A5600,-,0,0,0,-
2147,80457.251,0.0000,impact,ragdoll,Proventus Avenicci,0001A67D,NPC R Hand [RHnd],17,313.338,313.338,246.240,455.255,24.763,4.0000,8.334,51.874,2133.689,-25.727,0.9891,-0.1473,0.0000,-385.243,-112.712,-214.806,Static,Wood,shape,0000020E281A5600,-,0,1,0,-
2148,80457.862,0.0000,impact,ragdoll,Proventus Avenicci,0001A67D,NPC R Thigh [RThg],2,326.873,326.873,469.110,383.921,6.520,6.0000,20.487,55.744,2125.931,-29.909,0.9022,-0.2771,-0.3305,-365.166,73.781,-92.765,-,Skin,shape,0000020E2E517100,17,1,1,0,-
2149,80457.862,0.0000,impact,ragdoll,Proventus Avenicci,0001A67D,NPC R Hand [RHnd],17,326.873,326.873,469.110,458.460,46.479,4.0000,8.334,55.744,2125.931,-29.909,0.9022,-0.2771,-0.3305,-172.080,-326.847,-271.560,-,Skin,shape,0000020E2E585000,2,1,1,0,-
2150,80492.854,0.0000,impact,ragdoll,Proventus Avenicci,0001A67D,NPC R Thigh [RThg],2,106.971,106.971,414.939,396.282,9.195,6.0000,20.487,50.073,2132.255,-33.748,0.3677,-0.9300,0.0000,-373.020,21.047,-132.109,Static,Wood,shape,0000020E281A5600,-,1,0,0,-
2151,80492.855,0.0000,impact,ragdoll,Proventus Avenicci,0001A67D,NPC R Thigh [RThg],2,360.378,360.378,227.223,396.282,9.195,6.0000,20.487,51.964,2133.010,-31.681,0.9086,-0.4177,-0.0000,-373.020,21.047,-132.109,Static,Wood,shape,0000020E281A5600,-,0,0,0,-
2152,80492.856,0.0000,impact,ragdoll,Proventus Avenicci,0001A67D,NPC R Thigh [RThg],2,428.929,428.929,86.677,396.282,9.195,6.0000,20.487,52.454,2136.300,-28.534,0.9997,0.0244,0.0000,-373.020,21.047,-132.109,Static,Wood,shape,0000020E281A5600,-,0,0,0,-
2153,80492.856,0.0000,impact,ragdoll,Proventus Avenicci,0001A67D,NPC R Thigh [RThg],2,406.154,406.154,162.885,396.282,9.195,6.0000,20.487,52.454,2136.300,-28.534,0.9731,-0.2305,0.0000,-373.020,21.047,-132.109,Static,Wood,shape,0000020E281A5600,-,0,0,0,-
2154,80492.856,0.0000,impact,ragdoll,Proventus Avenicci,0001A67D,NPC R Thigh [RThg],2,360.378,360.378,227.223,396.282,9.195,6.0000,20.487,51.964,2133.010,-31.681,0.9086,-0.4177,-0.0000,-373.020,21.047,-132.109,Static,Wood,shape,0000020E281A5600,-,0,0,0,-
2155,80492.856,0.0000,impact,ragdoll,Proventus Avenicci,0001A67D,NPC R Thigh [RThg],2,407.710,407.710,133.325,396.282,9.195,6.0000,20.487,52.126,2134.092,-30.420,0.9891,-0.1473,0.0000,-373.020,21.047,-132.109,Static,Wood,shape,0000020E281A5600,-,0,1,0,-
2156,80492.872,0.0000,impact,ragdoll,Proventus Avenicci,0001A67D,NPC Spine2 [Spn2],9,301.132,301.132,267.739,386.953,8.381,7.0000,23.052,27.788,2097.083,-78.000,-0.0000,-0.0000,1.0000,-245.771,34.231,-296.913,Static,Carpet,shape,0000020E28306E00,-,1,1,0,-
2157,80492.873,0.0000,impact,ragdoll,Proventus Avenicci,0001A67D,NPC L UpperArm [LUar],10,374.991,374.991,202.142,426.577,13.530,2.0000,14.463,26.172,2084.582,-78.000,-0.0000,-0.0000,1.0000,-203.052,86.832,-364.963,Static,Carpet,shape,0000020E28306E00,-,1,1,0,-
2158,80492.875,0.0000,impact,ragdoll,Proventus Avenicci,0001A67D,NPC Head [Head],13,449.899,449.899,99.841,473.981,22.987,4.0000,15.108,6.441,2085.691,-78.000,-0.0000,0.0000,1.0000,-144.945,-56.310,-447.747,Static,Carpet,shape,0000020E28306E00,-,1,1,0,-
2159,80493.423,0.0000,impact,ragdoll,Proventus Avenicci,0001A67D,NPC R Calf [RClf],4,96.972,96.972,447.182,214.230,27.297,6.0000,19.675,54.099,2143.485,-14.394,0.9803,-0.1973,0.0000,-125.393,-123.626,-122.014,Static,Wood,shape,0000020E281A5600,-,0,0,0,-
2160,80493.423,0.0000,impact,ragdoll,Proventus Avenicci,0001A67D,NPC R Calf [RClf],4,234.569,234.569,466.412,214.230,27.297,6.0000,19.675,51.907,2136.896,-23.598,0.6508,0.7593,0.0000,-125.393,-123.626,-122.014,Static,Wood,shape,0000020E281A5600,-,0,0,0,-
2161,80493.424,0.0000,impact,ragdoll,Proventus Avenicci,0001A67D,NPC R Calf [RClf],4,291.813,291.813,441.844,214.230,27.297,6.0000,19.675,54.923,2147.580,-8.250,0.9803,-0.1973,0.0000,-125.393,-123.626,-122.014,Static,Wood,shape,0000020E281A5600,-,0,0,0,-
2162,80493.427,0.0000,impact,ragdoll,Proventus Avenicci,0001A67D,NPC R Forearm [RLar],15,176.521,176.521,63.537,371.642,7.322,6.0000,11.658,22.821,2106.220,-47.388,-0.0185,0.5946,0.8038,-327.239,-87.314,-152.999,-,Skin,shape,0000020E2E584100,9,1,1,0,-
2163,80493.427,0.0000,impact,ragdoll,Proventus Avenicci,0001A67D,NPC Spine2 [Spn2],9,176.521,176.521,63.537,226.398,7.157,7.0000,23.052,22.821,2106.220,-47.388,-0.0185,0.5946,0.8038,-224.139,31.873,-1.233,-,Skin,shape,0000020E2E517400,15,1,1,0,-
2164,80493.429,0.0000,impact,ragdoll,Proventus Avenicci,0001A67D,NPC R Hand [RHnd],17,234.462,234.462,472.929,471.897,20.391,4.0000,8.334,41.209,2116.805,-45.765,-0.3893,0.4905,0.7796,-387.084,-38.113,-267.209,-,Skin,shape,0000020E2E584700,3,1,1,0,-
2165,80493.429,0.0000,impact,ragdoll,Proventus Avenicci,0001A67D,NPC Spine [Spn0],3,234.462,234.462,472.929,292.005,8.542,4.0000,17.297,41.209,2116.805,-45.765,-0.3893,0.4905,0.7796,-280.197,81.493,10.754,-,Skin,shape,0000020E2E517100,17,1,1,0,-
2166,80510.707,0.0000,impact,ragdoll,Proventus Avenicci,0001A67D,NPC Spine [Spn0],3,166.256,166.256,154.611,307.687,17.762,4.0000,17.297,38.550,2125.942,-53.137,0.3040,-0.9527,0.0000,-288.327,89.435,-59.498,Static,Wood,shape,0000020E281A5600,-,1,1,0,-
2167,80510.712,0.0000,impact,ragdoll,Proventus Avenicci,0001A67D,NPC Spine2 [Spn2],9,26.754,26.754,23.923,191.453,9.666,7.0000,23.052,24.440,2097.279,-79.650,0.0000,-0.0000,1.0000,-180.200,-52.045,-38.384,Static,Wood,shape,0000020D52D2EE00,-,1,1,0,-
2168,80510.715,0.0000,impact,ragdoll,Proventus Avenicci,0001A67D,NPC L Forearm [LLar],14,103.697,103.697,122.158,207.027,20.767,2.0000,11.658,41.702,2084.968,-78.000,0.0000,0.0000,1.0000,-57.167,68.511,-186.811,Static,Carpet,shape,0000020E28306E00,-,1,1,0,-
2169,80511.157,0.0000,impact,ragdoll,Proventus Avenicci,0001A67D,NPC COM [COM ],0,49.079,49.079,208.038,235.662,14.136,50.0000,17.687,45.118,2128.039,-52.981,0.3040,-0.9527,0.0000,-202.448,4.319,-120.551,Static,Wood,shape,0000020E281A5600,-,1,1,0,-
2170,80511.162,0.0000,impact,ragdoll,Proventus Avenicci,0001A67D,NPC R Foot [Rft ],8,591.201,591.201,318.792,455.299,53.658,3.0000,10.011,55.951,2152.969,-6.575,0.0000,0.2891,0.9573,40.811,-304.578,-335.952,Static,Wood,shape,0000020E281A5600,-,1,0,0,-
2171,80511.163,0.0000,impact,ragdoll,Proventus Avenicci,0001A67D,NPC R Foot [Rft ],8,577.325,577.325,343.282,455.299,53.658,3.0000,10.011,55.951,2152.969,-6.575,-0.1650,0.2475,0.9547,40.811,-304.578,-335.952,Static,Wood,shape,0000020E281A5600,-,0,0,0,-
2172,80511.163,0.0000,impact,ragdoll,Proventus Avenicci,0001A67D,NPC R Foot [Rft ],8,342.275,342.275,577.923,455.299,53.658,3.0000,10.011,55.951,2152.969,-6.575,-0.1658,-0.2487,0.9543,40.811,-304.578,-335.952,Static,Wood,shape,0000020E281A5600,-,0,0,0,-
2173,80511.163,0.0000,impact,ragdoll,Proventus Avenicci,0001A67D,NPC R Foot [Rft ],8,603.199,603.199,295.463,455.299,53.658,3.0000,10.011,55.951,2152.969,-6.575,0.0000,0.3266,0.9452,40.811,-304.578,-335.952,Static,Wood,shape,0000020E281A5600,-,0,0,0,-
2174,80527.776,0.0000,impact,ragdoll,Proventus Avenicci,0001A67D,NPC R Thigh [RThg],2,82.331,82.331,145.289,201.866,5.873,6.0000,20.487,46.550,2128.553,-49.729,0.0000,0.0000,1.0000,-73.154,-122.464,-142.833,Static,Wood,shape,0000020E281A5600,-,0,0,0,-
2175,80527.777,0.0000,impact,ragdoll,Proventus Avenicci,0001A67D,NPC R Thigh [RThg],2,107.281,107.281,146.790,201.866,5.873,6.0000,20.487,52.593,2132.198,-49.642,0.0000,0.0000,1.0000,-73.154,-122.464,-142.833,Static,Wood,shape,0000020E281A5600,-,0,0,0,-
2176,80527.778,0.0000,impact,ragdoll,Proventus Avenicci,0001A67D,NPC Spine [Spn0],3,36.253,36.253,25.521,181.264,13.038,4.0000,17.297,36.403,2125.258,-53.842,0.2446,-0.9696,0.0000,-181.160,-6.011,-1.287,Static,Wood,shape,0000020E281A5600,-,1,1,0,-
2177,80527.780,0.0000,impact,ragdoll,Proventus Avenicci,0001A67D,NPC R Calf [RClf],4,32.006,32.006,104.840,255.096,11.522,6.0000,19.675,52.077,2133.676,-28.923,0.9891,-0.1473,-0.0000,69.684,-210.372,-126.341,Static,Wood,shape,0000020E281A5600,-,0,0,0,-
2178,80527.780,0.0000,impact,ragdoll,Proventus Avenicci,0001A67D,NPC R Calf [RClf],4,30.218,30.218,104.134,255.096,11.522,6.0000,19.675,52.140,2134.102,-28.904,0.9891,-0.1473,0.0000,69.684,-210.372,-126.341,Static,Wood,shape,0000020E281A5600,-,0,1,0,-
2179,80527.786,0.0000,impact,ragdoll,Proventus Avenicci,0001A67D,NPC L UpperArm [LUar],10,59.526,59.526,239.917,174.541,21.220,2.0000,14.463,33.688,2085.503,-79.650,0.0000,-0.0000,1.0000,-169.168,38.226,-19.635,Static,Wood,shape,0000020D52D2EE00,-,1,1,0,-
2180,80527.787,0.0000,impact,ragdoll,Proventus Avenicci,0001A67D,NPC L UpperArm [LUar],10,59.526,59.526,227.034,174.541,21.220,2.0000,14.463,33.688,2085.503,-78.000,0.0000,0.0000,1.0000,-169.168,38.226,-19.635,Static,Carpet,shape,0000020E28306E00,-,0,1,0,-
2181,80527.788,0.0000,impact,ragdoll,Proventus Avenicci,0001A67D,NPC L Forearm [LLar],14,67.244,67.244,420.731,269.326,20.912,2.0000,11.658,30.974,2091.038,-66.530,0.8562,-0.4003,-0.3266,-207.166,119.408,-123.937,-,Skin,shape,0000020E2E584100,9,1,1,0,-
2182,80527.788,0.0000,impact,ragdoll,Proventus Avenicci,0001A67D,NPC Spine2 [Spn2],9,67.244,67.244,420.731,221.178,6.702,7.0000,23.052,30.974,2091.038,-66.530,0.8562,-0.4003,-0.3266,-193.801,-94.678,48.959,-,Skin,shape,0000020E2E516B00,14,1,1,0,-
2183,80527.789,0.0000,impact,ragdoll,Proventus Avenicci,0001A67D,NPC L Forearm [LLar],14,161.087,161.087,108.186,269.326,20.912,2.0000,11.658,47.989,2096.537,-79.650,0.0000,-0.0000,1.0000,-207.166,119.408,-123.937,Static,Wood,shape,0000020D52D2EE00,-,1,1,0,-
2184,80527.790,0.0000,impact,ragdoll,Proventus Avenicci,0001A67D,NPC L Forearm [LLar],14,161.087,161.087,124.889,269.326,20.912,2.0000,11.658,47.989,2096.537,-78.000,-0.0000,0.0000,1.0000,-207.166,119.408,-123.937,Static,Carpet,shape,0000020E28306E00,-,0,1,0,-
2185,80527.792,0.0000,impact,ragdoll,Proventus Avenicci,0001A67D,NPC L Hand [LHnd],16,238.295,238.295,182.006,361.778,25.582,4.0000,8.334,50.443,2102.661,-78.000,0.0000,0.0000,1.0000,-233.751,140.711,-237.580,Static,Carpet,shape,0000020E28306E00,-,1,1,0,-
2186,80528.354,0.0000,impact,ragdoll,Proventus Avenicci,0001A67D,NPC COM [COM ],0,10.540,10.540,1.767,185.342,12.821,50.0000,17.687,42.590,2127.232,-54.512,0.3040,-0.9527,0.0000,-175.773,-23.463,-53.896,Static,Wood,shape,0000020E281A5600,-,1,0,0,-
2187,80528.355,0.0000,impact,ragdoll,Proventus Avenicci,0001A67D,NPC COM [COM ],0,14.458,14.458,1.785,185.342,12.821,50.0000,17.687,42.377,2127.164,-54.822,0.3040,-0.9527,0.0000,-175.773,-23.463,-53.896,Static,Wood,shape,0000020E281A5600,-,0,1,0,-
2188,80528.364,0.0000,impact,ragdoll,Proventus Avenicci,0001A67D,NPC Head [Head],13,96.820,96.820,82.885,199.877,15.116,4.0000,15.108,-1.166,2082.492,-79.650,0.0000,0.0000,1.0000,-158.354,-76.133,-95.281,Static,Wood,shape,0000020D52D2EE00,-,1,1,0,-
2189,80528.364,0.0000,impact,ragdoll,Proventus Avenicci,0001A67D,NPC L Forearm [LLar],14,44.616,44.616,130.902,143.826,10.238,2.0000,11.658,46.190,2105.400,-65.763,0.0290,-0.8142,-0.5798,-141.575,13.393,21.517,-,-,-,0000020E2E585600,0,1,1,0,-
2190,80528.365,0.0000,impact,ragdoll,Proventus Avenicci,0001A67D,NPC COM [COM ],0,44.616,44.616,130.902,185.342,12.821,50.0000,17.687,46.190,2105.400,-65.763,0.0290,-0.8142,-0.5798,-175.773,-23.463,-53.896,-,Skin,shape,0000020E2E516B00,14,1,1,0,-
2191,80546.004,0.0000,impact,ragdoll,Proventus Avenicci,0001A67D,NPC L Hand [LHnd],16,59.368,59.368,204.770,156.332,7.570,4.0000,8.334,46.325,2102.943,-79.650,0.0000,-0.0000,1.0000,-142.792,-22.383,-59.575,Static,Wood,shape,0000020D52D2EE00,-,1,1,0,-
2192,80565.639,0.0000,impact,ragdoll,Proventus Avenicci,0001A67D,NPC R Thigh [RThg],2,111.472,111.472,255.996,251.870,7.612,6.0000,20.487,51.984,2134.071,-33.788,0.9891,-0.1473,0.0000,-198.960,-154.411,3.283,Static,Wood,shape,0000020E281A5600,-,0,1,0,-
2193,80565.647,0.0000,impact,ragdoll,Proventus Avenicci,0001A67D,NPC R Forearm [RLar],15,97.095,97.095,406.070,360.788,11.414,6.0000,11.658,6.047,2125.503,-49.483,0.0000,-0.2700,0.9629,-354.255,44.642,-51.755,Static,Wood,shape,0000020E281A5600,-,1,0,0,-
2194,80565.647,0.0000,impact,ragdoll,Proventus Avenicci,0001A67D,NPC R Forearm [RLar],15,103.318,103.318,411.383,360.788,11.414,6.0000,11.658,5.867,2126.144,-49.484,0.0000,0.0000,1.0000,-354.255,44.642,-51.755,Static,Wood,shape,0000020E281A5600,-,0,0,0,-
2195,80565.648,0.0000,impact,ragdoll,Proventus Avenicci,0001A67D,NPC R Forearm [RLar],15,97.095,97.095,406.070,360.788,11.414,6.0000,11.658,6.047,2125.503,-49.483,0.0000,-0.2700,0.9629,-354.255,44.642,-51.755,Static,Wood,shape,0000020E281A5600,-,0,1,0,-
2196,80565.651,0.0000,impact,ragdoll,Proventus Avenicci,0001A67D,NPC R Hand [RHnd],17,95.961,95.961,439.241,496.877,22.091,4.0000,8.334,9.462,2130.534,-49.470,0.0000,0.0000,1.0000,-465.580,144.702,-95.827,Static,Wood,shape,0000020E281A5600,-,1,1,0,-
2197,80566.090,0.0000,impact,ragdoll,Proventus Avenicci,0001A67D,NPC R Forearm [RLar],15,66.431,66.431,358.822,338.221,8.449,6.0000,11.658,1.557,2124.086,-45.922,0.1771,-0.2951,0.9389,-333.450,51.926,22.542,Static,Wood,shape,0000020E281A5600,-,0,1,0,-
2198,80583.045,0.0000,impact,ragdoll,Proventus Avenicci,0001A67D,NPC R Thigh [RThg],2,12.016,12.016,115.542,192.111,10.490,6.0000,20.487,36.584,2125.315,-50.033,0.3040,-0.9527,0.0000,-124.853,-122.862,-78.887,Static,Wood,shape,0000020E281A5600,-,0,1,0,-
2199,80583.048,0.0000,impact,ragdoll,Proventus Avenicci,0001A67D,NPC Spine1 [Spn1],6,28.649,28.649,223.435,233.755,1.903,4.0000,18.878,19.147,2104.004,-78.000,0.0000,0.0000,1.0000,-203.568,-111.230,-28.801,Static,Carpet,shape,0000020E28306E00,-,1,1,0,-
2200,80599.534,0.0000,impact,ragdoll,Proventus Avenicci,0001A67D,NPC L Forearm [LLar],14,6.669,6.669,109.420,283.055,5.791,2.0000,11.658,28.861,2101.312,-66.300,0.4334,-0.7511,-0.4981,-260.964,-109.622,-1.014,-,Skin,shape,0000020E2E584700,3,1,1,0,-
2201,80599.535,0.0000,impact,ragdoll,Proventus Avenicci,0001A67D,NPC Spine [Spn0],3,6.669,6.669,109.420,250.838,3.533,4.0000,17.297,28.861,2101.312,-66.300,0.4334,-0.7511,-0.4981,-234.840,-87.733,8.530,-,Skin,shape,0000020E2E516B00,14,1,1,0,-
2202,80599.984,0.0000,impact,ragdoll,Proventus Avenicci,0001A67D,NPC R Calf [RClf],4,417.002,417.002,163.145,555.541,10.212,6.0000,19.675,76.493,2109.740,-44.440,-0.4742,0.0130,0.8803,-32.485,-425.313,-355.920,-,Skin,shape,0000020E2E585900,5,1,1,0,-
2203,80599.984,0.0000,impact,ragdoll,Proventus Avenicci,0001A67D,NPC L Calf [LClf],5,417.002,417.002,163.145,308.434,5.159,6.0000,19.675,76.493,2109.740,-44.440,-0.4742,0.0130,0.8803,-275.872,-133.855,-33.304,-,Skin,shape,0000020E2E584D00,4,1,1,0,-
2204,80618.482,0.0000,impact,ragdoll,Proventus Avenicci,0001A67D,NPC L Calf [LClf],5,50.834,50.834,323.246,342.594,8.803,6.0000,19.675,56.936,2116.776,-78.000,0.0000,0.0000,1.0000,-253.582,-188.365,-132.610,Static,Carpet,shape,0000020E28306E00,-,1,1,0,-
2205,80636.977,0.0000,impact,ragdoll,Proventus Avenicci,0001A67D,NPC L Thigh [LThg],1,14.590,14.590,275.498,256.914,7.204,6.0000,20.487,49.587,2114.748,-78.000,0.0000,0.0000,1.0000,-243.548,-81.722,-3.334,Static,Carpet,shape,0000020E28306E00,-,0,1,0,-
2206,80671.429,0.0000,impact,ragdoll,Proventus Avenicci,0001A67D,NPC L Thigh [LThg],1,71.521,71.521,252.350,248.622,9.247,6.0000,20.487,39.893,2109.105,-79.650,0.0000,0.0000,1.0000,-209.128,-124.208,-51.483,Static,Wood,shape,0000020D52D2EE00,-,1,1,0,-
2207,80671.432,0.0000,impact,ragdoll,Proventus Avenicci,0001A67D,NPC L Calf [LClf],5,81.815,81.815,224.161,357.073,10.880,6.0000,19.675,45.044,2110.018,-79.650,0.0000,-0.0000,1.0000,-230.072,-199.197,-186.786,Static,Wood,shape,0000020D52D2EE00,-,1,1,0,-
2208,80689.507,0.0000,impact,ragdoll,Proventus Avenicci,0001A67D,NPC L Calf [LClf],5,124.346,124.346,236.959,322.527,13.379,6.0000,19.675,51.618,2099.640,-79.650,0.0000,0.0000,1.0000,-216.861,-200.376,-129.787,Static,Wood,shape,0000020D52D2EE00,-,0,1,0,-
2209,80689.514,0.0000,impact,ragdoll,Proventus Avenicci,0001A67D,NPC L Forearm [LLar],14,49.420,49.420,239.166,258.498,4.832,2.0000,11.658,12.523,2085.488,-79.650,-0.0000,-0.0000,1.0000,-242.427,-65.029,-61.816,Static,Wood,shape,0000020D52D2EE00,-,1,1,0,-
2210,80690.005,0.0000,impact,ragdoll,Proventus Avenicci,0001A67D,NPC L Calf [LClf],5,114.932,114.932,312.274,276.913,9.055,6.0000,19.675,58.596,2087.865,-79.650,0.0000,0.0000,1.0000,-188.552,-202.730,-5.432,Static,Wood,shape,0000020D52D2EE00,-,0,1,0,-
2211,80690.008,0.0000,impact,ragdoll,Proventus Avenicci,0001A67D,NPC L Foot [Lft ],7,202.524,202.524,449.200,388.975,19.839,3.0000,10.011,66.383,2091.952,-79.650,0.0000,0.0000,1.0000,-286.114,-194.147,-178.178,Static,Wood,shape,0000020D52D2EE00,-,1,1,0,-
2212,80690.009,0.0000,impact,ragdoll,Proventus Avenicci,0001A67D,NPC L Foot [Lft ],7,202.524,202.524,424.024,388.975,19.839,3.0000,10.011,66.383,2091.953,-78.000,0.0000,0.0000,1.0000,-286.114,-194.147,-178.178,Static,Carpet,shape,0000020E28306E00,-,1,1,0,-
2213,80690.014,0.0000,impact,ragdoll,Proventus Avenicci,0001A67D,NPC L Forearm [LLar],14,44.050,44.050,85.223,242.673,4.694,2.0000,11.658,11.456,2093.950,-67.764,-0.0814,-0.8367,-0.5416,-234.263,-59.456,-21.820,-,-,-,0000020E2E585600,0,1,1,0,-
2214,80690.014,0.0000,impact,ragdoll,Proventus Avenicci,0001A67D,NPC COM [COM ],0,44.050,44.050,85.223,229.511,3.689,50.0000,17.687,11.456,2093.950,-67.764,-0.0814,-0.8367,-0.5416,-197.330,-109.825,-40.923,-,Skin,shape,0000020E2E516B00,14,1,1,0,-
2215,80709.595,0.0000,impact,ragdoll,Proventus Avenicci,0001A67D,NPC Spine2 [Spn2],9,47.435,47.435,260.326,238.867,4.028,7.0000,23.052,-19.571,2081.634,-79.650,-0.0000,0.0000,1.0000,-225.283,-65.558,-44.800,Static,Wood,shape,0000020D52D2EE00,-,1,1,0,-
2216,80709.596,0.0000,impact,ragdoll,Proventus Avenicci,0001A67D,NPC L UpperArm [LUar],10,64.923,64.923,256.145,274.180,5.925,2.0000,14.463,-9.067,2073.167,-79.650,-0.0000,-0.0000,1.0000,-260.498,-39.745,-75.738,Static,Wood,shape,0000020D52D2EE00,-,1,1,0,-
2217,80709.598,0.0000,impact,ragdoll,Proventus Avenicci,0001A67D,NPC L Forearm [LLar],14,35.821,35.821,84.584,254.126,6.135,2.0000,11.658,-3.758,2086.543,-67.989,0.5433,-0.6430,-0.5397,-247.655,-51.473,-24.446,-,Skin,shape,0000020E2E584400,6,1,1,0,-
2218,80709.598,0.0000,impact,ragdoll,Proventus Avenicci,0001A67D,NPC Spine1 [Spn1],6,35.821,35.821,84.584,226.651,4.888,4.0000,18.878,-3.758,2086.543,-67.989,0.5433,-0.6430,-0.5397,-207.011,-85.655,-34.357,-,Skin,shape,0000020E2E516B00,14,1,1,0,-
2219,80726.891,0.0000,impact,ragdoll,Proventus Avenicci,0001A67D,NPC COM [COM ],0,44.629,44.629,201.460,227.261,6.370,50.0000,17.687,7.081,2098.898,-78.000,0.0000,0.0000,1.0000,-187.602,-119.146,-47.509,Static,Carpet,shape,0000020E28306E00,-,1,1,0,-
2220,80726.894,0.0000,impact,ragdoll,Proventus Avenicci,0001A67D,NPC L Thigh [LThg],1,46.434,46.434,172.873,224.733,5.918,6.0000,20.487,9.450,2100.393,-79.650,-0.0000,-0.0000,1.0000,-184.944,-124.696,-27.407,Static,Wood,shape,0000020D52D2EE00,-,0,1,0,-
2221,80727.317,0.0000,impact,ragdoll,Proventus Avenicci,0001A67D,NPC R Calf [RClf],4,331.555,331.555,512.874,530.383,10.480,6.0000,19.675,44.602,2056.223,-78.000,0.0000,-0.0000,1.0000,-387.158,-261.651,-250.906,Static,Carpet,shape,0000020E28306E00,-,1,1,0,-
2222,80727.320,0.0000,impact,ragdoll,Proventus Avenicci,0001A67D,NPC R Foot [Rft ],8,370.562,370.562,567.161,676.252,10.021,3.0000,10.011,54.659,2052.174,-78.000,-0.0000,0.0000,1.0000,-481.521,-305.857,-363.188,Static,Carpet,shape,0000020E28306E00,-,1,1,0,-
2223,80727.324,0.0000,impact,ragdoll,Proventus Avenicci,0001A67D,NPC L Hand [LHnd],16,70.424,70.424,141.447,232.524,11.766,4.0000,8.334,11.563,2089.026,-63.087,-0.4254,-0.1478,-0.8929,-209.000,-101.852,-3.534,-,Skin,shape,0000020E2E585000,2,1,0,0,-
2224,80727.324,0.0000,impact,ragdoll,Proventus Avenicci,0001A67D,NPC R Thigh [RThg],2,70.424,70.424,141.447,335.719,9.724,6.0000,20.487,11.563,2089.026,-63.087,-0.4254,-0.1478,-0.8929,-256.720,-198.938,-85.002,-,Skin,shape,0000020E2E516800,16,1,0,0,-
2225,80727.325,0.0000,impact,ragdoll,Proventus Avenicci,0001A67D,NPC L Hand [LHnd],16,69.905,69.905,141.486,232.524,11.766,4.0000,8.334,11.514,2089.077,-63.073,-0.4249,-0.1472,-0.8932,-209.000,-101.852,-3.534,-,Skin,shape,0000020E2E585000,2,0,1,0,-
2226,80727.325,0.0000,impact,ragdoll,Proventus Avenicci,0001A67D,NPC R Thigh [RThg],2,69.905,69.905,141.486,335.719,9.724,6.0000,20.487,11.514,2089.077,-63.073,-0.4249,-0.1472,-0.8932,-256.720,-198.938,-85.002,-,Skin,shape,0000020E2E516800,16,0,1,0,-
2227,80745.929,0.0000,impact,ragdoll,Proventus Avenicci,0001A67D,NPC Spine [Spn0],3,43.773,43.773,266.067,226.288,6.011,4.0000,17.297,-4.485,2095.649,-78.000,-0.0000,-0.0000,1.0000,-199.683,-94.825,-48.385,Static,Carpet,shape,0000020E28306E00,-,1,1,0,-
2228,80745.939,0.0000,impact,ragdoll,Proventus Avenicci,0001A67D,NPC Head [Head],13,62.857,62.857,267.062,266.786,3.057,4.0000,15.108,-45.688,2069.893,-79.650,-0.0000,0.0000,1.0000,-258.447,-19.752,-63.164,Static,Wood,shape,0000020D52D2EE00,-,1,1,0,-
2229,80746.350,0.0000,impact,ragdoll,Proventus Avenicci,0001A67D,NPC L UpperArm [LUar],10,17.022,17.022,240.934,237.869,7.686,2.0000,14.463,-28.447,2068.607,-79.650,0.0000,-0.0000,1.0000,-234.973,-35.944,-8.797,Static,Wood,shape,0000020D52D2EE00,-,0,1,0,-
2230,80783.718,0.0000,impact,ragdoll,Proventus Avenicci,0001A67D,NPC L Foot [Lft ],7,22.226,22.226,227.384,240.785,10.394,3.0000,10.011,54.962,2077.887,-79.650,0.0000,0.0000,1.0000,-124.127,-203.762,-32.419,Static,Wood,shape,0000020D52D2EE00,-,1,1,0,-
2231,80802.389,0.0000,impact,ragdoll,Proventus Avenicci,0001A67D,NPC L Foot [Lft ],7,48.140,48.140,190.888,246.104,11.697,3.0000,10.011,45.567,2068.751,-79.650,-0.0000,0.0000,1.0000,-132.689,-204.589,-33.226,Static,Wood,shape,0000020D52D2EE00,-,0,1,0,-
2232,80802.397,0.0000,impact,ragdoll,Proventus Avenicci,0001A67D,NPC R Hand [RHnd],17,155.223,155.223,354.595,318.510,22.219,4.0000,8.334,-82.929,2107.207,-49.759,1.0000,-0.0000,-0.0000,-154.876,-253.923,-113.954,Static,Wood,shape,0000020E282DCA00,-,1,1,0,-
2233,80853.094,0.0000,impact,ragdoll,Proventus Avenicci,0001A67D,NPC R Foot [Rft ],8,334.508,334.508,284.043,406.340,6.643,3.0000,10.011,7.432,2021.297,-64.236,0.5145,0.8575,0.0000,-368.810,-163.045,50.072,Static,Wood,shape,0000020E2819BD00,-,1,1,0,-
2234,80870.132,0.0000,impact,ragdoll,Proventus Avenicci,0001A67D,NPC L Thigh [LThg],1,40.879,40.879,256.175,240.974,3.672,6.0000,20.487,-14.814,2082.890,-79.650,-0.0000,0.0000,1.0000,-185.892,-147.872,-40.577,Static,Wood,shape,0000020D52D2EE00,-,1,1,0,-
2235,80888.428,0.0000,impact,ragdoll,Proventus Avenicci,0001A67D,NPC R Forearm [RLar],15,63.926,63.926,186.743,173.319,8.153,6.0000,11.658,-84.301,2092.796,-49.538,0.0000,0.0000,1.0000,-138.108,-85.918,-59.862,Static,Wood,shape,0000020E282DCA00,-,1,0,0,-
2236,80888.429,0.0000,impact,ragdoll,Proventus Avenicci,0001A67D,NPC R Forearm [RLar],15,63.142,63.142,184.191,173.319,8.153,6.0000,11.658,-82.942,2093.107,-49.535,0.0000,0.0000,1.0000,-138.108,-85.918,-59.862,Static,Wood,shape,0000020E282DCA00,-,0,0,0,-
2237,80888.430,0.0000,impact,ragdoll,Proventus Avenicci,0001A67D,NPC R Forearm [RLar],15,118.268,118.268,165.026,173.319,8.153,6.0000,11.658,-82.929,2092.938,-51.877,1.0000,-0.0000,0.0000,-138.108,-85.918,-59.862,Static,Wood,shape,0000020E282DCA00,-,0,1,0,-
2238,80888.884,0.0000,impact,ragdoll,Proventus Avenicci,0001A67D,NPC R Foot [Rft ],8,77.832,77.832,100.060,168.724,16.213,3.0000,10.011,3.688,2020.966,-63.122,-0.5145,0.8575,-0.0000,-87.841,-139.630,35.430,Static,Wood,shape,0000020E2819BD00,-,0,1,0,-
2239,80905.889,0.0000,impact,ragdoll,Proventus Avenicci,0001A67D,NPC R Foot [Rft ],8,7.950,7.950,82.030,104.034,11.879,3.0000,10.011,5.569,2022.062,-62.948,0.1212,0.9926,0.0000,-93.251,-46.120,0.356,Static,Wood,shape,0000020E2819BD00,-,0,0,0,-
2240,80905.890,0.0000,impact,ragdoll,Proventus Avenicci,0001A67D,NPC R Foot [Rft ],8,13.408,13.408,84.037,104.034,11.879,3.0000,10.011,6.855,2021.313,-61.589,0.5145,0.8575,0.0000,-93.251,-46.120,0.356,Static,Wood,shape,0000020E2819BD00,-,0,1,0,-
2241,80906.407,0.0000,impact,ragdoll,Proventus Avenicci,0001A67D,NPC R Hand [RHnd],17,56.022,56.022,116.946,72.726,15.662,4.0000,8.334,-82.929,2087.187,-58.268,0.9998,-0.0000,-0.0210,-57.277,-6.712,-44.310,Static,Wood,shape,0000020E282DCA00,-,0,1,0,-
2242,80924.801,0.0000,impact,ragdoll,Proventus Avenicci,0001A67D,NPC L Foot [Lft ],7,17.951,17.951,220.034,208.521,4.058,3.0000,10.011,33.010,2055.323,-78.000,-0.0000,-0.0000,1.0000,-181.561,-102.047,-10.156,Static,Carpet,shape,0000020E28306E00,-,0,1,0,-
2243,80925.341,0.0000,impact,ragdoll,Proventus Avenicci,0001A67D,NPC Spine [Spn0],3,27.467,27.467,174.199,197.064,2.548,4.0000,17.297,-38.485,2075.993,-79.650,0.0000,0.0000,1.0000,-165.500,-103.501,-27.042,Static,Wood,shape,0000020D52D2EE00,-,1,1,0,-
2244,80925.348,0.0000,impact,ragdoll,Proventus Avenicci,0001A67D,NPC R Foot [Rft ],8,76.139,76.139,28.494,101.856,3.456,3.0000,10.011,3.535,2020.874,-63.078,-0.5145,0.8575,0.0000,89.762,-47.802,5.692,Static,Wood,shape,0000020E2819BD00,-,0,1,0,-
2245,80925.351,0.0000,impact,ragdoll,Proventus Avenicci,0001A67D,NPC Head [Head],13,37.560,37.560,182.588,201.031,3.065,4.0000,15.108,-83.426,2060.375,-58.610,0.0000,0.0000,-1.0000,-187.037,-63.393,37.573,Static,Wood,shape,0000020E282DCA00,-,1,1,0,-
2246,80944.173,0.0000,impact,ragdoll,Proventus Avenicci,0001A67D,NPC R Foot [Rft ],8,16.500,16.500,20.305,49.798,4.289,3.0000,10.011,4.275,2021.318,-63.091,-0.5145,0.8575,0.0000,49.496,-4.988,-2.256,Static,Wood,shape,0000020E2819BD00,-,0,1,0,-
2247,80944.177,0.0000,impact,ragdoll,Proventus Avenicci,0001A67D,NPC R UpperArm [RUar],12,104.425,104.425,20.662,97.567,8.628,2.0000,14.463,-82.929,2079.299,-49.490,1.0000,-0.0000,0.0000,-68.566,-68.996,-7.579,Static,Wood,shape,0000020E282DCA00,-,1,1,0,-
2248,80961.532,0.0000,impact,ragdoll,Proventus Avenicci,0001A67D,NPC Head [Head],13,18.862,18.862,133.465,159.183,3.471,4.0000,15.108,-87.791,2058.413,-58.610,0.0000,0.0000,-1.0000,-140.831,-71.773,18.823,Static,Wood,shape,0000020E282DCA00,-,1,0,0,-
2249,80961.532,0.0000,impact,ragdoll,Proventus Avenicci,0001A67D,NPC Head [Head],13,19.211,19.211,133.528,159.183,3.471,4.0000,15.108,-88.004,2058.417,-58.610,0.0000,0.0000,-1.0000,-140.831,-71.773,18.823,Static,Wood,shape,0000020E282DCA00,-,0,1,0,-
2250,80961.536,0.0000,impact,ragdoll,Proventus Avenicci,0001A67D,NPC L Hand [LHnd],16,81.075,81.075,56.453,206.258,3.224,4.0000,8.334,-45.935,2065.260,-69.356,0.8445,-0.4689,-0.2586,-176.990,-102.434,26.912,-,Skin,shape,0000020E2E584400,6,1,1,0,-
2251,80961.537,0.0000,impact,ragdoll,Proventus Avenicci,0001A67D,NPC Spine1 [Spn1],6,81.075,81.075,56.453,144.912,2.054,4.0000,18.878,-45.935,2065.260,-69.356,0.8445,-0.4689,-0.2586,-91.017,-112.123,-11.986,-,Skin,shape,0000020E2E516800,16,1,1,0,-
2252,80962.007,0.0000,impact,ragdoll,Proventus Avenicci,0001A67D,NPC R UpperArm [RUar],12,83.223,83.223,39.140,60.740,8.012,2.0000,14.463,-82.929,2078.463,-49.429,0.9994,-0.0000,0.0355,-47.355,-35.276,-14.232,Static,Wood,shape,0000020E282DCA00,-,0,1,0,-
2253,80999.415,0.0000,impact,ragdoll,Proventus Avenicci,0001A67D,NPC Spine1 [Spn1],6,10.957,10.957,122.203,130.357,3.837,4.0000,18.878,-57.350,2066.118,-79.650,-0.0000,0.0000,1.0000,-69.722,-109.595,-10.987,Static,Wood,shape,0000020D52D2EE00,-,1,1,0,-
2254,80999.966,0.0000,impact,ragdoll,Proventus Avenicci,0001A67D,NPC Neck [Neck],11,10.759,10.759,76.028,83.871,2.491,6.0000,8.431,-85.358,2060.388,-58.610,0.0000,-0.0000,-1.0000,-83.117,3.198,10.759,Static,Wood,shape,0000020E282DCA00,-,1,1,0,-
2255,81019.017,0.0000,impact,ragdoll,Proventus Avenicci,0001A67D,NPC R Calf [RClf],4,155.806,155.806,129.077,33.232,1.137,6.0000,19.675,-0.284,2043.224,-69.370,-0.5598,-0.5698,0.6016,11.557,31.093,2.006,-,Skin,shape,0000020E2E585900,5,1,1,0,-
2256,81019.018,0.0000,impact,ragdoll,Proventus Avenicci,0001A67D,NPC L Calf [LClf],5,155.806,155.806,129.077,130.633,4.248,6.0000,19.675,-0.284,2043.224,-69.370,-0.5598,-0.5698,0.6016,-125.577,-35.830,3.421,-,Skin,shape,0000020E2E584D00,4,1,1,0,-
2257,81019.022,0.0000,impact,ragdoll,Proventus Avenicci,0001A67D,NPC Spine2 [Spn2],9,60.775,60.775,4.869,80.427,4.558,7.0000,23.052,-82.938,2059.920,-57.042,1.0000,-0.0000,0.0000,-64.088,-48.577,-1.249,Static,Wood,shape,0000020E282DCA00,-,0,0,0,-
2258,81019.022,0.0000,impact,ragdoll,Proventus Avenicci,0001A67D,NPC Spine2 [Spn2],9,60.889,60.889,5.313,80.427,4.558,7.0000,23.052,-82.932,2060.002,-58.304,0.9920,-0.0000,-0.1260,-64.088,-48.577,-1.249,Static,Wood,shape,0000020E282DCA00,-,0,0,0,-
2259,81019.022,0.0000,impact,ragdoll,Proventus Avenicci,0001A67D,NPC Spine2 [Spn2],9,60.889,60.889,5.313,80.427,4.558,7.0000,23.052,-82.932,2060.002,-58.304,0.9920,-0.0000,-0.1260,-64.088,-48.577,-1.249,Static,Wood,shape,0000020E282DCA00,-,0,1,0,-
2260,81037.144,0.0000,impact,ragdoll,Proventus Avenicci,0001A67D,NPC R Foot [Rft ],8,40.066,40.066,53.253,45.860,11.524,3.0000,10.011,5.712,2022.176,-64.344,0.1212,0.9926,0.0000,-27.205,-31.029,-20.006,Static,Wood,shape,0000020E2819BD00,-,0,1,0,-
2261,81056.300,0.0000,impact,ragdoll,Proventus Avenicci,0001A67D,NPC R Thigh [RThg],2,66.419,66.419,70.988,26.051,5.758,6.0000,20.487,-11.430,2059.148,-66.476,-0.6544,-0.4947,0.5718,2.504,-22.906,-12.154,-,Skin,shape,0000020E2E585900,5,1,1,0,-
2262,81056.300,0.0000,impact,ragdoll,Proventus Avenicci,0001A67D,NPC L Calf [LClf],5,66.419,66.419,70.988,49.416,3.268,6.0000,19.675,-11.430,2059.148,-66.476,-0.6544,-0.4947,0.5718,-46.964,-1.887,-15.259,-,Skin,shape,0000020E2E585000,2,1,1,0,-
2263,81056.302,0.0000,impact,ragdoll,Proventus Avenicci,0001A67D,NPC R Calf [RClf],4,70.202,70.202,86.091,35.310,3.431,6.0000,19.675,-8.825,2055.613,-66.641,-0.5699,-0.4662,0.6767,10.491,33.059,6.624,-,Skin,shape,0000020E2E585900,5,0,1,0,-
2264,81056.302,0.0000,impact,ragdoll,Proventus Avenicci,0001A67D,NPC L Calf [LClf],5,70.202,70.202,86.091,49.416,3.268,6.0000,19.675,-8.825,2055.613,-66.641,-0.5699,-0.4662,0.6767,-46.964,-1.887,-15.259,-,Skin,shape,0000020E2E584D00,4,0,1,0,-
2265,81056.306,0.0000,impact,ragdoll,Proventus Avenicci,0001A67D,NPC L Foot [Lft ],7,37.820,37.820,117.819,75.909,11.884,3.0000,10.011,-1.845,2037.082,-65.963,0.5609,0.5439,-0.6242,-41.057,-63.829,1.518,-,Skin,shape,0000020E2E584D00,4,1,1,0,-
2266,81056.306,0.0000,impact,ragdoll,Proventus Avenicci,0001A67D,NPC R Calf [RClf],4,37.820,37.820,117.819,35.310,3.431,6.0000,19.675,-1.845,2037.082,-65.963,0.5609,0.5439,-0.6242,10.491,33.059,6.624,-,Skin,shape,0000020E2E585300,7,1,1,0,-
2267,81114.380,0.0000,impact,ragdoll,Proventus Avenicci,0001A67D,NPC R Foot [Rft ],8,20.922,20.922,47.311,13.858,6.141,3.0000,10.011,5.697,2022.169,-63.272,-0.4401,0.8980,0.0000,13.510,3.085,0.098,Static,Wood,shape,0000020E2819BD00,-,0,1,0,-
2268,81133.539,0.0000,impact,ragdoll,Proventus Avenicci,0001A67D,NPC Head [Head],13,9.362,9.362,17.314,10.926,3.226,4.0000,15.108,-88.738,2061.313,-58.541,-0.5993,0.0000,-0.8005,0.768,2.928,10.498,Static,Wood,shape,0000020E282DCA00,-,0,1,0,-
2269,81134.422,0.0000,impact,ragdoll,Proventus Avenicci,0001A67D,NPC R Calf [RClf],4,17.533,17.533,36.096,51.706,2.701,6.0000,19.675,4.447,2021.421,-64.015,-0.5145,0.8575,-0.0000,50.923,2.175,-8.693,Static,Wood,shape,0000020E2819BD00,-,1,0,0,-
2270,81134.422,0.0000,impact,ragdoll,Proventus Avenicci,0001A67D,NPC R Calf [RClf],4,17.275,17.275,36.190,51.706,2.701,6.0000,19.675,4.353,2021.364,-64.025,-0.5145,0.8575,0.0000,50.923,2.175,-8.693,Static,Wood,shape,0000020E2819BD00,-,0,1,0,-
2271,81184.737,0.0000,impact,ragdoll,Proventus Avenicci,0001A67D,NPC R Foot [Rft ],8,33.430,33.430,62.527,70.241,5.495,3.0000,10.011,9.003,2019.097,-65.466,0.1958,0.9806,0.0000,39.304,-28.845,-50.567,Static,Wood,shape,0000020E2819BD00,-,0,0,0,-
2272,81184.739,0.0000,impact,ragdoll,Proventus Avenicci,0001A67D,NPC R Foot [Rft ],8,19.293,19.293,58.106,70.241,5.495,3.0000,10.011,7.292,2021.237,-65.155,0.5145,0.8575,0.0000,39.304,-28.845,-50.567,Static,Wood,shape,0000020E2819BD00,-,0,1,0,-
2273,81185.255,0.0000,impact,ragdoll,Proventus Avenicci,0001A67D,NPC R Calf [RClf],4,19.871,19.871,58.196,47.711,1.976,6.0000,19.675,5.671,2022.155,-65.727,-0.5125,0.8587,-0.0000,41.403,-3.202,-23.492,Static,Wood,shape,0000020E2819BD00,-,0,1,0,-
2274,81201.303,0.0000,impact,ragdoll,Proventus Avenicci,0001A67D,NPC R Forearm [RLar],15,104.693,104.693,86.378,87.469,6.832,6.0000,11.658,-62.976,2089.944,-78.000,-0.0000,0.0000,1.0000,26.820,-14.003,-82.069,Static,Carpet,shape,0000020E28306E00,-,1,1,0,-
2275,81201.780,0.0000,impact,ragdoll,Proventus Avenicci,0001A67D,NPC R Hand [RHnd],17,68.705,68.705,196.663,98.688,24.236,4.0000,8.334,-65.866,2095.213,-78.000,0.0000,0.0000,1.0000,69.094,-14.603,-68.936,Static,Carpet,shape,0000020E28306E00,-,1,1,0,-
2276,81218.999,0.0000,impact,ragdoll,Proventus Avenicci,0001A67D,NPC R Foot [Rft ],8,7.448,7.448,93.862,78.023,5.223,3.0000,10.011,8.579,2018.475,-67.175,1.0000,-0.0000,0.0000,29.805,-14.750,-70.581,Static,Wood,shape,0000020E2819BD00,-,0,1,0,-
2277,81219.007,0.0000,impact,ragdoll,Proventus Avenicci,0001A67D,NPC R Hand [RHnd],17,5.040,5.040,8.763,22.695,5.516,4.0000,8.334,-65.486,2095.213,-79.650,0.0000,0.0000,1.0000,21.769,-4.042,-4.987,Static,Wood,shape,0000020D52D2EE00,-,1,1,0,-
2278,81235.543,0.0000,impact,ragdoll,Proventus Avenicci,0001A67D,NPC L Hand [LHnd],16,34.173,34.173,12.414,34.958,1.274,4.0000,8.334,-46.026,2028.240,-73.214,0.0020,1.0000,0.0023,-7.415,-34.163,-0.027,Static,Wood,shape,0000020E282DCA00,-,1,1,0,-
2279,81252.925,0.0000,impact,ragdoll,Proventus Avenicci,0001A67D,NPC R Foot [Rft ],8,64.591,64.591,21.184,85.048,6.091,3.0000,10.011,6.791,2027.166,-78.000,0.0000,-0.0000,1.0000,30.688,-15.870,-77.714,Static,Carpet,shape,0000020D52DC9300,-,1,1,0,-
2280,81252.938,0.0000,impact,ragdoll,Proventus Avenicci,0001A67D,NPC L Hand [LHnd],16,28.442,28.442,4.435,2.943,0.869,4.0000,8.334,-44.782,2045.288,-70.195,-0.1060,-0.9612,-0.2545,2.882,0.552,0.224,-,Skin,shape,0000020E2E584700,3,1,1,0,-
2281,81252.938,0.0000,impact,ragdoll,Proventus Avenicci,0001A67D,NPC Spine [Spn0],3,28.442,28.442,4.435,37.985,1.252,4.0000,17.297,-44.782,2045.288,-70.195,-0.1060,-0.9612,-0.2545,17.336,-33.776,-1.217,-,Skin,shape,0000020E2E516800,16,1,1,0,-
2282,81288.628,0.0000,impact,ragdoll,Proventus Avenicci,0001A67D,NPC L Hand [LHnd],16,19.074,19.074,5.215,10.802,0.386,4.0000,8.334,-40.185,2043.872,-69.963,-0.4532,-0.8479,-0.2751,10.800,0.205,-0.004,-,-,-,0000020E2E585600,0,1,1,0,-
2283,81288.629,0.0000,impact,ragdoll,Proventus Avenicci,0001A67D,NPC COM [COM ],0,19.074,19.074,5.215,15.423,0.294,50.0000,17.687,-40.185,2043.872,-69.963,-0.4532,-0.8479,-0.2751,-1.536,-15.248,-1.739,-,Skin,shape,0000020E2E516800,16,1,1,0,-
2284,81306.843,0.0000,impact,ragdoll,Proventus Avenicci,0001A67D,NPC R Foot [Rft ],8,20.665,20.665,23.353,48.444,4.975,3.0000,10.011,9.176,2019.123,-70.609,0.1958,0.9806,0.0000,27.870,-30.910,-24.794,Static,Wood,shape,0000020E2819BD00,-,0,1,0,-
2285,81306.851,0.0000,impact,ragdoll,Proventus Avenicci,0001A67D,NPC L Forearm [LLar],14,9.313,9.313,11.729,6.879,0.829,2.0000,11.658,-56.233,2045.859,-69.942,-0.2255,-0.9057,-0.3590,-6.560,1.991,0.566,-,Skin,shape,0000020E2E584400,6,1,1,0,-
2286,81306.851,0.0000,impact,ragdoll,Proventus Avenicci,0001A67D,NPC Spine1 [Spn1],6,9.313,9.313,11.729,11.351,0.451,4.0000,18.878,-56.233,2045.859,-69.942,-0.2255,-0.9057,-0.3590,1.409,-11.230,0.871,-,Skin,shape,0000020E2E516B00,14,1,1,0,-
2287,81325.747,0.0000,impact,ragdoll,Proventus Avenicci,0001A67D,NPC R Calf [RClf],4,10.880,10.880,40.066,23.586,1.637,6.0000,19.675,5.642,2029.118,-78.000,-0.0000,0.0000,1.0000,18.221,-12.797,-7.780,Static,Carpet,shape,0000020D52DC9300,-,1,1,0,-
2288,81364.179,0.0000,impact,ragdoll,Proventus Avenicci,0001A67D,NPC R Foot [Rft ],8,7.048,7.048,24.250,20.377,1.698,3.0000,10.011,16.430,2024.727,-78.000,0.0000,0.0000,1.0000,16.828,-4.355,-10.634,Static,Carpet,shape,0000020D52DC9300,-,0,1,0,-
2289,81383.193,0.0000,impact,ragdoll,Proventus Avenicci,0001A67D,NPC R Foot [Rft ],8,5.249,5.249,19.903,17.170,0.666,3.0000,10.011,9.182,2019.116,-70.674,0.1958,0.9806,0.0000,13.516,-6.573,-8.302,Static,Wood,shape,0000020E2819BD00,-,0,1,0,-
2290,81629.921,0.0000,state,unknown,Proventus Avenicci,0001A67D,-,-,0.000,0.000,0.000,0.000,0.000,0.0000,0.000,0.000,0.000,0.000,0.0000,0.0000,0.0000,0.000,0.000,0.000,-,-,-,0000000000000000,-,0,0,0,knock_get_up
2291,84511.067,0.0000,state,unknown,Proventus Avenicci,0001A67D,-,-,0.000,0.000,0.000,0.000,0.000,0.0000,0.000,0.000,0.000,0.000,0.0000,0.0000,0.0000,0.000,0.000,0.000,-,-,-,0000000000000000,-,0,0,0,ragdoll_start
2292,84534.439,0.0000,impact,ragdoll,Proventus Avenicci,0001A67D,NPC R Forearm [RLar],15,17.334,17.334,414.959,238.187,13.858,6.0000,11.658,-1.123,2068.308,11.973,0.4030,0.8979,0.1771,-67.964,124.094,-191.610,-,Skin,shape,0000020E2E584700,3,1,1,0,-
2293,84534.441,0.0000,impact,ragdoll,Proventus Avenicci,0001A67D,NPC Spine [Spn0],3,17.334,17.334,414.959,77.553,9.387,4.0000,17.297,-1.123,2068.308,11.973,0.4030,0.8979,0.1771,24.255,50.614,53.519,-,Skin,shape,0000020E2E517400,15,1,1,0,-
2294,84607.280,0.0000,impact,ragdoll,Proventus Avenicci,0001A67D,NPC L Forearm [LLar],14,59.323,59.323,121.197,129.643,8.285,2.0000,11.658,-15.586,2058.696,6.568,-0.7803,-0.4577,0.4263,-5.151,129.415,5.717,-,-,-,0000020E2E585600,0,1,1,0,-
2295,84607.281,0.0000,impact,ragdoll,Proventus Avenicci,0001A67D,NPC COM [COM ],0,59.323,59.323,121.197,112.065,5.468,50.0000,17.687,-15.586,2058.696,6.568,-0.7803,-0.4577,0.4263,-43.734,101.641,-17.749,-,Skin,shape,0000020E2E516B00,14,1,1,0,-
2296,84607.282,0.0000,impact,ragdoll,Proventus Avenicci,0001A67D,NPC R Forearm [RLar],15,63.770,63.770,188.225,118.069,16.556,6.0000,11.658,-1.789,2082.472,24.469,0.3056,0.5901,-0.7472,22.857,-48.065,105.392,-,Skin,shape,0000020E2E584100,9,1,1,0,-
2297,84607.282,0.0000,impact,ragdoll,Proventus Avenicci,0001A67D,NPC Spine2 [Spn2],9,63.770,63.770,188.225,167.808,8.807,7.0000,23.052,-1.789,2082.472,24.469,0.3056,0.5901,-0.7472,141.961,17.466,87.760,-,Skin,shape,0000020E2E517400,15,1,1,0,-
2298,84607.283,0.0000,impact,ragdoll,Proventus Avenicci,0001A67D,NPC L Hand [LHnd],16,90.874,90.874,274.453,186.739,20.027,4.0000,8.334,-16.219,2059.888,1.245,-0.6313,-0.7045,0.3243,-27.969,180.856,-37.155,-,Skin,shape,0000020E2E585C00,1,1,1,0,-
2299,84607.283,0.0000,impact,ragdoll,Proventus Avenicci,0001A67D,NPC L Thigh [LThg],1,90.874,90.874,274.453,136.897,4.646,6.0000,20.487,-16.219,2059.888,1.245,-0.6313,-0.7045,0.3243,-105.210,84.624,22.594,-,Skin,shape,0000020E2E516800,16,1,1,0,-
2300,84644.016,0.0000,impact,ragdoll,Proventus Avenicci,0001A67D,NPC L Thigh [LThg],1,81.320,81.320,75.986,104.046,3.722,6.0000,20.487,-23.019,2063.589,-16.865,0.9945,-0.0000,0.1045,-74.067,69.509,22.541,Static,Wood,shape,0000020E282DCA00,-,1,0,0,-
2301,84644.018,0.0000,impact,ragdoll,Proventus Avenicci,0001A67D,NPC L Thigh [LThg],1,91.818,91.818,66.566,104.046,3.722,6.0000,20.487,-23.019,2063.135,-18.968,1.0000,-0.0000,0.0000,-74.067,69.509,22.541,Static,Wood,shape,0000020E282DCA00,-,0,1,0,-
2302,84644.429,0.0000,impact,ragdoll,Proventus Avenicci,0001A67D,NPC R Forearm [RLar],15,178.213,178.213,166.277,148.684,12.430,6.0000,11.658,-2.929,2077.958,11.197,0.2968,0.9175,0.2647,-33.411,-79.465,121.145,-,Skin,shape,0000020E2E584700,3,1,1,0,-
2303,84644.429,0.0000,impact,ragdoll,Proventus Avenicci,0001A67D,NPC Spine [Spn0],3,178.213,178.213,166.277,139.155,5.424,4.0000,17.297,-2.929,2077.958,11.197,0.2968,0.9175,0.2647,-0.436,139.047,5.458,-,Skin,shape,0000020E2E517400,15,1,1,0,-
2304,84664.083,0.0000,impact,ragdoll,Proventus Avenicci,0001A67D,NPC L Calf [LClf],5,89.348,89.348,55.374,105.615,3.710,6.0000,19.675,-5.154,2064.828,-25.913,-0.9755,-0.1822,-0.1229,-35.983,98.691,10.954,-,Skin,shape,0000020E2E585000,2,1,1,0,-
2305,84664.084,0.0000,impact,ragdoll,Proventus Avenicci,0001A67D,NPC R Thigh [RThg],2,89.348,89.348,55.374,128.629,7.761,6.0000,20.487,-5.154,2064.828,-25.913,-0.9755,-0.1822,-0.1229,-48.670,110.701,-43.838,-,Skin,shape,0000020E2E585900,5,1,1,0,-
2306,84664.086,0.0000,impact,ragdoll,Proventus Avenicci,0001A67D,NPC R Foot [Rft ],8,92.944,92.944,445.436,281.280,16.982,3.0000,10.011,7.501,2066.072,-78.000,0.0000,0.0000,1.0000,-268.239,-55.035,-64.322,Static,Carpet,shape,0000020E28306E00,-,1,1,0,-
2307,84682.138,0.0000,impact,ragdoll,Proventus Avenicci,0001A67D,NPC L Hand [LHnd],16,39.584,39.584,400.241,329.889,14.467,4.0000,8.334,-16.298,2070.172,9.844,-0.9331,-0.3596,-0.0056,-24.717,298.454,138.351,-,Skin,shape,0000020E2E584700,3,1,1,0,-
2308,84682.138,0.0000,impact,ragdoll,Proventus Avenicci,0001A67D,NPC Spine [Spn0],3,39.584,39.584,400.241,97.502,4.951,4.0000,17.297,-16.298,2070.172,9.844,-0.9331,-0.3596,-0.0056,10.951,96.629,-7.041,-,Skin,shape,0000020E2E516800,16,1,1,0,-
2309,84699.716,0.0000,impact,ragdoll,Proventus Avenicci,0001A67D,NPC L Thigh [LThg],1,47.932,47.932,25.079,107.510,6.016,6.0000,20.487,-5.055,2069.410,-29.314,-0.8287,-0.1702,0.5333,2.057,106.958,10.690,-,Skin,shape,0000020E2E584D00,4,1,1,0,-
2310,84699.717,0.0000,impact,ragdoll,Proventus Avenicci,0001A67D,NPC R Calf [RClf],4,47.932,47.932,25.079,145.325,10.201,6.0000,19.675,-5.055,2069.410,-29.314,-0.8287,-0.1702,0.5333,-138.026,41.592,18.394,-,Skin,shape,0000020E2E585C00,1,1,1,0,-
2311,84700.290,0.0000,impact,ragdoll,Proventus Avenicci,0001A67D,NPC L Thigh [LThg],1,13.778,13.778,82.340,102.566,5.693,6.0000,20.487,-23.017,2068.191,-21.677,0.9945,-0.0000,-0.1045,1.466,101.576,14.145,Static,Wood,shape,0000020E282DCA00,-,0,0,0,-
2312,84700.291,0.0000,impact,ragdoll,Proventus Avenicci,0001A67D,NPC L Thigh [LThg],1,12.621,12.621,82.526,102.566,5.693,6.0000,20.487,-23.017,2068.191,-21.677,0.9980,-0.0000,-0.0635,1.466,101.576,14.145,Static,Wood,shape,0000020E282DCA00,-,0,1,0,-
2313,84700.292,0.0000,impact,ragdoll,Proventus Avenicci,0001A67D,NPC R Calf [RClf],4,31.409,31.409,38.846,137.359,9.369,6.0000,19.675,-12.464,2068.563,-28.870,0.9253,0.2416,-0.2923,-125.765,52.331,17.668,-,Skin,shape,0000020E2E585900,5,1,1,0,-
2314,84700.292,0.0000,impact,ragdoll,Proventus Avenicci,0001A67D,NPC L Calf [LClf],5,31.409,31.409,38.846,95.527,5.449,6.0000,19.675,-12.464,2068.563,-28.870,0.9253,0.2416,-0.2923,26.071,91.516,8.394,-,Skin,shape,0000020E2E584D00,4,1,1,0,-
2315,84717.905,0.0000,impact,ragdoll,Proventus Avenicci,0001A67D,NPC R Calf [RClf],4,9.686,9.686,48.089,130.586,9.918,6.0000,19.675,-12.667,2069.477,-29.269,0.9177,0.2747,-0.2869,-109.118,66.751,26.273,-,Skin,shape,0000020E2E585900,5,0,1,0,-
2316,84717.906,0.0000,impact,ragdoll,Proventus Avenicci,0001A67D,NPC L Calf [LClf],5,9.686,9.686,48.089,90.273,6.099,6.0000,19.675,-12.667,2069.477,-29.269,0.9177,0.2747,-0.2869,37.878,81.398,9.420,-,Skin,shape,0000020E2E584D00,4,0,1,0,-
2317,84717.907,0.0000,impact,ragdoll,Proventus Avenicci,0001A67D,NPC R Calf [RClf],4,257.578,257.578,197.457,130.586,9.918,6.0000,19.675,-18.499,2060.763,-54.782,0.9997,-0.0071,0.0228,-109.118,66.751,26.273,-,Skin,shape,0000020E2E585300,7,1,1,0,-
2318,84717.907,0.0000,impact,ragdoll,Proventus Avenicci,0001A67D,NPC L Foot [Lft ],7,257.578,257.578,197.457,128.129,8.106,3.0000,10.011,-18.499,2060.763,-54.782,0.9997,-0.0071,0.0228,83.479,93.200,27.607,-,Skin,shape,0000020E2E584D00,4,1,1,0,-
2319,84717.909,0.0000,impact,ragdoll,Proventus Avenicci,0001A67D,NPC R Foot [Rft ],8,291.738,291.738,60.470,251.328,17.587,3.0000,10.011,-17.721,2059.792,-53.517,0.8634,-0.0027,-0.5045,-227.828,-77.845,72.115,-,Skin,shape,0000020E2E585900,5,1,1,0,-
2320,84717.910,0.0000,impact,ragdoll,Proventus Avenicci,0001A67D,NPC L Calf [LClf],5,291.738,291.738,60.470,90.273,6.099,6.0000,19.675,-17.721,2059.792,-53.517,0.8634,-0.0027,-0.5045,37.878,81.398,9.420,-,Skin,shape,0000020E2E584A00,8,1,1,0,-
2321,84717.912,0.0000,impact,ragdoll,Proventus Avenicci,0001A67D,NPC L Forearm [LLar],14,8.052,8.052,265.316,237.528,11.670,2.0000,11.658,-9.331,2071.020,32.974,-0.9847,-0.0863,-0.1511,135.188,154.345,119.673,-,Skin,shape,0000020E2E584100,9,1,1,0,-
2322,84717.912,0.0000,impact,ragdoll,Proventus Avenicci,0001A67D,NPC Spine2 [Spn2],9,8.052,8.052,265.316,163.486,8.405,7.0000,23.052,-9.331,2071.020,32.974,-0.9847,-0.0863,-0.1511,152.910,22.032,-53.486,-,Skin,shape,0000020E2E516B00,14,1,1,0,-
2323,84737.179,0.0000,impact,ragdoll,Proventus Avenicci,0001A67D,NPC R Calf [RClf],4,71.073,71.073,118.443,78.261,5.899,6.0000,19.675,-17.663,2061.250,-50.621,0.9738,-0.0344,-0.2246,-34.002,57.448,40.847,-,Skin,shape,0000020E2E585900,5,0,1,0,-
2324,84737.180,0.0000,impact,ragdoll,Proventus Avenicci,0001A67D,NPC L Calf [LClf],5,71.073,71.073,118.443,55.044,3.884,6.0000,19.675,-17.663,2061.250,-50.621,0.9738,-0.0344,-0.2246,24.127,48.812,-8.068,-,Skin,shape,0000020E2E584D00,4,0,1,0,-
2325,84774.022,0.0000,impact,ragdoll,Proventus Avenicci,0001A67D,NPC L Hand [LHnd],16,89.210,89.210,110.291,342.085,23.208,4.0000,8.334,-14.120,2099.931,30.011,-0.5921,-0.7861,0.1774,200.151,136.784,241.355,-,Skin,shape,0000020E2E517100,17,1,1,0,-
2326,84774.023,0.0000,impact,ragdoll,Proventus Avenicci,0001A67D,NPC R Hand [RHnd],17,89.210,89.210,110.291,155.417,20.332,4.0000,8.334,-14.120,2099.931,30.011,-0.5921,-0.7861,0.1774,49.619,106.065,102.189,-,Skin,shape,0000020E2E516800,16,1,1,0,-
2327,85088.687,0.0000,impact,ragdoll,Proventus Avenicci,0001A67D,NPC Spine2 [Spn2],9,49.655,49.655,285.659,278.806,3.051,7.0000,23.052,45.823,2134.174,-6.128,-0.9993,-0.0383,0.0000,29.667,202.669,-189.150,Static,Wood,shape,0000020E281A5600,-,1,0,0,-
2328,85088.691,0.0000,impact,ragdoll,Proventus Avenicci,0001A67D,NPC Spine2 [Spn2],9,187.327,187.327,225.351,278.806,3.051,7.0000,23.052,46.282,2137.417,-6.169,0.0000,0.0000,1.0000,29.667,202.669,-189.150,Static,Wood,shape,0000020E281A5600,-,0,0,0,-
2329,85088.691,0.0000,impact,ragdoll,Proventus Avenicci,0001A67D,NPC Spine2 [Spn2],9,54.060,54.060,288.013,278.806,3.051,7.0000,23.052,46.282,2137.417,-6.169,-0.9265,0.1742,0.3337,29.667,202.669,-189.150,Static,Wood,shape,0000020E281A5600,-,0,0,0,-
2330,85088.691,0.0000,impact,ragdoll,Proventus Avenicci,0001A67D,NPC Spine2 [Spn2],9,196.783,196.783,212.940,278.806,3.051,7.0000,23.052,45.823,2134.174,-6.128,-0.6402,-0.7682,0.0000,29.667,202.669,-189.150,Static,Wood,shape,0000020E281A5600,-,0,0,0,-
2331,85088.692,0.0000,impact,ragdoll,Proventus Avenicci,0001A67D,NPC Spine2 [Spn2],9,54.060,54.060,288.013,278.806,3.051,7.0000,23.052,46.282,2137.417,-6.169,-0.9265,0.1742,0.3337,29.667,202.669,-189.150,Static,Wood,shape,0000020E281A5600,-,0,0,0,-
2332,85088.692,0.0000,impact,ragdoll,Proventus Avenicci,0001A67D,NPC Spine2 [Spn2],9,187.327,187.327,225.351,278.806,3.051,7.0000,23.052,46.282,2137.417,-6.169,0.0000,0.0000,1.0000,29.667,202.669,-189.150,Static,Wood,shape,0000020E281A5600,-,0,0,0,-
2333,85088.692,0.0000,impact,ragdoll,Proventus Avenicci,0001A67D,NPC Spine2 [Spn2],9,187.327,187.327,225.351,278.806,3.051,7.0000,23.052,46.282,2137.417,-6.169,0.0000,0.0000,1.0000,29.667,202.669,-189.150,Static,Wood,shape,0000020E281A5600,-,0,1,0,-
2334,85107.726,0.0000,impact,ragdoll,Proventus Avenicci,0001A67D,NPC R Thigh [RThg],2,119.936,119.936,99.183,170.339,1.471,6.0000,20.487,1.762,2123.971,-46.118,0.0000,0.0000,1.0000,71.441,95.273,-121.798,Static,Wood,shape,0000020E281A5600,-,1,0,0,-
2335,85107.728,0.0000,impact,ragdoll,Proventus Avenicci,0001A67D,NPC R Thigh [RThg],2,82.814,82.814,131.771,170.339,1.471,6.0000,20.487,1.762,2123.971,-46.118,0.4764,-0.7941,0.3775,71.441,95.273,-121.798,Static,Wood,shape,0000020E281A5600,-,0,1,0,-
2336,85108.256,0.0000,impact,ragdoll,Proventus Avenicci,0001A67D,NPC R Thigh [RThg],2,61.504,61.504,78.194,111.066,11.350,6.0000,20.487,9.508,2125.340,-49.583,-0.0000,-0.7358,0.6772,78.908,57.527,-52.914,Static,Wood,shape,0000020E281A5600,-,0,0,0,-
2337,85108.256,0.0000,impact,ragdoll,Proventus Avenicci,0001A67D,NPC R Thigh [RThg],2,61.504,61.504,78.194,111.066,11.350,6.0000,20.487,9.508,2125.340,-49.583,-0.0000,-0.7358,0.6772,78.908,57.527,-52.914,Static,Wood,shape,0000020E281A5600,-,0,1,0,-
2338,85125.482,0.0000,impact,ragdoll,Proventus Avenicci,0001A67D,NPC R Thigh [RThg],2,16.469,16.469,185.666,134.949,8.841,6.0000,20.487,14.893,2120.403,-28.548,0.2055,0.5418,-0.8150,100.575,67.491,-59.505,-,Skin,shape,0000020E2E585C00,1,0,1,0,-
2339,85125.483,0.0000,impact,ragdoll,Proventus Avenicci,0001A67D,NPC L Thigh [LThg],1,16.469,16.469,185.666,145.294,2.523,6.0000,20.487,14.893,2120.403,-28.548,0.2055,0.5418,-0.8150,13.358,42.407,-138.324,-,Skin,shape,0000020E2E585000,2,0,1,0,-
2340,85144.166,0.0000,impact,ragdoll,Proventus Avenicci,0001A67D,NPC R Thigh [RThg],2,143.957,143.957,136.565,184.074,4.372,6.0000,20.487,12.575,2126.900,-49.566,0.0000,0.0000,1.0000,62.339,79.253,-154.000,Static,Wood,shape,0000020E281A5600,-,0,1,0,-
2341,85183.006,0.0000,impact,ragdoll,Proventus Avenicci,0001A67D,NPC R Thigh [RThg],2,20.803,20.803,28.866,28.076,2.625,6.0000,20.487,17.014,2123.442,-33.842,0.2178,0.5529,-0.8043,5.338,-12.544,-24.544,-,Skin,shape,0000020E2E585C00,1,0,1,0,-
2342,85183.006,0.0000,impact,ragdoll,Proventus Avenicci,0001A67D,NPC L Thigh [LThg],1,20.803,20.803,28.866,74.206,0.723,6.0000,20.487,17.014,2123.442,-33.842,0.2178,0.5529,-0.8043,55.029,24.503,-43.334,-,Skin,shape,0000020E2E585000,2,0,1,0,-
2343,85183.012,0.0000,impact,ragdoll,Proventus Avenicci,0001A67D,NPC R Forearm [RLar],15,27.351,27.351,205.743,257.264,13.903,6.0000,11.658,22.303,2142.272,-26.188,-0.0576,0.9726,0.2254,57.416,99.203,-230.319,-,Skin,shape,0000020E2E584700,3,1,1,0,-
2344,85183.013,0.0000,impact,ragdoll,Proventus Avenicci,0001A67D,NPC Spine [Spn0],3,27.351,27.351,205.743,104.334,3.718,4.0000,17.297,22.303,2142.272,-26.188,-0.0576,0.9726,0.2254,57.134,40.248,-77.469,-,Skin,shape,0000020E2E517400,15,1,1,0,-
2345,85201.896,0.0000,impact,ragdoll,Proventus Avenicci,0001A67D,NPC Spine2 [Spn2],9,6.071,6.071,151.357,116.865,4.335,7.0000,23.052,45.852,2134.296,-7.739,-0.9993,-0.0383,0.0000,-48.584,79.626,-70.404,Static,Wood,shape,0000020E281A5600,-,0,0,0,-
2346,85202.329,0.0000,impact,ragdoll,Proventus Avenicci,0001A67D,NPC R Foot [Rft ],8,57.765,57.765,142.048,107.302,7.958,3.0000,10.011,34.916,2096.317,-78.000,0.0000,0.0000,1.0000,17.730,93.321,-49.907,Static,Carpet,shape,0000020E28306E00,-,1,1,0,-
2347,85222.743,0.0000,impact,ragdoll,Proventus Avenicci,0001A67D,NPC Spine2 [Spn2],9,105.868,105.868,123.715,68.395,6.075,7.0000,23.052,50.540,2143.514,-10.110,-0.4042,-0.6063,0.6849,-29.736,59.014,-17.633,Static,Wood,shape,0000020E281A5600,-,0,0,0,-
2348,85222.745,0.0000,impact,ragdoll,Proventus Avenicci,0001A67D,NPC Spine2 [Spn2],9,15.726,15.726,147.328,68.395,6.075,7.0000,23.052,46.303,2137.453,-8.531,-0.9891,0.1473,0.0000,-29.736,59.014,-17.633,Static,Wood,shape,0000020E281A5600,-,0,1,0,-
2349,85242.854,0.0000,impact,ragdoll,Proventus Avenicci,0001A67D,NPC R Hand [RHnd],17,312.681,312.681,318.885,377.683,23.595,4.0000,8.334,8.880,2167.193,-49.470,0.0000,0.0000,1.0000,128.558,168.698,-312.504,Static,Wood,shape,0000020E281A5600,-,1,1,0,-
2350,85261.071,0.0000,impact,ragdoll,Proventus Avenicci,0001A67D,NPC R Thigh [RThg],2,18.576,18.576,29.804,20.239,2.127,6.0000,20.487,13.431,2125.365,-57.047,-0.0000,-0.9945,-0.1045,20.027,-1.969,-2.155,Static,Wood,shape,0000020E281A5600,-,0,1,0,-
2351,85279.843,0.0000,impact,ragdoll,Proventus Avenicci,0001A67D,NPC L Foot [Lft ],7,34.063,34.063,81.682,124.470,11.028,3.0000,10.011,9.156,2077.917,-78.000,0.0000,-0.0000,1.0000,106.540,-55.799,-32.070,Static,Carpet,shape,0000020E28306E00,-,1,1,0,-
2352,85279.850,0.0000,impact,ragdoll,Proventus Avenicci,0001A67D,NPC R Forearm [RLar],15,125.661,125.661,276.523,135.168,24.124,6.0000,11.658,23.707,2160.777,-49.472,0.0000,0.0000,1.0000,52.723,72.057,-101.481,Static,Wood,shape,0000020E281A5600,-,0,1,0,-
2353,85300.293,0.0000,impact,ragdoll,Proventus Avenicci,0001A67D,NPC R Forearm [RLar],15,132.839,132.839,46.787,79.399,10.260,6.0000,11.658,26.647,2159.651,-49.470,-0.0000,0.0000,1.0000,22.540,-2.133,-76.102,Static,Wood,shape,0000020E281A5600,-,0,1,0,-
2354,85336.086,0.0000,impact,ragdoll,Proventus Avenicci,0001A67D,NPC R Forearm [RLar],15,73.175,73.175,17.845,59.828,6.693,6.0000,11.658,24.209,2161.399,-49.474,0.0000,0.0000,1.0000,12.662,-19.339,-55.182,Static,Wood,shape,0000020E281A5600,-,0,1,0,-
2355,85336.567,0.0000,impact,ragdoll,Proventus Avenicci,0001A67D,NPC L Foot [Lft ],7,88.431,88.431,148.828,138.809,5.002,3.0000,10.011,10.519,2074.163,-78.000,0.0000,0.0000,1.0000,118.596,0.746,-72.128,Static,Carpet,shape,0000020E28306E00,-,0,1,0,-
2356,85372.700,0.0000,impact,ragdoll,Proventus Avenicci,0001A67D,NPC L Calf [LClf],5,34.857,34.857,117.249,105.403,3.125,6.0000,19.675,22.378,2080.035,-78.000,-0.0000,0.0000,1.0000,97.156,-24.571,-32.662,Static,Carpet,shape,0000020E28306E00,-,1,1,0,-
2357,85372.703,0.0000,impact,ragdoll,Proventus Avenicci,0001A67D,NPC R UpperArm [RUar],12,17.074,17.074,32.754,43.135,3.153,2.0000,14.463,25.363,2160.124,-49.470,0.0000,0.0000,1.0000,-32.055,-14.837,-24.757,Static,Wood,shape,0000020E281A5600,-,1,1,0,-
2358,85426.958,0.0000,impact,ragdoll,Proventus Avenicci,0001A67D,NPC L Hand [LHnd],16,94.486,94.486,142.035,241.201,12.932,4.0000,8.334,12.039,2143.118,-13.656,-0.8658,-0.4760,0.1543,-48.486,135.620,-193.479,-,Skin,shape,0000020E2E584100,9,1,1,0,-
2359,85426.958,0.0000,impact,ragdoll,Proventus Avenicci,0001A67D,NPC Spine2 [Spn2],9,94.486,94.486,142.035,50.646,1.868,7.0000,23.052,12.039,2143.118,-13.656,-0.8658,-0.4760,0.1543,-25.293,-43.757,-3.260,-,Skin,shape,0000020E2E516800,16,1,1,0,-
2360,85445.667,0.0000,impact,ragdoll,Proventus Avenicci,0001A67D,NPC L Foot [Lft ],7,34.928,34.928,150.353,127.084,4.304,3.0000,10.011,22.751,2070.623,-79.650,0.0000,0.0000,1.0000,121.335,-28.486,-24.834,Static,Wood,shape,0000020D52D2EE00,-,1,1,0,-
2361,85482.338,0.0000,impact,ragdoll,Proventus Avenicci,0001A67D,NPC L Calf [LClf],5,15.823,15.823,65.874,84.945,2.808,6.0000,19.675,36.105,2093.411,-69.546,-0.4076,-0.6993,0.5872,79.863,-17.289,-23.208,-,Skin,shape,0000020E2E584A00,8,1,1,0,-
2362,85482.339,0.0000,impact,ragdoll,Proventus Avenicci,0001A67D,NPC R Foot [Rft ],8,15.823,15.823,65.874,89.715,2.123,3.0000,10.011,36.105,2093.411,-69.546,-0.4076,-0.6993,0.5872,43.617,-54.435,-56.420,-,Skin,shape,0000020E2E585900,5,1,1,0,-
2363,85482.348,0.0000,impact,ragdoll,Proventus Avenicci,0001A67D,NPC R Hand [RHnd],17,72.675,72.675,95.623,114.000,4.396,4.0000,8.334,9.702,2165.986,-49.470,-0.0000,-0.0000,1.0000,-61.824,-62.371,-72.689,Static,Wood,shape,0000020E281A5600,-,1,1,0,-
2364,85482.851,0.0000,impact,ragdoll,Proventus Avenicci,0001A67D,NPC R Thigh [RThg],2,13.686,13.686,28.708,47.042,1.423,6.0000,20.487,26.696,2128.820,-49.541,0.0000,0.0000,1.0000,28.162,-29.126,-23.907,Static,Wood,shape,0000020E281A5600,-,0,1,0,-
2365,85520.428,0.0000,impact,ragdoll,Proventus Avenicci,0001A67D,NPC L Forearm [LLar],14,82.014,82.014,47.122,161.983,5.018,2.0000,11.658,15.597,2133.534,-20.338,-0.9035,0.0739,0.4221,27.350,-29.510,-156.907,-,Skin,shape,0000020E2E584400,6,1,1,0,-
2366,85520.429,0.0000,impact,ragdoll,Proventus Avenicci,0001A67D,NPC Spine1 [Spn1],6,82.014,82.014,47.122,37.030,1.851,4.0000,18.878,15.597,2133.534,-20.338,-0.9035,0.0739,0.4221,-18.044,-26.347,-18.747,-,Skin,shape,0000020E2E516B00,14,1,1,0,-
2367,85556.890,0.0000,impact,ragdoll,Proventus Avenicci,0001A67D,NPC L Calf [LClf],5,12.478,12.478,140.384,98.840,2.807,6.0000,19.675,39.972,2076.707,-79.650,0.0000,-0.0000,1.0000,90.538,-37.540,-12.763,Static,Wood,shape,0000020D52D2EE00,-,1,1,0,-
2368,85576.465,0.0000,impact,ragdoll,Proventus Avenicci,0001A67D,NPC L Hand [LHnd],16,74.478,74.478,248.059,115.522,18.950,4.0000,8.334,7.478,2141.999,-25.338,-0.8795,-0.1444,-0.4535,44.071,-105.634,-15.637,-,Skin,shape,0000020E2E584100,9,1,1,0,-
2369,85576.465,0.0000,impact,ragdoll,Proventus Avenicci,0001A67D,NPC Spine2 [Spn2],9,74.478,74.478,248.059,75.055,1.889,7.0000,23.052,7.478,2141.999,-25.338,-0.8795,-0.1444,-0.4535,-37.114,-54.438,-35.949,-,Skin,shape,0000020E2E516800,16,1,1,0,-
2370,85632.237,0.0000,impact,ragdoll,Proventus Avenicci,0001A67D,NPC R Forearm [RLar],15,15.162,15.162,18.551,26.390,3.811,6.0000,11.658,24.935,2140.507,-38.453,0.0693,0.7655,-0.6397,-10.845,-23.512,5.100,-,Skin,shape,0000020E2E584400,6,1,1,0,-
2371,85632.238,0.0000,impact,ragdoll,Proventus Avenicci,0001A67D,NPC Spine1 [Spn1],6,15.162,15.162,18.551,60.705,3.655,4.0000,18.878,24.935,2140.507,-38.453,0.0693,0.7655,-0.6397,-27.283,-34.773,-41.612,-,Skin,shape,0000020E2E517400,15,1,1,0,-
2372,85632.239,0.0000,impact,ragdoll,Proventus Avenicci,0001A67D,NPC R Forearm [RLar],15,13.258,13.258,29.375,26.390,3.811,6.0000,11.658,19.880,2147.380,-35.434,0.1911,0.3259,-0.9259,-10.845,-23.512,5.100,-,Skin,shape,0000020E2E584100,9,1,1,0,-
2373,85632.239,0.0000,impact,ragdoll,Proventus Avenicci,0001A67D,NPC Spine2 [Spn2],9,13.258,13.258,29.375,73.479,3.143,7.0000,23.052,19.880,2147.380,-35.434,0.1911,0.3259,-0.9259,-40.627,-53.617,-29.560,-,Skin,shape,0000020E2E517400,15,1,1,0,-
2374,85673.477,0.0000,impact,ragdoll,Proventus Avenicci,0001A67D,NPC R Calf [RClf],4,97.105,97.105,120.608,85.586,4.625,6.0000,19.675,25.890,2097.718,-78.000,-0.0000,0.0000,1.0000,69.429,-21.872,-45.014,Static,Carpet,shape,0000020E28306E00,-,0,1,0,-
2375,85690.415,0.0000,impact,ragdoll,Proventus Avenicci,0001A67D,NPC R Thigh [RThg],2,84.291,84.291,58.411,81.621,2.557,6.0000,20.487,27.264,2100.263,-78.000,0.0000,-0.0000,1.0000,9.619,-29.944,-75.318,Static,Carpet,shape,0000020E28306E00,-,1,1,0,-
2376,85708.333,0.0000,impact,ragdoll,Proventus Avenicci,0001A67D,NPC Spine [Spn0],3,52.001,52.001,37.767,84.164,2.463,4.0000,17.297,26.024,2125.480,-49.490,-0.0000,-0.3340,0.9426,-20.368,-36.206,-73.197,Static,Wood,shape,0000020E281A5600,-,1,0,0,-
2377,85708.335,0.0000,impact,ragdoll,Proventus Avenicci,0001A67D,NPC Spine [Spn0],3,52.001,52.001,37.767,84.164,2.463,4.0000,17.297,26.024,2125.480,-49.490,-0.0000,-0.3340,0.9426,-20.368,-36.206,-73.197,Static,Wood,shape,0000020E281A5600,-,0,1,0,-
2378,85708.349,0.0000,impact,ragdoll,Proventus Avenicci,0001A67D,NPC L Hand [LHnd],16,149.709,149.709,109.605,182.550,6.308,4.0000,8.334,-1.896,2126.106,-45.929,0.0000,0.0000,1.0000,-10.577,-107.875,-146.887,Static,Wood,shape,0000020E281A5600,-,1,0,0,-
2379,85708.349,0.0000,impact,ragdoll,Proventus Avenicci,0001A67D,NPC L Hand [LHnd],16,130.725,130.725,131.671,182.550,6.308,4.0000,8.334,-1.896,2126.106,-45.929,-0.3955,0.0000,0.9185,-10.577,-107.875,-146.887,Static,Wood,shape,0000020E281A5600,-,0,1,0,-
2380,85747.356,0.0000,impact,ragdoll,Proventus Avenicci,0001A67D,NPC R Calf [RClf],4,102.655,102.655,101.126,80.515,5.691,6.0000,19.675,28.000,2097.516,-79.650,-0.0000,0.0000,1.0000,14.482,12.107,-78.271,Static,Wood,shape,0000020D52D2EE00,-,1,1,0,-
2381,85747.804,0.0000,impact,ragdoll,Proventus Avenicci,0001A67D,NPC R Calf [RClf],4,27.913,27.913,48.713,33.639,4.124,6.0000,19.675,43.497,2091.585,-79.656,0.0000,0.0000,1.0000,16.135,-18.477,-23.019,Static,Wood,shape,0000020D52D2EE00,-,0,1,0,-
2382,85802.709,0.0000,impact,ragdoll,Proventus Avenicci,0001A67D,NPC L Hand [LHnd],16,51.202,51.202,39.444,76.342,3.131,4.0000,8.334,-1.965,2125.350,-46.115,0.0000,0.0000,1.0000,-12.050,-45.840,-59.846,Static,Wood,shape,0000020E281A5600,-,0,1,0,-
2383,85837.624,0.0000,impact,ragdoll,Proventus Avenicci,0001A67D,NPC L Calf [LClf],5,26.702,26.702,49.013,33.195,1.451,6.0000,19.675,30.985,2092.289,-66.716,0.4260,-0.8156,0.3915,-32.958,3.591,1.671,-,Skin,shape,0000020E2E585000,2,1,1,0,-
2384,85837.624,0.0000,impact,ragdoll,Proventus Avenicci,0001A67D,NPC R Thigh [RThg],2,26.702,26.702,49.013,22.803,0.544,6.0000,20.487,30.985,2092.289,-66.716,0.4260,-0.8156,0.3915,-0.024,-18.949,12.684,-,Skin,shape,0000020E2E585900,5,1,1,0,-
2385,85837.634,0.0000,impact,ragdoll,Proventus Avenicci,0001A67D,NPC L Hand [LHnd],16,17.914,17.914,34.544,59.467,3.208,4.0000,8.334,-1.892,2125.273,-46.204,0.0000,0.0000,1.0000,25.755,-40.698,-34.881,Static,Wood,shape,0000020E281A5600,-,0,1,0,-
2386,85873.728,0.0000,impact,ragdoll,Proventus Avenicci,0001A67D,NPC L Hand [LHnd],16,19.197,19.197,40.931,67.387,4.196,4.0000,8.334,2.184,2120.097,-36.352,-0.5182,-0.1929,-0.8332,53.885,-37.108,-16.136,-,Skin,shape,0000020E2E584100,9,1,1,0,-
2387,85873.729,0.0000,impact,ragdoll,Proventus Avenicci,0001A67D,NPC Spine2 [Spn2],9,19.197,19.197,40.931,50.924,0.944,7.0000,23.052,2.184,2120.097,-36.352,-0.5182,-0.1929,-0.8332,-38.332,-29.004,16.813,-,Skin,shape,0000020E2E516800,16,1,1,0,-
2388,85874.287,0.0000,impact,ragdoll,Proventus Avenicci,0001A67D,NPC R Thigh [RThg],2,11.364,11.364,11.626,13.902,1.020,6.0000,20.487,30.004,2092.578,-62.104,-0.2147,0.6087,-0.7638,2.384,-1.613,13.601,-,Skin,shape,0000020E2E585C00,1,0,0,0,-
2389,85874.287,0.0000,impact,ragdoll,Proventus Avenicci,0001A67D,NPC L Thigh [LThg],1,11.364,11.364,11.626,13.003,1.420,6.0000,20.487,30.004,2092.578,-62.104,-0.2147,0.6087,-0.7638,-11.942,-5.022,-1.108,-,Skin,shape,0000020E2E585000,2,0,0,0,-
2390,85948.530,0.0000,impact,ragdoll,Proventus Avenicci,0001A67D,NPC Head [Head],13,31.656,31.656,48.536,54.421,0.734,4.0000,15.108,-23.017,2131.964,-21.660,0.9945,-0.0000,-0.1045,-31.402,-44.280,3.862,Static,Wood,shape,0000020E282DCA00,-,1,0,0,-
2391,85948.531,0.0000,impact,ragdoll,Proventus Avenicci,0001A67D,NPC Head [Head],13,31.432,31.432,48.681,54.421,0.734,4.0000,15.108,-23.017,2131.964,-21.660,0.9999,-0.0000,-0.0142,-31.402,-44.280,3.862,Static,Wood,shape,0000020E282DCA00,-,0,1,0,-
2392,86023.365,0.0000,state,unknown,Proventus Avenicci,0001A67D,-,-,0.000,0.000,0.000,0.000,0.000,0.0000,0.000,0.000,0.000,0.000,0.0000,0.0000,0.0000,0.000,0.000,0.000,-,-,-,0000000000000000,-,0,0,0,knock_get_up
2393,89538.278,0.0000,state,unknown,Proventus Avenicci,0001A67D,-,-,0.000,0.000,0.000,0.000,0.000,0.0000,0.000,0.000,0.000,0.000,0.0000,0.0000,0.0000,0.000,0.000,0.000,-,-,-,0000000000000000,-,0,0,0,ragdoll_start
2394,89542.528,0.0000,impact,ragdoll,Proventus Avenicci,0001A67D,NPC R Thigh [RThg],2,11.726,11.726,20.849,70.141,1.502,6.0000,20.487,20.793,2135.202,11.106,0.9272,0.3741,0.0154,-8.340,69.644,-0.094,-,Skin,shape,0000020E2E585C00,1,1,1,0,-
2395,89542.529,0.0000,impact,ragdoll,Proventus Avenicci,0001A67D,NPC L Thigh [LThg],1,11.726,11.726,20.849,103.519,3.221,6.0000,20.487,20.793,2135.202,11.106,0.9272,0.3741,0.0154,17.557,101.534,-9.941,-,Skin,shape,0000020E2E585000,2,1,1,0,-
2396,89542.532,0.0000,impact,ragdoll,Proventus Avenicci,0001A67D,NPC R Forearm [RLar],15,42.970,42.970,44.530,124.038,2.597,6.0000,11.658,31.213,2125.959,32.275,0.7116,-0.7013,-0.0414,29.573,111.085,-46.594,-,Skin,shape,0000020E2E584400,6,1,1,0,-
2397,89542.533,0.0000,impact,ragdoll,Proventus Avenicci,0001A67D,NPC Spine1 [Spn1],6,42.970,42.970,44.530,77.183,3.601,4.0000,18.878,31.213,2125.959,32.275,0.7116,-0.7013,-0.0414,12.231,15.175,-74.682,-,Skin,shape,0000020E2E517400,15,1,1,0,-
2398,89561.799,0.0000,impact,ragdoll,Proventus Avenicci,0001A67D,NPC R Forearm [RLar],15,84.978,84.978,262.916,115.737,22.215,6.0000,11.658,31.745,2129.643,21.504,0.8714,-0.4867,0.0623,34.031,103.636,-38.685,-,Skin,shape,0000020E2E584700,3,1,1,0,-
2399,89561.800,0.0000,impact,ragdoll,Proventus Avenicci,0001A67D,NPC Spine [Spn0],3,84.978,84.978,262.916,81.553,1.803,4.0000,17.297,31.745,2129.643,21.504,0.8714,-0.4867,0.0623,9.302,18.017,-78.992,-,Skin,shape,0000020E2E517400,15,1,1,0,-
2400,89561.802,0.0000,impact,ragdoll,Proventus Avenicci,0001A67D,NPC R Hand [RHnd],17,52.194,52.194,526.128,163.024,56.052,4.0000,8.334,31.960,2131.541,14.173,0.9458,-0.3203,0.0543,-9.654,160.731,-25.480,-,-,-,0000020E2E585600,0,1,1,0,-
2401,89561.802,0.0000,impact,ragdoll,Proventus Avenicci,0001A67D,NPC COM [COM ],0,52.194,52.194,526.128,35.117,24.374,50.0000,17.687,31.960,2131.541,14.173,0.9458,-0.3203,0.0543,4.698,32.089,-13.468,-,Skin,shape,0000020E2E517100,17,1,1,0,-
2402,89562.286,0.0000,impact,ragdoll,Proventus Avenicci,0001A67D,NPC R Hand [RHnd],17,41.644,41.644,201.608,185.501,7.370,4.0000,8.334,32.456,2132.005,17.809,0.9373,-0.2215,-0.2692,39.996,181.069,-4.984,-,Skin,shape,0000020E2E584700,3,1,1,0,-
2403,89562.286,0.0000,impact,ragdoll,Proventus Avenicci,0001A67D,NPC Spine [Spn0],3,41.644,41.644,201.608,66.226,5.854,4.0000,17.297,32.456,2132.005,17.809,0.9373,-0.2215,-0.2692,21.435,-4.249,-62.517,-,Skin,shape,0000020E2E517100,17,1,1,0,-
2404,89578.639,0.0000,impact,ragdoll,Proventus Avenicci,0001A67D,NPC R Hand [RHnd],17,28.332,28.332,420.573,163.750,58.689,4.0000,8.334,33.244,2135.956,12.208,0.8800,-0.4281,0.2058,45.598,156.700,-13.410,-,Skin,shape,0000020E2E585000,2,1,1,0,-
2405,89578.639,0.0000,impact,ragdoll,Proventus Avenicci,0001A67D,NPC R Thigh [RThg],2,28.332,28.332,420.573,59.996,7.096,6.0000,20.487,33.244,2135.956,12.208,0.8800,-0.4281,0.2058,-14.936,58.016,-3.263,-,Skin,shape,0000020E2E517100,17,1,1,0,-
2406,89597.676,0.0000,impact,ragdoll,Proventus Avenicci,0001A67D,NPC R Forearm [RLar],15,35.149,35.149,83.926,116.983,10.782,6.0000,11.658,33.706,2125.722,33.553,0.6784,-0.4250,-0.5993,77.529,63.084,-60.784,-,Skin,shape,0000020E2E584100,9,1,1,0,-
2407,89597.677,0.0000,impact,ragdoll,Proventus Avenicci,0001A67D,NPC Spine2 [Spn2],9,35.149,35.149,83.926,189.081,2.951,7.0000,23.052,33.706,2125.722,33.553,0.6784,-0.4250,-0.5993,33.366,-124.461,-138.376,-,Skin,shape,0000020E2E517400,15,1,1,0,-
2408,89616.621,0.0000,impact,ragdoll,Proventus Avenicci,0001A67D,NPC R Hand [RHnd],17,40.985,40.985,189.895,186.497,14.690,4.0000,8.334,34.222,2133.616,21.442,0.8263,0.4252,-0.3694,-11.561,148.353,112.423,-,Skin,shape,0000020E2E584400,6,1,1,0,-
2409,89616.622,0.0000,impact,ragdoll,Proventus Avenicci,0001A67D,NPC Spine1 [Spn1],6,40.985,40.985,189.895,149.410,6.561,4.0000,18.878,34.222,2133.616,21.442,0.8263,0.4252,-0.3694,25.879,-51.276,-137.929,-,Skin,shape,0000020E2E517100,17,1,1,0,-
2410,89654.048,0.0000,impact,ragdoll,Proventus Avenicci,0001A67D,NPC L Foot [Lft ],7,84.777,84.777,283.439,205.614,17.572,3.0000,10.011,14.103,2125.568,-49.471,-0.0000,-0.1045,0.9945,-14.401,176.516,-104.460,Static,Wood,shape,0000020E281A5600,-,1,0,0,-
2411,89654.050,0.0000,impact,ragdoll,Proventus Avenicci,0001A67D,NPC L Foot [Lft ],7,78.838,78.838,285.148,205.614,17.572,3.0000,10.011,14.103,2125.568,-49.471,0.0000,-0.0837,0.9965,-14.401,176.516,-104.460,Static,Wood,shape,0000020E281A5600,-,0,1,0,-
2412,89710.377,0.0000,impact,ragdoll,Proventus Avenicci,0001A67D,NPC R Thigh [RThg],2,83.813,83.813,10.618,80.934,7.851,6.0000,20.487,19.146,2153.389,-18.168,0.5537,0.4982,0.6672,23.582,29.433,-71.610,-,Skin,shape,0000020E2E585900,5,1,1,0,-
2413,89710.377,0.0000,impact,ragdoll,Proventus Avenicci,0001A67D,NPC L Calf [LClf],5,83.813,83.813,10.618,185.202,3.764,6.0000,19.675,19.146,2153.389,-18.168,0.5537,0.4982,0.6672,-23.807,182.373,21.749,-,Skin,shape,0000020E2E585000,2,1,1,0,-
2414,89728.306,0.0000,impact,ragdoll,Proventus Avenicci,0001A67D,NPC L Foot [Lft ],7,131.357,131.357,293.846,162.402,17.108,3.0000,10.011,10.465,2125.895,-49.636,-0.0000,-0.1045,0.9945,-84.648,138.593,-1.084,Static,Wood,shape,0000020E281A5600,-,0,1,0,-
2415,89763.558,0.0000,impact,ragdoll,Proventus Avenicci,0001A67D,NPC L Forearm [LLar],14,35.069,35.069,45.100,406.258,11.314,2.0000,11.658,20.032,2112.234,17.148,-0.4959,0.3408,0.7987,65.760,-372.968,-147.023,-,Skin,shape,0000020E2E584100,9,1,1,0,-
2416,89763.559,0.0000,impact,ragdoll,Proventus Avenicci,0001A67D,NPC Spine2 [Spn2],9,35.069,35.069,45.100,267.395,11.473,7.0000,23.052,20.032,2112.234,17.148,-0.4959,0.3408,0.7987,58.573,-136.149,-222.559,-,Skin,shape,0000020E2E516B00,14,1,1,0,-
2417,89780.740,0.0000,impact,ragdoll,Proventus Avenicci,0001A67D,NPC L Foot [Lft ],7,57.554,57.554,320.098,199.262,20.665,3.0000,10.011,10.255,2140.361,-49.590,0.0000,0.0000,1.0000,-92.519,176.343,-6.976,Static,Wood,shape,0000020E281A5600,-,0,1,0,-
2418,89798.460,0.0000,impact,ragdoll,Proventus Avenicci,0001A67D,NPC R Calf [RClf],4,42.423,42.423,40.016,47.261,4.993,6.0000,19.675,20.621,2161.406,-14.872,0.6888,0.6467,0.3275,18.302,-22.289,37.441,-,Skin,shape,0000020E2E585C00,1,1,1,0,-
2419,89798.461,0.0000,impact,ragdoll,Proventus Avenicci,0001A67D,NPC L Thigh [LThg],1,42.423,42.423,40.016,48.593,5.763,6.0000,20.487,20.621,2161.406,-14.872,0.6888,0.6467,0.3275,39.607,-11.367,-25.756,-,Skin,shape,0000020E2E584D00,4,1,1,0,-
2420,89814.810,0.0000,impact,ragdoll,Proventus Avenicci,0001A67D,NPC L Foot [Lft ],7,7.045,7.045,234.916,200.902,5.547,3.0000,10.011,1.010,2152.863,-49.472,-0.0914,0.0000,0.9958,-87.631,177.958,-31.833,Static,Wood,shape,0000020E281A5600,-,1,1,0,-
2421,89847.532,0.0000,impact,ragdoll,Proventus Avenicci,0001A67D,NPC L Calf [LClf],5,33.248,33.248,33.263,74.177,9.260,6.0000,19.675,25.607,2163.541,-15.044,-0.8534,-0.3098,-0.4193,-30.860,45.232,-50.040,-,Skin,shape,0000020E2E584D00,4,1,1,0,-
2422,89847.533,0.0000,impact,ragdoll,Proventus Avenicci,0001A67D,NPC R Calf [RClf],4,33.248,33.248,33.263,135.855,5.018,6.0000,19.675,25.607,2163.541,-15.044,-0.8534,-0.3098,-0.4193,31.745,-131.965,-5.825,-,Skin,shape,0000020E2E585900,5,1,1,0,-
2423,89864.612,0.0000,impact,ragdoll,Proventus Avenicci,0001A67D,NPC L Calf [LClf],5,63.134,63.134,224.269,63.881,10.860,6.0000,19.675,1.085,2152.990,-49.470,0.0000,0.0000,1.0000,-28.287,30.131,-48.711,Static,Wood,shape,0000020E281A5600,-,1,1,0,-
2424,89900.898,0.0000,impact,ragdoll,Proventus Avenicci,0001A67D,NPC R Thigh [RThg],2,80.716,80.716,168.359,191.512,1.105,6.0000,20.487,46.177,2136.697,-19.409,-0.9891,0.1473,0.0000,54.804,-163.703,-82.914,Static,Wood,shape,0000020E281A5600,-,1,1,0,-
2425,89937.513,0.0000,impact,ragdoll,Proventus Avenicci,0001A67D,NPC R Thigh [RThg],2,73.142,73.142,223.827,229.579,0.705,6.0000,20.487,46.264,2137.282,-21.913,-0.9880,0.1543,0.0000,43.139,-191.296,-119.380,Static,Wood,shape,0000020E281A5600,-,0,1,0,-
2426,89991.759,0.0000,impact,ragdoll,Proventus Avenicci,0001A67D,NPC Head [Head],13,278.178,278.178,153.815,309.032,2.401,4.0000,15.108,40.050,2067.268,-78.000,-0.0000,-0.0000,1.0000,79.179,-108.175,-278.442,Static,Carpet,shape,0000020E28306E00,-,1,1,0,-
2427,90010.168,0.0000,impact,ragdoll,Proventus Avenicci,0001A67D,NPC R Thigh [RThg],2,47.624,47.624,244.240,252.835,3.455,6.0000,20.487,46.266,2137.274,-26.822,-0.9880,0.1543,0.0000,2.070,-196.871,-158.629,Static,Wood,shape,0000020E281A5600,-,0,1,0,-
2428,90010.173,0.0000,impact,ragdoll,Proventus Avenicci,0001A67D,NPC Head [Head],13,102.828,102.828,11.267,155.543,17.710,4.0000,15.108,41.358,2065.017,-79.650,0.0000,-0.0000,1.0000,105.716,-45.770,-104.512,Static,Wood,shape,0000020D52D2EE00,-,1,1,0,-
2429,90010.603,0.0000,impact,ragdoll,Proventus Avenicci,0001A67D,NPC R Thigh [RThg],2,112.368,112.368,41.412,257.490,2.935,6.0000,20.487,20.580,2132.984,-32.469,0.9449,-0.0457,0.3242,-27.929,-195.655,-165.046,-,Skin,shape,0000020E2E585900,5,1,1,0,-
2430,90010.603,0.0000,impact,ragdoll,Proventus Avenicci,0001A67D,NPC L Calf [LClf],5,112.368,112.368,41.412,170.650,3.897,6.0000,19.675,20.580,2132.984,-32.469,0.9449,-0.0457,0.3242,80.864,-146.900,-31.663,-,Skin,shape,0000020E2E585000,2,1,1,0,-
2431,90010.606,0.0000,impact,ragdoll,Proventus Avenicci,0001A67D,NPC Head [Head],13,23.153,23.153,608.971,236.177,40.527,4.0000,15.108,42.875,2064.208,-79.650,-0.0000,0.0000,1.0000,98.210,-214.486,-11.414,Static,Wood,shape,0000020D52D2EE00,-,0,1,0,-
2432,90010.606,0.0000,impact,ragdoll,Proventus Avenicci,0001A67D,NPC Head [Head],13,23.153,23.153,547.728,236.177,40.527,4.0000,15.108,42.875,2064.208,-78.000,0.0000,-0.0000,1.0000,98.210,-214.486,-11.414,Static,Carpet,shape,0000020E28306E00,-,0,1,0,-
2433,90029.125,0.0000,impact,ragdoll,Proventus Avenicci,0001A67D,NPC R Calf [RClf],4,14.446,14.446,60.640,239.416,3.169,6.0000,19.675,22.837,2129.798,-32.335,0.8188,0.3978,0.4139,-38.319,-211.264,-105.921,-,Skin,shape,0000020E2E585C00,1,1,1,0,-
2434,90029.126,0.0000,impact,ragdoll,Proventus Avenicci,0001A67D,NPC L Thigh [LThg],1,14.446,14.446,60.640,231.438,3.082,6.0000,20.487,22.837,2129.798,-32.335,0.8188,0.3978,0.4139,-14.617,-170.219,-156.126,-,Skin,shape,0000020E2E584D00,4,1,1,0,-
2435,90029.127,0.0000,impact,ragdoll,Proventus Avenicci,0001A67D,NPC L Foot [Lft ],7,274.265,274.265,196.350,276.698,19.660,3.0000,10.011,20.607,2159.101,-25.063,-0.6426,0.2377,-0.7284,160.682,-220.666,45.272,-,Skin,shape,0000020E2E584D00,4,1,1,0,-
2436,90029.127,0.0000,impact,ragdoll,Proventus Avenicci,0001A67D,NPC R Calf [RClf],4,274.265,274.265,196.350,239.416,3.169,6.0000,19.675,20.607,2159.101,-25.063,-0.6426,0.2377,-0.7284,-38.319,-211.264,-105.921,-,Skin,shape,0000020E2E585300,7,1,1,0,-
2437,90029.132,0.0000,impact,ragdoll,Proventus Avenicci,0001A67D,NPC R Hand [RHnd],17,358.154,358.154,388.474,476.716,26.261,4.0000,8.334,50.352,2061.517,-63.919,0.7815,-0.0940,0.6168,19.634,61.435,-472.333,-,Skin,shape,0000020E2E517A00,13,1,1,0,-
2438,90029.132,0.0000,impact,ragdoll,Proventus Avenicci,0001A67D,NPC Head [Head],13,358.154,358.154,388.474,215.268,19.676,4.0000,15.108,50.352,2061.517,-63.919,0.7815,-0.0940,0.6168,76.222,-201.224,6.261,-,Skin,shape,0000020E2E517100,17,1,1,0,-
2439,90029.584,0.0000,impact,ragdoll,Proventus Avenicci,0001A67D,NPC Spine2 [Spn2],9,234.957,234.957,168.290,257.087,4.681,7.0000,23.052,35.366,2077.957,-78.000,-0.0000,0.0000,1.0000,38.200,-118.982,-224.672,Static,Carpet,shape,0000020E28306E00,-,1,1,0,-
2440,90029.585,0.0000,impact,ragdoll,Proventus Avenicci,0001A67D,NPC L UpperArm [LUar],10,343.932,343.932,191.721,351.536,6.074,2.0000,14.463,13.786,2061.313,-78.000,0.0000,-0.0000,1.0000,81.870,-122.730,-319.081,Static,Carpet,shape,0000020E28306E00,-,1,1,0,-
2441,90029.585,0.0000,impact,ragdoll,Proventus Avenicci,0001A67D,NPC Neck [Neck],11,182.487,182.487,385.513,241.529,31.154,6.0000,8.431,44.611,2068.289,-78.000,0.0000,-0.0000,1.0000,-5.445,-156.706,-183.712,Static,Carpet,shape,0000020E28306E00,-,1,1,0,-
2442,90029.588,0.0000,impact,ragdoll,Proventus Avenicci,0001A67D,NPC L Forearm [LLar],14,374.579,374.579,227.142,416.605,17.097,2.0000,11.658,8.544,2057.242,-78.000,-0.0000,0.0000,1.0000,0.457,-98.962,-404.680,Static,Carpet,shape,0000020E28306E00,-,1,1,0,-
2443,90047.254,0.0000,impact,ragdoll,Proventus Avenicci,0001A67D,NPC L Hand [LHnd],16,446.377,446.377,46.396,501.732,31.104,4.0000,8.334,-2.896,2041.863,-78.000,0.0000,0.0000,1.0000,-225.476,-44.815,-445.968,Static,Carpet,shape,0000020E28306E00,-,1,1,0,-
2444,90047.688,0.0000,impact,ragdoll,Proventus Avenicci,0001A67D,NPC R UpperArm [RUar],12,90.917,90.917,118.855,184.096,11.274,2.0000,14.463,59.195,2078.292,-78.000,0.0000,0.0000,1.0000,141.389,-33.815,-112.946,Static,Carpet,shape,0000020E28306E00,-,1,1,0,-
2445,90065.693,0.0000,impact,ragdoll,Proventus Avenicci,0001A67D,NPC L UpperArm [LUar],10,82.061,82.061,264.471,229.614,12.647,2.0000,14.463,13.994,2058.163,-79.650,-0.0000,-0.0000,1.0000,63.746,-199.807,-93.467,Static,Wood,shape,0000020D52D2EE00,-,1,1,0,-
2446,90066.344,0.0000,impact,ragdoll,Proventus Avenicci,0001A67D,NPC L UpperArm [LUar],10,54.825,54.825,276.424,171.155,12.681,2.0000,14.463,24.806,2060.866,-78.000,0.0000,-0.0000,1.0000,55.581,-159.227,-29.181,Static,Carpet,shape,0000020E28306E00,-,0,1,0,-
2447,90085.068,0.0000,impact,ragdoll,Proventus Avenicci,0001A67D,NPC Spine2 [Spn2],9,38.206,38.206,300.766,182.342,8.661,7.0000,23.052,37.287,2071.114,-79.650,0.0000,-0.0000,1.0000,52.999,-167.372,-49.259,Static,Wood,shape,0000020D52D2EE00,-,1,1,0,-
2448,90085.073,0.0000,impact,ragdoll,Proventus Avenicci,0001A67D,NPC Neck [Neck],11,10.339,10.339,231.673,249.419,17.420,6.0000,8.431,48.170,2060.933,-78.000,0.0000,-0.0000,1.0000,115.208,-221.012,-9.527,Static,Carpet,shape,0000020E28306E00,-,0,1,0,-
2449,90085.592,0.0000,impact,ragdoll,Proventus Avenicci,0001A67D,NPC L Calf [LClf],5,131.227,131.227,122.873,176.237,3.013,6.0000,19.675,15.713,2125.574,-49.471,-0.0000,-0.1045,0.9945,16.047,-118.179,-129.752,Static,Wood,shape,0000020E281A5600,-,1,0,0,-
2450,90085.592,0.0000,impact,ragdoll,Proventus Avenicci,0001A67D,NPC L Calf [LClf],5,122.746,122.746,108.589,176.237,3.013,6.0000,19.675,10.800,2140.664,-49.471,0.0000,0.0000,1.0000,16.047,-118.179,-129.752,Static,Wood,shape,0000020E281A5600,-,0,0,0,-
2451,90085.593,0.0000,impact,ragdoll,Proventus Avenicci,0001A67D,NPC L Calf [LClf],5,140.498,140.498,108.813,176.237,3.013,6.0000,19.675,15.110,2127.459,-49.471,0.0000,0.0000,1.0000,16.047,-118.179,-129.752,Static,Wood,shape,0000020E281A5600,-,0,0,0,-
2452,90085.593,0.0000,impact,ragdoll,Proventus Avenicci,0001A67D,NPC L Calf [LClf],5,135.773,135.773,117.831,176.237,3.013,6.0000,19.675,15.713,2125.574,-49.471,0.0000,-0.0660,0.9978,16.047,-118.179,-129.752,Static,Wood,shape,0000020E281A5600,-,0,1,0,-
2453,90085.596,0.0000,impact,ragdoll,Proventus Avenicci,0001A67D,NPC Spine2 [Spn2],9,31.651,31.651,223.855,148.592,7.522,7.0000,23.052,42.920,2072.747,-78.000,-0.0000,0.0000,1.0000,38.941,-142.496,-16.068,Static,Carpet,shape,0000020E28306E00,-,0,1,0,-
2454,90085.601,0.0000,impact,ragdoll,Proventus Avenicci,0001A67D,NPC R Hand [RHnd],17,32.050,32.050,177.886,57.774,17.125,4.0000,8.334,66.402,2062.714,-78.000,0.0000,0.0000,1.0000,32.585,-35.336,-32.052,Static,Carpet,shape,0000020E28306E00,-,1,1,0,-
2455,90103.059,0.0000,impact,ragdoll,Proventus Avenicci,0001A67D,NPC R UpperArm [RUar],12,32.782,32.782,238.964,122.051,17.994,2.0000,14.463,61.863,2073.118,-79.650,-0.0000,-0.0000,1.0000,55.669,-20.206,-106.719,Static,Wood,shape,0000020D52D2EE00,-,1,1,0,-
2456,90103.505,0.0000,impact,ragdoll,Proventus Avenicci,0001A67D,NPC R Thigh [RThg],2,33.724,33.724,67.109,176.355,2.009,6.0000,20.487,24.174,2116.492,-42.225,0.9114,0.1438,0.3857,-7.067,-121.743,-127.396,-,Skin,shape,0000020E2E585C00,1,0,0,0,-
2457,90103.505,0.0000,impact,ragdoll,Proventus Avenicci,0001A67D,NPC L Thigh [LThg],1,33.724,33.724,67.109,132.806,3.523,6.0000,20.487,24.174,2116.492,-42.225,0.9114,0.1438,0.3857,-7.295,-91.474,-96.004,-,Skin,shape,0000020E2E585000,2,0,0,0,-
2458,90103.507,0.0000,impact,ragdoll,Proventus Avenicci,0001A67D,NPC R Thigh [RThg],2,21.853,21.853,157.940,176.355,2.009,6.0000,20.487,33.007,2125.391,-49.537,0.0000,-0.5885,0.8085,-7.067,-121.743,-127.396,Static,Wood,shape,0000020E281A5600,-,1,0,0,-
2459,90103.507,0.0000,impact,ragdoll,Proventus Avenicci,0001A67D,NPC R Thigh [RThg],2,21.853,21.853,157.940,176.355,2.009,6.0000,20.487,33.007,2125.391,-49.537,0.0000,-0.5885,0.8085,-7.067,-121.743,-127.396,Static,Wood,shape,0000020E281A5600,-,0,1,0,-
2460,90103.513,0.0000,impact,ragdoll,Proventus Avenicci,0001A67D,NPC L Forearm [LLar],14,89.084,89.084,399.340,99.860,27.839,2.0000,11.658,5.792,2053.521,-79.707,0.0000,0.0000,1.0000,14.033,-90.620,39.537,Static,Wood,shape,0000020D52D2EE00,-,0,1,0,-
2461,90121.188,0.0000,impact,ragdoll,Proventus Avenicci,0001A67D,NPC L Calf [LClf],5,26.246,26.246,103.905,109.655,3.147,6.0000,19.675,27.488,2120.618,-38.900,-0.9054,-0.0643,-0.4197,13.370,-108.812,2.332,-,Skin,shape,0000020E2E584D00,4,1,1,0,-
2462,90121.189,0.0000,impact,ragdoll,Proventus Avenicci,0001A67D,NPC R Calf [RClf],4,26.246,26.246,103.905,151.033,2.870,6.0000,19.675,27.488,2120.618,-38.900,-0.9054,-0.0643,-0.4197,6.432,-127.923,-80.034,-,Skin,shape,0000020E2E585900,5,1,1,0,-
2463,90138.422,0.0000,impact,ragdoll,Proventus Avenicci,0001A67D,NPC R UpperArm [RUar],12,136.059,136.059,217.851,161.290,13.714,2.0000,14.463,71.550,2074.305,-78.003,0.1004,0.0000,0.9949,-21.674,-131.542,-90.782,Static,Carpet,shape,0000020E28306E00,-,0,1,0,-
2464,90154.986,0.0000,impact,ragdoll,Proventus Avenicci,0001A67D,NPC R Forearm [RLar],15,9.806,9.806,165.214,74.909,15.709,6.0000,11.658,77.252,2075.696,-79.650,-0.0000,0.0000,1.0000,54.821,-31.168,40.428,Static,Wood,shape,0000020D52D2EE00,-,1,1,0,-
2465,90155.412,0.0000,impact,ragdoll,Proventus Avenicci,0001A67D,NPC Spine1 [Spn1],6,40.053,40.053,182.242,121.633,4.726,4.0000,18.878,37.750,2076.966,-78.000,-0.0000,0.0000,1.0000,24.046,-114.937,-31.714,Static,Carpet,shape,0000020E28306E00,-,1,1,0,-
2466,90155.415,0.0000,impact,ragdoll,Proventus Avenicci,0001A67D,NPC R UpperArm [RUar],12,27.188,27.188,145.613,146.688,5.965,2.0000,14.463,72.165,2072.343,-79.650,-0.0000,0.0000,1.0000,-0.018,-141.102,-40.093,Static,Wood,shape,0000020D52D2EE00,-,0,1,0,-
2467,90172.367,0.0000,impact,ragdoll,Proventus Avenicci,0001A67D,NPC COM [COM ],0,142.597,142.597,207.348,157.530,9.707,50.0000,17.687,31.777,2091.013,-78.000,-0.0000,0.0000,1.0000,-17.028,-67.453,-141.336,Static,Carpet,shape,0000020E28306E00,-,1,1,0,-
2468,90172.369,0.0000,impact,ragdoll,Proventus Avenicci,0001A67D,NPC Spine [Spn0],3,89.381,89.381,201.949,111.729,9.575,4.0000,17.297,34.011,2083.749,-78.000,0.0000,0.0000,1.0000,-5.682,-68.110,-88.386,Static,Carpet,shape,0000020E28306E00,-,1,1,0,-
2469,90223.406,0.0000,impact,ragdoll,Proventus Avenicci,0001A67D,NPC L Calf [LClf],5,42.287,42.287,94.373,96.146,1.139,6.0000,19.675,1.315,2130.662,-49.601,-0.1045,0.0000,0.9945,-21.875,-87.864,-32.334,Static,Wood,shape,0000020E281A5600,-,0,1,0,-
2470,90256.530,0.0000,impact,ragdoll,Proventus Avenicci,0001A67D,NPC R Calf [RClf],4,18.416,18.416,59.628,53.161,2.038,6.0000,19.675,28.589,2125.418,-49.519,0.0000,-0.5121,0.8589,-9.877,-27.275,-44.549,Static,Wood,shape,0000020E281A5600,-,1,0,0,-
2471,90256.531,0.0000,impact,ragdoll,Proventus Avenicci,0001A67D,NPC R Calf [RClf],4,18.416,18.416,59.628,53.161,2.038,6.0000,19.675,28.589,2125.418,-49.519,0.0000,-0.5121,0.8589,-9.877,-27.275,-44.549,Static,Wood,shape,0000020E281A5600,-,0,1,0,-
2472,90256.535,0.0000,impact,ragdoll,Proventus Avenicci,0001A67D,NPC L Calf [LClf],5,12.673,12.673,70.584,87.819,1.537,6.0000,19.675,6.265,2133.424,-49.501,0.0000,0.0000,1.0000,-23.030,-78.810,-31.159,Static,Wood,shape,0000020E281A5600,-,0,1,0,-
2473,90256.969,0.0000,impact,ragdoll,Proventus Avenicci,0001A67D,NPC L Forearm [LLar],14,79.033,79.033,13.539,68.620,4.515,2.0000,11.658,12.074,2041.379,-78.000,0.0000,0.0000,1.0000,18.937,4.643,-65.792,Static,Carpet,shape,0000020E28306E00,-,1,1,0,-
2474,90274.393,0.0000,impact,ragdoll,Proventus Avenicci,0001A67D,NPC L Calf [LClf],5,31.639,31.639,63.060,85.535,2.413,6.0000,19.675,1.332,2125.595,-49.625,-0.1045,0.0000,0.9945,-21.585,-74.377,-36.309,Static,Wood,shape,0000020E281A5600,-,0,0,0,-
2475,90274.394,0.0000,impact,ragdoll,Proventus Avenicci,0001A67D,NPC L Calf [LClf],5,26.228,26.228,70.897,85.535,2.413,6.0000,19.675,4.134,2128.499,-46.058,0.8350,-0.0000,0.5502,-21.585,-74.377,-36.309,Static,Wood,shape,0000020E281A5600,-,0,1,0,-
2476,90291.688,0.0000,impact,ragdoll,Proventus Avenicci,0001A67D,NPC R Calf [RClf],4,74.923,74.923,30.223,76.322,2.127,6.0000,19.675,26.521,2128.841,-49.513,0.0000,0.0000,1.0000,-11.351,-25.235,-71.129,Static,Wood,shape,0000020E281A5600,-,0,1,0,-
2477,90291.692,0.0000,impact,ragdoll,Proventus Avenicci,0001A67D,NPC Spine1 [Spn1],6,21.954,21.954,52.757,50.077,2.537,4.0000,18.878,39.363,2070.769,-79.650,-0.0000,0.0000,1.0000,10.089,-41.027,-26.883,Static,Wood,shape,0000020D52D2EE00,-,1,1,0,-
2478,90292.131,0.0000,impact,ragdoll,Proventus Avenicci,0001A67D,NPC COM [COM ],0,65.410,65.410,70.313,78.902,3.322,50.0000,17.687,24.049,2081.490,-78.000,0.0000,0.0000,1.0000,-17.527,-46.427,-61.342,Static,Carpet,shape,0000020E28306E00,-,0,1,0,-
2479,90346.023,0.0000,impact,ragdoll,Proventus Avenicci,0001A67D,NPC L Calf [LClf],5,35.705,35.705,62.325,28.672,1.506,6.0000,19.675,20.426,2127.194,-39.425,-0.9568,-0.0252,-0.2895,-6.624,-25.193,-11.980,-,Skin,shape,0000020E2E584D00,4,0,1,0,-
2480,90346.024,0.0000,impact,ragdoll,Proventus Avenicci,0001A67D,NPC R Calf [RClf],4,35.705,35.705,62.325,43.841,3.390,6.0000,19.675,20.426,2127.194,-39.425,-0.9568,-0.0252,-0.2895,-18.366,-17.346,-35.831,-,Skin,shape,0000020E2E585900,5,0,1,0,-
2481,90346.030,0.0000,impact,ragdoll,Proventus Avenicci,0001A67D,NPC L UpperArm [LUar],10,10.245,10.245,32.442,19.568,1.851,2.0000,14.463,20.011,2040.606,-79.650,0.0000,-0.0000,1.0000,13.402,-14.188,-1.402,Static,Wood,shape,0000020D52D2EE00,-,1,1,0,-
2482,90383.301,0.0000,impact,ragdoll,Proventus Avenicci,0001A67D,NPC COM [COM ],0,42.015,42.015,41.270,46.785,1.945,50.0000,17.687,23.585,2079.217,-79.650,-0.0000,0.0000,1.0000,0.041,-20.332,-42.136,Static,Wood,shape,0000020D52D2EE00,-,1,1,0,-
2483,90401.734,0.0000,impact,ragdoll,Proventus Avenicci,0001A67D,NPC L Hand [LHnd],16,82.017,82.017,62.440,82.317,9.398,4.0000,8.334,0.356,2052.563,-78.000,0.0000,0.0000,1.0000,-5.610,5.027,-81.972,Static,Carpet,shape,0000020E28306E00,-,1,1,0,-
2484,90420.826,0.0000,impact,ragdoll,Proventus Avenicci,0001A67D,NPC R UpperArm [RUar],12,35.199,35.199,74.522,28.401,5.053,2.0000,14.463,71.632,2060.827,-78.018,0.2641,-0.0000,0.9645,-2.899,-15.201,-23.815,Static,Carpet,shape,0000020E28306E00,-,1,1,0,-
2485,90421.259,0.0000,impact,ragdoll,Proventus Avenicci,0001A67D,NPC COM [COM ],0,8.783,8.783,23.980,17.263,1.289,50.0000,17.687,27.217,2075.416,-79.680,0.0000,0.0000,1.0000,5.781,-7.063,-14.653,Static,Wood,shape,0000020D52D2EE00,-,0,1,0,-
2486,90421.260,0.0000,impact,ragdoll,Proventus Avenicci,0001A67D,NPC L Thigh [LThg],1,15.020,15.020,10.867,17.048,0.363,6.0000,20.487,18.648,2078.649,-78.000,0.0000,0.0000,1.0000,4.647,-9.760,-13.183,Static,Carpet,shape,0000020E28306E00,-,1,1,0,-
2487,90421.264,0.0000,impact,ragdoll,Proventus Avenicci,0001A67D,NPC L Calf [LClf],5,19.357,19.357,49.358,14.771,0.270,6.0000,19.675,22.648,2108.619,-51.020,-0.9764,-0.1898,-0.1036,5.038,-11.868,-7.207,-,Skin,shape,0000020E2E584D00,4,0,1,0,-
2488,90421.264,0.0000,impact,ragdoll,Proventus Avenicci,0001A67D,NPC R Calf [RClf],4,19.357,19.357,49.358,73.825,1.732,6.0000,19.675,22.648,2108.619,-51.020,-0.9764,-0.1898,-0.1036,-24.849,18.704,-66.953,-,Skin,shape,0000020E2E585900,5,0,1,0,-
2489,90458.188,0.0000,impact,ragdoll,Proventus Avenicci,0001A67D,NPC L Calf [LClf],5,13.489,13.489,5.334,5.135,0.071,6.0000,19.675,17.706,2132.860,-39.179,-0.6974,-0.6165,-0.3655,1.571,4.224,2.460,-,Skin,shape,0000020E2E584A00,8,1,1,0,-
2490,90458.189,0.0000,impact,ragdoll,Proventus Avenicci,0001A67D,NPC R Foot [Rft ],8,13.489,13.489,5.334,30.273,3.740,3.0000,10.011,17.706,2132.860,-39.179,-0.6974,-0.6165,-0.3655,-24.820,17.054,-3.095,-,Skin,shape,0000020E2E585900,5,1,1,0,-
2491,90477.412,0.0000,impact,ragdoll,Proventus Avenicci,0001A67D,NPC R Hand [RHnd],17,96.443,96.443,51.901,104.368,10.527,4.0000,8.334,92.943,2077.565,-79.650,-0.0000,0.0000,1.0000,-34.729,19.559,-96.457,Static,Wood,shape,0000020D52D2EE00,-,1,1,0,-
2492,90496.244,0.0000,impact,ragdoll,Proventus Avenicci,0001A67D,NPC COM [COM ],0,5.734,5.734,1.733,10.447,1.072,50.0000,17.687,31.505,2079.653,-79.666,0.0000,0.0000,1.0000,6.967,7.275,-2.771,Static,Wood,shape,0000020D52D2EE00,-,0,1,0,-
2493,90513.440,0.0000,impact,ragdoll,Proventus Avenicci,0001A67D,NPC L Hand [LHnd],16,60.404,60.404,49.139,62.423,7.891,4.0000,8.334,0.112,2051.896,-79.650,-0.0000,-0.0000,1.0000,-13.360,-8.231,-60.418,Static,Wood,shape,0000020D52D2EE00,-,1,1,0,-
2494,90547.438,0.0000,impact,ragdoll,Proventus Avenicci,0001A67D,NPC R Forearm [RLar],15,42.550,42.550,17.113,36.626,1.412,6.0000,11.658,90.094,2072.536,-79.650,-0.0000,0.0000,1.0000,-6.087,10.633,-34.516,Static,Wood,shape,0000020D52D2EE00,-,1,1,0,-
2495,90597.017,0.0000,impact,ragdoll,Proventus Avenicci,0001A67D,NPC L Forearm [LLar],14,8.477,8.477,17.587,10.907,1.437,2.0000,11.658,4.630,2047.099,-78.000,-0.0000,0.0000,1.0000,8.096,-6.814,-2.643,Static,Carpet,shape,0000020E28306E00,-,0,1,0,-
2496,90985.263,0.0000,state,unknown,Proventus Avenicci,0001A67D,-,-,0.000,0.000,0.000,0.000,0.000,0.0000,0.000,0.000,0.000,0.000,0.0000,0.0000,0.0000,0.000,0.000,0.000,-,-,-,0000000000000000,-,0,0,0,knock_get_up
2497,98011.953,0.0000,state,unknown,Proventus Avenicci,0001A67D,-,-,0.000,0.000,0.000,0.000,0.000,0.0000,0.000,0.000,0.000,0.000,0.0000,0.0000,0.0000,0.000,0.000,0.000,-,-,-,0000000000000000,-,0,0,0,ragdoll_start
2498,98015.611,0.0000,impact,ragdoll,Proventus Avenicci,0001A67D,NPC R Foot [Rft ],8,41.923,43.618,44.698,52.327,2.574,3.0000,10.011,217.696,2110.427,-79.650,-0.0000,-0.0000,1.0000,-18.303,-34.331,-34.994,Static,Wood,shape,0000020D52D2C100,-,0,0,0,-
2499,98015.622,0.0000,impact,ragdoll,Proventus Avenicci,0001A67D,NPC L Foot [Lft ],7,5.874,9.924,24.924,38.560,2.353,3.0000,10.011,172.294,2116.741,-79.650,0.0000,-0.0000,1.0000,20.748,31.997,-5.707,Static,Wood,shape,0000020D52D2C100,-,0,0,0,-
2500,98015.898,0.0000,impact,ragdoll,Proventus Avenicci,0001A67D,NPC R Foot [Rft ],8,7.055,7.055,19.922,38.002,6.579,3.0000,10.011,210.712,2110.073,-79.650,0.0000,-0.0000,1.0000,-19.537,-29.638,13.566,Static,Wood,shape,0000020D52D2C100,-,0,1,0,-
2501,98015.899,0.0000,impact,ragdoll,Proventus Avenicci,0001A67D,NPC L Forearm [LLar],14,24.108,24.108,20.520,69.523,2.235,2.0000,11.658,194.985,2124.780,-6.735,0.0700,0.9517,0.2990,68.986,-1.853,8.423,-,Skin,shape,0000020E2E584700,3,1,1,0,-
2502,98015.900,0.0000,impact,ragdoll,Proventus Avenicci,0001A67D,NPC Spine [Spn0],3,24.108,24.108,20.520,70.546,3.152,4.0000,17.297,194.985,2124.780,-6.735,0.0700,0.9517,0.2990,64.298,18.053,22.729,-,Skin,shape,0000020E2E516B00,14,1,1,0,-
2503,98015.900,0.0000,impact,ragdoll,Proventus Avenicci,0001A67D,NPC L Forearm [LLar],14,8.489,8.489,42.970,69.523,2.235,2.0000,11.658,192.863,2125.460,1.308,-0.0569,0.9982,0.0167,68.986,-1.853,8.423,-,Skin,shape,0000020E2E584400,6,1,1,0,-
2504,98015.900,0.0000,impact,ragdoll,Proventus Avenicci,0001A67D,NPC Spine1 [Spn1],6,8.489,8.489,42.970,82.808,0.877,4.0000,18.878,192.863,2125.460,1.308,-0.0569,0.9982,0.0167,76.779,15.506,26.864,-,Skin,shape,0000020E2E516B00,14,1,1,0,-
2505,98036.326,0.0000,impact,ragdoll,Proventus Avenicci,0001A67D,NPC L Foot [Lft ],7,16.034,18.510,36.599,28.227,4.685,3.0000,10.011,172.616,2117.285,-79.650,0.0000,0.0000,1.0000,-1.906,25.280,-12.412,Static,Wood,shape,0000020D52D2C100,-,0,0,0,-
2506,98036.682,0.0000,impact,ragdoll,Proventus Avenicci,0001A67D,NPC R Calf [RClf],4,21.210,21.210,46.856,30.351,2.781,6.0000,19.675,207.796,2109.382,-79.650,-0.0000,0.0000,1.0000,11.203,-18.288,-21.476,Static,Wood,shape,0000020D52D2C100,-,1,1,0,-
2507,98036.858,0.0000,impact,ragdoll,Proventus Avenicci,0001A67D,NPC L Foot [Lft ],7,8.297,-2.241,27.191,25.952,3.697,3.0000,10.011,172.611,2117.577,-79.650,-0.0000,0.0000,1.0000,4.749,25.422,2.167,Static,Wood,shape,0000020D52D2C100,-,0,0,0,-
2508,98050.168,0.0000,impact,ragdoll,Proventus Avenicci,0001A67D,NPC L Foot [Lft ],7,6.740,-3.213,38.538,26.732,2.060,3.0000,10.011,172.607,2117.861,-79.650,-0.0000,0.0000,1.0000,-19.080,17.801,5.802,Static,Wood,shape,0000020D52D2C100,-,0,0,0,-
2509,98084.937,0.0000,impact,ragdoll,Proventus Avenicci,0001A67D,NPC R Thigh [RThg],2,78.018,78.018,172.327,15.704,9.916,6.0000,20.487,195.621,2115.528,-43.995,0.7682,-0.6092,0.1968,-14.829,-3.123,-4.118,-,Skin,shape,0000020E2E585C00,1,0,1,0,-
2510,98084.938,0.0000,impact,ragdoll,Proventus Avenicci,0001A67D,NPC L Thigh [LThg],1,78.018,78.018,172.327,64.745,2.000,6.0000,20.487,195.621,2115.528,-43.995,0.7682,-0.6092,0.1968,55.429,16.838,-28.915,-,Skin,shape,0000020E2E585000,2,0,1,0,-
2511,98084.947,0.0000,impact,ragdoll,Proventus Avenicci,0001A67D,NPC L Hand [LHnd],16,46.627,46.627,279.089,78.180,25.983,4.0000,8.334,202.355,2126.076,-13.586,0.3280,0.9295,-0.1685,66.050,-25.447,-33.195,-,Skin,shape,0000020E2E584700,3,1,1,0,-
2512,98084.948,0.0000,impact,ragdoll,Proventus Avenicci,0001A67D,NPC Spine [Spn0],3,46.627,46.627,279.089,68.863,3.760,4.0000,17.297,202.355,2126.076,-13.586,0.3280,0.9295,-0.1685,50.714,31.524,-34.299,-,Skin,shape,0000020E2E516800,16,1,1,0,-
2513,98085.438,0.0000,impact,ragdoll,Proventus Avenicci,0001A67D,NPC L Forearm [LLar],14,15.369,15.369,39.576,94.293,2.220,2.0000,11.658,200.807,2127.076,7.999,-0.0007,0.8294,-0.5586,82.407,14.383,-43.512,-,Skin,shape,0000020E2E584100,9,1,1,0,-
2514,98085.438,0.0000,impact,ragdoll,Proventus Avenicci,0001A67D,NPC Spine2 [Spn2],9,15.369,15.369,39.576,109.617,3.811,7.0000,23.052,200.807,2127.076,7.999,-0.0007,0.8294,-0.5586,96.999,41.227,-30.125,-,Skin,shape,0000020E2E516B00,14,1,1,0,-
2515,98085.441,0.0000,impact,ragdoll,Proventus Avenicci,0001A67D,NPC R Hand [RHnd],17,27.608,27.608,70.237,101.614,10.638,4.0000,8.334,195.781,2101.952,-18.871,-0.2148,-0.9766,0.0048,94.195,26.009,-27.861,-,-,-,0000020E2E585600,0,1,1,0,-
2516,98085.441,0.0000,impact,ragdoll,Proventus Avenicci,0001A67D,NPC COM [COM ],0,27.608,27.608,70.237,52.508,3.008,50.0000,17.687,195.781,2101.952,-18.871,-0.2148,-0.9766,0.0048,51.807,5.691,-6.383,-,Skin,shape,0000020E2E517100,17,1,1,0,-
2517,98085.597,0.0000,impact,ragdoll,Proventus Avenicci,0001A67D,NPC L Foot [Lft ],7,8.926,13.427,104.327,44.648,8.384,3.0000,10.011,170.860,2118.660,-79.650,0.0000,-0.0000,1.0000,-43.368,10.611,-0.223,Static,Wood,shape,0000020D52D2C100,-,0,0,0,-
2518,98103.563,0.0000,impact,ragdoll,Proventus Avenicci,0001A67D,NPC R Hand [RHnd],17,10.458,10.458,38.392,100.030,7.256,4.0000,8.334,198.475,2101.215,-21.046,-0.3742,-0.9113,0.1719,95.654,13.782,-25.815,-,Skin,shape,0000020E2E585000,2,1,1,0,-
2519,98103.563,0.0000,impact,ragdoll,Proventus Avenicci,0001A67D,NPC R Thigh [RThg],2,10.458,10.458,38.392,19.537,7.152,6.0000,20.487,198.475,2101.215,-21.046,-0.3742,-0.9113,0.1719,11.208,-8.776,13.382,-,Skin,shape,0000020E2E517100,17,1,1,0,-
2520,98121.273,0.0000,impact,ragdoll,Proventus Avenicci,0001A67D,NPC L Forearm [LLar],14,49.636,49.636,73.992,89.829,5.543,2.0000,11.658,204.658,2127.729,-11.644,0.2927,0.9309,0.2183,88.683,-12.894,6.193,-,Skin,shape,0000020E2E584700,3,1,1,0,-
2521,98121.274,0.0000,impact,ragdoll,Proventus Avenicci,0001A67D,NPC Spine [Spn0],3,49.636,49.636,73.992,68.484,3.007,4.0000,17.297,204.658,2127.729,-11.644,0.2927,0.9309,0.2183,50.188,45.120,-11.637,-,Skin,shape,0000020E2E516B00,14,1,1,0,-
2522,98213.629,0.0000,impact,ragdoll,Proventus Avenicci,0001A67D,NPC R Forearm [RLar],15,7.551,7.551,11.354,103.475,2.559,6.0000,11.658,204.471,2103.142,-18.474,-0.2225,-0.8319,0.5085,97.534,34.335,-3.905,-,Skin,shape,0000020E2E585000,2,1,1,0,-
2523,98213.630,0.0000,impact,ragdoll,Proventus Avenicci,0001A67D,NPC R Thigh [RThg],2,7.551,7.551,11.354,60.855,2.700,6.0000,20.487,204.471,2103.142,-18.474,-0.2225,-0.8319,0.5085,59.900,-2.895,-10.342,-,Skin,shape,0000020E2E517400,15,1,1,0,-
2524,98270.186,0.0000,impact,ragdoll,Proventus Avenicci,0001A67D,NPC R Foot [Rft ],8,27.710,58.082,220.771,142.661,20.851,3.0000,10.011,218.736,2088.955,-79.650,0.0000,-0.0000,1.0000,-3.323,-142.440,-7.196,Static,Wood,shape,0000020D52D2C100,-,0,0,0,-
2525,98271.037,0.0000,impact,ragdoll,Proventus Avenicci,0001A67D,NPC L Hand [LHnd],16,17.441,17.441,109.706,101.742,11.156,4.0000,8.334,217.100,2132.302,-13.437,0.1063,0.7275,-0.6778,55.233,10.580,-84.786,-,Skin,shape,0000020E2E584400,6,1,1,0,-
2526,98271.037,0.0000,impact,ragdoll,Proventus Avenicci,0001A67D,NPC Spine1 [Spn1],6,17.441,17.441,109.706,122.746,2.281,4.0000,18.878,217.100,2132.302,-13.437,0.1063,0.7275,-0.6778,92.456,39.534,-70.395,-,Skin,shape,0000020E2E516800,16,1,1,0,-
2527,98328.951,0.0000,impact,ragdoll,Proventus Avenicci,0001A67D,NPC R Foot [Rft ],8,40.052,48.906,246.167,141.876,21.942,3.0000,10.011,217.134,2081.128,-79.650,0.0000,0.0000,1.0000,-39.529,-136.204,3.856,Static,Wood,shape,0000020D52D2C100,-,0,0,0,-
2528,98348.697,0.0000,impact,ragdoll,Proventus Avenicci,0001A67D,NPC L Hand [LHnd],16,32.218,32.218,364.408,153.147,38.313,4.0000,8.334,215.331,2131.477,-28.722,0.5310,0.8473,-0.0099,49.452,16.443,-144.007,-,-,-,0000020E2E585600,0,1,1,0,-
2529,98348.698,0.0000,impact,ragdoll,Proventus Avenicci,0001A67D,NPC COM [COM ],0,32.218,32.218,364.408,131.087,2.220,50.0000,17.687,215.331,2131.477,-28.722,0.5310,0.8473,-0.0099,80.263,37.967,-96.438,-,Skin,shape,0000020E2E516800,16,1,1,0,-
2530,98348.698,0.0000,impact,ragdoll,Proventus Avenicci,0001A67D,NPC L Hand [LHnd],16,67.929,67.929,406.574,153.147,38.313,4.0000,8.334,213.746,2132.973,-32.323,0.6520,0.6976,0.2970,49.452,16.443,-144.007,-,Skin,shape,0000020E2E585C00,1,1,1,0,-
2531,98348.698,0.0000,impact,ragdoll,Proventus Avenicci,0001A67D,NPC L Thigh [LThg],1,67.929,67.929,406.574,105.632,4.789,6.0000,20.487,213.746,2132.973,-32.323,0.6520,0.6976,0.2970,55.479,33.885,-83.258,-,Skin,shape,0000020E2E516800,16,1,1,0,-
2532,98472.532,0.0000,impact,ragdoll,Proventus Avenicci,0001A67D,NPC L Calf [LClf],5,127.829,127.829,20.726,103.273,3.708,6.0000,19.675,200.824,2125.591,-79.650,0.0000,-0.0000,1.0000,44.954,4.862,-92.848,Static,Wood,shape,0000020D52D2C100,-,1,1,0,-
2533,98490.711,0.0000,impact,ragdoll,Proventus Avenicci,0001A67D,NPC L Thigh [LThg],1,14.696,14.696,84.827,94.197,8.139,6.0000,20.487,204.422,2126.322,-79.650,-0.0000,0.0000,1.0000,47.279,4.535,-81.346,Static,Wood,shape,0000020D52D2C100,-,1,1,0,-
2534,98525.979,0.0000,impact,ragdoll,Proventus Avenicci,0001A67D,NPC L Forearm [LLar],14,14.563,14.563,26.927,258.670,2.672,2.0000,11.658,231.864,2138.365,-60.197,0.4109,0.9117,-0.0005,99.092,26.478,-237.466,-,-,-,0000020E2E585600,0,1,1,0,-
2535,98525.979,0.0000,impact,ragdoll,Proventus Avenicci,0001A67D,NPC COM [COM ],0,14.563,14.563,26.927,238.185,1.531,50.0000,17.687,231.864,2138.365,-60.197,0.4109,0.9117,-0.0005,98.704,29.025,-214.820,-,Skin,shape,0000020E2E516B00,14,1,1,0,-
2536,98543.654,0.0000,impact,ragdoll,Proventus Avenicci,0001A67D,NPC R Thigh [RThg],2,137.624,137.624,7.736,181.793,4.375,6.0000,20.487,226.019,2098.203,-79.650,0.0000,0.0000,1.0000,57.778,21.180,-171.061,Static,Wood,shape,0000020D52D2C100,-,1,1,0,-
2537,98561.905,0.0000,impact,ragdoll,Proventus Avenicci,0001A67D,NPC R Calf [RClf],4,43.440,43.440,54.683,27.006,3.967,6.0000,19.675,224.776,2093.859,-79.650,-0.0000,0.0000,1.0000,-3.957,-11.096,-24.301,Static,Wood,shape,0000020D52D2C100,-,1,1,0,-
2538,98561.908,0.0000,impact,ragdoll,Proventus Avenicci,0001A67D,NPC R Foot [Rft ],8,72.584,72.584,74.926,56.762,10.661,3.0000,10.011,203.978,2066.934,-79.650,-0.0000,0.0000,1.0000,-10.038,-28.730,-47.913,Static,Wood,shape,0000020D52D2C100,-,1,1,0,-
2539,98579.291,0.0000,impact,ragdoll,Proventus Avenicci,0001A67D,NPC L Hand [LHnd],16,252.374,254.989,90.978,273.642,3.427,4.0000,8.334,236.179,2147.246,-79.650,-0.0000,0.0000,1.0000,89.870,38.654,-255.557,Static,Wood,shape,0000020D52D2C100,-,0,0,0,-
2540,98579.731,0.0000,impact,ragdoll,Proventus Avenicci,0001A67D,NPC COM [COM ],0,236.331,236.331,91.931,246.749,5.450,50.0000,17.687,232.505,2131.289,-79.650,0.0000,0.0000,1.0000,99.095,29.691,-224.018,Static,Wood,shape,0000020D52D2C100,-,1,1,0,-
2541,98579.732,0.0000,impact,ragdoll,Proventus Avenicci,0001A67D,NPC L Thigh [LThg],1,219.769,219.769,38.429,138.348,11.161,6.0000,20.487,228.345,2134.224,-79.650,0.0000,-0.0000,1.0000,95.178,22.636,-97.820,Static,Wood,shape,0000020D52D2C100,-,0,1,0,-
2542,98598.146,0.0000,impact,ragdoll,Proventus Avenicci,0001A67D,NPC L Hand [LHnd],16,40.823,41.183,64.958,47.924,13.089,4.0000,8.334,236.065,2147.112,-79.650,0.0000,-0.0000,1.0000,-24.294,-4.977,-41.009,Static,Wood,shape,0000020D52D2C100,-,0,0,0,-
2543,98598.637,0.0000,impact,ragdoll,Proventus Avenicci,0001A67D,NPC Spine [Spn0],3,26.346,26.346,68.731,87.573,10.842,4.0000,17.297,240.182,2135.432,-79.650,-0.0000,0.0000,1.0000,82.625,-1.921,-28.955,Static,Wood,shape,0000020D52D2C100,-,1,1,0,-
2544,98599.123,0.0000,impact,ragdoll,Proventus Avenicci,0001A67D,NPC Spine1 [Spn1],6,115.979,115.979,43.017,174.153,8.573,4.0000,18.878,251.856,2139.313,-79.650,-0.0000,0.0000,1.0000,130.798,-8.468,-114.670,Static,Wood,shape,0000020D52D2C100,-,1,1,0,-
2545,98618.097,0.0000,impact,ragdoll,Proventus Avenicci,0001A67D,NPC Spine2 [Spn2],9,220.117,220.117,9.004,256.630,7.748,7.0000,23.052,267.102,2144.493,-79.650,0.0000,0.0000,1.0000,126.805,14.602,-222.635,Static,Wood,shape,0000020D52D2C100,-,1,1,0,-
2546,98618.100,0.0000,impact,ragdoll,Proventus Avenicci,0001A67D,NPC L Forearm [LLar],14,28.476,28.476,22.268,106.318,6.728,2.0000,11.658,241.783,2150.774,-79.650,0.0000,-0.0000,1.0000,82.262,20.020,-64.309,Static,Wood,shape,0000020D52D2C100,-,1,1,0,-
2547,98636.556,0.0000,impact,ragdoll,Proventus Avenicci,0001A67D,NPC R Hand [RHnd],17,274.468,286.776,195.041,342.500,2.381,4.0000,8.334,250.486,2105.268,-79.650,-0.0000,-0.0000,1.0000,179.348,57.833,-285.999,Static,Wood,shape,0000020D52D2C100,-,0,0,0,-
2548,98637.025,0.0000,impact,ragdoll,Proventus Avenicci,0001A67D,NPC Head [Head],13,411.115,411.115,81.693,416.249,13.684,4.0000,15.108,292.159,2146.347,-79.650,0.0000,-0.0000,1.0000,57.559,41.986,-410.107,Static,Wood,shape,0000020D52D2C100,-,1,1,0,-
2549,98637.433,0.0000,impact,ragdoll,Proventus Avenicci,0001A67D,NPC R Forearm [RLar],15,100.770,100.770,82.126,152.075,11.467,6.0000,11.658,262.007,2124.655,-66.299,0.4572,-0.8676,-0.1956,126.169,33.326,-78.086,-,Skin,shape,0000020E2E584400,6,1,1,0,-
2550,98637.433,0.0000,impact,ragdoll,Proventus Avenicci,0001A67D,NPC Spine1 [Spn1],6,100.770,100.770,82.126,133.065,6.400,4.0000,18.878,262.007,2124.655,-66.299,0.4572,-0.8676,-0.1956,95.988,-68.730,-61.389,-,Skin,shape,0000020E2E517400,15,1,1,0,-
2551,98637.578,0.0000,impact,ragdoll,Proventus Avenicci,0001A67D,NPC R Hand [RHnd],17,105.246,104.705,159.668,167.701,12.681,4.0000,8.334,251.887,2105.353,-79.650,0.0000,0.0000,1.0000,135.374,-7.843,-98.671,Static,Wood,shape,0000020D52D2C100,-,0,0,0,-
2552,98656.103,0.0000,impact,ragdoll,Proventus Avenicci,0001A67D,NPC R Forearm [RLar],15,71.913,71.913,121.740,96.844,8.259,6.0000,11.658,258.080,2108.452,-79.650,0.0000,-0.0000,1.0000,87.572,-25.434,-32.604,Static,Wood,shape,0000020D52D2C100,-,1,1,0,-
2553,98656.324,0.0000,impact,ragdoll,Proventus Avenicci,0001A67D,NPC L Foot [Lft ],7,189.561,196.427,186.184,222.703,8.198,3.0000,10.011,173.634,2119.127,-79.650,-0.0000,0.0000,1.0000,129.542,39.636,-176.761,Static,Wood,shape,0000020D52D2C100,-,0,0,0,-
2554,98675.904,0.0000,impact,ragdoll,Proventus Avenicci,0001A67D,NPC COM [COM ],0,8.016,8.016,114.143,90.629,6.913,50.0000,17.687,242.872,2126.818,-79.650,-0.0000,-0.0000,1.0000,90.165,1.809,8.981,Static,Wood,shape,0000020D52D2C100,-,0,1,0,-
2555,98675.915,0.0000,impact,ragdoll,Proventus Avenicci,0001A67D,NPC R UpperArm [RUar],12,76.071,76.071,55.337,93.559,7.054,2.0000,14.463,283.124,2126.167,-79.650,0.0000,-0.0000,1.0000,70.862,26.319,-55.129,Static,Wood,shape,0000020D52D2C100,-,1,1,0,-
2556,98693.545,0.0000,impact,ragdoll,Proventus Avenicci,0001A67D,NPC L Hand [LHnd],16,14.399,14.399,82.117,108.850,6.786,4.0000,8.334,250.589,2143.569,-70.923,-0.8167,0.4800,-0.3203,103.270,32.525,-11.213,-,Skin,shape,0000020E2E584400,6,1,1,0,-
2557,98693.545,0.0000,impact,ragdoll,Proventus Avenicci,0001A67D,NPC Spine1 [Spn1],6,14.399,14.399,82.117,83.493,5.090,4.0000,18.878,250.589,2143.569,-70.923,-0.8167,0.4800,-0.3203,81.912,13.158,-9.407,-,Skin,shape,0000020E2E516800,16,1,1,0,-
2558,98693.718,0.0000,impact,ragdoll,Proventus Avenicci,0001A67D,NPC R Hand [RHnd],17,26.999,27.017,95.276,114.086,9.605,4.0000,8.334,256.966,2104.820,-79.650,-0.0000,0.0000,1.0000,109.524,6.225,-31.329,Static,Wood,shape,0000020D52D2C100,-,0,0,0,-
2559,98693.731,0.0000,impact,ragdoll,Proventus Avenicci,0001A67D,NPC L Foot [Lft ],7,22.126,23.428,112.391,86.871,6.057,3.0000,10.011,176.468,2120.401,-79.650,0.0000,-0.0000,1.0000,75.809,36.497,-21.621,Static,Wood,shape,0000020D52D2C100,-,0,0,0,-
2560,98694.112,0.0000,impact,ragdoll,Proventus Avenicci,0001A67D,NPC L Hand [LHnd],16,33.264,41.284,91.052,98.248,1.458,4.0000,8.334,242.036,2149.540,-79.650,-0.0000,0.0000,1.0000,82.892,33.210,-40.973,Static,Wood,shape,0000020D52D2C100,-,0,0,0,-
2561,98730.427,0.0000,impact,ragdoll,Proventus Avenicci,0001A67D,NPC Spine [Spn0],3,30.446,30.446,81.171,81.686,1.505,4.0000,17.297,254.052,2129.838,-79.650,-0.0000,0.0000,1.0000,77.212,1.983,-26.589,Static,Wood,shape,0000020D52D2C100,-,0,1,0,-
2562,98748.488,0.0000,impact,ragdoll,Proventus Avenicci,0001A67D,NPC R Hand [RHnd],17,29.336,36.394,96.149,96.806,4.619,4.0000,8.334,261.394,2104.476,-79.650,0.0000,-0.0000,1.0000,89.813,-3.203,-35.983,Static,Wood,shape,0000020D52D2C100,-,0,0,0,-
2563,98749.172,0.0000,impact,ragdoll,Proventus Avenicci,0001A67D,NPC L Foot [Lft ],7,38.496,49.916,78.608,74.228,2.857,3.0000,10.011,180.256,2122.857,-79.650,0.0000,0.0000,1.0000,53.691,26.111,-44.105,Static,Wood,shape,0000020D52D2C100,-,0,0,0,-
2564,98767.781,0.0000,impact,ragdoll,Proventus Avenicci,0001A67D,NPC R Hand [RHnd],17,25.662,29.058,93.118,79.546,6.115,4.0000,8.334,263.170,2104.458,-79.650,0.0000,-0.0000,1.0000,74.899,3.426,-26.569,Static,Wood,shape,0000020D52D2C100,-,0,0,0,-
2565,98767.792,0.0000,impact,ragdoll,Proventus Avenicci,0001A67D,NPC L Hand [LHnd],16,25.243,27.465,94.559,86.113,4.014,4.0000,8.334,247.025,2151.382,-79.650,-0.0000,-0.0000,1.0000,79.237,20.712,-26.608,Static,Wood,shape,0000020D52D2C100,-,0,0,0,-
2566,98784.395,0.0000,impact,ragdoll,Proventus Avenicci,0001A67D,NPC L Foot [Lft ],7,20.201,21.644,81.439,72.979,1.852,3.0000,10.011,181.553,2123.343,-79.650,0.0000,-0.0000,1.0000,67.427,22.304,-16.794,Static,Wood,shape,0000020D52D2C100,-,0,0,0,-
2567,98802.903,0.0000,impact,ragdoll,Proventus Avenicci,0001A67D,NPC L Foot [Lft ],7,18.913,23.027,76.587,53.436,3.923,3.0000,10.011,183.415,2123.962,-79.650,0.0000,0.0000,1.0000,50.068,11.302,-14.862,Static,Wood,shape,0000020D52D2C100,-,0,0,0,-
2568,98803.335,0.0000,impact,ragdoll,Proventus Avenicci,0001A67D,NPC R Hand [RHnd],17,20.412,22.841,73.804,68.414,3.992,4.0000,8.334,266.072,2104.456,-79.650,-0.0000,-0.0000,1.0000,64.418,7.032,-21.940,Static,Wood,shape,0000020D52D2C100,-,0,0,0,-
2569,98817.547,0.0000,impact,ragdoll,Proventus Avenicci,0001A67D,NPC L Hand [LHnd],16,9.150,10.173,56.900,61.940,4.244,4.0000,8.334,249.476,2151.714,-79.650,-0.0000,0.0000,1.0000,60.840,5.367,-10.309,Static,Wood,shape,0000020D52D2C100,-,0,0,0,-
2570,98834.578,0.0000,impact,ragdoll,Proventus Avenicci,0001A67D,NPC L Foot [Lft ],7,18.068,20.478,43.520,30.216,3.126,3.0000,10.011,184.667,2123.922,-79.650,0.0000,-0.0000,1.0000,26.834,0.735,-13.872,Static,Wood,shape,0000020D52D2C100,-,0,0,0,-
2571,98850.534,0.0000,impact,ragdoll,Proventus Avenicci,0001A67D,NPC L Hand [LHnd],16,19.352,13.515,55.322,52.364,1.051,4.0000,8.334,251.258,2151.880,-79.650,0.0000,-0.0000,1.0000,50.352,5.621,-13.231,Static,Wood,shape,0000020D52D2C100,-,0,0,0,-
2572,98851.041,0.0000,impact,ragdoll,Proventus Avenicci,0001A67D,NPC L Hand [LHnd],16,14.228,14.228,8.468,45.308,7.129,4.0000,8.334,261.202,2146.056,-71.631,-0.8276,0.4964,-0.2621,34.490,3.676,29.151,-,Skin,shape,0000020E2E584400,6,1,1,0,-
2573,98851.041,0.0000,impact,ragdoll,Proventus Avenicci,0001A67D,NPC Spine1 [Spn1],6,14.228,14.228,8.468,53.495,1.449,4.0000,18.878,261.202,2146.056,-71.631,-0.8276,0.4964,-0.2621,40.641,13.285,-32.149,-,Skin,shape,0000020E2E516800,16,1,1,0,-
2574,98851.683,0.0000,impact,ragdoll,Proventus Avenicci,0001A67D,NPC R Hand [RHnd],17,21.470,8.577,57.921,50.407,1.968,4.0000,8.334,269.173,2104.814,-79.650,0.0000,-0.0000,1.0000,49.393,-6.261,-7.871,Static,Wood,shape,0000020D52D2C100,-,0,0,0,-
2575,98868.175,0.0000,impact,ragdoll,Proventus Avenicci,0001A67D,NPC L Foot [Lft ],7,17.913,8.839,28.077,23.903,2.428,3.0000,10.011,185.246,2123.755,-79.650,-0.0000,-0.0000,1.0000,22.577,2.690,-7.376,Static,Wood,shape,0000020D52D2C100,-,0,0,0,-
2576,98887.954,0.0000,impact,ragdoll,Proventus Avenicci,0001A67D,NPC L Hand [LHnd],16,13.713,4.032,38.448,40.285,3.755,4.0000,8.334,252.554,2152.023,-79.650,-0.0000,0.0000,1.0000,39.599,6.034,-4.281,Static,Wood,shape,0000020D52D2C100,-,0,0,0,-
2577,98903.679,0.0000,impact,ragdoll,Proventus Avenicci,0001A67D,NPC L Foot [Lft ],7,15.759,18.115,39.864,30.429,2.652,3.0000,10.011,185.856,2123.695,-79.650,0.0000,0.0000,1.0000,26.617,6.096,-13.428,Static,Wood,shape,0000020D52D2C100,-,0,0,0,-
2578,98904.321,0.0000,impact,ragdoll,Proventus Avenicci,0001A67D,NPC R Hand [RHnd],17,19.057,20.884,31.335,31.306,2.745,4.0000,8.334,270.614,2104.455,-79.650,0.0000,0.0000,1.0000,22.100,-7.568,-20.842,Static,Wood,shape,0000020D52D2C100,-,0,0,0,-
2579,98921.874,0.0000,impact,ragdoll,Proventus Avenicci,0001A67D,NPC L Foot [Lft ],7,8.900,3.695,18.436,18.771,0.348,3.0000,10.011,186.225,2123.867,-79.650,0.0000,0.0000,1.0000,15.856,9.311,-3.777,Static,Wood,shape,0000020D52D2C100,-,0,0,0,-
2580,98921.885,0.0000,impact,ragdoll,Proventus Avenicci,0001A67D,NPC L Hand [LHnd],16,15.263,15.129,25.737,20.674,2.746,4.0000,8.334,253.126,2152.257,-79.650,0.0000,-0.0000,1.0000,12.662,6.211,-15.117,Static,Wood,shape,0000020D52D2C100,-,0,0,0,-
2581,98939.102,0.0000,impact,ragdoll,Proventus Avenicci,0001A67D,NPC R Hand [RHnd],17,12.546,7.785,22.388,17.102,3.053,4.0000,8.334,270.944,2104.232,-79.650,-0.0000,-0.0000,1.0000,14.876,-3.559,-7.650,Static,Wood,shape,0000020D52D2C100,-,0,0,0,-
2582,98956.528,0.0000,impact,ragdoll,Proventus Avenicci,0001A67D,NPC L Foot [Lft ],7,10.815,3.951,11.215,12.074,0.297,3.0000,10.011,186.471,2124.009,-79.650,0.0000,0.0000,1.0000,9.812,5.603,-4.255,Static,Wood,shape,0000020D52D2C100,-,0,0,0,-
2583,98956.548,0.0000,impact,ragdoll,Proventus Avenicci,0001A67D,NPC L Hand [LHnd],16,8.428,4.288,12.053,10.721,1.161,4.0000,8.334,253.231,2152.375,-79.650,0.0000,0.0000,1.0000,7.863,5.883,-4.301,Static,Wood,shape,0000020D52D2C100,-,0,0,0,-
2584,98975.156,0.0000,impact,ragdoll,Proventus Avenicci,0001A67D,NPC L Foot [Lft ],7,7.989,2.890,3.147,4.104,0.692,3.0000,10.011,186.504,2124.031,-79.650,0.0000,-0.0000,1.0000,0.451,1.708,-3.705,Static,Wood,shape,0000020D52D2C100,-,0,0,0,-
2585,98975.170,0.0000,impact,ragdoll,Proventus Avenicci,0001A67D,NPC R Hand [RHnd],17,12.924,8.124,15.435,11.525,3.217,4.0000,8.334,271.206,2104.192,-79.650,0.0000,-0.0000,1.0000,8.065,1.551,-8.085,Static,Wood,shape,0000020D52D2C100,-,0,0,0,-
2586,98993.074,0.0000,impact,ragdoll,Proventus Avenicci,0001A67D,NPC L Hand [LHnd],16,5.733,1.322,5.543,5.093,0.728,4.0000,8.334,253.272,2152.536,-79.650,-0.0000,0.0000,1.0000,-4.903,-0.350,-1.333,Static,Wood,shape,0000020D52D2C100,-,0,0,0,-
2587,99011.605,0.0000,impact,ragdoll,Proventus Avenicci,0001A67D,NPC R Hand [RHnd],17,6.468,1.331,12.598,5.677,2.662,4.0000,8.334,271.285,2104.203,-79.650,0.0000,0.0000,1.0000,5.525,0.068,-1.300,Static,Wood,shape,0000020D52D2C100,-,0,0,0,-
2588,99011.614,0.0000,impact,ragdoll,Proventus Avenicci,0001A67D,NPC L Foot [Lft ],7,5.959,4.136,1.259,4.293,0.923,3.0000,10.011,186.552,2124.113,-79.650,0.0000,0.0000,1.0000,0.217,1.865,-3.861,Static,Wood,shape,0000020D52D2C100,-,0,0,0,-
2589,99067.801,0.0000,impact,ragdoll,Proventus Avenicci,0001A67D,NPC R Hand [RHnd],17,5.560,0.995,37.256,8.083,6.422,4.0000,8.334,271.389,2104.084,-79.650,0.0000,-0.0000,1.0000,3.519,-7.230,-0.826,Static,Wood,shape,0000020D52D2C100,-,0,0,0,-
2590,99504.610,0.0000,state,unknown,Proventus Avenicci,0001A67D,-,-,0.000,0.000,0.000,0.000,0.000,0.0000,0.000,0.000,0.000,0.000,0.0000,0.0000,0.0000,0.000,0.000,0.000,-,-,-,0000000000000000,-,0,0,0,knock_get_up
2591,102119.114,0.0000,state,unknown,Proventus Avenicci,0001A67D,-,-,0.000,0.000,0.000,0.000,0.000,0.0000,0.000,0.000,0.000,0.000,0.0000,0.0000,0.0000,0.000,0.000,0.000,-,-,-,0000000000000000,-,0,0,0,ragdoll_start
2592,102142.568,0.0000,impact,ragdoll,Proventus Avenicci,0001A67D,NPC R Foot [Rft ],8,36.868,36.868,133.005,123.888,3.152,3.0000,10.011,261.176,2122.350,-79.650,-0.0000,0.0000,1.0000,75.033,86.812,-46.711,Static,Wood,shape,0000020D52D2C100,-,1,1,0,-
2593,102209.981,0.0000,impact,ragdoll,Proventus Avenicci,0001A67D,NPC R Forearm [RLar],15,72.885,72.885,121.032,148.459,13.249,6.0000,11.658,268.819,2131.805,-3.650,0.9641,0.0432,-0.2621,-99.480,-29.113,106.284,-,Skin,shape,0000020E2E584400,6,1,1,0,-
2594,102209.981,0.0000,impact,ragdoll,Proventus Avenicci,0001A67D,NPC Spine1 [Spn1],6,72.885,72.885,121.032,88.534,8.879,4.0000,18.878,268.819,2131.805,-3.650,0.9641,0.0432,-0.2621,-29.456,-80.077,-23.629,-,Skin,shape,0000020E2E517400,15,1,1,0,-
2595,102226.556,0.0000,impact,ragdoll,Proventus Avenicci,0001A67D,NPC R Calf [RClf],4,14.932,14.932,272.208,86.092,9.445,6.0000,19.675,260.115,2133.769,-79.650,-0.0000,0.0000,1.0000,58.993,61.440,-12.518,Static,Wood,shape,0000020D52D2C100,-,1,1,0,-
2596,102244.773,0.0000,impact,ragdoll,Proventus Avenicci,0001A67D,NPC Spine [Spn0],3,65.138,65.138,203.601,66.319,8.310,4.0000,17.297,272.287,2131.154,-5.961,-0.9069,0.2076,-0.3666,-9.435,-52.672,-39.177,-,Skin,shape,0000020E2E517400,15,1,1,0,-
2597,102244.774,0.0000,impact,ragdoll,Proventus Avenicci,0001A67D,NPC R Forearm [RLar],15,65.138,65.138,203.601,166.942,10.102,6.0000,11.658,272.287,2131.154,-5.961,-0.9069,0.2076,-0.3666,-102.118,-39.937,125.883,-,Skin,shape,0000020E2E584700,3,1,1,0,-
2598,102262.641,0.0000,impact,ragdoll,Proventus Avenicci,0001A67D,NPC R Forearm [RLar],15,53.760,53.760,209.516,186.983,31.011,6.0000,11.658,267.168,2128.130,2.960,0.7423,0.1653,-0.6494,-87.477,-73.492,148.018,-,Skin,shape,0000020E2E584100,9,1,1,0,-
2599,102262.642,0.0000,impact,ragdoll,Proventus Avenicci,0001A67D,NPC Spine2 [Spn2],9,53.760,53.760,209.516,200.324,11.765,7.0000,23.052,267.168,2128.130,2.960,0.7423,0.1653,-0.6494,-85.914,-177.400,-35.745,-,Skin,shape,0000020E2E517400,15,1,1,0,-
2600,102334.009,0.0000,impact,ragdoll,Proventus Avenicci,0001A67D,NPC R Foot [Rft ],8,56.376,56.376,12.479,141.454,5.939,3.0000,10.011,266.408,2156.999,-63.314,0.4383,-0.7962,-0.4171,55.424,122.079,45.102,-,Skin,shape,0000020E2E585900,5,1,1,0,-
2601,102334.010,0.0000,impact,ragdoll,Proventus Avenicci,0001A67D,NPC L Calf [LClf],5,56.376,56.376,12.479,80.284,2.220,6.0000,19.675,266.408,2156.999,-63.314,0.4383,-0.7962,-0.4171,53.912,9.992,58.644,-,Skin,shape,0000020E2E584A00,8,1,1,0,-
2602,102350.786,0.0000,impact,ragdoll,Proventus Avenicci,0001A67D,NPC R Calf [RClf],4,52.752,52.752,5.250,82.166,4.001,6.0000,19.675,266.766,2155.135,-58.908,0.4226,-0.7955,-0.4342,31.271,69.500,30.713,-,Skin,shape,0000020E2E585900,5,1,1,0,-
2603,102350.787,0.0000,impact,ragdoll,Proventus Avenicci,0001A67D,NPC L Calf [LClf],5,52.752,52.752,5.250,76.978,2.762,6.0000,19.675,266.766,2155.135,-58.908,0.4226,-0.7955,-0.4342,35.564,13.390,66.944,-,Skin,shape,0000020E2E584D00,4,1,1,0,-
2604,102452.048,0.0000,impact,ragdoll,Proventus Avenicci,0001A67D,NPC R Thigh [RThg],2,42.234,42.234,94.697,66.923,6.117,6.0000,20.487,266.920,2136.418,-33.420,0.2369,-0.8810,-0.4095,-30.447,-59.516,-3.078,-,Skin,shape,0000020E2E585C00,1,0,1,0,-
2605,102452.050,0.0000,impact,ragdoll,Proventus Avenicci,0001A67D,NPC L Thigh [LThg],1,42.234,42.234,94.697,149.174,4.186,6.0000,20.487,266.920,2136.418,-33.420,0.2369,-0.8810,-0.4095,-12.997,-138.224,54.572,-,Skin,shape,0000020E2E585000,2,0,1,0,-
2606,102783.657,0.0000,impact,ragdoll,Proventus Avenicci,0001A67D,NPC Head [Head],13,303.964,304.698,123.390,335.947,1.965,4.0000,15.108,221.081,2020.539,-79.650,0.0000,0.0000,1.0000,-25.361,-133.787,-307.112,Static,Wood,shape,0000020D52D2C100,-,0,0,0,-
2607,102783.671,0.0000,impact,ragdoll,Proventus Avenicci,0001A67D,NPC R UpperArm [RUar],12,306.549,298.021,121.678,327.597,2.403,2.0000,14.463,246.498,2027.624,-79.650,-0.0000,0.0000,1.0000,-15.963,-138.505,-296.448,Static,Wood,shape,0000020D52D2C100,-,0,0,0,-
2608,102784.168,0.0000,impact,ragdoll,Proventus Avenicci,0001A67D,NPC R UpperArm [RUar],12,167.770,38.548,262.792,224.562,9.873,2.0000,14.463,246.549,2027.000,-79.650,0.0000,0.0000,1.0000,16.587,-214.301,-65.022,Static,Wood,shape,0000020D52D2C100,-,0,0,0,-
2609,102799.869,0.0000,impact,ragdoll,Proventus Avenicci,0001A67D,NPC R Hand [RHnd],17,270.063,249.418,70.120,277.964,11.264,4.0000,8.334,255.499,2017.043,-79.650,-0.0000,0.0000,1.0000,-9.165,-109.146,-255.474,Static,Wood,shape,0000020D52D2C100,-,0,0,0,-
2610,102799.894,0.0000,impact,ragdoll,Proventus Avenicci,0001A67D,NPC Head [Head],13,197.597,58.314,327.682,214.141,17.149,4.0000,15.108,220.438,2018.710,-79.650,-0.0000,0.0000,1.0000,-53.489,-202.905,-42.716,Static,Wood,shape,0000020D52D2C100,-,0,0,0,-
2611,102800.370,0.0000,impact,ragdoll,Proventus Avenicci,0001A67D,NPC Spine2 [Spn2],9,183.343,183.343,217.136,231.714,5.741,7.0000,23.052,235.555,2035.596,-79.650,-0.0000,-0.0000,1.0000,-28.255,-135.454,-185.863,Static,Wood,shape,0000020D52D2C100,-,1,1,0,-
2612,102800.577,0.0000,impact,ragdoll,Proventus Avenicci,0001A67D,NPC R UpperArm [RUar],12,267.874,46.209,150.025,92.952,12.825,2.0000,14.463,247.029,2025.598,-79.650,0.0000,0.0000,1.0000,51.995,-46.310,-61.580,Static,Wood,shape,0000020D52D2C100,-,0,0,0,-
2613,102813.298,0.0000,impact,ragdoll,Proventus Avenicci,0001A67D,NPC R UpperArm [RUar],12,246.849,62.369,142.331,90.487,13.197,2.0000,14.463,247.373,2024.696,-79.650,0.0000,0.0000,1.0000,29.841,-68.530,-51.001,Static,Wood,shape,0000020D52D2C100,-,0,0,0,-
2614,102813.953,0.0000,impact,ragdoll,Proventus Avenicci,0001A67D,NPC R UpperArm [RUar],12,207.078,56.194,211.279,131.249,15.225,2.0000,14.463,247.507,2023.506,-79.650,-0.0000,0.0000,1.0000,-40.258,-111.945,-55.442,Static,Wood,shape,0000020D52D2C100,-,0,0,0,-
2615,102827.723,0.0000,impact,ragdoll,Proventus Avenicci,0001A67D,NPC R UpperArm [RUar],12,166.977,56.312,191.802,152.658,9.398,2.0000,14.463,247.227,2022.111,-79.650,-0.0000,-0.0000,1.0000,-77.483,-118.027,-58.056,Static,Wood,shape,0000020D52D2C100,-,0,0,0,-
2616,102828.206,0.0000,impact,ragdoll,Proventus Avenicci,0001A67D,NPC R Calf [RClf],4,124.379,124.379,181.898,228.960,2.414,6.0000,19.675,253.105,2110.680,-79.650,0.0000,0.0000,1.0000,-46.428,-172.958,-142.662,Static,Wood,shape,0000020D52D2C100,-,1,1,0,-
2617,102828.208,0.0000,impact,ragdoll,Proventus Avenicci,0001A67D,NPC R Foot [Rft ],8,97.099,97.099,154.796,203.235,3.492,3.0000,10.011,258.012,2120.015,-79.650,-0.0000,0.0000,1.0000,-66.361,-160.710,-105.230,Static,Wood,shape,0000020D52D2C100,-,1,1,0,-
2618,102828.210,0.0000,impact,ragdoll,Proventus Avenicci,0001A67D,NPC Head [Head],13,20.792,20.792,206.603,209.369,9.022,4.0000,15.108,220.023,2011.488,-79.650,0.0000,-0.0000,1.0000,-14.337,-207.748,-21.687,Static,Wood,shape,0000020D52D2C100,-,0,0,0,-
2619,102828.210,0.0000,impact,ragdoll,Proventus Avenicci,0001A67D,NPC Head [Head],13,18.713,18.713,208.652,209.369,9.022,4.0000,15.108,219.766,2011.745,-79.650,0.0000,0.0000,1.0000,-14.337,-207.748,-21.687,Static,Wood,shape,0000020D52D2C100,-,0,1,0,-
2620,102828.377,0.0000,impact,ragdoll,Proventus Avenicci,0001A67D,NPC R UpperArm [RUar],12,144.310,24.438,186.558,142.496,6.091,2.0000,14.463,246.832,2020.824,-79.650,-0.0000,-0.0000,1.0000,-60.114,-125.030,-32.538,Static,Wood,shape,0000020D52D2C100,-,0,0,0,-
2621,102843.268,0.0000,impact,ragdoll,Proventus Avenicci,0001A67D,NPC R UpperArm [RUar],12,107.265,16.191,83.308,81.901,1.499,2.0000,14.463,246.465,2019.146,-79.650,0.0000,0.0000,1.0000,-25.949,-74.973,-20.335,Static,Wood,shape,0000020D52D2C100,-,0,0,0,-
2622,102843.727,0.0000,impact,ragdoll,Proventus Avenicci,0001A67D,NPC R Thigh [RThg],2,87.637,87.637,189.747,242.345,2.867,6.0000,20.487,258.107,2078.032,-79.650,0.0000,-0.0000,1.0000,-57.234,-204.984,-115.918,Static,Wood,shape,0000020D52D2C100,-,1,1,0,-
2623,102843.915,0.0000,impact,ragdoll,Proventus Avenicci,0001A67D,NPC R UpperArm [RUar],12,29.727,16.633,82.118,79.605,1.232,2.0000,14.463,246.214,2018.539,-79.650,-0.0000,-0.0000,1.0000,-32.392,-70.434,-18.078,Static,Wood,shape,0000020D52D2C100,-,0,0,0,-
2624,102861.564,0.0000,impact,ragdoll,Proventus Avenicci,0001A67D,NPC COM [COM ],0,120.860,120.860,155.427,174.962,6.577,50.0000,17.687,250.328,2049.938,-79.650,-0.0000,0.0000,1.0000,-29.552,-120.101,-123.750,Static,Wood,shape,0000020D52D2C100,-,1,1,0,-
2625,102908.805,0.0000,impact,ragdoll,Proventus Avenicci,0001A67D,NPC R UpperArm [RUar],12,76.379,65.996,128.002,134.649,6.076,2.0000,14.463,243.219,2013.131,-79.650,-0.0000,0.0000,1.0000,-61.740,-97.049,-69.998,Static,Wood,shape,0000020D52D2C100,-,0,0,0,-
2626,102925.979,0.0000,impact,ragdoll,Proventus Avenicci,0001A67D,NPC R UpperArm [RUar],12,44.589,44.561,145.514,136.881,3.905,2.0000,14.463,243.025,2012.802,-79.650,0.0000,-0.0000,1.0000,-51.480,-115.493,-52.418,Static,Wood,shape,0000020D52D2C100,-,0,0,0,-
2627,102926.385,0.0000,impact,ragdoll,Proventus Avenicci,0001A67D,NPC R Thigh [RThg],2,119.037,119.037,88.723,106.497,1.418,6.0000,20.487,255.651,2066.296,-58.414,0.0163,0.2416,-0.9702,-20.672,-86.551,58.510,-,Skin,shape,0000020E2E585C00,1,0,1,0,-
2628,102926.386,0.0000,impact,ragdoll,Proventus Avenicci,0001A67D,NPC L Thigh [LThg],1,119.037,119.037,88.723,51.256,6.544,6.0000,20.487,255.651,2066.296,-58.414,0.0163,0.2416,-0.9702,33.117,-18.069,-34.698,-,Skin,shape,0000020E2E585000,2,0,1,0,-
2629,102926.576,0.0000,impact,ragdoll,Proventus Avenicci,0001A67D,NPC R UpperArm [RUar],12,63.729,15.688,136.064,123.864,3.163,2.0000,14.463,242.537,2011.800,-79.650,0.0000,-0.0000,1.0000,-42.455,-113.701,-24.735,Static,Wood,shape,0000020D52D2C100,-,0,0,0,-
2630,102944.704,0.0000,impact,ragdoll,Proventus Avenicci,0001A67D,NPC R UpperArm [RUar],12,55.996,4.116,95.858,95.607,1.644,2.0000,14.463,242.350,2011.072,-79.650,0.0000,0.0000,1.0000,-17.970,-93.468,-9.024,Static,Wood,shape,0000020D52D2C100,-,0,0,0,-
2631,102945.378,0.0000,impact,ragdoll,Proventus Avenicci,0001A67D,NPC R UpperArm [RUar],12,45.717,11.729,98.063,73.663,5.816,2.0000,14.463,242.165,2010.339,-79.650,0.0000,0.0000,1.0000,-8.961,-70.597,-19.025,Static,Wood,shape,0000020D52D2C100,-,0,0,0,-
2632,102979.694,0.0000,impact,ragdoll,Proventus Avenicci,0001A67D,NPC R Calf [RClf],4,82.659,82.659,77.220,61.868,1.243,6.0000,19.675,258.729,2068.681,-59.461,-0.1711,0.1870,-0.9673,-14.464,-55.964,22.058,-,Skin,shape,0000020E2E585C00,1,1,1,0,-
2633,102979.695,0.0000,impact,ragdoll,Proventus Avenicci,0001A67D,NPC L Thigh [LThg],1,82.659,82.659,77.220,76.147,3.838,6.0000,20.487,258.729,2068.681,-59.461,-0.1711,0.1870,-0.9673,-5.042,-69.178,-31.421,-,Skin,shape,0000020E2E584D00,4,1,1,0,-
2634,102979.900,0.0000,impact,ragdoll,Proventus Avenicci,0001A67D,NPC R UpperArm [RUar],12,27.848,18.239,64.975,70.922,1.317,2.0000,14.463,241.601,2008.354,-79.650,0.0000,0.0000,1.0000,-25.461,-64.340,-15.557,Static,Wood,shape,0000020D52D2C100,-,0,0,0,-
2635,102997.020,0.0000,impact,ragdoll,Proventus Avenicci,0001A67D,NPC R UpperArm [RUar],12,33.995,14.059,60.344,64.635,0.662,2.0000,14.463,241.395,2007.821,-79.650,-0.0000,-0.0000,1.0000,-20.349,-60.259,-11.508,Static,Wood,shape,0000020D52D2C100,-,0,0,0,-
2636,102997.720,0.0000,impact,ragdoll,Proventus Avenicci,0001A67D,NPC R UpperArm [RUar],12,32.363,6.796,64.126,60.231,0.805,2.0000,14.463,241.234,2007.383,-79.650,0.0000,-0.0000,1.0000,-15.989,-57.602,-7.356,Static,Wood,shape,0000020D52D2C100,-,0,0,0,-
2637,103016.182,0.0000,impact,ragdoll,Proventus Avenicci,0001A67D,NPC R UpperArm [RUar],12,28.856,7.868,54.901,53.608,0.280,2.0000,14.463,241.158,2007.000,-79.650,0.0000,-0.0000,1.0000,-12.770,-51.436,-8.067,Static,Wood,shape,0000020D52D2C100,-,0,0,0,-
2638,103016.732,0.0000,impact,ragdoll,Proventus Avenicci,0001A67D,NPC L Calf [LClf],5,59.743,59.743,70.448,140.721,4.004,6.0000,19.675,257.789,2066.748,-64.477,0.4024,0.3308,0.8536,-4.379,-64.778,-124.848,-,Skin,shape,0000020E2E585000,2,1,1,0,-
2639,103016.733,0.0000,impact,ragdoll,Proventus Avenicci,0001A67D,NPC R Thigh [RThg],2,59.743,59.743,70.448,57.942,0.406,6.0000,20.487,257.789,2066.748,-64.477,0.4024,0.3308,0.8536,-17.165,-55.115,-4.992,-,Skin,shape,0000020E2E585900,5,1,1,0,-
2640,103016.989,0.0000,impact,ragdoll,Proventus Avenicci,0001A67D,NPC R UpperArm [RUar],12,26.116,5.192,57.504,55.127,0.404,2.0000,14.463,241.033,2006.615,-79.650,0.0000,0.0000,1.0000,-15.601,-52.519,-6.117,Static,Wood,shape,0000020D52D2C100,-,0,0,0,-
2641,103017.460,0.0000,impact,ragdoll,Proventus Avenicci,0001A67D,NPC L Calf [LClf],5,179.765,179.765,51.206,134.515,5.222,6.0000,19.675,246.726,2088.001,-68.138,0.1337,0.1850,0.9736,-21.576,-64.826,-115.872,-,Skin,shape,0000020E2E584D00,4,1,0,0,-
2642,103017.460,0.0000,impact,ragdoll,Proventus Avenicci,0001A67D,NPC R Calf [RClf],4,179.765,179.765,51.206,61.160,1.781,6.0000,19.675,246.726,2088.001,-68.138,0.1337,0.1850,0.9736,-22.112,-55.805,-11.720,-,Skin,shape,0000020E2E585900,5,1,0,0,-
2643,103017.461,0.0000,impact,ragdoll,Proventus Avenicci,0001A67D,NPC L Calf [LClf],5,39.851,39.851,61.803,134.515,5.222,6.0000,19.675,257.273,2070.110,-66.256,0.2520,0.2810,0.9260,-21.576,-64.826,-115.872,-,Skin,shape,0000020E2E584D00,4,0,1,0,-
2644,103017.461,0.0000,impact,ragdoll,Proventus Avenicci,0001A67D,NPC R Calf [RClf],4,39.851,39.851,61.803,61.160,1.781,6.0000,19.675,257.273,2070.110,-66.256,0.2520,0.2810,0.9260,-22.112,-55.805,-11.720,-,Skin,shape,0000020E2E585900,5,0,1,0,-
2645,103017.462,0.0000,impact,ragdoll,Proventus Avenicci,0001A67D,NPC L Foot [Lft ],7,203.801,203.801,47.523,222.945,4.233,3.0000,10.011,244.784,2092.087,-68.653,0.1673,0.2116,0.9629,-38.173,-90.256,-200.252,-,Skin,shape,0000020E2E584D00,4,1,1,0,-
2646,103017.462,0.0000,impact,ragdoll,Proventus Avenicci,0001A67D,NPC R Calf [RClf],4,203.801,203.801,47.523,61.160,1.781,6.0000,19.675,244.784,2092.087,-68.653,0.1673,0.2116,0.9629,-22.112,-55.805,-11.720,-,Skin,shape,0000020E2E585300,7,1,1,0,-
2647,103034.305,0.0000,impact,ragdoll,Proventus Avenicci,0001A67D,NPC R UpperArm [RUar],12,22.403,5.181,44.433,44.802,0.812,2.0000,14.463,240.973,2006.283,-79.650,-0.0000,-0.0000,1.0000,-9.806,-43.356,-5.590,Static,Wood,shape,0000020D52D2C100,-,0,0,0,-
2648,103035.006,0.0000,impact,ragdoll,Proventus Avenicci,0001A67D,NPC R UpperArm [RUar],12,19.137,2.938,49.396,47.509,1.396,2.0000,14.463,240.894,2005.971,-79.650,-0.0000,0.0000,1.0000,-10.533,-46.130,-4.260,Static,Wood,shape,0000020D52D2C100,-,0,0,0,-
2649,103052.279,0.0000,impact,ragdoll,Proventus Avenicci,0001A67D,NPC R UpperArm [RUar],12,17.784,3.609,48.557,47.045,1.739,2.0000,14.463,240.857,2005.580,-79.650,-0.0000,0.0000,1.0000,-8.453,-46.080,-4.288,Static,Wood,shape,0000020D52D2C100,-,0,0,0,-
2650,103052.772,0.0000,impact,ragdoll,Proventus Avenicci,0001A67D,NPC R Foot [Rft ],8,64.740,64.740,54.556,42.638,5.044,3.0000,10.011,246.216,2090.275,-63.962,-0.2461,0.3176,-0.9157,-39.096,-17.014,-0.291,-,Skin,shape,0000020E2E585900,5,1,1,0,-
2651,103052.772,0.0000,impact,ragdoll,Proventus Avenicci,0001A67D,NPC L Calf [LClf],5,64.740,64.740,54.556,93.638,1.041,6.0000,19.675,246.216,2090.275,-63.962,-0.2461,0.3176,-0.9157,-19.465,-53.557,-74.302,-,Skin,shape,0000020E2E584A00,8,1,1,0,-
2652,103052.945,0.0000,impact,ragdoll,Proventus Avenicci,0001A67D,NPC R UpperArm [RUar],12,13.219,1.892,54.535,50.340,2.119,2.0000,14.463,240.820,2005.256,-79.650,-0.0000,0.0000,1.0000,-6.989,-49.801,-2.257,Static,Wood,shape,0000020D52D2C100,-,0,0,0,-
2653,103070.378,0.0000,impact,ragdoll,Proventus Avenicci,0001A67D,NPC R UpperArm [RUar],12,15.538,2.187,52.629,48.720,2.621,2.0000,14.463,240.836,2004.831,-79.650,0.0000,-0.0000,1.0000,-4.015,-48.534,-1.425,Static,Wood,shape,0000020D52D2C100,-,0,0,0,-
2654,103071.066,0.0000,impact,ragdoll,Proventus Avenicci,0001A67D,NPC R UpperArm [RUar],12,14.577,2.031,56.056,54.987,3.413,2.0000,14.463,240.827,2004.395,-79.650,-0.0000,0.0000,1.0000,-7.662,-54.446,-0.734,Static,Wood,shape,0000020D52D2C100,-,0,0,0,-
2655,103087.736,0.0000,impact,ragdoll,Proventus Avenicci,0001A67D,NPC R UpperArm [RUar],12,13.735,1.703,45.389,52.211,4.332,2.0000,14.463,240.850,2003.964,-79.650,-0.0000,0.0000,1.0000,-8.312,-51.478,2.628,Static,Wood,shape,0000020D52D2C100,-,0,0,0,-
2656,103088.406,0.0000,impact,ragdoll,Proventus Avenicci,0001A67D,NPC R UpperArm [RUar],12,13.894,1.526,44.990,51.193,4.145,2.0000,14.463,240.845,2003.505,-79.650,0.0000,-0.0000,1.0000,-9.946,-50.040,4.220,Static,Wood,shape,0000020D52D2C100,-,0,0,0,-
2657,103105.753,0.0000,impact,ragdoll,Proventus Avenicci,0001A67D,NPC R UpperArm [RUar],12,12.792,1.484,46.831,44.552,2.861,2.0000,14.463,240.874,2003.071,-79.650,0.0000,-0.0000,1.0000,-4.279,-44.300,2.018,Static,Wood,shape,0000020D52D2C100,-,0,0,0,-
2658,103106.412,0.0000,impact,ragdoll,Proventus Avenicci,0001A67D,NPC R UpperArm [RUar],12,9.942,1.401,61.105,41.420,2.494,2.0000,14.463,240.884,2002.603,-79.650,0.0000,0.0000,1.0000,-1.357,-41.180,-4.246,Static,Wood,shape,0000020D52D2C100,-,0,0,0,-
2659,103125.643,0.0000,impact,ragdoll,Proventus Avenicci,0001A67D,NPC COM [COM ],0,51.113,51.113,7.080,58.683,2.479,50.0000,17.687,246.381,2036.724,-79.650,0.0000,-0.0000,1.0000,-10.302,-27.864,-50.608,Static,Wood,shape,0000020D52D2C100,-,1,1,0,-
2660,103125.652,0.0000,impact,ragdoll,Proventus Avenicci,0001A67D,NPC Spine1 [Spn1],6,36.936,36.936,67.968,46.289,3.077,4.0000,18.878,235.092,2023.897,-79.650,-0.0000,-0.0000,1.0000,-10.089,-23.466,-38.603,Static,Wood,shape,0000020D52D2C100,-,1,1,0,-
2661,103160.074,0.0000,impact,ragdoll,Proventus Avenicci,0001A67D,NPC R Forearm [RLar],15,43.347,43.347,34.394,50.277,3.625,6.0000,11.658,243.492,2017.957,-69.516,0.8434,-0.5334,-0.0650,-33.729,-9.666,-36.009,-,Skin,shape,0000020E2E584400,6,1,1,0,-
2662,103160.075,0.0000,impact,ragdoll,Proventus Avenicci,0001A67D,NPC Spine1 [Spn1],6,43.347,43.347,34.394,27.700,1.937,4.0000,18.878,243.492,2017.957,-69.516,0.8434,-0.5334,-0.0650,0.543,-23.170,-15.172,-,Skin,shape,0000020E2E517400,15,1,1,0,-
2663,103177.842,0.0000,impact,ragdoll,Proventus Avenicci,0001A67D,NPC R Forearm [RLar],15,20.770,20.770,53.054,39.843,2.403,6.0000,11.658,241.375,2011.463,-68.873,0.9834,0.0876,-0.1590,-26.097,-3.901,-29.853,-,Skin,shape,0000020E2E584100,9,1,1,0,-
2664,103177.843,0.0000,impact,ragdoll,Proventus Avenicci,0001A67D,NPC Spine2 [Spn2],9,20.770,20.770,53.054,28.292,1.772,7.0000,23.052,241.375,2011.463,-68.873,0.9834,0.0876,-0.1590,11.936,-24.179,8.563,-,Skin,shape,0000020E2E517400,15,1,1,0,-
2665,103212.818,0.0000,impact,ragdoll,Proventus Avenicci,0001A67D,NPC COM [COM ],0,21.460,21.460,6.442,31.216,2.337,50.0000,17.687,244.650,2036.703,-79.650,-0.0000,0.0000,1.0000,-21.286,1.367,-22.792,Static,Wood,shape,0000020D52D2C100,-,1,1,0,-
2666,103263.047,0.0000,impact,ragdoll,Proventus Avenicci,0001A67D,NPC R Forearm [RLar],15,21.708,21.708,38.411,52.852,4.043,6.0000,11.658,250.619,2013.105,-79.650,-0.0000,-0.0000,1.0000,-35.083,1.720,-39.492,Static,Wood,shape,0000020D52D2C100,-,1,1,0,-
2667,103263.049,0.0000,impact,ragdoll,Proventus Avenicci,0001A67D,NPC L Hand [LHnd],16,133.234,133.234,56.820,168.371,4.295,4.0000,8.334,234.138,2025.613,-54.473,0.1429,0.2411,0.9599,59.236,7.548,-157.425,-,Skin,shape,0000020E2E584400,6,1,1,0,-
2668,103263.049,0.0000,impact,ragdoll,Proventus Avenicci,0001A67D,NPC Spine1 [Spn1],6,133.234,133.234,56.820,13.296,1.273,4.0000,18.878,234.138,2025.613,-54.473,0.1429,0.2411,0.9599,-0.790,-12.950,-2.911,-,Skin,shape,0000020E2E516800,16,1,1,0,-
2669,103263.453,0.0000,impact,ragdoll,Proventus Avenicci,0001A67D,NPC L Hand [LHnd],16,31.443,31.443,121.798,84.400,2.480,4.0000,8.334,236.648,2030.401,-55.374,-0.0234,-0.1495,0.9885,63.633,33.015,-44.545,-,Skin,shape,0000020E2E584700,3,1,1,0,-
2670,103263.453,0.0000,impact,ragdoll,Proventus Avenicci,0001A67D,NPC Spine [Spn0],3,31.443,31.443,121.798,26.275,2.034,4.0000,17.297,236.648,2030.401,-55.374,-0.0234,-0.1495,0.9885,-11.443,-12.414,-20.133,-,Skin,shape,0000020E2E516800,16,1,1,0,-
2671,103297.699,0.0000,impact,ragdoll,Proventus Avenicci,0001A67D,NPC L Forearm [LLar],14,40.351,40.351,50.542,48.016,3.764,2.0000,11.658,231.867,2024.396,-54.697,-0.0867,0.1605,0.9832,37.098,-1.019,-30.467,-,Skin,shape,0000020E2E584400,6,1,1,0,-
2672,103297.700,0.0000,impact,ragdoll,Proventus Avenicci,0001A67D,NPC Spine1 [Spn1],6,40.351,40.351,50.542,18.505,1.362,4.0000,18.878,231.867,2024.396,-54.697,-0.0867,0.1605,0.9832,-14.049,-11.927,-1.671,-,Skin,shape,0000020E2E516B00,14,1,1,0,-
2673,103297.701,0.0000,impact,ragdoll,Proventus Avenicci,0001A67D,NPC L Forearm [LLar],14,20.632,20.632,33.118,48.016,3.764,2.0000,11.658,224.331,2017.125,-52.964,-0.2053,0.5833,0.7859,37.098,-1.019,-30.467,-,Skin,shape,0000020E2E584100,9,1,1,0,-
2674,103297.701,0.0000,impact,ragdoll,Proventus Avenicci,0001A67D,NPC Spine2 [Spn2],9,20.632,20.632,33.118,17.543,0.779,7.0000,23.052,224.331,2017.125,-52.964,-0.2053,0.5833,0.7859,-4.793,-16.821,1.360,-,Skin,shape,0000020E2E516B00,14,1,1,0,-
2675,103297.703,0.0000,impact,ragdoll,Proventus Avenicci,0001A67D,NPC L Hand [LHnd],16,53.561,53.561,46.692,55.279,4.794,4.0000,8.334,239.928,2036.469,-53.864,-0.2137,-0.6065,0.7658,32.540,18.608,-40.628,-,Skin,shape,0000020E2E585C00,1,1,1,0,-
2676,103297.703,0.0000,impact,ragdoll,Proventus Avenicci,0001A67D,NPC L Thigh [LThg],1,53.561,53.561,46.692,23.022,1.047,6.0000,20.487,239.928,2036.469,-53.864,-0.2137,-0.6065,0.7658,-22.235,-2.568,5.386,-,Skin,shape,0000020E2E516800,16,1,1,0,-
2677,103329.031,0.0000,impact,ragdoll,Proventus Avenicci,0001A67D,NPC L Hand [LHnd],16,27.885,27.885,24.004,33.316,0.441,4.0000,8.334,239.186,2033.940,-56.468,-0.1010,-0.4074,0.9077,8.769,-6.349,-31.509,-,-,-,0000020E2E585600,0,1,1,0,-
2678,103329.032,0.0000,impact,ragdoll,Proventus Avenicci,0001A67D,NPC COM [COM ],0,27.885,27.885,24.004,12.946,0.971,50.0000,17.687,239.186,2033.940,-56.468,-0.1010,-0.4074,0.9077,-12.023,-4.348,-2.038,-,Skin,shape,0000020E2E516800,16,1,1,0,-
2679,103344.870,0.0000,impact,ragdoll,Proventus Avenicci,0001A67D,NPC Spine [Spn0],3,9.309,9.309,22.838,11.008,0.767,4.0000,17.297,247.354,2016.252,-72.893,-0.4896,0.8505,0.1923,-9.266,-5.361,-2.563,-,Skin,shape,0000020E2E517400,15,1,1,0,-
2680,103344.871,0.0000,impact,ragdoll,Proventus Avenicci,0001A67D,NPC R Forearm [RLar],15,9.309,9.309,22.838,18.141,3.329,6.0000,11.658,247.354,2016.252,-72.893,-0.4896,0.8505,0.1923,2.817,12.867,12.473,-,Skin,shape,0000020E2E584700,3,1,1,0,-
2681,103360.601,0.0000,impact,ragdoll,Proventus Avenicci,0001A67D,NPC L Forearm [LLar],14,27.262,27.262,38.909,29.834,2.389,2.0000,11.658,234.326,2028.855,-56.148,-0.1636,-0.2614,0.9513,-2.037,-5.641,-29.225,-,Skin,shape,0000020E2E584700,3,1,1,0,-
2682,103360.602,0.0000,impact,ragdoll,Proventus Avenicci,0001A67D,NPC Spine [Spn0],3,27.262,27.262,38.909,10.235,0.520,4.0000,17.297,234.326,2028.855,-56.148,-0.1636,-0.2614,0.9513,-8.763,-3.886,-3.587,-,Skin,shape,0000020E2E516B00,14,1,1,0,-
2683,103480.877,0.0000,impact,ragdoll,Proventus Avenicci,0001A67D,NPC L Hand [LHnd],16,30.480,30.480,25.711,46.348,2.897,4.0000,8.334,231.564,2017.997,-57.788,0.4978,0.7260,0.4744,-1.709,-31.762,-33.710,-,Skin,shape,0000020E2E584100,9,1,1,0,-
2684,103480.877,0.0000,impact,ragdoll,Proventus Avenicci,0001A67D,NPC Spine2 [Spn2],9,30.480,30.480,25.711,12.950,0.816,7.0000,23.052,231.564,2017.997,-57.788,0.4978,0.7260,0.4744,-10.758,1.783,-6.984,-,Skin,shape,0000020E2E516800,16,1,1,0,-
2685,103481.314,0.0000,impact,ragdoll,Proventus Avenicci,0001A67D,NPC Spine2 [Spn2],9,13.424,13.424,3.646,15.084,1.047,7.0000,23.052,223.133,2014.828,-79.724,0.0000,0.0000,1.0000,-11.707,1.220,-9.433,Static,Wood,shape,0000020D52D2C100,-,0,1,0,-
2686,103626.019,0.0000,state,unknown,Proventus Avenicci,0001A67D,-,-,0.000,0.000,0.000,0.000,0.000,0.0000,0.000,0.000,0.000,0.000,0.0000,0.0000,0.0000,0.000,0.000,0.000,-,-,-,0000000000000000,-,0,0,0,knock_get_up
2687,109118.703,0.0000,state,unknown,Proventus Avenicci,0001A67D,-,-,0.000,0.000,0.000,0.000,0.000,0.0000,0.000,0.000,0.000,0.000,0.0000,0.0000,0.0000,0.000,0.000,0.000,-,-,-,0000000000000000,-,0,0,0,ragdoll_start
2688,109122.328,0.0000,impact,ragdoll,Proventus Avenicci,0001A67D,NPC L Foot [Lft ],7,43.988,45.155,44.694,49.875,4.960,3.0000,10.011,206.121,2072.342,-79.650,-0.0000,-0.0000,1.0000,29.905,24.464,-31.539,Static,Wood,shape,0000020D52D2C100,-,0,0,0,-
2689,109122.339,0.0000,impact,ragdoll,Proventus Avenicci,0001A67D,NPC R Foot [Rft ],8,31.337,33.571,22.020,31.678,3.225,3.0000,10.011,236.668,2055.225,-79.650,0.0000,-0.0000,1.0000,-19.164,3.898,-24.921,Static,Wood,shape,0000020D52D2C100,-,0,0,0,-
2690,109122.571,0.0000,impact,ragdoll,Proventus Avenicci,0001A67D,NPC R Thigh [RThg],2,8.238,8.238,9.657,13.512,1.352,6.0000,20.487,217.017,2059.928,-41.867,0.8593,-0.5023,0.0962,-7.316,-2.142,-11.156,-,Skin,shape,0000020E2E585C00,1,0,1,0,-
2691,109122.571,0.0000,impact,ragdoll,Proventus Avenicci,0001A67D,NPC L Thigh [LThg],1,8.238,8.238,9.657,13.576,1.408,6.0000,20.487,217.017,2059.928,-41.867,0.8593,-0.5023,0.0962,3.895,9.004,-9.385,-,Skin,shape,0000020E2E585000,2,0,1,0,-
2692,109122.578,0.0000,impact,ragdoll,Proventus Avenicci,0001A67D,NPC R Hand [RHnd],17,5.879,5.879,14.829,15.730,1.383,4.0000,8.334,230.430,2053.985,-12.809,0.8570,-0.2716,-0.4380,-4.841,-12.989,-7.435,-,Skin,shape,0000020E2E584700,3,1,1,0,-
2693,109122.578,0.0000,impact,ragdoll,Proventus Avenicci,0001A67D,NPC Spine [Spn0],3,5.879,5.879,14.829,17.693,1.615,4.0000,17.297,230.430,2053.985,-12.809,0.8570,-0.2716,-0.4380,2.184,2.614,-17.362,-,Skin,shape,0000020E2E517100,17,1,1,0,-
2694,109139.288,0.0000,impact,ragdoll,Proventus Avenicci,0001A67D,NPC L Calf [LClf],5,22.187,22.187,49.629,49.870,2.847,6.0000,19.675,207.324,2063.828,-79.650,0.0000,0.0000,1.0000,5.124,44.685,-21.540,Static,Wood,shape,0000020D52D2C100,-,1,1,0,-
2695,109154.466,0.0000,impact,ragdoll,Proventus Avenicci,0001A67D,NPC R Calf [RClf],4,11.781,11.781,65.397,64.301,0.761,6.0000,19.675,228.697,2050.176,-79.650,-0.0000,0.0000,1.0000,-16.837,60.915,-11.854,Static,Wood,shape,0000020D52D2C100,-,1,1,0,-
2696,109204.915,0.0000,impact,ragdoll,Proventus Avenicci,0001A67D,NPC L Foot [Lft ],7,37.084,32.663,74.150,93.019,6.216,3.0000,10.011,207.140,2076.484,-79.650,0.0000,-0.0000,1.0000,-23.741,88.948,-13.312,Static,Wood,shape,0000020D52D2C100,-,0,0,0,-
2697,109205.563,0.0000,impact,ragdoll,Proventus Avenicci,0001A67D,NPC L Foot [Lft ],7,41.648,68.544,39.862,73.932,12.149,3.0000,10.011,207.081,2076.658,-79.650,0.0000,-0.0000,1.0000,-23.261,61.505,-33.793,Static,Wood,shape,0000020D52D2C100,-,0,0,0,-
2698,109205.568,0.0000,impact,ragdoll,Proventus Avenicci,0001A67D,NPC R Foot [Rft ],8,26.705,32.829,28.450,49.431,6.076,3.0000,10.011,235.516,2057.949,-79.650,0.0000,-0.0000,1.0000,-9.453,45.592,-16.598,Static,Wood,shape,0000020D52D2C100,-,0,0,0,-
2699,109206.066,0.0000,impact,ragdoll,Proventus Avenicci,0001A67D,NPC R Foot [Rft ],8,38.922,58.122,37.869,44.026,9.694,3.0000,10.011,235.417,2058.138,-79.650,0.0000,0.0000,1.0000,-13.166,31.263,-28.065,Static,Wood,shape,0000020D52D2C100,-,0,0,0,-
2700,109206.071,0.0000,impact,ragdoll,Proventus Avenicci,0001A67D,NPC L Foot [Lft ],7,17.835,38.934,47.101,67.895,10.321,3.0000,10.011,206.881,2077.174,-79.650,0.0000,0.0000,1.0000,-27.415,61.344,-9.749,Static,Wood,shape,0000020D52D2C100,-,0,0,0,-
2701,109220.812,0.0000,impact,ragdoll,Proventus Avenicci,0001A67D,NPC L Foot [Lft ],7,10.116,14.898,70.747,95.832,9.163,3.0000,10.011,206.558,2077.961,-79.650,-0.0000,0.0000,1.0000,-29.428,90.582,10.617,Static,Wood,shape,0000020D52D2C100,-,0,0,0,-
2702,109221.356,0.0000,impact,ragdoll,Proventus Avenicci,0001A67D,NPC R Foot [Rft ],8,23.834,22.764,59.955,70.505,6.960,3.0000,10.011,235.375,2058.815,-79.650,-0.0000,0.0000,1.0000,-19.567,67.708,-1.938,Static,Wood,shape,0000020D52D2C100,-,0,0,0,-
2703,109288.593,0.0000,impact,ragdoll,Proventus Avenicci,0001A67D,NPC L Foot [Lft ],7,8.573,-5.929,137.461,205.586,10.814,3.0000,10.011,204.953,2085.068,-79.650,0.0000,-0.0000,1.0000,-12.604,203.376,27.290,Static,Wood,shape,0000020D52D2C100,-,0,0,0,-
2704,109288.617,0.0000,impact,ragdoll,Proventus Avenicci,0001A67D,NPC R Foot [Rft ],8,6.391,-4.122,163.848,190.073,6.179,3.0000,10.011,234.532,2064.922,-79.650,-0.0000,-0.0000,1.0000,-16.462,188.279,20.194,Static,Wood,shape,0000020D52D2C100,-,0,0,0,-
2705,109356.325,0.0000,impact,ragdoll,Proventus Avenicci,0001A67D,NPC L Hand [LHnd],16,28.348,28.348,35.999,422.537,2.904,4.0000,8.334,211.208,2107.742,-9.852,-0.5889,0.4911,-0.6419,21.985,421.839,-10.283,-,Skin,shape,0000020E2E584400,6,1,1,0,-
2706,109356.326,0.0000,impact,ragdoll,Proventus Avenicci,0001A67D,NPC Spine1 [Spn1],6,28.348,28.348,35.999,410.982,1.183,4.0000,18.878,211.208,2107.742,-9.852,-0.5889,0.4911,-0.6419,-4.355,409.015,-39.917,-,Skin,shape,0000020E2E516800,16,1,1,0,-
2707,109493.819,0.0000,impact,ragdoll,Proventus Avenicci,0001A67D,NPC R Foot [Rft ],8,26.970,24.647,556.074,576.359,5.103,3.0000,10.011,227.582,2138.748,-79.650,-0.0000,0.0000,1.0000,-42.892,574.177,-25.903,Static,Wood,shape,0000020D52D2C100,-,0,0,0,-
2708,109589.992,0.0000,impact,ragdoll,Proventus Avenicci,0001A67D,NPC L Foot [Lft ],7,128.564,128.564,788.432,798.777,2.407,3.0000,10.011,201.191,2227.540,-79.650,0.0000,0.0000,1.0000,-15.095,788.507,-126.781,Static,Wood,shape,0000020D52D2C100,-,1,1,0,-
2709,109637.647,0.0000,impact,ragdoll,Proventus Avenicci,0001A67D,NPC L Calf [LClf],5,117.940,117.940,824.475,843.892,2.124,6.0000,19.675,223.197,2292.343,-79.650,-0.0000,0.0000,1.0000,1.742,838.711,-93.348,Static,Wood,shape,0000020D52D2C100,-,1,1,0,-
2710,109653.903,0.0000,impact,ragdoll,Proventus Avenicci,0001A67D,NPC L Calf [LClf],5,44.119,-4.306,783.385,829.883,4.559,6.0000,19.675,223.524,2305.036,-79.650,0.0000,0.0000,1.0000,11.256,829.564,20.102,Static,Wood,shape,0000020D52D2C100,-,0,0,0,-
2711,109672.627,0.0000,impact,ragdoll,Proventus Avenicci,0001A67D,NPC R Thigh [RThg],2,225.292,225.292,438.186,918.307,4.366,6.0000,20.487,225.257,2311.956,-63.882,0.5663,-0.4083,0.7160,-11.698,917.849,-26.534,-,Skin,shape,0000020E2E585C00,1,0,1,0,-
2712,109672.627,0.0000,impact,ragdoll,Proventus Avenicci,0001A67D,NPC L Thigh [LThg],1,225.292,225.292,438.186,654.777,25.702,6.0000,20.487,225.257,2311.956,-63.882,0.5663,-0.4083,0.7160,-58.887,652.005,-12.428,-,Skin,shape,0000020E2E585000,2,0,1,0,-
2713,109706.223,0.0000,impact,ragdoll,Proventus Avenicci,0001A67D,NPC R Forearm [RLar],15,15.954,15.954,21.843,1014.493,1.100,6.0000,11.658,231.206,2338.761,-22.869,0.7805,-0.3399,-0.5247,24.291,1013.503,-37.638,-,Skin,shape,0000020E2E584100,9,1,1,0,-
2714,109706.224,0.0000,impact,ragdoll,Proventus Avenicci,0001A67D,NPC Spine2 [Spn2],9,15.954,15.954,21.843,1000.231,0.712,7.0000,23.052,231.206,2338.761,-22.869,0.7805,-0.3399,-0.5247,22.723,998.073,-61.614,-,Skin,shape,0000020E2E517400,15,1,1,0,-
2715,109706.686,0.0000,impact,ragdoll,Proventus Avenicci,0001A67D,NPC R Calf [RClf],4,148.496,148.496,276.125,920.295,2.501,6.0000,19.675,217.723,2328.952,-70.742,0.4027,-0.8891,0.2175,1.000,920.268,-7.020,-,Skin,shape,0000020E2E585900,5,1,1,0,-
2716,109706.686,0.0000,impact,ragdoll,Proventus Avenicci,0001A67D,NPC L Calf [LClf],5,148.496,148.496,276.125,755.040,13.264,6.0000,19.675,217.723,2328.952,-70.742,0.4027,-0.8891,0.2175,-193.294,725.403,80.710,-,Skin,shape,0000020E2E584D00,4,1,1,0,-
2717,109828.243,0.0000,impact,ragdoll,Proventus Avenicci,0001A67D,NPC R Thigh [RThg],2,102.385,102.385,1054.645,1085.778,6.410,6.0000,20.487,236.165,2437.562,-79.650,0.0000,0.0000,1.0000,-37.884,1080.202,-103.168,Static,Wood,shape,0000020E27FC4400,-,1,1,0,-
2718,109828.245,0.0000,impact,ragdoll,Proventus Avenicci,0001A67D,NPC R Calf [RClf],4,102.585,102.585,1054.979,1065.905,6.338,6.0000,19.675,238.298,2433.731,-79.650,0.0000,-0.0000,1.0000,-8.770,1065.422,-30.850,Static,Wood,shape,0000020E27FC4400,-,1,1,0,-
2719,109828.770,0.0000,impact,ragdoll,Proventus Avenicci,0001A67D,NPC R Forearm [RLar],15,54.687,54.687,23.683,1108.997,3.353,6.0000,11.658,233.133,2472.085,-32.021,0.7693,-0.4227,-0.4790,24.850,1108.093,-37.233,-,Skin,shape,0000020E2E584100,9,1,1,0,-
2720,109828.770,0.0000,impact,ragdoll,Proventus Avenicci,0001A67D,NPC Spine2 [Spn2],9,54.687,54.687,23.683,1125.027,2.795,7.0000,23.052,233.133,2472.085,-32.021,0.7693,-0.4227,-0.4790,66.602,1117.880,-107.675,-,Skin,shape,0000020E2E517400,15,1,1,0,-
2721,109845.220,0.0000,impact,ragdoll,Proventus Avenicci,0001A67D,NPC COM [COM ],0,1051.844,1062.646,289.208,1097.517,5.378,50.0000,17.687,218.578,2480.886,-62.656,-0.0000,-0.9424,0.3346,-44.630,1092.026,-100.154,Static,Stone,shape,0000020E27FC4700,-,0,0,0,-
2722,109845.246,0.0000,impact,ragdoll,Proventus Avenicci,0001A67D,NPC L Thigh [LThg],1,1068.758,1068.721,218.401,1091.469,3.038,6.0000,20.487,213.868,2480.480,-63.096,-0.0000,-0.9664,0.2569,-51.909,1089.333,-44.316,Static,Stone,shape,0000020E27FC4700,-,0,0,0,-
2723,109845.702,0.0000,impact,ragdoll,Proventus Avenicci,0001A67D,NPC Spine [Spn0],3,209.434,209.434,1092.466,1099.458,7.615,4.0000,17.297,220.303,2480.228,-65.689,-0.0000,-0.1045,0.9945,-0.971,1094.054,-108.868,Static,Stone,shape,0000020E27FC4700,-,1,0,0,-
2724,109845.703,0.0000,impact,ragdoll,Proventus Avenicci,0001A67D,NPC Spine [Spn0],3,92.479,92.479,1107.136,1099.458,7.615,4.0000,17.297,220.293,2485.875,-65.652,0.0000,-0.0000,1.0000,-0.971,1094.054,-108.868,Static,WoodStairs,shape,0000020E27FC4700,-,0,1,0,-
2725,109845.924,0.0000,impact,ragdoll,Proventus Avenicci,0001A67D,NPC L Hand [LHnd],16,1107.717,1110.355,169.232,1120.969,4.115,4.0000,8.334,213.962,2511.804,-56.678,-0.0000,-1.0000,0.0000,24.023,1108.538,-164.731,Static,WoodStairs,shape,0000020E27FC4700,-,0,0,0,-
2726,109845.929,0.0000,impact,ragdoll,Proventus Avenicci,0001A67D,NPC L Hand [LHnd],16,144.396,253.751,239.788,637.035,45.378,4.0000,8.334,213.885,2508.619,-65.652,0.0000,0.0000,1.0000,-3.558,-620.612,-143.671,Static,WoodStairs,shape,0000020E27FC4700,-,0,0,0,-
2727,109845.929,0.0000,impact,ragdoll,Proventus Avenicci,0001A67D,NPC L Hand [LHnd],16,309.470,418.826,238.216,637.035,45.378,4.0000,8.334,213.339,2504.969,-65.679,0.0000,0.0000,1.0000,-3.558,-620.612,-143.671,Static,WoodStairs,shape,0000020E27FC4700,-,0,1,0,-
2728,109846.233,0.0000,impact,ragdoll,Proventus Avenicci,0001A67D,NPC L Forearm [LLar],14,1074.180,1074.180,413.746,1147.486,1.886,2.0000,11.658,210.697,2511.750,-51.832,-0.0000,-0.8721,0.4893,21.297,1134.635,-169.926,Static,WoodStairs,shape,0000020E27FC4700,-,1,0,0,-
2729,109846.234,0.0000,impact,ragdoll,Proventus Avenicci,0001A67D,NPC L Forearm [LLar],14,1140.958,1140.958,170.406,1147.486,1.886,2.0000,11.658,210.470,2511.929,-54.650,-0.0000,-1.0000,0.0000,21.297,1134.635,-169.926,Static,WoodStairs,shape,0000020E27FC4700,-,0,0,0,-
2730,109846.234,0.0000,impact,ragdoll,Proventus Avenicci,0001A67D,NPC L Forearm [LLar],14,1074.180,1074.180,413.746,1147.486,1.886,2.0000,11.658,210.697,2511.750,-51.832,-0.0000,-0.8721,0.4893,21.297,1134.635,-169.926,Static,WoodStairs,shape,0000020E27FC4700,-,0,1,0,-
2731,109846.236,0.0000,impact,ragdoll,Proventus Avenicci,0001A67D,NPC R Hand [RHnd],17,39.402,39.402,1126.644,1093.452,5.298,4.0000,8.334,246.687,2484.484,-65.652,-0.0000,0.0000,1.0000,7.760,1092.716,-39.353,Static,WoodStairs,shape,0000020E27FC4700,-,1,1,0,-
2732,109864.009,0.0000,impact,ragdoll,Proventus Avenicci,0001A67D,NPC L Hand [LHnd],16,311.214,311.214,701.398,290.801,66.063,4.0000,8.334,219.083,2498.749,-49.436,-0.4822,0.5517,-0.6806,-37.583,-246.868,149.027,-,Skin,shape,0000020E2E584400,6,1,1,0,-
2733,109864.010,0.0000,impact,ragdoll,Proventus Avenicci,0001A67D,NPC Spine1 [Spn1],6,311.214,311.214,701.398,448.211,28.214,4.0000,18.878,219.083,2498.749,-49.436,-0.4822,0.5517,-0.6806,150.679,414.616,79.262,-,Skin,shape,0000020E2E516800,16,1,1,0,-
2734,109864.552,0.0000,impact,ragdoll,Proventus Avenicci,0001A67D,NPC R Calf [RClf],4,37.762,37.762,377.595,386.823,31.254,6.0000,19.675,215.927,2465.445,-55.296,0.2568,-0.7818,-0.5682,-63.369,343.240,166.740,-,Skin,shape,0000020E2E585C00,1,1,1,0,-
2735,109864.552,0.0000,impact,ragdoll,Proventus Avenicci,0001A67D,NPC L Thigh [LThg],1,37.762,37.762,377.595,604.818,11.259,6.0000,20.487,215.927,2465.445,-55.296,0.2568,-0.7818,-0.5682,198.686,170.588,545.187,-,Skin,shape,0000020E2E584D00,4,1,1,0,-
2736,109864.571,0.0000,impact,ragdoll,Proventus Avenicci,0001A67D,NPC R Hand [RHnd],17,135.670,135.670,1050.540,1064.484,19.687,4.0000,8.334,247.352,2502.475,-65.652,0.0000,0.0000,1.0000,86.869,1052.224,-135.665,Static,WoodStairs,shape,0000020E27FC4700,-,1,1,0,-
2737,109879.193,0.0000,impact,ragdoll,Proventus Avenicci,0001A67D,NPC R Hand [RHnd],17,1073.095,1085.252,215.926,1116.357,42.593,4.0000,8.334,248.317,2511.706,-57.786,-0.0000,-1.0000,0.0000,219.147,1094.634,1.913,Static,WoodStairs,shape,0000020E27FC4700,-,0,0,0,-
2738,109879.223,0.0000,impact,ragdoll,Proventus Avenicci,0001A67D,NPC R Forearm [RLar],15,984.682,976.225,114.145,827.013,38.593,6.0000,11.658,245.863,2511.708,-51.963,-0.0000,-0.9931,0.1170,-123.651,812.323,-93.774,Static,WoodStairs,shape,0000020E27FC4700,-,0,0,0,-
2739,109880.256,0.0000,impact,ragdoll,Proventus Avenicci,0001A67D,NPC L Foot [Lft ],7,706.231,706.231,234.013,762.568,65.627,3.0000,10.011,165.004,2479.720,-50.474,-0.0000,-1.0000,0.0000,14.050,722.774,242.714,Static,Stone,shape,0000020E27FC4700,-,1,1,0,-
2740,109895.616,0.0000,impact,ragdoll,Proventus Avenicci,0001A67D,NPC R Foot [Rft ],8,25.701,25.701,264.940,293.935,14.116,3.0000,10.011,213.257,2459.633,-79.650,0.0000,-0.0000,1.0000,-132.501,259.308,-40.006,Static,Wood,shape,0000020E27FC4400,-,1,1,0,-
2741,109895.621,0.0000,impact,ragdoll,Proventus Avenicci,0001A67D,NPC R UpperArm [RUar],12,215.793,215.793,365.036,310.380,30.444,2.0000,14.463,240.276,2517.921,-51.654,0.0000,0.0000,1.0000,45.184,82.021,-295.917,Static,WoodStairs,shape,0000020E27FC4700,-,1,1,0,-
2742,109895.622,0.0000,impact,ragdoll,Proventus Avenicci,0001A67D,NPC Head [Head],13,835.335,835.335,591.076,846.386,53.784,4.0000,15.108,224.390,2543.906,-37.683,-0.0000,-0.3894,0.9211,-135.804,218.535,-806.331,Static,WoodStairs,shape,0000020E27FC4700,-,1,0,0,-
2743,109895.623,0.0000,impact,ragdoll,Proventus Avenicci,0001A67D,NPC Head [Head],13,835.335,835.335,591.076,846.386,53.784,4.0000,15.108,224.390,2543.906,-37.683,-0.0000,-0.3894,0.9211,-135.804,218.535,-806.331,Static,WoodStairs,shape,0000020E27FC4700,-,0,1,0,-
2744,109911.156,0.0000,impact,ragdoll,Proventus Avenicci,0001A67D,NPC L Thigh [LThg],1,274.043,274.043,685.167,610.307,12.504,6.0000,20.487,203.459,2501.048,-49.164,0.1061,-0.7587,0.6427,225.854,489.968,285.300,-,Skin,shape,0000020E2E516B00,14,1,1,0,-
2745,109911.157,0.0000,impact,ragdoll,Proventus Avenicci,0001A67D,NPC L Forearm [LLar],14,274.043,274.043,685.167,99.951,9.560,2.0000,11.658,203.459,2501.048,-49.164,0.1061,-0.7587,0.6427,-88.602,-45.926,-5.543,-,Skin,shape,0000020E2E585C00,1,1,1,0,-
2746,109911.624,0.0000,impact,ragdoll,Proventus Avenicci,0001A67D,NPC R Calf [RClf],4,66.855,66.855,227.803,418.039,22.566,6.0000,19.675,213.648,2479.770,-65.822,-0.0000,-0.8581,0.5136,-135.512,262.902,295.424,Static,WoodStairs,shape,0000020E27FC4700,-,1,1,0,-
2747,109911.630,0.0000,impact,ragdoll,Proventus Avenicci,0001A67D,NPC R Hand [RHnd],17,204.150,204.150,479.636,280.165,47.475,4.0000,8.334,237.040,2484.706,-44.311,0.5650,0.7057,-0.4276,-121.138,-72.505,241.994,-,Skin,shape,0000020E2E585000,2,1,1,0,-
2748,109911.630,0.0000,impact,ragdoll,Proventus Avenicci,0001A67D,NPC R Thigh [RThg],2,204.150,204.150,479.636,630.693,14.152,6.0000,20.487,237.040,2484.706,-44.311,0.5650,0.7057,-0.4276,-83.195,433.475,450.502,-,Skin,shape,0000020E2E517100,17,1,1,0,-
2749,109940.246,0.0000,impact,ragdoll,Proventus Avenicci,0001A67D,NPC R Thigh [RThg],2,283.710,283.710,255.646,581.846,23.202,6.0000,20.487,220.660,2494.761,-27.382,0.6271,-0.7416,-0.2382,20.790,372.885,446.172,-,Skin,shape,0000020E2E585C00,1,0,1,0,-
2750,109940.247,0.0000,impact,ragdoll,Proventus Avenicci,0001A67D,NPC L Thigh [LThg],1,283.710,283.710,255.646,482.728,13.180,6.0000,20.487,220.660,2494.761,-27.382,0.6271,-0.7416,-0.2382,81.954,184.531,438.473,-,Skin,shape,0000020E2E585000,2,0,1,0,-
2751,109940.248,0.0000,impact,ragdoll,Proventus Avenicci,0001A67D,NPC R Calf [RClf],4,416.147,416.147,430.974,645.819,20.970,6.0000,19.675,217.022,2492.576,-30.109,0.6399,-0.7130,-0.2866,-26.666,300.093,571.240,-,Skin,shape,0000020E2E585C00,1,1,1,0,-
2752,109940.248,0.0000,impact,ragdoll,Proventus Avenicci,0001A67D,NPC L Thigh [LThg],1,416.147,416.147,430.974,482.728,13.180,6.0000,20.487,217.022,2492.576,-30.109,0.6399,-0.7130,-0.2866,81.954,184.531,438.473,-,Skin,shape,0000020E2E584D00,4,1,1,0,-
2753,109940.252,0.0000,impact,ragdoll,Proventus Avenicci,0001A67D,NPC Head [Head],13,212.715,212.715,613.164,175.372,85.992,4.0000,15.108,219.107,2543.958,-41.204,-0.0000,-1.0000,0.0000,-4.180,154.421,83.018,Static,WoodStairs,shape,0000020E27FC4700,-,0,1,0,-
2754,109940.255,0.0000,impact,ragdoll,Proventus Avenicci,0001A67D,NPC L Hand [LHnd],16,401.263,401.263,510.234,503.184,30.728,4.0000,8.334,202.662,2511.706,-53.244,-0.0000,-1.0000,-0.0000,83.462,400.910,292.403,Static,WoodStairs,shape,0000020E27FC4700,-,1,1,0,-
2755,109957.079,0.0000,impact,ragdoll,Proventus Avenicci,0001A67D,NPC L Hand [LHnd],16,248.224,248.224,625.389,813.524,35.857,4.0000,8.334,204.002,2500.235,-30.612,0.2787,0.6342,-0.7212,273.487,317.838,697.141,-,Skin,shape,0000020E2E585900,5,1,1,0,-
2756,109957.080,0.0000,impact,ragdoll,Proventus Avenicci,0001A67D,NPC L Calf [LClf],5,248.224,248.224,625.389,433.905,8.889,6.0000,19.675,204.002,2500.235,-30.612,0.2787,0.6342,-0.7212,94.952,327.200,268.696,-,Skin,shape,0000020E2E516800,16,1,1,0,-
2757,109988.181,0.0000,impact,ragdoll,Proventus Avenicci,0001A67D,NPC L Forearm [LLar],14,178.640,178.640,134.352,727.586,21.318,2.0000,11.658,216.950,2539.843,-14.897,-0.8410,-0.3877,-0.3773,111.611,501.365,515.322,-,Skin,shape,0000020E2E584100,9,1,1,0,-
2758,109988.182,0.0000,impact,ragdoll,Proventus Avenicci,0001A67D,NPC Spine2 [Spn2],9,178.640,178.640,134.352,482.639,12.070,7.0000,23.052,216.950,2539.843,-14.897,-0.8410,-0.3877,-0.3773,-78.129,411.196,240.321,-,Skin,shape,0000020E2E516B00,14,1,1,0,-
2759,110006.723,0.0000,impact,ragdoll,Proventus Avenicci,0001A67D,NPC Spine2 [Spn2],9,353.024,353.024,207.776,489.240,8.844,7.0000,23.052,222.356,2538.618,-11.061,0.2314,0.8781,0.4187,0.231,390.085,295.278,-,Skin,shape,0000020E2E516800,16,1,1,0,-
2760,110006.724,0.0000,impact,ragdoll,Proventus Avenicci,0001A67D,NPC L Hand [LHnd],16,353.024,353.024,207.776,863.796,18.756,4.0000,8.334,222.356,2538.618,-11.061,0.2314,0.8781,0.4187,216.893,654.803,519.936,-,Skin,shape,0000020E2E584100,9,1,1,0,-
2761,110006.726,0.0000,impact,ragdoll,Proventus Avenicci,0001A67D,NPC Head [Head],13,304.918,304.918,264.857,374.518,28.677,4.0000,15.108,221.795,2575.748,-25.281,0.0000,-1.0000,0.0000,107.146,296.114,202.730,Static,WoodStairs,shape,0000020E27FC4700,-,0,0,0,-
2762,110006.726,0.0000,impact,ragdoll,Proventus Avenicci,0001A67D,NPC Head [Head],13,260.123,260.123,305.713,374.518,28.677,4.0000,15.108,221.728,2575.753,-27.659,-0.0000,-1.0000,0.0000,107.146,296.114,202.730,Static,WoodStairs,shape,0000020E27FC4700,-,0,1,0,-
2763,110039.116,0.0000,impact,ragdoll,Proventus Avenicci,0001A67D,NPC L Forearm [LLar],14,123.227,123.227,101.477,667.022,16.296,2.0000,11.658,222.843,2557.442,10.101,-0.8806,-0.1723,-0.4415,98.884,461.120,471.709,-,Skin,shape,0000020E2E584400,6,1,1,0,-
2764,110039.116,0.0000,impact,ragdoll,Proventus Avenicci,0001A67D,NPC Spine1 [Spn1],6,123.227,123.227,101.477,590.380,7.475,4.0000,18.878,222.843,2557.442,10.101,-0.8806,-0.1723,-0.4415,56.971,489.398,325.259,-,Skin,shape,0000020E2E516B00,14,1,1,0,-
2765,110039.610,0.0000,impact,ragdoll,Proventus Avenicci,0001A67D,NPC L Thigh [LThg],1,63.770,63.770,166.490,603.891,13.806,6.0000,20.487,223.191,2544.488,4.763,0.1316,-0.6003,0.7888,66.502,472.535,370.098,-,Skin,shape,0000020E2E516800,16,1,1,0,-
2766,110039.611,0.0000,impact,ragdoll,Proventus Avenicci,0001A67D,NPC L Hand [LHnd],16,63.770,63.770,166.490,617.589,16.938,4.0000,8.334,223.191,2544.488,4.763,0.1316,-0.6003,0.7888,10.639,426.001,447.019,-,Skin,shape,0000020E2E585C00,1,1,1,0,-
2767,110057.237,0.0000,impact,ragdoll,Proventus Avenicci,0001A67D,NPC R Thigh [RThg],2,106.928,106.928,45.721,601.284,5.378,6.0000,20.487,232.017,2539.143,18.580,0.9873,0.1553,0.0334,31.915,522.953,295.032,-,Skin,shape,0000020E2E585C00,1,0,1,0,-
2768,110057.237,0.0000,impact,ragdoll,Proventus Avenicci,0001A67D,NPC L Thigh [LThg],1,106.928,106.928,45.721,625.870,12.668,6.0000,20.487,232.017,2539.143,18.580,0.9873,0.1553,0.0334,95.565,476.489,394.384,-,Skin,shape,0000020E2E585000,2,0,1,0,-
2769,110091.937,0.0000,impact,ragdoll,Proventus Avenicci,0001A67D,NPC R Thigh [RThg],2,155.339,155.339,18.252,637.660,3.341,6.0000,20.487,233.830,2545.985,26.710,0.9668,0.2490,-0.0571,52.257,521.636,363.009,-,Skin,shape,0000020E2E585900,5,1,1,0,-
2770,110091.938,0.0000,impact,ragdoll,Proventus Avenicci,0001A67D,NPC L Calf [LClf],5,155.339,155.339,18.252,741.550,11.581,6.0000,19.675,233.830,2545.985,26.710,0.9668,0.2490,-0.0571,276.508,459.358,512.279,-,Skin,shape,0000020E2E585000,2,1,1,0,-
2771,110091.942,0.0000,impact,ragdoll,Proventus Avenicci,0001A67D,NPC L Hand [LHnd],16,79.689,79.689,34.631,681.907,11.535,4.0000,8.334,228.021,2575.861,23.392,-0.4909,-0.7704,-0.4068,-15.414,524.998,434.899,-,Skin,shape,0000020E2E584400,6,1,1,0,-
2772,110091.942,0.0000,impact,ragdoll,Proventus Avenicci,0001A67D,NPC Spine1 [Spn1],6,79.689,79.689,34.631,568.773,9.444,4.0000,18.878,228.021,2575.861,23.392,-0.4909,-0.7704,-0.4068,-7.683,503.305,264.815,-,Skin,shape,0000020E2E516800,16,1,1,0,-
2773,110550.624,0.0000,impact,ragdoll,Proventus Avenicci,0001A67D,NPC R Foot [Rft ],8,373.566,373.566,948.146,1014.941,0.685,3.0000,10.011,329.847,2935.373,190.097,-0.9497,-0.3131,-0.0008,63.846,992.571,202.069,Static,Stone,shape,0000020E27FE8400,-,1,0,0,-
2774,110550.625,0.0000,impact,ragdoll,Proventus Avenicci,0001A67D,NPC R Foot [Rft ],8,373.566,373.566,948.146,1014.941,0.685,3.0000,10.011,329.847,2935.373,190.097,-0.9497,-0.3131,-0.0008,63.846,992.571,202.069,Static,Stone,shape,0000020E27FE8400,-,0,1,0,-
2775,110697.501,0.0000,impact,ragdoll,Proventus Avenicci,0001A67D,NPC R Thigh [RThg],2,38.299,38.299,14.005,1032.275,1.610,6.0000,20.487,287.820,3089.831,205.027,0.7739,0.5759,-0.2635,42.029,1024.926,115.550,-,Skin,shape,0000020E2E585C00,1,0,1,0,-
2776,110697.502,0.0000,impact,ragdoll,Proventus Avenicci,0001A67D,NPC L Thigh [LThg],1,38.299,38.299,14.005,1040.303,0.078,6.0000,20.487,287.820,3089.831,205.027,0.7739,0.5759,-0.2635,58.406,1033.750,100.906,-,Skin,shape,0000020E2E585000,2,0,1,0,-
2777,110825.352,0.0000,impact,ragdoll,Proventus Avenicci,0001A67D,NPC R Thigh [RThg],2,32.012,32.012,21.016,1055.587,1.280,6.0000,20.487,294.117,3190.850,217.563,0.5773,0.6407,-0.5061,42.647,1052.838,63.056,-,Skin,shape,0000020E2E585900,5,1,1,0,-
2778,110825.353,0.0000,impact,ragdoll,Proventus Avenicci,0001A67D,NPC L Calf [LClf],5,32.012,32.012,21.016,1066.019,0.277,6.0000,19.675,294.117,3190.850,217.563,0.5773,0.6407,-0.5061,54.314,1063.354,52.191,-,Skin,shape,0000020E2E585000,2,1,1,0,-
2779,110837.062,0.0000,impact,ragdoll,Proventus Avenicci,0001A67D,NPC L Thigh [LThg],1,28.270,28.270,9.041,1069.604,0.093,6.0000,20.487,301.456,3214.266,215.868,-0.8538,-0.5188,0.0433,55.834,1067.195,45.062,-,Skin,shape,0000020E2E584D00,4,1,1,0,-
2780,110837.062,0.0000,impact,ragdoll,Proventus Avenicci,0001A67D,NPC R Calf [RClf],4,28.270,28.270,9.041,1057.862,1.467,6.0000,19.675,301.456,3214.266,215.868,-0.8538,-0.5188,0.0433,15.218,1055.444,69.840,-,Skin,shape,0000020E2E585C00,1,1,1,0,-
2781,110886.157,0.0000,impact,ragdoll,Proventus Avenicci,0001A67D,NPC R Calf [RClf],4,26.486,26.486,8.947,1067.694,1.364,6.0000,19.675,299.797,3254.757,226.293,0.7566,0.5187,-0.3982,19.304,1066.708,41.619,-,Skin,shape,0000020E2E585900,5,1,0,0,-
2782,110886.158,0.0000,impact,ragdoll,Proventus Avenicci,0001A67D,NPC L Calf [LClf],5,26.486,26.486,8.947,1077.836,0.255,6.0000,19.675,299.797,3254.757,226.293,0.7566,0.5187,-0.3982,48.001,1076.519,23.096,-,Skin,shape,0000020E2E584D00,4,1,0,0,-
2783,110886.159,0.0000,impact,ragdoll,Proventus Avenicci,0001A67D,NPC R Calf [RClf],4,22.887,22.887,8.166,1067.694,1.364,6.0000,19.675,298.608,3253.635,222.598,0.7174,0.5664,-0.4057,19.304,1066.708,41.619,-,Skin,shape,0000020E2E585900,5,0,1,0,-
2784,110886.159,0.0000,impact,ragdoll,Proventus Avenicci,0001A67D,NPC L Calf [LClf],5,22.887,22.887,8.166,1077.836,0.255,6.0000,19.675,298.608,3253.635,222.598,0.7174,0.5664,-0.4057,48.001,1076.519,23.096,-,Skin,shape,0000020E2E584D00,4,0,1,0,-
2785,110900.801,0.0000,impact,ragdoll,Proventus Avenicci,0001A67D,NPC R Calf [RClf],4,36.859,36.859,9.068,1067.049,1.274,6.0000,19.675,305.775,3277.537,243.812,0.8761,0.2735,-0.3972,23.323,1066.431,27.829,-,Skin,shape,0000020E2E585900,5,0,1,0,-
2786,110900.802,0.0000,impact,ragdoll,Proventus Avenicci,0001A67D,NPC L Calf [LClf],5,36.859,36.859,9.068,1073.221,0.299,6.0000,19.675,305.775,3277.537,243.812,0.8761,0.2735,-0.3972,46.082,1072.176,10.824,-,Skin,shape,0000020E2E584D00,4,0,1,0,-
2787,110966.852,0.0000,impact,ragdoll,Proventus Avenicci,0001A67D,NPC R Hand [RHnd],17,89.349,89.349,1080.076,1076.107,2.340,4.0000,8.334,297.831,3349.802,121.373,0.0000,-0.0487,0.9988,30.561,1075.034,-37.072,Static,StoneStairs,shape,0000020E28EDBA00,-,1,1,0,-
2788,110967.053,0.0000,impact,ragdoll,Proventus Avenicci,0001A67D,NPC R Forearm [RLar],15,1105.614,1095.359,190.792,1091.278,4.347,6.0000,11.658,293.051,3371.703,139.554,0.0000,-0.9869,0.1614,35.925,1090.448,22.813,Static,StoneStairs,shape,0000020E28EDBA00,-,0,0,0,-
2789,110967.061,0.0000,impact,ragdoll,Proventus Avenicci,0001A67D,NPC R Forearm [RLar],15,267.447,275.471,169.304,282.103,85.117,6.0000,11.658,293.966,3371.579,133.899,0.0000,-0.9993,0.0361,115.277,207.353,-152.638,Static,StoneStairs,shape,0000020E28EDBA00,-,1,0,0,-
2790,110967.069,0.0000,impact,ragdoll,Proventus Avenicci,0001A67D,NPC R UpperArm [RUar],12,1074.217,1096.844,218.361,1104.002,5.107,2.0000,14.463,288.252,3372.199,142.016,-0.0000,-0.9805,0.1966,37.272,1103.303,-12.433,Static,StoneStairs,shape,0000020E28EDBA00,-,0,0,0,-
2791,110967.342,0.0000,impact,ragdoll,Proventus Avenicci,0001A67D,NPC Head [Head],13,191.422,191.422,1050.470,1067.530,0.262,4.0000,15.108,256.871,3378.027,140.774,0.0000,-0.1515,0.9885,46.092,1066.104,-30.280,Static,StoneStairs,shape,0000020E28EDBA00,-,1,1,0,-
2792,110986.956,0.0000,impact,ragdoll,Proventus Avenicci,0001A67D,NPC R Forearm [RLar],15,194.043,194.043,197.285,284.847,48.648,6.0000,11.658,291.978,3371.706,139.551,0.0000,-0.9869,0.1614,-33.969,242.475,145.567,Static,StoneStairs,shape,0000020E28EDBA00,-,0,0,0,-
2793,110986.957,0.0000,impact,ragdoll,Proventus Avenicci,0001A67D,NPC R Forearm [RLar],15,198.706,198.706,192.588,284.847,48.648,6.0000,11.658,291.978,3371.706,139.551,-0.0000,-0.9911,0.1330,-33.969,242.475,145.567,Static,StoneStairs,shape,0000020E28EDBA00,-,0,1,0,-
2794,110987.418,0.0000,impact,ragdoll,Proventus Avenicci,0001A67D,NPC Head [Head],13,914.623,914.623,47.033,929.873,15.455,4.0000,15.108,256.763,3399.559,155.166,-0.0000,-1.0000,0.0000,-79.876,915.497,141.943,Static,StoneStairs,shape,0000020E28EDBA00,-,0,0,0,-
2795,110987.418,0.0000,impact,ragdoll,Proventus Avenicci,0001A67D,NPC Head [Head],13,940.987,940.987,61.591,929.873,15.455,4.0000,15.108,256.763,3399.569,157.059,0.0000,-0.9996,0.0272,-79.876,915.497,141.943,Static,StoneStairs,shape,0000020E28EDBA00,-,0,1,0,-
2796,110987.421,0.0000,impact,ragdoll,Proventus Avenicci,0001A67D,NPC R Hand [RHnd],17,240.412,240.412,1029.818,439.898,113.264,4.0000,8.334,304.767,3371.285,127.958,-0.0000,-0.9993,0.0361,275.993,251.244,232.839,Static,StoneStairs,shape,0000020E28EDBA00,-,0,0,0,-
2797,111002.485,0.0000,impact,ragdoll,Proventus Avenicci,0001A67D,NPC Spine2 [Spn2],9,357.239,296.765,295.051,651.683,28.689,7.0000,23.052,273.174,3401.315,158.029,0.0000,-0.3433,0.9392,67.816,640.262,-100.783,Static,StoneStairs,shape,0000020E28EDBA00,-,0,0,0,-
2798,111002.763,0.0000,impact,ragdoll,Proventus Avenicci,0001A67D,NPC Neck [Neck],11,170.165,170.165,70.835,257.745,53.112,6.0000,8.431,263.113,3399.597,157.301,-0.0000,-0.8905,0.4549,175.678,188.448,-7.543,Static,StoneStairs,shape,0000020E28EDBA00,-,1,0,0,-
2799,111002.763,0.0000,impact,ragdoll,Proventus Avenicci,0001A67D,NPC Neck [Neck],11,170.165,170.165,70.835,257.745,53.112,6.0000,8.431,263.113,3399.597,157.301,-0.0000,-0.8905,0.4549,175.678,188.448,-7.543,Static,StoneStairs,shape,0000020E28EDBA00,-,0,1,0,-
2800,111019.974,0.0000,impact,ragdoll,Proventus Avenicci,0001A67D,NPC Spine2 [Spn2],9,82.725,25.507,132.810,515.659,36.650,7.0000,23.052,273.399,3402.015,157.656,0.0000,-0.0774,0.9970,58.873,512.133,-12.576,Static,StoneStairs,shape,0000020E28EDBA00,-,0,0,0,-
2801,111019.991,0.0000,impact,ragdoll,Proventus Avenicci,0001A67D,NPC Spine2 [Spn2],9,498.232,445.906,125.558,473.885,41.294,7.0000,23.052,271.477,3416.403,158.629,0.0000,-0.0774,0.9970,64.430,456.576,109.334,Static,StoneStairs,shape,0000020E28EDBA00,-,0,1,0,-
2802,111020.396,0.0000,impact,ragdoll,Proventus Avenicci,0001A67D,NPC L UpperArm [LUar],10,224.527,224.527,51.616,575.446,41.802,2.0000,14.463,254.639,3410.825,158.340,0.0000,-0.0774,0.9970,33.361,515.676,-253.186,Static,StoneStairs,shape,0000020E28EDBA00,-,1,1,0,-
2803,111055.399,0.0000,impact,ragdoll,Proventus Avenicci,0001A67D,NPC L UpperArm [LUar],10,245.914,245.914,295.830,570.088,19.713,2.0000,14.463,249.181,3430.655,163.984,0.0000,-0.9670,0.2549,74.768,481.385,296.105,Static,StoneStairs,shape,0000020E28EDBA00,-,1,1,0,-
2804,111055.855,0.0000,impact,ragdoll,Proventus Avenicci,0001A67D,NPC Spine2 [Spn2],9,238.359,238.359,365.345,519.106,10.007,7.0000,23.052,273.956,3431.747,168.680,0.0000,-0.8224,0.5689,42.577,456.281,243.856,Static,StoneStairs,shape,0000020E28EDBA00,-,1,0,0,-
2805,111055.856,0.0000,impact,ragdoll,Proventus Avenicci,0001A67D,NPC Spine2 [Spn2],9,238.360,238.360,365.345,519.106,10.007,7.0000,23.052,273.956,3431.747,168.680,0.0000,-0.8224,0.5689,42.577,456.281,243.856,Static,StoneStairs,shape,0000020E28EDBA00,-,0,1,0,-
2806,111072.969,0.0000,impact,ragdoll,Proventus Avenicci,0001A67D,NPC L Hand [LHnd],16,707.282,595.616,448.903,827.484,55.036,4.0000,8.334,239.904,3460.527,181.582,0.0000,-0.5311,0.8473,264.576,712.360,-327.524,Static,StoneStairs,shape,0000020E28E3D900,-,0,0,0,-
2807,111072.987,0.0000,impact,ragdoll,Proventus Avenicci,0001A67D,NPC L Hand [LHnd],16,346.721,103.934,264.504,591.383,94.688,4.0000,8.334,238.799,3469.182,180.577,0.0000,0.0465,0.9989,144.779,55.525,570.692,Static,StoneStairs,shape,0000020E28E3D900,-,0,1,0,-
2808,111073.421,0.0000,impact,ragdoll,Proventus Avenicci,0001A67D,NPC L Thigh [LThg],1,87.646,87.646,311.268,1099.802,17.355,6.0000,20.487,311.686,3445.565,214.249,-0.8682,-0.4782,0.1326,2.700,1094.632,-106.477,-,Skin,shape,0000020E2E584D00,4,1,1,0,-
2809,111073.422,0.0000,impact,ragdoll,Proventus Avenicci,0001A67D,NPC R Calf [RClf],4,87.646,87.646,311.268,1077.747,10.644,6.0000,19.675,311.686,3445.565,214.249,-0.8682,-0.4782,0.1326,109.010,1069.330,-78.666,-,Skin,shape,0000020E2E585C00,1,1,1,0,-
2810,111073.424,0.0000,impact,ragdoll,Proventus Avenicci,0001A67D,NPC R Thigh [RThg],2,164.398,164.398,158.934,971.054,12.289,6.0000,20.487,305.237,3440.294,217.403,0.5862,0.5522,-0.5928,57.275,968.732,-34.986,-,Skin,shape,0000020E2E585900,5,1,1,0,-
2811,111073.424,0.0000,impact,ragdoll,Proventus Avenicci,0001A67D,NPC L Calf [LClf],5,164.398,164.398,158.934,1264.559,9.709,6.0000,19.675,305.237,3440.294,217.403,0.5862,0.5522,-0.5928,65.849,1262.306,36.822,-,Skin,shape,0000020E2E585000,2,1,1,0,-
2812,111074.015,0.0000,impact,ragdoll,Proventus Avenicci,0001A67D,NPC COM [COM ],0,569.495,569.495,384.095,791.579,33.248,50.0000,17.687,296.763,3459.856,181.159,-0.0000,-0.6221,0.7829,1.241,787.209,-83.050,Static,StoneStairs,shape,0000020E28E3D900,-,1,0,0,-
2813,111074.016,0.0000,impact,ragdoll,Proventus Avenicci,0001A67D,NPC COM [COM ],0,569.495,569.495,384.095,791.579,33.248,50.0000,17.687,296.763,3459.856,181.159,-0.0000,-0.6221,0.7829,1.241,787.209,-83.050,Static,StoneStairs,shape,0000020E28E3D900,-,0,1,0,-
2814,111074.019,0.0000,impact,ragdoll,Proventus Avenicci,0001A67D,NPC Spine [Spn0],3,699.212,699.212,152.546,747.985,27.538,4.0000,17.297,293.761,3459.742,180.996,0.0000,-0.8418,0.5398,107.674,740.187,3.315,Static,StoneStairs,shape,0000020E28E3D900,-,1,0,0,-
2815,111074.019,0.0000,impact,ragdoll,Proventus Avenicci,0001A67D,NPC Spine [Spn0],3,685.058,685.058,108.590,747.985,27.538,4.0000,17.297,293.979,3459.292,179.933,-0.0000,-0.9214,0.3886,107.674,740.187,3.315,Static,StoneStairs,shape,0000020E28E3D900,-,0,1,0,-
2816,111122.660,0.0000,impact,ragdoll,Proventus Avenicci,0001A67D,NPC R Calf [RClf],4,447.866,447.866,578.703,748.798,20.175,6.0000,19.675,329.265,3511.052,209.159,0.0000,-0.1281,0.9918,-66.190,701.312,-253.928,Static,StoneStairs,shape,0000020E28E3D900,-,1,0,0,-
2817,111122.661,0.0000,impact,ragdoll,Proventus Avenicci,0001A67D,NPC R Calf [RClf],4,617.581,617.581,311.547,748.798,20.175,6.0000,19.675,329.621,3510.856,206.812,0.0000,-0.9961,0.0887,-66.190,701.312,-253.928,Static,StoneStairs,shape,0000020E28E3D900,-,0,0,0,-
2818,111122.662,0.0000,impact,ragdoll,Proventus Avenicci,0001A67D,NPC R Calf [RClf],4,447.866,447.866,578.703,748.798,20.175,6.0000,19.675,329.265,3511.052,209.159,0.0000,-0.1281,0.9918,-66.190,701.312,-253.928,Static,StoneStairs,shape,0000020E28E3D900,-,0,1,0,-
2819,111122.664,0.0000,impact,ragdoll,Proventus Avenicci,0001A67D,NPC R Foot [Rft ],8,559.149,559.149,430.523,1381.909,85.200,3.0000,10.011,333.327,3517.187,209.072,-0.0000,0.0147,0.9999,-209.534,1162.828,-716.657,Static,StoneStairs,shape,0000020E28E3D900,-,1,1,0,-
2820,111123.133,0.0000,impact,ragdoll,Proventus Avenicci,0001A67D,NPC R Foot [Rft ],8,202.733,202.733,541.659,397.827,79.570,3.0000,10.011,333.328,3535.512,219.578,-0.0000,-0.9962,0.0869,-300.221,206.350,159.853,Static,StoneStairs,shape,0000020E28E3D900,-,0,1,0,-
2821,111139.157,0.0000,impact,ragdoll,Proventus Avenicci,0001A67D,NPC L Thigh [LThg],1,219.212,219.212,464.558,633.064,14.310,6.0000,20.487,298.216,3510.979,209.142,-0.0000,-0.3359,0.9419,42.471,620.273,119.277,Static,StoneStairs,shape,0000020E28E3D900,-,1,1,0,-
2822,111139.161,0.0000,impact,ragdoll,Proventus Avenicci,0001A67D,NPC R Calf [RClf],4,196.980,196.980,83.762,352.432,34.217,6.0000,19.675,331.839,3517.582,209.067,0.0000,0.0147,0.9999,222.741,186.377,199.646,Static,StoneStairs,shape,0000020E28E3D900,-,0,1,0,-
2823,111139.162,0.0000,impact,ragdoll,Proventus Avenicci,0001A67D,NPC L Calf [LClf],5,726.631,726.631,686.221,872.301,28.765,6.0000,19.675,300.518,3536.032,222.456,0.0000,-0.1491,0.9888,-223.766,755.545,-374.153,Static,StoneStairs,shape,0000020E28E3D900,-,1,0,0,-
2824,111139.163,0.0000,impact,ragdoll,Proventus Avenicci,0001A67D,NPC L Calf [LClf],5,646.741,646.741,651.000,872.301,28.765,6.0000,19.675,300.985,3535.671,218.313,0.0000,-0.9962,0.0868,-223.766,755.545,-374.153,Static,StoneStairs,shape,0000020E28E3D900,-,0,0,0,-
2825,111139.163,0.0000,impact,ragdoll,Proventus Avenicci,0001A67D,NPC L Calf [LClf],5,770.039,770.039,637.127,872.301,28.765,6.0000,19.675,300.518,3536.032,222.456,0.0000,-0.2253,0.9743,-223.766,755.545,-374.153,Static,StoneStairs,shape,0000020E28E3D900,-,0,1,0,-
2826,111139.164,0.0000,impact,ragdoll,Proventus Avenicci,0001A67D,NPC L Foot [Lft ],7,796.516,796.516,837.961,1253.822,19.178,3.0000,10.011,301.220,3543.271,222.811,0.0000,-0.0487,0.9988,-447.126,841.242,-815.144,Static,StoneStairs,shape,0000020E28E3D900,-,1,1,0,-
2827,111139.613,0.0000,impact,ragdoll,Proventus Avenicci,0001A67D,NPC L Calf [LClf],5,38.000,38.000,188.086,335.042,36.988,6.0000,19.675,298.594,3538.793,222.593,0.0000,-0.0487,0.9988,10.332,147.577,300.612,Static,StoneStairs,shape,0000020E28E3D900,-,0,1,0,-
2828,111156.476,0.0000,impact,ragdoll,Proventus Avenicci,0001A67D,NPC R Thigh [RThg],2,403.012,403.012,327.738,704.099,6.881,6.0000,20.487,305.397,3503.109,227.453,0.9197,-0.3748,-0.1169,-105.149,552.427,423.704,-,Skin,shape,0000020E2E585C00,1,0,1,0,-
2829,111156.477,0.0000,impact,ragdoll,Proventus Avenicci,0001A67D,NPC L Thigh [LThg],1,403.012,403.012,327.738,650.313,24.077,6.0000,20.487,305.397,3503.109,227.453,0.9197,-0.3748,-0.1169,154.623,305.462,552.895,-,Skin,shape,0000020E2E585000,2,0,1,0,-
2830,111169.842,0.0000,impact,ragdoll,Proventus Avenicci,0001A67D,NPC L Forearm [LLar],14,110.119,110.119,107.103,590.878,12.288,2.0000,11.658,262.193,3480.298,223.115,-0.6900,0.7152,0.1110,93.823,410.371,414.644,-,Skin,shape,0000020E2E584100,9,1,1,0,-
2831,111169.844,0.0000,impact,ragdoll,Proventus Avenicci,0001A67D,NPC Spine2 [Spn2],9,110.119,110.119,107.103,670.872,8.976,7.0000,23.052,262.193,3480.298,223.115,-0.6900,0.7152,0.1110,-25.936,514.337,429.947,-,Skin,shape,0000020E2E516B00,14,1,1,0,-
2832,111200.727,0.0000,impact,ragdoll,Proventus Avenicci,0001A67D,NPC L Foot [Lft ],7,82.825,82.825,618.467,154.469,62.504,3.0000,10.011,285.323,3543.412,222.818,0.0000,-0.0487,0.9988,-116.476,55.615,84.858,Static,StoneStairs,shape,0000020E28E3D900,-,1,1,0,-
2833,111232.069,0.0000,impact,ragdoll,Proventus Avenicci,0001A67D,NPC Spine2 [Spn2],9,178.147,178.147,125.193,745.071,5.554,7.0000,23.052,264.913,3522.731,267.190,0.3101,-0.5867,-0.7481,2.656,591.355,453.236,-,Skin,shape,0000020E2E516800,16,1,1,0,-
2834,111232.070,0.0000,impact,ragdoll,Proventus Avenicci,0001A67D,NPC L Hand [LHnd],16,178.147,178.147,125.193,594.558,18.841,4.0000,8.334,264.913,3522.731,267.190,0.3101,-0.5867,-0.7481,121.332,456.904,360.579,-,Skin,shape,0000020E2E584100,9,1,1,0,-
2835,111247.911,0.0000,impact,ragdoll,Proventus Avenicci,0001A67D,NPC L Foot [Lft ],7,85.372,85.372,818.900,768.548,15.451,3.0000,10.011,280.652,3563.782,237.330,-0.0000,-0.4528,0.8916,-220.202,692.074,251.418,Static,StoneStairs,shape,0000020E28E3D900,-,1,0,0,-
2836,111247.913,0.0000,impact,ragdoll,Proventus Avenicci,0001A67D,NPC L Foot [Lft ],7,85.372,85.372,818.900,768.548,15.451,3.0000,10.011,280.652,3563.782,237.330,-0.0000,-0.4528,0.8916,-220.202,692.074,251.418,Static,StoneStairs,shape,0000020E28E3D900,-,0,1,0,-
2837,111332.544,0.0000,impact,ragdoll,Proventus Avenicci,0001A67D,NPC L Forearm [LLar],14,91.138,91.138,22.401,661.163,5.121,2.0000,11.658,273.783,3576.820,295.558,-0.7890,0.6086,0.0835,45.857,557.592,352.313,-,Skin,shape,0000020E2E584400,6,1,1,0,-
2838,111332.545,0.0000,impact,ragdoll,Proventus Avenicci,0001A67D,NPC Spine1 [Spn1],6,91.138,91.138,22.401,721.026,4.929,4.0000,18.878,273.783,3576.820,295.558,-0.7890,0.6086,0.0835,-59.367,569.421,438.307,-,Skin,shape,0000020E2E516B00,14,1,1,0,-
2839,111332.546,0.0000,impact,ragdoll,Proventus Avenicci,0001A67D,NPC L Hand [LHnd],16,93.440,93.440,63.967,699.502,5.215,4.0000,8.334,276.181,3576.100,301.031,-0.5409,0.5342,0.6497,59.500,600.021,354.595,-,Skin,shape,0000020E2E584400,6,1,1,0,-
2840,111332.546,0.0000,impact,ragdoll,Proventus Avenicci,0001A67D,NPC Spine1 [Spn1],6,93.440,93.440,63.967,721.026,4.929,4.0000,18.878,276.181,3576.100,301.031,-0.5409,0.5342,0.6497,-59.367,569.421,438.307,-,Skin,shape,0000020E2E516800,16,1,1,0,-
2841,111386.586,0.0000,impact,ragdoll,Proventus Avenicci,0001A67D,NPC L Foot [Lft ],7,624.399,628.513,387.887,718.748,10.536,3.0000,10.011,269.281,3654.577,282.818,0.0000,-0.9759,0.2183,54.569,680.543,224.683,Static,StoneStairs,shape,0000020E28E3D900,-,0,0,0,-
2842,111655.538,0.0000,impact,ragdoll,Proventus Avenicci,0001A67D,NPC L Foot [Lft ],7,300.415,302.340,349.131,452.100,5.175,3.0000,10.011,272.217,3732.355,328.726,0.0000,-0.7549,0.6559,65.256,443.498,58.704,Static,StoneStairs,shape,0000020E28E3D900,-,0,0,0,-
2843,111688.779,0.0000,impact,ragdoll,Proventus Avenicci,0001A67D,NPC R Foot [Rft ],8,424.253,424.253,303.428,521.076,3.081,3.0000,10.011,338.025,3762.270,337.903,0.0000,-0.9229,0.3850,-79.230,501.865,115.651,Static,StoneStairs,shape,0000020E28E3D900,-,0,1,0,-
2844,111772.910,0.0000,impact,ragdoll,Proventus Avenicci,0001A67D,NPC L Thigh [LThg],1,204.276,204.276,363.705,462.209,4.906,6.0000,20.487,289.813,3814.979,369.775,-0.0000,-0.6580,0.7530,-24.612,450.894,98.621,Static,StoneStairs,shape,0000020E28E3D900,-,1,0,0,-
2845,111772.912,0.0000,impact,ragdoll,Proventus Avenicci,0001A67D,NPC L Thigh [LThg],1,376.514,376.514,127.594,462.209,4.906,6.0000,20.487,290.505,3814.562,365.091,0.0000,-0.9961,0.0887,-24.612,450.894,98.621,Static,StoneStairs,shape,0000020E28E3D900,-,0,0,0,-
2846,111772.912,0.0000,impact,ragdoll,Proventus Avenicci,0001A67D,NPC L Thigh [LThg],1,204.276,204.276,363.705,462.209,4.906,6.0000,20.487,289.813,3814.979,369.775,-0.0000,-0.6580,0.7530,-24.612,450.894,98.621,Static,StoneStairs,shape,0000020E28E3D900,-,0,1,0,-
2847,111789.050,0.0000,impact,ragdoll,Proventus Avenicci,0001A67D,NPC L Hand [LHnd],16,130.505,130.505,434.689,467.905,5.397,4.0000,8.334,260.101,3840.013,383.141,-0.0000,-0.3231,0.9464,-48.768,464.894,20.732,Static,StoneStairs,shape,0000020E28E3D900,-,1,0,0,-
2848,111789.051,0.0000,impact,ragdoll,Proventus Avenicci,0001A67D,NPC L Hand [LHnd],16,130.505,130.505,434.689,467.905,5.397,4.0000,8.334,260.101,3840.013,383.141,-0.0000,-0.3231,0.9464,-48.768,464.894,20.732,Static,StoneStairs,shape,0000020E28E3D900,-,0,1,0,-
2849,111789.512,0.0000,impact,ragdoll,Proventus Avenicci,0001A67D,NPC L Foot [Lft ],7,344.367,344.367,351.552,383.671,24.214,3.0000,10.011,287.361,3788.107,354.433,0.0000,-0.9923,0.1240,158.248,303.500,173.347,Static,StoneStairs,shape,0000020E28E3D900,-,1,1,0,-
2850,111805.928,0.0000,impact,ragdoll,Proventus Avenicci,0001A67D,NPC R Thigh [RThg],2,293.249,293.249,278.219,434.490,12.934,6.0000,20.487,305.513,3839.897,383.075,0.0000,-0.6535,0.7569,-78.620,427.272,-6.227,Static,StoneStairs,shape,0000020E28E3D900,-,1,0,0,-
2851,111805.929,0.0000,impact,ragdoll,Proventus Avenicci,0001A67D,NPC R Thigh [RThg],2,293.249,293.249,278.219,434.490,12.934,6.0000,20.487,305.513,3839.897,383.075,0.0000,-0.6535,0.7569,-78.620,427.272,-6.227,Static,StoneStairs,shape,0000020E28E3D900,-,0,1,0,-
2852,111805.933,0.0000,impact,ragdoll,Proventus Avenicci,0001A67D,NPC L Forearm [LLar],14,19.905,19.905,480.888,436.969,5.983,2.0000,11.658,256.834,3840.243,383.140,0.0000,-0.2252,0.9743,-2.219,429.258,81.695,Static,StoneStairs,shape,0000020E28E3D900,-,0,1,0,-
2853,111821.921,0.0000,impact,ragdoll,Proventus Avenicci,0001A67D,NPC L Thigh [LThg],1,392.785,392.785,72.493,410.713,4.392,6.0000,20.487,288.300,3839.569,378.219,0.0000,-0.9962,0.0869,6.010,407.825,48.242,Static,StoneStairs,shape,0000020E28E3D900,-,1,1,0,-
2854,111839.108,0.0000,impact,ragdoll,Proventus Avenicci,0001A67D,NPC R Thigh [RThg],2,189.294,189.294,240.328,266.431,19.027,6.0000,20.487,295.646,3826.760,388.433,0.9870,0.0774,0.1410,-98.224,207.354,135.433,-,Skin,shape,0000020E2E585C00,1,0,1,0,-
2855,111839.109,0.0000,impact,ragdoll,Proventus Avenicci,0001A67D,NPC L Thigh [LThg],1,189.294,189.294,240.328,169.827,9.727,6.0000,20.487,295.646,3826.760,388.433,0.9870,0.0774,0.1410,67.196,109.071,111.486,-,Skin,shape,0000020E2E585000,2,0,1,0,-
2856,111839.323,0.0000,impact,ragdoll,Proventus Avenicci,0001A67D,NPC L Hand [LHnd],16,424.109,422.851,148.834,445.156,10.260,4.0000,8.334,257.473,3867.461,394.891,-0.0000,-0.9993,0.0361,-47.169,426.785,117.446,Static,StoneStairs,shape,0000020E28E3D900,-,0,0,0,-
2857,111839.591,0.0000,impact,ragdoll,Proventus Avenicci,0001A67D,NPC COM [COM ],0,140.286,140.286,126.600,234.178,12.042,50.0000,17.687,291.520,3857.738,383.933,0.0000,-0.0487,0.9988,-40.671,229.093,-26.489,Static,StoneStairs,shape,0000020E28E3D900,-,0,1,0,-
2858,111839.594,0.0000,impact,ragdoll,Proventus Avenicci,0001A67D,NPC Spine [Spn0],3,23.638,23.638,157.447,299.268,12.826,4.0000,17.297,284.754,3851.307,383.705,-0.0000,-0.0487,0.9988,-41.223,293.291,-42.926,Static,StoneStairs,shape,0000020E28E3D900,-,1,1,0,-
2859,111855.603,0.0000,impact,ragdoll,Proventus Avenicci,0001A67D,NPC Spine [Spn0],3,226.363,226.363,166.339,214.334,11.800,4.0000,17.297,289.515,3867.683,401.053,0.0000,-0.9993,0.0361,-46.569,209.105,-6.723,Static,StoneStairs,shape,0000020E28E3D900,-,0,1,0,-
2860,111855.606,0.0000,impact,ragdoll,Proventus Avenicci,0001A67D,NPC Spine1 [Spn1],6,281.598,281.598,55.403,337.128,13.091,4.0000,18.878,277.745,3867.759,401.758,-0.0000,-0.8398,0.5429,-35.346,333.011,-38.848,Static,StoneStairs,shape,0000020E28E3D900,-,1,0,0,-
2861,111855.606,0.0000,impact,ragdoll,Proventus Avenicci,0001A67D,NPC Spine1 [Spn1],6,281.598,281.598,55.403,337.128,13.091,4.0000,18.878,277.745,3867.759,401.758,-0.0000,-0.8398,0.5429,-35.346,333.011,-38.848,Static,StoneStairs,shape,0000020E28E3D900,-,0,1,0,-
2862,111873.140,0.0000,impact,ragdoll,Proventus Avenicci,0001A67D,NPC Spine [Spn0],3,167.333,167.333,9.309,185.041,4.942,4.0000,17.297,289.065,3867.703,401.585,0.0000,-0.9988,0.0488,-51.787,176.546,19.744,Static,StoneStairs,shape,0000020E28E3D900,-,1,1,0,-
2863,111873.640,0.0000,impact,ragdoll,Proventus Avenicci,0001A67D,NPC L Forearm [LLar],14,51.339,51.339,29.883,203.598,15.462,2.0000,11.658,255.121,3867.609,398.978,0.0000,-0.9993,0.0361,-3.763,110.453,170.992,Static,StoneStairs,shape,0000020E28E3D900,-,1,1,0,-
2864,111888.525,0.0000,impact,ragdoll,Proventus Avenicci,0001A67D,NPC R UpperArm [RUar],12,285.873,285.873,287.286,427.662,7.472,2.0000,14.463,279.944,3900.007,419.875,-0.0000,-0.0774,0.9970,183.550,312.375,-227.213,Static,StoneStairs,shape,0000020E28E3D900,-,1,1,0,-
2865,111888.935,0.0000,impact,ragdoll,Proventus Avenicci,0001A67D,NPC R Forearm [RLar],15,25.718,25.718,511.350,455.616,33.934,6.0000,11.658,283.634,3907.705,420.473,0.0000,-0.0774,0.9970,220.422,376.616,-130.998,Static,StoneStairs,shape,0000020E28E3D900,-,1,1,0,-
2866,111906.674,0.0000,impact,ragdoll,Proventus Avenicci,0001A67D,NPC COM [COM ],0,19.352,19.352,146.642,144.703,6.575,50.0000,17.687,292.561,3867.666,400.556,0.0000,-0.9993,0.0361,-64.768,27.872,126.361,Static,StoneStairs,shape,0000020E28E3D900,-,1,1,0,-
2867,111906.687,0.0000,impact,ragdoll,Proventus Avenicci,0001A67D,NPC R Forearm [RLar],15,257.977,257.977,634.535,384.646,33.801,6.0000,11.658,273.071,3913.030,420.886,-0.0000,-0.0774,0.9970,170.158,316.583,-137.018,Static,StoneStairs,shape,0000020E28E3D900,-,0,1,0,-
2868,111906.689,0.0000,impact,ragdoll,Proventus Avenicci,0001A67D,NPC R Hand [RHnd],17,459.540,459.540,805.225,840.859,40.943,4.0000,8.334,266.540,3914.054,420.965,0.0000,-0.0774,0.9970,277.482,680.504,-408.609,Static,StoneStairs,shape,0000020E28E3D900,-,1,1,0,-
2869,111907.231,0.0000,impact,ragdoll,Proventus Avenicci,0001A67D,NPC R Forearm [RLar],15,39.094,39.094,267.407,360.443,29.122,6.0000,11.658,279.240,3913.738,420.940,0.0000,-0.0774,0.9970,201.121,297.279,-33.084,Static,StoneStairs,shape,0000020E28E3D900,-,0,1,0,-
2870,111907.233,0.0000,impact,ragdoll,Proventus Avenicci,0001A67D,NPC R Hand [RHnd],17,535.226,535.226,466.138,643.506,41.247,4.0000,8.334,268.853,3926.236,425.093,-0.0000,-0.9670,0.2549,295.429,568.843,56.911,Static,StoneStairs,shape,0000020E28E3D900,-,0,1,0,-
2871,111922.698,0.0000,impact,ragdoll,Proventus Avenicci,0001A67D,NPC R Forearm [RLar],15,69.042,69.042,111.510,273.843,31.680,6.0000,11.658,284.327,3914.356,420.988,0.0000,-0.0774,0.9970,269.980,32.966,-31.847,Static,StoneStairs,shape,0000020E28E3D900,-,0,1,0,-
2872,111956.992,0.0000,impact,ragdoll,Proventus Avenicci,0001A67D,NPC L Forearm [LLar],14,70.205,70.205,267.855,171.028,18.010,2.0000,11.658,261.899,3870.009,420.917,-0.7034,-0.5827,-0.4071,9.695,165.922,40.333,-,Skin,shape,0000020E2E584100,9,1,1,0,-
2873,111956.992,0.0000,impact,ragdoll,Proventus Avenicci,0001A67D,NPC Spine2 [Spn2],9,70.205,70.205,267.855,150.667,6.291,7.0000,23.052,261.899,3870.009,420.917,-0.7034,-0.5827,-0.4071,2.154,113.976,98.515,-,Skin,shape,0000020E2E516B00,14,1,1,0,-
2874,111957.388,0.0000,impact,ragdoll,Proventus Avenicci,0001A67D,NPC Head [Head],13,150.952,150.952,293.770,165.590,7.387,4.0000,15.108,276.473,3909.046,428.422,-0.4943,-0.8302,0.2578,82.894,141.711,21.602,-,Skin,shape,0000020E2E517100,17,1,1,0,-
2875,111957.388,0.0000,impact,ragdoll,Proventus Avenicci,0001A67D,NPC R Hand [RHnd],17,150.952,150.952,293.770,312.397,16.150,4.0000,8.334,276.473,3909.046,428.422,-0.4943,-0.8302,0.2578,206.676,-169.007,-162.214,-,Skin,shape,0000020E2E517A00,13,1,1,0,-
2876,111957.389,0.0000,impact,ragdoll,Proventus Avenicci,0001A67D,NPC R Forearm [RLar],15,109.094,109.094,316.644,246.314,13.931,6.0000,11.658,285.234,3914.428,420.986,0.0000,-0.0774,0.9970,222.571,-95.050,-45.804,Static,StoneStairs,shape,0000020E28E3D900,-,0,1,0,-
2877,111957.390,0.0000,impact,ragdoll,Proventus Avenicci,0001A67D,NPC R Hand [RHnd],17,149.850,149.850,352.939,312.397,16.150,4.0000,8.334,278.845,3913.651,420.934,0.0000,-0.0774,0.9970,206.676,-169.007,-162.214,Static,StoneStairs,shape,0000020E28E3D900,-,1,0,0,-
2878,111957.391,0.0000,impact,ragdoll,Proventus Avenicci,0001A67D,NPC R Hand [RHnd],17,148.993,148.993,353.328,312.397,16.150,4.0000,8.334,278.855,3913.582,420.929,0.0000,-0.0774,0.9970,206.676,-169.007,-162.214,Static,StoneStairs,shape,0000020E28E3D900,-,0,1,0,-
2879,111990.167,0.0000,impact,ragdoll,Proventus Avenicci,0001A67D,NPC R Forearm [RLar],15,9.673,9.673,212.250,201.659,8.868,6.0000,11.658,290.800,3911.699,420.783,0.0000,-0.0774,0.9970,178.599,-93.623,-1.851,Static,StoneStairs,shape,0000020E28E3D900,-,0,1,0,-
2880,112024.649,0.0000,impact,ragdoll,Proventus Avenicci,0001A67D,NPC R Thigh [RThg],2,7.829,7.829,66.254,131.064,4.789,6.0000,20.487,294.094,3838.398,423.185,0.4500,0.8892,0.0825,-16.412,61.161,114.751,-,Skin,shape,0000020E2E585C00,1,0,1,0,-
2881,112024.650,0.0000,impact,ragdoll,Proventus Avenicci,0001A67D,NPC L Thigh [LThg],1,7.829,7.829,66.254,151.284,5.202,6.0000,20.487,294.094,3838.398,423.185,0.4500,0.8892,0.0825,-12.264,20.711,149.357,-,Skin,shape,0000020E2E585000,2,0,1,0,-
2882,112025.051,0.0000,impact,ragdoll,Proventus Avenicci,0001A67D,NPC L Forearm [LLar],14,33.209,33.209,34.093,132.737,7.634,2.0000,11.658,261.448,3878.588,424.773,-0.8313,-0.4971,-0.2488,-7.153,120.419,55.383,-,Skin,shape,0000020E2E584100,9,1,1,0,-
2883,112025.051,0.0000,impact,ragdoll,Proventus Avenicci,0001A67D,NPC Spine2 [Spn2],9,33.209,33.209,34.093,75.722,6.019,7.0000,23.052,261.448,3878.588,424.773,-0.8313,-0.4971,-0.2488,22.762,71.356,-11.140,-,Skin,shape,0000020E2E516B00,14,1,1,0,-
2884,112058.696,0.0000,impact,ragdoll,Proventus Avenicci,0001A67D,NPC Spine2 [Spn2],9,36.458,36.458,86.283,50.777,5.308,7.0000,23.052,272.648,3895.647,419.438,0.0000,-0.7468,0.6651,36.500,35.289,-0.867,Static,StoneStairs,shape,0000020E28E3D900,-,1,0,0,-
2885,112058.698,0.0000,impact,ragdoll,Proventus Avenicci,0001A67D,NPC Spine2 [Spn2],9,36.458,36.458,86.283,50.777,5.308,7.0000,23.052,272.648,3895.647,419.438,0.0000,-0.7468,0.6651,36.500,35.289,-0.867,Static,StoneStairs,shape,0000020E28E3D900,-,0,1,0,-
2886,112106.297,0.0000,impact,ragdoll,Proventus Avenicci,0001A67D,NPC L UpperArm [LUar],10,11.905,11.905,53.138,77.986,3.152,2.0000,14.463,258.498,3895.735,419.509,0.0000,-0.4960,0.8683,-1.189,72.806,27.923,Static,StoneStairs,shape,0000020E28E3D900,-,1,0,0,-
2887,112106.298,0.0000,impact,ragdoll,Proventus Avenicci,0001A67D,NPC L UpperArm [LUar],10,11.905,11.905,53.138,77.986,3.152,2.0000,14.463,258.498,3895.735,419.509,0.0000,-0.4960,0.8683,-1.189,72.806,27.923,Static,StoneStairs,shape,0000020E28E3D900,-,0,1,0,-
2888,112106.303,0.0000,impact,ragdoll,Proventus Avenicci,0001A67D,NPC Head [Head],13,80.323,80.323,116.754,84.262,8.002,4.0000,15.108,281.037,3913.761,420.888,0.0000,-0.0774,0.9970,69.739,-1.704,-47.261,Static,StoneStairs,shape,0000020E28E3D900,-,0,1,0,-
2889,112137.321,0.0000,impact,ragdoll,Proventus Avenicci,0001A67D,NPC Head [Head],13,31.560,31.560,20.288,38.804,3.392,4.0000,15.108,282.293,3913.940,420.909,0.0000,-0.0774,0.9970,16.593,33.775,-9.466,Static,StoneStairs,shape,0000020E28E3D900,-,0,1,0,-
2890,112152.167,0.0000,impact,ragdoll,Proventus Avenicci,0001A67D,NPC Head [Head],13,6.190,6.190,28.016,42.960,2.694,4.0000,15.108,282.526,3913.984,420.920,0.0000,-0.0774,0.9970,7.593,41.422,8.492,Static,StoneStairs,shape,0000020E28E3D900,-,0,1,0,-
2891,112199.221,0.0000,impact,ragdoll,Proventus Avenicci,0001A67D,NPC R UpperArm [RUar],12,14.160,14.160,70.252,64.710,8.932,2.0000,14.463,297.606,3895.891,419.555,0.0000,-0.1045,0.9945,-56.372,12.713,-29.118,Static,StoneStairs,shape,0000020E28E3D900,-,0,1,0,-
2892,112215.274,0.0000,impact,ragdoll,Proventus Avenicci,0001A67D,NPC R UpperArm [RUar],12,29.295,29.295,48.299,69.439,7.271,2.0000,14.463,297.546,3895.874,419.554,-0.0000,-0.1009,0.9949,-57.039,15.684,-36.364,Static,StoneStairs,shape,0000020E28E3D900,-,0,1,0,-
2893,112215.279,0.0000,impact,ragdoll,Proventus Avenicci,0001A67D,NPC L Hand [LHnd],16,35.836,35.836,96.169,57.994,5.937,4.0000,8.334,249.953,3873.061,402.690,0.0000,-0.1515,0.9885,-14.492,48.156,-28.885,Static,StoneStairs,shape,0000020E28E3D900,-,1,1,0,-
2894,112215.724,0.0000,impact,ragdoll,Proventus Avenicci,0001A67D,NPC R Forearm [RLar],15,119.434,119.434,114.471,99.219,6.756,6.0000,11.658,290.604,3879.025,429.831,0.9804,0.1346,-0.1441,-88.800,-17.215,-40.776,-,Skin,shape,0000020E2E584400,6,1,1,0,-
2895,112215.724,0.0000,impact,ragdoll,Proventus Avenicci,0001A67D,NPC Spine1 [Spn1],6,119.434,119.434,114.471,25.223,0.934,4.0000,18.878,290.604,3879.025,429.831,0.9804,0.1346,-0.1441,7.771,21.460,10.738,-,Skin,shape,0000020E2E517400,15,1,1,0,-
2896,112265.609,0.0000,impact,ragdoll,Proventus Avenicci,0001A67D,NPC R Calf [RClf],4,92.720,92.720,106.096,106.575,2.958,6.0000,19.675,289.401,3850.711,466.193,0.3667,0.8757,-0.3142,-62.609,-32.592,79.850,-,Skin,shape,0000020E2E585900,5,1,1,0,-
2897,112265.610,0.0000,impact,ragdoll,Proventus Avenicci,0001A67D,NPC L Calf [LClf],5,92.720,92.720,106.096,98.524,5.042,6.0000,19.675,289.401,3850.711,466.193,0.3667,0.8757,-0.3142,-88.768,23.742,-35.544,-,Skin,shape,0000020E2E584D00,4,1,1,0,-
2898,112300.689,0.0000,impact,ragdoll,Proventus Avenicci,0001A67D,NPC Spine2 [Spn2],9,11.136,11.136,27.774,13.352,1.397,7.0000,23.052,295.391,3883.668,428.934,-0.8578,0.4332,0.2767,-13.324,-0.863,0.090,-,Skin,shape,0000020E2E517400,15,1,1,0,-
2899,112300.690,0.0000,impact,ragdoll,Proventus Avenicci,0001A67D,NPC R Forearm [RLar],15,11.136,11.136,27.774,35.445,1.042,6.0000,11.658,295.391,3883.668,428.934,-0.8578,0.4332,0.2767,-16.031,31.356,-4.013,-,Skin,shape,0000020E2E584100,9,1,1,0,-
2900,112317.465,0.0000,impact,ragdoll,Proventus Avenicci,0001A67D,NPC L Calf [LClf],5,79.807,79.807,139.310,104.045,4.142,6.0000,19.675,282.591,3861.582,472.372,-0.0527,-0.9960,-0.0719,-86.673,0.795,-57.555,-,Skin,shape,0000020E2E584A00,8,1,1,0,-
2901,112317.465,0.0000,impact,ragdoll,Proventus Avenicci,0001A67D,NPC R Foot [Rft ],8,79.807,79.807,139.310,83.078,3.712,3.0000,10.011,282.591,3861.582,472.372,-0.0527,-0.9960,-0.0719,-40.424,-69.225,21.812,-,Skin,shape,0000020E2E585900,5,1,1,0,-
2902,112317.467,0.0000,impact,ragdoll,Proventus Avenicci,0001A67D,NPC L Foot [Lft ],7,89.086,89.086,78.096,173.142,4.514,3.0000,10.011,284.980,3859.168,470.911,-0.2427,-0.8459,0.4749,-151.836,37.696,-74.184,-,Skin,shape,0000020E2E584D00,4,1,1,0,-
2903,112317.467,0.0000,impact,ragdoll,Proventus Avenicci,0001A67D,NPC R Calf [RClf],4,89.086,89.086,78.096,57.373,2.577,6.0000,19.675,284.980,3859.168,470.911,-0.2427,-0.8459,0.4749,-42.361,-37.704,8.693,-,Skin,shape,0000020E2E585300,7,1,1,0,-
2904,112470.841,0.0000,impact,ragdoll,Proventus Avenicci,0001A67D,NPC R Forearm [RLar],15,7.988,7.988,1.323,15.197,2.042,6.0000,11.658,304.759,3895.890,415.722,0.0000,-1.0000,0.0000,-2.869,-7.574,-12.859,Static,StoneStairs,shape,0000020E28E3D900,-,0,1,0,-
2905,112519.150,0.0000,impact,ragdoll,Proventus Avenicci,0001A67D,NPC Spine [Spn0],3,87.508,87.508,26.655,87.087,2.796,4.0000,17.297,279.447,3869.135,402.088,-0.0000,-0.1515,0.9885,4.078,-5.845,-86.795,Static,StoneStairs,shape,0000020E28E3D900,-,1,1,0,-
2906,112519.154,0.0000,impact,ragdoll,Proventus Avenicci,0001A67D,NPC R UpperArm [RUar],12,10.721,10.721,13.856,32.341,3.137,2.0000,14.463,296.897,3895.716,415.195,0.0000,-1.0000,0.0000,2.136,-23.976,-21.600,Static,StoneStairs,shape,0000020E28E3D900,-,0,1,0,-
2907,112564.530,0.0000,state,unknown,Proventus Avenicci,0001A67D,-,-,0.000,0.000,0.000,0.000,0.000,0.0000,0.000,0.000,0.000,0.000,0.0000,0.0000,0.0000,0.000,0.000,0.000,-,-,-,0000000000000000,-,0,0,0,knock_get_up
2908,114207.199,0.0000,state,unknown,Proventus Avenicci,0001A67D,-,-,0.000,0.000,0.000,0.000,0.000,0.0000,0.000,0.000,0.000,0.000,0.0000,0.0000,0.0000,0.000,0.000,0.000,-,-,-,0000000000000000,-,0,0,0,ragdoll_start
2909,114294.245,0.0000,impact,ragdoll,Proventus Avenicci,0001A67D,NPC R Forearm [RLar],15,23.907,23.907,255.680,136.171,20.986,6.0000,11.658,296.801,3865.430,427.729,0.1229,0.6931,-0.7103,17.326,-0.817,135.062,-,Skin,shape,0000020E2E584700,3,1,1,0,-
2910,114294.245,0.0000,impact,ragdoll,Proventus Avenicci,0001A67D,NPC Spine [Spn0],3,23.907,23.907,255.680,84.760,6.568,4.0000,17.297,296.801,3865.430,427.729,0.1229,0.6931,-0.7103,-36.551,-73.965,-19.432,-,Skin,shape,0000020E2E517400,15,1,1,0,-
2911,114311.464,0.0000,impact,ragdoll,Proventus Avenicci,0001A67D,NPC R Forearm [RLar],15,5.645,5.645,186.483,148.340,25.708,6.0000,11.658,297.049,3868.899,431.889,0.2082,0.4206,-0.8830,5.846,24.005,146.268,-,Skin,shape,0000020E2E584400,6,1,1,0,-
2912,114311.465,0.0000,impact,ragdoll,Proventus Avenicci,0001A67D,NPC Spine1 [Spn1],6,5.645,5.645,186.483,95.301,5.061,4.0000,18.878,297.049,3868.899,431.889,0.2082,0.4206,-0.8830,-48.256,-81.701,8.859,-,Skin,shape,0000020E2E517400,15,1,1,0,-
2913,114344.133,0.0000,impact,ragdoll,Proventus Avenicci,0001A67D,NPC R Foot [Rft ],8,262.945,262.945,168.026,289.611,9.983,3.0000,10.011,313.754,3840.738,383.190,-0.0000,-0.0487,0.9988,61.955,108.434,-261.301,Static,StoneStairs,shape,0000020E28E3D900,-,1,1,0,-
2914,114367.065,0.0000,impact,ragdoll,Proventus Avenicci,0001A67D,NPC L Forearm [LLar],14,163.402,163.402,138.925,327.464,24.162,2.0000,11.658,275.376,3868.792,449.930,-0.9063,0.3321,-0.2614,177.637,-234.274,144.198,-,Skin,shape,0000020E2E584100,9,1,1,0,-
2915,114367.066,0.0000,impact,ragdoll,Proventus Avenicci,0001A67D,NPC Spine2 [Spn2],9,163.402,163.402,138.925,222.557,9.921,7.0000,23.052,275.376,3868.792,449.930,-0.9063,0.3321,-0.2614,-58.138,-205.295,63.287,-,Skin,shape,0000020E2E516B00,14,1,1,0,-
2916,114379.859,0.0000,impact,ragdoll,Proventus Avenicci,0001A67D,NPC L Foot [Lft ],7,310.857,310.857,262.008,349.700,11.969,3.0000,10.011,296.394,3818.239,369.817,-0.0000,0.0147,0.9999,160.708,89.990,-297.262,Static,StoneStairs,shape,0000020E28E3D900,-,1,1,0,-
2917,114394.025,0.0000,impact,ragdoll,Proventus Avenicci,0001A67D,NPC L Hand [LHnd],16,192.463,192.463,302.964,366.227,28.953,4.0000,8.334,282.037,3878.469,445.567,-0.9580,0.1920,-0.2131,83.704,-226.868,275.039,-,Skin,shape,0000020E2E517700,12,1,1,0,-
2918,114394.026,0.0000,impact,ragdoll,Proventus Avenicci,0001A67D,NPC R UpperArm [RUar],12,192.463,192.463,302.964,272.748,17.827,2.0000,14.463,282.037,3878.469,445.567,-0.9580,0.1920,-0.2131,-115.748,-92.039,229.179,-,Skin,shape,0000020E2E516800,16,1,1,0,-
2919,114427.717,0.0000,impact,ragdoll,Proventus Avenicci,0001A67D,NPC R Calf [RClf],4,23.625,23.625,163.481,69.890,14.268,6.0000,19.675,291.794,3859.531,384.106,-0.0000,-0.0487,0.9988,29.701,56.824,-27.812,Static,StoneStairs,shape,0000020E28E3D900,-,0,1,0,-
2920,114445.706,0.0000,impact,ragdoll,Proventus Avenicci,0001A67D,NPC R Foot [Rft ],8,155.825,155.825,146.076,120.736,9.121,3.0000,10.011,318.237,3840.402,383.025,0.0000,-0.2252,0.9743,35.416,100.884,-56.083,Static,StoneStairs,shape,0000020E28E3D900,-,0,1,0,-
2921,114480.271,0.0000,impact,ragdoll,Proventus Avenicci,0001A67D,NPC R Calf [RClf],4,18.278,18.278,125.145,43.880,7.121,6.0000,19.675,292.728,3867.489,395.667,0.0000,-0.9993,0.0361,15.395,33.316,24.052,Static,StoneStairs,shape,0000020E28E3D900,-,1,0,0,-
2922,114480.272,0.0000,impact,ragdoll,Proventus Avenicci,0001A67D,NPC R Calf [RClf],4,15.757,15.757,125.180,43.880,7.121,6.0000,19.675,292.700,3867.502,396.023,0.0000,-0.9993,0.0361,15.395,33.316,24.052,Static,StoneStairs,shape,0000020E28E3D900,-,0,1,0,-
2923,114480.273,0.0000,impact,ragdoll,Proventus Avenicci,0001A67D,NPC L Calf [LClf],5,46.143,46.143,169.109,116.109,8.697,6.0000,19.675,310.886,3839.697,381.917,-0.0000,-0.9962,0.0869,102.790,50.179,-19.936,Static,StoneStairs,shape,0000020E28E3D900,-,1,1,0,-
2924,114495.500,0.0000,impact,ragdoll,Proventus Avenicci,0001A67D,NPC L Foot [Lft ],7,61.915,61.915,141.157,174.771,13.140,3.0000,10.011,314.926,3839.522,379.917,-0.0000,-0.9962,0.0869,153.421,78.999,27.674,Static,StoneStairs,shape,0000020E28E3D900,-,0,1,0,-
2925,114510.847,0.0000,impact,ragdoll,Proventus Avenicci,0001A67D,NPC L Calf [LClf],5,20.453,20.453,82.924,81.144,2.810,6.0000,19.675,313.536,3839.777,382.841,-0.0000,-0.9961,0.0878,67.858,39.226,-20.999,Static,StoneStairs,shape,0000020E28E3D900,-,1,1,0,-
2926,114529.996,0.0000,impact,ragdoll,Proventus Avenicci,0001A67D,NPC R Calf [RClf],4,28.182,28.182,172.033,32.238,9.898,6.0000,19.675,315.526,3850.779,383.680,0.0000,-0.0487,0.9988,18.112,18.067,19.618,Static,StoneStairs,shape,0000020E28E3D900,-,0,1,0,-
2927,114530.397,0.0000,impact,ragdoll,Proventus Avenicci,0001A67D,NPC L Foot [Lft ],7,16.355,16.355,143.588,141.344,15.525,3.0000,10.011,318.446,3839.512,379.789,0.0000,-0.9962,0.0869,134.776,39.385,16.190,Static,StoneStairs,shape,0000020E28E3D900,-,0,1,0,-
2928,114546.741,0.0000,impact,ragdoll,Proventus Avenicci,0001A67D,NPC L Foot [Lft ],7,83.109,83.109,198.685,131.471,17.168,3.0000,10.011,322.985,3839.070,374.727,0.0000,-0.9962,0.0869,121.138,49.987,10.553,Static,StoneStairs,shape,0000020E28E3D900,-,0,1,0,-
2929,114563.436,0.0000,impact,ragdoll,Proventus Avenicci,0001A67D,NPC L Calf [LClf],5,24.384,24.384,55.241,48.331,6.832,6.0000,19.675,305.362,3839.462,379.061,0.0000,-0.9962,0.0869,45.877,14.252,-5.294,Static,StoneStairs,shape,0000020E28E3D900,-,0,0,0,-
2930,114563.437,0.0000,impact,ragdoll,Proventus Avenicci,0001A67D,NPC L Calf [LClf],5,32.297,32.297,111.364,48.331,6.832,6.0000,19.675,290.884,3839.688,381.822,0.0000,-0.9962,0.0869,45.877,14.252,-5.294,Static,StoneStairs,shape,0000020E28E3D900,-,0,1,0,-
2931,114563.439,0.0000,impact,ragdoll,Proventus Avenicci,0001A67D,NPC R Foot [Rft ],8,127.233,127.233,65.768,123.391,6.397,3.0000,10.011,320.617,3867.228,388.445,0.0000,-0.9993,0.0361,-20.576,121.275,-9.718,Static,StoneStairs,shape,0000020E28E3D900,-,0,0,0,-
2932,114610.433,0.0000,impact,ragdoll,Proventus Avenicci,0001A67D,NPC Head [Head],13,217.094,217.094,205.776,431.564,15.818,4.0000,15.108,262.225,3781.719,451.819,0.9771,-0.1365,-0.1633,-107.301,-344.883,-236.198,-,Skin,shape,0000020E2E516800,16,1,1,0,-
2933,114610.434,0.0000,impact,ragdoll,Proventus Avenicci,0001A67D,NPC L Hand [LHnd],16,217.094,217.094,205.776,568.543,17.690,4.0000,8.334,262.225,3781.719,451.819,0.9771,-0.1365,-0.1633,84.293,-422.468,-371.021,-,Skin,shape,0000020E2E517A00,13,1,1,0,-
2934,114647.088,0.0000,impact,ragdoll,Proventus Avenicci,0001A67D,NPC R Thigh [RThg],2,101.603,101.603,51.064,196.749,3.600,6.0000,20.487,287.818,3830.031,399.859,0.0894,0.7758,0.6246,-51.530,-189.804,5.408,-,Skin,shape,0000020E2E585C00,1,0,1,0,-
2935,114647.089,0.0000,impact,ragdoll,Proventus Avenicci,0001A67D,NPC L Thigh [LThg],1,101.603,101.603,51.064,135.455,6.106,6.0000,20.487,287.818,3830.031,399.859,0.0894,0.7758,0.6246,-45.118,-122.115,37.423,-,Skin,shape,0000020E2E585000,2,0,1,0,-
2936,114852.849,0.0000,impact,ragdoll,Proventus Avenicci,0001A67D,NPC L Hand [LHnd],16,219.730,219.730,231.693,345.138,3.605,4.0000,8.334,243.728,3762.435,338.299,0.0000,-0.9229,0.3850,51.580,102.226,-325.591,Static,StoneStairs,shape,0000020E28E3D900,-,1,1,0,-
2937,114853.309,0.0000,impact,ragdoll,Proventus Avenicci,0001A67D,NPC L Foot [Lft ],7,70.484,70.484,180.186,180.425,7.672,3.0000,10.011,299.177,3815.331,369.840,0.0000,-0.0159,0.9999,-141.956,-99.265,-50.481,Static,StoneStairs,shape,0000020E28E3D900,-,0,1,0,-
2938,114877.290,0.0000,impact,ragdoll,Proventus Avenicci,0001A67D,NPC L Hand [LHnd],16,225.540,225.540,75.612,236.992,7.906,4.0000,8.334,243.575,3750.481,329.967,-0.0000,-0.0625,0.9980,-27.692,-53.204,-229.276,Static,StoneStairs,shape,0000020E28E3D900,-,0,1,0,-
2939,114909.380,0.0000,impact,ragdoll,Proventus Avenicci,0001A67D,NPC L Forearm [LLar],14,117.501,117.501,163.409,147.428,13.428,2.0000,11.658,261.251,3760.798,334.374,0.0000,-0.9229,0.3850,5.863,10.358,-146.947,Static,StoneStairs,shape,0000020E28E3D900,-,0,1,0,-
2940,114943.691,0.0000,impact,ragdoll,Proventus Avenicci,0001A67D,NPC L UpperArm [LUar],10,138.074,138.074,79.601,197.671,12.762,2.0000,14.463,263.594,3747.983,329.810,0.0000,-0.0625,0.9980,4.777,-37.454,-194.031,Static,StoneStairs,shape,0000020E28E3D900,-,1,1,0,-
2941,114943.693,0.0000,impact,ragdoll,Proventus Avenicci,0001A67D,NPC L Forearm [LLar],14,88.557,88.557,53.153,47.239,8.767,2.0000,11.658,261.330,3751.638,330.039,-0.0000,-0.0625,0.9980,-3.153,16.239,-44.248,Static,StoneStairs,shape,0000020E28E3D900,-,0,1,0,-
2942,114944.106,0.0000,impact,ragdoll,Proventus Avenicci,0001A67D,NPC L Forearm [LLar],14,79.423,79.423,184.350,52.474,16.810,2.0000,11.658,261.194,3759.139,330.397,0.0000,-0.9229,0.3850,-13.332,49.750,10.036,Static,StoneStairs,shape,0000020E28E3D900,-,0,1,0,-
2943,114986.036,0.0000,impact,ragdoll,Proventus Avenicci,0001A67D,NPC L UpperArm [LUar],10,200.180,200.180,19.308,160.917,18.739,2.0000,14.463,267.934,3735.765,329.045,0.0000,-0.0625,0.9980,24.385,-117.860,-106.811,Static,StoneStairs,shape,0000020E28E3D900,-,0,1,0,-
2944,114992.342,0.0000,impact,ragdoll,Proventus Avenicci,0001A67D,NPC Head [Head],13,296.987,296.987,58.168,304.586,4.629,4.0000,15.108,268.660,3718.121,315.048,0.0000,0.0144,0.9999,38.166,-57.692,-296.627,Static,StoneStairs,shape,0000020E28E3D900,-,1,1,0,-
2945,114992.343,0.0000,impact,ragdoll,Proventus Avenicci,0001A67D,NPC L Forearm [LLar],14,74.220,74.220,77.340,158.894,21.808,2.0000,11.658,258.168,3738.506,339.553,-0.2609,0.9115,-0.3180,26.350,-101.319,119.530,-,Skin,shape,0000020E2E584100,9,1,1,0,-
2946,114992.343,0.0000,impact,ragdoll,Proventus Avenicci,0001A67D,NPC Spine2 [Spn2],9,74.220,74.220,77.340,294.669,7.833,7.0000,23.052,258.168,3738.506,339.553,-0.2609,0.9115,-0.3180,-4.538,-161.509,-246.423,-,Skin,shape,0000020E2E516B00,14,1,1,0,-
2947,115010.070,0.0000,impact,ragdoll,Proventus Avenicci,0001A67D,NPC L UpperArm [LUar],10,25.093,25.093,6.876,141.972,16.705,2.0000,14.463,268.492,3732.654,328.845,0.0000,-0.2660,0.9640,20.953,-121.256,70.808,Static,StoneStairs,shape,0000020E28E3D900,-,0,1,0,-
2948,115026.123,0.0000,impact,ragdoll,Proventus Avenicci,0001A67D,NPC Spine1 [Spn1],6,169.061,169.061,139.158,241.961,9.995,4.0000,18.878,253.751,3738.816,343.210,-0.0355,-0.8782,0.4770,15.312,-227.907,-79.807,-,Skin,shape,0000020E2E516B00,14,1,1,0,-
2949,115026.123,0.0000,impact,ragdoll,Proventus Avenicci,0001A67D,NPC L Forearm [LLar],14,169.061,169.061,139.158,360.775,16.092,2.0000,11.658,253.751,3738.816,343.210,-0.0355,-0.8782,0.4770,62.469,-316.422,161.658,-,Skin,shape,0000020E2E584400,6,1,1,0,-
2950,115043.532,0.0000,impact,ragdoll,Proventus Avenicci,0001A67D,NPC L Thigh [LThg],1,186.634,186.634,300.576,306.199,5.005,6.0000,20.487,245.567,3737.947,344.728,-0.1458,-0.1692,0.9747,-105.424,-245.567,-149.468,-,Skin,shape,0000020E2E516800,16,1,1,0,-
2951,115043.533,0.0000,impact,ragdoll,Proventus Avenicci,0001A67D,NPC L Hand [LHnd],16,186.634,186.634,300.576,148.780,18.228,4.0000,8.334,245.567,3737.947,344.728,-0.1458,-0.1692,0.9747,93.601,-70.119,91.965,-,Skin,shape,0000020E2E585C00,1,1,1,0,-
2952,115043.535,0.0000,impact,ragdoll,Proventus Avenicci,0001A67D,NPC Spine [Spn0],3,63.269,63.269,137.557,343.595,17.358,4.0000,17.297,246.593,3735.485,343.544,0.0680,-0.6821,0.7281,-59.417,-286.086,-180.782,-,Skin,shape,0000020E2E516800,16,1,1,0,-
2953,115043.535,0.0000,impact,ragdoll,Proventus Avenicci,0001A67D,NPC L Hand [LHnd],16,63.269,63.269,137.557,148.780,18.228,4.0000,8.334,246.593,3735.485,343.544,0.0680,-0.6821,0.7281,93.601,-70.119,91.965,-,Skin,shape,0000020E2E584700,3,1,1,0,-
2954,115092.567,0.0000,impact,ragdoll,Proventus Avenicci,0001A67D,NPC R Hand [RHnd],17,347.415,347.415,55.572,354.366,3.520,4.0000,8.334,245.383,3669.918,289.647,0.0000,-0.1289,0.9917,-38.352,102.586,-337.017,Static,StoneStairs,shape,0000020E28E3D900,-,1,1,0,-
2955,115108.832,0.0000,impact,ragdoll,Proventus Avenicci,0001A67D,NPC R Forearm [RLar],15,27.596,27.596,115.411,59.986,11.719,6.0000,11.658,248.149,3680.665,300.680,-0.0000,-0.8589,0.5121,4.519,-18.707,-56.815,Static,StoneStairs,shape,0000020E28E3D900,-,0,1,0,-
2956,115192.567,0.0000,impact,ragdoll,Proventus Avenicci,0001A67D,NPC L Calf [LClf],5,66.083,66.083,346.659,413.516,6.608,6.0000,19.675,223.748,3732.439,328.797,0.0000,-0.5141,0.8577,-221.010,-280.719,-208.200,Static,StoneStairs,shape,0000020E28E3D900,-,1,0,0,-
2957,115192.568,0.0000,impact,ragdoll,Proventus Avenicci,0001A67D,NPC L Calf [LClf],5,66.083,66.083,346.659,413.516,6.608,6.0000,19.675,223.748,3732.439,328.797,0.0000,-0.5141,0.8577,-221.010,-280.719,-208.200,Static,StoneStairs,shape,0000020E28E3D900,-,0,1,0,-
2958,115210.263,0.0000,impact,ragdoll,Proventus Avenicci,0001A67D,NPC Spine1 [Spn1],6,191.194,191.194,53.923,263.006,5.973,4.0000,18.878,253.452,3673.938,311.809,-0.2862,0.4006,0.8704,-44.169,-190.503,-175.868,-,Skin,shape,0000020E2E517400,15,1,1,0,-
2959,115210.264,0.0000,impact,ragdoll,Proventus Avenicci,0001A67D,NPC R Forearm [RLar],15,191.194,191.194,53.923,45.222,6.204,6.0000,11.658,253.452,3673.938,311.809,-0.2862,0.4006,0.8704,-16.085,-42.261,0.564,-,Skin,shape,0000020E2E584400,6,1,1,0,-
2960,115210.656,0.0000,impact,ragdoll,Proventus Avenicci,0001A67D,NPC L Thigh [LThg],1,137.089,137.089,253.468,341.300,6.330,6.0000,20.487,228.272,3707.577,315.175,-0.0000,-0.3584,0.9336,-108.164,-229.998,-227.788,Static,StoneStairs,shape,0000020E28E3D900,-,1,1,0,-
2961,115226.019,0.0000,impact,ragdoll,Proventus Avenicci,0001A67D,NPC L Thigh [LThg],1,13.302,13.302,129.866,265.340,14.486,6.0000,20.487,225.674,3707.534,315.156,0.0000,-0.4801,0.8772,-50.002,-219.232,-140.864,Static,StoneStairs,shape,0000020E28E3D900,-,0,1,0,-
2962,115226.023,0.0000,impact,ragdoll,Proventus Avenicci,0001A67D,NPC Spine2 [Spn2],9,138.327,138.327,86.970,227.626,5.051,7.0000,23.052,255.836,3670.893,310.980,0.3120,0.3802,0.8707,-90.181,-186.826,-93.685,-,Skin,shape,0000020E2E517400,15,1,1,0,-
2963,115226.023,0.0000,impact,ragdoll,Proventus Avenicci,0001A67D,NPC R Forearm [RLar],15,138.327,138.327,86.970,85.321,8.158,6.0000,11.658,255.836,3670.893,310.980,0.3120,0.3802,0.8707,-27.118,-79.903,12.640,-,Skin,shape,0000020E2E584100,9,1,1,0,-
2964,115243.061,0.0000,impact,ragdoll,Proventus Avenicci,0001A67D,NPC Spine [Spn0],3,209.542,209.542,60.140,301.372,5.968,4.0000,17.297,243.987,3669.095,303.580,-0.5485,0.3466,0.7609,-28.813,-200.587,-223.068,-,Skin,shape,0000020E2E517400,15,1,1,0,-
2965,115243.062,0.0000,impact,ragdoll,Proventus Avenicci,0001A67D,NPC R Forearm [RLar],15,209.542,209.542,60.140,118.365,8.670,6.0000,11.658,243.987,3669.095,303.580,-0.5485,0.3466,0.7609,-25.643,-114.931,-11.977,-,Skin,shape,0000020E2E584700,3,1,1,0,-
2966,115243.064,0.0000,impact,ragdoll,Proventus Avenicci,0001A67D,NPC L Foot [Lft ],7,73.094,73.094,480.186,543.018,14.447,3.0000,10.011,202.689,3738.827,329.237,0.0000,-0.0625,0.9980,-269.140,-462.215,-93.755,Static,StoneStairs,shape,0000020E28E3D900,-,1,1,0,-
2967,115260.762,0.0000,impact,ragdoll,Proventus Avenicci,0001A67D,NPC COM [COM ],0,204.993,204.993,233.150,295.953,3.981,50.0000,17.687,228.681,3680.925,300.848,-0.0000,-0.1165,0.9932,-23.626,-187.346,-227.885,Static,StoneStairs,shape,0000020E28E3D900,-,1,1,0,-
2968,115260.769,0.0000,impact,ragdoll,Proventus Avenicci,0001A67D,NPC Spine [Spn0],3,186.157,186.157,133.946,271.841,3.394,4.0000,17.297,238.256,3669.219,298.874,-0.1944,0.2379,0.9516,-32.954,-179.324,-201.630,-,Skin,shape,0000020E2E517100,17,1,1,0,-
2969,115260.769,0.0000,impact,ragdoll,Proventus Avenicci,0001A67D,NPC R Hand [RHnd],17,186.157,186.157,133.946,109.602,28.268,4.0000,8.334,238.256,3669.219,298.874,-0.1944,0.2379,0.9516,21.687,-106.539,-13.842,-,Skin,shape,0000020E2E584700,3,1,1,0,-
2970,115261.217,0.0000,impact,ragdoll,Proventus Avenicci,0001A67D,NPC L Thigh [LThg],1,65.934,65.934,310.928,225.848,20.247,6.0000,20.487,216.785,3707.516,315.145,-0.0000,-0.5333,0.8460,-151.075,-167.879,-0.556,Static,StoneStairs,shape,0000020E28E3D900,-,1,0,0,-
2971,115261.218,0.0000,impact,ragdoll,Proventus Avenicci,0001A67D,NPC L Thigh [LThg],1,65.934,65.934,310.928,225.848,20.247,6.0000,20.487,216.785,3707.516,315.145,-0.0000,-0.5333,0.8460,-151.075,-167.879,-0.556,Static,StoneStairs,shape,0000020E28E3D900,-,0,1,0,-
2972,115293.147,0.0000,impact,ragdoll,Proventus Avenicci,0001A67D,NPC L Thigh [LThg],1,22.887,22.887,60.182,218.737,11.055,6.0000,20.487,226.236,3681.838,300.907,-0.0000,-0.0645,0.9979,-137.434,-159.497,-59.318,Static,StoneStairs,shape,0000020E28E3D900,-,0,1,0,-
2973,115327.217,0.0000,impact,ragdoll,Proventus Avenicci,0001A67D,NPC COM [COM ],0,59.162,59.162,117.655,153.180,3.725,50.0000,17.687,233.458,3658.786,296.287,-0.5439,0.4197,0.7266,-58.223,-132.377,-50.502,-,Skin,shape,0000020E2E517100,17,1,1,0,-
2974,115327.217,0.0000,impact,ragdoll,Proventus Avenicci,0001A67D,NPC R Hand [RHnd],17,59.162,59.162,117.655,202.485,10.690,4.0000,8.334,233.458,3658.786,296.287,-0.5439,0.4197,0.7266,-128.827,-154.914,-20.136,-,-,-,0000020E2E585600,0,1,1,0,-
2975,115327.219,0.0000,impact,ragdoll,Proventus Avenicci,0001A67D,NPC L Thigh [LThg],1,5.078,5.078,77.481,220.781,9.151,6.0000,20.487,221.652,3680.873,300.838,0.0000,-0.2644,0.9644,-119.519,-176.576,-57.276,Static,StoneStairs,shape,0000020E28E3D900,-,1,1,0,-
2976,115360.320,0.0000,impact,ragdoll,Proventus Avenicci,0001A67D,NPC R Thigh [RThg],2,69.244,69.244,117.982,290.608,10.275,6.0000,20.487,229.235,3653.863,294.716,-0.7400,0.2559,0.6220,-5.723,-234.407,-171.680,-,Skin,shape,0000020E2E517100,17,1,1,0,-
2977,115360.320,0.0000,impact,ragdoll,Proventus Avenicci,0001A67D,NPC R Hand [RHnd],17,69.244,69.244,117.982,156.018,7.663,4.0000,8.334,229.235,3653.863,294.716,-0.7400,0.2559,0.6220,-96.288,-103.564,-65.914,-,Skin,shape,0000020E2E585000,2,1,1,0,-
2978,115375.844,0.0000,impact,ragdoll,Proventus Avenicci,0001A67D,NPC L Thigh [LThg],1,13.478,13.478,176.394,238.824,7.950,6.0000,20.487,205.231,3680.868,300.836,0.0000,-0.2791,0.9603,-107.696,-199.441,-75.243,Static,StoneStairs,shape,0000020E28E3D900,-,0,1,0,-
2979,115442.974,0.0000,impact,ragdoll,Proventus Avenicci,0001A67D,NPC R Calf [RClf],4,236.949,236.949,385.463,466.296,6.589,6.0000,19.675,188.574,3623.800,269.576,0.0000,-0.5512,0.8344,101.264,-194.117,-411.699,Static,StoneStairs,shape,0000020E28E3D900,-,1,1,0,-
2980,115443.360,0.0000,impact,ragdoll,Proventus Avenicci,0001A67D,NPC R Foot [Rft ],8,137.894,137.894,630.738,456.363,36.675,3.0000,10.011,181.456,3608.043,253.884,0.0000,-0.0774,0.9970,348.477,-226.133,-188.931,Static,StoneStairs,shape,0000020E28E3D900,-,1,1,0,-
2981,115460.916,0.0000,impact,ragdoll,Proventus Avenicci,0001A67D,NPC COM [COM ],0,33.671,33.671,282.296,241.984,7.547,50.0000,17.687,214.695,3655.833,287.800,0.0000,-0.4179,0.9085,-100.803,-185.917,-117.601,Static,StoneStairs,shape,0000020E28E3D900,-,1,0,0,-
2982,115460.917,0.0000,impact,ragdoll,Proventus Avenicci,0001A67D,NPC COM [COM ],0,33.671,33.671,282.296,241.984,7.547,50.0000,17.687,214.695,3655.833,287.800,0.0000,-0.4179,0.9085,-100.803,-185.917,-117.601,Static,StoneStairs,shape,0000020E28E3D900,-,0,1,0,-
2983,115461.306,0.0000,impact,ragdoll,Proventus Avenicci,0001A67D,NPC Spine [Spn0],3,15.191,15.191,254.538,225.473,2.310,4.0000,17.297,221.974,3655.821,287.794,0.0000,-0.4507,0.8927,-107.575,-170.817,-100.435,Static,StoneStairs,shape,0000020E28E3D900,-,1,1,0,-
2984,115461.309,0.0000,impact,ragdoll,Proventus Avenicci,0001A67D,NPC L Foot [Lft ],7,142.368,142.368,453.318,471.950,0.796,3.0000,10.011,145.366,3650.373,305.772,0.8610,-0.2323,0.4524,-142.181,-381.386,-238.884,Static,Stone,shape,0000020E28E3D900,-,1,0,0,-
2985,115461.309,0.0000,impact,ragdoll,Proventus Avenicci,0001A67D,NPC L Foot [Lft ],7,142.368,142.368,453.318,471.950,0.796,3.0000,10.011,145.366,3650.373,305.772,0.8610,-0.2323,0.4524,-142.181,-381.386,-238.884,Static,Stone,shape,0000020E28E3D900,-,0,1,0,-
2986,115477.502,0.0000,impact,ragdoll,Proventus Avenicci,0001A67D,NPC L Hand [LHnd],16,137.047,137.047,90.997,327.893,13.322,4.0000,8.334,263.621,3655.390,309.242,-0.1472,0.9174,-0.3698,-39.371,-291.886,-144.107,-,Skin,shape,0000020E2E517A00,13,1,1,0,-
2987,115477.503,0.0000,impact,ragdoll,Proventus Avenicci,0001A67D,NPC Head [Head],13,137.047,137.047,90.997,244.918,1.095,4.0000,15.108,263.621,3655.390,309.242,-0.1472,0.9174,-0.3698,-79.328,-158.867,-168.681,-,Skin,shape,0000020E2E516800,16,1,1,0,-
2988,115477.504,0.0000,impact,ragdoll,Proventus Avenicci,0001A67D,NPC R Hand [RHnd],17,178.696,178.696,137.256,222.979,4.801,4.0000,8.334,224.966,3641.810,271.040,-0.0000,-0.0786,0.9969,-60.596,-104.302,-187.534,Static,StoneStairs,shape,0000020E28E3D900,-,0,1,0,-
2989,115477.948,0.0000,impact,ragdoll,Proventus Avenicci,0001A67D,NPC R Foot [Rft ],8,111.328,111.328,410.840,402.388,12.661,3.0000,10.011,190.561,3592.141,252.495,0.0000,-0.1045,0.9945,154.562,-320.191,-188.427,Static,StoneStairs,shape,0000020E28E3D900,-,0,1,0,-
2990,115494.117,0.0000,impact,ragdoll,Proventus Avenicci,0001A67D,NPC Spine [Spn0],3,100.054,100.054,91.395,175.706,4.382,4.0000,17.297,222.422,3640.292,280.191,-0.1780,0.0381,0.9833,-67.597,-126.388,-101.634,-,Skin,shape,0000020E2E517100,17,1,1,0,-
2991,115494.117,0.0000,impact,ragdoll,Proventus Avenicci,0001A67D,NPC R Hand [RHnd],17,100.054,100.054,91.395,95.700,24.341,4.0000,8.334,222.422,3640.292,280.191,-0.1780,0.0381,0.9833,-55.390,-77.652,-7.790,-,Skin,shape,0000020E2E584700,3,1,1,0,-
2992,115494.122,0.0000,impact,ragdoll,Proventus Avenicci,0001A67D,NPC R Foot [Rft ],8,18.376,18.376,396.087,380.404,5.733,3.0000,10.011,192.024,3598.055,253.107,0.0000,-0.0774,0.9970,179.790,-331.676,-48.723,Static,StoneStairs,shape,0000020E28E3D900,-,0,0,0,-
2993,115494.122,0.0000,impact,ragdoll,Proventus Avenicci,0001A67D,NPC R Foot [Rft ],8,17.903,17.903,396.459,380.404,5.733,3.0000,10.011,192.064,3597.754,253.085,-0.0000,-0.0774,0.9970,179.790,-331.676,-48.723,Static,StoneStairs,shape,0000020E28E3D900,-,0,1,0,-
2994,115494.550,0.0000,impact,ragdoll,Proventus Avenicci,0001A67D,NPC COM [COM ],0,94.206,94.206,83.357,210.927,4.613,50.0000,17.687,220.245,3639.567,279.542,-0.5138,0.0355,0.8572,-78.653,-157.108,-116.708,-,Skin,shape,0000020E2E517100,17,1,1,0,-
2995,115494.551,0.0000,impact,ragdoll,Proventus Avenicci,0001A67D,NPC R Hand [RHnd],17,94.206,94.206,83.357,114.522,11.596,4.0000,8.334,220.245,3639.567,279.542,-0.5138,0.0355,0.8572,-65.901,-93.401,-6.961,-,-,-,0000020E2E585600,0,1,1,0,-
2996,115494.552,0.0000,impact,ragdoll,Proventus Avenicci,0001A67D,NPC R Thigh [RThg],2,99.667,99.667,82.647,222.790,4.626,6.0000,20.487,219.792,3638.153,279.030,-0.6080,-0.2592,0.7504,7.342,-157.688,-157.212,-,Skin,shape,0000020E2E517100,17,1,1,0,-
2997,115494.552,0.0000,impact,ragdoll,Proventus Avenicci,0001A67D,NPC R Hand [RHnd],17,99.667,99.667,82.647,114.522,11.596,4.0000,8.334,219.792,3638.153,279.030,-0.6080,-0.2592,0.7504,-65.901,-93.401,-6.961,-,Skin,shape,0000020E2E585000,2,1,1,0,-
2998,115508.816,0.0000,impact,ragdoll,Proventus Avenicci,0001A67D,NPC R Thigh [RThg],2,95.918,95.918,138.330,196.261,5.590,6.0000,20.487,205.797,3631.494,270.175,0.0000,-0.0786,0.9969,1.335,-156.181,-118.845,Static,StoneStairs,shape,0000020E28E3D900,-,1,0,0,-
2999,115508.817,0.0000,impact,ragdoll,Proventus Avenicci,0001A67D,NPC R Thigh [RThg],2,34.966,34.966,190.689,196.261,5.590,6.0000,20.487,204.234,3623.796,269.574,0.0000,-0.5629,0.8265,1.335,-156.181,-118.845,Static,StoneStairs,shape,0000020E28E3D900,-,0,1,0,-
3000,115509.256,0.0000,impact,ragdoll,Proventus Avenicci,0001A67D,NPC R Forearm [RLar],15,15.801,15.801,34.274,118.516,14.437,6.0000,11.658,225.943,3633.766,270.406,-0.0000,-0.0786,0.9969,-52.979,-102.867,-25.645,Static,StoneStairs,shape,0000020E28E3D900,-,1,1,0,-
3001,115525.928,0.0000,impact,ragdoll,Proventus Avenicci,0001A67D,NPC R Thigh [RThg],2,57.201,57.201,114.921,192.220,7.418,6.0000,20.487,222.157,3632.317,279.819,-0.8509,-0.1035,0.5151,-4.044,-162.771,-102.166,-,Skin,shape,0000020E2E517400,15,1,1,0,-
3002,115525.929,0.0000,impact,ragdoll,Proventus Avenicci,0001A67D,NPC R Forearm [RLar],15,57.201,57.201,114.921,112.972,5.882,6.0000,11.658,222.157,3632.317,279.819,-0.8509,-0.1035,0.5151,-85.765,-71.253,-18.168,-,Skin,shape,0000020E2E585000,2,1,1,0,-
3003,115526.404,0.0000,impact,ragdoll,Proventus Avenicci,0001A67D,NPC COM [COM ],0,70.878,70.878,154.984,199.511,4.396,50.0000,17.687,221.814,3632.942,280.202,-0.7646,0.1250,0.6322,-71.724,-164.590,-87.007,-,Skin,shape,0000020E2E517400,15,1,1,0,-
3004,115526.404,0.0000,impact,ragdoll,Proventus Avenicci,0001A67D,NPC R Forearm [RLar],15,70.878,70.878,154.984,107.517,9.155,6.0000,11.658,221.814,3632.942,280.202,-0.7646,0.1250,0.6322,-94.672,-48.155,-16.681,-,-,-,0000020E2E585600,0,1,1,0,-
3005,115543.114,0.0000,impact,ragdoll,Proventus Avenicci,0001A67D,NPC Spine1 [Spn1],6,24.067,24.067,142.696,162.619,3.149,4.0000,18.878,221.880,3636.085,279.716,0.2123,-0.3657,0.9062,-54.879,-136.454,-69.380,-,Skin,shape,0000020E2E517100,17,1,1,0,-
3006,115543.114,0.0000,impact,ragdoll,Proventus Avenicci,0001A67D,NPC R Hand [RHnd],17,24.067,24.067,142.696,74.986,17.351,4.0000,8.334,221.880,3636.085,279.716,0.2123,-0.3657,0.9062,-61.994,-42.044,-3.446,-,Skin,shape,0000020E2E584400,6,1,1,0,-
3007,115543.117,0.0000,impact,ragdoll,Proventus Avenicci,0001A67D,NPC R Forearm [RLar],15,54.998,54.998,162.213,160.528,7.186,6.0000,11.658,223.790,3624.222,269.549,0.0000,-0.1530,0.9882,-107.649,-106.570,-53.138,Static,StoneStairs,shape,0000020E28E3D900,-,0,1,0,-
3008,115561.399,0.0000,impact,ragdoll,Proventus Avenicci,0001A67D,NPC L Forearm [LLar],14,80.698,80.698,103.225,280.711,2.881,2.0000,11.658,243.960,3642.703,303.173,0.4491,0.8872,0.1056,-98.587,-202.296,-167.797,-,Skin,shape,0000020E2E584100,9,1,1,0,-
3009,115561.400,0.0000,impact,ragdoll,Proventus Avenicci,0001A67D,NPC Spine2 [Spn2],9,80.698,80.698,103.225,172.266,3.318,7.0000,23.052,243.960,3642.703,303.173,0.4491,0.8872,0.1056,-73.775,-137.935,-72.158,-,Skin,shape,0000020E2E516B00,14,1,1,0,-
3010,115643.261,0.0000,impact,ragdoll,Proventus Avenicci,0001A67D,NPC L Hand [LHnd],16,65.434,65.434,250.960,262.916,10.602,4.0000,8.334,242.344,3635.022,270.505,0.0000,-0.0786,0.9969,-182.487,-171.977,-79.041,Static,StoneStairs,shape,0000020E28E3D900,-,1,1,0,-
3011,115643.745,0.0000,impact,ragdoll,Proventus Avenicci,0001A67D,NPC L Hand [LHnd],16,82.337,82.337,64.898,251.064,10.875,4.0000,8.334,236.707,3625.573,286.483,0.3600,0.6289,-0.6891,-176.086,-178.300,-15.357,-,Skin,shape,0000020E2E584100,9,1,1,0,-
3012,115643.745,0.0000,impact,ragdoll,Proventus Avenicci,0001A67D,NPC Spine2 [Spn2],9,82.337,82.337,64.898,189.387,4.316,7.0000,23.052,236.707,3625.573,286.483,0.3600,0.6289,-0.6891,-58.521,-164.026,-74.421,-,Skin,shape,0000020E2E516800,16,1,1,0,-
3013,115660.392,0.0000,impact,ragdoll,Proventus Avenicci,0001A67D,NPC R Thigh [RThg],2,95.563,95.563,194.443,229.853,2.496,6.0000,20.487,206.114,3591.750,252.606,0.0000,-0.3348,0.9423,-16.737,-181.053,-140.614,Static,StoneStairs,shape,0000020E28E3D900,-,1,0,0,-
3014,115660.393,0.0000,impact,ragdoll,Proventus Avenicci,0001A67D,NPC R Thigh [RThg],2,125.986,125.986,162.796,229.853,2.496,6.0000,20.487,205.355,3599.650,253.166,0.0000,-0.0774,0.9970,-16.737,-181.053,-140.614,Static,StoneStairs,shape,0000020E28E3D900,-,0,0,0,-
3015,115660.393,0.0000,impact,ragdoll,Proventus Avenicci,0001A67D,NPC R Thigh [RThg],2,95.563,95.563,194.443,229.853,2.496,6.0000,20.487,206.114,3591.750,252.606,0.0000,-0.3348,0.9423,-16.737,-181.053,-140.614,Static,StoneStairs,shape,0000020E28E3D900,-,0,1,0,-
3016,115660.396,0.0000,impact,ragdoll,Proventus Avenicci,0001A67D,NPC L Calf [LClf],5,100.885,100.885,353.430,362.325,4.812,6.0000,19.675,167.992,3591.704,252.586,0.0000,-0.4644,0.8856,78.832,-261.616,-237.953,Static,StoneStairs,shape,0000020E28E3D900,-,1,0,0,-
3017,115660.396,0.0000,impact,ragdoll,Proventus Avenicci,0001A67D,NPC L Calf [LClf],5,100.885,100.885,353.430,362.325,4.812,6.0000,19.675,167.992,3591.704,252.586,0.0000,-0.4644,0.8856,78.832,-261.616,-237.953,Static,StoneStairs,shape,0000020E28E3D900,-,0,1,0,-
3018,115660.405,0.0000,impact,ragdoll,Proventus Avenicci,0001A67D,NPC L Hand [LHnd],16,85.083,85.083,221.822,187.712,23.554,4.0000,8.334,236.588,3621.200,276.155,0.2687,0.9449,0.1869,-141.904,-115.625,-41.589,-,Skin,shape,0000020E2E517700,12,1,1,0,-
3019,115660.405,0.0000,impact,ragdoll,Proventus Avenicci,0001A67D,NPC R UpperArm [RUar],12,85.083,85.083,221.822,77.980,8.040,2.0000,14.463,236.588,3621.200,276.155,0.2687,0.9449,0.1869,-17.630,-60.691,-45.681,-,Skin,shape,0000020E2E516800,16,1,1,0,-
3020,115677.352,0.0000,impact,ragdoll,Proventus Avenicci,0001A67D,NPC L Calf [LClf],5,109.587,109.587,253.483,318.623,5.652,6.0000,19.675,173.133,3595.406,252.861,0.0000,-0.0774,0.9970,92.722,-254.520,-167.758,Static,StoneStairs,shape,0000020E28E3D900,-,0,1,0,-
3021,115695.097,0.0000,impact,ragdoll,Proventus Avenicci,0001A67D,NPC L Forearm [LLar],14,12.402,12.402,13.655,74.739,3.286,2.0000,11.658,221.608,3619.220,290.674,0.5536,0.7392,0.3836,22.333,64.219,31.033,-,Skin,shape,0000020E2E584400,6,1,1,0,-
3022,115695.097,0.0000,impact,ragdoll,Proventus Avenicci,0001A67D,NPC Spine1 [Spn1],6,12.402,12.402,13.655,92.746,1.200,4.0000,18.878,221.608,3619.220,290.674,0.5536,0.7392,0.3836,24.058,80.282,39.721,-,Skin,shape,0000020E2E516B00,14,1,1,0,-
3023,115705.867,0.0000,state,unknown,Proventus Avenicci,0001A67D,-,-,0.000,0.000,0.000,0.000,0.000,0.0000,0.000,0.000,0.000,0.000,0.0000,0.0000,0.0000,0.000,0.000,0.000,-,-,-,0000000000000000,-,0,0,0,knock_get_up
3024,116957.327,0.0000,state,unknown,Proventus Avenicci,0001A67D,-,-,0.000,0.000,0.000,0.000,0.000,0.0000,0.000,0.000,0.000,0.000,0.0000,0.0000,0.0000,0.000,0.000,0.000,-,-,-,0000000000000000,-,0,0,0,ragdoll_start
3025,116991.380,0.0000,impact,ragdoll,Proventus Avenicci,0001A67D,NPC R Foot [Rft ],8,78.981,78.981,189.889,101.230,9.767,3.0000,10.011,170.676,3625.966,275.673,0.5995,-0.7940,-0.1014,-38.942,15.670,-92.117,-,Skin,shape,0000020E2E585900,5,1,1,0,-
3026,116991.381,0.0000,impact,ragdoll,Proventus Avenicci,0001A67D,NPC L Calf [LClf],5,78.981,78.981,189.889,57.630,2.695,6.0000,19.675,170.676,3625.966,275.673,0.5995,-0.7940,-0.1014,52.925,-17.916,14.114,-,Skin,shape,0000020E2E584A00,8,1,1,0,-
3027,116997.126,0.0000,impact,ragdoll,Proventus Avenicci,0001A67D,NPC R Calf [RClf],4,52.602,52.602,212.670,84.037,6.513,6.0000,19.675,171.512,3626.257,276.126,0.5880,-0.8030,-0.0972,-65.477,-5.944,-52.341,-,Skin,shape,0000020E2E585900,5,1,1,0,-
3028,116997.126,0.0000,impact,ragdoll,Proventus Avenicci,0001A67D,NPC L Calf [LClf],5,52.602,52.602,212.670,62.952,5.425,6.0000,19.675,171.512,3626.257,276.126,0.5880,-0.8030,-0.0972,59.513,10.496,17.634,-,Skin,shape,0000020E2E584D00,4,1,1,0,-
3029,117043.251,0.0000,impact,ragdoll,Proventus Avenicci,0001A67D,NPC L Thigh [LThg],1,72.146,72.146,143.677,72.046,10.846,6.0000,20.487,176.968,3624.235,269.537,0.0000,-0.1530,0.9882,69.980,-17.112,-0.833,Static,StoneStairs,shape,0000020E28E3D900,-,0,1,0,-
3030,117060.017,0.0000,impact,ragdoll,Proventus Avenicci,0001A67D,NPC L Thigh [LThg],1,7.652,7.652,66.522,65.779,10.086,6.0000,20.487,179.784,3628.556,269.945,0.0000,-0.0786,0.9969,46.755,-46.269,-0.069,Static,StoneStairs,shape,0000020E28E3D900,-,0,1,0,-
3031,117060.456,0.0000,impact,ragdoll,Proventus Avenicci,0001A67D,NPC R Foot [Rft ],8,40.033,40.033,175.161,104.940,7.742,3.0000,10.011,171.218,3616.045,254.505,0.0000,-0.0774,0.9970,-92.346,-8.116,-49.180,Static,StoneStairs,shape,0000020E28E3D900,-,0,1,0,-
3032,117093.905,0.0000,impact,ragdoll,Proventus Avenicci,0001A67D,NPC R Calf [RClf],4,66.702,66.702,94.328,127.643,11.850,6.0000,19.675,180.951,3596.551,252.987,0.0000,-0.0774,0.9970,-116.224,-21.490,-48.197,Static,StoneStairs,shape,0000020E28E3D900,-,0,0,0,-
3033,117093.906,0.0000,impact,ragdoll,Proventus Avenicci,0001A67D,NPC R Calf [RClf],4,74.034,74.034,112.250,127.643,11.850,6.0000,19.675,181.361,3594.201,252.809,0.0000,-0.0774,0.9970,-116.224,-21.490,-48.197,Static,StoneStairs,shape,0000020E28E3D900,-,0,1,0,-
3034,117094.328,0.0000,impact,ragdoll,Proventus Avenicci,0001A67D,NPC L Thigh [LThg],1,27.354,27.354,94.107,138.461,7.679,6.0000,20.487,191.995,3624.066,269.627,0.0000,-0.1530,0.9882,100.096,-93.363,-20.867,Static,StoneStairs,shape,0000020E28E3D900,-,0,1,0,-
3035,117109.434,0.0000,impact,ragdoll,Proventus Avenicci,0001A67D,NPC Spine1 [Spn1],6,178.465,178.465,33.022,236.614,2.767,4.0000,18.878,217.901,3598.894,285.988,-0.5134,0.5946,0.6188,17.775,-231.917,-43.413,-,Skin,shape,0000020E2E517400,15,1,1,0,-
3036,117109.435,0.0000,impact,ragdoll,Proventus Avenicci,0001A67D,NPC R Forearm [RLar],15,178.465,178.465,33.022,118.594,10.888,6.0000,11.658,217.901,3598.894,285.988,-0.5134,0.5946,0.6188,-81.136,-68.493,52.823,-,Skin,shape,0000020E2E584400,6,1,1,0,-
3037,117127.862,0.0000,impact,ragdoll,Proventus Avenicci,0001A67D,NPC R Thigh [RThg],2,71.692,71.692,157.374,130.419,10.536,6.0000,20.487,179.205,3595.943,252.944,-0.0000,-0.0774,0.9970,-42.191,-109.119,-57.637,Static,StoneStairs,shape,0000020E28E3D900,-,1,1,0,-
3038,117160.729,0.0000,impact,ragdoll,Proventus Avenicci,0001A67D,NPC Spine [Spn0],3,93.323,93.323,86.065,237.288,5.160,4.0000,17.297,216.054,3592.221,282.507,-0.7076,0.6181,0.3424,9.778,-232.028,-48.713,-,Skin,shape,0000020E2E517400,15,1,1,0,-
3039,117160.730,0.0000,impact,ragdoll,Proventus Avenicci,0001A67D,NPC R Forearm [RLar],15,93.323,93.323,86.065,232.614,7.399,6.0000,11.658,216.054,3592.221,282.507,-0.7076,0.6181,0.3424,-55.150,-215.117,69.226,-,Skin,shape,0000020E2E584700,3,1,1,0,-
3040,117160.733,0.0000,impact,ragdoll,Proventus Avenicci,0001A67D,NPC R Foot [Rft ],8,64.793,64.793,92.747,56.994,10.829,3.0000,10.011,164.647,3622.675,263.337,-0.0000,-0.9871,0.1598,-15.724,40.922,36.421,Static,StoneStairs,shape,0000020E28E3D900,-,0,1,0,-
3041,117192.919,0.0000,impact,ragdoll,Proventus Avenicci,0001A67D,NPC COM [COM ],0,72.813,72.813,74.379,225.302,2.591,50.0000,17.687,215.970,3589.355,277.542,-0.8060,0.5512,0.2157,42.972,-220.051,-22.183,-,Skin,shape,0000020E2E517400,15,1,1,0,-
3042,117192.920,0.0000,impact,ragdoll,Proventus Avenicci,0001A67D,NPC R Forearm [RLar],15,72.813,72.813,74.379,272.186,5.066,6.0000,11.658,215.970,3589.355,277.542,-0.8060,0.5512,0.2157,-59.905,-264.320,25.135,-,-,-,0000020E2E585600,0,1,1,0,-
3043,117192.926,0.0000,impact,ragdoll,Proventus Avenicci,0001A67D,NPC Spine2 [Spn2],9,61.886,61.886,88.556,343.145,5.170,7.0000,23.052,227.015,3594.041,308.245,-0.6600,-0.7242,-0.1996,-80.837,-328.978,-54.653,-,Skin,shape,0000020E2E516B00,14,1,1,0,-
3044,117192.926,0.0000,impact,ragdoll,Proventus Avenicci,0001A67D,NPC L Forearm [LLar],14,61.886,61.886,88.556,405.687,1.165,2.0000,11.658,227.015,3594.041,308.245,-0.6600,-0.7242,-0.1996,-142.102,-379.084,26.156,-,Skin,shape,0000020E2E584100,9,1,1,0,-
3045,117225.213,0.0000,impact,ragdoll,Proventus Avenicci,0001A67D,NPC L Foot [Lft ],7,149.247,149.247,391.403,416.680,10.020,3.0000,10.011,184.758,3655.631,287.522,0.0000,-0.9233,0.3842,370.262,81.737,-172.764,Static,StoneStairs,shape,0000020E28E3D900,-,1,0,0,-
3046,117225.214,0.0000,impact,ragdoll,Proventus Avenicci,0001A67D,NPC L Foot [Lft ],7,119.635,119.635,403.608,416.680,10.020,3.0000,10.011,184.758,3655.548,287.160,0.0000,-0.9759,0.2183,370.262,81.737,-172.764,Static,StoneStairs,shape,0000020E28E3D900,-,0,1,0,-
3047,117225.654,0.0000,impact,ragdoll,Proventus Avenicci,0001A67D,NPC R Hand [RHnd],17,18.235,18.235,2.825,318.170,8.299,4.0000,8.334,212.302,3586.875,277.854,0.8670,-0.3808,-0.3214,13.812,-311.680,62.424,-,-,-,0000020E2E585600,0,1,1,0,-
3048,117225.654,0.0000,impact,ragdoll,Proventus Avenicci,0001A67D,NPC COM [COM ],0,18.235,18.235,2.825,238.917,3.998,50.0000,17.687,212.302,3586.875,277.854,0.8670,-0.3808,-0.3214,35.742,-236.121,-7.122,-,Skin,shape,0000020E2E517100,17,1,1,0,-
3049,117243.979,0.0000,impact,ragdoll,Proventus Avenicci,0001A67D,NPC R Hand [RHnd],17,33.111,33.111,172.379,332.274,26.276,4.0000,8.334,213.187,3581.479,281.105,0.8106,-0.1430,-0.5679,7.498,-327.371,56.375,-,Skin,shape,0000020E2E584700,3,1,1,0,-
3050,117243.980,0.0000,impact,ragdoll,Proventus Avenicci,0001A67D,NPC Spine [Spn0],3,33.111,33.111,172.379,263.088,5.090,4.0000,17.297,213.187,3581.479,281.105,0.8106,-0.1430,-0.5679,5.118,-262.417,-18.060,-,Skin,shape,0000020E2E517100,17,1,1,0,-
3051,117276.220,0.0000,impact,ragdoll,Proventus Avenicci,0001A67D,NPC L Calf [LClf],5,142.167,142.167,465.158,411.993,6.633,6.0000,19.675,200.520,3636.352,270.609,0.0000,-0.0786,0.9969,317.505,-241.409,-103.204,Static,StoneStairs,shape,0000020E28E3D900,-,1,0,0,-
3052,117276.220,0.0000,impact,ragdoll,Proventus Avenicci,0001A67D,NPC L Calf [LClf],5,60.782,60.782,436.165,411.993,6.633,6.0000,19.675,203.010,3623.992,269.634,0.0000,-0.1530,0.9882,317.505,-241.409,-103.204,Static,StoneStairs,shape,0000020E28E3D900,-,0,0,0,-
3053,117276.221,0.0000,impact,ragdoll,Proventus Avenicci,0001A67D,NPC L Calf [LClf],5,117.713,117.713,450.864,411.993,6.633,6.0000,19.675,201.573,3631.163,270.200,0.0000,-0.0786,0.9969,317.505,-241.409,-103.204,Static,StoneStairs,shape,0000020E28E3D900,-,0,1,0,-
3054,117276.666,0.0000,impact,ragdoll,Proventus Avenicci,0001A67D,NPC Spine [Spn0],3,88.027,88.027,24.487,306.675,4.334,4.0000,17.297,219.551,3573.017,292.445,-0.8666,-0.1711,-0.4688,-7.219,-304.913,-32.029,-,Skin,shape,0000020E2E516800,16,1,1,0,-
3055,117276.666,0.0000,impact,ragdoll,Proventus Avenicci,0001A67D,NPC L Hand [LHnd],16,88.027,88.027,24.487,424.538,10.755,4.0000,8.334,219.551,3573.017,292.445,-0.8666,-0.1711,-0.4688,-89.798,-413.988,-27.980,-,Skin,shape,0000020E2E584700,3,1,1,0,-
3056,117294.473,0.0000,impact,ragdoll,Proventus Avenicci,0001A67D,NPC L Calf [LClf],5,76.145,76.145,458.276,418.068,3.523,6.0000,19.675,206.252,3631.739,270.246,0.0000,-0.0786,0.9969,292.378,-290.744,-69.022,Static,StoneStairs,shape,0000020E28E3D900,-,0,1,0,-
3057,117294.907,0.0000,impact,ragdoll,Proventus Avenicci,0001A67D,NPC L Forearm [LLar],14,46.271,46.271,47.515,440.854,8.274,2.0000,11.658,210.765,3557.873,296.679,0.6047,0.1371,0.7846,-114.509,-423.731,-41.126,-,Skin,shape,0000020E2E584400,6,1,1,0,-
3058,117294.907,0.0000,impact,ragdoll,Proventus Avenicci,0001A67D,NPC Spine1 [Spn1],6,46.271,46.271,47.515,343.094,5.183,4.0000,18.878,210.765,3557.873,296.679,0.6047,0.1371,0.7846,-50.592,-331.665,-71.782,-,Skin,shape,0000020E2E516B00,14,1,1,0,-
3059,117327.651,0.0000,impact,ragdoll,Proventus Avenicci,0001A67D,NPC L Hand [LHnd],16,13.674,13.674,92.768,434.139,10.806,4.0000,8.334,211.504,3548.529,289.555,0.8531,0.3787,0.3589,-49.373,-429.353,-41.173,-,Skin,shape,0000020E2E584400,6,1,1,0,-
3060,117327.651,0.0000,impact,ragdoll,Proventus Avenicci,0001A67D,NPC Spine1 [Spn1],6,13.674,13.674,92.768,359.405,6.437,4.0000,18.878,211.504,3548.529,289.555,0.8531,0.3787,0.3589,-36.979,-339.951,-110.625,-,Skin,shape,0000020E2E516800,16,1,1,0,-
3061,117459.866,0.0000,impact,ragdoll,Proventus Avenicci,0001A67D,NPC Head [Head],13,177.721,177.721,358.734,379.568,5.798,4.0000,15.108,157.892,3476.193,267.702,0.9394,0.3425,0.0146,-123.543,-166.251,-318.072,Static,Stone,shape,0000020E282A8A00,-,1,0,0,-
3062,117459.867,0.0000,impact,ragdoll,Proventus Avenicci,0001A67D,NPC Head [Head],13,177.721,177.721,358.734,379.568,5.798,4.0000,15.108,157.892,3476.193,267.702,0.9394,0.3425,0.0146,-123.543,-166.251,-318.072,Static,Stone,shape,0000020E282A8A00,-,0,1,0,-
3063,117777.602,0.0000,impact,ragdoll,Proventus Avenicci,0001A67D,NPC R Hand [RHnd],17,351.504,351.504,171.789,398.765,4.993,4.0000,8.334,207.173,3411.987,158.431,0.0000,-0.0774,0.9970,7.174,-160.644,-364.905,Static,StoneStairs,shape,0000020E28EDBA00,-,1,1,0,-
3064,117778.069,0.0000,impact,ragdoll,Proventus Avenicci,0001A67D,NPC R Forearm [RLar],15,39.402,39.402,315.906,304.983,30.521,6.0000,11.658,213.519,3412.330,158.457,0.0000,-0.0774,0.9970,34.293,-201.498,-226.356,Static,StoneStairs,shape,0000020E28EDBA00,-,1,1,0,-
3065,117795.118,0.0000,impact,ragdoll,Proventus Avenicci,0001A67D,NPC R UpperArm [RUar],12,300.581,300.581,264.591,369.970,16.278,2.0000,14.463,209.586,3420.628,159.102,0.0000,-0.0774,0.9970,89.556,-156.711,-322.954,Static,StoneStairs,shape,0000020E28EDBA00,-,0,1,0,-
3066,117795.120,0.0000,impact,ragdoll,Proventus Avenicci,0001A67D,NPC Head [Head],13,342.772,342.772,206.469,406.606,4.892,4.0000,15.108,186.364,3413.400,158.540,-0.0000,-0.0774,0.9970,66.166,-181.372,-357.847,Static,StoneStairs,shape,0000020E28EDBA00,-,1,1,0,-
3067,117795.589,0.0000,impact,ragdoll,Proventus Avenicci,0001A67D,NPC R Forearm [RLar],15,55.869,55.869,275.658,244.897,19.809,6.0000,11.658,213.640,3408.983,158.197,0.0000,-0.0774,0.9970,67.110,-198.872,-126.179,Static,StoneStairs,shape,0000020E28EDBA00,-,1,0,0,-
3068,117795.589,0.0000,impact,ragdoll,Proventus Avenicci,0001A67D,NPC R Forearm [RLar],15,53.708,53.708,275.636,244.897,19.809,6.0000,11.658,213.655,3408.868,158.189,0.0000,-0.0774,0.9970,67.110,-198.872,-126.179,Static,StoneStairs,shape,0000020E28EDBA00,-,0,1,0,-
3069,117795.590,0.0000,impact,ragdoll,Proventus Avenicci,0001A67D,NPC R Hand [RHnd],17,57.880,57.880,273.453,199.461,33.060,4.0000,8.334,204.740,3412.702,171.262,0.1936,-0.5528,-0.8105,66.483,-187.277,-17.089,-,Skin,shape,0000020E2E584100,9,1,1,0,-
3070,117795.590,0.0000,impact,ragdoll,Proventus Avenicci,0001A67D,NPC Spine2 [Spn2],9,57.880,57.880,273.453,254.702,6.674,7.0000,23.052,204.740,3412.702,171.262,0.1936,-0.5528,-0.8105,136.758,-198.497,-82.276,-,Skin,shape,0000020E2E517100,17,1,1,0,-
3071,117795.591,0.0000,impact,ragdoll,Proventus Avenicci,0001A67D,NPC R Hand [RHnd],17,27.514,27.514,352.298,199.461,33.060,4.0000,8.334,206.682,3408.010,158.117,0.0000,-0.0774,0.9970,66.483,-187.277,-17.089,Static,StoneStairs,shape,0000020E28EDBA00,-,1,0,0,-
3072,117827.789,0.0000,impact,ragdoll,Proventus Avenicci,0001A67D,NPC Spine [Spn0],3,453.487,453.487,465.560,353.583,9.586,4.0000,17.297,223.833,3411.761,172.383,-0.0124,0.1704,0.9853,121.239,-294.363,-153.858,-,Skin,shape,0000020E2E517400,15,1,1,0,-
3073,117827.790,0.0000,impact,ragdoll,Proventus Avenicci,0001A67D,NPC R Forearm [RLar],15,453.487,453.487,465.560,210.243,38.667,6.0000,11.658,223.833,3411.761,172.383,-0.0124,0.1704,0.9853,-114.023,-64.040,164.620,-,Skin,shape,0000020E2E584700,3,1,1,0,-
3074,117827.791,0.0000,impact,ragdoll,Proventus Avenicci,0001A67D,NPC Spine1 [Spn1],6,533.469,533.469,171.063,304.369,12.155,4.0000,18.878,222.086,3411.955,171.899,-0.4569,0.2197,0.8620,106.351,-270.327,-90.849,-,Skin,shape,0000020E2E517400,15,1,1,0,-
3075,117827.791,0.0000,impact,ragdoll,Proventus Avenicci,0001A67D,NPC R Forearm [RLar],15,533.469,533.469,171.063,210.243,38.667,6.0000,11.658,222.086,3411.955,171.899,-0.4569,0.2197,0.8620,-114.023,-64.040,164.620,-,Skin,shape,0000020E2E584400,6,1,1,0,-
3076,117844.133,0.0000,impact,ragdoll,Proventus Avenicci,0001A67D,NPC Spine1 [Spn1],6,40.001,40.001,33.719,268.098,13.122,4.0000,18.878,220.623,3410.369,169.572,-0.2901,0.0881,0.9529,95.964,-219.999,-119.449,-,Skin,shape,0000020E2E517400,15,1,1,0,-
3077,117844.133,0.0000,impact,ragdoll,Proventus Avenicci,0001A67D,NPC R Forearm [RLar],15,40.001,40.001,33.719,187.722,22.549,6.0000,11.658,220.623,3410.369,169.572,-0.2901,0.0881,0.9529,-52.042,-164.111,-74.825,-,Skin,shape,0000020E2E584400,6,1,1,0,-
3078,117844.135,0.0000,impact,ragdoll,Proventus Avenicci,0001A67D,NPC R UpperArm [RUar],12,110.996,110.996,158.352,155.983,8.984,2.0000,14.463,216.889,3409.576,158.210,0.0000,-0.0774,0.9970,-119.208,-87.039,-50.442,Static,StoneStairs,shape,0000020E28EDBA00,-,0,1,0,-
3079,117877.705,0.0000,impact,ragdoll,Proventus Avenicci,0001A67D,NPC R Forearm [RLar],15,26.798,26.798,304.344,247.553,18.090,6.0000,11.658,216.552,3409.231,158.183,0.0000,-0.0774,0.9970,-84.167,-218.634,-79.984,Static,StoneStairs,shape,0000020E28EDBA00,-,0,1,0,-
3080,117878.253,0.0000,impact,ragdoll,Proventus Avenicci,0001A67D,NPC Spine2 [Spn2],9,42.739,42.739,229.013,180.593,11.604,7.0000,23.052,213.524,3404.309,167.295,-0.4638,0.1474,0.8736,64.807,-167.910,14.842,-,Skin,shape,0000020E2E517400,15,1,1,0,-
3081,117878.254,0.0000,impact,ragdoll,Proventus Avenicci,0001A67D,NPC R Forearm [RLar],15,42.739,42.739,229.013,238.783,19.776,6.0000,11.658,213.524,3404.309,167.295,-0.4638,0.1474,0.8736,-70.203,-215.778,-74.353,-,Skin,shape,0000020E2E584100,9,1,1,0,-
3082,117893.188,0.0000,impact,ragdoll,Proventus Avenicci,0001A67D,NPC R Thigh [RThg],2,318.477,318.477,455.601,460.926,11.484,6.0000,20.487,256.257,3413.640,158.559,-0.0000,-0.0774,0.9970,55.875,-373.725,-263.934,Static,StoneStairs,shape,0000020E28EDBA00,-,1,1,0,-
3083,117893.191,0.0000,impact,ragdoll,Proventus Avenicci,0001A67D,NPC R Calf [RClf],4,352.971,352.971,449.928,640.335,7.761,6.0000,19.675,259.682,3416.629,158.791,0.0000,-0.0774,0.9970,132.375,-498.540,-379.425,Static,StoneStairs,shape,0000020E28EDBA00,-,0,1,0,-
3084,117893.642,0.0000,impact,ragdoll,Proventus Avenicci,0001A67D,NPC R UpperArm [RUar],12,17.348,17.348,92.817,171.746,15.635,2.0000,14.463,208.049,3408.142,158.115,0.0000,-0.0774,0.9970,-24.175,-167.796,-27.510,Static,StoneStairs,shape,0000020E28EDBA00,-,0,1,0,-
3085,117910.783,0.0000,impact,ragdoll,Proventus Avenicci,0001A67D,NPC R Thigh [RThg],2,48.329,48.329,173.528,290.717,11.377,6.0000,20.487,255.185,3400.068,157.453,0.0000,-0.1045,0.9945,34.074,-281.699,-63.255,Static,StoneStairs,shape,0000020E28EDBA00,-,0,1,0,-
3086,117928.826,0.0000,impact,ragdoll,Proventus Avenicci,0001A67D,NPC Spine2 [Spn2],9,140.426,140.426,154.179,259.071,10.440,7.0000,23.052,195.260,3378.231,184.076,0.5866,0.8094,0.0267,86.212,-233.669,-71.304,-,Skin,shape,0000020E2E516B00,14,1,1,0,-
3087,117928.827,0.0000,impact,ragdoll,Proventus Avenicci,0001A67D,NPC L Forearm [LLar],14,140.426,140.426,154.179,234.388,11.872,2.0000,11.658,195.260,3378.231,184.076,0.5866,0.8094,0.0267,147.912,-34.709,-178.479,-,Skin,shape,0000020E2E584100,9,1,1,0,-
3088,117928.832,0.0000,impact,ragdoll,Proventus Avenicci,0001A67D,NPC R Hand [RHnd],17,166.093,166.093,209.932,211.800,28.946,4.0000,8.334,220.263,3381.646,141.329,0.0000,-0.1515,0.9885,-6.360,-104.636,-184.039,Static,StoneStairs,shape,0000020E28EDBA00,-,1,1,0,-
3089,117943.763,0.0000,impact,ragdoll,Proventus Avenicci,0001A67D,NPC Spine [Spn0],3,104.763,104.763,180.804,380.860,3.279,4.0000,17.297,221.045,3384.175,159.499,0.6368,-0.1852,0.7485,27.916,-316.222,-210.426,-,Skin,shape,0000020E2E517400,15,1,1,0,-
3090,117943.764,0.0000,impact,ragdoll,Proventus Avenicci,0001A67D,NPC R Forearm [RLar],15,104.763,104.763,180.804,186.417,7.691,6.0000,11.658,221.045,3384.175,159.499,0.6368,-0.1852,0.7485,59.178,-175.533,-20.911,-,Skin,shape,0000020E2E584700,3,1,1,0,-
3091,117944.261,0.0000,impact,ragdoll,Proventus Avenicci,0001A67D,NPC R Hand [RHnd],17,84.214,84.214,174.311,211.630,4.127,4.0000,8.334,220.220,3377.420,140.681,0.0000,-0.1515,0.9885,-25.532,-177.509,-112.365,Static,StoneStairs,shape,0000020E28EDBA00,-,1,1,0,-
3092,117960.348,0.0000,impact,ragdoll,Proventus Avenicci,0001A67D,NPC Spine [Spn0],3,114.966,114.966,78.912,329.814,6.603,4.0000,17.297,222.353,3373.599,155.314,0.4814,-0.0904,0.8718,18.941,-266.833,-192.921,-,Skin,shape,0000020E2E517100,17,1,1,0,-
3093,117960.349,0.0000,impact,ragdoll,Proventus Avenicci,0001A67D,NPC R Hand [RHnd],17,114.966,114.966,78.912,234.528,13.348,4.0000,8.334,222.353,3373.599,155.314,0.4814,-0.0904,0.8718,-26.778,-229.731,-38.862,-,Skin,shape,0000020E2E584700,3,1,1,0,-
3094,117960.351,0.0000,impact,ragdoll,Proventus Avenicci,0001A67D,NPC Spine1 [Spn1],6,129.976,129.976,26.231,311.245,4.511,4.0000,18.878,219.714,3374.795,155.857,-0.0686,0.1588,0.9849,47.805,-260.928,-162.803,-,Skin,shape,0000020E2E517100,17,1,1,0,-
3095,117960.351,0.0000,impact,ragdoll,Proventus Avenicci,0001A67D,NPC R Hand [RHnd],17,129.976,129.976,26.231,234.528,13.348,4.0000,8.334,219.714,3374.795,155.857,-0.0686,0.1588,0.9849,-26.778,-229.731,-38.862,-,Skin,shape,0000020E2E584400,6,1,1,0,-
3096,117961.017,0.0000,impact,ragdoll,Proventus Avenicci,0001A67D,NPC R Foot [Rft ],8,196.464,196.464,444.911,522.751,19.287,3.0000,10.011,295.391,3406.077,157.972,0.0000,-0.0774,0.9970,167.464,-422.627,-258.090,Static,StoneStairs,shape,0000020E28EDBA00,-,1,1,0,-
3097,117978.133,0.0000,impact,ragdoll,Proventus Avenicci,0001A67D,NPC R Hand [RHnd],17,141.398,141.398,110.784,224.941,16.912,4.0000,8.334,219.185,3371.973,139.845,-0.0000,-0.2257,0.9742,-28.089,-135.879,-177.048,Static,StoneStairs,shape,0000020E28EDBA00,-,1,1,0,-
3098,117993.576,0.0000,impact,ragdoll,Proventus Avenicci,0001A67D,NPC Spine1 [Spn1],6,78.129,78.129,163.649,304.984,8.783,4.0000,18.878,219.386,3368.632,151.693,0.0679,0.0240,0.9974,88.222,-267.428,-117.108,-,Skin,shape,0000020E2E517100,17,1,1,0,-
3099,117993.577,0.0000,impact,ragdoll,Proventus Avenicci,0001A67D,NPC R Hand [RHnd],17,78.129,78.129,163.649,240.214,3.673,4.0000,8.334,219.386,3368.632,151.693,0.0679,0.0240,0.9974,-21.685,-233.326,-52.835,-,Skin,shape,0000020E2E584400,6,1,1,0,-
3100,117993.583,0.0000,impact,ragdoll,Proventus Avenicci,0001A67D,NPC L Forearm [LLar],14,27.823,27.823,138.632,224.357,8.822,2.0000,11.658,210.848,3369.351,168.487,-0.9979,0.0339,0.0545,134.678,4.919,-179.370,-,Skin,shape,0000020E2E584400,6,1,1,0,-
3101,117993.583,0.0000,impact,ragdoll,Proventus Avenicci,0001A67D,NPC Spine1 [Spn1],6,27.823,27.823,138.632,304.984,8.783,4.0000,18.878,210.848,3369.351,168.487,-0.9979,0.0339,0.0545,88.222,-267.428,-117.108,-,Skin,shape,0000020E2E516B00,14,1,1,0,-
3102,117994.041,0.0000,impact,ragdoll,Proventus Avenicci,0001A67D,NPC L Hand [LHnd],16,56.939,56.939,403.381,229.098,14.358,4.0000,8.334,216.785,3375.323,153.596,-0.9847,0.1737,-0.0149,167.405,74.064,-137.752,-,Skin,shape,0000020E2E517400,15,1,0,0,-
3103,117994.041,0.0000,impact,ragdoll,Proventus Avenicci,0001A67D,NPC R Forearm [RLar],15,56.939,56.939,403.381,272.585,9.844,6.0000,11.658,216.785,3375.323,153.596,-0.9847,0.1737,-0.0149,66.336,-249.314,-88.004,-,Skin,shape,0000020E2E516800,16,1,0,0,-
3104,117994.042,0.0000,impact,ragdoll,Proventus Avenicci,0001A67D,NPC L Hand [LHnd],16,56.860,56.860,403.298,229.098,14.358,4.0000,8.334,216.794,3375.380,153.641,-0.9848,0.1733,-0.0144,167.405,74.064,-137.752,-,Skin,shape,0000020E2E517400,15,0,1,0,-
3105,117994.042,0.0000,impact,ragdoll,Proventus Avenicci,0001A67D,NPC R Forearm [RLar],15,56.860,56.860,403.298,272.585,9.844,6.0000,11.658,216.794,3375.380,153.641,-0.9848,0.1733,-0.0144,66.336,-249.314,-88.004,-,Skin,shape,0000020E2E516800,16,0,1,0,-
3106,118027.061,0.0000,impact,ragdoll,Proventus Avenicci,0001A67D,NPC L Hand [LHnd],16,93.052,93.052,144.995,152.331,27.271,4.0000,8.334,208.515,3380.328,141.127,0.0000,-0.1515,0.9885,118.008,37.915,-88.550,Static,StoneStairs,shape,0000020E28EDBA00,-,1,1,0,-
3107,118045.394,0.0000,impact,ragdoll,Proventus Avenicci,0001A67D,NPC L Calf [LClf],5,298.548,274.405,342.817,423.168,5.002,6.0000,19.675,270.995,3319.005,107.733,0.0000,-0.5813,0.8137,-101.689,-110.432,-395.645,Static,StoneStairs,shape,0000020E28EDBA00,-,0,0,0,-
3108,118077.137,0.0000,impact,ragdoll,Proventus Avenicci,0001A67D,NPC L Thigh [LThg],1,221.393,221.393,195.790,297.408,6.718,6.0000,20.487,246.272,3324.621,107.718,-0.0000,0.0147,0.9999,18.506,-198.915,-220.322,Static,StoneStairs,shape,0000020E28EDBA00,-,1,1,0,-
3109,118130.242,0.0000,impact,ragdoll,Proventus Avenicci,0001A67D,NPC R Hand [RHnd],17,156.068,156.068,318.397,273.935,15.450,4.0000,8.334,231.415,3354.889,121.621,-0.0000,-0.0487,0.9988,209.950,-73.929,-159.674,Static,StoneStairs,shape,0000020E28EDBA00,-,1,1,0,-
3110,118161.191,0.0000,impact,ragdoll,Proventus Avenicci,0001A67D,NPC Spine2 [Spn2],9,82.915,82.915,46.581,300.310,2.560,7.0000,23.052,231.686,3352.690,150.229,0.2346,-0.9205,0.3124,129.173,-222.284,-155.210,-,Skin,shape,0000020E2E516800,16,1,1,0,-
3111,118161.193,0.0000,impact,ragdoll,Proventus Avenicci,0001A67D,NPC L Hand [LHnd],16,82.915,82.915,46.581,318.773,7.268,4.0000,8.334,231.686,3352.690,150.229,0.2346,-0.9205,0.3124,177.729,-260.514,-46.489,-,Skin,shape,0000020E2E584100,9,1,1,0,-
3112,118178.329,0.0000,impact,ragdoll,Proventus Avenicci,0001A67D,NPC R Thigh [RThg],2,200.928,200.928,158.549,435.757,10.398,6.0000,20.487,255.944,3294.609,116.585,0.7118,0.5807,0.3952,-40.457,-379.170,-210.898,-,Skin,shape,0000020E2E585C00,1,0,1,0,-
3113,118178.330,0.0000,impact,ragdoll,Proventus Avenicci,0001A67D,NPC L Thigh [LThg],1,200.928,200.928,158.549,266.230,9.935,6.0000,20.487,255.944,3294.609,116.585,0.7118,0.5807,0.3952,14.908,-252.549,-82.916,-,Skin,shape,0000020E2E585000,2,0,1,0,-
3114,118178.337,0.0000,impact,ragdoll,Proventus Avenicci,0001A67D,NPC R Forearm [RLar],15,81.729,81.729,151.573,221.110,12.230,6.0000,11.658,244.243,3347.149,121.244,-0.0000,-0.0487,0.9988,113.354,-132.159,-136.289,Static,StoneStairs,shape,0000020E28EDBA00,-,1,1,0,-
3115,118210.247,0.0000,impact,ragdoll,Proventus Avenicci,0001A67D,NPC R Thigh [RThg],2,128.286,128.286,159.398,425.346,8.927,6.0000,20.487,255.305,3280.447,112.915,0.8592,0.4806,0.1755,-14.636,-348.235,-243.797,-,Skin,shape,0000020E2E585900,5,1,1,0,-
3116,118210.247,0.0000,impact,ragdoll,Proventus Avenicci,0001A67D,NPC L Calf [LClf],5,128.286,128.286,159.398,302.642,6.630,6.0000,19.675,255.305,3280.447,112.915,0.8592,0.4806,0.1755,-86.183,-290.068,-4.995,-,Skin,shape,0000020E2E585000,2,1,1,0,-
3117,118210.782,0.0000,impact,ragdoll,Proventus Avenicci,0001A67D,NPC R Forearm [RLar],15,16.588,16.588,61.327,163.140,16.322,6.0000,11.658,247.650,3344.101,121.096,0.0000,-0.0708,0.9975,67.778,-96.142,-113.038,Static,StoneStairs,shape,0000020E28EDBA00,-,1,1,0,-
3118,118227.618,0.0000,impact,ragdoll,Proventus Avenicci,0001A67D,NPC L Hand [LHnd],16,99.879,99.879,146.362,307.141,2.868,4.0000,8.334,246.783,3342.706,131.927,-0.5190,-0.0189,0.8545,151.822,-229.856,-135.838,-,Skin,shape,0000020E2E517400,15,1,1,0,-
3119,118227.619,0.0000,impact,ragdoll,Proventus Avenicci,0001A67D,NPC R Forearm [RLar],15,99.879,99.879,146.362,167.703,17.973,6.0000,11.658,246.783,3342.706,131.927,-0.5190,-0.0189,0.8545,89.712,-97.821,-102.503,-,Skin,shape,0000020E2E516800,16,1,1,0,-
3120,118227.620,0.0000,impact,ragdoll,Proventus Avenicci,0001A67D,NPC L Hand [LHnd],16,40.904,40.904,199.640,307.141,2.868,4.0000,8.334,246.640,3347.522,132.994,-0.4987,-0.4365,0.7488,151.822,-229.856,-135.838,-,Skin,shape,0000020E2E517100,17,1,1,0,-
3121,118227.620,0.0000,impact,ragdoll,Proventus Avenicci,0001A67D,NPC R Hand [RHnd],17,40.904,40.904,199.640,230.894,15.155,4.0000,8.334,246.640,3347.522,132.994,-0.4987,-0.4365,0.7488,205.371,-101.317,29.492,-,Skin,shape,0000020E2E516800,16,1,1,0,-
3122,118261.008,0.0000,impact,ragdoll,Proventus Avenicci,0001A67D,NPC COM [COM ],0,210.845,210.845,313.569,368.992,6.577,50.0000,17.687,248.739,3292.972,92.852,0.0000,-0.0629,0.9980,66.797,-272.226,-239.971,Static,StoneStairs,shape,0000020E28EDBA00,-,1,1,0,-
3123,118294.088,0.0000,impact,ragdoll,Proventus Avenicci,0001A67D,NPC R Forearm [RLar],15,215.966,215.966,213.593,293.524,8.714,6.0000,11.658,258.009,3326.238,107.694,0.0000,0.0147,0.9999,205.191,-106.736,-180.722,Static,StoneStairs,shape,0000020E28EDBA00,-,0,0,0,-
3124,118294.565,0.0000,impact,ragdoll,Proventus Avenicci,0001A67D,NPC Spine2 [Spn2],9,82.482,82.482,160.364,312.500,3.397,7.0000,23.052,251.244,3317.730,130.802,0.2824,-0.9588,-0.0314,220.482,-214.287,-55.899,-,Skin,shape,0000020E2E516800,16,1,1,0,-
3125,118294.565,0.0000,impact,ragdoll,Proventus Avenicci,0001A67D,NPC L Hand [LHnd],16,82.482,82.482,160.364,404.505,9.761,4.0000,8.334,251.244,3317.730,130.802,0.2824,-0.9588,-0.0314,102.739,-332.800,-205.701,-,Skin,shape,0000020E2E584100,9,1,1,0,-
3126,118311.834,0.0000,impact,ragdoll,Proventus Avenicci,0001A67D,NPC R Thigh [RThg],2,90.889,90.889,262.727,332.127,9.347,6.0000,20.487,260.083,3267.991,79.813,0.0000,-0.5536,0.8328,-7.469,-245.546,-223.516,Static,StoneStairs,shape,0000020E28EDBA00,-,1,0,0,-
3127,118311.836,0.0000,impact,ragdoll,Proventus Avenicci,0001A67D,NPC R Thigh [RThg],2,90.889,90.889,262.727,332.127,9.347,6.0000,20.487,260.083,3267.991,79.813,0.0000,-0.5536,0.8328,-7.469,-245.546,-223.516,Static,StoneStairs,shape,0000020E28EDBA00,-,0,1,0,-
3128,118311.841,0.0000,impact,ragdoll,Proventus Avenicci,0001A67D,NPC R UpperArm [RUar],12,42.583,42.583,125.636,202.260,10.419,2.0000,14.463,254.510,3320.099,126.320,0.7973,0.0511,-0.6014,129.977,-131.833,-81.456,-,Skin,shape,0000020E2E516800,16,1,1,0,-
3129,118311.841,0.0000,impact,ragdoll,Proventus Avenicci,0001A67D,NPC L Hand [LHnd],16,42.583,42.583,125.636,368.771,11.979,4.0000,8.334,254.510,3320.099,126.320,0.7973,0.0511,-0.6014,91.810,-285.585,-214.486,-,Skin,shape,0000020E2E517700,12,1,1,0,-
3130,118311.842,0.0000,impact,ragdoll,Proventus Avenicci,0001A67D,NPC R UpperArm [RUar],12,70.712,70.712,149.000,202.260,10.419,2.0000,14.463,263.046,3321.569,107.763,0.0000,0.0147,0.9999,129.977,-131.833,-81.456,Static,StoneStairs,shape,0000020E28EDBA00,-,1,1,0,-
3131,118329.391,0.0000,impact,ragdoll,Proventus Avenicci,0001A67D,NPC R Calf [RClf],4,212.297,212.297,288.979,351.486,8.540,6.0000,19.675,255.039,3236.518,66.768,-0.0000,-0.2885,0.9575,-159.319,-181.409,-255.442,Static,StoneStairs,shape,0000020E28EDBA00,-,1,0,0,-
3132,118329.392,0.0000,impact,ragdoll,Proventus Avenicci,0001A67D,NPC R Calf [RClf],4,212.297,212.297,288.979,351.486,8.540,6.0000,19.675,255.039,3236.518,66.768,-0.0000,-0.2885,0.9575,-159.319,-181.409,-255.442,Static,StoneStairs,shape,0000020E28EDBA00,-,0,1,0,-
3133,118329.397,0.0000,impact,ragdoll,Proventus Avenicci,0001A67D,NPC R UpperArm [RUar],12,38.288,38.288,190.885,277.141,9.274,2.0000,14.463,265.585,3319.205,107.798,-0.0000,-0.0106,0.9999,163.034,-215.361,-62.024,Static,StoneStairs,shape,0000020E28EDBA00,-,1,1,0,-
3134,118344.345,0.0000,impact,ragdoll,Proventus Avenicci,0001A67D,NPC R Foot [Rft ],8,122.284,122.284,177.964,264.245,21.691,3.0000,10.011,246.712,3219.893,53.017,-0.0000,0.0144,0.9999,-207.348,-90.807,-136.331,Static,StoneStairs,shape,0000020E28EDBA00,-,1,1,0,-
3135,118377.234,0.0000,impact,ragdoll,Proventus Avenicci,0001A67D,NPC L Forearm [LLar],14,78.054,78.054,9.116,339.229,9.175,2.0000,11.658,260.234,3282.333,116.937,-0.5576,0.3919,0.7318,130.138,-284.766,-130.571,-,Skin,shape,0000020E2E584400,6,1,1,0,-
3136,118377.235,0.0000,impact,ragdoll,Proventus Avenicci,0001A67D,NPC Spine1 [Spn1],6,78.054,78.054,9.116,255.026,8.241,4.0000,18.878,260.234,3282.333,116.937,-0.5576,0.3919,0.7318,69.694,-209.715,-127.282,-,Skin,shape,0000020E2E516B00,14,1,1,0,-
3137,118377.760,0.0000,impact,ragdoll,Proventus Avenicci,0001A67D,NPC R Thigh [RThg],2,46.058,46.058,117.239,210.969,6.602,6.0000,20.487,246.704,3248.246,85.477,0.6679,-0.6114,-0.4243,14.609,-191.257,-87.836,-,Skin,shape,0000020E2E585C00,1,0,1,0,-
3138,118377.761,0.0000,impact,ragdoll,Proventus Avenicci,0001A67D,NPC L Thigh [LThg],1,46.058,46.058,117.239,198.613,7.446,6.0000,20.487,246.704,3248.246,85.477,0.6679,-0.6114,-0.4243,40.399,-163.635,-105.065,-,Skin,shape,0000020E2E585000,2,0,1,0,-
3139,118393.820,0.0000,impact,ragdoll,Proventus Avenicci,0001A67D,NPC R Thigh [RThg],2,103.309,103.309,188.283,245.854,4.388,6.0000,20.487,255.139,3238.079,66.875,0.0000,-0.0625,0.9980,34.380,-206.983,-128.142,Static,StoneStairs,shape,0000020E28EDBA00,-,1,1,0,-
3140,118393.822,0.0000,impact,ragdoll,Proventus Avenicci,0001A67D,NPC R Calf [RClf],4,48.970,48.970,219.189,182.879,11.284,6.0000,19.675,252.539,3236.509,66.765,-0.0000,-0.3163,0.9487,-75.352,-156.850,-56.258,Static,StoneStairs,shape,0000020E28EDBA00,-,1,0,0,-
3141,118393.822,0.0000,impact,ragdoll,Proventus Avenicci,0001A67D,NPC R Calf [RClf],4,48.970,48.970,219.189,182.879,11.284,6.0000,19.675,252.539,3236.509,66.765,-0.0000,-0.3163,0.9487,-75.352,-156.850,-56.258,Static,StoneStairs,shape,0000020E28EDBA00,-,0,1,0,-
3142,118426.946,0.0000,impact,ragdoll,Proventus Avenicci,0001A67D,NPC R Thigh [RThg],2,53.956,53.956,211.071,255.685,6.473,6.0000,20.487,255.023,3236.494,66.760,0.0000,-0.3570,0.9341,2.334,-209.789,-146.142,Static,StoneStairs,shape,0000020E28EDBA00,-,1,0,0,-
3143,118426.947,0.0000,impact,ragdoll,Proventus Avenicci,0001A67D,NPC R Thigh [RThg],2,53.956,53.956,211.071,255.685,6.473,6.0000,20.487,255.023,3236.494,66.760,0.0000,-0.3570,0.9341,2.334,-209.789,-146.142,Static,StoneStairs,shape,0000020E28EDBA00,-,0,1,0,-
3144,118455.687,0.0000,state,unknown,Proventus Avenicci,0001A67D,-,-,0.000,0.000,0.000,0.000,0.000,0.0000,0.000,0.000,0.000,0.000,0.0000,0.0000,0.0000,0.000,0.000,0.000,-,-,-,0000000000000000,-,0,0,0,knock_get_up
3145,119510.804,0.0000,state,unknown,Proventus Avenicci,0001A67D,-,-,0.000,0.000,0.000,0.000,0.000,0.0000,0.000,0.000,0.000,0.000,0.0000,0.0000,0.0000,0.000,0.000,0.000,-,-,-,0000000000000000,-,0,0,0,ragdoll_start
3146,119530.285,0.0000,impact,ragdoll,Proventus Avenicci,0001A67D,NPC R Hand [RHnd],17,26.666,26.666,503.381,70.790,43.801,4.0000,8.334,294.660,3266.318,75.955,0.0000,-0.9229,0.3850,-0.765,48.963,51.121,Static,StoneStairs,shape,0000020E28EDBA00,-,0,1,0,-
3147,119562.530,0.0000,impact,ragdoll,Proventus Avenicci,0001A67D,NPC R Calf [RClf],4,82.382,82.382,113.221,86.248,24.180,6.0000,19.675,235.396,3265.631,74.308,0.0000,-0.9229,0.3850,-44.311,-28.885,-68.124,Static,StoneStairs,shape,0000020E28EDBA00,-,1,1,0,-
3148,119562.534,0.0000,impact,ragdoll,Proventus Avenicci,0001A67D,NPC R Foot [Rft ],8,189.753,189.753,120.663,162.145,34.779,3.0000,10.011,232.386,3248.543,67.531,-0.0000,-0.0625,0.9980,-33.931,6.315,-158.429,Static,StoneStairs,shape,0000020E28EDBA00,-,1,1,0,-
3149,119611.508,0.0000,impact,ragdoll,Proventus Avenicci,0001A67D,NPC R Calf [RClf],4,80.109,80.109,110.101,91.478,14.873,6.0000,19.675,233.928,3255.338,67.957,-0.0000,-0.0625,0.9980,-67.950,-39.140,-47.107,Static,StoneStairs,shape,0000020E28EDBA00,-,0,0,0,-
3150,119611.509,0.0000,impact,ragdoll,Proventus Avenicci,0001A67D,NPC R Calf [RClf],4,73.811,73.811,77.549,91.478,14.873,6.0000,19.675,241.572,3248.229,67.503,0.0000,-0.0625,0.9980,-67.950,-39.140,-47.107,Static,StoneStairs,shape,0000020E28EDBA00,-,0,1,0,-
3151,119611.997,0.0000,impact,ragdoll,Proventus Avenicci,0001A67D,NPC L Foot [Lft ],7,115.589,115.589,85.988,162.252,8.036,3.0000,10.011,188.827,3267.229,77.641,0.0000,-0.9229,0.3850,-38.221,154.802,30.023,Static,StoneStairs,shape,0000020E28EDBA00,-,1,1,0,-
3152,119646.538,0.0000,impact,ragdoll,Proventus Avenicci,0001A67D,NPC L Foot [Lft ],7,56.057,56.057,155.945,170.045,11.481,3.0000,10.011,187.422,3268.192,79.872,0.0000,0.0200,0.9998,-33.346,155.965,-58.976,Static,StoneStairs,shape,0000020E28EDBA00,-,0,1,0,-
3153,119664.928,0.0000,impact,ragdoll,Proventus Avenicci,0001A67D,NPC L Foot [Lft ],7,32.992,32.992,101.964,123.399,7.040,3.0000,10.011,185.537,3268.182,79.872,0.0000,-0.1280,0.9918,15.986,119.860,-24.604,Static,StoneStairs,shape,0000020E28EDBA00,-,0,1,0,-
3154,119695.496,0.0000,impact,ragdoll,Proventus Avenicci,0001A67D,NPC R Calf [RClf],4,17.190,17.190,173.153,198.600,20.744,6.0000,19.675,228.845,3246.619,67.410,0.0000,-0.0625,0.9980,-195.395,-15.268,-32.085,Static,StoneStairs,shape,0000020E28EDBA00,-,0,0,0,-
3155,119695.497,0.0000,impact,ragdoll,Proventus Avenicci,0001A67D,NPC R Calf [RClf],4,57.609,57.609,160.841,198.600,20.744,6.0000,19.675,240.749,3236.587,66.782,0.0000,-0.0913,0.9958,-195.395,-15.268,-32.085,Static,StoneStairs,shape,0000020E28EDBA00,-,0,1,0,-
3156,119695.502,0.0000,impact,ragdoll,Proventus Avenicci,0001A67D,NPC Spine2 [Spn2],9,20.346,20.346,119.071,232.887,5.480,7.0000,23.052,272.519,3257.408,100.224,-0.3030,0.1037,0.9473,-27.675,-215.610,83.564,-,Skin,shape,0000020E2E517400,15,1,1,0,-
3157,119695.503,0.0000,impact,ragdoll,Proventus Avenicci,0001A67D,NPC R Forearm [RLar],15,20.346,20.346,119.071,140.902,44.176,6.0000,11.658,272.519,3257.408,100.224,-0.3030,0.1037,0.9473,-57.660,-92.487,89.302,-,Skin,shape,0000020E2E584100,9,1,1,0,-
3158,119695.505,0.0000,impact,ragdoll,Proventus Avenicci,0001A67D,NPC R Forearm [RLar],15,35.522,35.522,294.814,140.902,44.176,6.0000,11.658,266.135,3262.132,102.268,0.7004,-0.4745,-0.5332,-57.660,-92.487,89.302,-,Skin,shape,0000020E2E584400,6,1,1,0,-
3159,119695.505,0.0000,impact,ragdoll,Proventus Avenicci,0001A67D,NPC Spine1 [Spn1],6,35.522,35.522,294.814,193.491,3.400,4.0000,18.878,266.135,3262.132,102.268,0.7004,-0.4745,-0.5332,-9.961,-184.003,59.012,-,Skin,shape,0000020E2E517400,15,1,1,0,-
3160,119744.857,0.0000,impact,ragdoll,Proventus Avenicci,0001A67D,NPC R Calf [RClf],4,64.501,64.501,163.047,184.492,20.734,6.0000,19.675,232.018,3236.550,66.776,0.0000,-0.2660,0.9640,-177.341,37.853,-33.981,Static,StoneStairs,shape,0000020E28EDBA00,-,0,1,0,-
3161,119744.859,0.0000,impact,ragdoll,Proventus Avenicci,0001A67D,NPC L Calf [LClf],5,145.005,145.005,225.286,99.739,17.096,6.0000,19.675,198.998,3291.437,87.006,-0.0000,-0.9923,0.1240,83.352,49.598,23.247,Static,StoneStairs,shape,0000020E28EDBA00,-,0,1,0,-
3162,119744.860,0.0000,impact,ragdoll,Proventus Avenicci,0001A67D,NPC L Foot [Lft ],7,117.339,117.339,320.974,222.417,26.677,3.0000,10.011,194.475,3291.352,86.330,-0.0000,-0.9923,0.1240,128.913,175.112,-46.759,Static,StoneStairs,shape,0000020E28EDBA00,-,0,1,0,-
3163,119744.862,0.0000,impact,ragdoll,Proventus Avenicci,0001A67D,NPC Spine2 [Spn2],9,41.755,41.755,132.561,277.114,5.099,7.0000,23.052,271.183,3247.542,103.672,-0.3641,-0.0008,0.9314,-52.216,-267.741,48.792,-,Skin,shape,0000020E2E517400,15,1,1,0,-
3164,119744.862,0.0000,impact,ragdoll,Proventus Avenicci,0001A67D,NPC R Forearm [RLar],15,41.755,41.755,132.561,213.128,17.827,6.0000,11.658,271.183,3247.542,103.672,-0.3641,-0.0008,0.9314,-112.113,-148.659,103.705,-,Skin,shape,0000020E2E584100,9,1,1,0,-
3165,119745.319,0.0000,impact,ragdoll,Proventus Avenicci,0001A67D,NPC L Foot [Lft ],7,53.478,53.478,149.462,89.576,13.184,3.0000,10.011,194.437,3290.811,81.743,0.0000,-0.9923,0.1240,85.266,15.033,22.967,Static,StoneStairs,shape,0000020E28EDBA00,-,0,1,0,-
3166,119779.744,0.0000,impact,ragdoll,Proventus Avenicci,0001A67D,NPC R Calf [RClf],4,8.721,8.721,155.325,156.282,21.571,6.0000,19.675,227.061,3236.565,66.779,0.0000,-0.2660,0.9640,-152.695,33.295,-0.186,Static,StoneStairs,shape,0000020E28EDBA00,-,0,0,0,-
3167,119793.632,0.0000,impact,ragdoll,Proventus Avenicci,0001A67D,NPC L Foot [Lft ],7,135.289,135.289,377.034,188.212,25.781,3.0000,10.011,196.161,3290.783,81.753,0.0000,-0.9923,0.1240,168.851,81.860,14.559,Static,StoneStairs,shape,0000020E28EDBA00,-,0,1,0,-
3168,119793.635,0.0000,impact,ragdoll,Proventus Avenicci,0001A67D,NPC L Forearm [LLar],14,79.974,79.974,50.535,452.951,8.701,2.0000,11.658,273.124,3245.104,123.363,0.8452,0.5308,-0.0620,-91.487,-443.184,19.564,-,Skin,shape,0000020E2E584100,9,1,1,0,-
3169,119793.635,0.0000,impact,ragdoll,Proventus Avenicci,0001A67D,NPC Spine2 [Spn2],9,79.974,79.974,50.535,315.359,6.756,7.0000,23.052,273.124,3245.104,123.363,0.8452,0.5308,-0.0620,-87.562,-301.581,28.868,-,Skin,shape,0000020E2E516B00,14,1,1,0,-
3170,119793.636,0.0000,impact,ragdoll,Proventus Avenicci,0001A67D,NPC R Forearm [RLar],15,71.621,71.621,58.451,261.244,14.303,6.0000,11.658,259.520,3244.152,103.690,0.8377,-0.5024,-0.2140,-95.493,-222.654,97.747,-,Skin,shape,0000020E2E584700,3,1,1,0,-
3171,119793.636,0.0000,impact,ragdoll,Proventus Avenicci,0001A67D,NPC Spine [Spn0],3,71.621,71.621,58.451,215.893,5.904,4.0000,17.297,259.520,3244.152,103.690,0.8377,-0.5024,-0.2140,-21.733,-211.735,36.134,-,Skin,shape,0000020E2E517400,15,1,1,0,-
3172,119794.060,0.0000,impact,ragdoll,Proventus Avenicci,0001A67D,NPC R Foot [Rft ],8,32.199,32.199,170.503,153.534,3.025,3.0000,10.011,193.432,3263.320,68.768,-0.0000,-0.9229,0.3850,-148.168,40.210,-1.493,Static,StoneStairs,shape,0000020E28EDBA00,-,0,1,0,-
3173,119811.039,0.0000,impact,ragdoll,Proventus Avenicci,0001A67D,NPC L Hand [LHnd],16,120.366,120.366,245.112,499.625,5.691,4.0000,8.334,271.910,3230.948,109.217,0.7274,0.6561,0.2011,-63.672,-490.831,68.232,-,Skin,shape,0000020E2E517700,12,1,1,0,-
3174,119811.040,0.0000,impact,ragdoll,Proventus Avenicci,0001A67D,NPC R UpperArm [RUar],12,120.366,120.366,245.112,318.681,9.565,2.0000,14.463,271.910,3230.948,109.217,0.7274,0.6561,0.2011,-114.145,-293.354,49.720,-,Skin,shape,0000020E2E516800,16,1,1,0,-
3175,119828.454,0.0000,impact,ragdoll,Proventus Avenicci,0001A67D,NPC L Foot [Lft ],7,80.091,80.091,406.571,217.517,26.492,3.0000,10.011,203.286,3290.906,82.764,-0.0000,-0.9923,0.1240,213.462,40.904,8.623,Static,StoneStairs,shape,0000020E28EDBA00,-,0,1,0,-
3176,119844.003,0.0000,impact,ragdoll,Proventus Avenicci,0001A67D,NPC COM [COM ],0,40.341,40.341,131.345,219.794,15.497,50.0000,17.687,263.253,3235.055,101.543,-0.9146,0.4043,0.0077,-13.808,-217.045,31.781,-,Skin,shape,0000020E2E517400,15,1,1,0,-
3177,119844.004,0.0000,impact,ragdoll,Proventus Avenicci,0001A67D,NPC R Forearm [RLar],15,40.341,40.341,131.345,333.986,13.601,6.0000,11.658,263.253,3235.055,101.543,-0.9146,0.4043,0.0077,-106.939,-302.215,93.683,-,-,-,0000020E2E585600,0,1,1,0,-
3178,119844.601,0.0000,impact,ragdoll,Proventus Avenicci,0001A67D,NPC R Calf [RClf],4,23.545,23.545,187.260,140.494,10.580,6.0000,19.675,197.218,3265.500,73.994,0.0000,-0.9229,0.3850,-70.798,78.753,92.327,Static,StoneStairs,shape,0000020E28EDBA00,-,0,1,0,-
3179,119860.264,0.0000,impact,ragdoll,Proventus Avenicci,0001A67D,NPC R Hand [RHnd],17,47.361,47.361,53.783,352.840,13.527,4.0000,8.334,258.088,3233.043,105.807,0.9654,0.1156,-0.2337,-67.596,-316.244,141.126,-,Skin,shape,0000020E2E584700,3,1,1,0,-
3180,119860.265,0.0000,impact,ragdoll,Proventus Avenicci,0001A67D,NPC Spine [Spn0],3,47.361,47.361,53.783,263.738,6.917,4.0000,17.297,258.088,3233.043,105.807,0.9654,0.1156,-0.2337,-54.192,-258.017,6.939,-,Skin,shape,0000020E2E517100,17,1,1,0,-
3181,119860.733,0.0000,impact,ragdoll,Proventus Avenicci,0001A67D,NPC R Foot [Rft ],8,24.207,24.207,128.635,86.900,13.153,3.0000,10.011,190.959,3266.863,77.133,0.0000,-0.9229,0.3850,-7.484,82.906,24.943,Static,StoneStairs,shape,0000020E28EDBA00,-,0,1,0,-
3182,119878.414,0.0000,impact,ragdoll,Proventus Avenicci,0001A67D,NPC R Thigh [RThg],2,31.961,31.961,284.962,141.214,16.020,6.0000,20.487,235.074,3248.142,95.095,-0.2787,-0.8917,-0.3566,-20.768,-90.780,106.156,-,Skin,shape,0000020E2E585C00,1,0,1,0,-
3183,119878.415,0.0000,impact,ragdoll,Proventus Avenicci,0001A67D,NPC L Thigh [LThg],1,31.961,31.961,284.962,224.071,9.070,6.0000,20.487,235.074,3248.142,95.095,-0.2787,-0.8917,-0.3566,38.506,-213.917,54.451,-,Skin,shape,0000020E2E585000,2,0,1,0,-
3184,119910.306,0.0000,impact,ragdoll,Proventus Avenicci,0001A67D,NPC R Hand [RHnd],17,12.647,12.647,126.858,428.745,3.536,4.0000,8.334,255.428,3212.874,111.243,0.9328,0.2814,-0.2251,-54.518,-418.231,77.026,-,Skin,shape,0000020E2E584400,6,1,1,0,-
3185,119910.307,0.0000,impact,ragdoll,Proventus Avenicci,0001A67D,NPC Spine1 [Spn1],6,12.647,12.647,126.858,319.524,6.165,4.0000,18.878,255.428,3212.874,111.243,0.9328,0.2814,-0.2251,-90.732,-305.513,-22.906,-,Skin,shape,0000020E2E517100,17,1,1,0,-
3186,120395.411,0.0000,impact,ragdoll,Proventus Avenicci,0001A67D,NPC Head [Head],13,339.549,339.549,89.529,351.921,4.868,4.0000,15.108,184.798,3103.868,-8.815,0.0000,-0.0774,0.9970,37.184,-61.679,-344.473,Static,StoneStairs,shape,0000020E28EDBA00,-,1,1,0,-
3187,120395.956,0.0000,impact,ragdoll,Proventus Avenicci,0001A67D,NPC Head [Head],13,18.164,18.164,486.390,95.758,44.565,4.0000,15.108,184.795,3104.186,-8.790,-0.0000,-0.0774,0.9970,-87.323,-38.587,-7.435,Static,StoneStairs,shape,0000020E28EDBA00,-,0,1,0,-
3188,120427.793,0.0000,impact,ragdoll,Proventus Avenicci,0001A67D,NPC R Hand [RHnd],17,374.637,371.880,144.582,400.012,2.147,4.0000,8.334,188.600,3061.972,-15.650,0.0000,0.0000,1.0000,-95.391,-110.842,-372.323,Static,Wood,shape,0000020D52DC7100,-,0,0,0,-
3189,120428.357,0.0000,impact,ragdoll,Proventus Avenicci,0001A67D,NPC Neck [Neck],11,102.311,102.311,225.229,111.190,20.466,6.0000,8.431,189.570,3102.135,-8.949,-0.0000,-0.0774,0.9970,-35.412,-18.488,-103.766,Static,StoneStairs,shape,0000020E28EDBA00,-,1,1,0,-
3190,120428.360,0.0000,impact,ragdoll,Proventus Avenicci,0001A67D,NPC R Forearm [RLar],15,374.668,374.668,138.065,402.972,5.448,6.0000,11.658,194.901,3062.639,-15.650,-0.0000,-0.0000,1.0000,-108.400,-60.814,-383.324,Static,Wood,shape,0000020D52DC7100,-,1,1,0,-
3191,120428.429,0.0000,impact,ragdoll,Proventus Avenicci,0001A67D,NPC R UpperArm [RUar],12,278.382,221.196,329.596,258.637,38.034,2.0000,14.463,203.981,3085.677,-15.650,0.0000,0.0000,1.0000,-88.494,48.011,-238.237,Static,Wood,shape,0000020D52DC7100,-,0,0,0,-
3192,120444.890,0.0000,impact,ragdoll,Proventus Avenicci,0001A67D,NPC R UpperArm [RUar],12,180.120,105.476,231.166,189.744,13.782,2.0000,14.463,203.828,3085.724,-15.650,0.0000,-0.0000,1.0000,-132.743,56.365,-123.308,Static,Wood,shape,0000020D52DC7100,-,0,0,0,-
3193,120445.477,0.0000,impact,ragdoll,Proventus Avenicci,0001A67D,NPC Spine2 [Spn2],9,116.870,116.870,103.752,112.488,11.174,7.0000,23.052,201.405,3096.286,-9.404,-0.0000,-0.0774,0.9970,3.927,-39.919,-105.093,Static,StoneStairs,shape,0000020E28EDBA00,-,1,1,0,-
3194,120445.551,0.0000,impact,ragdoll,Proventus Avenicci,0001A67D,NPC R UpperArm [RUar],12,288.508,89.850,147.209,174.069,9.810,2.0000,14.463,203.315,3085.766,-15.650,0.0000,0.0000,1.0000,-158.091,53.638,-49.300,Static,Wood,shape,0000020D52DC7100,-,0,0,0,-
3195,120461.947,0.0000,impact,ragdoll,Proventus Avenicci,0001A67D,NPC R UpperArm [RUar],12,300.105,44.183,35.722,155.801,19.989,2.0000,14.463,202.473,3086.028,-15.650,-0.0000,0.0000,1.0000,-134.637,78.225,5.266,Static,Wood,shape,0000020D52DC7100,-,0,0,0,-
3196,120462.613,0.0000,impact,ragdoll,Proventus Avenicci,0001A67D,NPC R UpperArm [RUar],12,291.630,65.938,21.845,129.797,17.329,2.0000,14.463,201.777,3086.268,-15.650,0.0000,0.0000,1.0000,-105.698,71.616,-23.377,Static,Wood,shape,0000020D52DC7100,-,0,0,0,-
3197,120478.760,0.0000,impact,ragdoll,Proventus Avenicci,0001A67D,NPC R UpperArm [RUar],12,193.128,14.221,15.315,109.790,16.587,2.0000,14.463,201.127,3086.560,-15.650,-0.0000,0.0000,1.0000,-91.993,56.427,20.179,Static,Wood,shape,0000020D52DC7100,-,0,0,0,-
3198,120494.392,0.0000,impact,ragdoll,Proventus Avenicci,0001A67D,NPC R UpperArm [RUar],12,17.153,21.584,116.843,36.627,16.842,2.0000,14.463,200.559,3087.108,-15.650,0.0000,0.0000,1.0000,-25.044,25.732,7.222,Static,Wood,shape,0000020D52DC7100,-,0,0,0,-
3199,120495.089,0.0000,impact,ragdoll,Proventus Avenicci,0001A67D,NPC R UpperArm [RUar],12,33.948,48.192,175.273,20.683,18.025,2.0000,14.463,200.652,3087.128,-15.650,-0.0000,0.0000,1.0000,12.656,3.807,-15.910,Static,Wood,shape,0000020D52DC7100,-,0,0,0,-
3200,120495.551,0.0000,impact,ragdoll,Proventus Avenicci,0001A67D,NPC Spine2 [Spn2],9,189.193,189.193,198.845,197.301,11.330,7.0000,23.052,199.029,3074.351,-1.529,0.2150,0.8598,0.4632,94.142,-168.505,-40.881,-,Skin,shape,0000020E2E517400,15,1,1,0,-
3201,120495.551,0.0000,impact,ragdoll,Proventus Avenicci,0001A67D,NPC R Forearm [RLar],15,189.193,189.193,198.845,109.549,14.337,6.0000,11.658,199.029,3074.351,-1.529,0.2150,0.8598,0.4632,-83.014,30.303,64.741,-,Skin,shape,0000020E2E584100,9,1,1,0,-
3202,120495.556,0.0000,impact,ragdoll,Proventus Avenicci,0001A67D,NPC R Forearm [RLar],15,181.606,181.606,389.805,109.549,14.337,6.0000,11.658,203.467,3074.939,3.737,-0.5453,-0.4094,-0.7314,-83.014,30.303,64.741,-,Skin,shape,0000020E2E584400,6,1,1,0,-
3203,120495.556,0.0000,impact,ragdoll,Proventus Avenicci,0001A67D,NPC Spine1 [Spn1],6,181.606,181.606,389.805,277.358,5.865,4.0000,18.878,203.467,3074.939,3.737,-0.5453,-0.4094,-0.7314,11.267,-258.080,-100.970,-,Skin,shape,0000020E2E517400,15,1,1,0,-
3204,120510.702,0.0000,impact,ragdoll,Proventus Avenicci,0001A67D,NPC R UpperArm [RUar],12,106.199,38.666,180.455,94.864,17.219,2.0000,14.463,201.316,3086.970,-15.650,-0.0000,0.0000,1.0000,29.277,-39.932,-80.917,Static,Wood,shape,0000020D52DC7100,-,0,0,0,-
3205,120511.283,0.0000,impact,ragdoll,Proventus Avenicci,0001A67D,NPC L Hand [LHnd],16,236.875,236.875,344.344,493.770,18.836,4.0000,8.334,181.311,3104.098,2.845,-0.9497,-0.2851,0.1295,473.434,-139.349,-15.865,-,Skin,shape,0000020E2E517A00,13,1,1,0,-
3206,120511.284,0.0000,impact,ragdoll,Proventus Avenicci,0001A67D,NPC Head [Head],13,236.875,236.875,344.344,198.729,16.988,4.0000,15.108,181.311,3104.098,2.845,-0.9497,-0.2851,0.1295,194.541,-4.497,40.335,-,Skin,shape,0000020E2E516800,16,1,1,0,-
3207,120511.355,0.0000,impact,ragdoll,Proventus Avenicci,0001A67D,NPC R UpperArm [RUar],12,133.443,32.445,85.819,77.066,11.218,2.0000,14.463,201.691,3086.679,-15.650,-0.0000,0.0000,1.0000,-10.852,-52.842,-55.037,Static,Wood,shape,0000020D52DC7100,-,0,0,0,-
3208,120527.021,0.0000,impact,ragdoll,Proventus Avenicci,0001A67D,NPC R UpperArm [RUar],12,128.390,28.296,8.677,76.448,6.858,2.0000,14.463,201.545,3086.428,-15.650,-0.0000,0.0000,1.0000,7.782,-46.549,-60.141,Static,Wood,shape,0000020D52DC7100,-,0,0,0,-
3209,120527.634,0.0000,impact,ragdoll,Proventus Avenicci,0001A67D,NPC R UpperArm [RUar],12,119.283,20.507,13.020,94.012,14.890,2.0000,14.463,201.843,3086.094,-15.650,-0.0000,-0.0000,1.0000,58.624,-50.723,-53.186,Static,Wood,shape,0000020D52DC7100,-,0,0,0,-
3210,120544.563,0.0000,impact,ragdoll,Proventus Avenicci,0001A67D,NPC R UpperArm [RUar],12,108.614,14.174,7.463,103.254,17.129,2.0000,14.463,202.366,3085.702,-15.650,-0.0000,0.0000,1.0000,78.359,-55.950,-37.293,Static,Wood,shape,0000020D52DC7100,-,0,0,0,-
3211,120545.124,0.0000,impact,ragdoll,Proventus Avenicci,0001A67D,NPC Spine2 [Spn2],9,216.254,216.254,200.026,219.487,9.012,7.0000,23.052,187.965,3087.932,16.280,0.9420,-0.2289,-0.2453,93.463,-194.772,-38.767,-,Skin,shape,0000020E2E516B00,14,1,1,0,-
3212,120545.124,0.0000,impact,ragdoll,Proventus Avenicci,0001A67D,NPC L Forearm [LLar],14,216.254,216.254,200.026,512.058,11.074,2.0000,11.658,187.965,3087.932,16.280,0.9420,-0.2289,-0.2453,318.410,-387.076,104.838,-,Skin,shape,0000020E2E584100,9,1,1,0,-
3213,120545.193,0.0000,impact,ragdoll,Proventus Avenicci,0001A67D,NPC R UpperArm [RUar],12,99.365,12.304,42.544,132.390,17.089,2.0000,14.463,203.167,3085.269,-15.650,0.0000,0.0000,1.0000,114.654,-59.809,-28.363,Static,Wood,shape,0000020D52DC7100,-,0,0,0,-
3214,120545.537,0.0000,impact,ragdoll,Proventus Avenicci,0001A67D,NPC Spine [Spn0],3,74.225,74.225,150.947,312.912,6.148,4.0000,17.297,201.209,3066.244,-5.452,0.7056,-0.4910,0.5108,-33.549,-245.019,-191.713,-,Skin,shape,0000020E2E517400,15,1,1,0,-
3215,120545.537,0.0000,impact,ragdoll,Proventus Avenicci,0001A67D,NPC R Forearm [RLar],15,74.225,74.225,150.947,79.279,19.941,6.0000,11.658,201.209,3066.244,-5.452,0.7056,-0.4910,0.5108,69.997,-20.162,-31.291,-,Skin,shape,0000020E2E584700,3,1,1,0,-
3216,120545.541,0.0000,impact,ragdoll,Proventus Avenicci,0001A67D,NPC R Forearm [RLar],15,15.514,15.514,124.527,79.279,19.941,6.0000,11.658,190.487,3058.360,-15.650,0.0000,-0.0000,1.0000,69.997,-20.162,-31.291,Static,Wood,shape,0000020D52DC7100,-,1,1,0,-
3217,120545.542,0.0000,impact,ragdoll,Proventus Avenicci,0001A67D,NPC L Hand [LHnd],16,194.710,194.710,474.175,440.787,38.342,4.0000,8.334,194.530,3086.601,9.820,-0.9114,0.3795,-0.1593,309.094,-275.092,151.916,-,Skin,shape,0000020E2E584100,9,1,1,0,-
3218,120545.542,0.0000,impact,ragdoll,Proventus Avenicci,0001A67D,NPC Spine2 [Spn2],9,194.710,194.710,474.175,271.663,9.973,7.0000,23.052,194.530,3086.601,9.820,-0.9114,0.3795,-0.1593,135.250,-230.051,-50.841,-,Skin,shape,0000020E2E516800,16,1,1,0,-
3219,120560.670,0.0000,impact,ragdoll,Proventus Avenicci,0001A67D,NPC R UpperArm [RUar],12,89.599,16.082,83.243,138.973,18.413,2.0000,14.463,204.169,3084.861,-15.650,0.0000,0.0000,1.0000,125.505,-44.838,-39.391,Static,Wood,shape,0000020D52DC7100,-,0,0,0,-
3220,120561.912,0.0000,impact,ragdoll,Proventus Avenicci,0001A67D,NPC R Thigh [RThg],2,248.684,248.684,202.135,435.443,10.027,6.0000,20.487,220.756,3049.032,-15.650,0.0000,-0.0000,1.0000,-54.660,-299.977,-310.865,Static,Wood,shape,0000020D52DC7100,-,1,1,0,-
3221,120578.146,0.0000,impact,ragdoll,Proventus Avenicci,0001A67D,NPC COM [COM ],0,167.830,167.830,114.429,316.965,12.946,50.0000,17.687,215.608,3045.397,-15.650,0.0000,0.0000,1.0000,-70.595,-242.535,-191.467,Static,Wood,shape,0000020D52DC7100,-,1,1,0,-
3222,120578.151,0.0000,impact,ragdoll,Proventus Avenicci,0001A67D,NPC R Thigh [RThg],2,274.488,274.488,281.122,309.080,15.383,6.0000,20.487,242.196,3042.438,-15.650,-0.0000,0.0000,1.0000,-42.753,-275.368,-133.698,Static,Wood,shape,0000020D52DC7100,-,0,1,0,-
3223,120578.154,0.0000,impact,ragdoll,Proventus Avenicci,0001A67D,NPC R Calf [RClf],4,339.870,339.870,299.046,556.548,8.836,6.0000,19.675,247.021,3041.756,-15.650,0.0000,-0.0000,1.0000,-44.918,-417.590,-365.167,Static,Wood,shape,0000020D52DC7100,-,1,1,0,-
3224,120594.907,0.0000,impact,ragdoll,Proventus Avenicci,0001A67D,NPC R Foot [Rft ],8,435.938,422.541,460.604,647.785,13.757,3.0000,10.011,278.578,3029.296,-15.650,0.0000,0.0000,1.0000,-47.313,-487.957,-423.420,Static,Wood,shape,0000020D52DC7100,-,0,0,0,-
3225,120595.282,0.0000,impact,ragdoll,Proventus Avenicci,0001A67D,NPC Spine [Spn0],3,8.863,8.863,185.094,213.237,12.679,4.0000,17.297,211.637,3045.957,-15.650,-0.0000,0.0000,1.0000,30.220,-207.368,-39.437,Static,Wood,shape,0000020D52DC7100,-,1,1,0,-
3226,120611.852,0.0000,impact,ragdoll,Proventus Avenicci,0001A67D,NPC L Thigh [LThg],1,285.134,294.998,134.955,260.786,9.998,6.0000,20.487,207.794,3007.830,-15.650,0.0000,0.0000,1.0000,-99.532,-131.079,-202.289,Static,Wood,shape,0000020D52DC7100,-,0,0,0,-
3227,120612.384,0.0000,impact,ragdoll,Proventus Avenicci,0001A67D,NPC L Calf [LClf],5,333.148,333.148,151.547,483.006,9.464,6.0000,19.675,207.509,3002.680,-15.650,-0.0000,0.0000,1.0000,-196.251,-144.922,-416.868,Static,Wood,shape,0000020D52DC7100,-,1,1,0,-
3228,120612.458,0.0000,impact,ragdoll,Proventus Avenicci,0001A67D,NPC L Thigh [LThg],1,79.129,0.538,203.450,166.541,6.104,6.0000,20.487,207.481,3007.400,-15.650,0.0000,-0.0000,1.0000,-98.592,-120.225,-59.680,Static,Wood,shape,0000020D52DC7100,-,0,0,0,-
3229,120629.307,0.0000,impact,ragdoll,Proventus Avenicci,0001A67D,NPC L Foot [Lft ],7,655.900,655.900,325.940,735.299,16.984,3.0000,10.011,211.336,2966.133,-15.650,-0.0000,0.0000,1.0000,-273.732,-293.551,-616.086,Static,Wood,shape,0000020D52DC7100,-,1,1,0,-
3230,120629.316,0.0000,impact,ragdoll,Proventus Avenicci,0001A67D,NPC R Hand [RHnd],17,47.495,47.495,228.055,176.314,18.528,4.0000,8.334,185.993,3058.781,-15.650,-0.0000,-0.0000,1.0000,90.190,143.955,-47.215,Static,Wood,shape,0000020D52DC7100,-,0,1,0,-
3231,120629.811,0.0000,impact,ragdoll,Proventus Avenicci,0001A67D,NPC L Thigh [LThg],1,56.321,56.321,117.878,132.023,2.140,6.0000,20.487,205.926,3005.851,-15.654,0.0000,0.0000,1.0000,-18.175,-118.731,-54.797,Static,Wood,shape,0000020D52DC7100,-,0,1,0,-
3232,120661.206,0.0000,impact,ragdoll,Proventus Avenicci,0001A67D,NPC L Thigh [LThg],1,19.625,19.625,185.650,170.012,5.175,6.0000,20.487,204.258,3023.050,-15.650,0.0000,0.0000,1.0000,-65.383,-155.684,19.789,Static,Wood,shape,0000020D52DC7100,-,0,1,0,-
3233,120661.315,0.0000,impact,ragdoll,Proventus Avenicci,0001A67D,NPC R Foot [Rft ],8,72.167,65.014,439.445,469.750,7.296,3.0000,10.011,276.676,3003.262,-15.650,-0.0000,0.0000,1.0000,-150.682,-438.137,-77.437,Static,Wood,shape,0000020D52DC7100,-,0,0,0,-
3234,120695.113,0.0000,impact,ragdoll,Proventus Avenicci,0001A67D,NPC COM [COM ],0,15.718,15.718,115.248,123.455,4.547,50.0000,17.687,209.182,3023.062,-15.650,0.0000,0.0000,1.0000,9.326,-122.850,-7.889,Static,Wood,shape,0000020D52DC7100,-,0,1,0,-
3235,120695.206,0.0000,impact,ragdoll,Proventus Avenicci,0001A67D,NPC R Foot [Rft ],8,63.606,81.303,612.408,553.181,13.991,3.0000,10.011,272.224,2989.192,-15.650,0.0000,0.0000,1.0000,-236.023,-496.997,-57.408,Static,Wood,shape,0000020D52DC7100,-,0,0,0,-
3236,120744.244,0.0000,impact,ragdoll,Proventus Avenicci,0001A67D,NPC L Thigh [LThg],1,70.192,38.343,92.721,72.918,4.597,6.0000,20.487,198.544,2993.150,-15.650,0.0000,-0.0000,1.0000,-37.999,-57.433,-23.969,Static,Wood,shape,0000020D52DC7100,-,0,0,0,-
3237,120744.613,0.0000,impact,ragdoll,Proventus Avenicci,0001A67D,NPC L Calf [LClf],5,84.918,84.918,119.605,137.496,3.238,6.0000,19.675,196.700,2988.204,-15.650,0.0000,0.0000,1.0000,-125.233,-21.226,-52.643,Static,Wood,shape,0000020D52DC7100,-,1,1,0,-
3238,120761.323,0.0000,impact,ragdoll,Proventus Avenicci,0001A67D,NPC L Thigh [LThg],1,54.557,19.312,74.315,60.228,3.332,6.0000,20.487,198.119,2992.888,-15.650,-0.0000,0.0000,1.0000,-25.409,-49.033,-24.034,Static,Wood,shape,0000020D52DC7100,-,0,0,0,-
3239,120761.921,0.0000,impact,ragdoll,Proventus Avenicci,0001A67D,NPC COM [COM ],0,9.168,9.168,96.769,104.320,5.311,50.0000,17.687,215.872,3015.883,-15.650,0.0000,0.0000,1.0000,20.407,-102.217,-4.244,Static,Wood,shape,0000020D52DC7100,-,0,1,0,-
3240,120795.784,0.0000,impact,ragdoll,Proventus Avenicci,0001A67D,NPC L Foot [Lft ],7,86.519,86.519,163.198,177.501,8.351,3.0000,10.011,181.850,2952.722,-10.320,0.1045,0.9945,-0.0008,-167.877,-56.053,-13.478,Static,Stone,shape,0000020E27FE8400,-,1,1,0,-
3241,120812.366,0.0000,impact,ragdoll,Proventus Avenicci,0001A67D,NPC L Thigh [LThg],1,35.980,25.706,57.648,65.449,3.098,6.0000,20.487,195.107,2990.258,-15.650,0.0000,-0.0000,1.0000,-13.643,-61.794,-16.702,Static,Wood,shape,0000020D52DC7100,-,0,0,0,-
3242,120812.780,0.0000,impact,ragdoll,Proventus Avenicci,0001A67D,NPC L Foot [Lft ],7,9.125,9.125,180.939,150.343,5.791,3.0000,10.011,181.897,2952.736,-5.792,0.1045,0.9945,-0.0008,-147.302,30.078,-0.725,Static,Stone,shape,0000020E27FE8400,-,0,1,0,-
3243,120829.655,0.0000,impact,ragdoll,Proventus Avenicci,0001A67D,NPC L Thigh [LThg],1,27.471,10.485,55.619,55.508,2.876,6.0000,20.487,194.856,2989.980,-15.650,0.0000,-0.0000,1.0000,-8.855,-53.034,-13.791,Static,Wood,shape,0000020D52DC7100,-,0,0,0,-
3244,120830.294,0.0000,impact,ragdoll,Proventus Avenicci,0001A67D,NPC R Foot [Rft ],8,70.850,74.522,410.993,385.784,7.099,3.0000,10.011,229.946,2942.938,-15.650,0.0000,0.0000,1.0000,-349.150,-151.033,-64.133,Static,Wood,shape,0000020D52DC7100,-,0,0,0,-
3245,120846.446,0.0000,impact,ragdoll,Proventus Avenicci,0001A67D,NPC L Thigh [LThg],1,6.685,6.014,46.854,53.925,2.838,6.0000,20.487,193.949,2988.866,-15.650,0.0000,-0.0000,1.0000,-6.918,-53.433,-2.212,Static,Wood,shape,0000020D52DC7100,-,0,0,0,-
3246,120916.426,0.0000,impact,ragdoll,Proventus Avenicci,0001A67D,NPC L Hand [LHnd],16,20.085,20.085,33.111,107.301,3.312,4.0000,8.334,220.506,3020.629,14.502,-0.0774,0.8846,0.4599,52.600,-66.150,-66.113,-,Skin,shape,0000020E2E584400,6,1,1,0,-
3247,120916.427,0.0000,impact,ragdoll,Proventus Avenicci,0001A67D,NPC Spine1 [Spn1],6,20.085,20.085,33.111,97.184,2.034,4.0000,18.878,220.506,3020.629,14.502,-0.0774,0.8846,0.4599,52.241,-81.913,-2.426,-,Skin,shape,0000020E2E516800,16,1,1,0,-
3248,120929.082,0.0000,impact,ragdoll,Proventus Avenicci,0001A67D,NPC R Foot [Rft ],8,28.734,30.718,271.704,256.523,4.019,3.0000,10.011,200.295,2938.063,-15.650,-0.0000,0.0000,1.0000,-253.778,26.011,-26.908,Static,Wood,shape,0000020D52DC7100,-,0,0,0,-
3249,120929.606,0.0000,impact,ragdoll,Proventus Avenicci,0001A67D,NPC L Forearm [LLar],14,25.949,25.949,16.358,101.101,3.380,2.0000,11.658,217.148,3017.283,16.225,-0.4696,0.6069,0.6412,69.273,-62.752,-38.535,-,Skin,shape,0000020E2E584400,6,1,1,0,-
3250,120929.606,0.0000,impact,ragdoll,Proventus Avenicci,0001A67D,NPC Spine1 [Spn1],6,25.949,25.949,16.358,94.204,2.248,4.0000,18.878,217.148,3017.283,16.225,-0.4696,0.6069,0.6412,42.706,-83.836,-4.715,-,Skin,shape,0000020E2E516B00,14,1,1,0,-
3251,120944.576,0.0000,impact,ragdoll,Proventus Avenicci,0001A67D,NPC L Thigh [LThg],1,8.353,1.485,23.755,18.258,2.532,6.0000,20.487,191.384,2988.032,-15.650,0.0000,-0.0000,1.0000,-1.588,-18.181,-0.539,Static,Wood,shape,0000020D52DC7100,-,0,0,0,-
3252,120979.879,0.0000,impact,ragdoll,Proventus Avenicci,0001A67D,NPC R Foot [Rft ],8,227.059,227.059,109.189,222.459,6.313,3.0000,10.011,182.299,2940.706,-10.818,1.0000,0.0000,0.0000,-209.155,74.732,-12.540,Static,Stone,shape,0000020E27FE8400,-,1,1,0,-
3253,120980.363,0.0000,impact,ragdoll,Proventus Avenicci,0001A67D,NPC L Foot [Lft ],7,7.220,7.220,112.749,99.893,2.768,3.0000,10.011,162.161,2962.517,-15.757,0.0000,0.0000,1.0000,-58.706,80.787,-2.351,Static,Wood,shape,0000020D52DC7100,-,0,1,0,-
3254,120995.449,0.0000,impact,ragdoll,Proventus Avenicci,0001A67D,NPC R Foot [Rft ],8,7.001,2.003,106.997,79.032,10.268,3.0000,10.011,187.490,2941.528,-15.650,0.0000,0.0000,1.0000,-60.719,47.447,17.554,Static,Wood,shape,0000020D52DC7100,-,0,0,0,-
3255,120995.469,0.0000,impact,ragdoll,Proventus Avenicci,0001A67D,NPC R Foot [Rft ],8,17.412,16.121,33.234,88.857,7.486,3.0000,10.011,182.189,2935.897,-11.293,0.9939,-0.1107,-0.0001,-60.409,45.954,46.202,Static,Stone,shape,0000020E27FE8400,-,0,0,0,-
3256,120995.471,0.0000,impact,ragdoll,Proventus Avenicci,0001A67D,NPC R Foot [Rft ],8,108.171,106.537,64.835,88.857,7.486,3.0000,10.011,182.186,2952.132,-6.035,0.9936,0.1127,-0.0001,-60.409,45.954,46.202,Static,Stone,shape,0000020E27FE8400,-,0,0,0,-
3257,120995.471,0.0000,impact,ragdoll,Proventus Avenicci,0001A67D,NPC R Foot [Rft ],8,97.598,96.127,49.825,88.857,7.486,3.0000,10.011,182.248,2949.322,-5.863,1.0000,0.0000,0.0000,-60.409,45.954,46.202,Static,Stone,shape,0000020E27FE8400,-,0,1,0,-
3258,121008.492,0.0000,state,unknown,Proventus Avenicci,0001A67D,-,-,0.000,0.000,0.000,0.000,0.000,0.0000,0.000,0.000,0.000,0.000,0.0000,0.0000,0.0000,0.000,0.000,0.000,-,-,-,0000000000000000,-,0,0,0,knock_get_up
3259,123407.060,0.0000,state,unknown,Proventus Avenicci,0001A67D,-,-,0.000,0.000,0.000,0.000,0.000,0.0000,0.000,0.000,0.000,0.000,0.0000,0.0000,0.0000,0.000,0.000,0.000,-,-,-,0000000000000000,-,0,0,0,ragdoll_start
3260,123602.939,0.0000,impact,ragdoll,Proventus Avenicci,0001A67D,NPC L Forearm [LLar],14,116.788,116.788,50.640,330.199,17.356,2.0000,11.658,233.096,3002.589,60.021,0.7907,-0.5658,-0.2339,-176.870,231.258,155.782,-,Skin,shape,0000020E2E584100,9,1,1,0,-
3261,123602.939,0.0000,impact,ragdoll,Proventus Avenicci,0001A67D,NPC Spine2 [Spn2],9,116.788,116.788,50.640,253.522,7.867,7.0000,23.052,233.096,3002.589,60.021,0.7907,-0.5658,-0.2339,-0.289,245.042,-65.021,-,Skin,shape,0000020E2E516B00,14,1,1,0,-
3262,123609.423,0.0000,impact,ragdoll,Proventus Avenicci,0001A67D,NPC R UpperArm [RUar],12,191.202,191.202,336.054,313.026,12.032,2.0000,14.463,228.633,2983.891,67.346,-0.9963,-0.0827,0.0235,11.691,294.578,105.226,-,Skin,shape,0000020E2E516800,16,1,1,0,-
3263,123609.424,0.0000,impact,ragdoll,Proventus Avenicci,0001A67D,NPC L Hand [LHnd],16,191.202,191.202,336.054,548.497,39.351,4.0000,8.334,228.633,2983.891,67.346,-0.9963,-0.0827,0.0235,-169.463,405.633,328.014,-,Skin,shape,0000020E2E517700,12,1,1,0,-
3264,123626.262,0.0000,impact,ragdoll,Proventus Avenicci,0001A67D,NPC L Forearm [LLar],14,55.441,55.441,76.715,285.830,21.259,2.0000,11.658,230.105,3008.012,51.830,0.7232,-0.3423,0.5999,-69.796,271.460,56.005,-,Skin,shape,0000020E2E584400,6,1,1,0,-
3265,123626.263,0.0000,impact,ragdoll,Proventus Avenicci,0001A67D,NPC Spine1 [Spn1],6,55.441,55.441,76.715,141.832,6.016,4.0000,18.878,230.105,3008.012,51.830,0.7232,-0.3423,0.5999,-10.742,120.817,-73.512,-,Skin,shape,0000020E2E516B00,14,1,1,0,-
3266,123693.622,0.0000,impact,ragdoll,Proventus Avenicci,0001A67D,NPC R Foot [Rft ],8,27.804,27.804,240.355,201.373,6.618,3.0000,10.011,190.459,2990.171,-15.715,0.0000,0.0000,1.0000,-18.914,-199.778,-16.793,Static,Wood,shape,0000020D52DC7100,-,0,1,0,-
3267,123709.097,0.0000,impact,ragdoll,Proventus Avenicci,0001A67D,NPC R Calf [RClf],4,32.109,32.109,243.828,54.945,9.966,6.0000,19.675,196.278,2991.408,-15.650,0.0000,0.0000,1.0000,-20.262,-48.924,14.657,Static,Wood,shape,0000020D52DC7100,-,1,1,0,-
3268,123709.518,0.0000,impact,ragdoll,Proventus Avenicci,0001A67D,NPC R Foot [Rft ],8,15.662,15.662,230.898,194.348,6.566,3.0000,10.011,191.519,2991.246,-15.708,0.0000,0.0000,1.0000,-26.839,-191.482,19.633,Static,Wood,shape,0000020D52DC7100,-,0,1,0,-
3269,123709.518,0.0000,impact,ragdoll,Proventus Avenicci,0001A67D,NPC Spine2 [Spn2],9,60.543,60.543,61.760,257.016,10.108,7.0000,23.052,227.217,3037.500,67.371,-0.2870,-0.0591,-0.9561,-6.884,222.150,-129.072,-,Skin,shape,0000020E2E516800,16,1,1,0,-
3270,123709.519,0.0000,impact,ragdoll,Proventus Avenicci,0001A67D,NPC L Hand [LHnd],16,60.543,60.543,61.760,586.201,16.599,4.0000,8.334,227.217,3037.500,67.371,-0.2870,-0.0591,-0.9561,-45.889,545.491,-209.679,-,Skin,shape,0000020E2E584100,9,1,1,0,-
3271,123776.846,0.0000,impact,ragdoll,Proventus Avenicci,0001A67D,NPC L Hand [LHnd],16,60.213,60.213,51.888,470.697,12.145,4.0000,8.334,219.561,3069.998,46.248,0.7604,-0.3114,0.5700,-1.503,296.354,-365.689,-,Skin,shape,0000020E2E517A00,13,1,1,0,-
3272,123776.846,0.0000,impact,ragdoll,Proventus Avenicci,0001A67D,NPC Head [Head],13,60.213,60.213,51.888,353.651,6.957,4.0000,15.108,219.561,3069.998,46.248,0.7604,-0.3114,0.5700,-15.906,189.346,-298.268,-,Skin,shape,0000020E2E516800,16,1,1,0,-
3273,123934.297,0.0000,impact,ragdoll,Proventus Avenicci,0001A67D,NPC L Forearm [LLar],14,308.554,308.554,56.311,313.408,7.994,2.0000,11.658,230.609,3095.646,-9.516,-0.0000,-0.6304,0.7763,-29.822,217.573,-223.601,Static,StoneStairs,shape,0000020E28EDBA00,-,1,0,0,-
3274,123934.299,0.0000,impact,ragdoll,Proventus Avenicci,0001A67D,NPC L Forearm [LLar],14,308.554,308.554,56.311,313.408,7.994,2.0000,11.658,230.609,3095.646,-9.516,-0.0000,-0.6304,0.7763,-29.822,217.573,-223.601,Static,StoneStairs,shape,0000020E28EDBA00,-,0,1,0,-
3275,123946.162,0.0000,impact,ragdoll,Proventus Avenicci,0001A67D,NPC Head [Head],13,220.922,220.922,214.764,346.279,5.205,4.0000,15.108,210.496,3109.665,-8.365,0.0000,-0.0774,0.9970,-32.632,281.970,-198.336,Static,StoneStairs,shape,0000020E28EDBA00,-,1,1,0,-
3276,123946.567,0.0000,impact,ragdoll,Proventus Avenicci,0001A67D,NPC L Hand [LHnd],16,191.441,191.441,470.493,272.191,57.891,4.0000,8.334,228.156,3104.747,-8.747,0.0000,-0.0774,0.9970,4.957,207.537,-176.044,Static,StoneStairs,shape,0000020E28EDBA00,-,1,1,0,-
3277,123962.727,0.0000,impact,ragdoll,Proventus Avenicci,0001A67D,NPC R Calf [RClf],4,66.947,66.947,160.542,543.950,5.137,6.0000,19.675,225.016,3019.683,19.342,-0.8510,-0.0976,0.5160,110.368,477.983,235.016,-,Skin,shape,0000020E2E585900,5,1,1,0,-
3278,123962.728,0.0000,impact,ragdoll,Proventus Avenicci,0001A67D,NPC L Calf [LClf],5,66.947,66.947,160.542,467.534,3.192,6.0000,19.675,225.016,3019.683,19.342,-0.8510,-0.0976,0.5160,-18.497,452.954,114.363,-,Skin,shape,0000020E2E584D00,4,1,1,0,-
3279,123963.175,0.0000,impact,ragdoll,Proventus Avenicci,0001A67D,NPC Head [Head],13,293.832,293.832,174.624,305.050,21.074,4.0000,15.108,209.344,3126.333,-0.837,0.0000,-0.9871,0.1598,-33.705,302.663,-17.742,Static,StoneStairs,shape,0000020E28EDBA00,-,0,1,0,-
3280,123994.510,0.0000,impact,ragdoll,Proventus Avenicci,0001A67D,NPC Head [Head],13,41.307,41.307,7.919,116.533,15.594,4.0000,15.108,206.321,3126.457,-0.077,-0.0000,-0.9871,0.1598,-107.987,40.109,17.610,Static,StoneStairs,shape,0000020E28EDBA00,-,0,1,0,-
3281,123994.515,0.0000,impact,ragdoll,Proventus Avenicci,0001A67D,NPC R Hand [RHnd],17,377.160,377.160,343.868,552.084,9.804,4.0000,8.334,208.754,3163.941,26.286,0.0000,-0.1289,0.9917,-20.967,447.862,-322.145,Static,StoneStairs,shape,0000020E28EDBA00,-,1,1,0,-
3282,123994.915,0.0000,impact,ragdoll,Proventus Avenicci,0001A67D,NPC Neck [Neck],11,140.404,140.404,567.349,244.218,52.234,6.0000,8.431,208.519,3127.327,5.296,-0.0000,-0.9871,0.1598,-200.387,134.636,-36.886,Static,StoneStairs,shape,0000020E28EDBA00,-,1,1,0,-
3283,123994.918,0.0000,impact,ragdoll,Proventus Avenicci,0001A67D,NPC R Forearm [RLar],15,7.403,7.403,520.283,396.685,17.014,6.0000,11.658,206.910,3159.943,25.767,0.0000,-0.2989,0.9543,-24.660,391.417,59.525,Static,StoneStairs,shape,0000020E28EDBA00,-,0,1,0,-
3284,124012.257,0.0000,impact,ragdoll,Proventus Avenicci,0001A67D,NPC Spine2 [Spn2],9,112.823,112.823,393.135,348.830,11.474,7.0000,23.052,211.383,3127.741,7.464,0.0000,-0.7194,0.6946,-194.797,266.252,113.341,Static,StoneStairs,shape,0000020E28EDBA00,-,1,0,0,-
3285,124012.258,0.0000,impact,ragdoll,Proventus Avenicci,0001A67D,NPC Spine2 [Spn2],9,112.823,112.823,393.135,348.830,11.474,7.0000,23.052,211.383,3127.741,7.464,0.0000,-0.7194,0.6946,-194.797,266.252,113.341,Static,StoneStairs,shape,0000020E28EDBA00,-,0,1,0,-
3286,124027.915,0.0000,impact,ragdoll,Proventus Avenicci,0001A67D,NPC R Forearm [RLar],15,44.259,44.259,376.527,289.122,19.904,6.0000,11.658,205.114,3159.911,25.762,-0.0000,-0.1947,0.9809,-0.765,287.669,28.940,Static,StoneStairs,shape,0000020E28EDBA00,-,0,1,0,-
3287,124027.916,0.0000,impact,ragdoll,Proventus Avenicci,0001A67D,NPC L Hand [LHnd],16,297.614,297.614,141.568,320.131,28.308,4.0000,8.334,227.771,3127.109,3.954,0.0000,-0.9871,0.1598,-7.078,312.355,69.770,Static,StoneStairs,shape,0000020E28EDBA00,-,1,1,0,-
3288,124028.331,0.0000,impact,ragdoll,Proventus Avenicci,0001A67D,NPC Neck [Neck],11,56.122,56.122,59.124,201.189,28.557,6.0000,8.431,201.801,3127.661,7.333,0.0000,-0.9472,0.3206,-90.738,107.576,143.775,Static,StoneStairs,shape,0000020E28EDBA00,-,1,1,0,-
3289,124028.335,0.0000,impact,ragdoll,Proventus Avenicci,0001A67D,NPC R Hand [RHnd],17,180.030,180.030,124.010,198.752,15.229,4.0000,8.334,208.475,3183.756,34.835,0.0000,-0.9732,0.2298,3.572,194.457,40.940,Static,StoneStairs,shape,0000020E28EDBA00,-,0,1,0,-
3290,124080.626,0.0000,impact,ragdoll,Proventus Avenicci,0001A67D,NPC R Thigh [RThg],2,69.868,69.868,177.785,655.399,10.115,6.0000,20.487,237.808,3113.811,50.239,-0.0583,-0.2848,0.9568,145.838,611.815,184.285,-,Skin,shape,0000020E2E585C00,1,0,1,0,-
3291,124080.627,0.0000,impact,ragdoll,Proventus Avenicci,0001A67D,NPC L Thigh [LThg],1,69.868,69.868,177.785,567.438,12.734,6.0000,20.487,237.808,3113.811,50.239,-0.0583,-0.2848,0.9568,37.910,515.225,234.718,-,Skin,shape,0000020E2E585000,2,0,1,0,-
3292,124098.610,0.0000,impact,ragdoll,Proventus Avenicci,0001A67D,NPC R Hand [RHnd],17,126.922,126.922,102.869,161.568,16.788,4.0000,8.334,210.529,3184.627,38.524,0.0000,-0.9687,0.2481,39.637,145.800,57.233,Static,StoneStairs,shape,0000020E28EDBA00,-,0,1,0,-
3293,124127.639,0.0000,impact,ragdoll,Proventus Avenicci,0001A67D,NPC Spine1 [Spn1],6,217.241,217.241,85.887,460.438,8.990,4.0000,18.878,202.236,3164.784,50.273,0.6502,-0.7278,0.2180,29.405,428.704,165.383,-,Skin,shape,0000020E2E517400,15,1,1,0,-
3294,124127.640,0.0000,impact,ragdoll,Proventus Avenicci,0001A67D,NPC R Forearm [RLar],15,217.241,217.241,85.887,296.672,15.808,6.0000,11.658,202.236,3164.784,50.273,0.6502,-0.7278,0.2180,41.067,165.438,242.813,-,Skin,shape,0000020E2E584400,6,1,1,0,-
3295,124128.119,0.0000,impact,ragdoll,Proventus Avenicci,0001A67D,NPC R Calf [RClf],4,129.324,129.324,154.885,877.039,7.549,6.0000,19.675,247.033,3136.252,67.025,-0.0760,0.0976,0.9923,147.785,801.428,324.145,-,Skin,shape,0000020E2E585C00,1,1,1,0,-
3296,124128.119,0.0000,impact,ragdoll,Proventus Avenicci,0001A67D,NPC L Thigh [LThg],1,129.324,129.324,154.885,692.492,18.616,6.0000,20.487,247.033,3136.252,67.025,-0.0760,0.0976,0.9923,90.961,617.903,299.112,-,Skin,shape,0000020E2E584D00,4,1,1,0,-
3297,124146.052,0.0000,impact,ragdoll,Proventus Avenicci,0001A67D,NPC Spine2 [Spn2],9,106.729,106.729,111.326,497.072,13.909,7.0000,23.052,200.349,3168.592,53.926,0.1345,-0.9884,-0.0703,39.260,379.198,318.980,-,Skin,shape,0000020E2E517400,15,1,1,0,-
3298,124146.053,0.0000,impact,ragdoll,Proventus Avenicci,0001A67D,NPC R Forearm [RLar],15,106.729,106.729,111.326,356.876,8.894,6.0000,11.658,200.349,3168.592,53.926,0.1345,-0.9884,-0.0703,27.253,268.941,233.000,-,Skin,shape,0000020E2E584100,9,1,1,0,-
3299,124195.371,0.0000,impact,ragdoll,Proventus Avenicci,0001A67D,NPC Spine [Spn0],3,73.528,73.528,80.523,535.884,7.929,4.0000,17.297,209.779,3191.737,62.390,0.9532,-0.1282,0.2739,29.529,511.201,158.029,-,Skin,shape,0000020E2E517400,15,1,1,0,-
3300,124195.372,0.0000,impact,ragdoll,Proventus Avenicci,0001A67D,NPC R Forearm [RLar],15,73.528,73.528,80.523,417.592,12.123,6.0000,11.658,209.779,3191.737,62.390,0.9532,-0.1282,0.2739,76.631,359.400,198.349,-,Skin,shape,0000020E2E584700,3,1,1,0,-
3301,124228.170,0.0000,impact,ragdoll,Proventus Avenicci,0001A67D,NPC R Hand [RHnd],17,319.697,319.697,309.568,426.997,12.324,4.0000,8.334,207.911,3211.374,52.905,-0.0000,-0.9390,0.3439,-61.263,395.124,149.833,Static,StoneStairs,shape,0000020E28EDBA00,-,1,0,0,-
3302,124228.171,0.0000,impact,ragdoll,Proventus Avenicci,0001A67D,NPC R Hand [RHnd],17,319.697,319.697,309.568,426.997,12.324,4.0000,8.334,207.911,3211.374,52.905,-0.0000,-0.9390,0.3439,-61.263,395.124,149.833,Static,StoneStairs,shape,0000020E28EDBA00,-,0,1,0,-
3303,124295.959,0.0000,impact,ragdoll,Proventus Avenicci,0001A67D,NPC L Thigh [LThg],1,415.901,415.901,560.374,731.930,5.587,6.0000,20.487,245.216,3267.940,79.771,-0.0000,-0.7008,0.7133,-17.614,719.080,135.407,Static,StoneStairs,shape,0000020E28EDBA00,-,0,1,0,-
3304,124296.411,0.0000,impact,ragdoll,Proventus Avenicci,0001A67D,NPC COM [COM ],0,382.644,382.644,449.511,658.267,10.517,50.0000,17.687,234.100,3267.859,79.648,0.0000,-0.8418,0.5398,-8.227,610.601,245.793,Static,StoneStairs,shape,0000020E28EDBA00,-,0,0,0,-
3305,124296.411,0.0000,impact,ragdoll,Proventus Avenicci,0001A67D,NPC COM [COM ],0,438.670,438.670,378.369,658.267,10.517,50.0000,17.687,234.789,3267.325,78.370,-0.0000,-0.9229,0.3850,-8.227,610.601,245.793,Static,StoneStairs,shape,0000020E28EDBA00,-,0,1,0,-
3306,124296.412,0.0000,impact,ragdoll,Proventus Avenicci,0001A67D,NPC L Thigh [LThg],1,348.201,348.201,595.444,576.756,12.444,6.0000,20.487,238.878,3265.936,74.981,0.0000,-0.9229,0.3850,-28.608,414.204,400.329,Static,StoneStairs,shape,0000020E28EDBA00,-,0,0,0,-
3307,124296.412,0.0000,impact,ragdoll,Proventus Avenicci,0001A67D,NPC L Thigh [LThg],1,59.672,59.672,675.203,576.756,12.444,6.0000,20.487,242.032,3267.933,79.764,0.0000,-0.7207,0.6932,-28.608,414.204,400.329,Static,StoneStairs,shape,0000020E28EDBA00,-,0,1,0,-
3308,124328.758,0.0000,impact,ragdoll,Proventus Avenicci,0001A67D,NPC R Thigh [RThg],2,322.344,322.344,263.145,432.910,38.281,6.0000,20.487,235.498,3292.343,92.795,0.0000,-0.3703,0.9289,2.750,432.718,-12.579,Static,StoneStairs,shape,0000020E28EDBA00,-,1,0,0,-
3309,124328.759,0.0000,impact,ragdoll,Proventus Avenicci,0001A67D,NPC R Thigh [RThg],2,322.344,322.344,263.145,432.910,38.281,6.0000,20.487,235.498,3292.343,92.795,0.0000,-0.3703,0.9289,2.750,432.718,-12.579,Static,StoneStairs,shape,0000020E28EDBA00,-,0,1,0,-
3310,124328.763,0.0000,impact,ragdoll,Proventus Avenicci,0001A67D,NPC L Forearm [LLar],14,216.009,216.009,356.020,974.138,25.337,2.0000,11.658,232.017,3230.966,107.434,0.4157,-0.8239,-0.3851,207.207,799.727,516.185,-,Skin,shape,0000020E2E584100,9,1,1,0,-
3311,124328.763,0.0000,impact,ragdoll,Proventus Avenicci,0001A67D,NPC Spine2 [Spn2],9,216.009,216.009,356.020,636.435,8.230,7.0000,23.052,232.017,3230.966,107.434,0.4157,-0.8239,-0.3851,-53.344,290.888,563.550,-,Skin,shape,0000020E2E516B00,14,1,1,0,-
3312,124329.312,0.0000,impact,ragdoll,Proventus Avenicci,0001A67D,NPC R Calf [RClf],4,657.473,657.473,96.247,693.887,42.778,6.0000,19.675,243.170,3318.973,107.707,0.0000,-0.6735,0.7392,-169.491,653.367,-160.818,Static,StoneStairs,shape,0000020E28EDBA00,-,1,0,0,-
3313,124329.312,0.0000,impact,ragdoll,Proventus Avenicci,0001A67D,NPC R Calf [RClf],4,657.473,657.473,96.247,693.887,42.778,6.0000,19.675,243.170,3318.973,107.707,0.0000,-0.6735,0.7392,-169.491,653.367,-160.818,Static,StoneStairs,shape,0000020E28EDBA00,-,0,1,0,-
3314,124345.831,0.0000,impact,ragdoll,Proventus Avenicci,0001A67D,NPC R Foot [Rft ],8,398.388,398.388,965.778,336.462,90.999,3.0000,10.011,244.481,3331.940,107.610,0.0000,0.0147,0.9999,-267.345,84.922,-185.800,Static,StoneStairs,shape,0000020E28EDBA00,-,1,0,0,-
3315,124345.835,0.0000,impact,ragdoll,Proventus Avenicci,0001A67D,NPC L Hand [LHnd],16,259.890,259.890,143.175,1000.795,42.667,4.0000,8.334,224.092,3239.135,111.888,-0.1147,-0.5748,-0.8102,182.343,816.203,549.687,-,Skin,shape,0000020E2E584100,9,1,1,0,-
3316,124345.835,0.0000,impact,ragdoll,Proventus Avenicci,0001A67D,NPC Spine2 [Spn2],9,259.890,259.890,143.175,685.412,3.130,7.0000,23.052,224.092,3239.135,111.888,-0.1147,-0.5748,-0.8102,-73.393,353.728,582.477,-,Skin,shape,0000020E2E516800,16,1,1,0,-
3317,124346.419,0.0000,impact,ragdoll,Proventus Avenicci,0001A67D,NPC L Forearm [LLar],14,157.355,157.355,262.167,788.080,22.734,2.0000,11.658,229.554,3247.886,113.994,0.1288,-0.9776,-0.1667,21.795,576.683,536.685,-,Skin,shape,0000020E2E584400,6,1,1,0,-
3318,124346.420,0.0000,impact,ragdoll,Proventus Avenicci,0001A67D,NPC Spine1 [Spn1],6,157.355,157.355,262.167,633.029,16.464,4.0000,18.878,229.554,3247.886,113.994,0.1288,-0.9776,-0.1667,-46.800,374.027,508.566,-,Skin,shape,0000020E2E516B00,14,1,1,0,-
3319,124346.422,0.0000,impact,ragdoll,Proventus Avenicci,0001A67D,NPC L Hand [LHnd],16,229.172,229.172,127.438,787.501,37.969,4.0000,8.334,226.519,3248.680,111.690,-0.1852,-0.8953,-0.4050,216.215,656.291,377.745,-,Skin,shape,0000020E2E584400,6,1,1,0,-
3320,124346.422,0.0000,impact,ragdoll,Proventus Avenicci,0001A67D,NPC Spine1 [Spn1],6,229.172,229.172,127.438,633.029,16.464,4.0000,18.878,226.519,3248.680,111.690,-0.1852,-0.8953,-0.4050,-46.800,374.027,508.566,-,Skin,shape,0000020E2E516800,16,1,1,0,-
3321,124363.519,0.0000,impact,ragdoll,Proventus Avenicci,0001A67D,NPC L Calf [LClf],5,585.924,585.924,366.404,724.780,42.893,6.0000,19.675,273.575,3319.032,107.750,0.0000,-0.5040,0.8637,31.263,717.523,97.421,Static,StoneStairs,shape,0000020E28EDBA00,-,1,0,0,-
3322,124363.520,0.0000,impact,ragdoll,Proventus Avenicci,0001A67D,NPC L Calf [LClf],5,585.924,585.924,366.404,724.780,42.893,6.0000,19.675,273.575,3319.032,107.750,0.0000,-0.5040,0.8637,31.263,717.523,97.421,Static,StoneStairs,shape,0000020E28EDBA00,-,0,1,0,-
3323,124395.065,0.0000,impact,ragdoll,Proventus Avenicci,0001A67D,NPC L Hand [LHnd],16,36.015,36.015,271.038,799.428,35.889,4.0000,8.334,235.878,3272.831,129.814,-0.0396,-0.9989,-0.0260,214.346,464.138,614.586,-,Skin,shape,0000020E2E584700,3,1,1,0,-
3324,124395.065,0.0000,impact,ragdoll,Proventus Avenicci,0001A67D,NPC Spine [Spn0],3,36.015,36.015,271.038,585.977,14.726,4.0000,17.297,235.878,3272.831,129.814,-0.0396,-0.9989,-0.0260,17.193,406.336,421.860,-,Skin,shape,0000020E2E516800,16,1,1,0,-
3325,124412.825,0.0000,impact,ragdoll,Proventus Avenicci,0001A67D,NPC L Foot [Lft ],7,197.015,197.015,255.405,396.740,22.396,3.0000,10.011,277.447,3343.621,115.518,0.0000,-0.9962,0.0869,31.879,359.323,165.145,Static,StoneStairs,shape,0000020E28EDBA00,-,0,0,0,-
3326,124478.254,0.0000,impact,ragdoll,Proventus Avenicci,0001A67D,NPC L Foot [Lft ],7,421.891,421.891,255.319,500.880,4.196,3.0000,10.011,283.404,3371.655,138.211,0.0000,-0.9993,0.0361,-3.937,441.777,236.006,Static,StoneStairs,shape,0000020E28EDBA00,-,1,1,0,-
3327,124478.682,0.0000,impact,ragdoll,Proventus Avenicci,0001A67D,NPC R Thigh [RThg],2,38.937,38.937,203.421,598.994,10.377,6.0000,20.487,253.356,3342.951,152.762,-0.9091,0.0146,-0.4162,59.791,503.163,319.446,-,Skin,shape,0000020E2E585C00,1,0,1,0,-
3328,124478.682,0.0000,impact,ragdoll,Proventus Avenicci,0001A67D,NPC L Thigh [LThg],1,38.937,38.937,203.421,662.463,9.568,6.0000,20.487,253.356,3342.951,152.762,-0.9091,0.0146,-0.4162,-8.539,517.896,412.999,-,Skin,shape,0000020E2E585000,2,0,1,0,-
3329,124478.684,0.0000,impact,ragdoll,Proventus Avenicci,0001A67D,NPC L Foot [Lft ],7,202.664,202.664,343.617,301.991,42.504,3.0000,10.011,277.012,3371.703,139.486,0.0000,-0.9869,0.1614,7.627,123.568,275.448,Static,StoneStairs,shape,0000020E28EDBA00,-,1,0,0,-
3330,124478.685,0.0000,impact,ragdoll,Proventus Avenicci,0001A67D,NPC L Foot [Lft ],7,241.071,241.071,324.500,301.991,42.504,3.0000,10.011,277.012,3371.688,139.125,0.0000,-0.9993,0.0361,7.627,123.568,275.448,Static,StoneStairs,shape,0000020E28EDBA00,-,0,1,0,-
3331,124493.552,0.0000,impact,ragdoll,Proventus Avenicci,0001A67D,NPC L Calf [LClf],5,163.114,94.224,193.511,378.002,18.495,6.0000,19.675,273.730,3371.899,140.143,0.0000,-0.9474,0.3202,37.064,293.607,235.174,Static,StoneStairs,shape,0000020E28EDBA00,-,0,0,0,-
3332,124512.346,0.0000,impact,ragdoll,Proventus Avenicci,0001A67D,NPC R Calf [RClf],4,33.203,33.203,292.647,416.899,11.745,6.0000,19.675,245.662,3371.830,139.774,-0.0000,-0.6356,0.7720,90.046,315.876,256.747,Static,StoneStairs,shape,0000020E28EDBA00,-,1,0,0,-
3333,124512.347,0.0000,impact,ragdoll,Proventus Avenicci,0001A67D,NPC R Calf [RClf],4,33.203,33.203,292.647,416.899,11.745,6.0000,19.675,245.662,3371.830,139.774,-0.0000,-0.6356,0.7720,90.046,315.876,256.747,Static,StoneStairs,shape,0000020E28EDBA00,-,0,1,0,-
3334,124644.952,0.0000,impact,ragdoll,Proventus Avenicci,0001A67D,NPC R Foot [Rft ],8,430.622,430.622,254.919,549.477,9.841,3.0000,10.011,247.997,3458.518,178.096,0.0000,-0.9214,0.3886,22.289,537.059,113.999,Static,StoneStairs,shape,0000020E28E3D900,-,1,1,0,-
3335,124667.176,0.0000,impact,ragdoll,Proventus Avenicci,0001A67D,NPC R Foot [Rft ],8,119.735,119.735,198.744,254.527,74.024,3.0000,10.011,247.774,3459.726,180.925,0.0000,-0.8418,0.5398,3.889,216.959,133.032,Static,StoneStairs,shape,0000020E28E3D900,-,0,1,0,-
3336,124728.203,0.0000,impact,ragdoll,Proventus Avenicci,0001A67D,NPC R Foot [Rft ],8,235.374,235.374,500.276,487.488,19.169,3.0000,10.011,249.672,3484.109,194.078,0.0000,-0.7173,0.6968,99.536,453.477,148.648,Static,StoneStairs,shape,0000020E28E3D900,-,1,0,0,-
3337,124728.203,0.0000,impact,ragdoll,Proventus Avenicci,0001A67D,NPC R Foot [Rft ],8,235.374,235.374,500.276,487.488,19.169,3.0000,10.011,249.672,3484.109,194.078,0.0000,-0.7173,0.6968,99.536,453.477,148.648,Static,StoneStairs,shape,0000020E28E3D900,-,0,1,0,-
3338,125013.990,0.0000,impact,ragdoll,Proventus Avenicci,0001A67D,NPC R UpperArm [RUar],12,465.855,465.855,468.498,672.119,3.357,2.0000,14.463,212.020,3680.701,300.730,-0.0000,-0.7558,0.6548,42.346,666.360,76.906,Static,StoneStairs,shape,0000020E28E3D900,-,1,0,0,-
3339,125013.991,0.0000,impact,ragdoll,Proventus Avenicci,0001A67D,NPC R UpperArm [RUar],12,465.855,465.855,468.498,672.119,3.357,2.0000,14.463,212.020,3680.701,300.730,-0.0000,-0.7558,0.6548,42.346,666.360,76.906,Static,StoneStairs,shape,0000020E28E3D900,-,0,1,0,-
3340,125014.067,0.0000,impact,ragdoll,Proventus Avenicci,0001A67D,NPC Head [Head],13,659.457,638.865,221.119,683.748,9.014,4.0000,15.108,207.511,3707.901,316.953,0.0000,-0.9465,0.3227,74.662,679.659,0.633,Static,StoneStairs,shape,0000020E28E3D900,-,0,0,0,-
3341,125014.485,0.0000,impact,ragdoll,Proventus Avenicci,0001A67D,NPC R Thigh [RThg],2,110.473,110.473,563.981,607.941,2.775,6.0000,20.487,250.552,3655.822,287.795,-0.0000,-0.4501,0.8930,7.449,588.326,153.002,Static,StoneStairs,shape,0000020E28E3D900,-,1,0,0,-
3342,125014.486,0.0000,impact,ragdoll,Proventus Avenicci,0001A67D,NPC R Thigh [RThg],2,110.473,110.473,563.981,607.941,2.775,6.0000,20.487,250.552,3655.822,287.795,-0.0000,-0.4501,0.8930,7.449,588.326,153.002,Static,StoneStairs,shape,0000020E28E3D900,-,0,1,0,-
3343,125031.945,0.0000,impact,ragdoll,Proventus Avenicci,0001A67D,NPC Spine2 [Spn2],9,357.057,357.057,400.614,527.475,6.980,7.0000,23.052,229.021,3707.415,315.049,0.0000,-0.8207,0.5713,22.330,513.299,119.398,Static,StoneStairs,shape,0000020E28E3D900,-,0,0,0,-
3344,125031.946,0.0000,impact,ragdoll,Proventus Avenicci,0001A67D,NPC Spine2 [Spn2],9,357.057,357.057,400.614,527.475,6.980,7.0000,23.052,229.021,3707.415,315.049,0.0000,-0.8207,0.5713,22.330,513.299,119.398,Static,StoneStairs,shape,0000020E28E3D900,-,0,1,0,-
3345,125048.730,0.0000,impact,ragdoll,Proventus Avenicci,0001A67D,NPC R Thigh [RThg],2,17.661,17.661,529.228,529.597,5.805,6.0000,20.487,248.450,3680.835,300.825,-0.0000,-0.3738,0.9275,-12.225,498.035,179.681,Static,StoneStairs,shape,0000020E28E3D900,-,1,0,0,-
3346,125048.732,0.0000,impact,ragdoll,Proventus Avenicci,0001A67D,NPC R Thigh [RThg],2,17.661,17.661,529.228,529.597,5.805,6.0000,20.487,248.450,3680.835,300.825,-0.0000,-0.3738,0.9275,-12.225,498.035,179.681,Static,StoneStairs,shape,0000020E28E3D900,-,0,1,0,-
3347,125048.739,0.0000,impact,ragdoll,Proventus Avenicci,0001A67D,NPC L UpperArm [LUar],10,171.973,171.973,675.009,347.722,36.422,2.0000,14.463,229.550,3732.426,328.788,-0.0000,-0.5530,0.8332,-108.125,323.181,69.089,Static,StoneStairs,shape,0000020E28E3D900,-,1,0,0,-
3348,125048.739,0.0000,impact,ragdoll,Proventus Avenicci,0001A67D,NPC L UpperArm [LUar],10,171.973,171.973,675.009,347.722,36.422,2.0000,14.463,229.550,3732.426,328.788,-0.0000,-0.5530,0.8332,-108.125,323.181,69.089,Static,StoneStairs,shape,0000020E28E3D900,-,0,1,0,-
3349,125049.200,0.0000,impact,ragdoll,Proventus Avenicci,0001A67D,NPC R Calf [RClf],4,50.338,50.338,444.346,445.244,14.153,6.0000,19.675,253.418,3655.823,287.795,0.0000,-0.4471,0.8945,10.416,418.920,150.467,Static,StoneStairs,shape,0000020E28E3D900,-,1,0,0,-
3350,125049.201,0.0000,impact,ragdoll,Proventus Avenicci,0001A67D,NPC R Calf [RClf],4,50.338,50.338,444.346,445.244,14.153,6.0000,19.675,253.418,3655.823,287.795,0.0000,-0.4471,0.8945,10.416,418.920,150.467,Static,StoneStairs,shape,0000020E28E3D900,-,0,1,0,-
3351,125066.235,0.0000,impact,ragdoll,Proventus Avenicci,0001A67D,NPC R Hand [RHnd],17,406.839,406.839,577.840,678.112,35.582,4.0000,8.334,203.826,3698.183,328.678,0.1087,-0.9248,-0.3645,120.857,644.276,173.601,-,Skin,shape,0000020E2E517A00,13,1,1,0,-
3352,125066.236,0.0000,impact,ragdoll,Proventus Avenicci,0001A67D,NPC Head [Head],13,406.839,406.839,577.840,410.664,26.949,4.0000,15.108,203.826,3698.183,328.678,0.1087,-0.9248,-0.3645,-193.669,103.536,347.012,-,Skin,shape,0000020E2E517100,17,1,1,0,-
3353,125096.837,0.0000,impact,ragdoll,Proventus Avenicci,0001A67D,NPC Spine2 [Spn2],9,315.946,315.946,287.672,448.498,3.084,7.0000,23.052,226.416,3732.322,328.681,-0.0000,-0.8497,0.5272,35.363,433.992,107.477,Static,StoneStairs,shape,0000020E28E3D900,-,0,0,0,-
3354,125096.838,0.0000,impact,ragdoll,Proventus Avenicci,0001A67D,NPC Spine2 [Spn2],9,315.946,315.946,287.672,448.498,3.084,7.0000,23.052,226.416,3732.322,328.681,-0.0000,-0.8497,0.5272,35.363,433.992,107.477,Static,StoneStairs,shape,0000020E28E3D900,-,0,1,0,-
3355,125096.839,0.0000,impact,ragdoll,Proventus Avenicci,0001A67D,NPC R UpperArm [RUar],12,181.609,181.609,461.890,475.150,4.141,2.0000,14.463,214.658,3707.461,315.102,-0.0000,-0.6907,0.7232,31.393,444.022,166.212,Static,StoneStairs,shape,0000020E28E3D900,-,1,0,0,-
3356,125096.840,0.0000,impact,ragdoll,Proventus Avenicci,0001A67D,NPC R UpperArm [RUar],12,181.609,181.609,461.890,475.150,4.141,2.0000,14.463,214.658,3707.461,315.102,-0.0000,-0.6907,0.7232,31.393,444.022,166.212,Static,StoneStairs,shape,0000020E28E3D900,-,0,1,0,-
3357,125097.297,0.0000,impact,ragdoll,Proventus Avenicci,0001A67D,NPC R Calf [RClf],4,50.987,50.987,393.093,418.995,11.513,6.0000,19.675,252.295,3680.808,300.813,0.0000,-0.4520,0.8920,-1.167,390.464,151.964,Static,StoneStairs,shape,0000020E28E3D900,-,1,0,0,-
3358,125097.297,0.0000,impact,ragdoll,Proventus Avenicci,0001A67D,NPC R Calf [RClf],4,50.987,50.987,393.093,418.995,11.513,6.0000,19.675,252.295,3680.808,300.813,0.0000,-0.4520,0.8920,-1.167,390.464,151.964,Static,StoneStairs,shape,0000020E28E3D900,-,0,1,0,-
3359,125115.803,0.0000,impact,ragdoll,Proventus Avenicci,0001A67D,NPC Spine1 [Spn1],6,244.999,244.999,216.820,305.463,15.800,4.0000,18.878,237.980,3732.294,328.626,0.0000,-0.9290,0.3701,42.153,294.129,70.842,Static,StoneStairs,shape,0000020E28E3D900,-,0,0,0,-
3360,125115.804,0.0000,impact,ragdoll,Proventus Avenicci,0001A67D,NPC Spine1 [Spn1],6,244.999,244.999,216.820,305.463,15.800,4.0000,18.878,237.980,3732.294,328.626,0.0000,-0.9290,0.3701,42.153,294.129,70.842,Static,StoneStairs,shape,0000020E28E3D900,-,0,1,0,-
3361,125116.272,0.0000,impact,ragdoll,Proventus Avenicci,0001A67D,NPC Spine [Spn0],3,75.024,75.024,334.632,303.852,22.051,4.0000,17.297,246.326,3732.337,328.704,-0.0000,-0.8068,0.5908,-67.077,215.642,203.285,Static,StoneStairs,shape,0000020E28E3D900,-,1,0,0,-
3362,125116.272,0.0000,impact,ragdoll,Proventus Avenicci,0001A67D,NPC Spine [Spn0],3,75.023,75.023,334.632,303.852,22.051,4.0000,17.297,246.326,3732.337,328.704,-0.0000,-0.8068,0.5908,-67.077,215.642,203.285,Static,StoneStairs,shape,0000020E28E3D900,-,0,1,0,-
3363,125129.531,0.0000,impact,ragdoll,Proventus Avenicci,0001A67D,NPC COM [COM ],0,84.167,84.167,325.006,333.130,11.009,50.0000,17.687,251.063,3732.332,328.696,0.0000,-0.8216,0.5701,35.500,248.134,219.418,Static,StoneStairs,shape,0000020E28E3D900,-,1,0,0,-
3364,125129.532,0.0000,impact,ragdoll,Proventus Avenicci,0001A67D,NPC COM [COM ],0,84.167,84.167,325.006,333.130,11.009,50.0000,17.687,251.063,3732.332,328.696,0.0000,-0.8216,0.5701,35.500,248.134,219.418,Static,StoneStairs,shape,0000020E28E3D900,-,0,1,0,-
3365,125147.941,0.0000,impact,ragdoll,Proventus Avenicci,0001A67D,NPC R Calf [RClf],4,306.182,306.182,183.104,268.899,10.791,6.0000,19.675,258.900,3679.586,295.827,0.0000,-0.9732,0.2298,145.182,181.740,134.905,Static,StoneStairs,shape,0000020E28E3D900,-,0,1,0,-
3366,125147.948,0.0000,impact,ragdoll,Proventus Avenicci,0001A67D,NPC L Hand [LHnd],16,221.470,221.470,100.262,235.833,11.770,4.0000,8.334,232.355,3787.942,353.109,0.0000,-0.9923,0.1240,-25.423,229.177,49.487,Static,StoneStairs,shape,0000020E28E3D900,-,1,1,0,-
3367,125164.874,0.0000,impact,ragdoll,Proventus Avenicci,0001A67D,NPC L Hand [LHnd],16,83.141,83.141,147.541,180.036,27.785,4.0000,8.334,232.943,3788.129,354.600,0.0000,-0.9817,0.1906,8.206,111.769,140.901,Static,StoneStairs,shape,0000020E28E3D900,-,1,1,0,-
3368,125165.365,0.0000,impact,ragdoll,Proventus Avenicci,0001A67D,NPC L UpperArm [LUar],10,114.852,114.852,217.493,267.518,10.108,2.0000,14.463,218.340,3764.195,341.935,0.0000,0.0263,0.9997,-21.082,245.489,-104.195,Static,StoneStairs,shape,0000020E28E3D900,-,1,0,0,-
3369,125165.366,0.0000,impact,ragdoll,Proventus Avenicci,0001A67D,NPC L UpperArm [LUar],10,145.378,145.378,198.392,267.518,10.108,2.0000,14.463,218.340,3764.195,341.935,0.0000,-0.1280,0.9918,-21.082,245.489,-104.195,Static,StoneStairs,shape,0000020E28E3D900,-,0,1,0,-
3370,125212.909,0.0000,impact,ragdoll,Proventus Avenicci,0001A67D,NPC L Forearm [LLar],14,127.718,127.718,98.498,154.751,4.884,2.0000,11.658,223.183,3788.145,354.658,0.0000,-0.9348,0.3551,9.142,151.117,32.062,Static,StoneStairs,shape,0000020E28E3D900,-,1,0,0,-
3371,125212.910,0.0000,impact,ragdoll,Proventus Avenicci,0001A67D,NPC L Forearm [LLar],14,127.717,127.717,98.498,154.751,4.884,2.0000,11.658,223.183,3788.145,354.658,0.0000,-0.9348,0.3551,9.142,151.117,32.062,Static,StoneStairs,shape,0000020E28E3D900,-,0,1,0,-
3372,125247.388,0.0000,impact,ragdoll,Proventus Avenicci,0001A67D,NPC L UpperArm [LUar],10,33.910,33.910,59.202,43.291,7.198,2.0000,14.463,218.375,3787.738,351.483,0.0000,-0.9923,0.1240,-1.354,40.770,14.496,Static,StoneStairs,shape,0000020E28E3D900,-,0,1,0,-
3373,125264.484,0.0000,impact,ragdoll,Proventus Avenicci,0001A67D,NPC L Forearm [LLar],14,33.551,33.551,16.366,45.813,10.147,2.0000,11.658,218.802,3787.734,351.445,0.0000,-0.9923,0.1240,-39.770,-20.601,-9.629,Static,StoneStairs,shape,0000020E28E3D900,-,0,1,0,-
3374,125299.061,0.0000,impact,ragdoll,Proventus Avenicci,0001A67D,NPC L Foot [Lft ],7,132.912,132.912,631.395,640.443,17.039,3.0000,10.011,323.051,3764.165,341.935,0.0000,-0.1280,0.9918,-117.118,628.043,-44.859,Static,StoneStairs,shape,0000020E28E3D900,-,1,1,0,-
3375,125299.469,0.0000,impact,ragdoll,Proventus Avenicci,0001A67D,NPC L Hand [LHnd],16,195.094,195.094,347.837,202.790,13.202,4.0000,8.334,225.261,3769.374,368.314,-0.0218,0.9997,-0.0085,-153.076,-132.916,-5.014,-,Skin,shape,0000020E2E584100,9,1,1,0,-
3376,125299.469,0.0000,impact,ragdoll,Proventus Avenicci,0001A67D,NPC Spine2 [Spn2],9,195.094,195.094,347.837,213.720,7.420,7.0000,23.052,225.261,3769.374,368.314,-0.0218,0.9997,-0.0085,48.447,77.343,193.254,-,Skin,shape,0000020E2E516800,16,1,1,0,-
3377,125314.899,0.0000,impact,ragdoll,Proventus Avenicci,0001A67D,NPC L Foot [Lft ],7,12.319,12.319,545.888,615.222,12.993,3.0000,10.011,319.631,3764.292,341.919,0.0000,-0.1280,0.9918,-133.277,600.099,24.823,Static,StoneStairs,shape,0000020E28E3D900,-,1,1,0,-
3378,125332.491,0.0000,impact,ragdoll,Proventus Avenicci,0001A67D,NPC L Foot [Lft ],7,549.865,549.865,213.459,575.922,7.688,3.0000,10.011,317.448,3787.758,351.472,0.0000,-0.9923,0.1240,-160.779,552.810,-15.424,Static,StoneStairs,shape,0000020E28E3D900,-,1,0,0,-
3379,125332.492,0.0000,impact,ragdoll,Proventus Avenicci,0001A67D,NPC L Foot [Lft ],7,540.504,540.504,228.814,575.922,7.688,3.0000,10.011,317.369,3788.142,354.418,0.0000,-0.9686,0.2486,-160.779,552.810,-15.424,Static,StoneStairs,shape,0000020E28E3D900,-,0,0,0,-
3380,125332.493,0.0000,impact,ragdoll,Proventus Avenicci,0001A67D,NPC L Foot [Lft ],7,550.128,550.128,208.406,575.922,7.688,3.0000,10.011,317.369,3787.892,352.709,-0.0000,-0.9923,0.1240,-160.779,552.810,-15.424,Static,StoneStairs,shape,0000020E28E3D900,-,0,1,0,-
3381,125396.711,0.0000,impact,ragdoll,Proventus Avenicci,0001A67D,NPC L Calf [LClf],5,67.124,67.124,190.191,198.975,8.950,6.0000,19.675,289.319,3788.329,354.853,0.0000,-0.4088,0.9126,-110.690,162.733,29.275,Static,StoneStairs,shape,0000020E28E3D900,-,1,0,0,-
3382,125396.713,0.0000,impact,ragdoll,Proventus Avenicci,0001A67D,NPC L Calf [LClf],5,67.124,67.124,190.191,198.975,8.950,6.0000,19.675,289.319,3788.329,354.853,0.0000,-0.4088,0.9126,-110.690,162.733,29.275,Static,StoneStairs,shape,0000020E28E3D900,-,0,1,0,-
3383,125449.468,0.0000,impact,ragdoll,Proventus Avenicci,0001A67D,NPC L Hand [LHnd],16,79.054,79.054,79.777,204.131,12.639,4.0000,8.334,215.897,3799.077,355.552,-0.0000,-0.0629,0.9980,3.172,192.791,-67.016,Static,StoneStairs,shape,0000020E28E3D900,-,1,1,0,-
3384,125482.213,0.0000,impact,ragdoll,Proventus Avenicci,0001A67D,NPC L Thigh [LThg],1,26.227,26.227,145.865,170.876,1.749,6.0000,20.487,282.710,3800.940,355.670,0.0000,-0.0629,0.9980,24.237,169.133,2.317,Static,StoneStairs,shape,0000020E28E3D900,-,1,1,0,-
3385,125482.629,0.0000,impact,ragdoll,Proventus Avenicci,0001A67D,NPC L Calf [LClf],5,30.189,30.189,132.189,149.860,3.816,6.0000,19.675,285.826,3805.248,355.941,0.0000,-0.0629,0.9980,-37.513,144.956,6.226,Static,StoneStairs,shape,0000020E28E3D900,-,0,1,0,-
3386,125482.630,0.0000,impact,ragdoll,Proventus Avenicci,0001A67D,NPC L Foot [Lft ],7,176.686,176.686,235.081,165.284,13.204,3.0000,10.011,289.895,3767.992,370.684,0.3126,0.7377,-0.5985,-136.007,70.197,62.396,-,Skin,shape,0000020E2E585000,2,1,0,0,-
3387,125482.630,0.0000,impact,ragdoll,Proventus Avenicci,0001A67D,NPC R Thigh [RThg],2,176.686,176.686,235.081,232.159,3.057,6.0000,20.487,289.895,3767.992,370.684,0.3126,0.7377,-0.5985,86.914,215.149,7.391,-,Skin,shape,0000020E2E585300,7,1,0,0,-
3388,125482.630,0.0000,impact,ragdoll,Proventus Avenicci,0001A67D,NPC L Foot [Lft ],7,226.270,226.270,274.473,165.284,13.204,3.0000,10.011,293.258,3764.739,368.539,0.2528,0.8227,-0.5092,-136.007,70.197,62.396,-,Skin,shape,0000020E2E585000,2,0,1,0,-
3389,125482.630,0.0000,impact,ragdoll,Proventus Avenicci,0001A67D,NPC R Thigh [RThg],2,226.270,226.270,274.473,232.159,3.057,6.0000,20.487,293.258,3764.739,368.539,0.2528,0.8227,-0.5092,86.914,215.149,7.391,-,Skin,shape,0000020E2E585300,7,0,1,0,-
3390,125496.994,0.0000,impact,ragdoll,Proventus Avenicci,0001A67D,NPC L Thigh [LThg],1,21.808,21.808,173.508,166.100,2.679,6.0000,20.487,282.806,3805.081,355.931,0.0000,-0.0629,0.9980,5.418,165.867,6.936,Static,StoneStairs,shape,0000020E28E3D900,-,1,1,0,-
3391,125496.998,0.0000,impact,ragdoll,Proventus Avenicci,0001A67D,NPC L Calf [LClf],5,166.425,166.425,30.047,191.664,4.831,6.0000,19.675,285.788,3814.411,364.499,-0.0000,-0.9961,0.0887,40.727,176.411,-62.892,Static,StoneStairs,shape,0000020E28E3D900,-,0,1,0,-
3392,125511.778,0.0000,impact,ragdoll,Proventus Avenicci,0001A67D,NPC R Thigh [RThg],2,95.596,95.596,182.288,206.523,1.824,6.0000,20.487,290.959,3778.859,367.101,-0.2271,-0.6825,0.6947,68.441,194.529,11.243,-,Skin,shape,0000020E2E585900,5,1,1,0,-
3393,125511.778,0.0000,impact,ragdoll,Proventus Avenicci,0001A67D,NPC L Calf [LClf],5,95.596,95.596,182.288,106.573,3.989,6.0000,19.675,290.959,3778.859,367.101,-0.2271,-0.6825,0.6947,84.885,-15.140,-62.634,-,Skin,shape,0000020E2E585000,2,1,1,0,-
3394,125511.783,0.0000,impact,ragdoll,Proventus Avenicci,0001A67D,NPC L Hand [LHnd],16,95.017,95.017,103.783,97.980,12.067,4.0000,8.334,216.792,3814.285,363.074,-0.0000,-0.9961,0.0887,18.340,92.765,-25.657,Static,StoneStairs,shape,0000020E28E3D900,-,0,1,0,-
3395,125512.239,0.0000,impact,ragdoll,Proventus Avenicci,0001A67D,NPC L Thigh [LThg],1,69.362,69.362,61.236,97.802,6.677,6.0000,20.487,283.669,3814.511,365.618,0.0000,-0.9961,0.0887,-1.783,95.190,-22.380,Static,StoneStairs,shape,0000020E28E3D900,-,0,1,0,-
3396,125512.241,0.0000,impact,ragdoll,Proventus Avenicci,0001A67D,NPC L Calf [LClf],5,80.462,80.462,39.592,132.165,9.511,6.0000,19.675,287.458,3804.693,355.906,0.0000,-0.0629,0.9980,83.242,61.043,-82.536,Static,StoneStairs,shape,0000020E28E3D900,-,0,1,0,-
3397,125532.541,0.0000,impact,ragdoll,Proventus Avenicci,0001A67D,NPC L Calf [LClf],5,62.026,62.026,131.779,124.043,3.707,6.0000,19.675,292.938,3788.436,354.882,0.0000,-0.1887,0.9820,119.878,9.154,-30.532,Static,StoneStairs,shape,0000020E28E3D900,-,0,1,0,-
3398,125546.031,0.0000,impact,ragdoll,Proventus Avenicci,0001A67D,NPC R Calf [RClf],4,159.203,159.203,125.125,235.408,3.309,6.0000,19.675,296.965,3779.343,364.394,0.1855,-0.7861,0.5896,69.483,224.394,15.376,-,Skin,shape,0000020E2E585900,5,1,1,0,-
3399,125546.032,0.0000,impact,ragdoll,Proventus Avenicci,0001A67D,NPC L Calf [LClf],5,159.203,159.203,125.125,57.338,4.463,6.0000,19.675,296.965,3779.343,364.394,0.1855,-0.7861,0.5896,48.768,7.582,-29.187,-,Skin,shape,0000020E2E584D00,4,1,1,0,-
3400,125546.032,0.0000,impact,ragdoll,Proventus Avenicci,0001A67D,NPC R Calf [RClf],4,78.687,78.687,182.558,235.408,3.309,6.0000,19.675,298.916,3777.728,362.879,0.0248,-0.6739,0.7384,69.483,224.394,15.376,-,Skin,shape,0000020E2E585300,7,1,1,0,-
3401,125546.032,0.0000,impact,ragdoll,Proventus Avenicci,0001A67D,NPC L Foot [Lft ],7,78.687,78.687,182.558,144.565,17.823,3.0000,10.011,298.916,3777.728,362.879,0.0248,-0.6739,0.7384,78.418,109.015,-53.529,-,Skin,shape,0000020E2E584D00,4,1,1,0,-
3402,125561.675,0.0000,impact,ragdoll,Proventus Avenicci,0001A67D,NPC L Foot [Lft ],7,161.253,161.253,60.615,155.077,8.862,3.0000,10.011,304.834,3788.103,354.398,0.0000,-0.9923,0.1240,69.197,132.918,-39.916,Static,StoneStairs,shape,0000020E28E3D900,-,1,1,0,-
3403,125578.112,0.0000,impact,ragdoll,Proventus Avenicci,0001A67D,NPC L Thigh [LThg],1,16.274,16.274,132.481,81.729,6.037,6.0000,20.487,286.092,3814.382,364.169,0.0000,-0.9961,0.0887,24.660,54.456,-55.733,Static,StoneStairs,shape,0000020E28E3D900,-,0,0,0,-
3404,125578.113,0.0000,impact,ragdoll,Proventus Avenicci,0001A67D,NPC L Thigh [LThg],1,18.623,18.623,132.554,81.729,6.037,6.0000,20.487,286.068,3814.418,364.574,0.0000,-0.9961,0.0887,24.660,54.456,-55.733,Static,StoneStairs,shape,0000020E28E3D900,-,0,1,0,-
3405,125597.025,0.0000,impact,ragdoll,Proventus Avenicci,0001A67D,NPC L Calf [LClf],5,71.492,71.492,43.694,65.092,2.809,6.0000,19.675,291.351,3805.153,355.935,0.0000,-0.0629,0.9980,36.381,-10.140,-53.015,Static,StoneStairs,shape,0000020E28E3D900,-,0,1,0,-
3406,125612.854,0.0000,impact,ragdoll,Proventus Avenicci,0001A67D,NPC L Thigh [LThg],1,6.880,6.880,84.774,58.923,4.310,6.0000,20.487,286.663,3814.919,369.315,0.0000,-0.9929,0.1192,34.870,40.676,-24.525,Static,StoneStairs,shape,0000020E28E3D900,-,0,1,0,-
3407,125683.841,0.0000,impact,ragdoll,Proventus Avenicci,0001A67D,NPC R Thigh [RThg],2,79.589,79.589,147.270,146.351,3.752,6.0000,20.487,290.619,3803.534,369.303,0.1558,-0.5667,0.8090,-4.098,145.450,15.690,-,Skin,shape,0000020E2E585C00,1,0,1,0,-
3408,125683.841,0.0000,impact,ragdoll,Proventus Avenicci,0001A67D,NPC L Thigh [LThg],1,79.589,79.589,147.270,38.331,3.152,6.0000,20.487,290.619,3803.534,369.303,0.1558,-0.5667,0.8090,20.618,30.558,-10.503,-,Skin,shape,0000020E2E585000,2,0,1,0,-
3409,125735.779,0.0000,impact,ragdoll,Proventus Avenicci,0001A67D,NPC L Thigh [LThg],1,8.386,8.386,30.657,27.203,3.352,6.0000,20.487,271.376,3814.863,369.562,0.0000,-0.9897,0.1434,-12.796,-18.597,-15.181,Static,StoneStairs,shape,0000020E28E3D900,-,0,1,0,-
3410,125735.783,0.0000,impact,ragdoll,Proventus Avenicci,0001A67D,NPC R Calf [RClf],4,37.825,37.825,209.273,157.113,3.582,6.0000,19.675,295.241,3804.554,367.722,0.7927,-0.2400,0.5604,34.835,152.682,-12.625,-,Skin,shape,0000020E2E585C00,1,1,1,0,-
3411,125735.783,0.0000,impact,ragdoll,Proventus Avenicci,0001A67D,NPC L Thigh [LThg],1,37.825,37.825,209.273,27.203,3.352,6.0000,20.487,295.241,3804.554,367.722,0.7927,-0.2400,0.5604,-12.796,-18.597,-15.181,-,Skin,shape,0000020E2E584D00,4,1,1,0,-
3412,125749.552,0.0000,impact,ragdoll,Proventus Avenicci,0001A67D,NPC R Foot [Rft ],8,96.741,96.741,180.574,161.975,1.942,3.0000,10.011,301.523,3779.037,364.594,-0.1026,-0.3353,0.9365,77.300,137.777,-35.753,-,Skin,shape,0000020E2E585900,5,1,1,0,-
3413,125749.553,0.0000,impact,ragdoll,Proventus Avenicci,0001A67D,NPC L Calf [LClf],5,96.741,96.741,180.574,40.674,1.925,6.0000,19.675,301.523,3779.037,364.594,-0.1026,-0.3353,0.9365,8.122,-39.738,-3.045,-,Skin,shape,0000020E2E584A00,8,1,1,0,-
3414,125767.405,0.0000,impact,ragdoll,Proventus Avenicci,0001A67D,NPC COM [COM ],0,64.510,64.510,51.064,76.402,3.808,50.0000,17.687,269.450,3814.921,369.711,0.0000,-0.8220,0.5695,-17.159,54.785,-50.412,Static,StoneStairs,shape,0000020E28E3D900,-,1,0,0,-
3415,125767.406,0.0000,impact,ragdoll,Proventus Avenicci,0001A67D,NPC COM [COM ],0,64.510,64.510,51.064,76.402,3.808,50.0000,17.687,269.450,3814.921,369.711,0.0000,-0.8220,0.5695,-17.159,54.785,-50.412,Static,StoneStairs,shape,0000020E28E3D900,-,0,1,0,-
3416,125784.129,0.0000,impact,ragdoll,Proventus Avenicci,0001A67D,NPC R Thigh [RThg],2,112.889,112.889,54.203,75.536,4.968,6.0000,20.487,300.426,3814.962,369.760,0.0000,-0.7055,0.7087,5.202,69.389,-29.390,Static,StoneStairs,shape,0000020E28E3D900,-,1,0,0,-
3417,125784.130,0.0000,impact,ragdoll,Proventus Avenicci,0001A67D,NPC R Thigh [RThg],2,112.889,112.889,54.203,75.536,4.968,6.0000,20.487,300.426,3814.962,369.760,0.0000,-0.7055,0.7087,5.202,69.389,-29.390,Static,StoneStairs,shape,0000020E28E3D900,-,0,1,0,-
3418,125831.691,0.0000,impact,ragdoll,Proventus Avenicci,0001A67D,NPC L Thigh [LThg],1,22.137,22.137,49.643,20.560,3.378,6.0000,20.487,289.086,3804.796,355.913,0.0000,-0.0629,0.9980,-10.706,-11.609,-13.164,Static,StoneStairs,shape,0000020E28E3D900,-,0,0,0,-
3419,125831.692,0.0000,impact,ragdoll,Proventus Avenicci,0001A67D,NPC L Thigh [LThg],1,22.375,22.375,49.653,20.560,3.378,6.0000,20.487,289.076,3804.878,355.918,0.0000,-0.0629,0.9980,-10.706,-11.609,-13.164,Static,StoneStairs,shape,0000020E28E3D900,-,0,1,0,-
3420,125831.695,0.0000,impact,ragdoll,Proventus Avenicci,0001A67D,NPC L Calf [LClf],5,27.625,27.625,46.191,19.090,3.177,6.0000,19.675,293.522,3803.881,355.855,-0.0000,-0.0629,0.9980,-0.839,-17.157,-8.328,Static,StoneStairs,shape,0000020E28E3D900,-,0,1,0,-
3421,125846.502,0.0000,impact,ragdoll,Proventus Avenicci,0001A67D,NPC R Calf [RClf],4,16.547,16.547,55.091,46.042,3.783,6.0000,19.675,294.792,3804.446,366.690,0.8437,0.0659,0.5328,26.296,-32.840,-18.706,-,Skin,shape,0000020E2E585C00,1,1,1,0,-
3422,125846.503,0.0000,impact,ragdoll,Proventus Avenicci,0001A67D,NPC L Thigh [LThg],1,16.547,16.547,55.091,16.704,0.588,6.0000,20.487,294.792,3804.446,366.690,0.8437,0.0659,0.5328,-2.657,-16.133,-3.416,-,Skin,shape,0000020E2E584D00,4,1,1,0,-
3423,125846.504,0.0000,impact,ragdoll,Proventus Avenicci,0001A67D,NPC R Calf [RClf],4,19.835,19.835,51.328,46.042,3.783,6.0000,19.675,297.143,3803.603,365.052,0.6942,0.0861,0.7146,26.296,-32.840,-18.706,-,Skin,shape,0000020E2E585900,5,0,1,0,-
3424,125846.504,0.0000,impact,ragdoll,Proventus Avenicci,0001A67D,NPC L Calf [LClf],5,19.835,19.835,51.328,21.059,0.853,6.0000,19.675,297.143,3803.603,365.052,0.6942,0.0861,0.7146,6.508,-20.006,0.948,-,Skin,shape,0000020E2E584D00,4,0,1,0,-
3425,125912.490,0.0000,impact,ragdoll,Proventus Avenicci,0001A67D,NPC R Calf [RClf],4,47.376,47.376,59.079,63.400,4.144,6.0000,19.675,309.197,3777.737,362.780,0.0892,0.4325,0.8972,30.664,-22.656,-50.655,-,Skin,shape,0000020E2E585300,7,1,1,0,-
3426,125912.491,0.0000,impact,ragdoll,Proventus Avenicci,0001A67D,NPC L Foot [Lft ],7,47.376,47.376,59.079,29.051,1.535,3.0000,10.011,309.197,3777.737,362.780,0.0892,0.4325,0.8972,19.586,-21.455,-0.172,-,Skin,shape,0000020E2E584D00,4,1,1,0,-
3427,125928.798,0.0000,impact,ragdoll,Proventus Avenicci,0001A67D,NPC R Hand [RHnd],17,269.089,269.089,128.409,301.198,7.687,4.0000,8.334,289.833,3848.060,383.547,-0.0000,-0.0487,0.9988,-102.793,100.814,-264.557,Static,StoneStairs,shape,0000020E28E3D900,-,1,1,0,-
3428,126030.148,0.0000,impact,ragdoll,Proventus Avenicci,0001A67D,NPC R Calf [RClf],4,95.355,95.355,53.664,64.533,7.371,6.0000,19.675,314.683,3788.406,354.877,0.0000,-0.1891,0.9820,-17.526,-28.920,-54.963,Static,StoneStairs,shape,0000020E28E3D900,-,0,1,0,-
3429,126030.153,0.0000,impact,ragdoll,Proventus Avenicci,0001A67D,NPC Head [Head],13,143.875,143.875,10.653,156.060,5.103,4.0000,15.108,229.000,3843.297,383.315,0.0000,-0.0487,0.9988,-31.802,58.590,-141.104,Static,StoneStairs,shape,0000020E28E3D900,-,1,1,0,-
3430,126048.782,0.0000,impact,ragdoll,Proventus Avenicci,0001A67D,NPC R Calf [RClf],4,37.022,37.022,53.647,41.141,6.639,6.0000,19.675,315.302,3788.363,354.866,0.0000,-0.3120,0.9501,-15.357,-37.632,-6.365,Static,StoneStairs,shape,0000020E28E3D900,-,0,1,0,-
3431,126048.787,0.0000,impact,ragdoll,Proventus Avenicci,0001A67D,NPC R Forearm [RLar],15,7.943,7.943,93.241,90.370,1.876,6.0000,11.658,283.086,3859.398,384.099,0.0000,-0.0487,0.9988,-6.036,89.156,-13.472,Static,StoneStairs,shape,0000020E28E3D900,-,1,1,0,-
3432,126065.344,0.0000,impact,ragdoll,Proventus Avenicci,0001A67D,NPC R Foot [Rft ],8,116.894,116.894,72.553,83.047,12.596,3.0000,10.011,326.273,3788.134,354.625,0.0000,-0.9656,0.2599,-9.384,74.953,-34.509,Static,StoneStairs,shape,0000020E28E3D900,-,1,0,0,-
3433,126065.344,0.0000,impact,ragdoll,Proventus Avenicci,0001A67D,NPC R Foot [Rft ],8,116.894,116.894,72.553,83.047,12.596,3.0000,10.011,326.273,3788.134,354.625,0.0000,-0.9656,0.2599,-9.384,74.953,-34.509,Static,StoneStairs,shape,0000020E28E3D900,-,0,1,0,-
3434,126065.345,0.0000,impact,ragdoll,Proventus Avenicci,0001A67D,NPC Spine2 [Spn2],9,54.490,54.490,10.715,56.868,1.874,7.0000,23.052,248.610,3839.854,383.031,-0.0000,-0.7751,0.6318,-12.438,53.020,-16.375,Static,StoneStairs,shape,0000020E28E3D900,-,1,0,0,-
3435,126065.346,0.0000,impact,ragdoll,Proventus Avenicci,0001A67D,NPC Spine2 [Spn2],9,54.490,54.490,10.715,56.868,1.874,7.0000,23.052,248.610,3839.854,383.031,-0.0000,-0.7751,0.6318,-12.438,53.020,-16.375,Static,StoneStairs,shape,0000020E28E3D900,-,0,1,0,-
3436,126081.176,0.0000,impact,ragdoll,Proventus Avenicci,0001A67D,NPC L Foot [Lft ],7,59.880,59.880,167.298,107.615,9.431,3.0000,10.011,311.839,3776.373,341.368,-0.0000,0.0465,0.9989,-95.004,1.940,-50.513,Static,StoneStairs,shape,0000020E28E3D900,-,1,1,0,-
3437,126081.599,0.0000,impact,ragdoll,Proventus Avenicci,0001A67D,NPC R Hand [RHnd],17,81.400,81.400,50.751,88.065,3.051,4.0000,8.334,288.392,3867.242,388.843,-0.0000,-0.9993,0.0361,-32.859,81.608,3.974,Static,StoneStairs,shape,0000020E28E3D900,-,0,1,0,-
3438,126198.760,0.0000,impact,ragdoll,Proventus Avenicci,0001A67D,NPC R Calf [RClf],4,52.893,52.893,75.640,60.681,1.667,6.0000,19.675,306.892,3776.415,350.112,0.6734,0.3814,0.6333,-29.631,-4.001,-52.804,-,Skin,shape,0000020E2E585300,7,1,1,0,-
3439,126198.761,0.0000,impact,ragdoll,Proventus Avenicci,0001A67D,NPC L Foot [Lft ],7,52.893,52.893,75.640,23.369,3.618,3.0000,10.011,306.892,3776.415,350.112,0.6734,0.3814,0.6333,-12.885,-18.419,-6.390,-,Skin,shape,0000020E2E584D00,4,1,1,0,-
3440,126226.852,0.0000,state,unknown,Proventus Avenicci,0001A67D,-,-,0.000,0.000,0.000,0.000,0.000,0.0000,0.000,0.000,0.000,0.000,0.0000,0.0000,0.0000,0.000,0.000,0.000,-,-,-,0000000000000000,-,0,0,0,knock_get_up
0,129613.657,0.0000,state,unknown,Proventus Avenicci,0001A67D,-,-,0.000,0.000,0.000,0.000,0.000,0.0000,0.000,0.000,0.000,0.000,0.0000,0.0000,0.0000,0.000,0.000,0.000,-,-,-,0000000000000000,-,0,0,0,session_stop
