seq,t_ms,game_hour,event,phase,actor,actor_id,limb,limb_index,impact_speed,normal_speed,tangent_speed,body_speed,angular_speed,mass,limb_radius,pos_x,pos_y,pos_z,nrm_x,nrm_y,nrm_z,vel_x,vel_y,vel_z,other_layer,other_material,material_source,other_body,other_limb,manifold_first,manifold_last,dropped,state
0,0.848,0.0000,state,unknown,Proventus Avenicci,0001A67D,-,-,0.000,0.000,0.000,0.000,0.000,0.0000,0.000,0.000,0.000,0.000,0.0000,0.0000,0.0000,0.000,0.000,0.000,-,-,-,0000000000000000,-,0,0,-,session_start
1,0.848,0.0000,limb_sample,unknown,Proventus Avenicci,0001A67D,NPC COM [COM ],0,0.000,0.000,0.000,0.000,0.000,0.0000,17.687,-325.689,-140.833,-250.292,0.0000,0.0000,0.0000,0.000,0.000,0.000,-,-,-,0000000000000000,-,0,0,-,session_start
2,0.849,0.0000,limb_sample,unknown,Proventus Avenicci,0001A67D,NPC L Thigh [LThg],1,0.000,0.000,0.000,0.581,0.132,0.0000,20.487,-319.115,-140.886,-251.019,0.0000,0.0000,0.0000,0.508,-0.221,-0.174,-,-,-,0000000000000000,-,0,0,-,session_start
3,0.849,0.0000,limb_sample,unknown,Proventus Avenicci,0001A67D,NPC R Thigh [RThg],2,0.000,0.000,0.000,1.589,0.112,0.0000,20.487,-332.263,-140.780,-249.556,0.0000,0.0000,0.0000,0.315,1.433,0.610,-,-,-,0000000000000000,-,0,0,-,session_start
4,0.849,0.0000,limb_sample,unknown,Proventus Avenicci,0001A67D,NPC Spine [Spn0],3,0.000,0.000,0.000,1.392,0.181,0.0000,17.297,-325.282,-135.594,-246.516,0.0000,0.0000,0.0000,1.316,-0.237,0.388,-,-,-,0000000000000000,-,0,0,-,session_start
5,0.849,0.0000,limb_sample,unknown,Proventus Avenicci,0001A67D,NPC R Calf [RClf],4,0.000,0.000,0.000,4.518,0.094,0.0000,19.675,-333.822,-144.027,-284.968,0.0000,0.0000,0.0000,0.909,4.379,0.642,-,-,-,0000000000000000,-,0,0,-,session_start
6,0.849,0.0000,limb_sample,unknown,Proventus Avenicci,0001A67D,NPC L Calf [LClf],5,0.000,0.000,0.000,1.109,0.132,0.0000,19.675,-315.405,-150.318,-285.141,0.0000,0.0000,0.0000,0.792,-0.774,0.056,-,-,-,0000000000000000,-,0,0,-,session_start
7,0.849,0.0000,limb_sample,unknown,Proventus Avenicci,0001A67D,NPC Spine1 [Spn1],6,0.000,0.000,0.000,4.582,0.574,0.0000,18.878,-325.228,-136.710,-237.839,0.0000,0.0000,0.0000,1.386,-3.315,-2.843,-,-,-,0000000000000000,-,0,0,-,session_start
8,0.849,0.0000,limb_sample,unknown,Proventus Avenicci,0001A67D,NPC L Foot [Lft ],7,0.000,0.000,0.000,0.000,0.000,0.0000,10.011,-315.961,-142.263,-311.908,0.0000,0.0000,0.0000,0.000,0.000,0.000,-,-,-,0000000000000000,-,0,0,-,session_start
9,0.849,0.0000,limb_sample,unknown,Proventus Avenicci,0001A67D,NPC R Foot [Rft ],8,0.000,0.000,0.000,0.000,0.000,0.0000,10.011,-333.409,-136.682,-311.930,0.0000,0.0000,0.0000,0.000,0.000,0.000,-,-,-,0000000000000000,-,0,0,-,session_start
10,0.850,0.0000,limb_sample,unknown,Proventus Avenicci,0001A67D,NPC Spine2 [Spn2],9,0.000,0.000,0.000,13.627,0.729,0.0000,23.052,-325.179,-138.055,-228.067,0.0000,0.0000,0.0000,2.461,-12.293,-5.340,-,-,-,0000000000000000,-,0,0,-,session_start
11,0.850,0.0000,limb_sample,unknown,Proventus Avenicci,0001A67D,NPC L UpperArm [LUar],10,0.000,0.000,0.000,16.390,0.361,0.0000,14.463,-312.517,-144.542,-214.233,0.0000,0.0000,0.0000,3.449,-14.930,-5.816,-,-,-,0000000000000000,-,0,0,-,session_start
12,0.850,0.0000,limb_sample,unknown,Proventus Avenicci,0001A67D,NPC Neck [Neck],11,0.000,0.000,0.000,22.920,0.294,0.0000,8.431,-325.169,-148.842,-208.848,0.0000,0.0000,0.0000,3.599,-20.736,-9.077,-,-,-,0000000000000000,-,0,0,-,session_start
13,0.850,0.0000,limb_sample,unknown,Proventus Avenicci,0001A67D,NPC R UpperArm [RUar],12,0.000,0.000,0.000,10.984,0.785,0.0000,14.463,-337.916,-143.977,-214.215,0.0000,0.0000,0.0000,-1.429,-10.434,-3.118,-,-,-,0000000000000000,-,0,0,-,session_start
14,0.850,0.0000,limb_sample,unknown,Proventus Avenicci,0001A67D,NPC Head [Head],13,0.000,0.000,0.000,24.438,0.177,0.0000,15.108,-325.153,-151.884,-202.110,0.0000,0.0000,0.0000,4.125,-22.089,-9.606,-,-,-,0000000000000000,-,0,0,-,session_start
15,0.850,0.0000,limb_sample,unknown,Proventus Avenicci,0001A67D,NPC L Forearm [LLar],14,0.000,0.000,0.000,14.550,0.460,0.0000,11.658,-308.912,-138.910,-236.070,0.0000,0.0000,0.0000,3.117,-12.807,-6.161,-,-,-,0000000000000000,-,0,0,-,session_start
16,0.850,0.0000,limb_sample,unknown,Proventus Avenicci,0001A67D,NPC R Forearm [RLar],15,0.000,0.000,0.000,4.576,0.581,0.0000,11.658,-338.555,-140.157,-236.719,0.0000,0.0000,0.0000,-4.022,-0.946,-1.967,-,-,-,0000000000000000,-,0,0,-,session_start
17,0.850,0.0000,limb_sample,unknown,Proventus Avenicci,0001A67D,NPC L Hand [LHnd],16,0.000,0.000,0.000,12.164,0.751,0.0000,8.334,-305.248,-143.693,-250.943,0.0000,0.0000,0.0000,1.508,-9.341,-7.644,-,-,-,0000000000000000,-,0,0,-,session_start
18,0.851,0.0000,limb_sample,unknown,Proventus Avenicci,0001A67D,NPC R Hand [RHnd],17,0.000,0.000,0.000,4.789,0.546,0.0000,8.334,-332.100,-154.204,-241.020,0.0000,0.0000,0.0000,0.311,2.699,-3.943,-,-,-,0000000000000000,-,0,0,-,session_start
38,522.352,10.9233,state,animated,Proventus Avenicci,0001A67D,-,-,0.000,0.000,0.000,0.000,0.000,0.0000,0.000,0.000,0.000,0.000,0.0000,0.0000,0.0000,0.000,0.000,0.000,-,-,-,0000000000000000,-,0,0,-,ragdoll_rebuilt
39,827.258,10.9241,state,ragdoll,Proventus Avenicci,0001A67D,-,-,0.000,0.000,0.000,0.000,0.000,0.0000,0.000,0.000,0.000,0.000,0.0000,0.0000,0.0000,0.000,0.000,0.000,-,-,-,0000000000000000,-,0,0,-,ragdoll_start
40,827.259,10.9241,limb_sample,ragdoll,Proventus Avenicci,0001A67D,NPC COM [COM ],0,0.000,0.000,0.000,419.948,0.000,0.0000,17.687,-326.177,-140.835,-250.397,0.0000,0.0000,0.0000,-33.016,388.416,156.200,-,-,-,0000000000000000,-,0,0,-,ragdoll_start
41,827.259,10.9241,limb_sample,ragdoll,Proventus Avenicci,0001A67D,NPC L Thigh [LThg],1,0.000,0.000,0.000,314.961,0.000,0.0000,20.487,-319.645,-140.861,-251.218,0.0000,0.0000,0.0000,-11.112,299.757,96.034,-,-,-,0000000000000000,-,0,0,-,ragdoll_start
42,827.259,10.9241,limb_sample,ragdoll,Proventus Avenicci,0001A67D,NPC R Thigh [RThg],2,0.000,0.000,0.000,314.961,0.000,0.0000,20.487,-332.742,-140.810,-249.584,0.0000,0.0000,0.0000,-37.910,297.657,95.725,-,-,-,0000000000000000,-,0,0,-,ragdoll_start
43,827.259,10.9241,limb_sample,ragdoll,Proventus Avenicci,0001A67D,NPC Spine [Spn0],3,0.000,0.000,0.000,419.948,0.000,0.0000,17.297,-325.776,-135.605,-246.626,0.0000,0.0000,0.0000,-31.276,382.186,171.205,-,-,-,0000000000000000,-,0,0,-,ragdoll_start
44,827.259,10.9241,limb_sample,ragdoll,Proventus Avenicci,0001A67D,NPC R Calf [RClf],4,0.000,0.000,0.000,208.836,0.110,0.0000,19.675,-334.063,-144.220,-285.010,0.0000,0.0000,0.0000,-28.030,205.450,24.838,-,-,-,0000000000000000,-,0,0,-,ragdoll_start
45,827.259,10.9241,limb_sample,ragdoll,Proventus Avenicci,0001A67D,NPC L Calf [LClf],5,0.000,0.000,0.000,209.974,0.000,0.0000,19.675,-315.276,-150.553,-285.185,0.0000,0.0000,0.0000,-4.402,208.280,26.249,-,-,-,0000000000000000,-,0,0,-,ragdoll_start
46,827.259,10.9241,limb_sample,ragdoll,Proventus Avenicci,0001A67D,NPC Spine1 [Spn1],6,0.000,0.000,0.000,418.507,0.155,0.0000,18.878,-325.599,-136.873,-237.980,0.0000,0.0000,0.0000,-32.470,372.412,188.156,-,-,-,0000000000000000,-,0,0,-,ragdoll_start
47,827.259,10.9241,limb_sample,ragdoll,Proventus Avenicci,0001A67D,NPC L Foot [Lft ],7,0.000,0.000,0.000,104.987,0.000,0.0000,10.011,-315.960,-142.335,-311.902,0.0000,0.0000,0.0000,-1.850,104.967,0.890,-,-,-,0000000000000000,-,0,0,-,ragdoll_start
48,827.259,10.9241,limb_sample,ragdoll,Proventus Avenicci,0001A67D,NPC R Foot [Rft ],8,0.000,0.000,0.000,104.987,0.000,0.0000,10.011,-333.409,-136.682,-311.930,0.0000,0.0000,0.0000,-14.052,104.039,0.835,-,-,-,0000000000000000,-,0,0,-,ragdoll_start
49,827.259,10.9241,limb_sample,ragdoll,Proventus Avenicci,0001A67D,NPC Spine2 [Spn2],9,0.000,0.000,0.000,416.432,0.169,0.0000,23.052,-325.477,-140.471,-228.797,0.0000,0.0000,0.0000,-32.912,355.933,213.645,-,-,-,0000000000000000,-,0,0,-,ragdoll_start
50,827.259,10.9241,limb_sample,ragdoll,Proventus Avenicci,0001A67D,NPC L UpperArm [LUar],10,0.000,0.000,0.000,415.129,0.088,0.0000,14.463,-312.850,-150.440,-217.180,0.0000,0.0000,0.0000,-1.975,359.667,207.287,-,-,-,0000000000000000,-,0,0,-,ragdoll_start
51,827.259,10.9241,limb_sample,ragdoll,Proventus Avenicci,0001A67D,NPC Neck [Neck],11,0.000,0.000,0.000,414.082,0.162,0.0000,8.431,-325.534,-155.860,-213.019,0.0000,0.0000,0.0000,-34.015,334.960,241.058,-,-,-,0000000000000000,-,0,0,-,ragdoll_start
52,827.260,10.9241,limb_sample,ragdoll,Proventus Avenicci,0001A67D,NPC R UpperArm [RUar],12,0.000,0.000,0.000,417.781,0.137,0.0000,14.463,-338.247,-149.639,-216.877,0.0000,0.0000,0.0000,-62.765,359.036,204.194,-,-,-,0000000000000000,-,0,0,-,ragdoll_start
53,827.260,10.9241,limb_sample,ragdoll,Proventus Avenicci,0001A67D,NPC Head [Head],13,0.000,0.000,0.000,413.616,0.066,0.0000,15.108,-325.567,-160.133,-206.987,0.0000,0.0000,0.0000,-34.483,324.783,253.782,-,-,-,0000000000000000,-,0,0,-,ragdoll_start
54,827.260,10.9241,limb_sample,ragdoll,Proventus Avenicci,0001A67D,NPC L Forearm [LLar],14,0.000,0.000,0.000,311.070,0.159,0.0000,11.658,-309.633,-145.418,-239.225,0.0000,0.0000,0.0000,5.861,284.572,125.495,-,-,-,0000000000000000,-,0,0,-,ragdoll_start
55,827.260,10.9241,limb_sample,ragdoll,Proventus Avenicci,0001A67D,NPC R Forearm [RLar],15,0.000,0.000,0.000,314.513,0.115,0.0000,11.658,-341.155,-140.907,-237.775,0.0000,0.0000,0.0000,-46.319,280.793,133.895,-,-,-,0000000000000000,-,0,0,-,ragdoll_start
56,827.260,10.9241,limb_sample,ragdoll,Proventus Avenicci,0001A67D,NPC L Hand [LHnd],16,0.000,0.000,0.000,207.325,0.066,0.0000,8.334,-306.128,-147.698,-254.718,0.0000,0.0000,0.0000,5.676,194.816,70.698,-,-,-,0000000000000000,-,0,0,-,ragdoll_start
57,827.260,10.9241,limb_sample,ragdoll,Proventus Avenicci,0001A67D,NPC R Hand [RHnd],17,0.000,0.000,0.000,209.384,0.255,0.0000,8.334,-332.439,-153.576,-242.363,0.0000,0.0000,0.0000,-22.281,188.221,88.983,-,-,-,0000000000000000,-,0,0,-,ragdoll_start
58,827.260,10.9241,listener,ragdoll,Proventus Avenicci,0001A67D,-,-,0.000,0.000,0.000,0.000,0.000,0.0000,0.000,-311.888,-308.942,-318.000,0.0855,0.9963,0.0000,0.000,0.000,0.000,-,-,-,0000000000000000,-,0,0,-,ragdoll_start
59,827.260,10.9241,state,ragdoll,Proventus Avenicci,0001A67D,-,-,0.000,0.000,0.000,0.000,0.000,0.0000,0.000,0.000,0.000,0.000,0.0000,0.0000,0.0000,0.000,0.000,0.000,-,-,-,0000000000000000,-,0,0,-,knock_explode_lead_in
60,827.261,10.9241,listener,ragdoll,Proventus Avenicci,0001A67D,-,-,0.000,0.000,0.000,0.000,0.000,0.0000,0.000,-311.888,-308.942,-318.000,0.0855,0.9963,0.0000,0.000,0.000,0.000,-,-,-,0000000000000000,-,0,0,-,knock_explode_lead_in
83,837.905,10.9241,touch,ragdoll,Proventus Avenicci,0001A67D,NPC L Thigh [LThg],1,0.000,0.000,0.000,595.391,3.528,6.0000,20.487,0.000,0.000,0.000,0.0000,0.0000,0.0000,-89.421,509.752,294.359,DeadBip,-,-,000001EB3A166B00,16,0,0,-,
84,837.905,10.9241,touch,ragdoll,Proventus Avenicci,0001A67D,NPC L Hand [LHnd],16,0.000,0.000,0.000,407.119,9.778,4.0000,8.334,0.000,0.000,0.000,0.0000,0.0000,0.0000,-46.744,250.528,317.486,DeadBip,-,-,000001EB3A29CA00,1,0,0,-,
85,837.907,10.9241,touch,ragdoll,Proventus Avenicci,0001A67D,NPC L Thigh [LThg],1,0.000,0.000,0.000,595.391,3.528,6.0000,20.487,0.000,0.000,0.000,0.0000,0.0000,0.0000,-89.421,509.752,294.359,DeadBip,-,-,000001EB3A166E00,14,0,0,-,
86,837.908,10.9241,touch,ragdoll,Proventus Avenicci,0001A67D,NPC L Forearm [LLar],14,0.000,0.000,0.000,281.485,9.789,2.0000,11.658,0.000,0.000,0.000,0.0000,0.0000,0.0000,-14.662,129.271,249.615,DeadBip,-,-,000001EB3A29CA00,1,0,0,-,
87,837.911,10.9241,touch,ragdoll,Proventus Avenicci,0001A67D,NPC R Foot [Rft ],8,0.000,0.000,0.000,362.107,53.988,3.0000,10.011,0.000,0.000,0.000,0.0000,0.0000,0.0000,3.001,143.735,332.344,Static,-,-,000001EAE4AAA500,-,0,0,-,
88,837.911,10.9241,touch,ragdoll,Proventus Avenicci,0001A67D,NPC Spine2 [Spn2],9,0.000,0.000,0.000,374.405,5.872,7.0000,23.052,0.000,0.000,0.000,0.0000,0.0000,0.0000,8.795,359.772,103.276,DeadBip,-,-,000001EB3A167700,15,0,0,-,
89,837.912,10.9241,touch,ragdoll,Proventus Avenicci,0001A67D,NPC R Forearm [RLar],15,0.000,0.000,0.000,293.100,3.990,6.0000,11.658,0.000,0.000,0.000,0.0000,0.0000,0.0000,-23.179,263.222,126.825,DeadBip,-,-,000001EB3A29DC00,9,0,0,-,
90,837.912,10.9241,touch,ragdoll,Proventus Avenicci,0001A67D,NPC Spine2 [Spn2],9,0.000,0.000,0.000,374.405,5.872,7.0000,23.052,0.000,0.000,0.000,0.0000,0.0000,0.0000,8.795,359.772,103.276,DeadBip,-,-,000001EB3A166E00,14,0,0,-,
91,837.912,10.9241,touch,ragdoll,Proventus Avenicci,0001A67D,NPC L Forearm [LLar],14,0.000,0.000,0.000,281.485,9.789,2.0000,11.658,0.000,0.000,0.000,0.0000,0.0000,0.0000,-14.662,129.271,249.615,DeadBip,-,-,000001EB3A29DC00,9,0,0,-,
92,837.913,10.9241,touch,ragdoll,Proventus Avenicci,0001A67D,NPC COM [COM ],0,0.000,0.000,0.000,351.539,10.681,50.0000,17.687,0.000,0.000,0.000,0.0000,0.0000,0.0000,-28.392,350.390,0.429,DeadBip,-,-,000001EB3A167700,15,0,0,-,
93,837.913,10.9241,touch,ragdoll,Proventus Avenicci,0001A67D,NPC R Forearm [RLar],15,0.000,0.000,0.000,293.100,3.990,6.0000,11.658,0.000,0.000,0.000,0.0000,0.0000,0.0000,-23.179,263.222,126.825,DeadBip,-,-,000001EB3A29C400,0,0,0,-,
94,837.913,10.9241,touch,ragdoll,Proventus Avenicci,0001A67D,NPC Spine1 [Spn1],6,0.000,0.000,0.000,415.851,4.844,4.0000,18.878,0.000,0.000,0.000,0.0000,0.0000,0.0000,-61.589,410.972,15.525,DeadBip,-,-,000001EB3A167700,15,0,0,-,
95,837.914,10.9241,touch,ragdoll,Proventus Avenicci,0001A67D,NPC R Forearm [RLar],15,0.000,0.000,0.000,293.100,3.990,6.0000,11.658,0.000,0.000,0.000,0.0000,0.0000,0.0000,-23.179,263.222,126.825,DeadBip,-,-,000001EB3A29DF00,6,0,0,-,
96,837.914,10.9241,touch,ragdoll,Proventus Avenicci,0001A67D,NPC L Thigh [LThg],1,0.000,0.000,0.000,595.391,3.528,6.0000,20.487,0.000,0.000,0.000,0.0000,0.0000,0.0000,-89.421,509.752,294.359,DeadBip,-,-,000001EB3A29D600,4,0,0,-,
97,837.914,10.9241,touch,ragdoll,Proventus Avenicci,0001A67D,NPC R Calf [RClf],4,0.000,0.000,0.000,404.957,18.695,6.0000,19.675,0.000,0.000,0.000,0.0000,0.0000,0.0000,-35.751,149.575,374.619,DeadBip,-,-,000001EB3A29CA00,1,0,0,-,
98,837.914,10.9241,touch,ragdoll,Proventus Avenicci,0001A67D,NPC COM [COM ],0,0.000,0.000,0.000,351.539,10.681,50.0000,17.687,0.000,0.000,0.000,0.0000,0.0000,0.0000,-28.392,350.390,0.429,DeadBip,-,-,000001EB3A166B00,16,0,0,-,
99,837.915,10.9241,touch,ragdoll,Proventus Avenicci,0001A67D,NPC L Hand [LHnd],16,0.000,0.000,0.000,407.119,9.778,4.0000,8.334,0.000,0.000,0.000,0.0000,0.0000,0.0000,-46.744,250.528,317.486,DeadBip,-,-,000001EB3A29C400,0,0,0,-,
100,837.915,10.9241,touch,ragdoll,Proventus Avenicci,0001A67D,NPC COM [COM ],0,0.000,0.000,0.000,351.539,10.681,50.0000,17.687,0.000,0.000,0.000,0.0000,0.0000,0.0000,-28.392,350.390,0.429,DeadBip,-,-,000001EB3A166E00,14,0,0,-,
101,837.915,10.9241,touch,ragdoll,Proventus Avenicci,0001A67D,NPC L Forearm [LLar],14,0.000,0.000,0.000,281.485,9.789,2.0000,11.658,0.000,0.000,0.000,0.0000,0.0000,0.0000,-14.662,129.271,249.615,DeadBip,-,-,000001EB3A29C400,0,0,0,-,
102,837.915,10.9241,touch,ragdoll,Proventus Avenicci,0001A67D,NPC L Thigh [LThg],1,0.000,0.000,0.000,595.391,3.528,6.0000,20.487,0.000,0.000,0.000,0.0000,0.0000,0.0000,-89.421,509.752,294.359,DeadBip,-,-,000001EB3A29C100,2,0,0,-,
103,837.916,10.9241,touch,ragdoll,Proventus Avenicci,0001A67D,NPC R Thigh [RThg],2,0.000,0.000,0.000,526.884,2.246,6.0000,20.487,0.000,0.000,0.000,0.0000,0.0000,0.0000,-0.420,439.288,290.918,DeadBip,-,-,000001EB3A29CA00,1,0,0,-,
104,837.917,10.9241,touch,ragdoll,Proventus Avenicci,0001A67D,NPC Spine [Spn0],3,0.000,0.000,0.000,360.728,3.514,4.0000,17.297,0.000,0.000,0.000,0.0000,0.0000,0.0000,-68.060,352.015,39.723,DeadBip,-,-,000001EB3A167700,15,0,0,-,
105,837.917,10.9241,touch,ragdoll,Proventus Avenicci,0001A67D,NPC R Forearm [RLar],15,0.000,0.000,0.000,293.100,3.990,6.0000,11.658,0.000,0.000,0.000,0.0000,0.0000,0.0000,-23.179,263.222,126.825,DeadBip,-,-,000001EB3A29D000,3,0,0,-,
106,837.917,10.9241,touch,ragdoll,Proventus Avenicci,0001A67D,NPC Spine [Spn0],3,0.000,0.000,0.000,360.728,3.514,4.0000,17.297,0.000,0.000,0.000,0.0000,0.0000,0.0000,-68.060,352.015,39.723,DeadBip,-,-,000001EB3A166E00,14,0,0,-,
107,837.917,10.9241,touch,ragdoll,Proventus Avenicci,0001A67D,NPC L Forearm [LLar],14,0.000,0.000,0.000,281.485,9.789,2.0000,11.658,0.000,0.000,0.000,0.0000,0.0000,0.0000,-14.662,129.271,249.615,DeadBip,-,-,000001EB3A29D000,3,0,0,-,
108,837.918,10.9241,touch,ragdoll,Proventus Avenicci,0001A67D,NPC Spine1 [Spn1],6,0.000,0.000,0.000,415.851,4.844,4.0000,18.878,0.000,0.000,0.000,0.0000,0.0000,0.0000,-61.589,410.972,15.525,DeadBip,-,-,000001EB3A166E00,14,0,0,-,
109,837.918,10.9241,touch,ragdoll,Proventus Avenicci,0001A67D,NPC L Forearm [LLar],14,0.000,0.000,0.000,281.485,9.789,2.0000,11.658,0.000,0.000,0.000,0.0000,0.0000,0.0000,-14.662,129.271,249.615,DeadBip,-,-,000001EB3A29DF00,6,0,0,-,
110,837.920,10.9241,touch,ragdoll,Proventus Avenicci,0001A67D,NPC R Thigh [RThg],2,0.000,0.000,0.000,526.884,2.246,6.0000,20.487,0.000,0.000,0.000,0.0000,0.0000,0.0000,-0.420,439.288,290.918,DeadBip,-,-,000001EB3A29C700,5,0,0,-,
111,837.920,10.9241,touch,ragdoll,Proventus Avenicci,0001A67D,NPC L Calf [LClf],5,0.000,0.000,0.000,415.520,26.964,6.0000,19.675,0.000,0.000,0.000,0.0000,0.0000,0.0000,-27.617,218.880,352.115,DeadBip,-,-,000001EB3A29C100,2,0,0,-,
112,837.921,10.9241,touch,ragdoll,Proventus Avenicci,0001A67D,NPC R Thigh [RThg],2,0.000,0.000,0.000,526.884,2.246,6.0000,20.487,0.000,0.000,0.000,0.0000,0.0000,0.0000,-0.420,439.288,290.918,DeadBip,-,-,000001EB3A167700,15,0,0,-,
113,837.921,10.9241,touch,ragdoll,Proventus Avenicci,0001A67D,NPC R Forearm [RLar],15,0.000,0.000,0.000,293.100,3.990,6.0000,11.658,0.000,0.000,0.000,0.0000,0.0000,0.0000,-23.179,263.222,126.825,DeadBip,-,-,000001EB3A29C100,2,0,0,-,
114,837.922,10.9241,touch,ragdoll,Proventus Avenicci,0001A67D,NPC L Foot [Lft ],7,0.000,0.000,0.000,324.066,54.975,3.0000,10.011,0.000,0.000,0.000,0.0000,0.0000,0.0000,-14.265,115.130,302.590,Static,-,-,000001EA56BED300,-,0,0,-,
115,837.923,10.9241,touch,ragdoll,Proventus Avenicci,0001A67D,NPC L Foot [Lft ],7,0.000,0.000,0.000,324.066,54.975,3.0000,10.011,0.000,0.000,0.000,0.0000,0.0000,0.0000,-14.265,115.130,302.590,Static,-,-,000001EAE4AAA500,-,0,0,-,
116,837.924,10.9241,touch,ragdoll,Proventus Avenicci,0001A67D,NPC R Foot [Rft ],8,0.000,0.000,0.000,362.107,53.988,3.0000,10.011,0.000,0.000,0.000,0.0000,0.0000,0.0000,3.001,143.735,332.344,Static,-,-,000001EA56BED300,-,0,0,-,
117,837.925,10.9241,touch,ragdoll,Proventus Avenicci,0001A67D,NPC COM [COM ],0,0.000,0.000,0.000,351.539,10.681,50.0000,17.687,0.000,0.000,0.000,0.0000,0.0000,0.0000,-28.392,350.390,0.429,DeadBip,-,-,000001EB3A167400,17,0,0,-,
118,837.925,10.9241,touch,ragdoll,Proventus Avenicci,0001A67D,NPC R Hand [RHnd],17,0.000,0.000,0.000,265.106,12.500,4.0000,8.334,0.000,0.000,0.000,0.0000,0.0000,0.0000,-62.826,233.306,109.098,DeadBip,-,-,000001EB3A29C400,0,0,0,-,
119,837.926,10.9241,touch,ragdoll,Proventus Avenicci,0001A67D,NPC Spine2 [Spn2],9,0.000,0.000,0.000,374.405,5.872,7.0000,23.052,0.000,0.000,0.000,0.0000,0.0000,0.0000,8.795,359.772,103.276,DeadBip,-,-,000001EB3A167400,17,0,0,-,
120,837.926,10.9241,touch,ragdoll,Proventus Avenicci,0001A67D,NPC R Hand [RHnd],17,0.000,0.000,0.000,265.106,12.500,4.0000,8.334,0.000,0.000,0.000,0.0000,0.0000,0.0000,-62.826,233.306,109.098,DeadBip,-,-,000001EB3A29DC00,9,0,0,-,
121,837.926,10.9241,touch,ragdoll,Proventus Avenicci,0001A67D,NPC Spine1 [Spn1],6,0.000,0.000,0.000,415.851,4.844,4.0000,18.878,0.000,0.000,0.000,0.0000,0.0000,0.0000,-61.589,410.972,15.525,DeadBip,-,-,000001EB3A167400,17,0,0,-,
122,837.926,10.9241,touch,ragdoll,Proventus Avenicci,0001A67D,NPC R Hand [RHnd],17,0.000,0.000,0.000,265.106,12.500,4.0000,8.334,0.000,0.000,0.000,0.0000,0.0000,0.0000,-62.826,233.306,109.098,DeadBip,-,-,000001EB3A29DF00,6,0,0,-,
123,837.927,10.9241,touch,ragdoll,Proventus Avenicci,0001A67D,NPC Spine [Spn0],3,0.000,0.000,0.000,360.728,3.514,4.0000,17.297,0.000,0.000,0.000,0.0000,0.0000,0.0000,-68.060,352.015,39.723,DeadBip,-,-,000001EB3A167400,17,0,0,-,
124,837.927,10.9241,touch,ragdoll,Proventus Avenicci,0001A67D,NPC R Hand [RHnd],17,0.000,0.000,0.000,265.106,12.500,4.0000,8.334,0.000,0.000,0.000,0.0000,0.0000,0.0000,-62.826,233.306,109.098,DeadBip,-,-,000001EB3A29D000,3,0,0,-,
125,837.927,10.9241,touch,ragdoll,Proventus Avenicci,0001A67D,NPC R Thigh [RThg],2,0.000,0.000,0.000,526.884,2.246,6.0000,20.487,0.000,0.000,0.000,0.0000,0.0000,0.0000,-0.420,439.288,290.918,DeadBip,-,-,000001EB3A167400,17,0,0,-,
126,837.927,10.9241,touch,ragdoll,Proventus Avenicci,0001A67D,NPC R Hand [RHnd],17,0.000,0.000,0.000,265.106,12.500,4.0000,8.334,0.000,0.000,0.000,0.0000,0.0000,0.0000,-62.826,233.306,109.098,DeadBip,-,-,000001EB3A29C100,2,0,0,-,
159,838.152,10.9241,impact,ragdoll,Proventus Avenicci,0001A67D,NPC COM [COM ],0,53.998,53.998,383.372,351.174,10.675,50.0000,17.687,-310.001,-144.241,-254.437,-0.8510,0.4534,0.2650,-28.362,350.027,0.429,DeadBip,Skin,shape,000001EB3A166B00,16,1,1,-,
160,838.153,10.9241,impact,ragdoll,Proventus Avenicci,0001A67D,NPC L Hand [LHnd],16,53.998,-53.998,383.372,406.697,9.773,4.0000,8.334,-310.001,-144.241,-254.437,-0.8510,0.4534,0.2650,-46.695,250.268,317.156,DeadBip,-,-,000001EB3A29C400,0,1,1,-,
161,838.156,10.9241,impact,ragdoll,Proventus Avenicci,0001A67D,NPC L Thigh [LThg],1,78.779,78.779,21.463,594.773,3.527,6.0000,20.487,-326.172,-138.438,-253.737,0.9966,-0.0777,-0.0284,-89.328,509.223,294.053,DeadBip,Skin,shape,000001EB3A29C100,2,1,0,-,
162,838.156,10.9241,impact,ragdoll,Proventus Avenicci,0001A67D,NPC R Thigh [RThg],2,78.779,-78.779,21.463,526.338,2.244,6.0000,20.487,-326.172,-138.438,-253.737,0.9966,-0.0777,-0.0284,-0.419,438.832,290.616,DeadBip,Skin,shape,000001EB3A29CA00,1,1,0,-,
163,838.156,10.9241,impact,ragdoll,Proventus Avenicci,0001A67D,NPC L Thigh [LThg],1,118.728,118.728,106.964,594.773,3.527,6.0000,20.487,-327.081,-140.479,-273.914,0.9660,-0.2096,0.1514,-89.328,509.223,294.053,DeadBip,Skin,shape,000001EB3A29C100,2,0,1,-,
164,838.156,10.9241,impact,ragdoll,Proventus Avenicci,0001A67D,NPC R Thigh [RThg],2,118.728,-118.728,106.964,526.338,2.244,6.0000,20.487,-327.081,-140.479,-273.914,0.9660,-0.2096,0.1514,-0.419,438.832,290.616,DeadBip,Skin,shape,000001EB3A29CA00,1,0,1,-,
165,838.157,10.9241,impact,ragdoll,Proventus Avenicci,0001A67D,NPC L Thigh [LThg],1,134.682,134.682,124.222,594.773,3.527,6.0000,20.487,-329.216,-140.386,-278.907,0.9419,-0.2183,0.2551,-89.328,509.223,294.053,DeadBip,Skin,shape,000001EB3A29D600,4,1,1,-,
166,838.157,10.9241,impact,ragdoll,Proventus Avenicci,0001A67D,NPC R Calf [RClf],4,134.682,-134.682,124.222,404.536,18.685,6.0000,19.675,-329.216,-140.386,-278.907,0.9419,-0.2183,0.2551,-35.714,149.420,374.230,DeadBip,Skin,shape,000001EB3A29CA00,1,1,1,-,
167,838.159,10.9241,impact,ragdoll,Proventus Avenicci,0001A67D,NPC R Thigh [RThg],2,125.416,125.416,198.688,526.338,2.244,6.0000,20.487,-321.246,-142.403,-278.948,-0.9226,0.2487,0.2949,-0.419,438.832,290.616,DeadBip,Skin,shape,000001EB3A29C700,5,1,1,-,
168,838.159,10.9241,impact,ragdoll,Proventus Avenicci,0001A67D,NPC L Calf [LClf],5,125.416,-125.416,198.688,415.088,26.950,6.0000,19.675,-321.246,-142.403,-278.948,-0.9226,0.2487,0.2949,-27.588,218.653,351.750,DeadBip,Skin,shape,000001EB3A29C100,2,1,1,-,
169,838.159,10.9241,impact,ragdoll,Proventus Avenicci,0001A67D,NPC R Thigh [RThg],2,30.275,30.275,286.096,526.338,2.244,6.0000,20.487,-335.717,-144.471,-242.244,0.2135,0.5211,-0.8263,-0.419,438.832,290.616,DeadBip,Skin,shape,000001EB3A167700,15,1,1,-,
170,838.160,10.9241,impact,ragdoll,Proventus Avenicci,0001A67D,NPC R Forearm [RLar],15,30.275,-30.275,286.096,292.796,3.988,6.0000,11.658,-335.717,-144.471,-242.244,0.2135,0.5211,-0.8263,-23.155,262.948,126.694,DeadBip,Skin,shape,000001EB3A29C100,2,1,1,-,
171,838.163,10.9241,impact,ragdoll,Proventus Avenicci,0001A67D,NPC Spine1 [Spn1],6,32.047,32.047,195.061,415.419,4.842,4.0000,18.878,-335.517,-142.057,-235.893,0.8076,0.3781,0.4524,-61.525,410.545,15.509,DeadBip,Skin,shape,000001EB3A167700,15,1,1,-,
172,838.163,10.9241,impact,ragdoll,Proventus Avenicci,0001A67D,NPC R Forearm [RLar],15,32.047,-32.047,195.061,292.796,3.988,6.0000,11.658,-335.517,-142.057,-235.893,0.8076,0.3781,0.4524,-23.155,262.948,126.694,DeadBip,Skin,shape,000001EB3A29DF00,6,1,1,-,
173,838.168,10.9241,impact,ragdoll,Proventus Avenicci,0001A67D,NPC Spine2 [Spn2],9,142.991,142.991,328.324,374.017,5.869,7.0000,23.052,-311.238,-144.765,-233.986,-0.6638,-0.0300,0.7473,8.786,359.399,103.168,DeadBip,Skin,shape,000001EB3A166E00,14,1,1,-,
174,838.169,10.9241,impact,ragdoll,Proventus Avenicci,0001A67D,NPC L Forearm [LLar],14,142.991,-142.991,328.324,281.192,9.784,2.0000,11.658,-311.238,-144.765,-233.986,-0.6638,-0.0300,0.7473,-14.647,129.136,249.356,DeadBip,Skin,shape,000001EB3A29DC00,9,1,1,-,
175,838.428,10.9241,separate,ragdoll,Proventus Avenicci,0001A67D,NPC COM [COM ],0,0.000,0.000,0.000,417.076,2.032,50.0000,17.687,0.000,0.000,0.000,0.0000,0.0000,0.0000,-34.067,391.019,141.052,DeadBip,-,-,000001EB3A166B00,16,0,0,-,
176,838.428,10.9241,separate,ragdoll,Proventus Avenicci,0001A67D,NPC L Hand [LHnd],16,0.000,0.000,0.000,308.890,10.216,4.0000,8.334,0.000,0.000,0.000,0.0000,0.0000,0.0000,-29.414,239.076,193.366,DeadBip,-,-,000001EB3A29C400,0,0,0,-,
177,838.429,10.9241,separate,ragdoll,Proventus Avenicci,0001A67D,NPC COM [COM ],0,0.000,0.000,0.000,417.076,2.032,50.0000,17.687,0.000,0.000,0.000,0.0000,0.0000,0.0000,-34.067,391.019,141.052,DeadBip,-,-,000001EB3A166E00,14,0,0,-,
178,838.429,10.9241,separate,ragdoll,Proventus Avenicci,0001A67D,NPC L Forearm [LLar],14,0.000,0.000,0.000,271.883,15.664,2.0000,11.658,0.000,0.000,0.000,0.0000,0.0000,0.0000,40.643,174.567,204.438,DeadBip,-,-,000001EB3A29C400,0,0,0,-,
179,838.432,10.9241,separate,ragdoll,Proventus Avenicci,0001A67D,NPC R Thigh [RThg],2,0.000,0.000,0.000,274.441,4.553,6.0000,20.487,0.000,0.000,0.000,0.0000,0.0000,0.0000,-54.193,260.359,67.781,DeadBip,-,-,000001EB3A29C700,5,0,0,-,
180,838.432,10.9241,separate,ragdoll,Proventus Avenicci,0001A67D,NPC L Calf [LClf],5,0.000,0.000,0.000,246.106,6.281,6.0000,19.675,0.000,0.000,0.000,0.0000,0.0000,0.0000,-34.474,236.150,60.107,DeadBip,-,-,000001EB3A29C100,2,0,0,-,
181,838.435,10.9241,separate,ragdoll,Proventus Avenicci,0001A67D,NPC Spine2 [Spn2],9,0.000,0.000,0.000,368.970,5.521,7.0000,23.052,0.000,0.000,0.000,0.0000,0.0000,0.0000,-35.817,341.674,134.590,DeadBip,-,-,000001EB3A167400,17,0,0,-,
182,838.435,10.9241,separate,ragdoll,Proventus Avenicci,0001A67D,NPC R Hand [RHnd],17,0.000,0.000,0.000,255.823,11.148,4.0000,8.334,0.000,0.000,0.000,0.0000,0.0000,0.0000,-62.741,229.088,95.015,DeadBip,-,-,000001EB3A29DC00,9,0,0,-,
183,838.436,10.9241,separate,ragdoll,Proventus Avenicci,0001A67D,NPC R Thigh [RThg],2,0.000,0.000,0.000,274.441,4.553,6.0000,20.487,0.000,0.000,0.000,0.0000,0.0000,0.0000,-54.193,260.359,67.781,DeadBip,-,-,000001EB3A167400,17,0,0,-,
184,838.436,10.9241,separate,ragdoll,Proventus Avenicci,0001A67D,NPC R Hand [RHnd],17,0.000,0.000,0.000,255.823,11.148,4.0000,8.334,0.000,0.000,0.000,0.0000,0.0000,0.0000,-62.741,229.088,95.015,DeadBip,-,-,000001EB3A29C100,2,0,0,-,
188,847.506,10.9242,state,ragdoll,Proventus Avenicci,0001A67D,-,-,0.000,0.000,0.000,0.000,0.000,0.0000,0.000,0.000,0.000,0.000,0.0000,0.0000,0.0000,0.000,0.000,0.000,-,-,-,0000000000000000,-,0,0,-,knock_explode
189,847.506,10.9242,listener,ragdoll,Proventus Avenicci,0001A67D,-,-,0.000,0.000,0.000,0.000,0.000,0.0000,0.000,-311.888,-308.942,-318.000,0.0855,0.9963,0.0000,0.000,0.000,0.000,-,-,-,0000000000000000,-,0,0,-,knock_explode
193,858.032,10.9242,separate,ragdoll,Proventus Avenicci,0001A67D,NPC L Thigh [LThg],1,0.000,0.000,0.000,317.347,2.920,6.0000,20.487,0.000,0.000,0.000,0.0000,0.0000,0.0000,-44.463,302.229,85.963,DeadBip,-,-,000001EB3A166E00,14,0,0,-,
194,858.032,10.9242,separate,ragdoll,Proventus Avenicci,0001A67D,NPC L Forearm [LLar],14,0.000,0.000,0.000,266.752,11.102,2.0000,11.658,0.000,0.000,0.000,0.0000,0.0000,0.0000,40.177,232.628,124.203,DeadBip,-,-,000001EB3A29CA00,1,0,0,-,
195,858.036,10.9242,separate,ragdoll,Proventus Avenicci,0001A67D,NPC Spine [Spn0],3,0.000,0.000,0.000,395.397,4.484,4.0000,17.297,0.000,0.000,0.000,0.0000,0.0000,0.0000,-29.664,377.724,113.067,DeadBip,-,-,000001EB3A166E00,14,0,0,-,
196,858.036,10.9242,separate,ragdoll,Proventus Avenicci,0001A67D,NPC L Forearm [LLar],14,0.000,0.000,0.000,266.752,11.102,2.0000,11.658,0.000,0.000,0.000,0.0000,0.0000,0.0000,40.177,232.628,124.203,DeadBip,-,-,000001EB3A29D000,3,0,0,-,
197,858.040,10.9242,separate,ragdoll,Proventus Avenicci,0001A67D,NPC R Thigh [RThg],2,0.000,0.000,0.000,303.837,4.863,6.0000,20.487,0.000,0.000,0.000,0.0000,0.0000,0.0000,-26.734,290.393,85.288,DeadBip,-,-,000001EB3A167700,15,0,0,-,
198,858.040,10.9242,separate,ragdoll,Proventus Avenicci,0001A67D,NPC R Forearm [RLar],15,0.000,0.000,0.000,287.346,1.848,6.0000,11.658,0.000,0.000,0.000,0.0000,0.0000,0.0000,-30.221,267.792,99.709,DeadBip,-,-,000001EB3A29C100,2,0,0,-,
201,858.485,10.9242,separate,ragdoll,Proventus Avenicci,0001A67D,NPC Spine2 [Spn2],9,0.000,0.000,0.000,378.493,3.362,7.0000,23.052,0.000,0.000,0.000,0.0000,0.0000,0.0000,-38.591,354.485,126.917,DeadBip,-,-,000001EB3A166E00,14,0,0,-,
202,858.485,10.9242,separate,ragdoll,Proventus Avenicci,0001A67D,NPC L Forearm [LLar],14,0.000,0.000,0.000,293.695,6.041,2.0000,11.658,0.000,0.000,0.000,0.0000,0.0000,0.0000,52.312,259.773,126.643,DeadBip,-,-,000001EB3A29DC00,9,0,0,-,
203,858.487,10.9242,separate,ragdoll,Proventus Avenicci,0001A67D,NPC Spine1 [Spn1],6,0.000,0.000,0.000,347.570,1.166,4.0000,18.878,0.000,0.000,0.000,0.0000,0.0000,0.0000,-40.897,331.455,96.282,DeadBip,-,-,000001EB3A166E00,14,0,0,-,
204,858.487,10.9242,separate,ragdoll,Proventus Avenicci,0001A67D,NPC L Forearm [LLar],14,0.000,0.000,0.000,293.695,6.041,2.0000,11.658,0.000,0.000,0.000,0.0000,0.0000,0.0000,52.312,259.773,126.643,DeadBip,-,-,000001EB3A29DF00,6,0,0,-,
205,858.488,10.9242,touch,ragdoll,Proventus Avenicci,0001A67D,NPC R Thigh [RThg],2,0.000,0.000,0.000,341.170,4.185,6.0000,20.487,0.000,0.000,0.000,0.0000,0.0000,0.0000,-5.966,319.696,118.979,DeadBip,-,-,000001EB3A29C700,5,0,0,-,
206,858.488,10.9242,touch,ragdoll,Proventus Avenicci,0001A67D,NPC L Calf [LClf],5,0.000,0.000,0.000,288.172,4.559,6.0000,19.675,0.000,0.000,0.000,0.0000,0.0000,0.0000,-33.029,230.951,169.155,DeadBip,-,-,000001EB3A29C100,2,0,0,-,
212,878.152,10.9243,impact,ragdoll,Proventus Avenicci,0001A67D,NPC R Thigh [RThg],2,78.648,78.648,37.561,340.819,4.182,6.0000,20.487,-322.534,-133.481,-275.719,-0.9326,0.1852,0.3097,-5.960,319.367,118.856,DeadBip,Skin,shape,000001EB3A29C700,5,1,1,-,
213,878.152,10.9243,impact,ragdoll,Proventus Avenicci,0001A67D,NPC L Calf [LClf],5,78.648,-78.648,37.561,287.875,4.557,6.0000,19.675,-322.534,-133.481,-275.719,-0.9326,0.1852,0.3097,-32.995,230.714,168.981,DeadBip,Skin,shape,000001EB3A29C100,2,1,1,-,
214,878.335,10.9243,separate,ragdoll,Proventus Avenicci,0001A67D,NPC L Thigh [LThg],1,0.000,0.000,0.000,330.811,3.942,6.0000,20.487,0.000,0.000,0.000,0.0000,0.0000,0.0000,-26.902,314.335,99.530,DeadBip,-,-,000001EB3A166B00,16,0,0,-,
215,878.335,10.9243,separate,ragdoll,Proventus Avenicci,0001A67D,NPC L Hand [LHnd],16,0.000,0.000,0.000,253.092,14.998,4.0000,8.334,0.000,0.000,0.000,0.0000,0.0000,0.0000,-13.856,215.198,132.489,DeadBip,-,-,000001EB3A29CA00,1,0,0,-,
216,878.341,10.9243,separate,ragdoll,Proventus Avenicci,0001A67D,NPC L Foot [Lft ],7,0.000,0.000,0.000,255.918,20.860,3.0000,10.011,0.000,0.000,0.000,0.0000,0.0000,0.0000,16.744,120.414,225.198,Static,-,-,000001EA56BED300,-,0,0,-,
217,878.341,10.9243,separate,ragdoll,Proventus Avenicci,0001A67D,NPC COM [COM ],0,0.000,0.000,0.000,382.579,2.952,50.0000,17.687,0.000,0.000,0.000,0.0000,0.0000,0.0000,-30.762,373.519,76.838,DeadBip,-,-,000001EB3A167400,17,0,0,-,
218,878.342,10.9243,separate,ragdoll,Proventus Avenicci,0001A67D,NPC R Hand [RHnd],17,0.000,0.000,0.000,268.007,12.038,4.0000,8.334,0.000,0.000,0.000,0.0000,0.0000,0.0000,-72.824,243.353,85.463,DeadBip,-,-,000001EB3A29C400,0,0,0,-,
221,878.681,10.9243,separate,ragdoll,Proventus Avenicci,0001A67D,NPC L Foot [Lft ],7,0.000,0.000,0.000,242.000,18.479,3.0000,10.011,0.000,0.000,0.000,0.0000,0.0000,0.0000,23.206,121.133,208.212,Static,-,-,000001EAE4AAA500,-,0,0,-,
222,878.682,10.9243,separate,ragdoll,Proventus Avenicci,0001A67D,NPC Spine [Spn0],3,0.000,0.000,0.000,365.244,2.803,4.0000,17.297,0.000,0.000,0.000,0.0000,0.0000,0.0000,-28.189,355.915,77.026,DeadBip,-,-,000001EB3A167400,17,0,0,-,
223,878.682,10.9243,separate,ragdoll,Proventus Avenicci,0001A67D,NPC R Hand [RHnd],17,0.000,0.000,0.000,270.067,11.822,4.0000,8.334,0.000,0.000,0.000,0.0000,0.0000,0.0000,-75.180,246.419,81.004,DeadBip,-,-,000001EB3A29D000,3,0,0,-,
229,888.049,10.9243,listener,ragdoll,Proventus Avenicci,0001A67D,-,-,0.000,0.000,0.000,0.000,0.000,0.0000,0.000,-311.888,-308.942,-318.000,0.0855,0.9963,0.0000,0.000,0.000,0.000,-,-,-,0000000000000000,-,0,0,-,tick
236,897.733,10.9243,separate,ragdoll,Proventus Avenicci,0001A67D,NPC COM [COM ],0,0.000,0.000,0.000,370.029,2.406,50.0000,17.687,0.000,0.000,0.000,0.0000,0.0000,0.0000,-30.274,363.121,64.409,DeadBip,-,-,000001EB3A167700,15,0,0,-,
237,897.733,10.9243,separate,ragdoll,Proventus Avenicci,0001A67D,NPC R Forearm [RLar],15,0.000,0.000,0.000,283.396,1.998,6.0000,11.658,0.000,0.000,0.000,0.0000,0.0000,0.0000,-25.688,271.449,77.261,DeadBip,-,-,000001EB3A29C400,0,0,0,-,
238,897.736,10.9243,separate,ragdoll,Proventus Avenicci,0001A67D,NPC R Foot [Rft ],8,0.000,0.000,0.000,187.464,9.120,3.0000,10.011,0.000,0.000,0.000,0.0000,0.0000,0.0000,-36.662,123.451,136.229,Static,-,-,000001EA56BED300,-,0,0,-,
239,897.737,10.9243,separate,ragdoll,Proventus Avenicci,0001A67D,NPC Spine1 [Spn1],6,0.000,0.000,0.000,343.864,1.392,4.0000,18.878,0.000,0.000,0.000,0.0000,0.0000,0.0000,-26.332,336.505,65.681,DeadBip,-,-,000001EB3A167400,17,0,0,-,
240,897.737,10.9243,separate,ragdoll,Proventus Avenicci,0001A67D,NPC R Hand [RHnd],17,0.000,0.000,0.000,271.753,11.265,4.0000,8.334,0.000,0.000,0.000,0.0000,0.0000,0.0000,-77.715,249.087,75.932,DeadBip,-,-,000001EB3A29DF00,6,0,0,-,
242,907.454,10.9244,listener,ragdoll,Proventus Avenicci,0001A67D,-,-,0.000,0.000,0.000,0.000,0.000,0.0000,0.000,-311.888,-308.942,-318.000,0.0855,0.9963,0.0000,0.000,0.000,0.000,-,-,-,0000000000000000,-,0,0,-,tick
244,917.294,10.9244,separate,ragdoll,Proventus Avenicci,0001A67D,NPC R Foot [Rft ],8,0.000,0.000,0.000,187.192,5.878,3.0000,10.011,0.000,0.000,0.000,0.0000,0.0000,0.0000,-39.961,126.496,132.072,Static,-,-,000001EAE4AAA500,-,0,0,-,
245,917.297,10.9244,separate,ragdoll,Proventus Avenicci,0001A67D,NPC R Thigh [RThg],2,0.000,0.000,0.000,329.233,2.711,6.0000,20.487,0.000,0.000,0.000,0.0000,0.0000,0.0000,-33.980,320.258,68.371,DeadBip,-,-,000001EB3A29C700,5,0,0,-,
246,917.298,10.9244,separate,ragdoll,Proventus Avenicci,0001A67D,NPC L Calf [LClf],5,0.000,0.000,0.000,252.236,4.621,6.0000,19.675,0.000,0.000,0.000,0.0000,0.0000,0.0000,-5.944,228.800,106.012,DeadBip,-,-,000001EB3A29C100,2,0,0,-,
248,946.891,10.9245,listener,ragdoll,Proventus Avenicci,0001A67D,-,-,0.000,0.000,0.000,0.000,0.000,0.0000,0.000,-311.888,-308.942,-318.000,0.0855,0.9963,0.0000,0.000,0.000,0.000,-,-,-,0000000000000000,-,0,0,-,tick
253,985.371,10.9246,listener,ragdoll,Proventus Avenicci,0001A67D,-,-,0.000,0.000,0.000,0.000,0.000,0.0000,0.000,-311.888,-308.942,-318.000,0.0855,0.9963,0.0000,0.000,0.000,0.000,-,-,-,0000000000000000,-,0,0,-,tick
255,995.687,10.9246,separate,ragdoll,Proventus Avenicci,0001A67D,NPC L Thigh [LThg],1,0.000,0.000,0.000,297.218,2.914,6.0000,20.487,0.000,0.000,0.000,0.0000,0.0000,0.0000,-20.937,295.280,26.647,DeadBip,-,-,000001EB3A29D600,4,0,0,-,
256,995.687,10.9246,separate,ragdoll,Proventus Avenicci,0001A67D,NPC R Calf [RClf],4,0.000,0.000,0.000,231.491,3.898,6.0000,19.675,0.000,0.000,0.000,0.0000,0.0000,0.0000,-33.193,220.537,62.047,DeadBip,-,-,000001EB3A29CA00,1,0,0,-,
257,995.688,10.9246,separate,ragdoll,Proventus Avenicci,0001A67D,NPC Spine [Spn0],3,0.000,0.000,0.000,353.145,2.944,4.0000,17.297,0.000,0.000,0.000,0.0000,0.0000,0.0000,-31.277,351.756,-0.887,DeadBip,-,-,000001EB3A167700,15,0,0,-,
258,995.688,10.9246,separate,ragdoll,Proventus Avenicci,0001A67D,NPC R Forearm [RLar],15,0.000,0.000,0.000,297.439,5.881,6.0000,11.658,0.000,0.000,0.000,0.0000,0.0000,0.0000,-25.517,294.538,32.658,DeadBip,-,-,000001EB3A29D000,3,0,0,-,
261,1005.651,10.9247,listener,ragdoll,Proventus Avenicci,0001A67D,-,-,0.000,0.000,0.000,0.000,0.000,0.0000,0.000,-311.888,-308.942,-318.000,0.0855,0.9963,0.0000,0.000,0.000,0.000,-,-,-,0000000000000000,-,0,0,-,tick
270,1045.007,10.9248,listener,ragdoll,Proventus Avenicci,0001A67D,-,-,0.000,0.000,0.000,0.000,0.000,0.0000,0.000,-311.888,-308.942,-318.000,0.0855,0.9963,0.0000,0.000,0.000,0.000,-,-,-,0000000000000000,-,0,0,-,tick
276,1083.134,10.9249,listener,ragdoll,Proventus Avenicci,0001A67D,-,-,0.000,0.000,0.000,0.000,0.000,0.0000,0.000,-311.888,-308.942,-318.000,0.0855,0.9963,0.0000,0.000,0.000,0.000,-,-,-,0000000000000000,-,0,0,-,tick
286,1103.588,10.9249,listener,ragdoll,Proventus Avenicci,0001A67D,-,-,0.000,0.000,0.000,0.000,0.000,0.0000,0.000,-311.888,-308.942,-318.000,0.0855,0.9963,0.0000,0.000,0.000,0.000,-,-,-,0000000000000000,-,0,0,-,tick
294,1145.255,10.9250,listener,ragdoll,Proventus Avenicci,0001A67D,-,-,0.000,0.000,0.000,0.000,0.000,0.0000,0.000,-311.888,-308.942,-318.000,0.0855,0.9963,0.0000,0.000,0.000,0.000,-,-,-,0000000000000000,-,0,0,-,tick
298,1165.424,10.9251,listener,ragdoll,Proventus Avenicci,0001A67D,-,-,0.000,0.000,0.000,0.000,0.000,0.0000,0.000,-311.888,-308.942,-318.000,0.0855,0.9963,0.0000,0.000,0.000,0.000,-,-,-,0000000000000000,-,0,0,-,tick
318,1205.644,10.9252,listener,ragdoll,Proventus Avenicci,0001A67D,-,-,0.000,0.000,0.000,0.000,0.000,0.0000,0.000,-311.888,-308.942,-318.000,0.0855,0.9963,0.0000,0.000,0.000,0.000,-,-,-,0000000000000000,-,0,0,-,tick
336,1246.606,10.9253,listener,ragdoll,Proventus Avenicci,0001A67D,-,-,0.000,0.000,0.000,0.000,0.000,0.0000,0.000,-311.888,-308.942,-318.000,0.0855,0.9963,0.0000,0.000,0.000,0.000,-,-,-,0000000000000000,-,0,0,-,tick
340,1267.016,10.9254,listener,ragdoll,Proventus Avenicci,0001A67D,-,-,0.000,0.000,0.000,0.000,0.000,0.0000,0.000,-311.888,-308.942,-318.000,0.0855,0.9963,0.0000,0.000,0.000,0.000,-,-,-,0000000000000000,-,0,0,-,tick
358,1304.729,10.9255,listener,ragdoll,Proventus Avenicci,0001A67D,-,-,0.000,0.000,0.000,0.000,0.000,0.0000,0.000,-311.888,-308.942,-318.000,0.0855,0.9963,0.0000,0.000,0.000,0.000,-,-,-,0000000000000000,-,0,0,-,tick
365,1343.338,10.9256,listener,ragdoll,Proventus Avenicci,0001A67D,-,-,0.000,0.000,0.000,0.000,0.000,0.0000,0.000,-311.888,-308.942,-318.000,0.0855,0.9963,0.0000,0.000,0.000,0.000,-,-,-,0000000000000000,-,0,0,-,tick
374,1362.494,10.9256,listener,ragdoll,Proventus Avenicci,0001A67D,-,-,0.000,0.000,0.000,0.000,0.000,0.0000,0.000,-311.888,-308.942,-318.000,0.0855,0.9963,0.0000,0.000,0.000,0.000,-,-,-,0000000000000000,-,0,0,-,tick
380,1391.407,10.9256,touch,ragdoll,Proventus Avenicci,0001A67D,NPC L Foot [Lft ],7,0.000,0.000,0.000,336.681,0.665,3.0000,10.011,0.000,0.000,0.000,0.0000,0.0000,0.0000,-27.777,273.902,-193.804,Static,-,-,000001EAE4998400,-,0,0,-,
381,1391.620,10.9256,impact,ragdoll,Proventus Avenicci,0001A67D,NPC L Foot [Lft ],7,194.717,194.717,271.481,336.351,0.665,3.0000,10.011,-322.598,-18.193,-318.000,0.0000,0.0000,1.0000,-27.750,273.634,-193.615,Static,Carpet,shape,000001EAE4998400,-,1,1,-,
382,1391.836,10.9256,touch,ragdoll,Proventus Avenicci,0001A67D,NPC L Calf [LClf],5,0.000,0.000,0.000,275.451,9.921,6.0000,19.675,0.000,0.000,0.000,0.0000,0.0000,0.0000,-20.532,258.898,-91.781,Static,-,-,000001EAE4998400,-,0,0,-,
383,1400.592,10.9258,listener,ragdoll,Proventus Avenicci,0001A67D,-,-,0.000,0.000,0.000,0.000,0.000,0.0000,0.000,-311.888,-308.942,-318.000,0.0855,0.9963,0.0000,0.000,0.000,0.000,-,-,-,0000000000000000,-,0,0,-,tick
386,1410.286,10.9258,touch,ragdoll,Proventus Avenicci,0001A67D,NPC L Calf [LClf],5,0.000,0.000,0.000,237.741,6.391,6.0000,19.675,0.000,0.000,0.000,0.0000,0.0000,0.0000,-22.158,209.785,-109.635,Static,-,-,000001EA56BED300,-,0,0,-,
387,1410.480,10.9258,impact,ragdoll,Proventus Avenicci,0001A67D,NPC L Calf [LClf],5,36.316,36.316,131.125,237.512,6.388,6.0000,19.675,-324.246,-9.771,-319.650,0.0000,0.0000,1.0000,-22.137,209.583,-109.529,Static,Wood,shape,000001EA56BED300,-,1,1,-,
391,1428.966,10.9259,touch,ragdoll,Proventus Avenicci,0001A67D,NPC L Foot [Lft ],7,0.000,0.000,0.000,260.766,12.534,3.0000,10.011,0.000,0.000,0.000,0.0000,0.0000,0.0000,-38.198,244.448,82.371,Static,-,-,000001EA56BED300,-,0,0,-,
392,1428.968,10.9259,touch,ragdoll,Proventus Avenicci,0001A67D,NPC R Calf [RClf],4,0.000,0.000,0.000,354.406,1.967,6.0000,19.675,0.000,0.000,0.000,0.0000,0.0000,0.0000,-31.580,283.904,-209.773,Static,-,-,000001EAE4998400,-,0,0,-,
393,1428.969,10.9259,touch,ragdoll,Proventus Avenicci,0001A67D,NPC COM [COM ],0,0.000,0.000,0.000,397.960,1.830,50.0000,17.687,0.000,0.000,0.000,0.0000,0.0000,0.0000,-20.908,276.958,-285.007,Static,-,-,000001EAE4998400,-,0,0,-,
394,1428.970,10.9259,touch,ragdoll,Proventus Avenicci,0001A67D,NPC R Thigh [RThg],2,0.000,0.000,0.000,383.376,1.885,6.0000,20.487,0.000,0.000,0.000,0.0000,0.0000,0.0000,-23.545,279.540,-261.305,Static,-,-,000001EAE4998400,-,0,0,-,
395,1429.178,10.9259,impact,ragdoll,Proventus Avenicci,0001A67D,NPC COM [COM ],0,286.367,286.367,259.356,397.583,1.829,50.0000,17.687,-343.688,51.050,-318.000,0.0000,0.0000,1.0000,-20.888,276.696,-284.737,Static,Carpet,shape,000001EAE4998400,-,1,1,-,
396,1429.179,10.9259,impact,ragdoll,Proventus Avenicci,0001A67D,NPC R Thigh [RThg],2,280.750,280.750,261.887,383.013,1.884,6.0000,20.487,-347.777,47.389,-318.000,-0.0000,0.0000,1.0000,-23.523,279.275,-261.058,Static,Carpet,shape,000001EAE4998400,-,1,1,-,
397,1429.180,10.9259,impact,ragdoll,Proventus Avenicci,0001A67D,NPC R Calf [RClf],4,188.034,188.034,267.043,354.071,1.966,6.0000,19.675,-355.143,-5.369,-318.000,-0.0000,0.0000,1.0000,-31.550,283.635,-209.575,Static,Carpet,shape,000001EAE4998400,-,1,1,-,
400,1429.397,10.9259,touch,ragdoll,Proventus Avenicci,0001A67D,NPC L Thigh [LThg],1,0.000,0.000,0.000,304.123,5.699,6.0000,20.487,0.000,0.000,0.000,0.0000,0.0000,0.0000,38.475,282.781,-105.096,Static,-,-,000001EAE4998400,-,0,0,-,
401,1429.399,10.9259,touch,ragdoll,Proventus Avenicci,0001A67D,NPC COM [COM ],0,0.000,0.000,0.000,235.289,23.207,50.0000,17.687,0.000,0.000,0.000,0.0000,0.0000,0.0000,55.681,228.594,2.249,Static,-,-,000001EA56BED300,-,0,0,-,
402,1437.988,10.9259,listener,ragdoll,Proventus Avenicci,0001A67D,-,-,0.000,0.000,0.000,0.000,0.000,0.0000,0.000,-311.888,-308.942,-318.000,0.0855,0.9963,0.0000,0.000,0.000,0.000,-,-,-,0000000000000000,-,0,0,-,tick
404,1448.346,10.9259,impact,ragdoll,Proventus Avenicci,0001A67D,NPC L Thigh [LThg],1,159.028,159.028,330.018,303.835,5.697,6.0000,20.487,-331.309,26.114,-318.000,0.0000,-0.0000,1.0000,38.439,282.514,-104.997,Static,Carpet,shape,000001EAE4998400,-,1,1,-,
407,1448.592,10.9259,touch,ragdoll,Proventus Avenicci,0001A67D,NPC Spine [Spn0],3,0.000,0.000,0.000,260.855,19.697,4.0000,17.297,0.000,0.000,0.000,0.0000,0.0000,0.0000,51.845,241.601,-83.584,Static,-,-,000001EAE4998400,-,0,0,-,
408,1448.769,10.9259,impact,ragdoll,Proventus Avenicci,0001A67D,NPC Spine [Spn0],3,74.641,74.641,30.166,260.608,19.687,4.0000,17.297,-344.729,60.359,-318.000,0.0000,0.0000,1.0000,51.796,241.373,-83.505,Static,Carpet,shape,000001EAE4998400,-,1,1,-,
409,1448.953,10.9259,touch,ragdoll,Proventus Avenicci,0001A67D,NPC R Foot [Rft ],8,0.000,0.000,0.000,193.466,9.153,3.0000,10.011,0.000,0.000,0.000,0.0000,0.0000,0.0000,-86.696,148.574,-88.538,Static,-,-,000001EAE4998400,-,0,0,-,
410,1448.956,10.9259,touch,ragdoll,Proventus Avenicci,0001A67D,NPC Spine [Spn0],3,0.000,0.000,0.000,276.421,19.146,4.0000,17.297,0.000,0.000,0.000,0.0000,0.0000,0.0000,53.476,269.956,-25.932,Static,-,-,000001EA56BED300,-,0,0,-,
411,1458.093,10.9259,listener,ragdoll,Proventus Avenicci,0001A67D,-,-,0.000,0.000,0.000,0.000,0.000,0.0000,0.000,-311.888,-308.942,-318.000,0.0855,0.9963,0.0000,0.000,0.000,0.000,-,-,-,0000000000000000,-,0,0,-,tick
413,1467.924,10.9259,impact,ragdoll,Proventus Avenicci,0001A67D,NPC R Foot [Rft ],8,73.956,73.956,175.909,193.282,9.149,3.0000,10.011,-355.974,-4.776,-318.000,0.0000,0.0000,1.0000,-86.613,148.432,-88.453,Static,Carpet,shape,000001EAE4998400,-,1,1,-,
414,1468.208,10.9259,touch,ragdoll,Proventus Avenicci,0001A67D,NPC Spine [Spn0],3,0.000,0.000,0.000,266.723,16.616,4.0000,17.297,0.000,0.000,0.000,0.0000,0.0000,0.0000,33.775,262.929,-29.469,DeadBip,-,-,000001EB3A167700,15,0,0,-,
415,1468.208,10.9259,touch,ragdoll,Proventus Avenicci,0001A67D,NPC R Forearm [RLar],15,0.000,0.000,0.000,484.590,6.012,6.0000,11.658,0.000,0.000,0.000,0.0000,0.0000,0.0000,-20.648,393.333,-282.294,DeadBip,-,-,000001EB3A29D000,3,0,0,-,
416,1468.214,10.9259,touch,ragdoll,Proventus Avenicci,0001A67D,NPC Spine1 [Spn1],6,0.000,0.000,0.000,410.561,17.324,4.0000,18.878,0.000,0.000,0.000,0.0000,0.0000,0.0000,10.597,372.284,-172.780,Static,-,-,000001EAE4998400,-,0,0,-,
417,1468.420,10.9259,impact,ragdoll,Proventus Avenicci,0001A67D,NPC Spine [Spn0],3,120.746,120.746,295.210,266.468,16.608,4.0000,17.297,-355.013,67.040,-295.242,0.7307,-0.1337,-0.6694,33.743,262.678,-29.441,DeadBip,Skin,shape,000001EB3A167700,15,1,1,-,
418,1468.420,10.9259,impact,ragdoll,Proventus Avenicci,0001A67D,NPC R Forearm [RLar],15,120.746,-120.746,295.210,484.128,6.009,6.0000,11.658,-355.013,67.040,-295.242,0.7307,-0.1337,-0.6694,-20.628,392.958,-282.025,DeadBip,Skin,shape,000001EB3A29D000,3,1,1,-,
419,1468.422,10.9259,impact,ragdoll,Proventus Avenicci,0001A67D,NPC Spine1 [Spn1],6,169.827,169.827,77.625,410.169,17.316,4.0000,18.878,-346.168,73.600,-318.000,0.0000,0.0000,1.0000,10.587,371.928,-172.615,Static,Carpet,shape,000001EAE4998400,-,1,1,-,
420,1468.600,10.9259,touch,ragdoll,Proventus Avenicci,0001A67D,NPC Spine1 [Spn1],6,0.000,0.000,0.000,293.786,19.258,4.0000,18.878,0.000,0.000,0.000,0.0000,0.0000,0.0000,86.493,278.549,-35.208,DeadBip,-,-,000001EB3A166E00,14,0,0,-,
421,1468.600,10.9259,touch,ragdoll,Proventus Avenicci,0001A67D,NPC L Forearm [LLar],14,0.000,0.000,0.000,502.286,5.595,2.0000,11.658,0.000,0.000,0.000,0.0000,0.0000,0.0000,-50.464,416.713,-275.854,DeadBip,-,-,000001EB3A29DF00,6,0,0,-,
422,1468.601,10.9259,touch,ragdoll,Proventus Avenicci,0001A67D,NPC Spine2 [Spn2],9,0.000,0.000,0.000,408.645,11.567,7.0000,23.052,0.000,0.000,0.000,0.0000,0.0000,0.0000,-0.159,354.103,-203.965,DeadBip,-,-,000001EB3A166E00,14,0,0,-,
423,1468.601,10.9259,touch,ragdoll,Proventus Avenicci,0001A67D,NPC L Forearm [LLar],14,0.000,0.000,0.000,502.286,5.595,2.0000,11.658,0.000,0.000,0.000,0.0000,0.0000,0.0000,-50.464,416.713,-275.854,DeadBip,-,-,000001EB3A29DC00,9,0,0,-,
424,1468.602,10.9259,touch,ragdoll,Proventus Avenicci,0001A67D,NPC Spine [Spn0],3,0.000,0.000,0.000,219.145,11.330,4.0000,17.297,0.000,0.000,0.000,0.0000,0.0000,0.0000,44.043,213.841,18.886,DeadBip,-,-,000001EB3A166E00,14,0,0,-,
425,1468.602,10.9259,touch,ragdoll,Proventus Avenicci,0001A67D,NPC L Forearm [LLar],14,0.000,0.000,0.000,502.286,5.595,2.0000,11.658,0.000,0.000,0.000,0.0000,0.0000,0.0000,-50.464,416.713,-275.854,DeadBip,-,-,000001EB3A29D000,3,0,0,-,
426,1487.023,10.9259,impact,ragdoll,Proventus Avenicci,0001A67D,NPC Spine [Spn0],3,252.211,252.211,111.180,218.935,11.324,4.0000,17.297,-327.152,68.152,-293.987,-0.6536,-0.0300,-0.7563,44.001,213.637,18.868,DeadBip,Skin,shape,000001EB3A166E00,14,1,1,-,
427,1487.024,10.9259,impact,ragdoll,Proventus Avenicci,0001A67D,NPC L Forearm [LLar],14,252.211,-252.211,111.180,501.807,5.593,2.0000,11.658,-327.152,68.152,-293.987,-0.6536,-0.0300,-0.7563,-50.416,416.315,-275.590,DeadBip,Skin,shape,000001EB3A29D000,3,1,1,-,
428,1487.029,10.9259,impact,ragdoll,Proventus Avenicci,0001A67D,NPC Spine1 [Spn1],6,269.978,269.978,59.763,293.505,19.248,4.0000,18.878,-327.586,69.962,-292.904,-0.7638,0.4305,-0.4808,86.410,278.283,-35.175,DeadBip,Skin,shape,000001EB3A166E00,14,1,1,-,
429,1487.030,10.9259,impact,ragdoll,Proventus Avenicci,0001A67D,NPC L Forearm [LLar],14,269.978,-269.978,59.763,501.807,5.593,2.0000,11.658,-327.586,69.962,-292.904,-0.7638,0.4305,-0.4808,-50.416,416.315,-275.590,DeadBip,Skin,shape,000001EB3A29DF00,6,1,1,-,
430,1487.033,10.9259,impact,ragdoll,Proventus Avenicci,0001A67D,NPC Spine2 [Spn2],9,101.239,101.239,271.438,408.255,11.562,7.0000,23.052,-327.951,70.777,-290.099,-0.6630,0.7329,-0.1528,-0.159,353.765,-203.770,DeadBip,Skin,shape,000001EB3A166E00,14,1,1,-,
431,1487.033,10.9259,impact,ragdoll,Proventus Avenicci,0001A67D,NPC L Forearm [LLar],14,101.239,-101.239,271.438,501.807,5.593,2.0000,11.658,-327.951,70.777,-290.099,-0.6630,0.7329,-0.1528,-50.416,416.315,-275.590,DeadBip,Skin,shape,000001EB3A29DC00,9,1,1,-,
432,1487.269,10.9259,separate,ragdoll,Proventus Avenicci,0001A67D,NPC L Foot [Lft ],7,0.000,0.000,0.000,271.804,11.772,3.0000,10.011,0.000,0.000,0.000,0.0000,0.0000,0.0000,-51.371,262.571,47.903,Static,-,-,000001EA56BED300,-,0,0,-,
433,1487.272,10.9259,separate,ragdoll,Proventus Avenicci,0001A67D,NPC Spine [Spn0],3,0.000,0.000,0.000,210.520,9.108,4.0000,17.297,0.000,0.000,0.000,0.0000,0.0000,0.0000,52.578,201.342,-31.870,Static,-,-,000001EA56BED300,-,0,0,-,
435,1487.698,10.9259,touch,ragdoll,Proventus Avenicci,0001A67D,NPC Spine1 [Spn1],6,0.000,0.000,0.000,295.027,11.593,4.0000,18.878,0.000,0.000,0.000,0.0000,0.0000,0.0000,34.215,272.469,-107.848,Static,-,-,000001EA56BED300,-,0,0,-,
436,1487.699,10.9259,touch,ragdoll,Proventus Avenicci,0001A67D,NPC Spine2 [Spn2],9,0.000,0.000,0.000,414.374,12.117,7.0000,23.052,0.000,0.000,0.000,0.0000,0.0000,0.0000,28.684,339.158,-236.337,Static,-,-,000001EAE4998400,-,0,0,-,
437,1496.778,10.9260,listener,ragdoll,Proventus Avenicci,0001A67D,-,-,0.000,0.000,0.000,0.000,0.000,0.0000,0.000,-311.888,-308.942,-318.000,0.0855,0.9963,0.0000,0.000,0.000,0.000,-,-,-,0000000000000000,-,0,0,-,tick
439,1507.913,10.9260,impact,ragdoll,Proventus Avenicci,0001A67D,NPC Spine1 [Spn1],6,100.771,100.771,113.194,294.743,11.588,4.0000,18.878,-344.703,81.621,-319.650,0.0000,0.0000,1.0000,34.182,272.207,-107.744,Static,Wood,shape,000001EA56BED300,-,1,1,-,
440,1507.917,10.9260,impact,ragdoll,Proventus Avenicci,0001A67D,NPC Spine2 [Spn2],9,245.471,245.471,98.814,413.975,12.112,7.0000,23.052,-345.433,92.895,-318.000,0.0000,0.0000,1.0000,28.657,338.832,-236.109,Static,Carpet,shape,000001EAE4998400,-,1,1,-,
441,1508.249,10.9260,touch,ragdoll,Proventus Avenicci,0001A67D,NPC L Hand [LHnd],16,0.000,0.000,0.000,477.590,19.711,4.0000,8.334,0.000,0.000,0.000,0.0000,0.0000,0.0000,-80.564,383.911,-272.422,DeadBip,-,-,000001EB3A29DC00,9,0,0,-,
442,1508.250,10.9260,touch,ragdoll,Proventus Avenicci,0001A67D,NPC Spine2 [Spn2],9,0.000,0.000,0.000,307.926,17.752,7.0000,23.052,0.000,0.000,0.000,0.0000,0.0000,0.0000,75.771,298.248,-11.196,DeadBip,-,-,000001EB3A166B00,16,0,0,-,
443,1508.258,10.9260,separate,ragdoll,Proventus Avenicci,0001A67D,NPC Spine1 [Spn1],6,0.000,0.000,0.000,222.947,3.947,4.0000,18.878,0.000,0.000,0.000,0.0000,0.0000,0.0000,14.704,187.166,120.243,Static,-,-,000001EA56BED300,-,0,0,-,
444,1508.505,10.9260,impact,ragdoll,Proventus Avenicci,0001A67D,NPC L Thigh [LThg],1,13.309,13.309,47.912,200.638,2.858,6.0000,20.487,-342.772,44.774,-306.007,0.9484,-0.3061,-0.0828,18.986,199.440,-10.896,DeadBip,Skin,shape,000001EB3A29C100,2,0,1,-,
445,1508.506,10.9260,impact,ragdoll,Proventus Avenicci,0001A67D,NPC R Thigh [RThg],2,13.309,-13.309,47.912,182.695,2.812,6.0000,20.487,-342.772,44.774,-306.007,0.9484,-0.3061,-0.0828,17.709,181.200,15.186,DeadBip,Skin,shape,000001EB3A29CA00,1,0,1,-,
446,1508.514,10.9260,impact,ragdoll,Proventus Avenicci,0001A67D,NPC L Hand [LHnd],16,221.936,221.936,303.945,477.130,19.701,4.0000,8.334,-337.558,84.983,-289.745,0.1428,-0.7770,0.6131,-80.487,383.542,-272.160,DeadBip,Skin,shape,000001EB3A29DC00,9,1,1,-,
447,1508.514,10.9260,impact,ragdoll,Proventus Avenicci,0001A67D,NPC Spine2 [Spn2],9,221.936,-221.936,303.945,307.630,17.744,7.0000,23.052,-337.558,84.983,-289.745,0.1428,-0.7770,0.6131,75.698,297.961,-11.185,DeadBip,Skin,shape,000001EB3A166B00,16,1,1,-,
448,1508.710,10.9260,separate,ragdoll,Proventus Avenicci,0001A67D,NPC Spine2 [Spn2],9,0.000,0.000,0.000,325.571,15.868,7.0000,23.052,0.000,0.000,0.000,0.0000,0.0000,0.0000,68.188,307.012,-84.203,DeadBip,-,-,000001EB3A167700,15,0,0,-,
449,1508.710,10.9260,separate,ragdoll,Proventus Avenicci,0001A67D,NPC R Forearm [RLar],15,0.000,0.000,0.000,402.294,6.654,6.0000,11.658,0.000,0.000,0.000,0.0000,0.0000,0.0000,-52.287,293.638,-269.969,DeadBip,-,-,000001EB3A29DC00,9,0,0,-,
450,1508.712,10.9260,touch,ragdoll,Proventus Avenicci,0001A67D,NPC L Hand [LHnd],16,0.000,0.000,0.000,300.326,28.011,4.0000,8.334,0.000,0.000,0.000,0.0000,0.0000,0.0000,-21.143,244.746,-172.765,DeadBip,-,-,000001EB3A29DF00,6,0,0,-,
451,1508.712,10.9260,touch,ragdoll,Proventus Avenicci,0001A67D,NPC Spine1 [Spn1],6,0.000,0.000,0.000,189.319,5.189,4.0000,18.878,0.000,0.000,0.000,0.0000,0.0000,0.0000,86.158,168.043,-13.413,DeadBip,-,-,000001EB3A166B00,16,0,0,-,
452,1527.410,10.9261,impact,ragdoll,Proventus Avenicci,0001A67D,NPC L Hand [LHnd],16,173.779,173.779,294.807,300.036,27.997,4.0000,8.334,-336.820,82.262,-294.073,0.0509,-0.3538,0.9339,-21.122,244.511,-172.599,DeadBip,Skin,shape,000001EB3A29DF00,6,1,1,-,
453,1527.410,10.9261,impact,ragdoll,Proventus Avenicci,0001A67D,NPC Spine1 [Spn1],6,173.779,-173.779,294.807,189.137,5.186,4.0000,18.878,-336.820,82.262,-294.073,0.0509,-0.3538,0.9339,86.075,167.882,-13.400,DeadBip,Skin,shape,000001EB3A166B00,16,1,1,-,
455,1527.648,10.9261,separate,ragdoll,Proventus Avenicci,0001A67D,NPC L Hand [LHnd],16,0.000,0.000,0.000,191.404,16.944,4.0000,8.334,0.000,0.000,0.000,0.0000,0.0000,0.0000,54.472,183.405,5.538,DeadBip,-,-,000001EB3A29DC00,9,0,0,-,
456,1527.649,10.9261,separate,ragdoll,Proventus Avenicci,0001A67D,NPC Spine2 [Spn2],9,0.000,0.000,0.000,332.885,11.514,7.0000,23.052,0.000,0.000,0.000,0.0000,0.0000,0.0000,15.946,316.663,-101.404,DeadBip,-,-,000001EB3A166B00,16,0,0,-,
457,1527.651,10.9261,separate,ragdoll,Proventus Avenicci,0001A67D,NPC Spine [Spn0],3,0.000,0.000,0.000,243.140,2.648,4.0000,17.297,0.000,0.000,0.000,0.0000,0.0000,0.0000,25.053,239.965,30.103,DeadBip,-,-,000001EB3A167700,15,0,0,-,
458,1527.651,10.9261,separate,ragdoll,Proventus Avenicci,0001A67D,NPC R Forearm [RLar],15,0.000,0.000,0.000,410.660,8.148,6.0000,11.658,0.000,0.000,0.000,0.0000,0.0000,0.0000,-30.534,308.136,-269.744,DeadBip,-,-,000001EB3A29D000,3,0,0,-,
459,1527.658,10.9261,touch,ragdoll,Proventus Avenicci,0001A67D,NPC R UpperArm [RUar],12,0.000,0.000,0.000,326.757,9.296,2.0000,14.463,0.000,0.000,0.000,0.0000,0.0000,0.0000,-11.932,293.178,-143.787,Static,-,-,000001EAE4998400,-,0,0,-,
460,1527.866,10.9261,impact,ragdoll,Proventus Avenicci,0001A67D,NPC R UpperArm [RUar],12,192.258,192.258,393.022,326.443,9.291,2.0000,14.463,-358.622,92.064,-318.000,0.0000,-0.0000,1.0000,-11.921,292.896,-143.648,Static,Carpet,shape,000001EAE4998400,-,1,1,-,
463,1528.055,10.9261,touch,ragdoll,Proventus Avenicci,0001A67D,NPC R Forearm [RLar],15,0.000,0.000,0.000,332.076,15.431,6.0000,11.658,0.000,0.000,0.000,0.0000,0.0000,0.0000,-24.618,298.855,-142.668,Static,-,-,000001EAE4998400,-,0,0,-,
464,1528.059,10.9261,touch,ragdoll,Proventus Avenicci,0001A67D,NPC L Hand [LHnd],16,0.000,0.000,0.000,191.997,13.578,4.0000,8.334,0.000,0.000,0.000,0.0000,0.0000,0.0000,51.421,184.926,-4.574,DeadBip,-,-,000001EB3A29D000,3,0,0,-,
465,1528.059,10.9261,touch,ragdoll,Proventus Avenicci,0001A67D,NPC Spine [Spn0],3,0.000,0.000,0.000,197.515,2.622,4.0000,17.297,0.000,0.000,0.000,0.0000,0.0000,0.0000,35.778,192.631,25.004,DeadBip,-,-,000001EB3A166B00,16,0,0,-,
466,1537.053,10.9261,listener,ragdoll,Proventus Avenicci,0001A67D,-,-,0.000,0.000,0.000,0.000,0.000,0.0000,0.000,-311.888,-308.942,-318.000,0.0855,0.9963,0.0000,0.000,0.000,0.000,-,-,-,0000000000000000,-,0,0,-,tick
468,1547.207,10.9261,impact,ragdoll,Proventus Avenicci,0001A67D,NPC R Forearm [RLar],15,53.406,53.406,472.963,331.756,15.424,6.0000,11.658,-362.595,89.338,-318.000,-0.0000,0.0000,1.0000,-24.594,298.567,-142.531,Static,Carpet,shape,000001EAE4998400,-,1,1,-,
469,1547.208,10.9261,impact,ragdoll,Proventus Avenicci,0001A67D,NPC L Hand [LHnd],16,26.951,26.951,116.425,191.812,13.571,4.0000,8.334,-336.276,80.778,-296.253,0.0675,0.1290,0.9893,51.372,184.748,-4.569,DeadBip,Skin,shape,000001EB3A29D000,3,1,1,-,
470,1547.209,10.9261,impact,ragdoll,Proventus Avenicci,0001A67D,NPC Spine [Spn0],3,26.951,-26.951,116.425,197.325,2.620,4.0000,17.297,-336.276,80.778,-296.253,0.0675,0.1290,0.9893,35.744,192.446,24.980,DeadBip,Skin,shape,000001EB3A166B00,16,1,1,-,
471,1547.441,10.9261,separate,ragdoll,Proventus Avenicci,0001A67D,NPC Spine1 [Spn1],6,0.000,0.000,0.000,228.155,5.046,4.0000,18.878,0.000,0.000,0.000,0.0000,0.0000,0.0000,55.970,221.180,1.217,DeadBip,-,-,000001EB3A167700,15,0,0,-,
472,1547.442,10.9261,separate,ragdoll,Proventus Avenicci,0001A67D,NPC R Forearm [RLar],15,0.000,0.000,0.000,242.949,16.177,6.0000,11.658,0.000,0.000,0.000,0.0000,0.0000,0.0000,-33.781,220.291,-96.720,DeadBip,-,-,000001EB3A29DF00,6,0,0,-,
473,1547.450,10.9261,touch,ragdoll,Proventus Avenicci,0001A67D,NPC Spine2 [Spn2],9,0.000,0.000,0.000,311.916,10.699,7.0000,23.052,0.000,0.000,0.000,0.0000,0.0000,0.0000,41.393,282.449,-125.701,Static,-,-,000001EA56BED300,-,0,0,-,
474,1547.651,10.9261,impact,ragdoll,Proventus Avenicci,0001A67D,NPC Spine2 [Spn2],9,124.534,124.534,102.579,311.615,10.694,7.0000,23.052,-343.424,106.766,-319.650,0.0000,0.0000,1.0000,41.354,282.177,-125.580,Static,Wood,shape,000001EA56BED300,-,1,1,-,
479,1556.825,10.9262,listener,ragdoll,Proventus Avenicci,0001A67D,-,-,0.000,0.000,0.000,0.000,0.000,0.0000,0.000,-311.888,-308.942,-318.000,0.0855,0.9963,0.0000,0.000,0.000,0.000,-,-,-,0000000000000000,-,0,0,-,tick
486,1568.108,10.9262,touch,ragdoll,Proventus Avenicci,0001A67D,NPC R Hand [RHnd],17,0.000,0.000,0.000,300.652,23.987,4.0000,8.334,0.000,0.000,0.000,0.0000,0.0000,0.0000,-117.171,146.349,-235.042,Static,-,-,000001EAE4998400,-,0,0,-,
487,1568.306,10.9262,impact,ragdoll,Proventus Avenicci,0001A67D,NPC R Hand [RHnd],17,235.134,235.134,232.144,300.358,23.975,4.0000,8.334,-366.466,79.278,-318.000,-0.0000,0.0000,1.0000,-117.056,146.206,-234.812,Static,Carpet,shape,000001EAE4998400,-,1,1,-,
488,1568.491,10.9262,separate,ragdoll,Proventus Avenicci,0001A67D,NPC Spine1 [Spn1],6,0.000,0.000,0.000,222.748,3.054,4.0000,18.878,0.000,0.000,0.000,0.0000,0.0000,0.0000,30.943,218.802,28.016,Static,-,-,000001EAE4998400,-,0,0,-,
489,1587.949,10.9263,impact,ragdoll,Proventus Avenicci,0001A67D,NPC COM [COM ],0,15.942,15.942,271.619,227.693,4.986,50.0000,17.687,-332.669,80.024,-319.650,0.0000,0.0000,1.0000,33.375,225.039,-9.372,Static,Wood,shape,000001EA56BED300,-,0,1,-,
490,1587.952,10.9263,impact,ragdoll,Proventus Avenicci,0001A67D,NPC COM [COM ],0,15.942,15.942,265.241,227.693,4.986,50.0000,17.687,-332.669,80.024,-318.000,-0.0000,0.0000,1.0000,33.375,225.039,-9.372,Static,Carpet,shape,000001EAE4998400,-,0,1,-,
491,1588.654,10.9263,separate,ragdoll,Proventus Avenicci,0001A67D,NPC L Thigh [LThg],1,0.000,0.000,0.000,204.339,2.533,6.0000,20.487,0.000,0.000,0.000,0.0000,0.0000,0.0000,20.012,202.200,-21.665,Static,-,-,000001EAE4998400,-,0,0,-,
492,1588.659,10.9263,touch,ragdoll,Proventus Avenicci,0001A67D,NPC R Forearm [RLar],15,0.000,0.000,0.000,196.003,11.355,6.0000,11.658,0.000,0.000,0.000,0.0000,0.0000,0.0000,-16.078,192.360,-34.004,Static,-,-,000001EA56BED300,-,0,0,-,
493,1588.661,10.9263,touch,ragdoll,Proventus Avenicci,0001A67D,NPC Neck [Neck],11,0.000,0.000,0.000,309.338,21.210,6.0000,8.431,0.000,0.000,0.000,0.0000,0.0000,0.0000,4.063,233.189,-203.215,Static,-,-,000001EAE4998400,-,0,0,-,
494,1588.663,10.9263,touch,ragdoll,Proventus Avenicci,0001A67D,NPC Head [Head],13,0.000,0.000,0.000,445.222,22.423,4.0000,15.108,0.000,0.000,0.000,0.0000,0.0000,0.0000,79.200,229.142,-373.422,Static,-,-,000001EAE4998400,-,0,0,-,
495,1588.664,10.9263,touch,ragdoll,Proventus Avenicci,0001A67D,NPC Head [Head],13,0.000,0.000,0.000,445.222,22.423,4.0000,15.108,0.000,0.000,0.000,0.0000,0.0000,0.0000,79.200,229.142,-373.422,Static,-,-,000001EAE4AD0D00,-,0,0,-,
496,1597.821,10.9263,listener,ragdoll,Proventus Avenicci,0001A67D,-,-,0.000,0.000,0.000,0.000,0.000,0.0000,0.000,-311.888,-308.942,-318.000,0.0855,0.9963,0.0000,0.000,0.000,0.000,-,-,-,0000000000000000,-,0,0,-,tick
498,1608.497,10.9263,impact,ragdoll,Proventus Avenicci,0001A67D,NPC Neck [Neck],11,202.954,202.954,60.776,309.030,21.210,6.0000,8.431,-341.545,133.038,-318.000,0.0000,0.0000,1.0000,4.059,232.957,-203.012,Static,Carpet,shape,000001EAE4998400,-,1,1,-,
499,1608.500,10.9263,impact,ragdoll,Proventus Avenicci,0001A67D,NPC Head [Head],13,368.795,368.795,134.733,444.779,22.367,4.0000,15.108,-343.789,141.039,-319.650,0.0000,-0.0000,1.0000,79.121,228.914,-373.051,Static,Wood,shape,000001EAE4AD0D00,-,1,1,-,
500,1608.501,10.9263,impact,ragdoll,Proventus Avenicci,0001A67D,NPC Head [Head],13,368.795,368.795,131.618,444.779,22.367,4.0000,15.108,-343.789,141.039,-318.000,0.0000,-0.0000,1.0000,79.121,228.914,-373.051,Static,Carpet,shape,000001EAE4998400,-,1,1,-,
501,1608.502,10.9263,impact,ragdoll,Proventus Avenicci,0001A67D,NPC R Forearm [RLar],15,47.308,47.308,152.280,195.808,11.349,6.0000,11.658,-361.497,101.120,-319.650,0.0000,-0.0000,1.0000,-16.062,192.169,-33.971,Static,Wood,shape,000001EA56BED300,-,1,1,-,
504,1608.747,10.9263,touch,ragdoll,Proventus Avenicci,0001A67D,NPC R UpperArm [RUar],12,0.000,0.000,0.000,158.244,9.731,2.0000,14.463,0.000,0.000,0.000,0.0000,0.0000,0.0000,19.830,156.953,-3.733,Static,-,-,000001EA56BED300,-,0,0,-,
507,1609.202,10.9263,touch,ragdoll,Proventus Avenicci,0001A67D,NPC L Foot [Lft ],7,0.000,0.000,0.000,161.382,13.733,3.0000,10.011,0.000,0.000,0.000,0.0000,0.0000,0.0000,-28.144,152.246,-45.532,Static,-,-,000001EA56BED300,-,0,0,-,
508,1609.204,10.9263,separate,ragdoll,Proventus Avenicci,0001A67D,NPC R Calf [RClf],4,0.000,0.000,0.000,258.792,3.450,6.0000,19.675,0.000,0.000,0.000,0.0000,0.0000,0.0000,-9.317,249.935,-66.474,Static,-,-,000001EAE4998400,-,0,0,-,
509,1609.204,10.9263,touch,ragdoll,Proventus Avenicci,0001A67D,NPC R Calf [RClf],4,0.000,0.000,0.000,258.792,3.450,6.0000,19.675,0.000,0.000,0.000,0.0000,0.0000,0.0000,-9.317,249.935,-66.474,Static,-,-,000001EAE4998400,-,0,0,-,
510,1609.206,10.9263,touch,ragdoll,Proventus Avenicci,0001A67D,NPC L Thigh [LThg],1,0.000,0.000,0.000,207.165,3.026,6.0000,20.487,0.000,0.000,0.000,0.0000,0.0000,0.0000,15.072,205.287,-23.402,Static,-,-,000001EAE4998400,-,0,0,-,
511,1609.212,10.9263,touch,ragdoll,Proventus Avenicci,0001A67D,NPC Head [Head],13,0.000,0.000,0.000,168.028,15.994,4.0000,15.108,0.000,0.000,0.000,0.0000,0.0000,0.0000,39.867,157.300,-43.598,Static,-,-,000001EAE490E500,-,0,0,-,
512,1609.212,10.9263,separate,ragdoll,Proventus Avenicci,0001A67D,NPC Head [Head],13,0.000,0.000,0.000,168.028,15.994,4.0000,15.108,0.000,0.000,0.000,0.0000,0.0000,0.0000,39.867,157.300,-43.598,Static,-,-,000001EAE4998400,-,0,0,-,
513,1609.213,10.9263,touch,ragdoll,Proventus Avenicci,0001A67D,NPC Head [Head],13,0.000,0.000,0.000,168.028,15.994,4.0000,15.108,0.000,0.000,0.000,0.0000,0.0000,0.0000,39.867,157.300,-43.598,Static,-,-,000001EAE4998400,-,0,0,-,
514,1629.524,10.9264,impact,ragdoll,Proventus Avenicci,0001A67D,NPC L Thigh [LThg],1,12.198,12.198,197.030,206.959,3.024,6.0000,20.487,-328.270,62.773,-318.000,0.0000,-0.0000,1.0000,15.057,205.082,-23.378,Static,Carpet,shape,000001EAE4998400,-,1,1,-,
515,1629.526,10.9264,impact,ragdoll,Proventus Avenicci,0001A67D,NPC R Thigh [RThg],2,29.405,29.405,256.324,229.523,2.579,6.0000,20.487,-349.850,61.988,-318.000,-0.0000,0.0000,1.0000,17.569,228.447,-13.565,Static,Carpet,shape,000001EAE4998400,-,0,1,-,
516,1629.530,10.9264,impact,ragdoll,Proventus Avenicci,0001A67D,NPC R Calf [RClf],4,97.998,97.998,279.147,258.534,3.448,6.0000,19.675,-361.204,33.442,-318.000,0.0000,0.0000,1.0000,-9.307,249.686,-66.408,Static,Carpet,shape,000001EAE4998400,-,1,1,-,
517,1629.533,10.9264,impact,ragdoll,Proventus Avenicci,0001A67D,NPC L Foot [Lft ],7,18.244,18.244,298.121,161.221,13.727,3.0000,10.011,-330.812,27.832,-319.650,-0.0000,0.0000,1.0000,-28.116,152.095,-45.487,Static,Wood,shape,000001EA56BED300,-,1,1,-,
518,1629.538,10.9264,impact,ragdoll,Proventus Avenicci,0001A67D,NPC Head [Head],13,23.171,23.171,29.108,167.861,15.954,4.0000,15.108,-342.845,143.556,-318.003,0.0000,0.1115,0.9938,39.827,157.144,-43.554,Static,Carpet,shape,000001EAE4998400,-,1,1,-,
519,1629.539,10.9264,impact,ragdoll,Proventus Avenicci,0001A67D,NPC Head [Head],13,40.434,40.434,27.136,167.861,15.954,4.0000,15.108,-342.845,144.599,-318.000,0.0000,0.0000,1.0000,39.827,157.144,-43.554,Static,Carpet,shape,000001EAE490E500,-,1,1,-,
520,1629.765,10.9264,separate,ragdoll,Proventus Avenicci,0001A67D,NPC R Foot [Rft ],8,0.000,0.000,0.000,233.672,16.018,3.0000,10.011,0.000,0.000,0.000,0.0000,0.0000,0.0000,-33.731,231.219,-1.527,Static,-,-,000001EAE4998400,-,0,0,-,
521,1629.767,10.9264,touch,ragdoll,Proventus Avenicci,0001A67D,NPC R Foot [Rft ],8,0.000,0.000,0.000,233.672,16.018,3.0000,10.011,0.000,0.000,0.000,0.0000,0.0000,0.0000,-33.731,231.219,-1.527,Static,-,-,000001EAE4998400,-,0,0,-,
522,1629.775,10.9264,touch,ragdoll,Proventus Avenicci,0001A67D,NPC Spine2 [Spn2],9,0.000,0.000,0.000,142.366,4.910,7.0000,23.052,0.000,0.000,0.000,0.0000,0.0000,0.0000,15.813,141.225,-8.571,Static,-,-,000001EAE4AD0D00,-,0,0,-,
523,1629.776,10.9264,separate,ragdoll,Proventus Avenicci,0001A67D,NPC Neck [Neck],11,0.000,0.000,0.000,144.195,7.903,6.0000,8.431,0.000,0.000,0.000,0.0000,0.0000,0.0000,10.914,141.159,27.334,Static,-,-,000001EAE4998400,-,0,0,-,
524,1630.200,10.9264,touch,ragdoll,Proventus Avenicci,0001A67D,NPC R Foot [Rft ],8,0.000,0.000,0.000,219.777,5.672,3.0000,10.011,0.000,0.000,0.000,0.0000,0.0000,0.0000,-34.891,216.165,-18.904,Static,-,-,000001EA56BED300,-,0,0,-,
525,1630.208,10.9264,separate,ragdoll,Proventus Avenicci,0001A67D,NPC Spine2 [Spn2],9,0.000,0.000,0.000,137.117,4.916,7.0000,23.052,0.000,0.000,0.000,0.0000,0.0000,0.0000,16.958,136.056,-1.528,Static,-,-,000001EAE4AD0D00,-,0,0,-,
526,1630.209,10.9264,touch,ragdoll,Proventus Avenicci,0001A67D,NPC Spine2 [Spn2],9,0.000,0.000,0.000,137.117,4.916,7.0000,23.052,0.000,0.000,0.000,0.0000,0.0000,0.0000,16.958,136.056,-1.528,Static,-,-,000001EAE4AD0D00,-,0,0,-,
527,1638.876,10.9264,listener,ragdoll,Proventus Avenicci,0001A67D,-,-,0.000,0.000,0.000,0.000,0.000,0.0000,0.000,-311.888,-308.942,-318.000,0.0855,0.9963,0.0000,0.000,0.000,0.000,-,-,-,0000000000000000,-,0,0,-,tick
529,1650.572,10.9264,impact,ragdoll,Proventus Avenicci,0001A67D,NPC R Foot [Rft ],8,7.244,7.244,240.413,219.556,5.669,3.0000,10.011,-363.863,34.006,-319.650,0.0000,0.0000,1.0000,-34.856,215.947,-18.885,Static,Wood,shape,000001EA56BED300,-,1,1,-,
531,1650.802,10.9264,touch,ragdoll,Proventus Avenicci,0001A67D,NPC R Calf [RClf],4,0.000,0.000,0.000,221.746,1.922,6.0000,19.675,0.000,0.000,0.000,0.0000,0.0000,0.0000,-13.271,221.347,0.913,Static,-,-,000001EA56BED300,-,0,0,-,
532,1650.808,10.9264,touch,ragdoll,Proventus Avenicci,0001A67D,NPC Spine1 [Spn1],6,0.000,0.000,0.000,182.830,2.026,4.0000,18.878,0.000,0.000,0.000,0.0000,0.0000,0.0000,47.187,168.436,-53.194,Static,-,-,000001EAE4998400,-,0,0,-,
533,1651.015,10.9264,impact,ragdoll,Proventus Avenicci,0001A67D,NPC R Calf [RClf],4,7.289,7.289,237.722,221.523,1.922,6.0000,19.675,-361.577,40.195,-319.650,0.0000,-0.0000,1.0000,-13.257,221.124,0.912,Static,Wood,shape,000001EA56BED300,-,1,1,-,
534,1651.017,10.9264,impact,ragdoll,Proventus Avenicci,0001A67D,NPC Spine1 [Spn1],6,59.428,59.428,176.192,182.646,2.025,4.0000,18.878,-332.075,111.641,-318.000,-0.0000,0.0000,1.0000,47.139,168.266,-53.140,Static,Carpet,shape,000001EAE4998400,-,1,1,-,
540,1651.256,10.9264,touch,ragdoll,Proventus Avenicci,0001A67D,NPC L UpperArm [LUar],10,0.000,0.000,0.000,204.526,4.862,2.0000,14.463,0.000,0.000,0.000,0.0000,0.0000,0.0000,15.159,201.926,-28.756,Static,-,-,000001EAE4998400,-,0,0,-,
541,1651.262,10.9264,touch,ragdoll,Proventus Avenicci,0001A67D,NPC L Thigh [LThg],1,0.000,0.000,0.000,170.634,1.695,6.0000,20.487,0.000,0.000,0.000,0.0000,0.0000,0.0000,17.302,169.588,-7.526,Static,-,-,000001EA56BED300,-,0,0,-,
542,1651.267,10.9264,touch,ragdoll,Proventus Avenicci,0001A67D,NPC R UpperArm [RUar],12,0.000,0.000,0.000,180.448,3.638,2.0000,14.463,0.000,0.000,0.000,0.0000,0.0000,0.0000,1.605,179.939,13.455,Static,-,-,000001EAE4AD0D00,-,0,0,-,
543,1660.078,10.9265,listener,ragdoll,Proventus Avenicci,0001A67D,-,-,0.000,0.000,0.000,0.000,0.000,0.0000,0.000,-311.888,-308.942,-318.000,0.0855,0.9963,0.0000,0.000,0.000,0.000,-,-,-,0000000000000000,-,0,0,-,tick
545,1671.673,10.9265,impact,ragdoll,Proventus Avenicci,0001A67D,NPC L Thigh [LThg],1,13.458,13.458,176.524,170.461,1.694,6.0000,20.487,-328.032,70.442,-319.650,-0.0000,-0.0000,1.0000,17.284,169.416,-7.518,Static,Wood,shape,000001EA56BED300,-,1,1,-,
546,1671.687,10.9265,impact,ragdoll,Proventus Avenicci,0001A67D,NPC L UpperArm [LUar],10,5.491,5.491,257.176,204.319,4.859,2.0000,14.463,-327.832,132.820,-318.000,-0.0000,0.0000,1.0000,15.143,201.722,-28.727,Static,Carpet,shape,000001EAE4998400,-,1,1,-,
552,1671.947,10.9265,separate,ragdoll,Proventus Avenicci,0001A67D,NPC Spine2 [Spn2],9,0.000,0.000,0.000,186.827,3.932,7.0000,23.052,0.000,0.000,0.000,0.0000,0.0000,0.0000,13.505,186.323,-2.356,Static,-,-,000001EA56BED300,-,0,0,-,
556,1692.028,10.9266,touch,ragdoll,Proventus Avenicci,0001A67D,NPC Spine [Spn0],3,0.000,0.000,0.000,182.861,9.306,4.0000,17.297,0.000,0.000,0.000,0.0000,0.0000,0.0000,15.552,179.472,-31.403,Static,-,-,000001EA56BED300,-,0,0,-,
557,1692.032,10.9266,touch,ragdoll,Proventus Avenicci,0001A67D,NPC L Hand [LHnd],16,0.000,0.000,0.000,191.538,8.845,4.0000,8.334,0.000,0.000,0.000,0.0000,0.0000,0.0000,66.747,163.588,-73.964,DeadBip,-,-,000001EB3A29C400,0,0,0,-,
558,1692.032,10.9266,touch,ragdoll,Proventus Avenicci,0001A67D,NPC COM [COM ],0,0.000,0.000,0.000,142.643,3.861,50.0000,17.687,0.000,0.000,0.000,0.0000,0.0000,0.0000,27.138,139.893,6.371,DeadBip,-,-,000001EB3A166B00,16,0,0,-,
559,1692.240,10.9266,impact,ragdoll,Proventus Avenicci,0001A67D,NPC Spine [Spn0],3,39.380,39.380,73.274,182.675,9.301,4.0000,17.297,-329.437,107.381,-319.650,0.0000,0.0000,1.0000,15.537,179.289,-31.371,Static,Wood,shape,000001EA56BED300,-,1,1,-,
560,1692.245,10.9266,impact,ragdoll,Proventus Avenicci,0001A67D,NPC Spine2 [Spn2],9,18.236,18.236,153.773,136.067,3.422,7.0000,23.052,-335.309,133.168,-319.650,0.0000,0.0000,1.0000,19.185,134.310,-10.339,Static,Wood,shape,000001EAE4AD0D00,-,0,1,-,
561,1692.245,10.9266,impact,ragdoll,Proventus Avenicci,0001A67D,NPC Spine2 [Spn2],9,18.236,18.236,150.747,136.067,3.422,7.0000,23.052,-335.309,133.168,-318.000,-0.0000,0.0000,1.0000,19.185,134.310,-10.339,Static,Carpet,shape,000001EAE4998400,-,0,1,-,
562,1692.249,10.9266,impact,ragdoll,Proventus Avenicci,0001A67D,NPC L Hand [LHnd],16,38.002,38.002,118.113,191.343,8.841,4.0000,8.334,-327.366,104.274,-301.086,0.2368,0.4884,0.8399,66.679,163.421,-73.888,DeadBip,-,-,000001EB3A29C400,0,1,1,-,
563,1692.249,10.9266,impact,ragdoll,Proventus Avenicci,0001A67D,NPC COM [COM ],0,38.002,-38.002,118.113,142.498,3.859,50.0000,17.687,-327.366,104.274,-301.086,0.2368,0.4884,0.8399,27.110,139.750,6.364,DeadBip,Skin,shape,000001EB3A166B00,16,1,1,-,
564,1692.447,10.9266,separate,ragdoll,Proventus Avenicci,0001A67D,NPC Head [Head],13,0.000,0.000,0.000,122.980,4.963,4.0000,15.108,0.000,0.000,0.000,0.0000,0.0000,0.0000,-5.756,117.192,36.837,Static,-,-,000001EAE4998400,-,0,0,-,
565,1702.900,10.9266,listener,ragdoll,Proventus Avenicci,0001A67D,-,-,0.000,0.000,0.000,0.000,0.000,0.0000,0.000,-311.888,-308.942,-318.000,0.0855,0.9963,0.0000,0.000,0.000,0.000,-,-,-,0000000000000000,-,0,0,-,tick
567,1712.316,10.9266,separate,ragdoll,Proventus Avenicci,0001A67D,NPC R UpperArm [RUar],12,0.000,0.000,0.000,140.663,4.784,2.0000,14.463,0.000,0.000,0.000,0.0000,0.0000,0.0000,6.821,140.330,6.848,Static,-,-,000001EAE4AD0D00,-,0,0,-,
568,1712.318,10.9266,touch,ragdoll,Proventus Avenicci,0001A67D,NPC R UpperArm [RUar],12,0.000,0.000,0.000,140.663,4.784,2.0000,14.463,0.000,0.000,0.000,0.0000,0.0000,0.0000,6.821,140.330,6.848,Static,-,-,000001EAE4AD0D00,-,0,0,-,
572,1712.743,10.9266,touch,ragdoll,Proventus Avenicci,0001A67D,NPC Spine1 [Spn1],6,0.000,0.000,0.000,102.169,6.100,4.0000,18.878,0.000,0.000,0.000,0.0000,0.0000,0.0000,20.959,97.267,-23.203,Static,-,-,000001EA56BED300,-,0,0,-,
573,1722.222,10.9266,listener,ragdoll,Proventus Avenicci,0001A67D,-,-,0.000,0.000,0.000,0.000,0.000,0.0000,0.000,-311.888,-308.942,-318.000,0.0855,0.9963,0.0000,0.000,0.000,0.000,-,-,-,0000000000000000,-,0,0,-,tick
575,1732.262,10.9266,impact,ragdoll,Proventus Avenicci,0001A67D,NPC Spine1 [Spn1],6,27.748,27.748,173.909,102.064,6.097,4.0000,18.878,-330.824,121.720,-319.650,0.0000,-0.0000,1.0000,20.937,97.167,-23.179,Static,Wood,shape,000001EA56BED300,-,1,1,-,
580,1732.903,10.9266,separate,ragdoll,Proventus Avenicci,0001A67D,NPC L UpperArm [LUar],10,0.000,0.000,0.000,120.642,5.245,2.0000,14.463,0.000,0.000,0.000,0.0000,0.0000,0.0000,21.320,106.860,-51.778,Static,-,-,000001EAE4998400,-,0,0,-,
581,1732.913,10.9266,separate,ragdoll,Proventus Avenicci,0001A67D,NPC R UpperArm [RUar],12,0.000,0.000,0.000,129.301,1.895,2.0000,14.463,0.000,0.000,0.000,0.0000,0.0000,0.0000,7.100,127.706,18.964,Static,-,-,000001EA56BED300,-,0,0,-,
582,1732.914,10.9266,separate,ragdoll,Proventus Avenicci,0001A67D,NPC R UpperArm [RUar],12,0.000,0.000,0.000,129.301,1.895,2.0000,14.463,0.000,0.000,0.000,0.0000,0.0000,0.0000,7.100,127.706,18.964,Static,-,-,000001EAE4AD0D00,-,0,0,-,
583,1732.915,10.9266,touch,ragdoll,Proventus Avenicci,0001A67D,NPC R UpperArm [RUar],12,0.000,0.000,0.000,129.301,1.895,2.0000,14.463,0.000,0.000,0.000,0.0000,0.0000,0.0000,7.100,127.706,18.964,Static,-,-,000001EAE4AD0D00,-,0,0,-,
584,1752.409,10.9267,impact,ragdoll,Proventus Avenicci,0001A67D,NPC R Forearm [RLar],15,57.736,57.736,188.278,152.022,7.329,6.0000,11.658,-372.033,117.087,-319.650,-0.0000,-0.0000,1.0000,-15.574,150.605,-13.651,Static,Wood,shape,000001EA56BED300,-,0,1,-,
585,1752.410,10.9267,impact,ragdoll,Proventus Avenicci,0001A67D,NPC R Forearm [RLar],15,57.736,57.736,180.500,152.022,7.329,6.0000,11.658,-372.033,117.087,-318.000,-0.0000,-0.0000,1.0000,-15.574,150.605,-13.651,Static,Carpet,shape,000001EAE4998400,-,0,1,-,
589,1752.674,10.9267,touch,ragdoll,Proventus Avenicci,0001A67D,NPC R Hand [RHnd],17,0.000,0.000,0.000,142.460,17.462,4.0000,8.334,0.000,0.000,0.000,0.0000,0.0000,0.0000,-56.305,130.777,-4.699,Static,-,-,000001EA56BED300,-,0,0,-,
590,1752.905,10.9267,impact,ragdoll,Proventus Avenicci,0001A67D,NPC R Hand [RHnd],17,5.000,5.000,242.526,142.314,17.453,4.0000,8.334,-373.214,114.317,-319.650,0.0000,-0.0000,1.0000,-56.247,130.642,-4.695,Static,Wood,shape,000001EA56BED300,-,1,1,-,
591,1753.126,10.9267,touch,ragdoll,Proventus Avenicci,0001A67D,NPC L UpperArm [LUar],10,0.000,0.000,0.000,98.839,6.424,2.0000,14.463,0.000,0.000,0.000,0.0000,0.0000,0.0000,21.740,82.233,-50.342,Static,-,-,000001EAE4998400,-,0,0,-,
592,1753.131,10.9267,separate,ragdoll,Proventus Avenicci,0001A67D,NPC L Calf [LClf],5,0.000,0.000,0.000,119.468,1.362,6.0000,19.675,0.000,0.000,0.000,0.0000,0.0000,0.0000,-13.332,118.636,-4.523,Static,-,-,000001EAE4998400,-,0,0,-,
593,1753.132,10.9267,touch,ragdoll,Proventus Avenicci,0001A67D,NPC L Calf [LClf],5,0.000,0.000,0.000,119.468,1.362,6.0000,19.675,0.000,0.000,0.000,0.0000,0.0000,0.0000,-13.332,118.636,-4.523,Static,-,-,000001EAE4998400,-,0,0,-,
594,1762.067,10.9267,listener,ragdoll,Proventus Avenicci,0001A67D,-,-,0.000,0.000,0.000,0.000,0.000,0.0000,0.000,-311.888,-308.942,-318.000,0.0855,0.9963,0.0000,0.000,0.000,0.000,-,-,-,0000000000000000,-,0,0,-,tick
596,1771.908,10.9267,impact,ragdoll,Proventus Avenicci,0001A67D,NPC L UpperArm [LUar],10,80.605,80.605,109.959,98.738,6.420,2.0000,14.463,-318.255,137.195,-318.000,-0.0000,0.0000,1.0000,21.717,82.149,-50.290,Static,Carpet,shape,000001EAE4998400,-,1,1,-,
598,1772.208,10.9267,separate,ragdoll,Proventus Avenicci,0001A67D,NPC L Hand [LHnd],16,0.000,0.000,0.000,148.341,9.199,4.0000,8.334,0.000,0.000,0.000,0.0000,0.0000,0.0000,76.130,122.005,-36.385,DeadBip,-,-,000001EB3A29C400,0,0,0,-,
599,1772.208,10.9267,separate,ragdoll,Proventus Avenicci,0001A67D,NPC COM [COM ],0,0.000,0.000,0.000,120.229,1.687,50.0000,17.687,0.000,0.000,0.000,0.0000,0.0000,0.0000,17.474,118.945,1.390,DeadBip,-,-,000001EB3A166B00,16,0,0,-,
600,1772.216,10.9267,touch,ragdoll,Proventus Avenicci,0001A67D,NPC R Forearm [RLar],15,0.000,0.000,0.000,126.609,1.315,6.0000,11.658,0.000,0.000,0.000,0.0000,0.0000,0.0000,-25.221,123.979,4.805,Static,-,-,000001EAE4AD0D00,-,0,0,-,
603,1791.611,10.9269,touch,ragdoll,Proventus Avenicci,0001A67D,NPC L UpperArm [LUar],10,0.000,0.000,0.000,99.407,3.432,2.0000,14.463,0.000,0.000,0.000,0.0000,0.0000,0.0000,5.573,98.470,-12.419,Static,-,-,000001EAE490E500,-,0,0,-,
604,1791.613,10.9269,touch,ragdoll,Proventus Avenicci,0001A67D,NPC Spine1 [Spn1],6,0.000,0.000,0.000,99.339,0.266,4.0000,18.878,0.000,0.000,0.000,0.0000,0.0000,0.0000,19.261,97.453,-0.146,Static,-,-,000001EAE4AD0D00,-,0,0,-,
605,1791.616,10.9269,separate,ragdoll,Proventus Avenicci,0001A67D,NPC L Foot [Lft ],7,0.000,0.000,0.000,121.008,1.046,3.0000,10.011,0.000,0.000,0.000,0.0000,0.0000,0.0000,-27.528,117.834,0.587,Static,-,-,000001EAE4998400,-,0,0,-,
606,1791.620,10.9269,separate,ragdoll,Proventus Avenicci,0001A67D,NPC Spine1 [Spn1],6,0.000,0.000,0.000,99.339,0.266,4.0000,18.878,0.000,0.000,0.000,0.0000,0.0000,0.0000,19.261,97.453,-0.146,Static,-,-,000001EA56BED300,-,0,0,-,
607,1791.629,10.9269,touch,ragdoll,Proventus Avenicci,0001A67D,NPC L Forearm [LLar],14,0.000,0.000,0.000,116.559,4.690,2.0000,11.658,0.000,0.000,0.000,0.0000,0.0000,0.0000,12.400,104.981,-49.103,Static,-,-,000001EAE4998400,-,0,0,-,
608,1791.819,10.9269,impact,ragdoll,Proventus Avenicci,0001A67D,NPC L UpperArm [LUar],10,39.906,39.906,107.954,99.305,3.430,2.0000,14.463,-319.472,144.395,-318.011,0.0000,-0.2099,0.9777,5.567,98.370,-12.407,Static,Carpet,shape,000001EAE490E500,-,1,1,-,
609,1791.821,10.9269,impact,ragdoll,Proventus Avenicci,0001A67D,NPC L Forearm [LLar],14,54.166,54.166,101.513,116.440,4.688,2.0000,11.658,-312.716,135.125,-318.000,0.0000,0.0000,1.0000,12.387,104.874,-49.053,Static,Carpet,shape,000001EAE4998400,-,1,1,-,
610,1792.087,10.9269,touch,ragdoll,Proventus Avenicci,0001A67D,NPC Spine2 [Spn2],9,0.000,0.000,0.000,109.771,0.498,7.0000,23.052,0.000,0.000,0.000,0.0000,0.0000,0.0000,14.271,108.783,-3.526,Static,-,-,000001EAE490E500,-,0,0,-,
611,1800.437,10.9269,listener,ragdoll,Proventus Avenicci,0001A67D,-,-,0.000,0.000,0.000,0.000,0.000,0.0000,0.000,-311.888,-308.942,-318.000,0.0855,0.9963,0.0000,0.000,0.000,0.000,-,-,-,0000000000000000,-,0,0,-,tick
614,1810.683,10.9269,separate,ragdoll,Proventus Avenicci,0001A67D,NPC L UpperArm [LUar],10,0.000,0.000,0.000,103.018,0.625,2.0000,14.463,0.000,0.000,0.000,0.0000,0.0000,0.0000,15.254,101.509,8.709,Static,-,-,000001EAE490E500,-,0,0,-,
615,1819.300,10.9269,listener,ragdoll,Proventus Avenicci,0001A67D,-,-,0.000,0.000,0.000,0.000,0.000,0.0000,0.000,-311.888,-308.942,-318.000,0.0855,0.9963,0.0000,0.000,0.000,0.000,-,-,-,0000000000000000,-,0,0,-,tick
619,1828.856,10.9269,separate,ragdoll,Proventus Avenicci,0001A67D,NPC L UpperArm [LUar],10,0.000,0.000,0.000,100.595,0.446,2.0000,14.463,0.000,0.000,0.000,0.0000,0.0000,0.0000,13.703,99.652,1.004,Static,-,-,000001EAE4998400,-,0,0,-,
620,1828.867,10.9269,separate,ragdoll,Proventus Avenicci,0001A67D,NPC R Forearm [RLar],15,0.000,0.000,0.000,115.836,3.703,6.0000,11.658,0.000,0.000,0.000,0.0000,0.0000,0.0000,5.489,115.312,-9.540,Static,-,-,000001EA56BED300,-,0,0,-,
621,1828.867,10.9269,touch,ragdoll,Proventus Avenicci,0001A67D,NPC R Forearm [RLar],15,0.000,0.000,0.000,115.836,3.703,6.0000,11.658,0.000,0.000,0.000,0.0000,0.0000,0.0000,5.489,115.312,-9.540,Static,-,-,000001EA56BED300,-,0,0,-,
622,1828.871,10.9269,touch,ragdoll,Proventus Avenicci,0001A67D,NPC R UpperArm [RUar],12,0.000,0.000,0.000,106.791,1.335,2.0000,14.463,0.000,0.000,0.000,0.0000,0.0000,0.0000,8.776,106.203,-6.955,Static,-,-,000001EAE490E500,-,0,0,-,
623,1829.068,10.9269,impact,ragdoll,Proventus Avenicci,0001A67D,NPC R UpperArm [RUar],12,68.030,68.030,91.900,106.686,1.335,2.0000,14.463,-356.209,144.228,-318.080,-0.0000,-0.5436,0.8394,8.768,106.098,-6.948,Static,Carpet,shape,000001EAE490E500,-,1,1,-,
628,1829.288,10.9269,separate,ragdoll,Proventus Avenicci,0001A67D,NPC Spine [Spn0],3,0.000,0.000,0.000,83.574,0.535,4.0000,17.297,0.000,0.000,0.000,0.0000,0.0000,0.0000,9.585,83.019,0.754,DeadBip,-,-,000001EB3A166E00,14,0,0,-,
629,1829.288,10.9269,separate,ragdoll,Proventus Avenicci,0001A67D,NPC L Forearm [LLar],14,0.000,0.000,0.000,99.617,2.992,2.0000,11.658,0.000,0.000,0.000,0.0000,0.0000,0.0000,38.196,90.546,-16.309,DeadBip,-,-,000001EB3A29D000,3,0,0,-,
633,1847.725,10.9270,separate,ragdoll,Proventus Avenicci,0001A67D,NPC R UpperArm [RUar],12,0.000,0.000,0.000,70.707,5.086,2.0000,14.463,0.000,0.000,0.000,0.0000,0.0000,0.0000,6.081,70.139,6.555,Static,-,-,000001EAE490E500,-,0,0,-,
636,1848.050,10.9270,touch,ragdoll,Proventus Avenicci,0001A67D,NPC L Foot [Lft ],7,0.000,0.000,0.000,78.307,2.096,3.0000,10.011,0.000,0.000,0.000,0.0000,0.0000,0.0000,-24.037,74.372,4.796,Static,-,-,000001EAE4998400,-,0,0,-,
637,1857.227,10.9270,listener,ragdoll,Proventus Avenicci,0001A67D,-,-,0.000,0.000,0.000,0.000,0.000,0.0000,0.000,-311.888,-308.942,-318.000,0.0855,0.9963,0.0000,0.000,0.000,0.000,-,-,-,0000000000000000,-,0,0,-,tick
639,1866.400,10.9270,impact,ragdoll,Proventus Avenicci,0001A67D,NPC R Forearm [RLar],15,12.580,12.580,98.483,73.802,3.412,6.0000,11.658,-373.426,131.632,-319.650,0.0000,-0.0000,1.0000,-5.689,73.465,4.144,Static,Wood,shape,000001EAE4AD0D00,-,0,1,-,
642,1866.649,10.9270,touch,ragdoll,Proventus Avenicci,0001A67D,NPC R Hand [RHnd],17,0.000,0.000,0.000,125.844,15.674,4.0000,8.334,0.000,0.000,0.000,0.0000,0.0000,0.0000,-30.792,122.019,0.119,Static,-,-,000001EAE4AD0D00,-,0,0,-,
643,1866.660,10.9270,separate,ragdoll,Proventus Avenicci,0001A67D,NPC L Hand [LHnd],16,0.000,0.000,0.000,103.806,5.942,4.0000,8.334,0.000,0.000,0.000,0.0000,0.0000,0.0000,71.876,67.905,-31.598,DeadBip,-,-,000001EB3A29D000,3,0,0,-,
644,1866.661,10.9270,separate,ragdoll,Proventus Avenicci,0001A67D,NPC Spine [Spn0],3,0.000,0.000,0.000,71.567,0.669,4.0000,17.297,0.000,0.000,0.000,0.0000,0.0000,0.0000,15.114,69.828,4.185,DeadBip,-,-,000001EB3A166B00,16,0,0,-,
645,1866.666,10.9270,separate,ragdoll,Proventus Avenicci,0001A67D,NPC R Hand [RHnd],17,0.000,0.000,0.000,125.844,15.674,4.0000,8.334,0.000,0.000,0.000,0.0000,0.0000,0.0000,-30.792,122.019,0.119,Static,-,-,000001EA56BED300,-,0,0,-,
646,1866.666,10.9270,touch,ragdoll,Proventus Avenicci,0001A67D,NPC R Hand [RHnd],17,0.000,0.000,0.000,125.844,15.674,4.0000,8.334,0.000,0.000,0.000,0.0000,0.0000,0.0000,-30.792,122.019,0.119,Static,-,-,000001EA56BED300,-,0,0,-,
647,1867.069,10.9270,touch,ragdoll,Proventus Avenicci,0001A67D,NPC L UpperArm [LUar],10,0.000,0.000,0.000,69.061,1.531,2.0000,14.463,0.000,0.000,0.000,0.0000,0.0000,0.0000,5.374,68.041,-10.531,Static,-,-,000001EAE490E500,-,0,0,-,
648,1885.314,10.9271,impact,ragdoll,Proventus Avenicci,0001A67D,NPC L UpperArm [LUar],10,16.645,16.645,70.489,68.995,1.530,2.0000,14.463,-316.509,148.075,-318.000,0.0000,0.0000,1.0000,5.368,67.976,-10.521,Static,Carpet,shape,000001EAE490E500,-,1,1,-,
649,1885.559,10.9271,separate,ragdoll,Proventus Avenicci,0001A67D,NPC L Hand [LHnd],16,0.000,0.000,0.000,103.526,6.262,4.0000,8.334,0.000,0.000,0.000,0.0000,0.0000,0.0000,74.004,61.482,-38.222,DeadBip,-,-,000001EB3A29DF00,6,0,0,-,
650,1885.559,10.9271,separate,ragdoll,Proventus Avenicci,0001A67D,NPC Spine1 [Spn1],6,0.000,0.000,0.000,67.582,0.512,4.0000,18.878,0.000,0.000,0.000,0.0000,0.0000,0.0000,11.394,66.591,1.756,DeadBip,-,-,000001EB3A166B00,16,0,0,-,
651,1885.571,10.9271,separate,ragdoll,Proventus Avenicci,0001A67D,NPC L Forearm [LLar],14,0.000,0.000,0.000,81.306,4.292,2.0000,11.658,0.000,0.000,0.000,0.0000,0.0000,0.0000,27.559,72.158,-25.384,Static,-,-,000001EAE4998400,-,0,0,-,
653,1886.005,10.9271,separate,ragdoll,Proventus Avenicci,0001A67D,NPC Spine [Spn0],3,0.000,0.000,0.000,59.098,0.685,4.0000,17.297,0.000,0.000,0.000,0.0000,0.0000,0.0000,11.076,57.927,3.794,Static,-,-,000001EA56BED300,-,0,0,-,
654,1886.006,10.9271,touch,ragdoll,Proventus Avenicci,0001A67D,NPC Spine [Spn0],3,0.000,0.000,0.000,59.098,0.685,4.0000,17.297,0.000,0.000,0.000,0.0000,0.0000,0.0000,11.076,57.927,3.794,Static,-,-,000001EAE4AD0D00,-,0,0,-,
655,1886.007,10.9271,separate,ragdoll,Proventus Avenicci,0001A67D,NPC R UpperArm [RUar],12,0.000,0.000,0.000,73.090,1.047,2.0000,14.463,0.000,0.000,0.000,0.0000,0.0000,0.0000,3.140,72.989,-2.209,Static,-,-,000001EAE4998400,-,0,0,-,
656,1886.008,10.9271,touch,ragdoll,Proventus Avenicci,0001A67D,NPC R UpperArm [RUar],12,0.000,0.000,0.000,73.090,1.047,2.0000,14.463,0.000,0.000,0.000,0.0000,0.0000,0.0000,3.140,72.989,-2.209,Static,-,-,000001EAE4998400,-,0,0,-,
657,1895.724,10.9271,listener,ragdoll,Proventus Avenicci,0001A67D,-,-,0.000,0.000,0.000,0.000,0.000,0.0000,0.000,-311.888,-308.942,-318.000,0.0855,0.9963,0.0000,0.000,0.000,0.000,-,-,-,0000000000000000,-,0,0,-,tick
660,1905.316,10.9271,separate,ragdoll,Proventus Avenicci,0001A67D,NPC Head [Head],13,0.000,0.000,0.000,55.717,0.123,4.0000,15.108,0.000,0.000,0.000,0.0000,0.0000,0.0000,6.503,55.327,-0.979,Static,-,-,000001EAE4AD0D00,-,0,0,-,
661,1905.319,10.9271,touch,ragdoll,Proventus Avenicci,0001A67D,NPC R UpperArm [RUar],12,0.000,0.000,0.000,59.249,1.231,2.0000,14.463,0.000,0.000,0.000,0.0000,0.0000,0.0000,2.008,58.936,-5.741,Static,-,-,000001EAE490E500,-,0,0,-,
662,1915.381,10.9272,listener,ragdoll,Proventus Avenicci,0001A67D,-,-,0.000,0.000,0.000,0.000,0.000,0.0000,0.000,-311.888,-308.942,-318.000,0.0855,0.9963,0.0000,0.000,0.000,0.000,-,-,-,0000000000000000,-,0,0,-,tick
664,1925.534,10.9272,impact,ragdoll,Proventus Avenicci,0001A67D,NPC R UpperArm [RUar],12,8.469,8.469,63.736,59.193,1.230,2.0000,14.463,-356.618,145.327,-318.000,-0.0000,0.0000,1.0000,2.006,58.880,-5.736,Static,Carpet,shape,000001EAE490E500,-,1,1,-,
665,1925.781,10.9272,touch,ragdoll,Proventus Avenicci,0001A67D,NPC L Forearm [LLar],14,0.000,0.000,0.000,70.565,4.937,2.0000,11.658,0.000,0.000,0.000,0.0000,0.0000,0.0000,27.857,55.233,-33.951,Static,-,-,000001EAE490E500,-,0,0,-,
666,1926.014,10.9272,impact,ragdoll,Proventus Avenicci,0001A67D,NPC L Forearm [LLar],14,20.687,20.687,65.399,70.499,4.935,2.0000,11.658,-311.207,146.518,-318.000,0.0000,-0.0000,1.0000,27.831,55.181,-33.919,Static,Carpet,shape,000001EAE490E500,-,1,1,-,
667,1945.896,10.9273,separate,ragdoll,Proventus Avenicci,0001A67D,NPC R Forearm [RLar],15,0.000,0.000,0.000,59.032,1.861,6.0000,11.658,0.000,0.000,0.000,0.0000,0.0000,0.0000,-6.092,58.472,-5.358,Static,-,-,000001EA56BED300,-,0,0,-,
668,1946.261,10.9273,touch,ragdoll,Proventus Avenicci,0001A67D,NPC L Forearm [LLar],14,0.000,0.000,0.000,57.585,5.423,2.0000,11.658,0.000,0.000,0.000,0.0000,0.0000,0.0000,28.196,42.105,-27.352,Static,-,-,000001EAE4AD0D00,-,0,0,-,
669,1946.263,10.9273,separate,ragdoll,Proventus Avenicci,0001A67D,NPC R Hand [RHnd],17,0.000,0.000,0.000,108.081,13.896,4.0000,8.334,0.000,0.000,0.000,0.0000,0.0000,0.0000,15.159,107.013,-0.031,Static,-,-,000001EA56BED300,-,0,0,-,
670,1954.964,10.9273,listener,ragdoll,Proventus Avenicci,0001A67D,-,-,0.000,0.000,0.000,0.000,0.000,0.0000,0.000,-311.888,-308.942,-318.000,0.0855,0.9963,0.0000,0.000,0.000,0.000,-,-,-,0000000000000000,-,0,0,-,tick
672,1966.233,10.9273,impact,ragdoll,Proventus Avenicci,0001A67D,NPC L Forearm [LLar],14,8.341,8.341,57.703,57.531,5.420,2.0000,11.658,-311.161,147.665,-319.650,0.0000,-0.0000,1.0000,28.170,42.066,-27.326,Static,Wood,shape,000001EAE4AD0D00,-,1,1,-,
674,1966.890,10.9273,touch,ragdoll,Proventus Avenicci,0001A67D,NPC R Forearm [RLar],15,0.000,0.000,0.000,61.335,3.309,6.0000,11.658,0.000,0.000,0.000,0.0000,0.0000,0.0000,3.753,60.467,-9.570,Static,-,-,000001EAE490E500,-,0,0,-,
675,1986.393,10.9274,impact,ragdoll,Proventus Avenicci,0001A67D,NPC R Forearm [RLar],15,19.219,19.219,48.434,61.275,3.307,6.0000,11.658,-364.416,144.479,-318.000,0.0000,-0.0414,0.9991,3.750,60.408,-9.561,Static,Carpet,shape,000001EAE490E500,-,1,1,-,
676,1997.386,10.9274,listener,ragdoll,Proventus Avenicci,0001A67D,-,-,0.000,0.000,0.000,0.000,0.000,0.0000,0.000,-311.888,-308.942,-318.000,0.0855,0.9963,0.0000,0.000,0.000,0.000,-,-,-,0000000000000000,-,0,0,-,tick
678,2007.454,10.9274,touch,ragdoll,Proventus Avenicci,0001A67D,NPC L Forearm [LLar],14,0.000,0.000,0.000,56.295,6.773,2.0000,11.658,0.000,0.000,0.000,0.0000,0.0000,0.0000,35.092,29.271,-32.877,Static,-,-,000001EAE4998400,-,0,0,-,
679,2007.861,10.9274,separate,ragdoll,Proventus Avenicci,0001A67D,NPC R Hand [RHnd],17,0.000,0.000,0.000,65.158,7.475,4.0000,8.334,0.000,0.000,0.000,0.0000,0.0000,0.0000,-16.584,63.012,0.046,Static,-,-,000001EAE4998400,-,0,0,-,
680,2007.862,10.9274,touch,ragdoll,Proventus Avenicci,0001A67D,NPC R Hand [RHnd],17,0.000,0.000,0.000,65.158,7.475,4.0000,8.334,0.000,0.000,0.000,0.0000,0.0000,0.0000,-16.584,63.012,0.046,Static,-,-,000001EAE4998400,-,0,0,-,
681,2017.016,10.9275,listener,ragdoll,Proventus Avenicci,0001A67D,-,-,0.000,0.000,0.000,0.000,0.000,0.0000,0.000,-311.888,-308.942,-318.000,0.0855,0.9963,0.0000,0.000,0.000,0.000,-,-,-,0000000000000000,-,0,0,-,tick
683,2028.017,10.9275,separate,ragdoll,Proventus Avenicci,0001A67D,NPC Spine2 [Spn2],9,0.000,0.000,0.000,6.395,0.208,7.0000,23.052,0.000,0.000,0.000,0.0000,0.0000,0.0000,4.139,4.871,0.195,DeadBip,-,-,000001EB3A166E00,14,0,0,-,
684,2028.017,10.9275,separate,ragdoll,Proventus Avenicci,0001A67D,NPC L Forearm [LLar],14,0.000,0.000,0.000,53.811,8.155,2.0000,11.658,0.000,0.000,0.000,0.0000,0.0000,0.0000,32.019,27.081,-33.720,DeadBip,-,-,000001EB3A29DC00,9,0,0,-,
685,2028.418,10.9275,touch,ragdoll,Proventus Avenicci,0001A67D,NPC R Hand [RHnd],17,0.000,0.000,0.000,65.232,6.989,4.0000,8.334,0.000,0.000,0.000,0.0000,0.0000,0.0000,-16.918,62.434,-8.424,Static,-,-,000001EAE490E500,-,0,0,-,
686,2048.061,10.9276,impact,ragdoll,Proventus Avenicci,0001A67D,NPC R Hand [RHnd],17,8.394,8.394,89.467,65.166,6.985,4.0000,8.334,-379.357,144.828,-318.000,-0.0000,0.0000,1.0000,-16.900,62.371,-8.416,Static,Carpet,shape,000001EAE490E500,-,1,1,-,
687,2048.297,10.9276,separate,ragdoll,Proventus Avenicci,0001A67D,NPC R Forearm [RLar],15,0.000,0.000,0.000,33.400,5.458,6.0000,11.658,0.000,0.000,0.000,0.0000,0.0000,0.0000,-9.623,31.850,2.916,Static,-,-,000001EAE4998400,-,0,0,-,
688,2048.299,10.9276,touch,ragdoll,Proventus Avenicci,0001A67D,NPC R Forearm [RLar],15,0.000,0.000,0.000,33.400,5.458,6.0000,11.658,0.000,0.000,0.000,0.0000,0.0000,0.0000,-9.623,31.850,2.916,Static,-,-,000001EAE4998400,-,0,0,-,
689,2048.779,10.9276,separate,ragdoll,Proventus Avenicci,0001A67D,NPC R Forearm [RLar],15,0.000,0.000,0.000,30.096,6.296,6.0000,11.658,0.000,0.000,0.000,0.0000,0.0000,0.0000,-9.382,28.554,1.555,Static,-,-,000001EAE490E500,-,0,0,-,
690,2048.780,10.9276,touch,ragdoll,Proventus Avenicci,0001A67D,NPC R Forearm [RLar],15,0.000,0.000,0.000,30.096,6.296,6.0000,11.658,0.000,0.000,0.000,0.0000,0.0000,0.0000,-9.382,28.554,1.555,Static,-,-,000001EAE490E500,-,0,0,-,
691,2058.644,10.9276,listener,ragdoll,Proventus Avenicci,0001A67D,-,-,0.000,0.000,0.000,0.000,0.000,0.0000,0.000,-311.888,-308.942,-318.000,0.0855,0.9963,0.0000,0.000,0.000,0.000,-,-,-,0000000000000000,-,0,0,-,tick
694,2068.545,10.9276,touch,ragdoll,Proventus Avenicci,0001A67D,NPC L Hand [LHnd],16,0.000,0.000,0.000,149.940,13.450,4.0000,8.334,0.000,0.000,0.000,0.0000,0.0000,0.0000,65.804,40.384,-128.534,Static,-,-,000001EAE4998400,-,0,0,-,
695,2068.550,10.9276,separate,ragdoll,Proventus Avenicci,0001A67D,NPC R Forearm [RLar],15,0.000,0.000,0.000,28.572,2.746,6.0000,11.658,0.000,0.000,0.000,0.0000,0.0000,0.0000,-9.206,26.952,2.281,Static,-,-,000001EAE490E500,-,0,0,-,
696,2068.551,10.9276,touch,ragdoll,Proventus Avenicci,0001A67D,NPC R Forearm [RLar],15,0.000,0.000,0.000,28.572,2.746,6.0000,11.658,0.000,0.000,0.000,0.0000,0.0000,0.0000,-9.206,26.952,2.281,Static,-,-,000001EAE490E500,-,0,0,-,
697,2068.782,10.9276,impact,ragdoll,Proventus Avenicci,0001A67D,NPC L Hand [LHnd],16,128.538,128.538,85.513,149.789,13.444,4.0000,8.334,-294.861,138.831,-318.000,-0.0000,0.0000,1.0000,65.737,40.343,-128.404,Static,Carpet,shape,000001EAE4998400,-,1,1,-,
699,2068.985,10.9276,touch,ragdoll,Proventus Avenicci,0001A67D,NPC L UpperArm [LUar],10,0.000,0.000,0.000,18.318,1.021,2.0000,14.463,0.000,0.000,0.000,0.0000,0.0000,0.0000,12.793,-10.130,-8.324,Static,-,-,000001EAE4AD0D00,-,0,0,-,
700,2077.885,10.9276,listener,ragdoll,Proventus Avenicci,0001A67D,-,-,0.000,0.000,0.000,0.000,0.000,0.0000,0.000,-311.888,-308.942,-318.000,0.0855,0.9963,0.0000,0.000,0.000,0.000,-,-,-,0000000000000000,-,0,0,-,tick
702,2087.626,10.9276,impact,ragdoll,Proventus Avenicci,0001A67D,NPC L UpperArm [LUar],10,11.421,11.421,13.363,18.300,1.021,2.0000,14.463,-315.173,153.762,-319.650,-0.0000,-0.0000,1.0000,12.780,-10.120,-8.315,Static,Wood,shape,000001EAE4AD0D00,-,1,1,-,
703,2087.866,10.9276,separate,ragdoll,Proventus Avenicci,0001A67D,NPC Spine1 [Spn1],6,0.000,0.000,0.000,4.123,0.247,4.0000,18.878,0.000,0.000,0.000,0.0000,0.0000,0.0000,0.010,-4.113,0.294,DeadBip,-,-,000001EB3A166E00,14,0,0,-,
704,2087.866,10.9276,separate,ragdoll,Proventus Avenicci,0001A67D,NPC L Forearm [LLar],14,0.000,0.000,0.000,20.695,1.292,2.0000,11.658,0.000,0.000,0.000,0.0000,0.0000,0.0000,13.861,15.301,1.426,DeadBip,-,-,000001EB3A29DF00,6,0,0,-,
710,2118.000,10.9277,listener,ragdoll,Proventus Avenicci,0001A67D,-,-,0.000,0.000,0.000,0.000,0.000,0.0000,0.000,-311.888,-308.942,-318.000,0.0855,0.9963,0.0000,0.000,0.000,0.000,-,-,-,0000000000000000,-,0,0,-,tick
712,2127.306,10.9277,separate,ragdoll,Proventus Avenicci,0001A67D,NPC L Forearm [LLar],14,0.000,0.000,0.000,27.534,1.585,2.0000,11.658,0.000,0.000,0.000,0.0000,0.0000,0.0000,11.266,23.408,-9.124,Static,-,-,000001EAE4998400,-,0,0,-,
714,2145.628,10.9278,touch,ragdoll,Proventus Avenicci,0001A67D,NPC L Hand [LHnd],16,0.000,0.000,0.000,56.319,5.479,4.0000,8.334,0.000,0.000,0.000,0.0000,0.0000,0.0000,23.789,24.052,-45.027,Static,-,-,000001EAE4AD0D00,-,0,0,-,
715,2155.558,10.9278,listener,ragdoll,Proventus Avenicci,0001A67D,-,-,0.000,0.000,0.000,0.000,0.000,0.0000,0.000,-311.888,-308.942,-318.000,0.0855,0.9963,0.0000,0.000,0.000,0.000,-,-,-,0000000000000000,-,0,0,-,tick
717,2164.643,10.9278,impact,ragdoll,Proventus Avenicci,0001A67D,NPC L Hand [LHnd],16,44.975,44.975,56.151,56.263,5.477,4.0000,8.334,-292.456,142.967,-319.650,0.0000,-0.0000,1.0000,23.765,24.028,-44.982,Static,Wood,shape,000001EAE4AD0D00,-,1,1,-,
720,2174.507,10.9279,listener,ragdoll,Proventus Avenicci,0001A67D,-,-,0.000,0.000,0.000,0.000,0.000,0.0000,0.000,-311.888,-308.942,-318.000,0.0855,0.9963,0.0000,0.000,0.000,0.000,-,-,-,0000000000000000,-,0,0,-,tick
722,2183.490,10.9279,separate,ragdoll,Proventus Avenicci,0001A67D,NPC L Hand [LHnd],16,0.000,0.000,0.000,28.794,0.536,4.0000,8.334,0.000,0.000,0.000,0.0000,0.0000,0.0000,15.233,9.841,-22.365,Static,-,-,000001EAE4998400,-,0,0,-,
723,2211.580,10.9280,listener,ragdoll,Proventus Avenicci,0001A67D,-,-,0.000,0.000,0.000,0.000,0.000,0.0000,0.000,-311.888,-308.942,-318.000,0.0855,0.9963,0.0000,0.000,0.000,0.000,-,-,-,0000000000000000,-,0,0,-,tick
725,2221.082,10.9280,touch,ragdoll,Proventus Avenicci,0001A67D,NPC L Hand [LHnd],16,0.000,0.000,0.000,43.747,2.039,4.0000,8.334,0.000,0.000,0.000,0.0000,0.0000,0.0000,3.227,10.226,-42.413,Static,-,-,000001EAE4998400,-,0,0,-,
726,2221.090,10.9280,touch,ragdoll,Proventus Avenicci,0001A67D,NPC L Hand [LHnd],16,0.000,0.000,0.000,43.747,2.039,4.0000,8.334,0.000,0.000,0.000,0.0000,0.0000,0.0000,3.227,10.226,-42.413,Static,-,-,000001EAE490E500,-,0,0,-,
727,2221.277,10.9280,impact,ragdoll,Proventus Avenicci,0001A67D,NPC L Forearm [LLar],14,35.679,35.679,27.871,19.204,3.375,2.0000,11.658,-297.209,146.137,-319.650,0.0000,-0.0000,1.0000,1.498,6.254,-18.095,Static,Wood,shape,000001EAE4AD0D00,-,0,1,-,
728,2221.280,10.9280,impact,ragdoll,Proventus Avenicci,0001A67D,NPC L Hand [LHnd],16,41.644,41.644,22.650,43.706,2.038,4.0000,8.334,-291.547,143.531,-318.001,-0.0000,0.0622,0.9981,3.224,10.216,-42.373,Static,Carpet,shape,000001EAE4998400,-,1,1,-,
729,2221.280,10.9280,impact,ragdoll,Proventus Avenicci,0001A67D,NPC L Hand [LHnd],16,43.356,43.356,14.904,43.706,2.038,4.0000,8.334,-291.548,144.434,-318.004,0.0000,-0.1327,0.9912,3.224,10.216,-42.373,Static,Carpet,shape,000001EAE490E500,-,1,1,-,
730,2249.374,10.9281,listener,ragdoll,Proventus Avenicci,0001A67D,-,-,0.000,0.000,0.000,0.000,0.000,0.0000,0.000,-311.888,-308.942,-318.000,0.0855,0.9963,0.0000,0.000,0.000,0.000,-,-,-,0000000000000000,-,0,0,-,tick
732,2269.549,10.9282,listener,ragdoll,Proventus Avenicci,0001A67D,-,-,0.000,0.000,0.000,0.000,0.000,0.0000,0.000,-311.888,-308.942,-318.000,0.0855,0.9963,0.0000,0.000,0.000,0.000,-,-,-,0000000000000000,-,0,0,-,tick
739,2307.995,10.9283,listener,ragdoll,Proventus Avenicci,0001A67D,-,-,0.000,0.000,0.000,0.000,0.000,0.0000,0.000,-311.888,-308.942,-318.000,0.0855,0.9963,0.0000,0.000,0.000,0.000,-,-,-,0000000000000000,-,0,0,-,tick
741,2347.223,10.9284,listener,ragdoll,Proventus Avenicci,0001A67D,-,-,0.000,0.000,0.000,0.000,0.000,0.0000,0.000,-311.888,-308.942,-318.000,0.0855,0.9963,0.0000,0.000,0.000,0.000,-,-,-,0000000000000000,-,0,0,-,tick
743,2357.840,10.9284,separate,ragdoll,Proventus Avenicci,0001A67D,NPC L Hand [LHnd],16,0.000,0.000,0.000,5.647,1.209,4.0000,8.334,0.000,0.000,0.000,0.0000,0.0000,0.0000,-2.154,-5.220,0.052,Static,-,-,000001EAE4998400,-,0,0,-,
744,2357.842,10.9284,touch,ragdoll,Proventus Avenicci,0001A67D,NPC L Hand [LHnd],16,0.000,0.000,0.000,5.647,1.209,4.0000,8.334,0.000,0.000,0.000,0.0000,0.0000,0.0000,-2.154,-5.220,0.052,Static,-,-,000001EAE4998400,-,0,0,-,
745,2367.879,10.9284,listener,ragdoll,Proventus Avenicci,0001A67D,-,-,0.000,0.000,0.000,0.000,0.000,0.0000,0.000,-311.888,-308.942,-318.000,0.0855,0.9963,0.0000,0.000,0.000,0.000,-,-,-,0000000000000000,-,0,0,-,tick
751,2407.497,10.9285,listener,ragdoll,Proventus Avenicci,0001A67D,-,-,0.000,0.000,0.000,0.000,0.000,0.0000,0.000,-311.888,-308.942,-318.000,0.0855,0.9963,0.0000,0.000,0.000,0.000,-,-,-,0000000000000000,-,0,0,-,tick
755,2447.425,10.9286,listener,ragdoll,Proventus Avenicci,0001A67D,-,-,0.000,0.000,0.000,0.000,0.000,0.0000,0.000,-311.888,-308.942,-318.000,0.0855,0.9963,0.0000,0.000,0.000,0.000,-,-,-,0000000000000000,-,0,0,-,tick
761,2467.981,10.9287,listener,ragdoll,Proventus Avenicci,0001A67D,-,-,0.000,0.000,0.000,0.000,0.000,0.0000,0.000,-311.888,-308.942,-318.000,0.0855,0.9963,0.0000,0.000,0.000,0.000,-,-,-,0000000000000000,-,0,0,-,tick
763,2504.382,10.9288,listener,ragdoll,Proventus Avenicci,0001A67D,-,-,0.000,0.000,0.000,0.000,0.000,0.0000,0.000,-311.888,-308.942,-318.000,0.0855,0.9963,0.0000,0.000,0.000,0.000,-,-,-,0000000000000000,-,0,0,-,tick
765,2543.495,10.9289,listener,ragdoll,Proventus Avenicci,0001A67D,-,-,0.000,0.000,0.000,0.000,0.000,0.0000,0.000,-311.888,-308.942,-318.000,0.0855,0.9963,0.0000,0.000,0.000,0.000,-,-,-,0000000000000000,-,0,0,-,tick
767,2562.517,10.9290,listener,ragdoll,Proventus Avenicci,0001A67D,-,-,0.000,0.000,0.000,0.000,0.000,0.0000,0.000,-311.888,-308.942,-318.000,0.0855,0.9963,0.0000,0.000,0.000,0.000,-,-,-,0000000000000000,-,0,0,-,tick
770,2600.370,10.9291,listener,ragdoll,Proventus Avenicci,0001A67D,-,-,0.000,0.000,0.000,0.000,0.000,0.0000,0.000,-311.888,-308.942,-318.000,0.0855,0.9963,0.0000,0.000,0.000,0.000,-,-,-,0000000000000000,-,0,0,-,tick
772,2637.829,10.9292,listener,ragdoll,Proventus Avenicci,0001A67D,-,-,0.000,0.000,0.000,0.000,0.000,0.0000,0.000,-311.888,-308.942,-318.000,0.0855,0.9963,0.0000,0.000,0.000,0.000,-,-,-,0000000000000000,-,0,0,-,tick
774,2676.127,10.9293,listener,ragdoll,Proventus Avenicci,0001A67D,-,-,0.000,0.000,0.000,0.000,0.000,0.0000,0.000,-311.888,-308.942,-318.000,0.0855,0.9963,0.0000,0.000,0.000,0.000,-,-,-,0000000000000000,-,0,0,-,tick
776,2695.804,10.9293,listener,ragdoll,Proventus Avenicci,0001A67D,-,-,0.000,0.000,0.000,0.000,0.000,0.0000,0.000,-311.888,-308.942,-318.000,0.0855,0.9963,0.0000,0.000,0.000,0.000,-,-,-,0000000000000000,-,0,0,-,tick
778,2734.951,10.9294,listener,ragdoll,Proventus Avenicci,0001A67D,-,-,0.000,0.000,0.000,0.000,0.000,0.0000,0.000,-311.888,-308.942,-318.000,0.0855,0.9963,0.0000,0.000,0.000,0.000,-,-,-,0000000000000000,-,0,0,-,tick
780,2755.612,10.9295,listener,ragdoll,Proventus Avenicci,0001A67D,-,-,0.000,0.000,0.000,0.000,0.000,0.0000,0.000,-311.888,-308.942,-318.000,0.0855,0.9963,0.0000,0.000,0.000,0.000,-,-,-,0000000000000000,-,0,0,-,tick
782,2797.259,10.9296,listener,ragdoll,Proventus Avenicci,0001A67D,-,-,0.000,0.000,0.000,0.000,0.000,0.0000,0.000,-311.888,-308.942,-318.000,0.0855,0.9963,0.0000,0.000,0.000,0.000,-,-,-,0000000000000000,-,0,0,-,tick
784,2837.252,10.9297,listener,ragdoll,Proventus Avenicci,0001A67D,-,-,0.000,0.000,0.000,0.000,0.000,0.0000,0.000,-311.888,-308.942,-318.000,0.0855,0.9963,0.0000,0.000,0.000,0.000,-,-,-,0000000000000000,-,0,0,-,tick
786,2858.085,10.9298,listener,ragdoll,Proventus Avenicci,0001A67D,-,-,0.000,0.000,0.000,0.000,0.000,0.0000,0.000,-311.888,-308.942,-318.000,0.0855,0.9963,0.0000,0.000,0.000,0.000,-,-,-,0000000000000000,-,0,0,-,tick
788,2899.407,10.9299,listener,ragdoll,Proventus Avenicci,0001A67D,-,-,0.000,0.000,0.000,0.000,0.000,0.0000,0.000,-311.888,-308.942,-318.000,0.0855,0.9963,0.0000,0.000,0.000,0.000,-,-,-,0000000000000000,-,0,0,-,tick
790,2918.892,10.9299,listener,ragdoll,Proventus Avenicci,0001A67D,-,-,0.000,0.000,0.000,0.000,0.000,0.0000,0.000,-311.888,-308.942,-318.000,0.0855,0.9963,0.0000,0.000,0.000,0.000,-,-,-,0000000000000000,-,0,0,-,tick
792,2959.054,10.9301,listener,ragdoll,Proventus Avenicci,0001A67D,-,-,0.000,0.000,0.000,0.000,0.000,0.0000,0.000,-311.888,-308.942,-318.000,0.0855,0.9963,0.0000,0.000,0.000,0.000,-,-,-,0000000000000000,-,0,0,-,tick
796,2996.114,10.9302,listener,ragdoll,Proventus Avenicci,0001A67D,-,-,0.000,0.000,0.000,0.000,0.000,0.0000,0.000,-311.888,-308.942,-318.000,0.0855,0.9963,0.0000,0.000,0.000,0.000,-,-,-,0000000000000000,-,0,0,-,tick
802,3017.397,10.9302,listener,ragdoll,Proventus Avenicci,0001A67D,-,-,0.000,0.000,0.000,0.000,0.000,0.0000,0.000,-311.888,-308.942,-318.000,0.0855,0.9963,0.0000,0.000,0.000,0.000,-,-,-,0000000000000000,-,0,0,-,tick
804,3050.534,10.9303,listener,ragdoll,Proventus Avenicci,0001A67D,-,-,0.000,0.000,0.000,0.000,0.000,0.0000,0.000,-311.888,-308.942,-318.000,0.0855,0.9963,0.0000,0.000,0.000,0.000,-,-,-,0000000000000000,-,0,0,-,tick
806,3088.562,10.9304,listener,ragdoll,Proventus Avenicci,0001A67D,-,-,0.000,0.000,0.000,0.000,0.000,0.0000,0.000,-311.888,-308.942,-318.000,0.0855,0.9963,0.0000,0.000,0.000,0.000,-,-,-,0000000000000000,-,0,0,-,tick
808,3124.473,10.9305,listener,ragdoll,Proventus Avenicci,0001A67D,-,-,0.000,0.000,0.000,0.000,0.000,0.0000,0.000,-311.888,-308.942,-318.000,0.0855,0.9963,0.0000,0.000,0.000,0.000,-,-,-,0000000000000000,-,0,0,-,tick
810,3143.322,10.9306,listener,ragdoll,Proventus Avenicci,0001A67D,-,-,0.000,0.000,0.000,0.000,0.000,0.0000,0.000,-311.888,-308.942,-318.000,0.0855,0.9963,0.0000,0.000,0.000,0.000,-,-,-,0000000000000000,-,0,0,-,tick
812,3181.226,10.9307,listener,ragdoll,Proventus Avenicci,0001A67D,-,-,0.000,0.000,0.000,0.000,0.000,0.0000,0.000,-311.888,-308.942,-318.000,0.0855,0.9963,0.0000,0.000,0.000,0.000,-,-,-,0000000000000000,-,0,0,-,tick
814,3219.497,10.9308,listener,ragdoll,Proventus Avenicci,0001A67D,-,-,0.000,0.000,0.000,0.000,0.000,0.0000,0.000,-311.888,-308.942,-318.000,0.0855,0.9963,0.0000,0.000,0.000,0.000,-,-,-,0000000000000000,-,0,0,-,tick
816,3240.282,10.9309,listener,ragdoll,Proventus Avenicci,0001A67D,-,-,0.000,0.000,0.000,0.000,0.000,0.0000,0.000,-311.888,-308.942,-318.000,0.0855,0.9963,0.0000,0.000,0.000,0.000,-,-,-,0000000000000000,-,0,0,-,tick
818,3281.811,10.9310,listener,ragdoll,Proventus Avenicci,0001A67D,-,-,0.000,0.000,0.000,0.000,0.000,0.0000,0.000,-311.888,-308.942,-318.000,0.0855,0.9963,0.0000,0.000,0.000,0.000,-,-,-,0000000000000000,-,0,0,-,tick
820,3322.681,10.9311,listener,ragdoll,Proventus Avenicci,0001A67D,-,-,0.000,0.000,0.000,0.000,0.000,0.0000,0.000,-311.888,-308.942,-318.000,0.0855,0.9963,0.0000,0.000,0.000,0.000,-,-,-,0000000000000000,-,0,0,-,tick
822,3342.594,10.9311,listener,ragdoll,Proventus Avenicci,0001A67D,-,-,0.000,0.000,0.000,0.000,0.000,0.0000,0.000,-311.888,-308.942,-318.000,0.0855,0.9963,0.0000,0.000,0.000,0.000,-,-,-,0000000000000000,-,0,0,-,tick
824,3385.134,10.9312,listener,ragdoll,Proventus Avenicci,0001A67D,-,-,0.000,0.000,0.000,0.000,0.000,0.0000,0.000,-311.888,-308.942,-318.000,0.0855,0.9963,0.0000,0.000,0.000,0.000,-,-,-,0000000000000000,-,0,0,-,tick
826,3404.434,10.9313,listener,ragdoll,Proventus Avenicci,0001A67D,-,-,0.000,0.000,0.000,0.000,0.000,0.0000,0.000,-311.888,-308.942,-318.000,0.0855,0.9963,0.0000,0.000,0.000,0.000,-,-,-,0000000000000000,-,0,0,-,tick
828,3446.670,10.9314,listener,ragdoll,Proventus Avenicci,0001A67D,-,-,0.000,0.000,0.000,0.000,0.000,0.0000,0.000,-311.888,-308.942,-318.000,0.0855,0.9963,0.0000,0.000,0.000,0.000,-,-,-,0000000000000000,-,0,0,-,tick
830,3466.034,10.9315,listener,ragdoll,Proventus Avenicci,0001A67D,-,-,0.000,0.000,0.000,0.000,0.000,0.0000,0.000,-311.888,-308.942,-318.000,0.0855,0.9963,0.0000,0.000,0.000,0.000,-,-,-,0000000000000000,-,0,0,-,tick
832,3503.648,10.9316,listener,ragdoll,Proventus Avenicci,0001A67D,-,-,0.000,0.000,0.000,0.000,0.000,0.0000,0.000,-311.888,-308.942,-318.000,0.0855,0.9963,0.0000,0.000,0.000,0.000,-,-,-,0000000000000000,-,0,0,-,tick
834,3540.508,10.9317,listener,ragdoll,Proventus Avenicci,0001A67D,-,-,0.000,0.000,0.000,0.000,0.000,0.0000,0.000,-311.888,-308.942,-318.000,0.0855,0.9963,0.0000,0.000,0.000,0.000,-,-,-,0000000000000000,-,0,0,-,tick
836,3577.219,10.9318,listener,ragdoll,Proventus Avenicci,0001A67D,-,-,0.000,0.000,0.000,0.000,0.000,0.0000,0.000,-311.888,-308.942,-318.000,0.0855,0.9963,0.0000,0.000,0.000,0.000,-,-,-,0000000000000000,-,0,0,-,tick
838,3596.409,10.9319,listener,ragdoll,Proventus Avenicci,0001A67D,-,-,0.000,0.000,0.000,0.000,0.000,0.0000,0.000,-311.888,-308.942,-318.000,0.0855,0.9963,0.0000,0.000,0.000,0.000,-,-,-,0000000000000000,-,0,0,-,tick
840,3634.440,10.9320,listener,ragdoll,Proventus Avenicci,0001A67D,-,-,0.000,0.000,0.000,0.000,0.000,0.0000,0.000,-311.888,-308.942,-318.000,0.0855,0.9963,0.0000,0.000,0.000,0.000,-,-,-,0000000000000000,-,0,0,-,tick
842,3673.213,10.9321,listener,ragdoll,Proventus Avenicci,0001A67D,-,-,0.000,0.000,0.000,0.000,0.000,0.0000,0.000,-311.888,-308.942,-318.000,0.0855,0.9963,0.0000,0.000,0.000,0.000,-,-,-,0000000000000000,-,0,0,-,tick
844,3693.595,10.9321,listener,ragdoll,Proventus Avenicci,0001A67D,-,-,0.000,0.000,0.000,0.000,0.000,0.0000,0.000,-311.888,-308.942,-318.000,0.0855,0.9963,0.0000,0.000,0.000,0.000,-,-,-,0000000000000000,-,0,0,-,tick
846,3733.979,10.9322,listener,ragdoll,Proventus Avenicci,0001A67D,-,-,0.000,0.000,0.000,0.000,0.000,0.0000,0.000,-311.888,-308.942,-318.000,0.0855,0.9963,0.0000,0.000,0.000,0.000,-,-,-,0000000000000000,-,0,0,-,tick
848,3774.612,10.9323,listener,ragdoll,Proventus Avenicci,0001A67D,-,-,0.000,0.000,0.000,0.000,0.000,0.0000,0.000,-311.888,-308.942,-318.000,0.0855,0.9963,0.0000,0.000,0.000,0.000,-,-,-,0000000000000000,-,0,0,-,tick
850,3794.977,10.9324,listener,ragdoll,Proventus Avenicci,0001A67D,-,-,0.000,0.000,0.000,0.000,0.000,0.0000,0.000,-311.888,-308.942,-318.000,0.0855,0.9963,0.0000,0.000,0.000,0.000,-,-,-,0000000000000000,-,0,0,-,tick
852,3836.126,10.9325,listener,ragdoll,Proventus Avenicci,0001A67D,-,-,0.000,0.000,0.000,0.000,0.000,0.0000,0.000,-311.888,-308.942,-318.000,0.0855,0.9963,0.0000,0.000,0.000,0.000,-,-,-,0000000000000000,-,0,0,-,tick
854,3857.409,10.9326,listener,ragdoll,Proventus Avenicci,0001A67D,-,-,0.000,0.000,0.000,0.000,0.000,0.0000,0.000,-311.888,-308.942,-318.000,0.0855,0.9963,0.0000,0.000,0.000,0.000,-,-,-,0000000000000000,-,0,0,-,tick
856,3897.406,10.9327,listener,ragdoll,Proventus Avenicci,0001A67D,-,-,0.000,0.000,0.000,0.000,0.000,0.0000,0.000,-311.888,-308.942,-318.000,0.0855,0.9963,0.0000,0.000,0.000,0.000,-,-,-,0000000000000000,-,0,0,-,tick
858,3935.770,10.9328,listener,ragdoll,Proventus Avenicci,0001A67D,-,-,0.000,0.000,0.000,0.000,0.000,0.0000,0.000,-311.888,-308.942,-318.000,0.0855,0.9963,0.0000,0.000,0.000,0.000,-,-,-,0000000000000000,-,0,0,-,tick
860,3953.641,10.9328,listener,ragdoll,Proventus Avenicci,0001A67D,-,-,0.000,0.000,0.000,0.000,0.000,0.0000,0.000,-311.888,-308.942,-318.000,0.0855,0.9963,0.0000,0.000,0.000,0.000,-,-,-,0000000000000000,-,0,0,-,tick
862,3993.103,10.9329,listener,ragdoll,Proventus Avenicci,0001A67D,-,-,0.000,0.000,0.000,0.000,0.000,0.0000,0.000,-311.888,-308.942,-318.000,0.0855,0.9963,0.0000,0.000,0.000,0.000,-,-,-,0000000000000000,-,0,0,-,tick
864,4029.233,10.9331,listener,ragdoll,Proventus Avenicci,0001A67D,-,-,0.000,0.000,0.000,0.000,0.000,0.0000,0.000,-311.888,-308.942,-318.000,0.0855,0.9963,0.0000,0.000,0.000,0.000,-,-,-,0000000000000000,-,0,0,-,tick
866,4047.778,10.9331,listener,ragdoll,Proventus Avenicci,0001A67D,-,-,0.000,0.000,0.000,0.000,0.000,0.0000,0.000,-311.888,-308.942,-318.000,0.0855,0.9963,0.0000,0.000,0.000,0.000,-,-,-,0000000000000000,-,0,0,-,tick
868,4087.092,10.9332,listener,ragdoll,Proventus Avenicci,0001A67D,-,-,0.000,0.000,0.000,0.000,0.000,0.0000,0.000,-311.888,-308.942,-318.000,0.0855,0.9963,0.0000,0.000,0.000,0.000,-,-,-,0000000000000000,-,0,0,-,tick
870,4125.975,10.9333,listener,ragdoll,Proventus Avenicci,0001A67D,-,-,0.000,0.000,0.000,0.000,0.000,0.0000,0.000,-311.888,-308.942,-318.000,0.0855,0.9963,0.0000,0.000,0.000,0.000,-,-,-,0000000000000000,-,0,0,-,tick
872,4146.408,10.9334,listener,ragdoll,Proventus Avenicci,0001A67D,-,-,0.000,0.000,0.000,0.000,0.000,0.0000,0.000,-311.888,-308.942,-318.000,0.0855,0.9963,0.0000,0.000,0.000,0.000,-,-,-,0000000000000000,-,0,0,-,tick
874,4185.634,10.9335,listener,ragdoll,Proventus Avenicci,0001A67D,-,-,0.000,0.000,0.000,0.000,0.000,0.0000,0.000,-311.888,-308.942,-318.000,0.0855,0.9963,0.0000,0.000,0.000,0.000,-,-,-,0000000000000000,-,0,0,-,tick
876,4224.901,10.9336,listener,ragdoll,Proventus Avenicci,0001A67D,-,-,0.000,0.000,0.000,0.000,0.000,0.0000,0.000,-311.888,-308.942,-318.000,0.0855,0.9963,0.0000,0.000,0.000,0.000,-,-,-,0000000000000000,-,0,0,-,tick
878,4245.218,10.9336,listener,ragdoll,Proventus Avenicci,0001A67D,-,-,0.000,0.000,0.000,0.000,0.000,0.0000,0.000,-311.888,-308.942,-318.000,0.0855,0.9963,0.0000,0.000,0.000,0.000,-,-,-,0000000000000000,-,0,0,-,tick
880,4285.111,10.9338,listener,ragdoll,Proventus Avenicci,0001A67D,-,-,0.000,0.000,0.000,0.000,0.000,0.0000,0.000,-311.888,-308.942,-318.000,0.0855,0.9963,0.0000,0.000,0.000,0.000,-,-,-,0000000000000000,-,0,0,-,tick
882,4307.751,10.9338,listener,ragdoll,Proventus Avenicci,0001A67D,-,-,0.000,0.000,0.000,0.000,0.000,0.0000,0.000,-311.888,-308.942,-318.000,0.0855,0.9963,0.0000,0.000,0.000,0.000,-,-,-,0000000000000000,-,0,0,-,tick
884,4343.430,10.9339,listener,ragdoll,Proventus Avenicci,0001A67D,-,-,0.000,0.000,0.000,0.000,0.000,0.0000,0.000,-311.888,-308.942,-318.000,0.0855,0.9963,0.0000,0.000,0.000,0.000,-,-,-,0000000000000000,-,0,0,-,tick
886,4380.929,10.9340,listener,ragdoll,Proventus Avenicci,0001A67D,-,-,0.000,0.000,0.000,0.000,0.000,0.0000,0.000,-311.888,-308.942,-318.000,0.0855,0.9963,0.0000,0.000,0.000,0.000,-,-,-,0000000000000000,-,0,0,-,tick
888,4419.733,10.9341,listener,ragdoll,Proventus Avenicci,0001A67D,-,-,0.000,0.000,0.000,0.000,0.000,0.0000,0.000,-311.888,-308.942,-318.000,0.0855,0.9963,0.0000,0.000,0.000,0.000,-,-,-,0000000000000000,-,0,0,-,tick
890,4438.218,10.9342,listener,ragdoll,Proventus Avenicci,0001A67D,-,-,0.000,0.000,0.000,0.000,0.000,0.0000,0.000,-311.888,-308.942,-318.000,0.0855,0.9963,0.0000,0.000,0.000,0.000,-,-,-,0000000000000000,-,0,0,-,tick
892,4476.222,10.9343,listener,ragdoll,Proventus Avenicci,0001A67D,-,-,0.000,0.000,0.000,0.000,0.000,0.0000,0.000,-311.888,-308.942,-318.000,0.0855,0.9963,0.0000,0.000,0.000,0.000,-,-,-,0000000000000000,-,0,0,-,tick
894,4514.302,10.9344,listener,ragdoll,Proventus Avenicci,0001A67D,-,-,0.000,0.000,0.000,0.000,0.000,0.0000,0.000,-311.888,-308.942,-318.000,0.0855,0.9963,0.0000,0.000,0.000,0.000,-,-,-,0000000000000000,-,0,0,-,tick
896,4534.927,10.9345,listener,ragdoll,Proventus Avenicci,0001A67D,-,-,0.000,0.000,0.000,0.000,0.000,0.0000,0.000,-311.888,-308.942,-318.000,0.0855,0.9963,0.0000,0.000,0.000,0.000,-,-,-,0000000000000000,-,0,0,-,tick
898,4576.283,10.9346,listener,ragdoll,Proventus Avenicci,0001A67D,-,-,0.000,0.000,0.000,0.000,0.000,0.0000,0.000,-311.888,-308.942,-318.000,0.0855,0.9963,0.0000,0.000,0.000,0.000,-,-,-,0000000000000000,-,0,0,-,tick
900,4598.471,10.9346,listener,ragdoll,Proventus Avenicci,0001A67D,-,-,0.000,0.000,0.000,0.000,0.000,0.0000,0.000,-311.888,-308.942,-318.000,0.0855,0.9963,0.0000,0.000,0.000,0.000,-,-,-,0000000000000000,-,0,0,-,tick
902,4637.429,10.9347,listener,ragdoll,Proventus Avenicci,0001A67D,-,-,0.000,0.000,0.000,0.000,0.000,0.0000,0.000,-311.888,-308.942,-318.000,0.0855,0.9963,0.0000,0.000,0.000,0.000,-,-,-,0000000000000000,-,0,0,-,tick
904,4679.591,10.9348,listener,ragdoll,Proventus Avenicci,0001A67D,-,-,0.000,0.000,0.000,0.000,0.000,0.0000,0.000,-311.888,-308.942,-318.000,0.0855,0.9963,0.0000,0.000,0.000,0.000,-,-,-,0000000000000000,-,0,0,-,tick
906,4698.299,10.9349,listener,ragdoll,Proventus Avenicci,0001A67D,-,-,0.000,0.000,0.000,0.000,0.000,0.0000,0.000,-311.888,-308.942,-318.000,0.0855,0.9963,0.0000,0.000,0.000,0.000,-,-,-,0000000000000000,-,0,0,-,tick
908,4738.945,10.9350,listener,ragdoll,Proventus Avenicci,0001A67D,-,-,0.000,0.000,0.000,0.000,0.000,0.0000,0.000,-311.888,-308.942,-318.000,0.0855,0.9963,0.0000,0.000,0.000,0.000,-,-,-,0000000000000000,-,0,0,-,tick
910,4758.943,10.9351,listener,ragdoll,Proventus Avenicci,0001A67D,-,-,0.000,0.000,0.000,0.000,0.000,0.0000,0.000,-311.888,-308.942,-318.000,0.0855,0.9963,0.0000,0.000,0.000,0.000,-,-,-,0000000000000000,-,0,0,-,tick
912,4798.273,10.9352,listener,ragdoll,Proventus Avenicci,0001A67D,-,-,0.000,0.000,0.000,0.000,0.000,0.0000,0.000,-311.888,-308.942,-318.000,0.0855,0.9963,0.0000,0.000,0.000,0.000,-,-,-,0000000000000000,-,0,0,-,tick
914,4837.280,10.9353,listener,ragdoll,Proventus Avenicci,0001A67D,-,-,0.000,0.000,0.000,0.000,0.000,0.0000,0.000,-311.888,-308.942,-318.000,0.0855,0.9963,0.0000,0.000,0.000,0.000,-,-,-,0000000000000000,-,0,0,-,tick
916,4855.627,10.9353,listener,ragdoll,Proventus Avenicci,0001A67D,-,-,0.000,0.000,0.000,0.000,0.000,0.0000,0.000,-311.888,-308.942,-318.000,0.0855,0.9963,0.0000,0.000,0.000,0.000,-,-,-,0000000000000000,-,0,0,-,tick
918,4894.899,10.9355,listener,ragdoll,Proventus Avenicci,0001A67D,-,-,0.000,0.000,0.000,0.000,0.000,0.0000,0.000,-311.888,-308.942,-318.000,0.0855,0.9963,0.0000,0.000,0.000,0.000,-,-,-,0000000000000000,-,0,0,-,tick
920,4933.271,10.9356,listener,ragdoll,Proventus Avenicci,0001A67D,-,-,0.000,0.000,0.000,0.000,0.000,0.0000,0.000,-311.888,-308.942,-318.000,0.0855,0.9963,0.0000,0.000,0.000,0.000,-,-,-,0000000000000000,-,0,0,-,tick
922,4953.002,10.9356,listener,ragdoll,Proventus Avenicci,0001A67D,-,-,0.000,0.000,0.000,0.000,0.000,0.0000,0.000,-311.888,-308.942,-318.000,0.0855,0.9963,0.0000,0.000,0.000,0.000,-,-,-,0000000000000000,-,0,0,-,tick
924,4992.606,10.9357,listener,ragdoll,Proventus Avenicci,0001A67D,-,-,0.000,0.000,0.000,0.000,0.000,0.0000,0.000,-311.888,-308.942,-318.000,0.0855,0.9963,0.0000,0.000,0.000,0.000,-,-,-,0000000000000000,-,0,0,-,tick
926,5033.358,10.9358,listener,ragdoll,Proventus Avenicci,0001A67D,-,-,0.000,0.000,0.000,0.000,0.000,0.0000,0.000,-311.888,-308.942,-318.000,0.0855,0.9963,0.0000,0.000,0.000,0.000,-,-,-,0000000000000000,-,0,0,-,tick
928,5053.219,10.9359,listener,ragdoll,Proventus Avenicci,0001A67D,-,-,0.000,0.000,0.000,0.000,0.000,0.0000,0.000,-311.888,-308.942,-318.000,0.0855,0.9963,0.0000,0.000,0.000,0.000,-,-,-,0000000000000000,-,0,0,-,tick
930,5092.930,10.9360,listener,ragdoll,Proventus Avenicci,0001A67D,-,-,0.000,0.000,0.000,0.000,0.000,0.0000,0.000,-311.888,-308.942,-318.000,0.0855,0.9963,0.0000,0.000,0.000,0.000,-,-,-,0000000000000000,-,0,0,-,tick
932,5132.035,10.9361,listener,ragdoll,Proventus Avenicci,0001A67D,-,-,0.000,0.000,0.000,0.000,0.000,0.0000,0.000,-311.888,-308.942,-318.000,0.0855,0.9963,0.0000,0.000,0.000,0.000,-,-,-,0000000000000000,-,0,0,-,tick
934,5151.363,10.9362,listener,ragdoll,Proventus Avenicci,0001A67D,-,-,0.000,0.000,0.000,0.000,0.000,0.0000,0.000,-311.888,-308.942,-318.000,0.0855,0.9963,0.0000,0.000,0.000,0.000,-,-,-,0000000000000000,-,0,0,-,tick
936,5187.912,10.9363,listener,ragdoll,Proventus Avenicci,0001A67D,-,-,0.000,0.000,0.000,0.000,0.000,0.0000,0.000,-311.888,-308.942,-318.000,0.0855,0.9963,0.0000,0.000,0.000,0.000,-,-,-,0000000000000000,-,0,0,-,tick
938,5224.601,10.9364,listener,ragdoll,Proventus Avenicci,0001A67D,-,-,0.000,0.000,0.000,0.000,0.000,0.0000,0.000,-311.888,-308.942,-318.000,0.0855,0.9963,0.0000,0.000,0.000,0.000,-,-,-,0000000000000000,-,0,0,-,tick
940,5243.114,10.9364,listener,ragdoll,Proventus Avenicci,0001A67D,-,-,0.000,0.000,0.000,0.000,0.000,0.0000,0.000,-311.888,-308.942,-318.000,0.0855,0.9963,0.0000,0.000,0.000,0.000,-,-,-,0000000000000000,-,0,0,-,tick
942,5281.370,10.9365,listener,ragdoll,Proventus Avenicci,0001A67D,-,-,0.000,0.000,0.000,0.000,0.000,0.0000,0.000,-311.888,-308.942,-318.000,0.0855,0.9963,0.0000,0.000,0.000,0.000,-,-,-,0000000000000000,-,0,0,-,tick
944,5320.136,10.9366,listener,ragdoll,Proventus Avenicci,0001A67D,-,-,0.000,0.000,0.000,0.000,0.000,0.0000,0.000,-311.888,-308.942,-318.000,0.0855,0.9963,0.0000,0.000,0.000,0.000,-,-,-,0000000000000000,-,0,0,-,tick
946,5358.945,10.9367,listener,ragdoll,Proventus Avenicci,0001A67D,-,-,0.000,0.000,0.000,0.000,0.000,0.0000,0.000,-311.888,-308.942,-318.000,0.0855,0.9963,0.0000,0.000,0.000,0.000,-,-,-,0000000000000000,-,0,0,-,tick
948,5378.134,10.9368,listener,ragdoll,Proventus Avenicci,0001A67D,-,-,0.000,0.000,0.000,0.000,0.000,0.0000,0.000,-311.888,-308.942,-318.000,0.0855,0.9963,0.0000,0.000,0.000,0.000,-,-,-,0000000000000000,-,0,0,-,tick
950,5417.257,10.9369,listener,ragdoll,Proventus Avenicci,0001A67D,-,-,0.000,0.000,0.000,0.000,0.000,0.0000,0.000,-311.888,-308.942,-318.000,0.0855,0.9963,0.0000,0.000,0.000,0.000,-,-,-,0000000000000000,-,0,0,-,tick
952,5437.925,10.9369,listener,ragdoll,Proventus Avenicci,0001A67D,-,-,0.000,0.000,0.000,0.000,0.000,0.0000,0.000,-311.888,-308.942,-318.000,0.0855,0.9963,0.0000,0.000,0.000,0.000,-,-,-,0000000000000000,-,0,0,-,tick
954,5477.445,10.9371,listener,ragdoll,Proventus Avenicci,0001A67D,-,-,0.000,0.000,0.000,0.000,0.000,0.0000,0.000,-311.888,-308.942,-318.000,0.0855,0.9963,0.0000,0.000,0.000,0.000,-,-,-,0000000000000000,-,0,0,-,tick
956,5516.775,10.9372,listener,ragdoll,Proventus Avenicci,0001A67D,-,-,0.000,0.000,0.000,0.000,0.000,0.0000,0.000,-311.888,-308.942,-318.000,0.0855,0.9963,0.0000,0.000,0.000,0.000,-,-,-,0000000000000000,-,0,0,-,tick
958,5537.051,10.9372,listener,ragdoll,Proventus Avenicci,0001A67D,-,-,0.000,0.000,0.000,0.000,0.000,0.0000,0.000,-311.888,-308.942,-318.000,0.0855,0.9963,0.0000,0.000,0.000,0.000,-,-,-,0000000000000000,-,0,0,-,tick
960,5578.481,10.9373,listener,ragdoll,Proventus Avenicci,0001A67D,-,-,0.000,0.000,0.000,0.000,0.000,0.0000,0.000,-311.888,-308.942,-318.000,0.0855,0.9963,0.0000,0.000,0.000,0.000,-,-,-,0000000000000000,-,0,0,-,tick
962,5598.726,10.9374,listener,ragdoll,Proventus Avenicci,0001A67D,-,-,0.000,0.000,0.000,0.000,0.000,0.0000,0.000,-311.888,-308.942,-318.000,0.0855,0.9963,0.0000,0.000,0.000,0.000,-,-,-,0000000000000000,-,0,0,-,tick
964,5639.031,10.9375,listener,ragdoll,Proventus Avenicci,0001A67D,-,-,0.000,0.000,0.000,0.000,0.000,0.0000,0.000,-311.888,-308.942,-318.000,0.0855,0.9963,0.0000,0.000,0.000,0.000,-,-,-,0000000000000000,-,0,0,-,tick
966,5679.733,10.9376,listener,ragdoll,Proventus Avenicci,0001A67D,-,-,0.000,0.000,0.000,0.000,0.000,0.0000,0.000,-311.888,-308.942,-318.000,0.0855,0.9963,0.0000,0.000,0.000,0.000,-,-,-,0000000000000000,-,0,0,-,tick
968,5699.424,10.9377,listener,ragdoll,Proventus Avenicci,0001A67D,-,-,0.000,0.000,0.000,0.000,0.000,0.0000,0.000,-311.888,-308.942,-318.000,0.0855,0.9963,0.0000,0.000,0.000,0.000,-,-,-,0000000000000000,-,0,0,-,tick
970,5737.893,10.9378,listener,ragdoll,Proventus Avenicci,0001A67D,-,-,0.000,0.000,0.000,0.000,0.000,0.0000,0.000,-311.888,-308.942,-318.000,0.0855,0.9963,0.0000,0.000,0.000,0.000,-,-,-,0000000000000000,-,0,0,-,tick
972,5776.866,10.9379,listener,ragdoll,Proventus Avenicci,0001A67D,-,-,0.000,0.000,0.000,0.000,0.000,0.0000,0.000,-311.888,-308.942,-318.000,0.0855,0.9963,0.0000,0.000,0.000,0.000,-,-,-,0000000000000000,-,0,0,-,tick
974,5797.080,10.9379,listener,ragdoll,Proventus Avenicci,0001A67D,-,-,0.000,0.000,0.000,0.000,0.000,0.0000,0.000,-311.888,-308.942,-318.000,0.0855,0.9963,0.0000,0.000,0.000,0.000,-,-,-,0000000000000000,-,0,0,-,tick
976,5834.361,10.9381,listener,ragdoll,Proventus Avenicci,0001A67D,-,-,0.000,0.000,0.000,0.000,0.000,0.0000,0.000,-311.888,-308.942,-318.000,0.0855,0.9963,0.0000,0.000,0.000,0.000,-,-,-,0000000000000000,-,0,0,-,tick
978,5874.043,10.9382,listener,ragdoll,Proventus Avenicci,0001A67D,-,-,0.000,0.000,0.000,0.000,0.000,0.0000,0.000,-311.888,-308.942,-318.000,0.0855,0.9963,0.0000,0.000,0.000,0.000,-,-,-,0000000000000000,-,0,0,-,tick
980,5894.602,10.9382,listener,ragdoll,Proventus Avenicci,0001A67D,-,-,0.000,0.000,0.000,0.000,0.000,0.0000,0.000,-311.888,-308.942,-318.000,0.0855,0.9963,0.0000,0.000,0.000,0.000,-,-,-,0000000000000000,-,0,0,-,tick
982,5933.983,10.9383,listener,ragdoll,Proventus Avenicci,0001A67D,-,-,0.000,0.000,0.000,0.000,0.000,0.0000,0.000,-311.888,-308.942,-318.000,0.0855,0.9963,0.0000,0.000,0.000,0.000,-,-,-,0000000000000000,-,0,0,-,tick
984,5954.056,10.9384,listener,ragdoll,Proventus Avenicci,0001A67D,-,-,0.000,0.000,0.000,0.000,0.000,0.0000,0.000,-311.888,-308.942,-318.000,0.0855,0.9963,0.0000,0.000,0.000,0.000,-,-,-,0000000000000000,-,0,0,-,tick
986,5995.973,10.9385,listener,ragdoll,Proventus Avenicci,0001A67D,-,-,0.000,0.000,0.000,0.000,0.000,0.0000,0.000,-311.888,-308.942,-318.000,0.0855,0.9963,0.0000,0.000,0.000,0.000,-,-,-,0000000000000000,-,0,0,-,tick
988,6034.642,10.9386,listener,ragdoll,Proventus Avenicci,0001A67D,-,-,0.000,0.000,0.000,0.000,0.000,0.0000,0.000,-311.888,-308.942,-318.000,0.0855,0.9963,0.0000,0.000,0.000,0.000,-,-,-,0000000000000000,-,0,0,-,tick
990,6053.631,10.9387,listener,ragdoll,Proventus Avenicci,0001A67D,-,-,0.000,0.000,0.000,0.000,0.000,0.0000,0.000,-311.888,-308.942,-318.000,0.0855,0.9963,0.0000,0.000,0.000,0.000,-,-,-,0000000000000000,-,0,0,-,tick
992,6093.442,10.9388,listener,ragdoll,Proventus Avenicci,0001A67D,-,-,0.000,0.000,0.000,0.000,0.000,0.0000,0.000,-311.888,-308.942,-318.000,0.0855,0.9963,0.0000,0.000,0.000,0.000,-,-,-,0000000000000000,-,0,0,-,tick
994,6132.939,10.9389,listener,ragdoll,Proventus Avenicci,0001A67D,-,-,0.000,0.000,0.000,0.000,0.000,0.0000,0.000,-311.888,-308.942,-318.000,0.0855,0.9963,0.0000,0.000,0.000,0.000,-,-,-,0000000000000000,-,0,0,-,tick
996,6151.644,10.9389,listener,ragdoll,Proventus Avenicci,0001A67D,-,-,0.000,0.000,0.000,0.000,0.000,0.0000,0.000,-311.888,-308.942,-318.000,0.0855,0.9963,0.0000,0.000,0.000,0.000,-,-,-,0000000000000000,-,0,0,-,tick
998,6190.891,10.9390,listener,ragdoll,Proventus Avenicci,0001A67D,-,-,0.000,0.000,0.000,0.000,0.000,0.0000,0.000,-311.888,-308.942,-318.000,0.0855,0.9963,0.0000,0.000,0.000,0.000,-,-,-,0000000000000000,-,0,0,-,tick
1000,6225.631,10.9391,listener,ragdoll,Proventus Avenicci,0001A67D,-,-,0.000,0.000,0.000,0.000,0.000,0.0000,0.000,-311.888,-308.942,-318.000,0.0855,0.9963,0.0000,0.000,0.000,0.000,-,-,-,0000000000000000,-,0,0,-,tick
1002,6244.245,10.9392,listener,ragdoll,Proventus Avenicci,0001A67D,-,-,0.000,0.000,0.000,0.000,0.000,0.0000,0.000,-311.888,-308.942,-318.000,0.0855,0.9963,0.0000,0.000,0.000,0.000,-,-,-,0000000000000000,-,0,0,-,tick
1004,6282.228,10.9393,listener,ragdoll,Proventus Avenicci,0001A67D,-,-,0.000,0.000,0.000,0.000,0.000,0.0000,0.000,-311.888,-308.942,-318.000,0.0855,0.9963,0.0000,0.000,0.000,0.000,-,-,-,0000000000000000,-,0,0,-,tick
1006,6321.981,10.9394,listener,ragdoll,Proventus Avenicci,0001A67D,-,-,0.000,0.000,0.000,0.000,0.000,0.0000,0.000,-311.888,-308.942,-318.000,0.0855,0.9963,0.0000,0.000,0.000,0.000,-,-,-,0000000000000000,-,0,0,-,tick
1008,6359.525,10.9395,listener,ragdoll,Proventus Avenicci,0001A67D,-,-,0.000,0.000,0.000,0.000,0.000,0.0000,0.000,-311.888,-308.942,-318.000,0.0855,0.9963,0.0000,0.000,0.000,0.000,-,-,-,0000000000000000,-,0,0,-,tick
1010,6379.801,10.9396,listener,ragdoll,Proventus Avenicci,0001A67D,-,-,0.000,0.000,0.000,0.000,0.000,0.0000,0.000,-311.888,-308.942,-318.000,0.0855,0.9963,0.0000,0.000,0.000,0.000,-,-,-,0000000000000000,-,0,0,-,tick
1012,6420.323,10.9397,listener,ragdoll,Proventus Avenicci,0001A67D,-,-,0.000,0.000,0.000,0.000,0.000,0.0000,0.000,-311.888,-308.942,-318.000,0.0855,0.9963,0.0000,0.000,0.000,0.000,-,-,-,0000000000000000,-,0,0,-,tick
1014,6439.502,10.9397,listener,ragdoll,Proventus Avenicci,0001A67D,-,-,0.000,0.000,0.000,0.000,0.000,0.0000,0.000,-311.888,-308.942,-318.000,0.0855,0.9963,0.0000,0.000,0.000,0.000,-,-,-,0000000000000000,-,0,0,-,tick
1016,6481.272,10.9398,listener,ragdoll,Proventus Avenicci,0001A67D,-,-,0.000,0.000,0.000,0.000,0.000,0.0000,0.000,-311.888,-308.942,-318.000,0.0855,0.9963,0.0000,0.000,0.000,0.000,-,-,-,0000000000000000,-,0,0,-,tick
1018,6520.483,10.9399,listener,ragdoll,Proventus Avenicci,0001A67D,-,-,0.000,0.000,0.000,0.000,0.000,0.0000,0.000,-311.888,-308.942,-318.000,0.0855,0.9963,0.0000,0.000,0.000,0.000,-,-,-,0000000000000000,-,0,0,-,tick
1020,6539.713,10.9400,listener,ragdoll,Proventus Avenicci,0001A67D,-,-,0.000,0.000,0.000,0.000,0.000,0.0000,0.000,-311.888,-308.942,-318.000,0.0855,0.9963,0.0000,0.000,0.000,0.000,-,-,-,0000000000000000,-,0,0,-,tick
1022,6580.161,10.9401,listener,ragdoll,Proventus Avenicci,0001A67D,-,-,0.000,0.000,0.000,0.000,0.000,0.0000,0.000,-311.888,-308.942,-318.000,0.0855,0.9963,0.0000,0.000,0.000,0.000,-,-,-,0000000000000000,-,0,0,-,tick
1024,6600.274,10.9402,listener,ragdoll,Proventus Avenicci,0001A67D,-,-,0.000,0.000,0.000,0.000,0.000,0.0000,0.000,-311.888,-308.942,-318.000,0.0855,0.9963,0.0000,0.000,0.000,0.000,-,-,-,0000000000000000,-,0,0,-,tick
1026,6639.013,10.9403,listener,ragdoll,Proventus Avenicci,0001A67D,-,-,0.000,0.000,0.000,0.000,0.000,0.0000,0.000,-311.888,-308.942,-318.000,0.0855,0.9963,0.0000,0.000,0.000,0.000,-,-,-,0000000000000000,-,0,0,-,tick
1028,6678.771,10.9404,listener,ragdoll,Proventus Avenicci,0001A67D,-,-,0.000,0.000,0.000,0.000,0.000,0.0000,0.000,-311.888,-308.942,-318.000,0.0855,0.9963,0.0000,0.000,0.000,0.000,-,-,-,0000000000000000,-,0,0,-,tick
1030,6697.903,10.9404,listener,ragdoll,Proventus Avenicci,0001A67D,-,-,0.000,0.000,0.000,0.000,0.000,0.0000,0.000,-311.888,-308.942,-318.000,0.0855,0.9963,0.0000,0.000,0.000,0.000,-,-,-,0000000000000000,-,0,0,-,tick
1032,6737.077,10.9406,listener,ragdoll,Proventus Avenicci,0001A67D,-,-,0.000,0.000,0.000,0.000,0.000,0.0000,0.000,-311.888,-308.942,-318.000,0.0855,0.9963,0.0000,0.000,0.000,0.000,-,-,-,0000000000000000,-,0,0,-,tick
1034,6777.207,10.9407,listener,ragdoll,Proventus Avenicci,0001A67D,-,-,0.000,0.000,0.000,0.000,0.000,0.0000,0.000,-311.888,-308.942,-318.000,0.0855,0.9963,0.0000,0.000,0.000,0.000,-,-,-,0000000000000000,-,0,0,-,tick
1036,6796.609,10.9407,listener,ragdoll,Proventus Avenicci,0001A67D,-,-,0.000,0.000,0.000,0.000,0.000,0.0000,0.000,-311.888,-308.942,-318.000,0.0855,0.9963,0.0000,0.000,0.000,0.000,-,-,-,0000000000000000,-,0,0,-,tick
1038,6836.266,10.9408,listener,ragdoll,Proventus Avenicci,0001A67D,-,-,0.000,0.000,0.000,0.000,0.000,0.0000,0.000,-311.888,-308.942,-318.000,0.0855,0.9963,0.0000,0.000,0.000,0.000,-,-,-,0000000000000000,-,0,0,-,tick
1040,6875.526,10.9409,listener,ragdoll,Proventus Avenicci,0001A67D,-,-,0.000,0.000,0.000,0.000,0.000,0.0000,0.000,-311.888,-308.942,-318.000,0.0855,0.9963,0.0000,0.000,0.000,0.000,-,-,-,0000000000000000,-,0,0,-,tick
1042,6896.599,10.9410,listener,ragdoll,Proventus Avenicci,0001A67D,-,-,0.000,0.000,0.000,0.000,0.000,0.0000,0.000,-311.888,-308.942,-318.000,0.0855,0.9963,0.0000,0.000,0.000,0.000,-,-,-,0000000000000000,-,0,0,-,tick
1044,6935.668,10.9411,listener,ragdoll,Proventus Avenicci,0001A67D,-,-,0.000,0.000,0.000,0.000,0.000,0.0000,0.000,-311.888,-308.942,-318.000,0.0855,0.9963,0.0000,0.000,0.000,0.000,-,-,-,0000000000000000,-,0,0,-,tick
1046,6955.323,10.9412,listener,ragdoll,Proventus Avenicci,0001A67D,-,-,0.000,0.000,0.000,0.000,0.000,0.0000,0.000,-311.888,-308.942,-318.000,0.0855,0.9963,0.0000,0.000,0.000,0.000,-,-,-,0000000000000000,-,0,0,-,tick
1048,6994.208,10.9413,listener,ragdoll,Proventus Avenicci,0001A67D,-,-,0.000,0.000,0.000,0.000,0.000,0.0000,0.000,-311.888,-308.942,-318.000,0.0855,0.9963,0.0000,0.000,0.000,0.000,-,-,-,0000000000000000,-,0,0,-,tick
1050,7032.946,10.9414,listener,ragdoll,Proventus Avenicci,0001A67D,-,-,0.000,0.000,0.000,0.000,0.000,0.0000,0.000,-311.888,-308.942,-318.000,0.0855,0.9963,0.0000,0.000,0.000,0.000,-,-,-,0000000000000000,-,0,0,-,tick
1052,7052.075,10.9414,listener,ragdoll,Proventus Avenicci,0001A67D,-,-,0.000,0.000,0.000,0.000,0.000,0.0000,0.000,-311.888,-308.942,-318.000,0.0855,0.9963,0.0000,0.000,0.000,0.000,-,-,-,0000000000000000,-,0,0,-,tick
1054,7090.903,10.9415,listener,ragdoll,Proventus Avenicci,0001A67D,-,-,0.000,0.000,0.000,0.000,0.000,0.0000,0.000,-311.888,-308.942,-318.000,0.0855,0.9963,0.0000,0.000,0.000,0.000,-,-,-,0000000000000000,-,0,0,-,tick
1056,7129.632,10.9416,listener,ragdoll,Proventus Avenicci,0001A67D,-,-,0.000,0.000,0.000,0.000,0.000,0.0000,0.000,-311.888,-308.942,-318.000,0.0855,0.9963,0.0000,0.000,0.000,0.000,-,-,-,0000000000000000,-,0,0,-,tick
1058,7147.812,10.9417,listener,ragdoll,Proventus Avenicci,0001A67D,-,-,0.000,0.000,0.000,0.000,0.000,0.0000,0.000,-311.888,-308.942,-318.000,0.0855,0.9963,0.0000,0.000,0.000,0.000,-,-,-,0000000000000000,-,0,0,-,tick
1060,7184.794,10.9418,listener,ragdoll,Proventus Avenicci,0001A67D,-,-,0.000,0.000,0.000,0.000,0.000,0.0000,0.000,-311.888,-308.942,-318.000,0.0855,0.9963,0.0000,0.000,0.000,0.000,-,-,-,0000000000000000,-,0,0,-,tick
1062,7222.586,10.9419,listener,ragdoll,Proventus Avenicci,0001A67D,-,-,0.000,0.000,0.000,0.000,0.000,0.0000,0.000,-311.888,-308.942,-318.000,0.0855,0.9963,0.0000,0.000,0.000,0.000,-,-,-,0000000000000000,-,0,0,-,tick
1064,7262.105,10.9420,listener,ragdoll,Proventus Avenicci,0001A67D,-,-,0.000,0.000,0.000,0.000,0.000,0.0000,0.000,-311.888,-308.942,-318.000,0.0855,0.9963,0.0000,0.000,0.000,0.000,-,-,-,0000000000000000,-,0,0,-,tick
1066,7281.074,10.9421,listener,ragdoll,Proventus Avenicci,0001A67D,-,-,0.000,0.000,0.000,0.000,0.000,0.0000,0.000,-311.888,-308.942,-318.000,0.0855,0.9963,0.0000,0.000,0.000,0.000,-,-,-,0000000000000000,-,0,0,-,tick
1068,7320.115,10.9422,listener,ragdoll,Proventus Avenicci,0001A67D,-,-,0.000,0.000,0.000,0.000,0.000,0.0000,0.000,-311.888,-308.942,-318.000,0.0855,0.9963,0.0000,0.000,0.000,0.000,-,-,-,0000000000000000,-,0,0,-,tick
1070,7358.490,10.9423,listener,ragdoll,Proventus Avenicci,0001A67D,-,-,0.000,0.000,0.000,0.000,0.000,0.0000,0.000,-311.888,-308.942,-318.000,0.0855,0.9963,0.0000,0.000,0.000,0.000,-,-,-,0000000000000000,-,0,0,-,tick
1072,7377.928,10.9423,listener,ragdoll,Proventus Avenicci,0001A67D,-,-,0.000,0.000,0.000,0.000,0.000,0.0000,0.000,-311.888,-308.942,-318.000,0.0855,0.9963,0.0000,0.000,0.000,0.000,-,-,-,0000000000000000,-,0,0,-,tick
1074,7419.823,10.9424,listener,ragdoll,Proventus Avenicci,0001A67D,-,-,0.000,0.000,0.000,0.000,0.000,0.0000,0.000,-311.888,-308.942,-318.000,0.0855,0.9963,0.0000,0.000,0.000,0.000,-,-,-,0000000000000000,-,0,0,-,tick
1076,7438.942,10.9425,listener,ragdoll,Proventus Avenicci,0001A67D,-,-,0.000,0.000,0.000,0.000,0.000,0.0000,0.000,-311.888,-308.942,-318.000,0.0855,0.9963,0.0000,0.000,0.000,0.000,-,-,-,0000000000000000,-,0,0,-,tick
1078,7478.883,10.9426,listener,ragdoll,Proventus Avenicci,0001A67D,-,-,0.000,0.000,0.000,0.000,0.000,0.0000,0.000,-311.888,-308.942,-318.000,0.0855,0.9963,0.0000,0.000,0.000,0.000,-,-,-,0000000000000000,-,0,0,-,tick
1080,7516.403,10.9427,listener,ragdoll,Proventus Avenicci,0001A67D,-,-,0.000,0.000,0.000,0.000,0.000,0.0000,0.000,-311.888,-308.942,-318.000,0.0855,0.9963,0.0000,0.000,0.000,0.000,-,-,-,0000000000000000,-,0,0,-,tick
1082,7536.401,10.9428,listener,ragdoll,Proventus Avenicci,0001A67D,-,-,0.000,0.000,0.000,0.000,0.000,0.0000,0.000,-311.888,-308.942,-318.000,0.0855,0.9963,0.0000,0.000,0.000,0.000,-,-,-,0000000000000000,-,0,0,-,tick
1084,7576.147,10.9429,listener,ragdoll,Proventus Avenicci,0001A67D,-,-,0.000,0.000,0.000,0.000,0.000,0.0000,0.000,-311.888,-308.942,-318.000,0.0855,0.9963,0.0000,0.000,0.000,0.000,-,-,-,0000000000000000,-,0,0,-,tick
1086,7616.473,10.9430,listener,ragdoll,Proventus Avenicci,0001A67D,-,-,0.000,0.000,0.000,0.000,0.000,0.0000,0.000,-311.888,-308.942,-318.000,0.0855,0.9963,0.0000,0.000,0.000,0.000,-,-,-,0000000000000000,-,0,0,-,tick
1088,7634.838,10.9430,listener,ragdoll,Proventus Avenicci,0001A67D,-,-,0.000,0.000,0.000,0.000,0.000,0.0000,0.000,-311.888,-308.942,-318.000,0.0855,0.9963,0.0000,0.000,0.000,0.000,-,-,-,0000000000000000,-,0,0,-,tick
1090,7675.650,10.9432,listener,ragdoll,Proventus Avenicci,0001A67D,-,-,0.000,0.000,0.000,0.000,0.000,0.0000,0.000,-311.888,-308.942,-318.000,0.0855,0.9963,0.0000,0.000,0.000,0.000,-,-,-,0000000000000000,-,0,0,-,tick
1092,7714.963,10.9433,listener,ragdoll,Proventus Avenicci,0001A67D,-,-,0.000,0.000,0.000,0.000,0.000,0.0000,0.000,-311.888,-308.942,-318.000,0.0855,0.9963,0.0000,0.000,0.000,0.000,-,-,-,0000000000000000,-,0,0,-,tick
1094,7734.423,10.9433,listener,ragdoll,Proventus Avenicci,0001A67D,-,-,0.000,0.000,0.000,0.000,0.000,0.0000,0.000,-311.888,-308.942,-318.000,0.0855,0.9963,0.0000,0.000,0.000,0.000,-,-,-,0000000000000000,-,0,0,-,tick
1096,7772.885,10.9434,listener,ragdoll,Proventus Avenicci,0001A67D,-,-,0.000,0.000,0.000,0.000,0.000,0.0000,0.000,-311.888,-308.942,-318.000,0.0855,0.9963,0.0000,0.000,0.000,0.000,-,-,-,0000000000000000,-,0,0,-,tick
1098,7793.063,10.9435,listener,ragdoll,Proventus Avenicci,0001A67D,-,-,0.000,0.000,0.000,0.000,0.000,0.0000,0.000,-311.888,-308.942,-318.000,0.0855,0.9963,0.0000,0.000,0.000,0.000,-,-,-,0000000000000000,-,0,0,-,tick
0,7825.414,10.9435,state,animated,Proventus Avenicci,0001A67D,-,-,0.000,0.000,0.000,0.000,0.000,0.0000,0.000,0.000,0.000,0.000,0.0000,0.0000,0.0000,0.000,0.000,0.000,-,-,-,0000000000000000,-,0,0,0,session_stop
