seq,t_ms,game_hour,event,phase,actor,actor_id,limb,limb_index,impact_speed,normal_speed,tangent_speed,body_speed,angular_speed,mass,limb_radius,pos_x,pos_y,pos_z,nrm_x,nrm_y,nrm_z,vel_x,vel_y,vel_z,other_layer,other_material,material_source,other_body,other_limb,manifold_first,manifold_last,dropped,state
1,4676.487,0.0000,state,unknown,Vicar Amelia,EA5EE489,-,-,0.000,0.000,0.000,0.000,0.000,0.0000,0.000,0.000,0.000,0.000,0.0000,0.0000,0.0000,0.000,0.000,0.000,-,-,-,0000000000000000,-,0,0,0,ragdoll_start
2,4705.098,0.0000,impact,ragdoll,Vicar Amelia,EA5EE489,NPC L Foot [Lft ],7,23.471,29.437,24.332,39.107,1.591,3.6000,12.013,-922.220,497.331,-319.650,0.0000,0.0000,1.0000,-12.833,-14.966,-33.774,Static,Wood,shape,00000226D82BD000,-,0,0,0,-
3,4705.110,0.0000,impact,ragdoll,Vicar Amelia,EA5EE489,NPC R Foot [Rft ],8,24.267,31.448,20.894,38.002,0.707,3.6000,12.013,-936.956,504.403,-319.650,0.0000,0.0000,1.0000,-15.477,-13.070,-32.152,Static,Wood,shape,00000226D82BD000,-,0,0,0,-
4,4705.482,0.0000,impact,ragdoll,Vicar Amelia,EA5EE489,NPC R Calf [RClf],4,5.716,5.716,11.484,57.787,1.581,7.2000,23.610,-922.393,508.400,-310.767,-0.9073,0.4205,-0.0025,-22.263,-29.754,-44.255,-,Skin,shape,00000227A34A2800,5,0,1,0,-
5,4705.482,0.0000,impact,ragdoll,Vicar Amelia,EA5EE489,NPC L Calf [LClf],5,5.716,5.716,11.484,60.403,1.442,7.2000,23.610,-922.393,508.400,-310.767,-0.9073,0.4205,-0.0025,-25.887,-24.224,-48.904,-,Skin,shape,00000227A34A1F00,4,0,1,0,-
6,4705.752,0.0000,impact,ragdoll,Vicar Amelia,EA5EE489,NPC R Foot [Rft ],8,16.908,31.207,33.371,42.572,4.222,3.6000,12.013,-937.158,504.261,-319.650,-0.0000,0.0000,1.0000,-25.104,-6.238,-33.812,Static,Wood,shape,00000226D82BD000,-,0,0,0,-
7,4705.755,0.0000,impact,ragdoll,Vicar Amelia,EA5EE489,NPC L Foot [Lft ],7,12.907,26.212,30.107,37.986,4.885,3.6000,12.013,-922.307,497.131,-319.650,0.0000,0.0000,1.0000,-3.175,-18.435,-33.060,Static,Wood,shape,00000226D82BD000,-,0,0,0,-
8,4705.757,0.0000,impact,ragdoll,Vicar Amelia,EA5EE489,NPC L Foot [Lft ],7,25.395,26.871,46.175,15.696,7.722,3.6000,12.013,-918.001,504.080,-319.650,-0.0000,0.0000,1.0000,-2.124,-15.551,0.107,Static,Wood,shape,00000226D82BD000,-,0,1,0,-
9,4728.875,0.0000,impact,ragdoll,Vicar Amelia,EA5EE489,NPC L Calf [LClf],5,43.254,43.254,32.949,62.416,2.150,7.2000,23.610,-916.654,505.976,-319.650,-0.0000,0.0000,1.0000,-31.538,-23.098,-48.658,Static,Wood,shape,00000226D82BD000,-,1,1,0,-
10,4729.191,0.0000,impact,ragdoll,Vicar Amelia,EA5EE489,NPC L Foot [Lft ],7,26.379,6.419,52.147,42.251,10.912,3.6000,12.013,-918.151,504.013,-319.650,0.0000,-0.0000,1.0000,25.496,2.887,-33.567,Static,Wood,shape,00000226D82BD000,-,0,0,0,-
11,4729.202,0.0000,impact,ragdoll,Vicar Amelia,EA5EE489,NPC R Foot [Rft ],8,30.232,48.211,39.628,56.511,7.641,3.6000,12.013,-937.569,504.248,-319.650,0.0000,0.0000,1.0000,-32.143,1.828,-46.444,Static,Wood,shape,00000226D82BD000,-,0,0,0,-
12,4729.205,0.0000,impact,ragdoll,Vicar Amelia,EA5EE489,NPC L Foot [Lft ],7,16.304,16.273,59.028,30.174,11.626,3.6000,12.013,-921.751,496.761,-319.650,0.0000,-0.0000,1.0000,23.216,-2.614,19.096,Static,Wood,shape,00000226D82BD000,-,0,0,0,-
13,4729.781,0.0000,impact,ragdoll,Vicar Amelia,EA5EE489,NPC R Calf [RClf],4,35.964,35.964,16.838,60.654,1.880,7.2000,23.610,-934.229,513.786,-319.650,0.0000,-0.0000,1.0000,-15.379,-36.775,-45.715,Static,Wood,shape,00000226D82BD000,-,1,1,0,-
14,4729.787,0.0000,impact,ragdoll,Vicar Amelia,EA5EE489,NPC R Foot [Rft ],8,15.980,15.980,47.486,30.810,10.429,3.6000,12.013,-934.941,511.923,-319.650,-0.0000,-0.0000,1.0000,-28.275,5.707,10.828,Static,Wood,shape,00000226D82BD000,-,0,1,0,-
15,4730.140,0.0000,impact,ragdoll,Vicar Amelia,EA5EE489,NPC R Foot [Rft ],8,27.821,42.217,70.532,50.438,6.407,3.6000,12.013,-938.472,504.473,-319.650,0.0000,-0.0000,1.0000,-31.246,28.910,-27.053,Static,Wood,shape,00000226D82BD000,-,0,0,0,-
16,4754.256,0.0000,impact,ragdoll,Vicar Amelia,EA5EE489,NPC L Foot [Lft ],7,59.669,25.602,63.905,37.192,5.422,3.6000,12.013,-921.078,496.496,-319.650,0.0000,-0.0000,1.0000,33.908,-5.769,-14.149,Static,Wood,shape,00000226D82BD000,-,0,0,0,-
17,4754.275,0.0000,impact,ragdoll,Vicar Amelia,EA5EE489,NPC R Foot [Rft ],8,32.518,58.922,78.414,59.230,7.926,3.6000,12.013,-939.093,504.792,-319.650,0.0000,0.0000,1.0000,-43.593,4.003,-39.898,Static,Wood,shape,00000226D82BD000,-,0,0,0,-
18,4754.960,0.0000,impact,ragdoll,Vicar Amelia,EA5EE489,NPC L Foot [Lft ],7,15.556,14.468,74.655,58.854,10.779,3.6000,12.013,-917.969,504.309,-319.650,-0.0000,0.0000,1.0000,17.177,10.642,-55.276,Static,Wood,shape,00000226D82BD000,-,0,0,0,-
19,4754.965,0.0000,impact,ragdoll,Vicar Amelia,EA5EE489,NPC R Foot [Rft ],8,30.453,60.383,79.533,57.945,8.134,3.6000,12.013,-939.907,504.968,-319.650,0.0000,0.0000,1.0000,-42.278,8.793,-38.637,Static,Wood,shape,00000226D82BD000,-,0,0,0,-
20,4754.968,0.0000,impact,ragdoll,Vicar Amelia,EA5EE489,NPC L Foot [Lft ],7,27.818,27.996,51.393,11.013,8.218,3.6000,12.013,-920.744,496.668,-319.650,0.0000,-0.0000,1.0000,10.190,1.989,3.675,Static,Wood,shape,00000226D82BD000,-,0,0,0,-
21,4778.610,0.0000,impact,ragdoll,Vicar Amelia,EA5EE489,NPC L Foot [Lft ],7,51.880,31.788,56.158,24.367,7.010,3.6000,12.013,-920.735,496.662,-319.650,-0.0000,0.0000,1.0000,20.413,11.545,-6.616,Static,Wood,shape,00000226D82BD000,-,0,0,0,-
22,4778.622,0.0000,impact,ragdoll,Vicar Amelia,EA5EE489,NPC R Foot [Rft ],8,39.848,72.592,81.854,57.272,9.704,3.6000,12.013,-940.295,505.101,-319.650,0.0000,0.0000,1.0000,-37.262,13.757,-41.259,Static,Wood,shape,00000226D82BD000,-,0,0,0,-
23,4779.084,0.0000,impact,ragdoll,Vicar Amelia,EA5EE489,NPC R Hand [RHnd],17,17.509,17.509,27.693,102.221,3.805,4.8000,10.000,-938.746,510.826,-251.885,-0.4470,0.8074,0.3850,-16.676,-40.504,-92.361,-,Skin,shape,00000227A34A2200,2,1,1,0,-
24,4779.084,0.0000,impact,ragdoll,Vicar Amelia,EA5EE489,NPC R Thigh [RThg],2,17.509,17.509,27.693,100.491,2.310,7.2000,24.584,-938.746,510.826,-251.885,-0.4470,0.8074,0.3850,-48.189,-72.234,-50.582,-,Skin,shape,00000227A345B400,17,1,1,0,-
25,4779.371,0.0000,impact,ragdoll,Vicar Amelia,EA5EE489,NPC L Foot [Lft ],7,75.221,99.353,95.930,52.026,13.637,3.6000,12.013,-920.582,496.755,-319.650,0.0000,-0.0000,1.0000,17.561,10.905,-47.743,Static,Wood,shape,00000226D82BD000,-,0,0,0,-
26,4803.751,0.0000,impact,ragdoll,Vicar Amelia,EA5EE489,NPC R Foot [Rft ],8,47.445,14.631,63.848,31.061,7.155,3.6000,12.013,-941.289,505.499,-319.650,-0.0000,0.0000,1.0000,-26.902,13.829,7.062,Static,Wood,shape,00000226D82BD000,-,0,0,0,-
27,4803.761,0.0000,impact,ragdoll,Vicar Amelia,EA5EE489,NPC L Foot [Lft ],7,37.739,67.368,91.204,27.193,12.109,3.6000,12.013,-920.546,496.851,-319.650,-0.0000,0.0000,1.0000,13.396,15.332,-18.026,Static,Wood,shape,00000226D82BD000,-,0,0,0,-
28,4828.304,0.0000,impact,ragdoll,Vicar Amelia,EA5EE489,NPC L Foot [Lft ],7,42.893,34.998,90.199,19.680,10.712,3.6000,12.013,-920.237,497.180,-319.650,-0.0000,0.0000,1.0000,13.636,12.649,6.431,Static,Wood,shape,00000226D82BD000,-,0,0,0,-
29,4828.320,0.0000,impact,ragdoll,Vicar Amelia,EA5EE489,NPC R Foot [Rft ],8,60.589,60.149,77.803,26.869,10.398,3.6000,12.013,-941.546,505.741,-319.650,0.0000,-0.0000,1.0000,-4.358,17.926,-19.535,Static,Wood,shape,00000226D82BD000,-,0,0,0,-
30,4852.930,0.0000,impact,ragdoll,Vicar Amelia,EA5EE489,NPC R Foot [Rft ],8,27.858,26.052,60.124,13.695,8.002,3.6000,12.013,-941.658,506.020,-319.650,-0.0000,0.0000,1.0000,-7.562,10.559,4.346,Static,Wood,shape,00000226D82BD000,-,0,0,0,-
31,4878.390,0.0000,impact,ragdoll,Vicar Amelia,EA5EE489,NPC R Foot [Rft ],8,18.444,17.482,58.428,16.497,7.421,3.6000,12.013,-941.791,506.348,-319.650,-0.0000,0.0000,1.0000,-10.542,8.902,9.041,Static,Wood,shape,00000226D82BD000,-,0,0,0,-
32,4879.065,0.0000,impact,ragdoll,Vicar Amelia,EA5EE489,NPC L Foot [Lft ],7,17.385,14.499,100.281,21.939,10.539,3.6000,12.013,-918.942,498.350,-319.650,0.0000,-0.0000,1.0000,18.174,0.873,12.259,Static,Wood,shape,00000226D82BD000,-,0,0,0,-
33,4928.164,0.0000,impact,ragdoll,Vicar Amelia,EA5EE489,NPC R Foot [Rft ],8,17.685,17.987,56.194,18.372,7.444,3.6000,12.013,-942.402,507.180,-319.650,0.0000,0.0000,1.0000,-18.264,0.827,1.809,Static,Wood,shape,00000226D82BD000,-,0,0,0,-
34,4954.147,0.0000,impact,ragdoll,Vicar Amelia,EA5EE489,NPC R Foot [Rft ],8,18.761,26.279,47.345,46.337,3.198,3.6000,12.013,-942.829,507.263,-319.650,0.0000,0.0000,1.0000,-36.117,-16.674,-23.761,Static,Wood,shape,00000226D82BD000,-,0,0,0,-
35,4955.066,0.0000,impact,ragdoll,Vicar Amelia,EA5EE489,NPC R Foot [Rft ],8,22.313,7.989,165.043,81.412,11.035,3.6000,12.013,-943.541,507.026,-319.650,0.0000,-0.0000,1.0000,-70.050,-31.416,-27.090,Static,Wood,shape,00000226D82BD000,-,0,0,0,-
36,4979.320,0.0000,impact,ragdoll,Vicar Amelia,EA5EE489,NPC L Foot [Lft ],7,18.017,11.138,239.446,67.075,20.915,3.6000,12.013,-915.639,499.283,-319.650,0.0000,0.0000,1.0000,61.009,25.222,-11.868,Static,Wood,shape,00000226D82BD000,-,0,0,0,-
37,4979.331,0.0000,impact,ragdoll,Vicar Amelia,EA5EE489,NPC R Foot [Rft ],8,21.259,1.961,162.643,56.354,13.657,3.6000,12.013,-944.282,507.025,-319.650,-0.0000,0.0000,1.0000,-50.057,7.778,-24.690,Static,Wood,shape,00000226D82BD000,-,0,0,0,-
38,4980.000,0.0000,impact,ragdoll,Vicar Amelia,EA5EE489,NPC R Foot [Rft ],8,18.939,-0.186,136.733,50.947,12.242,3.6000,12.013,-944.597,507.443,-319.650,0.0000,0.0000,1.0000,-5.203,47.722,-17.062,Static,Wood,shape,00000226D82BD000,-,0,0,0,-
39,4980.005,0.0000,impact,ragdoll,Vicar Amelia,EA5EE489,NPC L Foot [Lft ],7,62.563,12.107,63.399,24.114,5.865,3.6000,12.013,-915.118,499.399,-319.650,0.0000,-0.0000,1.0000,6.488,11.718,-20.051,Static,Wood,shape,00000226D82BD000,-,0,0,0,-
40,5005.084,0.0000,impact,ragdoll,Vicar Amelia,EA5EE489,NPC L Foot [Lft ],7,19.557,6.572,139.965,51.858,11.147,3.6000,12.013,-914.978,499.642,-319.650,-0.0000,0.0000,1.0000,15.726,45.045,-20.320,Static,Wood,shape,00000226D82BD000,-,0,0,0,-
41,5005.092,0.0000,impact,ragdoll,Vicar Amelia,EA5EE489,NPC R Foot [Rft ],8,18.866,-0.594,147.300,76.802,11.069,3.6000,12.013,-944.571,508.282,-319.650,0.0000,-0.0000,1.0000,22.449,72.862,-9.262,Static,Wood,shape,00000226D82BD000,-,0,0,0,-
42,5006.043,0.0000,impact,ragdoll,Vicar Amelia,EA5EE489,NPC L Foot [Lft ],7,28.520,0.729,201.349,93.677,12.851,3.6000,12.013,-914.516,500.546,-319.650,0.0000,-0.0000,1.0000,38.387,83.085,-19.965,Static,Wood,shape,00000226D82BD000,-,0,0,0,-
43,5006.053,0.0000,impact,ragdoll,Vicar Amelia,EA5EE489,NPC R Foot [Rft ],8,15.974,-0.040,198.057,111.109,12.401,3.6000,12.013,-944.272,509.469,-319.650,-0.0000,-0.0000,1.0000,38.624,104.176,0.902,Static,Wood,shape,00000226D82BD000,-,0,0,0,-
44,5029.585,0.0000,impact,ragdoll,Vicar Amelia,EA5EE489,NPC R Calf [RClf],4,171.751,171.751,136.154,122.778,5.795,7.2000,23.610,-951.849,482.326,-319.650,0.0000,0.0000,1.0000,23.663,67.574,-99.740,Static,Wood,shape,00000226D82BD000,-,1,1,0,-
45,5029.911,0.0000,impact,ragdoll,Vicar Amelia,EA5EE489,NPC L Foot [Lft ],7,19.620,1.936,201.475,102.390,11.572,3.6000,12.013,-914.151,501.557,-319.650,-0.0000,0.0000,1.0000,34.608,94.928,-16.574,Static,Wood,shape,00000226D82BD000,-,0,0,0,-
46,5029.918,0.0000,impact,ragdoll,Vicar Amelia,EA5EE489,NPC R Foot [Rft ],8,13.444,-2.409,244.439,118.574,15.558,3.6000,12.013,-943.709,511.029,-319.650,0.0000,-0.0000,1.0000,48.250,106.337,20.594,Static,Wood,shape,00000226D82BD000,-,0,0,0,-
47,5030.799,0.0000,impact,ragdoll,Vicar Amelia,EA5EE489,NPC L Foot [Lft ],7,14.732,5.666,223.516,117.268,12.640,3.6000,12.013,-913.895,502.444,-319.650,0.0000,0.0000,1.0000,44.451,107.778,-12.645,Static,Wood,shape,00000226D82BD000,-,0,0,0,-
48,5054.877,0.0000,impact,ragdoll,Vicar Amelia,EA5EE489,NPC L Calf [LClf],5,183.479,183.479,104.620,133.073,4.566,7.2000,23.610,-935.084,470.657,-319.650,0.0000,0.0000,1.0000,46.177,45.189,-116.336,Static,Wood,shape,00000226D82BD000,-,1,1,0,-
49,5055.192,0.0000,impact,ragdoll,Vicar Amelia,EA5EE489,NPC R Foot [Rft ],8,7.437,-1.618,62.754,32.325,8.247,3.6000,12.013,-942.993,512.655,-319.650,-0.0000,0.0000,1.0000,-12.267,21.015,21.278,Static,Wood,shape,00000226D82BD000,-,0,0,0,-
50,5055.201,0.0000,impact,ragdoll,Vicar Amelia,EA5EE489,NPC L Foot [Lft ],7,23.545,2.146,184.039,93.311,12.091,3.6000,12.013,-913.462,503.905,-319.650,-0.0000,-0.0000,1.0000,29.876,87.818,-10.117,Static,Wood,shape,00000226D82BD000,-,0,0,0,-
51,5079.050,0.0000,impact,ragdoll,Vicar Amelia,EA5EE489,NPC R Hand [RHnd],17,208.200,208.200,133.054,188.690,5.441,4.8000,10.000,-941.564,510.397,-299.983,-0.4535,0.2790,0.8465,-28.696,-4.172,-186.448,-,Skin,shape,00000227A34A1F00,4,1,1,0,-
52,5079.051,0.0000,impact,ragdoll,Vicar Amelia,EA5EE489,NPC R Calf [RClf],4,208.200,208.200,133.054,40.468,2.465,7.2000,23.610,-941.564,510.397,-299.983,-0.4535,0.2790,0.8465,-36.521,4.831,16.750,-,Skin,shape,00000227A345B400,17,1,1,0,-
53,5079.408,0.0000,impact,ragdoll,Vicar Amelia,EA5EE489,NPC R Foot [Rft ],8,6.728,0.011,57.960,44.204,10.515,3.6000,12.013,-943.174,512.427,-319.650,-0.0000,0.0000,1.0000,27.834,-24.700,-23.858,Static,Wood,shape,00000226D82BD000,-,0,0,0,-
54,5079.419,0.0000,impact,ragdoll,Vicar Amelia,EA5EE489,NPC L Foot [Lft ],7,6.588,1.735,98.154,39.005,8.914,3.6000,12.013,-913.636,504.744,-319.650,-0.0000,0.0000,1.0000,14.128,36.231,3.012,Static,Wood,shape,00000226D82BD000,-,0,0,0,-
55,5080.003,0.0000,impact,ragdoll,Vicar Amelia,EA5EE489,NPC L Hand [LHnd],16,136.725,136.725,81.646,124.020,7.488,4.8000,10.000,-917.978,495.167,-301.169,0.2963,-0.2652,0.9175,-17.152,8.976,-122.500,-,Skin,shape,00000227A34A2800,5,1,1,0,-
56,5080.004,0.0000,impact,ragdoll,Vicar Amelia,EA5EE489,NPC L Calf [LClf],5,136.725,136.725,81.646,31.341,1.981,7.2000,23.610,-917.978,495.167,-301.169,0.2963,-0.2652,0.9175,28.768,-8.311,9.250,-,Skin,shape,00000227A345AB00,16,1,1,0,-
57,5080.346,0.0000,impact,ragdoll,Vicar Amelia,EA5EE489,NPC R Foot [Rft ],8,11.451,1.590,118.506,67.332,7.091,3.6000,12.013,-942.264,512.085,-319.650,0.0000,0.0000,1.0000,57.855,-31.678,13.526,Static,Wood,shape,00000226D82BD000,-,0,0,0,-
58,5102.187,0.0000,impact,ragdoll,Vicar Amelia,EA5EE489,NPC R Hand [RHnd],17,18.429,18.429,297.050,171.545,6.238,4.8000,10.000,-941.670,509.959,-301.114,-0.6487,0.3442,0.6788,-113.468,20.062,-127.083,-,Skin,shape,00000227A34A1F00,4,1,1,0,-
59,5102.187,0.0000,impact,ragdoll,Vicar Amelia,EA5EE489,NPC R Calf [RClf],4,18.429,18.429,297.050,36.542,2.065,7.2000,23.610,-941.670,509.959,-301.114,-0.6487,0.3442,0.6788,6.999,-24.885,25.829,-,Skin,shape,00000227A345B400,17,1,1,0,-
60,5102.499,0.0000,impact,ragdoll,Vicar Amelia,EA5EE489,NPC L Foot [Lft ],7,16.574,4.405,111.421,56.017,7.491,3.6000,12.013,-913.000,506.802,-319.650,0.0000,-0.0000,1.0000,15.230,49.250,-21.919,Static,Wood,shape,00000226D82BD000,-,0,0,0,-
61,5103.210,0.0000,impact,ragdoll,Vicar Amelia,EA5EE489,NPC R Calf [RClf],4,7.196,0.404,22.666,38.593,3.530,7.2000,23.610,-953.377,482.413,-319.650,0.0000,-0.0000,1.0000,-24.054,-24.462,17.675,Static,Wood,shape,00000226D82BD000,-,0,0,0,-
62,5123.836,0.0000,impact,ragdoll,Vicar Amelia,EA5EE489,NPC R Calf [RClf],4,5.098,-0.032,22.634,37.718,2.009,7.2000,23.610,-953.636,482.267,-319.650,-0.0000,0.0000,1.0000,-25.449,-23.753,14.518,Static,Wood,shape,00000226D82BD000,-,0,0,0,-
63,5182.916,0.0000,impact,ragdoll,Vicar Amelia,EA5EE489,NPC R Calf [RClf],4,44.202,44.202,9.504,26.771,1.829,7.2000,23.610,-925.373,499.333,-307.019,-0.8553,0.4019,0.3271,22.550,-14.116,2.992,-,Skin,shape,00000227A34A2800,5,1,1,0,-
64,5182.917,0.0000,impact,ragdoll,Vicar Amelia,EA5EE489,NPC L Calf [LClf],5,44.202,44.202,9.504,7.092,0.335,7.2000,23.610,-925.373,499.333,-307.019,-0.8553,0.4019,0.3271,-3.087,-3.946,5.020,-,Skin,shape,00000227A34A1F00,4,1,1,0,-
65,5200.150,0.0000,impact,ragdoll,Vicar Amelia,EA5EE489,NPC L Hand [LHnd],16,30.599,30.599,104.114,73.116,6.250,4.8000,10.000,-919.804,490.546,-304.019,0.3380,-0.3107,0.8884,-30.304,-54.519,-38.147,-,Skin,shape,00000227A34A2800,5,1,1,0,-
66,5200.151,0.0000,impact,ragdoll,Vicar Amelia,EA5EE489,NPC L Calf [LClf],5,30.599,30.599,104.114,9.105,1.135,7.2000,23.610,-919.804,490.546,-304.019,0.3380,-0.3107,0.8884,3.577,-8.335,0.801,-,Skin,shape,00000227A345AB00,16,1,1,0,-
67,5235.994,0.0000,impact,ragdoll,Vicar Amelia,EA5EE489,NPC R Hand [RHnd],17,152.735,152.735,119.398,199.088,7.364,4.8000,10.000,-968.373,512.710,-319.650,0.0000,-0.0000,1.0000,-127.009,-13.410,-152.725,Static,Wood,shape,00000226D82BD000,-,1,1,0,-
68,5274.417,0.0000,impact,ragdoll,Vicar Amelia,EA5EE489,NPC R Calf [RClf],4,24.071,24.071,40.695,8.828,0.729,7.2000,23.610,-922.297,502.085,-307.876,-0.9554,0.1767,0.2369,8.511,2.343,-0.122,-,Skin,shape,00000227A34A2500,7,1,1,0,-
69,5274.418,0.0000,impact,ragdoll,Vicar Amelia,EA5EE489,NPC L Foot [Lft ],7,24.071,24.071,40.695,43.981,1.248,3.6000,12.013,-922.297,502.085,-307.876,-0.9554,0.1767,0.2369,-13.552,-41.815,-1.454,-,Skin,shape,00000227A34A1F00,4,1,1,0,-
70,5274.687,0.0000,impact,ragdoll,Vicar Amelia,EA5EE489,NPC R Calf [RClf],4,7.867,1.731,4.767,7.260,0.290,7.2000,23.610,-953.293,481.375,-319.650,-0.0000,0.0000,1.0000,2.108,-5.840,-3.761,Static,Wood,shape,00000226D82BD000,-,0,0,0,-
71,5293.094,0.0000,impact,ragdoll,Vicar Amelia,EA5EE489,NPC R Forearm [RLar],15,72.917,72.917,83.421,103.918,3.256,7.2000,13.989,-968.704,514.888,-319.650,0.0000,0.0000,1.0000,-45.918,-38.120,-85.072,Static,Wood,shape,00000226D82BD000,-,1,1,0,-
72,5293.945,0.0000,impact,ragdoll,Vicar Amelia,EA5EE489,NPC R Foot [Rft ],8,17.876,17.876,27.644,11.777,2.043,3.6000,12.013,-924.637,499.704,-308.117,-0.7485,0.6578,0.0839,7.257,-8.594,3.489,-,Skin,shape,00000227A34A2800,5,1,1,0,-
73,5293.946,0.0000,impact,ragdoll,Vicar Amelia,EA5EE489,NPC L Calf [LClf],5,17.876,17.876,27.644,7.807,0.697,7.2000,23.610,-924.637,499.704,-308.117,-0.7485,0.6578,0.0839,-2.361,-0.460,7.427,-,Skin,shape,00000227A34A1C00,8,1,1,0,-
74,5293.953,0.0000,impact,ragdoll,Vicar Amelia,EA5EE489,NPC L Hand [LHnd],16,102.758,102.758,144.639,125.012,14.948,4.8000,10.000,-929.477,470.807,-305.452,0.6902,0.6087,0.3914,-48.478,-111.376,-29.550,-,Skin,shape,00000227A34A2B00,1,1,1,0,-
75,5293.953,0.0000,impact,ragdoll,Vicar Amelia,EA5EE489,NPC L Thigh [LThg],1,102.758,102.758,144.639,30.142,1.892,7.2000,24.585,-929.477,470.807,-305.452,0.6902,0.6087,0.3914,-7.765,-19.791,21.367,-,Skin,shape,00000227A345AB00,16,1,1,0,-
76,5294.333,0.0000,impact,ragdoll,Vicar Amelia,EA5EE489,NPC L Calf [LClf],5,6.416,0.840,33.229,39.502,1.863,7.2000,23.610,-933.564,468.324,-319.650,0.0000,0.0000,1.0000,-24.988,-29.776,7.026,Static,Wood,shape,00000226D82BD000,-,0,0,0,-
77,5333.414,0.0000,impact,ragdoll,Vicar Amelia,EA5EE489,NPC L Calf [LClf],5,8.354,6.438,1.043,32.643,2.669,7.2000,23.610,-933.761,468.003,-319.650,0.0000,-0.0000,1.0000,-17.197,-13.992,23.959,Static,Wood,shape,00000226D82BD000,-,0,0,0,-
78,5333.916,0.0000,impact,ragdoll,Vicar Amelia,EA5EE489,NPC L Calf [LClf],5,7.444,0.908,13.482,48.722,4.298,7.2000,23.610,-933.923,467.944,-319.650,-0.0000,0.0000,1.0000,-27.710,-24.956,31.356,Static,Wood,shape,00000226D82BD000,-,0,0,0,-
79,5354.216,0.0000,impact,ragdoll,Vicar Amelia,EA5EE489,NPC L Calf [LClf],5,12.019,0.281,25.913,56.680,2.150,7.2000,23.610,-934.202,467.806,-319.650,0.0000,0.0000,1.0000,-28.418,-37.856,31.176,Static,Wood,shape,00000226D82BD000,-,0,0,0,-
80,5376.591,0.0000,impact,ragdoll,Vicar Amelia,EA5EE489,NPC R Calf [RClf],4,8.179,2.019,3.545,15.804,1.805,7.2000,23.610,-953.740,481.396,-319.650,0.0000,-0.0000,1.0000,-1.361,-13.486,8.127,Static,Wood,shape,00000226D82BD000,-,0,0,0,-
81,5673.123,0.0000,impact,ragdoll,Vicar Amelia,EA5EE489,NPC R Hand [RHnd],17,35.730,35.730,51.695,36.879,4.781,4.8000,10.000,-947.223,497.032,-310.804,-0.6505,0.7189,-0.2450,34.125,-13.979,-0.349,-,Skin,shape,00000227A34A1F00,4,1,1,0,-
82,5673.124,0.0000,impact,ragdoll,Vicar Amelia,EA5EE489,NPC R Calf [RClf],4,35.730,35.730,51.695,4.777,0.635,7.2000,23.610,-947.223,497.032,-310.804,-0.6505,0.7189,-0.2450,-0.448,3.153,-3.560,-,Skin,shape,00000227A345B400,17,1,1,0,-
83,5862.742,0.0000,impact,ragdoll,Vicar Amelia,EA5EE489,NPC L Hand [LHnd],16,72.677,72.677,95.327,93.173,4.774,4.8000,10.000,-917.547,494.156,-303.943,0.7988,-0.1395,0.5853,-27.412,58.612,-67.041,-,Skin,shape,00000227A34A2800,5,1,1,0,-
84,5862.742,0.0000,impact,ragdoll,Vicar Amelia,EA5EE489,NPC L Calf [LClf],5,72.677,72.677,95.327,3.517,0.394,7.2000,23.610,-917.547,494.156,-303.943,0.7988,-0.1395,0.5853,3.251,-1.339,-0.053,-,Skin,shape,00000227A345AB00,16,1,1,0,-
85,5900.745,0.0000,impact,ragdoll,Vicar Amelia,EA5EE489,NPC L Hand [LHnd],16,48.698,48.698,30.051,58.715,5.274,4.8000,10.000,-916.900,498.309,-305.499,0.7538,-0.3644,0.5468,-7.210,24.728,-52.764,-,Skin,shape,00000227A34A2500,7,1,1,0,-
86,5900.745,0.0000,impact,ragdoll,Vicar Amelia,EA5EE489,NPC L Foot [Lft ],7,48.698,48.698,30.051,8.341,2.632,3.6000,12.013,-916.900,498.309,-305.499,0.7538,-0.3644,0.5468,-6.542,-4.445,2.649,-,Skin,shape,00000227A345AB00,16,1,1,0,-
87,5977.737,0.0000,impact,ragdoll,Vicar Amelia,EA5EE489,NPC R Forearm [RLar],15,21.571,21.571,8.311,46.428,2.839,7.2000,13.989,-955.716,512.080,-319.650,0.0000,-0.0000,1.0000,18.823,13.145,-40.354,Static,Wood,shape,00000226D82BD000,-,1,1,0,-
88,6108.497,0.0000,impact,ragdoll,Vicar Amelia,EA5EE489,NPC R Forearm [RLar],15,82.142,80.344,19.059,45.329,6.000,7.2000,13.989,-941.784,521.389,-319.650,0.0000,0.0000,1.0000,20.719,-2.513,-40.239,Static,Wood,shape,00000226D82BD000,-,0,0,0,-
89,6130.222,0.0000,impact,ragdoll,Vicar Amelia,EA5EE489,NPC L Hand [LHnd],16,109.424,109.424,28.304,114.765,4.041,4.8000,10.000,-906.562,498.134,-319.650,0.0000,0.0000,1.0000,11.039,33.166,-109.312,Static,Wood,shape,00000226D82BD000,-,1,1,0,-
90,6130.517,0.0000,impact,ragdoll,Vicar Amelia,EA5EE489,NPC R Forearm [RLar],15,32.077,13.522,33.406,18.968,3.134,7.2000,13.989,-941.761,521.269,-319.650,-0.0000,0.0000,1.0000,-6.172,-15.229,-9.475,Static,Wood,shape,00000226D82BD000,-,0,0,0,-
91,6131.181,0.0000,impact,ragdoll,Vicar Amelia,EA5EE489,NPC R Forearm [RLar],15,44.720,19.709,45.865,36.085,2.993,7.2000,13.989,-941.885,521.020,-319.650,-0.0000,-0.0000,1.0000,-21.386,-24.494,-15.647,Static,Wood,shape,00000226D82BD000,-,0,0,0,-
92,6152.932,0.0000,impact,ragdoll,Vicar Amelia,EA5EE489,NPC R UpperArm [RUar],12,65.253,65.253,43.120,83.450,3.492,2.4000,17.356,-937.472,524.104,-319.650,0.0000,-0.0000,1.0000,17.409,-4.248,-81.503,Static,Wood,shape,00000226D82BD000,-,1,1,0,-
93,6153.241,0.0000,impact,ragdoll,Vicar Amelia,EA5EE489,NPC R Forearm [RLar],15,32.678,34.454,50.429,39.232,3.725,7.2000,13.989,-942.082,520.741,-319.650,-0.0000,0.0000,1.0000,-25.667,-21.992,-19.917,Static,Wood,shape,00000226D82BD000,-,0,0,0,-
94,6153.677,0.0000,impact,ragdoll,Vicar Amelia,EA5EE489,NPC R Thigh [RThg],2,25.854,25.854,8.083,61.038,0.970,7.2000,24.584,-935.157,478.270,-309.757,-0.8945,0.3137,0.3187,49.960,35.023,1.715,-,Skin,shape,00000227A34A2800,5,1,1,0,-
95,6153.677,0.0000,impact,ragdoll,Vicar Amelia,EA5EE489,NPC L Calf [LClf],5,25.854,25.854,8.083,59.948,1.099,7.2000,23.610,-935.157,478.270,-309.757,-0.8945,0.3137,0.3187,23.763,55.033,-0.606,-,Skin,shape,00000227A34A2200,2,1,1,0,-
96,6266.817,0.0000,impact,ragdoll,Vicar Amelia,EA5EE489,NPC R Calf [RClf],4,37.609,37.609,38.456,8.318,3.503,7.2000,23.610,-934.195,477.588,-309.939,-0.8582,0.4575,-0.2329,4.854,6.742,0.409,-,Skin,shape,00000227A34A2B00,1,1,1,0,-
97,6266.818,0.0000,impact,ragdoll,Vicar Amelia,EA5EE489,NPC L Thigh [LThg],1,37.609,37.609,38.456,42.566,1.273,7.2000,24.585,-934.195,477.588,-309.939,-0.8582,0.4575,-0.2329,33.912,22.779,-11.955,-,Skin,shape,00000227A34A1F00,4,1,1,0,-
98,6266.819,0.0000,impact,ragdoll,Vicar Amelia,EA5EE489,NPC R Calf [RClf],4,41.050,41.050,32.815,8.318,3.503,7.2000,23.610,-933.445,479.197,-312.641,-0.9599,0.2780,-0.0377,4.854,6.742,0.409,-,Skin,shape,00000227A34A2800,5,0,1,0,-
99,6266.819,0.0000,impact,ragdoll,Vicar Amelia,EA5EE489,NPC L Calf [LClf],5,41.050,41.050,32.815,18.414,1.130,7.2000,23.610,-933.445,479.197,-312.641,-0.9599,0.2780,-0.0377,12.296,13.131,-3.934,-,Skin,shape,00000227A34A1F00,4,0,1,0,-
100,6311.261,0.0000,impact,ragdoll,Vicar Amelia,EA5EE489,NPC R Forearm [RLar],15,6.108,1.314,66.334,67.315,0.831,7.2000,13.989,-939.516,524.494,-319.650,-0.0000,0.0000,1.0000,48.966,46.186,-0.659,Static,Wood,shape,00000226D82BD000,-,0,0,0,-
101,6352.784,0.0000,impact,ragdoll,Vicar Amelia,EA5EE489,NPC R Hand [RHnd],17,71.193,71.193,54.537,61.095,1.716,4.8000,10.000,-944.566,508.771,-311.026,-0.9390,0.2620,-0.2227,33.507,51.047,-2.010,-,Skin,shape,00000227A34A1F00,4,1,1,0,-
102,6352.785,0.0000,impact,ragdoll,Vicar Amelia,EA5EE489,NPC R Calf [RClf],4,71.193,71.193,54.537,44.350,3.218,7.2000,23.610,-944.566,508.771,-311.026,-0.9390,0.2620,-0.2227,-28.091,30.530,15.674,-,Skin,shape,00000227A345B400,17,1,1,0,-
103,6392.535,0.0000,impact,ragdoll,Vicar Amelia,EA5EE489,NPC R Foot [Rft ],8,116.544,116.544,43.629,59.238,3.229,3.6000,12.013,-950.811,518.565,-313.776,0.8496,0.5271,0.0199,-57.276,14.963,-2.162,-,Skin,shape,00000227A345B400,17,1,1,0,-
104,6392.535,0.0000,impact,ragdoll,Vicar Amelia,EA5EE489,NPC R Hand [RHnd],17,116.544,116.544,43.629,89.321,8.657,4.8000,10.000,-950.811,518.565,-313.776,0.8496,0.5271,0.0199,26.109,85.420,0.137,-,Skin,shape,00000227A34A1C00,8,1,1,0,-
105,6430.420,0.0000,impact,ragdoll,Vicar Amelia,EA5EE489,NPC R Calf [RClf],4,41.540,41.540,37.412,36.216,2.671,7.2000,23.610,-925.653,516.088,-312.100,-0.9611,-0.0372,0.2737,12.193,27.411,20.288,-,Skin,shape,00000227A34A2500,7,1,1,0,-
106,6430.421,0.0000,impact,ragdoll,Vicar Amelia,EA5EE489,NPC L Foot [Lft ],7,41.540,41.540,37.412,32.121,2.840,3.6000,12.013,-925.653,516.088,-312.100,-0.9611,-0.0372,0.2737,-29.249,12.933,-2.992,-,Skin,shape,00000227A34A1F00,4,1,1,0,-
107,6488.517,0.0000,impact,ragdoll,Vicar Amelia,EA5EE489,NPC R Calf [RClf],4,22.938,22.938,12.343,38.814,1.887,7.2000,23.610,-926.246,507.568,-309.245,-0.9889,0.1118,0.0979,19.990,18.170,27.871,-,Skin,shape,00000227A34A2800,5,0,1,0,-
108,6488.518,0.0000,impact,ragdoll,Vicar Amelia,EA5EE489,NPC L Calf [LClf],5,22.938,22.938,12.343,25.044,3.027,7.2000,23.610,-926.246,507.568,-309.245,-0.9889,0.1118,0.0979,-0.380,24.637,-4.479,-,Skin,shape,00000227A34A1F00,4,0,1,0,-
109,6488.529,0.0000,impact,ragdoll,Vicar Amelia,EA5EE489,NPC L Forearm [LLar],14,22.779,22.779,11.397,51.569,3.297,2.4000,13.989,-896.823,497.450,-319.650,-0.0000,0.0000,1.0000,18.617,8.120,-47.401,Static,Wood,shape,00000226D82BD000,-,1,1,0,-
110,6528.842,0.0000,impact,ragdoll,Vicar Amelia,EA5EE489,NPC L Thigh [LThg],1,45.807,45.807,59.858,55.056,2.941,7.2000,24.585,-905.279,490.941,-310.032,-0.3570,-0.6636,0.6574,34.349,-2.251,-42.967,-,Skin,shape,00000227A345AB00,16,1,1,0,-
111,6528.843,0.0000,impact,ragdoll,Vicar Amelia,EA5EE489,NPC L Hand [LHnd],16,45.807,45.807,59.858,17.112,5.375,4.8000,10.000,-905.279,490.941,-310.032,-0.3570,-0.6636,0.6574,14.916,-8.386,0.006,-,Skin,shape,00000227A34A2B00,1,1,1,0,-
112,6529.455,0.0000,impact,ragdoll,Vicar Amelia,EA5EE489,NPC L UpperArm [LUar],10,102.378,102.378,39.792,105.372,2.713,2.4000,17.356,-880.529,513.765,-319.650,0.0000,0.0000,1.0000,20.465,23.729,-100.605,Static,Wood,shape,00000226D82BD000,-,1,1,0,-
113,6529.461,0.0000,impact,ragdoll,Vicar Amelia,EA5EE489,NPC L Forearm [LLar],14,102.545,102.545,20.175,78.180,4.553,2.4000,13.989,-883.737,506.470,-319.650,0.0000,-0.0000,1.0000,22.774,29.268,-68.825,Static,Wood,shape,00000226D82BD000,-,0,1,0,-
114,6550.274,0.0000,impact,ragdoll,Vicar Amelia,EA5EE489,NPC L Forearm [LLar],14,83.452,83.452,39.944,18.049,0.498,2.4000,13.989,-890.630,505.280,-301.952,0.1488,-0.2138,-0.9655,17.563,-3.611,2.063,-,Skin,shape,00000227A34A0700,6,1,1,0,-
115,6550.275,0.0000,impact,ragdoll,Vicar Amelia,EA5EE489,NPC Spine1 [Spn1],6,83.452,83.452,39.944,103.864,2.382,4.8000,22.654,-890.630,505.280,-301.952,0.1488,-0.2138,-0.9655,79.645,-5.601,-66.430,-,Skin,shape,00000227A345AE00,14,1,1,0,-
116,6570.755,0.0000,impact,ragdoll,Vicar Amelia,EA5EE489,NPC COM [COM ],0,56.973,56.973,32.350,97.923,2.489,48.0000,21.224,-902.408,492.420,-308.590,-0.0027,-0.4202,0.9074,76.713,-9.529,-60.110,-,Skin,shape,00000227A345AB00,16,1,1,0,-
117,6570.756,0.0000,impact,ragdoll,Vicar Amelia,EA5EE489,NPC L Hand [LHnd],16,56.973,56.973,32.350,26.122,5.409,4.8000,10.000,-902.408,492.420,-308.590,-0.0027,-0.4202,0.9074,26.109,0.812,0.016,-,-,-,00000227A34A2E00,0,1,1,0,-
118,6570.761,0.0000,impact,ragdoll,Vicar Amelia,EA5EE489,NPC Spine [Spn0],3,62.758,62.758,7.328,104.191,2.596,4.8000,20.756,-900.886,494.477,-308.269,0.2616,-0.0631,0.9631,76.648,-12.285,-69.497,-,Skin,shape,00000227A345AB00,16,1,1,0,-
119,6570.761,0.0000,impact,ragdoll,Vicar Amelia,EA5EE489,NPC L Hand [LHnd],16,62.758,62.758,7.328,26.122,5.409,4.8000,10.000,-900.886,494.477,-308.269,0.2616,-0.0631,0.9631,26.109,0.812,0.016,-,Skin,shape,00000227A34A0A00,3,1,1,0,-
120,6592.316,0.0000,impact,ragdoll,Vicar Amelia,EA5EE489,NPC L Forearm [LLar],14,73.537,73.537,48.057,34.965,2.426,2.4000,13.989,-895.073,495.485,-303.076,-0.0165,0.2162,-0.9762,18.707,-15.082,25.399,-,Skin,shape,00000227A34A0A00,3,1,1,0,-
121,6592.317,0.0000,impact,ragdoll,Vicar Amelia,EA5EE489,NPC Spine [Spn0],3,73.537,73.537,48.057,96.265,2.670,4.8000,20.756,-895.073,495.485,-303.076,-0.0165,0.2162,-0.9762,77.969,-6.797,-56.049,-,Skin,shape,00000227A345AE00,14,1,1,0,-
122,6615.662,0.0000,impact,ragdoll,Vicar Amelia,EA5EE489,NPC L UpperArm [LUar],10,55.030,43.396,4.197,33.900,3.562,2.4000,17.356,-872.845,525.896,-319.650,-0.0000,-0.0000,1.0000,22.978,12.068,-21.808,Static,Wood,shape,00000226D82BD000,-,0,0,0,-
123,6636.378,0.0000,impact,ragdoll,Vicar Amelia,EA5EE489,NPC COM [COM ],0,58.806,58.806,69.443,101.072,2.866,48.0000,21.224,-895.252,495.379,-310.121,-0.1690,-0.6070,0.7765,76.857,-8.511,-65.086,-,Skin,shape,00000227A345AE00,14,1,1,0,-
124,6636.378,0.0000,impact,ragdoll,Vicar Amelia,EA5EE489,NPC L Forearm [LLar],14,58.806,58.806,69.443,34.302,1.185,2.4000,13.989,-895.252,495.379,-310.121,-0.1690,-0.6070,0.7765,29.290,14.651,10.199,-,-,-,00000227A34A2E00,0,1,1,0,-
125,6636.392,0.0000,impact,ragdoll,Vicar Amelia,EA5EE489,NPC Spine2 [Spn2],9,46.689,46.689,20.328,56.367,2.839,8.4000,27.663,-885.767,525.372,-319.650,-0.0000,-0.0000,1.0000,40.689,-10.556,-37.553,Static,Wood,shape,00000226D82BD000,-,1,1,0,-
126,6636.692,0.0000,impact,ragdoll,Vicar Amelia,EA5EE489,NPC L UpperArm [LUar],10,73.846,14.287,28.928,42.584,2.305,2.4000,17.356,-872.564,525.988,-319.650,0.0000,-0.0000,1.0000,36.773,18.192,-11.411,Static,Wood,shape,00000226D82BD000,-,0,0,0,-
127,6637.380,0.0000,impact,ragdoll,Vicar Amelia,EA5EE489,NPC L UpperArm [LUar],10,71.201,13.798,4.219,27.638,3.463,2.4000,17.356,-872.310,525.966,-319.650,-0.0000,0.0000,1.0000,23.665,-6.447,-12.737,Static,Wood,shape,00000226D82BD000,-,0,0,0,-
128,6657.698,0.0000,impact,ragdoll,Vicar Amelia,EA5EE489,NPC L UpperArm [LUar],10,69.746,12.377,6.318,31.106,3.828,2.4000,17.356,-872.035,525.879,-319.650,-0.0000,0.0000,1.0000,29.555,-2.496,-9.372,Static,Wood,shape,00000226D82BD000,-,0,0,0,-
129,6658.084,0.0000,impact,ragdoll,Vicar Amelia,EA5EE489,NPC L Thigh [LThg],1,41.093,41.093,44.773,58.642,2.858,7.2000,24.585,-894.025,494.413,-311.546,-0.0816,-0.8545,0.5130,40.657,-7.744,-41.544,-,Skin,shape,00000227A345AE00,14,1,1,0,-
130,6658.085,0.0000,impact,ragdoll,Vicar Amelia,EA5EE489,NPC L Forearm [LLar],14,41.093,41.093,44.773,31.758,1.095,2.4000,13.989,-894.025,494.413,-311.546,-0.0816,-0.8545,0.5130,31.319,-5.052,-1.478,-,Skin,shape,00000227A34A2B00,1,1,1,0,-
131,6658.376,0.0000,impact,ragdoll,Vicar Amelia,EA5EE489,NPC L UpperArm [LUar],10,66.136,12.335,3.711,28.526,3.501,2.4000,17.356,-871.760,525.773,-319.650,0.0000,0.0000,1.0000,26.036,-5.160,-10.449,Static,Wood,shape,00000226D82BD000,-,0,0,0,-
132,6679.087,0.0000,impact,ragdoll,Vicar Amelia,EA5EE489,NPC L UpperArm [LUar],10,57.863,11.402,5.034,25.034,3.288,2.4000,17.356,-871.512,525.682,-319.650,-0.0000,0.0000,1.0000,22.608,-3.928,-10.008,Static,Wood,shape,00000226D82BD000,-,0,0,0,-
133,6679.789,0.0000,impact,ragdoll,Vicar Amelia,EA5EE489,NPC L UpperArm [LUar],10,49.696,11.260,2.775,24.077,3.338,2.4000,17.356,-871.275,525.592,-319.650,-0.0000,0.0000,1.0000,22.189,-4.192,-8.351,Static,Wood,shape,00000226D82BD000,-,0,0,0,-
134,6701.274,0.0000,impact,ragdoll,Vicar Amelia,EA5EE489,NPC L UpperArm [LUar],10,44.064,9.858,3.010,26.723,3.552,2.4000,17.356,-871.035,525.470,-319.650,-0.0000,-0.0000,1.0000,23.625,-10.244,-7.146,Static,Wood,shape,00000226D82BD000,-,0,0,0,-
135,6702.143,0.0000,impact,ragdoll,Vicar Amelia,EA5EE489,NPC L UpperArm [LUar],10,45.568,9.598,1.894,27.050,3.453,2.4000,17.356,-870.747,525.299,-319.650,0.0000,-0.0000,1.0000,23.796,-10.118,-7.943,Static,Wood,shape,00000226D82BD000,-,0,0,0,-
136,6723.448,0.0000,impact,ragdoll,Vicar Amelia,EA5EE489,NPC L UpperArm [LUar],10,35.496,7.086,1.040,25.452,3.348,2.4000,17.356,-870.487,525.144,-319.650,-0.0000,0.0000,1.0000,23.392,-8.661,-5.060,Static,Wood,shape,00000226D82BD000,-,0,0,0,-
137,6724.368,0.0000,impact,ragdoll,Vicar Amelia,EA5EE489,NPC L UpperArm [LUar],10,18.015,2.663,0.883,31.300,4.210,2.4000,17.356,-870.158,524.956,-319.650,0.0000,-0.0000,1.0000,28.204,-13.355,-2.429,Static,Wood,shape,00000226D82BD000,-,0,0,0,-
138,6745.194,0.0000,impact,ragdoll,Vicar Amelia,EA5EE489,NPC L Calf [LClf],5,7.513,7.513,22.932,15.979,1.510,7.2000,23.610,-916.564,505.708,-319.650,0.0000,-0.0000,1.0000,2.173,-15.550,-2.969,Static,Wood,shape,00000226D82BD000,-,0,1,0,-
139,6745.196,0.0000,impact,ragdoll,Vicar Amelia,EA5EE489,NPC R Foot [Rft ],8,50.189,50.189,48.130,77.238,3.109,3.6000,12.013,-922.118,508.993,-312.568,-0.8597,0.5084,0.0499,7.285,-76.766,-4.416,-,Skin,shape,00000227A34A2800,5,1,1,0,-
140,6745.196,0.0000,impact,ragdoll,Vicar Amelia,EA5EE489,NPC L Calf [LClf],5,50.189,50.189,48.130,15.979,1.510,7.2000,23.610,-922.118,508.993,-312.568,-0.8597,0.5084,0.0499,2.173,-15.550,-2.969,-,Skin,shape,00000227A34A1C00,8,1,1,0,-
141,6921.994,0.0000,impact,ragdoll,Vicar Amelia,EA5EE489,NPC R Foot [Rft ],8,30.405,32.618,57.459,55.455,6.346,3.6000,12.013,-935.105,507.517,-319.650,0.0000,-0.0000,1.0000,-22.343,-48.312,-15.557,Static,Wood,shape,00000226D82BD000,-,0,0,0,-
142,6942.847,0.0000,impact,ragdoll,Vicar Amelia,EA5EE489,NPC R Foot [Rft ],8,44.922,12.418,53.433,48.366,7.081,3.6000,12.013,-935.455,507.194,-319.650,-0.0000,-0.0000,1.0000,-19.630,-44.166,1.809,Static,Wood,shape,00000226D82BD000,-,0,0,0,-
143,6984.696,0.0000,impact,ragdoll,Vicar Amelia,EA5EE489,NPC R Foot [Rft ],8,18.029,13.286,16.600,35.670,2.956,3.6000,12.013,-936.444,506.800,-319.650,-0.0000,0.0000,1.0000,-27.054,-4.182,-22.867,Static,Wood,shape,00000226D82BD000,-,0,0,0,-
144,6985.354,0.0000,impact,ragdoll,Vicar Amelia,EA5EE489,NPC R Foot [Rft ],8,30.304,7.156,21.795,31.553,1.909,3.6000,12.013,-936.862,506.810,-319.650,0.0000,0.0000,1.0000,-28.024,-0.286,-14.497,Static,Wood,shape,00000226D82BD000,-,0,0,0,-
145,7004.960,0.0000,impact,ragdoll,Vicar Amelia,EA5EE489,NPC R Foot [Rft ],8,21.311,-0.622,28.503,29.734,0.683,3.6000,12.013,-937.327,506.875,-319.650,0.0000,0.0000,1.0000,-29.680,1.200,-1.336,Static,Wood,shape,00000226D82BD000,-,0,0,0,-
146,7044.531,0.0000,impact,ragdoll,Vicar Amelia,EA5EE489,NPC R Foot [Rft ],8,13.252,7.484,23.433,30.407,1.000,3.6000,12.013,-938.422,507.032,-319.650,0.0000,0.0000,1.0000,-28.084,1.315,-11.582,Static,Wood,shape,00000226D82BD000,-,0,0,0,-
147,7045.019,0.0000,impact,ragdoll,Vicar Amelia,EA5EE489,NPC R Foot [Rft ],8,24.054,5.528,28.393,25.220,0.979,3.6000,12.013,-938.772,507.099,-319.650,-0.0000,0.0000,1.0000,-24.574,2.396,-5.144,Static,Wood,shape,00000226D82BD000,-,0,0,0,-
148,7065.464,0.0000,impact,ragdoll,Vicar Amelia,EA5EE489,NPC R Foot [Rft ],8,16.342,5.946,28.969,22.049,1.270,3.6000,12.013,-939.056,507.168,-319.650,0.0000,-0.0000,1.0000,-21.875,1.859,-2.044,Static,Wood,shape,00000226D82BD000,-,0,0,0,-
149,7085.920,0.0000,impact,ragdoll,Vicar Amelia,EA5EE489,NPC R Foot [Rft ],8,6.438,5.492,23.706,20.669,0.860,3.6000,12.013,-939.404,507.256,-319.650,0.0000,-0.0000,1.0000,-20.262,2.125,-3.480,Static,Wood,shape,00000226D82BD000,-,0,0,0,-
150,7086.498,0.0000,impact,ragdoll,Vicar Amelia,EA5EE489,NPC R Foot [Rft ],8,15.608,3.550,27.259,19.074,1.513,3.6000,12.013,-939.696,507.352,-319.650,0.0000,0.0000,1.0000,-18.392,4.713,1.834,Static,Wood,shape,00000226D82BD000,-,0,0,0,-
151,7366.688,0.0000,impact,ragdoll,Vicar Amelia,EA5EE489,NPC Spine2 [Spn2],9,13.444,13.444,6.007,28.061,1.306,8.4000,27.663,-878.748,526.164,-319.650,0.0000,0.0000,1.0000,-16.835,14.112,-17.461,Static,Wood,shape,00000226D82BD000,-,1,1,0,-
152,7429.564,0.0000,impact,ragdoll,Vicar Amelia,EA5EE489,NPC Head [Head],13,32.140,32.140,9.525,36.973,1.195,4.8000,18.130,-871.481,554.972,-319.650,0.0000,-0.0000,1.0000,-15.995,7.689,-32.435,Static,Wood,shape,00000226D82BD000,-,1,1,0,-
153,7489.781,0.0000,impact,ragdoll,Vicar Amelia,EA5EE489,NPC R Hand [RHnd],17,59.590,59.590,26.652,62.684,3.472,4.8000,10.000,-939.486,558.412,-319.650,0.0000,-0.0000,1.0000,-4.525,-18.946,-59.581,Static,Wood,shape,00000226D82BD000,-,1,1,0,-
154,13923.509,0.0000,state,unknown,Vicar Amelia,EA5EE489,-,-,0.000,0.000,0.000,0.000,0.000,0.0000,0.000,0.000,0.000,0.000,0.0000,0.0000,0.0000,0.000,0.000,0.000,-,-,-,0000000000000000,-,0,0,0,knock_get_up
155,19875.060,0.0000,state,unknown,Vicar Amelia,0001A67D,-,-,0.000,0.000,0.000,0.000,0.000,0.0000,0.000,0.000,0.000,0.000,0.0000,0.0000,0.0000,0.000,0.000,0.000,-,-,-,0000000000000000,-,0,0,0,knock_get_up
156,26293.802,0.0000,state,unknown,Vicar Amelia,EA5EE489,-,-,0.000,0.000,0.000,0.000,0.000,0.0000,0.000,0.000,0.000,0.000,0.0000,0.0000,0.0000,0.000,0.000,0.000,-,-,-,0000000000000000,-,0,0,0,ragdoll_start
157,26315.485,0.0000,impact,ragdoll,Vicar Amelia,EA5EE489,NPC L Foot [Lft ],7,18.110,24.695,18.264,38.115,1.725,3.6000,12.013,-861.462,460.085,-319.650,0.0000,-0.0000,1.0000,22.803,2.604,-30.430,Static,Wood,shape,00000226D82BD000,-,0,0,0,-
158,26315.498,0.0000,impact,ragdoll,Vicar Amelia,EA5EE489,NPC R Foot [Rft ],8,14.291,14.868,22.042,31.233,2.377,3.6000,12.013,-877.450,455.365,-319.650,-0.0000,0.0000,1.0000,19.855,2.640,-23.966,Static,Wood,shape,00000226D82BD000,-,0,0,0,-
159,26315.841,0.0000,impact,ragdoll,Vicar Amelia,EA5EE489,NPC R Thigh [RThg],2,5.859,5.859,4.151,66.708,0.460,7.2000,24.584,-868.836,462.540,-279.035,-0.8926,-0.2420,0.3805,51.168,-0.488,-42.797,-,Skin,shape,00000227A34A2800,5,1,1,0,-
160,26315.841,0.0000,impact,ragdoll,Vicar Amelia,EA5EE489,NPC L Calf [LClf],5,5.859,5.859,4.151,55.653,0.706,7.2000,23.610,-868.836,462.540,-279.035,-0.8926,-0.2420,0.3805,32.552,2.032,-45.094,-,Skin,shape,00000227A34A2200,2,1,1,0,-
161,26315.842,0.0000,impact,ragdoll,Vicar Amelia,EA5EE489,NPC R Calf [RClf],4,6.276,6.276,6.425,53.983,0.808,7.2000,23.610,-869.280,462.323,-281.474,-0.9613,-0.2755,0.0031,32.865,4.029,-42.636,-,Skin,shape,00000227A34A2800,5,1,1,0,-
162,26315.842,0.0000,impact,ragdoll,Vicar Amelia,EA5EE489,NPC L Calf [LClf],5,6.276,6.276,6.425,55.653,0.706,7.2000,23.610,-869.280,462.323,-281.474,-0.9613,-0.2755,0.0031,32.552,2.032,-45.094,-,Skin,shape,00000227A34A1F00,4,1,1,0,-
163,26315.846,0.0000,impact,ragdoll,Vicar Amelia,EA5EE489,NPC L Forearm [LLar],14,11.324,11.324,37.866,64.602,1.478,2.4000,13.989,-865.362,472.168,-229.913,0.1235,0.8856,0.4477,39.875,1.202,-50.814,-,Skin,shape,00000227A34A0A00,3,1,1,0,-
164,26315.846,0.0000,impact,ragdoll,Vicar Amelia,EA5EE489,NPC Spine [Spn0],3,11.324,11.324,37.866,73.276,0.173,4.8000,20.756,-865.362,472.168,-229.913,0.1235,0.8856,0.4477,54.812,8.332,-47.913,-,Skin,shape,00000227A345AE00,14,1,1,0,-
165,26315.846,0.0000,impact,ragdoll,Vicar Amelia,EA5EE489,NPC L Forearm [LLar],14,16.085,16.085,24.298,64.602,1.478,2.4000,13.989,-864.998,474.338,-223.115,0.1265,0.9637,-0.2351,39.875,1.202,-50.814,-,Skin,shape,00000227A34A0700,6,1,1,0,-
166,26315.847,0.0000,impact,ragdoll,Vicar Amelia,EA5EE489,NPC Spine1 [Spn1],6,16.085,16.085,24.298,74.135,0.208,4.8000,22.654,-864.998,474.338,-223.115,0.1265,0.9637,-0.2351,51.278,9.128,-52.757,-,Skin,shape,00000227A345AE00,14,1,1,0,-
167,26315.847,0.0000,impact,ragdoll,Vicar Amelia,EA5EE489,NPC L Forearm [LLar],14,13.529,13.529,15.891,64.602,1.478,2.4000,13.989,-865.567,477.101,-215.638,0.1541,0.5758,-0.8029,39.875,1.202,-50.814,-,Skin,shape,00000227A34A0400,9,1,1,0,-
168,26315.847,0.0000,impact,ragdoll,Vicar Amelia,EA5EE489,NPC Spine2 [Spn2],9,13.529,13.529,15.891,75.314,0.268,8.4000,27.663,-865.567,477.101,-215.638,0.1541,0.5758,-0.8029,49.962,3.247,-56.263,-,Skin,shape,00000227A345AE00,14,1,1,0,-
169,26315.849,0.0000,impact,ragdoll,Vicar Amelia,EA5EE489,NPC L Hand [LHnd],16,15.442,15.442,29.478,50.686,0.634,4.8000,10.000,-863.742,469.469,-235.328,0.3684,0.4745,0.7994,29.123,-8.522,-40.599,-,-,-,00000227A34A2E00,0,1,1,0,-
170,26315.849,0.0000,impact,ragdoll,Vicar Amelia,EA5EE489,NPC COM [COM ],0,15.442,15.442,29.478,71.103,0.255,48.0000,21.224,-863.742,469.469,-235.328,0.3684,0.4745,0.7994,58.175,2.211,-40.821,-,Skin,shape,00000227A345AB00,16,1,1,0,-
171,26315.849,0.0000,impact,ragdoll,Vicar Amelia,EA5EE489,NPC L Hand [LHnd],16,19.543,19.543,25.820,50.686,0.634,4.8000,10.000,-862.123,470.520,-229.039,0.4334,0.7278,0.5314,29.123,-8.522,-40.599,-,Skin,shape,00000227A34A0A00,3,1,1,0,-
172,26315.849,0.0000,impact,ragdoll,Vicar Amelia,EA5EE489,NPC Spine [Spn0],3,19.543,19.543,25.820,73.276,0.173,4.8000,20.756,-862.123,470.520,-229.039,0.4334,0.7278,0.5314,54.812,8.332,-47.913,-,Skin,shape,00000227A345AB00,16,1,1,0,-
173,26315.850,0.0000,impact,ragdoll,Vicar Amelia,EA5EE489,NPC L Hand [LHnd],16,28.965,28.965,11.531,50.686,0.634,4.8000,10.000,-860.941,472.490,-224.507,0.4762,0.8044,-0.3552,29.123,-8.522,-40.599,-,Skin,shape,00000227A34A0700,6,1,1,0,-
174,26315.850,0.0000,impact,ragdoll,Vicar Amelia,EA5EE489,NPC Spine1 [Spn1],6,28.965,28.965,11.531,74.135,0.208,4.8000,22.654,-860.941,472.490,-224.507,0.4762,0.8044,-0.3552,51.278,9.128,-52.757,-,Skin,shape,00000227A345AB00,16,1,1,0,-
175,26315.850,0.0000,impact,ragdoll,Vicar Amelia,EA5EE489,NPC L Hand [LHnd],16,23.758,23.758,18.616,50.686,0.634,4.8000,10.000,-862.721,472.568,-217.043,0.3481,0.2668,-0.8987,29.123,-8.522,-40.599,-,Skin,shape,00000227A34A0400,9,1,1,0,-
176,26315.850,0.0000,impact,ragdoll,Vicar Amelia,EA5EE489,NPC Spine2 [Spn2],9,23.758,23.758,18.616,75.314,0.268,8.4000,27.663,-862.721,472.568,-217.043,0.3481,0.2668,-0.8987,49.962,3.247,-56.263,-,Skin,shape,00000227A345AB00,16,1,1,0,-
177,26315.851,0.0000,impact,ragdoll,Vicar Amelia,EA5EE489,NPC R Hand [RHnd],17,7.864,7.864,22.875,58.831,0.544,4.8000,10.000,-879.273,458.242,-215.606,-0.4078,-0.3846,-0.8281,42.060,-2.489,-41.059,-,Skin,shape,00000227A34A0400,9,1,1,0,-
178,26315.851,0.0000,impact,ragdoll,Vicar Amelia,EA5EE489,NPC Spine2 [Spn2],9,7.864,7.864,22.875,75.314,0.268,8.4000,27.663,-879.273,458.242,-215.606,-0.4078,-0.3846,-0.8281,49.962,3.247,-56.263,-,Skin,shape,00000227A345B400,17,1,1,0,-
179,26316.110,0.0000,impact,ragdoll,Vicar Amelia,EA5EE489,NPC L Foot [Lft ],7,25.342,44.965,24.469,54.596,2.500,3.6000,12.013,-861.298,460.112,-319.650,-0.0000,-0.0000,1.0000,27.506,3.870,-47.002,Static,Wood,shape,00000226D82BD000,-,0,0,0,-
180,26333.169,0.0000,impact,ragdoll,Vicar Amelia,EA5EE489,NPC L Foot [Lft ],7,25.389,25.389,30.880,26.653,7.853,3.6000,12.013,-862.449,468.234,-319.650,0.0000,0.0000,1.0000,24.986,8.227,4.292,Static,Wood,shape,00000226D82BD000,-,0,1,0,-
181,26333.491,0.0000,impact,ragdoll,Vicar Amelia,EA5EE489,NPC R Foot [Rft ],8,35.308,43.045,20.887,45.496,0.879,3.6000,12.013,-880.761,462.695,-319.650,-0.0000,-0.0000,1.0000,18.273,1.216,-41.647,Static,Wood,shape,00000226D82BD000,-,0,0,0,-
182,26333.505,0.0000,impact,ragdoll,Vicar Amelia,EA5EE489,NPC R Foot [Rft ],8,6.159,5.595,14.703,23.775,5.140,3.6000,12.013,-877.090,455.342,-319.650,-0.0000,0.0000,1.0000,18.377,-3.568,14.655,Static,Wood,shape,00000226D82BD000,-,0,0,0,-
183,26334.127,0.0000,impact,ragdoll,Vicar Amelia,EA5EE489,NPC R Foot [Rft ],8,46.855,82.646,24.960,54.957,7.224,3.6000,12.013,-877.020,455.320,-319.650,-0.0000,0.0000,1.0000,11.706,0.135,-53.696,Static,Wood,shape,00000226D82BD000,-,0,0,0,-
184,26352.786,0.0000,impact,ragdoll,Vicar Amelia,EA5EE489,NPC R Calf [RClf],4,51.407,51.407,29.683,68.971,1.066,7.2000,23.610,-881.688,462.248,-318.055,-0.0000,0.4562,0.8899,34.028,-0.447,-59.991,Static,Carpet,shape,00000227A9EAF100,-,1,1,0,-
185,26352.788,0.0000,impact,ragdoll,Vicar Amelia,EA5EE489,NPC L Calf [LClf],5,23.206,23.206,33.851,47.582,1.874,7.2000,23.610,-862.367,471.026,-319.650,-0.0000,0.0000,1.0000,37.887,-1.605,-28.740,Static,Wood,shape,00000226D82BD000,-,1,1,0,-
186,26353.150,0.0000,impact,ragdoll,Vicar Amelia,EA5EE489,NPC R Foot [Rft ],8,56.676,97.361,63.921,59.021,10.459,3.6000,12.013,-877.000,455.441,-319.650,0.0000,-0.0000,1.0000,-4.330,19.590,-55.506,Static,Wood,shape,00000226D82BD000,-,0,0,0,-
187,26353.569,0.0000,impact,ragdoll,Vicar Amelia,EA5EE489,NPC R Calf [RClf],4,10.008,10.008,29.732,36.790,2.439,7.2000,23.610,-881.677,465.351,-319.650,-0.0000,0.0000,1.0000,31.531,8.543,-16.920,Static,Wood,shape,00000226D82BD000,-,1,1,0,-
188,26353.850,0.0000,impact,ragdoll,Vicar Amelia,EA5EE489,NPC R Foot [Rft ],8,73.309,16.340,77.915,71.789,13.474,3.6000,12.013,-880.590,462.975,-319.650,0.0000,0.0000,1.0000,-9.857,14.441,-69.627,Static,Wood,shape,00000226D82BD000,-,0,0,0,-
189,26369.989,0.0000,impact,ragdoll,Vicar Amelia,EA5EE489,NPC R Foot [Rft ],8,23.752,23.752,15.576,61.526,11.438,3.6000,12.013,-876.835,455.222,-318.000,-0.0000,0.0000,1.0000,24.724,-51.472,22.910,Static,Carpet,shape,00000227A9EAF100,-,0,1,0,-
190,26370.313,0.0000,impact,ragdoll,Vicar Amelia,EA5EE489,NPC R Foot [Rft ],8,91.637,12.822,18.236,28.148,2.191,3.6000,12.013,-880.464,462.776,-319.650,0.0000,-0.0000,1.0000,-19.856,18.691,-6.978,Static,Wood,shape,00000226D82BD000,-,0,0,0,-
191,26371.147,0.0000,impact,ragdoll,Vicar Amelia,EA5EE489,NPC R Foot [Rft ],8,64.856,8.127,16.037,21.800,2.179,3.6000,12.013,-880.484,462.749,-319.650,0.0000,0.0000,1.0000,-18.152,7.945,-9.090,Static,Wood,shape,00000226D82BD000,-,0,0,0,-
192,26388.721,0.0000,impact,ragdoll,Vicar Amelia,EA5EE489,NPC R Foot [Rft ],8,101.543,123.965,68.252,78.573,12.160,3.6000,12.013,-877.091,455.298,-319.650,-0.0000,-0.0000,1.0000,-22.400,3.720,-75.220,Static,Wood,shape,00000226D82BD000,-,0,0,0,-
193,26389.436,0.0000,impact,ragdoll,Vicar Amelia,EA5EE489,NPC R Foot [Rft ],8,99.222,110.390,64.339,81.556,8.527,3.6000,12.013,-877.320,455.372,-319.650,-0.0000,-0.0000,1.0000,-30.189,4.543,-75.626,Static,Wood,shape,00000226D82BD000,-,0,0,0,-
194,26407.806,0.0000,impact,ragdoll,Vicar Amelia,EA5EE489,NPC R Foot [Rft ],8,75.898,115.302,79.381,72.544,11.972,3.6000,12.013,-877.525,455.454,-319.650,0.0000,0.0000,1.0000,-25.634,2.267,-67.826,Static,Wood,shape,00000226D82BD000,-,0,0,0,-
195,26426.762,0.0000,impact,ragdoll,Vicar Amelia,EA5EE489,NPC R Foot [Rft ],8,56.843,52.033,56.654,31.622,8.087,3.6000,12.013,-877.721,455.578,-319.650,0.0000,0.0000,1.0000,-23.705,2.781,-20.744,Static,Wood,shape,00000226D82BD000,-,0,0,0,-
196,26444.661,0.0000,impact,ragdoll,Vicar Amelia,EA5EE489,NPC R Hand [RHnd],17,61.966,61.966,92.027,86.849,8.694,4.8000,10.000,-875.428,456.143,-242.845,-0.4540,-0.2192,0.8636,-0.275,-11.588,-86.072,-,Skin,shape,00000227A34A2200,2,1,1,0,-
197,26444.662,0.0000,impact,ragdoll,Vicar Amelia,EA5EE489,NPC R Thigh [RThg],2,61.966,61.966,92.027,65.261,1.597,7.2000,24.584,-875.428,456.143,-242.845,-0.4540,-0.2192,0.8636,54.899,-30.371,17.964,-,Skin,shape,00000227A345B400,17,1,1,0,-
198,26523.060,0.0000,impact,ragdoll,Vicar Amelia,EA5EE489,NPC L Foot [Lft ],7,19.816,18.328,84.537,52.356,7.922,3.6000,12.013,-852.939,465.407,-319.650,0.0000,0.0000,1.0000,48.718,19.152,-0.909,Static,Wood,shape,00000226D82BD000,-,0,0,0,-
199,26542.881,0.0000,impact,ragdoll,Vicar Amelia,EA5EE489,NPC R Foot [Rft ],8,26.390,8.818,47.181,33.193,2.786,3.6000,12.013,-879.613,454.326,-319.650,-0.0000,0.0000,1.0000,-22.959,-23.928,-1.459,Static,Wood,shape,00000226D82BD000,-,0,0,0,-
200,26601.792,0.0000,impact,ragdoll,Vicar Amelia,EA5EE489,NPC L Foot [Lft ],7,18.526,17.912,47.225,51.332,4.510,3.6000,12.013,-850.686,466.614,-319.650,-0.0000,0.0000,1.0000,48.960,8.256,-13.027,Static,Wood,shape,00000226D82BD000,-,0,0,0,-
201,26622.638,0.0000,impact,ragdoll,Vicar Amelia,EA5EE489,NPC R Foot [Rft ],8,18.230,4.069,71.196,28.050,5.660,3.6000,12.013,-881.219,452.666,-319.650,0.0000,-0.0000,1.0000,-16.145,-22.557,-4.159,Static,Wood,shape,00000226D82BD000,-,0,0,0,-
202,26642.003,0.0000,impact,ragdoll,Vicar Amelia,EA5EE489,NPC L Foot [Lft ],7,6.727,9.732,50.699,51.054,1.992,3.6000,12.013,-849.369,466.815,-319.650,0.0000,-0.0000,1.0000,50.257,4.110,-7.993,Static,Wood,shape,00000226D82BD000,-,0,0,0,-
203,26642.735,0.0000,impact,ragdoll,Vicar Amelia,EA5EE489,NPC R Foot [Rft ],8,23.229,6.729,76.421,27.203,6.192,3.6000,12.013,-881.900,452.358,-319.650,0.0000,0.0000,1.0000,-26.949,3.674,-0.525,Static,Wood,shape,00000226D82BD000,-,0,0,0,-
204,26663.893,0.0000,impact,ragdoll,Vicar Amelia,EA5EE489,NPC L Foot [Lft ],7,10.559,8.830,61.877,52.822,2.434,3.6000,12.013,-847.941,467.072,-319.650,-0.0000,0.0000,1.0000,52.088,4.694,-7.413,Static,Wood,shape,00000226D82BD000,-,0,0,0,-
205,26663.905,0.0000,impact,ragdoll,Vicar Amelia,EA5EE489,NPC R Foot [Rft ],8,24.288,25.723,80.607,25.928,7.483,3.6000,12.013,-882.612,452.498,-319.650,0.0000,-0.0000,1.0000,-14.992,18.706,-9.879,Static,Wood,shape,00000226D82BD000,-,0,0,0,-
206,26682.023,0.0000,impact,ragdoll,Vicar Amelia,EA5EE489,NPC R Foot [Rft ],8,12.480,5.267,65.973,19.881,7.025,3.6000,12.013,-882.956,452.807,-319.650,0.0000,-0.0000,1.0000,-3.793,17.927,7.714,Static,Wood,shape,00000226D82BD000,-,0,0,0,-
207,26700.618,0.0000,impact,ragdoll,Vicar Amelia,EA5EE489,NPC L Foot [Lft ],7,12.562,7.275,69.116,51.658,2.191,3.6000,12.013,-846.219,467.372,-319.650,0.0000,0.0000,1.0000,51.096,3.837,-6.554,Static,Wood,shape,00000226D82BD000,-,0,0,0,-
208,26701.342,0.0000,impact,ragdoll,Vicar Amelia,EA5EE489,NPC L Foot [Lft ],7,19.411,4.427,28.319,26.529,0.883,3.6000,12.013,-845.939,467.406,-319.650,0.0000,0.0000,1.0000,26.102,-0.255,-4.735,Static,Wood,shape,00000226D82BD000,-,0,0,0,-
209,26720.543,0.0000,impact,ragdoll,Vicar Amelia,EA5EE489,NPC L Foot [Lft ],7,14.600,2.525,2.102,6.655,1.112,3.6000,12.013,-845.892,467.417,-319.650,0.0000,-0.0000,1.0000,-2.549,5.417,-2.908,Static,Wood,shape,00000226D82BD000,-,0,0,0,-
210,26721.350,0.0000,impact,ragdoll,Vicar Amelia,EA5EE489,NPC R Foot [Rft ],8,6.692,0.782,72.027,20.048,8.485,3.6000,12.013,-883.404,453.651,-319.650,-0.0000,0.0000,1.0000,10.936,13.546,9.941,Static,Wood,shape,00000226D82BD000,-,0,0,0,-
211,26721.358,0.0000,impact,ragdoll,Vicar Amelia,EA5EE489,NPC L Foot [Lft ],7,12.467,1.915,0.416,25.655,3.041,3.6000,12.013,-845.935,467.467,-319.650,0.0000,-0.0000,1.0000,-20.962,14.297,-3.793,Static,Wood,shape,00000226D82BD000,-,0,0,0,-
212,26739.576,0.0000,impact,ragdoll,Vicar Amelia,EA5EE489,NPC L Foot [Lft ],7,11.416,0.809,0.816,51.292,5.456,3.6000,12.013,-846.099,467.564,-319.650,-0.0000,0.0000,1.0000,-46.248,21.513,-5.395,Static,Wood,shape,00000226D82BD000,-,0,0,0,-
213,26740.486,0.0000,impact,ragdoll,Vicar Amelia,EA5EE489,NPC L Foot [Lft ],7,8.528,-2.999,1.167,73.508,7.871,3.6000,12.013,-846.431,467.685,-319.650,-0.0000,0.0000,1.0000,-71.089,17.981,-5.142,Static,Wood,shape,00000226D82BD000,-,0,0,0,-
214,26758.385,0.0000,impact,ragdoll,Vicar Amelia,EA5EE489,NPC R Calf [RClf],4,172.768,172.768,34.407,108.339,5.812,7.2000,23.610,-856.089,437.887,-318.000,0.0000,0.0000,1.0000,47.898,-38.296,-89.311,Static,Carpet,shape,00000227A9EAF100,-,0,1,0,-
215,26778.519,0.0000,impact,ragdoll,Vicar Amelia,EA5EE489,NPC R Foot [Rft ],8,5.665,0.077,33.287,24.982,5.480,3.6000,12.013,-882.795,454.295,-319.650,-0.0000,0.0000,1.0000,11.204,-22.049,-3.527,Static,Wood,shape,00000226D82BD000,-,0,0,0,-
216,26796.022,0.0000,impact,ragdoll,Vicar Amelia,EA5EE489,NPC R Thigh [RThg],2,88.268,88.268,53.065,119.885,2.468,7.2000,24.584,-854.763,437.919,-318.000,0.0000,0.0000,1.0000,47.905,-68.947,-85.579,Static,Carpet,shape,00000227A9EAF100,-,1,1,0,-
217,26796.617,0.0000,impact,ragdoll,Vicar Amelia,EA5EE489,NPC L Thigh [LThg],1,175.293,175.293,248.721,157.810,8.136,7.2000,24.585,-831.529,449.230,-318.000,-0.0000,0.0000,1.0000,22.526,67.247,-140.976,Static,Carpet,shape,00000227A9EAF100,-,1,1,0,-
218,26796.619,0.0000,impact,ragdoll,Vicar Amelia,EA5EE489,NPC L Calf [LClf],5,196.313,196.313,234.719,209.009,6.897,7.2000,23.610,-830.693,447.501,-318.000,-0.0000,0.0000,1.0000,-23.404,182.068,-99.941,Static,Carpet,shape,00000227A9EAF100,-,1,1,0,-
219,26815.260,0.0000,impact,ragdoll,Vicar Amelia,EA5EE489,NPC R Calf [RClf],4,43.757,43.757,29.585,50.535,0.995,7.2000,23.610,-855.066,433.474,-319.650,-0.0000,-0.0000,1.0000,38.278,-13.688,-30.020,Static,Wood,shape,00000226D82BD000,-,1,1,0,-
220,26833.397,0.0000,impact,ragdoll,Vicar Amelia,EA5EE489,NPC L Calf [LClf],5,118.926,118.926,56.185,180.432,3.455,7.2000,23.610,-829.609,448.884,-319.650,-0.0000,0.0000,1.0000,88.132,54.502,-147.709,Static,Wood,shape,00000226D82BD000,-,1,0,0,-
221,26833.398,0.0000,impact,ragdoll,Vicar Amelia,EA5EE489,NPC L Calf [LClf],5,120.442,120.442,57.969,180.432,3.455,7.2000,23.610,-830.326,449.616,-319.652,0.0000,0.0000,1.0000,88.132,54.502,-147.709,Static,Wood,shape,00000226D82BD000,-,0,1,0,-
222,26833.405,0.0000,impact,ragdoll,Vicar Amelia,EA5EE489,NPC R Hand [RHnd],17,156.078,156.078,111.343,178.328,2.630,4.8000,10.000,-875.858,458.078,-300.565,-0.3381,0.2082,0.9178,61.441,44.041,-161.512,-,Skin,shape,00000227A34A1F00,4,1,1,0,-
223,26833.405,0.0000,impact,ragdoll,Vicar Amelia,EA5EE489,NPC R Calf [RClf],4,156.078,156.078,111.343,34.885,1.701,7.2000,23.610,-875.858,458.078,-300.565,-0.3381,0.2082,0.9178,30.789,-13.503,-9.308,-,Skin,shape,00000227A345B400,17,1,1,0,-
224,26851.011,0.0000,impact,ragdoll,Vicar Amelia,EA5EE489,NPC R Hand [RHnd],17,128.724,128.724,63.867,145.956,9.119,4.8000,10.000,-877.279,458.845,-304.022,-0.1501,0.1845,0.9713,52.163,14.330,-135.562,-,Skin,shape,00000227A34A1C00,8,1,1,0,-
225,26851.011,0.0000,impact,ragdoll,Vicar Amelia,EA5EE489,NPC R Foot [Rft ],8,128.724,128.724,63.867,44.290,4.084,3.6000,12.013,-877.279,458.845,-304.022,-0.1501,0.1845,0.9713,44.211,-1.570,2.119,-,Skin,shape,00000227A345B400,17,1,1,0,-
226,26943.493,0.0000,impact,ragdoll,Vicar Amelia,EA5EE489,NPC L Hand [LHnd],16,115.314,115.314,91.637,128.055,5.551,4.8000,10.000,-824.609,504.352,-319.650,0.0000,0.0000,1.0000,28.640,-47.618,-115.371,Static,Wood,shape,00000226D82BD000,-,1,1,0,-
227,27032.523,0.0000,impact,ragdoll,Vicar Amelia,EA5EE489,NPC R Hand [RHnd],17,119.787,119.787,72.427,129.823,11.017,4.8000,10.000,-879.445,459.142,-318.000,0.0000,-0.0000,1.0000,-31.804,-38.977,-119.680,Static,Carpet,shape,00000227A9EAF100,-,1,1,0,-
228,27087.427,0.0000,impact,ragdoll,Vicar Amelia,EA5EE489,NPC R Forearm [RLar],15,180.053,180.053,117.136,154.208,7.269,7.2000,13.989,-874.578,477.669,-319.650,0.0000,0.0000,1.0000,16.360,-51.389,-144.471,Static,Wood,shape,00000226D82BD000,-,1,1,0,-
229,27104.926,0.0000,impact,ragdoll,Vicar Amelia,EA5EE489,NPC R Hand [RHnd],17,77.554,77.554,199.715,113.391,17.160,4.8000,10.000,-884.027,456.746,-319.650,0.0000,0.0000,1.0000,-76.041,-32.126,-77.739,Static,Wood,shape,00000226D82BD000,-,1,1,0,-
230,27105.793,0.0000,impact,ragdoll,Vicar Amelia,EA5EE489,NPC R UpperArm [RUar],12,66.513,66.513,94.856,102.380,5.821,2.4000,17.356,-870.941,481.957,-319.650,0.0000,0.0000,1.0000,19.505,-21.527,-98.173,Static,Wood,shape,00000226D82BD000,-,1,1,0,-
231,27105.795,0.0000,impact,ragdoll,Vicar Amelia,EA5EE489,NPC R Forearm [RLar],15,24.490,24.490,65.941,68.753,4.267,7.2000,13.989,-882.411,463.563,-319.650,0.0000,-0.0000,1.0000,-25.144,-56.360,-30.304,Static,Wood,shape,00000226D82BD000,-,0,1,0,-
232,27105.796,0.0000,impact,ragdoll,Vicar Amelia,EA5EE489,NPC R Forearm [RLar],15,37.394,37.394,59.271,68.753,4.267,7.2000,13.989,-882.411,462.177,-318.025,-0.0000,0.3140,0.9494,-25.144,-56.360,-30.304,Static,Carpet,shape,00000227A9EAF100,-,1,1,0,-
233,27180.111,0.0000,impact,ragdoll,Vicar Amelia,EA5EE489,NPC Head [Head],13,150.939,150.939,46.592,156.562,2.877,4.8000,18.130,-853.859,520.781,-319.650,-0.0000,0.0000,1.0000,36.547,-14.350,-151.558,Static,Wood,shape,00000226D82BD000,-,1,1,0,-
234,27198.106,0.0000,impact,ragdoll,Vicar Amelia,EA5EE489,NPC L Forearm [LLar],14,53.256,53.256,124.127,117.537,6.985,2.4000,13.989,-805.962,487.691,-319.650,0.0000,0.0000,1.0000,30.444,-50.400,-101.725,Static,Wood,shape,00000226D82BD000,-,1,1,0,-
235,27393.033,0.0000,impact,ragdoll,Vicar Amelia,EA5EE489,NPC R Thigh [RThg],2,62.240,62.240,62.449,56.431,2.702,7.2000,24.584,-830.405,446.295,-302.748,-0.8761,-0.0642,0.4778,49.709,26.188,-5.266,-,Skin,shape,00000227A34A2B00,1,0,1,0,-
236,27393.033,0.0000,impact,ragdoll,Vicar Amelia,EA5EE489,NPC L Thigh [LThg],1,62.240,62.240,62.449,46.156,2.885,7.2000,24.585,-830.405,446.295,-302.748,-0.8761,-0.0642,0.4778,-5.678,12.725,-44.002,-,Skin,shape,00000227A34A2200,2,0,1,0,-
237,27411.835,0.0000,impact,ragdoll,Vicar Amelia,EA5EE489,NPC R Thigh [RThg],2,64.239,64.239,22.810,39.305,1.160,7.2000,24.584,-833.272,450.478,-306.791,-0.7069,-0.3880,0.5913,35.113,13.959,-10.821,-,Skin,shape,00000227A34A2800,5,1,1,0,-
238,27411.835,0.0000,impact,ragdoll,Vicar Amelia,EA5EE489,NPC L Calf [LClf],5,64.239,64.239,22.810,31.289,1.302,7.2000,23.610,-833.272,450.478,-306.791,-0.7069,-0.3880,0.5913,-28.535,-12.334,3.554,-,Skin,shape,00000227A34A2200,2,1,1,0,-
239,27542.213,0.0000,impact,ragdoll,Vicar Amelia,EA5EE489,NPC L Calf [LClf],5,43.065,43.065,1.787,6.524,0.534,7.2000,23.610,-837.926,443.195,-307.745,0.8804,0.4009,-0.2534,6.148,2.146,0.397,-,Skin,shape,00000227A34A1F00,4,1,1,0,-
240,27542.214,0.0000,impact,ragdoll,Vicar Amelia,EA5EE489,NPC R Calf [RClf],4,43.065,43.065,1.787,34.908,1.181,7.2000,23.610,-837.926,443.195,-307.745,0.8804,0.4009,-0.2534,33.776,8.132,-3.402,-,Skin,shape,00000227A34A2800,5,1,1,0,-
241,27543.021,0.0000,impact,ragdoll,Vicar Amelia,EA5EE489,NPC R Thigh [RThg],2,5.380,5.380,17.473,46.061,0.997,7.2000,24.584,-821.229,457.543,-286.806,-0.8382,-0.1392,0.5273,41.489,19.935,1.694,-,Skin,shape,00000227A34A2B00,1,0,1,0,-
242,27543.022,0.0000,impact,ragdoll,Vicar Amelia,EA5EE489,NPC L Thigh [LThg],1,5.380,5.380,17.473,27.326,1.135,7.2000,24.585,-821.229,457.543,-286.806,-0.8382,-0.1392,0.5273,24.736,5.535,-10.208,-,Skin,shape,00000227A34A2200,2,0,1,0,-
243,27562.021,0.0000,impact,ragdoll,Vicar Amelia,EA5EE489,NPC L Thigh [LThg],1,26.519,26.519,9.080,28.687,1.116,7.2000,24.585,-836.742,442.863,-306.367,0.9507,0.3041,-0.0605,25.393,9.386,-9.490,-,Skin,shape,00000227A34A1F00,4,1,1,0,-
244,27562.021,0.0000,impact,ragdoll,Vicar Amelia,EA5EE489,NPC R Calf [RClf],4,26.519,26.519,9.080,32.302,1.205,7.2000,23.610,-836.742,442.863,-306.367,0.9507,0.3041,-0.0605,29.310,13.569,0.463,-,Skin,shape,00000227A34A2B00,1,1,1,0,-
245,27619.661,0.0000,impact,ragdoll,Vicar Amelia,EA5EE489,NPC L Forearm [LLar],14,31.530,31.530,75.418,67.548,4.702,2.4000,13.989,-786.721,498.592,-319.650,-0.0000,-0.0000,1.0000,30.586,-0.753,-60.221,Static,Wood,shape,00000226D82BD000,-,1,1,0,-
246,27638.780,0.0000,impact,ragdoll,Vicar Amelia,EA5EE489,NPC R Calf [RClf],4,13.279,13.279,19.167,28.461,1.022,7.2000,23.610,-847.754,477.119,-312.452,-0.6562,-0.6640,0.3584,25.469,12.701,0.243,-,Skin,shape,00000227A34A2500,7,1,1,0,-
247,27638.780,0.0000,impact,ragdoll,Vicar Amelia,EA5EE489,NPC L Foot [Lft ],7,13.279,13.279,19.167,10.481,1.316,3.6000,12.013,-847.754,477.119,-312.452,-0.6562,-0.6640,0.3584,8.871,5.019,-2.440,-,Skin,shape,00000227A34A1F00,4,1,1,0,-
248,27675.355,0.0000,impact,ragdoll,Vicar Amelia,EA5EE489,NPC L Forearm [LLar],14,113.768,113.768,56.367,76.436,6.339,2.4000,13.989,-793.337,510.459,-319.650,-0.0000,0.0000,1.0000,19.792,-16.104,-72.051,Static,Wood,shape,00000226D82BD000,-,0,1,0,-
249,27693.812,0.0000,impact,ragdoll,Vicar Amelia,EA5EE489,NPC L UpperArm [LUar],10,43.913,43.913,116.785,84.861,5.871,2.4000,17.356,-798.028,512.292,-319.650,-0.0000,0.0000,1.0000,41.518,8.005,-73.577,Static,Wood,shape,00000226D82BD000,-,1,1,0,-
250,27709.829,0.0000,impact,ragdoll,Vicar Amelia,EA5EE489,NPC L Thigh [LThg],1,5.376,5.376,2.699,44.069,1.842,7.2000,24.585,-820.344,448.703,-319.650,-0.0000,0.0000,1.0000,29.253,21.634,-24.865,Static,Wood,shape,00000226D82BD000,-,1,1,0,-
251,27742.568,0.0000,impact,ragdoll,Vicar Amelia,EA5EE489,NPC Head [Head],13,118.577,118.577,13.219,119.993,2.299,4.8000,18.130,-834.773,531.879,-319.650,0.0000,-0.0000,1.0000,7.468,10.792,-119.273,Static,Wood,shape,00000226D82BD000,-,1,1,0,-
252,27815.481,0.0000,impact,ragdoll,Vicar Amelia,EA5EE489,NPC L UpperArm [LUar],10,63.714,59.722,50.829,32.118,5.393,2.4000,17.356,-804.847,517.187,-319.650,-0.0000,0.0000,1.0000,11.143,-5.328,-29.649,Static,Wood,shape,00000226D82BD000,-,0,0,0,-
253,27816.151,0.0000,impact,ragdoll,Vicar Amelia,EA5EE489,NPC L UpperArm [LUar],10,79.467,10.709,39.393,18.272,2.444,2.4000,17.356,-804.662,517.226,-319.650,0.0000,-0.0000,1.0000,14.606,10.978,0.047,Static,Wood,shape,00000226D82BD000,-,0,0,0,-
254,27833.624,0.0000,impact,ragdoll,Vicar Amelia,EA5EE489,NPC L UpperArm [LUar],10,83.838,14.551,15.312,17.442,2.704,2.4000,17.356,-804.451,517.407,-319.650,0.0000,0.0000,1.0000,8.180,14.520,-5.144,Static,Wood,shape,00000226D82BD000,-,0,0,0,-
255,27834.046,0.0000,impact,ragdoll,Vicar Amelia,EA5EE489,NPC Spine2 [Spn2],9,18.322,18.322,40.759,33.628,1.615,8.4000,27.663,-819.558,509.168,-319.650,-0.0000,-0.0000,1.0000,20.409,21.668,-15.646,Static,Wood,shape,00000226D82BD000,-,1,1,0,-
256,27834.335,0.0000,impact,ragdoll,Vicar Amelia,EA5EE489,NPC L UpperArm [LUar],10,67.319,12.591,6.051,17.243,2.933,2.4000,17.356,-804.295,517.597,-319.650,-0.0000,0.0000,1.0000,-1.970,17.009,-2.027,Static,Wood,shape,00000226D82BD000,-,0,0,0,-
257,27851.992,0.0000,impact,ragdoll,Vicar Amelia,EA5EE489,NPC L UpperArm [LUar],10,61.721,13.006,13.361,27.308,2.896,2.4000,17.356,-804.199,517.838,-319.650,-0.0000,0.0000,1.0000,-10.930,24.843,-3.018,Static,Wood,shape,00000226D82BD000,-,0,0,0,-
258,27852.510,0.0000,impact,ragdoll,Vicar Amelia,EA5EE489,NPC L UpperArm [LUar],10,47.391,10.259,21.823,35.525,3.030,2.4000,17.356,-804.165,518.116,-319.650,-0.0000,0.0000,1.0000,-13.667,32.790,0.258,Static,Wood,shape,00000226D82BD000,-,0,0,0,-
259,27872.009,0.0000,impact,ragdoll,Vicar Amelia,EA5EE489,NPC L UpperArm [LUar],10,41.490,7.953,24.466,40.688,3.226,2.4000,17.356,-804.146,518.454,-319.650,-0.0000,-0.0000,1.0000,-7.128,39.958,2.836,Static,Wood,shape,00000226D82BD000,-,0,0,0,-
260,27872.361,0.0000,impact,ragdoll,Vicar Amelia,EA5EE489,NPC L Calf [LClf],5,10.316,10.316,15.088,25.269,1.687,7.2000,23.610,-833.360,474.357,-319.650,-0.0000,-0.0000,1.0000,24.627,-2.180,-5.225,Static,Wood,shape,00000226D82BD000,-,0,1,0,-
261,27872.361,0.0000,impact,ragdoll,Vicar Amelia,EA5EE489,NPC L Calf [LClf],5,5.820,5.820,17.780,25.269,1.687,7.2000,23.610,-827.728,462.021,-318.000,-0.0000,0.0029,1.0000,24.627,-2.180,-5.225,Static,Carpet,shape,00000227A9EAF100,-,0,1,0,-
262,27872.635,0.0000,impact,ragdoll,Vicar Amelia,EA5EE489,NPC L UpperArm [LUar],10,38.935,6.491,19.683,44.187,3.791,2.4000,17.356,-804.089,518.891,-319.650,-0.0000,0.0000,1.0000,3.156,43.799,4.918,Static,Wood,shape,00000226D82BD000,-,0,0,0,-
263,27890.843,0.0000,impact,ragdoll,Vicar Amelia,EA5EE489,NPC L UpperArm [LUar],10,22.325,3.301,28.692,43.412,2.345,2.4000,17.356,-804.017,519.154,-319.650,0.0000,0.0000,1.0000,8.623,41.915,7.304,Static,Wood,shape,00000226D82BD000,-,0,0,0,-
264,27891.753,0.0000,impact,ragdoll,Vicar Amelia,EA5EE489,NPC L UpperArm [LUar],10,29.971,4.922,37.532,44.354,0.942,2.4000,17.356,-803.918,519.521,-319.650,0.0000,0.0000,1.0000,12.426,42.575,-0.485,Static,Wood,shape,00000226D82BD000,-,0,0,0,-
265,27911.266,0.0000,impact,ragdoll,Vicar Amelia,EA5EE489,NPC L UpperArm [LUar],10,25.421,4.349,31.419,50.959,2.184,2.4000,17.356,-803.805,519.822,-319.650,-0.0000,0.0000,1.0000,19.045,46.605,-7.882,Static,Wood,shape,00000226D82BD000,-,0,0,0,-
266,27912.081,0.0000,impact,ragdoll,Vicar Amelia,EA5EE489,NPC L UpperArm [LUar],10,20.662,3.554,18.686,47.968,3.763,2.4000,17.356,-803.650,520.124,-319.650,0.0000,0.0000,1.0000,22.143,40.861,-11.874,Static,Wood,shape,00000226D82BD000,-,0,0,0,-
267,27930.434,0.0000,impact,ragdoll,Vicar Amelia,EA5EE489,NPC R Calf [RClf],4,6.162,6.162,36.391,17.575,2.356,7.2000,23.610,-853.295,465.923,-319.650,-0.0000,0.0000,1.0000,13.870,5.524,9.273,Static,Wood,shape,00000226D82BD000,-,1,1,0,-
268,27930.750,0.0000,impact,ragdoll,Vicar Amelia,EA5EE489,NPC L UpperArm [LUar],10,18.235,2.397,0.738,40.552,4.844,2.4000,17.356,-803.464,520.365,-319.650,0.0000,0.0000,1.0000,25.445,29.960,-9.970,Static,Wood,shape,00000226D82BD000,-,0,0,0,-
269,27931.418,0.0000,impact,ragdoll,Vicar Amelia,EA5EE489,NPC L UpperArm [LUar],10,20.874,2.632,0.607,35.533,4.100,2.4000,17.356,-803.231,520.634,-319.650,0.0000,-0.0000,1.0000,23.239,24.750,-10.489,Static,Wood,shape,00000226D82BD000,-,0,0,0,-
270,27951.061,0.0000,impact,ragdoll,Vicar Amelia,EA5EE489,NPC L UpperArm [LUar],10,15.862,2.348,4.963,33.341,3.542,2.4000,17.356,-803.044,520.844,-319.650,0.0000,-0.0000,1.0000,20.813,24.332,-9.295,Static,Wood,shape,00000226D82BD000,-,0,0,0,-
271,27951.744,0.0000,impact,ragdoll,Vicar Amelia,EA5EE489,NPC L UpperArm [LUar],10,10.788,1.691,10.789,31.082,2.909,2.4000,17.356,-802.872,521.057,-319.650,-0.0000,-0.0000,1.0000,18.494,23.938,-7.141,Static,Wood,shape,00000226D82BD000,-,0,0,0,-
272,27971.480,0.0000,impact,ragdoll,Vicar Amelia,EA5EE489,NPC L UpperArm [LUar],10,8.985,1.589,9.205,29.202,2.845,2.4000,17.356,-802.708,521.285,-319.650,0.0000,-0.0000,1.0000,15.351,24.321,-5.060,Static,Wood,shape,00000226D82BD000,-,0,0,0,-
273,27972.290,0.0000,impact,ragdoll,Vicar Amelia,EA5EE489,NPC L UpperArm [LUar],10,7.747,1.226,6.938,27.551,2.741,2.4000,17.356,-802.557,521.518,-319.650,0.0000,-0.0000,1.0000,14.489,23.051,-4.214,Static,Wood,shape,00000226D82BD000,-,0,0,0,-
274,27991.592,0.0000,impact,ragdoll,Vicar Amelia,EA5EE489,NPC L UpperArm [LUar],10,6.368,1.215,3.974,28.358,3.057,2.4000,17.356,-802.416,521.742,-319.650,-0.0000,0.0000,1.0000,14.838,23.680,-4.828,Static,Wood,shape,00000226D82BD000,-,0,0,0,-
275,27992.174,0.0000,impact,ragdoll,Vicar Amelia,EA5EE489,NPC L UpperArm [LUar],10,5.441,0.959,1.445,27.231,3.135,2.4000,17.356,-802.270,521.962,-319.650,0.0000,-0.0000,1.0000,15.593,21.641,-5.482,Static,Wood,shape,00000226D82BD000,-,0,0,0,-
276,28109.482,0.0000,impact,ragdoll,Vicar Amelia,EA5EE489,NPC L Thigh [LThg],1,17.716,17.716,14.500,12.359,1.034,7.2000,24.585,-802.893,476.877,-319.690,0.0000,0.0000,1.0000,1.908,6.492,-10.342,Static,Wood,shape,00000226D82BD000,-,0,1,0,-
277,28195.967,0.0000,impact,ragdoll,Vicar Amelia,EA5EE489,NPC L Thigh [LThg],1,7.315,7.315,2.050,9.542,0.588,7.2000,24.585,-807.023,462.022,-318.000,0.0000,0.0053,1.0000,1.923,5.251,-7.731,Static,Carpet,shape,00000227A9EAF100,-,0,1,0,-
278,28305.113,0.0000,impact,ragdoll,Vicar Amelia,EA5EE489,NPC L Thigh [LThg],1,8.198,8.198,1.001,4.830,0.578,7.2000,24.585,-798.526,473.754,-319.650,0.0000,-0.0000,1.0000,2.442,4.128,-0.571,Static,Wood,shape,00000226D82BD000,-,0,1,0,-
279,28343.812,0.0000,impact,ragdoll,Vicar Amelia,EA5EE489,NPC Spine2 [Spn2],9,9.627,9.627,28.584,23.179,0.795,8.4000,27.663,-808.019,517.258,-319.650,-0.0000,-0.0000,1.0000,18.891,9.101,-9.878,Static,Wood,shape,00000226D82BD000,-,1,1,0,-
280,28384.614,0.0000,impact,ragdoll,Vicar Amelia,EA5EE489,NPC R Foot [Rft ],8,6.819,6.819,7.481,5.268,1.318,3.6000,12.013,-856.842,469.673,-319.650,0.0000,-0.0000,1.0000,-3.869,1.183,-3.374,Static,Wood,shape,00000226D82BD000,-,0,1,0,-
281,28425.645,0.0000,impact,ragdoll,Vicar Amelia,EA5EE489,NPC Spine [Spn0],3,18.106,18.106,7.134,22.274,0.772,4.8000,20.756,-799.387,487.231,-319.650,0.0000,-0.0000,1.0000,5.422,11.360,-18.376,Static,Wood,shape,00000226D82BD000,-,1,1,0,-
282,28445.730,0.0000,impact,ragdoll,Vicar Amelia,EA5EE489,NPC COM [COM ],0,6.065,6.065,0.528,11.905,0.784,48.0000,21.224,-799.750,477.673,-319.650,0.0000,0.0000,1.0000,-3.789,9.122,-6.644,Static,Wood,shape,00000226D82BD000,-,1,1,0,-
283,28466.347,0.0000,impact,ragdoll,Vicar Amelia,EA5EE489,NPC Spine1 [Spn1],6,15.875,15.875,17.448,20.439,1.065,4.8000,22.654,-800.989,501.300,-319.650,-0.0000,0.0000,1.0000,7.338,8.683,-16.987,Static,Wood,shape,00000226D82BD000,-,1,1,0,-
284,28563.147,0.0000,impact,ragdoll,Vicar Amelia,EA5EE489,NPC Spine1 [Spn1],6,6.320,6.320,15.224,7.902,0.806,4.8000,22.654,-783.036,507.833,-311.020,-0.9219,-0.3382,0.1890,2.788,3.874,-6.298,-,Skin,shape,00000227A345AE00,14,1,1,0,-
285,28563.147,0.0000,impact,ragdoll,Vicar Amelia,EA5EE489,NPC L Forearm [LLar],14,6.320,6.320,15.224,1.784,1.492,2.4000,13.989,-783.036,507.833,-311.020,-0.9219,-0.3382,0.1890,-0.955,1.044,1.088,-,Skin,shape,00000227A34A0700,6,1,1,0,-
286,29082.370,0.0000,impact,ragdoll,Vicar Amelia,EA5EE489,NPC Spine [Spn0],3,9.384,9.384,12.112,0.199,0.007,4.8000,20.756,-782.571,490.675,-312.460,-0.9577,-0.1584,0.2402,0.003,0.163,-0.115,-,Skin,shape,00000227A345AB00,16,1,1,0,-
287,29082.371,0.0000,impact,ragdoll,Vicar Amelia,EA5EE489,NPC L Hand [LHnd],16,9.384,9.384,12.112,9.609,1.726,4.8000,10.000,-782.571,490.675,-312.460,-0.9577,-0.1584,0.2402,-9.402,-1.983,-0.062,-,Skin,shape,00000227A34A0A00,3,1,1,0,-
288,29238.295,0.0000,impact,ragdoll,Vicar Amelia,EA5EE489,NPC Spine1 [Spn1],6,8.349,8.349,11.987,0.466,0.013,4.8000,22.654,-783.526,493.922,-312.300,-0.8572,0.4375,0.2718,-0.171,-0.016,-0.434,-,Skin,shape,00000227A345AB00,16,1,1,0,-
289,29238.296,0.0000,impact,ragdoll,Vicar Amelia,EA5EE489,NPC L Hand [LHnd],16,8.349,8.349,11.987,10.469,1.875,4.8000,10.000,-783.526,493.922,-312.300,-0.8572,0.4375,0.2718,-10.394,-1.244,-0.076,-,Skin,shape,00000227A34A0700,6,1,1,0,-
290,29258.589,0.0000,impact,ragdoll,Vicar Amelia,EA5EE489,NPC R Hand [RHnd],17,42.912,42.912,28.536,47.249,1.082,4.8000,10.000,-848.642,480.502,-310.578,-0.4560,0.5344,0.7116,36.556,-21.610,-20.716,-,Skin,shape,00000227A34A2500,7,1,1,0,-
291,29258.589,0.0000,impact,ragdoll,Vicar Amelia,EA5EE489,NPC L Foot [Lft ],7,42.912,42.912,28.536,0.044,0.007,3.6000,12.013,-848.642,480.502,-310.578,-0.4560,0.5344,0.7116,0.008,-0.043,-0.003,-,Skin,shape,00000227A345B400,17,1,1,0,-
292,29298.893,0.0000,impact,ragdoll,Vicar Amelia,EA5EE489,NPC R Hand [RHnd],17,22.373,22.373,43.737,41.914,0.635,4.8000,10.000,-854.831,475.448,-307.945,0.1049,0.8836,0.4564,32.198,-18.973,-18.977,-,Skin,shape,00000227A34A1F00,4,1,1,0,-
293,29298.894,0.0000,impact,ragdoll,Vicar Amelia,EA5EE489,NPC R Calf [RClf],4,22.373,22.373,43.737,0.519,0.029,7.2000,23.610,-854.831,475.448,-307.945,0.1049,0.8836,0.4564,-0.456,0.238,0.074,-,Skin,shape,00000227A345B400,17,1,1,0,-
294,29399.744,0.0000,impact,ragdoll,Vicar Amelia,EA5EE489,NPC Spine [Spn0],3,5.836,5.836,5.199,1.253,0.078,4.8000,20.756,-784.622,496.520,-311.975,-0.8453,-0.4925,0.2072,-0.768,0.522,-0.840,-,Skin,shape,00000227A345AE00,14,1,1,0,-
295,29399.744,0.0000,impact,ragdoll,Vicar Amelia,EA5EE489,NPC L Forearm [LLar],14,5.836,5.836,5.199,3.861,0.439,2.4000,13.989,-784.622,496.520,-311.975,-0.8453,-0.4925,0.2072,-3.852,-0.251,0.030,-,Skin,shape,00000227A34A0A00,3,1,1,0,-
296,29419.637,0.0000,impact,ragdoll,Vicar Amelia,EA5EE489,NPC R Hand [RHnd],17,55.775,55.775,31.753,57.897,1.327,4.8000,10.000,-838.638,477.905,-310.595,-0.7573,0.5148,0.4017,47.205,-15.551,-29.697,-,Skin,shape,00000227A34A2800,5,1,1,0,-
297,29419.638,0.0000,impact,ragdoll,Vicar Amelia,EA5EE489,NPC L Calf [LClf],5,55.775,55.775,31.753,0.482,0.027,7.2000,23.610,-838.638,477.905,-310.595,-0.7573,0.5148,0.4017,-0.087,0.235,0.411,-,Skin,shape,00000227A345B400,17,1,1,0,-
298,29572.053,0.0000,impact,ragdoll,Vicar Amelia,EA5EE489,NPC COM [COM ],0,8.446,8.446,32.334,1.404,0.081,48.0000,21.224,-786.863,488.601,-312.213,-0.7906,-0.5384,0.2916,1.374,0.261,0.131,-,Skin,shape,00000227A345AB00,16,1,1,0,-
299,29572.054,0.0000,impact,ragdoll,Vicar Amelia,EA5EE489,NPC L Hand [LHnd],16,8.446,8.446,32.334,11.837,3.827,4.8000,10.000,-786.863,488.601,-312.213,-0.7906,-0.5384,0.2916,-11.505,2.782,0.077,-,-,-,00000227A34A2E00,0,1,1,0,-
300,33044.062,0.0000,state,unknown,Vicar Amelia,0001A67D,-,-,0.000,0.000,0.000,0.000,0.000,0.0000,0.000,0.000,0.000,0.000,0.0000,0.0000,0.0000,0.000,0.000,0.000,-,-,-,0000000000000000,-,0,0,0,ragdoll_start
301,33068.704,0.0000,impact,ragdoll,Vicar Amelia,0001A67D,NPC R Forearm [RLar],15,5.657,5.657,15.796,45.317,4.967,6.0000,11.658,-342.492,853.189,-158.213,0.6909,0.0254,-0.7225,-31.199,31.281,10.090,-,Skin,shape,00000227AE009900,9,1,1,0,-
302,33068.705,0.0000,impact,ragdoll,Vicar Amelia,0001A67D,NPC Spine2 [Spn2],9,5.657,5.657,15.796,32.823,1.453,7.0000,23.052,-342.492,853.189,-158.213,0.6909,0.0254,-0.7225,-5.723,-31.339,-7.902,-,Skin,shape,00000227AE008D00,15,1,1,0,-
303,33068.706,0.0000,impact,ragdoll,Vicar Amelia,0001A67D,NPC L Hand [LHnd],16,14.008,14.008,36.495,96.318,3.907,4.0000,8.334,-366.214,849.229,-180.589,-0.9822,0.1716,0.0765,-11.022,-95.683,-0.546,-,-,-,00000227AE00AE00,0,1,1,0,-
304,33068.706,0.0000,impact,ragdoll,Vicar Amelia,0001A67D,NPC COM [COM ],0,14.008,14.008,36.495,47.420,1.801,50.0000,17.687,-366.214,849.229,-180.589,-0.9822,0.1716,0.0765,-16.183,-41.775,-15.543,-,Skin,shape,00000227AE008100,16,1,1,0,-
305,33068.706,0.0000,impact,ragdoll,Vicar Amelia,0001A67D,NPC L Hand [LHnd],16,18.991,18.991,45.697,96.318,3.907,4.0000,8.334,-366.805,847.871,-182.714,-0.9161,0.2917,0.2751,-11.022,-95.683,-0.546,-,Skin,shape,00000227AE00B400,1,1,1,0,-
306,33068.706,0.0000,impact,ragdoll,Vicar Amelia,0001A67D,NPC L Thigh [LThg],1,18.991,18.991,45.697,37.735,2.076,6.0000,20.487,-366.805,847.871,-182.714,-0.9161,0.2917,0.2751,-22.888,-14.387,-26.327,-,Skin,shape,00000227AE008100,16,1,1,0,-
307,33068.707,0.0000,impact,ragdoll,Vicar Amelia,0001A67D,NPC L Hand [LHnd],16,8.125,8.125,17.184,96.318,3.907,4.0000,8.334,-365.935,849.906,-176.030,-0.9370,0.0991,-0.3351,-11.022,-95.683,-0.546,-,Skin,shape,00000227AE009F00,3,1,1,0,-
308,33068.707,0.0000,impact,ragdoll,Vicar Amelia,0001A67D,NPC Spine [Spn0],3,8.125,8.125,17.184,42.397,1.158,4.0000,17.297,-365.935,849.906,-176.030,-0.9370,0.0991,-0.3351,-9.698,-38.725,-14.275,-,Skin,shape,00000227AE008100,16,1,1,0,-
309,33171.749,0.0000,impact,ragdoll,Vicar Amelia,0001A67D,NPC R Calf [RClf],4,12.935,12.935,108.460,94.610,2.111,6.0000,19.675,-348.535,863.726,-227.684,0.0001,-0.6637,0.7480,-13.350,-55.250,-75.632,Static,WoodStairs,shape,00000227A9BEF400,-,1,0,0,-
310,33171.750,0.0000,impact,ragdoll,Vicar Amelia,0001A67D,NPC R Calf [RClf],4,12.935,12.935,108.460,94.610,2.111,6.0000,19.675,-348.535,863.726,-227.684,0.0001,-0.6637,0.7480,-13.350,-55.250,-75.632,Static,WoodStairs,shape,00000227A9BEF400,-,0,1,0,-
311,33212.748,0.0000,impact,ragdoll,Vicar Amelia,0001A67D,NPC R Foot [Rft ],8,118.371,118.371,133.148,146.142,4.688,3.0000,10.011,-346.522,851.588,-241.554,-0.0000,-0.0000,1.0000,3.224,-99.345,-107.133,Static,WoodStairs,shape,00000227A9BEF400,-,1,1,0,-
312,33235.060,0.0000,impact,ragdoll,Vicar Amelia,0001A67D,NPC L Calf [LClf],5,74.555,74.555,102.666,111.750,2.937,6.0000,19.675,-362.030,831.846,-241.614,-0.0000,-0.5597,0.8287,-16.625,-11.234,-109.933,Static,WoodStairs,shape,00000227A9BEF400,-,1,0,0,-
313,33235.062,0.0000,impact,ragdoll,Vicar Amelia,0001A67D,NPC L Calf [LClf],5,74.555,74.555,102.666,111.750,2.937,6.0000,19.675,-362.030,831.846,-241.614,-0.0000,-0.5597,0.8287,-16.625,-11.234,-109.933,Static,WoodStairs,shape,00000227A9BEF400,-,0,1,0,-
314,33235.063,0.0000,impact,ragdoll,Vicar Amelia,0001A67D,NPC R Foot [Rft ],8,44.736,44.736,77.975,93.468,2.889,3.0000,10.011,-346.741,845.837,-241.614,0.0000,0.0000,1.0000,6.033,-83.204,-42.154,Static,WoodStairs,shape,00000227A9BEF400,-,0,1,0,-
315,33254.853,0.0000,impact,ragdoll,Vicar Amelia,0001A67D,NPC R Foot [Rft ],8,5.053,5.053,166.961,125.271,6.891,3.0000,10.011,-346.387,845.820,-241.618,0.0000,0.0000,1.0000,21.922,-122.978,-9.413,Static,WoodStairs,shape,00000227A9BEF400,-,0,1,0,-
316,33277.240,0.0000,impact,ragdoll,Vicar Amelia,0001A67D,NPC R Calf [RClf],4,29.166,29.166,121.797,75.793,6.052,6.0000,19.675,-359.946,841.863,-224.234,0.9193,0.3199,-0.2295,-23.987,-44.069,-56.808,-,Skin,shape,00000227AE00B400,1,1,1,0,-
317,33277.241,0.0000,impact,ragdoll,Vicar Amelia,0001A67D,NPC L Thigh [LThg],1,29.166,29.166,121.797,147.491,1.468,6.0000,20.487,-359.946,841.863,-224.234,0.9193,0.3199,-0.2295,-28.594,-18.161,-143.549,-,Skin,shape,00000227AE00A500,4,1,1,0,-
318,33277.244,0.0000,impact,ragdoll,Vicar Amelia,0001A67D,NPC R Foot [Rft ],8,14.525,14.525,212.226,133.814,12.340,3.0000,10.011,-344.929,845.417,-241.571,0.0000,0.0000,1.0000,2.319,-132.762,16.584,Static,WoodStairs,shape,00000227A9BEF400,-,1,0,0,-
319,33319.599,0.0000,impact,ragdoll,Vicar Amelia,0001A67D,NPC L Foot [Lft ],7,91.681,91.681,155.806,117.595,7.945,3.0000,10.011,-364.094,815.879,-255.650,0.0000,0.0000,1.0000,1.617,-84.673,-81.587,Static,Wood,shape,00000226D832D300,-,1,1,0,-
320,33341.587,0.0000,impact,ragdoll,Vicar Amelia,0001A67D,NPC L Hand [LHnd],16,86.805,86.805,73.919,127.989,6.631,4.0000,8.334,-368.527,833.318,-192.807,-0.6448,-0.4998,-0.5783,54.002,-80.517,-83.559,-,Skin,shape,00000227AE009C00,6,1,1,0,-
321,33341.588,0.0000,impact,ragdoll,Vicar Amelia,0001A67D,NPC Spine1 [Spn1],6,86.805,86.805,73.919,143.445,3.597,4.0000,18.878,-368.527,833.318,-192.807,-0.6448,-0.4998,-0.5783,-77.568,-68.165,-99.566,-,Skin,shape,00000227AE008100,16,1,1,0,-
322,33362.643,0.0000,impact,ragdoll,Vicar Amelia,0001A67D,NPC L Calf [LClf],5,65.436,65.436,24.788,81.345,10.003,6.0000,19.675,-370.329,838.639,-241.554,0.0000,0.0000,1.0000,-14.853,53.061,59.841,Static,WoodStairs,shape,00000227A9BEF400,-,0,1,0,-
323,33362.650,0.0000,impact,ragdoll,Vicar Amelia,0001A67D,NPC R Forearm [RLar],15,30.940,30.940,3.720,106.543,6.539,6.0000,11.658,-349.658,848.565,-203.487,0.4681,0.5741,0.6719,-53.471,-43.328,-81.333,-,Skin,shape,00000227AE00A800,2,1,1,0,-
324,33362.651,0.0000,impact,ragdoll,Vicar Amelia,0001A67D,NPC R Thigh [RThg],2,30.940,30.940,3.720,62.414,5.768,6.0000,20.487,-349.658,848.565,-203.487,0.4681,0.5741,0.6719,-13.870,-59.072,-14.619,-,Skin,shape,00000227AE008D00,15,1,1,0,-
325,33382.413,0.0000,impact,ragdoll,Vicar Amelia,0001A67D,NPC L Thigh [LThg],1,29.807,29.807,42.448,43.957,3.537,6.0000,20.487,-369.258,838.749,-241.554,0.0000,0.0000,1.0000,-12.874,-25.406,-33.482,Static,WoodStairs,shape,00000227A9BEF400,-,1,1,0,-
326,33403.443,0.0000,impact,ragdoll,Vicar Amelia,0001A67D,NPC L Forearm [LLar],14,68.035,68.035,50.565,98.616,3.350,2.0000,11.658,-367.455,827.815,-201.402,-0.5780,-0.5835,0.5705,10.658,-94.392,-26.491,-,-,-,00000227AE00AE00,0,1,1,0,-
327,33403.444,0.0000,impact,ragdoll,Vicar Amelia,0001A67D,NPC COM [COM ],0,68.035,68.035,50.565,90.128,9.183,50.0000,17.687,-367.455,827.815,-201.402,-0.5780,-0.5835,0.5705,-37.722,-81.812,-2.653,-,Skin,shape,00000227AE008400,14,1,1,0,-
328,33443.030,0.0000,impact,ragdoll,Vicar Amelia,0001A67D,NPC R Forearm [RLar],15,47.181,47.181,95.315,88.086,11.728,6.0000,11.658,-351.336,853.122,-209.164,-0.0732,0.4871,0.8703,-41.954,-24.875,-73.351,-,Skin,shape,00000227AE00A800,2,1,1,0,-
329,33443.031,0.0000,impact,ragdoll,Vicar Amelia,0001A67D,NPC R Thigh [RThg],2,47.181,47.181,95.315,59.998,9.354,6.0000,20.487,-351.336,853.122,-209.164,-0.0732,0.4871,0.8703,20.261,-52.926,-19.700,-,Skin,shape,00000227AE008D00,15,1,1,0,-
330,33465.362,0.0000,impact,ragdoll,Vicar Amelia,0001A67D,NPC R Hand [RHnd],17,48.136,48.136,158.263,234.722,14.430,4.0000,8.334,-351.569,858.155,-215.896,-0.5168,0.5941,0.6165,-3.982,-114.981,-204.592,-,Skin,shape,00000227AE00A800,2,1,1,0,-
331,33465.363,0.0000,impact,ragdoll,Vicar Amelia,0001A67D,NPC R Thigh [RThg],2,48.136,48.136,158.263,97.396,7.365,6.0000,20.487,-351.569,858.155,-215.896,-0.5168,0.5941,0.6165,9.654,-71.779,-65.120,-,Skin,shape,00000227AE008A00,17,1,1,0,-
332,33483.207,0.0000,impact,ragdoll,Vicar Amelia,0001A67D,NPC R Calf [RClf],4,36.893,36.893,200.922,180.482,6.653,6.0000,19.675,-326.584,844.176,-241.604,0.0000,0.0000,1.0000,115.779,-113.133,-79.812,Static,WoodStairs,shape,00000227A9BEF400,-,0,1,0,-
333,33565.042,0.0000,impact,ragdoll,Vicar Amelia,0001A67D,NPC R Calf [RClf],4,64.849,64.849,281.461,160.569,9.366,6.0000,19.675,-340.618,845.161,-241.565,0.0000,0.0000,1.0000,72.857,-143.010,4.747,Static,WoodStairs,shape,00000227A9BEF400,-,0,1,0,-
334,33583.843,0.0000,impact,ragdoll,Vicar Amelia,0001A67D,NPC L Foot [Lft ],7,82.793,82.793,105.644,90.963,6.756,3.0000,10.011,-361.998,806.880,-255.650,-0.0000,-0.0000,1.0000,-8.462,46.408,-77.775,Static,Wood,shape,00000226D832D300,-,1,1,0,-
335,33583.851,0.0000,impact,ragdoll,Vicar Amelia,0001A67D,NPC R Forearm [RLar],15,21.128,21.128,50.279,104.105,4.894,6.0000,11.658,-359.273,837.431,-195.893,-0.0253,0.9796,-0.1992,-64.374,-72.148,-38.579,-,Skin,shape,00000227AE009C00,6,1,1,0,-
336,33583.851,0.0000,impact,ragdoll,Vicar Amelia,0001A67D,NPC Spine1 [Spn1],6,21.128,21.128,50.279,67.153,4.966,4.0000,18.878,-359.273,837.431,-195.893,-0.0253,0.9796,-0.1992,-19.645,-49.799,-40.542,-,Skin,shape,00000227AE008D00,15,1,1,0,-
337,33644.412,0.0000,impact,ragdoll,Vicar Amelia,0001A67D,NPC R Calf [RClf],4,6.795,6.795,138.492,110.885,2.324,6.0000,19.675,-337.013,832.010,-241.555,0.0000,-0.0921,0.9958,26.787,-107.060,-10.779,Static,WoodStairs,shape,00000227A9BEF400,-,0,1,0,-
338,33725.640,0.0000,impact,ragdoll,Vicar Amelia,0001A67D,NPC L Calf [LClf],5,55.263,55.263,188.187,195.496,3.826,6.0000,19.675,-358.149,805.102,-255.650,0.0000,0.0000,1.0000,45.909,-166.628,-91.359,Static,Wood,shape,00000226D832D300,-,1,1,0,-
339,33763.367,0.0000,impact,ragdoll,Vicar Amelia,0001A67D,NPC L Calf [LClf],5,132.357,132.357,252.351,227.457,4.906,6.0000,19.675,-378.799,811.139,-255.650,-0.0000,0.0000,1.0000,82.289,-195.241,-82.743,Static,Wood,shape,00000226D832D300,-,0,1,0,-
340,33782.761,0.0000,impact,ragdoll,Vicar Amelia,0001A67D,NPC L Calf [LClf],5,68.257,68.257,121.986,174.794,6.369,6.0000,19.675,-359.099,796.342,-255.662,0.0000,0.0000,1.0000,-8.323,-154.910,-80.538,Static,Wood,shape,00000226D832D300,-,0,1,0,-
341,33783.566,0.0000,impact,ragdoll,Vicar Amelia,0001A67D,NPC R Hand [RHnd],17,114.915,114.915,152.812,164.489,7.413,4.0000,8.334,-375.231,832.934,-241.554,0.0000,-0.0000,1.0000,-76.841,-89.161,-114.901,Static,WoodStairs,shape,00000227A9BEF400,-,1,1,0,-
342,33802.240,0.0000,impact,ragdoll,Vicar Amelia,0001A67D,NPC L Thigh [LThg],1,20.415,20.415,179.387,104.082,4.322,6.0000,20.487,-376.283,804.584,-255.650,-0.0000,-0.0000,1.0000,-7.303,-98.969,-31.383,Static,Wood,shape,00000226D832D300,-,1,1,0,-
343,33802.985,0.0000,impact,ragdoll,Vicar Amelia,0001A67D,NPC R Calf [RClf],4,106.789,106.789,169.971,159.922,4.962,6.0000,19.675,-337.018,813.278,-255.650,-0.0000,0.0000,1.0000,-15.496,-112.330,-112.769,Static,Wood,shape,00000226D832D300,-,1,1,0,-
344,33802.990,0.0000,impact,ragdoll,Vicar Amelia,0001A67D,NPC L Forearm [LLar],14,43.610,43.610,98.225,102.961,3.990,2.0000,11.658,-362.772,802.730,-218.162,0.1133,-0.6827,0.7219,25.189,-8.211,-99.494,-,-,-,00000227AE00AE00,0,1,1,0,-
345,33802.990,0.0000,impact,ragdoll,Vicar Amelia,0001A67D,NPC COM [COM ],0,43.610,43.610,98.225,92.982,7.794,50.0000,17.687,-362.772,802.730,-218.162,0.1133,-0.6827,0.7219,8.899,-49.717,-78.069,-,Skin,shape,00000227AE008400,14,1,1,0,-
346,33802.993,0.0000,impact,ragdoll,Vicar Amelia,0001A67D,NPC R Forearm [RLar],15,84.470,84.470,130.113,71.212,4.902,6.0000,11.658,-373.186,829.493,-208.230,-0.1867,0.5012,-0.8449,-41.528,-45.990,-35.093,-,Skin,shape,00000227AE009900,9,1,1,0,-
347,33802.993,0.0000,impact,ragdoll,Vicar Amelia,0001A67D,NPC Spine2 [Spn2],9,84.470,84.470,130.113,102.735,5.792,7.0000,23.052,-373.186,829.493,-208.230,-0.1867,0.5012,-0.8449,-43.177,24.313,-89.995,-,Skin,shape,00000227AE008D00,15,1,1,0,-
348,33821.820,0.0000,impact,ragdoll,Vicar Amelia,0001A67D,NPC R Thigh [RThg],2,34.606,34.606,97.257,79.318,2.335,6.0000,20.487,-341.026,811.381,-255.650,0.0000,0.0000,1.0000,-4.666,-62.742,-48.302,Static,Wood,shape,00000226D832D300,-,1,1,0,-
349,33821.826,0.0000,impact,ragdoll,Vicar Amelia,0001A67D,NPC L Foot [Lft ],7,78.610,78.610,189.476,148.531,10.509,3.0000,10.011,-350.857,794.980,-255.730,0.0000,0.0000,1.0000,-43.809,-141.541,-10.407,Static,Wood,shape,00000226D832D300,-,0,1,0,-
350,33840.908,0.0000,impact,ragdoll,Vicar Amelia,0001A67D,NPC R Foot [Rft ],8,181.159,181.159,123.157,201.192,5.151,3.0000,10.011,-302.570,805.624,-255.650,0.0000,0.0000,1.0000,8.761,-103.078,-172.559,Static,Wood,shape,00000226D832D300,-,1,1,0,-
351,33841.747,0.0000,impact,ragdoll,Vicar Amelia,0001A67D,NPC L Forearm [LLar],14,35.181,35.181,18.700,68.108,2.502,2.0000,11.658,-364.348,800.314,-222.146,0.3495,-0.4745,0.8079,7.324,19.549,-64.829,-,Skin,shape,00000227AE00B400,1,1,1,0,-
352,33841.748,0.0000,impact,ragdoll,Vicar Amelia,0001A67D,NPC L Thigh [LThg],1,35.181,35.181,18.700,118.909,6.876,6.0000,20.487,-364.348,800.314,-222.146,0.3495,-0.4745,0.8079,-12.101,-116.216,-22.064,-,Skin,shape,00000227AE008400,14,1,1,0,-
353,33879.626,0.0000,impact,ragdoll,Vicar Amelia,0001A67D,NPC L Calf [LClf],5,62.333,62.333,178.780,190.806,7.393,6.0000,19.675,-355.452,784.052,-255.650,0.0000,0.0000,1.0000,21.542,-187.463,-28.292,Static,Wood,shape,00000226D832D300,-,0,1,0,-
354,33918.561,0.0000,impact,ragdoll,Vicar Amelia,0001A67D,NPC L Hand [LHnd],16,37.216,37.216,61.175,84.999,6.159,4.0000,8.334,-365.133,804.891,-220.567,0.4493,-0.8670,-0.2153,10.423,17.421,-82.539,-,Skin,shape,00000227AE009C00,6,1,1,0,-
355,33918.562,0.0000,impact,ragdoll,Vicar Amelia,0001A67D,NPC Spine1 [Spn1],6,37.216,37.216,61.175,123.007,1.969,4.0000,18.878,-365.133,804.891,-220.567,0.4493,-0.8670,-0.2153,-33.763,-38.623,-111.799,-,Skin,shape,00000227AE008100,16,1,1,0,-
356,33938.505,0.0000,impact,ragdoll,Vicar Amelia,0001A67D,NPC R Hand [RHnd],17,145.451,145.451,83.420,172.994,6.709,4.0000,8.334,-386.337,822.578,-255.650,0.0000,-0.0000,1.0000,-71.833,-60.169,-145.418,Static,Wood,shape,00000226D832D300,-,1,1,0,-
357,33958.111,0.0000,impact,ragdoll,Vicar Amelia,0001A67D,NPC R Forearm [RLar],15,79.728,79.728,97.549,73.233,8.660,6.0000,11.658,-373.851,819.980,-234.655,-0.7417,0.6707,-0.0073,-10.999,-65.445,-30.968,-,Skin,shape,00000227AE009F00,3,1,1,0,-
358,33958.112,0.0000,impact,ragdoll,Vicar Amelia,0001A67D,NPC Spine [Spn0],3,79.728,79.728,97.549,132.526,2.195,4.0000,17.297,-373.851,819.980,-234.655,-0.7417,0.6707,-0.0073,-53.025,-13.640,-120.687,-,Skin,shape,00000227AE008D00,15,1,1,0,-
359,33997.371,0.0000,impact,ragdoll,Vicar Amelia,0001A67D,NPC COM [COM ],0,121.037,121.037,76.713,119.785,5.613,50.0000,17.687,-365.127,808.402,-255.650,-0.0000,-0.0000,1.0000,-22.805,-26.748,-114.512,Static,Wood,shape,00000226D832D300,-,1,1,0,-
360,33998.009,0.0000,impact,ragdoll,Vicar Amelia,0001A67D,NPC L Forearm [LLar],14,129.027,129.027,78.170,150.292,2.126,2.0000,11.658,-364.132,800.178,-234.261,0.2903,-0.3632,0.8853,-25.481,22.692,-146.367,-,-,-,00000227AE00AE00,0,1,1,0,-
361,33998.009,0.0000,impact,ragdoll,Vicar Amelia,0001A67D,NPC COM [COM ],0,129.027,129.027,78.170,29.098,2.299,50.0000,17.687,-364.132,800.178,-234.261,0.2903,-0.3632,0.8853,-24.754,-15.250,1.195,-,Skin,shape,00000227AE008400,14,1,1,0,-
362,33998.010,0.0000,impact,ragdoll,Vicar Amelia,0001A67D,NPC L Forearm [LLar],14,154.144,154.144,91.878,150.292,2.126,2.0000,11.658,-365.905,796.760,-235.336,0.4287,-0.0107,0.9034,-25.481,22.692,-146.367,-,Skin,shape,00000227AE00B400,1,1,1,0,-
363,33998.010,0.0000,impact,ragdoll,Vicar Amelia,0001A67D,NPC L Thigh [LThg],1,154.144,154.144,91.878,45.344,3.161,6.0000,20.487,-365.905,796.760,-235.336,0.4287,-0.0107,0.9034,13.331,-40.436,15.595,-,Skin,shape,00000227AE008400,14,1,1,0,-
364,34038.105,0.0000,impact,ragdoll,Vicar Amelia,0001A67D,NPC COM [COM ],0,9.881,9.881,31.142,10.781,2.416,50.0000,17.687,-367.391,797.512,-255.718,0.0000,0.0000,1.0000,0.004,-8.398,-6.760,Static,Wood,shape,00000226D832D300,-,0,1,0,-
365,34057.692,0.0000,impact,ragdoll,Vicar Amelia,0001A67D,NPC R UpperArm [RUar],12,86.062,86.062,93.725,126.218,2.901,2.0000,14.463,-389.276,831.867,-241.601,-0.0000,-0.5003,0.8659,-53.900,0.535,-114.129,Static,WoodStairs,shape,00000227A9BEF400,-,1,0,0,-
366,34057.693,0.0000,impact,ragdoll,Vicar Amelia,0001A67D,NPC R UpperArm [RUar],12,86.062,86.062,93.725,126.218,2.901,2.0000,14.463,-389.276,831.867,-241.601,-0.0000,-0.5003,0.8659,-53.900,0.535,-114.129,Static,WoodStairs,shape,00000227A9BEF400,-,0,1,0,-
367,34095.487,0.0000,impact,ragdoll,Vicar Amelia,0001A67D,NPC L Thigh [LThg],1,7.588,7.588,17.388,16.301,3.675,6.0000,20.487,-369.361,797.452,-255.665,0.0000,0.0000,1.0000,15.466,-1.885,-4.791,Static,Wood,shape,00000226D832D300,-,0,1,0,-
368,34096.240,0.0000,impact,ragdoll,Vicar Amelia,0001A67D,NPC L Hand [LHnd],16,44.306,44.306,69.667,70.458,7.984,4.0000,8.334,-371.639,805.974,-232.095,0.6472,-0.7605,0.0533,-58.221,29.303,26.757,-,Skin,shape,00000227AE009C00,6,1,1,0,-
369,34096.240,0.0000,impact,ragdoll,Vicar Amelia,0001A67D,NPC Spine1 [Spn1],6,44.306,44.306,69.667,48.612,2.089,4.0000,18.878,-371.639,805.974,-232.095,0.6472,-0.7605,0.0533,-44.060,-19.847,-5.288,-,Skin,shape,00000227AE008100,16,1,1,0,-
370,34150.107,0.0000,impact,ragdoll,Vicar Amelia,0001A67D,NPC R Calf [RClf],4,12.319,12.319,15.361,34.720,2.067,6.0000,19.675,-338.275,793.785,-255.697,0.0000,0.0000,1.0000,-23.410,-25.100,5.236,Static,Wood,shape,00000226D832D300,-,0,1,0,-
371,34150.112,0.0000,impact,ragdoll,Vicar Amelia,0001A67D,NPC R Foot [Rft ],8,18.675,18.675,130.215,88.074,8.645,3.0000,10.011,-308.876,789.574,-255.820,0.0000,0.0000,1.0000,-76.199,-43.902,4.824,Static,Wood,shape,00000226D832D300,-,0,1,0,-
372,34150.810,0.0000,impact,ragdoll,Vicar Amelia,0001A67D,NPC L Foot [Lft ],7,73.518,73.518,89.050,114.029,5.442,3.0000,10.011,-349.669,738.871,-263.559,0.0000,-0.0000,1.0000,-66.847,-64.370,-66.261,Static,WoodStairs,shape,00000226D832D300,-,1,1,0,-
373,34204.860,0.0000,impact,ragdoll,Vicar Amelia,0001A67D,NPC L Calf [LClf],5,6.347,6.347,6.058,13.250,0.683,6.0000,19.675,-352.758,749.589,-263.569,0.0000,0.0000,1.0000,-7.729,-9.864,-4.305,Static,WoodStairs,shape,00000226D832D300,-,0,0,0,-
374,34204.861,0.0000,impact,ragdoll,Vicar Amelia,0001A67D,NPC L Calf [LClf],5,7.467,7.467,6.218,13.250,0.683,6.0000,19.675,-352.807,747.296,-263.559,0.0000,-0.0000,1.0000,-7.729,-9.864,-4.305,Static,WoodStairs,shape,00000226D832D300,-,0,1,0,-
375,34261.527,0.0000,impact,ragdoll,Vicar Amelia,0001A67D,NPC L Thigh [LThg],1,8.233,8.233,6.036,18.399,1.366,6.0000,20.487,-372.492,797.867,-255.660,0.0000,0.0000,1.0000,-16.185,-7.608,-4.322,Static,Wood,shape,00000226D832D300,-,0,1,0,-
376,34301.979,0.0000,impact,ragdoll,Vicar Amelia,0001A67D,NPC L Forearm [LLar],14,7.501,7.501,24.176,61.275,2.191,2.0000,11.658,-373.677,795.999,-237.796,-0.0142,0.1591,0.9872,-51.279,-26.162,-20.991,-,Skin,shape,00000227AE00B400,1,1,1,0,-
377,34301.980,0.0000,impact,ragdoll,Vicar Amelia,0001A67D,NPC L Thigh [LThg],1,7.501,7.501,24.176,13.690,1.494,6.0000,20.487,-373.677,795.999,-237.796,-0.0142,0.1591,0.9872,-12.490,-3.502,-4.374,-,Skin,shape,00000227AE008400,14,1,1,0,-
378,34342.177,0.0000,impact,ragdoll,Vicar Amelia,0001A67D,NPC COM [COM ],0,8.321,8.321,0.036,18.281,1.805,50.0000,17.687,-373.433,798.176,-255.666,0.0000,0.0000,1.0000,-17.747,-3.027,-3.171,Static,Wood,shape,00000226D832D300,-,0,1,0,-
379,34363.022,0.0000,impact,ragdoll,Vicar Amelia,0001A67D,NPC R Forearm [RLar],15,7.582,7.582,40.730,34.617,2.254,6.0000,11.658,-386.260,809.477,-244.812,-0.9017,0.3341,-0.2742,-16.766,-4.566,-29.939,-,Skin,shape,00000227AE009F00,3,1,1,0,-
380,34363.023,0.0000,impact,ragdoll,Vicar Amelia,0001A67D,NPC Spine [Spn0],3,7.582,7.582,40.730,29.215,1.856,4.0000,17.297,-386.260,809.477,-244.812,-0.9017,0.3341,-0.2742,-25.974,-2.809,-13.076,-,Skin,shape,00000227AE008D00,15,1,1,0,-
381,34402.084,0.0000,impact,ragdoll,Vicar Amelia,0001A67D,NPC R UpperArm [RUar],12,40.017,40.017,31.446,54.650,4.007,2.0000,14.463,-401.175,816.039,-255.650,0.0000,-0.0000,1.0000,-22.256,24.024,-43.750,Static,Wood,shape,00000226D832D300,-,1,1,0,-
382,34422.464,0.0000,impact,ragdoll,Vicar Amelia,0001A67D,NPC Spine2 [Spn2],9,25.891,25.891,62.727,56.997,2.320,7.0000,23.052,-413.460,812.278,-247.437,0.6643,0.2506,0.7042,-42.798,-6.391,-37.096,-,Skin,shape,00000227AE008A00,17,1,1,0,-
383,34422.465,0.0000,impact,ragdoll,Vicar Amelia,0001A67D,NPC R Hand [RHnd],17,25.891,25.891,62.727,51.246,6.485,4.0000,8.334,-413.460,812.278,-247.437,0.6643,0.2506,0.7042,-19.867,-47.239,-0.099,-,Skin,shape,00000227AE009900,9,1,1,0,-
384,34441.590,0.0000,impact,ragdoll,Vicar Amelia,0001A67D,NPC Head [Head],13,67.992,67.992,88.105,98.246,4.201,4.0000,15.108,-418.134,812.548,-246.610,-0.2703,0.3980,0.8766,-29.577,-16.694,-92.189,-,Skin,shape,00000227AE008A00,17,1,1,0,-
385,34441.590,0.0000,impact,ragdoll,Vicar Amelia,0001A67D,NPC R Hand [RHnd],17,67.992,67.992,88.105,46.708,7.127,4.0000,8.334,-418.134,812.548,-246.610,-0.2703,0.3980,0.8766,-20.087,-42.167,-0.265,-,Skin,shape,00000227AE009300,13,1,1,0,-
386,34500.332,0.0000,impact,ragdoll,Vicar Amelia,0001A67D,NPC R Forearm [RLar],15,11.451,11.451,15.931,11.850,0.970,6.0000,11.658,-389.329,809.165,-246.846,-0.8443,0.4031,-0.3532,-10.890,-1.016,4.561,-,Skin,shape,00000227AE009F00,3,1,1,0,-
387,34500.333,0.0000,impact,ragdoll,Vicar Amelia,0001A67D,NPC Spine [Spn0],3,11.451,11.451,15.931,17.875,1.473,4.0000,17.297,-389.329,809.165,-246.846,-0.8443,0.4031,-0.3532,-17.749,-0.111,2.114,-,Skin,shape,00000227AE008D00,15,1,1,0,-
388,34847.486,0.0000,impact,ragdoll,Vicar Amelia,0001A67D,NPC Head [Head],13,8.867,8.867,17.840,16.132,0.472,4.0000,15.108,-419.504,812.287,-246.325,-0.1885,0.3019,0.9345,-6.651,5.682,-13.554,-,Skin,shape,00000227AE008A00,17,1,1,0,-
389,34847.487,0.0000,impact,ragdoll,Vicar Amelia,0001A67D,NPC R Hand [RHnd],17,8.867,8.867,17.840,2.439,0.707,4.0000,8.334,-419.504,812.287,-246.325,-0.1885,0.3019,0.9345,1.134,-2.159,0.015,-,Skin,shape,00000227AE009300,13,1,1,0,-
390,34848.258,0.0000,impact,ragdoll,Vicar Amelia,0001A67D,NPC Spine2 [Spn2],9,14.873,14.873,52.287,10.143,0.492,7.0000,23.052,-394.116,796.653,-241.853,-0.4074,0.7060,0.5793,-7.206,0.315,-7.132,-,Skin,shape,00000227AE008100,16,1,1,0,-
391,34848.259,0.0000,impact,ragdoll,Vicar Amelia,0001A67D,NPC L Hand [LHnd],16,14.873,14.873,52.287,70.922,7.378,4.0000,8.334,-394.116,796.653,-241.853,-0.4074,0.7060,0.5793,-56.333,18.605,-38.863,-,Skin,shape,00000227AE009900,9,1,1,0,-
392,35269.141,0.0000,impact,ragdoll,Vicar Amelia,0001A67D,NPC L Hand [LHnd],16,26.576,26.576,21.921,29.169,2.125,4.0000,8.334,-383.426,793.471,-246.770,-0.9972,-0.0744,0.0016,25.654,13.710,-2.181,-,Skin,shape,00000227AE00B400,1,1,1,0,-
393,35269.142,0.0000,impact,ragdoll,Vicar Amelia,0001A67D,NPC L Thigh [LThg],1,26.576,26.576,21.921,0.065,0.005,6.0000,20.487,-383.426,793.471,-246.770,-0.9972,-0.0744,0.0016,0.025,0.051,0.031,-,Skin,shape,00000227AE008100,16,1,1,0,-
394,35269.976,0.0000,impact,ragdoll,Vicar Amelia,0001A67D,NPC L Hand [LHnd],16,27.938,27.938,15.154,28.509,2.195,4.0000,8.334,-384.112,797.097,-246.466,-0.9261,-0.3763,-0.0266,24.929,13.567,-2.695,-,-,-,00000227AE00AE00,0,1,1,0,-
395,35269.977,0.0000,impact,ragdoll,Vicar Amelia,0001A67D,NPC COM [COM ],0,27.938,27.938,15.154,0.183,0.019,50.0000,17.687,-384.112,797.097,-246.466,-0.9261,-0.3763,-0.0266,0.121,0.124,0.058,-,Skin,shape,00000227AE008100,16,1,1,0,-
396,35407.221,0.0000,impact,ragdoll,Vicar Amelia,0001A67D,NPC L Forearm [LLar],14,9.634,9.634,6.080,6.808,0.526,2.0000,11.658,-383.641,797.183,-243.351,-0.8756,-0.3674,0.3136,5.918,2.241,-2.512,-,-,-,00000227AE00AE00,0,1,1,0,-
397,35407.222,0.0000,impact,ragdoll,Vicar Amelia,0001A67D,NPC COM [COM ],0,9.634,9.634,6.080,0.074,0.008,50.0000,17.687,-383.641,797.183,-243.351,-0.8756,-0.3674,0.3136,-0.064,0.036,-0.011,-,Skin,shape,00000227AE008400,14,1,1,0,-
398,42992.107,0.0000,state,unknown,Vicar Amelia,0001A67D,-,-,0.000,0.000,0.000,0.000,0.000,0.0000,0.000,0.000,0.000,0.000,0.0000,0.0000,0.0000,0.000,0.000,0.000,-,-,-,0000000000000000,-,0,0,0,knock_get_up
399,55928.449,0.0000,state,unknown,Vicar Amelia,0001A67D,-,-,0.000,0.000,0.000,0.000,0.000,0.0000,0.000,0.000,0.000,0.000,0.0000,0.0000,0.0000,0.000,0.000,0.000,-,-,-,0000000000000000,-,0,0,0,ragdoll_start
400,55954.620,0.0000,impact,ragdoll,Vicar Amelia,0001A67D,NPC R Thigh [RThg],2,5.823,5.823,12.659,59.200,1.249,6.0000,20.487,-385.059,1027.227,-126.336,0.9289,-0.3647,-0.0641,-16.286,-2.966,-56.839,-,Skin,shape,00000227AE00B400,1,1,1,0,-
401,55954.621,0.0000,impact,ragdoll,Vicar Amelia,0001A67D,NPC L Thigh [LThg],1,5.823,5.823,12.659,61.081,0.614,6.0000,20.487,-385.059,1027.227,-126.336,0.9289,-0.3647,-0.0641,-10.800,-22.611,-55.705,-,Skin,shape,00000227AE00A800,2,1,1,0,-
402,55954.624,0.0000,impact,ragdoll,Vicar Amelia,0001A67D,NPC L Foot [Lft ],7,100.670,100.670,36.836,96.575,7.995,3.0000,10.011,-397.084,1055.612,-178.590,-0.0000,-1.0000,0.0000,-2.631,96.305,-6.722,Static,WoodStairs,shape,00000227A9C27D00,-,1,0,0,-
403,55954.625,0.0000,impact,ragdoll,Vicar Amelia,0001A67D,NPC L Foot [Lft ],7,103.540,103.540,36.771,96.575,7.995,3.0000,10.011,-397.094,1055.608,-178.956,-0.0000,-1.0000,0.0000,-2.631,96.305,-6.722,Static,WoodStairs,shape,00000227A9C27D00,-,0,1,0,-
404,55954.627,0.0000,impact,ragdoll,Vicar Amelia,0001A67D,NPC L Forearm [LLar],14,25.138,25.138,4.969,71.001,0.544,2.0000,11.658,-394.301,1019.534,-114.550,-0.7154,-0.6912,0.1020,-4.060,-10.750,-70.065,-,Skin,shape,00000227AE009F00,3,1,1,0,-
405,55954.628,0.0000,impact,ragdoll,Vicar Amelia,0001A67D,NPC Spine [Spn0],3,25.138,25.138,4.969,77.806,1.391,4.0000,17.297,-394.301,1019.534,-114.550,-0.7154,-0.6912,0.1020,-16.588,-32.515,-68.713,-,Skin,shape,00000227AE008400,14,1,1,0,-
406,55954.628,0.0000,impact,ragdoll,Vicar Amelia,0001A67D,NPC L Forearm [LLar],14,16.560,16.560,2.037,71.001,0.544,2.0000,11.658,-394.679,1017.273,-105.125,-0.6981,-0.7158,-0.0147,-4.060,-10.750,-70.065,-,Skin,shape,00000227AE009C00,6,1,1,0,-
407,55954.628,0.0000,impact,ragdoll,Vicar Amelia,0001A67D,NPC Spine1 [Spn1],6,16.560,16.560,2.037,77.189,1.532,4.0000,18.878,-394.679,1017.273,-105.125,-0.6981,-0.7158,-0.0147,-19.299,-21.839,-71.476,-,Skin,shape,00000227AE008400,14,1,1,0,-
408,55954.629,0.0000,impact,ragdoll,Vicar Amelia,0001A67D,NPC L Forearm [LLar],14,7.910,7.910,7.063,71.001,0.544,2.0000,11.658,-394.604,1017.065,-99.076,-0.5542,-0.5390,-0.6343,-4.060,-10.750,-70.065,-,Skin,shape,00000227AE009900,9,1,1,0,-
409,55954.629,0.0000,impact,ragdoll,Vicar Amelia,0001A67D,NPC Spine2 [Spn2],9,7.910,7.910,7.063,75.810,1.377,7.0000,23.052,-394.604,1017.065,-99.076,-0.5542,-0.5390,-0.6343,-21.569,-7.200,-72.319,-,Skin,shape,00000227AE008400,14,1,1,0,-
410,55977.013,0.0000,impact,ragdoll,Vicar Amelia,0001A67D,NPC L Foot [Lft ],7,36.869,36.869,34.767,55.666,5.407,3.0000,10.011,-397.882,1052.821,-185.554,0.0000,-0.0000,1.0000,-11.424,-31.431,-44.501,Static,WoodStairs,shape,00000227A9C27D00,-,0,1,0,-
411,55977.018,0.0000,impact,ragdoll,Vicar Amelia,0001A67D,NPC L Hand [LHnd],16,25.835,25.835,32.180,74.383,1.998,4.0000,8.334,-395.131,1019.623,-125.115,-0.7874,-0.6157,-0.0294,3.865,-15.019,-72.748,-,-,-,00000227AE00AE00,0,1,1,0,-
412,55977.018,0.0000,impact,ragdoll,Vicar Amelia,0001A67D,NPC COM [COM ],0,25.835,25.835,32.180,85.864,1.326,50.0000,17.687,-395.131,1019.623,-125.115,-0.7874,-0.6157,-0.0294,-14.333,-32.853,-78.024,-,Skin,shape,00000227AE008100,16,1,1,0,-
413,55997.658,0.0000,impact,ragdoll,Vicar Amelia,0001A67D,NPC L Foot [Lft ],7,57.473,57.473,22.431,43.832,8.174,3.0000,10.011,-395.133,1046.287,-185.554,-0.0000,-0.0000,1.0000,-10.470,-26.419,-33.371,Static,WoodStairs,shape,00000227A9C27D00,-,0,1,0,-
414,56018.489,0.0000,impact,ragdoll,Vicar Amelia,0001A67D,NPC R Foot [Rft ],8,88.101,88.101,30.081,95.117,3.422,3.0000,10.011,-377.868,1016.941,-191.650,-0.0000,-0.0000,1.0000,0.526,-32.058,-89.550,Static,Wood,shape,00000227A9BEF400,-,1,1,0,-
415,56039.774,0.0000,impact,ragdoll,Vicar Amelia,0001A67D,NPC L Calf [LClf],5,57.735,57.735,37.000,62.090,2.648,6.0000,19.675,-394.141,1042.965,-185.554,0.0000,-0.0000,1.0000,-14.970,-8.940,-59.592,Static,WoodStairs,shape,00000227A9C27D00,-,1,1,0,-
416,56039.784,0.0000,impact,ragdoll,Vicar Amelia,0001A67D,NPC L Hand [LHnd],16,29.996,29.996,33.724,95.418,2.336,4.0000,8.334,-395.443,1018.326,-125.386,-0.7225,-0.5906,-0.3593,12.466,-19.857,-92.493,-,Skin,shape,00000227AE009F00,3,1,1,0,-
417,56039.785,0.0000,impact,ragdoll,Vicar Amelia,0001A67D,NPC Spine [Spn0],3,29.996,29.996,33.724,114.623,0.905,4.0000,17.297,-395.443,1018.326,-125.386,-0.7225,-0.5906,-0.3593,-15.894,-26.469,-110.387,-,Skin,shape,00000227AE008100,16,1,1,0,-
418,56040.416,0.0000,impact,ragdoll,Vicar Amelia,0001A67D,NPC R Foot [Rft ],8,54.997,54.997,29.025,30.965,8.239,3.0000,10.011,-378.504,1009.668,-191.650,0.0000,-0.0000,1.0000,5.770,-11.730,-28.070,Static,Wood,shape,00000227A9BEF400,-,0,1,0,-
419,56062.269,0.0000,impact,ragdoll,Vicar Amelia,0001A67D,NPC R Calf [RClf],4,36.828,36.828,79.662,75.708,0.984,6.0000,19.675,-378.123,1006.612,-191.650,0.0000,-0.0000,1.0000,11.869,-62.626,-40.851,Static,Wood,shape,00000227A9BEF400,-,1,1,0,-
420,56062.278,0.0000,impact,ragdoll,Vicar Amelia,0001A67D,NPC L Hand [LHnd],16,11.532,11.532,29.605,106.822,2.001,4.0000,8.334,-396.926,1020.282,-134.684,-0.5572,-0.8142,0.1634,12.138,-26.887,-102.668,-,Skin,shape,00000227AE00B400,1,1,1,0,-
421,56062.278,0.0000,impact,ragdoll,Vicar Amelia,0001A67D,NPC L Thigh [LThg],1,11.532,11.532,29.605,72.204,4.160,6.0000,20.487,-396.926,1020.282,-134.684,-0.5572,-0.8142,0.1634,-27.191,0.835,-66.884,-,Skin,shape,00000227AE008100,16,1,1,0,-
422,56082.728,0.0000,impact,ragdoll,Vicar Amelia,0001A67D,NPC L Calf [LClf],5,28.109,28.109,48.495,46.811,2.837,6.0000,19.675,-395.589,1055.611,-171.892,0.0000,-0.9910,0.1340,-28.128,29.895,-22.503,Static,WoodStairs,shape,00000227A9C27D00,-,0,1,0,-
423,56126.955,0.0000,impact,ragdoll,Vicar Amelia,0001A67D,NPC R Forearm [RLar],15,46.654,46.654,85.211,110.009,6.811,6.0000,11.658,-377.846,1029.205,-131.874,0.6644,0.4933,0.5615,-78.116,8.828,-76.954,-,-,-,00000227AE00AE00,0,1,1,0,-
424,56126.955,0.0000,impact,ragdoll,Vicar Amelia,0001A67D,NPC COM [COM ],0,46.654,46.654,85.211,83.011,1.224,50.0000,17.687,-377.846,1029.205,-131.874,0.6644,0.4933,0.5615,-17.488,25.990,-76.873,-,Skin,shape,00000227AE008D00,15,1,1,0,-
425,56148.147,0.0000,impact,ragdoll,Vicar Amelia,0001A67D,NPC L Calf [LClf],5,18.491,18.491,46.995,36.586,3.904,6.0000,19.675,-396.720,1055.615,-171.868,0.0000,-0.9794,0.2018,-7.879,16.716,-31.575,Static,WoodStairs,shape,00000227A9C27D00,-,0,1,0,-
426,56169.108,0.0000,impact,ragdoll,Vicar Amelia,0001A67D,NPC R Forearm [RLar],15,9.072,9.072,176.891,89.718,8.760,6.0000,11.658,-380.369,1027.188,-117.061,0.6296,0.5087,-0.5872,-62.562,42.221,-48.505,-,Skin,shape,00000227AE009900,9,1,1,0,-
427,56169.108,0.0000,impact,ragdoll,Vicar Amelia,0001A67D,NPC Spine2 [Spn2],9,9.072,9.072,176.891,73.848,2.721,7.0000,23.052,-380.369,1027.188,-117.061,0.6296,0.5087,-0.5872,-23.555,-22.936,-66.126,-,Skin,shape,00000227AE008D00,15,1,1,0,-
428,56211.986,0.0000,impact,ragdoll,Vicar Amelia,0001A67D,NPC R Forearm [RLar],15,19.529,19.529,39.528,96.484,3.133,6.0000,11.658,-381.679,1027.522,-120.130,0.6053,0.5736,-0.5520,-44.876,-12.493,-84.494,-,Skin,shape,00000227AE009900,9,1,1,0,-
429,56211.987,0.0000,impact,ragdoll,Vicar Amelia,0001A67D,NPC Spine2 [Spn2],9,19.529,19.529,39.528,100.038,3.533,7.0000,23.052,-381.679,1027.522,-120.130,0.6053,0.5736,-0.5520,-12.996,-15.084,-98.037,-,Skin,shape,00000227AE008D00,15,1,1,0,-
430,56211.989,0.0000,impact,ragdoll,Vicar Amelia,0001A67D,NPC R Hand [RHnd],17,34.946,34.946,43.926,109.459,1.807,4.0000,8.334,-381.805,1033.781,-143.326,0.4689,0.8826,0.0350,-66.942,-17.725,-84.770,-,-,-,00000227AE00AE00,0,1,1,0,-
431,56211.989,0.0000,impact,ragdoll,Vicar Amelia,0001A67D,NPC COM [COM ],0,34.946,34.946,43.926,103.543,4.174,50.0000,17.687,-381.805,1033.781,-143.326,0.4689,0.8826,0.0350,-37.975,11.316,-95.660,-,Skin,shape,00000227AE008A00,17,1,1,0,-
432,56294.957,0.0000,impact,ragdoll,Vicar Amelia,0001A67D,NPC L Calf [LClf],5,87.135,87.135,108.217,112.546,8.358,6.0000,19.675,-408.725,1055.704,-171.696,0.0001,-0.7244,0.6894,42.187,-7.587,-104.063,Static,WoodStairs,shape,00000227A9C27D00,-,0,0,0,-
433,56294.958,0.0000,impact,ragdoll,Vicar Amelia,0001A67D,NPC L Calf [LClf],5,87.135,87.135,108.217,112.546,8.358,6.0000,19.675,-408.725,1055.704,-171.696,0.0001,-0.7244,0.6894,42.187,-7.587,-104.063,Static,WoodStairs,shape,00000227A9C27D00,-,0,1,0,-
434,56315.008,0.0000,impact,ragdoll,Vicar Amelia,0001A67D,NPC L Calf [LClf],5,24.246,24.246,132.426,50.300,8.667,6.0000,19.675,-385.836,1042.285,-185.554,0.0000,0.0000,1.0000,22.741,-11.843,-43.275,Static,WoodStairs,shape,00000227A9C27D00,-,0,1,0,-
435,56315.775,0.0000,impact,ragdoll,Vicar Amelia,0001A67D,NPC R Calf [RClf],4,157.954,157.954,15.239,166.071,5.883,6.0000,19.675,-368.961,1023.798,-185.653,-0.0000,-0.6974,0.7167,-47.491,145.987,-63.340,Static,WoodStairs,shape,00000227A9C27D00,-,1,0,0,-
436,56315.776,0.0000,impact,ragdoll,Vicar Amelia,0001A67D,NPC R Calf [RClf],4,157.954,157.954,15.239,166.071,5.883,6.0000,19.675,-368.961,1023.798,-185.653,-0.0000,-0.6974,0.7167,-47.491,145.987,-63.340,Static,WoodStairs,shape,00000227A9C27D00,-,0,1,0,-
437,56315.779,0.0000,impact,ragdoll,Vicar Amelia,0001A67D,NPC L Foot [Lft ],7,43.865,43.865,135.977,103.565,8.944,3.0000,10.011,-383.747,1040.179,-185.606,0.0000,0.0000,1.0000,66.521,79.006,-7.668,Static,WoodStairs,shape,00000227A9C27D00,-,0,1,0,-
438,56315.781,0.0000,impact,ragdoll,Vicar Amelia,0001A67D,NPC L Forearm [LLar],14,54.350,54.350,44.313,164.536,1.322,2.0000,11.658,-397.997,1012.916,-152.171,-0.3160,-0.9451,-0.0831,-0.276,-26.288,-162.423,-,Skin,shape,00000227AE009F00,3,1,1,0,-
439,56315.781,0.0000,impact,ragdoll,Vicar Amelia,0001A67D,NPC Spine [Spn0],3,54.350,54.350,44.313,154.490,6.091,4.0000,17.297,-397.997,1012.916,-152.171,-0.3160,-0.9451,-0.0831,-30.064,-54.969,-141.215,-,Skin,shape,00000227AE008400,14,1,1,0,-
440,56335.967,0.0000,impact,ragdoll,Vicar Amelia,0001A67D,NPC L Hand [LHnd],16,10.357,10.357,34.509,156.909,6.610,4.0000,8.334,-397.623,1011.587,-153.353,-0.1947,-0.5828,-0.7889,-5.256,-29.865,-153.951,-,Skin,shape,00000227AE009C00,6,1,1,0,-
441,56335.967,0.0000,impact,ragdoll,Vicar Amelia,0001A67D,NPC Spine1 [Spn1],6,10.357,10.357,34.509,156.317,1.482,4.0000,18.878,-397.623,1011.587,-153.353,-0.1947,-0.5828,-0.7889,-43.856,-56.810,-138.868,-,Skin,shape,00000227AE008100,16,1,1,0,-
442,56335.968,0.0000,impact,ragdoll,Vicar Amelia,0001A67D,NPC R Hand [RHnd],17,189.313,189.313,50.492,153.138,1.785,4.0000,8.334,-385.660,1044.479,-170.473,0.2131,0.0135,0.9769,-50.515,8.240,-144.332,-,Skin,shape,00000227AE00B100,5,1,1,0,-
443,56335.968,0.0000,impact,ragdoll,Vicar Amelia,0001A67D,NPC L Calf [LClf],5,189.313,189.313,50.492,59.851,7.598,6.0000,19.675,-385.660,1044.479,-170.473,0.2131,0.0135,0.9769,36.957,-17.677,-43.633,-,Skin,shape,00000227AE008A00,17,1,1,0,-
444,56377.338,0.0000,impact,ragdoll,Vicar Amelia,0001A67D,NPC L Thigh [LThg],1,242.701,242.701,124.858,219.166,8.339,6.0000,20.487,-406.812,1044.230,-185.554,-0.0000,-0.0000,1.0000,2.429,-58.417,-211.223,Static,WoodStairs,shape,00000227A9C27D00,-,0,1,0,-
445,56377.342,0.0000,impact,ragdoll,Vicar Amelia,0001A67D,NPC R Calf [RClf],4,16.684,16.684,54.293,45.494,4.435,6.0000,19.675,-368.401,1019.648,-191.650,0.0000,0.0000,1.0000,8.337,-26.426,-36.082,Static,Wood,shape,00000227A9BEF400,-,1,1,0,-
446,56377.343,0.0000,impact,ragdoll,Vicar Amelia,0001A67D,NPC L Calf [LClf],5,255.598,255.598,147.893,127.049,11.345,6.0000,19.675,-408.039,1048.696,-185.554,-0.0000,-0.0000,1.0000,44.549,-28.763,-115.454,Static,WoodStairs,shape,00000227A9C27D00,-,0,1,0,-
447,56377.345,0.0000,impact,ragdoll,Vicar Amelia,0001A67D,NPC L Foot [Lft ],7,29.476,29.476,9.252,91.771,12.771,3.0000,10.011,-382.148,1055.795,-172.251,0.0000,-0.9947,0.1023,89.403,3.981,20.330,Static,WoodStairs,shape,00000227A9C27D00,-,0,1,0,-
448,56378.034,0.0000,impact,ragdoll,Vicar Amelia,0001A67D,NPC R Thigh [RThg],2,28.132,28.132,35.210,79.975,4.287,6.0000,20.487,-372.041,1023.869,-185.600,-0.0000,-0.4947,0.8691,-30.235,-27.049,-68.921,Static,WoodStairs,shape,00000227A9C27D00,-,1,0,0,-
449,56378.035,0.0000,impact,ragdoll,Vicar Amelia,0001A67D,NPC R Thigh [RThg],2,28.132,28.132,35.210,79.975,4.287,6.0000,20.487,-372.041,1023.869,-185.600,-0.0000,-0.4947,0.8691,-30.235,-27.049,-68.921,Static,WoodStairs,shape,00000227A9C27D00,-,0,1,0,-
450,56378.044,0.0000,impact,ragdoll,Vicar Amelia,0001A67D,NPC R Hand [RHnd],17,64.727,64.727,47.771,85.475,4.036,4.0000,8.334,-381.380,1045.177,-173.681,-0.2605,-0.0380,0.9647,-24.057,-16.187,-80.407,-,Skin,shape,00000227AE00AB00,7,1,1,0,-
451,56378.044,0.0000,impact,ragdoll,Vicar Amelia,0001A67D,NPC L Foot [Lft ],7,64.727,64.727,47.771,62.760,11.637,3.0000,10.011,-381.380,1045.177,-173.681,-0.2605,-0.0380,0.9647,62.473,-5.149,3.079,-,Skin,shape,00000227AE008A00,17,1,1,0,-
452,56398.545,0.0000,impact,ragdoll,Vicar Amelia,0001A67D,NPC L Thigh [LThg],1,62.444,62.444,27.123,101.027,4.732,6.0000,20.487,-406.759,1041.544,-185.564,0.0000,0.0000,1.0000,-30.593,-26.664,-92.518,Static,WoodStairs,shape,00000227A9C27D00,-,0,1,0,-
453,56399.294,0.0000,impact,ragdoll,Vicar Amelia,0001A67D,NPC L Thigh [LThg],1,77.767,77.767,58.182,39.908,5.399,6.0000,20.487,-403.346,1024.111,-185.561,-0.0000,-0.1045,0.9945,-21.645,-0.484,-33.525,Static,WoodStairs,shape,00000227A9C27D00,-,0,1,0,-
454,56441.608,0.0000,impact,ragdoll,Vicar Amelia,0001A67D,NPC L Calf [LClf],5,16.044,16.044,98.599,101.530,5.660,6.0000,19.675,-381.613,1039.971,-185.572,0.0000,0.0000,1.0000,58.581,-29.452,-77.519,Static,WoodStairs,shape,00000227A9C27D00,-,0,1,0,-
455,56462.604,0.0000,impact,ragdoll,Vicar Amelia,0001A67D,NPC R Thigh [RThg],2,21.690,21.690,16.161,78.574,3.786,6.0000,20.487,-372.872,1018.732,-191.650,0.0000,-0.0000,1.0000,-51.127,-39.750,-44.496,Static,Wood,shape,00000227A9BEF400,-,1,1,0,-
456,56462.607,0.0000,impact,ragdoll,Vicar Amelia,0001A67D,NPC L Calf [LClf],5,28.317,28.317,52.485,63.889,3.293,6.0000,19.675,-379.610,1039.813,-185.563,0.0000,0.0000,1.0000,52.550,-35.663,-6.959,Static,WoodStairs,shape,00000227A9C27D00,-,0,1,0,-
457,56505.254,0.0000,impact,ragdoll,Vicar Amelia,0001A67D,NPC R Hand [RHnd],17,101.723,101.723,78.827,142.467,2.257,4.0000,8.334,-399.507,1040.100,-171.877,0.6490,-0.0873,0.7557,-104.044,-94.261,24.220,-,Skin,shape,00000227AE00B400,1,1,1,0,-
458,56505.254,0.0000,impact,ragdoll,Vicar Amelia,0001A67D,NPC L Thigh [LThg],1,101.723,101.723,78.827,54.198,5.322,6.0000,20.487,-399.507,1040.100,-171.877,0.6490,-0.0873,0.7557,-15.403,-47.194,21.745,-,Skin,shape,00000227AE008A00,17,1,1,0,-
459,56526.451,0.0000,impact,ragdoll,Vicar Amelia,0001A67D,NPC R Calf [RClf],4,208.271,208.271,28.055,129.466,6.865,6.0000,19.675,-373.017,992.572,-191.650,0.0000,0.0000,1.0000,-30.175,-21.535,-124.045,Static,Wood,shape,00000227A9BEF400,-,0,1,0,-
460,56526.456,0.0000,impact,ragdoll,Vicar Amelia,0001A67D,NPC R Foot [Rft ],8,276.619,276.619,30.449,259.416,7.057,3.0000,10.011,-367.843,983.243,-191.650,0.0000,-0.0000,1.0000,-3.484,-7.907,-259.272,Static,Wood,shape,00000227A9BEF400,-,1,1,0,-
461,56548.225,0.0000,impact,ragdoll,Vicar Amelia,0001A67D,NPC R Foot [Rft ],8,45.875,45.875,16.981,28.810,4.820,3.0000,10.011,-372.380,989.810,-191.673,0.0000,0.0000,1.0000,-1.746,10.540,-26.756,Static,Wood,shape,00000227A9BEF400,-,0,1,0,-
462,56569.672,0.0000,impact,ragdoll,Vicar Amelia,0001A67D,NPC L Hand [LHnd],16,114.656,114.656,48.447,141.675,7.727,4.0000,8.334,-407.127,995.212,-191.650,-0.0000,-0.0000,1.0000,-59.525,-58.491,-114.487,Static,Wood,shape,00000227A9BEF400,-,1,1,0,-
463,56611.332,0.0000,impact,ragdoll,Vicar Amelia,0001A67D,NPC L Forearm [LLar],14,130.024,130.024,30.794,171.692,7.039,2.0000,11.658,-412.258,989.037,-191.650,-0.0000,-0.0000,1.0000,-42.607,-41.386,-161.090,Static,Wood,shape,00000227A9BEF400,-,1,1,0,-
464,56631.834,0.0000,impact,ragdoll,Vicar Amelia,0001A67D,NPC COM [COM ],0,32.552,32.552,8.444,61.763,4.687,50.0000,17.687,-409.134,1010.100,-191.650,-0.0000,0.0000,1.0000,-20.380,-50.495,-29.146,Static,Wood,shape,00000227A9BEF400,-,1,1,0,-
465,56632.510,0.0000,impact,ragdoll,Vicar Amelia,0001A67D,NPC R Foot [Rft ],8,34.067,34.067,45.901,69.172,9.555,3.0000,10.011,-378.228,989.008,-191.650,0.0000,-0.0000,1.0000,-53.252,40.930,-16.543,Static,Wood,shape,00000227A9BEF400,-,0,1,0,-
466,56671.430,0.0000,impact,ragdoll,Vicar Amelia,0001A67D,NPC L Forearm [LLar],14,95.938,95.938,14.729,57.610,7.623,2.0000,11.658,-417.254,975.512,-191.650,0.0000,-0.0000,1.0000,8.944,-30.297,-48.177,Static,Wood,shape,00000227A9BEF400,-,0,1,0,-
467,56671.958,0.0000,impact,ragdoll,Vicar Amelia,0001A67D,NPC L Thigh [LThg],1,23.904,23.904,32.325,47.711,2.116,6.0000,20.487,-412.215,1012.275,-191.650,-0.0000,0.0000,1.0000,-6.750,-45.940,-10.967,Static,Wood,shape,00000227A9BEF400,-,1,1,0,-
468,56671.963,0.0000,impact,ragdoll,Vicar Amelia,0001A67D,NPC L UpperArm [LUar],10,45.339,45.339,79.212,100.936,10.764,2.0000,14.463,-420.067,972.263,-191.650,-0.0000,0.0000,1.0000,-26.845,-40.508,-88.467,Static,Wood,shape,00000227A9BEF400,-,1,1,0,-
469,56710.209,0.0000,impact,ragdoll,Vicar Amelia,0001A67D,NPC Spine [Spn0],3,33.179,33.179,51.827,85.404,2.077,4.0000,17.297,-415.432,999.731,-191.650,0.0000,-0.0000,1.0000,-54.752,-57.438,-31.572,Static,Wood,shape,00000227A9BEF400,-,1,1,0,-
470,56710.220,0.0000,impact,ragdoll,Vicar Amelia,0001A67D,NPC R Forearm [RLar],15,21.224,21.224,44.794,178.436,2.896,6.0000,11.658,-410.893,990.694,-165.444,0.3793,0.1952,0.9044,-71.937,-158.578,-38.957,-,Skin,shape,00000227AE009C00,6,1,1,0,-
471,56710.220,0.0000,impact,ragdoll,Vicar Amelia,0001A67D,NPC Spine1 [Spn1],6,21.224,21.224,44.794,99.799,2.976,4.0000,18.878,-410.893,990.694,-165.444,0.3793,0.1952,0.9044,-64.264,-55.427,-52.514,-,Skin,shape,00000227AE008D00,15,1,1,0,-
472,56710.222,0.0000,impact,ragdoll,Vicar Amelia,0001A67D,NPC L Hand [LHnd],16,101.207,101.207,89.733,101.919,2.056,4.0000,8.334,-402.676,1000.418,-179.076,-0.1859,-0.7533,-0.6309,97.234,-4.282,30.243,-,Skin,shape,00000227AE00A800,2,1,1,0,-
473,56710.222,0.0000,impact,ragdoll,Vicar Amelia,0001A67D,NPC R Thigh [RThg],2,101.207,101.207,89.733,70.435,1.961,6.0000,20.487,-402.676,1000.418,-179.076,-0.1859,-0.7533,-0.6309,-40.000,-57.976,-0.077,-,Skin,shape,00000227AE008100,16,1,1,0,-
474,56710.864,0.0000,impact,ragdoll,Vicar Amelia,0001A67D,NPC R Hand [RHnd],17,23.398,23.398,65.301,165.919,2.701,4.0000,8.334,-403.255,1007.153,-168.269,-0.2074,0.2854,0.9357,-67.658,-150.749,-15.049,-,Skin,shape,00000227AE00A800,2,1,1,0,-
475,56710.865,0.0000,impact,ragdoll,Vicar Amelia,0001A67D,NPC R Thigh [RThg],2,23.398,23.398,65.301,68.820,2.049,6.0000,20.487,-403.255,1007.153,-168.269,-0.2074,0.2854,0.9357,-43.765,-52.579,7.500,-,Skin,shape,00000227AE008A00,17,1,1,0,-
476,56730.485,0.0000,impact,ragdoll,Vicar Amelia,0001A67D,NPC R Hand [RHnd],17,28.384,28.384,101.320,169.892,3.061,4.0000,8.334,-407.635,1005.281,-169.286,0.0589,0.1787,0.9821,-64.315,-156.028,-19.552,-,-,-,00000227AE00AE00,0,1,1,0,-
477,56730.486,0.0000,impact,ragdoll,Vicar Amelia,0001A67D,NPC COM [COM ],0,28.384,28.384,101.320,64.325,1.507,50.0000,17.687,-407.635,1005.281,-169.286,0.0589,0.1787,0.9821,-34.366,-53.336,-10.580,-,Skin,shape,00000227AE008A00,17,1,1,0,-
478,56750.199,0.0000,impact,ragdoll,Vicar Amelia,0001A67D,NPC Spine2 [Spn2],9,27.297,27.297,36.245,93.270,4.264,7.0000,23.052,-426.922,974.427,-191.650,-0.0000,-0.0000,1.0000,-70.964,-55.689,-23.711,Static,Wood,shape,00000227A9BEF400,-,1,1,0,-
479,56750.727,0.0000,impact,ragdoll,Vicar Amelia,0001A67D,NPC R Forearm [RLar],15,11.008,11.008,145.232,163.780,5.180,6.0000,11.658,-411.040,995.199,-168.097,0.2378,-0.0934,0.9668,-84.481,-139.114,-18.277,-,Skin,shape,00000227AE009F00,3,1,1,0,-
480,56750.727,0.0000,impact,ragdoll,Vicar Amelia,0001A67D,NPC Spine [Spn0],3,11.008,11.008,145.232,39.176,2.979,4.0000,17.297,-411.040,995.199,-168.097,0.2378,-0.0934,0.9668,-34.130,-18.281,-5.979,-,Skin,shape,00000227AE008D00,15,1,1,0,-
481,56750.728,0.0000,impact,ragdoll,Vicar Amelia,0001A67D,NPC R Forearm [RLar],15,82.759,82.759,39.421,163.780,5.180,6.0000,11.658,-416.580,979.901,-164.459,0.5572,0.5255,0.6429,-84.481,-139.114,-18.277,-,Skin,shape,00000227AE009900,9,1,1,0,-
482,56750.728,0.0000,impact,ragdoll,Vicar Amelia,0001A67D,NPC Spine2 [Spn2],9,82.759,82.759,39.421,67.857,4.364,7.0000,23.052,-416.580,979.901,-164.459,0.5572,0.5255,0.6429,-53.004,-42.363,0.722,-,Skin,shape,00000227AE008D00,15,1,1,0,-
483,56770.469,0.0000,impact,ragdoll,Vicar Amelia,0001A67D,NPC R Hand [RHnd],17,52.556,52.556,115.262,119.165,4.817,4.0000,8.334,-411.445,999.027,-168.657,0.2323,0.3612,0.9031,-54.776,-103.734,-20.954,-,Skin,shape,00000227AE009F00,3,1,1,0,-
484,56770.469,0.0000,impact,ragdoll,Vicar Amelia,0001A67D,NPC Spine [Spn0],3,52.556,52.556,115.262,45.614,3.630,4.0000,17.297,-411.445,999.027,-168.657,0.2323,0.3612,0.9031,-36.623,-27.017,-3.085,-,Skin,shape,00000227AE008A00,17,1,1,0,-
485,56771.168,0.0000,impact,ragdoll,Vicar Amelia,0001A67D,NPC L UpperArm [LUar],10,24.367,24.367,35.406,28.559,4.050,2.0000,14.463,-431.544,965.729,-191.650,-0.0000,0.0000,1.0000,-25.918,2.129,-11.805,Static,Wood,shape,00000227A9BEF400,-,0,1,0,-
486,56810.882,0.0000,impact,ragdoll,Vicar Amelia,0001A67D,NPC R Forearm [RLar],15,14.399,14.399,78.505,61.079,5.477,6.0000,11.658,-413.073,994.288,-167.402,0.2272,-0.0824,0.9704,-46.463,-39.490,3.502,-,Skin,shape,00000227AE009F00,3,1,1,0,-
487,56810.883,0.0000,impact,ragdoll,Vicar Amelia,0001A67D,NPC Spine [Spn0],3,14.399,14.399,78.505,42.403,3.353,4.0000,17.297,-413.073,994.288,-167.402,0.2272,-0.0824,0.9704,-33.632,-17.431,19.056,-,Skin,shape,00000227AE008D00,15,1,1,0,-
488,56936.693,0.0000,impact,ragdoll,Vicar Amelia,0001A67D,NPC R Forearm [RLar],15,45.279,45.279,50.407,44.943,2.251,6.0000,11.658,-413.929,995.729,-169.037,-0.1388,-0.3075,0.9414,-28.848,8.768,-33.328,-,-,-,00000227AE00AE00,0,1,1,0,-
489,56936.694,0.0000,impact,ragdoll,Vicar Amelia,0001A67D,NPC COM [COM ],0,45.279,45.279,50.407,14.463,1.419,50.0000,17.687,-413.929,995.729,-169.037,-0.1388,-0.3075,0.9414,-2.255,-14.275,-0.567,-,Skin,shape,00000227AE008D00,15,1,1,0,-
490,56957.874,0.0000,impact,ragdoll,Vicar Amelia,0001A67D,NPC R Hand [RHnd],17,36.061,36.061,57.285,70.272,8.907,4.0000,8.334,-420.015,990.444,-167.455,0.3952,0.7469,0.5348,-39.908,10.479,-56.884,-,Skin,shape,00000227AE009C00,6,1,1,0,-
491,56957.875,0.0000,impact,ragdoll,Vicar Amelia,0001A67D,NPC Spine1 [Spn1],6,36.061,36.061,57.285,7.760,1.230,4.0000,18.878,-420.015,990.444,-167.455,0.3952,0.7469,0.5348,-7.358,-0.093,-2.466,-,Skin,shape,00000227AE008A00,17,1,1,0,-
492,56978.709,0.0000,impact,ragdoll,Vicar Amelia,0001A67D,NPC R Forearm [RLar],15,36.918,36.918,59.998,43.926,2.213,6.0000,11.658,-411.243,996.426,-169.140,-0.5036,-0.2930,0.8127,-17.496,19.306,-35.364,-,Skin,shape,00000227AE00A800,2,1,1,0,-
493,56978.710,0.0000,impact,ragdoll,Vicar Amelia,0001A67D,NPC R Thigh [RThg],2,36.918,36.918,59.998,7.460,0.579,6.0000,20.487,-411.243,996.426,-169.140,-0.5036,-0.2930,0.8127,1.267,-2.589,6.881,-,Skin,shape,00000227AE008D00,15,1,1,0,-
494,57107.957,0.0000,impact,ragdoll,Vicar Amelia,0001A67D,NPC L Hand [LHnd],16,40.772,40.772,90.557,99.162,10.233,4.0000,8.334,-408.825,990.314,-179.211,0.3928,-0.9044,-0.1668,-10.805,55.121,-81.719,-,-,-,00000227AE00AE00,0,1,1,0,-
495,57107.958,0.0000,impact,ragdoll,Vicar Amelia,0001A67D,NPC COM [COM ],0,40.772,40.772,90.557,4.070,0.355,50.0000,17.687,-408.825,990.314,-179.211,0.3928,-0.9044,-0.1668,3.777,1.438,-0.476,-,Skin,shape,00000227AE008100,16,1,1,0,-
496,57107.959,0.0000,impact,ragdoll,Vicar Amelia,0001A67D,NPC L Hand [LHnd],16,24.400,24.400,46.509,99.162,10.233,4.0000,8.334,-412.474,987.959,-177.962,0.6891,-0.6737,-0.2671,-10.805,55.121,-81.719,-,Skin,shape,00000227AE009F00,3,1,1,0,-
497,57107.959,0.0000,impact,ragdoll,Vicar Amelia,0001A67D,NPC Spine [Spn0],3,24.400,24.400,46.509,3.764,0.632,4.0000,17.297,-412.474,987.959,-177.962,0.6891,-0.6737,-0.2671,2.577,1.000,-2.555,-,Skin,shape,00000227AE008100,16,1,1,0,-
498,57144.309,0.0000,impact,ragdoll,Vicar Amelia,0001A67D,NPC L Hand [LHnd],16,52.447,52.447,69.997,61.625,15.020,4.0000,8.334,-404.411,981.311,-191.650,0.0000,-0.0000,1.0000,-14.770,28.624,-52.537,Static,Wood,shape,00000227A9BEF400,-,1,1,0,-
499,57163.397,0.0000,impact,ragdoll,Vicar Amelia,0001A67D,NPC L Hand [LHnd],16,42.804,42.804,80.525,45.703,11.714,4.0000,8.334,-412.482,988.907,-179.612,0.6726,-0.5996,-0.4336,-19.311,40.099,10.390,-,Skin,shape,00000227AE009F00,3,1,1,0,-
500,57163.397,0.0000,impact,ragdoll,Vicar Amelia,0001A67D,NPC Spine [Spn0],3,42.804,42.804,80.525,8.019,0.033,4.0000,17.297,-412.482,988.907,-179.612,0.6726,-0.5996,-0.4336,6.590,3.189,3.271,-,Skin,shape,00000227AE008100,16,1,1,0,-
501,57262.491,0.0000,impact,ragdoll,Vicar Amelia,0001A67D,NPC L Hand [LHnd],16,28.681,28.681,39.035,9.917,1.949,4.0000,8.334,-393.861,980.144,-185.641,-0.9759,0.2089,0.0638,3.920,-3.370,-8.464,-,Skin,shape,00000227AE00A500,4,1,1,0,-
502,57262.492,0.0000,impact,ragdoll,Vicar Amelia,0001A67D,NPC R Calf [RClf],4,28.681,28.681,39.035,13.857,1.034,6.0000,19.675,-393.861,980.144,-185.641,-0.9759,0.2089,0.0638,-10.857,7.824,-3.594,-,Skin,shape,00000227AE008100,16,1,1,0,-
0,62719.662,0.0000,state,unknown,Vicar Amelia,0001A67D,-,-,0.000,0.000,0.000,0.000,0.000,0.0000,0.000,0.000,0.000,0.000,0.0000,0.0000,0.0000,0.000,0.000,0.000,-,-,-,0000000000000000,-,0,0,0,session_stop
